2026-01-30 13:57:57,350 [INFO] ==================================================
2026-01-30 13:57:57,355 [INFO] 🚀 INITIALIZING STRATEGY ALERTS (5min)
2026-01-30 13:57:57,356 [INFO] ==================================================
2026-01-30 13:57:57,359 [INFO] 📅 FRVP Configuration:
2026-01-30 13:57:57,360 [INFO]    • Range: 09:15 - 10:25
2026-01-30 13:57:57,361 [INFO]    • Rows: 24 | VA%: 70
2026-01-30 13:57:57,363 [INFO] 
🌊 CVD Configuration:
2026-01-30 13:57:57,364 [INFO]    • Anchor: D
2026-01-30 13:57:57,365 [INFO]    • Ref Candles: First 16 candles of the day
2026-01-30 13:57:57,366 [INFO] --------------------------------------------------
2026-01-30 13:57:57,367 [INFO] ⏳ calculating reference levels for all symbols...
2026-01-30 13:57:57,969 [INFO] ✅ NSE:TCS-EQ           | CVD Ref (1st 16 c):  -3791 | FRVP VAL:  3107.50
2026-01-30 13:57:58,228 [INFO] ✅ NSE:DALBHARAT-EQ     | CVD Ref (1st 16 c):      0 | FRVP VAL:  2035.00
2026-01-30 13:57:58,382 [INFO] ✅ NSE:HCLTECH-EQ       | CVD Ref (1st 16 c): -84045 | FRVP VAL:  1688.05
2026-01-30 13:57:58,536 [INFO] ✅ NSE:POLICYBZR-EQ     | CVD Ref (1st 16 c): -136954 | FRVP VAL:  1593.90
2026-01-30 13:57:58,691 [INFO] ✅ NSE:INFY-EQ          | CVD Ref (1st 16 c): -64332 | FRVP VAL:  1621.00
2026-01-30 13:57:58,840 [INFO] ✅ NSE:LAURUSLABS-EQ    | CVD Ref (1st 16 c):   -905 | FRVP VAL:   970.80
2026-01-30 13:57:58,966 [INFO] ✅ NSE:LICI-EQ          | CVD Ref (1st 16 c): -12754 | FRVP VAL:   814.20
2026-01-30 13:57:59,159 [INFO] ✅ NSE:IIFL-EQ          | CVD Ref (1st 16 c): -49105 | FRVP VAL:   533.70
2026-01-30 13:57:59,322 [INFO] ✅ NSE:KOTAKBANK-EQ     | CVD Ref (1st 16 c): -94870 | FRVP VAL:   407.40
2026-01-30 13:57:59,504 [INFO] ✅ NSE:IOC-EQ           | CVD Ref (1st 16 c): -131543 | FRVP VAL:   162.30
2026-01-30 13:57:59,505 [INFO] ==================================================

2026-01-30 13:57:59,505 [INFO] 🚀 Strategy Alert Monitoring Started...
2026-01-30 13:57:59,506 [INFO] 🔍 Scanning for alerts on 10 symbols (5min)...
2026-01-30 13:57:59,733 [INFO]     NSE:TCS-EQ | CVD=68001 vs Ref=-3791 | Close=3130.10 vs VAL=3107.50
2026-01-30 13:58:00,017 [INFO]     NSE:DALBHARAT-EQ | CVD=19268 vs Ref=0 | Close=2067.60 vs VAL=2035.00
2026-01-30 13:58:00,242 [INFO]     NSE:HCLTECH-EQ | CVD=79245 vs Ref=-84045 | Close=1704.20 vs VAL=1688.05
2026-01-30 13:58:00,480 [INFO]     NSE:POLICYBZR-EQ | CVD=262036 vs Ref=-136954 | Close=1644.50 vs VAL=1593.90
2026-01-30 13:58:00,713 [INFO]     NSE:INFY-EQ | CVD=65879 vs Ref=-64332 | Close=1632.70 vs VAL=1621.00
2026-01-30 13:58:00,935 [INFO] 🚀 [STRATEGY ALERT] NSE:LAURUSLABS-EQ (5min) triggered at 13:50!
2026-01-30 13:58:00,936 [INFO]     ✅ Price: 969.90 < FRVP VAL: 970.80
2026-01-30 13:58:00,937 [INFO]     ✅ CVD:   -64410 < CVD Ref:  -905
2026-01-30 13:58:00,937 [INFO]     ℹ️  FRVP Info: POC=973.20, VAL=970.80
2026-01-30 13:58:00,938 [INFO]     NSE:LAURUSLABS-EQ | CVD=-64410 vs Ref=-905 | Close=969.90 vs VAL=970.80
2026-01-30 13:58:01,173 [INFO]     NSE:LICI-EQ | CVD=30527 vs Ref=-12754 | Close=820.35 vs VAL=814.20
2026-01-30 13:58:01,426 [INFO]     NSE:IIFL-EQ | CVD=75967 vs Ref=-49105 | Close=533.55 vs VAL=533.70
2026-01-30 13:58:01,634 [INFO]     NSE:KOTAKBANK-EQ | CVD=1929219 vs Ref=-94870 | Close=409.00 vs VAL=407.40
2026-01-30 13:58:01,917 [INFO]     NSE:IOC-EQ | CVD=-192853 vs Ref=-131543 | Close=162.59 vs VAL=162.30
2026-01-30 13:59:01,919 [INFO] 🔍 Scanning for alerts on 9 symbols (5min)...
2026-01-30 13:59:02,309 [INFO]     NSE:TCS-EQ | CVD=68001 vs Ref=-3791 | Close=3130.10 vs VAL=3107.50
2026-01-30 13:59:02,546 [INFO]     NSE:DALBHARAT-EQ | CVD=19268 vs Ref=0 | Close=2067.60 vs VAL=2035.00
2026-01-30 13:59:02,815 [INFO]     NSE:HCLTECH-EQ | CVD=79245 vs Ref=-84045 | Close=1704.20 vs VAL=1688.05
2026-01-30 13:59:03,066 [INFO]     NSE:POLICYBZR-EQ | CVD=262036 vs Ref=-136954 | Close=1644.50 vs VAL=1593.90
2026-01-30 13:59:03,349 [INFO]     NSE:INFY-EQ | CVD=65879 vs Ref=-64332 | Close=1632.70 vs VAL=1621.00
2026-01-30 13:59:03,601 [INFO]     NSE:LICI-EQ | CVD=30527 vs Ref=-12754 | Close=820.35 vs VAL=814.20
2026-01-30 13:59:03,933 [INFO]     NSE:IIFL-EQ | CVD=75967 vs Ref=-49105 | Close=533.55 vs VAL=533.70
2026-01-30 13:59:04,259 [INFO]     NSE:KOTAKBANK-EQ | CVD=1929219 vs Ref=-94870 | Close=409.00 vs VAL=407.40
2026-01-30 13:59:04,521 [INFO]     NSE:IOC-EQ | CVD=-192853 vs Ref=-131543 | Close=162.59 vs VAL=162.30
2026-01-30 14:00:04,524 [INFO] 🔍 Scanning for alerts on 9 symbols (5min)...
2026-01-30 14:00:04,808 [INFO]     NSE:TCS-EQ | CVD=68001 vs Ref=-3791 | Close=3130.10 vs VAL=3107.50
2026-01-30 14:00:05,114 [INFO]     NSE:DALBHARAT-EQ | CVD=19268 vs Ref=0 | Close=2067.60 vs VAL=2035.00
2026-01-30 14:00:05,380 [INFO]     NSE:HCLTECH-EQ | CVD=79245 vs Ref=-84045 | Close=1704.20 vs VAL=1688.05
2026-01-30 14:00:05,641 [INFO]     NSE:POLICYBZR-EQ | CVD=262036 vs Ref=-136954 | Close=1644.50 vs VAL=1593.90
2026-01-30 14:00:06,040 [INFO]     NSE:INFY-EQ | CVD=65879 vs Ref=-64332 | Close=1632.70 vs VAL=1621.00
2026-01-30 14:00:06,967 [INFO]     NSE:LICI-EQ | CVD=30527 vs Ref=-12754 | Close=820.35 vs VAL=814.20
2026-01-30 14:00:07,665 [INFO]     NSE:IIFL-EQ | CVD=75967 vs Ref=-49105 | Close=533.55 vs VAL=533.70
2026-01-30 14:00:08,559 [INFO]     NSE:KOTAKBANK-EQ | CVD=1929219 vs Ref=-94870 | Close=409.00 vs VAL=407.40
2026-01-30 14:00:09,264 [INFO]     NSE:IOC-EQ | CVD=-192853 vs Ref=-131543 | Close=162.59 vs VAL=162.30
2026-01-30 14:01:09,266 [INFO] 🔍 Scanning for alerts on 9 symbols (5min)...
2026-01-30 14:01:09,471 [INFO]     NSE:TCS-EQ | CVD=67252 vs Ref=-3791 | Close=3131.30 vs VAL=3107.50
2026-01-30 14:01:09,725 [INFO]     NSE:DALBHARAT-EQ | CVD=17488 vs Ref=0 | Close=2072.50 vs VAL=2035.00
2026-01-30 14:01:09,965 [INFO]     NSE:HCLTECH-EQ | CVD=79367 vs Ref=-84045 | Close=1702.70 vs VAL=1688.05
2026-01-30 14:01:10,199 [INFO]     NSE:POLICYBZR-EQ | CVD=271739 vs Ref=-136954 | Close=1650.30 vs VAL=1593.90
2026-01-30 14:01:10,418 [INFO]     NSE:INFY-EQ | CVD=98738 vs Ref=-64332 | Close=1632.90 vs VAL=1621.00
2026-01-30 14:01:10,722 [INFO]     NSE:LICI-EQ | CVD=28832 vs Ref=-12754 | Close=819.70 vs VAL=814.20
2026-01-30 14:01:11,075 [INFO]     NSE:IIFL-EQ | CVD=79205 vs Ref=-49105 | Close=533.35 vs VAL=533.70
2026-01-30 14:01:11,337 [INFO]     NSE:KOTAKBANK-EQ | CVD=1881716 vs Ref=-94870 | Close=408.90 vs VAL=407.40
2026-01-30 14:01:11,548 [INFO]     NSE:IOC-EQ | CVD=-163652 vs Ref=-131543 | Close=162.61 vs VAL=162.30
2026-01-30 14:02:11,550 [INFO] 🔍 Scanning for alerts on 9 symbols (5min)...
2026-01-30 14:02:11,787 [INFO]     NSE:TCS-EQ | CVD=67252 vs Ref=-3791 | Close=3131.30 vs VAL=3107.50
2026-01-30 14:02:12,005 [INFO]     NSE:DALBHARAT-EQ | CVD=17488 vs Ref=0 | Close=2072.50 vs VAL=2035.00
2026-01-30 14:02:12,230 [INFO]     NSE:HCLTECH-EQ | CVD=79367 vs Ref=-84045 | Close=1702.70 vs VAL=1688.05
2026-01-30 14:02:12,436 [INFO]     NSE:POLICYBZR-EQ | CVD=271739 vs Ref=-136954 | Close=1650.30 vs VAL=1593.90
2026-01-30 14:02:12,655 [INFO]     NSE:INFY-EQ | CVD=98738 vs Ref=-64332 | Close=1632.90 vs VAL=1621.00
2026-01-30 14:02:12,855 [INFO]     NSE:LICI-EQ | CVD=28832 vs Ref=-12754 | Close=819.70 vs VAL=814.20
2026-01-30 14:02:13,061 [INFO]     NSE:IIFL-EQ | CVD=79205 vs Ref=-49105 | Close=533.35 vs VAL=533.70
2026-01-30 14:02:13,274 [INFO]     NSE:KOTAKBANK-EQ | CVD=1881716 vs Ref=-94870 | Close=408.90 vs VAL=407.40
2026-01-30 14:02:13,502 [INFO]     NSE:IOC-EQ | CVD=-163652 vs Ref=-131543 | Close=162.61 vs VAL=162.30
2026-01-30 14:03:13,503 [INFO] 🔍 Scanning for alerts on 9 symbols (5min)...
2026-01-30 14:03:13,722 [INFO]     NSE:TCS-EQ | CVD=67252 vs Ref=-3791 | Close=3131.30 vs VAL=3107.50
2026-01-30 14:03:13,935 [INFO]     NSE:DALBHARAT-EQ | CVD=17488 vs Ref=0 | Close=2072.50 vs VAL=2035.00
2026-01-30 14:03:14,163 [INFO]     NSE:HCLTECH-EQ | CVD=79367 vs Ref=-84045 | Close=1702.70 vs VAL=1688.05
2026-01-30 14:03:14,524 [INFO]     NSE:POLICYBZR-EQ | CVD=271739 vs Ref=-136954 | Close=1650.30 vs VAL=1593.90
2026-01-30 14:03:14,995 [INFO]     NSE:INFY-EQ | CVD=98738 vs Ref=-64332 | Close=1632.90 vs VAL=1621.00
2026-01-30 14:03:15,330 [INFO]     NSE:LICI-EQ | CVD=28832 vs Ref=-12754 | Close=819.70 vs VAL=814.20
2026-01-30 14:03:15,632 [INFO]     NSE:IIFL-EQ | CVD=79205 vs Ref=-49105 | Close=533.35 vs VAL=533.70
2026-01-30 14:03:15,915 [INFO]     NSE:KOTAKBANK-EQ | CVD=1881716 vs Ref=-94870 | Close=408.90 vs VAL=407.40
2026-01-30 14:03:16,223 [INFO]     NSE:IOC-EQ | CVD=-163652 vs Ref=-131543 | Close=162.61 vs VAL=162.30
2026-01-30 14:04:16,226 [INFO] 🔍 Scanning for alerts on 9 symbols (5min)...
2026-01-30 14:04:16,432 [INFO]     NSE:TCS-EQ | CVD=67252 vs Ref=-3791 | Close=3131.30 vs VAL=3107.50
2026-01-30 14:04:16,650 [INFO]     NSE:DALBHARAT-EQ | CVD=17488 vs Ref=0 | Close=2072.50 vs VAL=2035.00
2026-01-30 14:04:16,898 [INFO]     NSE:HCLTECH-EQ | CVD=79367 vs Ref=-84045 | Close=1702.70 vs VAL=1688.05
2026-01-30 14:04:17,150 [INFO]     NSE:POLICYBZR-EQ | CVD=271739 vs Ref=-136954 | Close=1650.30 vs VAL=1593.90
2026-01-30 14:04:17,554 [INFO]     NSE:INFY-EQ | CVD=98738 vs Ref=-64332 | Close=1632.90 vs VAL=1621.00
2026-01-30 14:04:17,766 [INFO]     NSE:LICI-EQ | CVD=28832 vs Ref=-12754 | Close=819.70 vs VAL=814.20
2026-01-30 14:04:17,964 [INFO]     NSE:IIFL-EQ | CVD=79205 vs Ref=-49105 | Close=533.35 vs VAL=533.70
2026-01-30 14:04:18,209 [INFO]     NSE:KOTAKBANK-EQ | CVD=1881716 vs Ref=-94870 | Close=408.90 vs VAL=407.40
2026-01-30 14:04:18,425 [INFO]     NSE:IOC-EQ | CVD=-163652 vs Ref=-131543 | Close=162.61 vs VAL=162.30
2026-01-30 14:05:18,426 [INFO] 🔍 Scanning for alerts on 9 symbols (5min)...
2026-01-30 14:05:18,649 [INFO]     NSE:TCS-EQ | CVD=67252 vs Ref=-3791 | Close=3131.30 vs VAL=3107.50
2026-01-30 14:05:18,991 [INFO]     NSE:DALBHARAT-EQ | CVD=17488 vs Ref=0 | Close=2072.50 vs VAL=2035.00
2026-01-30 14:05:19,186 [INFO]     NSE:HCLTECH-EQ | CVD=79367 vs Ref=-84045 | Close=1702.70 vs VAL=1688.05
2026-01-30 14:05:19,426 [INFO]     NSE:POLICYBZR-EQ | CVD=271739 vs Ref=-136954 | Close=1650.30 vs VAL=1593.90
2026-01-30 14:05:19,624 [INFO]     NSE:INFY-EQ | CVD=98738 vs Ref=-64332 | Close=1632.90 vs VAL=1621.00
2026-01-30 14:05:19,937 [INFO]     NSE:LICI-EQ | CVD=28832 vs Ref=-12754 | Close=819.70 vs VAL=814.20
2026-01-30 14:05:20,477 [INFO]     NSE:IIFL-EQ | CVD=79205 vs Ref=-49105 | Close=533.35 vs VAL=533.70
2026-01-30 14:05:20,925 [INFO]     NSE:KOTAKBANK-EQ | CVD=1881716 vs Ref=-94870 | Close=408.90 vs VAL=407.40
2026-01-30 14:05:21,381 [INFO]     NSE:IOC-EQ | CVD=-163652 vs Ref=-131543 | Close=162.61 vs VAL=162.30
2026-01-30 14:06:21,383 [INFO] 🔍 Scanning for alerts on 9 symbols (5min)...
2026-01-30 14:06:21,623 [INFO]     NSE:TCS-EQ | CVD=65010 vs Ref=-3791 | Close=3132.30 vs VAL=3107.50
2026-01-30 14:06:21,873 [INFO]     NSE:DALBHARAT-EQ | CVD=17150 vs Ref=0 | Close=2067.90 vs VAL=2035.00
2026-01-30 14:06:22,107 [INFO]     NSE:HCLTECH-EQ | CVD=77537 vs Ref=-84045 | Close=1702.70 vs VAL=1688.05
2026-01-30 14:06:22,304 [INFO]     NSE:POLICYBZR-EQ | CVD=273026 vs Ref=-136954 | Close=1653.50 vs VAL=1593.90
2026-01-30 14:06:22,511 [INFO]     NSE:INFY-EQ | CVD=73421 vs Ref=-64332 | Close=1632.90 vs VAL=1621.00
2026-01-30 14:06:22,707 [INFO]     NSE:LICI-EQ | CVD=32511 vs Ref=-12754 | Close=818.95 vs VAL=814.20
2026-01-30 14:06:22,967 [INFO]     NSE:IIFL-EQ | CVD=75351 vs Ref=-49105 | Close=533.25 vs VAL=533.70
2026-01-30 14:06:23,287 [INFO]     NSE:KOTAKBANK-EQ | CVD=1838303 vs Ref=-94870 | Close=409.10 vs VAL=407.40
2026-01-30 14:06:23,507 [INFO]     NSE:IOC-EQ | CVD=-160848 vs Ref=-131543 | Close=162.73 vs VAL=162.30
2026-01-30 14:07:23,509 [INFO] 🔍 Scanning for alerts on 9 symbols (5min)...
2026-01-30 14:07:23,699 [INFO]     NSE:TCS-EQ | CVD=65010 vs Ref=-3791 | Close=3132.30 vs VAL=3107.50
2026-01-30 14:07:23,895 [INFO]     NSE:DALBHARAT-EQ | CVD=17150 vs Ref=0 | Close=2067.90 vs VAL=2035.00
2026-01-30 14:07:24,136 [INFO]     NSE:HCLTECH-EQ | CVD=77537 vs Ref=-84045 | Close=1702.70 vs VAL=1688.05
2026-01-30 14:07:24,390 [INFO]     NSE:POLICYBZR-EQ | CVD=273026 vs Ref=-136954 | Close=1653.50 vs VAL=1593.90
2026-01-30 14:07:24,614 [INFO]     NSE:INFY-EQ | CVD=73421 vs Ref=-64332 | Close=1632.90 vs VAL=1621.00
2026-01-30 14:07:24,897 [INFO]     NSE:LICI-EQ | CVD=32511 vs Ref=-12754 | Close=818.95 vs VAL=814.20
2026-01-30 14:07:25,201 [INFO]     NSE:IIFL-EQ | CVD=75351 vs Ref=-49105 | Close=533.25 vs VAL=533.70
2026-01-30 14:07:25,453 [INFO]     NSE:KOTAKBANK-EQ | CVD=1838303 vs Ref=-94870 | Close=409.10 vs VAL=407.40
2026-01-30 14:07:25,650 [INFO]     NSE:IOC-EQ | CVD=-160848 vs Ref=-131543 | Close=162.73 vs VAL=162.30
2026-01-30 14:08:25,650 [INFO] 🔍 Scanning for alerts on 9 symbols (5min)...
2026-01-30 14:08:25,861 [INFO]     NSE:TCS-EQ | CVD=65010 vs Ref=-3791 | Close=3132.30 vs VAL=3107.50
2026-01-30 14:08:26,125 [INFO]     NSE:DALBHARAT-EQ | CVD=17150 vs Ref=0 | Close=2067.90 vs VAL=2035.00
2026-01-30 14:08:26,327 [INFO]     NSE:HCLTECH-EQ | CVD=77537 vs Ref=-84045 | Close=1702.70 vs VAL=1688.05
2026-01-30 14:08:26,563 [INFO]     NSE:POLICYBZR-EQ | CVD=273026 vs Ref=-136954 | Close=1653.50 vs VAL=1593.90
2026-01-30 14:08:26,799 [INFO]     NSE:INFY-EQ | CVD=73421 vs Ref=-64332 | Close=1632.90 vs VAL=1621.00
2026-01-30 14:08:27,048 [INFO]     NSE:LICI-EQ | CVD=32511 vs Ref=-12754 | Close=818.95 vs VAL=814.20
2026-01-30 14:08:27,321 [INFO]     NSE:IIFL-EQ | CVD=75351 vs Ref=-49105 | Close=533.25 vs VAL=533.70
2026-01-30 14:08:27,604 [INFO]     NSE:KOTAKBANK-EQ | CVD=1838303 vs Ref=-94870 | Close=409.10 vs VAL=407.40
2026-01-30 14:08:27,864 [INFO]     NSE:IOC-EQ | CVD=-160848 vs Ref=-131543 | Close=162.73 vs VAL=162.30
2026-01-30 14:09:27,865 [INFO] 🔍 Scanning for alerts on 9 symbols (5min)...
2026-01-30 14:09:28,080 [INFO]     NSE:TCS-EQ | CVD=65010 vs Ref=-3791 | Close=3132.30 vs VAL=3107.50
2026-01-30 14:09:28,377 [INFO]     NSE:DALBHARAT-EQ | CVD=17150 vs Ref=0 | Close=2067.90 vs VAL=2035.00
2026-01-30 14:09:28,701 [INFO]     NSE:HCLTECH-EQ | CVD=77537 vs Ref=-84045 | Close=1702.70 vs VAL=1688.05
2026-01-30 14:09:29,035 [INFO]     NSE:POLICYBZR-EQ | CVD=273026 vs Ref=-136954 | Close=1653.50 vs VAL=1593.90
2026-01-30 14:09:29,330 [INFO]     NSE:INFY-EQ | CVD=73421 vs Ref=-64332 | Close=1632.90 vs VAL=1621.00
2026-01-30 14:09:29,708 [INFO]     NSE:LICI-EQ | CVD=32511 vs Ref=-12754 | Close=818.95 vs VAL=814.20
2026-01-30 14:09:30,115 [INFO]     NSE:IIFL-EQ | CVD=75351 vs Ref=-49105 | Close=533.25 vs VAL=533.70
2026-01-30 14:09:30,467 [INFO]     NSE:KOTAKBANK-EQ | CVD=1838303 vs Ref=-94870 | Close=409.10 vs VAL=407.40
2026-01-30 14:09:30,756 [INFO]     NSE:IOC-EQ | CVD=-160848 vs Ref=-131543 | Close=162.73 vs VAL=162.30
2026-01-30 14:10:30,757 [INFO] 🔍 Scanning for alerts on 9 symbols (5min)...
2026-01-30 14:10:30,982 [INFO]     NSE:TCS-EQ | CVD=65010 vs Ref=-3791 | Close=3132.30 vs VAL=3107.50
2026-01-30 14:10:31,178 [INFO]     NSE:DALBHARAT-EQ | CVD=17150 vs Ref=0 | Close=2067.90 vs VAL=2035.00
2026-01-30 14:10:31,432 [INFO]     NSE:HCLTECH-EQ | CVD=77537 vs Ref=-84045 | Close=1702.70 vs VAL=1688.05
2026-01-30 14:10:31,690 [INFO]     NSE:POLICYBZR-EQ | CVD=273026 vs Ref=-136954 | Close=1653.50 vs VAL=1593.90
2026-01-30 14:10:31,905 [INFO]     NSE:INFY-EQ | CVD=73421 vs Ref=-64332 | Close=1632.90 vs VAL=1621.00
2026-01-30 14:10:32,109 [INFO]     NSE:LICI-EQ | CVD=32511 vs Ref=-12754 | Close=818.95 vs VAL=814.20
2026-01-30 14:10:32,306 [INFO]     NSE:IIFL-EQ | CVD=75351 vs Ref=-49105 | Close=533.25 vs VAL=533.70
2026-01-30 14:10:32,504 [INFO]     NSE:KOTAKBANK-EQ | CVD=1838303 vs Ref=-94870 | Close=409.10 vs VAL=407.40
2026-01-30 14:10:32,698 [INFO]     NSE:IOC-EQ | CVD=-160848 vs Ref=-131543 | Close=162.73 vs VAL=162.30
2026-01-30 14:11:32,699 [INFO] 🔍 Scanning for alerts on 9 symbols (5min)...
2026-01-30 14:11:32,899 [INFO]     NSE:TCS-EQ | CVD=120739 vs Ref=-3791 | Close=3135.60 vs VAL=3107.50
2026-01-30 14:11:33,135 [INFO]     NSE:DALBHARAT-EQ | CVD=17184 vs Ref=0 | Close=2066.20 vs VAL=2035.00
2026-01-30 14:11:33,349 [INFO]     NSE:HCLTECH-EQ | CVD=82834 vs Ref=-84045 | Close=1704.00 vs VAL=1688.05
2026-01-30 14:11:33,601 [INFO]     NSE:POLICYBZR-EQ | CVD=270964 vs Ref=-136954 | Close=1653.20 vs VAL=1593.90
2026-01-30 14:11:33,910 [INFO]     NSE:INFY-EQ | CVD=131980 vs Ref=-64332 | Close=1635.00 vs VAL=1621.00
2026-01-30 14:11:34,132 [INFO]     NSE:LICI-EQ | CVD=36824 vs Ref=-12754 | Close=820.20 vs VAL=814.20
2026-01-30 14:11:34,317 [INFO]     NSE:IIFL-EQ | CVD=45806 vs Ref=-49105 | Close=530.60 vs VAL=533.70
2026-01-30 14:11:34,557 [INFO]     NSE:KOTAKBANK-EQ | CVD=1964857 vs Ref=-94870 | Close=409.50 vs VAL=407.40
2026-01-30 14:11:34,748 [INFO]     NSE:IOC-EQ | CVD=-178921 vs Ref=-131543 | Close=162.64 vs VAL=162.30
2026-01-30 14:12:34,749 [INFO] 🔍 Scanning for alerts on 9 symbols (5min)...
2026-01-30 14:12:34,937 [INFO]     NSE:TCS-EQ | CVD=120739 vs Ref=-3791 | Close=3135.60 vs VAL=3107.50
2026-01-30 14:12:35,150 [INFO]     NSE:DALBHARAT-EQ | CVD=17184 vs Ref=0 | Close=2066.20 vs VAL=2035.00
2026-01-30 14:12:35,342 [INFO]     NSE:HCLTECH-EQ | CVD=82834 vs Ref=-84045 | Close=1704.00 vs VAL=1688.05
2026-01-30 14:12:35,553 [INFO]     NSE:POLICYBZR-EQ | CVD=270964 vs Ref=-136954 | Close=1653.20 vs VAL=1593.90
2026-01-30 14:12:35,753 [INFO]     NSE:INFY-EQ | CVD=131980 vs Ref=-64332 | Close=1635.00 vs VAL=1621.00
2026-01-30 14:12:35,982 [INFO]     NSE:LICI-EQ | CVD=36824 vs Ref=-12754 | Close=820.20 vs VAL=814.20
2026-01-30 14:12:36,245 [INFO]     NSE:IIFL-EQ | CVD=45806 vs Ref=-49105 | Close=530.60 vs VAL=533.70
2026-01-30 14:12:36,485 [INFO]     NSE:KOTAKBANK-EQ | CVD=1964857 vs Ref=-94870 | Close=409.50 vs VAL=407.40
2026-01-30 14:12:36,672 [INFO]     NSE:IOC-EQ | CVD=-178921 vs Ref=-131543 | Close=162.64 vs VAL=162.30
2026-01-30 14:13:36,675 [INFO] 🔍 Scanning for alerts on 9 symbols (5min)...
2026-01-30 14:13:36,901 [INFO]     NSE:TCS-EQ | CVD=120739 vs Ref=-3791 | Close=3135.60 vs VAL=3107.50
2026-01-30 14:13:37,129 [INFO]     NSE:DALBHARAT-EQ | CVD=17184 vs Ref=0 | Close=2066.20 vs VAL=2035.00
2026-01-30 14:13:37,325 [INFO]     NSE:HCLTECH-EQ | CVD=82834 vs Ref=-84045 | Close=1704.00 vs VAL=1688.05
2026-01-30 14:13:37,545 [INFO]     NSE:POLICYBZR-EQ | CVD=270964 vs Ref=-136954 | Close=1653.20 vs VAL=1593.90
2026-01-30 14:13:37,767 [INFO]     NSE:INFY-EQ | CVD=131980 vs Ref=-64332 | Close=1635.00 vs VAL=1621.00
2026-01-30 14:13:37,996 [INFO]     NSE:LICI-EQ | CVD=36824 vs Ref=-12754 | Close=820.20 vs VAL=814.20
2026-01-30 14:13:38,229 [INFO]     NSE:IIFL-EQ | CVD=45806 vs Ref=-49105 | Close=530.60 vs VAL=533.70
2026-01-30 14:13:38,404 [INFO]     NSE:KOTAKBANK-EQ | CVD=1964857 vs Ref=-94870 | Close=409.50 vs VAL=407.40
2026-01-30 14:13:38,696 [INFO]     NSE:IOC-EQ | CVD=-178921 vs Ref=-131543 | Close=162.64 vs VAL=162.30
2026-01-30 14:14:38,698 [INFO] 🔍 Scanning for alerts on 9 symbols (5min)...
2026-01-30 14:14:38,885 [INFO]     NSE:TCS-EQ | CVD=120739 vs Ref=-3791 | Close=3135.60 vs VAL=3107.50
2026-01-30 14:14:39,107 [INFO]     NSE:DALBHARAT-EQ | CVD=17184 vs Ref=0 | Close=2066.20 vs VAL=2035.00
2026-01-30 14:14:39,315 [INFO]     NSE:HCLTECH-EQ | CVD=82834 vs Ref=-84045 | Close=1704.00 vs VAL=1688.05
2026-01-30 14:14:39,557 [INFO]     NSE:POLICYBZR-EQ | CVD=270964 vs Ref=-136954 | Close=1653.20 vs VAL=1593.90
2026-01-30 14:14:39,806 [INFO]     NSE:INFY-EQ | CVD=131980 vs Ref=-64332 | Close=1635.00 vs VAL=1621.00
2026-01-30 14:14:40,094 [INFO]     NSE:LICI-EQ | CVD=36824 vs Ref=-12754 | Close=820.20 vs VAL=814.20
2026-01-30 14:14:40,291 [INFO]     NSE:IIFL-EQ | CVD=45806 vs Ref=-49105 | Close=530.60 vs VAL=533.70
2026-01-30 14:14:40,562 [INFO]     NSE:KOTAKBANK-EQ | CVD=1964857 vs Ref=-94870 | Close=409.50 vs VAL=407.40
2026-01-30 14:14:40,788 [INFO]     NSE:IOC-EQ | CVD=-178921 vs Ref=-131543 | Close=162.64 vs VAL=162.30
2026-01-30 14:15:40,790 [INFO] 🔍 Scanning for alerts on 9 symbols (5min)...
2026-01-30 14:15:41,012 [INFO]     NSE:TCS-EQ | CVD=120739 vs Ref=-3791 | Close=3135.60 vs VAL=3107.50
2026-01-30 14:15:41,256 [INFO]     NSE:DALBHARAT-EQ | CVD=17184 vs Ref=0 | Close=2066.20 vs VAL=2035.00
2026-01-30 14:15:41,454 [INFO]     NSE:HCLTECH-EQ | CVD=82834 vs Ref=-84045 | Close=1704.00 vs VAL=1688.05
2026-01-30 14:15:41,726 [INFO]     NSE:POLICYBZR-EQ | CVD=270964 vs Ref=-136954 | Close=1653.20 vs VAL=1593.90
2026-01-30 14:15:41,956 [INFO]     NSE:INFY-EQ | CVD=131980 vs Ref=-64332 | Close=1635.00 vs VAL=1621.00
2026-01-30 14:15:42,188 [INFO]     NSE:LICI-EQ | CVD=36824 vs Ref=-12754 | Close=820.20 vs VAL=814.20
2026-01-30 14:15:42,399 [INFO]     NSE:IIFL-EQ | CVD=45806 vs Ref=-49105 | Close=530.60 vs VAL=533.70
2026-01-30 14:15:42,700 [INFO]     NSE:KOTAKBANK-EQ | CVD=1964857 vs Ref=-94870 | Close=409.50 vs VAL=407.40
2026-01-30 14:15:43,026 [INFO]     NSE:IOC-EQ | CVD=-178921 vs Ref=-131543 | Close=162.64 vs VAL=162.30
2026-01-30 14:16:43,028 [INFO] 🔍 Scanning for alerts on 9 symbols (5min)...
2026-01-30 14:16:43,234 [INFO]     NSE:TCS-EQ | CVD=100745 vs Ref=-3791 | Close=3132.10 vs VAL=3107.50
2026-01-30 14:16:43,448 [INFO]     NSE:DALBHARAT-EQ | CVD=16786 vs Ref=0 | Close=2063.30 vs VAL=2035.00
2026-01-30 14:16:43,639 [INFO]     NSE:HCLTECH-EQ | CVD=96117 vs Ref=-84045 | Close=1704.20 vs VAL=1688.05
2026-01-30 14:16:43,874 [INFO]     NSE:POLICYBZR-EQ | CVD=273114 vs Ref=-136954 | Close=1653.10 vs VAL=1593.90
2026-01-30 14:16:44,092 [INFO]     NSE:INFY-EQ | CVD=171097 vs Ref=-64332 | Close=1635.50 vs VAL=1621.00
2026-01-30 14:16:45,339 [INFO]     NSE:LICI-EQ | CVD=36264 vs Ref=-12754 | Close=820.35 vs VAL=814.20
2026-01-30 14:16:45,607 [INFO]     NSE:IIFL-EQ | CVD=30074 vs Ref=-49105 | Close=530.40 vs VAL=533.70
2026-01-30 14:16:45,856 [INFO]     NSE:KOTAKBANK-EQ | CVD=1895792 vs Ref=-94870 | Close=409.40 vs VAL=407.40
2026-01-30 14:16:46,053 [INFO]     NSE:IOC-EQ | CVD=-214437 vs Ref=-131543 | Close=162.57 vs VAL=162.30
2026-01-30 14:17:46,055 [INFO] 🔍 Scanning for alerts on 9 symbols (5min)...
2026-01-30 14:17:46,277 [INFO]     NSE:TCS-EQ | CVD=100745 vs Ref=-3791 | Close=3132.10 vs VAL=3107.50
2026-01-30 14:17:46,464 [INFO]     NSE:DALBHARAT-EQ | CVD=16786 vs Ref=0 | Close=2063.30 vs VAL=2035.00
2026-01-30 14:17:46,657 [INFO]     NSE:HCLTECH-EQ | CVD=96117 vs Ref=-84045 | Close=1704.20 vs VAL=1688.05
2026-01-30 14:17:46,854 [INFO]     NSE:POLICYBZR-EQ | CVD=273114 vs Ref=-136954 | Close=1653.10 vs VAL=1593.90
2026-01-30 14:17:48,673 [INFO]     NSE:INFY-EQ | CVD=171097 vs Ref=-64332 | Close=1635.50 vs VAL=1621.00
2026-01-30 14:17:48,936 [INFO]     NSE:LICI-EQ | CVD=36264 vs Ref=-12754 | Close=820.35 vs VAL=814.20
2026-01-30 14:17:49,200 [INFO]     NSE:IIFL-EQ | CVD=30074 vs Ref=-49105 | Close=530.40 vs VAL=533.70
2026-01-30 14:17:49,408 [INFO]     NSE:KOTAKBANK-EQ | CVD=1895792 vs Ref=-94870 | Close=409.40 vs VAL=407.40
2026-01-30 14:17:49,598 [INFO]     NSE:IOC-EQ | CVD=-214437 vs Ref=-131543 | Close=162.57 vs VAL=162.30
2026-01-30 14:18:49,600 [INFO] 🔍 Scanning for alerts on 9 symbols (5min)...
2026-01-30 14:18:49,791 [INFO]     NSE:TCS-EQ | CVD=100745 vs Ref=-3791 | Close=3132.10 vs VAL=3107.50
2026-01-30 14:18:50,006 [INFO]     NSE:DALBHARAT-EQ | CVD=16786 vs Ref=0 | Close=2063.30 vs VAL=2035.00
2026-01-30 14:18:51,866 [INFO]     NSE:HCLTECH-EQ | CVD=96117 vs Ref=-84045 | Close=1704.20 vs VAL=1688.05
2026-01-30 14:18:52,236 [INFO]     NSE:POLICYBZR-EQ | CVD=273114 vs Ref=-136954 | Close=1653.10 vs VAL=1593.90
2026-01-30 14:18:52,493 [INFO]     NSE:INFY-EQ | CVD=171097 vs Ref=-64332 | Close=1635.50 vs VAL=1621.00
2026-01-30 14:18:52,688 [INFO]     NSE:LICI-EQ | CVD=36264 vs Ref=-12754 | Close=820.35 vs VAL=814.20
2026-01-30 14:18:52,897 [INFO]     NSE:IIFL-EQ | CVD=30074 vs Ref=-49105 | Close=530.40 vs VAL=533.70
2026-01-30 14:18:53,153 [INFO]     NSE:KOTAKBANK-EQ | CVD=1895792 vs Ref=-94870 | Close=409.40 vs VAL=407.40
2026-01-30 14:18:53,394 [INFO]     NSE:IOC-EQ | CVD=-214437 vs Ref=-131543 | Close=162.57 vs VAL=162.30
2026-01-30 14:19:53,395 [INFO] 🔍 Scanning for alerts on 9 symbols (5min)...
2026-01-30 14:19:53,595 [INFO]     NSE:TCS-EQ | CVD=100745 vs Ref=-3791 | Close=3132.10 vs VAL=3107.50
2026-01-30 14:19:53,793 [INFO]     NSE:DALBHARAT-EQ | CVD=16786 vs Ref=0 | Close=2063.30 vs VAL=2035.00
2026-01-30 14:19:53,989 [INFO]     NSE:HCLTECH-EQ | CVD=96117 vs Ref=-84045 | Close=1704.20 vs VAL=1688.05
2026-01-30 14:19:54,176 [INFO]     NSE:POLICYBZR-EQ | CVD=273114 vs Ref=-136954 | Close=1653.10 vs VAL=1593.90
2026-01-30 14:19:54,387 [INFO]     NSE:INFY-EQ | CVD=171097 vs Ref=-64332 | Close=1635.50 vs VAL=1621.00
2026-01-30 14:19:56,384 [INFO]     NSE:LICI-EQ | CVD=36264 vs Ref=-12754 | Close=820.35 vs VAL=814.20
2026-01-30 14:19:56,583 [INFO]     NSE:IIFL-EQ | CVD=30074 vs Ref=-49105 | Close=530.40 vs VAL=533.70
2026-01-30 14:19:56,798 [INFO]     NSE:KOTAKBANK-EQ | CVD=1895792 vs Ref=-94870 | Close=409.40 vs VAL=407.40
2026-01-30 14:19:57,029 [INFO]     NSE:IOC-EQ | CVD=-214437 vs Ref=-131543 | Close=162.57 vs VAL=162.30
2026-01-30 14:20:57,031 [INFO] 🔍 Scanning for alerts on 9 symbols (5min)...
2026-01-30 14:20:57,251 [INFO]     NSE:TCS-EQ | CVD=100745 vs Ref=-3791 | Close=3132.10 vs VAL=3107.50
2026-01-30 14:20:57,432 [INFO]     NSE:DALBHARAT-EQ | CVD=16786 vs Ref=0 | Close=2063.30 vs VAL=2035.00
2026-01-30 14:20:57,616 [INFO]     NSE:HCLTECH-EQ | CVD=96117 vs Ref=-84045 | Close=1704.20 vs VAL=1688.05
2026-01-30 14:20:59,483 [INFO]     NSE:POLICYBZR-EQ | CVD=273114 vs Ref=-136954 | Close=1653.10 vs VAL=1593.90
2026-01-30 14:20:59,713 [INFO]     NSE:INFY-EQ | CVD=171097 vs Ref=-64332 | Close=1635.50 vs VAL=1621.00
2026-01-30 14:20:59,945 [INFO]     NSE:LICI-EQ | CVD=36264 vs Ref=-12754 | Close=820.35 vs VAL=814.20
2026-01-30 14:21:00,141 [INFO]     NSE:IIFL-EQ | CVD=30074 vs Ref=-49105 | Close=530.40 vs VAL=533.70
2026-01-30 14:21:00,343 [INFO]     NSE:KOTAKBANK-EQ | CVD=1895792 vs Ref=-94870 | Close=409.40 vs VAL=407.40
2026-01-30 14:21:00,563 [INFO]     NSE:IOC-EQ | CVD=-214437 vs Ref=-131543 | Close=162.57 vs VAL=162.30
2026-01-30 14:22:00,564 [INFO] 🔍 Scanning for alerts on 9 symbols (5min)...
2026-01-30 14:22:00,763 [INFO]     NSE:TCS-EQ | CVD=71855 vs Ref=-3791 | Close=3128.50 vs VAL=3107.50
2026-01-30 14:22:00,990 [INFO]     NSE:DALBHARAT-EQ | CVD=14507 vs Ref=0 | Close=2065.60 vs VAL=2035.00
2026-01-30 14:22:01,405 [INFO]     NSE:HCLTECH-EQ | CVD=66286 vs Ref=-84045 | Close=1696.50 vs VAL=1688.05
2026-01-30 14:22:01,668 [INFO]     NSE:POLICYBZR-EQ | CVD=275816 vs Ref=-136954 | Close=1652.70 vs VAL=1593.90
2026-01-30 14:22:01,900 [INFO]     NSE:INFY-EQ | CVD=123066 vs Ref=-64332 | Close=1633.90 vs VAL=1621.00
2026-01-30 14:22:02,123 [INFO]     NSE:LICI-EQ | CVD=40851 vs Ref=-12754 | Close=821.75 vs VAL=814.20
2026-01-30 14:22:02,374 [INFO]     NSE:IIFL-EQ | CVD=33632 vs Ref=-49105 | Close=531.45 vs VAL=533.70
2026-01-30 14:22:02,604 [INFO]     NSE:KOTAKBANK-EQ | CVD=1744356 vs Ref=-94870 | Close=409.00 vs VAL=407.40
2026-01-30 14:22:02,911 [INFO]     NSE:IOC-EQ | CVD=-161001 vs Ref=-131543 | Close=162.63 vs VAL=162.30
2026-01-30 14:23:02,913 [INFO] 🔍 Scanning for alerts on 9 symbols (5min)...
2026-01-30 14:23:03,224 [INFO]     NSE:TCS-EQ | CVD=71855 vs Ref=-3791 | Close=3128.50 vs VAL=3107.50
2026-01-30 14:23:03,470 [INFO]     NSE:DALBHARAT-EQ | CVD=14507 vs Ref=0 | Close=2065.60 vs VAL=2035.00
2026-01-30 14:23:03,673 [INFO]     NSE:HCLTECH-EQ | CVD=66286 vs Ref=-84045 | Close=1696.50 vs VAL=1688.05
2026-01-30 14:23:03,905 [INFO]     NSE:POLICYBZR-EQ | CVD=275816 vs Ref=-136954 | Close=1652.70 vs VAL=1593.90
2026-01-30 14:23:04,151 [INFO]     NSE:INFY-EQ | CVD=123066 vs Ref=-64332 | Close=1633.90 vs VAL=1621.00
2026-01-30 14:23:04,376 [INFO]     NSE:LICI-EQ | CVD=40851 vs Ref=-12754 | Close=821.75 vs VAL=814.20
2026-01-30 14:23:04,594 [INFO]     NSE:IIFL-EQ | CVD=33632 vs Ref=-49105 | Close=531.45 vs VAL=533.70
2026-01-30 14:23:04,805 [INFO]     NSE:KOTAKBANK-EQ | CVD=1744356 vs Ref=-94870 | Close=409.00 vs VAL=407.40
2026-01-30 14:23:05,002 [INFO]     NSE:IOC-EQ | CVD=-161001 vs Ref=-131543 | Close=162.63 vs VAL=162.30
2026-01-30 14:24:05,004 [INFO] 🔍 Scanning for alerts on 9 symbols (5min)...
2026-01-30 14:24:05,235 [INFO]     NSE:TCS-EQ | CVD=71855 vs Ref=-3791 | Close=3128.50 vs VAL=3107.50
2026-01-30 14:24:05,441 [INFO]     NSE:DALBHARAT-EQ | CVD=14507 vs Ref=0 | Close=2065.60 vs VAL=2035.00
2026-01-30 14:24:05,656 [INFO]     NSE:HCLTECH-EQ | CVD=66286 vs Ref=-84045 | Close=1696.50 vs VAL=1688.05
2026-01-30 14:24:05,879 [INFO]     NSE:POLICYBZR-EQ | CVD=275816 vs Ref=-136954 | Close=1652.70 vs VAL=1593.90
2026-01-30 14:24:06,256 [INFO]     NSE:INFY-EQ | CVD=123066 vs Ref=-64332 | Close=1633.90 vs VAL=1621.00
2026-01-30 14:24:06,468 [INFO]     NSE:LICI-EQ | CVD=40851 vs Ref=-12754 | Close=821.75 vs VAL=814.20
2026-01-30 14:24:06,669 [INFO]     NSE:IIFL-EQ | CVD=33632 vs Ref=-49105 | Close=531.45 vs VAL=533.70
2026-01-30 14:24:06,889 [INFO]     NSE:KOTAKBANK-EQ | CVD=1744356 vs Ref=-94870 | Close=409.00 vs VAL=407.40
2026-01-30 14:24:07,089 [INFO]     NSE:IOC-EQ | CVD=-161001 vs Ref=-131543 | Close=162.63 vs VAL=162.30
2026-01-30 14:25:07,091 [INFO] 🔍 Scanning for alerts on 9 symbols (5min)...
2026-01-30 14:25:07,295 [INFO]     NSE:TCS-EQ | CVD=71855 vs Ref=-3791 | Close=3128.50 vs VAL=3107.50
2026-01-30 14:25:07,479 [INFO]     NSE:DALBHARAT-EQ | CVD=14507 vs Ref=0 | Close=2065.60 vs VAL=2035.00
2026-01-30 14:25:07,672 [INFO]     NSE:HCLTECH-EQ | CVD=66286 vs Ref=-84045 | Close=1696.50 vs VAL=1688.05
2026-01-30 14:25:07,902 [INFO]     NSE:POLICYBZR-EQ | CVD=275816 vs Ref=-136954 | Close=1652.70 vs VAL=1593.90
2026-01-30 14:25:08,140 [INFO]     NSE:INFY-EQ | CVD=123066 vs Ref=-64332 | Close=1633.90 vs VAL=1621.00
2026-01-30 14:25:08,379 [INFO]     NSE:LICI-EQ | CVD=40851 vs Ref=-12754 | Close=821.75 vs VAL=814.20
2026-01-30 14:25:08,664 [INFO]     NSE:IIFL-EQ | CVD=33632 vs Ref=-49105 | Close=531.45 vs VAL=533.70
2026-01-30 14:25:08,904 [INFO]     NSE:KOTAKBANK-EQ | CVD=1744356 vs Ref=-94870 | Close=409.00 vs VAL=407.40
2026-01-30 14:25:09,135 [INFO]     NSE:IOC-EQ | CVD=-161001 vs Ref=-131543 | Close=162.63 vs VAL=162.30
2026-01-30 14:26:09,136 [INFO] 🔍 Scanning for alerts on 9 symbols (5min)...
2026-01-30 14:26:09,327 [INFO]     NSE:TCS-EQ | CVD=79481 vs Ref=-3791 | Close=3133.10 vs VAL=3107.50
2026-01-30 14:26:09,554 [INFO]     NSE:DALBHARAT-EQ | CVD=15030 vs Ref=0 | Close=2065.50 vs VAL=2035.00
2026-01-30 14:26:09,742 [INFO]     NSE:HCLTECH-EQ | CVD=140421 vs Ref=-84045 | Close=1699.70 vs VAL=1688.05
2026-01-30 14:26:09,936 [INFO]     NSE:POLICYBZR-EQ | CVD=272579 vs Ref=-136954 | Close=1652.40 vs VAL=1593.90
2026-01-30 14:26:10,124 [INFO]     NSE:INFY-EQ | CVD=151033 vs Ref=-64332 | Close=1635.70 vs VAL=1621.00
2026-01-30 14:26:10,318 [INFO]     NSE:LICI-EQ | CVD=43233 vs Ref=-12754 | Close=822.60 vs VAL=814.20
2026-01-30 14:26:10,524 [INFO]     NSE:IIFL-EQ | CVD=20449 vs Ref=-49105 | Close=530.90 vs VAL=533.70
2026-01-30 14:26:10,733 [INFO]     NSE:KOTAKBANK-EQ | CVD=1797051 vs Ref=-94870 | Close=409.40 vs VAL=407.40
2026-01-30 14:26:10,935 [INFO]     NSE:IOC-EQ | CVD=-172802 vs Ref=-131543 | Close=162.57 vs VAL=162.30
2026-01-30 14:27:10,937 [INFO] 🔍 Scanning for alerts on 9 symbols (5min)...
2026-01-30 14:27:11,152 [INFO]     NSE:TCS-EQ | CVD=79481 vs Ref=-3791 | Close=3133.10 vs VAL=3107.50
2026-01-30 14:27:11,353 [INFO]     NSE:DALBHARAT-EQ | CVD=15030 vs Ref=0 | Close=2065.50 vs VAL=2035.00
2026-01-30 14:27:11,662 [INFO]     NSE:HCLTECH-EQ | CVD=140421 vs Ref=-84045 | Close=1699.70 vs VAL=1688.05
2026-01-30 14:27:11,886 [INFO]     NSE:POLICYBZR-EQ | CVD=272579 vs Ref=-136954 | Close=1652.40 vs VAL=1593.90
2026-01-30 14:27:12,155 [INFO]     NSE:INFY-EQ | CVD=151033 vs Ref=-64332 | Close=1635.70 vs VAL=1621.00
2026-01-30 14:27:12,394 [INFO]     NSE:LICI-EQ | CVD=43233 vs Ref=-12754 | Close=822.60 vs VAL=814.20
2026-01-30 14:27:12,569 [INFO]     NSE:IIFL-EQ | CVD=20449 vs Ref=-49105 | Close=530.90 vs VAL=533.70
2026-01-30 14:27:12,792 [INFO]     NSE:KOTAKBANK-EQ | CVD=1797051 vs Ref=-94870 | Close=409.40 vs VAL=407.40
2026-01-30 14:27:12,988 [INFO]     NSE:IOC-EQ | CVD=-172802 vs Ref=-131543 | Close=162.57 vs VAL=162.30
2026-01-30 14:28:12,990 [INFO] 🔍 Scanning for alerts on 9 symbols (5min)...
2026-01-30 14:28:14,303 [INFO]     NSE:TCS-EQ | CVD=79481 vs Ref=-3791 | Close=3133.10 vs VAL=3107.50
2026-01-30 14:28:15,335 [INFO]     NSE:DALBHARAT-EQ | CVD=15030 vs Ref=0 | Close=2065.50 vs VAL=2035.00
2026-01-30 14:28:15,557 [INFO]     NSE:HCLTECH-EQ | CVD=140421 vs Ref=-84045 | Close=1699.70 vs VAL=1688.05
2026-01-30 14:28:15,813 [INFO]     NSE:POLICYBZR-EQ | CVD=272579 vs Ref=-136954 | Close=1652.40 vs VAL=1593.90
2026-01-30 14:28:16,046 [INFO]     NSE:INFY-EQ | CVD=151033 vs Ref=-64332 | Close=1635.70 vs VAL=1621.00
2026-01-30 14:28:16,239 [INFO]     NSE:LICI-EQ | CVD=43233 vs Ref=-12754 | Close=822.60 vs VAL=814.20
2026-01-30 14:28:16,453 [INFO]     NSE:IIFL-EQ | CVD=20449 vs Ref=-49105 | Close=530.90 vs VAL=533.70
2026-01-30 14:28:16,665 [INFO]     NSE:KOTAKBANK-EQ | CVD=1797051 vs Ref=-94870 | Close=409.40 vs VAL=407.40
2026-01-30 14:28:16,841 [INFO]     NSE:IOC-EQ | CVD=-172802 vs Ref=-131543 | Close=162.57 vs VAL=162.30
2026-01-30 14:29:16,844 [INFO] 🔍 Scanning for alerts on 9 symbols (5min)...
2026-01-30 14:29:17,038 [INFO]     NSE:TCS-EQ | CVD=79481 vs Ref=-3791 | Close=3133.10 vs VAL=3107.50
2026-01-30 14:29:17,260 [INFO]     NSE:DALBHARAT-EQ | CVD=15030 vs Ref=0 | Close=2065.50 vs VAL=2035.00
2026-01-30 14:29:17,458 [INFO]     NSE:HCLTECH-EQ | CVD=140421 vs Ref=-84045 | Close=1699.70 vs VAL=1688.05
2026-01-30 14:29:17,659 [INFO]     NSE:POLICYBZR-EQ | CVD=272579 vs Ref=-136954 | Close=1652.40 vs VAL=1593.90
2026-01-30 14:29:17,853 [INFO]     NSE:INFY-EQ | CVD=151033 vs Ref=-64332 | Close=1635.70 vs VAL=1621.00
2026-01-30 14:29:18,082 [INFO]     NSE:LICI-EQ | CVD=43233 vs Ref=-12754 | Close=822.60 vs VAL=814.20
2026-01-30 14:29:18,266 [INFO]     NSE:IIFL-EQ | CVD=20449 vs Ref=-49105 | Close=530.90 vs VAL=533.70
2026-01-30 14:29:18,490 [INFO]     NSE:KOTAKBANK-EQ | CVD=1797051 vs Ref=-94870 | Close=409.40 vs VAL=407.40
2026-01-30 14:29:18,691 [INFO]     NSE:IOC-EQ | CVD=-172802 vs Ref=-131543 | Close=162.57 vs VAL=162.30
2026-01-30 14:30:18,693 [INFO] 🔍 Scanning for alerts on 9 symbols (5min)...
2026-01-30 14:30:18,919 [INFO]     NSE:TCS-EQ | CVD=79481 vs Ref=-3791 | Close=3133.10 vs VAL=3107.50
2026-01-30 14:30:19,137 [INFO]     NSE:DALBHARAT-EQ | CVD=15030 vs Ref=0 | Close=2065.50 vs VAL=2035.00
2026-01-30 14:30:19,318 [INFO]     NSE:HCLTECH-EQ | CVD=140421 vs Ref=-84045 | Close=1699.70 vs VAL=1688.05
2026-01-30 14:30:19,504 [INFO]     NSE:POLICYBZR-EQ | CVD=272579 vs Ref=-136954 | Close=1652.40 vs VAL=1593.90
2026-01-30 14:30:19,727 [INFO]     NSE:INFY-EQ | CVD=151033 vs Ref=-64332 | Close=1635.70 vs VAL=1621.00
2026-01-30 14:30:20,042 [INFO]     NSE:LICI-EQ | CVD=43233 vs Ref=-12754 | Close=822.60 vs VAL=814.20
2026-01-30 14:30:20,505 [INFO]     NSE:IIFL-EQ | CVD=20449 vs Ref=-49105 | Close=530.90 vs VAL=533.70
2026-01-30 14:30:20,784 [INFO]     NSE:KOTAKBANK-EQ | CVD=1797051 vs Ref=-94870 | Close=409.40 vs VAL=407.40
2026-01-30 14:30:21,013 [INFO]     NSE:IOC-EQ | CVD=-172802 vs Ref=-131543 | Close=162.57 vs VAL=162.30
2026-01-30 14:31:21,015 [INFO] 🔍 Scanning for alerts on 9 symbols (5min)...
2026-01-30 14:31:21,238 [INFO]     NSE:TCS-EQ | CVD=77063 vs Ref=-3791 | Close=3132.40 vs VAL=3107.50
2026-01-30 14:31:21,513 [INFO]     NSE:DALBHARAT-EQ | CVD=16892 vs Ref=0 | Close=2066.50 vs VAL=2035.00
2026-01-30 14:31:21,715 [INFO]     NSE:HCLTECH-EQ | CVD=123200 vs Ref=-84045 | Close=1699.90 vs VAL=1688.05
2026-01-30 14:31:21,918 [INFO]     NSE:POLICYBZR-EQ | CVD=272252 vs Ref=-136954 | Close=1651.50 vs VAL=1593.90
2026-01-30 14:31:22,117 [INFO]     NSE:INFY-EQ | CVD=136989 vs Ref=-64332 | Close=1636.10 vs VAL=1621.00
2026-01-30 14:31:22,326 [INFO]     NSE:LICI-EQ | CVD=42764 vs Ref=-12754 | Close=822.70 vs VAL=814.20
2026-01-30 14:31:22,515 [INFO]     NSE:IIFL-EQ | CVD=20703 vs Ref=-49105 | Close=531.35 vs VAL=533.70
2026-01-30 14:31:22,714 [INFO]     NSE:KOTAKBANK-EQ | CVD=1740072 vs Ref=-94870 | Close=408.70 vs VAL=407.40
2026-01-30 14:31:22,907 [INFO]     NSE:IOC-EQ | CVD=-200116 vs Ref=-131543 | Close=162.53 vs VAL=162.30
2026-01-30 14:32:22,908 [INFO] 🔍 Scanning for alerts on 9 symbols (5min)...
2026-01-30 14:32:23,097 [INFO]     NSE:TCS-EQ | CVD=77063 vs Ref=-3791 | Close=3132.40 vs VAL=3107.50
2026-01-30 14:32:23,281 [INFO]     NSE:DALBHARAT-EQ | CVD=16892 vs Ref=0 | Close=2066.50 vs VAL=2035.00
2026-01-30 14:32:23,463 [INFO]     NSE:HCLTECH-EQ | CVD=123200 vs Ref=-84045 | Close=1699.90 vs VAL=1688.05
2026-01-30 14:32:23,654 [INFO]     NSE:POLICYBZR-EQ | CVD=272252 vs Ref=-136954 | Close=1651.50 vs VAL=1593.90
2026-01-30 14:32:23,855 [INFO]     NSE:INFY-EQ | CVD=136989 vs Ref=-64332 | Close=1636.10 vs VAL=1621.00
2026-01-30 14:32:24,076 [INFO]     NSE:LICI-EQ | CVD=42764 vs Ref=-12754 | Close=822.70 vs VAL=814.20
2026-01-30 14:32:24,260 [INFO]     NSE:IIFL-EQ | CVD=20703 vs Ref=-49105 | Close=531.35 vs VAL=533.70
2026-01-30 14:32:24,460 [INFO]     NSE:KOTAKBANK-EQ | CVD=1740072 vs Ref=-94870 | Close=408.70 vs VAL=407.40
2026-01-30 14:32:24,643 [INFO]     NSE:IOC-EQ | CVD=-200116 vs Ref=-131543 | Close=162.53 vs VAL=162.30
2026-01-30 14:33:24,644 [INFO] 🔍 Scanning for alerts on 9 symbols (5min)...
2026-01-30 14:33:24,866 [INFO]     NSE:TCS-EQ | CVD=77063 vs Ref=-3791 | Close=3132.40 vs VAL=3107.50
2026-01-30 14:33:25,049 [INFO]     NSE:DALBHARAT-EQ | CVD=16892 vs Ref=0 | Close=2066.50 vs VAL=2035.00
2026-01-30 14:33:25,235 [INFO]     NSE:HCLTECH-EQ | CVD=123200 vs Ref=-84045 | Close=1699.90 vs VAL=1688.05
2026-01-30 14:33:25,426 [INFO]     NSE:POLICYBZR-EQ | CVD=272252 vs Ref=-136954 | Close=1651.50 vs VAL=1593.90
2026-01-30 14:33:25,605 [INFO]     NSE:INFY-EQ | CVD=136989 vs Ref=-64332 | Close=1636.10 vs VAL=1621.00
2026-01-30 14:33:25,785 [INFO]     NSE:LICI-EQ | CVD=42764 vs Ref=-12754 | Close=822.70 vs VAL=814.20
2026-01-30 14:33:26,022 [INFO]     NSE:IIFL-EQ | CVD=20703 vs Ref=-49105 | Close=531.35 vs VAL=533.70
2026-01-30 14:33:26,237 [INFO]     NSE:KOTAKBANK-EQ | CVD=1740072 vs Ref=-94870 | Close=408.70 vs VAL=407.40
2026-01-30 14:33:26,426 [INFO]     NSE:IOC-EQ | CVD=-200116 vs Ref=-131543 | Close=162.53 vs VAL=162.30
2026-01-30 14:34:26,428 [INFO] 🔍 Scanning for alerts on 9 symbols (5min)...
2026-01-30 14:34:26,614 [INFO]     NSE:TCS-EQ | CVD=77063 vs Ref=-3791 | Close=3132.40 vs VAL=3107.50
2026-01-30 14:34:26,785 [INFO]     NSE:DALBHARAT-EQ | CVD=16892 vs Ref=0 | Close=2066.50 vs VAL=2035.00
2026-01-30 14:34:26,978 [INFO]     NSE:HCLTECH-EQ | CVD=123200 vs Ref=-84045 | Close=1699.90 vs VAL=1688.05
2026-01-30 14:34:27,167 [INFO]     NSE:POLICYBZR-EQ | CVD=272252 vs Ref=-136954 | Close=1651.50 vs VAL=1593.90
2026-01-30 14:34:27,341 [INFO]     NSE:INFY-EQ | CVD=136989 vs Ref=-64332 | Close=1636.10 vs VAL=1621.00
2026-01-30 14:34:27,508 [INFO]     NSE:LICI-EQ | CVD=42764 vs Ref=-12754 | Close=822.70 vs VAL=814.20
2026-01-30 14:34:27,698 [INFO]     NSE:IIFL-EQ | CVD=20703 vs Ref=-49105 | Close=531.35 vs VAL=533.70
2026-01-30 14:34:27,889 [INFO]     NSE:KOTAKBANK-EQ | CVD=1740072 vs Ref=-94870 | Close=408.70 vs VAL=407.40
2026-01-30 14:34:28,070 [INFO]     NSE:IOC-EQ | CVD=-200116 vs Ref=-131543 | Close=162.53 vs VAL=162.30
2026-01-30 14:35:28,072 [INFO] 🔍 Scanning for alerts on 9 symbols (5min)...
2026-01-30 14:35:28,285 [INFO]     NSE:TCS-EQ | CVD=77063 vs Ref=-3791 | Close=3132.40 vs VAL=3107.50
2026-01-30 14:35:28,468 [INFO]     NSE:DALBHARAT-EQ | CVD=16892 vs Ref=0 | Close=2066.50 vs VAL=2035.00
2026-01-30 14:35:28,691 [INFO]     NSE:HCLTECH-EQ | CVD=123200 vs Ref=-84045 | Close=1699.90 vs VAL=1688.05
2026-01-30 14:35:28,852 [INFO]     NSE:POLICYBZR-EQ | CVD=272252 vs Ref=-136954 | Close=1651.50 vs VAL=1593.90
2026-01-30 14:35:29,057 [INFO]     NSE:INFY-EQ | CVD=136989 vs Ref=-64332 | Close=1636.10 vs VAL=1621.00
2026-01-30 14:35:29,250 [INFO]     NSE:LICI-EQ | CVD=42764 vs Ref=-12754 | Close=822.70 vs VAL=814.20
2026-01-30 14:35:29,446 [INFO]     NSE:IIFL-EQ | CVD=20703 vs Ref=-49105 | Close=531.35 vs VAL=533.70
2026-01-30 14:35:29,639 [INFO]     NSE:KOTAKBANK-EQ | CVD=1740072 vs Ref=-94870 | Close=408.70 vs VAL=407.40
2026-01-30 14:35:29,839 [INFO]     NSE:IOC-EQ | CVD=-200116 vs Ref=-131543 | Close=162.53 vs VAL=162.30
2026-01-30 14:36:29,842 [INFO] 🔍 Scanning for alerts on 9 symbols (5min)...
2026-01-30 14:36:30,048 [INFO]     NSE:TCS-EQ | CVD=89564 vs Ref=-3791 | Close=3133.50 vs VAL=3107.50
2026-01-30 14:36:30,281 [INFO]     NSE:DALBHARAT-EQ | CVD=18053 vs Ref=0 | Close=2062.60 vs VAL=2035.00
2026-01-30 14:36:30,445 [INFO]     NSE:HCLTECH-EQ | CVD=145391 vs Ref=-84045 | Close=1700.00 vs VAL=1688.05
2026-01-30 14:36:30,636 [INFO]     NSE:POLICYBZR-EQ | CVD=271603 vs Ref=-136954 | Close=1649.80 vs VAL=1593.90
2026-01-30 14:36:30,833 [INFO]     NSE:INFY-EQ | CVD=160379 vs Ref=-64332 | Close=1636.30 vs VAL=1621.00
2026-01-30 14:36:31,017 [INFO]     NSE:LICI-EQ | CVD=43049 vs Ref=-12754 | Close=823.30 vs VAL=814.20
2026-01-30 14:36:31,238 [INFO]     NSE:IIFL-EQ | CVD=-9276 vs Ref=-49105 | Close=529.25 vs VAL=533.70
2026-01-30 14:36:31,419 [INFO]     NSE:KOTAKBANK-EQ | CVD=1730859 vs Ref=-94870 | Close=408.70 vs VAL=407.40
2026-01-30 14:36:31,615 [INFO]     NSE:IOC-EQ | CVD=-205454 vs Ref=-131543 | Close=162.57 vs VAL=162.30
2026-01-30 14:37:31,617 [INFO] 🔍 Scanning for alerts on 9 symbols (5min)...
2026-01-30 14:37:31,837 [INFO]     NSE:TCS-EQ | CVD=89564 vs Ref=-3791 | Close=3133.50 vs VAL=3107.50
2026-01-30 14:37:32,031 [INFO]     NSE:DALBHARAT-EQ | CVD=18053 vs Ref=0 | Close=2062.60 vs VAL=2035.00
2026-01-30 14:37:32,249 [INFO]     NSE:HCLTECH-EQ | CVD=145391 vs Ref=-84045 | Close=1700.00 vs VAL=1688.05
2026-01-30 14:37:32,470 [INFO]     NSE:POLICYBZR-EQ | CVD=271603 vs Ref=-136954 | Close=1649.80 vs VAL=1593.90
2026-01-30 14:37:32,704 [INFO]     NSE:INFY-EQ | CVD=160379 vs Ref=-64332 | Close=1636.30 vs VAL=1621.00
2026-01-30 14:37:32,922 [INFO]     NSE:LICI-EQ | CVD=43049 vs Ref=-12754 | Close=823.30 vs VAL=814.20
2026-01-30 14:37:33,138 [INFO]     NSE:IIFL-EQ | CVD=-9276 vs Ref=-49105 | Close=529.25 vs VAL=533.70
2026-01-30 14:37:33,338 [INFO]     NSE:KOTAKBANK-EQ | CVD=1730859 vs Ref=-94870 | Close=408.70 vs VAL=407.40
2026-01-30 14:37:33,527 [INFO]     NSE:IOC-EQ | CVD=-205454 vs Ref=-131543 | Close=162.57 vs VAL=162.30
2026-01-30 14:38:33,530 [INFO] 🔍 Scanning for alerts on 9 symbols (5min)...
2026-01-30 14:38:33,757 [INFO]     NSE:TCS-EQ | CVD=89564 vs Ref=-3791 | Close=3133.50 vs VAL=3107.50
2026-01-30 14:38:33,970 [INFO]     NSE:DALBHARAT-EQ | CVD=18053 vs Ref=0 | Close=2062.60 vs VAL=2035.00
2026-01-30 14:38:34,155 [INFO]     NSE:HCLTECH-EQ | CVD=145391 vs Ref=-84045 | Close=1700.00 vs VAL=1688.05
2026-01-30 14:38:34,329 [INFO]     NSE:POLICYBZR-EQ | CVD=271603 vs Ref=-136954 | Close=1649.80 vs VAL=1593.90
2026-01-30 14:38:34,514 [INFO]     NSE:INFY-EQ | CVD=160379 vs Ref=-64332 | Close=1636.30 vs VAL=1621.00
2026-01-30 14:38:34,748 [INFO]     NSE:LICI-EQ | CVD=43049 vs Ref=-12754 | Close=823.30 vs VAL=814.20
2026-01-30 14:38:34,967 [INFO]     NSE:IIFL-EQ | CVD=-9276 vs Ref=-49105 | Close=529.25 vs VAL=533.70
2026-01-30 14:38:35,171 [INFO]     NSE:KOTAKBANK-EQ | CVD=1730859 vs Ref=-94870 | Close=408.70 vs VAL=407.40
2026-01-30 14:38:35,336 [INFO]     NSE:IOC-EQ | CVD=-205454 vs Ref=-131543 | Close=162.57 vs VAL=162.30
2026-01-30 14:39:35,338 [INFO] 🔍 Scanning for alerts on 9 symbols (5min)...
2026-01-30 14:39:35,566 [INFO]     NSE:TCS-EQ | CVD=89564 vs Ref=-3791 | Close=3133.50 vs VAL=3107.50
2026-01-30 14:39:35,748 [INFO]     NSE:DALBHARAT-EQ | CVD=18053 vs Ref=0 | Close=2062.60 vs VAL=2035.00
2026-01-30 14:39:35,943 [INFO]     NSE:HCLTECH-EQ | CVD=145391 vs Ref=-84045 | Close=1700.00 vs VAL=1688.05
2026-01-30 14:39:36,123 [INFO]     NSE:POLICYBZR-EQ | CVD=271603 vs Ref=-136954 | Close=1649.80 vs VAL=1593.90
2026-01-30 14:39:36,302 [INFO]     NSE:INFY-EQ | CVD=160379 vs Ref=-64332 | Close=1636.30 vs VAL=1621.00
2026-01-30 14:39:36,481 [INFO]     NSE:LICI-EQ | CVD=43049 vs Ref=-12754 | Close=823.30 vs VAL=814.20
2026-01-30 14:39:36,668 [INFO]     NSE:IIFL-EQ | CVD=-9276 vs Ref=-49105 | Close=529.25 vs VAL=533.70
2026-01-30 14:39:36,838 [INFO]     NSE:KOTAKBANK-EQ | CVD=1730859 vs Ref=-94870 | Close=408.70 vs VAL=407.40
2026-01-30 14:39:37,011 [INFO]     NSE:IOC-EQ | CVD=-205454 vs Ref=-131543 | Close=162.57 vs VAL=162.30
2026-01-30 14:40:37,013 [INFO] 🔍 Scanning for alerts on 9 symbols (5min)...
2026-01-30 14:40:37,197 [INFO]     NSE:TCS-EQ | CVD=89564 vs Ref=-3791 | Close=3133.50 vs VAL=3107.50
2026-01-30 14:40:37,384 [INFO]     NSE:DALBHARAT-EQ | CVD=18053 vs Ref=0 | Close=2062.60 vs VAL=2035.00
2026-01-30 14:40:37,569 [INFO]     NSE:HCLTECH-EQ | CVD=145391 vs Ref=-84045 | Close=1700.00 vs VAL=1688.05
2026-01-30 14:40:37,803 [INFO]     NSE:POLICYBZR-EQ | CVD=271603 vs Ref=-136954 | Close=1649.80 vs VAL=1593.90
2026-01-30 14:40:38,027 [INFO]     NSE:INFY-EQ | CVD=160379 vs Ref=-64332 | Close=1636.30 vs VAL=1621.00
2026-01-30 14:40:38,212 [INFO]     NSE:LICI-EQ | CVD=43049 vs Ref=-12754 | Close=823.30 vs VAL=814.20
2026-01-30 14:40:38,403 [INFO]     NSE:IIFL-EQ | CVD=-9276 vs Ref=-49105 | Close=529.25 vs VAL=533.70
2026-01-30 14:40:38,587 [INFO]     NSE:KOTAKBANK-EQ | CVD=1730859 vs Ref=-94870 | Close=408.70 vs VAL=407.40
2026-01-30 14:40:38,754 [INFO]     NSE:IOC-EQ | CVD=-205454 vs Ref=-131543 | Close=162.57 vs VAL=162.30
2026-01-30 14:41:38,755 [INFO] 🔍 Scanning for alerts on 9 symbols (5min)...
2026-01-30 14:41:38,989 [INFO]     NSE:TCS-EQ | CVD=124929 vs Ref=-3791 | Close=3132.70 vs VAL=3107.50
2026-01-30 14:41:39,177 [INFO]     NSE:DALBHARAT-EQ | CVD=6858 vs Ref=0 | Close=2056.20 vs VAL=2035.00
2026-01-30 14:41:39,398 [INFO]     NSE:HCLTECH-EQ | CVD=189806 vs Ref=-84045 | Close=1703.10 vs VAL=1688.05
2026-01-30 14:41:39,569 [INFO]     NSE:POLICYBZR-EQ | CVD=285786 vs Ref=-136954 | Close=1658.50 vs VAL=1593.90
2026-01-30 14:41:39,739 [INFO]     NSE:INFY-EQ | CVD=496562 vs Ref=-64332 | Close=1638.50 vs VAL=1621.00
2026-01-30 14:41:39,948 [INFO]     NSE:LICI-EQ | CVD=50051 vs Ref=-12754 | Close=824.60 vs VAL=814.20
2026-01-30 14:41:40,166 [INFO]     NSE:IIFL-EQ | CVD=-9796 vs Ref=-49105 | Close=529.90 vs VAL=533.70
2026-01-30 14:41:40,368 [INFO]     NSE:KOTAKBANK-EQ | CVD=1947297 vs Ref=-94870 | Close=409.30 vs VAL=407.40
2026-01-30 14:41:40,554 [INFO]     NSE:IOC-EQ | CVD=-107736 vs Ref=-131543 | Close=162.99 vs VAL=162.30
2026-01-30 14:42:40,556 [INFO] 🔍 Scanning for alerts on 9 symbols (5min)...
2026-01-30 14:42:40,777 [INFO]     NSE:TCS-EQ | CVD=124929 vs Ref=-3791 | Close=3132.70 vs VAL=3107.50
2026-01-30 14:42:40,939 [INFO]     NSE:DALBHARAT-EQ | CVD=6858 vs Ref=0 | Close=2056.20 vs VAL=2035.00
2026-01-30 14:42:41,151 [INFO]     NSE:HCLTECH-EQ | CVD=189806 vs Ref=-84045 | Close=1703.10 vs VAL=1688.05
2026-01-30 14:42:41,342 [INFO]     NSE:POLICYBZR-EQ | CVD=285786 vs Ref=-136954 | Close=1658.50 vs VAL=1593.90
2026-01-30 14:42:41,529 [INFO]     NSE:INFY-EQ | CVD=496562 vs Ref=-64332 | Close=1638.50 vs VAL=1621.00
2026-01-30 14:42:41,732 [INFO]     NSE:LICI-EQ | CVD=50051 vs Ref=-12754 | Close=824.60 vs VAL=814.20
2026-01-30 14:42:41,920 [INFO]     NSE:IIFL-EQ | CVD=-9796 vs Ref=-49105 | Close=529.90 vs VAL=533.70
2026-01-30 14:42:42,134 [INFO]     NSE:KOTAKBANK-EQ | CVD=1947297 vs Ref=-94870 | Close=409.30 vs VAL=407.40
2026-01-30 14:42:42,342 [INFO]     NSE:IOC-EQ | CVD=-107736 vs Ref=-131543 | Close=162.99 vs VAL=162.30
2026-01-30 14:43:42,343 [INFO] 🔍 Scanning for alerts on 9 symbols (5min)...
2026-01-30 14:43:42,536 [INFO]     NSE:TCS-EQ | CVD=124929 vs Ref=-3791 | Close=3132.70 vs VAL=3107.50
2026-01-30 14:43:42,702 [INFO]     NSE:DALBHARAT-EQ | CVD=6858 vs Ref=0 | Close=2056.20 vs VAL=2035.00
2026-01-30 14:43:42,877 [INFO]     NSE:HCLTECH-EQ | CVD=189806 vs Ref=-84045 | Close=1703.10 vs VAL=1688.05
2026-01-30 14:43:43,058 [INFO]     NSE:POLICYBZR-EQ | CVD=285786 vs Ref=-136954 | Close=1658.50 vs VAL=1593.90
2026-01-30 14:43:43,277 [INFO]     NSE:INFY-EQ | CVD=496562 vs Ref=-64332 | Close=1638.50 vs VAL=1621.00
2026-01-30 14:43:43,483 [INFO]     NSE:LICI-EQ | CVD=50051 vs Ref=-12754 | Close=824.60 vs VAL=814.20
2026-01-30 14:43:43,696 [INFO]     NSE:IIFL-EQ | CVD=-9796 vs Ref=-49105 | Close=529.90 vs VAL=533.70
2026-01-30 14:43:43,888 [INFO]     NSE:KOTAKBANK-EQ | CVD=1947297 vs Ref=-94870 | Close=409.30 vs VAL=407.40
2026-01-30 14:43:44,079 [INFO]     NSE:IOC-EQ | CVD=-107736 vs Ref=-131543 | Close=162.99 vs VAL=162.30
2026-01-30 14:44:44,080 [INFO] 🔍 Scanning for alerts on 9 symbols (5min)...
2026-01-30 14:44:44,289 [INFO]     NSE:TCS-EQ | CVD=124929 vs Ref=-3791 | Close=3132.70 vs VAL=3107.50
2026-01-30 14:44:44,475 [INFO]     NSE:DALBHARAT-EQ | CVD=6858 vs Ref=0 | Close=2056.20 vs VAL=2035.00
2026-01-30 14:44:44,658 [INFO]     NSE:HCLTECH-EQ | CVD=189806 vs Ref=-84045 | Close=1703.10 vs VAL=1688.05
2026-01-30 14:44:44,874 [INFO]     NSE:POLICYBZR-EQ | CVD=285786 vs Ref=-136954 | Close=1658.50 vs VAL=1593.90
2026-01-30 14:44:45,099 [INFO]     NSE:INFY-EQ | CVD=496562 vs Ref=-64332 | Close=1638.50 vs VAL=1621.00
2026-01-30 14:44:45,266 [INFO]     NSE:LICI-EQ | CVD=50051 vs Ref=-12754 | Close=824.60 vs VAL=814.20
2026-01-30 14:44:45,472 [INFO]     NSE:IIFL-EQ | CVD=-9796 vs Ref=-49105 | Close=529.90 vs VAL=533.70
2026-01-30 14:44:46,162 [INFO]     NSE:KOTAKBANK-EQ | CVD=1947297 vs Ref=-94870 | Close=409.30 vs VAL=407.40
2026-01-30 14:44:46,353 [INFO]     NSE:IOC-EQ | CVD=-107736 vs Ref=-131543 | Close=162.99 vs VAL=162.30
2026-01-30 14:45:46,354 [INFO] 🔍 Scanning for alerts on 9 symbols (5min)...
2026-01-30 14:45:46,584 [INFO]     NSE:TCS-EQ | CVD=124929 vs Ref=-3791 | Close=3132.70 vs VAL=3107.50
2026-01-30 14:45:46,779 [INFO]     NSE:DALBHARAT-EQ | CVD=6858 vs Ref=0 | Close=2056.20 vs VAL=2035.00
2026-01-30 14:45:47,026 [INFO]     NSE:HCLTECH-EQ | CVD=189806 vs Ref=-84045 | Close=1703.10 vs VAL=1688.05
2026-01-30 14:45:47,211 [INFO]     NSE:POLICYBZR-EQ | CVD=285786 vs Ref=-136954 | Close=1658.50 vs VAL=1593.90
2026-01-30 14:45:47,465 [INFO]     NSE:INFY-EQ | CVD=496562 vs Ref=-64332 | Close=1638.50 vs VAL=1621.00
2026-01-30 14:45:47,688 [INFO]     NSE:LICI-EQ | CVD=50051 vs Ref=-12754 | Close=824.60 vs VAL=814.20
2026-01-30 14:45:47,963 [INFO]     NSE:IIFL-EQ | CVD=-9796 vs Ref=-49105 | Close=529.90 vs VAL=533.70
2026-01-30 14:45:48,187 [INFO]     NSE:KOTAKBANK-EQ | CVD=1947297 vs Ref=-94870 | Close=409.30 vs VAL=407.40
2026-01-30 14:45:49,931 [INFO]     NSE:IOC-EQ | CVD=-107736 vs Ref=-131543 | Close=162.99 vs VAL=162.30
2026-01-30 14:46:49,933 [INFO] 🔍 Scanning for alerts on 9 symbols (5min)...
2026-01-30 14:46:50,171 [INFO]     NSE:TCS-EQ | CVD=120730 vs Ref=-3791 | Close=3129.50 vs VAL=3107.50
2026-01-30 14:46:50,373 [INFO]     NSE:DALBHARAT-EQ | CVD=-7783 vs Ref=0 | Close=2055.60 vs VAL=2035.00
2026-01-30 14:46:50,550 [INFO]     NSE:HCLTECH-EQ | CVD=74289 vs Ref=-84045 | Close=1701.30 vs VAL=1688.05
2026-01-30 14:46:50,733 [INFO]     NSE:POLICYBZR-EQ | CVD=279947 vs Ref=-136954 | Close=1652.80 vs VAL=1593.90
2026-01-30 14:46:50,925 [INFO]     NSE:INFY-EQ | CVD=430272 vs Ref=-64332 | Close=1637.90 vs VAL=1621.00
2026-01-30 14:46:51,159 [INFO]     NSE:LICI-EQ | CVD=39446 vs Ref=-12754 | Close=820.60 vs VAL=814.20
2026-01-30 14:46:53,084 [INFO]     NSE:IIFL-EQ | CVD=-2994 vs Ref=-49105 | Close=529.50 vs VAL=533.70
2026-01-30 14:46:53,261 [INFO]     NSE:KOTAKBANK-EQ | CVD=1791749 vs Ref=-94870 | Close=408.60 vs VAL=407.40
2026-01-30 14:46:53,448 [INFO]     NSE:IOC-EQ | CVD=-249066 vs Ref=-131543 | Close=162.58 vs VAL=162.30
2026-01-30 14:47:53,450 [INFO] 🔍 Scanning for alerts on 9 symbols (5min)...
2026-01-30 14:47:53,645 [INFO]     NSE:TCS-EQ | CVD=120730 vs Ref=-3791 | Close=3129.50 vs VAL=3107.50
2026-01-30 14:47:53,871 [INFO]     NSE:DALBHARAT-EQ | CVD=-7783 vs Ref=0 | Close=2055.60 vs VAL=2035.00
2026-01-30 14:47:54,093 [INFO]     NSE:HCLTECH-EQ | CVD=74289 vs Ref=-84045 | Close=1701.30 vs VAL=1688.05
2026-01-30 14:47:54,253 [INFO]     NSE:POLICYBZR-EQ | CVD=279947 vs Ref=-136954 | Close=1652.80 vs VAL=1593.90
2026-01-30 14:47:56,257 [INFO]     NSE:INFY-EQ | CVD=430272 vs Ref=-64332 | Close=1637.90 vs VAL=1621.00
2026-01-30 14:47:56,452 [INFO]     NSE:LICI-EQ | CVD=39446 vs Ref=-12754 | Close=820.60 vs VAL=814.20
2026-01-30 14:47:56,676 [INFO]     NSE:IIFL-EQ | CVD=-2994 vs Ref=-49105 | Close=529.50 vs VAL=533.70
2026-01-30 14:47:56,839 [INFO]     NSE:KOTAKBANK-EQ | CVD=1791749 vs Ref=-94870 | Close=408.60 vs VAL=407.40
2026-01-30 14:47:57,038 [INFO]     NSE:IOC-EQ | CVD=-249066 vs Ref=-131543 | Close=162.58 vs VAL=162.30
2026-01-30 14:48:57,040 [INFO] 🔍 Scanning for alerts on 9 symbols (5min)...
2026-01-30 14:48:57,238 [INFO]     NSE:TCS-EQ | CVD=120730 vs Ref=-3791 | Close=3129.50 vs VAL=3107.50
2026-01-30 14:48:57,442 [INFO]     NSE:DALBHARAT-EQ | CVD=-7783 vs Ref=0 | Close=2055.60 vs VAL=2035.00
2026-01-30 14:48:59,408 [INFO]     NSE:HCLTECH-EQ | CVD=74289 vs Ref=-84045 | Close=1701.30 vs VAL=1688.05
2026-01-30 14:48:59,626 [INFO]     NSE:POLICYBZR-EQ | CVD=279947 vs Ref=-136954 | Close=1652.80 vs VAL=1593.90
2026-01-30 14:48:59,814 [INFO]     NSE:INFY-EQ | CVD=430272 vs Ref=-64332 | Close=1637.90 vs VAL=1621.00
2026-01-30 14:48:59,984 [INFO]     NSE:LICI-EQ | CVD=39446 vs Ref=-12754 | Close=820.60 vs VAL=814.20
2026-01-30 14:49:00,176 [INFO]     NSE:IIFL-EQ | CVD=-2994 vs Ref=-49105 | Close=529.50 vs VAL=533.70
2026-01-30 14:49:00,405 [INFO]     NSE:KOTAKBANK-EQ | CVD=1791749 vs Ref=-94870 | Close=408.60 vs VAL=407.40
2026-01-30 14:49:00,599 [INFO]     NSE:IOC-EQ | CVD=-249066 vs Ref=-131543 | Close=162.58 vs VAL=162.30
2026-01-30 14:50:00,600 [INFO] 🔍 Scanning for alerts on 9 symbols (5min)...
2026-01-30 14:50:02,434 [INFO]     NSE:TCS-EQ | CVD=120730 vs Ref=-3791 | Close=3129.50 vs VAL=3107.50
2026-01-30 14:50:02,868 [INFO]     NSE:DALBHARAT-EQ | CVD=-7783 vs Ref=0 | Close=2055.60 vs VAL=2035.00
2026-01-30 14:50:03,253 [INFO]     NSE:HCLTECH-EQ | CVD=74289 vs Ref=-84045 | Close=1701.30 vs VAL=1688.05
2026-01-30 14:50:03,622 [INFO]     NSE:POLICYBZR-EQ | CVD=279947 vs Ref=-136954 | Close=1652.80 vs VAL=1593.90
2026-01-30 14:50:03,932 [INFO]     NSE:INFY-EQ | CVD=430272 vs Ref=-64332 | Close=1637.90 vs VAL=1621.00
2026-01-30 14:50:04,243 [INFO]     NSE:LICI-EQ | CVD=39446 vs Ref=-12754 | Close=820.60 vs VAL=814.20
2026-01-30 14:50:04,552 [INFO]     NSE:IIFL-EQ | CVD=-2994 vs Ref=-49105 | Close=529.50 vs VAL=533.70
2026-01-30 14:50:04,903 [INFO]     NSE:KOTAKBANK-EQ | CVD=1791749 vs Ref=-94870 | Close=408.60 vs VAL=407.40
2026-01-30 14:50:05,237 [INFO]     NSE:IOC-EQ | CVD=-249066 vs Ref=-131543 | Close=162.58 vs VAL=162.30
2026-01-30 14:51:05,239 [INFO] 🔍 Scanning for alerts on 9 symbols (5min)...
2026-01-30 14:51:05,528 [INFO]     NSE:TCS-EQ | CVD=127901 vs Ref=-3791 | Close=3134.60 vs VAL=3107.50
2026-01-30 14:51:05,808 [INFO]     NSE:DALBHARAT-EQ | CVD=-421 vs Ref=0 | Close=2063.10 vs VAL=2035.00
2026-01-30 14:51:06,125 [INFO]     NSE:HCLTECH-EQ | CVD=128544 vs Ref=-84045 | Close=1702.50 vs VAL=1688.05
2026-01-30 14:51:06,412 [INFO]     NSE:POLICYBZR-EQ | CVD=293184 vs Ref=-136954 | Close=1663.30 vs VAL=1593.90
2026-01-30 14:51:06,816 [INFO]     NSE:INFY-EQ | CVD=448588 vs Ref=-64332 | Close=1641.40 vs VAL=1621.00
2026-01-30 14:51:07,382 [INFO]     NSE:LICI-EQ | CVD=44249 vs Ref=-12754 | Close=821.50 vs VAL=814.20
2026-01-30 14:51:07,753 [INFO]     NSE:IIFL-EQ | CVD=-4313 vs Ref=-49105 | Close=529.85 vs VAL=533.70
2026-01-30 14:51:08,032 [INFO]     NSE:KOTAKBANK-EQ | CVD=1997272 vs Ref=-94870 | Close=409.30 vs VAL=407.40
2026-01-30 14:51:08,344 [INFO]     NSE:IOC-EQ | CVD=-269550 vs Ref=-131543 | Close=162.72 vs VAL=162.30
2026-01-30 14:52:08,346 [INFO] 🔍 Scanning for alerts on 9 symbols (5min)...
2026-01-30 14:52:08,691 [INFO]     NSE:TCS-EQ | CVD=127901 vs Ref=-3791 | Close=3134.60 vs VAL=3107.50
2026-01-30 14:52:09,103 [INFO]     NSE:DALBHARAT-EQ | CVD=-421 vs Ref=0 | Close=2063.10 vs VAL=2035.00
2026-01-30 14:52:09,391 [INFO]     NSE:HCLTECH-EQ | CVD=128544 vs Ref=-84045 | Close=1702.50 vs VAL=1688.05
2026-01-30 14:52:09,621 [INFO]     NSE:POLICYBZR-EQ | CVD=293184 vs Ref=-136954 | Close=1663.30 vs VAL=1593.90
2026-01-30 14:52:09,894 [INFO]     NSE:INFY-EQ | CVD=448588 vs Ref=-64332 | Close=1641.40 vs VAL=1621.00
2026-01-30 14:52:10,121 [INFO]     NSE:LICI-EQ | CVD=44249 vs Ref=-12754 | Close=821.50 vs VAL=814.20
2026-01-30 14:52:10,383 [INFO]     NSE:IIFL-EQ | CVD=-4313 vs Ref=-49105 | Close=529.85 vs VAL=533.70
2026-01-30 14:52:10,665 [INFO]     NSE:KOTAKBANK-EQ | CVD=1997272 vs Ref=-94870 | Close=409.30 vs VAL=407.40
2026-01-30 14:52:10,904 [INFO]     NSE:IOC-EQ | CVD=-269550 vs Ref=-131543 | Close=162.72 vs VAL=162.30
2026-01-30 14:53:10,906 [INFO] 🔍 Scanning for alerts on 9 symbols (5min)...
2026-01-30 14:53:11,157 [INFO]     NSE:TCS-EQ | CVD=127901 vs Ref=-3791 | Close=3134.60 vs VAL=3107.50
2026-01-30 14:53:11,534 [INFO]     NSE:DALBHARAT-EQ | CVD=-421 vs Ref=0 | Close=2063.10 vs VAL=2035.00
2026-01-30 14:53:11,897 [INFO]     NSE:HCLTECH-EQ | CVD=128544 vs Ref=-84045 | Close=1702.50 vs VAL=1688.05
2026-01-30 14:53:12,219 [INFO]     NSE:POLICYBZR-EQ | CVD=293184 vs Ref=-136954 | Close=1663.30 vs VAL=1593.90
2026-01-30 14:53:12,556 [INFO]     NSE:INFY-EQ | CVD=448588 vs Ref=-64332 | Close=1641.40 vs VAL=1621.00
2026-01-30 14:53:12,886 [INFO]     NSE:LICI-EQ | CVD=44249 vs Ref=-12754 | Close=821.50 vs VAL=814.20
2026-01-30 14:53:13,150 [INFO]     NSE:IIFL-EQ | CVD=-4313 vs Ref=-49105 | Close=529.85 vs VAL=533.70
2026-01-30 14:53:13,449 [INFO]     NSE:KOTAKBANK-EQ | CVD=1997272 vs Ref=-94870 | Close=409.30 vs VAL=407.40
2026-01-30 14:53:13,723 [INFO]     NSE:IOC-EQ | CVD=-269550 vs Ref=-131543 | Close=162.72 vs VAL=162.30
2026-01-30 14:54:13,726 [INFO] 🔍 Scanning for alerts on 9 symbols (5min)...
2026-01-30 14:54:14,102 [INFO]     NSE:TCS-EQ | CVD=127901 vs Ref=-3791 | Close=3134.60 vs VAL=3107.50
2026-01-30 14:54:14,436 [INFO]     NSE:DALBHARAT-EQ | CVD=-421 vs Ref=0 | Close=2063.10 vs VAL=2035.00
2026-01-30 14:54:14,766 [INFO]     NSE:HCLTECH-EQ | CVD=128544 vs Ref=-84045 | Close=1702.50 vs VAL=1688.05
2026-01-30 14:54:15,106 [INFO]     NSE:POLICYBZR-EQ | CVD=293184 vs Ref=-136954 | Close=1663.30 vs VAL=1593.90
2026-01-30 14:54:15,513 [INFO]     NSE:INFY-EQ | CVD=448588 vs Ref=-64332 | Close=1641.40 vs VAL=1621.00
2026-01-30 14:54:16,072 [INFO]     NSE:LICI-EQ | CVD=44249 vs Ref=-12754 | Close=821.50 vs VAL=814.20
2026-01-30 14:54:16,791 [INFO]     NSE:IIFL-EQ | CVD=-4313 vs Ref=-49105 | Close=529.85 vs VAL=533.70
2026-01-30 14:54:17,239 [INFO]     NSE:KOTAKBANK-EQ | CVD=1997272 vs Ref=-94870 | Close=409.30 vs VAL=407.40
2026-01-30 14:54:17,638 [INFO]     NSE:IOC-EQ | CVD=-269550 vs Ref=-131543 | Close=162.72 vs VAL=162.30
2026-01-30 14:55:17,640 [INFO] 🔍 Scanning for alerts on 9 symbols (5min)...
2026-01-30 14:55:17,876 [INFO]     NSE:TCS-EQ | CVD=127901 vs Ref=-3791 | Close=3134.60 vs VAL=3107.50
2026-01-30 14:55:18,154 [INFO]     NSE:DALBHARAT-EQ | CVD=-421 vs Ref=0 | Close=2063.10 vs VAL=2035.00
2026-01-30 14:55:18,481 [INFO]     NSE:HCLTECH-EQ | CVD=128544 vs Ref=-84045 | Close=1702.50 vs VAL=1688.05
2026-01-30 14:55:18,765 [INFO]     NSE:POLICYBZR-EQ | CVD=293184 vs Ref=-136954 | Close=1663.30 vs VAL=1593.90
2026-01-30 14:55:19,117 [INFO]     NSE:INFY-EQ | CVD=448588 vs Ref=-64332 | Close=1641.40 vs VAL=1621.00
2026-01-30 14:55:19,443 [INFO]     NSE:LICI-EQ | CVD=44249 vs Ref=-12754 | Close=821.50 vs VAL=814.20
2026-01-30 14:55:19,843 [INFO]     NSE:IIFL-EQ | CVD=-4313 vs Ref=-49105 | Close=529.85 vs VAL=533.70
2026-01-30 14:55:20,933 [INFO]     NSE:KOTAKBANK-EQ | CVD=1997272 vs Ref=-94870 | Close=409.30 vs VAL=407.40
2026-01-30 14:55:21,593 [INFO]     NSE:IOC-EQ | CVD=-269550 vs Ref=-131543 | Close=162.72 vs VAL=162.30
2026-01-30 14:56:21,595 [INFO] 🔍 Scanning for alerts on 9 symbols (5min)...
2026-01-30 14:56:21,856 [INFO]     NSE:TCS-EQ | CVD=120359 vs Ref=-3791 | Close=3132.30 vs VAL=3107.50
2026-01-30 14:56:22,066 [INFO]     NSE:DALBHARAT-EQ | CVD=4382 vs Ref=0 | Close=2069.40 vs VAL=2035.00
2026-01-30 14:56:22,284 [INFO]     NSE:HCLTECH-EQ | CVD=90683 vs Ref=-84045 | Close=1701.00 vs VAL=1688.05
2026-01-30 14:56:22,510 [INFO]     NSE:POLICYBZR-EQ | CVD=309240 vs Ref=-136954 | Close=1661.30 vs VAL=1593.90
2026-01-30 14:56:22,715 [INFO]     NSE:INFY-EQ | CVD=465211 vs Ref=-64332 | Close=1640.40 vs VAL=1621.00
2026-01-30 14:56:22,915 [INFO]     NSE:LICI-EQ | CVD=48126 vs Ref=-12754 | Close=822.15 vs VAL=814.20
2026-01-30 14:56:23,133 [INFO]     NSE:IIFL-EQ | CVD=-14116 vs Ref=-49105 | Close=528.50 vs VAL=533.70
2026-01-30 14:56:23,342 [INFO]     NSE:KOTAKBANK-EQ | CVD=2156676 vs Ref=-94870 | Close=409.50 vs VAL=407.40
2026-01-30 14:56:23,557 [INFO]     NSE:IOC-EQ | CVD=-252494 vs Ref=-131543 | Close=162.68 vs VAL=162.30
2026-01-30 14:57:23,559 [INFO] 🔍 Scanning for alerts on 9 symbols (5min)...
2026-01-30 14:57:23,769 [INFO]     NSE:TCS-EQ | CVD=120359 vs Ref=-3791 | Close=3132.30 vs VAL=3107.50
2026-01-30 14:57:24,012 [INFO]     NSE:DALBHARAT-EQ | CVD=4382 vs Ref=0 | Close=2069.40 vs VAL=2035.00
2026-01-30 14:57:24,212 [INFO]     NSE:HCLTECH-EQ | CVD=90683 vs Ref=-84045 | Close=1701.00 vs VAL=1688.05
2026-01-30 14:57:24,412 [INFO]     NSE:POLICYBZR-EQ | CVD=309240 vs Ref=-136954 | Close=1661.30 vs VAL=1593.90
2026-01-30 14:57:24,622 [INFO]     NSE:INFY-EQ | CVD=465211 vs Ref=-64332 | Close=1640.40 vs VAL=1621.00
2026-01-30 14:57:24,830 [INFO]     NSE:LICI-EQ | CVD=48126 vs Ref=-12754 | Close=822.15 vs VAL=814.20
2026-01-30 14:57:25,042 [INFO]     NSE:IIFL-EQ | CVD=-14116 vs Ref=-49105 | Close=528.50 vs VAL=533.70
2026-01-30 14:57:25,263 [INFO]     NSE:KOTAKBANK-EQ | CVD=2156676 vs Ref=-94870 | Close=409.50 vs VAL=407.40
2026-01-30 14:57:25,479 [INFO]     NSE:IOC-EQ | CVD=-252494 vs Ref=-131543 | Close=162.68 vs VAL=162.30
2026-01-30 14:58:25,481 [INFO] 🔍 Scanning for alerts on 9 symbols (5min)...
2026-01-30 14:58:25,787 [INFO]     NSE:TCS-EQ | CVD=120359 vs Ref=-3791 | Close=3132.30 vs VAL=3107.50
2026-01-30 14:58:26,022 [INFO]     NSE:DALBHARAT-EQ | CVD=4382 vs Ref=0 | Close=2069.40 vs VAL=2035.00
2026-01-30 14:58:26,234 [INFO]     NSE:HCLTECH-EQ | CVD=90683 vs Ref=-84045 | Close=1701.00 vs VAL=1688.05
2026-01-30 14:58:26,424 [INFO]     NSE:POLICYBZR-EQ | CVD=309240 vs Ref=-136954 | Close=1661.30 vs VAL=1593.90
2026-01-30 14:58:26,601 [INFO]     NSE:INFY-EQ | CVD=465211 vs Ref=-64332 | Close=1640.40 vs VAL=1621.00
2026-01-30 14:58:26,831 [INFO]     NSE:LICI-EQ | CVD=48126 vs Ref=-12754 | Close=822.15 vs VAL=814.20
2026-01-30 14:58:27,027 [INFO]     NSE:IIFL-EQ | CVD=-14116 vs Ref=-49105 | Close=528.50 vs VAL=533.70
2026-01-30 14:58:27,223 [INFO]     NSE:KOTAKBANK-EQ | CVD=2156676 vs Ref=-94870 | Close=409.50 vs VAL=407.40
2026-01-30 14:58:27,411 [INFO]     NSE:IOC-EQ | CVD=-252494 vs Ref=-131543 | Close=162.68 vs VAL=162.30
2026-01-30 14:59:27,413 [INFO] 🔍 Scanning for alerts on 9 symbols (5min)...
2026-01-30 14:59:27,597 [INFO]     NSE:TCS-EQ | CVD=120359 vs Ref=-3791 | Close=3132.30 vs VAL=3107.50
2026-01-30 14:59:27,794 [INFO]     NSE:DALBHARAT-EQ | CVD=4382 vs Ref=0 | Close=2069.40 vs VAL=2035.00
2026-01-30 14:59:28,013 [INFO]     NSE:HCLTECH-EQ | CVD=90683 vs Ref=-84045 | Close=1701.00 vs VAL=1688.05
2026-01-30 14:59:28,205 [INFO]     NSE:POLICYBZR-EQ | CVD=309240 vs Ref=-136954 | Close=1661.30 vs VAL=1593.90
2026-01-30 14:59:28,422 [INFO]     NSE:INFY-EQ | CVD=465211 vs Ref=-64332 | Close=1640.40 vs VAL=1621.00
2026-01-30 14:59:28,607 [INFO]     NSE:LICI-EQ | CVD=48126 vs Ref=-12754 | Close=822.15 vs VAL=814.20
2026-01-30 14:59:28,809 [INFO]     NSE:IIFL-EQ | CVD=-14116 vs Ref=-49105 | Close=528.50 vs VAL=533.70
2026-01-30 14:59:29,004 [INFO]     NSE:KOTAKBANK-EQ | CVD=2156676 vs Ref=-94870 | Close=409.50 vs VAL=407.40
2026-01-30 14:59:29,239 [INFO]     NSE:IOC-EQ | CVD=-252494 vs Ref=-131543 | Close=162.68 vs VAL=162.30
2026-01-30 15:00:29,241 [INFO] 🔍 Scanning for alerts on 9 symbols (5min)...
2026-01-30 15:00:29,488 [INFO]     NSE:TCS-EQ | CVD=120359 vs Ref=-3791 | Close=3132.30 vs VAL=3107.50
2026-01-30 15:00:29,709 [INFO]     NSE:DALBHARAT-EQ | CVD=4382 vs Ref=0 | Close=2069.40 vs VAL=2035.00
2026-01-30 15:00:29,950 [INFO]     NSE:HCLTECH-EQ | CVD=90683 vs Ref=-84045 | Close=1701.00 vs VAL=1688.05
2026-01-30 15:00:30,234 [INFO]     NSE:POLICYBZR-EQ | CVD=309240 vs Ref=-136954 | Close=1661.30 vs VAL=1593.90
2026-01-30 15:00:30,450 [INFO]     NSE:INFY-EQ | CVD=465211 vs Ref=-64332 | Close=1640.40 vs VAL=1621.00
2026-01-30 15:00:30,726 [INFO]     NSE:LICI-EQ | CVD=48126 vs Ref=-12754 | Close=822.15 vs VAL=814.20
2026-01-30 15:00:30,919 [INFO]     NSE:IIFL-EQ | CVD=-14116 vs Ref=-49105 | Close=528.50 vs VAL=533.70
2026-01-30 15:00:31,128 [INFO]     NSE:KOTAKBANK-EQ | CVD=2156676 vs Ref=-94870 | Close=409.50 vs VAL=407.40
2026-01-30 15:00:31,334 [INFO]     NSE:IOC-EQ | CVD=-252494 vs Ref=-131543 | Close=162.68 vs VAL=162.30
2026-01-30 15:01:31,336 [INFO] 🔍 Scanning for alerts on 9 symbols (5min)...
2026-01-30 15:01:31,558 [INFO]     NSE:TCS-EQ | CVD=125473 vs Ref=-3791 | Close=3135.10 vs VAL=3107.50
2026-01-30 15:01:31,755 [INFO]     NSE:DALBHARAT-EQ | CVD=5285 vs Ref=0 | Close=2066.20 vs VAL=2035.00
2026-01-30 15:01:31,966 [INFO]     NSE:HCLTECH-EQ | CVD=112560 vs Ref=-84045 | Close=1702.30 vs VAL=1688.05
2026-01-30 15:01:32,411 [INFO]     NSE:POLICYBZR-EQ | CVD=299048 vs Ref=-136954 | Close=1659.80 vs VAL=1593.90
2026-01-30 15:01:32,618 [INFO]     NSE:INFY-EQ | CVD=456185 vs Ref=-64332 | Close=1640.50 vs VAL=1621.00
2026-01-30 15:01:32,813 [INFO]     NSE:LICI-EQ | CVD=50170 vs Ref=-12754 | Close=822.40 vs VAL=814.20
2026-01-30 15:01:33,056 [INFO]     NSE:IIFL-EQ | CVD=-644 vs Ref=-49105 | Close=529.60 vs VAL=533.70
2026-01-30 15:01:33,308 [INFO]     NSE:KOTAKBANK-EQ | CVD=2083656 vs Ref=-94870 | Close=409.10 vs VAL=407.40
2026-01-30 15:01:33,559 [INFO]     NSE:IOC-EQ | CVD=-29731 vs Ref=-131543 | Close=163.14 vs VAL=162.30
2026-01-30 15:02:33,560 [INFO] 🔍 Scanning for alerts on 9 symbols (5min)...
2026-01-30 15:02:33,784 [INFO]     NSE:TCS-EQ | CVD=125473 vs Ref=-3791 | Close=3135.10 vs VAL=3107.50
2026-01-30 15:02:33,973 [INFO]     NSE:DALBHARAT-EQ | CVD=5285 vs Ref=0 | Close=2066.20 vs VAL=2035.00
2026-01-30 15:02:34,175 [INFO]     NSE:HCLTECH-EQ | CVD=112560 vs Ref=-84045 | Close=1702.30 vs VAL=1688.05
2026-01-30 15:02:34,364 [INFO]     NSE:POLICYBZR-EQ | CVD=299048 vs Ref=-136954 | Close=1659.80 vs VAL=1593.90
2026-01-30 15:02:34,564 [INFO]     NSE:INFY-EQ | CVD=456185 vs Ref=-64332 | Close=1640.50 vs VAL=1621.00
2026-01-30 15:02:34,761 [INFO]     NSE:LICI-EQ | CVD=50170 vs Ref=-12754 | Close=822.40 vs VAL=814.20
2026-01-30 15:02:34,973 [INFO]     NSE:IIFL-EQ | CVD=-644 vs Ref=-49105 | Close=529.60 vs VAL=533.70
2026-01-30 15:02:35,168 [INFO]     NSE:KOTAKBANK-EQ | CVD=2083656 vs Ref=-94870 | Close=409.10 vs VAL=407.40
2026-01-30 15:02:35,388 [INFO]     NSE:IOC-EQ | CVD=-29731 vs Ref=-131543 | Close=163.14 vs VAL=162.30
2026-01-30 15:03:35,389 [INFO] 🔍 Scanning for alerts on 9 symbols (5min)...
2026-01-30 15:03:35,579 [INFO]     NSE:TCS-EQ | CVD=125473 vs Ref=-3791 | Close=3135.10 vs VAL=3107.50
2026-01-30 15:03:35,769 [INFO]     NSE:DALBHARAT-EQ | CVD=5285 vs Ref=0 | Close=2066.20 vs VAL=2035.00
2026-01-30 15:03:35,965 [INFO]     NSE:HCLTECH-EQ | CVD=112560 vs Ref=-84045 | Close=1702.30 vs VAL=1688.05
2026-01-30 15:03:36,183 [INFO]     NSE:POLICYBZR-EQ | CVD=299048 vs Ref=-136954 | Close=1659.80 vs VAL=1593.90
2026-01-30 15:03:36,406 [INFO]     NSE:INFY-EQ | CVD=456185 vs Ref=-64332 | Close=1640.50 vs VAL=1621.00
2026-01-30 15:03:36,610 [INFO]     NSE:LICI-EQ | CVD=50170 vs Ref=-12754 | Close=822.40 vs VAL=814.20
2026-01-30 15:03:36,803 [INFO]     NSE:IIFL-EQ | CVD=-644 vs Ref=-49105 | Close=529.60 vs VAL=533.70
2026-01-30 15:03:37,009 [INFO]     NSE:KOTAKBANK-EQ | CVD=2083656 vs Ref=-94870 | Close=409.10 vs VAL=407.40
2026-01-30 15:03:37,231 [INFO]     NSE:IOC-EQ | CVD=-29731 vs Ref=-131543 | Close=163.14 vs VAL=162.30
2026-01-30 15:04:37,232 [INFO] 🔍 Scanning for alerts on 9 symbols (5min)...
2026-01-30 15:04:37,459 [INFO]     NSE:TCS-EQ | CVD=125473 vs Ref=-3791 | Close=3135.10 vs VAL=3107.50
2026-01-30 15:04:37,680 [INFO]     NSE:DALBHARAT-EQ | CVD=5285 vs Ref=0 | Close=2066.20 vs VAL=2035.00
2026-01-30 15:04:37,905 [INFO]     NSE:HCLTECH-EQ | CVD=112560 vs Ref=-84045 | Close=1702.30 vs VAL=1688.05
2026-01-30 15:04:38,123 [INFO]     NSE:POLICYBZR-EQ | CVD=299048 vs Ref=-136954 | Close=1659.80 vs VAL=1593.90
2026-01-30 15:04:38,314 [INFO]     NSE:INFY-EQ | CVD=456185 vs Ref=-64332 | Close=1640.50 vs VAL=1621.00
2026-01-30 15:04:38,489 [INFO]     NSE:LICI-EQ | CVD=50170 vs Ref=-12754 | Close=822.40 vs VAL=814.20
2026-01-30 15:04:38,717 [INFO]     NSE:IIFL-EQ | CVD=-644 vs Ref=-49105 | Close=529.60 vs VAL=533.70
2026-01-30 15:04:38,910 [INFO]     NSE:KOTAKBANK-EQ | CVD=2083656 vs Ref=-94870 | Close=409.10 vs VAL=407.40
2026-01-30 15:04:39,101 [INFO]     NSE:IOC-EQ | CVD=-29731 vs Ref=-131543 | Close=163.14 vs VAL=162.30
2026-01-30 15:05:39,103 [INFO] 🔍 Scanning for alerts on 9 symbols (5min)...
2026-01-30 15:05:39,321 [INFO]     NSE:TCS-EQ | CVD=125473 vs Ref=-3791 | Close=3135.10 vs VAL=3107.50
2026-01-30 15:05:39,511 [INFO]     NSE:DALBHARAT-EQ | CVD=5285 vs Ref=0 | Close=2066.20 vs VAL=2035.00
2026-01-30 15:05:39,728 [INFO]     NSE:HCLTECH-EQ | CVD=112560 vs Ref=-84045 | Close=1702.30 vs VAL=1688.05
2026-01-30 15:05:39,915 [INFO]     NSE:POLICYBZR-EQ | CVD=299048 vs Ref=-136954 | Close=1659.80 vs VAL=1593.90
2026-01-30 15:05:40,132 [INFO]     NSE:INFY-EQ | CVD=456185 vs Ref=-64332 | Close=1640.50 vs VAL=1621.00
2026-01-30 15:05:40,934 [INFO]     NSE:LICI-EQ | CVD=50170 vs Ref=-12754 | Close=822.40 vs VAL=814.20
2026-01-30 15:05:41,116 [INFO]     NSE:IIFL-EQ | CVD=-644 vs Ref=-49105 | Close=529.60 vs VAL=533.70
2026-01-30 15:05:41,305 [INFO]     NSE:KOTAKBANK-EQ | CVD=2083656 vs Ref=-94870 | Close=409.10 vs VAL=407.40
2026-01-30 15:05:41,520 [INFO]     NSE:IOC-EQ | CVD=-29731 vs Ref=-131543 | Close=163.14 vs VAL=162.30
2026-01-30 15:06:41,521 [INFO] 🔍 Scanning for alerts on 9 symbols (5min)...
2026-01-30 15:06:41,719 [INFO]     NSE:TCS-EQ | CVD=170070 vs Ref=-3791 | Close=3122.30 vs VAL=3107.50
2026-01-30 15:06:41,926 [INFO]     NSE:DALBHARAT-EQ | CVD=4090 vs Ref=0 | Close=2066.70 vs VAL=2035.00
2026-01-30 15:06:42,109 [INFO]     NSE:HCLTECH-EQ | CVD=-59617 vs Ref=-84045 | Close=1698.60 vs VAL=1688.05
2026-01-30 15:06:42,299 [INFO]     NSE:POLICYBZR-EQ | CVD=251285 vs Ref=-136954 | Close=1652.50 vs VAL=1593.90
2026-01-30 15:06:42,488 [INFO]     NSE:INFY-EQ | CVD=606702 vs Ref=-64332 | Close=1640.00 vs VAL=1621.00
2026-01-30 15:06:42,721 [INFO]     NSE:LICI-EQ | CVD=65425 vs Ref=-12754 | Close=823.90 vs VAL=814.20
2026-01-30 15:06:42,918 [INFO]     NSE:IIFL-EQ | CVD=115452 vs Ref=-49105 | Close=529.25 vs VAL=533.70
2026-01-30 15:06:43,121 [INFO]     NSE:KOTAKBANK-EQ | CVD=1806715 vs Ref=-94870 | Close=407.70 vs VAL=407.40
2026-01-30 15:06:43,314 [INFO]     NSE:IOC-EQ | CVD=-83108 vs Ref=-131543 | Close=163.48 vs VAL=162.30
2026-01-30 15:07:43,316 [INFO] 🔍 Scanning for alerts on 9 symbols (5min)...
2026-01-30 15:07:43,514 [INFO]     NSE:TCS-EQ | CVD=170070 vs Ref=-3791 | Close=3122.30 vs VAL=3107.50
2026-01-30 15:07:43,683 [INFO]     NSE:DALBHARAT-EQ | CVD=4090 vs Ref=0 | Close=2066.70 vs VAL=2035.00
2026-01-30 15:07:43,878 [INFO]     NSE:HCLTECH-EQ | CVD=-59617 vs Ref=-84045 | Close=1698.60 vs VAL=1688.05
2026-01-30 15:07:44,048 [INFO]     NSE:POLICYBZR-EQ | CVD=251285 vs Ref=-136954 | Close=1652.50 vs VAL=1593.90
2026-01-30 15:07:44,236 [INFO]     NSE:INFY-EQ | CVD=606702 vs Ref=-64332 | Close=1640.00 vs VAL=1621.00
2026-01-30 15:07:44,436 [INFO]     NSE:LICI-EQ | CVD=65425 vs Ref=-12754 | Close=823.90 vs VAL=814.20
2026-01-30 15:07:44,636 [INFO]     NSE:IIFL-EQ | CVD=115452 vs Ref=-49105 | Close=529.25 vs VAL=533.70
2026-01-30 15:07:44,833 [INFO]     NSE:KOTAKBANK-EQ | CVD=1806715 vs Ref=-94870 | Close=407.70 vs VAL=407.40
2026-01-30 15:07:45,038 [INFO]     NSE:IOC-EQ | CVD=-83108 vs Ref=-131543 | Close=163.48 vs VAL=162.30
2026-01-30 15:08:45,040 [INFO] 🔍 Scanning for alerts on 9 symbols (5min)...
2026-01-30 15:08:45,280 [INFO]     NSE:TCS-EQ | CVD=170070 vs Ref=-3791 | Close=3122.30 vs VAL=3107.50
2026-01-30 15:08:45,461 [INFO]     NSE:DALBHARAT-EQ | CVD=4090 vs Ref=0 | Close=2066.70 vs VAL=2035.00
2026-01-30 15:08:46,264 [INFO]     NSE:HCLTECH-EQ | CVD=-59617 vs Ref=-84045 | Close=1698.60 vs VAL=1688.05
2026-01-30 15:08:46,441 [INFO]     NSE:POLICYBZR-EQ | CVD=251285 vs Ref=-136954 | Close=1652.50 vs VAL=1593.90
2026-01-30 15:08:46,634 [INFO]     NSE:INFY-EQ | CVD=606702 vs Ref=-64332 | Close=1640.00 vs VAL=1621.00
2026-01-30 15:08:46,829 [INFO]     NSE:LICI-EQ | CVD=65425 vs Ref=-12754 | Close=823.90 vs VAL=814.20
2026-01-30 15:08:47,009 [INFO]     NSE:IIFL-EQ | CVD=115452 vs Ref=-49105 | Close=529.25 vs VAL=533.70
2026-01-30 15:08:47,198 [INFO]     NSE:KOTAKBANK-EQ | CVD=1806715 vs Ref=-94870 | Close=407.70 vs VAL=407.40
2026-01-30 15:08:47,421 [INFO]     NSE:IOC-EQ | CVD=-83108 vs Ref=-131543 | Close=163.48 vs VAL=162.30
2026-01-30 15:09:47,422 [INFO] 🔍 Scanning for alerts on 9 symbols (5min)...
2026-01-30 15:09:47,626 [INFO]     NSE:TCS-EQ | CVD=170070 vs Ref=-3791 | Close=3122.30 vs VAL=3107.50
2026-01-30 15:09:47,869 [INFO]     NSE:DALBHARAT-EQ | CVD=4090 vs Ref=0 | Close=2066.70 vs VAL=2035.00
2026-01-30 15:09:48,086 [INFO]     NSE:HCLTECH-EQ | CVD=-59617 vs Ref=-84045 | Close=1698.60 vs VAL=1688.05
2026-01-30 15:09:48,275 [INFO]     NSE:POLICYBZR-EQ | CVD=251285 vs Ref=-136954 | Close=1652.50 vs VAL=1593.90
2026-01-30 15:09:48,484 [INFO]     NSE:INFY-EQ | CVD=606702 vs Ref=-64332 | Close=1640.00 vs VAL=1621.00
2026-01-30 15:09:48,697 [INFO]     NSE:LICI-EQ | CVD=65425 vs Ref=-12754 | Close=823.90 vs VAL=814.20
2026-01-30 15:09:48,874 [INFO]     NSE:IIFL-EQ | CVD=115452 vs Ref=-49105 | Close=529.25 vs VAL=533.70
2026-01-30 15:09:49,098 [INFO]     NSE:KOTAKBANK-EQ | CVD=1806715 vs Ref=-94870 | Close=407.70 vs VAL=407.40
2026-01-30 15:09:49,282 [INFO]     NSE:IOC-EQ | CVD=-83108 vs Ref=-131543 | Close=163.48 vs VAL=162.30
2026-01-30 15:10:49,284 [INFO] 🔍 Scanning for alerts on 9 symbols (5min)...
2026-01-30 15:10:49,524 [INFO]     NSE:TCS-EQ | CVD=170070 vs Ref=-3791 | Close=3122.30 vs VAL=3107.50
2026-01-30 15:10:49,681 [INFO]     NSE:DALBHARAT-EQ | CVD=4090 vs Ref=0 | Close=2066.70 vs VAL=2035.00
2026-01-30 15:10:49,885 [INFO]     NSE:HCLTECH-EQ | CVD=-59617 vs Ref=-84045 | Close=1698.60 vs VAL=1688.05
2026-01-30 15:10:50,098 [INFO]     NSE:POLICYBZR-EQ | CVD=251285 vs Ref=-136954 | Close=1652.50 vs VAL=1593.90
2026-01-30 15:10:50,336 [INFO]     NSE:INFY-EQ | CVD=606702 vs Ref=-64332 | Close=1640.00 vs VAL=1621.00
2026-01-30 15:10:50,532 [INFO]     NSE:LICI-EQ | CVD=65425 vs Ref=-12754 | Close=823.90 vs VAL=814.20
2026-01-30 15:10:50,707 [INFO]     NSE:IIFL-EQ | CVD=115452 vs Ref=-49105 | Close=529.25 vs VAL=533.70
2026-01-30 15:10:50,909 [INFO]     NSE:KOTAKBANK-EQ | CVD=1806715 vs Ref=-94870 | Close=407.70 vs VAL=407.40
2026-01-30 15:10:51,097 [INFO]     NSE:IOC-EQ | CVD=-83108 vs Ref=-131543 | Close=163.48 vs VAL=162.30
2026-01-30 15:11:51,099 [INFO] 🔍 Scanning for alerts on 9 symbols (5min)...
2026-01-30 15:11:51,292 [INFO]     NSE:TCS-EQ | CVD=181999 vs Ref=-3791 | Close=3120.50 vs VAL=3107.50
2026-01-30 15:11:51,456 [INFO]     NSE:DALBHARAT-EQ | CVD=6239 vs Ref=0 | Close=2068.70 vs VAL=2035.00
2026-01-30 15:11:51,640 [INFO]     NSE:HCLTECH-EQ | CVD=-55563 vs Ref=-84045 | Close=1697.90 vs VAL=1688.05
2026-01-30 15:11:51,860 [INFO]     NSE:POLICYBZR-EQ | CVD=256134 vs Ref=-136954 | Close=1654.70 vs VAL=1593.90
2026-01-30 15:11:52,024 [INFO]     NSE:INFY-EQ | CVD=815338 vs Ref=-64332 | Close=1640.90 vs VAL=1621.00
2026-01-30 15:11:52,231 [INFO]     NSE:LICI-EQ | CVD=57546 vs Ref=-12754 | Close=824.00 vs VAL=814.20
2026-01-30 15:11:54,109 [INFO]     NSE:IIFL-EQ | CVD=85427 vs Ref=-49105 | Close=529.55 vs VAL=533.70
2026-01-30 15:11:54,280 [INFO]     NSE:KOTAKBANK-EQ | CVD=2464593 vs Ref=-94870 | Close=408.00 vs VAL=407.40
2026-01-30 15:11:54,483 [INFO]     NSE:IOC-EQ | CVD=-203962 vs Ref=-131543 | Close=163.42 vs VAL=162.30
2026-01-30 15:12:54,485 [INFO] 🔍 Scanning for alerts on 9 symbols (5min)...
2026-01-30 15:12:54,668 [INFO]     NSE:TCS-EQ | CVD=181999 vs Ref=-3791 | Close=3120.50 vs VAL=3107.50
2026-01-30 15:12:54,867 [INFO]     NSE:DALBHARAT-EQ | CVD=6239 vs Ref=0 | Close=2068.70 vs VAL=2035.00
2026-01-30 15:12:55,046 [INFO]     NSE:HCLTECH-EQ | CVD=-55563 vs Ref=-84045 | Close=1697.90 vs VAL=1688.05
2026-01-30 15:12:55,235 [INFO]     NSE:POLICYBZR-EQ | CVD=256134 vs Ref=-136954 | Close=1654.70 vs VAL=1593.90
2026-01-30 15:12:55,472 [INFO]     NSE:INFY-EQ | CVD=815338 vs Ref=-64332 | Close=1640.90 vs VAL=1621.00
2026-01-30 15:12:57,267 [INFO]     NSE:LICI-EQ | CVD=57546 vs Ref=-12754 | Close=824.00 vs VAL=814.20
2026-01-30 15:12:57,485 [INFO]     NSE:IIFL-EQ | CVD=85427 vs Ref=-49105 | Close=529.55 vs VAL=533.70
2026-01-30 15:12:57,671 [INFO]     NSE:KOTAKBANK-EQ | CVD=2464593 vs Ref=-94870 | Close=408.00 vs VAL=407.40
2026-01-30 15:12:57,877 [INFO]     NSE:IOC-EQ | CVD=-203962 vs Ref=-131543 | Close=163.42 vs VAL=162.30
2026-01-30 15:13:57,879 [INFO] 🔍 Scanning for alerts on 9 symbols (5min)...
2026-01-30 15:13:58,087 [INFO]     NSE:TCS-EQ | CVD=181999 vs Ref=-3791 | Close=3120.50 vs VAL=3107.50
2026-01-30 15:13:58,284 [INFO]     NSE:DALBHARAT-EQ | CVD=6239 vs Ref=0 | Close=2068.70 vs VAL=2035.00
2026-01-30 15:13:58,507 [INFO]     NSE:HCLTECH-EQ | CVD=-55563 vs Ref=-84045 | Close=1697.90 vs VAL=1688.05
2026-01-30 15:14:00,480 [INFO]     NSE:POLICYBZR-EQ | CVD=256134 vs Ref=-136954 | Close=1654.70 vs VAL=1593.90
2026-01-30 15:14:00,702 [INFO]     NSE:INFY-EQ | CVD=815338 vs Ref=-64332 | Close=1640.90 vs VAL=1621.00
2026-01-30 15:14:00,894 [INFO]     NSE:LICI-EQ | CVD=57546 vs Ref=-12754 | Close=824.00 vs VAL=814.20
2026-01-30 15:14:01,093 [INFO]     NSE:IIFL-EQ | CVD=85427 vs Ref=-49105 | Close=529.55 vs VAL=533.70
2026-01-30 15:14:01,351 [INFO]     NSE:KOTAKBANK-EQ | CVD=2464593 vs Ref=-94870 | Close=408.00 vs VAL=407.40
2026-01-30 15:14:01,571 [INFO]     NSE:IOC-EQ | CVD=-203962 vs Ref=-131543 | Close=163.42 vs VAL=162.30
2026-01-30 15:15:01,572 [INFO] 🔍 Scanning for alerts on 9 symbols (5min)...
2026-01-30 15:15:02,250 [INFO]     NSE:TCS-EQ | CVD=181999 vs Ref=-3791 | Close=3120.50 vs VAL=3107.50
2026-01-30 15:15:02,445 [INFO]     NSE:DALBHARAT-EQ | CVD=6239 vs Ref=0 | Close=2068.70 vs VAL=2035.00
2026-01-30 15:15:02,662 [INFO]     NSE:HCLTECH-EQ | CVD=-55563 vs Ref=-84045 | Close=1697.90 vs VAL=1688.05
2026-01-30 15:15:02,865 [INFO]     NSE:POLICYBZR-EQ | CVD=256134 vs Ref=-136954 | Close=1654.70 vs VAL=1593.90
2026-01-30 15:15:03,175 [INFO]     NSE:INFY-EQ | CVD=815338 vs Ref=-64332 | Close=1640.90 vs VAL=1621.00
2026-01-30 15:15:03,454 [INFO]     NSE:LICI-EQ | CVD=57546 vs Ref=-12754 | Close=824.00 vs VAL=814.20
2026-01-30 15:15:03,681 [INFO]     NSE:IIFL-EQ | CVD=85427 vs Ref=-49105 | Close=529.55 vs VAL=533.70
2026-01-30 15:15:03,955 [INFO]     NSE:KOTAKBANK-EQ | CVD=2464593 vs Ref=-94870 | Close=408.00 vs VAL=407.40
2026-01-30 15:15:04,135 [INFO]     NSE:IOC-EQ | CVD=-203962 vs Ref=-131543 | Close=163.42 vs VAL=162.30
2026-01-30 15:16:04,137 [INFO] 🔍 Scanning for alerts on 9 symbols (5min)...
2026-01-30 15:16:04,412 [INFO]     NSE:TCS-EQ | CVD=404856 vs Ref=-3791 | Close=3123.30 vs VAL=3107.50
2026-01-30 15:16:04,644 [INFO]     NSE:DALBHARAT-EQ | CVD=9912 vs Ref=0 | Close=2070.00 vs VAL=2035.00
2026-01-30 15:16:04,848 [INFO]     NSE:HCLTECH-EQ | CVD=-106005 vs Ref=-84045 | Close=1697.90 vs VAL=1688.05
2026-01-30 15:16:05,029 [INFO]     NSE:POLICYBZR-EQ | CVD=227041 vs Ref=-136954 | Close=1651.60 vs VAL=1593.90
2026-01-30 15:16:05,229 [INFO]     NSE:INFY-EQ | CVD=931891 vs Ref=-64332 | Close=1641.00 vs VAL=1621.00
2026-01-30 15:16:05,437 [INFO]     NSE:LICI-EQ | CVD=48199 vs Ref=-12754 | Close=822.95 vs VAL=814.20
2026-01-30 15:16:05,630 [INFO]     NSE:IIFL-EQ | CVD=78505 vs Ref=-49105 | Close=527.80 vs VAL=533.70
2026-01-30 15:16:05,850 [INFO]     NSE:KOTAKBANK-EQ | CVD=2393092 vs Ref=-94870 | Close=407.80 vs VAL=407.40
2026-01-30 15:16:06,011 [INFO]     NSE:IOC-EQ | CVD=-582625 vs Ref=-131543 | Close=163.15 vs VAL=162.30
2026-01-30 15:17:06,013 [INFO] 🔍 Scanning for alerts on 9 symbols (5min)...
2026-01-30 15:17:06,216 [INFO]     NSE:TCS-EQ | CVD=404856 vs Ref=-3791 | Close=3123.30 vs VAL=3107.50
2026-01-30 15:17:06,404 [INFO]     NSE:DALBHARAT-EQ | CVD=9912 vs Ref=0 | Close=2070.00 vs VAL=2035.00
2026-01-30 15:17:06,590 [INFO]     NSE:HCLTECH-EQ | CVD=-106005 vs Ref=-84045 | Close=1697.90 vs VAL=1688.05
2026-01-30 15:17:06,776 [INFO]     NSE:POLICYBZR-EQ | CVD=227041 vs Ref=-136954 | Close=1651.60 vs VAL=1593.90
2026-01-30 15:17:06,960 [INFO]     NSE:INFY-EQ | CVD=931891 vs Ref=-64332 | Close=1641.00 vs VAL=1621.00
2026-01-30 15:17:07,175 [INFO]     NSE:LICI-EQ | CVD=48199 vs Ref=-12754 | Close=822.95 vs VAL=814.20
2026-01-30 15:17:07,335 [INFO]     NSE:IIFL-EQ | CVD=78505 vs Ref=-49105 | Close=527.80 vs VAL=533.70
2026-01-30 15:17:07,521 [INFO]     NSE:KOTAKBANK-EQ | CVD=2393092 vs Ref=-94870 | Close=407.80 vs VAL=407.40
2026-01-30 15:17:07,706 [INFO]     NSE:IOC-EQ | CVD=-582625 vs Ref=-131543 | Close=163.15 vs VAL=162.30
2026-01-30 15:18:07,707 [INFO] 🔍 Scanning for alerts on 9 symbols (5min)...
2026-01-30 15:18:07,934 [INFO]     NSE:TCS-EQ | CVD=404856 vs Ref=-3791 | Close=3123.30 vs VAL=3107.50
2026-01-30 15:18:08,119 [INFO]     NSE:DALBHARAT-EQ | CVD=9912 vs Ref=0 | Close=2070.00 vs VAL=2035.00
2026-01-30 15:18:08,299 [INFO]     NSE:HCLTECH-EQ | CVD=-106005 vs Ref=-84045 | Close=1697.90 vs VAL=1688.05
2026-01-30 15:18:08,482 [INFO]     NSE:POLICYBZR-EQ | CVD=227041 vs Ref=-136954 | Close=1651.60 vs VAL=1593.90
2026-01-30 15:18:08,688 [INFO]     NSE:INFY-EQ | CVD=931891 vs Ref=-64332 | Close=1641.00 vs VAL=1621.00
2026-01-30 15:18:08,921 [INFO]     NSE:LICI-EQ | CVD=48199 vs Ref=-12754 | Close=822.95 vs VAL=814.20
2026-01-30 15:18:09,108 [INFO]     NSE:IIFL-EQ | CVD=78505 vs Ref=-49105 | Close=527.80 vs VAL=533.70
2026-01-30 15:18:09,290 [INFO]     NSE:KOTAKBANK-EQ | CVD=2393092 vs Ref=-94870 | Close=407.80 vs VAL=407.40
2026-01-30 15:18:09,470 [INFO]     NSE:IOC-EQ | CVD=-582625 vs Ref=-131543 | Close=163.15 vs VAL=162.30
2026-01-30 15:19:09,471 [INFO] 🔍 Scanning for alerts on 9 symbols (5min)...
2026-01-30 15:19:09,646 [INFO]     NSE:TCS-EQ | CVD=404856 vs Ref=-3791 | Close=3123.30 vs VAL=3107.50
2026-01-30 15:19:09,841 [INFO]     NSE:DALBHARAT-EQ | CVD=9912 vs Ref=0 | Close=2070.00 vs VAL=2035.00
2026-01-30 15:19:10,062 [INFO]     NSE:HCLTECH-EQ | CVD=-106005 vs Ref=-84045 | Close=1697.90 vs VAL=1688.05
2026-01-30 15:19:10,231 [INFO]     NSE:POLICYBZR-EQ | CVD=227041 vs Ref=-136954 | Close=1651.60 vs VAL=1593.90
2026-01-30 15:19:10,414 [INFO]     NSE:INFY-EQ | CVD=931891 vs Ref=-64332 | Close=1641.00 vs VAL=1621.00
2026-01-30 15:19:10,625 [INFO]     NSE:LICI-EQ | CVD=48199 vs Ref=-12754 | Close=822.95 vs VAL=814.20
2026-01-30 15:19:10,812 [INFO]     NSE:IIFL-EQ | CVD=78505 vs Ref=-49105 | Close=527.80 vs VAL=533.70
2026-01-30 15:19:11,006 [INFO]     NSE:KOTAKBANK-EQ | CVD=2393092 vs Ref=-94870 | Close=407.80 vs VAL=407.40
2026-01-30 15:19:11,233 [INFO]     NSE:IOC-EQ | CVD=-582625 vs Ref=-131543 | Close=163.15 vs VAL=162.30
2026-01-30 15:20:11,235 [INFO] 🔍 Scanning for alerts on 9 symbols (5min)...
2026-01-30 15:20:11,469 [INFO]     NSE:TCS-EQ | CVD=404856 vs Ref=-3791 | Close=3123.30 vs VAL=3107.50
2026-01-30 15:20:11,628 [INFO]     NSE:DALBHARAT-EQ | CVD=9912 vs Ref=0 | Close=2070.00 vs VAL=2035.00
2026-01-30 15:20:11,809 [INFO]     NSE:HCLTECH-EQ | CVD=-106005 vs Ref=-84045 | Close=1697.90 vs VAL=1688.05
2026-01-30 15:20:11,989 [INFO]     NSE:POLICYBZR-EQ | CVD=227041 vs Ref=-136954 | Close=1651.60 vs VAL=1593.90
2026-01-30 15:20:12,149 [INFO]     NSE:INFY-EQ | CVD=931891 vs Ref=-64332 | Close=1641.00 vs VAL=1621.00
2026-01-30 15:20:12,338 [INFO]     NSE:LICI-EQ | CVD=48199 vs Ref=-12754 | Close=822.95 vs VAL=814.20
2026-01-30 15:20:12,571 [INFO]     NSE:IIFL-EQ | CVD=78505 vs Ref=-49105 | Close=527.80 vs VAL=533.70
2026-01-30 15:20:12,757 [INFO]     NSE:KOTAKBANK-EQ | CVD=2393092 vs Ref=-94870 | Close=407.80 vs VAL=407.40
2026-01-30 15:20:12,942 [INFO]     NSE:IOC-EQ | CVD=-582625 vs Ref=-131543 | Close=163.15 vs VAL=162.30
2026-01-30 15:21:12,944 [INFO] 🔍 Scanning for alerts on 9 symbols (5min)...
2026-01-30 15:21:13,161 [INFO]     NSE:TCS-EQ | CVD=578663 vs Ref=-3791 | Close=3122.80 vs VAL=3107.50
2026-01-30 15:21:13,350 [INFO]     NSE:DALBHARAT-EQ | CVD=5765 vs Ref=0 | Close=2065.20 vs VAL=2035.00
2026-01-30 15:21:13,568 [INFO]     NSE:HCLTECH-EQ | CVD=-149643 vs Ref=-84045 | Close=1694.80 vs VAL=1688.05
2026-01-30 15:21:13,791 [INFO]     NSE:POLICYBZR-EQ | CVD=251484 vs Ref=-136954 | Close=1655.50 vs VAL=1593.90
2026-01-30 15:21:13,981 [INFO]     NSE:INFY-EQ | CVD=1178418 vs Ref=-64332 | Close=1640.90 vs VAL=1621.00
2026-01-30 15:21:14,163 [INFO]     NSE:LICI-EQ | CVD=44875 vs Ref=-12754 | Close=823.40 vs VAL=814.20
2026-01-30 15:21:14,401 [INFO]     NSE:IIFL-EQ | CVD=109208 vs Ref=-49105 | Close=527.90 vs VAL=533.70
2026-01-30 15:21:14,601 [INFO]     NSE:KOTAKBANK-EQ | CVD=2590925 vs Ref=-94870 | Close=408.10 vs VAL=407.40
2026-01-30 15:21:14,817 [INFO]     NSE:IOC-EQ | CVD=-859823 vs Ref=-131543 | Close=163.03 vs VAL=162.30
2026-01-30 15:22:14,818 [INFO] 🔍 Scanning for alerts on 9 symbols (5min)...
2026-01-30 15:22:15,036 [INFO]     NSE:TCS-EQ | CVD=578663 vs Ref=-3791 | Close=3122.80 vs VAL=3107.50
2026-01-30 15:22:15,256 [INFO]     NSE:DALBHARAT-EQ | CVD=5765 vs Ref=0 | Close=2065.20 vs VAL=2035.00
2026-01-30 15:22:15,432 [INFO]     NSE:HCLTECH-EQ | CVD=-149643 vs Ref=-84045 | Close=1694.80 vs VAL=1688.05
2026-01-30 15:22:15,619 [INFO]     NSE:POLICYBZR-EQ | CVD=251484 vs Ref=-136954 | Close=1655.50 vs VAL=1593.90
2026-01-30 15:22:15,826 [INFO]     NSE:INFY-EQ | CVD=1178418 vs Ref=-64332 | Close=1640.90 vs VAL=1621.00
2026-01-30 15:22:16,106 [INFO]     NSE:LICI-EQ | CVD=44875 vs Ref=-12754 | Close=823.40 vs VAL=814.20
2026-01-30 15:22:16,305 [INFO]     NSE:IIFL-EQ | CVD=109208 vs Ref=-49105 | Close=527.90 vs VAL=533.70
2026-01-30 15:22:16,490 [INFO]     NSE:KOTAKBANK-EQ | CVD=2590925 vs Ref=-94870 | Close=408.10 vs VAL=407.40
2026-01-30 15:22:16,690 [INFO]     NSE:IOC-EQ | CVD=-859823 vs Ref=-131543 | Close=163.03 vs VAL=162.30
2026-01-30 15:23:16,691 [INFO] 🔍 Scanning for alerts on 9 symbols (5min)...
2026-01-30 15:23:16,920 [INFO]     NSE:TCS-EQ | CVD=578663 vs Ref=-3791 | Close=3122.80 vs VAL=3107.50
2026-01-30 15:23:17,146 [INFO]     NSE:DALBHARAT-EQ | CVD=5765 vs Ref=0 | Close=2065.20 vs VAL=2035.00
2026-01-30 15:23:17,331 [INFO]     NSE:HCLTECH-EQ | CVD=-149643 vs Ref=-84045 | Close=1694.80 vs VAL=1688.05
2026-01-30 15:23:17,501 [INFO]     NSE:POLICYBZR-EQ | CVD=251484 vs Ref=-136954 | Close=1655.50 vs VAL=1593.90
2026-01-30 15:23:17,686 [INFO]     NSE:INFY-EQ | CVD=1178418 vs Ref=-64332 | Close=1640.90 vs VAL=1621.00
2026-01-30 15:23:17,907 [INFO]     NSE:LICI-EQ | CVD=44875 vs Ref=-12754 | Close=823.40 vs VAL=814.20
2026-01-30 15:23:18,118 [INFO]     NSE:IIFL-EQ | CVD=109208 vs Ref=-49105 | Close=527.90 vs VAL=533.70
2026-01-30 15:23:18,301 [INFO]     NSE:KOTAKBANK-EQ | CVD=2590925 vs Ref=-94870 | Close=408.10 vs VAL=407.40
2026-01-30 15:23:18,492 [INFO]     NSE:IOC-EQ | CVD=-859823 vs Ref=-131543 | Close=163.03 vs VAL=162.30
2026-01-30 15:24:18,493 [INFO] 🔍 Scanning for alerts on 9 symbols (5min)...
2026-01-30 15:24:18,704 [INFO]     NSE:TCS-EQ | CVD=578663 vs Ref=-3791 | Close=3122.80 vs VAL=3107.50
2026-01-30 15:24:18,862 [INFO]     NSE:DALBHARAT-EQ | CVD=5765 vs Ref=0 | Close=2065.20 vs VAL=2035.00
2026-01-30 15:24:19,063 [INFO]     NSE:HCLTECH-EQ | CVD=-149643 vs Ref=-84045 | Close=1694.80 vs VAL=1688.05
2026-01-30 15:24:19,228 [INFO]     NSE:POLICYBZR-EQ | CVD=251484 vs Ref=-136954 | Close=1655.50 vs VAL=1593.90
2026-01-30 15:24:19,406 [INFO]     NSE:INFY-EQ | CVD=1178418 vs Ref=-64332 | Close=1640.90 vs VAL=1621.00
2026-01-30 15:24:19,600 [INFO]     NSE:LICI-EQ | CVD=44875 vs Ref=-12754 | Close=823.40 vs VAL=814.20
2026-01-30 15:24:19,838 [INFO]     NSE:IIFL-EQ | CVD=109208 vs Ref=-49105 | Close=527.90 vs VAL=533.70
2026-01-30 15:24:20,313 [INFO]     NSE:KOTAKBANK-EQ | CVD=2590925 vs Ref=-94870 | Close=408.10 vs VAL=407.40
2026-01-30 15:24:20,539 [INFO]     NSE:IOC-EQ | CVD=-859823 vs Ref=-131543 | Close=163.03 vs VAL=162.30
2026-01-30 15:25:20,540 [INFO] 🔍 Scanning for alerts on 9 symbols (5min)...
2026-01-30 15:25:20,831 [INFO]     NSE:TCS-EQ | CVD=578663 vs Ref=-3791 | Close=3122.80 vs VAL=3107.50
2026-01-30 15:25:21,039 [INFO]     NSE:DALBHARAT-EQ | CVD=5765 vs Ref=0 | Close=2065.20 vs VAL=2035.00
2026-01-30 15:25:21,248 [INFO]     NSE:HCLTECH-EQ | CVD=-149643 vs Ref=-84045 | Close=1694.80 vs VAL=1688.05
2026-01-30 15:25:21,451 [INFO]     NSE:POLICYBZR-EQ | CVD=251484 vs Ref=-136954 | Close=1655.50 vs VAL=1593.90
2026-01-30 15:25:21,698 [INFO]     NSE:INFY-EQ | CVD=1178418 vs Ref=-64332 | Close=1640.90 vs VAL=1621.00
2026-01-30 15:25:21,905 [INFO]     NSE:LICI-EQ | CVD=44875 vs Ref=-12754 | Close=823.40 vs VAL=814.20
2026-01-30 15:25:22,124 [INFO]     NSE:IIFL-EQ | CVD=109208 vs Ref=-49105 | Close=527.90 vs VAL=533.70
2026-01-30 15:25:22,307 [INFO]     NSE:KOTAKBANK-EQ | CVD=2590925 vs Ref=-94870 | Close=408.10 vs VAL=407.40
2026-01-30 15:25:22,476 [INFO]     NSE:IOC-EQ | CVD=-859823 vs Ref=-131543 | Close=163.03 vs VAL=162.30
2026-01-30 15:26:22,478 [INFO] 🔍 Scanning for alerts on 9 symbols (5min)...
2026-01-30 15:26:22,659 [INFO]     NSE:TCS-EQ | CVD=556095 vs Ref=-3791 | Close=3123.50 vs VAL=3107.50
2026-01-30 15:26:22,844 [INFO]     NSE:DALBHARAT-EQ | CVD=12842 vs Ref=0 | Close=2065.80 vs VAL=2035.00
2026-01-30 15:26:23,007 [INFO]     NSE:HCLTECH-EQ | CVD=-236639 vs Ref=-84045 | Close=1690.50 vs VAL=1688.05
2026-01-30 15:26:23,202 [INFO]     NSE:POLICYBZR-EQ | CVD=230769 vs Ref=-136954 | Close=1653.50 vs VAL=1593.90
2026-01-30 15:26:23,416 [INFO]     NSE:INFY-EQ | CVD=1167925 vs Ref=-64332 | Close=1641.60 vs VAL=1621.00
2026-01-30 15:26:23,585 [INFO]     NSE:LICI-EQ | CVD=37831 vs Ref=-12754 | Close=822.85 vs VAL=814.20
2026-01-30 15:26:23,767 [INFO]     NSE:IIFL-EQ | CVD=111227 vs Ref=-49105 | Close=526.15 vs VAL=533.70
2026-01-30 15:26:23,964 [INFO]     NSE:KOTAKBANK-EQ | CVD=2739541 vs Ref=-94870 | Close=407.90 vs VAL=407.40
2026-01-30 15:26:24,159 [INFO]     NSE:IOC-EQ | CVD=-1375372 vs Ref=-131543 | Close=162.85 vs VAL=162.30
2026-01-30 15:27:24,162 [INFO] 🔍 Scanning for alerts on 9 symbols (5min)...
2026-01-30 15:27:24,377 [INFO]     NSE:TCS-EQ | CVD=556095 vs Ref=-3791 | Close=3123.50 vs VAL=3107.50
2026-01-30 15:27:24,577 [INFO]     NSE:DALBHARAT-EQ | CVD=12842 vs Ref=0 | Close=2065.80 vs VAL=2035.00
2026-01-30 15:27:24,777 [INFO]     NSE:HCLTECH-EQ | CVD=-236639 vs Ref=-84045 | Close=1690.50 vs VAL=1688.05
2026-01-30 15:27:24,937 [INFO]     NSE:POLICYBZR-EQ | CVD=230769 vs Ref=-136954 | Close=1653.50 vs VAL=1593.90
2026-01-30 15:27:25,108 [INFO]     NSE:INFY-EQ | CVD=1167925 vs Ref=-64332 | Close=1641.60 vs VAL=1621.00
2026-01-30 15:27:25,289 [INFO]     NSE:LICI-EQ | CVD=37831 vs Ref=-12754 | Close=822.85 vs VAL=814.20
2026-01-30 15:27:25,475 [INFO]     NSE:IIFL-EQ | CVD=111227 vs Ref=-49105 | Close=526.15 vs VAL=533.70
2026-01-30 15:27:25,662 [INFO]     NSE:KOTAKBANK-EQ | CVD=2739541 vs Ref=-94870 | Close=407.90 vs VAL=407.40
2026-01-30 15:27:25,879 [INFO]     NSE:IOC-EQ | CVD=-1375372 vs Ref=-131543 | Close=162.85 vs VAL=162.30
2026-01-30 15:28:25,881 [INFO] 🔍 Scanning for alerts on 9 symbols (5min)...
2026-01-30 15:28:26,168 [INFO]     NSE:TCS-EQ | CVD=556095 vs Ref=-3791 | Close=3123.50 vs VAL=3107.50
2026-01-30 15:28:26,487 [INFO]     NSE:DALBHARAT-EQ | CVD=12842 vs Ref=0 | Close=2065.80 vs VAL=2035.00
2026-01-30 15:28:26,831 [INFO]     NSE:HCLTECH-EQ | CVD=-236639 vs Ref=-84045 | Close=1690.50 vs VAL=1688.05
2026-01-30 15:28:27,144 [INFO]     NSE:POLICYBZR-EQ | CVD=230769 vs Ref=-136954 | Close=1653.50 vs VAL=1593.90
2026-01-30 15:28:27,415 [INFO]     NSE:INFY-EQ | CVD=1167925 vs Ref=-64332 | Close=1641.60 vs VAL=1621.00
2026-01-30 15:28:27,682 [INFO]     NSE:LICI-EQ | CVD=37831 vs Ref=-12754 | Close=822.85 vs VAL=814.20
2026-01-30 15:28:27,953 [INFO]     NSE:IIFL-EQ | CVD=111227 vs Ref=-49105 | Close=526.15 vs VAL=533.70
2026-01-30 15:28:28,233 [INFO]     NSE:KOTAKBANK-EQ | CVD=2739541 vs Ref=-94870 | Close=407.90 vs VAL=407.40
2026-01-30 15:28:28,497 [INFO]     NSE:IOC-EQ | CVD=-1375372 vs Ref=-131543 | Close=162.85 vs VAL=162.30
2026-01-30 15:29:28,500 [INFO] 🔍 Scanning for alerts on 9 symbols (5min)...
2026-01-30 15:29:28,716 [INFO]     NSE:TCS-EQ | CVD=556095 vs Ref=-3791 | Close=3123.50 vs VAL=3107.50
2026-01-30 15:29:28,914 [INFO]     NSE:DALBHARAT-EQ | CVD=12842 vs Ref=0 | Close=2065.80 vs VAL=2035.00
2026-01-30 15:29:29,135 [INFO]     NSE:HCLTECH-EQ | CVD=-236639 vs Ref=-84045 | Close=1690.50 vs VAL=1688.05
2026-01-30 15:29:29,314 [INFO]     NSE:POLICYBZR-EQ | CVD=230769 vs Ref=-136954 | Close=1653.50 vs VAL=1593.90
2026-01-30 15:29:29,510 [INFO]     NSE:INFY-EQ | CVD=1167925 vs Ref=-64332 | Close=1641.60 vs VAL=1621.00
2026-01-30 15:29:29,732 [INFO]     NSE:LICI-EQ | CVD=37831 vs Ref=-12754 | Close=822.85 vs VAL=814.20
2026-01-30 15:29:29,944 [INFO]     NSE:IIFL-EQ | CVD=111227 vs Ref=-49105 | Close=526.15 vs VAL=533.70
2026-01-30 15:29:30,099 [INFO]     NSE:KOTAKBANK-EQ | CVD=2739541 vs Ref=-94870 | Close=407.90 vs VAL=407.40
2026-01-30 15:29:30,284 [INFO]     NSE:IOC-EQ | CVD=-1375372 vs Ref=-131543 | Close=162.85 vs VAL=162.30
2026-01-30 15:30:30,286 [INFO] 🔍 Scanning for alerts on 9 symbols (5min)...
2026-01-30 15:30:30,474 [INFO]     NSE:TCS-EQ | CVD=556095 vs Ref=-3791 | Close=3123.50 vs VAL=3107.50
2026-01-30 15:30:30,641 [INFO]     NSE:DALBHARAT-EQ | CVD=12842 vs Ref=0 | Close=2065.80 vs VAL=2035.00
2026-01-30 15:30:30,823 [INFO]     NSE:HCLTECH-EQ | CVD=-236639 vs Ref=-84045 | Close=1690.50 vs VAL=1688.05
2026-01-30 15:30:31,033 [INFO]     NSE:POLICYBZR-EQ | CVD=230769 vs Ref=-136954 | Close=1653.50 vs VAL=1593.90
2026-01-30 15:30:31,213 [INFO]     NSE:INFY-EQ | CVD=1167925 vs Ref=-64332 | Close=1641.60 vs VAL=1621.00
2026-01-30 15:30:31,432 [INFO]     NSE:LICI-EQ | CVD=37831 vs Ref=-12754 | Close=822.85 vs VAL=814.20
2026-01-30 15:30:31,650 [INFO]     NSE:IIFL-EQ | CVD=111227 vs Ref=-49105 | Close=526.15 vs VAL=533.70
2026-01-30 15:30:31,826 [INFO]     NSE:KOTAKBANK-EQ | CVD=2739541 vs Ref=-94870 | Close=407.90 vs VAL=407.40
2026-01-30 15:30:32,006 [INFO]     NSE:IOC-EQ | CVD=-1375372 vs Ref=-131543 | Close=162.85 vs VAL=162.30
2026-01-30 15:31:32,009 [INFO] 🔍 Scanning for alerts on 9 symbols (5min)...
2026-01-30 15:31:32,226 [INFO]     NSE:TCS-EQ | CVD=539293 vs Ref=-3791 | Close=3127.00 vs VAL=3107.50
2026-01-30 15:31:32,444 [INFO]     NSE:DALBHARAT-EQ | CVD=12842 vs Ref=0 | Close=2065.80 vs VAL=2035.00
2026-01-30 15:31:32,665 [INFO]     NSE:HCLTECH-EQ | CVD=-222998 vs Ref=-84045 | Close=1691.40 vs VAL=1688.05
2026-01-30 15:31:33,023 [INFO]     NSE:POLICYBZR-EQ | CVD=174940 vs Ref=-136954 | Close=1648.60 vs VAL=1593.90
2026-01-30 15:31:33,197 [INFO]     NSE:INFY-EQ | CVD=1182225 vs Ref=-64332 | Close=1641.20 vs VAL=1621.00
2026-01-30 15:31:33,393 [INFO]     NSE:LICI-EQ | CVD=119019 vs Ref=-12754 | Close=826.05 vs VAL=814.20
2026-01-30 15:31:33,574 [INFO]     NSE:IIFL-EQ | CVD=111227 vs Ref=-49105 | Close=526.15 vs VAL=533.70
2026-01-30 15:31:33,732 [INFO]     NSE:KOTAKBANK-EQ | CVD=3096794 vs Ref=-94870 | Close=407.50 vs VAL=407.40
2026-01-30 15:31:33,976 [INFO]     NSE:IOC-EQ | CVD=-1503485 vs Ref=-131543 | Close=162.50 vs VAL=162.30
2026-01-30 15:32:33,978 [INFO] 🔍 Scanning for alerts on 9 symbols (5min)...
2026-01-30 15:32:34,172 [INFO]     NSE:TCS-EQ | CVD=539293 vs Ref=-3791 | Close=3127.00 vs VAL=3107.50
2026-01-30 15:32:36,217 [INFO]     NSE:DALBHARAT-EQ | CVD=12842 vs Ref=0 | Close=2065.80 vs VAL=2035.00
2026-01-30 15:32:36,410 [INFO]     NSE:HCLTECH-EQ | CVD=-222998 vs Ref=-84045 | Close=1691.40 vs VAL=1688.05
2026-01-30 15:32:36,594 [INFO]     NSE:POLICYBZR-EQ | CVD=174940 vs Ref=-136954 | Close=1648.60 vs VAL=1593.90
2026-01-30 15:32:36,784 [INFO]     NSE:INFY-EQ | CVD=1182225 vs Ref=-64332 | Close=1641.20 vs VAL=1621.00
2026-01-30 15:32:36,968 [INFO]     NSE:LICI-EQ | CVD=119019 vs Ref=-12754 | Close=826.05 vs VAL=814.20
2026-01-30 15:32:37,162 [INFO]     NSE:IIFL-EQ | CVD=111227 vs Ref=-49105 | Close=526.15 vs VAL=533.70
2026-01-30 15:32:37,372 [INFO]     NSE:KOTAKBANK-EQ | CVD=3096794 vs Ref=-94870 | Close=407.50 vs VAL=407.40
2026-01-30 15:32:37,536 [INFO]     NSE:IOC-EQ | CVD=-1503485 vs Ref=-131543 | Close=162.50 vs VAL=162.30
2026-01-30 15:33:37,538 [INFO] 🔍 Scanning for alerts on 9 symbols (5min)...
2026-01-30 15:33:37,762 [INFO]     NSE:TCS-EQ | CVD=539293 vs Ref=-3791 | Close=3127.00 vs VAL=3107.50
2026-01-30 15:33:37,961 [INFO]     NSE:DALBHARAT-EQ | CVD=11723 vs Ref=0 | Close=2069.90 vs VAL=2035.00
2026-01-30 15:33:38,192 [INFO]     NSE:HCLTECH-EQ | CVD=-222998 vs Ref=-84045 | Close=1691.40 vs VAL=1688.05
2026-01-30 15:33:38,379 [INFO]     NSE:POLICYBZR-EQ | CVD=174940 vs Ref=-136954 | Close=1648.60 vs VAL=1593.90
2026-01-30 15:33:38,588 [INFO]     NSE:INFY-EQ | CVD=1182225 vs Ref=-64332 | Close=1641.20 vs VAL=1621.00
2026-01-30 15:33:38,762 [INFO]     NSE:LICI-EQ | CVD=119019 vs Ref=-12754 | Close=826.05 vs VAL=814.20
2026-01-30 15:33:38,928 [INFO]     NSE:IIFL-EQ | CVD=111227 vs Ref=-49105 | Close=526.15 vs VAL=533.70
2026-01-30 15:33:39,096 [INFO]     NSE:KOTAKBANK-EQ | CVD=3096794 vs Ref=-94870 | Close=407.50 vs VAL=407.40
2026-01-30 15:33:39,267 [INFO]     NSE:IOC-EQ | CVD=-1503485 vs Ref=-131543 | Close=162.50 vs VAL=162.30
2026-01-30 15:34:39,268 [INFO] 🔍 Scanning for alerts on 9 symbols (5min)...
2026-01-30 15:34:39,508 [INFO]     NSE:TCS-EQ | CVD=539293 vs Ref=-3791 | Close=3127.00 vs VAL=3107.50
2026-01-30 15:34:39,688 [INFO]     NSE:DALBHARAT-EQ | CVD=11723 vs Ref=0 | Close=2069.90 vs VAL=2035.00
2026-01-30 15:34:39,872 [INFO]     NSE:HCLTECH-EQ | CVD=-222998 vs Ref=-84045 | Close=1691.40 vs VAL=1688.05
2026-01-30 15:34:40,089 [INFO]     NSE:POLICYBZR-EQ | CVD=174940 vs Ref=-136954 | Close=1648.60 vs VAL=1593.90
2026-01-30 15:34:42,053 [INFO]     NSE:INFY-EQ | CVD=1182225 vs Ref=-64332 | Close=1641.20 vs VAL=1621.00
2026-01-30 15:34:42,239 [INFO]     NSE:LICI-EQ | CVD=119019 vs Ref=-12754 | Close=826.05 vs VAL=814.20
2026-01-30 15:34:42,407 [INFO]     NSE:IIFL-EQ | CVD=111227 vs Ref=-49105 | Close=526.15 vs VAL=533.70
2026-01-30 15:34:42,589 [INFO]     NSE:KOTAKBANK-EQ | CVD=3096794 vs Ref=-94870 | Close=407.50 vs VAL=407.40
2026-01-30 15:34:42,780 [INFO]     NSE:IOC-EQ | CVD=-1503485 vs Ref=-131543 | Close=162.50 vs VAL=162.30
2026-01-30 15:35:42,783 [INFO] 🔍 Scanning for alerts on 9 symbols (5min)...
2026-01-30 15:35:42,999 [INFO]     NSE:TCS-EQ | CVD=539293 vs Ref=-3791 | Close=3127.00 vs VAL=3107.50
2026-01-30 15:35:43,191 [INFO]     NSE:DALBHARAT-EQ | CVD=11723 vs Ref=0 | Close=2069.90 vs VAL=2035.00
2026-01-30 15:35:43,351 [INFO]     NSE:HCLTECH-EQ | CVD=-222998 vs Ref=-84045 | Close=1691.40 vs VAL=1688.05
2026-01-30 15:35:45,236 [INFO]     NSE:POLICYBZR-EQ | CVD=174940 vs Ref=-136954 | Close=1648.60 vs VAL=1593.90
2026-01-30 15:35:45,427 [INFO]     NSE:INFY-EQ | CVD=1182225 vs Ref=-64332 | Close=1641.20 vs VAL=1621.00
2026-01-30 15:35:45,610 [INFO]     NSE:LICI-EQ | CVD=119019 vs Ref=-12754 | Close=826.05 vs VAL=814.20
2026-01-30 15:35:45,803 [INFO]     NSE:IIFL-EQ | CVD=111227 vs Ref=-49105 | Close=526.15 vs VAL=533.70
2026-01-30 15:35:45,986 [INFO]     NSE:KOTAKBANK-EQ | CVD=3096794 vs Ref=-94870 | Close=407.50 vs VAL=407.40
2026-01-30 15:35:46,171 [INFO]     NSE:IOC-EQ | CVD=-1503485 vs Ref=-131543 | Close=162.50 vs VAL=162.30
2026-01-30 15:36:46,173 [INFO] 🔍 Scanning for alerts on 9 symbols (5min)...
2026-01-30 15:36:46,402 [INFO]     NSE:TCS-EQ | CVD=539293 vs Ref=-3791 | Close=3127.00 vs VAL=3107.50
2026-01-30 15:36:48,408 [INFO]     NSE:DALBHARAT-EQ | CVD=11723 vs Ref=0 | Close=2069.90 vs VAL=2035.00
2026-01-30 15:36:48,592 [INFO]     NSE:HCLTECH-EQ | CVD=-222998 vs Ref=-84045 | Close=1691.40 vs VAL=1688.05
2026-01-30 15:36:48,776 [INFO]     NSE:POLICYBZR-EQ | CVD=174940 vs Ref=-136954 | Close=1648.60 vs VAL=1593.90
2026-01-30 15:36:48,974 [INFO]     NSE:INFY-EQ | CVD=1182225 vs Ref=-64332 | Close=1641.20 vs VAL=1621.00
2026-01-30 15:36:49,133 [INFO]     NSE:LICI-EQ | CVD=119019 vs Ref=-12754 | Close=826.05 vs VAL=814.20
2026-01-30 15:36:49,355 [INFO]     NSE:IIFL-EQ | CVD=111227 vs Ref=-49105 | Close=526.15 vs VAL=533.70
2026-01-30 15:36:49,568 [INFO]     NSE:KOTAKBANK-EQ | CVD=3096794 vs Ref=-94870 | Close=407.50 vs VAL=407.40
2026-01-30 15:36:49,760 [INFO]     NSE:IOC-EQ | CVD=-1503485 vs Ref=-131543 | Close=162.50 vs VAL=162.30
2026-01-30 15:37:49,762 [INFO] 🔍 Scanning for alerts on 9 symbols (5min)...
2026-01-30 15:37:49,944 [INFO]     NSE:TCS-EQ | CVD=539293 vs Ref=-3791 | Close=3127.00 vs VAL=3107.50
2026-01-30 15:37:50,143 [INFO]     NSE:DALBHARAT-EQ | CVD=11723 vs Ref=0 | Close=2069.90 vs VAL=2035.00
2026-01-30 15:37:50,362 [INFO]     NSE:HCLTECH-EQ | CVD=-222998 vs Ref=-84045 | Close=1691.40 vs VAL=1688.05
2026-01-30 15:37:50,550 [INFO]     NSE:POLICYBZR-EQ | CVD=174940 vs Ref=-136954 | Close=1648.60 vs VAL=1593.90
2026-01-30 15:37:50,757 [INFO]     NSE:INFY-EQ | CVD=1182225 vs Ref=-64332 | Close=1641.20 vs VAL=1621.00
2026-01-30 15:37:50,926 [INFO]     NSE:LICI-EQ | CVD=119019 vs Ref=-12754 | Close=826.05 vs VAL=814.20
2026-01-30 15:37:51,114 [INFO]     NSE:IIFL-EQ | CVD=111227 vs Ref=-49105 | Close=526.15 vs VAL=533.70
2026-01-30 15:37:52,900 [INFO]     NSE:KOTAKBANK-EQ | CVD=3096794 vs Ref=-94870 | Close=407.50 vs VAL=407.40
2026-01-30 15:37:53,062 [INFO]     NSE:IOC-EQ | CVD=-1503485 vs Ref=-131543 | Close=162.50 vs VAL=162.30
2026-01-30 15:38:53,063 [INFO] 🔍 Scanning for alerts on 9 symbols (5min)...
2026-01-30 15:38:53,271 [INFO]     NSE:TCS-EQ | CVD=539293 vs Ref=-3791 | Close=3127.00 vs VAL=3107.50
2026-01-30 15:38:53,490 [INFO]     NSE:DALBHARAT-EQ | CVD=11723 vs Ref=0 | Close=2069.90 vs VAL=2035.00
2026-01-30 15:38:53,680 [INFO]     NSE:HCLTECH-EQ | CVD=-222998 vs Ref=-84045 | Close=1691.40 vs VAL=1688.05
2026-01-30 15:38:53,896 [INFO]     NSE:POLICYBZR-EQ | CVD=174940 vs Ref=-136954 | Close=1648.60 vs VAL=1593.90
2026-01-30 15:38:54,073 [INFO]     NSE:INFY-EQ | CVD=1182225 vs Ref=-64332 | Close=1641.20 vs VAL=1621.00
2026-01-30 15:38:54,268 [INFO]     NSE:LICI-EQ | CVD=119019 vs Ref=-12754 | Close=826.05 vs VAL=814.20
2026-01-30 15:38:56,088 [INFO]     NSE:IIFL-EQ | CVD=111227 vs Ref=-49105 | Close=526.15 vs VAL=533.70
2026-01-30 15:38:56,278 [INFO]     NSE:KOTAKBANK-EQ | CVD=3096794 vs Ref=-94870 | Close=407.50 vs VAL=407.40
2026-01-30 15:38:56,496 [INFO]     NSE:IOC-EQ | CVD=-1503485 vs Ref=-131543 | Close=162.50 vs VAL=162.30
2026-01-30 15:39:56,498 [INFO] 🔍 Scanning for alerts on 9 symbols (5min)...
2026-01-30 15:39:56,726 [INFO]     NSE:TCS-EQ | CVD=539294 vs Ref=-3791 | Close=3123.90 vs VAL=3107.50
2026-01-30 15:39:56,922 [INFO]     NSE:DALBHARAT-EQ | CVD=11723 vs Ref=0 | Close=2065.50 vs VAL=2035.00
2026-01-30 15:39:57,105 [INFO]     NSE:HCLTECH-EQ | CVD=-223003 vs Ref=-84045 | Close=1695.60 vs VAL=1688.05
2026-01-30 15:39:57,288 [INFO]     NSE:POLICYBZR-EQ | CVD=174940 vs Ref=-136954 | Close=1648.60 vs VAL=1593.90
2026-01-30 15:39:59,260 [INFO]     NSE:INFY-EQ | CVD=1182225 vs Ref=-64332 | Close=1641.20 vs VAL=1621.00
2026-01-30 15:39:59,415 [INFO]     NSE:LICI-EQ | CVD=119019 vs Ref=-12754 | Close=824.50 vs VAL=814.20
2026-01-30 15:39:59,633 [INFO]     NSE:IIFL-EQ | CVD=111227 vs Ref=-49105 | Close=526.15 vs VAL=533.70
2026-01-30 15:39:59,795 [INFO]     NSE:KOTAKBANK-EQ | CVD=3096794 vs Ref=-94870 | Close=407.50 vs VAL=407.40
2026-01-30 15:39:59,965 [INFO]     NSE:IOC-EQ | CVD=-1503071 vs Ref=-131543 | Close=163.24 vs VAL=162.30
2026-01-30 15:40:59,968 [INFO] 🔍 Scanning for alerts on 9 symbols (5min)...
2026-01-30 15:41:00,150 [INFO]     NSE:TCS-EQ | CVD=539294 vs Ref=-3791 | Close=3123.90 vs VAL=3107.50
2026-01-30 15:41:00,335 [INFO]     NSE:DALBHARAT-EQ | CVD=11723 vs Ref=0 | Close=2065.50 vs VAL=2035.00
2026-01-30 15:41:00,532 [INFO]     NSE:HCLTECH-EQ | CVD=-223003 vs Ref=-84045 | Close=1695.60 vs VAL=1688.05
2026-01-30 15:41:00,750 [INFO]     NSE:POLICYBZR-EQ | CVD=174940 vs Ref=-136954 | Close=1654.50 vs VAL=1593.90
2026-01-30 15:41:00,906 [INFO]     NSE:INFY-EQ | CVD=1182226 vs Ref=-64332 | Close=1641.00 vs VAL=1621.00
2026-01-30 15:41:01,082 [INFO]     NSE:LICI-EQ | CVD=119019 vs Ref=-12754 | Close=824.50 vs VAL=814.20
2026-01-30 15:41:01,281 [INFO]     NSE:IIFL-EQ | CVD=103346 vs Ref=-49105 | Close=526.80 vs VAL=533.70
2026-01-30 15:41:01,513 [INFO]     NSE:KOTAKBANK-EQ | CVD=3096794 vs Ref=-94870 | Close=408.00 vs VAL=407.40
2026-01-30 15:41:01,673 [INFO]     NSE:IOC-EQ | CVD=-1503071 vs Ref=-131543 | Close=163.24 vs VAL=162.30
2026-01-30 15:42:01,674 [INFO] 🔍 Scanning for alerts on 9 symbols (5min)...
2026-01-30 15:42:01,898 [INFO]     NSE:TCS-EQ | CVD=539294 vs Ref=-3791 | Close=3123.90 vs VAL=3107.50
2026-01-30 15:42:02,114 [INFO]     NSE:DALBHARAT-EQ | CVD=11723 vs Ref=0 | Close=2065.50 vs VAL=2035.00
2026-01-30 15:42:02,332 [INFO]     NSE:HCLTECH-EQ | CVD=-223003 vs Ref=-84045 | Close=1695.60 vs VAL=1688.05
2026-01-30 15:42:02,519 [INFO]     NSE:POLICYBZR-EQ | CVD=174940 vs Ref=-136954 | Close=1654.50 vs VAL=1593.90
2026-01-30 15:42:02,742 [INFO]     NSE:INFY-EQ | CVD=1182226 vs Ref=-64332 | Close=1641.00 vs VAL=1621.00
2026-01-30 15:42:02,925 [INFO]     NSE:LICI-EQ | CVD=119019 vs Ref=-12754 | Close=824.50 vs VAL=814.20
2026-01-30 15:42:03,087 [INFO]     NSE:IIFL-EQ | CVD=103346 vs Ref=-49105 | Close=528.70 vs VAL=533.70
2026-01-30 15:42:03,306 [INFO]     NSE:KOTAKBANK-EQ | CVD=3096794 vs Ref=-94870 | Close=408.00 vs VAL=407.40
2026-01-30 15:42:03,533 [INFO]     NSE:IOC-EQ | CVD=-1503071 vs Ref=-131543 | Close=163.24 vs VAL=162.30
2026-01-30 15:43:03,534 [INFO] 🔍 Scanning for alerts on 9 symbols (5min)...
2026-01-30 15:43:03,720 [INFO]     NSE:TCS-EQ | CVD=539294 vs Ref=-3791 | Close=3123.90 vs VAL=3107.50
2026-01-30 15:43:03,905 [INFO]     NSE:DALBHARAT-EQ | CVD=11723 vs Ref=0 | Close=2065.50 vs VAL=2035.00
2026-01-30 15:43:04,083 [INFO]     NSE:HCLTECH-EQ | CVD=-223003 vs Ref=-84045 | Close=1695.60 vs VAL=1688.05
2026-01-30 15:43:04,259 [INFO]     NSE:POLICYBZR-EQ | CVD=174940 vs Ref=-136954 | Close=1654.50 vs VAL=1593.90
2026-01-30 15:43:04,474 [INFO]     NSE:INFY-EQ | CVD=1182226 vs Ref=-64332 | Close=1641.00 vs VAL=1621.00
2026-01-30 15:43:04,772 [INFO]     NSE:LICI-EQ | CVD=119019 vs Ref=-12754 | Close=824.50 vs VAL=814.20
2026-01-30 15:43:04,988 [INFO]     NSE:IIFL-EQ | CVD=103346 vs Ref=-49105 | Close=528.70 vs VAL=533.70
2026-01-30 15:43:05,223 [INFO]     NSE:KOTAKBANK-EQ | CVD=3096794 vs Ref=-94870 | Close=408.00 vs VAL=407.40
2026-01-30 15:43:05,448 [INFO]     NSE:IOC-EQ | CVD=-1503071 vs Ref=-131543 | Close=163.24 vs VAL=162.30
2026-01-30 15:44:05,449 [INFO] 🔍 Scanning for alerts on 9 symbols (5min)...
2026-01-30 15:44:05,645 [INFO]     NSE:TCS-EQ | CVD=539294 vs Ref=-3791 | Close=3123.90 vs VAL=3107.50
2026-01-30 15:44:05,890 [INFO]     NSE:DALBHARAT-EQ | CVD=11723 vs Ref=0 | Close=2065.50 vs VAL=2035.00
2026-01-30 15:44:06,107 [INFO]     NSE:HCLTECH-EQ | CVD=-223003 vs Ref=-84045 | Close=1695.60 vs VAL=1688.05
2026-01-30 15:44:06,304 [INFO]     NSE:POLICYBZR-EQ | CVD=174940 vs Ref=-136954 | Close=1654.50 vs VAL=1593.90
2026-01-30 15:44:06,509 [INFO]     NSE:INFY-EQ | CVD=1182226 vs Ref=-64332 | Close=1641.00 vs VAL=1621.00
2026-01-30 15:44:06,698 [INFO]     NSE:LICI-EQ | CVD=119019 vs Ref=-12754 | Close=824.50 vs VAL=814.20
2026-01-30 15:44:06,901 [INFO]     NSE:IIFL-EQ | CVD=103346 vs Ref=-49105 | Close=528.70 vs VAL=533.70
2026-01-30 15:44:07,097 [INFO]     NSE:KOTAKBANK-EQ | CVD=3096794 vs Ref=-94870 | Close=408.00 vs VAL=407.40
2026-01-30 15:44:07,312 [INFO]     NSE:IOC-EQ | CVD=-1503071 vs Ref=-131543 | Close=163.24 vs VAL=162.30
2026-01-30 15:45:07,313 [INFO] 🔍 Scanning for alerts on 9 symbols (5min)...
2026-01-30 15:45:07,517 [INFO]     NSE:TCS-EQ | CVD=539294 vs Ref=-3791 | Close=3123.90 vs VAL=3107.50
2026-01-30 15:45:07,735 [INFO]     NSE:DALBHARAT-EQ | CVD=11723 vs Ref=0 | Close=2065.50 vs VAL=2035.00
2026-01-30 15:45:07,923 [INFO]     NSE:HCLTECH-EQ | CVD=-223003 vs Ref=-84045 | Close=1695.60 vs VAL=1688.05
2026-01-30 15:45:08,148 [INFO]     NSE:POLICYBZR-EQ | CVD=174940 vs Ref=-136954 | Close=1654.50 vs VAL=1593.90
2026-01-30 15:45:08,375 [INFO]     NSE:INFY-EQ | CVD=1182226 vs Ref=-64332 | Close=1641.00 vs VAL=1621.00
2026-01-30 15:45:08,600 [INFO]     NSE:LICI-EQ | CVD=119019 vs Ref=-12754 | Close=824.50 vs VAL=814.20
2026-01-30 15:45:08,842 [INFO]     NSE:IIFL-EQ | CVD=103346 vs Ref=-49105 | Close=528.70 vs VAL=533.70
2026-01-30 15:45:09,094 [INFO]     NSE:KOTAKBANK-EQ | CVD=3096794 vs Ref=-94870 | Close=408.00 vs VAL=407.40
2026-01-30 15:45:09,288 [INFO]     NSE:IOC-EQ | CVD=-1503071 vs Ref=-131543 | Close=163.24 vs VAL=162.30
2026-01-30 15:46:09,290 [INFO] 🔍 Scanning for alerts on 9 symbols (5min)...
2026-01-30 15:46:09,509 [INFO]     NSE:TCS-EQ | CVD=539294 vs Ref=-3791 | Close=3123.90 vs VAL=3107.50
2026-01-30 15:46:09,756 [INFO]     NSE:DALBHARAT-EQ | CVD=11723 vs Ref=0 | Close=2065.50 vs VAL=2035.00
2026-01-30 15:46:10,050 [INFO]     NSE:HCLTECH-EQ | CVD=-223003 vs Ref=-84045 | Close=1695.60 vs VAL=1688.05
2026-01-30 15:46:10,240 [INFO]     NSE:POLICYBZR-EQ | CVD=174940 vs Ref=-136954 | Close=1654.50 vs VAL=1593.90
2026-01-30 15:46:10,435 [INFO]     NSE:INFY-EQ | CVD=1182226 vs Ref=-64332 | Close=1641.00 vs VAL=1621.00
2026-01-30 15:46:10,621 [INFO]     NSE:LICI-EQ | CVD=118927 vs Ref=-12754 | Close=824.50 vs VAL=814.20
2026-01-30 15:46:10,866 [INFO]     NSE:IIFL-EQ | CVD=103346 vs Ref=-49105 | Close=528.70 vs VAL=533.70
2026-01-30 15:46:11,068 [INFO]     NSE:KOTAKBANK-EQ | CVD=3096794 vs Ref=-94870 | Close=408.00 vs VAL=407.40
2026-01-30 15:46:11,266 [INFO]     NSE:IOC-EQ | CVD=-1496576 vs Ref=-131543 | Close=163.24 vs VAL=162.30
2026-01-30 15:47:11,267 [INFO] 🔍 Scanning for alerts on 9 symbols (5min)...
2026-01-30 15:47:11,448 [INFO]     NSE:TCS-EQ | CVD=539247 vs Ref=-3791 | Close=3123.90 vs VAL=3107.50
2026-01-30 15:47:11,669 [INFO]     NSE:DALBHARAT-EQ | CVD=11723 vs Ref=0 | Close=2065.50 vs VAL=2035.00
2026-01-30 15:47:11,848 [INFO]     NSE:HCLTECH-EQ | CVD=-223003 vs Ref=-84045 | Close=1695.60 vs VAL=1688.05
2026-01-30 15:47:12,093 [INFO]     NSE:POLICYBZR-EQ | CVD=174940 vs Ref=-136954 | Close=1654.50 vs VAL=1593.90
2026-01-30 15:47:12,282 [INFO]     NSE:INFY-EQ | CVD=1182066 vs Ref=-64332 | Close=1641.00 vs VAL=1621.00
2026-01-30 15:47:12,470 [INFO]     NSE:LICI-EQ | CVD=118927 vs Ref=-12754 | Close=824.50 vs VAL=814.20
2026-01-30 15:47:12,662 [INFO]     NSE:IIFL-EQ | CVD=104200 vs Ref=-49105 | Close=528.70 vs VAL=533.70
2026-01-30 15:47:12,854 [INFO]     NSE:KOTAKBANK-EQ | CVD=3096867 vs Ref=-94870 | Close=408.00 vs VAL=407.40
2026-01-30 15:47:13,099 [INFO]     NSE:IOC-EQ | CVD=-1496576 vs Ref=-131543 | Close=163.24 vs VAL=162.30
2026-01-30 15:48:13,101 [INFO] 🔍 Scanning for alerts on 9 symbols (5min)...
2026-01-30 15:48:13,333 [INFO]     NSE:TCS-EQ | CVD=539247 vs Ref=-3791 | Close=3123.90 vs VAL=3107.50
2026-01-30 15:48:13,528 [INFO]     NSE:DALBHARAT-EQ | CVD=11723 vs Ref=0 | Close=2065.50 vs VAL=2035.00
2026-01-30 15:48:13,712 [INFO]     NSE:HCLTECH-EQ | CVD=-222332 vs Ref=-84045 | Close=1695.60 vs VAL=1688.05
2026-01-30 15:48:13,948 [INFO]     NSE:POLICYBZR-EQ | CVD=174940 vs Ref=-136954 | Close=1654.50 vs VAL=1593.90
2026-01-30 15:48:14,205 [INFO]     NSE:INFY-EQ | CVD=1182066 vs Ref=-64332 | Close=1641.00 vs VAL=1621.00
2026-01-30 15:48:14,497 [INFO]     NSE:LICI-EQ | CVD=118927 vs Ref=-12754 | Close=824.50 vs VAL=814.20
2026-01-30 15:48:14,724 [INFO]     NSE:IIFL-EQ | CVD=104200 vs Ref=-49105 | Close=528.70 vs VAL=533.70
2026-01-30 15:48:14,947 [INFO]     NSE:KOTAKBANK-EQ | CVD=3096867 vs Ref=-94870 | Close=408.00 vs VAL=407.40
2026-01-30 15:48:15,143 [INFO]     NSE:IOC-EQ | CVD=-1496576 vs Ref=-131543 | Close=163.24 vs VAL=162.30
2026-01-30 15:49:15,145 [INFO] 🔍 Scanning for alerts on 9 symbols (5min)...
2026-01-30 15:49:15,334 [INFO]     NSE:TCS-EQ | CVD=539247 vs Ref=-3791 | Close=3123.90 vs VAL=3107.50
2026-01-30 15:49:15,530 [INFO]     NSE:DALBHARAT-EQ | CVD=11723 vs Ref=0 | Close=2065.50 vs VAL=2035.00
2026-01-30 15:49:15,726 [INFO]     NSE:HCLTECH-EQ | CVD=-222332 vs Ref=-84045 | Close=1695.60 vs VAL=1688.05
2026-01-30 15:49:15,920 [INFO]     NSE:POLICYBZR-EQ | CVD=174940 vs Ref=-136954 | Close=1654.50 vs VAL=1593.90
2026-01-30 15:49:16,180 [INFO]     NSE:INFY-EQ | CVD=1182066 vs Ref=-64332 | Close=1641.00 vs VAL=1621.00
2026-01-30 15:49:16,386 [INFO]     NSE:LICI-EQ | CVD=118927 vs Ref=-12754 | Close=824.50 vs VAL=814.20
2026-01-30 15:49:16,611 [INFO]     NSE:IIFL-EQ | CVD=104200 vs Ref=-49105 | Close=528.70 vs VAL=533.70
2026-01-30 15:49:16,796 [INFO]     NSE:KOTAKBANK-EQ | CVD=3096867 vs Ref=-94870 | Close=408.00 vs VAL=407.40
2026-01-30 15:49:16,989 [INFO]     NSE:IOC-EQ | CVD=-1496576 vs Ref=-131543 | Close=163.24 vs VAL=162.30
2026-01-30 15:50:16,991 [INFO] 🔍 Scanning for alerts on 9 symbols (5min)...
2026-01-30 15:50:17,200 [INFO]     NSE:TCS-EQ | CVD=539247 vs Ref=-3791 | Close=3123.90 vs VAL=3107.50
2026-01-30 15:50:17,424 [INFO]     NSE:DALBHARAT-EQ | CVD=11723 vs Ref=0 | Close=2065.50 vs VAL=2035.00
2026-01-30 15:50:17,607 [INFO]     NSE:HCLTECH-EQ | CVD=-222332 vs Ref=-84045 | Close=1695.60 vs VAL=1688.05
2026-01-30 15:50:17,820 [INFO]     NSE:POLICYBZR-EQ | CVD=174940 vs Ref=-136954 | Close=1654.50 vs VAL=1593.90
2026-01-30 15:50:18,006 [INFO]     NSE:INFY-EQ | CVD=1182066 vs Ref=-64332 | Close=1641.00 vs VAL=1621.00
2026-01-30 15:50:18,204 [INFO]     NSE:LICI-EQ | CVD=118927 vs Ref=-12754 | Close=824.50 vs VAL=814.20
2026-01-30 15:50:18,395 [INFO]     NSE:IIFL-EQ | CVD=104200 vs Ref=-49105 | Close=528.70 vs VAL=533.70
2026-01-30 15:50:18,590 [INFO]     NSE:KOTAKBANK-EQ | CVD=3096867 vs Ref=-94870 | Close=408.00 vs VAL=407.40
2026-01-30 15:50:18,779 [INFO]     NSE:IOC-EQ | CVD=-1496576 vs Ref=-131543 | Close=163.24 vs VAL=162.30
2026-01-30 15:51:18,781 [INFO] 🔍 Scanning for alerts on 9 symbols (5min)...
2026-01-30 15:51:19,020 [INFO]     NSE:TCS-EQ | CVD=539247 vs Ref=-3791 | Close=3123.90 vs VAL=3107.50
2026-01-30 15:51:19,215 [INFO]     NSE:DALBHARAT-EQ | CVD=11723 vs Ref=0 | Close=2065.50 vs VAL=2035.00
2026-01-30 15:51:19,420 [INFO]     NSE:HCLTECH-EQ | CVD=-222332 vs Ref=-84045 | Close=1695.60 vs VAL=1688.05
2026-01-30 15:51:19,608 [INFO]     NSE:POLICYBZR-EQ | CVD=174940 vs Ref=-136954 | Close=1654.50 vs VAL=1593.90
2026-01-30 15:51:19,866 [INFO]     NSE:INFY-EQ | CVD=1181858 vs Ref=-64332 | Close=1641.00 vs VAL=1621.00
2026-01-30 15:51:20,352 [INFO]     NSE:LICI-EQ | CVD=118927 vs Ref=-12754 | Close=824.50 vs VAL=814.20
2026-01-30 15:51:20,729 [INFO]     NSE:IIFL-EQ | CVD=104200 vs Ref=-49105 | Close=528.70 vs VAL=533.70
2026-01-30 15:51:21,024 [INFO]     NSE:KOTAKBANK-EQ | CVD=3096999 vs Ref=-94870 | Close=408.00 vs VAL=407.40
2026-01-30 15:51:21,305 [INFO]     NSE:IOC-EQ | CVD=-1496576 vs Ref=-131543 | Close=163.24 vs VAL=162.30
2026-01-30 15:52:21,307 [INFO] 🔍 Scanning for alerts on 9 symbols (5min)...
2026-01-30 15:52:21,517 [INFO]     NSE:TCS-EQ | CVD=539126 vs Ref=-3791 | Close=3123.90 vs VAL=3107.50
2026-01-30 15:52:21,706 [INFO]     NSE:DALBHARAT-EQ | CVD=11723 vs Ref=0 | Close=2065.50 vs VAL=2035.00
2026-01-30 15:52:21,897 [INFO]     NSE:HCLTECH-EQ | CVD=-222325 vs Ref=-84045 | Close=1695.60 vs VAL=1688.05
2026-01-30 15:52:22,098 [INFO]     NSE:POLICYBZR-EQ | CVD=174940 vs Ref=-136954 | Close=1654.50 vs VAL=1593.90
2026-01-30 15:52:22,319 [INFO]     NSE:INFY-EQ | CVD=1181858 vs Ref=-64332 | Close=1641.00 vs VAL=1621.00
2026-01-30 15:52:22,488 [INFO]     NSE:LICI-EQ | CVD=118927 vs Ref=-12754 | Close=824.50 vs VAL=814.20
2026-01-30 15:52:22,692 [INFO]     NSE:IIFL-EQ | CVD=104200 vs Ref=-49105 | Close=528.70 vs VAL=533.70
2026-01-30 15:52:22,897 [INFO]     NSE:KOTAKBANK-EQ | CVD=3096999 vs Ref=-94870 | Close=408.00 vs VAL=407.40
2026-01-30 15:52:23,136 [INFO]     NSE:IOC-EQ | CVD=-1494402 vs Ref=-131543 | Close=163.24 vs VAL=162.30
2026-01-30 15:53:23,138 [INFO] 🔍 Scanning for alerts on 9 symbols (5min)...
2026-01-30 15:53:23,353 [INFO]     NSE:TCS-EQ | CVD=539126 vs Ref=-3791 | Close=3123.90 vs VAL=3107.50
2026-01-30 15:53:23,576 [INFO]     NSE:DALBHARAT-EQ | CVD=11723 vs Ref=0 | Close=2065.50 vs VAL=2035.00
2026-01-30 15:53:23,755 [INFO]     NSE:HCLTECH-EQ | CVD=-222325 vs Ref=-84045 | Close=1695.60 vs VAL=1688.05
2026-01-30 15:53:23,969 [INFO]     NSE:POLICYBZR-EQ | CVD=174940 vs Ref=-136954 | Close=1654.50 vs VAL=1593.90
2026-01-30 15:53:24,140 [INFO]     NSE:INFY-EQ | CVD=1181858 vs Ref=-64332 | Close=1641.00 vs VAL=1621.00
2026-01-30 15:53:24,347 [INFO]     NSE:LICI-EQ | CVD=118927 vs Ref=-12754 | Close=824.50 vs VAL=814.20
2026-01-30 15:53:24,540 [INFO]     NSE:IIFL-EQ | CVD=104200 vs Ref=-49105 | Close=528.70 vs VAL=533.70
2026-01-30 15:53:24,735 [INFO]     NSE:KOTAKBANK-EQ | CVD=3096999 vs Ref=-94870 | Close=408.00 vs VAL=407.40
2026-01-30 15:53:24,949 [INFO]     NSE:IOC-EQ | CVD=-1494402 vs Ref=-131543 | Close=163.24 vs VAL=162.30
2026-01-30 15:54:24,951 [INFO] 🔍 Scanning for alerts on 9 symbols (5min)...
2026-01-30 15:54:25,144 [INFO]     NSE:TCS-EQ | CVD=539126 vs Ref=-3791 | Close=3123.90 vs VAL=3107.50
2026-01-30 15:54:25,332 [INFO]     NSE:DALBHARAT-EQ | CVD=11723 vs Ref=0 | Close=2065.50 vs VAL=2035.00
2026-01-30 15:54:25,552 [INFO]     NSE:HCLTECH-EQ | CVD=-222325 vs Ref=-84045 | Close=1695.60 vs VAL=1688.05
2026-01-30 15:54:25,742 [INFO]     NSE:POLICYBZR-EQ | CVD=174940 vs Ref=-136954 | Close=1654.50 vs VAL=1593.90
2026-01-30 15:54:25,958 [INFO]     NSE:INFY-EQ | CVD=1181858 vs Ref=-64332 | Close=1641.00 vs VAL=1621.00
2026-01-30 15:54:26,183 [INFO]     NSE:LICI-EQ | CVD=118927 vs Ref=-12754 | Close=824.50 vs VAL=814.20
2026-01-30 15:54:26,406 [INFO]     NSE:IIFL-EQ | CVD=104200 vs Ref=-49105 | Close=528.70 vs VAL=533.70
2026-01-30 15:54:26,597 [INFO]     NSE:KOTAKBANK-EQ | CVD=3096999 vs Ref=-94870 | Close=408.00 vs VAL=407.40
2026-01-30 15:54:26,810 [INFO]     NSE:IOC-EQ | CVD=-1494402 vs Ref=-131543 | Close=163.24 vs VAL=162.30
2026-01-30 15:55:26,812 [INFO] 🔍 Scanning for alerts on 9 symbols (5min)...
2026-01-30 15:55:27,087 [INFO]     NSE:TCS-EQ | CVD=539126 vs Ref=-3791 | Close=3123.90 vs VAL=3107.50
2026-01-30 15:55:27,369 [INFO]     NSE:DALBHARAT-EQ | CVD=11723 vs Ref=0 | Close=2065.50 vs VAL=2035.00
2026-01-30 15:55:27,636 [INFO]     NSE:HCLTECH-EQ | CVD=-222325 vs Ref=-84045 | Close=1695.60 vs VAL=1688.05
2026-01-30 15:55:27,920 [INFO]     NSE:POLICYBZR-EQ | CVD=174940 vs Ref=-136954 | Close=1654.50 vs VAL=1593.90
2026-01-30 15:55:28,196 [INFO]     NSE:INFY-EQ | CVD=1181858 vs Ref=-64332 | Close=1641.00 vs VAL=1621.00
2026-01-30 15:55:28,470 [INFO]     NSE:LICI-EQ | CVD=118927 vs Ref=-12754 | Close=824.50 vs VAL=814.20
2026-01-30 15:55:28,758 [INFO]     NSE:IIFL-EQ | CVD=104200 vs Ref=-49105 | Close=528.70 vs VAL=533.70
2026-01-30 15:55:29,049 [INFO]     NSE:KOTAKBANK-EQ | CVD=3096999 vs Ref=-94870 | Close=408.00 vs VAL=407.40
2026-01-30 15:55:29,340 [INFO]     NSE:IOC-EQ | CVD=-1494402 vs Ref=-131543 | Close=163.24 vs VAL=162.30
2026-01-30 15:56:29,342 [INFO] 🔍 Scanning for alerts on 9 symbols (5min)...
2026-01-30 15:56:29,587 [INFO]     NSE:TCS-EQ | CVD=539126 vs Ref=-3791 | Close=3123.90 vs VAL=3107.50
2026-01-30 15:56:29,810 [INFO]     NSE:DALBHARAT-EQ | CVD=11723 vs Ref=0 | Close=2065.50 vs VAL=2035.00
2026-01-30 15:56:30,059 [INFO]     NSE:HCLTECH-EQ | CVD=-222325 vs Ref=-84045 | Close=1695.60 vs VAL=1688.05
2026-01-30 15:56:30,286 [INFO]     NSE:POLICYBZR-EQ | CVD=174940 vs Ref=-136954 | Close=1654.50 vs VAL=1593.90
2026-01-30 15:56:30,539 [INFO]     NSE:INFY-EQ | CVD=1181858 vs Ref=-64332 | Close=1641.00 vs VAL=1621.00
2026-01-30 15:56:30,761 [INFO]     NSE:LICI-EQ | CVD=118927 vs Ref=-12754 | Close=824.50 vs VAL=814.20
2026-01-30 15:56:30,996 [INFO]     NSE:IIFL-EQ | CVD=104200 vs Ref=-49105 | Close=528.70 vs VAL=533.70
2026-01-30 15:56:31,200 [INFO]     NSE:KOTAKBANK-EQ | CVD=3096999 vs Ref=-94870 | Close=408.00 vs VAL=407.40
2026-01-30 15:56:31,429 [INFO]     NSE:IOC-EQ | CVD=-1494402 vs Ref=-131543 | Close=163.24 vs VAL=162.30
2026-01-30 15:57:31,431 [INFO] 🔍 Scanning for alerts on 9 symbols (5min)...
2026-01-30 15:57:31,651 [INFO]     NSE:TCS-EQ | CVD=539126 vs Ref=-3791 | Close=3123.90 vs VAL=3107.50
2026-01-30 15:57:31,826 [INFO]     NSE:DALBHARAT-EQ | CVD=11723 vs Ref=0 | Close=2065.50 vs VAL=2035.00
2026-01-30 15:57:32,022 [INFO]     NSE:HCLTECH-EQ | CVD=-222325 vs Ref=-84045 | Close=1695.60 vs VAL=1688.05
2026-01-30 15:57:32,226 [INFO]     NSE:POLICYBZR-EQ | CVD=174940 vs Ref=-136954 | Close=1654.50 vs VAL=1593.90
2026-01-30 15:57:32,457 [INFO]     NSE:INFY-EQ | CVD=1181858 vs Ref=-64332 | Close=1641.00 vs VAL=1621.00
2026-01-30 15:57:32,639 [INFO]     NSE:LICI-EQ | CVD=118927 vs Ref=-12754 | Close=824.50 vs VAL=814.20
2026-01-30 15:57:32,872 [INFO]     NSE:IIFL-EQ | CVD=104200 vs Ref=-49105 | Close=528.70 vs VAL=533.70
2026-01-30 15:57:33,089 [INFO]     NSE:KOTAKBANK-EQ | CVD=3096999 vs Ref=-94870 | Close=408.00 vs VAL=407.40
2026-01-30 15:57:33,330 [INFO]     NSE:IOC-EQ | CVD=-1494402 vs Ref=-131543 | Close=163.24 vs VAL=162.30
2026-01-30 15:58:33,332 [INFO] 🔍 Scanning for alerts on 9 symbols (5min)...
2026-01-30 15:58:33,614 [INFO]     NSE:TCS-EQ | CVD=539126 vs Ref=-3791 | Close=3123.90 vs VAL=3107.50
2026-01-30 15:58:33,867 [INFO]     NSE:DALBHARAT-EQ | CVD=11723 vs Ref=0 | Close=2065.50 vs VAL=2035.00
2026-01-30 15:58:34,078 [INFO]     NSE:HCLTECH-EQ | CVD=-222325 vs Ref=-84045 | Close=1695.60 vs VAL=1688.05
2026-01-30 15:58:34,332 [INFO]     NSE:POLICYBZR-EQ | CVD=174940 vs Ref=-136954 | Close=1654.50 vs VAL=1593.90
2026-01-30 15:58:34,762 [INFO]     NSE:INFY-EQ | CVD=1181858 vs Ref=-64332 | Close=1641.00 vs VAL=1621.00
2026-01-30 15:58:34,993 [INFO]     NSE:LICI-EQ | CVD=118927 vs Ref=-12754 | Close=824.50 vs VAL=814.20
2026-01-30 15:58:35,220 [INFO]     NSE:IIFL-EQ | CVD=104200 vs Ref=-49105 | Close=528.70 vs VAL=533.70
2026-01-30 15:58:35,428 [INFO]     NSE:KOTAKBANK-EQ | CVD=3096999 vs Ref=-94870 | Close=408.00 vs VAL=407.40
2026-01-30 15:58:35,635 [INFO]     NSE:IOC-EQ | CVD=-1494402 vs Ref=-131543 | Close=163.24 vs VAL=162.30
2026-01-30 15:59:35,638 [INFO] 🔍 Scanning for alerts on 9 symbols (5min)...
2026-01-30 15:59:35,959 [INFO]     NSE:TCS-EQ | CVD=539126 vs Ref=-3791 | Close=3123.90 vs VAL=3107.50
2026-01-30 15:59:36,622 [INFO]     NSE:DALBHARAT-EQ | CVD=11723 vs Ref=0 | Close=2065.50 vs VAL=2035.00
2026-01-30 15:59:37,125 [INFO]     NSE:HCLTECH-EQ | CVD=-222325 vs Ref=-84045 | Close=1695.60 vs VAL=1688.05
2026-01-30 15:59:37,808 [INFO]     NSE:POLICYBZR-EQ | CVD=174940 vs Ref=-136954 | Close=1654.50 vs VAL=1593.90
2026-01-30 15:59:38,572 [INFO]     NSE:INFY-EQ | CVD=1181858 vs Ref=-64332 | Close=1641.00 vs VAL=1621.00
2026-01-30 15:59:39,479 [INFO]     NSE:LICI-EQ | CVD=118927 vs Ref=-12754 | Close=824.50 vs VAL=814.20
2026-01-30 15:59:40,114 [INFO]     NSE:IIFL-EQ | CVD=104200 vs Ref=-49105 | Close=528.70 vs VAL=533.70
2026-01-30 15:59:40,863 [INFO]     NSE:KOTAKBANK-EQ | CVD=3096999 vs Ref=-94870 | Close=408.00 vs VAL=407.40
2026-01-30 15:59:41,320 [INFO]     NSE:IOC-EQ | CVD=-1494402 vs Ref=-131543 | Close=163.24 vs VAL=162.30
2026-01-30 16:00:41,322 [INFO] 🔍 Scanning for alerts on 9 symbols (5min)...
2026-01-30 16:00:41,596 [INFO]     NSE:TCS-EQ | CVD=539126 vs Ref=-3791 | Close=3123.90 vs VAL=3107.50
2026-01-30 16:00:41,889 [INFO]     NSE:DALBHARAT-EQ | CVD=11723 vs Ref=0 | Close=2065.50 vs VAL=2035.00
2026-01-30 16:00:42,288 [INFO]     NSE:HCLTECH-EQ | CVD=-222325 vs Ref=-84045 | Close=1695.60 vs VAL=1688.05
2026-01-30 16:00:44,230 [INFO]     NSE:POLICYBZR-EQ | CVD=174940 vs Ref=-136954 | Close=1654.50 vs VAL=1593.90
2026-01-30 16:00:44,591 [INFO]     NSE:INFY-EQ | CVD=1181858 vs Ref=-64332 | Close=1641.00 vs VAL=1621.00
2026-01-30 16:00:44,953 [INFO]     NSE:LICI-EQ | CVD=118927 vs Ref=-12754 | Close=824.50 vs VAL=814.20
2026-01-30 16:00:45,417 [INFO]     NSE:IIFL-EQ | CVD=104200 vs Ref=-49105 | Close=528.70 vs VAL=533.70
2026-01-30 16:00:45,800 [INFO]     NSE:KOTAKBANK-EQ | CVD=3096999 vs Ref=-94870 | Close=408.00 vs VAL=407.40
2026-01-30 16:00:46,121 [INFO]     NSE:IOC-EQ | CVD=-1494402 vs Ref=-131543 | Close=163.24 vs VAL=162.30
2026-01-30 16:01:46,123 [INFO] 🔍 Scanning for alerts on 9 symbols (5min)...
2026-01-30 16:01:46,385 [INFO]     NSE:TCS-EQ | CVD=539126 vs Ref=-3791 | Close=3123.90 vs VAL=3107.50
2026-01-30 16:01:46,648 [INFO]     NSE:DALBHARAT-EQ | CVD=11723 vs Ref=0 | Close=2065.50 vs VAL=2035.00
2026-01-30 16:01:48,557 [INFO]     NSE:HCLTECH-EQ | CVD=-222325 vs Ref=-84045 | Close=1695.60 vs VAL=1688.05
2026-01-30 16:01:49,002 [INFO]     NSE:POLICYBZR-EQ | CVD=174940 vs Ref=-136954 | Close=1654.50 vs VAL=1593.90
2026-01-30 16:01:49,513 [INFO]     NSE:INFY-EQ | CVD=1181858 vs Ref=-64332 | Close=1641.00 vs VAL=1621.00
2026-01-30 16:01:49,811 [INFO]     NSE:LICI-EQ | CVD=118927 vs Ref=-12754 | Close=824.50 vs VAL=814.20
2026-01-30 16:01:50,196 [INFO]     NSE:IIFL-EQ | CVD=104200 vs Ref=-49105 | Close=528.70 vs VAL=533.70
2026-01-30 16:01:50,475 [INFO]     NSE:KOTAKBANK-EQ | CVD=3096999 vs Ref=-94870 | Close=408.00 vs VAL=407.40
2026-01-30 16:01:50,747 [INFO]     NSE:IOC-EQ | CVD=-1494402 vs Ref=-131543 | Close=163.24 vs VAL=162.30
2026-01-30 16:02:50,748 [INFO] 🔍 Scanning for alerts on 9 symbols (5min)...
2026-01-30 16:02:51,028 [INFO]     NSE:TCS-EQ | CVD=539126 vs Ref=-3791 | Close=3123.90 vs VAL=3107.50
2026-01-30 16:02:53,129 [INFO]     NSE:DALBHARAT-EQ | CVD=11723 vs Ref=0 | Close=2065.50 vs VAL=2035.00
2026-01-30 16:02:53,576 [INFO]     NSE:HCLTECH-EQ | CVD=-222325 vs Ref=-84045 | Close=1695.60 vs VAL=1688.05
2026-01-30 16:02:53,961 [INFO]     NSE:POLICYBZR-EQ | CVD=174940 vs Ref=-136954 | Close=1654.50 vs VAL=1593.90
2026-01-30 16:02:54,415 [INFO]     NSE:INFY-EQ | CVD=1181858 vs Ref=-64332 | Close=1641.00 vs VAL=1621.00
2026-01-30 16:02:54,898 [INFO]     NSE:LICI-EQ | CVD=118927 vs Ref=-12754 | Close=824.50 vs VAL=814.20
2026-01-30 16:02:55,304 [INFO]     NSE:IIFL-EQ | CVD=104200 vs Ref=-49105 | Close=528.70 vs VAL=533.70
2026-01-30 16:02:55,765 [INFO]     NSE:KOTAKBANK-EQ | CVD=3096999 vs Ref=-94870 | Close=408.00 vs VAL=407.40
2026-01-30 16:02:56,152 [INFO]     NSE:IOC-EQ | CVD=-1494402 vs Ref=-131543 | Close=163.24 vs VAL=162.30
2026-01-30 16:03:56,153 [INFO] 🔍 Scanning for alerts on 9 symbols (5min)...
2026-01-30 16:03:56,429 [INFO]     NSE:TCS-EQ | CVD=539126 vs Ref=-3791 | Close=3123.90 vs VAL=3107.50
2026-01-30 16:03:56,725 [INFO]     NSE:DALBHARAT-EQ | CVD=11723 vs Ref=0 | Close=2065.50 vs VAL=2035.00
2026-01-30 16:03:57,089 [INFO]     NSE:HCLTECH-EQ | CVD=-222325 vs Ref=-84045 | Close=1695.60 vs VAL=1688.05
2026-01-30 16:03:59,055 [INFO]     NSE:POLICYBZR-EQ | CVD=174940 vs Ref=-136954 | Close=1654.50 vs VAL=1593.90
2026-01-30 16:03:59,376 [INFO]     NSE:INFY-EQ | CVD=1181858 vs Ref=-64332 | Close=1641.00 vs VAL=1621.00
2026-01-30 16:03:59,702 [INFO]     NSE:LICI-EQ | CVD=118927 vs Ref=-12754 | Close=824.50 vs VAL=814.20
2026-01-30 16:04:00,047 [INFO]     NSE:IIFL-EQ | CVD=104200 vs Ref=-49105 | Close=528.70 vs VAL=533.70
2026-01-30 16:04:00,384 [INFO]     NSE:KOTAKBANK-EQ | CVD=3096999 vs Ref=-94870 | Close=408.00 vs VAL=407.40
2026-01-30 16:04:00,686 [INFO]     NSE:IOC-EQ | CVD=-1494402 vs Ref=-131543 | Close=163.24 vs VAL=162.30
2026-01-30 16:05:00,690 [INFO] 🔍 Scanning for alerts on 9 symbols (5min)...
2026-01-30 16:05:01,002 [INFO]     NSE:TCS-EQ | CVD=539126 vs Ref=-3791 | Close=3123.90 vs VAL=3107.50
2026-01-30 16:05:01,292 [INFO]     NSE:DALBHARAT-EQ | CVD=11723 vs Ref=0 | Close=2065.50 vs VAL=2035.00
2026-01-30 16:05:01,580 [INFO]     NSE:HCLTECH-EQ | CVD=-222325 vs Ref=-84045 | Close=1695.60 vs VAL=1688.05
2026-01-30 16:05:03,508 [INFO]     NSE:POLICYBZR-EQ | CVD=174940 vs Ref=-136954 | Close=1654.50 vs VAL=1593.90
2026-01-30 16:05:03,829 [INFO]     NSE:INFY-EQ | CVD=1181858 vs Ref=-64332 | Close=1641.00 vs VAL=1621.00
2026-01-30 16:05:04,227 [INFO]     NSE:LICI-EQ | CVD=118927 vs Ref=-12754 | Close=824.50 vs VAL=814.20
2026-01-30 16:05:04,532 [INFO]     NSE:IIFL-EQ | CVD=104200 vs Ref=-49105 | Close=528.70 vs VAL=533.70
2026-01-30 16:05:05,010 [INFO]     NSE:KOTAKBANK-EQ | CVD=3096999 vs Ref=-94870 | Close=408.00 vs VAL=407.40
2026-01-30 16:05:05,314 [INFO]     NSE:IOC-EQ | CVD=-1494402 vs Ref=-131543 | Close=163.24 vs VAL=162.30
2026-01-30 16:06:05,317 [INFO] 🔍 Scanning for alerts on 9 symbols (5min)...
2026-01-30 16:06:05,594 [INFO]     NSE:TCS-EQ | CVD=539126 vs Ref=-3791 | Close=3123.90 vs VAL=3107.50
2026-01-30 16:06:05,886 [INFO]     NSE:DALBHARAT-EQ | CVD=11723 vs Ref=0 | Close=2065.50 vs VAL=2035.00
2026-01-30 16:06:06,625 [INFO]     NSE:HCLTECH-EQ | CVD=-222325 vs Ref=-84045 | Close=1695.60 vs VAL=1688.05
2026-01-30 16:06:08,146 [INFO]     NSE:POLICYBZR-EQ | CVD=174940 vs Ref=-136954 | Close=1654.50 vs VAL=1593.90
2026-01-30 16:06:08,630 [INFO]     NSE:INFY-EQ | CVD=1181858 vs Ref=-64332 | Close=1641.00 vs VAL=1621.00
2026-01-30 16:06:09,324 [INFO]     NSE:LICI-EQ | CVD=118927 vs Ref=-12754 | Close=824.50 vs VAL=814.20
2026-01-30 16:06:10,032 [INFO]     NSE:IIFL-EQ | CVD=104200 vs Ref=-49105 | Close=528.70 vs VAL=533.70
2026-01-30 16:06:10,657 [INFO]     NSE:KOTAKBANK-EQ | CVD=3096999 vs Ref=-94870 | Close=408.00 vs VAL=407.40
2026-01-30 16:06:11,498 [INFO]     NSE:IOC-EQ | CVD=-1494402 vs Ref=-131543 | Close=163.24 vs VAL=162.30
2026-01-30 16:07:11,500 [INFO] 🔍 Scanning for alerts on 9 symbols (5min)...
2026-01-30 16:07:11,850 [INFO]     NSE:TCS-EQ | CVD=539126 vs Ref=-3791 | Close=3123.90 vs VAL=3107.50
2026-01-30 16:07:14,231 [INFO]     NSE:DALBHARAT-EQ | CVD=11723 vs Ref=0 | Close=2065.50 vs VAL=2035.00
2026-01-30 16:07:14,536 [INFO]     NSE:HCLTECH-EQ | CVD=-222325 vs Ref=-84045 | Close=1695.60 vs VAL=1688.05
2026-01-30 16:07:14,910 [INFO]     NSE:POLICYBZR-EQ | CVD=174940 vs Ref=-136954 | Close=1654.50 vs VAL=1593.90
2026-01-30 16:07:15,300 [INFO]     NSE:INFY-EQ | CVD=1181858 vs Ref=-64332 | Close=1641.00 vs VAL=1621.00
2026-01-30 16:07:15,643 [INFO]     NSE:LICI-EQ | CVD=118927 vs Ref=-12754 | Close=824.50 vs VAL=814.20
2026-01-30 16:07:16,471 [INFO]     NSE:IIFL-EQ | CVD=104200 vs Ref=-49105 | Close=528.70 vs VAL=533.70
2026-01-30 16:07:17,029 [INFO]     NSE:KOTAKBANK-EQ | CVD=3096999 vs Ref=-94870 | Close=408.00 vs VAL=407.40
2026-01-30 16:07:17,365 [INFO]     NSE:IOC-EQ | CVD=-1494402 vs Ref=-131543 | Close=163.24 vs VAL=162.30
2026-01-30 16:08:17,368 [INFO] 🔍 Scanning for alerts on 9 symbols (5min)...
2026-01-30 16:08:17,866 [INFO]     NSE:TCS-EQ | CVD=539126 vs Ref=-3791 | Close=3123.90 vs VAL=3107.50
2026-01-30 16:08:19,847 [INFO]     NSE:DALBHARAT-EQ | CVD=11723 vs Ref=0 | Close=2065.50 vs VAL=2035.00
2026-01-30 16:08:20,598 [INFO]     NSE:HCLTECH-EQ | CVD=-222325 vs Ref=-84045 | Close=1695.60 vs VAL=1688.05
2026-01-30 16:08:21,245 [INFO]     NSE:POLICYBZR-EQ | CVD=174940 vs Ref=-136954 | Close=1654.50 vs VAL=1593.90
2026-01-30 16:08:21,977 [INFO]     NSE:INFY-EQ | CVD=1181858 vs Ref=-64332 | Close=1641.00 vs VAL=1621.00
2026-01-30 16:08:22,946 [INFO]     NSE:LICI-EQ | CVD=118927 vs Ref=-12754 | Close=824.50 vs VAL=814.20
2026-01-30 16:08:23,598 [INFO]     NSE:IIFL-EQ | CVD=104200 vs Ref=-49105 | Close=528.70 vs VAL=533.70
2026-01-30 16:08:24,158 [INFO]     NSE:KOTAKBANK-EQ | CVD=3096999 vs Ref=-94870 | Close=408.00 vs VAL=407.40
2026-01-30 16:08:24,634 [INFO]     NSE:IOC-EQ | CVD=-1494402 vs Ref=-131543 | Close=163.24 vs VAL=162.30
2026-01-30 16:09:24,636 [INFO] 🔍 Scanning for alerts on 9 symbols (5min)...
2026-01-30 16:09:24,931 [INFO]     NSE:TCS-EQ | CVD=539126 vs Ref=-3791 | Close=3123.90 vs VAL=3107.50
2026-01-30 16:09:25,238 [INFO]     NSE:DALBHARAT-EQ | CVD=11723 vs Ref=0 | Close=2065.50 vs VAL=2035.00
2026-01-30 16:09:27,048 [INFO]     NSE:HCLTECH-EQ | CVD=-222325 vs Ref=-84045 | Close=1695.60 vs VAL=1688.05
2026-01-30 16:09:27,390 [INFO]     NSE:POLICYBZR-EQ | CVD=174940 vs Ref=-136954 | Close=1654.50 vs VAL=1593.90
2026-01-30 16:09:27,691 [INFO]     NSE:INFY-EQ | CVD=1181858 vs Ref=-64332 | Close=1641.00 vs VAL=1621.00
2026-01-30 16:09:28,112 [INFO]     NSE:LICI-EQ | CVD=118927 vs Ref=-12754 | Close=824.50 vs VAL=814.20
2026-01-30 16:09:28,526 [INFO]     NSE:IIFL-EQ | CVD=104200 vs Ref=-49105 | Close=528.70 vs VAL=533.70
2026-01-30 16:09:28,951 [INFO]     NSE:KOTAKBANK-EQ | CVD=3096999 vs Ref=-94870 | Close=408.00 vs VAL=407.40
2026-01-30 16:09:29,705 [INFO]     NSE:IOC-EQ | CVD=-1494402 vs Ref=-131543 | Close=163.24 vs VAL=162.30
2026-01-30 16:10:29,707 [INFO] 🔍 Scanning for alerts on 9 symbols (5min)...
2026-01-30 16:10:29,953 [INFO]     NSE:TCS-EQ | CVD=539126 vs Ref=-3791 | Close=3123.90 vs VAL=3107.50
2026-01-30 16:10:30,221 [INFO]     NSE:DALBHARAT-EQ | CVD=11723 vs Ref=0 | Close=2065.50 vs VAL=2035.00
2026-01-30 16:10:30,476 [INFO]     NSE:HCLTECH-EQ | CVD=-222325 vs Ref=-84045 | Close=1695.60 vs VAL=1688.05
2026-01-30 16:10:30,879 [INFO]     NSE:POLICYBZR-EQ | CVD=174940 vs Ref=-136954 | Close=1654.50 vs VAL=1593.90
2026-01-30 16:10:31,387 [INFO]     NSE:INFY-EQ | CVD=1181858 vs Ref=-64332 | Close=1641.00 vs VAL=1621.00
2026-01-30 16:10:31,795 [INFO]     NSE:LICI-EQ | CVD=118927 vs Ref=-12754 | Close=824.50 vs VAL=814.20
2026-01-30 16:10:32,102 [INFO]     NSE:IIFL-EQ | CVD=104200 vs Ref=-49105 | Close=528.70 vs VAL=533.70
2026-01-30 16:10:32,403 [INFO]     NSE:KOTAKBANK-EQ | CVD=3096999 vs Ref=-94870 | Close=408.00 vs VAL=407.40
2026-01-30 16:10:32,688 [INFO]     NSE:IOC-EQ | CVD=-1494402 vs Ref=-131543 | Close=163.24 vs VAL=162.30
2026-01-30 16:11:32,690 [INFO] 🔍 Scanning for alerts on 9 symbols (5min)...
2026-01-30 16:11:32,991 [INFO]     NSE:TCS-EQ | CVD=539126 vs Ref=-3791 | Close=3123.90 vs VAL=3107.50
2026-01-30 16:11:33,339 [INFO]     NSE:DALBHARAT-EQ | CVD=11723 vs Ref=0 | Close=2065.50 vs VAL=2035.00
2026-01-30 16:11:33,597 [INFO]     NSE:HCLTECH-EQ | CVD=-222325 vs Ref=-84045 | Close=1695.60 vs VAL=1688.05
2026-01-30 16:11:33,896 [INFO]     NSE:POLICYBZR-EQ | CVD=174940 vs Ref=-136954 | Close=1654.50 vs VAL=1593.90
2026-01-30 16:11:34,245 [INFO]     NSE:INFY-EQ | CVD=1181858 vs Ref=-64332 | Close=1641.00 vs VAL=1621.00
2026-01-30 16:11:36,044 [INFO]     NSE:LICI-EQ | CVD=118927 vs Ref=-12754 | Close=824.50 vs VAL=814.20
2026-01-30 16:11:36,416 [INFO]     NSE:IIFL-EQ | CVD=104200 vs Ref=-49105 | Close=528.70 vs VAL=533.70
2026-01-30 16:11:36,670 [INFO]     NSE:KOTAKBANK-EQ | CVD=3096999 vs Ref=-94870 | Close=408.00 vs VAL=407.40
2026-01-30 16:11:37,027 [INFO]     NSE:IOC-EQ | CVD=-1494402 vs Ref=-131543 | Close=163.24 vs VAL=162.30
2026-01-30 16:12:37,029 [INFO] 🔍 Scanning for alerts on 9 symbols (5min)...
2026-01-30 16:12:37,543 [INFO]     NSE:TCS-EQ | CVD=539126 vs Ref=-3791 | Close=3123.90 vs VAL=3107.50
2026-01-30 16:12:39,215 [INFO]     NSE:DALBHARAT-EQ | CVD=11723 vs Ref=0 | Close=2065.50 vs VAL=2035.00
2026-01-30 16:12:39,464 [INFO]     NSE:HCLTECH-EQ | CVD=-222325 vs Ref=-84045 | Close=1695.60 vs VAL=1688.05
2026-01-30 16:12:39,801 [INFO]     NSE:POLICYBZR-EQ | CVD=174940 vs Ref=-136954 | Close=1654.50 vs VAL=1593.90
2026-01-30 16:12:40,133 [INFO]     NSE:INFY-EQ | CVD=1181858 vs Ref=-64332 | Close=1641.00 vs VAL=1621.00
2026-01-30 16:12:40,579 [INFO]     NSE:LICI-EQ | CVD=118927 vs Ref=-12754 | Close=824.50 vs VAL=814.20
2026-01-30 16:12:41,050 [INFO]     NSE:IIFL-EQ | CVD=104200 vs Ref=-49105 | Close=528.70 vs VAL=533.70
2026-01-30 16:12:41,524 [INFO]     NSE:KOTAKBANK-EQ | CVD=3096999 vs Ref=-94870 | Close=408.00 vs VAL=407.40
2026-01-30 16:12:41,822 [INFO]     NSE:IOC-EQ | CVD=-1494402 vs Ref=-131543 | Close=163.24 vs VAL=162.30
2026-01-30 16:13:41,823 [INFO] 🔍 Scanning for alerts on 9 symbols (5min)...
2026-01-30 16:13:42,392 [INFO]     NSE:TCS-EQ | CVD=539126 vs Ref=-3791 | Close=3123.90 vs VAL=3107.50
2026-01-30 16:13:42,787 [INFO]     NSE:DALBHARAT-EQ | CVD=11723 vs Ref=0 | Close=2065.50 vs VAL=2035.00
2026-01-30 16:13:43,375 [INFO]     NSE:HCLTECH-EQ | CVD=-222325 vs Ref=-84045 | Close=1695.60 vs VAL=1688.05
2026-01-30 16:13:45,153 [INFO]     NSE:POLICYBZR-EQ | CVD=174940 vs Ref=-136954 | Close=1654.50 vs VAL=1593.90
2026-01-30 16:13:45,460 [INFO]     NSE:INFY-EQ | CVD=1181858 vs Ref=-64332 | Close=1641.00 vs VAL=1621.00
2026-01-30 16:13:45,754 [INFO]     NSE:LICI-EQ | CVD=118927 vs Ref=-12754 | Close=824.50 vs VAL=814.20
2026-01-30 16:13:46,379 [INFO]     NSE:IIFL-EQ | CVD=104200 vs Ref=-49105 | Close=528.70 vs VAL=533.70
2026-01-30 16:13:46,921 [INFO]     NSE:KOTAKBANK-EQ | CVD=3096999 vs Ref=-94870 | Close=408.00 vs VAL=407.40
2026-01-30 16:13:47,364 [INFO]     NSE:IOC-EQ | CVD=-1494402 vs Ref=-131543 | Close=163.24 vs VAL=162.30
2026-01-30 16:14:47,368 [INFO] 🔍 Scanning for alerts on 9 symbols (5min)...
2026-01-30 16:14:47,588 [INFO]     NSE:TCS-EQ | CVD=539126 vs Ref=-3791 | Close=3123.90 vs VAL=3107.50
2026-01-30 16:14:49,665 [INFO]     NSE:DALBHARAT-EQ | CVD=11723 vs Ref=0 | Close=2065.50 vs VAL=2035.00
2026-01-30 16:14:49,986 [INFO]     NSE:HCLTECH-EQ | CVD=-222325 vs Ref=-84045 | Close=1695.60 vs VAL=1688.05
2026-01-30 16:14:50,506 [INFO]     NSE:POLICYBZR-EQ | CVD=174940 vs Ref=-136954 | Close=1654.50 vs VAL=1593.90
2026-01-30 16:14:50,967 [INFO]     NSE:INFY-EQ | CVD=1181858 vs Ref=-64332 | Close=1641.00 vs VAL=1621.00
2026-01-30 16:14:51,393 [INFO]     NSE:LICI-EQ | CVD=118927 vs Ref=-12754 | Close=824.50 vs VAL=814.20
2026-01-30 16:14:51,720 [INFO]     NSE:IIFL-EQ | CVD=104200 vs Ref=-49105 | Close=528.70 vs VAL=533.70
2026-01-30 16:14:52,210 [INFO]     NSE:KOTAKBANK-EQ | CVD=3096999 vs Ref=-94870 | Close=408.00 vs VAL=407.40
2026-01-30 16:14:52,633 [INFO]     NSE:IOC-EQ | CVD=-1494402 vs Ref=-131543 | Close=163.24 vs VAL=162.30
2026-01-30 16:15:52,635 [INFO] 🔍 Scanning for alerts on 9 symbols (5min)...
2026-01-30 16:15:52,895 [INFO]     NSE:TCS-EQ | CVD=539126 vs Ref=-3791 | Close=3123.90 vs VAL=3107.50
2026-01-30 16:15:53,147 [INFO]     NSE:DALBHARAT-EQ | CVD=11723 vs Ref=0 | Close=2065.50 vs VAL=2035.00
2026-01-30 16:15:53,458 [INFO]     NSE:HCLTECH-EQ | CVD=-222325 vs Ref=-84045 | Close=1695.60 vs VAL=1688.05
2026-01-30 16:15:53,744 [INFO]     NSE:POLICYBZR-EQ | CVD=174940 vs Ref=-136954 | Close=1654.50 vs VAL=1593.90
2026-01-30 16:15:55,731 [INFO]     NSE:INFY-EQ | CVD=1181858 vs Ref=-64332 | Close=1641.00 vs VAL=1621.00
2026-01-30 16:15:56,398 [INFO]     NSE:LICI-EQ | CVD=118927 vs Ref=-12754 | Close=824.50 vs VAL=814.20
2026-01-30 16:15:56,944 [INFO]     NSE:IIFL-EQ | CVD=104200 vs Ref=-49105 | Close=528.70 vs VAL=533.70
2026-01-30 16:15:57,324 [INFO]     NSE:KOTAKBANK-EQ | CVD=3096999 vs Ref=-94870 | Close=408.00 vs VAL=407.40
2026-01-30 16:15:57,790 [INFO]     NSE:IOC-EQ | CVD=-1494402 vs Ref=-131543 | Close=163.24 vs VAL=162.30
2026-01-30 16:16:57,793 [INFO] 🔍 Scanning for alerts on 9 symbols (5min)...
2026-01-30 16:16:58,052 [INFO]     NSE:TCS-EQ | CVD=539126 vs Ref=-3791 | Close=3123.90 vs VAL=3107.50
2026-01-30 16:17:00,308 [INFO]     NSE:DALBHARAT-EQ | CVD=11723 vs Ref=0 | Close=2065.50 vs VAL=2035.00
2026-01-30 16:17:00,621 [INFO]     NSE:HCLTECH-EQ | CVD=-222325 vs Ref=-84045 | Close=1695.60 vs VAL=1688.05
2026-01-30 16:17:00,911 [INFO]     NSE:POLICYBZR-EQ | CVD=174940 vs Ref=-136954 | Close=1654.50 vs VAL=1593.90
2026-01-30 16:17:01,288 [INFO]     NSE:INFY-EQ | CVD=1181858 vs Ref=-64332 | Close=1641.00 vs VAL=1621.00
2026-01-30 16:17:01,851 [INFO]     NSE:LICI-EQ | CVD=118927 vs Ref=-12754 | Close=824.50 vs VAL=814.20
2026-01-30 16:17:02,416 [INFO]     NSE:IIFL-EQ | CVD=104200 vs Ref=-49105 | Close=528.70 vs VAL=533.70
2026-01-30 16:17:02,853 [INFO]     NSE:KOTAKBANK-EQ | CVD=3096999 vs Ref=-94870 | Close=408.00 vs VAL=407.40
2026-01-30 16:17:03,205 [INFO]     NSE:IOC-EQ | CVD=-1494402 vs Ref=-131543 | Close=163.24 vs VAL=162.30
2026-01-30 16:18:03,207 [INFO] 🔍 Scanning for alerts on 9 symbols (5min)...
2026-01-30 16:18:03,648 [INFO]     NSE:TCS-EQ | CVD=539126 vs Ref=-3791 | Close=3123.90 vs VAL=3107.50
2026-01-30 16:18:03,978 [INFO]     NSE:DALBHARAT-EQ | CVD=11723 vs Ref=0 | Close=2065.50 vs VAL=2035.00
2026-01-30 16:18:06,104 [INFO]     NSE:HCLTECH-EQ | CVD=-222325 vs Ref=-84045 | Close=1695.60 vs VAL=1688.05
2026-01-30 16:18:06,527 [INFO]     NSE:POLICYBZR-EQ | CVD=174940 vs Ref=-136954 | Close=1654.50 vs VAL=1593.90
2026-01-30 16:18:06,842 [INFO]     NSE:INFY-EQ | CVD=1181858 vs Ref=-64332 | Close=1641.00 vs VAL=1621.00
2026-01-30 16:18:07,528 [INFO]     NSE:LICI-EQ | CVD=118927 vs Ref=-12754 | Close=824.50 vs VAL=814.20
2026-01-30 16:18:08,017 [INFO]     NSE:IIFL-EQ | CVD=104200 vs Ref=-49105 | Close=528.70 vs VAL=533.70
2026-01-30 16:18:08,324 [INFO]     NSE:KOTAKBANK-EQ | CVD=3096999 vs Ref=-94870 | Close=408.00 vs VAL=407.40
2026-01-30 16:18:08,629 [INFO]     NSE:IOC-EQ | CVD=-1494402 vs Ref=-131543 | Close=163.24 vs VAL=162.30
2026-01-30 16:19:08,631 [INFO] 🔍 Scanning for alerts on 9 symbols (5min)...
2026-01-30 16:19:08,910 [INFO]     NSE:TCS-EQ | CVD=539126 vs Ref=-3791 | Close=3123.90 vs VAL=3107.50
2026-01-30 16:19:09,462 [INFO]     NSE:DALBHARAT-EQ | CVD=11723 vs Ref=0 | Close=2065.50 vs VAL=2035.00
2026-01-30 16:19:09,789 [INFO]     NSE:HCLTECH-EQ | CVD=-222325 vs Ref=-84045 | Close=1695.60 vs VAL=1688.05
2026-01-30 16:19:10,160 [INFO]     NSE:POLICYBZR-EQ | CVD=174940 vs Ref=-136954 | Close=1654.50 vs VAL=1593.90
2026-01-30 16:19:12,015 [INFO]     NSE:INFY-EQ | CVD=1181858 vs Ref=-64332 | Close=1641.00 vs VAL=1621.00
2026-01-30 16:19:12,425 [INFO]     NSE:LICI-EQ | CVD=118927 vs Ref=-12754 | Close=824.50 vs VAL=814.20
2026-01-30 16:19:12,724 [INFO]     NSE:IIFL-EQ | CVD=104200 vs Ref=-49105 | Close=528.70 vs VAL=533.70
2026-01-30 16:19:13,222 [INFO]     NSE:KOTAKBANK-EQ | CVD=3096999 vs Ref=-94870 | Close=408.00 vs VAL=407.40
2026-01-30 16:19:13,554 [INFO]     NSE:IOC-EQ | CVD=-1494402 vs Ref=-131543 | Close=163.24 vs VAL=162.30
2026-01-30 16:20:13,556 [INFO] 🔍 Scanning for alerts on 9 symbols (5min)...
2026-01-30 16:20:13,953 [INFO]     NSE:TCS-EQ | CVD=539126 vs Ref=-3791 | Close=3123.90 vs VAL=3107.50
2026-01-30 16:20:14,264 [INFO]     NSE:DALBHARAT-EQ | CVD=11723 vs Ref=0 | Close=2065.50 vs VAL=2035.00
2026-01-30 16:20:14,553 [INFO]     NSE:HCLTECH-EQ | CVD=-222325 vs Ref=-84045 | Close=1695.60 vs VAL=1688.05
2026-01-30 16:20:16,566 [INFO]     NSE:POLICYBZR-EQ | CVD=174940 vs Ref=-136954 | Close=1654.50 vs VAL=1593.90
2026-01-30 16:20:16,856 [INFO]     NSE:INFY-EQ | CVD=1181858 vs Ref=-64332 | Close=1641.00 vs VAL=1621.00
2026-01-30 16:20:17,464 [INFO]     NSE:LICI-EQ | CVD=118927 vs Ref=-12754 | Close=824.50 vs VAL=814.20
2026-01-30 16:20:17,862 [INFO]     NSE:IIFL-EQ | CVD=104200 vs Ref=-49105 | Close=528.70 vs VAL=533.70
2026-01-30 16:20:18,309 [INFO]     NSE:KOTAKBANK-EQ | CVD=3096999 vs Ref=-94870 | Close=408.00 vs VAL=407.40
2026-01-30 16:20:18,662 [INFO]     NSE:IOC-EQ | CVD=-1494402 vs Ref=-131543 | Close=163.24 vs VAL=162.30
2026-01-30 16:21:18,663 [INFO] 🔍 Scanning for alerts on 9 symbols (5min)...
2026-01-30 16:21:18,991 [INFO]     NSE:TCS-EQ | CVD=539126 vs Ref=-3791 | Close=3123.90 vs VAL=3107.50
2026-01-30 16:21:21,105 [INFO]     NSE:DALBHARAT-EQ | CVD=11723 vs Ref=0 | Close=2065.50 vs VAL=2035.00
2026-01-30 16:21:21,544 [INFO]     NSE:HCLTECH-EQ | CVD=-222325 vs Ref=-84045 | Close=1695.60 vs VAL=1688.05
2026-01-30 16:21:21,963 [INFO]     NSE:POLICYBZR-EQ | CVD=174940 vs Ref=-136954 | Close=1654.50 vs VAL=1593.90
2026-01-30 16:21:22,372 [INFO]     NSE:INFY-EQ | CVD=1181858 vs Ref=-64332 | Close=1641.00 vs VAL=1621.00
2026-01-30 16:21:22,843 [INFO]     NSE:LICI-EQ | CVD=118927 vs Ref=-12754 | Close=824.50 vs VAL=814.20
2026-01-30 16:21:23,631 [INFO]     NSE:IIFL-EQ | CVD=104200 vs Ref=-49105 | Close=528.70 vs VAL=533.70
2026-01-30 16:21:24,037 [INFO]     NSE:KOTAKBANK-EQ | CVD=3096999 vs Ref=-94870 | Close=408.00 vs VAL=407.40
2026-01-30 16:21:24,388 [INFO]     NSE:IOC-EQ | CVD=-1494402 vs Ref=-131543 | Close=163.24 vs VAL=162.30
2026-01-30 16:22:24,389 [INFO] 🔍 Scanning for alerts on 9 symbols (5min)...
2026-01-30 16:22:24,616 [INFO]     NSE:TCS-EQ | CVD=539126 vs Ref=-3791 | Close=3123.90 vs VAL=3107.50
2026-01-30 16:22:24,950 [INFO]     NSE:DALBHARAT-EQ | CVD=11723 vs Ref=0 | Close=2065.50 vs VAL=2035.00
2026-01-30 16:22:26,950 [INFO]     NSE:HCLTECH-EQ | CVD=-222325 vs Ref=-84045 | Close=1695.60 vs VAL=1688.05
2026-01-30 16:22:27,428 [INFO]     NSE:POLICYBZR-EQ | CVD=174940 vs Ref=-136954 | Close=1654.50 vs VAL=1593.90
2026-01-30 16:22:27,815 [INFO]     NSE:INFY-EQ | CVD=1181858 vs Ref=-64332 | Close=1641.00 vs VAL=1621.00
2026-01-30 16:22:28,288 [INFO]     NSE:LICI-EQ | CVD=118927 vs Ref=-12754 | Close=824.50 vs VAL=814.20
2026-01-30 16:22:28,664 [INFO]     NSE:IIFL-EQ | CVD=104200 vs Ref=-49105 | Close=528.70 vs VAL=533.70
2026-01-30 16:22:29,056 [INFO]     NSE:KOTAKBANK-EQ | CVD=3096999 vs Ref=-94870 | Close=408.00 vs VAL=407.40
2026-01-30 16:22:29,561 [INFO]     NSE:IOC-EQ | CVD=-1494402 vs Ref=-131543 | Close=163.24 vs VAL=162.30
2026-01-30 16:23:29,563 [INFO] 🔍 Scanning for alerts on 9 symbols (5min)...
2026-01-30 16:23:31,117 [INFO]     NSE:TCS-EQ | CVD=539126 vs Ref=-3791 | Close=3123.90 vs VAL=3107.50
2026-01-30 16:23:33,786 [INFO]     NSE:DALBHARAT-EQ | CVD=11723 vs Ref=0 | Close=2065.50 vs VAL=2035.00
2026-01-30 16:23:35,498 [INFO]     NSE:HCLTECH-EQ | CVD=-222325 vs Ref=-84045 | Close=1695.60 vs VAL=1688.05
2026-01-30 16:23:37,096 [INFO]     NSE:POLICYBZR-EQ | CVD=174940 vs Ref=-136954 | Close=1654.50 vs VAL=1593.90
2026-01-30 16:23:38,476 [INFO]     NSE:INFY-EQ | CVD=1181858 vs Ref=-64332 | Close=1641.00 vs VAL=1621.00
2026-01-30 16:23:39,773 [INFO]     NSE:LICI-EQ | CVD=118927 vs Ref=-12754 | Close=824.50 vs VAL=814.20
2026-01-30 16:23:41,308 [INFO]     NSE:IIFL-EQ | CVD=104200 vs Ref=-49105 | Close=528.70 vs VAL=533.70
2026-01-30 16:23:42,831 [INFO]     NSE:KOTAKBANK-EQ | CVD=3096999 vs Ref=-94870 | Close=408.00 vs VAL=407.40
2026-01-30 16:23:44,072 [INFO]     NSE:IOC-EQ | CVD=-1494402 vs Ref=-131543 | Close=163.24 vs VAL=162.30
2026-01-30 16:24:44,078 [INFO] 🔍 Scanning for alerts on 9 symbols (5min)...
2026-01-30 16:24:44,294 [INFO]     NSE:TCS-EQ | CVD=539126 vs Ref=-3791 | Close=3123.90 vs VAL=3107.50
2026-01-30 16:24:44,541 [INFO]     NSE:DALBHARAT-EQ | CVD=11723 vs Ref=0 | Close=2065.50 vs VAL=2035.00
2026-01-30 16:24:44,786 [INFO]     NSE:HCLTECH-EQ | CVD=-222325 vs Ref=-84045 | Close=1695.60 vs VAL=1688.05
2026-01-30 16:24:45,090 [INFO]     NSE:POLICYBZR-EQ | CVD=174940 vs Ref=-136954 | Close=1654.50 vs VAL=1593.90
2026-01-30 16:24:45,334 [INFO]     NSE:INFY-EQ | CVD=1181858 vs Ref=-64332 | Close=1641.00 vs VAL=1621.00
2026-01-30 16:24:45,556 [INFO]     NSE:LICI-EQ | CVD=118927 vs Ref=-12754 | Close=824.50 vs VAL=814.20
2026-01-30 16:24:45,778 [INFO]     NSE:IIFL-EQ | CVD=104200 vs Ref=-49105 | Close=528.70 vs VAL=533.70
2026-01-30 16:24:46,224 [INFO]     NSE:KOTAKBANK-EQ | CVD=3096999 vs Ref=-94870 | Close=408.00 vs VAL=407.40
2026-01-30 16:24:46,563 [INFO]     NSE:IOC-EQ | CVD=-1494402 vs Ref=-131543 | Close=163.24 vs VAL=162.30
2026-01-30 16:25:46,565 [INFO] 🔍 Scanning for alerts on 9 symbols (5min)...
2026-01-30 16:25:46,913 [INFO]     NSE:TCS-EQ | CVD=539126 vs Ref=-3791 | Close=3123.90 vs VAL=3107.50
2026-01-30 16:25:47,313 [INFO]     NSE:DALBHARAT-EQ | CVD=11723 vs Ref=0 | Close=2065.50 vs VAL=2035.00
2026-01-30 16:25:47,664 [INFO]     NSE:HCLTECH-EQ | CVD=-222325 vs Ref=-84045 | Close=1695.60 vs VAL=1688.05
2026-01-30 16:25:49,652 [INFO]     NSE:POLICYBZR-EQ | CVD=174940 vs Ref=-136954 | Close=1654.50 vs VAL=1593.90
2026-01-30 16:25:49,981 [INFO]     NSE:INFY-EQ | CVD=1181858 vs Ref=-64332 | Close=1641.00 vs VAL=1621.00
2026-01-30 16:25:50,331 [INFO]     NSE:LICI-EQ | CVD=118927 vs Ref=-12754 | Close=824.50 vs VAL=814.20
2026-01-30 16:25:50,623 [INFO]     NSE:IIFL-EQ | CVD=104200 vs Ref=-49105 | Close=528.70 vs VAL=533.70
2026-01-30 16:25:50,942 [INFO]     NSE:KOTAKBANK-EQ | CVD=3096999 vs Ref=-94870 | Close=408.00 vs VAL=407.40
2026-01-30 16:25:51,251 [INFO]     NSE:IOC-EQ | CVD=-1494402 vs Ref=-131543 | Close=163.24 vs VAL=162.30
2026-01-30 16:26:51,253 [INFO] 🔍 Scanning for alerts on 9 symbols (5min)...
2026-01-30 16:26:51,546 [INFO]     NSE:TCS-EQ | CVD=539126 vs Ref=-3791 | Close=3123.90 vs VAL=3107.50
2026-01-30 16:26:51,930 [INFO]     NSE:DALBHARAT-EQ | CVD=11723 vs Ref=0 | Close=2065.50 vs VAL=2035.00
2026-01-30 16:26:52,474 [INFO]     NSE:HCLTECH-EQ | CVD=-222325 vs Ref=-84045 | Close=1695.60 vs VAL=1688.05
2026-01-30 16:26:54,137 [INFO]     NSE:POLICYBZR-EQ | CVD=174940 vs Ref=-136954 | Close=1654.50 vs VAL=1593.90
2026-01-30 16:26:54,513 [INFO]     NSE:INFY-EQ | CVD=1181858 vs Ref=-64332 | Close=1641.00 vs VAL=1621.00
2026-01-30 16:26:54,872 [INFO]     NSE:LICI-EQ | CVD=118927 vs Ref=-12754 | Close=824.50 vs VAL=814.20
2026-01-30 16:26:55,291 [INFO]     NSE:IIFL-EQ | CVD=104200 vs Ref=-49105 | Close=528.70 vs VAL=533.70
2026-01-30 16:26:55,568 [INFO]     NSE:KOTAKBANK-EQ | CVD=3096999 vs Ref=-94870 | Close=408.00 vs VAL=407.40
2026-01-30 16:26:55,827 [INFO]     NSE:IOC-EQ | CVD=-1494402 vs Ref=-131543 | Close=163.24 vs VAL=162.30
2026-01-30 16:27:55,827 [INFO] 🔍 Scanning for alerts on 9 symbols (5min)...
2026-01-30 16:27:56,188 [INFO]     NSE:TCS-EQ | CVD=539126 vs Ref=-3791 | Close=3123.90 vs VAL=3107.50
2026-01-30 16:27:56,529 [INFO]     NSE:DALBHARAT-EQ | CVD=11723 vs Ref=0 | Close=2065.50 vs VAL=2035.00
2026-01-30 16:27:56,902 [INFO]     NSE:HCLTECH-EQ | CVD=-222325 vs Ref=-84045 | Close=1695.60 vs VAL=1688.05
2026-01-30 16:27:58,610 [INFO]     NSE:POLICYBZR-EQ | CVD=174940 vs Ref=-136954 | Close=1654.50 vs VAL=1593.90
2026-01-30 16:27:58,940 [INFO]     NSE:INFY-EQ | CVD=1181858 vs Ref=-64332 | Close=1641.00 vs VAL=1621.00
2026-01-30 16:27:59,526 [INFO]     NSE:LICI-EQ | CVD=118927 vs Ref=-12754 | Close=824.50 vs VAL=814.20
2026-01-30 16:27:59,889 [INFO]     NSE:IIFL-EQ | CVD=104200 vs Ref=-49105 | Close=528.70 vs VAL=533.70
2026-01-30 16:28:00,272 [INFO]     NSE:KOTAKBANK-EQ | CVD=3096999 vs Ref=-94870 | Close=408.00 vs VAL=407.40
2026-01-30 16:28:00,636 [INFO]     NSE:IOC-EQ | CVD=-1494402 vs Ref=-131543 | Close=163.24 vs VAL=162.30
2026-01-30 16:29:00,638 [INFO] 🔍 Scanning for alerts on 9 symbols (5min)...
2026-01-30 16:29:00,928 [INFO]     NSE:TCS-EQ | CVD=539126 vs Ref=-3791 | Close=3123.90 vs VAL=3107.50
2026-01-30 16:29:01,372 [INFO]     NSE:DALBHARAT-EQ | CVD=11723 vs Ref=0 | Close=2065.50 vs VAL=2035.00
2026-01-30 16:29:03,116 [INFO]     NSE:HCLTECH-EQ | CVD=-222325 vs Ref=-84045 | Close=1695.60 vs VAL=1688.05
2026-01-30 16:29:03,477 [INFO]     NSE:POLICYBZR-EQ | CVD=174940 vs Ref=-136954 | Close=1654.50 vs VAL=1593.90
2026-01-30 16:29:03,900 [INFO]     NSE:INFY-EQ | CVD=1181858 vs Ref=-64332 | Close=1641.00 vs VAL=1621.00
2026-01-30 16:29:04,271 [INFO]     NSE:LICI-EQ | CVD=118927 vs Ref=-12754 | Close=824.50 vs VAL=814.20
2026-01-30 16:29:04,583 [INFO]     NSE:IIFL-EQ | CVD=104200 vs Ref=-49105 | Close=528.70 vs VAL=533.70
2026-01-30 16:29:04,967 [INFO]     NSE:KOTAKBANK-EQ | CVD=3096999 vs Ref=-94870 | Close=408.00 vs VAL=407.40
2026-01-30 16:29:05,434 [INFO]     NSE:IOC-EQ | CVD=-1494402 vs Ref=-131543 | Close=163.24 vs VAL=162.30
2026-01-30 16:30:05,437 [INFO] 🔍 Scanning for alerts on 9 symbols (5min)...
2026-01-30 16:30:05,755 [INFO]     NSE:TCS-EQ | CVD=539126 vs Ref=-3791 | Close=3123.90 vs VAL=3107.50
2026-01-30 16:30:07,578 [INFO]     NSE:DALBHARAT-EQ | CVD=11723 vs Ref=0 | Close=2065.50 vs VAL=2035.00
2026-01-30 16:30:07,857 [INFO]     NSE:HCLTECH-EQ | CVD=-222325 vs Ref=-84045 | Close=1695.60 vs VAL=1688.05
2026-01-30 16:30:08,400 [INFO]     NSE:POLICYBZR-EQ | CVD=174940 vs Ref=-136954 | Close=1654.50 vs VAL=1593.90
2026-01-30 16:30:08,860 [INFO]     NSE:INFY-EQ | CVD=1181858 vs Ref=-64332 | Close=1641.00 vs VAL=1621.00
2026-01-30 16:30:09,371 [INFO]     NSE:LICI-EQ | CVD=118927 vs Ref=-12754 | Close=824.50 vs VAL=814.20
2026-01-30 16:30:09,678 [INFO]     NSE:IIFL-EQ | CVD=104200 vs Ref=-49105 | Close=528.70 vs VAL=533.70
2026-01-30 16:30:10,104 [INFO]     NSE:KOTAKBANK-EQ | CVD=3096999 vs Ref=-94870 | Close=408.00 vs VAL=407.40
2026-01-30 16:30:10,479 [INFO]     NSE:IOC-EQ | CVD=-1494402 vs Ref=-131543 | Close=163.24 vs VAL=162.30
2026-01-30 16:31:10,481 [INFO] 🔍 Scanning for alerts on 9 symbols (5min)...
2026-01-30 16:31:10,768 [INFO]     NSE:TCS-EQ | CVD=539126 vs Ref=-3791 | Close=3123.90 vs VAL=3107.50
2026-01-30 16:31:11,202 [INFO]     NSE:DALBHARAT-EQ | CVD=11723 vs Ref=0 | Close=2065.50 vs VAL=2035.00
2026-01-30 16:31:11,720 [INFO]     NSE:HCLTECH-EQ | CVD=-222325 vs Ref=-84045 | Close=1695.60 vs VAL=1688.05
2026-01-30 16:31:13,542 [INFO]     NSE:POLICYBZR-EQ | CVD=174940 vs Ref=-136954 | Close=1654.50 vs VAL=1593.90
2026-01-30 16:31:13,833 [INFO]     NSE:INFY-EQ | CVD=1181858 vs Ref=-64332 | Close=1641.00 vs VAL=1621.00
2026-01-30 16:31:14,188 [INFO]     NSE:LICI-EQ | CVD=118927 vs Ref=-12754 | Close=824.50 vs VAL=814.20
2026-01-30 16:31:14,579 [INFO]     NSE:IIFL-EQ | CVD=104200 vs Ref=-49105 | Close=528.70 vs VAL=533.70
2026-01-30 16:31:15,010 [INFO]     NSE:KOTAKBANK-EQ | CVD=3096999 vs Ref=-94870 | Close=408.00 vs VAL=407.40
2026-01-30 16:31:15,418 [INFO]     NSE:IOC-EQ | CVD=-1494402 vs Ref=-131543 | Close=163.24 vs VAL=162.30
2026-01-30 16:32:15,419 [INFO] 🔍 Scanning for alerts on 9 symbols (5min)...
2026-01-30 16:32:15,700 [INFO]     NSE:TCS-EQ | CVD=539126 vs Ref=-3791 | Close=3123.90 vs VAL=3107.50
2026-01-30 16:32:16,183 [INFO]     NSE:DALBHARAT-EQ | CVD=11723 vs Ref=0 | Close=2065.50 vs VAL=2035.00
2026-01-30 16:32:18,041 [INFO]     NSE:HCLTECH-EQ | CVD=-222325 vs Ref=-84045 | Close=1695.60 vs VAL=1688.05
2026-01-30 16:32:18,353 [INFO]     NSE:POLICYBZR-EQ | CVD=174940 vs Ref=-136954 | Close=1654.50 vs VAL=1593.90
2026-01-30 16:32:18,647 [INFO]     NSE:INFY-EQ | CVD=1181858 vs Ref=-64332 | Close=1641.00 vs VAL=1621.00
2026-01-30 16:32:18,977 [INFO]     NSE:LICI-EQ | CVD=118927 vs Ref=-12754 | Close=824.50 vs VAL=814.20
2026-01-30 16:32:19,480 [INFO]     NSE:IIFL-EQ | CVD=104200 vs Ref=-49105 | Close=528.70 vs VAL=533.70
2026-01-30 16:32:19,804 [INFO]     NSE:KOTAKBANK-EQ | CVD=3096999 vs Ref=-94870 | Close=408.00 vs VAL=407.40
2026-01-30 16:32:20,178 [INFO]     NSE:IOC-EQ | CVD=-1494402 vs Ref=-131543 | Close=163.24 vs VAL=162.30
2026-01-30 16:33:20,179 [INFO] 🔍 Scanning for alerts on 9 symbols (5min)...
2026-01-30 16:33:20,537 [INFO]     NSE:TCS-EQ | CVD=539126 vs Ref=-3791 | Close=3123.90 vs VAL=3107.50
2026-01-30 16:33:22,504 [INFO]     NSE:DALBHARAT-EQ | CVD=11723 vs Ref=0 | Close=2065.50 vs VAL=2035.00
2026-01-30 16:33:22,792 [INFO]     NSE:HCLTECH-EQ | CVD=-222325 vs Ref=-84045 | Close=1695.60 vs VAL=1688.05
2026-01-30 16:33:23,445 [INFO]     NSE:POLICYBZR-EQ | CVD=174940 vs Ref=-136954 | Close=1654.50 vs VAL=1593.90
2026-01-30 16:33:23,941 [INFO]     NSE:INFY-EQ | CVD=1181858 vs Ref=-64332 | Close=1641.00 vs VAL=1621.00
2026-01-30 16:33:24,305 [INFO]     NSE:LICI-EQ | CVD=118927 vs Ref=-12754 | Close=824.50 vs VAL=814.20
2026-01-30 16:33:24,622 [INFO]     NSE:IIFL-EQ | CVD=104200 vs Ref=-49105 | Close=528.70 vs VAL=533.70
2026-01-30 16:33:25,034 [INFO]     NSE:KOTAKBANK-EQ | CVD=3096999 vs Ref=-94870 | Close=408.00 vs VAL=407.40
2026-01-30 16:33:25,514 [INFO]     NSE:IOC-EQ | CVD=-1494402 vs Ref=-131543 | Close=163.24 vs VAL=162.30
2026-01-30 16:34:25,516 [INFO] 🔍 Scanning for alerts on 9 symbols (5min)...
2026-01-30 16:34:25,867 [INFO]     NSE:TCS-EQ | CVD=539126 vs Ref=-3791 | Close=3123.90 vs VAL=3107.50
2026-01-30 16:34:26,561 [INFO]     NSE:DALBHARAT-EQ | CVD=11723 vs Ref=0 | Close=2065.50 vs VAL=2035.00
2026-01-30 16:34:28,430 [INFO]     NSE:HCLTECH-EQ | CVD=-222325 vs Ref=-84045 | Close=1695.60 vs VAL=1688.05
2026-01-30 16:34:28,766 [INFO]     NSE:POLICYBZR-EQ | CVD=174940 vs Ref=-136954 | Close=1654.50 vs VAL=1593.90
2026-01-30 16:34:29,154 [INFO]     NSE:INFY-EQ | CVD=1181858 vs Ref=-64332 | Close=1641.00 vs VAL=1621.00
2026-01-30 16:34:29,483 [INFO]     NSE:LICI-EQ | CVD=118927 vs Ref=-12754 | Close=824.50 vs VAL=814.20
2026-01-30 16:34:29,883 [INFO]     NSE:IIFL-EQ | CVD=104200 vs Ref=-49105 | Close=528.70 vs VAL=533.70
2026-01-30 16:34:30,438 [INFO]     NSE:KOTAKBANK-EQ | CVD=3096999 vs Ref=-94870 | Close=408.00 vs VAL=407.40
2026-01-30 16:34:30,781 [INFO]     NSE:IOC-EQ | CVD=-1494402 vs Ref=-131543 | Close=163.24 vs VAL=162.30
2026-01-30 16:35:30,784 [INFO] 🔍 Scanning for alerts on 9 symbols (5min)...
2026-01-30 16:35:31,019 [INFO]     NSE:TCS-EQ | CVD=539126 vs Ref=-3791 | Close=3123.90 vs VAL=3107.50
2026-01-30 16:35:31,242 [INFO]     NSE:DALBHARAT-EQ | CVD=11723 vs Ref=0 | Close=2065.50 vs VAL=2035.00
2026-01-30 16:35:31,467 [INFO]     NSE:HCLTECH-EQ | CVD=-222325 vs Ref=-84045 | Close=1695.60 vs VAL=1688.05
2026-01-30 16:35:31,665 [INFO]     NSE:POLICYBZR-EQ | CVD=174940 vs Ref=-136954 | Close=1654.50 vs VAL=1593.90
2026-01-30 16:35:31,893 [INFO]     NSE:INFY-EQ | CVD=1181858 vs Ref=-64332 | Close=1641.00 vs VAL=1621.00
2026-01-30 16:35:32,202 [INFO]     NSE:LICI-EQ | CVD=118927 vs Ref=-12754 | Close=824.50 vs VAL=814.20
2026-01-30 16:35:32,415 [INFO]     NSE:IIFL-EQ | CVD=104200 vs Ref=-49105 | Close=528.70 vs VAL=533.70
2026-01-30 16:35:32,608 [INFO]     NSE:KOTAKBANK-EQ | CVD=3096999 vs Ref=-94870 | Close=408.00 vs VAL=407.40
2026-01-30 16:35:32,812 [INFO]     NSE:IOC-EQ | CVD=-1494402 vs Ref=-131543 | Close=163.24 vs VAL=162.30
2026-01-30 16:36:32,814 [INFO] 🔍 Scanning for alerts on 9 symbols (5min)...
2026-01-30 16:36:32,997 [INFO]     NSE:TCS-EQ | CVD=539126 vs Ref=-3791 | Close=3123.90 vs VAL=3107.50
2026-01-30 16:36:33,251 [INFO]     NSE:DALBHARAT-EQ | CVD=11723 vs Ref=0 | Close=2065.50 vs VAL=2035.00
2026-01-30 16:36:33,437 [INFO]     NSE:HCLTECH-EQ | CVD=-222325 vs Ref=-84045 | Close=1695.60 vs VAL=1688.05
2026-01-30 16:36:33,673 [INFO]     NSE:POLICYBZR-EQ | CVD=174940 vs Ref=-136954 | Close=1654.50 vs VAL=1593.90
2026-01-30 16:36:33,896 [INFO]     NSE:INFY-EQ | CVD=1181858 vs Ref=-64332 | Close=1641.00 vs VAL=1621.00
2026-01-30 16:36:34,115 [INFO]     NSE:LICI-EQ | CVD=118927 vs Ref=-12754 | Close=824.50 vs VAL=814.20
2026-01-30 16:36:34,302 [INFO]     NSE:IIFL-EQ | CVD=104200 vs Ref=-49105 | Close=528.70 vs VAL=533.70
2026-01-30 16:36:34,495 [INFO]     NSE:KOTAKBANK-EQ | CVD=3096999 vs Ref=-94870 | Close=408.00 vs VAL=407.40
2026-01-30 16:36:34,727 [INFO]     NSE:IOC-EQ | CVD=-1494402 vs Ref=-131543 | Close=163.24 vs VAL=162.30
2026-01-30 16:37:34,729 [INFO] 🔍 Scanning for alerts on 9 symbols (5min)...
2026-01-30 16:37:34,912 [INFO]     NSE:TCS-EQ | CVD=539126 vs Ref=-3791 | Close=3123.90 vs VAL=3107.50
2026-01-30 16:37:35,097 [INFO]     NSE:DALBHARAT-EQ | CVD=11723 vs Ref=0 | Close=2065.50 vs VAL=2035.00
2026-01-30 16:37:35,303 [INFO]     NSE:HCLTECH-EQ | CVD=-222325 vs Ref=-84045 | Close=1695.60 vs VAL=1688.05
2026-01-30 16:37:35,491 [INFO]     NSE:POLICYBZR-EQ | CVD=174940 vs Ref=-136954 | Close=1654.50 vs VAL=1593.90
2026-01-30 16:37:35,681 [INFO]     NSE:INFY-EQ | CVD=1181858 vs Ref=-64332 | Close=1641.00 vs VAL=1621.00
2026-01-30 16:37:35,895 [INFO]     NSE:LICI-EQ | CVD=118927 vs Ref=-12754 | Close=824.50 vs VAL=814.20
2026-01-30 16:37:36,082 [INFO]     NSE:IIFL-EQ | CVD=104200 vs Ref=-49105 | Close=528.70 vs VAL=533.70
2026-01-30 16:37:36,307 [INFO]     NSE:KOTAKBANK-EQ | CVD=3096999 vs Ref=-94870 | Close=408.00 vs VAL=407.40
2026-01-30 16:37:36,484 [INFO]     NSE:IOC-EQ | CVD=-1494402 vs Ref=-131543 | Close=163.24 vs VAL=162.30
2026-01-30 16:38:36,485 [INFO] 🔍 Scanning for alerts on 9 symbols (5min)...
2026-01-30 16:38:36,665 [INFO]     NSE:TCS-EQ | CVD=539126 vs Ref=-3791 | Close=3123.90 vs VAL=3107.50
2026-01-30 16:38:36,856 [INFO]     NSE:DALBHARAT-EQ | CVD=11723 vs Ref=0 | Close=2065.50 vs VAL=2035.00
2026-01-30 16:38:37,042 [INFO]     NSE:HCLTECH-EQ | CVD=-222325 vs Ref=-84045 | Close=1695.60 vs VAL=1688.05
2026-01-30 16:38:37,224 [INFO]     NSE:POLICYBZR-EQ | CVD=174940 vs Ref=-136954 | Close=1654.50 vs VAL=1593.90
2026-01-30 16:38:37,414 [INFO]     NSE:INFY-EQ | CVD=1181858 vs Ref=-64332 | Close=1641.00 vs VAL=1621.00
2026-01-30 16:38:37,630 [INFO]     NSE:LICI-EQ | CVD=118927 vs Ref=-12754 | Close=824.50 vs VAL=814.20
2026-01-30 16:38:37,865 [INFO]     NSE:IIFL-EQ | CVD=104200 vs Ref=-49105 | Close=528.70 vs VAL=533.70
2026-01-30 16:38:38,040 [INFO]     NSE:KOTAKBANK-EQ | CVD=3096999 vs Ref=-94870 | Close=408.00 vs VAL=407.40
2026-01-30 16:38:38,226 [INFO]     NSE:IOC-EQ | CVD=-1494402 vs Ref=-131543 | Close=163.24 vs VAL=162.30
2026-01-30 16:39:38,228 [INFO] 🔍 Scanning for alerts on 9 symbols (5min)...
2026-01-30 16:39:38,415 [INFO]     NSE:TCS-EQ | CVD=539126 vs Ref=-3791 | Close=3123.90 vs VAL=3107.50
2026-01-30 16:39:38,605 [INFO]     NSE:DALBHARAT-EQ | CVD=11723 vs Ref=0 | Close=2065.50 vs VAL=2035.00
2026-01-30 16:39:38,795 [INFO]     NSE:HCLTECH-EQ | CVD=-222325 vs Ref=-84045 | Close=1695.60 vs VAL=1688.05
2026-01-30 16:39:39,016 [INFO]     NSE:POLICYBZR-EQ | CVD=174940 vs Ref=-136954 | Close=1654.50 vs VAL=1593.90
2026-01-30 16:39:39,204 [INFO]     NSE:INFY-EQ | CVD=1181858 vs Ref=-64332 | Close=1641.00 vs VAL=1621.00
2026-01-30 16:39:39,410 [INFO]     NSE:LICI-EQ | CVD=118927 vs Ref=-12754 | Close=824.50 vs VAL=814.20
2026-01-30 16:39:39,646 [INFO]     NSE:IIFL-EQ | CVD=104200 vs Ref=-49105 | Close=528.70 vs VAL=533.70
2026-01-30 16:39:39,836 [INFO]     NSE:KOTAKBANK-EQ | CVD=3096999 vs Ref=-94870 | Close=408.00 vs VAL=407.40
2026-01-30 16:39:40,029 [INFO]     NSE:IOC-EQ | CVD=-1494402 vs Ref=-131543 | Close=163.24 vs VAL=162.30
2026-01-30 16:40:40,031 [INFO] 🔍 Scanning for alerts on 9 symbols (5min)...
2026-01-30 16:40:40,215 [INFO]     NSE:TCS-EQ | CVD=539126 vs Ref=-3791 | Close=3123.90 vs VAL=3107.50
2026-01-30 16:40:40,394 [INFO]     NSE:DALBHARAT-EQ | CVD=11723 vs Ref=0 | Close=2065.50 vs VAL=2035.00
2026-01-30 16:40:40,580 [INFO]     NSE:HCLTECH-EQ | CVD=-222325 vs Ref=-84045 | Close=1695.60 vs VAL=1688.05
2026-01-30 16:40:40,769 [INFO]     NSE:POLICYBZR-EQ | CVD=174940 vs Ref=-136954 | Close=1654.50 vs VAL=1593.90
2026-01-30 16:40:40,957 [INFO]     NSE:INFY-EQ | CVD=1181858 vs Ref=-64332 | Close=1641.00 vs VAL=1621.00
2026-01-30 16:40:41,143 [INFO]     NSE:LICI-EQ | CVD=118927 vs Ref=-12754 | Close=824.50 vs VAL=814.20
2026-01-30 16:40:41,333 [INFO]     NSE:IIFL-EQ | CVD=104200 vs Ref=-49105 | Close=528.70 vs VAL=533.70
2026-01-30 16:40:41,534 [INFO]     NSE:KOTAKBANK-EQ | CVD=3096999 vs Ref=-94870 | Close=408.00 vs VAL=407.40
2026-01-30 16:40:41,754 [INFO]     NSE:IOC-EQ | CVD=-1494402 vs Ref=-131543 | Close=163.24 vs VAL=162.30
2026-01-30 16:41:41,756 [INFO] 🔍 Scanning for alerts on 9 symbols (5min)...
2026-01-30 16:41:41,945 [INFO]     NSE:TCS-EQ | CVD=539126 vs Ref=-3791 | Close=3123.90 vs VAL=3107.50
2026-01-30 16:41:42,133 [INFO]     NSE:DALBHARAT-EQ | CVD=11723 vs Ref=0 | Close=2065.50 vs VAL=2035.00
2026-01-30 16:41:42,353 [INFO]     NSE:HCLTECH-EQ | CVD=-222325 vs Ref=-84045 | Close=1695.60 vs VAL=1688.05
2026-01-30 16:41:42,584 [INFO]     NSE:POLICYBZR-EQ | CVD=174940 vs Ref=-136954 | Close=1654.50 vs VAL=1593.90
2026-01-30 16:41:42,742 [INFO]     NSE:INFY-EQ | CVD=1181858 vs Ref=-64332 | Close=1641.00 vs VAL=1621.00
2026-01-30 16:41:42,942 [INFO]     NSE:LICI-EQ | CVD=118927 vs Ref=-12754 | Close=824.50 vs VAL=814.20
2026-01-30 16:41:43,185 [INFO]     NSE:IIFL-EQ | CVD=104200 vs Ref=-49105 | Close=528.70 vs VAL=533.70
2026-01-30 16:41:43,374 [INFO]     NSE:KOTAKBANK-EQ | CVD=3096999 vs Ref=-94870 | Close=408.00 vs VAL=407.40
2026-01-30 16:41:43,564 [INFO]     NSE:IOC-EQ | CVD=-1494402 vs Ref=-131543 | Close=163.24 vs VAL=162.30
2026-01-30 16:42:43,566 [INFO] 🔍 Scanning for alerts on 9 symbols (5min)...
2026-01-30 16:42:43,759 [INFO]     NSE:TCS-EQ | CVD=539126 vs Ref=-3791 | Close=3123.90 vs VAL=3107.50
2026-01-30 16:42:43,987 [INFO]     NSE:DALBHARAT-EQ | CVD=11723 vs Ref=0 | Close=2065.50 vs VAL=2035.00
2026-01-30 16:42:44,169 [INFO]     NSE:HCLTECH-EQ | CVD=-222325 vs Ref=-84045 | Close=1695.60 vs VAL=1688.05
2026-01-30 16:42:44,360 [INFO]     NSE:POLICYBZR-EQ | CVD=174940 vs Ref=-136954 | Close=1654.50 vs VAL=1593.90
2026-01-30 16:42:44,948 [INFO]     NSE:INFY-EQ | CVD=1181858 vs Ref=-64332 | Close=1641.00 vs VAL=1621.00
2026-01-30 16:42:45,125 [INFO]     NSE:LICI-EQ | CVD=118927 vs Ref=-12754 | Close=824.50 vs VAL=814.20
2026-01-30 16:42:45,313 [INFO]     NSE:IIFL-EQ | CVD=104200 vs Ref=-49105 | Close=528.70 vs VAL=533.70
2026-01-30 16:42:45,518 [INFO]     NSE:KOTAKBANK-EQ | CVD=3096999 vs Ref=-94870 | Close=408.00 vs VAL=407.40
2026-01-30 16:42:45,708 [INFO]     NSE:IOC-EQ | CVD=-1494402 vs Ref=-131543 | Close=163.24 vs VAL=162.30
2026-01-30 16:43:45,711 [INFO] 🔍 Scanning for alerts on 9 symbols (5min)...
2026-01-30 16:43:45,931 [INFO]     NSE:TCS-EQ | CVD=539126 vs Ref=-3791 | Close=3123.90 vs VAL=3107.50
2026-01-30 16:43:46,118 [INFO]     NSE:DALBHARAT-EQ | CVD=11723 vs Ref=0 | Close=2065.50 vs VAL=2035.00
2026-01-30 16:43:46,303 [INFO]     NSE:HCLTECH-EQ | CVD=-222325 vs Ref=-84045 | Close=1695.60 vs VAL=1688.05
2026-01-30 16:43:46,490 [INFO]     NSE:POLICYBZR-EQ | CVD=174940 vs Ref=-136954 | Close=1654.50 vs VAL=1593.90
2026-01-30 16:43:46,675 [INFO]     NSE:INFY-EQ | CVD=1181858 vs Ref=-64332 | Close=1641.00 vs VAL=1621.00
2026-01-30 16:43:46,869 [INFO]     NSE:LICI-EQ | CVD=118927 vs Ref=-12754 | Close=824.50 vs VAL=814.20
2026-01-30 16:43:47,051 [INFO]     NSE:IIFL-EQ | CVD=104200 vs Ref=-49105 | Close=528.70 vs VAL=533.70
2026-01-30 16:43:47,235 [INFO]     NSE:KOTAKBANK-EQ | CVD=3096999 vs Ref=-94870 | Close=408.00 vs VAL=407.40
2026-01-30 16:43:47,415 [INFO]     NSE:IOC-EQ | CVD=-1494402 vs Ref=-131543 | Close=163.24 vs VAL=162.30
2026-01-30 16:44:47,416 [INFO] 🔍 Scanning for alerts on 9 symbols (5min)...
2026-01-30 16:44:47,648 [INFO]     NSE:TCS-EQ | CVD=539126 vs Ref=-3791 | Close=3123.90 vs VAL=3107.50
2026-01-30 16:44:47,870 [INFO]     NSE:DALBHARAT-EQ | CVD=11723 vs Ref=0 | Close=2065.50 vs VAL=2035.00
2026-01-30 16:44:48,043 [INFO]     NSE:HCLTECH-EQ | CVD=-222325 vs Ref=-84045 | Close=1695.60 vs VAL=1688.05
2026-01-30 16:44:48,253 [INFO]     NSE:POLICYBZR-EQ | CVD=174940 vs Ref=-136954 | Close=1654.50 vs VAL=1593.90
2026-01-30 16:44:48,438 [INFO]     NSE:INFY-EQ | CVD=1181858 vs Ref=-64332 | Close=1641.00 vs VAL=1621.00
2026-01-30 16:44:48,624 [INFO]     NSE:LICI-EQ | CVD=118927 vs Ref=-12754 | Close=824.50 vs VAL=814.20
2026-01-30 16:44:48,819 [INFO]     NSE:IIFL-EQ | CVD=104200 vs Ref=-49105 | Close=528.70 vs VAL=533.70
2026-01-30 16:44:49,015 [INFO]     NSE:KOTAKBANK-EQ | CVD=3096999 vs Ref=-94870 | Close=408.00 vs VAL=407.40
2026-01-30 16:44:49,222 [INFO]     NSE:IOC-EQ | CVD=-1494402 vs Ref=-131543 | Close=163.24 vs VAL=162.30
2026-01-30 16:45:49,225 [INFO] 🔍 Scanning for alerts on 9 symbols (5min)...
2026-01-30 16:45:49,438 [INFO]     NSE:TCS-EQ | CVD=539126 vs Ref=-3791 | Close=3123.90 vs VAL=3107.50
2026-01-30 16:45:49,622 [INFO]     NSE:DALBHARAT-EQ | CVD=11723 vs Ref=0 | Close=2065.50 vs VAL=2035.00
2026-01-30 16:45:49,794 [INFO]     NSE:HCLTECH-EQ | CVD=-222325 vs Ref=-84045 | Close=1695.60 vs VAL=1688.05
2026-01-30 16:45:49,978 [INFO]     NSE:POLICYBZR-EQ | CVD=174940 vs Ref=-136954 | Close=1654.50 vs VAL=1593.90
2026-01-30 16:45:50,167 [INFO]     NSE:INFY-EQ | CVD=1181858 vs Ref=-64332 | Close=1641.00 vs VAL=1621.00
2026-01-30 16:45:50,355 [INFO]     NSE:LICI-EQ | CVD=118927 vs Ref=-12754 | Close=824.50 vs VAL=814.20
2026-01-30 16:45:50,540 [INFO]     NSE:IIFL-EQ | CVD=104200 vs Ref=-49105 | Close=528.70 vs VAL=533.70
2026-01-30 16:45:50,723 [INFO]     NSE:KOTAKBANK-EQ | CVD=3096999 vs Ref=-94870 | Close=408.00 vs VAL=407.40
2026-01-30 16:45:50,937 [INFO]     NSE:IOC-EQ | CVD=-1494402 vs Ref=-131543 | Close=163.24 vs VAL=162.30
2026-01-30 16:46:50,939 [INFO] 🔍 Scanning for alerts on 9 symbols (5min)...
2026-01-30 16:46:51,159 [INFO]     NSE:TCS-EQ | CVD=539126 vs Ref=-3791 | Close=3123.90 vs VAL=3107.50
2026-01-30 16:46:51,393 [INFO]     NSE:DALBHARAT-EQ | CVD=11723 vs Ref=0 | Close=2065.50 vs VAL=2035.00
2026-01-30 16:46:51,549 [INFO]     NSE:HCLTECH-EQ | CVD=-222325 vs Ref=-84045 | Close=1695.60 vs VAL=1688.05
2026-01-30 16:46:51,728 [INFO]     NSE:POLICYBZR-EQ | CVD=174940 vs Ref=-136954 | Close=1654.50 vs VAL=1593.90
2026-01-30 16:46:51,908 [INFO]     NSE:INFY-EQ | CVD=1181858 vs Ref=-64332 | Close=1641.00 vs VAL=1621.00
2026-01-30 16:46:52,094 [INFO]     NSE:LICI-EQ | CVD=118927 vs Ref=-12754 | Close=824.50 vs VAL=814.20
2026-01-30 16:46:52,301 [INFO]     NSE:IIFL-EQ | CVD=104200 vs Ref=-49105 | Close=528.70 vs VAL=533.70
2026-01-30 16:46:52,527 [INFO]     NSE:KOTAKBANK-EQ | CVD=3096999 vs Ref=-94870 | Close=408.00 vs VAL=407.40
2026-01-30 16:46:52,709 [INFO]     NSE:IOC-EQ | CVD=-1494402 vs Ref=-131543 | Close=163.24 vs VAL=162.30
2026-01-30 16:47:52,711 [INFO] 🔍 Scanning for alerts on 9 symbols (5min)...
2026-01-30 16:47:52,937 [INFO]     NSE:TCS-EQ | CVD=539126 vs Ref=-3791 | Close=3123.90 vs VAL=3107.50
2026-01-30 16:47:53,121 [INFO]     NSE:DALBHARAT-EQ | CVD=11723 vs Ref=0 | Close=2065.50 vs VAL=2035.00
2026-01-30 16:47:53,299 [INFO]     NSE:HCLTECH-EQ | CVD=-222325 vs Ref=-84045 | Close=1695.60 vs VAL=1688.05
2026-01-30 16:47:53,472 [INFO]     NSE:POLICYBZR-EQ | CVD=174940 vs Ref=-136954 | Close=1654.50 vs VAL=1593.90
2026-01-30 16:47:53,658 [INFO]     NSE:INFY-EQ | CVD=1181858 vs Ref=-64332 | Close=1641.00 vs VAL=1621.00
2026-01-30 16:47:53,916 [INFO]     NSE:LICI-EQ | CVD=118927 vs Ref=-12754 | Close=824.50 vs VAL=814.20
2026-01-30 16:47:54,152 [INFO]     NSE:IIFL-EQ | CVD=104200 vs Ref=-49105 | Close=528.70 vs VAL=533.70
2026-01-30 16:47:54,316 [INFO]     NSE:KOTAKBANK-EQ | CVD=3096999 vs Ref=-94870 | Close=408.00 vs VAL=407.40
2026-01-30 16:47:54,502 [INFO]     NSE:IOC-EQ | CVD=-1494402 vs Ref=-131543 | Close=163.24 vs VAL=162.30
2026-01-30 16:48:54,504 [INFO] 🔍 Scanning for alerts on 9 symbols (5min)...
2026-01-30 16:48:54,737 [INFO]     NSE:TCS-EQ | CVD=539126 vs Ref=-3791 | Close=3123.90 vs VAL=3107.50
2026-01-30 16:48:54,929 [INFO]     NSE:DALBHARAT-EQ | CVD=11723 vs Ref=0 | Close=2065.50 vs VAL=2035.00
2026-01-30 16:48:55,125 [INFO]     NSE:HCLTECH-EQ | CVD=-222325 vs Ref=-84045 | Close=1695.60 vs VAL=1688.05
2026-01-30 16:48:55,323 [INFO]     NSE:POLICYBZR-EQ | CVD=174940 vs Ref=-136954 | Close=1654.50 vs VAL=1593.90
2026-01-30 16:48:55,522 [INFO]     NSE:INFY-EQ | CVD=1181858 vs Ref=-64332 | Close=1641.00 vs VAL=1621.00
2026-01-30 16:48:55,764 [INFO]     NSE:LICI-EQ | CVD=118927 vs Ref=-12754 | Close=824.50 vs VAL=814.20
2026-01-30 16:48:55,960 [INFO]     NSE:IIFL-EQ | CVD=104200 vs Ref=-49105 | Close=528.70 vs VAL=533.70
2026-01-30 16:48:56,132 [INFO]     NSE:KOTAKBANK-EQ | CVD=3096999 vs Ref=-94870 | Close=408.00 vs VAL=407.40
2026-01-30 16:48:56,342 [INFO]     NSE:IOC-EQ | CVD=-1494402 vs Ref=-131543 | Close=163.24 vs VAL=162.30
2026-01-30 17:30:04,418 [INFO] 🔍 Scanning for alerts on 9 symbols (5min)...
2026-01-30 17:30:05,140 [INFO]     NSE:TCS-EQ | CVD=539126 vs Ref=-3791 | Close=3123.90 vs VAL=3107.50
2026-01-30 17:30:05,613 [INFO]     NSE:DALBHARAT-EQ | CVD=11723 vs Ref=0 | Close=2065.50 vs VAL=2035.00
2026-01-30 17:30:06,038 [INFO]     NSE:HCLTECH-EQ | CVD=-222325 vs Ref=-84045 | Close=1695.60 vs VAL=1688.05
2026-01-30 17:30:06,622 [INFO]     NSE:POLICYBZR-EQ | CVD=174940 vs Ref=-136954 | Close=1654.50 vs VAL=1593.90
2026-01-30 17:30:07,113 [INFO]     NSE:INFY-EQ | CVD=1181858 vs Ref=-64332 | Close=1641.00 vs VAL=1621.00
2026-01-30 17:30:07,675 [INFO]     NSE:LICI-EQ | CVD=118927 vs Ref=-12754 | Close=824.50 vs VAL=814.20
2026-01-30 17:30:08,029 [INFO]     NSE:IIFL-EQ | CVD=104200 vs Ref=-49105 | Close=528.70 vs VAL=533.70
2026-01-30 17:30:08,483 [INFO]     NSE:KOTAKBANK-EQ | CVD=3096999 vs Ref=-94870 | Close=408.00 vs VAL=407.40
2026-01-30 17:30:08,929 [INFO]     NSE:IOC-EQ | CVD=-1494402 vs Ref=-131543 | Close=163.24 vs VAL=162.30
2026-01-30 17:31:08,932 [INFO] 🔍 Scanning for alerts on 9 symbols (5min)...
2026-01-30 17:31:09,197 [INFO]     NSE:TCS-EQ | CVD=539126 vs Ref=-3791 | Close=3123.90 vs VAL=3107.50
2026-01-30 17:31:09,463 [INFO]     NSE:DALBHARAT-EQ | CVD=11723 vs Ref=0 | Close=2065.50 vs VAL=2035.00
2026-01-30 17:31:09,737 [INFO]     NSE:HCLTECH-EQ | CVD=-222325 vs Ref=-84045 | Close=1695.60 vs VAL=1688.05
2026-01-30 17:31:10,008 [INFO]     NSE:POLICYBZR-EQ | CVD=174940 vs Ref=-136954 | Close=1654.50 vs VAL=1593.90
2026-01-30 17:31:10,287 [INFO]     NSE:INFY-EQ | CVD=1181858 vs Ref=-64332 | Close=1641.00 vs VAL=1621.00
2026-01-30 17:31:10,564 [INFO]     NSE:LICI-EQ | CVD=118927 vs Ref=-12754 | Close=824.50 vs VAL=814.20
2026-01-30 17:31:10,829 [INFO]     NSE:IIFL-EQ | CVD=104200 vs Ref=-49105 | Close=528.70 vs VAL=533.70
2026-01-30 17:31:11,106 [INFO]     NSE:KOTAKBANK-EQ | CVD=3096999 vs Ref=-94870 | Close=408.00 vs VAL=407.40
2026-01-30 17:31:11,379 [INFO]     NSE:IOC-EQ | CVD=-1494402 vs Ref=-131543 | Close=163.24 vs VAL=162.30
2026-01-30 17:32:11,381 [INFO] 🔍 Scanning for alerts on 9 symbols (5min)...
2026-01-30 17:32:11,663 [INFO]     NSE:TCS-EQ | CVD=539126 vs Ref=-3791 | Close=3123.90 vs VAL=3107.50
2026-01-30 17:32:11,962 [INFO]     NSE:DALBHARAT-EQ | CVD=11723 vs Ref=0 | Close=2065.50 vs VAL=2035.00
2026-01-30 17:32:12,238 [INFO]     NSE:HCLTECH-EQ | CVD=-222325 vs Ref=-84045 | Close=1695.60 vs VAL=1688.05
2026-01-30 17:32:12,535 [INFO]     NSE:POLICYBZR-EQ | CVD=174940 vs Ref=-136954 | Close=1654.50 vs VAL=1593.90
2026-01-30 17:32:14,716 [INFO]     NSE:INFY-EQ | CVD=1181858 vs Ref=-64332 | Close=1641.00 vs VAL=1621.00
2026-01-30 17:32:15,008 [INFO]     NSE:LICI-EQ | CVD=118927 vs Ref=-12754 | Close=824.50 vs VAL=814.20
2026-01-30 17:32:15,288 [INFO]     NSE:IIFL-EQ | CVD=104200 vs Ref=-49105 | Close=528.70 vs VAL=533.70
2026-01-30 17:32:15,608 [INFO]     NSE:KOTAKBANK-EQ | CVD=3096999 vs Ref=-94870 | Close=408.00 vs VAL=407.40
2026-01-30 17:32:15,884 [INFO]     NSE:IOC-EQ | CVD=-1494402 vs Ref=-131543 | Close=163.24 vs VAL=162.30
2026-01-30 17:33:15,885 [INFO] 🔍 Scanning for alerts on 9 symbols (5min)...
2026-01-30 17:33:16,175 [INFO]     NSE:TCS-EQ | CVD=539126 vs Ref=-3791 | Close=3123.90 vs VAL=3107.50
2026-01-30 17:33:16,451 [INFO]     NSE:DALBHARAT-EQ | CVD=11723 vs Ref=0 | Close=2065.50 vs VAL=2035.00
2026-01-30 17:33:16,738 [INFO]     NSE:HCLTECH-EQ | CVD=-222325 vs Ref=-84045 | Close=1695.60 vs VAL=1688.05
2026-01-30 17:33:16,997 [INFO]     NSE:POLICYBZR-EQ | CVD=174940 vs Ref=-136954 | Close=1654.50 vs VAL=1593.90
2026-01-30 17:33:17,308 [INFO]     NSE:INFY-EQ | CVD=1181858 vs Ref=-64332 | Close=1641.00 vs VAL=1621.00
2026-01-30 17:33:19,425 [INFO]     NSE:LICI-EQ | CVD=118927 vs Ref=-12754 | Close=824.50 vs VAL=814.20
2026-01-30 17:33:19,845 [INFO]     NSE:IIFL-EQ | CVD=104200 vs Ref=-49105 | Close=528.70 vs VAL=533.70
2026-01-30 17:33:20,388 [INFO]     NSE:KOTAKBANK-EQ | CVD=3096999 vs Ref=-94870 | Close=408.00 vs VAL=407.40
2026-01-30 17:33:20,722 [INFO]     NSE:IOC-EQ | CVD=-1494402 vs Ref=-131543 | Close=163.24 vs VAL=162.30
2026-01-30 17:34:20,725 [INFO] 🔍 Scanning for alerts on 9 symbols (5min)...
2026-01-30 17:34:21,262 [INFO]     NSE:TCS-EQ | CVD=539126 vs Ref=-3791 | Close=3123.90 vs VAL=3107.50
2026-01-30 17:34:21,611 [INFO]     NSE:DALBHARAT-EQ | CVD=11723 vs Ref=0 | Close=2065.50 vs VAL=2035.00
2026-01-30 17:34:22,064 [INFO]     NSE:HCLTECH-EQ | CVD=-222325 vs Ref=-84045 | Close=1695.60 vs VAL=1688.05
2026-01-30 17:34:22,454 [INFO]     NSE:POLICYBZR-EQ | CVD=174940 vs Ref=-136954 | Close=1654.50 vs VAL=1593.90
2026-01-30 17:34:22,832 [INFO]     NSE:INFY-EQ | CVD=1181858 vs Ref=-64332 | Close=1641.00 vs VAL=1621.00
2026-01-30 17:34:23,145 [INFO]     NSE:LICI-EQ | CVD=118927 vs Ref=-12754 | Close=824.50 vs VAL=814.20
2026-01-30 17:34:23,462 [INFO]     NSE:IIFL-EQ | CVD=104200 vs Ref=-49105 | Close=528.70 vs VAL=533.70
2026-01-30 17:34:23,809 [INFO]     NSE:KOTAKBANK-EQ | CVD=3096999 vs Ref=-94870 | Close=408.00 vs VAL=407.40
2026-01-30 17:34:24,138 [INFO]     NSE:IOC-EQ | CVD=-1494402 vs Ref=-131543 | Close=163.24 vs VAL=162.30
2026-01-30 17:35:24,144 [INFO] 🔍 Scanning for alerts on 9 symbols (5min)...
2026-01-30 17:35:24,480 [INFO]     NSE:TCS-EQ | CVD=539126 vs Ref=-3791 | Close=3123.90 vs VAL=3107.50
2026-01-30 17:35:24,864 [INFO]     NSE:DALBHARAT-EQ | CVD=11723 vs Ref=0 | Close=2065.50 vs VAL=2035.00
2026-01-30 17:35:25,269 [INFO]     NSE:HCLTECH-EQ | CVD=-222325 vs Ref=-84045 | Close=1695.60 vs VAL=1688.05
2026-01-30 17:35:25,641 [INFO]     NSE:POLICYBZR-EQ | CVD=174940 vs Ref=-136954 | Close=1654.50 vs VAL=1593.90
2026-01-30 17:35:25,988 [INFO]     NSE:INFY-EQ | CVD=1181858 vs Ref=-64332 | Close=1641.00 vs VAL=1621.00
2026-01-30 17:35:26,297 [INFO]     NSE:LICI-EQ | CVD=118927 vs Ref=-12754 | Close=824.50 vs VAL=814.20
2026-01-30 17:35:26,625 [INFO]     NSE:IIFL-EQ | CVD=104200 vs Ref=-49105 | Close=528.70 vs VAL=533.70
2026-01-30 17:35:27,016 [INFO]     NSE:KOTAKBANK-EQ | CVD=3096999 vs Ref=-94870 | Close=408.00 vs VAL=407.40
2026-01-30 17:35:27,386 [INFO]     NSE:IOC-EQ | CVD=-1494402 vs Ref=-131543 | Close=163.24 vs VAL=162.30
2026-01-30 17:36:27,388 [INFO] 🔍 Scanning for alerts on 9 symbols (5min)...
2026-01-30 17:36:27,750 [INFO]     NSE:TCS-EQ | CVD=539126 vs Ref=-3791 | Close=3123.90 vs VAL=3107.50
2026-01-30 17:36:28,113 [INFO]     NSE:DALBHARAT-EQ | CVD=11723 vs Ref=0 | Close=2065.50 vs VAL=2035.00
2026-01-30 17:36:28,425 [INFO]     NSE:HCLTECH-EQ | CVD=-222325 vs Ref=-84045 | Close=1695.60 vs VAL=1688.05
2026-01-30 17:36:28,739 [INFO]     NSE:POLICYBZR-EQ | CVD=174940 vs Ref=-136954 | Close=1654.50 vs VAL=1593.90
2026-01-30 17:36:29,094 [INFO]     NSE:INFY-EQ | CVD=1181858 vs Ref=-64332 | Close=1641.00 vs VAL=1621.00
2026-01-30 17:36:29,363 [INFO]     NSE:LICI-EQ | CVD=118927 vs Ref=-12754 | Close=824.50 vs VAL=814.20
2026-01-30 17:36:29,645 [INFO]     NSE:IIFL-EQ | CVD=104200 vs Ref=-49105 | Close=528.70 vs VAL=533.70
2026-01-30 17:36:29,953 [INFO]     NSE:KOTAKBANK-EQ | CVD=3096999 vs Ref=-94870 | Close=408.00 vs VAL=407.40
2026-01-30 17:36:30,220 [INFO]     NSE:IOC-EQ | CVD=-1494402 vs Ref=-131543 | Close=163.24 vs VAL=162.30
2026-01-30 17:37:30,223 [INFO] 🔍 Scanning for alerts on 9 symbols (5min)...
2026-01-30 17:37:30,507 [INFO]     NSE:TCS-EQ | CVD=539126 vs Ref=-3791 | Close=3123.90 vs VAL=3107.50
2026-01-30 17:37:30,801 [INFO]     NSE:DALBHARAT-EQ | CVD=11723 vs Ref=0 | Close=2065.50 vs VAL=2035.00
2026-01-30 17:37:31,088 [INFO]     NSE:HCLTECH-EQ | CVD=-222325 vs Ref=-84045 | Close=1695.60 vs VAL=1688.05
2026-01-30 17:37:31,368 [INFO]     NSE:POLICYBZR-EQ | CVD=174940 vs Ref=-136954 | Close=1654.50 vs VAL=1593.90
2026-01-30 17:37:31,663 [INFO]     NSE:INFY-EQ | CVD=1181858 vs Ref=-64332 | Close=1641.00 vs VAL=1621.00
2026-01-30 17:37:31,958 [INFO]     NSE:LICI-EQ | CVD=118927 vs Ref=-12754 | Close=824.50 vs VAL=814.20
2026-01-30 17:37:32,247 [INFO]     NSE:IIFL-EQ | CVD=104200 vs Ref=-49105 | Close=528.70 vs VAL=533.70
2026-01-30 17:37:32,522 [INFO]     NSE:KOTAKBANK-EQ | CVD=3096999 vs Ref=-94870 | Close=408.00 vs VAL=407.40
2026-01-30 17:37:32,808 [INFO]     NSE:IOC-EQ | CVD=-1494402 vs Ref=-131543 | Close=163.24 vs VAL=162.30
2026-01-30 17:38:32,810 [INFO] 🔍 Scanning for alerts on 9 symbols (5min)...
2026-01-30 17:38:33,079 [INFO]     NSE:TCS-EQ | CVD=539126 vs Ref=-3791 | Close=3123.90 vs VAL=3107.50
2026-01-30 17:38:33,339 [INFO]     NSE:DALBHARAT-EQ | CVD=11723 vs Ref=0 | Close=2065.50 vs VAL=2035.00
2026-01-30 17:38:33,625 [INFO]     NSE:HCLTECH-EQ | CVD=-222325 vs Ref=-84045 | Close=1695.60 vs VAL=1688.05
2026-01-30 17:38:33,882 [INFO]     NSE:POLICYBZR-EQ | CVD=174940 vs Ref=-136954 | Close=1654.50 vs VAL=1593.90
2026-01-30 17:38:34,147 [INFO]     NSE:INFY-EQ | CVD=1181858 vs Ref=-64332 | Close=1641.00 vs VAL=1621.00
2026-01-30 17:38:34,429 [INFO]     NSE:LICI-EQ | CVD=118927 vs Ref=-12754 | Close=824.50 vs VAL=814.20
2026-01-30 17:38:34,695 [INFO]     NSE:IIFL-EQ | CVD=104200 vs Ref=-49105 | Close=528.70 vs VAL=533.70
2026-01-30 17:38:34,970 [INFO]     NSE:KOTAKBANK-EQ | CVD=3096999 vs Ref=-94870 | Close=408.00 vs VAL=407.40
2026-01-30 17:38:35,245 [INFO]     NSE:IOC-EQ | CVD=-1494402 vs Ref=-131543 | Close=163.24 vs VAL=162.30
2026-01-30 17:39:35,247 [INFO] 🔍 Scanning for alerts on 9 symbols (5min)...
2026-01-30 17:39:35,512 [INFO]     NSE:TCS-EQ | CVD=539126 vs Ref=-3791 | Close=3123.90 vs VAL=3107.50
2026-01-30 17:39:35,795 [INFO]     NSE:DALBHARAT-EQ | CVD=11723 vs Ref=0 | Close=2065.50 vs VAL=2035.00
2026-01-30 17:39:36,075 [INFO]     NSE:HCLTECH-EQ | CVD=-222325 vs Ref=-84045 | Close=1695.60 vs VAL=1688.05
2026-01-30 17:39:36,347 [INFO]     NSE:POLICYBZR-EQ | CVD=174940 vs Ref=-136954 | Close=1654.50 vs VAL=1593.90
2026-01-30 17:39:36,619 [INFO]     NSE:INFY-EQ | CVD=1181858 vs Ref=-64332 | Close=1641.00 vs VAL=1621.00
2026-01-30 17:39:36,884 [INFO]     NSE:LICI-EQ | CVD=118927 vs Ref=-12754 | Close=824.50 vs VAL=814.20
2026-01-30 17:39:37,147 [INFO]     NSE:IIFL-EQ | CVD=104200 vs Ref=-49105 | Close=528.70 vs VAL=533.70
2026-01-30 17:39:37,408 [INFO]     NSE:KOTAKBANK-EQ | CVD=3096999 vs Ref=-94870 | Close=408.00 vs VAL=407.40
2026-01-30 17:39:37,675 [INFO]     NSE:IOC-EQ | CVD=-1494402 vs Ref=-131543 | Close=163.24 vs VAL=162.30
2026-01-30 17:40:37,679 [INFO] 🔍 Scanning for alerts on 9 symbols (5min)...
2026-01-30 17:40:37,947 [INFO]     NSE:TCS-EQ | CVD=539126 vs Ref=-3791 | Close=3123.90 vs VAL=3107.50
2026-01-30 17:40:38,218 [INFO]     NSE:DALBHARAT-EQ | CVD=11723 vs Ref=0 | Close=2065.50 vs VAL=2035.00
2026-01-30 17:40:38,481 [INFO]     NSE:HCLTECH-EQ | CVD=-222325 vs Ref=-84045 | Close=1695.60 vs VAL=1688.05
2026-01-30 17:40:38,753 [INFO]     NSE:POLICYBZR-EQ | CVD=174940 vs Ref=-136954 | Close=1654.50 vs VAL=1593.90
2026-01-30 17:40:39,018 [INFO]     NSE:INFY-EQ | CVD=1181858 vs Ref=-64332 | Close=1641.00 vs VAL=1621.00
2026-01-30 17:40:39,305 [INFO]     NSE:LICI-EQ | CVD=118927 vs Ref=-12754 | Close=824.50 vs VAL=814.20
2026-01-30 17:40:39,569 [INFO]     NSE:IIFL-EQ | CVD=104200 vs Ref=-49105 | Close=528.70 vs VAL=533.70
2026-01-30 17:40:39,853 [INFO]     NSE:KOTAKBANK-EQ | CVD=3096999 vs Ref=-94870 | Close=408.00 vs VAL=407.40
2026-01-30 17:40:40,108 [INFO]     NSE:IOC-EQ | CVD=-1494402 vs Ref=-131543 | Close=163.24 vs VAL=162.30
2026-01-30 17:41:40,112 [INFO] 🔍 Scanning for alerts on 9 symbols (5min)...
2026-01-30 17:41:40,379 [INFO]     NSE:TCS-EQ | CVD=539126 vs Ref=-3791 | Close=3123.90 vs VAL=3107.50
2026-01-30 17:41:40,658 [INFO]     NSE:DALBHARAT-EQ | CVD=11723 vs Ref=0 | Close=2065.50 vs VAL=2035.00
2026-01-30 17:41:40,937 [INFO]     NSE:HCLTECH-EQ | CVD=-222325 vs Ref=-84045 | Close=1695.60 vs VAL=1688.05
2026-01-30 17:41:41,211 [INFO]     NSE:POLICYBZR-EQ | CVD=174940 vs Ref=-136954 | Close=1654.50 vs VAL=1593.90
2026-01-30 17:41:41,489 [INFO]     NSE:INFY-EQ | CVD=1181858 vs Ref=-64332 | Close=1641.00 vs VAL=1621.00
2026-01-30 17:41:41,771 [INFO]     NSE:LICI-EQ | CVD=118927 vs Ref=-12754 | Close=824.50 vs VAL=814.20
2026-01-30 17:41:42,029 [INFO]     NSE:IIFL-EQ | CVD=104200 vs Ref=-49105 | Close=528.70 vs VAL=533.70
2026-01-30 17:41:42,297 [INFO]     NSE:KOTAKBANK-EQ | CVD=3096999 vs Ref=-94870 | Close=408.00 vs VAL=407.40
2026-01-30 17:41:42,572 [INFO]     NSE:IOC-EQ | CVD=-1494402 vs Ref=-131543 | Close=163.24 vs VAL=162.30
2026-01-30 17:42:42,576 [INFO] 🔍 Scanning for alerts on 9 symbols (5min)...
2026-01-30 17:42:42,857 [INFO]     NSE:TCS-EQ | CVD=539126 vs Ref=-3791 | Close=3123.90 vs VAL=3107.50
2026-01-30 17:42:43,144 [INFO]     NSE:DALBHARAT-EQ | CVD=11723 vs Ref=0 | Close=2065.50 vs VAL=2035.00
2026-01-30 17:42:43,406 [INFO]     NSE:HCLTECH-EQ | CVD=-222325 vs Ref=-84045 | Close=1695.60 vs VAL=1688.05
2026-01-30 17:42:43,708 [INFO]     NSE:POLICYBZR-EQ | CVD=174940 vs Ref=-136954 | Close=1654.50 vs VAL=1593.90
2026-01-30 17:42:44,029 [INFO]     NSE:INFY-EQ | CVD=1181858 vs Ref=-64332 | Close=1641.00 vs VAL=1621.00
2026-01-30 17:42:44,289 [INFO]     NSE:LICI-EQ | CVD=118927 vs Ref=-12754 | Close=824.50 vs VAL=814.20
2026-01-30 17:42:44,558 [INFO]     NSE:IIFL-EQ | CVD=104200 vs Ref=-49105 | Close=528.70 vs VAL=533.70
2026-01-30 17:42:44,847 [INFO]     NSE:KOTAKBANK-EQ | CVD=3096999 vs Ref=-94870 | Close=408.00 vs VAL=407.40
2026-01-30 17:42:45,112 [INFO]     NSE:IOC-EQ | CVD=-1494402 vs Ref=-131543 | Close=163.24 vs VAL=162.30
2026-01-30 17:43:45,113 [INFO] 🔍 Scanning for alerts on 9 symbols (5min)...
2026-01-30 17:43:45,375 [INFO]     NSE:TCS-EQ | CVD=539126 vs Ref=-3791 | Close=3123.90 vs VAL=3107.50
2026-01-30 17:43:45,639 [INFO]     NSE:DALBHARAT-EQ | CVD=11723 vs Ref=0 | Close=2065.50 vs VAL=2035.00
2026-01-30 17:43:45,912 [INFO]     NSE:HCLTECH-EQ | CVD=-222325 vs Ref=-84045 | Close=1695.60 vs VAL=1688.05
2026-01-30 17:43:46,172 [INFO]     NSE:POLICYBZR-EQ | CVD=174940 vs Ref=-136954 | Close=1654.50 vs VAL=1593.90
2026-01-30 17:43:46,435 [INFO]     NSE:INFY-EQ | CVD=1181858 vs Ref=-64332 | Close=1641.00 vs VAL=1621.00
2026-01-30 17:43:46,729 [INFO]     NSE:LICI-EQ | CVD=118927 vs Ref=-12754 | Close=824.50 vs VAL=814.20
2026-01-30 17:43:46,997 [INFO]     NSE:IIFL-EQ | CVD=104200 vs Ref=-49105 | Close=528.70 vs VAL=533.70
2026-01-30 17:43:47,272 [INFO]     NSE:KOTAKBANK-EQ | CVD=3096999 vs Ref=-94870 | Close=408.00 vs VAL=407.40
2026-01-30 17:43:47,545 [INFO]     NSE:IOC-EQ | CVD=-1494402 vs Ref=-131543 | Close=163.24 vs VAL=162.30
2026-01-30 17:44:47,546 [INFO] 🔍 Scanning for alerts on 9 symbols (5min)...
2026-01-30 17:44:47,875 [INFO]     NSE:TCS-EQ | CVD=539126 vs Ref=-3791 | Close=3123.90 vs VAL=3107.50
2026-01-30 17:44:48,139 [INFO]     NSE:DALBHARAT-EQ | CVD=11723 vs Ref=0 | Close=2065.50 vs VAL=2035.00
2026-01-30 17:44:48,421 [INFO]     NSE:HCLTECH-EQ | CVD=-222325 vs Ref=-84045 | Close=1695.60 vs VAL=1688.05
2026-01-30 17:44:48,714 [INFO]     NSE:POLICYBZR-EQ | CVD=174940 vs Ref=-136954 | Close=1654.50 vs VAL=1593.90
2026-01-30 17:44:48,978 [INFO]     NSE:INFY-EQ | CVD=1181858 vs Ref=-64332 | Close=1641.00 vs VAL=1621.00
2026-01-30 17:44:49,244 [INFO]     NSE:LICI-EQ | CVD=118927 vs Ref=-12754 | Close=824.50 vs VAL=814.20
2026-01-30 17:44:49,503 [INFO]     NSE:IIFL-EQ | CVD=104200 vs Ref=-49105 | Close=528.70 vs VAL=533.70
2026-01-30 17:44:49,779 [INFO]     NSE:KOTAKBANK-EQ | CVD=3096999 vs Ref=-94870 | Close=408.00 vs VAL=407.40
2026-01-30 17:44:50,047 [INFO]     NSE:IOC-EQ | CVD=-1494402 vs Ref=-131543 | Close=163.24 vs VAL=162.30
2026-01-30 17:45:50,052 [INFO] 🔍 Scanning for alerts on 9 symbols (5min)...
2026-01-30 17:45:50,325 [INFO]     NSE:TCS-EQ | CVD=539126 vs Ref=-3791 | Close=3123.90 vs VAL=3107.50
2026-01-30 17:45:50,594 [INFO]     NSE:DALBHARAT-EQ | CVD=11723 vs Ref=0 | Close=2065.50 vs VAL=2035.00
2026-01-30 17:45:50,858 [INFO]     NSE:HCLTECH-EQ | CVD=-222325 vs Ref=-84045 | Close=1695.60 vs VAL=1688.05
2026-01-30 17:45:51,136 [INFO]     NSE:POLICYBZR-EQ | CVD=174940 vs Ref=-136954 | Close=1654.50 vs VAL=1593.90
2026-01-30 17:45:51,408 [INFO]     NSE:INFY-EQ | CVD=1181858 vs Ref=-64332 | Close=1641.00 vs VAL=1621.00
2026-01-30 17:45:51,688 [INFO]     NSE:LICI-EQ | CVD=118927 vs Ref=-12754 | Close=824.50 vs VAL=814.20
2026-01-30 17:45:51,947 [INFO]     NSE:IIFL-EQ | CVD=104200 vs Ref=-49105 | Close=528.70 vs VAL=533.70
2026-01-30 17:45:52,221 [INFO]     NSE:KOTAKBANK-EQ | CVD=3096999 vs Ref=-94870 | Close=408.00 vs VAL=407.40
2026-01-30 17:45:52,497 [INFO]     NSE:IOC-EQ | CVD=-1494402 vs Ref=-131543 | Close=163.24 vs VAL=162.30
2026-01-30 17:46:52,502 [INFO] 🔍 Scanning for alerts on 9 symbols (5min)...
2026-01-30 17:46:52,794 [INFO]     NSE:TCS-EQ | CVD=539126 vs Ref=-3791 | Close=3123.90 vs VAL=3107.50
2026-01-30 17:46:53,058 [INFO]     NSE:DALBHARAT-EQ | CVD=11723 vs Ref=0 | Close=2065.50 vs VAL=2035.00
2026-01-30 17:46:53,321 [INFO]     NSE:HCLTECH-EQ | CVD=-222325 vs Ref=-84045 | Close=1695.60 vs VAL=1688.05
2026-01-30 17:46:53,594 [INFO]     NSE:POLICYBZR-EQ | CVD=174940 vs Ref=-136954 | Close=1654.50 vs VAL=1593.90
2026-01-30 17:46:53,868 [INFO]     NSE:INFY-EQ | CVD=1181858 vs Ref=-64332 | Close=1641.00 vs VAL=1621.00
2026-01-30 17:46:54,135 [INFO]     NSE:LICI-EQ | CVD=118927 vs Ref=-12754 | Close=824.50 vs VAL=814.20
2026-01-30 17:46:54,408 [INFO]     NSE:IIFL-EQ | CVD=104200 vs Ref=-49105 | Close=528.70 vs VAL=533.70
2026-01-30 17:46:54,744 [INFO]     NSE:KOTAKBANK-EQ | CVD=3096999 vs Ref=-94870 | Close=408.00 vs VAL=407.40
2026-01-30 17:46:55,029 [INFO]     NSE:IOC-EQ | CVD=-1494402 vs Ref=-131543 | Close=163.24 vs VAL=162.30
2026-01-30 17:47:55,030 [INFO] 🔍 Scanning for alerts on 9 symbols (5min)...
2026-01-30 17:47:55,308 [INFO]     NSE:TCS-EQ | CVD=539126 vs Ref=-3791 | Close=3123.90 vs VAL=3107.50
2026-01-30 17:47:55,575 [INFO]     NSE:DALBHARAT-EQ | CVD=11723 vs Ref=0 | Close=2065.50 vs VAL=2035.00
2026-01-30 17:47:55,847 [INFO]     NSE:HCLTECH-EQ | CVD=-222325 vs Ref=-84045 | Close=1695.60 vs VAL=1688.05
2026-01-30 17:47:56,133 [INFO]     NSE:POLICYBZR-EQ | CVD=174940 vs Ref=-136954 | Close=1654.50 vs VAL=1593.90
2026-01-30 17:47:56,404 [INFO]     NSE:INFY-EQ | CVD=1181858 vs Ref=-64332 | Close=1641.00 vs VAL=1621.00
2026-01-30 17:47:56,679 [INFO]     NSE:LICI-EQ | CVD=118927 vs Ref=-12754 | Close=824.50 vs VAL=814.20
2026-01-30 17:47:56,945 [INFO]     NSE:IIFL-EQ | CVD=104200 vs Ref=-49105 | Close=528.70 vs VAL=533.70
2026-01-30 17:47:57,214 [INFO]     NSE:KOTAKBANK-EQ | CVD=3096999 vs Ref=-94870 | Close=408.00 vs VAL=407.40
2026-01-30 17:47:57,485 [INFO]     NSE:IOC-EQ | CVD=-1494402 vs Ref=-131543 | Close=163.24 vs VAL=162.30
2026-01-30 17:48:57,487 [INFO] 🔍 Scanning for alerts on 9 symbols (5min)...
2026-01-30 17:48:57,797 [INFO]     NSE:TCS-EQ | CVD=539126 vs Ref=-3791 | Close=3123.90 vs VAL=3107.50
2026-01-30 17:48:58,071 [INFO]     NSE:DALBHARAT-EQ | CVD=11723 vs Ref=0 | Close=2065.50 vs VAL=2035.00
2026-01-30 17:48:58,358 [INFO]     NSE:HCLTECH-EQ | CVD=-222325 vs Ref=-84045 | Close=1695.60 vs VAL=1688.05
2026-01-30 17:48:58,629 [INFO]     NSE:POLICYBZR-EQ | CVD=174940 vs Ref=-136954 | Close=1654.50 vs VAL=1593.90
2026-01-30 17:48:58,888 [INFO]     NSE:INFY-EQ | CVD=1181858 vs Ref=-64332 | Close=1641.00 vs VAL=1621.00
2026-01-30 17:48:59,155 [INFO]     NSE:LICI-EQ | CVD=118927 vs Ref=-12754 | Close=824.50 vs VAL=814.20
2026-01-30 17:48:59,429 [INFO]     NSE:IIFL-EQ | CVD=104200 vs Ref=-49105 | Close=528.70 vs VAL=533.70
2026-01-30 17:48:59,708 [INFO]     NSE:KOTAKBANK-EQ | CVD=3096999 vs Ref=-94870 | Close=408.00 vs VAL=407.40
2026-01-30 17:49:00,053 [INFO]     NSE:IOC-EQ | CVD=-1494402 vs Ref=-131543 | Close=163.24 vs VAL=162.30
2026-01-30 17:50:00,056 [INFO] 🔍 Scanning for alerts on 9 symbols (5min)...
2026-01-30 17:50:00,329 [INFO]     NSE:TCS-EQ | CVD=539126 vs Ref=-3791 | Close=3123.90 vs VAL=3107.50
2026-01-30 17:50:00,597 [INFO]     NSE:DALBHARAT-EQ | CVD=11723 vs Ref=0 | Close=2065.50 vs VAL=2035.00
2026-01-30 17:50:01,636 [INFO]     NSE:HCLTECH-EQ | CVD=-222325 vs Ref=-84045 | Close=1695.60 vs VAL=1688.05
2026-01-30 17:50:01,897 [INFO]     NSE:POLICYBZR-EQ | CVD=174940 vs Ref=-136954 | Close=1654.50 vs VAL=1593.90
2026-01-30 17:50:02,169 [INFO]     NSE:INFY-EQ | CVD=1181858 vs Ref=-64332 | Close=1641.00 vs VAL=1621.00
2026-01-30 17:50:02,429 [INFO]     NSE:LICI-EQ | CVD=118927 vs Ref=-12754 | Close=824.50 vs VAL=814.20
2026-01-30 17:50:02,695 [INFO]     NSE:IIFL-EQ | CVD=104200 vs Ref=-49105 | Close=528.70 vs VAL=533.70
2026-01-30 17:50:02,953 [INFO]     NSE:KOTAKBANK-EQ | CVD=3096999 vs Ref=-94870 | Close=408.00 vs VAL=407.40
2026-01-30 17:50:03,229 [INFO]     NSE:IOC-EQ | CVD=-1494402 vs Ref=-131543 | Close=163.24 vs VAL=162.30
2026-01-30 17:51:03,233 [INFO] 🔍 Scanning for alerts on 9 symbols (5min)...
2026-01-30 17:51:03,508 [INFO]     NSE:TCS-EQ | CVD=539126 vs Ref=-3791 | Close=3123.90 vs VAL=3107.50
2026-01-30 17:51:03,772 [INFO]     NSE:DALBHARAT-EQ | CVD=11723 vs Ref=0 | Close=2065.50 vs VAL=2035.00
2026-01-30 17:51:04,036 [INFO]     NSE:HCLTECH-EQ | CVD=-222325 vs Ref=-84045 | Close=1695.60 vs VAL=1688.05
2026-01-30 17:51:05,538 [INFO]     NSE:POLICYBZR-EQ | CVD=174940 vs Ref=-136954 | Close=1654.50 vs VAL=1593.90
2026-01-30 17:51:05,831 [INFO]     NSE:INFY-EQ | CVD=1181858 vs Ref=-64332 | Close=1641.00 vs VAL=1621.00
2026-01-30 17:51:06,097 [INFO]     NSE:LICI-EQ | CVD=118927 vs Ref=-12754 | Close=824.50 vs VAL=814.20
2026-01-30 17:51:06,358 [INFO]     NSE:IIFL-EQ | CVD=104200 vs Ref=-49105 | Close=528.70 vs VAL=533.70
2026-01-30 17:51:06,635 [INFO]     NSE:KOTAKBANK-EQ | CVD=3096999 vs Ref=-94870 | Close=408.00 vs VAL=407.40
2026-01-30 17:51:06,897 [INFO]     NSE:IOC-EQ | CVD=-1494402 vs Ref=-131543 | Close=163.24 vs VAL=162.30
2026-01-30 17:52:06,899 [INFO] 🔍 Scanning for alerts on 9 symbols (5min)...
2026-01-30 17:52:07,171 [INFO]     NSE:TCS-EQ | CVD=539126 vs Ref=-3791 | Close=3123.90 vs VAL=3107.50
2026-01-30 17:52:07,429 [INFO]     NSE:DALBHARAT-EQ | CVD=11723 vs Ref=0 | Close=2065.50 vs VAL=2035.00
2026-01-30 17:52:07,719 [INFO]     NSE:HCLTECH-EQ | CVD=-222325 vs Ref=-84045 | Close=1695.60 vs VAL=1688.05
2026-01-30 17:52:07,985 [INFO]     NSE:POLICYBZR-EQ | CVD=174940 vs Ref=-136954 | Close=1654.50 vs VAL=1593.90
2026-01-30 17:52:08,334 [INFO]     NSE:INFY-EQ | CVD=1181858 vs Ref=-64332 | Close=1641.00 vs VAL=1621.00
2026-01-30 17:52:08,644 [INFO]     NSE:LICI-EQ | CVD=118927 vs Ref=-12754 | Close=824.50 vs VAL=814.20
2026-01-30 17:52:08,914 [INFO]     NSE:IIFL-EQ | CVD=104200 vs Ref=-49105 | Close=528.70 vs VAL=533.70
2026-01-30 17:52:09,206 [INFO]     NSE:KOTAKBANK-EQ | CVD=3096999 vs Ref=-94870 | Close=408.00 vs VAL=407.40
2026-01-30 17:52:09,471 [INFO]     NSE:IOC-EQ | CVD=-1494402 vs Ref=-131543 | Close=163.24 vs VAL=162.30
2026-01-30 17:53:09,472 [INFO] 🔍 Scanning for alerts on 9 symbols (5min)...
2026-01-30 17:53:09,738 [INFO]     NSE:TCS-EQ | CVD=539126 vs Ref=-3791 | Close=3123.90 vs VAL=3107.50
2026-01-30 17:53:10,008 [INFO]     NSE:DALBHARAT-EQ | CVD=11723 vs Ref=0 | Close=2065.50 vs VAL=2035.00
2026-01-30 17:53:10,292 [INFO]     NSE:HCLTECH-EQ | CVD=-222325 vs Ref=-84045 | Close=1695.60 vs VAL=1688.05
2026-01-30 17:53:10,558 [INFO]     NSE:POLICYBZR-EQ | CVD=174940 vs Ref=-136954 | Close=1654.50 vs VAL=1593.90
2026-01-30 17:53:10,829 [INFO]     NSE:INFY-EQ | CVD=1181858 vs Ref=-64332 | Close=1641.00 vs VAL=1621.00
2026-01-30 17:53:12,664 [INFO]     NSE:LICI-EQ | CVD=118927 vs Ref=-12754 | Close=824.50 vs VAL=814.20
2026-01-30 17:53:12,925 [INFO]     NSE:IIFL-EQ | CVD=104200 vs Ref=-49105 | Close=528.70 vs VAL=533.70
2026-01-30 17:53:13,204 [INFO]     NSE:KOTAKBANK-EQ | CVD=3096999 vs Ref=-94870 | Close=408.00 vs VAL=407.40
2026-01-30 17:53:13,479 [INFO]     NSE:IOC-EQ | CVD=-1494402 vs Ref=-131543 | Close=163.24 vs VAL=162.30
2026-01-30 17:54:13,482 [INFO] 🔍 Scanning for alerts on 9 symbols (5min)...
2026-01-30 17:54:13,751 [INFO]     NSE:TCS-EQ | CVD=539126 vs Ref=-3791 | Close=3123.90 vs VAL=3107.50
2026-01-30 17:54:15,898 [INFO]     NSE:DALBHARAT-EQ | CVD=11723 vs Ref=0 | Close=2065.50 vs VAL=2035.00
2026-01-30 17:54:16,164 [INFO]     NSE:HCLTECH-EQ | CVD=-222325 vs Ref=-84045 | Close=1695.60 vs VAL=1688.05
2026-01-30 17:54:16,438 [INFO]     NSE:POLICYBZR-EQ | CVD=174940 vs Ref=-136954 | Close=1654.50 vs VAL=1593.90
2026-01-30 17:54:16,712 [INFO]     NSE:INFY-EQ | CVD=1181858 vs Ref=-64332 | Close=1641.00 vs VAL=1621.00
2026-01-30 17:54:16,986 [INFO]     NSE:LICI-EQ | CVD=118927 vs Ref=-12754 | Close=824.50 vs VAL=814.20
2026-01-30 17:54:17,251 [INFO]     NSE:IIFL-EQ | CVD=104200 vs Ref=-49105 | Close=528.70 vs VAL=533.70
2026-01-30 17:54:17,525 [INFO]     NSE:KOTAKBANK-EQ | CVD=3096999 vs Ref=-94870 | Close=408.00 vs VAL=407.40
2026-01-30 17:54:17,801 [INFO]     NSE:IOC-EQ | CVD=-1494402 vs Ref=-131543 | Close=163.24 vs VAL=162.30
2026-01-30 17:55:17,803 [INFO] 🔍 Scanning for alerts on 9 symbols (5min)...
2026-01-30 17:55:18,088 [INFO]     NSE:TCS-EQ | CVD=539126 vs Ref=-3791 | Close=3123.90 vs VAL=3107.50
2026-01-30 17:55:18,358 [INFO]     NSE:DALBHARAT-EQ | CVD=11723 vs Ref=0 | Close=2065.50 vs VAL=2035.00
2026-01-30 17:55:20,374 [INFO]     NSE:HCLTECH-EQ | CVD=-222325 vs Ref=-84045 | Close=1695.60 vs VAL=1688.05
2026-01-30 17:55:20,688 [INFO]     NSE:POLICYBZR-EQ | CVD=174940 vs Ref=-136954 | Close=1654.50 vs VAL=1593.90
2026-01-30 17:55:21,031 [INFO]     NSE:INFY-EQ | CVD=1181858 vs Ref=-64332 | Close=1641.00 vs VAL=1621.00
2026-01-30 17:55:21,313 [INFO]     NSE:LICI-EQ | CVD=118927 vs Ref=-12754 | Close=824.50 vs VAL=814.20
2026-01-30 17:55:21,586 [INFO]     NSE:IIFL-EQ | CVD=104200 vs Ref=-49105 | Close=528.70 vs VAL=533.70
2026-01-30 17:55:21,854 [INFO]     NSE:KOTAKBANK-EQ | CVD=3096999 vs Ref=-94870 | Close=408.00 vs VAL=407.40
2026-01-30 17:55:22,151 [INFO]     NSE:IOC-EQ | CVD=-1494402 vs Ref=-131543 | Close=163.24 vs VAL=162.30
2026-01-30 17:56:22,154 [INFO] 🔍 Scanning for alerts on 9 symbols (5min)...
2026-01-30 17:56:22,445 [INFO]     NSE:TCS-EQ | CVD=539126 vs Ref=-3791 | Close=3123.90 vs VAL=3107.50
2026-01-30 17:56:22,736 [INFO]     NSE:DALBHARAT-EQ | CVD=11723 vs Ref=0 | Close=2065.50 vs VAL=2035.00
2026-01-30 17:56:23,058 [INFO]     NSE:HCLTECH-EQ | CVD=-222325 vs Ref=-84045 | Close=1695.60 vs VAL=1688.05
2026-01-30 17:56:23,329 [INFO]     NSE:POLICYBZR-EQ | CVD=174940 vs Ref=-136954 | Close=1654.50 vs VAL=1593.90
2026-01-30 17:56:23,602 [INFO]     NSE:INFY-EQ | CVD=1181858 vs Ref=-64332 | Close=1641.00 vs VAL=1621.00
2026-01-30 17:56:23,916 [INFO]     NSE:LICI-EQ | CVD=118927 vs Ref=-12754 | Close=824.50 vs VAL=814.20
2026-01-30 17:56:24,239 [INFO]     NSE:IIFL-EQ | CVD=104200 vs Ref=-49105 | Close=528.70 vs VAL=533.70
2026-01-30 17:56:24,539 [INFO]     NSE:KOTAKBANK-EQ | CVD=3096999 vs Ref=-94870 | Close=408.00 vs VAL=407.40
2026-01-30 17:56:24,913 [INFO]     NSE:IOC-EQ | CVD=-1494402 vs Ref=-131543 | Close=163.24 vs VAL=162.30
2026-01-30 17:57:24,915 [INFO] 🔍 Scanning for alerts on 9 symbols (5min)...
2026-01-30 17:57:25,208 [INFO]     NSE:TCS-EQ | CVD=539126 vs Ref=-3791 | Close=3123.90 vs VAL=3107.50
2026-01-30 17:57:25,505 [INFO]     NSE:DALBHARAT-EQ | CVD=11723 vs Ref=0 | Close=2065.50 vs VAL=2035.00
2026-01-30 17:57:25,879 [INFO]     NSE:HCLTECH-EQ | CVD=-222325 vs Ref=-84045 | Close=1695.60 vs VAL=1688.05
2026-01-30 17:57:26,190 [INFO]     NSE:POLICYBZR-EQ | CVD=174940 vs Ref=-136954 | Close=1654.50 vs VAL=1593.90
2026-01-30 17:57:26,486 [INFO]     NSE:INFY-EQ | CVD=1181858 vs Ref=-64332 | Close=1641.00 vs VAL=1621.00
2026-01-30 17:57:26,844 [INFO]     NSE:LICI-EQ | CVD=118927 vs Ref=-12754 | Close=824.50 vs VAL=814.20
2026-01-30 17:57:27,208 [INFO]     NSE:IIFL-EQ | CVD=104200 vs Ref=-49105 | Close=528.70 vs VAL=533.70
2026-01-30 17:57:27,487 [INFO]     NSE:KOTAKBANK-EQ | CVD=3096999 vs Ref=-94870 | Close=408.00 vs VAL=407.40
2026-01-30 17:57:27,808 [INFO]     NSE:IOC-EQ | CVD=-1494402 vs Ref=-131543 | Close=163.24 vs VAL=162.30
2026-01-30 17:58:27,812 [INFO] 🔍 Scanning for alerts on 9 symbols (5min)...
2026-01-30 17:58:28,101 [INFO]     NSE:TCS-EQ | CVD=539126 vs Ref=-3791 | Close=3123.90 vs VAL=3107.50
2026-01-30 17:58:28,372 [INFO]     NSE:DALBHARAT-EQ | CVD=11723 vs Ref=0 | Close=2065.50 vs VAL=2035.00
2026-01-30 17:58:28,689 [INFO]     NSE:HCLTECH-EQ | CVD=-222325 vs Ref=-84045 | Close=1695.60 vs VAL=1688.05
2026-01-30 17:58:28,956 [INFO]     NSE:POLICYBZR-EQ | CVD=174940 vs Ref=-136954 | Close=1654.50 vs VAL=1593.90
2026-01-30 17:58:29,214 [INFO]     NSE:INFY-EQ | CVD=1181858 vs Ref=-64332 | Close=1641.00 vs VAL=1621.00
2026-01-30 17:58:29,475 [INFO]     NSE:LICI-EQ | CVD=118927 vs Ref=-12754 | Close=824.50 vs VAL=814.20
2026-01-30 17:58:29,758 [INFO]     NSE:IIFL-EQ | CVD=104200 vs Ref=-49105 | Close=528.70 vs VAL=533.70
2026-01-30 17:58:30,026 [INFO]     NSE:KOTAKBANK-EQ | CVD=3096999 vs Ref=-94870 | Close=408.00 vs VAL=407.40
2026-01-30 17:58:30,308 [INFO]     NSE:IOC-EQ | CVD=-1494402 vs Ref=-131543 | Close=163.24 vs VAL=162.30
2026-01-30 17:59:30,310 [INFO] 🔍 Scanning for alerts on 9 symbols (5min)...
2026-01-30 17:59:30,587 [INFO]     NSE:TCS-EQ | CVD=539126 vs Ref=-3791 | Close=3123.90 vs VAL=3107.50
2026-01-30 17:59:30,855 [INFO]     NSE:DALBHARAT-EQ | CVD=11723 vs Ref=0 | Close=2065.50 vs VAL=2035.00
2026-01-30 17:59:31,121 [INFO]     NSE:HCLTECH-EQ | CVD=-222325 vs Ref=-84045 | Close=1695.60 vs VAL=1688.05
2026-01-30 17:59:31,397 [INFO]     NSE:POLICYBZR-EQ | CVD=174940 vs Ref=-136954 | Close=1654.50 vs VAL=1593.90
2026-01-30 17:59:31,666 [INFO]     NSE:INFY-EQ | CVD=1181858 vs Ref=-64332 | Close=1641.00 vs VAL=1621.00
2026-01-30 17:59:31,933 [INFO]     NSE:LICI-EQ | CVD=118927 vs Ref=-12754 | Close=824.50 vs VAL=814.20
2026-01-30 17:59:32,197 [INFO]     NSE:IIFL-EQ | CVD=104200 vs Ref=-49105 | Close=528.70 vs VAL=533.70
2026-01-30 17:59:32,471 [INFO]     NSE:KOTAKBANK-EQ | CVD=3096999 vs Ref=-94870 | Close=408.00 vs VAL=407.40
2026-01-30 17:59:32,737 [INFO]     NSE:IOC-EQ | CVD=-1494402 vs Ref=-131543 | Close=163.24 vs VAL=162.30
2026-01-30 18:00:32,742 [INFO] 🔍 Scanning for alerts on 9 symbols (5min)...
2026-01-30 18:00:33,008 [INFO]     NSE:TCS-EQ | CVD=539126 vs Ref=-3791 | Close=3123.90 vs VAL=3107.50
2026-01-30 18:00:33,268 [INFO]     NSE:DALBHARAT-EQ | CVD=11723 vs Ref=0 | Close=2065.50 vs VAL=2035.00
2026-01-30 18:00:33,536 [INFO]     NSE:HCLTECH-EQ | CVD=-222325 vs Ref=-84045 | Close=1695.60 vs VAL=1688.05
2026-01-30 18:00:33,829 [INFO]     NSE:POLICYBZR-EQ | CVD=174940 vs Ref=-136954 | Close=1654.50 vs VAL=1593.90
2026-01-30 18:00:34,088 [INFO]     NSE:INFY-EQ | CVD=1181858 vs Ref=-64332 | Close=1641.00 vs VAL=1621.00
2026-01-30 18:00:34,347 [INFO]     NSE:LICI-EQ | CVD=118927 vs Ref=-12754 | Close=824.50 vs VAL=814.20
2026-01-30 18:00:34,616 [INFO]     NSE:IIFL-EQ | CVD=104200 vs Ref=-49105 | Close=528.70 vs VAL=533.70
2026-01-30 18:00:34,887 [INFO]     NSE:KOTAKBANK-EQ | CVD=3096999 vs Ref=-94870 | Close=408.00 vs VAL=407.40
2026-01-30 18:00:35,147 [INFO]     NSE:IOC-EQ | CVD=-1494402 vs Ref=-131543 | Close=163.24 vs VAL=162.30
2026-01-30 18:01:35,150 [INFO] 🔍 Scanning for alerts on 9 symbols (5min)...
2026-01-30 18:01:35,408 [INFO]     NSE:TCS-EQ | CVD=539126 vs Ref=-3791 | Close=3123.90 vs VAL=3107.50
2026-01-30 18:01:35,687 [INFO]     NSE:DALBHARAT-EQ | CVD=11723 vs Ref=0 | Close=2065.50 vs VAL=2035.00
2026-01-30 18:01:35,970 [INFO]     NSE:HCLTECH-EQ | CVD=-222325 vs Ref=-84045 | Close=1695.60 vs VAL=1688.05
2026-01-30 18:01:36,240 [INFO]     NSE:POLICYBZR-EQ | CVD=174940 vs Ref=-136954 | Close=1654.50 vs VAL=1593.90
2026-01-30 18:01:36,495 [INFO]     NSE:INFY-EQ | CVD=1181858 vs Ref=-64332 | Close=1641.00 vs VAL=1621.00
2026-01-30 18:01:36,772 [INFO]     NSE:LICI-EQ | CVD=118927 vs Ref=-12754 | Close=824.50 vs VAL=814.20
2026-01-30 18:01:37,053 [INFO]     NSE:IIFL-EQ | CVD=104200 vs Ref=-49105 | Close=528.70 vs VAL=533.70
2026-01-30 18:01:37,316 [INFO]     NSE:KOTAKBANK-EQ | CVD=3096999 vs Ref=-94870 | Close=408.00 vs VAL=407.40
2026-01-30 18:01:37,588 [INFO]     NSE:IOC-EQ | CVD=-1494402 vs Ref=-131543 | Close=163.24 vs VAL=162.30
2026-01-30 18:02:37,589 [INFO] 🔍 Scanning for alerts on 9 symbols (5min)...
2026-01-30 18:02:37,866 [INFO]     NSE:TCS-EQ | CVD=539126 vs Ref=-3791 | Close=3123.90 vs VAL=3107.50
2026-01-30 18:02:38,158 [INFO]     NSE:DALBHARAT-EQ | CVD=11723 vs Ref=0 | Close=2065.50 vs VAL=2035.00
2026-01-30 18:02:38,439 [INFO]     NSE:HCLTECH-EQ | CVD=-222325 vs Ref=-84045 | Close=1695.60 vs VAL=1688.05
2026-01-30 18:02:38,704 [INFO]     NSE:POLICYBZR-EQ | CVD=174940 vs Ref=-136954 | Close=1654.50 vs VAL=1593.90
2026-01-30 18:02:38,966 [INFO]     NSE:INFY-EQ | CVD=1181858 vs Ref=-64332 | Close=1641.00 vs VAL=1621.00
2026-01-30 18:02:39,229 [INFO]     NSE:LICI-EQ | CVD=118927 vs Ref=-12754 | Close=824.50 vs VAL=814.20
2026-01-30 18:02:39,492 [INFO]     NSE:IIFL-EQ | CVD=104200 vs Ref=-49105 | Close=528.70 vs VAL=533.70
2026-01-30 18:02:39,758 [INFO]     NSE:KOTAKBANK-EQ | CVD=3096999 vs Ref=-94870 | Close=408.00 vs VAL=407.40
2026-01-30 18:02:40,019 [INFO]     NSE:IOC-EQ | CVD=-1494402 vs Ref=-131543 | Close=163.24 vs VAL=162.30
2026-01-30 18:03:40,021 [INFO] 🔍 Scanning for alerts on 9 symbols (5min)...
2026-01-30 18:03:40,297 [INFO]     NSE:TCS-EQ | CVD=539126 vs Ref=-3791 | Close=3123.90 vs VAL=3107.50
2026-01-30 18:03:40,584 [INFO]     NSE:DALBHARAT-EQ | CVD=11723 vs Ref=0 | Close=2065.50 vs VAL=2035.00
2026-01-30 18:03:40,852 [INFO]     NSE:HCLTECH-EQ | CVD=-222325 vs Ref=-84045 | Close=1695.60 vs VAL=1688.05
2026-01-30 18:03:41,103 [INFO]     NSE:POLICYBZR-EQ | CVD=174940 vs Ref=-136954 | Close=1654.50 vs VAL=1593.90
2026-01-30 18:03:41,358 [INFO]     NSE:INFY-EQ | CVD=1181858 vs Ref=-64332 | Close=1641.00 vs VAL=1621.00
2026-01-30 18:03:41,623 [INFO]     NSE:LICI-EQ | CVD=118927 vs Ref=-12754 | Close=824.50 vs VAL=814.20
2026-01-30 18:03:41,894 [INFO]     NSE:IIFL-EQ | CVD=104200 vs Ref=-49105 | Close=528.70 vs VAL=533.70
2026-01-30 18:03:42,164 [INFO]     NSE:KOTAKBANK-EQ | CVD=3096999 vs Ref=-94870 | Close=408.00 vs VAL=407.40
2026-01-30 18:03:42,429 [INFO]     NSE:IOC-EQ | CVD=-1494402 vs Ref=-131543 | Close=163.24 vs VAL=162.30
2026-01-30 18:04:42,432 [INFO] 🔍 Scanning for alerts on 9 symbols (5min)...
2026-01-30 18:04:42,697 [INFO]     NSE:TCS-EQ | CVD=539126 vs Ref=-3791 | Close=3123.90 vs VAL=3107.50
2026-01-30 18:04:42,979 [INFO]     NSE:DALBHARAT-EQ | CVD=11723 vs Ref=0 | Close=2065.50 vs VAL=2035.00
2026-01-30 18:04:43,253 [INFO]     NSE:HCLTECH-EQ | CVD=-222325 vs Ref=-84045 | Close=1695.60 vs VAL=1688.05
2026-01-30 18:04:43,529 [INFO]     NSE:POLICYBZR-EQ | CVD=174940 vs Ref=-136954 | Close=1654.50 vs VAL=1593.90
2026-01-30 18:04:43,880 [INFO]     NSE:INFY-EQ | CVD=1181858 vs Ref=-64332 | Close=1641.00 vs VAL=1621.00
2026-01-30 18:04:44,162 [INFO]     NSE:LICI-EQ | CVD=118927 vs Ref=-12754 | Close=824.50 vs VAL=814.20
2026-01-30 18:04:44,434 [INFO]     NSE:IIFL-EQ | CVD=104200 vs Ref=-49105 | Close=528.70 vs VAL=533.70
2026-01-30 18:04:44,740 [INFO]     NSE:KOTAKBANK-EQ | CVD=3096999 vs Ref=-94870 | Close=408.00 vs VAL=407.40
2026-01-30 18:04:45,021 [INFO]     NSE:IOC-EQ | CVD=-1494402 vs Ref=-131543 | Close=163.24 vs VAL=162.30
2026-01-30 18:05:45,022 [INFO] 🔍 Scanning for alerts on 9 symbols (5min)...
2026-01-30 18:05:45,283 [INFO]     NSE:TCS-EQ | CVD=539126 vs Ref=-3791 | Close=3123.90 vs VAL=3107.50
2026-01-30 18:05:45,549 [INFO]     NSE:DALBHARAT-EQ | CVD=11723 vs Ref=0 | Close=2065.50 vs VAL=2035.00
2026-01-30 18:05:45,814 [INFO]     NSE:HCLTECH-EQ | CVD=-222325 vs Ref=-84045 | Close=1695.60 vs VAL=1688.05
2026-01-30 18:05:46,097 [INFO]     NSE:POLICYBZR-EQ | CVD=174940 vs Ref=-136954 | Close=1654.50 vs VAL=1593.90
2026-01-30 18:05:46,362 [INFO]     NSE:INFY-EQ | CVD=1181858 vs Ref=-64332 | Close=1641.00 vs VAL=1621.00
2026-01-30 18:05:46,656 [INFO]     NSE:LICI-EQ | CVD=118927 vs Ref=-12754 | Close=824.50 vs VAL=814.20
2026-01-30 18:05:46,934 [INFO]     NSE:IIFL-EQ | CVD=104200 vs Ref=-49105 | Close=528.70 vs VAL=533.70
2026-01-30 18:05:47,203 [INFO]     NSE:KOTAKBANK-EQ | CVD=3096999 vs Ref=-94870 | Close=408.00 vs VAL=407.40
2026-01-30 18:05:47,471 [INFO]     NSE:IOC-EQ | CVD=-1494402 vs Ref=-131543 | Close=163.24 vs VAL=162.30
2026-01-30 18:06:47,474 [INFO] 🔍 Scanning for alerts on 9 symbols (5min)...
2026-01-30 18:06:47,783 [INFO]     NSE:TCS-EQ | CVD=539126 vs Ref=-3791 | Close=3123.90 vs VAL=3107.50
2026-01-30 18:06:48,056 [INFO]     NSE:DALBHARAT-EQ | CVD=11723 vs Ref=0 | Close=2065.50 vs VAL=2035.00
2026-01-30 18:06:48,344 [INFO]     NSE:HCLTECH-EQ | CVD=-222325 vs Ref=-84045 | Close=1695.60 vs VAL=1688.05
2026-01-30 18:06:48,645 [INFO]     NSE:POLICYBZR-EQ | CVD=174940 vs Ref=-136954 | Close=1654.50 vs VAL=1593.90
2026-01-30 18:06:49,018 [INFO]     NSE:INFY-EQ | CVD=1181858 vs Ref=-64332 | Close=1641.00 vs VAL=1621.00
2026-01-30 18:06:49,319 [INFO]     NSE:LICI-EQ | CVD=118927 vs Ref=-12754 | Close=824.50 vs VAL=814.20
2026-01-30 18:06:49,603 [INFO]     NSE:IIFL-EQ | CVD=104200 vs Ref=-49105 | Close=528.70 vs VAL=533.70
2026-01-30 18:06:49,903 [INFO]     NSE:KOTAKBANK-EQ | CVD=3096999 vs Ref=-94870 | Close=408.00 vs VAL=407.40
2026-01-30 18:06:50,197 [INFO]     NSE:IOC-EQ | CVD=-1494402 vs Ref=-131543 | Close=163.24 vs VAL=162.30
2026-01-30 18:07:50,199 [INFO] 🔍 Scanning for alerts on 9 symbols (5min)...
2026-01-30 18:07:50,463 [INFO]     NSE:TCS-EQ | CVD=539126 vs Ref=-3791 | Close=3123.90 vs VAL=3107.50
2026-01-30 18:07:50,738 [INFO]     NSE:DALBHARAT-EQ | CVD=11723 vs Ref=0 | Close=2065.50 vs VAL=2035.00
2026-01-30 18:07:50,994 [INFO]     NSE:HCLTECH-EQ | CVD=-222325 vs Ref=-84045 | Close=1695.60 vs VAL=1688.05
2026-01-30 18:07:51,284 [INFO]     NSE:POLICYBZR-EQ | CVD=174940 vs Ref=-136954 | Close=1654.50 vs VAL=1593.90
2026-01-30 18:07:51,545 [INFO]     NSE:INFY-EQ | CVD=1181858 vs Ref=-64332 | Close=1641.00 vs VAL=1621.00
2026-01-30 18:07:51,814 [INFO]     NSE:LICI-EQ | CVD=118927 vs Ref=-12754 | Close=824.50 vs VAL=814.20
2026-01-30 18:07:52,084 [INFO]     NSE:IIFL-EQ | CVD=104200 vs Ref=-49105 | Close=528.70 vs VAL=533.70
2026-01-30 18:07:52,347 [INFO]     NSE:KOTAKBANK-EQ | CVD=3096999 vs Ref=-94870 | Close=408.00 vs VAL=407.40
2026-01-30 18:07:52,614 [INFO]     NSE:IOC-EQ | CVD=-1494402 vs Ref=-131543 | Close=163.24 vs VAL=162.30
2026-01-30 18:08:52,617 [INFO] 🔍 Scanning for alerts on 9 symbols (5min)...
2026-01-30 18:08:52,883 [INFO]     NSE:TCS-EQ | CVD=539126 vs Ref=-3791 | Close=3123.90 vs VAL=3107.50
2026-01-30 18:08:53,147 [INFO]     NSE:DALBHARAT-EQ | CVD=11723 vs Ref=0 | Close=2065.50 vs VAL=2035.00
2026-01-30 18:08:53,403 [INFO]     NSE:HCLTECH-EQ | CVD=-222325 vs Ref=-84045 | Close=1695.60 vs VAL=1688.05
2026-01-30 18:08:53,679 [INFO]     NSE:POLICYBZR-EQ | CVD=174940 vs Ref=-136954 | Close=1654.50 vs VAL=1593.90
2026-01-30 18:08:53,938 [INFO]     NSE:INFY-EQ | CVD=1181858 vs Ref=-64332 | Close=1641.00 vs VAL=1621.00
2026-01-30 18:08:54,225 [INFO]     NSE:LICI-EQ | CVD=118927 vs Ref=-12754 | Close=824.50 vs VAL=814.20
2026-01-30 18:08:54,497 [INFO]     NSE:IIFL-EQ | CVD=104200 vs Ref=-49105 | Close=528.70 vs VAL=533.70
2026-01-30 18:08:54,797 [INFO]     NSE:KOTAKBANK-EQ | CVD=3096999 vs Ref=-94870 | Close=408.00 vs VAL=407.40
2026-01-30 18:08:55,066 [INFO]     NSE:IOC-EQ | CVD=-1494402 vs Ref=-131543 | Close=163.24 vs VAL=162.30
2026-01-30 18:09:55,069 [INFO] 🔍 Scanning for alerts on 9 symbols (5min)...
2026-01-30 18:09:55,322 [INFO]     NSE:TCS-EQ | CVD=539126 vs Ref=-3791 | Close=3123.90 vs VAL=3107.50
2026-01-30 18:09:55,586 [INFO]     NSE:DALBHARAT-EQ | CVD=11723 vs Ref=0 | Close=2065.50 vs VAL=2035.00
2026-01-30 18:09:55,851 [INFO]     NSE:HCLTECH-EQ | CVD=-222325 vs Ref=-84045 | Close=1695.60 vs VAL=1688.05
2026-01-30 18:09:56,129 [INFO]     NSE:POLICYBZR-EQ | CVD=174940 vs Ref=-136954 | Close=1654.50 vs VAL=1593.90
2026-01-30 18:09:56,389 [INFO]     NSE:INFY-EQ | CVD=1181858 vs Ref=-64332 | Close=1641.00 vs VAL=1621.00
2026-01-30 18:09:56,666 [INFO]     NSE:LICI-EQ | CVD=118927 vs Ref=-12754 | Close=824.50 vs VAL=814.20
2026-01-30 18:09:56,930 [INFO]     NSE:IIFL-EQ | CVD=104200 vs Ref=-49105 | Close=528.70 vs VAL=533.70
2026-01-30 18:09:57,195 [INFO]     NSE:KOTAKBANK-EQ | CVD=3096999 vs Ref=-94870 | Close=408.00 vs VAL=407.40
2026-01-30 18:09:57,458 [INFO]     NSE:IOC-EQ | CVD=-1494402 vs Ref=-131543 | Close=163.24 vs VAL=162.30
2026-01-30 18:10:57,460 [INFO] 🔍 Scanning for alerts on 9 symbols (5min)...
2026-01-30 18:10:57,725 [INFO]     NSE:TCS-EQ | CVD=539126 vs Ref=-3791 | Close=3123.90 vs VAL=3107.50
2026-01-30 18:10:57,997 [INFO]     NSE:DALBHARAT-EQ | CVD=11723 vs Ref=0 | Close=2065.50 vs VAL=2035.00
2026-01-30 18:10:58,271 [INFO]     NSE:HCLTECH-EQ | CVD=-222325 vs Ref=-84045 | Close=1695.60 vs VAL=1688.05
2026-01-30 18:10:58,540 [INFO]     NSE:POLICYBZR-EQ | CVD=174940 vs Ref=-136954 | Close=1654.50 vs VAL=1593.90
2026-01-30 18:10:58,806 [INFO]     NSE:INFY-EQ | CVD=1181858 vs Ref=-64332 | Close=1641.00 vs VAL=1621.00
2026-01-30 18:11:00,738 [INFO]     NSE:LICI-EQ | CVD=118927 vs Ref=-12754 | Close=824.50 vs VAL=814.20
2026-01-30 18:11:01,000 [INFO]     NSE:IIFL-EQ | CVD=104200 vs Ref=-49105 | Close=528.70 vs VAL=533.70
2026-01-30 18:11:01,271 [INFO]     NSE:KOTAKBANK-EQ | CVD=3096999 vs Ref=-94870 | Close=408.00 vs VAL=407.40
2026-01-30 18:11:01,539 [INFO]     NSE:IOC-EQ | CVD=-1494402 vs Ref=-131543 | Close=163.24 vs VAL=162.30
2026-01-30 18:12:01,540 [INFO] 🔍 Scanning for alerts on 9 symbols (5min)...
2026-01-30 18:12:01,837 [INFO]     NSE:TCS-EQ | CVD=539126 vs Ref=-3791 | Close=3123.90 vs VAL=3107.50
2026-01-30 18:12:02,101 [INFO]     NSE:DALBHARAT-EQ | CVD=11723 vs Ref=0 | Close=2065.50 vs VAL=2035.00
2026-01-30 18:12:02,366 [INFO]     NSE:HCLTECH-EQ | CVD=-222325 vs Ref=-84045 | Close=1695.60 vs VAL=1688.05
2026-01-30 18:12:02,652 [INFO]     NSE:POLICYBZR-EQ | CVD=174940 vs Ref=-136954 | Close=1654.50 vs VAL=1593.90
2026-01-30 18:12:02,915 [INFO]     NSE:INFY-EQ | CVD=1181858 vs Ref=-64332 | Close=1641.00 vs VAL=1621.00
2026-01-30 18:12:03,183 [INFO]     NSE:LICI-EQ | CVD=118927 vs Ref=-12754 | Close=824.50 vs VAL=814.20
2026-01-30 18:12:03,444 [INFO]     NSE:IIFL-EQ | CVD=104200 vs Ref=-49105 | Close=528.70 vs VAL=533.70
2026-01-30 18:12:03,721 [INFO]     NSE:KOTAKBANK-EQ | CVD=3096999 vs Ref=-94870 | Close=408.00 vs VAL=407.40
2026-01-30 18:12:03,987 [INFO]     NSE:IOC-EQ | CVD=-1494402 vs Ref=-131543 | Close=163.24 vs VAL=162.30
2026-01-30 18:13:03,989 [INFO] 🔍 Scanning for alerts on 9 symbols (5min)...
2026-01-30 18:13:04,264 [INFO]     NSE:TCS-EQ | CVD=539126 vs Ref=-3791 | Close=3123.90 vs VAL=3107.50
2026-01-30 18:13:04,525 [INFO]     NSE:DALBHARAT-EQ | CVD=11723 vs Ref=0 | Close=2065.50 vs VAL=2035.00
2026-01-30 18:13:06,489 [INFO]     NSE:HCLTECH-EQ | CVD=-222325 vs Ref=-84045 | Close=1695.60 vs VAL=1688.05
2026-01-30 18:13:06,775 [INFO]     NSE:POLICYBZR-EQ | CVD=174940 vs Ref=-136954 | Close=1654.50 vs VAL=1593.90
2026-01-30 18:13:07,039 [INFO]     NSE:INFY-EQ | CVD=1181858 vs Ref=-64332 | Close=1641.00 vs VAL=1621.00
2026-01-30 18:13:07,308 [INFO]     NSE:LICI-EQ | CVD=118927 vs Ref=-12754 | Close=824.50 vs VAL=814.20
2026-01-30 18:13:07,634 [INFO]     NSE:IIFL-EQ | CVD=104200 vs Ref=-49105 | Close=528.70 vs VAL=533.70
2026-01-30 18:13:07,902 [INFO]     NSE:KOTAKBANK-EQ | CVD=3096999 vs Ref=-94870 | Close=408.00 vs VAL=407.40
2026-01-30 18:13:08,158 [INFO]     NSE:IOC-EQ | CVD=-1494402 vs Ref=-131543 | Close=163.24 vs VAL=162.30
2026-01-30 18:14:08,163 [INFO] 🔍 Scanning for alerts on 9 symbols (5min)...
2026-01-30 18:14:08,435 [INFO]     NSE:TCS-EQ | CVD=539126 vs Ref=-3791 | Close=3123.90 vs VAL=3107.50
2026-01-30 18:14:08,716 [INFO]     NSE:DALBHARAT-EQ | CVD=11723 vs Ref=0 | Close=2065.50 vs VAL=2035.00
2026-01-30 18:14:08,984 [INFO]     NSE:HCLTECH-EQ | CVD=-222325 vs Ref=-84045 | Close=1695.60 vs VAL=1688.05
2026-01-30 18:14:10,994 [INFO]     NSE:POLICYBZR-EQ | CVD=174940 vs Ref=-136954 | Close=1654.50 vs VAL=1593.90
2026-01-30 18:14:11,251 [INFO]     NSE:INFY-EQ | CVD=1181858 vs Ref=-64332 | Close=1641.00 vs VAL=1621.00
2026-01-30 18:14:11,512 [INFO]     NSE:LICI-EQ | CVD=118927 vs Ref=-12754 | Close=824.50 vs VAL=814.20
2026-01-30 18:14:11,779 [INFO]     NSE:IIFL-EQ | CVD=104200 vs Ref=-49105 | Close=528.70 vs VAL=533.70
2026-01-30 18:14:12,044 [INFO]     NSE:KOTAKBANK-EQ | CVD=3096999 vs Ref=-94870 | Close=408.00 vs VAL=407.40
2026-01-30 18:14:12,301 [INFO]     NSE:IOC-EQ | CVD=-1494402 vs Ref=-131543 | Close=163.24 vs VAL=162.30
2026-01-30 18:15:12,304 [INFO] 🔍 Scanning for alerts on 9 symbols (5min)...
2026-01-30 18:15:12,568 [INFO]     NSE:TCS-EQ | CVD=539126 vs Ref=-3791 | Close=3123.90 vs VAL=3107.50
2026-01-30 18:15:12,844 [INFO]     NSE:DALBHARAT-EQ | CVD=11723 vs Ref=0 | Close=2065.50 vs VAL=2035.00
2026-01-30 18:15:13,101 [INFO]     NSE:HCLTECH-EQ | CVD=-222325 vs Ref=-84045 | Close=1695.60 vs VAL=1688.05
2026-01-30 18:15:13,368 [INFO]     NSE:POLICYBZR-EQ | CVD=174940 vs Ref=-136954 | Close=1654.50 vs VAL=1593.90
2026-01-30 18:15:13,675 [INFO]     NSE:INFY-EQ | CVD=1181858 vs Ref=-64332 | Close=1641.00 vs VAL=1621.00
2026-01-30 18:15:15,525 [INFO]     NSE:LICI-EQ | CVD=118927 vs Ref=-12754 | Close=824.50 vs VAL=814.20
2026-01-30 18:15:15,797 [INFO]     NSE:IIFL-EQ | CVD=104200 vs Ref=-49105 | Close=528.70 vs VAL=533.70
2026-01-30 18:15:16,075 [INFO]     NSE:KOTAKBANK-EQ | CVD=3096999 vs Ref=-94870 | Close=408.00 vs VAL=407.40
2026-01-30 18:15:16,347 [INFO]     NSE:IOC-EQ | CVD=-1494402 vs Ref=-131543 | Close=163.24 vs VAL=162.30
2026-01-30 18:16:16,352 [INFO] 🔍 Scanning for alerts on 9 symbols (5min)...
2026-01-30 18:16:16,618 [INFO]     NSE:TCS-EQ | CVD=539126 vs Ref=-3791 | Close=3123.90 vs VAL=3107.50
2026-01-30 18:16:18,741 [INFO]     NSE:DALBHARAT-EQ | CVD=11723 vs Ref=0 | Close=2065.50 vs VAL=2035.00
2026-01-30 18:16:19,025 [INFO]     NSE:HCLTECH-EQ | CVD=-222325 vs Ref=-84045 | Close=1695.60 vs VAL=1688.05
2026-01-30 18:16:19,289 [INFO]     NSE:POLICYBZR-EQ | CVD=174940 vs Ref=-136954 | Close=1654.50 vs VAL=1593.90
2026-01-30 18:16:19,568 [INFO]     NSE:INFY-EQ | CVD=1181858 vs Ref=-64332 | Close=1641.00 vs VAL=1621.00
2026-01-30 18:16:20,222 [INFO]     NSE:LICI-EQ | CVD=118927 vs Ref=-12754 | Close=824.50 vs VAL=814.20
2026-01-30 18:16:20,521 [INFO]     NSE:IIFL-EQ | CVD=104200 vs Ref=-49105 | Close=528.70 vs VAL=533.70
2026-01-30 18:16:20,868 [INFO]     NSE:KOTAKBANK-EQ | CVD=3096999 vs Ref=-94870 | Close=408.00 vs VAL=407.40
2026-01-30 18:16:21,190 [INFO]     NSE:IOC-EQ | CVD=-1494402 vs Ref=-131543 | Close=163.24 vs VAL=162.30
2026-01-30 18:17:21,193 [INFO] 🔍 Scanning for alerts on 9 symbols (5min)...
2026-01-30 18:17:21,503 [INFO]     NSE:TCS-EQ | CVD=539126 vs Ref=-3791 | Close=3123.90 vs VAL=3107.50
2026-01-30 18:17:21,838 [INFO]     NSE:DALBHARAT-EQ | CVD=11723 vs Ref=0 | Close=2065.50 vs VAL=2035.00
2026-01-30 18:17:22,144 [INFO]     NSE:HCLTECH-EQ | CVD=-222325 vs Ref=-84045 | Close=1695.60 vs VAL=1688.05
2026-01-30 18:17:22,475 [INFO]     NSE:POLICYBZR-EQ | CVD=174940 vs Ref=-136954 | Close=1654.50 vs VAL=1593.90
2026-01-30 18:17:22,747 [INFO]     NSE:INFY-EQ | CVD=1181858 vs Ref=-64332 | Close=1641.00 vs VAL=1621.00
2026-01-30 18:17:23,039 [INFO]     NSE:LICI-EQ | CVD=118927 vs Ref=-12754 | Close=824.50 vs VAL=814.20
2026-01-30 18:17:23,334 [INFO]     NSE:IIFL-EQ | CVD=104200 vs Ref=-49105 | Close=528.70 vs VAL=533.70
2026-01-30 18:17:23,621 [INFO]     NSE:KOTAKBANK-EQ | CVD=3096999 vs Ref=-94870 | Close=408.00 vs VAL=407.40
2026-01-30 18:17:24,016 [INFO]     NSE:IOC-EQ | CVD=-1494402 vs Ref=-131543 | Close=163.24 vs VAL=162.30
2026-01-30 18:18:24,019 [INFO] 🔍 Scanning for alerts on 9 symbols (5min)...
2026-01-30 18:18:24,322 [INFO]     NSE:TCS-EQ | CVD=539126 vs Ref=-3791 | Close=3123.90 vs VAL=3107.50
2026-01-30 18:18:24,637 [INFO]     NSE:DALBHARAT-EQ | CVD=11723 vs Ref=0 | Close=2065.50 vs VAL=2035.00
2026-01-30 18:18:25,003 [INFO]     NSE:HCLTECH-EQ | CVD=-222325 vs Ref=-84045 | Close=1695.60 vs VAL=1688.05
2026-01-30 18:18:25,281 [INFO]     NSE:POLICYBZR-EQ | CVD=174940 vs Ref=-136954 | Close=1654.50 vs VAL=1593.90
2026-01-30 18:18:25,597 [INFO]     NSE:INFY-EQ | CVD=1181858 vs Ref=-64332 | Close=1641.00 vs VAL=1621.00
2026-01-30 18:18:25,962 [INFO]     NSE:LICI-EQ | CVD=118927 vs Ref=-12754 | Close=824.50 vs VAL=814.20
2026-01-30 18:18:26,263 [INFO]     NSE:IIFL-EQ | CVD=104200 vs Ref=-49105 | Close=528.70 vs VAL=533.70
2026-01-30 18:18:26,555 [INFO]     NSE:KOTAKBANK-EQ | CVD=3096999 vs Ref=-94870 | Close=408.00 vs VAL=407.40
2026-01-30 18:18:26,925 [INFO]     NSE:IOC-EQ | CVD=-1494402 vs Ref=-131543 | Close=163.24 vs VAL=162.30
2026-01-30 18:19:26,927 [INFO] 🔍 Scanning for alerts on 9 symbols (5min)...
2026-01-30 18:19:27,203 [INFO]     NSE:TCS-EQ | CVD=539126 vs Ref=-3791 | Close=3123.90 vs VAL=3107.50
2026-01-30 18:19:27,486 [INFO]     NSE:DALBHARAT-EQ | CVD=11723 vs Ref=0 | Close=2065.50 vs VAL=2035.00
2026-01-30 18:19:27,879 [INFO]     NSE:HCLTECH-EQ | CVD=-222325 vs Ref=-84045 | Close=1695.60 vs VAL=1688.05
2026-01-30 18:19:28,203 [INFO]     NSE:POLICYBZR-EQ | CVD=174940 vs Ref=-136954 | Close=1654.50 vs VAL=1593.90
2026-01-30 18:19:28,458 [INFO]     NSE:INFY-EQ | CVD=1181858 vs Ref=-64332 | Close=1641.00 vs VAL=1621.00
2026-01-30 18:19:28,738 [INFO]     NSE:LICI-EQ | CVD=118927 vs Ref=-12754 | Close=824.50 vs VAL=814.20
2026-01-30 18:19:29,019 [INFO]     NSE:IIFL-EQ | CVD=104200 vs Ref=-49105 | Close=528.70 vs VAL=533.70
2026-01-30 18:19:29,275 [INFO]     NSE:KOTAKBANK-EQ | CVD=3096999 vs Ref=-94870 | Close=408.00 vs VAL=407.40
2026-01-30 18:19:29,544 [INFO]     NSE:IOC-EQ | CVD=-1494402 vs Ref=-131543 | Close=163.24 vs VAL=162.30
2026-01-30 18:20:29,546 [INFO] 🔍 Scanning for alerts on 9 symbols (5min)...
2026-01-30 18:20:29,806 [INFO]     NSE:TCS-EQ | CVD=539126 vs Ref=-3791 | Close=3123.90 vs VAL=3107.50
2026-01-30 18:20:30,079 [INFO]     NSE:DALBHARAT-EQ | CVD=11723 vs Ref=0 | Close=2065.50 vs VAL=2035.00
2026-01-30 18:20:30,337 [INFO]     NSE:HCLTECH-EQ | CVD=-222325 vs Ref=-84045 | Close=1695.60 vs VAL=1688.05
2026-01-30 18:20:30,616 [INFO]     NSE:POLICYBZR-EQ | CVD=174940 vs Ref=-136954 | Close=1654.50 vs VAL=1593.90
2026-01-30 18:20:30,879 [INFO]     NSE:INFY-EQ | CVD=1181858 vs Ref=-64332 | Close=1641.00 vs VAL=1621.00
2026-01-30 18:20:31,142 [INFO]     NSE:LICI-EQ | CVD=118927 vs Ref=-12754 | Close=824.50 vs VAL=814.20
2026-01-30 18:20:31,409 [INFO]     NSE:IIFL-EQ | CVD=104200 vs Ref=-49105 | Close=528.70 vs VAL=533.70
2026-01-30 18:20:31,689 [INFO]     NSE:KOTAKBANK-EQ | CVD=3096999 vs Ref=-94870 | Close=408.00 vs VAL=407.40
2026-01-30 18:20:31,966 [INFO]     NSE:IOC-EQ | CVD=-1494402 vs Ref=-131543 | Close=163.24 vs VAL=162.30
2026-01-30 18:21:31,968 [INFO] 🔍 Scanning for alerts on 9 symbols (5min)...
2026-01-30 18:21:32,235 [INFO]     NSE:TCS-EQ | CVD=539126 vs Ref=-3791 | Close=3123.90 vs VAL=3107.50
2026-01-30 18:21:32,503 [INFO]     NSE:DALBHARAT-EQ | CVD=11723 vs Ref=0 | Close=2065.50 vs VAL=2035.00
2026-01-30 18:21:32,764 [INFO]     NSE:HCLTECH-EQ | CVD=-222325 vs Ref=-84045 | Close=1695.60 vs VAL=1688.05
2026-01-30 18:21:33,035 [INFO]     NSE:POLICYBZR-EQ | CVD=174940 vs Ref=-136954 | Close=1654.50 vs VAL=1593.90
2026-01-30 18:21:33,288 [INFO]     NSE:INFY-EQ | CVD=1181858 vs Ref=-64332 | Close=1641.00 vs VAL=1621.00
2026-01-30 18:21:33,571 [INFO]     NSE:LICI-EQ | CVD=118927 vs Ref=-12754 | Close=824.50 vs VAL=814.20
2026-01-30 18:21:33,863 [INFO]     NSE:IIFL-EQ | CVD=104200 vs Ref=-49105 | Close=528.70 vs VAL=533.70
2026-01-30 18:21:34,125 [INFO]     NSE:KOTAKBANK-EQ | CVD=3096999 vs Ref=-94870 | Close=408.00 vs VAL=407.40
2026-01-30 18:21:34,386 [INFO]     NSE:IOC-EQ | CVD=-1494402 vs Ref=-131543 | Close=163.24 vs VAL=162.30
2026-01-30 18:22:34,395 [INFO] 🔍 Scanning for alerts on 9 symbols (5min)...
2026-01-30 18:22:34,655 [INFO]     NSE:TCS-EQ | CVD=539126 vs Ref=-3791 | Close=3123.90 vs VAL=3107.50
2026-01-30 18:22:34,922 [INFO]     NSE:DALBHARAT-EQ | CVD=11723 vs Ref=0 | Close=2065.50 vs VAL=2035.00
2026-01-30 18:22:35,185 [INFO]     NSE:HCLTECH-EQ | CVD=-222325 vs Ref=-84045 | Close=1695.60 vs VAL=1688.05
2026-01-30 18:22:35,466 [INFO]     NSE:POLICYBZR-EQ | CVD=174940 vs Ref=-136954 | Close=1654.50 vs VAL=1593.90
2026-01-30 18:22:37,302 [INFO]     NSE:INFY-EQ | CVD=1181858 vs Ref=-64332 | Close=1641.00 vs VAL=1621.00
2026-01-30 18:22:37,606 [INFO]     NSE:LICI-EQ | CVD=118927 vs Ref=-12754 | Close=824.50 vs VAL=814.20
2026-01-30 18:22:37,875 [INFO]     NSE:IIFL-EQ | CVD=104200 vs Ref=-49105 | Close=528.70 vs VAL=533.70
2026-01-30 18:22:38,147 [INFO]     NSE:KOTAKBANK-EQ | CVD=3096999 vs Ref=-94870 | Close=408.00 vs VAL=407.40
2026-01-30 18:22:38,490 [INFO]     NSE:IOC-EQ | CVD=-1494402 vs Ref=-131543 | Close=163.24 vs VAL=162.30
2026-01-30 18:23:38,494 [INFO] 🔍 Scanning for alerts on 9 symbols (5min)...
2026-01-30 18:23:38,755 [INFO]     NSE:TCS-EQ | CVD=539126 vs Ref=-3791 | Close=3123.90 vs VAL=3107.50
2026-01-30 18:23:39,025 [INFO]     NSE:DALBHARAT-EQ | CVD=11723 vs Ref=0 | Close=2065.50 vs VAL=2035.00
2026-01-30 18:23:39,297 [INFO]     NSE:HCLTECH-EQ | CVD=-222325 vs Ref=-84045 | Close=1695.60 vs VAL=1688.05
2026-01-30 18:23:39,583 [INFO]     NSE:POLICYBZR-EQ | CVD=174940 vs Ref=-136954 | Close=1654.50 vs VAL=1593.90
2026-01-30 18:23:39,853 [INFO]     NSE:INFY-EQ | CVD=1181858 vs Ref=-64332 | Close=1641.00 vs VAL=1621.00
2026-01-30 18:23:41,940 [INFO]     NSE:LICI-EQ | CVD=118927 vs Ref=-12754 | Close=824.50 vs VAL=814.20
2026-01-30 18:23:42,223 [INFO]     NSE:IIFL-EQ | CVD=104200 vs Ref=-49105 | Close=528.70 vs VAL=533.70
2026-01-30 18:23:42,497 [INFO]     NSE:KOTAKBANK-EQ | CVD=3096999 vs Ref=-94870 | Close=408.00 vs VAL=407.40
2026-01-30 18:23:42,755 [INFO]     NSE:IOC-EQ | CVD=-1494402 vs Ref=-131543 | Close=163.24 vs VAL=162.30
2026-01-30 18:24:42,757 [INFO] 🔍 Scanning for alerts on 9 symbols (5min)...
2026-01-30 18:24:43,022 [INFO]     NSE:TCS-EQ | CVD=539126 vs Ref=-3791 | Close=3123.90 vs VAL=3107.50
2026-01-30 18:24:43,284 [INFO]     NSE:DALBHARAT-EQ | CVD=11723 vs Ref=0 | Close=2065.50 vs VAL=2035.00
2026-01-30 18:24:45,121 [INFO]     NSE:HCLTECH-EQ | CVD=-222325 vs Ref=-84045 | Close=1695.60 vs VAL=1688.05
2026-01-30 18:24:45,402 [INFO]     NSE:POLICYBZR-EQ | CVD=174940 vs Ref=-136954 | Close=1654.50 vs VAL=1593.90
2026-01-30 18:24:45,673 [INFO]     NSE:INFY-EQ | CVD=1181858 vs Ref=-64332 | Close=1641.00 vs VAL=1621.00
2026-01-30 18:24:45,929 [INFO]     NSE:LICI-EQ | CVD=118927 vs Ref=-12754 | Close=824.50 vs VAL=814.20
2026-01-30 18:24:46,194 [INFO]     NSE:IIFL-EQ | CVD=104200 vs Ref=-49105 | Close=528.70 vs VAL=533.70
2026-01-30 18:24:46,464 [INFO]     NSE:KOTAKBANK-EQ | CVD=3096999 vs Ref=-94870 | Close=408.00 vs VAL=407.40
2026-01-30 18:24:46,736 [INFO]     NSE:IOC-EQ | CVD=-1494402 vs Ref=-131543 | Close=163.24 vs VAL=162.30
2026-01-30 18:25:46,739 [INFO] 🔍 Scanning for alerts on 9 symbols (5min)...
2026-01-30 18:25:46,995 [INFO]     NSE:TCS-EQ | CVD=539126 vs Ref=-3791 | Close=3123.90 vs VAL=3107.50
2026-01-30 18:25:47,256 [INFO]     NSE:DALBHARAT-EQ | CVD=11723 vs Ref=0 | Close=2065.50 vs VAL=2035.00
2026-01-30 18:25:47,521 [INFO]     NSE:HCLTECH-EQ | CVD=-222325 vs Ref=-84045 | Close=1695.60 vs VAL=1688.05
2026-01-30 18:25:47,825 [INFO]     NSE:POLICYBZR-EQ | CVD=174940 vs Ref=-136954 | Close=1654.50 vs VAL=1593.90
2026-01-30 18:25:49,679 [INFO]     NSE:INFY-EQ | CVD=1181858 vs Ref=-64332 | Close=1641.00 vs VAL=1621.00
2026-01-30 18:25:49,945 [INFO]     NSE:LICI-EQ | CVD=118927 vs Ref=-12754 | Close=824.50 vs VAL=814.20
2026-01-30 18:25:50,208 [INFO]     NSE:IIFL-EQ | CVD=104200 vs Ref=-49105 | Close=528.70 vs VAL=533.70
2026-01-30 18:25:50,506 [INFO]     NSE:KOTAKBANK-EQ | CVD=3096999 vs Ref=-94870 | Close=408.00 vs VAL=407.40
2026-01-30 18:25:50,764 [INFO]     NSE:IOC-EQ | CVD=-1494402 vs Ref=-131543 | Close=163.24 vs VAL=162.30
2026-01-30 18:26:50,765 [INFO] 🔍 Scanning for alerts on 9 symbols (5min)...
2026-01-30 18:26:51,034 [INFO]     NSE:TCS-EQ | CVD=539126 vs Ref=-3791 | Close=3123.90 vs VAL=3107.50
2026-01-30 18:26:52,816 [INFO]     NSE:DALBHARAT-EQ | CVD=11723 vs Ref=0 | Close=2065.50 vs VAL=2035.00
2026-01-30 18:26:53,108 [INFO]     NSE:HCLTECH-EQ | CVD=-222325 vs Ref=-84045 | Close=1695.60 vs VAL=1688.05
2026-01-30 18:26:53,375 [INFO]     NSE:POLICYBZR-EQ | CVD=174940 vs Ref=-136954 | Close=1654.50 vs VAL=1593.90
2026-01-30 18:26:53,651 [INFO]     NSE:INFY-EQ | CVD=1181858 vs Ref=-64332 | Close=1641.00 vs VAL=1621.00
2026-01-30 18:26:53,929 [INFO]     NSE:LICI-EQ | CVD=118927 vs Ref=-12754 | Close=824.50 vs VAL=814.20
2026-01-30 18:26:54,203 [INFO]     NSE:IIFL-EQ | CVD=104200 vs Ref=-49105 | Close=528.70 vs VAL=533.70
2026-01-30 18:26:54,468 [INFO]     NSE:KOTAKBANK-EQ | CVD=3096999 vs Ref=-94870 | Close=408.00 vs VAL=407.40
2026-01-30 18:26:54,729 [INFO]     NSE:IOC-EQ | CVD=-1494402 vs Ref=-131543 | Close=163.24 vs VAL=162.30
2026-01-30 18:27:54,731 [INFO] 🔍 Scanning for alerts on 9 symbols (5min)...
2026-01-30 18:27:55,016 [INFO]     NSE:TCS-EQ | CVD=539126 vs Ref=-3791 | Close=3123.90 vs VAL=3107.50
2026-01-30 18:27:55,279 [INFO]     NSE:DALBHARAT-EQ | CVD=11723 vs Ref=0 | Close=2065.50 vs VAL=2035.00
2026-01-30 18:27:57,234 [INFO]     NSE:HCLTECH-EQ | CVD=-222325 vs Ref=-84045 | Close=1695.60 vs VAL=1688.05
2026-01-30 18:27:57,503 [INFO]     NSE:POLICYBZR-EQ | CVD=174940 vs Ref=-136954 | Close=1654.50 vs VAL=1593.90
2026-01-30 18:27:57,785 [INFO]     NSE:INFY-EQ | CVD=1181858 vs Ref=-64332 | Close=1641.00 vs VAL=1621.00
2026-01-30 18:27:58,047 [INFO]     NSE:LICI-EQ | CVD=118927 vs Ref=-12754 | Close=824.50 vs VAL=814.20
2026-01-30 18:27:58,312 [INFO]     NSE:IIFL-EQ | CVD=104200 vs Ref=-49105 | Close=528.70 vs VAL=533.70
2026-01-30 18:27:58,584 [INFO]     NSE:KOTAKBANK-EQ | CVD=3096999 vs Ref=-94870 | Close=408.00 vs VAL=407.40
2026-01-30 18:27:58,858 [INFO]     NSE:IOC-EQ | CVD=-1494402 vs Ref=-131543 | Close=163.24 vs VAL=162.30
2026-01-30 18:28:58,863 [INFO] 🔍 Scanning for alerts on 9 symbols (5min)...
2026-01-30 18:28:59,132 [INFO]     NSE:TCS-EQ | CVD=539126 vs Ref=-3791 | Close=3123.90 vs VAL=3107.50
2026-01-30 18:28:59,397 [INFO]     NSE:DALBHARAT-EQ | CVD=11723 vs Ref=0 | Close=2065.50 vs VAL=2035.00
2026-01-30 18:28:59,658 [INFO]     NSE:HCLTECH-EQ | CVD=-222325 vs Ref=-84045 | Close=1695.60 vs VAL=1688.05
2026-01-30 18:28:59,947 [INFO]     NSE:POLICYBZR-EQ | CVD=174940 vs Ref=-136954 | Close=1654.50 vs VAL=1593.90
2026-01-30 18:29:01,829 [INFO]     NSE:INFY-EQ | CVD=1181858 vs Ref=-64332 | Close=1641.00 vs VAL=1621.00
2026-01-30 18:29:02,094 [INFO]     NSE:LICI-EQ | CVD=118927 vs Ref=-12754 | Close=824.50 vs VAL=814.20
2026-01-30 18:29:02,375 [INFO]     NSE:IIFL-EQ | CVD=104200 vs Ref=-49105 | Close=528.70 vs VAL=533.70
2026-01-30 18:29:02,639 [INFO]     NSE:KOTAKBANK-EQ | CVD=3096999 vs Ref=-94870 | Close=408.00 vs VAL=407.40
2026-01-30 18:29:02,922 [INFO]     NSE:IOC-EQ | CVD=-1494402 vs Ref=-131543 | Close=163.24 vs VAL=162.30
2026-01-30 18:30:02,924 [INFO] 🔍 Scanning for alerts on 9 symbols (5min)...
2026-01-30 18:30:03,195 [INFO]     NSE:TCS-EQ | CVD=539126 vs Ref=-3791 | Close=3123.90 vs VAL=3107.50
2026-01-30 18:30:03,458 [INFO]     NSE:DALBHARAT-EQ | CVD=11723 vs Ref=0 | Close=2065.50 vs VAL=2035.00
2026-01-30 18:30:03,751 [INFO]     NSE:HCLTECH-EQ | CVD=-222325 vs Ref=-84045 | Close=1695.60 vs VAL=1688.05
2026-01-30 18:30:04,025 [INFO]     NSE:POLICYBZR-EQ | CVD=174940 vs Ref=-136954 | Close=1654.50 vs VAL=1593.90
2026-01-30 18:30:04,288 [INFO]     NSE:INFY-EQ | CVD=1181858 vs Ref=-64332 | Close=1641.00 vs VAL=1621.00
2026-01-30 18:30:04,558 [INFO]     NSE:LICI-EQ | CVD=118927 vs Ref=-12754 | Close=824.50 vs VAL=814.20
2026-01-30 18:30:04,825 [INFO]     NSE:IIFL-EQ | CVD=104200 vs Ref=-49105 | Close=528.70 vs VAL=533.70
2026-01-30 18:30:05,087 [INFO]     NSE:KOTAKBANK-EQ | CVD=3096999 vs Ref=-94870 | Close=408.00 vs VAL=407.40
2026-01-30 18:30:05,356 [INFO]     NSE:IOC-EQ | CVD=-1494402 vs Ref=-131543 | Close=163.24 vs VAL=162.30
2026-01-30 18:31:05,358 [INFO] 🔍 Scanning for alerts on 9 symbols (5min)...
2026-01-30 18:31:05,625 [INFO]     NSE:TCS-EQ | CVD=539126 vs Ref=-3791 | Close=3123.90 vs VAL=3107.50
2026-01-30 18:31:05,897 [INFO]     NSE:DALBHARAT-EQ | CVD=11723 vs Ref=0 | Close=2065.50 vs VAL=2035.00
2026-01-30 18:31:07,797 [INFO]     NSE:HCLTECH-EQ | CVD=-222325 vs Ref=-84045 | Close=1695.60 vs VAL=1688.05
2026-01-30 18:31:08,066 [INFO]     NSE:POLICYBZR-EQ | CVD=174940 vs Ref=-136954 | Close=1654.50 vs VAL=1593.90
2026-01-30 18:31:08,322 [INFO]     NSE:INFY-EQ | CVD=1181858 vs Ref=-64332 | Close=1641.00 vs VAL=1621.00
2026-01-30 18:31:08,589 [INFO]     NSE:LICI-EQ | CVD=118927 vs Ref=-12754 | Close=824.50 vs VAL=814.20
2026-01-30 18:31:08,854 [INFO]     NSE:IIFL-EQ | CVD=104200 vs Ref=-49105 | Close=528.70 vs VAL=533.70
2026-01-30 18:31:09,139 [INFO]     NSE:KOTAKBANK-EQ | CVD=3096999 vs Ref=-94870 | Close=408.00 vs VAL=407.40
2026-01-30 18:31:09,418 [INFO]     NSE:IOC-EQ | CVD=-1494402 vs Ref=-131543 | Close=163.24 vs VAL=162.30
2026-01-30 18:32:09,420 [INFO] 🔍 Scanning for alerts on 9 symbols (5min)...
2026-01-30 18:32:09,670 [INFO]     NSE:TCS-EQ | CVD=539126 vs Ref=-3791 | Close=3123.90 vs VAL=3107.50
2026-01-30 18:32:09,925 [INFO]     NSE:DALBHARAT-EQ | CVD=11723 vs Ref=0 | Close=2065.50 vs VAL=2035.00
2026-01-30 18:32:10,175 [INFO]     NSE:HCLTECH-EQ | CVD=-222325 vs Ref=-84045 | Close=1695.60 vs VAL=1688.05
2026-01-30 18:32:10,442 [INFO]     NSE:POLICYBZR-EQ | CVD=174940 vs Ref=-136954 | Close=1654.50 vs VAL=1593.90
2026-01-30 18:32:12,314 [INFO]     NSE:INFY-EQ | CVD=1181858 vs Ref=-64332 | Close=1641.00 vs VAL=1621.00
2026-01-30 18:32:12,569 [INFO]     NSE:LICI-EQ | CVD=118927 vs Ref=-12754 | Close=824.50 vs VAL=814.20
2026-01-30 18:32:13,021 [INFO]     NSE:IIFL-EQ | CVD=104200 vs Ref=-49105 | Close=528.70 vs VAL=533.70
2026-01-30 18:32:13,289 [INFO]     NSE:KOTAKBANK-EQ | CVD=3096999 vs Ref=-94870 | Close=408.00 vs VAL=407.40
2026-01-30 18:32:13,558 [INFO]     NSE:IOC-EQ | CVD=-1494402 vs Ref=-131543 | Close=163.24 vs VAL=162.30
2026-01-30 23:55:52,812 [INFO] 🔍 Scanning for alerts on 9 symbols (5min)...
2026-01-30 23:55:53,071 [INFO]     NSE:TCS-EQ | CVD=539126 vs Ref=-3791 | Close=3123.90 vs VAL=3107.50
2026-01-30 23:55:53,329 [INFO]     NSE:DALBHARAT-EQ | CVD=11723 vs Ref=0 | Close=2065.50 vs VAL=2035.00
2026-01-30 23:55:53,579 [INFO]     NSE:HCLTECH-EQ | CVD=-222325 vs Ref=-84045 | Close=1695.60 vs VAL=1688.05
2026-01-30 23:55:53,836 [INFO]     NSE:POLICYBZR-EQ | CVD=174940 vs Ref=-136954 | Close=1654.50 vs VAL=1593.90
2026-01-30 23:55:54,089 [INFO]     NSE:INFY-EQ | CVD=1181858 vs Ref=-64332 | Close=1641.00 vs VAL=1621.00
2026-01-30 23:55:54,345 [INFO]     NSE:LICI-EQ | CVD=118927 vs Ref=-12754 | Close=824.50 vs VAL=814.20
2026-01-30 23:55:54,601 [INFO]     NSE:IIFL-EQ | CVD=104200 vs Ref=-49105 | Close=528.70 vs VAL=533.70
2026-01-30 23:55:54,856 [INFO]     NSE:KOTAKBANK-EQ | CVD=3096999 vs Ref=-94870 | Close=408.00 vs VAL=407.40
2026-01-30 23:55:55,108 [INFO]     NSE:IOC-EQ | CVD=-1494402 vs Ref=-131543 | Close=163.24 vs VAL=162.30
2026-01-31 11:05:21,712 [INFO] 🔍 Scanning for alerts on 9 symbols (5min)...
2026-01-31 11:06:23,257 [INFO] 🔍 Scanning for alerts on 9 symbols (5min)...
2026-01-31 11:06:46,080 [INFO] 👋 Monitoring stopped by user.
