2026-02-09 10:49:27,162 [INFO] ==================================================
2026-02-09 10:49:27,162 [INFO] 🚀 INITIALIZING STRATEGY ALERTS (5min)
2026-02-09 10:49:27,163 [INFO] ==================================================
2026-02-09 10:49:27,163 [INFO] 📅 FRVP Configuration:
2026-02-09 10:49:27,163 [INFO]    • Range: 09:15 - 10:25
2026-02-09 10:49:27,164 [INFO]    • Rows: 24 | VA%: 70
2026-02-09 10:49:27,164 [INFO] 
🌊 CVD Configuration:
2026-02-09 10:49:27,164 [INFO]    • Anchor: D
2026-02-09 10:49:27,164 [INFO]    • Ref Candles: First 16 candles of the day
2026-02-09 10:49:27,165 [INFO] --------------------------------------------------
2026-02-09 10:49:27,166 [INFO] ⏳ calculating reference levels for all symbols...
2026-02-09 10:49:29,174 [INFO] ✅ NSE:PGEL-EQ          | CVD Ref (1st 16 c):  38028 | FRVP VAH:   598.50
2026-02-09 10:49:30,550 [INFO] ✅ NSE:RBLBANK-EQ       | CVD Ref (1st 16 c): 327314 | FRVP VAH:   307.60
2026-02-09 10:49:31,084 [INFO] ✅ NSE:LTF-EQ           | CVD Ref (1st 16 c): 484091 | FRVP VAH:   294.70
2026-02-09 10:49:31,625 [INFO] ✅ NSE:BANKINDIA-EQ     | CVD Ref (1st 16 c): 2020888 | FRVP VAH:   169.80
2026-02-09 10:49:32,163 [INFO] ✅ NSE:POLYCAB-EQ       | CVD Ref (1st 16 c):  59989 | FRVP VAH:  7827.20
2026-02-09 10:49:32,473 [INFO] ✅ NSE:BANDHANBNK-EQ    | CVD Ref (1st 16 c): 664489 | FRVP VAH:   162.30
2026-02-09 10:49:32,753 [INFO] ✅ NSE:PPLPHARMA-EQ     | CVD Ref (1st 16 c):  45371 | FRVP VAH:   160.40
2026-02-09 10:49:32,979 [INFO] ✅ NSE:BSE-EQ           | CVD Ref (1st 16 c): 1074078 | FRVP VAH:  2992.50
2026-02-09 10:49:33,154 [INFO] ✅ NSE:GODREJPROP-EQ    | CVD Ref (1st 16 c): 775559 | FRVP VAH:  1809.60
2026-02-09 10:49:33,306 [INFO] ✅ NSE:BHEL-EQ          | CVD Ref (1st 16 c): 308082 | FRVP VAH:   273.00
2026-02-09 10:49:33,482 [INFO] ✅ NSE:YESBANK-EQ       | CVD Ref (1st 16 c): 8416317 | FRVP VAH:    21.55
2026-02-09 10:49:33,632 [INFO] ✅ NSE:INOXWIND-EQ      | CVD Ref (1st 16 c): 753905 | FRVP VAH:   109.20
2026-02-09 10:49:33,790 [INFO] ✅ NSE:FORTIS-EQ        | CVD Ref (1st 16 c):  39886 | FRVP VAH:   867.60
2026-02-09 10:49:33,914 [INFO] ✅ NSE:IDEA-EQ          | CVD Ref (1st 16 c): 35972844 | FRVP VAH:    11.50
2026-02-09 10:49:34,073 [INFO] ✅ NSE:INDIANB-EQ       | CVD Ref (1st 16 c): 136406 | FRVP VAH:   902.70
2026-02-09 10:49:34,175 [INFO] ✅ NSE:INDHOTEL-EQ      | CVD Ref (1st 16 c):  76321 | FRVP VAH:   689.10
2026-02-09 10:49:34,175 [INFO] ==================================================

2026-02-09 10:49:34,177 [INFO] 🚀 Buy Alert Monitoring Started...
2026-02-09 10:49:34,177 [INFO] 🔍 Scanning for alerts on 16 symbols (5min)...
2026-02-09 10:49:35,163 [INFO] 📡 Sending order request for NSE:PGEL-EQ to http://localhost:4000/postOrder...
2026-02-09 10:49:37,277 [INFO] 📩 Server Response: 200 - {"message":"Order execution triggered","status":"success","receivedData":{"ticker":"NSE:PGEL-EQ","action":"BUY","close":601.65}}
2026-02-09 10:49:37,278 [INFO]     NSE:PGEL-EQ | CVD=98168 vs Ref=38028 | Close=601.65 vs VAH=598.50
2026-02-09 10:49:38,099 [INFO]     NSE:RBLBANK-EQ | CVD=313867 vs Ref=327314 | Close=307.30 vs VAH=307.60
2026-02-09 10:49:38,418 [INFO]     NSE:LTF-EQ | CVD=468797 vs Ref=484091 | Close=295.20 vs VAH=294.70
2026-02-09 10:49:38,683 [INFO]     NSE:BANKINDIA-EQ | CVD=1737785 vs Ref=2020888 | Close=170.15 vs VAH=169.80
2026-02-09 10:49:38,927 [INFO] 📡 Sending order request for NSE:POLYCAB-EQ to http://localhost:4000/postOrder...
2026-02-09 10:49:38,957 [INFO] 📩 Server Response: 200 - {"message":"Order execution triggered","status":"success","receivedData":{"ticker":"NSE:POLYCAB-EQ","action":"BUY","close":7836}}
2026-02-09 10:49:38,958 [INFO]     NSE:POLYCAB-EQ | CVD=60734 vs Ref=59989 | Close=7836.00 vs VAH=7827.20
2026-02-09 10:49:39,184 [INFO] 📡 Sending order request for NSE:BANDHANBNK-EQ to http://localhost:4000/postOrder...
2026-02-09 10:49:39,234 [INFO] 📩 Server Response: 200 - {"message":"Order execution triggered","status":"success","receivedData":{"ticker":"NSE:BANDHANBNK-EQ","action":"BUY","close":162.47}}
2026-02-09 10:49:39,234 [INFO]     NSE:BANDHANBNK-EQ | CVD=682951 vs Ref=664489 | Close=162.47 vs VAH=162.30
2026-02-09 10:49:39,436 [INFO]     NSE:PPLPHARMA-EQ | CVD=44946 vs Ref=45371 | Close=160.98 vs VAH=160.40
2026-02-09 10:49:39,704 [INFO]     NSE:BSE-EQ | CVD=966784 vs Ref=1074078 | Close=2982.90 vs VAH=2992.50
2026-02-09 10:49:39,898 [INFO]     NSE:GODREJPROP-EQ | CVD=630535 vs Ref=775559 | Close=1816.60 vs VAH=1809.60
2026-02-09 10:49:40,065 [INFO] 📡 Sending order request for NSE:BHEL-EQ to http://localhost:4000/postOrder...
2026-02-09 10:49:40,091 [INFO] 📩 Server Response: 200 - {"message":"Order execution triggered","status":"success","receivedData":{"ticker":"NSE:BHEL-EQ","action":"BUY","close":273.1}}
2026-02-09 10:49:40,091 [INFO]     NSE:BHEL-EQ | CVD=341213 vs Ref=308082 | Close=273.10 vs VAH=273.00
2026-02-09 10:49:40,269 [INFO]     NSE:YESBANK-EQ | CVD=7317352 vs Ref=8416317 | Close=21.58 vs VAH=21.55
2026-02-09 10:49:40,450 [INFO] 📡 Sending order request for NSE:INOXWIND-EQ to http://localhost:4000/postOrder...
2026-02-09 10:49:40,491 [INFO] 📩 Server Response: 200 - {"message":"Order execution triggered","status":"success","receivedData":{"ticker":"NSE:INOXWIND-EQ","action":"BUY","close":109.78}}
2026-02-09 10:49:40,491 [INFO]     NSE:INOXWIND-EQ | CVD=776382 vs Ref=753905 | Close=109.78 vs VAH=109.20
2026-02-09 10:49:40,693 [INFO] 📡 Sending order request for NSE:FORTIS-EQ to http://localhost:4000/postOrder...
2026-02-09 10:49:40,739 [INFO] 📩 Server Response: 200 - {"message":"Order execution triggered","status":"success","receivedData":{"ticker":"NSE:FORTIS-EQ","action":"BUY","close":871.5}}
2026-02-09 10:49:40,739 [INFO]     NSE:FORTIS-EQ | CVD=173702 vs Ref=39886 | Close=871.50 vs VAH=867.60
2026-02-09 10:49:40,951 [INFO] 📡 Sending order request for NSE:IDEA-EQ to http://localhost:4000/postOrder...
2026-02-09 10:49:40,987 [INFO] 📩 Server Response: 200 - {"message":"Order execution triggered","status":"success","receivedData":{"ticker":"NSE:IDEA-EQ","action":"BUY","close":11.55}}
2026-02-09 10:49:40,988 [INFO]     NSE:IDEA-EQ | CVD=43635898 vs Ref=35972844 | Close=11.55 vs VAH=11.50
2026-02-09 10:49:41,166 [INFO]     NSE:INDIANB-EQ | CVD=93701 vs Ref=136406 | Close=903.10 vs VAH=902.70
2026-02-09 10:49:41,329 [INFO] 📡 Sending order request for NSE:INDHOTEL-EQ to http://localhost:4000/postOrder...
2026-02-09 10:49:41,369 [INFO] 📩 Server Response: 200 - {"message":"Order execution triggered","status":"success","receivedData":{"ticker":"NSE:INDHOTEL-EQ","action":"BUY","close":690.8}}
2026-02-09 10:49:41,370 [INFO]     NSE:INDHOTEL-EQ | CVD=80118 vs Ref=76321 | Close=690.80 vs VAH=689.10
2026-02-09 10:50:41,371 [INFO] 🔍 Scanning for alerts on 8 symbols (5min)...
2026-02-09 10:50:41,514 [INFO]     NSE:RBLBANK-EQ | CVD=313867 vs Ref=327314 | Close=307.30 vs VAH=307.60
2026-02-09 10:50:42,032 [INFO]     NSE:LTF-EQ | CVD=468797 vs Ref=484091 | Close=295.20 vs VAH=294.70
2026-02-09 10:50:42,318 [INFO]     NSE:BANKINDIA-EQ | CVD=1737785 vs Ref=2020888 | Close=170.15 vs VAH=169.80
2026-02-09 10:50:42,639 [INFO]     NSE:PPLPHARMA-EQ | CVD=44946 vs Ref=45371 | Close=160.98 vs VAH=160.40
2026-02-09 10:50:42,957 [INFO]     NSE:BSE-EQ | CVD=966784 vs Ref=1074078 | Close=2982.90 vs VAH=2992.50
2026-02-09 10:50:43,252 [INFO]     NSE:GODREJPROP-EQ | CVD=630535 vs Ref=775559 | Close=1816.60 vs VAH=1809.60
2026-02-09 10:50:43,543 [INFO]     NSE:YESBANK-EQ | CVD=7317352 vs Ref=8416317 | Close=21.58 vs VAH=21.55
2026-02-09 10:50:44,339 [INFO]     NSE:INDIANB-EQ | CVD=93701 vs Ref=136406 | Close=903.10 vs VAH=902.70
2026-02-09 10:51:44,370 [INFO] 🔍 Scanning for alerts on 8 symbols (5min)...
2026-02-09 10:51:46,682 [INFO]     NSE:RBLBANK-EQ | CVD=303437 vs Ref=327314 | Close=307.00 vs VAH=307.60
2026-02-09 10:51:48,725 [INFO]     NSE:LTF-EQ | CVD=447983 vs Ref=484091 | Close=293.80 vs VAH=294.70
2026-02-09 10:51:49,438 [INFO]     NSE:BANKINDIA-EQ | CVD=1613622 vs Ref=2020888 | Close=169.25 vs VAH=169.80
2026-02-09 10:51:49,653 [INFO]     NSE:PPLPHARMA-EQ | CVD=43299 vs Ref=45371 | Close=160.84 vs VAH=160.40
2026-02-09 10:51:49,861 [INFO]     NSE:BSE-EQ | CVD=952156 vs Ref=1074078 | Close=2980.70 vs VAH=2992.50
2026-02-09 10:51:50,036 [INFO]     NSE:GODREJPROP-EQ | CVD=541813 vs Ref=775559 | Close=1799.90 vs VAH=1809.60
2026-02-09 10:51:50,178 [INFO]     NSE:YESBANK-EQ | CVD=8142717 vs Ref=8416317 | Close=21.61 vs VAH=21.55
2026-02-09 10:51:50,320 [INFO]     NSE:INDIANB-EQ | CVD=102308 vs Ref=136406 | Close=903.50 vs VAH=902.70
2026-02-09 10:52:50,321 [INFO] 🔍 Scanning for alerts on 8 symbols (5min)...
2026-02-09 10:52:50,494 [INFO]     NSE:RBLBANK-EQ | CVD=303437 vs Ref=327314 | Close=307.00 vs VAH=307.60
2026-02-09 10:52:50,657 [INFO]     NSE:LTF-EQ | CVD=447983 vs Ref=484091 | Close=293.80 vs VAH=294.70
2026-02-09 10:52:50,815 [INFO]     NSE:BANKINDIA-EQ | CVD=1613622 vs Ref=2020888 | Close=169.25 vs VAH=169.80
2026-02-09 10:52:50,990 [INFO]     NSE:PPLPHARMA-EQ | CVD=43299 vs Ref=45371 | Close=160.84 vs VAH=160.40
2026-02-09 10:52:51,154 [INFO]     NSE:BSE-EQ | CVD=952156 vs Ref=1074078 | Close=2980.70 vs VAH=2992.50
2026-02-09 10:52:51,372 [INFO]     NSE:GODREJPROP-EQ | CVD=541813 vs Ref=775559 | Close=1799.90 vs VAH=1809.60
2026-02-09 10:52:51,588 [INFO]     NSE:YESBANK-EQ | CVD=8142717 vs Ref=8416317 | Close=21.61 vs VAH=21.55
2026-02-09 10:52:51,877 [INFO]     NSE:INDIANB-EQ | CVD=102308 vs Ref=136406 | Close=903.50 vs VAH=902.70
2026-02-09 10:53:51,880 [INFO] 🔍 Scanning for alerts on 8 symbols (5min)...
2026-02-09 10:53:53,372 [INFO]     NSE:RBLBANK-EQ | CVD=303437 vs Ref=327314 | Close=307.00 vs VAH=307.60
2026-02-09 10:53:54,862 [INFO]     NSE:LTF-EQ | CVD=447983 vs Ref=484091 | Close=293.80 vs VAH=294.70
2026-02-09 10:53:56,227 [INFO]     NSE:BANKINDIA-EQ | CVD=1613622 vs Ref=2020888 | Close=169.25 vs VAH=169.80
2026-02-09 10:53:57,717 [INFO]     NSE:PPLPHARMA-EQ | CVD=43299 vs Ref=45371 | Close=160.84 vs VAH=160.40
2026-02-09 10:53:59,146 [INFO]     NSE:BSE-EQ | CVD=952156 vs Ref=1074078 | Close=2980.70 vs VAH=2992.50
2026-02-09 10:54:00,671 [INFO]     NSE:GODREJPROP-EQ | CVD=541813 vs Ref=775559 | Close=1799.90 vs VAH=1809.60
2026-02-09 10:54:02,500 [INFO]     NSE:YESBANK-EQ | CVD=8142717 vs Ref=8416317 | Close=21.61 vs VAH=21.55
2026-02-09 10:54:04,180 [INFO]     NSE:INDIANB-EQ | CVD=102308 vs Ref=136406 | Close=903.50 vs VAH=902.70
2026-02-09 10:55:04,186 [INFO] 🔍 Scanning for alerts on 8 symbols (5min)...
2026-02-09 10:55:04,343 [INFO]     NSE:RBLBANK-EQ | CVD=303437 vs Ref=327314 | Close=307.00 vs VAH=307.60
2026-02-09 10:55:04,480 [INFO]     NSE:LTF-EQ | CVD=447983 vs Ref=484091 | Close=293.80 vs VAH=294.70
2026-02-09 10:55:04,867 [INFO]     NSE:BANKINDIA-EQ | CVD=1613622 vs Ref=2020888 | Close=169.25 vs VAH=169.80
2026-02-09 10:55:05,234 [INFO]     NSE:PPLPHARMA-EQ | CVD=43299 vs Ref=45371 | Close=160.84 vs VAH=160.40
2026-02-09 10:55:05,557 [INFO]     NSE:BSE-EQ | CVD=952156 vs Ref=1074078 | Close=2980.70 vs VAH=2992.50
2026-02-09 10:55:05,826 [INFO]     NSE:GODREJPROP-EQ | CVD=541813 vs Ref=775559 | Close=1799.90 vs VAH=1809.60
2026-02-09 10:55:06,115 [INFO]     NSE:YESBANK-EQ | CVD=8142717 vs Ref=8416317 | Close=21.61 vs VAH=21.55
2026-02-09 10:55:06,405 [INFO]     NSE:INDIANB-EQ | CVD=102308 vs Ref=136406 | Close=903.50 vs VAH=902.70
2026-02-09 10:56:06,407 [INFO] 🔍 Scanning for alerts on 8 symbols (5min)...
2026-02-09 10:56:06,568 [INFO]     NSE:RBLBANK-EQ | CVD=302205 vs Ref=327314 | Close=307.15 vs VAH=307.60
2026-02-09 10:56:06,710 [INFO]     NSE:LTF-EQ | CVD=467010 vs Ref=484091 | Close=294.80 vs VAH=294.70
2026-02-09 10:56:06,850 [INFO]     NSE:BANKINDIA-EQ | CVD=1643076 vs Ref=2020888 | Close=169.36 vs VAH=169.80
2026-02-09 10:56:06,986 [INFO]     NSE:PPLPHARMA-EQ | CVD=41578 vs Ref=45371 | Close=160.86 vs VAH=160.40
2026-02-09 10:56:07,141 [INFO]     NSE:BSE-EQ | CVD=956470 vs Ref=1074078 | Close=2984.00 vs VAH=2992.50
2026-02-09 10:56:07,294 [INFO]     NSE:GODREJPROP-EQ | CVD=531868 vs Ref=775559 | Close=1800.80 vs VAH=1809.60
2026-02-09 10:56:07,438 [INFO]     NSE:YESBANK-EQ | CVD=7727430 vs Ref=8416317 | Close=21.61 vs VAH=21.55
2026-02-09 10:56:07,591 [INFO]     NSE:INDIANB-EQ | CVD=104872 vs Ref=136406 | Close=903.70 vs VAH=902.70
2026-02-09 10:57:07,593 [INFO] 🔍 Scanning for alerts on 8 symbols (5min)...
2026-02-09 10:57:09,101 [INFO]     NSE:RBLBANK-EQ | CVD=302205 vs Ref=327314 | Close=307.15 vs VAH=307.60
2026-02-09 10:57:10,572 [INFO]     NSE:LTF-EQ | CVD=467010 vs Ref=484091 | Close=294.80 vs VAH=294.70
2026-02-09 10:57:11,870 [INFO]     NSE:BANKINDIA-EQ | CVD=1643076 vs Ref=2020888 | Close=169.36 vs VAH=169.80
2026-02-09 10:57:13,307 [INFO]     NSE:PPLPHARMA-EQ | CVD=41578 vs Ref=45371 | Close=160.86 vs VAH=160.40
2026-02-09 10:57:14,711 [INFO]     NSE:BSE-EQ | CVD=956470 vs Ref=1074078 | Close=2984.00 vs VAH=2992.50
2026-02-09 10:57:16,127 [INFO]     NSE:GODREJPROP-EQ | CVD=531868 vs Ref=775559 | Close=1800.80 vs VAH=1809.60
2026-02-09 10:57:17,032 [INFO]     NSE:YESBANK-EQ | CVD=7727430 vs Ref=8416317 | Close=21.61 vs VAH=21.55
2026-02-09 10:57:17,269 [INFO]     NSE:INDIANB-EQ | CVD=104872 vs Ref=136406 | Close=903.70 vs VAH=902.70
2026-02-09 10:58:17,270 [INFO] 🔍 Scanning for alerts on 8 symbols (5min)...
2026-02-09 10:58:17,419 [INFO]     NSE:RBLBANK-EQ | CVD=302205 vs Ref=327314 | Close=307.15 vs VAH=307.60
2026-02-09 10:58:17,554 [INFO]     NSE:LTF-EQ | CVD=467010 vs Ref=484091 | Close=294.80 vs VAH=294.70
2026-02-09 10:58:17,688 [INFO]     NSE:BANKINDIA-EQ | CVD=1643076 vs Ref=2020888 | Close=169.36 vs VAH=169.80
2026-02-09 10:58:17,840 [INFO]     NSE:PPLPHARMA-EQ | CVD=41578 vs Ref=45371 | Close=160.86 vs VAH=160.40
2026-02-09 10:58:17,988 [INFO]     NSE:BSE-EQ | CVD=956470 vs Ref=1074078 | Close=2984.00 vs VAH=2992.50
2026-02-09 10:58:18,140 [INFO]     NSE:GODREJPROP-EQ | CVD=531868 vs Ref=775559 | Close=1800.80 vs VAH=1809.60
2026-02-09 10:58:18,293 [INFO]     NSE:YESBANK-EQ | CVD=7727430 vs Ref=8416317 | Close=21.61 vs VAH=21.55
2026-02-09 10:58:18,443 [INFO]     NSE:INDIANB-EQ | CVD=104872 vs Ref=136406 | Close=903.70 vs VAH=902.70
2026-02-09 10:59:18,444 [INFO] 🔍 Scanning for alerts on 8 symbols (5min)...
2026-02-09 10:59:18,599 [INFO]     NSE:RBLBANK-EQ | CVD=302205 vs Ref=327314 | Close=307.15 vs VAH=307.60
2026-02-09 10:59:18,743 [INFO]     NSE:LTF-EQ | CVD=467010 vs Ref=484091 | Close=294.80 vs VAH=294.70
2026-02-09 10:59:18,895 [INFO]     NSE:BANKINDIA-EQ | CVD=1643076 vs Ref=2020888 | Close=169.36 vs VAH=169.80
2026-02-09 10:59:19,035 [INFO]     NSE:PPLPHARMA-EQ | CVD=41578 vs Ref=45371 | Close=160.86 vs VAH=160.40
2026-02-09 10:59:19,200 [INFO]     NSE:BSE-EQ | CVD=956470 vs Ref=1074078 | Close=2984.00 vs VAH=2992.50
2026-02-09 10:59:19,353 [INFO]     NSE:GODREJPROP-EQ | CVD=531868 vs Ref=775559 | Close=1800.80 vs VAH=1809.60
2026-02-09 10:59:19,507 [INFO]     NSE:YESBANK-EQ | CVD=7727430 vs Ref=8416317 | Close=21.61 vs VAH=21.55
2026-02-09 10:59:19,654 [INFO]     NSE:INDIANB-EQ | CVD=104872 vs Ref=136406 | Close=903.70 vs VAH=902.70
2026-02-09 11:00:19,656 [INFO] 🔍 Scanning for alerts on 8 symbols (5min)...
2026-02-09 11:00:19,800 [INFO]     NSE:RBLBANK-EQ | CVD=302205 vs Ref=327314 | Close=307.15 vs VAH=307.60
2026-02-09 11:00:19,966 [INFO]     NSE:LTF-EQ | CVD=467010 vs Ref=484091 | Close=294.80 vs VAH=294.70
2026-02-09 11:00:20,103 [INFO]     NSE:BANKINDIA-EQ | CVD=1643076 vs Ref=2020888 | Close=169.36 vs VAH=169.80
2026-02-09 11:00:20,249 [INFO]     NSE:PPLPHARMA-EQ | CVD=41578 vs Ref=45371 | Close=160.86 vs VAH=160.40
2026-02-09 11:00:20,389 [INFO]     NSE:BSE-EQ | CVD=956470 vs Ref=1074078 | Close=2984.00 vs VAH=2992.50
2026-02-09 11:00:20,531 [INFO]     NSE:GODREJPROP-EQ | CVD=531868 vs Ref=775559 | Close=1800.80 vs VAH=1809.60
2026-02-09 11:00:20,668 [INFO]     NSE:YESBANK-EQ | CVD=7727430 vs Ref=8416317 | Close=21.61 vs VAH=21.55
2026-02-09 11:00:20,809 [INFO]     NSE:INDIANB-EQ | CVD=104872 vs Ref=136406 | Close=903.70 vs VAH=902.70
2026-02-09 11:01:20,810 [INFO] 🔍 Scanning for alerts on 8 symbols (5min)...
2026-02-09 11:01:20,961 [INFO]     NSE:RBLBANK-EQ | CVD=298308 vs Ref=327314 | Close=307.25 vs VAH=307.60
2026-02-09 11:01:21,099 [INFO]     NSE:LTF-EQ | CVD=473340 vs Ref=484091 | Close=295.00 vs VAH=294.70
2026-02-09 11:01:21,254 [INFO]     NSE:BANKINDIA-EQ | CVD=1613819 vs Ref=2020888 | Close=169.30 vs VAH=169.80
2026-02-09 11:01:21,405 [INFO] 📡 Sending order request for NSE:PPLPHARMA-EQ to http://localhost:4000/postOrder...
2026-02-09 11:01:21,435 [INFO] 📩 Server Response: 200 - {"message":"Order execution triggered","status":"success","receivedData":{"ticker":"NSE:PPLPHARMA-EQ","action":"BUY","close":161.01}}
2026-02-09 11:01:21,435 [INFO]     NSE:PPLPHARMA-EQ | CVD=57637 vs Ref=45371 | Close=161.01 vs VAH=160.40
2026-02-09 11:01:23,216 [INFO]     NSE:BSE-EQ | CVD=967129 vs Ref=1074078 | Close=2989.00 vs VAH=2992.50
2026-02-09 11:01:23,602 [INFO]     NSE:GODREJPROP-EQ | CVD=514381 vs Ref=775559 | Close=1797.70 vs VAH=1809.60
2026-02-09 11:01:23,908 [INFO]     NSE:YESBANK-EQ | CVD=7343797 vs Ref=8416317 | Close=21.62 vs VAH=21.55
2026-02-09 11:01:24,213 [INFO]     NSE:INDIANB-EQ | CVD=104641 vs Ref=136406 | Close=903.90 vs VAH=902.70
2026-02-09 11:02:24,214 [INFO] 🔍 Scanning for alerts on 7 symbols (5min)...
2026-02-09 11:02:24,353 [INFO]     NSE:RBLBANK-EQ | CVD=298308 vs Ref=327314 | Close=307.25 vs VAH=307.60
2026-02-09 11:02:24,504 [INFO]     NSE:LTF-EQ | CVD=473340 vs Ref=484091 | Close=295.00 vs VAH=294.70
2026-02-09 11:02:24,657 [INFO]     NSE:BANKINDIA-EQ | CVD=1613819 vs Ref=2020888 | Close=169.30 vs VAH=169.80
2026-02-09 11:02:24,798 [INFO]     NSE:BSE-EQ | CVD=967129 vs Ref=1074078 | Close=2989.00 vs VAH=2992.50
2026-02-09 11:02:24,943 [INFO]     NSE:GODREJPROP-EQ | CVD=514381 vs Ref=775559 | Close=1797.70 vs VAH=1809.60
2026-02-09 11:02:25,087 [INFO]     NSE:YESBANK-EQ | CVD=7343797 vs Ref=8416317 | Close=21.62 vs VAH=21.55
2026-02-09 11:02:25,243 [INFO]     NSE:INDIANB-EQ | CVD=104641 vs Ref=136406 | Close=903.90 vs VAH=902.70
2026-02-09 11:03:25,244 [INFO] 🔍 Scanning for alerts on 7 symbols (5min)...
2026-02-09 11:03:25,615 [INFO]     NSE:RBLBANK-EQ | CVD=298308 vs Ref=327314 | Close=307.25 vs VAH=307.60
2026-02-09 11:03:25,945 [INFO]     NSE:LTF-EQ | CVD=473340 vs Ref=484091 | Close=295.00 vs VAH=294.70
2026-02-09 11:03:26,260 [INFO]     NSE:BANKINDIA-EQ | CVD=1613819 vs Ref=2020888 | Close=169.30 vs VAH=169.80
2026-02-09 11:03:26,540 [INFO]     NSE:BSE-EQ | CVD=967129 vs Ref=1074078 | Close=2989.00 vs VAH=2992.50
2026-02-09 11:03:27,012 [INFO]     NSE:GODREJPROP-EQ | CVD=514381 vs Ref=775559 | Close=1797.70 vs VAH=1809.60
2026-02-09 11:03:27,405 [INFO]     NSE:YESBANK-EQ | CVD=7343797 vs Ref=8416317 | Close=21.62 vs VAH=21.55
2026-02-09 11:03:28,249 [INFO]     NSE:INDIANB-EQ | CVD=104641 vs Ref=136406 | Close=903.90 vs VAH=902.70
2026-02-09 11:04:28,254 [INFO] 🔍 Scanning for alerts on 7 symbols (5min)...
2026-02-09 11:04:28,396 [INFO]     NSE:RBLBANK-EQ | CVD=298308 vs Ref=327314 | Close=307.25 vs VAH=307.60
2026-02-09 11:04:28,548 [INFO]     NSE:LTF-EQ | CVD=473340 vs Ref=484091 | Close=295.00 vs VAH=294.70
2026-02-09 11:04:28,688 [INFO]     NSE:BANKINDIA-EQ | CVD=1613819 vs Ref=2020888 | Close=169.30 vs VAH=169.80
2026-02-09 11:04:28,831 [INFO]     NSE:BSE-EQ | CVD=967129 vs Ref=1074078 | Close=2989.00 vs VAH=2992.50
2026-02-09 11:04:28,989 [INFO]     NSE:GODREJPROP-EQ | CVD=514381 vs Ref=775559 | Close=1797.70 vs VAH=1809.60
2026-02-09 11:04:29,142 [INFO]     NSE:YESBANK-EQ | CVD=7343797 vs Ref=8416317 | Close=21.62 vs VAH=21.55
2026-02-09 11:04:29,307 [INFO]     NSE:INDIANB-EQ | CVD=104641 vs Ref=136406 | Close=903.90 vs VAH=902.70
2026-02-09 11:05:29,309 [INFO] 🔍 Scanning for alerts on 7 symbols (5min)...
2026-02-09 11:05:29,604 [INFO]     NSE:RBLBANK-EQ | CVD=298308 vs Ref=327314 | Close=307.25 vs VAH=307.60
2026-02-09 11:05:29,895 [INFO]     NSE:LTF-EQ | CVD=473340 vs Ref=484091 | Close=295.00 vs VAH=294.70
2026-02-09 11:05:30,189 [INFO]     NSE:BANKINDIA-EQ | CVD=1613819 vs Ref=2020888 | Close=169.30 vs VAH=169.80
2026-02-09 11:05:30,489 [INFO]     NSE:BSE-EQ | CVD=967129 vs Ref=1074078 | Close=2989.00 vs VAH=2992.50
2026-02-09 11:05:30,782 [INFO]     NSE:GODREJPROP-EQ | CVD=514381 vs Ref=775559 | Close=1797.70 vs VAH=1809.60
2026-02-09 11:05:31,072 [INFO]     NSE:YESBANK-EQ | CVD=7343797 vs Ref=8416317 | Close=21.62 vs VAH=21.55
2026-02-09 11:05:31,358 [INFO]     NSE:INDIANB-EQ | CVD=104641 vs Ref=136406 | Close=903.90 vs VAH=902.70
2026-02-09 11:06:31,360 [INFO] 🔍 Scanning for alerts on 7 symbols (5min)...
2026-02-09 11:06:31,513 [INFO]     NSE:RBLBANK-EQ | CVD=288544 vs Ref=327314 | Close=307.20 vs VAH=307.60
2026-02-09 11:06:31,656 [INFO]     NSE:LTF-EQ | CVD=481535 vs Ref=484091 | Close=295.00 vs VAH=294.70
2026-02-09 11:06:31,811 [INFO]     NSE:BANKINDIA-EQ | CVD=1587995 vs Ref=2020888 | Close=169.10 vs VAH=169.80
2026-02-09 11:06:31,975 [INFO]     NSE:BSE-EQ | CVD=939571 vs Ref=1074078 | Close=2985.00 vs VAH=2992.50
2026-02-09 11:06:32,136 [INFO]     NSE:GODREJPROP-EQ | CVD=468929 vs Ref=775559 | Close=1792.80 vs VAH=1809.60
2026-02-09 11:06:32,297 [INFO]     NSE:YESBANK-EQ | CVD=7199260 vs Ref=8416317 | Close=21.60 vs VAH=21.55
2026-02-09 11:06:32,444 [INFO]     NSE:INDIANB-EQ | CVD=99024 vs Ref=136406 | Close=901.55 vs VAH=902.70
2026-02-09 11:07:32,446 [INFO] 🔍 Scanning for alerts on 7 symbols (5min)...
2026-02-09 11:07:32,592 [INFO]     NSE:RBLBANK-EQ | CVD=288544 vs Ref=327314 | Close=307.20 vs VAH=307.60
2026-02-09 11:07:33,020 [INFO]     NSE:LTF-EQ | CVD=481535 vs Ref=484091 | Close=295.00 vs VAH=294.70
2026-02-09 11:07:33,461 [INFO]     NSE:BANKINDIA-EQ | CVD=1587995 vs Ref=2020888 | Close=169.10 vs VAH=169.80
2026-02-09 11:07:33,786 [INFO]     NSE:BSE-EQ | CVD=939571 vs Ref=1074078 | Close=2985.00 vs VAH=2992.50
2026-02-09 11:07:34,075 [INFO]     NSE:GODREJPROP-EQ | CVD=468929 vs Ref=775559 | Close=1792.80 vs VAH=1809.60
2026-02-09 11:07:34,352 [INFO]     NSE:YESBANK-EQ | CVD=7199260 vs Ref=8416317 | Close=21.60 vs VAH=21.55
2026-02-09 11:07:34,639 [INFO]     NSE:INDIANB-EQ | CVD=99024 vs Ref=136406 | Close=901.55 vs VAH=902.70
2026-02-09 11:08:34,641 [INFO] 🔍 Scanning for alerts on 7 symbols (5min)...
2026-02-09 11:08:34,791 [INFO]     NSE:RBLBANK-EQ | CVD=288544 vs Ref=327314 | Close=307.20 vs VAH=307.60
2026-02-09 11:08:35,230 [INFO]     NSE:LTF-EQ | CVD=481535 vs Ref=484091 | Close=295.00 vs VAH=294.70
2026-02-09 11:08:35,705 [INFO]     NSE:BANKINDIA-EQ | CVD=1587995 vs Ref=2020888 | Close=169.10 vs VAH=169.80
2026-02-09 11:08:36,030 [INFO]     NSE:BSE-EQ | CVD=939571 vs Ref=1074078 | Close=2985.00 vs VAH=2992.50
2026-02-09 11:08:36,326 [INFO]     NSE:GODREJPROP-EQ | CVD=468929 vs Ref=775559 | Close=1792.80 vs VAH=1809.60
2026-02-09 11:08:36,612 [INFO]     NSE:YESBANK-EQ | CVD=7199260 vs Ref=8416317 | Close=21.60 vs VAH=21.55
2026-02-09 11:08:36,893 [INFO]     NSE:INDIANB-EQ | CVD=99024 vs Ref=136406 | Close=901.55 vs VAH=902.70
2026-02-09 11:09:36,894 [INFO] 🔍 Scanning for alerts on 7 symbols (5min)...
2026-02-09 11:09:37,055 [INFO]     NSE:RBLBANK-EQ | CVD=288544 vs Ref=327314 | Close=307.20 vs VAH=307.60
2026-02-09 11:09:37,209 [INFO]     NSE:LTF-EQ | CVD=481535 vs Ref=484091 | Close=295.00 vs VAH=294.70
2026-02-09 11:09:37,361 [INFO]     NSE:BANKINDIA-EQ | CVD=1587995 vs Ref=2020888 | Close=169.10 vs VAH=169.80
2026-02-09 11:09:37,511 [INFO]     NSE:BSE-EQ | CVD=939571 vs Ref=1074078 | Close=2985.00 vs VAH=2992.50
2026-02-09 11:09:37,653 [INFO]     NSE:GODREJPROP-EQ | CVD=468929 vs Ref=775559 | Close=1792.80 vs VAH=1809.60
2026-02-09 11:09:37,791 [INFO]     NSE:YESBANK-EQ | CVD=7199260 vs Ref=8416317 | Close=21.60 vs VAH=21.55
2026-02-09 11:09:37,984 [INFO]     NSE:INDIANB-EQ | CVD=99024 vs Ref=136406 | Close=901.55 vs VAH=902.70
2026-02-09 11:10:37,986 [INFO] 🔍 Scanning for alerts on 7 symbols (5min)...
2026-02-09 11:10:38,139 [INFO]     NSE:RBLBANK-EQ | CVD=288544 vs Ref=327314 | Close=307.20 vs VAH=307.60
2026-02-09 11:10:38,295 [INFO]     NSE:LTF-EQ | CVD=481535 vs Ref=484091 | Close=295.00 vs VAH=294.70
2026-02-09 11:10:38,454 [INFO]     NSE:BANKINDIA-EQ | CVD=1587995 vs Ref=2020888 | Close=169.10 vs VAH=169.80
2026-02-09 11:10:38,593 [INFO]     NSE:BSE-EQ | CVD=939571 vs Ref=1074078 | Close=2985.00 vs VAH=2992.50
2026-02-09 11:10:38,732 [INFO]     NSE:GODREJPROP-EQ | CVD=468929 vs Ref=775559 | Close=1792.80 vs VAH=1809.60
2026-02-09 11:10:38,896 [INFO]     NSE:YESBANK-EQ | CVD=7199260 vs Ref=8416317 | Close=21.60 vs VAH=21.55
2026-02-09 11:10:39,042 [INFO]     NSE:INDIANB-EQ | CVD=99024 vs Ref=136406 | Close=901.55 vs VAH=902.70
2026-02-09 11:11:39,043 [INFO] 🔍 Scanning for alerts on 7 symbols (5min)...
2026-02-09 11:11:39,187 [INFO]     NSE:RBLBANK-EQ | CVD=312879 vs Ref=327314 | Close=307.05 vs VAH=307.60
2026-02-09 11:11:39,346 [INFO]     NSE:LTF-EQ | CVD=472350 vs Ref=484091 | Close=295.00 vs VAH=294.70
2026-02-09 11:11:39,497 [INFO]     NSE:BANKINDIA-EQ | CVD=1457773 vs Ref=2020888 | Close=168.72 vs VAH=169.80
2026-02-09 11:11:39,636 [INFO]     NSE:BSE-EQ | CVD=935910 vs Ref=1074078 | Close=2983.20 vs VAH=2992.50
2026-02-09 11:11:39,783 [INFO]     NSE:GODREJPROP-EQ | CVD=464459 vs Ref=775559 | Close=1790.00 vs VAH=1809.60
2026-02-09 11:11:39,932 [INFO]     NSE:YESBANK-EQ | CVD=7260005 vs Ref=8416317 | Close=21.60 vs VAH=21.55
2026-02-09 11:11:40,093 [INFO]     NSE:INDIANB-EQ | CVD=105958 vs Ref=136406 | Close=902.00 vs VAH=902.70
2026-02-09 11:12:40,094 [INFO] 🔍 Scanning for alerts on 7 symbols (5min)...
2026-02-09 11:12:40,253 [INFO]     NSE:RBLBANK-EQ | CVD=312879 vs Ref=327314 | Close=307.05 vs VAH=307.60
2026-02-09 11:12:40,397 [INFO]     NSE:LTF-EQ | CVD=472350 vs Ref=484091 | Close=295.00 vs VAH=294.70
2026-02-09 11:12:40,544 [INFO]     NSE:BANKINDIA-EQ | CVD=1457773 vs Ref=2020888 | Close=168.72 vs VAH=169.80
2026-02-09 11:12:40,736 [INFO]     NSE:BSE-EQ | CVD=935910 vs Ref=1074078 | Close=2983.20 vs VAH=2992.50
2026-02-09 11:12:40,906 [INFO]     NSE:GODREJPROP-EQ | CVD=464459 vs Ref=775559 | Close=1790.00 vs VAH=1809.60
2026-02-09 11:12:41,036 [INFO]     NSE:YESBANK-EQ | CVD=7260005 vs Ref=8416317 | Close=21.60 vs VAH=21.55
2026-02-09 11:12:41,172 [INFO]     NSE:INDIANB-EQ | CVD=105958 vs Ref=136406 | Close=902.00 vs VAH=902.70
2026-02-09 11:13:41,174 [INFO] 🔍 Scanning for alerts on 7 symbols (5min)...
2026-02-09 11:13:41,330 [INFO]     NSE:RBLBANK-EQ | CVD=312879 vs Ref=327314 | Close=307.05 vs VAH=307.60
2026-02-09 11:13:41,483 [INFO]     NSE:LTF-EQ | CVD=472350 vs Ref=484091 | Close=295.00 vs VAH=294.70
2026-02-09 11:13:41,613 [INFO]     NSE:BANKINDIA-EQ | CVD=1457773 vs Ref=2020888 | Close=168.72 vs VAH=169.80
2026-02-09 11:13:41,756 [INFO]     NSE:BSE-EQ | CVD=935910 vs Ref=1074078 | Close=2983.20 vs VAH=2992.50
2026-02-09 11:13:41,912 [INFO]     NSE:GODREJPROP-EQ | CVD=464459 vs Ref=775559 | Close=1790.00 vs VAH=1809.60
2026-02-09 11:13:42,041 [INFO]     NSE:YESBANK-EQ | CVD=7260005 vs Ref=8416317 | Close=21.60 vs VAH=21.55
2026-02-09 11:13:42,189 [INFO]     NSE:INDIANB-EQ | CVD=105958 vs Ref=136406 | Close=902.00 vs VAH=902.70
2026-02-09 11:14:42,191 [INFO] 🔍 Scanning for alerts on 7 symbols (5min)...
2026-02-09 11:14:42,336 [INFO]     NSE:RBLBANK-EQ | CVD=312879 vs Ref=327314 | Close=307.05 vs VAH=307.60
2026-02-09 11:14:42,486 [INFO]     NSE:LTF-EQ | CVD=472350 vs Ref=484091 | Close=295.00 vs VAH=294.70
2026-02-09 11:14:42,643 [INFO]     NSE:BANKINDIA-EQ | CVD=1457773 vs Ref=2020888 | Close=168.72 vs VAH=169.80
2026-02-09 11:14:42,805 [INFO]     NSE:BSE-EQ | CVD=935910 vs Ref=1074078 | Close=2983.20 vs VAH=2992.50
2026-02-09 11:14:42,941 [INFO]     NSE:GODREJPROP-EQ | CVD=464459 vs Ref=775559 | Close=1790.00 vs VAH=1809.60
2026-02-09 11:14:43,076 [INFO]     NSE:YESBANK-EQ | CVD=7260005 vs Ref=8416317 | Close=21.60 vs VAH=21.55
2026-02-09 11:14:43,220 [INFO]     NSE:INDIANB-EQ | CVD=105958 vs Ref=136406 | Close=902.00 vs VAH=902.70
2026-02-09 11:15:43,221 [INFO] 🔍 Scanning for alerts on 7 symbols (5min)...
2026-02-09 11:15:43,360 [INFO]     NSE:RBLBANK-EQ | CVD=312879 vs Ref=327314 | Close=307.05 vs VAH=307.60
2026-02-09 11:15:43,498 [INFO]     NSE:LTF-EQ | CVD=472350 vs Ref=484091 | Close=295.00 vs VAH=294.70
2026-02-09 11:15:43,650 [INFO]     NSE:BANKINDIA-EQ | CVD=1457773 vs Ref=2020888 | Close=168.72 vs VAH=169.80
2026-02-09 11:15:43,802 [INFO]     NSE:BSE-EQ | CVD=935910 vs Ref=1074078 | Close=2983.20 vs VAH=2992.50
2026-02-09 11:15:43,941 [INFO]     NSE:GODREJPROP-EQ | CVD=464459 vs Ref=775559 | Close=1790.00 vs VAH=1809.60
2026-02-09 11:15:44,091 [INFO]     NSE:YESBANK-EQ | CVD=7260005 vs Ref=8416317 | Close=21.60 vs VAH=21.55
2026-02-09 11:15:44,230 [INFO]     NSE:INDIANB-EQ | CVD=105958 vs Ref=136406 | Close=902.00 vs VAH=902.70
2026-02-09 11:16:44,231 [INFO] 🔍 Scanning for alerts on 7 symbols (5min)...
2026-02-09 11:16:44,383 [INFO]     NSE:RBLBANK-EQ | CVD=321037 vs Ref=327314 | Close=307.15 vs VAH=307.60
2026-02-09 11:16:44,574 [INFO] 📡 Sending order request for NSE:LTF-EQ to http://localhost:4000/postOrder...
2026-02-09 11:16:44,604 [INFO] 📩 Server Response: 200 - {"message":"Order execution triggered","status":"success","receivedData":{"ticker":"NSE:LTF-EQ","action":"BUY","close":296.35}}
2026-02-09 11:16:44,604 [INFO]     NSE:LTF-EQ | CVD=560961 vs Ref=484091 | Close=296.35 vs VAH=294.70
2026-02-09 11:16:44,747 [INFO]     NSE:BANKINDIA-EQ | CVD=1385898 vs Ref=2020888 | Close=168.69 vs VAH=169.80
2026-02-09 11:16:44,912 [INFO]     NSE:BSE-EQ | CVD=930803 vs Ref=1074078 | Close=2982.70 vs VAH=2992.50
2026-02-09 11:16:45,086 [INFO]     NSE:GODREJPROP-EQ | CVD=462971 vs Ref=775559 | Close=1793.80 vs VAH=1809.60
2026-02-09 11:16:45,217 [INFO]     NSE:YESBANK-EQ | CVD=7236149 vs Ref=8416317 | Close=21.60 vs VAH=21.55
2026-02-09 11:16:45,368 [INFO]     NSE:INDIANB-EQ | CVD=104637 vs Ref=136406 | Close=901.05 vs VAH=902.70
2026-02-09 11:17:45,369 [INFO] 🔍 Scanning for alerts on 6 symbols (5min)...
2026-02-09 11:17:45,522 [INFO]     NSE:RBLBANK-EQ | CVD=321037 vs Ref=327314 | Close=307.15 vs VAH=307.60
2026-02-09 11:17:45,674 [INFO]     NSE:BANKINDIA-EQ | CVD=1385898 vs Ref=2020888 | Close=168.69 vs VAH=169.80
2026-02-09 11:17:45,816 [INFO]     NSE:BSE-EQ | CVD=930803 vs Ref=1074078 | Close=2982.70 vs VAH=2992.50
2026-02-09 11:17:45,948 [INFO]     NSE:GODREJPROP-EQ | CVD=462971 vs Ref=775559 | Close=1793.80 vs VAH=1809.60
2026-02-09 11:17:46,097 [INFO]     NSE:YESBANK-EQ | CVD=7236149 vs Ref=8416317 | Close=21.60 vs VAH=21.55
2026-02-09 11:17:46,248 [INFO]     NSE:INDIANB-EQ | CVD=104637 vs Ref=136406 | Close=901.05 vs VAH=902.70
2026-02-09 11:18:46,249 [INFO] 🔍 Scanning for alerts on 6 symbols (5min)...
2026-02-09 11:18:46,403 [INFO]     NSE:RBLBANK-EQ | CVD=321037 vs Ref=327314 | Close=307.15 vs VAH=307.60
2026-02-09 11:18:46,540 [INFO]     NSE:BANKINDIA-EQ | CVD=1385898 vs Ref=2020888 | Close=168.69 vs VAH=169.80
2026-02-09 11:18:46,676 [INFO]     NSE:BSE-EQ | CVD=930803 vs Ref=1074078 | Close=2982.70 vs VAH=2992.50
2026-02-09 11:18:46,815 [INFO]     NSE:GODREJPROP-EQ | CVD=462971 vs Ref=775559 | Close=1793.80 vs VAH=1809.60
2026-02-09 11:18:46,946 [INFO]     NSE:YESBANK-EQ | CVD=7236149 vs Ref=8416317 | Close=21.60 vs VAH=21.55
2026-02-09 11:18:48,403 [INFO]     NSE:INDIANB-EQ | CVD=104637 vs Ref=136406 | Close=901.05 vs VAH=902.70
2026-02-09 11:19:48,405 [INFO] 🔍 Scanning for alerts on 6 symbols (5min)...
2026-02-09 11:19:48,560 [INFO]     NSE:RBLBANK-EQ | CVD=321037 vs Ref=327314 | Close=307.15 vs VAH=307.60
2026-02-09 11:19:49,721 [INFO]     NSE:BANKINDIA-EQ | CVD=1385898 vs Ref=2020888 | Close=168.69 vs VAH=169.80
2026-02-09 11:19:50,293 [INFO]     NSE:BSE-EQ | CVD=930803 vs Ref=1074078 | Close=2982.70 vs VAH=2992.50
2026-02-09 11:19:50,580 [INFO]     NSE:GODREJPROP-EQ | CVD=462971 vs Ref=775559 | Close=1793.80 vs VAH=1809.60
2026-02-09 11:19:50,855 [INFO]     NSE:YESBANK-EQ | CVD=7236149 vs Ref=8416317 | Close=21.60 vs VAH=21.55
2026-02-09 11:19:51,135 [INFO]     NSE:INDIANB-EQ | CVD=104637 vs Ref=136406 | Close=901.05 vs VAH=902.70
2026-02-09 11:20:51,136 [INFO] 🔍 Scanning for alerts on 6 symbols (5min)...
2026-02-09 11:20:51,286 [INFO]     NSE:RBLBANK-EQ | CVD=321037 vs Ref=327314 | Close=307.15 vs VAH=307.60
2026-02-09 11:20:51,431 [INFO]     NSE:BANKINDIA-EQ | CVD=1385898 vs Ref=2020888 | Close=168.69 vs VAH=169.80
2026-02-09 11:20:51,572 [INFO]     NSE:BSE-EQ | CVD=930803 vs Ref=1074078 | Close=2982.70 vs VAH=2992.50
2026-02-09 11:20:51,719 [INFO]     NSE:GODREJPROP-EQ | CVD=462971 vs Ref=775559 | Close=1793.80 vs VAH=1809.60
2026-02-09 11:20:51,876 [INFO]     NSE:YESBANK-EQ | CVD=7236149 vs Ref=8416317 | Close=21.60 vs VAH=21.55
2026-02-09 11:20:52,010 [INFO]     NSE:INDIANB-EQ | CVD=104637 vs Ref=136406 | Close=901.05 vs VAH=902.70
2026-02-09 11:21:52,011 [INFO] 🔍 Scanning for alerts on 6 symbols (5min)...
2026-02-09 11:21:52,160 [INFO]     NSE:RBLBANK-EQ | CVD=319265 vs Ref=327314 | Close=307.20 vs VAH=307.60
2026-02-09 11:21:52,298 [INFO]     NSE:BANKINDIA-EQ | CVD=1396165 vs Ref=2020888 | Close=168.78 vs VAH=169.80
2026-02-09 11:21:54,209 [INFO]     NSE:BSE-EQ | CVD=924106 vs Ref=1074078 | Close=2983.80 vs VAH=2992.50
2026-02-09 11:21:54,347 [INFO]     NSE:GODREJPROP-EQ | CVD=463428 vs Ref=775559 | Close=1796.50 vs VAH=1809.60
2026-02-09 11:21:54,497 [INFO]     NSE:YESBANK-EQ | CVD=7443552 vs Ref=8416317 | Close=21.60 vs VAH=21.55
2026-02-09 11:21:54,638 [INFO]     NSE:INDIANB-EQ | CVD=109978 vs Ref=136406 | Close=902.45 vs VAH=902.70
2026-02-09 11:22:54,640 [INFO] 🔍 Scanning for alerts on 6 symbols (5min)...
2026-02-09 11:22:54,776 [INFO]     NSE:RBLBANK-EQ | CVD=319265 vs Ref=327314 | Close=307.20 vs VAH=307.60
2026-02-09 11:22:54,904 [INFO]     NSE:BANKINDIA-EQ | CVD=1396165 vs Ref=2020888 | Close=168.78 vs VAH=169.80
2026-02-09 11:22:55,051 [INFO]     NSE:BSE-EQ | CVD=924106 vs Ref=1074078 | Close=2983.80 vs VAH=2992.50
2026-02-09 11:22:55,192 [INFO]     NSE:GODREJPROP-EQ | CVD=463428 vs Ref=775559 | Close=1796.50 vs VAH=1809.60
2026-02-09 11:22:55,340 [INFO]     NSE:YESBANK-EQ | CVD=7443552 vs Ref=8416317 | Close=21.60 vs VAH=21.55
2026-02-09 11:22:56,903 [INFO]     NSE:INDIANB-EQ | CVD=109978 vs Ref=136406 | Close=902.45 vs VAH=902.70
2026-02-09 11:23:57,213 [INFO] 🔍 Scanning for alerts on 6 symbols (5min)...
2026-02-09 11:23:57,372 [INFO]     NSE:RBLBANK-EQ | CVD=319265 vs Ref=327314 | Close=307.20 vs VAH=307.60
2026-02-09 11:23:57,515 [INFO]     NSE:BANKINDIA-EQ | CVD=1396165 vs Ref=2020888 | Close=168.78 vs VAH=169.80
2026-02-09 11:23:57,643 [INFO]     NSE:BSE-EQ | CVD=924106 vs Ref=1074078 | Close=2983.80 vs VAH=2992.50
2026-02-09 11:23:57,798 [INFO]     NSE:GODREJPROP-EQ | CVD=463428 vs Ref=775559 | Close=1796.50 vs VAH=1809.60
2026-02-09 11:23:57,935 [INFO]     NSE:YESBANK-EQ | CVD=7443552 vs Ref=8416317 | Close=21.60 vs VAH=21.55
2026-02-09 11:23:58,089 [INFO]     NSE:INDIANB-EQ | CVD=109978 vs Ref=136406 | Close=902.45 vs VAH=902.70
2026-02-09 11:24:58,090 [INFO] 🔍 Scanning for alerts on 6 symbols (5min)...
2026-02-09 11:24:58,231 [INFO]     NSE:RBLBANK-EQ | CVD=319265 vs Ref=327314 | Close=307.20 vs VAH=307.60
2026-02-09 11:24:58,372 [INFO]     NSE:BANKINDIA-EQ | CVD=1396165 vs Ref=2020888 | Close=168.78 vs VAH=169.80
2026-02-09 11:24:58,525 [INFO]     NSE:BSE-EQ | CVD=924106 vs Ref=1074078 | Close=2983.80 vs VAH=2992.50
2026-02-09 11:24:58,668 [INFO]     NSE:GODREJPROP-EQ | CVD=463428 vs Ref=775559 | Close=1796.50 vs VAH=1809.60
2026-02-09 11:24:58,828 [INFO]     NSE:YESBANK-EQ | CVD=7443552 vs Ref=8416317 | Close=21.60 vs VAH=21.55
2026-02-09 11:24:58,981 [INFO]     NSE:INDIANB-EQ | CVD=109978 vs Ref=136406 | Close=902.45 vs VAH=902.70
2026-02-09 11:26:00,752 [INFO] 🔍 Scanning for alerts on 6 symbols (5min)...
2026-02-09 11:26:02,439 [INFO]     NSE:RBLBANK-EQ | CVD=319265 vs Ref=327314 | Close=307.20 vs VAH=307.60
2026-02-09 11:26:02,603 [INFO]     NSE:BANKINDIA-EQ | CVD=1396165 vs Ref=2020888 | Close=168.78 vs VAH=169.80
2026-02-09 11:26:02,751 [INFO]     NSE:BSE-EQ | CVD=866989 vs Ref=1074078 | Close=2977.90 vs VAH=2992.50
2026-02-09 11:26:02,921 [INFO]     NSE:GODREJPROP-EQ | CVD=463428 vs Ref=775559 | Close=1796.50 vs VAH=1809.60
2026-02-09 11:26:03,143 [INFO]     NSE:YESBANK-EQ | CVD=7443552 vs Ref=8416317 | Close=21.60 vs VAH=21.55
2026-02-09 11:26:03,330 [INFO]     NSE:INDIANB-EQ | CVD=109978 vs Ref=136406 | Close=902.45 vs VAH=902.70
2026-02-09 11:27:03,332 [INFO] 🔍 Scanning for alerts on 6 symbols (5min)...
2026-02-09 11:27:03,631 [INFO]     NSE:RBLBANK-EQ | CVD=331228 vs Ref=327314 | Close=307.30 vs VAH=307.60
2026-02-09 11:27:03,936 [INFO]     NSE:BANKINDIA-EQ | CVD=1378954 vs Ref=2020888 | Close=168.78 vs VAH=169.80
2026-02-09 11:27:05,207 [INFO]     NSE:BSE-EQ | CVD=866989 vs Ref=1074078 | Close=2977.90 vs VAH=2992.50
2026-02-09 11:27:06,644 [INFO]     NSE:GODREJPROP-EQ | CVD=458931 vs Ref=775559 | Close=1790.90 vs VAH=1809.60
2026-02-09 11:27:07,155 [INFO]     NSE:YESBANK-EQ | CVD=8002985 vs Ref=8416317 | Close=21.59 vs VAH=21.55
2026-02-09 11:27:07,419 [INFO]     NSE:INDIANB-EQ | CVD=112362 vs Ref=136406 | Close=903.00 vs VAH=902.70
2026-02-09 11:28:07,420 [INFO] 🔍 Scanning for alerts on 6 symbols (5min)...
2026-02-09 11:28:07,576 [INFO]     NSE:RBLBANK-EQ | CVD=331228 vs Ref=327314 | Close=307.30 vs VAH=307.60
2026-02-09 11:28:07,725 [INFO]     NSE:BANKINDIA-EQ | CVD=1378954 vs Ref=2020888 | Close=168.78 vs VAH=169.80
2026-02-09 11:28:07,852 [INFO]     NSE:BSE-EQ | CVD=866989 vs Ref=1074078 | Close=2977.90 vs VAH=2992.50
2026-02-09 11:28:07,988 [INFO]     NSE:GODREJPROP-EQ | CVD=458931 vs Ref=775559 | Close=1790.90 vs VAH=1809.60
2026-02-09 11:28:08,143 [INFO]     NSE:YESBANK-EQ | CVD=8002985 vs Ref=8416317 | Close=21.59 vs VAH=21.55
2026-02-09 11:28:08,278 [INFO]     NSE:INDIANB-EQ | CVD=112362 vs Ref=136406 | Close=903.00 vs VAH=902.70
2026-02-09 11:29:08,279 [INFO] 🔍 Scanning for alerts on 6 symbols (5min)...
2026-02-09 11:29:08,431 [INFO]     NSE:RBLBANK-EQ | CVD=331228 vs Ref=327314 | Close=307.30 vs VAH=307.60
2026-02-09 11:29:08,589 [INFO]     NSE:BANKINDIA-EQ | CVD=1378954 vs Ref=2020888 | Close=168.78 vs VAH=169.80
2026-02-09 11:29:08,821 [INFO]     NSE:BSE-EQ | CVD=866989 vs Ref=1074078 | Close=2977.90 vs VAH=2992.50
2026-02-09 11:29:09,030 [INFO]     NSE:GODREJPROP-EQ | CVD=458931 vs Ref=775559 | Close=1790.90 vs VAH=1809.60
2026-02-09 11:29:09,206 [INFO]     NSE:YESBANK-EQ | CVD=8002985 vs Ref=8416317 | Close=21.59 vs VAH=21.55
2026-02-09 11:29:09,365 [INFO]     NSE:INDIANB-EQ | CVD=112362 vs Ref=136406 | Close=903.00 vs VAH=902.70
2026-02-09 11:30:09,366 [INFO] 🔍 Scanning for alerts on 6 symbols (5min)...
2026-02-09 11:30:09,836 [INFO]     NSE:RBLBANK-EQ | CVD=331228 vs Ref=327314 | Close=307.30 vs VAH=307.60
2026-02-09 11:30:10,261 [INFO]     NSE:BANKINDIA-EQ | CVD=1378954 vs Ref=2020888 | Close=168.78 vs VAH=169.80
2026-02-09 11:30:10,692 [INFO]     NSE:BSE-EQ | CVD=866989 vs Ref=1074078 | Close=2977.90 vs VAH=2992.50
2026-02-09 11:30:10,976 [INFO]     NSE:GODREJPROP-EQ | CVD=458931 vs Ref=775559 | Close=1790.90 vs VAH=1809.60
2026-02-09 11:30:11,252 [INFO]     NSE:YESBANK-EQ | CVD=8002985 vs Ref=8416317 | Close=21.59 vs VAH=21.55
2026-02-09 11:30:11,502 [INFO]     NSE:INDIANB-EQ | CVD=112362 vs Ref=136406 | Close=903.00 vs VAH=902.70
2026-02-09 11:31:11,504 [INFO] 🔍 Scanning for alerts on 6 symbols (5min)...
2026-02-09 11:31:11,671 [INFO]     NSE:RBLBANK-EQ | CVD=324363 vs Ref=327314 | Close=307.05 vs VAH=307.60
2026-02-09 11:31:11,979 [INFO]     NSE:BANKINDIA-EQ | CVD=1365305 vs Ref=2020888 | Close=168.63 vs VAH=169.80
2026-02-09 11:31:12,213 [INFO]     NSE:BSE-EQ | CVD=856345 vs Ref=1074078 | Close=2972.20 vs VAH=2992.50
2026-02-09 11:31:12,542 [INFO]     NSE:GODREJPROP-EQ | CVD=462834 vs Ref=775559 | Close=1794.80 vs VAH=1809.60
2026-02-09 11:31:12,810 [INFO]     NSE:YESBANK-EQ | CVD=7871633 vs Ref=8416317 | Close=21.60 vs VAH=21.55
2026-02-09 11:31:13,052 [INFO]     NSE:INDIANB-EQ | CVD=120608 vs Ref=136406 | Close=904.20 vs VAH=902.70
2026-02-09 11:32:13,053 [INFO] 🔍 Scanning for alerts on 6 symbols (5min)...
2026-02-09 11:32:13,212 [INFO]     NSE:RBLBANK-EQ | CVD=324363 vs Ref=327314 | Close=307.05 vs VAH=307.60
2026-02-09 11:32:13,390 [INFO]     NSE:BANKINDIA-EQ | CVD=1365305 vs Ref=2020888 | Close=168.63 vs VAH=169.80
2026-02-09 11:32:13,541 [INFO]     NSE:BSE-EQ | CVD=856345 vs Ref=1074078 | Close=2972.20 vs VAH=2992.50
2026-02-09 11:32:13,694 [INFO]     NSE:GODREJPROP-EQ | CVD=462834 vs Ref=775559 | Close=1794.80 vs VAH=1809.60
2026-02-09 11:32:13,864 [INFO]     NSE:YESBANK-EQ | CVD=7871633 vs Ref=8416317 | Close=21.60 vs VAH=21.55
2026-02-09 11:32:14,016 [INFO]     NSE:INDIANB-EQ | CVD=120608 vs Ref=136406 | Close=904.20 vs VAH=902.70
2026-02-09 11:33:14,017 [INFO] 🔍 Scanning for alerts on 6 symbols (5min)...
2026-02-09 11:33:14,182 [INFO]     NSE:RBLBANK-EQ | CVD=324363 vs Ref=327314 | Close=307.05 vs VAH=307.60
2026-02-09 11:33:14,342 [INFO]     NSE:BANKINDIA-EQ | CVD=1365305 vs Ref=2020888 | Close=168.63 vs VAH=169.80
2026-02-09 11:33:14,514 [INFO]     NSE:BSE-EQ | CVD=856345 vs Ref=1074078 | Close=2972.20 vs VAH=2992.50
2026-02-09 11:33:14,681 [INFO]     NSE:GODREJPROP-EQ | CVD=462834 vs Ref=775559 | Close=1794.80 vs VAH=1809.60
2026-02-09 11:33:14,859 [INFO]     NSE:YESBANK-EQ | CVD=7871633 vs Ref=8416317 | Close=21.60 vs VAH=21.55
2026-02-09 11:33:15,016 [INFO]     NSE:INDIANB-EQ | CVD=120608 vs Ref=136406 | Close=904.20 vs VAH=902.70
2026-02-09 11:34:15,017 [INFO] 🔍 Scanning for alerts on 6 symbols (5min)...
2026-02-09 11:34:15,166 [INFO]     NSE:RBLBANK-EQ | CVD=324363 vs Ref=327314 | Close=307.05 vs VAH=307.60
2026-02-09 11:34:15,322 [INFO]     NSE:BANKINDIA-EQ | CVD=1365305 vs Ref=2020888 | Close=168.63 vs VAH=169.80
2026-02-09 11:34:15,471 [INFO]     NSE:BSE-EQ | CVD=856345 vs Ref=1074078 | Close=2972.20 vs VAH=2992.50
2026-02-09 11:34:15,753 [INFO]     NSE:GODREJPROP-EQ | CVD=462834 vs Ref=775559 | Close=1794.80 vs VAH=1809.60
2026-02-09 11:34:15,912 [INFO]     NSE:YESBANK-EQ | CVD=7871633 vs Ref=8416317 | Close=21.60 vs VAH=21.55
2026-02-09 11:34:16,086 [INFO]     NSE:INDIANB-EQ | CVD=120608 vs Ref=136406 | Close=904.20 vs VAH=902.70
2026-02-09 11:35:16,088 [INFO] 🔍 Scanning for alerts on 6 symbols (5min)...
2026-02-09 11:35:16,247 [INFO]     NSE:RBLBANK-EQ | CVD=324363 vs Ref=327314 | Close=307.05 vs VAH=307.60
2026-02-09 11:35:16,425 [INFO]     NSE:BANKINDIA-EQ | CVD=1365305 vs Ref=2020888 | Close=168.63 vs VAH=169.80
2026-02-09 11:35:16,617 [INFO]     NSE:BSE-EQ | CVD=856345 vs Ref=1074078 | Close=2972.20 vs VAH=2992.50
2026-02-09 11:35:16,796 [INFO]     NSE:GODREJPROP-EQ | CVD=462834 vs Ref=775559 | Close=1794.80 vs VAH=1809.60
2026-02-09 11:35:16,976 [INFO]     NSE:YESBANK-EQ | CVD=7871633 vs Ref=8416317 | Close=21.60 vs VAH=21.55
2026-02-09 11:35:17,147 [INFO]     NSE:INDIANB-EQ | CVD=120608 vs Ref=136406 | Close=904.20 vs VAH=902.70
2026-02-09 11:36:17,148 [INFO] 🔍 Scanning for alerts on 6 symbols (5min)...
2026-02-09 11:36:17,324 [INFO]     NSE:RBLBANK-EQ | CVD=326350 vs Ref=327314 | Close=307.30 vs VAH=307.60
2026-02-09 11:36:17,482 [INFO]     NSE:BANKINDIA-EQ | CVD=1291216 vs Ref=2020888 | Close=168.60 vs VAH=169.80
2026-02-09 11:36:17,646 [INFO]     NSE:BSE-EQ | CVD=823333 vs Ref=1074078 | Close=2970.80 vs VAH=2992.50
2026-02-09 11:36:17,812 [INFO]     NSE:GODREJPROP-EQ | CVD=467081 vs Ref=775559 | Close=1795.00 vs VAH=1809.60
2026-02-09 11:36:18,004 [INFO]     NSE:YESBANK-EQ | CVD=7408887 vs Ref=8416317 | Close=21.58 vs VAH=21.55
2026-02-09 11:36:18,180 [INFO]     NSE:INDIANB-EQ | CVD=112020 vs Ref=136406 | Close=902.10 vs VAH=902.70
2026-02-09 11:37:18,182 [INFO] 🔍 Scanning for alerts on 6 symbols (5min)...
2026-02-09 11:37:19,928 [INFO]     NSE:RBLBANK-EQ | CVD=326350 vs Ref=327314 | Close=307.30 vs VAH=307.60
2026-02-09 11:37:21,363 [INFO]     NSE:BANKINDIA-EQ | CVD=1291216 vs Ref=2020888 | Close=168.60 vs VAH=169.80
2026-02-09 11:37:22,791 [INFO]     NSE:BSE-EQ | CVD=823333 vs Ref=1074078 | Close=2970.80 vs VAH=2992.50
2026-02-09 11:37:24,251 [INFO]     NSE:GODREJPROP-EQ | CVD=467081 vs Ref=775559 | Close=1795.00 vs VAH=1809.60
2026-02-09 11:37:25,656 [INFO]     NSE:YESBANK-EQ | CVD=7408887 vs Ref=8416317 | Close=21.58 vs VAH=21.55
2026-02-09 11:37:27,412 [INFO]     NSE:INDIANB-EQ | CVD=112020 vs Ref=136406 | Close=902.10 vs VAH=902.70
2026-02-09 11:38:27,430 [INFO] 🔍 Scanning for alerts on 6 symbols (5min)...
2026-02-09 11:38:29,159 [INFO]     NSE:RBLBANK-EQ | CVD=326350 vs Ref=327314 | Close=307.30 vs VAH=307.60
2026-02-09 11:38:30,808 [INFO]     NSE:BANKINDIA-EQ | CVD=1291216 vs Ref=2020888 | Close=168.60 vs VAH=169.80
2026-02-09 11:38:32,210 [INFO]     NSE:BSE-EQ | CVD=823333 vs Ref=1074078 | Close=2970.80 vs VAH=2992.50
2026-02-09 11:38:33,646 [INFO]     NSE:GODREJPROP-EQ | CVD=467081 vs Ref=775559 | Close=1795.00 vs VAH=1809.60
2026-02-09 11:38:35,271 [INFO]     NSE:YESBANK-EQ | CVD=7408887 vs Ref=8416317 | Close=21.58 vs VAH=21.55
2026-02-09 11:38:37,351 [INFO]     NSE:INDIANB-EQ | CVD=112020 vs Ref=136406 | Close=902.10 vs VAH=902.70
2026-02-09 11:39:37,356 [INFO] 🔍 Scanning for alerts on 6 symbols (5min)...
2026-02-09 11:39:39,371 [INFO]     NSE:RBLBANK-EQ | CVD=326350 vs Ref=327314 | Close=307.30 vs VAH=307.60
2026-02-09 11:39:41,201 [INFO]     NSE:BANKINDIA-EQ | CVD=1291216 vs Ref=2020888 | Close=168.60 vs VAH=169.80
2026-02-09 11:39:42,856 [INFO]     NSE:BSE-EQ | CVD=823333 vs Ref=1074078 | Close=2970.80 vs VAH=2992.50
2026-02-09 11:39:45,446 [INFO]     NSE:GODREJPROP-EQ | CVD=467081 vs Ref=775559 | Close=1795.00 vs VAH=1809.60
2026-02-09 11:39:47,591 [INFO]     NSE:YESBANK-EQ | CVD=7408887 vs Ref=8416317 | Close=21.58 vs VAH=21.55
2026-02-09 11:39:49,303 [INFO]     NSE:INDIANB-EQ | CVD=112020 vs Ref=136406 | Close=902.10 vs VAH=902.70
2026-02-09 11:40:49,307 [INFO] 🔍 Scanning for alerts on 6 symbols (5min)...
2026-02-09 11:40:49,601 [INFO]     NSE:RBLBANK-EQ | CVD=326350 vs Ref=327314 | Close=307.30 vs VAH=307.60
2026-02-09 11:40:49,828 [INFO]     NSE:BANKINDIA-EQ | CVD=1291216 vs Ref=2020888 | Close=168.60 vs VAH=169.80
2026-02-09 11:40:50,048 [INFO]     NSE:BSE-EQ | CVD=823333 vs Ref=1074078 | Close=2970.80 vs VAH=2992.50
2026-02-09 11:40:50,320 [INFO]     NSE:GODREJPROP-EQ | CVD=467081 vs Ref=775559 | Close=1795.00 vs VAH=1809.60
2026-02-09 11:40:53,602 [INFO]     NSE:YESBANK-EQ | CVD=7408887 vs Ref=8416317 | Close=21.58 vs VAH=21.55
2026-02-09 11:40:55,384 [INFO]     NSE:INDIANB-EQ | CVD=112020 vs Ref=136406 | Close=902.10 vs VAH=902.70
2026-02-09 11:41:55,392 [INFO] 🔍 Scanning for alerts on 6 symbols (5min)...
2026-02-09 11:41:55,559 [INFO]     NSE:RBLBANK-EQ | CVD=294384 vs Ref=327314 | Close=307.15 vs VAH=307.60
2026-02-09 11:41:55,745 [INFO]     NSE:BANKINDIA-EQ | CVD=1356357 vs Ref=2020888 | Close=169.08 vs VAH=169.80
2026-02-09 11:41:55,906 [INFO]     NSE:BSE-EQ | CVD=831137 vs Ref=1074078 | Close=2965.60 vs VAH=2992.50
2026-02-09 11:41:56,055 [INFO]     NSE:GODREJPROP-EQ | CVD=472299 vs Ref=775559 | Close=1794.20 vs VAH=1809.60
2026-02-09 11:41:57,943 [INFO]     NSE:YESBANK-EQ | CVD=7838142 vs Ref=8416317 | Close=21.60 vs VAH=21.55
2026-02-09 11:41:58,094 [INFO]     NSE:INDIANB-EQ | CVD=100659 vs Ref=136406 | Close=903.00 vs VAH=902.70
2026-02-09 11:42:58,096 [INFO] 🔍 Scanning for alerts on 6 symbols (5min)...
2026-02-09 11:42:59,913 [INFO]     NSE:RBLBANK-EQ | CVD=294384 vs Ref=327314 | Close=307.15 vs VAH=307.60
2026-02-09 11:43:03,471 [INFO]     NSE:BANKINDIA-EQ | CVD=1356357 vs Ref=2020888 | Close=169.08 vs VAH=169.80
2026-02-09 11:43:05,638 [INFO]     NSE:BSE-EQ | CVD=831137 vs Ref=1074078 | Close=2965.60 vs VAH=2992.50
2026-02-09 11:43:07,372 [INFO]     NSE:GODREJPROP-EQ | CVD=472299 vs Ref=775559 | Close=1794.20 vs VAH=1809.60
2026-02-09 11:43:09,447 [INFO]     NSE:YESBANK-EQ | CVD=7838142 vs Ref=8416317 | Close=21.60 vs VAH=21.55
2026-02-09 11:43:11,278 [INFO]     NSE:INDIANB-EQ | CVD=100659 vs Ref=136406 | Close=903.00 vs VAH=902.70
2026-02-09 11:44:11,293 [INFO] 🔍 Scanning for alerts on 6 symbols (5min)...
2026-02-09 11:44:12,910 [INFO]     NSE:RBLBANK-EQ | CVD=294384 vs Ref=327314 | Close=307.15 vs VAH=307.60
2026-02-09 11:44:14,227 [INFO]     NSE:BANKINDIA-EQ | CVD=1356357 vs Ref=2020888 | Close=169.08 vs VAH=169.80
2026-02-09 11:44:14,985 [INFO]     NSE:BSE-EQ | CVD=831137 vs Ref=1074078 | Close=2965.60 vs VAH=2992.50
2026-02-09 11:44:15,209 [INFO]     NSE:GODREJPROP-EQ | CVD=472299 vs Ref=775559 | Close=1794.20 vs VAH=1809.60
2026-02-09 11:44:15,401 [INFO]     NSE:YESBANK-EQ | CVD=7838142 vs Ref=8416317 | Close=21.60 vs VAH=21.55
2026-02-09 11:44:15,572 [INFO]     NSE:INDIANB-EQ | CVD=100659 vs Ref=136406 | Close=903.00 vs VAH=902.70
2026-02-09 11:45:15,574 [INFO] 🔍 Scanning for alerts on 6 symbols (5min)...
2026-02-09 11:45:17,108 [INFO]     NSE:RBLBANK-EQ | CVD=294384 vs Ref=327314 | Close=307.15 vs VAH=307.60
2026-02-09 11:45:18,825 [INFO]     NSE:BANKINDIA-EQ | CVD=1356357 vs Ref=2020888 | Close=169.08 vs VAH=169.80
2026-02-09 11:45:20,145 [INFO]     NSE:BSE-EQ | CVD=831137 vs Ref=1074078 | Close=2965.60 vs VAH=2992.50
2026-02-09 11:45:21,401 [INFO]     NSE:GODREJPROP-EQ | CVD=472299 vs Ref=775559 | Close=1794.20 vs VAH=1809.60
2026-02-09 11:45:21,658 [INFO]     NSE:YESBANK-EQ | CVD=7838142 vs Ref=8416317 | Close=21.60 vs VAH=21.55
2026-02-09 11:45:21,861 [INFO]     NSE:INDIANB-EQ | CVD=100659 vs Ref=136406 | Close=903.00 vs VAH=902.70
2026-02-09 11:46:21,863 [INFO] 🔍 Scanning for alerts on 6 symbols (5min)...
2026-02-09 11:46:22,005 [INFO]     NSE:RBLBANK-EQ | CVD=288496 vs Ref=327314 | Close=307.10 vs VAH=307.60
2026-02-09 11:46:22,166 [INFO]     NSE:BANKINDIA-EQ | CVD=1346150 vs Ref=2020888 | Close=168.95 vs VAH=169.80
2026-02-09 11:46:22,329 [INFO]     NSE:BSE-EQ | CVD=794987 vs Ref=1074078 | Close=2964.00 vs VAH=2992.50
2026-02-09 11:46:22,462 [INFO]     NSE:GODREJPROP-EQ | CVD=491267 vs Ref=775559 | Close=1798.00 vs VAH=1809.60
2026-02-09 11:46:22,597 [INFO]     NSE:YESBANK-EQ | CVD=7724432 vs Ref=8416317 | Close=21.60 vs VAH=21.55
2026-02-09 11:46:22,982 [INFO]     NSE:INDIANB-EQ | CVD=132709 vs Ref=136406 | Close=905.45 vs VAH=902.70
2026-02-09 11:47:22,987 [INFO] 🔍 Scanning for alerts on 6 symbols (5min)...
2026-02-09 11:47:23,295 [INFO]     NSE:RBLBANK-EQ | CVD=288496 vs Ref=327314 | Close=307.10 vs VAH=307.60
2026-02-09 11:47:23,636 [INFO]     NSE:BANKINDIA-EQ | CVD=1346150 vs Ref=2020888 | Close=168.95 vs VAH=169.80
2026-02-09 11:47:24,792 [INFO]     NSE:BSE-EQ | CVD=794987 vs Ref=1074078 | Close=2964.00 vs VAH=2992.50
2026-02-09 11:47:25,034 [INFO]     NSE:GODREJPROP-EQ | CVD=491267 vs Ref=775559 | Close=1798.00 vs VAH=1809.60
2026-02-09 11:47:25,273 [INFO]     NSE:YESBANK-EQ | CVD=7724432 vs Ref=8416317 | Close=21.60 vs VAH=21.55
2026-02-09 11:47:25,448 [INFO]     NSE:INDIANB-EQ | CVD=132709 vs Ref=136406 | Close=905.45 vs VAH=902.70
2026-02-09 11:48:25,449 [INFO] 🔍 Scanning for alerts on 6 symbols (5min)...
2026-02-09 11:48:25,590 [INFO]     NSE:RBLBANK-EQ | CVD=288496 vs Ref=327314 | Close=307.10 vs VAH=307.60
2026-02-09 11:48:26,008 [INFO]     NSE:BANKINDIA-EQ | CVD=1346150 vs Ref=2020888 | Close=168.95 vs VAH=169.80
2026-02-09 11:48:26,396 [INFO]     NSE:BSE-EQ | CVD=794987 vs Ref=1074078 | Close=2964.00 vs VAH=2992.50
2026-02-09 11:48:26,839 [INFO]     NSE:GODREJPROP-EQ | CVD=491267 vs Ref=775559 | Close=1798.00 vs VAH=1809.60
2026-02-09 11:48:27,325 [INFO]     NSE:YESBANK-EQ | CVD=7724432 vs Ref=8416317 | Close=21.60 vs VAH=21.55
2026-02-09 11:48:27,664 [INFO]     NSE:INDIANB-EQ | CVD=132709 vs Ref=136406 | Close=905.45 vs VAH=902.70
2026-02-09 11:49:27,666 [INFO] 🔍 Scanning for alerts on 6 symbols (5min)...
2026-02-09 11:49:27,825 [INFO]     NSE:RBLBANK-EQ | CVD=288496 vs Ref=327314 | Close=307.10 vs VAH=307.60
2026-02-09 11:49:27,961 [INFO]     NSE:BANKINDIA-EQ | CVD=1346150 vs Ref=2020888 | Close=168.95 vs VAH=169.80
2026-02-09 11:49:28,104 [INFO]     NSE:BSE-EQ | CVD=794987 vs Ref=1074078 | Close=2964.00 vs VAH=2992.50
2026-02-09 11:49:28,243 [INFO]     NSE:GODREJPROP-EQ | CVD=491267 vs Ref=775559 | Close=1798.00 vs VAH=1809.60
2026-02-09 11:49:28,380 [INFO]     NSE:YESBANK-EQ | CVD=7724432 vs Ref=8416317 | Close=21.60 vs VAH=21.55
2026-02-09 11:49:28,510 [INFO]     NSE:INDIANB-EQ | CVD=132709 vs Ref=136406 | Close=905.45 vs VAH=902.70
2026-02-09 11:50:28,511 [INFO] 🔍 Scanning for alerts on 6 symbols (5min)...
2026-02-09 11:50:28,822 [INFO]     NSE:RBLBANK-EQ | CVD=288496 vs Ref=327314 | Close=307.10 vs VAH=307.60
2026-02-09 11:50:29,145 [INFO]     NSE:BANKINDIA-EQ | CVD=1346150 vs Ref=2020888 | Close=168.95 vs VAH=169.80
2026-02-09 11:50:29,439 [INFO]     NSE:BSE-EQ | CVD=794987 vs Ref=1074078 | Close=2964.00 vs VAH=2992.50
2026-02-09 11:50:29,733 [INFO]     NSE:GODREJPROP-EQ | CVD=491267 vs Ref=775559 | Close=1798.00 vs VAH=1809.60
2026-02-09 11:50:30,043 [INFO]     NSE:YESBANK-EQ | CVD=7724432 vs Ref=8416317 | Close=21.60 vs VAH=21.55
2026-02-09 11:50:30,344 [INFO]     NSE:INDIANB-EQ | CVD=132709 vs Ref=136406 | Close=905.45 vs VAH=902.70
2026-02-09 11:51:30,347 [INFO] 🔍 Scanning for alerts on 6 symbols (5min)...
2026-02-09 11:51:30,503 [INFO]     NSE:RBLBANK-EQ | CVD=277357 vs Ref=327314 | Close=306.85 vs VAH=307.60
2026-02-09 11:51:30,629 [INFO]     NSE:BANKINDIA-EQ | CVD=1324923 vs Ref=2020888 | Close=168.92 vs VAH=169.80
2026-02-09 11:51:30,766 [INFO]     NSE:BSE-EQ | CVD=840212 vs Ref=1074078 | Close=2975.60 vs VAH=2992.50
2026-02-09 11:51:30,918 [INFO]     NSE:GODREJPROP-EQ | CVD=496355 vs Ref=775559 | Close=1799.10 vs VAH=1809.60
2026-02-09 11:51:31,521 [INFO]     NSE:YESBANK-EQ | CVD=7815345 vs Ref=8416317 | Close=21.59 vs VAH=21.55
2026-02-09 11:51:31,936 [INFO]     NSE:INDIANB-EQ | CVD=127232 vs Ref=136406 | Close=905.30 vs VAH=902.70
2026-02-09 11:52:31,937 [INFO] 🔍 Scanning for alerts on 6 symbols (5min)...
2026-02-09 11:52:32,084 [INFO]     NSE:RBLBANK-EQ | CVD=277357 vs Ref=327314 | Close=306.85 vs VAH=307.60
2026-02-09 11:52:32,236 [INFO]     NSE:BANKINDIA-EQ | CVD=1324923 vs Ref=2020888 | Close=168.92 vs VAH=169.80
2026-02-09 11:52:32,386 [INFO]     NSE:BSE-EQ | CVD=840212 vs Ref=1074078 | Close=2975.60 vs VAH=2992.50
2026-02-09 11:52:32,532 [INFO]     NSE:GODREJPROP-EQ | CVD=496355 vs Ref=775559 | Close=1799.10 vs VAH=1809.60
2026-02-09 11:52:32,675 [INFO]     NSE:YESBANK-EQ | CVD=7815345 vs Ref=8416317 | Close=21.59 vs VAH=21.55
2026-02-09 11:52:32,815 [INFO]     NSE:INDIANB-EQ | CVD=127232 vs Ref=136406 | Close=905.30 vs VAH=902.70
2026-02-09 11:53:32,817 [INFO] 🔍 Scanning for alerts on 6 symbols (5min)...
2026-02-09 11:53:32,963 [INFO]     NSE:RBLBANK-EQ | CVD=277357 vs Ref=327314 | Close=306.85 vs VAH=307.60
2026-02-09 11:53:33,105 [INFO]     NSE:BANKINDIA-EQ | CVD=1324923 vs Ref=2020888 | Close=168.92 vs VAH=169.80
2026-02-09 11:53:33,551 [INFO]     NSE:BSE-EQ | CVD=840212 vs Ref=1074078 | Close=2975.60 vs VAH=2992.50
2026-02-09 11:53:34,055 [INFO]     NSE:GODREJPROP-EQ | CVD=496355 vs Ref=775559 | Close=1799.10 vs VAH=1809.60
2026-02-09 11:53:34,395 [INFO]     NSE:YESBANK-EQ | CVD=7815345 vs Ref=8416317 | Close=21.59 vs VAH=21.55
2026-02-09 11:53:34,687 [INFO]     NSE:INDIANB-EQ | CVD=127232 vs Ref=136406 | Close=905.30 vs VAH=902.70
2026-02-09 11:54:34,694 [INFO] 🔍 Scanning for alerts on 6 symbols (5min)...
2026-02-09 11:54:38,230 [INFO]     NSE:RBLBANK-EQ | CVD=277357 vs Ref=327314 | Close=306.85 vs VAH=307.60
2026-02-09 11:54:41,294 [INFO]     NSE:BANKINDIA-EQ | CVD=1324923 vs Ref=2020888 | Close=168.92 vs VAH=169.80
2026-02-09 11:54:43,419 [INFO]     NSE:BSE-EQ | CVD=840212 vs Ref=1074078 | Close=2975.60 vs VAH=2992.50
2026-02-09 11:54:45,277 [INFO]     NSE:GODREJPROP-EQ | CVD=496355 vs Ref=775559 | Close=1799.10 vs VAH=1809.60
2026-02-09 11:54:47,016 [INFO]     NSE:YESBANK-EQ | CVD=7815345 vs Ref=8416317 | Close=21.59 vs VAH=21.55
2026-02-09 11:54:48,473 [INFO]     NSE:INDIANB-EQ | CVD=127232 vs Ref=136406 | Close=905.30 vs VAH=902.70
2026-02-09 11:55:48,477 [INFO] 🔍 Scanning for alerts on 6 symbols (5min)...
2026-02-09 11:55:48,621 [INFO]     NSE:RBLBANK-EQ | CVD=277357 vs Ref=327314 | Close=306.85 vs VAH=307.60
2026-02-09 11:55:48,757 [INFO]     NSE:BANKINDIA-EQ | CVD=1324923 vs Ref=2020888 | Close=168.92 vs VAH=169.80
2026-02-09 11:55:51,789 [INFO]     NSE:BSE-EQ | CVD=840212 vs Ref=1074078 | Close=2975.60 vs VAH=2992.50
2026-02-09 11:55:52,100 [INFO]     NSE:GODREJPROP-EQ | CVD=496355 vs Ref=775559 | Close=1799.10 vs VAH=1809.60
2026-02-09 11:55:52,425 [INFO]     NSE:YESBANK-EQ | CVD=7815345 vs Ref=8416317 | Close=21.59 vs VAH=21.55
2026-02-09 11:55:52,703 [INFO]     NSE:INDIANB-EQ | CVD=127232 vs Ref=136406 | Close=905.30 vs VAH=902.70
2026-02-09 11:56:52,705 [INFO] 🔍 Scanning for alerts on 6 symbols (5min)...
2026-02-09 11:56:53,153 [INFO]     NSE:RBLBANK-EQ | CVD=269655 vs Ref=327314 | Close=306.55 vs VAH=307.60
2026-02-09 11:56:53,377 [INFO]     NSE:BANKINDIA-EQ | CVD=1286440 vs Ref=2020888 | Close=168.80 vs VAH=169.80
2026-02-09 11:56:55,278 [INFO]     NSE:BSE-EQ | CVD=844706 vs Ref=1074078 | Close=2974.60 vs VAH=2992.50
2026-02-09 11:56:55,611 [INFO]     NSE:GODREJPROP-EQ | CVD=484837 vs Ref=775559 | Close=1795.80 vs VAH=1809.60
2026-02-09 11:56:55,924 [INFO]     NSE:YESBANK-EQ | CVD=7561393 vs Ref=8416317 | Close=21.57 vs VAH=21.55
2026-02-09 11:56:56,222 [INFO] 📡 Sending order request for NSE:INDIANB-EQ to http://localhost:4000/postOrder...
2026-02-09 11:57:00,305 [ERROR] ❌ Failed to send order request for NSE:INDIANB-EQ: HTTPConnectionPool(host='localhost', port=4000): Max retries exceeded with url: /postOrder (Caused by NewConnectionError("HTTPConnection(host='localhost', port=4000): Failed to establish a new connection: [WinError 10061] No connection could be made because the target machine actively refused it"))
2026-02-09 11:57:00,306 [INFO]     NSE:INDIANB-EQ | CVD=145141 vs Ref=136406 | Close=906.25 vs VAH=902.70
2026-02-09 11:58:00,308 [INFO] 🔍 Scanning for alerts on 5 symbols (5min)...
2026-02-09 11:58:03,803 [INFO]     NSE:RBLBANK-EQ | CVD=269655 vs Ref=327314 | Close=306.55 vs VAH=307.60
2026-02-09 11:58:05,558 [INFO]     NSE:BANKINDIA-EQ | CVD=1286440 vs Ref=2020888 | Close=168.80 vs VAH=169.80
2026-02-09 11:58:07,121 [INFO]     NSE:BSE-EQ | CVD=844706 vs Ref=1074078 | Close=2974.60 vs VAH=2992.50
2026-02-09 11:58:08,582 [INFO]     NSE:GODREJPROP-EQ | CVD=484837 vs Ref=775559 | Close=1795.80 vs VAH=1809.60
2026-02-09 11:58:10,199 [INFO]     NSE:YESBANK-EQ | CVD=7561393 vs Ref=8416317 | Close=21.57 vs VAH=21.55
2026-02-09 11:59:10,203 [INFO] 🔍 Scanning for alerts on 5 symbols (5min)...
2026-02-09 11:59:10,354 [INFO]     NSE:RBLBANK-EQ | CVD=269655 vs Ref=327314 | Close=306.55 vs VAH=307.60
2026-02-09 11:59:10,501 [INFO]     NSE:BANKINDIA-EQ | CVD=1286440 vs Ref=2020888 | Close=168.80 vs VAH=169.80
2026-02-09 11:59:10,643 [INFO]     NSE:BSE-EQ | CVD=844706 vs Ref=1074078 | Close=2974.60 vs VAH=2992.50
2026-02-09 11:59:10,803 [INFO]     NSE:GODREJPROP-EQ | CVD=484837 vs Ref=775559 | Close=1795.80 vs VAH=1809.60
2026-02-09 11:59:10,943 [INFO]     NSE:YESBANK-EQ | CVD=7561393 vs Ref=8416317 | Close=21.57 vs VAH=21.55
2026-02-09 12:00:10,945 [INFO] 🔍 Scanning for alerts on 5 symbols (5min)...
2026-02-09 12:00:11,096 [INFO]     NSE:RBLBANK-EQ | CVD=269655 vs Ref=327314 | Close=306.55 vs VAH=307.60
2026-02-09 12:00:11,239 [INFO]     NSE:BANKINDIA-EQ | CVD=1286440 vs Ref=2020888 | Close=168.80 vs VAH=169.80
2026-02-09 12:00:11,368 [INFO]     NSE:BSE-EQ | CVD=844706 vs Ref=1074078 | Close=2974.60 vs VAH=2992.50
2026-02-09 12:00:11,524 [INFO]     NSE:GODREJPROP-EQ | CVD=484837 vs Ref=775559 | Close=1795.80 vs VAH=1809.60
2026-02-09 12:00:11,666 [INFO]     NSE:YESBANK-EQ | CVD=7561393 vs Ref=8416317 | Close=21.57 vs VAH=21.55
2026-02-09 12:01:11,669 [INFO] 🔍 Scanning for alerts on 5 symbols (5min)...
2026-02-09 12:01:11,830 [INFO]     NSE:RBLBANK-EQ | CVD=279544 vs Ref=327314 | Close=306.50 vs VAH=307.60
2026-02-09 12:01:11,964 [INFO]     NSE:BANKINDIA-EQ | CVD=1326371 vs Ref=2020888 | Close=168.86 vs VAH=169.80
2026-02-09 12:01:12,117 [INFO]     NSE:BSE-EQ | CVD=830481 vs Ref=1074078 | Close=2968.60 vs VAH=2992.50
2026-02-09 12:01:12,274 [INFO]     NSE:GODREJPROP-EQ | CVD=481346 vs Ref=775559 | Close=1794.80 vs VAH=1809.60
2026-02-09 12:01:12,433 [INFO]     NSE:YESBANK-EQ | CVD=7555631 vs Ref=8416317 | Close=21.57 vs VAH=21.55
2026-02-09 12:02:12,435 [INFO] 🔍 Scanning for alerts on 5 symbols (5min)...
2026-02-09 12:02:12,990 [INFO]     NSE:RBLBANK-EQ | CVD=279544 vs Ref=327314 | Close=306.50 vs VAH=307.60
2026-02-09 12:02:13,405 [INFO]     NSE:BANKINDIA-EQ | CVD=1326371 vs Ref=2020888 | Close=168.86 vs VAH=169.80
2026-02-09 12:02:13,866 [INFO]     NSE:BSE-EQ | CVD=830481 vs Ref=1074078 | Close=2968.60 vs VAH=2992.50
2026-02-09 12:02:14,224 [INFO]     NSE:GODREJPROP-EQ | CVD=481346 vs Ref=775559 | Close=1794.80 vs VAH=1809.60
2026-02-09 12:02:14,640 [INFO]     NSE:YESBANK-EQ | CVD=7555631 vs Ref=8416317 | Close=21.57 vs VAH=21.55
2026-02-09 12:03:14,644 [INFO] 🔍 Scanning for alerts on 5 symbols (5min)...
2026-02-09 12:03:14,798 [INFO]     NSE:RBLBANK-EQ | CVD=279544 vs Ref=327314 | Close=306.50 vs VAH=307.60
2026-02-09 12:03:14,949 [INFO]     NSE:BANKINDIA-EQ | CVD=1326371 vs Ref=2020888 | Close=168.86 vs VAH=169.80
2026-02-09 12:03:15,151 [INFO]     NSE:BSE-EQ | CVD=830481 vs Ref=1074078 | Close=2968.60 vs VAH=2992.50
2026-02-09 12:03:15,288 [INFO]     NSE:GODREJPROP-EQ | CVD=481346 vs Ref=775559 | Close=1794.80 vs VAH=1809.60
2026-02-09 12:03:15,428 [INFO]     NSE:YESBANK-EQ | CVD=7555631 vs Ref=8416317 | Close=21.57 vs VAH=21.55
2026-02-09 12:04:15,431 [INFO] 🔍 Scanning for alerts on 5 symbols (5min)...
2026-02-09 12:04:15,572 [INFO]     NSE:RBLBANK-EQ | CVD=279544 vs Ref=327314 | Close=306.50 vs VAH=307.60
2026-02-09 12:04:15,718 [INFO]     NSE:BANKINDIA-EQ | CVD=1326371 vs Ref=2020888 | Close=168.86 vs VAH=169.80
2026-02-09 12:04:15,869 [INFO]     NSE:BSE-EQ | CVD=830481 vs Ref=1074078 | Close=2968.60 vs VAH=2992.50
2026-02-09 12:04:16,004 [INFO]     NSE:GODREJPROP-EQ | CVD=481346 vs Ref=775559 | Close=1794.80 vs VAH=1809.60
2026-02-09 12:04:16,140 [INFO]     NSE:YESBANK-EQ | CVD=7555631 vs Ref=8416317 | Close=21.57 vs VAH=21.55
2026-02-09 12:05:16,142 [INFO] 🔍 Scanning for alerts on 5 symbols (5min)...
2026-02-09 12:05:16,278 [INFO]     NSE:RBLBANK-EQ | CVD=279544 vs Ref=327314 | Close=306.50 vs VAH=307.60
2026-02-09 12:05:16,424 [INFO]     NSE:BANKINDIA-EQ | CVD=1326371 vs Ref=2020888 | Close=168.86 vs VAH=169.80
2026-02-09 12:05:16,552 [INFO]     NSE:BSE-EQ | CVD=830481 vs Ref=1074078 | Close=2968.60 vs VAH=2992.50
2026-02-09 12:05:16,678 [INFO]     NSE:GODREJPROP-EQ | CVD=481346 vs Ref=775559 | Close=1794.80 vs VAH=1809.60
2026-02-09 12:05:16,816 [INFO]     NSE:YESBANK-EQ | CVD=7555631 vs Ref=8416317 | Close=21.57 vs VAH=21.55
2026-02-09 12:06:16,817 [INFO] 🔍 Scanning for alerts on 5 symbols (5min)...
2026-02-09 12:06:16,955 [INFO]     NSE:RBLBANK-EQ | CVD=295944 vs Ref=327314 | Close=306.90 vs VAH=307.60
2026-02-09 12:06:17,112 [INFO]     NSE:BANKINDIA-EQ | CVD=1353366 vs Ref=2020888 | Close=168.91 vs VAH=169.80
2026-02-09 12:06:17,252 [INFO]     NSE:BSE-EQ | CVD=847915 vs Ref=1074078 | Close=2973.90 vs VAH=2992.50
2026-02-09 12:06:17,385 [INFO]     NSE:GODREJPROP-EQ | CVD=506578 vs Ref=775559 | Close=1799.60 vs VAH=1809.60
2026-02-09 12:06:17,541 [INFO] 📡 Sending order request for NSE:YESBANK-EQ to http://localhost:4000/postOrder...
2026-02-09 12:06:21,620 [ERROR] ❌ Failed to send order request for NSE:YESBANK-EQ: HTTPConnectionPool(host='localhost', port=4000): Max retries exceeded with url: /postOrder (Caused by NewConnectionError("HTTPConnection(host='localhost', port=4000): Failed to establish a new connection: [WinError 10061] No connection could be made because the target machine actively refused it"))
2026-02-09 12:06:21,621 [INFO]     NSE:YESBANK-EQ | CVD=9341884 vs Ref=8416317 | Close=21.61 vs VAH=21.55
2026-02-09 12:07:21,622 [INFO] 🔍 Scanning for alerts on 4 symbols (5min)...
2026-02-09 12:07:21,761 [INFO]     NSE:RBLBANK-EQ | CVD=295944 vs Ref=327314 | Close=306.90 vs VAH=307.60
2026-02-09 12:07:21,913 [INFO]     NSE:BANKINDIA-EQ | CVD=1353366 vs Ref=2020888 | Close=168.91 vs VAH=169.80
2026-02-09 12:07:22,053 [INFO]     NSE:BSE-EQ | CVD=847915 vs Ref=1074078 | Close=2973.90 vs VAH=2992.50
2026-02-09 12:07:22,205 [INFO]     NSE:GODREJPROP-EQ | CVD=506578 vs Ref=775559 | Close=1799.60 vs VAH=1809.60
2026-02-09 12:08:22,207 [INFO] 🔍 Scanning for alerts on 4 symbols (5min)...
2026-02-09 12:08:22,345 [INFO]     NSE:RBLBANK-EQ | CVD=295944 vs Ref=327314 | Close=306.90 vs VAH=307.60
2026-02-09 12:08:22,498 [INFO]     NSE:BANKINDIA-EQ | CVD=1353366 vs Ref=2020888 | Close=168.91 vs VAH=169.80
2026-02-09 12:08:22,627 [INFO]     NSE:BSE-EQ | CVD=847915 vs Ref=1074078 | Close=2973.90 vs VAH=2992.50
2026-02-09 12:08:22,763 [INFO]     NSE:GODREJPROP-EQ | CVD=506578 vs Ref=775559 | Close=1799.60 vs VAH=1809.60
2026-02-09 12:09:22,764 [INFO] 🔍 Scanning for alerts on 4 symbols (5min)...
2026-02-09 12:09:22,924 [INFO]     NSE:RBLBANK-EQ | CVD=295944 vs Ref=327314 | Close=306.90 vs VAH=307.60
2026-02-09 12:09:23,068 [INFO]     NSE:BANKINDIA-EQ | CVD=1353366 vs Ref=2020888 | Close=168.91 vs VAH=169.80
2026-02-09 12:09:23,211 [INFO]     NSE:BSE-EQ | CVD=847915 vs Ref=1074078 | Close=2973.90 vs VAH=2992.50
2026-02-09 12:09:23,359 [INFO]     NSE:GODREJPROP-EQ | CVD=506578 vs Ref=775559 | Close=1799.60 vs VAH=1809.60
2026-02-09 12:10:23,360 [INFO] 🔍 Scanning for alerts on 4 symbols (5min)...
2026-02-09 12:10:23,496 [INFO]     NSE:RBLBANK-EQ | CVD=295944 vs Ref=327314 | Close=306.90 vs VAH=307.60
2026-02-09 12:10:23,647 [INFO]     NSE:BANKINDIA-EQ | CVD=1353366 vs Ref=2020888 | Close=168.91 vs VAH=169.80
2026-02-09 12:10:23,780 [INFO]     NSE:BSE-EQ | CVD=847915 vs Ref=1074078 | Close=2973.90 vs VAH=2992.50
2026-02-09 12:10:23,931 [INFO]     NSE:GODREJPROP-EQ | CVD=506578 vs Ref=775559 | Close=1799.60 vs VAH=1809.60
2026-02-09 12:11:23,932 [INFO] 🔍 Scanning for alerts on 4 symbols (5min)...
2026-02-09 12:11:24,089 [INFO]     NSE:RBLBANK-EQ | CVD=295700 vs Ref=327314 | Close=306.80 vs VAH=307.60
2026-02-09 12:11:24,239 [INFO]     NSE:BANKINDIA-EQ | CVD=1367897 vs Ref=2020888 | Close=168.93 vs VAH=169.80
2026-02-09 12:11:24,379 [INFO]     NSE:BSE-EQ | CVD=847783 vs Ref=1074078 | Close=2975.80 vs VAH=2992.50
2026-02-09 12:11:24,526 [INFO]     NSE:GODREJPROP-EQ | CVD=519553 vs Ref=775559 | Close=1799.60 vs VAH=1809.60
2026-02-09 12:12:24,528 [INFO] 🔍 Scanning for alerts on 4 symbols (5min)...
2026-02-09 12:12:24,691 [INFO]     NSE:RBLBANK-EQ | CVD=295700 vs Ref=327314 | Close=306.80 vs VAH=307.60
2026-02-09 12:12:24,832 [INFO]     NSE:BANKINDIA-EQ | CVD=1367897 vs Ref=2020888 | Close=168.93 vs VAH=169.80
2026-02-09 12:12:24,979 [INFO]     NSE:BSE-EQ | CVD=847783 vs Ref=1074078 | Close=2975.80 vs VAH=2992.50
2026-02-09 12:12:25,122 [INFO]     NSE:GODREJPROP-EQ | CVD=519553 vs Ref=775559 | Close=1799.60 vs VAH=1809.60
2026-02-09 12:13:25,123 [INFO] 🔍 Scanning for alerts on 4 symbols (5min)...
2026-02-09 12:13:25,260 [INFO]     NSE:RBLBANK-EQ | CVD=295700 vs Ref=327314 | Close=306.80 vs VAH=307.60
2026-02-09 12:13:25,412 [INFO]     NSE:BANKINDIA-EQ | CVD=1367897 vs Ref=2020888 | Close=168.93 vs VAH=169.80
2026-02-09 12:13:25,568 [INFO]     NSE:BSE-EQ | CVD=847783 vs Ref=1074078 | Close=2975.80 vs VAH=2992.50
2026-02-09 12:13:25,708 [INFO]     NSE:GODREJPROP-EQ | CVD=519553 vs Ref=775559 | Close=1799.60 vs VAH=1809.60
2026-02-09 12:14:25,709 [INFO] 🔍 Scanning for alerts on 4 symbols (5min)...
2026-02-09 12:14:25,852 [INFO]     NSE:RBLBANK-EQ | CVD=295700 vs Ref=327314 | Close=306.80 vs VAH=307.60
2026-02-09 12:14:26,004 [INFO]     NSE:BANKINDIA-EQ | CVD=1367897 vs Ref=2020888 | Close=168.93 vs VAH=169.80
2026-02-09 12:14:26,139 [INFO]     NSE:BSE-EQ | CVD=847783 vs Ref=1074078 | Close=2975.80 vs VAH=2992.50
2026-02-09 12:14:26,280 [INFO]     NSE:GODREJPROP-EQ | CVD=519553 vs Ref=775559 | Close=1799.60 vs VAH=1809.60
2026-02-09 12:15:26,281 [INFO] 🔍 Scanning for alerts on 4 symbols (5min)...
2026-02-09 12:15:27,761 [INFO]     NSE:RBLBANK-EQ | CVD=295700 vs Ref=327314 | Close=306.80 vs VAH=307.60
2026-02-09 12:15:28,284 [INFO]     NSE:BANKINDIA-EQ | CVD=1367897 vs Ref=2020888 | Close=168.93 vs VAH=169.80
2026-02-09 12:15:28,685 [INFO]     NSE:BSE-EQ | CVD=847783 vs Ref=1074078 | Close=2975.80 vs VAH=2992.50
2026-02-09 12:15:28,981 [INFO]     NSE:GODREJPROP-EQ | CVD=519553 vs Ref=775559 | Close=1799.60 vs VAH=1809.60
2026-02-09 12:16:28,983 [INFO] 🔍 Scanning for alerts on 4 symbols (5min)...
2026-02-09 12:16:29,291 [INFO]     NSE:RBLBANK-EQ | CVD=287171 vs Ref=327314 | Close=306.80 vs VAH=307.60
2026-02-09 12:16:29,598 [INFO]     NSE:BANKINDIA-EQ | CVD=1290076 vs Ref=2020888 | Close=168.77 vs VAH=169.80
2026-02-09 12:16:29,886 [INFO]     NSE:BSE-EQ | CVD=844133 vs Ref=1074078 | Close=2974.10 vs VAH=2992.50
2026-02-09 12:16:30,163 [INFO]     NSE:GODREJPROP-EQ | CVD=512898 vs Ref=775559 | Close=1797.60 vs VAH=1809.60
2026-02-09 12:17:30,165 [INFO] 🔍 Scanning for alerts on 4 symbols (5min)...
2026-02-09 12:17:30,304 [INFO]     NSE:RBLBANK-EQ | CVD=287171 vs Ref=327314 | Close=306.80 vs VAH=307.60
2026-02-09 12:17:30,458 [INFO]     NSE:BANKINDIA-EQ | CVD=1290076 vs Ref=2020888 | Close=168.77 vs VAH=169.80
2026-02-09 12:17:30,602 [INFO]     NSE:BSE-EQ | CVD=844133 vs Ref=1074078 | Close=2974.10 vs VAH=2992.50
2026-02-09 12:17:30,762 [INFO]     NSE:GODREJPROP-EQ | CVD=512898 vs Ref=775559 | Close=1797.60 vs VAH=1809.60
2026-02-09 12:18:30,763 [INFO] 🔍 Scanning for alerts on 4 symbols (5min)...
2026-02-09 12:18:30,918 [INFO]     NSE:RBLBANK-EQ | CVD=287171 vs Ref=327314 | Close=306.80 vs VAH=307.60
2026-02-09 12:18:31,049 [INFO]     NSE:BANKINDIA-EQ | CVD=1290076 vs Ref=2020888 | Close=168.77 vs VAH=169.80
2026-02-09 12:18:31,211 [INFO]     NSE:BSE-EQ | CVD=844133 vs Ref=1074078 | Close=2974.10 vs VAH=2992.50
2026-02-09 12:18:31,384 [INFO]     NSE:GODREJPROP-EQ | CVD=512898 vs Ref=775559 | Close=1797.60 vs VAH=1809.60
2026-02-09 12:19:31,385 [INFO] 🔍 Scanning for alerts on 4 symbols (5min)...
2026-02-09 12:19:31,534 [INFO]     NSE:RBLBANK-EQ | CVD=287171 vs Ref=327314 | Close=306.80 vs VAH=307.60
2026-02-09 12:19:31,693 [INFO]     NSE:BANKINDIA-EQ | CVD=1290076 vs Ref=2020888 | Close=168.77 vs VAH=169.80
2026-02-09 12:19:32,134 [INFO]     NSE:BSE-EQ | CVD=844133 vs Ref=1074078 | Close=2974.10 vs VAH=2992.50
2026-02-09 12:19:32,259 [INFO]     NSE:GODREJPROP-EQ | CVD=512898 vs Ref=775559 | Close=1797.60 vs VAH=1809.60
2026-02-09 12:20:32,260 [INFO] 🔍 Scanning for alerts on 4 symbols (5min)...
2026-02-09 12:20:32,409 [INFO]     NSE:RBLBANK-EQ | CVD=287171 vs Ref=327314 | Close=306.80 vs VAH=307.60
2026-02-09 12:20:32,549 [INFO]     NSE:BANKINDIA-EQ | CVD=1290076 vs Ref=2020888 | Close=168.77 vs VAH=169.80
2026-02-09 12:20:32,699 [INFO]     NSE:BSE-EQ | CVD=844133 vs Ref=1074078 | Close=2974.10 vs VAH=2992.50
2026-02-09 12:20:32,825 [INFO]     NSE:GODREJPROP-EQ | CVD=512898 vs Ref=775559 | Close=1797.60 vs VAH=1809.60
2026-02-09 12:21:32,827 [INFO] 🔍 Scanning for alerts on 4 symbols (5min)...
2026-02-09 12:21:32,986 [INFO]     NSE:RBLBANK-EQ | CVD=286027 vs Ref=327314 | Close=306.80 vs VAH=307.60
2026-02-09 12:21:33,130 [INFO]     NSE:BANKINDIA-EQ | CVD=1296701 vs Ref=2020888 | Close=168.91 vs VAH=169.80
2026-02-09 12:21:33,281 [INFO]     NSE:BSE-EQ | CVD=845289 vs Ref=1074078 | Close=2972.60 vs VAH=2992.50
2026-02-09 12:21:33,425 [INFO]     NSE:GODREJPROP-EQ | CVD=516751 vs Ref=775559 | Close=1796.60 vs VAH=1809.60
2026-02-09 12:22:33,427 [INFO] 🔍 Scanning for alerts on 4 symbols (5min)...
2026-02-09 12:22:33,582 [INFO]     NSE:RBLBANK-EQ | CVD=286027 vs Ref=327314 | Close=306.80 vs VAH=307.60
2026-02-09 12:22:33,730 [INFO]     NSE:BANKINDIA-EQ | CVD=1296701 vs Ref=2020888 | Close=168.91 vs VAH=169.80
2026-02-09 12:22:33,887 [INFO]     NSE:BSE-EQ | CVD=845289 vs Ref=1074078 | Close=2972.60 vs VAH=2992.50
2026-02-09 12:22:34,042 [INFO]     NSE:GODREJPROP-EQ | CVD=516751 vs Ref=775559 | Close=1796.60 vs VAH=1809.60
2026-02-09 12:23:34,044 [INFO] 🔍 Scanning for alerts on 4 symbols (5min)...
2026-02-09 12:23:34,193 [INFO]     NSE:RBLBANK-EQ | CVD=286027 vs Ref=327314 | Close=306.80 vs VAH=307.60
2026-02-09 12:23:34,337 [INFO]     NSE:BANKINDIA-EQ | CVD=1296701 vs Ref=2020888 | Close=168.91 vs VAH=169.80
2026-02-09 12:23:34,483 [INFO]     NSE:BSE-EQ | CVD=845289 vs Ref=1074078 | Close=2972.60 vs VAH=2992.50
2026-02-09 12:23:34,623 [INFO]     NSE:GODREJPROP-EQ | CVD=516751 vs Ref=775559 | Close=1796.60 vs VAH=1809.60
2026-02-09 12:24:34,624 [INFO] 🔍 Scanning for alerts on 4 symbols (5min)...
2026-02-09 12:24:34,794 [INFO]     NSE:RBLBANK-EQ | CVD=286027 vs Ref=327314 | Close=306.80 vs VAH=307.60
2026-02-09 12:24:34,972 [INFO]     NSE:BANKINDIA-EQ | CVD=1296701 vs Ref=2020888 | Close=168.91 vs VAH=169.80
2026-02-09 12:24:35,144 [INFO]     NSE:BSE-EQ | CVD=845289 vs Ref=1074078 | Close=2972.60 vs VAH=2992.50
2026-02-09 12:24:35,305 [INFO]     NSE:GODREJPROP-EQ | CVD=516751 vs Ref=775559 | Close=1796.60 vs VAH=1809.60
2026-02-09 12:25:35,307 [INFO] 🔍 Scanning for alerts on 4 symbols (5min)...
2026-02-09 12:25:35,462 [INFO]     NSE:RBLBANK-EQ | CVD=286027 vs Ref=327314 | Close=306.80 vs VAH=307.60
2026-02-09 12:25:35,607 [INFO]     NSE:BANKINDIA-EQ | CVD=1296701 vs Ref=2020888 | Close=168.91 vs VAH=169.80
2026-02-09 12:25:35,746 [INFO]     NSE:BSE-EQ | CVD=845289 vs Ref=1074078 | Close=2972.60 vs VAH=2992.50
2026-02-09 12:25:35,900 [INFO]     NSE:GODREJPROP-EQ | CVD=516751 vs Ref=775559 | Close=1796.60 vs VAH=1809.60
2026-02-09 12:26:35,902 [INFO] 🔍 Scanning for alerts on 4 symbols (5min)...
2026-02-09 12:26:36,052 [INFO]     NSE:RBLBANK-EQ | CVD=285121 vs Ref=327314 | Close=307.00 vs VAH=307.60
2026-02-09 12:26:36,198 [INFO]     NSE:BANKINDIA-EQ | CVD=1274365 vs Ref=2020888 | Close=168.90 vs VAH=169.80
2026-02-09 12:26:36,342 [INFO]     NSE:BSE-EQ | CVD=817915 vs Ref=1074078 | Close=2967.80 vs VAH=2992.50
2026-02-09 12:26:36,509 [INFO]     NSE:GODREJPROP-EQ | CVD=517594 vs Ref=775559 | Close=1797.60 vs VAH=1809.60
2026-02-09 12:27:36,510 [INFO] 🔍 Scanning for alerts on 4 symbols (5min)...
2026-02-09 12:27:36,800 [INFO]     NSE:RBLBANK-EQ | CVD=285121 vs Ref=327314 | Close=307.00 vs VAH=307.60
2026-02-09 12:27:37,205 [INFO]     NSE:BANKINDIA-EQ | CVD=1274365 vs Ref=2020888 | Close=168.90 vs VAH=169.80
2026-02-09 12:27:37,486 [INFO]     NSE:BSE-EQ | CVD=817915 vs Ref=1074078 | Close=2967.80 vs VAH=2992.50
2026-02-09 12:27:37,955 [INFO]     NSE:GODREJPROP-EQ | CVD=517594 vs Ref=775559 | Close=1797.60 vs VAH=1809.60
2026-02-09 12:28:37,958 [INFO] 🔍 Scanning for alerts on 4 symbols (5min)...
2026-02-09 12:28:38,110 [INFO]     NSE:RBLBANK-EQ | CVD=285121 vs Ref=327314 | Close=307.00 vs VAH=307.60
2026-02-09 12:28:38,250 [INFO]     NSE:BANKINDIA-EQ | CVD=1274365 vs Ref=2020888 | Close=168.90 vs VAH=169.80
2026-02-09 12:28:38,409 [INFO]     NSE:BSE-EQ | CVD=817915 vs Ref=1074078 | Close=2967.80 vs VAH=2992.50
2026-02-09 12:28:38,548 [INFO]     NSE:GODREJPROP-EQ | CVD=517594 vs Ref=775559 | Close=1797.60 vs VAH=1809.60
2026-02-09 12:29:38,549 [INFO] 🔍 Scanning for alerts on 4 symbols (5min)...
2026-02-09 12:29:38,704 [INFO]     NSE:RBLBANK-EQ | CVD=285121 vs Ref=327314 | Close=307.00 vs VAH=307.60
2026-02-09 12:29:38,854 [INFO]     NSE:BANKINDIA-EQ | CVD=1274365 vs Ref=2020888 | Close=168.90 vs VAH=169.80
2026-02-09 12:29:39,005 [INFO]     NSE:BSE-EQ | CVD=817915 vs Ref=1074078 | Close=2967.80 vs VAH=2992.50
2026-02-09 12:29:39,147 [INFO]     NSE:GODREJPROP-EQ | CVD=517594 vs Ref=775559 | Close=1797.60 vs VAH=1809.60
2026-02-09 12:30:39,149 [INFO] 🔍 Scanning for alerts on 4 symbols (5min)...
2026-02-09 12:30:39,303 [INFO]     NSE:RBLBANK-EQ | CVD=285121 vs Ref=327314 | Close=307.00 vs VAH=307.60
2026-02-09 12:30:39,432 [INFO]     NSE:BANKINDIA-EQ | CVD=1274365 vs Ref=2020888 | Close=168.90 vs VAH=169.80
2026-02-09 12:30:39,567 [INFO]     NSE:BSE-EQ | CVD=817915 vs Ref=1074078 | Close=2967.80 vs VAH=2992.50
2026-02-09 12:30:39,705 [INFO]     NSE:GODREJPROP-EQ | CVD=517594 vs Ref=775559 | Close=1797.60 vs VAH=1809.60
2026-02-09 12:31:39,708 [INFO] 🔍 Scanning for alerts on 4 symbols (5min)...
2026-02-09 12:31:39,865 [INFO]     NSE:RBLBANK-EQ | CVD=262274 vs Ref=327314 | Close=306.80 vs VAH=307.60
2026-02-09 12:31:40,019 [INFO]     NSE:BANKINDIA-EQ | CVD=1246538 vs Ref=2020888 | Close=169.01 vs VAH=169.80
2026-02-09 12:31:40,162 [INFO]     NSE:BSE-EQ | CVD=807887 vs Ref=1074078 | Close=2967.00 vs VAH=2992.50
2026-02-09 12:31:40,306 [INFO]     NSE:GODREJPROP-EQ | CVD=518474 vs Ref=775559 | Close=1796.70 vs VAH=1809.60
2026-02-09 12:32:40,308 [INFO] 🔍 Scanning for alerts on 4 symbols (5min)...
2026-02-09 12:32:40,451 [INFO]     NSE:RBLBANK-EQ | CVD=262274 vs Ref=327314 | Close=306.80 vs VAH=307.60
2026-02-09 12:32:40,601 [INFO]     NSE:BANKINDIA-EQ | CVD=1246538 vs Ref=2020888 | Close=169.01 vs VAH=169.80
2026-02-09 12:32:40,828 [INFO]     NSE:BSE-EQ | CVD=807887 vs Ref=1074078 | Close=2967.00 vs VAH=2992.50
2026-02-09 12:32:40,974 [INFO]     NSE:GODREJPROP-EQ | CVD=518474 vs Ref=775559 | Close=1796.70 vs VAH=1809.60
2026-02-09 12:33:40,975 [INFO] 🔍 Scanning for alerts on 4 symbols (5min)...
2026-02-09 12:33:41,127 [INFO]     NSE:RBLBANK-EQ | CVD=262274 vs Ref=327314 | Close=306.80 vs VAH=307.60
2026-02-09 12:33:41,264 [INFO]     NSE:BANKINDIA-EQ | CVD=1246538 vs Ref=2020888 | Close=169.01 vs VAH=169.80
2026-02-09 12:33:41,411 [INFO]     NSE:BSE-EQ | CVD=807887 vs Ref=1074078 | Close=2967.00 vs VAH=2992.50
2026-02-09 12:33:41,563 [INFO]     NSE:GODREJPROP-EQ | CVD=518474 vs Ref=775559 | Close=1796.70 vs VAH=1809.60
2026-02-09 12:34:41,564 [INFO] 🔍 Scanning for alerts on 4 symbols (5min)...
2026-02-09 12:34:41,712 [INFO]     NSE:RBLBANK-EQ | CVD=262274 vs Ref=327314 | Close=306.80 vs VAH=307.60
2026-02-09 12:34:41,866 [INFO]     NSE:BANKINDIA-EQ | CVD=1246538 vs Ref=2020888 | Close=169.01 vs VAH=169.80
2026-02-09 12:34:42,005 [INFO]     NSE:BSE-EQ | CVD=807887 vs Ref=1074078 | Close=2967.00 vs VAH=2992.50
2026-02-09 12:34:42,138 [INFO]     NSE:GODREJPROP-EQ | CVD=518474 vs Ref=775559 | Close=1796.70 vs VAH=1809.60
2026-02-09 12:35:42,139 [INFO] 🔍 Scanning for alerts on 4 symbols (5min)...
2026-02-09 12:35:42,292 [INFO]     NSE:RBLBANK-EQ | CVD=262274 vs Ref=327314 | Close=306.80 vs VAH=307.60
2026-02-09 12:35:42,439 [INFO]     NSE:BANKINDIA-EQ | CVD=1246538 vs Ref=2020888 | Close=169.01 vs VAH=169.80
2026-02-09 12:35:42,585 [INFO]     NSE:BSE-EQ | CVD=807887 vs Ref=1074078 | Close=2967.00 vs VAH=2992.50
2026-02-09 12:35:42,730 [INFO]     NSE:GODREJPROP-EQ | CVD=518474 vs Ref=775559 | Close=1796.70 vs VAH=1809.60
2026-02-09 12:36:42,732 [INFO] 🔍 Scanning for alerts on 4 symbols (5min)...
2026-02-09 12:36:42,884 [INFO]     NSE:RBLBANK-EQ | CVD=249621 vs Ref=327314 | Close=306.60 vs VAH=307.60
2026-02-09 12:36:43,023 [INFO]     NSE:BANKINDIA-EQ | CVD=1272117 vs Ref=2020888 | Close=169.03 vs VAH=169.80
2026-02-09 12:36:43,183 [INFO]     NSE:BSE-EQ | CVD=780754 vs Ref=1074078 | Close=2964.80 vs VAH=2992.50
2026-02-09 12:36:43,341 [INFO]     NSE:GODREJPROP-EQ | CVD=511019 vs Ref=775559 | Close=1795.00 vs VAH=1809.60
2026-02-09 12:37:43,343 [INFO] 🔍 Scanning for alerts on 4 symbols (5min)...
2026-02-09 12:37:43,494 [INFO]     NSE:RBLBANK-EQ | CVD=249621 vs Ref=327314 | Close=306.60 vs VAH=307.60
2026-02-09 12:37:43,638 [INFO]     NSE:BANKINDIA-EQ | CVD=1272117 vs Ref=2020888 | Close=169.03 vs VAH=169.80
2026-02-09 12:37:43,791 [INFO]     NSE:BSE-EQ | CVD=780754 vs Ref=1074078 | Close=2964.80 vs VAH=2992.50
2026-02-09 12:37:43,930 [INFO]     NSE:GODREJPROP-EQ | CVD=511019 vs Ref=775559 | Close=1795.00 vs VAH=1809.60
2026-02-09 12:38:43,932 [INFO] 🔍 Scanning for alerts on 4 symbols (5min)...
2026-02-09 12:38:44,072 [INFO]     NSE:RBLBANK-EQ | CVD=249621 vs Ref=327314 | Close=306.60 vs VAH=307.60
2026-02-09 12:38:44,203 [INFO]     NSE:BANKINDIA-EQ | CVD=1272117 vs Ref=2020888 | Close=169.03 vs VAH=169.80
2026-02-09 12:38:44,339 [INFO]     NSE:BSE-EQ | CVD=780754 vs Ref=1074078 | Close=2964.80 vs VAH=2992.50
2026-02-09 12:38:44,490 [INFO]     NSE:GODREJPROP-EQ | CVD=511019 vs Ref=775559 | Close=1795.00 vs VAH=1809.60
2026-02-09 12:39:44,492 [INFO] 🔍 Scanning for alerts on 4 symbols (5min)...
2026-02-09 12:39:44,648 [INFO]     NSE:RBLBANK-EQ | CVD=249621 vs Ref=327314 | Close=306.60 vs VAH=307.60
2026-02-09 12:39:44,799 [INFO]     NSE:BANKINDIA-EQ | CVD=1272117 vs Ref=2020888 | Close=169.03 vs VAH=169.80
2026-02-09 12:39:44,937 [INFO]     NSE:BSE-EQ | CVD=780754 vs Ref=1074078 | Close=2964.80 vs VAH=2992.50
2026-02-09 12:39:45,078 [INFO]     NSE:GODREJPROP-EQ | CVD=511019 vs Ref=775559 | Close=1795.00 vs VAH=1809.60
2026-02-09 12:40:45,079 [INFO] 🔍 Scanning for alerts on 4 symbols (5min)...
2026-02-09 12:40:45,216 [INFO]     NSE:RBLBANK-EQ | CVD=249621 vs Ref=327314 | Close=306.60 vs VAH=307.60
2026-02-09 12:40:45,342 [INFO]     NSE:BANKINDIA-EQ | CVD=1272117 vs Ref=2020888 | Close=169.03 vs VAH=169.80
2026-02-09 12:40:45,469 [INFO]     NSE:BSE-EQ | CVD=780754 vs Ref=1074078 | Close=2964.80 vs VAH=2992.50
2026-02-09 12:40:45,597 [INFO]     NSE:GODREJPROP-EQ | CVD=511019 vs Ref=775559 | Close=1795.00 vs VAH=1809.60
2026-02-09 12:41:45,599 [INFO] 🔍 Scanning for alerts on 4 symbols (5min)...
2026-02-09 12:41:45,741 [INFO]     NSE:RBLBANK-EQ | CVD=235573 vs Ref=327314 | Close=306.70 vs VAH=307.60
2026-02-09 12:41:45,901 [INFO]     NSE:BANKINDIA-EQ | CVD=1234172 vs Ref=2020888 | Close=168.90 vs VAH=169.80
2026-02-09 12:41:46,095 [INFO]     NSE:BSE-EQ | CVD=748362 vs Ref=1074078 | Close=2960.10 vs VAH=2992.50
2026-02-09 12:41:46,232 [INFO]     NSE:GODREJPROP-EQ | CVD=517397 vs Ref=775559 | Close=1795.00 vs VAH=1809.60
2026-02-09 12:42:46,233 [INFO] 🔍 Scanning for alerts on 4 symbols (5min)...
2026-02-09 12:42:46,385 [INFO]     NSE:RBLBANK-EQ | CVD=235573 vs Ref=327314 | Close=306.70 vs VAH=307.60
2026-02-09 12:42:46,533 [INFO]     NSE:BANKINDIA-EQ | CVD=1234172 vs Ref=2020888 | Close=168.90 vs VAH=169.80
2026-02-09 12:42:46,680 [INFO]     NSE:BSE-EQ | CVD=748362 vs Ref=1074078 | Close=2960.10 vs VAH=2992.50
2026-02-09 12:42:46,839 [INFO]     NSE:GODREJPROP-EQ | CVD=517397 vs Ref=775559 | Close=1795.00 vs VAH=1809.60
2026-02-09 12:43:46,840 [INFO] 🔍 Scanning for alerts on 4 symbols (5min)...
2026-02-09 12:43:47,001 [INFO]     NSE:RBLBANK-EQ | CVD=235573 vs Ref=327314 | Close=306.70 vs VAH=307.60
2026-02-09 12:43:47,142 [INFO]     NSE:BANKINDIA-EQ | CVD=1234172 vs Ref=2020888 | Close=168.90 vs VAH=169.80
2026-02-09 12:43:47,291 [INFO]     NSE:BSE-EQ | CVD=748362 vs Ref=1074078 | Close=2960.10 vs VAH=2992.50
2026-02-09 12:43:47,433 [INFO]     NSE:GODREJPROP-EQ | CVD=517397 vs Ref=775559 | Close=1795.00 vs VAH=1809.60
2026-02-09 12:44:47,434 [INFO] 🔍 Scanning for alerts on 4 symbols (5min)...
2026-02-09 12:44:47,582 [INFO]     NSE:RBLBANK-EQ | CVD=235573 vs Ref=327314 | Close=306.70 vs VAH=307.60
2026-02-09 12:44:47,743 [INFO]     NSE:BANKINDIA-EQ | CVD=1234172 vs Ref=2020888 | Close=168.90 vs VAH=169.80
2026-02-09 12:44:47,879 [INFO]     NSE:BSE-EQ | CVD=748362 vs Ref=1074078 | Close=2960.10 vs VAH=2992.50
2026-02-09 12:44:48,031 [INFO]     NSE:GODREJPROP-EQ | CVD=517397 vs Ref=775559 | Close=1795.00 vs VAH=1809.60
2026-02-09 12:45:48,032 [INFO] 🔍 Scanning for alerts on 4 symbols (5min)...
2026-02-09 12:45:48,169 [INFO]     NSE:RBLBANK-EQ | CVD=235573 vs Ref=327314 | Close=306.70 vs VAH=307.60
2026-02-09 12:45:48,312 [INFO]     NSE:BANKINDIA-EQ | CVD=1234172 vs Ref=2020888 | Close=168.90 vs VAH=169.80
2026-02-09 12:45:48,448 [INFO]     NSE:BSE-EQ | CVD=748362 vs Ref=1074078 | Close=2960.10 vs VAH=2992.50
2026-02-09 12:45:48,588 [INFO]     NSE:GODREJPROP-EQ | CVD=517397 vs Ref=775559 | Close=1795.00 vs VAH=1809.60
2026-02-09 12:46:48,589 [INFO] 🔍 Scanning for alerts on 4 symbols (5min)...
2026-02-09 12:46:48,744 [INFO]     NSE:RBLBANK-EQ | CVD=222974 vs Ref=327314 | Close=306.50 vs VAH=307.60
2026-02-09 12:46:48,894 [INFO]     NSE:BANKINDIA-EQ | CVD=1169820 vs Ref=2020888 | Close=168.92 vs VAH=169.80
2026-02-09 12:46:49,049 [INFO]     NSE:BSE-EQ | CVD=770645 vs Ref=1074078 | Close=2967.00 vs VAH=2992.50
2026-02-09 12:46:49,201 [INFO]     NSE:GODREJPROP-EQ | CVD=515122 vs Ref=775559 | Close=1795.00 vs VAH=1809.60
2026-02-09 12:47:49,202 [INFO] 🔍 Scanning for alerts on 4 symbols (5min)...
2026-02-09 12:47:49,340 [INFO]     NSE:RBLBANK-EQ | CVD=222974 vs Ref=327314 | Close=306.50 vs VAH=307.60
2026-02-09 12:47:49,488 [INFO]     NSE:BANKINDIA-EQ | CVD=1169820 vs Ref=2020888 | Close=168.92 vs VAH=169.80
2026-02-09 12:47:49,630 [INFO]     NSE:BSE-EQ | CVD=770645 vs Ref=1074078 | Close=2967.00 vs VAH=2992.50
2026-02-09 12:47:49,769 [INFO]     NSE:GODREJPROP-EQ | CVD=515122 vs Ref=775559 | Close=1795.00 vs VAH=1809.60
2026-02-09 12:48:49,771 [INFO] 🔍 Scanning for alerts on 4 symbols (5min)...
2026-02-09 12:48:49,931 [INFO]     NSE:RBLBANK-EQ | CVD=222974 vs Ref=327314 | Close=306.50 vs VAH=307.60
2026-02-09 12:48:50,075 [INFO]     NSE:BANKINDIA-EQ | CVD=1169820 vs Ref=2020888 | Close=168.92 vs VAH=169.80
2026-02-09 12:48:50,216 [INFO]     NSE:BSE-EQ | CVD=770645 vs Ref=1074078 | Close=2967.00 vs VAH=2992.50
2026-02-09 12:48:50,362 [INFO]     NSE:GODREJPROP-EQ | CVD=515122 vs Ref=775559 | Close=1795.00 vs VAH=1809.60
2026-02-09 12:49:50,363 [INFO] 🔍 Scanning for alerts on 4 symbols (5min)...
2026-02-09 12:49:50,521 [INFO]     NSE:RBLBANK-EQ | CVD=222974 vs Ref=327314 | Close=306.50 vs VAH=307.60
2026-02-09 12:49:50,671 [INFO]     NSE:BANKINDIA-EQ | CVD=1169820 vs Ref=2020888 | Close=168.92 vs VAH=169.80
2026-02-09 12:49:50,829 [INFO]     NSE:BSE-EQ | CVD=770645 vs Ref=1074078 | Close=2967.00 vs VAH=2992.50
2026-02-09 12:49:50,970 [INFO]     NSE:GODREJPROP-EQ | CVD=515122 vs Ref=775559 | Close=1795.00 vs VAH=1809.60
2026-02-09 12:50:52,822 [INFO] 🔍 Scanning for alerts on 4 symbols (5min)...
2026-02-09 12:50:52,977 [INFO]     NSE:RBLBANK-EQ | CVD=222974 vs Ref=327314 | Close=306.50 vs VAH=307.60
2026-02-09 12:50:53,129 [INFO]     NSE:BANKINDIA-EQ | CVD=1169820 vs Ref=2020888 | Close=168.92 vs VAH=169.80
2026-02-09 12:50:53,265 [INFO]     NSE:BSE-EQ | CVD=770645 vs Ref=1074078 | Close=2967.00 vs VAH=2992.50
2026-02-09 12:50:53,405 [INFO]     NSE:GODREJPROP-EQ | CVD=515122 vs Ref=775559 | Close=1795.00 vs VAH=1809.60
2026-02-09 12:51:53,407 [INFO] 🔍 Scanning for alerts on 4 symbols (5min)...
2026-02-09 12:51:53,551 [INFO]     NSE:RBLBANK-EQ | CVD=233762 vs Ref=327314 | Close=306.80 vs VAH=307.60
2026-02-09 12:51:53,689 [INFO]     NSE:BANKINDIA-EQ | CVD=1196211 vs Ref=2020888 | Close=168.95 vs VAH=169.80
2026-02-09 12:51:53,830 [INFO]     NSE:BSE-EQ | CVD=780782 vs Ref=1074078 | Close=2968.20 vs VAH=2992.50
2026-02-09 12:51:53,964 [INFO]     NSE:GODREJPROP-EQ | CVD=611382 vs Ref=775559 | Close=1807.20 vs VAH=1809.60
2026-02-09 12:52:53,966 [INFO] 🔍 Scanning for alerts on 4 symbols (5min)...
2026-02-09 12:52:54,105 [INFO]     NSE:RBLBANK-EQ | CVD=233762 vs Ref=327314 | Close=306.80 vs VAH=307.60
2026-02-09 12:52:54,254 [INFO]     NSE:BANKINDIA-EQ | CVD=1196211 vs Ref=2020888 | Close=168.95 vs VAH=169.80
2026-02-09 12:52:54,401 [INFO]     NSE:BSE-EQ | CVD=780782 vs Ref=1074078 | Close=2968.20 vs VAH=2992.50
2026-02-09 12:52:54,541 [INFO]     NSE:GODREJPROP-EQ | CVD=611382 vs Ref=775559 | Close=1807.20 vs VAH=1809.60
2026-02-09 12:53:54,542 [INFO] 🔍 Scanning for alerts on 4 symbols (5min)...
2026-02-09 12:53:54,679 [INFO]     NSE:RBLBANK-EQ | CVD=233762 vs Ref=327314 | Close=306.80 vs VAH=307.60
2026-02-09 12:53:54,813 [INFO]     NSE:BANKINDIA-EQ | CVD=1196211 vs Ref=2020888 | Close=168.95 vs VAH=169.80
2026-02-09 12:53:54,972 [INFO]     NSE:BSE-EQ | CVD=780782 vs Ref=1074078 | Close=2968.20 vs VAH=2992.50
2026-02-09 12:53:55,120 [INFO]     NSE:GODREJPROP-EQ | CVD=611382 vs Ref=775559 | Close=1807.20 vs VAH=1809.60
2026-02-09 12:54:56,837 [INFO] 🔍 Scanning for alerts on 4 symbols (5min)...
2026-02-09 12:54:56,975 [INFO]     NSE:RBLBANK-EQ | CVD=233762 vs Ref=327314 | Close=306.80 vs VAH=307.60
2026-02-09 12:54:57,104 [INFO]     NSE:BANKINDIA-EQ | CVD=1196211 vs Ref=2020888 | Close=168.95 vs VAH=169.80
2026-02-09 12:54:57,246 [INFO]     NSE:BSE-EQ | CVD=780782 vs Ref=1074078 | Close=2968.20 vs VAH=2992.50
2026-02-09 12:54:57,375 [INFO]     NSE:GODREJPROP-EQ | CVD=611382 vs Ref=775559 | Close=1807.20 vs VAH=1809.60
2026-02-09 12:55:57,377 [INFO] 🔍 Scanning for alerts on 4 symbols (5min)...
2026-02-09 12:55:57,529 [INFO]     NSE:RBLBANK-EQ | CVD=233762 vs Ref=327314 | Close=306.80 vs VAH=307.60
2026-02-09 12:55:57,655 [INFO]     NSE:BANKINDIA-EQ | CVD=1196211 vs Ref=2020888 | Close=168.95 vs VAH=169.80
2026-02-09 12:55:57,782 [INFO]     NSE:BSE-EQ | CVD=780782 vs Ref=1074078 | Close=2968.20 vs VAH=2992.50
2026-02-09 12:55:57,934 [INFO]     NSE:GODREJPROP-EQ | CVD=611382 vs Ref=775559 | Close=1807.20 vs VAH=1809.60
2026-02-09 12:56:57,935 [INFO] 🔍 Scanning for alerts on 4 symbols (5min)...
2026-02-09 12:56:58,085 [INFO]     NSE:RBLBANK-EQ | CVD=343410 vs Ref=327314 | Close=307.00 vs VAH=307.60
2026-02-09 12:56:58,213 [INFO]     NSE:BANKINDIA-EQ | CVD=1183291 vs Ref=2020888 | Close=168.76 vs VAH=169.80
2026-02-09 12:56:58,356 [INFO]     NSE:BSE-EQ | CVD=779974 vs Ref=1074078 | Close=2966.00 vs VAH=2992.50
2026-02-09 12:56:58,497 [INFO]     NSE:GODREJPROP-EQ | CVD=606022 vs Ref=775559 | Close=1803.40 vs VAH=1809.60
2026-02-09 12:57:58,499 [INFO] 🔍 Scanning for alerts on 4 symbols (5min)...
2026-02-09 12:57:58,642 [INFO]     NSE:RBLBANK-EQ | CVD=343410 vs Ref=327314 | Close=307.00 vs VAH=307.60
2026-02-09 12:57:58,798 [INFO]     NSE:BANKINDIA-EQ | CVD=1183291 vs Ref=2020888 | Close=168.76 vs VAH=169.80
2026-02-09 12:57:58,948 [INFO]     NSE:BSE-EQ | CVD=779974 vs Ref=1074078 | Close=2966.00 vs VAH=2992.50
2026-02-09 12:57:59,086 [INFO]     NSE:GODREJPROP-EQ | CVD=606022 vs Ref=775559 | Close=1803.40 vs VAH=1809.60
2026-02-09 12:58:59,087 [INFO] 🔍 Scanning for alerts on 4 symbols (5min)...
2026-02-09 12:58:59,236 [INFO]     NSE:RBLBANK-EQ | CVD=343410 vs Ref=327314 | Close=307.00 vs VAH=307.60
2026-02-09 12:58:59,376 [INFO]     NSE:BANKINDIA-EQ | CVD=1183291 vs Ref=2020888 | Close=168.76 vs VAH=169.80
2026-02-09 12:58:59,525 [INFO]     NSE:BSE-EQ | CVD=779974 vs Ref=1074078 | Close=2966.00 vs VAH=2992.50
2026-02-09 12:58:59,655 [INFO]     NSE:GODREJPROP-EQ | CVD=606022 vs Ref=775559 | Close=1803.40 vs VAH=1809.60
2026-02-09 12:59:59,657 [INFO] 🔍 Scanning for alerts on 4 symbols (5min)...
2026-02-09 12:59:59,808 [INFO]     NSE:RBLBANK-EQ | CVD=343410 vs Ref=327314 | Close=307.00 vs VAH=307.60
2026-02-09 12:59:59,948 [INFO]     NSE:BANKINDIA-EQ | CVD=1183291 vs Ref=2020888 | Close=168.76 vs VAH=169.80
2026-02-09 13:00:00,086 [INFO]     NSE:BSE-EQ | CVD=779974 vs Ref=1074078 | Close=2966.00 vs VAH=2992.50
2026-02-09 13:00:00,224 [INFO]     NSE:GODREJPROP-EQ | CVD=606022 vs Ref=775559 | Close=1803.40 vs VAH=1809.60
2026-02-09 13:01:00,226 [INFO] 🔍 Scanning for alerts on 4 symbols (5min)...
2026-02-09 13:01:02,156 [INFO]     NSE:RBLBANK-EQ | CVD=343410 vs Ref=327314 | Close=307.00 vs VAH=307.60
2026-02-09 13:01:02,304 [INFO]     NSE:BANKINDIA-EQ | CVD=1183291 vs Ref=2020888 | Close=168.76 vs VAH=169.80
2026-02-09 13:01:02,449 [INFO]     NSE:BSE-EQ | CVD=779974 vs Ref=1074078 | Close=2966.00 vs VAH=2992.50
2026-02-09 13:01:02,618 [INFO]     NSE:GODREJPROP-EQ | CVD=612587 vs Ref=775559 | Close=1809.00 vs VAH=1809.60
2026-02-09 13:02:02,619 [INFO] 🔍 Scanning for alerts on 4 symbols (5min)...
2026-02-09 13:02:02,780 [INFO]     NSE:RBLBANK-EQ | CVD=353838 vs Ref=327314 | Close=307.35 vs VAH=307.60
2026-02-09 13:02:02,938 [INFO]     NSE:BANKINDIA-EQ | CVD=1161781 vs Ref=2020888 | Close=168.68 vs VAH=169.80
2026-02-09 13:02:03,085 [INFO]     NSE:BSE-EQ | CVD=775629 vs Ref=1074078 | Close=2963.90 vs VAH=2992.50
2026-02-09 13:02:03,223 [INFO]     NSE:GODREJPROP-EQ | CVD=612587 vs Ref=775559 | Close=1809.00 vs VAH=1809.60
2026-02-09 13:03:03,225 [INFO] 🔍 Scanning for alerts on 4 symbols (5min)...
2026-02-09 13:03:03,382 [INFO]     NSE:RBLBANK-EQ | CVD=353838 vs Ref=327314 | Close=307.35 vs VAH=307.60
2026-02-09 13:03:03,527 [INFO]     NSE:BANKINDIA-EQ | CVD=1161781 vs Ref=2020888 | Close=168.68 vs VAH=169.80
2026-02-09 13:03:03,666 [INFO]     NSE:BSE-EQ | CVD=775629 vs Ref=1074078 | Close=2963.90 vs VAH=2992.50
2026-02-09 13:03:03,815 [INFO]     NSE:GODREJPROP-EQ | CVD=612587 vs Ref=775559 | Close=1809.00 vs VAH=1809.60
2026-02-09 13:04:03,817 [INFO] 🔍 Scanning for alerts on 4 symbols (5min)...
2026-02-09 13:04:03,976 [INFO]     NSE:RBLBANK-EQ | CVD=353838 vs Ref=327314 | Close=307.35 vs VAH=307.60
2026-02-09 13:04:04,114 [INFO]     NSE:BANKINDIA-EQ | CVD=1161781 vs Ref=2020888 | Close=168.68 vs VAH=169.80
2026-02-09 13:04:04,257 [INFO]     NSE:BSE-EQ | CVD=775629 vs Ref=1074078 | Close=2963.90 vs VAH=2992.50
2026-02-09 13:04:04,418 [INFO]     NSE:GODREJPROP-EQ | CVD=612587 vs Ref=775559 | Close=1809.00 vs VAH=1809.60
2026-02-09 13:05:04,420 [INFO] 🔍 Scanning for alerts on 4 symbols (5min)...
2026-02-09 13:05:04,568 [INFO]     NSE:RBLBANK-EQ | CVD=353838 vs Ref=327314 | Close=307.35 vs VAH=307.60
2026-02-09 13:05:04,717 [INFO]     NSE:BANKINDIA-EQ | CVD=1161781 vs Ref=2020888 | Close=168.68 vs VAH=169.80
2026-02-09 13:05:04,859 [INFO]     NSE:BSE-EQ | CVD=775629 vs Ref=1074078 | Close=2963.90 vs VAH=2992.50
2026-02-09 13:05:05,017 [INFO]     NSE:GODREJPROP-EQ | CVD=612587 vs Ref=775559 | Close=1809.00 vs VAH=1809.60
2026-02-09 13:06:05,018 [INFO] 🔍 Scanning for alerts on 4 symbols (5min)...
2026-02-09 13:06:05,171 [INFO] 📡 Sending order request for NSE:RBLBANK-EQ to http://localhost:4000/postOrder...
2026-02-09 13:06:09,276 [ERROR] ❌ Failed to send order request for NSE:RBLBANK-EQ: HTTPConnectionPool(host='localhost', port=4000): Max retries exceeded with url: /postOrder (Caused by NewConnectionError("HTTPConnection(host='localhost', port=4000): Failed to establish a new connection: [WinError 10061] No connection could be made because the target machine actively refused it"))
2026-02-09 13:06:09,276 [INFO]     NSE:RBLBANK-EQ | CVD=378219 vs Ref=327314 | Close=307.70 vs VAH=307.60
2026-02-09 13:06:09,418 [INFO]     NSE:BANKINDIA-EQ | CVD=1214822 vs Ref=2020888 | Close=169.02 vs VAH=169.80
2026-02-09 13:06:09,563 [INFO]     NSE:BSE-EQ | CVD=779791 vs Ref=1074078 | Close=2966.50 vs VAH=2992.50
2026-02-09 13:06:09,696 [INFO]     NSE:GODREJPROP-EQ | CVD=608695 vs Ref=775559 | Close=1810.00 vs VAH=1809.60
2026-02-09 13:07:09,697 [INFO] 🔍 Scanning for alerts on 3 symbols (5min)...
2026-02-09 13:07:09,848 [INFO]     NSE:BANKINDIA-EQ | CVD=1214822 vs Ref=2020888 | Close=169.02 vs VAH=169.80
2026-02-09 13:07:09,999 [INFO]     NSE:BSE-EQ | CVD=779791 vs Ref=1074078 | Close=2966.50 vs VAH=2992.50
2026-02-09 13:07:10,137 [INFO]     NSE:GODREJPROP-EQ | CVD=608695 vs Ref=775559 | Close=1810.00 vs VAH=1809.60
2026-02-09 13:08:10,138 [INFO] 🔍 Scanning for alerts on 3 symbols (5min)...
2026-02-09 13:08:10,288 [INFO]     NSE:BANKINDIA-EQ | CVD=1214822 vs Ref=2020888 | Close=169.02 vs VAH=169.80
2026-02-09 13:08:10,442 [INFO]     NSE:BSE-EQ | CVD=779791 vs Ref=1074078 | Close=2966.50 vs VAH=2992.50
2026-02-09 13:08:10,598 [INFO]     NSE:GODREJPROP-EQ | CVD=608695 vs Ref=775559 | Close=1810.00 vs VAH=1809.60
2026-02-09 13:09:10,599 [INFO] 🔍 Scanning for alerts on 3 symbols (5min)...
2026-02-09 13:09:10,737 [INFO]     NSE:BANKINDIA-EQ | CVD=1214822 vs Ref=2020888 | Close=169.02 vs VAH=169.80
2026-02-09 13:09:10,895 [INFO]     NSE:BSE-EQ | CVD=779791 vs Ref=1074078 | Close=2966.50 vs VAH=2992.50
2026-02-09 13:09:11,036 [INFO]     NSE:GODREJPROP-EQ | CVD=608695 vs Ref=775559 | Close=1810.00 vs VAH=1809.60
2026-02-09 13:10:11,038 [INFO] 🔍 Scanning for alerts on 3 symbols (5min)...
2026-02-09 13:10:11,175 [INFO]     NSE:BANKINDIA-EQ | CVD=1214822 vs Ref=2020888 | Close=169.02 vs VAH=169.80
2026-02-09 13:10:11,330 [INFO]     NSE:BSE-EQ | CVD=779791 vs Ref=1074078 | Close=2966.50 vs VAH=2992.50
2026-02-09 13:10:11,478 [INFO]     NSE:GODREJPROP-EQ | CVD=608695 vs Ref=775559 | Close=1810.00 vs VAH=1809.60
2026-02-09 13:11:11,480 [INFO] 🔍 Scanning for alerts on 3 symbols (5min)...
2026-02-09 13:11:11,633 [INFO]     NSE:BANKINDIA-EQ | CVD=1206017 vs Ref=2020888 | Close=169.18 vs VAH=169.80
2026-02-09 13:11:11,772 [INFO]     NSE:BSE-EQ | CVD=793635 vs Ref=1074078 | Close=2971.90 vs VAH=2992.50
2026-02-09 13:11:11,909 [INFO]     NSE:GODREJPROP-EQ | CVD=596314 vs Ref=775559 | Close=1805.00 vs VAH=1809.60
2026-02-09 13:12:11,910 [INFO] 🔍 Scanning for alerts on 3 symbols (5min)...
2026-02-09 13:12:12,057 [INFO]     NSE:BANKINDIA-EQ | CVD=1206017 vs Ref=2020888 | Close=169.18 vs VAH=169.80
2026-02-09 13:12:12,186 [INFO]     NSE:BSE-EQ | CVD=793635 vs Ref=1074078 | Close=2971.90 vs VAH=2992.50
2026-02-09 13:12:12,315 [INFO]     NSE:GODREJPROP-EQ | CVD=596314 vs Ref=775559 | Close=1805.00 vs VAH=1809.60
2026-02-09 13:13:12,316 [INFO] 🔍 Scanning for alerts on 3 symbols (5min)...
2026-02-09 13:13:12,453 [INFO]     NSE:BANKINDIA-EQ | CVD=1206017 vs Ref=2020888 | Close=169.18 vs VAH=169.80
2026-02-09 13:13:12,593 [INFO]     NSE:BSE-EQ | CVD=793635 vs Ref=1074078 | Close=2971.90 vs VAH=2992.50
2026-02-09 13:13:12,733 [INFO]     NSE:GODREJPROP-EQ | CVD=596314 vs Ref=775559 | Close=1805.00 vs VAH=1809.60
2026-02-09 13:14:12,735 [INFO] 🔍 Scanning for alerts on 3 symbols (5min)...
2026-02-09 13:14:12,874 [INFO]     NSE:BANKINDIA-EQ | CVD=1206017 vs Ref=2020888 | Close=169.18 vs VAH=169.80
2026-02-09 13:14:13,027 [INFO]     NSE:BSE-EQ | CVD=793635 vs Ref=1074078 | Close=2971.90 vs VAH=2992.50
2026-02-09 13:14:13,166 [INFO]     NSE:GODREJPROP-EQ | CVD=596314 vs Ref=775559 | Close=1805.00 vs VAH=1809.60
2026-02-09 13:15:13,168 [INFO] 🔍 Scanning for alerts on 3 symbols (5min)...
2026-02-09 13:15:13,327 [INFO]     NSE:BANKINDIA-EQ | CVD=1206017 vs Ref=2020888 | Close=169.18 vs VAH=169.80
2026-02-09 13:15:13,476 [INFO]     NSE:BSE-EQ | CVD=793635 vs Ref=1074078 | Close=2971.90 vs VAH=2992.50
2026-02-09 13:15:13,606 [INFO]     NSE:GODREJPROP-EQ | CVD=596314 vs Ref=775559 | Close=1805.00 vs VAH=1809.60
2026-02-09 13:16:13,608 [INFO] 🔍 Scanning for alerts on 3 symbols (5min)...
2026-02-09 13:16:13,748 [INFO]     NSE:BANKINDIA-EQ | CVD=1150026 vs Ref=2020888 | Close=169.00 vs VAH=169.80
2026-02-09 13:16:13,905 [INFO]     NSE:BSE-EQ | CVD=779958 vs Ref=1074078 | Close=2967.70 vs VAH=2992.50
2026-02-09 13:16:14,058 [INFO]     NSE:GODREJPROP-EQ | CVD=596912 vs Ref=775559 | Close=1810.10 vs VAH=1809.60
2026-02-09 13:17:14,059 [INFO] 🔍 Scanning for alerts on 3 symbols (5min)...
2026-02-09 13:17:14,185 [INFO]     NSE:BANKINDIA-EQ | CVD=1150026 vs Ref=2020888 | Close=169.00 vs VAH=169.80
2026-02-09 13:17:14,348 [INFO]     NSE:BSE-EQ | CVD=779958 vs Ref=1074078 | Close=2967.70 vs VAH=2992.50
2026-02-09 13:17:14,492 [INFO]     NSE:GODREJPROP-EQ | CVD=596912 vs Ref=775559 | Close=1810.10 vs VAH=1809.60
2026-02-09 13:18:14,493 [INFO] 🔍 Scanning for alerts on 3 symbols (5min)...
2026-02-09 13:18:14,642 [INFO]     NSE:BANKINDIA-EQ | CVD=1150026 vs Ref=2020888 | Close=169.00 vs VAH=169.80
2026-02-09 13:18:14,788 [INFO]     NSE:BSE-EQ | CVD=779958 vs Ref=1074078 | Close=2967.70 vs VAH=2992.50
2026-02-09 13:18:14,932 [INFO]     NSE:GODREJPROP-EQ | CVD=596912 vs Ref=775559 | Close=1810.10 vs VAH=1809.60
2026-02-09 13:19:14,933 [INFO] 🔍 Scanning for alerts on 3 symbols (5min)...
2026-02-09 13:19:15,075 [INFO]     NSE:BANKINDIA-EQ | CVD=1150026 vs Ref=2020888 | Close=169.00 vs VAH=169.80
2026-02-09 13:19:15,212 [INFO]     NSE:BSE-EQ | CVD=779958 vs Ref=1074078 | Close=2967.70 vs VAH=2992.50
2026-02-09 13:19:15,352 [INFO]     NSE:GODREJPROP-EQ | CVD=596912 vs Ref=775559 | Close=1810.10 vs VAH=1809.60
2026-02-09 13:20:15,354 [INFO] 🔍 Scanning for alerts on 3 symbols (5min)...
2026-02-09 13:20:15,509 [INFO]     NSE:BANKINDIA-EQ | CVD=1150026 vs Ref=2020888 | Close=169.00 vs VAH=169.80
2026-02-09 13:20:15,646 [INFO]     NSE:BSE-EQ | CVD=779958 vs Ref=1074078 | Close=2967.70 vs VAH=2992.50
2026-02-09 13:20:15,785 [INFO]     NSE:GODREJPROP-EQ | CVD=596912 vs Ref=775559 | Close=1810.10 vs VAH=1809.60
2026-02-09 13:21:15,787 [INFO] 🔍 Scanning for alerts on 3 symbols (5min)...
2026-02-09 13:21:15,936 [INFO]     NSE:BANKINDIA-EQ | CVD=1134355 vs Ref=2020888 | Close=168.85 vs VAH=169.80
2026-02-09 13:21:16,086 [INFO]     NSE:BSE-EQ | CVD=758390 vs Ref=1074078 | Close=2967.10 vs VAH=2992.50
2026-02-09 13:21:16,223 [INFO]     NSE:GODREJPROP-EQ | CVD=586106 vs Ref=775559 | Close=1810.50 vs VAH=1809.60
2026-02-09 13:22:16,225 [INFO] 🔍 Scanning for alerts on 3 symbols (5min)...
2026-02-09 13:22:16,369 [INFO]     NSE:BANKINDIA-EQ | CVD=1134355 vs Ref=2020888 | Close=168.85 vs VAH=169.80
2026-02-09 13:22:16,510 [INFO]     NSE:BSE-EQ | CVD=758390 vs Ref=1074078 | Close=2967.10 vs VAH=2992.50
2026-02-09 13:22:16,635 [INFO]     NSE:GODREJPROP-EQ | CVD=586106 vs Ref=775559 | Close=1810.50 vs VAH=1809.60
2026-02-09 13:23:16,636 [INFO] 🔍 Scanning for alerts on 3 symbols (5min)...
2026-02-09 13:23:16,792 [INFO]     NSE:BANKINDIA-EQ | CVD=1134355 vs Ref=2020888 | Close=168.85 vs VAH=169.80
2026-02-09 13:23:16,926 [INFO]     NSE:BSE-EQ | CVD=758390 vs Ref=1074078 | Close=2967.10 vs VAH=2992.50
2026-02-09 13:23:17,078 [INFO]     NSE:GODREJPROP-EQ | CVD=586106 vs Ref=775559 | Close=1810.50 vs VAH=1809.60
2026-02-09 13:24:17,079 [INFO] 🔍 Scanning for alerts on 3 symbols (5min)...
2026-02-09 13:24:17,220 [INFO]     NSE:BANKINDIA-EQ | CVD=1134355 vs Ref=2020888 | Close=168.85 vs VAH=169.80
2026-02-09 13:24:17,373 [INFO]     NSE:BSE-EQ | CVD=758390 vs Ref=1074078 | Close=2967.10 vs VAH=2992.50
2026-02-09 13:24:17,522 [INFO]     NSE:GODREJPROP-EQ | CVD=586106 vs Ref=775559 | Close=1810.50 vs VAH=1809.60
2026-02-09 13:25:17,523 [INFO] 🔍 Scanning for alerts on 3 symbols (5min)...
2026-02-09 13:25:17,664 [INFO]     NSE:BANKINDIA-EQ | CVD=1134355 vs Ref=2020888 | Close=168.85 vs VAH=169.80
2026-02-09 13:25:17,820 [INFO]     NSE:BSE-EQ | CVD=758390 vs Ref=1074078 | Close=2967.10 vs VAH=2992.50
2026-02-09 13:25:17,973 [INFO]     NSE:GODREJPROP-EQ | CVD=586106 vs Ref=775559 | Close=1810.50 vs VAH=1809.60
2026-02-09 13:26:17,974 [INFO] 🔍 Scanning for alerts on 3 symbols (5min)...
2026-02-09 13:26:18,111 [INFO]     NSE:BANKINDIA-EQ | CVD=1086632 vs Ref=2020888 | Close=168.85 vs VAH=169.80
2026-02-09 13:26:18,253 [INFO]     NSE:BSE-EQ | CVD=741121 vs Ref=1074078 | Close=2965.00 vs VAH=2992.50
2026-02-09 13:26:18,411 [INFO]     NSE:GODREJPROP-EQ | CVD=582638 vs Ref=775559 | Close=1810.00 vs VAH=1809.60
2026-02-09 13:27:18,412 [INFO] 🔍 Scanning for alerts on 3 symbols (5min)...
2026-02-09 13:27:18,563 [INFO]     NSE:BANKINDIA-EQ | CVD=1086632 vs Ref=2020888 | Close=168.85 vs VAH=169.80
2026-02-09 13:27:18,698 [INFO]     NSE:BSE-EQ | CVD=741121 vs Ref=1074078 | Close=2965.00 vs VAH=2992.50
2026-02-09 13:27:18,834 [INFO]     NSE:GODREJPROP-EQ | CVD=582638 vs Ref=775559 | Close=1810.00 vs VAH=1809.60
2026-02-09 13:28:18,836 [INFO] 🔍 Scanning for alerts on 3 symbols (5min)...
2026-02-09 13:28:18,979 [INFO]     NSE:BANKINDIA-EQ | CVD=1086632 vs Ref=2020888 | Close=168.85 vs VAH=169.80
2026-02-09 13:28:19,143 [INFO]     NSE:BSE-EQ | CVD=741121 vs Ref=1074078 | Close=2965.00 vs VAH=2992.50
2026-02-09 13:28:19,285 [INFO]     NSE:GODREJPROP-EQ | CVD=582638 vs Ref=775559 | Close=1810.00 vs VAH=1809.60
2026-02-09 13:29:19,287 [INFO] 🔍 Scanning for alerts on 3 symbols (5min)...
2026-02-09 13:29:19,436 [INFO]     NSE:BANKINDIA-EQ | CVD=1086632 vs Ref=2020888 | Close=168.85 vs VAH=169.80
2026-02-09 13:29:19,575 [INFO]     NSE:BSE-EQ | CVD=741121 vs Ref=1074078 | Close=2965.00 vs VAH=2992.50
2026-02-09 13:29:19,716 [INFO]     NSE:GODREJPROP-EQ | CVD=582638 vs Ref=775559 | Close=1810.00 vs VAH=1809.60
2026-02-09 13:30:19,717 [INFO] 🔍 Scanning for alerts on 3 symbols (5min)...
2026-02-09 13:30:19,866 [INFO]     NSE:BANKINDIA-EQ | CVD=1086632 vs Ref=2020888 | Close=168.85 vs VAH=169.80
2026-02-09 13:30:20,016 [INFO]     NSE:BSE-EQ | CVD=741121 vs Ref=1074078 | Close=2965.00 vs VAH=2992.50
2026-02-09 13:30:20,156 [INFO]     NSE:GODREJPROP-EQ | CVD=582638 vs Ref=775559 | Close=1810.00 vs VAH=1809.60
2026-02-09 13:31:20,157 [INFO] 🔍 Scanning for alerts on 3 symbols (5min)...
2026-02-09 13:31:20,309 [INFO]     NSE:BANKINDIA-EQ | CVD=1067558 vs Ref=2020888 | Close=168.82 vs VAH=169.80
2026-02-09 13:31:20,439 [INFO]     NSE:BSE-EQ | CVD=745452 vs Ref=1074078 | Close=2965.00 vs VAH=2992.50
2026-02-09 13:31:20,598 [INFO]     NSE:GODREJPROP-EQ | CVD=580534 vs Ref=775559 | Close=1807.60 vs VAH=1809.60
2026-02-09 13:32:20,599 [INFO] 🔍 Scanning for alerts on 3 symbols (5min)...
2026-02-09 13:32:20,749 [INFO]     NSE:BANKINDIA-EQ | CVD=1067558 vs Ref=2020888 | Close=168.82 vs VAH=169.80
2026-02-09 13:32:20,891 [INFO]     NSE:BSE-EQ | CVD=745452 vs Ref=1074078 | Close=2965.00 vs VAH=2992.50
2026-02-09 13:32:21,029 [INFO]     NSE:GODREJPROP-EQ | CVD=580534 vs Ref=775559 | Close=1807.60 vs VAH=1809.60
2026-02-09 13:33:21,031 [INFO] 🔍 Scanning for alerts on 3 symbols (5min)...
2026-02-09 13:33:21,182 [INFO]     NSE:BANKINDIA-EQ | CVD=1067558 vs Ref=2020888 | Close=168.82 vs VAH=169.80
2026-02-09 13:33:21,338 [INFO]     NSE:BSE-EQ | CVD=745452 vs Ref=1074078 | Close=2965.00 vs VAH=2992.50
2026-02-09 13:33:21,472 [INFO]     NSE:GODREJPROP-EQ | CVD=580534 vs Ref=775559 | Close=1807.60 vs VAH=1809.60
2026-02-09 13:34:21,474 [INFO] 🔍 Scanning for alerts on 3 symbols (5min)...
2026-02-09 13:34:21,614 [INFO]     NSE:BANKINDIA-EQ | CVD=1067558 vs Ref=2020888 | Close=168.82 vs VAH=169.80
2026-02-09 13:34:21,754 [INFO]     NSE:BSE-EQ | CVD=745452 vs Ref=1074078 | Close=2965.00 vs VAH=2992.50
2026-02-09 13:34:21,894 [INFO]     NSE:GODREJPROP-EQ | CVD=580534 vs Ref=775559 | Close=1807.60 vs VAH=1809.60
2026-02-09 13:35:21,896 [INFO] 🔍 Scanning for alerts on 3 symbols (5min)...
2026-02-09 13:35:22,042 [INFO]     NSE:BANKINDIA-EQ | CVD=1067558 vs Ref=2020888 | Close=168.82 vs VAH=169.80
2026-02-09 13:35:22,169 [INFO]     NSE:BSE-EQ | CVD=745452 vs Ref=1074078 | Close=2965.00 vs VAH=2992.50
2026-02-09 13:35:22,316 [INFO]     NSE:GODREJPROP-EQ | CVD=580534 vs Ref=775559 | Close=1807.60 vs VAH=1809.60
2026-02-09 13:36:22,318 [INFO] 🔍 Scanning for alerts on 3 symbols (5min)...
2026-02-09 13:36:22,474 [INFO]     NSE:BANKINDIA-EQ | CVD=1004930 vs Ref=2020888 | Close=168.69 vs VAH=169.80
2026-02-09 13:36:22,630 [INFO]     NSE:BSE-EQ | CVD=786982 vs Ref=1074078 | Close=2974.80 vs VAH=2992.50
2026-02-09 13:36:22,785 [INFO]     NSE:GODREJPROP-EQ | CVD=587512 vs Ref=775559 | Close=1811.80 vs VAH=1809.60
2026-02-09 13:37:22,786 [INFO] 🔍 Scanning for alerts on 3 symbols (5min)...
2026-02-09 13:37:22,923 [INFO]     NSE:BANKINDIA-EQ | CVD=1004930 vs Ref=2020888 | Close=168.69 vs VAH=169.80
2026-02-09 13:37:23,063 [INFO]     NSE:BSE-EQ | CVD=786982 vs Ref=1074078 | Close=2974.80 vs VAH=2992.50
2026-02-09 13:37:23,199 [INFO]     NSE:GODREJPROP-EQ | CVD=587512 vs Ref=775559 | Close=1811.80 vs VAH=1809.60
2026-02-09 13:38:23,201 [INFO] 🔍 Scanning for alerts on 3 symbols (5min)...
2026-02-09 13:38:23,354 [INFO]     NSE:BANKINDIA-EQ | CVD=1004930 vs Ref=2020888 | Close=168.69 vs VAH=169.80
2026-02-09 13:38:23,504 [INFO]     NSE:BSE-EQ | CVD=786982 vs Ref=1074078 | Close=2974.80 vs VAH=2992.50
2026-02-09 13:38:23,648 [INFO]     NSE:GODREJPROP-EQ | CVD=587512 vs Ref=775559 | Close=1811.80 vs VAH=1809.60
2026-02-09 13:39:23,648 [INFO] 🔍 Scanning for alerts on 3 symbols (5min)...
2026-02-09 13:39:23,797 [INFO]     NSE:BANKINDIA-EQ | CVD=1004930 vs Ref=2020888 | Close=168.69 vs VAH=169.80
2026-02-09 13:39:23,942 [INFO]     NSE:BSE-EQ | CVD=786982 vs Ref=1074078 | Close=2974.80 vs VAH=2992.50
2026-02-09 13:39:24,098 [INFO]     NSE:GODREJPROP-EQ | CVD=587512 vs Ref=775559 | Close=1811.80 vs VAH=1809.60
2026-02-09 13:40:24,100 [INFO] 🔍 Scanning for alerts on 3 symbols (5min)...
2026-02-09 13:40:24,240 [INFO]     NSE:BANKINDIA-EQ | CVD=1004930 vs Ref=2020888 | Close=168.69 vs VAH=169.80
2026-02-09 13:40:24,390 [INFO]     NSE:BSE-EQ | CVD=786982 vs Ref=1074078 | Close=2974.80 vs VAH=2992.50
2026-02-09 13:40:24,530 [INFO]     NSE:GODREJPROP-EQ | CVD=587512 vs Ref=775559 | Close=1811.80 vs VAH=1809.60
2026-02-09 13:41:24,532 [INFO] 🔍 Scanning for alerts on 3 symbols (5min)...
2026-02-09 13:41:24,692 [INFO]     NSE:BANKINDIA-EQ | CVD=997960 vs Ref=2020888 | Close=168.88 vs VAH=169.80
2026-02-09 13:41:24,843 [INFO]     NSE:BSE-EQ | CVD=848847 vs Ref=1074078 | Close=2980.00 vs VAH=2992.50
2026-02-09 13:41:24,980 [INFO]     NSE:GODREJPROP-EQ | CVD=578223 vs Ref=775559 | Close=1806.00 vs VAH=1809.60
2026-02-09 13:42:24,981 [INFO] 🔍 Scanning for alerts on 3 symbols (5min)...
2026-02-09 13:42:25,131 [INFO]     NSE:BANKINDIA-EQ | CVD=997960 vs Ref=2020888 | Close=168.88 vs VAH=169.80
2026-02-09 13:42:25,273 [INFO]     NSE:BSE-EQ | CVD=848847 vs Ref=1074078 | Close=2980.00 vs VAH=2992.50
2026-02-09 13:42:25,425 [INFO]     NSE:GODREJPROP-EQ | CVD=578223 vs Ref=775559 | Close=1806.00 vs VAH=1809.60
2026-02-09 13:43:25,427 [INFO] 🔍 Scanning for alerts on 3 symbols (5min)...
2026-02-09 13:43:25,567 [INFO]     NSE:BANKINDIA-EQ | CVD=997960 vs Ref=2020888 | Close=168.88 vs VAH=169.80
2026-02-09 13:43:25,714 [INFO]     NSE:BSE-EQ | CVD=848847 vs Ref=1074078 | Close=2980.00 vs VAH=2992.50
2026-02-09 13:43:25,876 [INFO]     NSE:GODREJPROP-EQ | CVD=578223 vs Ref=775559 | Close=1806.00 vs VAH=1809.60
2026-02-09 13:44:25,878 [INFO] 🔍 Scanning for alerts on 3 symbols (5min)...
2026-02-09 13:44:26,049 [INFO]     NSE:BANKINDIA-EQ | CVD=997960 vs Ref=2020888 | Close=168.88 vs VAH=169.80
2026-02-09 13:44:26,221 [INFO]     NSE:BSE-EQ | CVD=848847 vs Ref=1074078 | Close=2980.00 vs VAH=2992.50
2026-02-09 13:44:26,380 [INFO]     NSE:GODREJPROP-EQ | CVD=578223 vs Ref=775559 | Close=1806.00 vs VAH=1809.60
2026-02-09 13:45:26,381 [INFO] 🔍 Scanning for alerts on 3 symbols (5min)...
2026-02-09 13:45:26,520 [INFO]     NSE:BANKINDIA-EQ | CVD=997960 vs Ref=2020888 | Close=168.88 vs VAH=169.80
2026-02-09 13:45:26,755 [INFO]     NSE:BSE-EQ | CVD=848847 vs Ref=1074078 | Close=2980.00 vs VAH=2992.50
2026-02-09 13:45:27,355 [INFO]     NSE:GODREJPROP-EQ | CVD=578223 vs Ref=775559 | Close=1806.00 vs VAH=1809.60
2026-02-09 13:46:27,362 [INFO] 🔍 Scanning for alerts on 3 symbols (5min)...
2026-02-09 13:46:27,528 [INFO]     NSE:BANKINDIA-EQ | CVD=961632 vs Ref=2020888 | Close=168.88 vs VAH=169.80
2026-02-09 13:46:27,692 [INFO]     NSE:BSE-EQ | CVD=841797 vs Ref=1074078 | Close=2980.50 vs VAH=2992.50
2026-02-09 13:46:27,833 [INFO]     NSE:GODREJPROP-EQ | CVD=573638 vs Ref=775559 | Close=1803.30 vs VAH=1809.60
2026-02-09 13:47:27,834 [INFO] 🔍 Scanning for alerts on 3 symbols (5min)...
2026-02-09 13:47:27,986 [INFO]     NSE:BANKINDIA-EQ | CVD=961632 vs Ref=2020888 | Close=168.88 vs VAH=169.80
2026-02-09 13:47:28,131 [INFO]     NSE:BSE-EQ | CVD=841797 vs Ref=1074078 | Close=2980.50 vs VAH=2992.50
2026-02-09 13:47:28,270 [INFO]     NSE:GODREJPROP-EQ | CVD=573638 vs Ref=775559 | Close=1803.30 vs VAH=1809.60
2026-02-09 13:48:28,272 [INFO] 🔍 Scanning for alerts on 3 symbols (5min)...
2026-02-09 13:48:28,423 [INFO]     NSE:BANKINDIA-EQ | CVD=961632 vs Ref=2020888 | Close=168.88 vs VAH=169.80
2026-02-09 13:48:28,575 [INFO]     NSE:BSE-EQ | CVD=841797 vs Ref=1074078 | Close=2980.50 vs VAH=2992.50
2026-02-09 13:48:28,713 [INFO]     NSE:GODREJPROP-EQ | CVD=573638 vs Ref=775559 | Close=1803.30 vs VAH=1809.60
2026-02-09 13:49:28,714 [INFO] 🔍 Scanning for alerts on 3 symbols (5min)...
2026-02-09 13:49:28,872 [INFO]     NSE:BANKINDIA-EQ | CVD=961632 vs Ref=2020888 | Close=168.88 vs VAH=169.80
2026-02-09 13:49:29,014 [INFO]     NSE:BSE-EQ | CVD=841797 vs Ref=1074078 | Close=2980.50 vs VAH=2992.50
2026-02-09 13:49:29,167 [INFO]     NSE:GODREJPROP-EQ | CVD=573638 vs Ref=775559 | Close=1803.30 vs VAH=1809.60
2026-02-09 13:50:29,168 [INFO] 🔍 Scanning for alerts on 3 symbols (5min)...
2026-02-09 13:50:29,348 [INFO]     NSE:BANKINDIA-EQ | CVD=961632 vs Ref=2020888 | Close=168.88 vs VAH=169.80
2026-02-09 13:50:29,503 [INFO]     NSE:BSE-EQ | CVD=841797 vs Ref=1074078 | Close=2980.50 vs VAH=2992.50
2026-02-09 13:50:29,676 [INFO]     NSE:GODREJPROP-EQ | CVD=573638 vs Ref=775559 | Close=1803.30 vs VAH=1809.60
2026-02-09 13:51:29,678 [INFO] 🔍 Scanning for alerts on 3 symbols (5min)...
2026-02-09 13:51:29,825 [INFO]     NSE:BANKINDIA-EQ | CVD=880657 vs Ref=2020888 | Close=168.60 vs VAH=169.80
2026-02-09 13:51:29,985 [INFO]     NSE:BSE-EQ | CVD=794562 vs Ref=1074078 | Close=2977.70 vs VAH=2992.50
2026-02-09 13:51:30,136 [INFO]     NSE:GODREJPROP-EQ | CVD=562567 vs Ref=775559 | Close=1801.80 vs VAH=1809.60
2026-02-09 13:52:30,137 [INFO] 🔍 Scanning for alerts on 3 symbols (5min)...
2026-02-09 13:52:30,288 [INFO]     NSE:BANKINDIA-EQ | CVD=880657 vs Ref=2020888 | Close=168.60 vs VAH=169.80
2026-02-09 13:52:30,427 [INFO]     NSE:BSE-EQ | CVD=794562 vs Ref=1074078 | Close=2977.70 vs VAH=2992.50
2026-02-09 13:52:30,569 [INFO]     NSE:GODREJPROP-EQ | CVD=562567 vs Ref=775559 | Close=1801.80 vs VAH=1809.60
2026-02-09 13:53:30,571 [INFO] 🔍 Scanning for alerts on 3 symbols (5min)...
2026-02-09 13:53:30,732 [INFO]     NSE:BANKINDIA-EQ | CVD=880657 vs Ref=2020888 | Close=168.60 vs VAH=169.80
2026-02-09 13:53:30,882 [INFO]     NSE:BSE-EQ | CVD=794562 vs Ref=1074078 | Close=2977.70 vs VAH=2992.50
2026-02-09 13:53:31,012 [INFO]     NSE:GODREJPROP-EQ | CVD=562567 vs Ref=775559 | Close=1801.80 vs VAH=1809.60
2026-02-09 13:54:31,013 [INFO] 🔍 Scanning for alerts on 3 symbols (5min)...
2026-02-09 13:54:31,162 [INFO]     NSE:BANKINDIA-EQ | CVD=880657 vs Ref=2020888 | Close=168.60 vs VAH=169.80
2026-02-09 13:54:31,298 [INFO]     NSE:BSE-EQ | CVD=794562 vs Ref=1074078 | Close=2977.70 vs VAH=2992.50
2026-02-09 13:54:31,439 [INFO]     NSE:GODREJPROP-EQ | CVD=562567 vs Ref=775559 | Close=1801.80 vs VAH=1809.60
2026-02-09 13:55:31,440 [INFO] 🔍 Scanning for alerts on 3 symbols (5min)...
2026-02-09 13:55:31,592 [INFO]     NSE:BANKINDIA-EQ | CVD=880657 vs Ref=2020888 | Close=168.60 vs VAH=169.80
2026-02-09 13:55:31,739 [INFO]     NSE:BSE-EQ | CVD=794562 vs Ref=1074078 | Close=2977.70 vs VAH=2992.50
2026-02-09 13:55:31,875 [INFO]     NSE:GODREJPROP-EQ | CVD=562567 vs Ref=775559 | Close=1801.80 vs VAH=1809.60
2026-02-09 13:56:31,876 [INFO] 🔍 Scanning for alerts on 3 symbols (5min)...
2026-02-09 13:56:32,026 [INFO]     NSE:BANKINDIA-EQ | CVD=881590 vs Ref=2020888 | Close=168.65 vs VAH=169.80
2026-02-09 13:56:32,173 [INFO]     NSE:BSE-EQ | CVD=783823 vs Ref=1074078 | Close=2978.20 vs VAH=2992.50
2026-02-09 13:56:32,326 [INFO]     NSE:GODREJPROP-EQ | CVD=564551 vs Ref=775559 | Close=1801.80 vs VAH=1809.60
2026-02-09 13:57:32,327 [INFO] 🔍 Scanning for alerts on 3 symbols (5min)...
2026-02-09 13:57:32,485 [INFO]     NSE:BANKINDIA-EQ | CVD=881590 vs Ref=2020888 | Close=168.65 vs VAH=169.80
2026-02-09 13:57:32,625 [INFO]     NSE:BSE-EQ | CVD=783823 vs Ref=1074078 | Close=2978.20 vs VAH=2992.50
2026-02-09 13:57:32,753 [INFO]     NSE:GODREJPROP-EQ | CVD=564551 vs Ref=775559 | Close=1801.80 vs VAH=1809.60
2026-02-09 13:58:32,754 [INFO] 🔍 Scanning for alerts on 3 symbols (5min)...
2026-02-09 13:58:32,909 [INFO]     NSE:BANKINDIA-EQ | CVD=881590 vs Ref=2020888 | Close=168.65 vs VAH=169.80
2026-02-09 13:58:33,061 [INFO]     NSE:BSE-EQ | CVD=783823 vs Ref=1074078 | Close=2978.20 vs VAH=2992.50
2026-02-09 13:58:33,197 [INFO]     NSE:GODREJPROP-EQ | CVD=564551 vs Ref=775559 | Close=1801.80 vs VAH=1809.60
2026-02-09 13:59:33,199 [INFO] 🔍 Scanning for alerts on 3 symbols (5min)...
2026-02-09 13:59:33,349 [INFO]     NSE:BANKINDIA-EQ | CVD=881590 vs Ref=2020888 | Close=168.65 vs VAH=169.80
2026-02-09 13:59:33,476 [INFO]     NSE:BSE-EQ | CVD=783823 vs Ref=1074078 | Close=2978.20 vs VAH=2992.50
2026-02-09 13:59:33,610 [INFO]     NSE:GODREJPROP-EQ | CVD=564551 vs Ref=775559 | Close=1801.80 vs VAH=1809.60
2026-02-09 14:00:33,612 [INFO] 🔍 Scanning for alerts on 3 symbols (5min)...
2026-02-09 14:00:33,752 [INFO]     NSE:BANKINDIA-EQ | CVD=881590 vs Ref=2020888 | Close=168.65 vs VAH=169.80
2026-02-09 14:00:33,889 [INFO]     NSE:BSE-EQ | CVD=783823 vs Ref=1074078 | Close=2978.20 vs VAH=2992.50
2026-02-09 14:00:34,043 [INFO]     NSE:GODREJPROP-EQ | CVD=564551 vs Ref=775559 | Close=1801.80 vs VAH=1809.60
2026-02-09 14:01:34,043 [INFO] 🔍 Scanning for alerts on 3 symbols (5min)...
2026-02-09 14:01:34,197 [INFO]     NSE:BANKINDIA-EQ | CVD=1017294 vs Ref=2020888 | Close=168.43 vs VAH=169.80
2026-02-09 14:01:34,337 [INFO]     NSE:BSE-EQ | CVD=782814 vs Ref=1074078 | Close=2976.10 vs VAH=2992.50
2026-02-09 14:01:34,474 [INFO]     NSE:GODREJPROP-EQ | CVD=558501 vs Ref=775559 | Close=1800.80 vs VAH=1809.60
2026-02-09 14:02:34,475 [INFO] 🔍 Scanning for alerts on 3 symbols (5min)...
2026-02-09 14:02:34,634 [INFO]     NSE:BANKINDIA-EQ | CVD=1017294 vs Ref=2020888 | Close=168.43 vs VAH=169.80
2026-02-09 14:02:34,802 [INFO]     NSE:BSE-EQ | CVD=782814 vs Ref=1074078 | Close=2976.10 vs VAH=2992.50
2026-02-09 14:02:34,960 [INFO]     NSE:GODREJPROP-EQ | CVD=558501 vs Ref=775559 | Close=1800.80 vs VAH=1809.60
2026-02-09 14:03:34,961 [INFO] 🔍 Scanning for alerts on 3 symbols (5min)...
2026-02-09 14:03:35,112 [INFO]     NSE:BANKINDIA-EQ | CVD=1017294 vs Ref=2020888 | Close=168.43 vs VAH=169.80
2026-02-09 14:03:35,266 [INFO]     NSE:BSE-EQ | CVD=782814 vs Ref=1074078 | Close=2976.10 vs VAH=2992.50
2026-02-09 14:03:35,397 [INFO]     NSE:GODREJPROP-EQ | CVD=558501 vs Ref=775559 | Close=1800.80 vs VAH=1809.60
2026-02-09 14:04:35,398 [INFO] 🔍 Scanning for alerts on 3 symbols (5min)...
2026-02-09 14:04:35,549 [INFO]     NSE:BANKINDIA-EQ | CVD=1017294 vs Ref=2020888 | Close=168.43 vs VAH=169.80
2026-02-09 14:04:35,693 [INFO]     NSE:BSE-EQ | CVD=782814 vs Ref=1074078 | Close=2976.10 vs VAH=2992.50
2026-02-09 14:04:35,834 [INFO]     NSE:GODREJPROP-EQ | CVD=558501 vs Ref=775559 | Close=1800.80 vs VAH=1809.60
2026-02-09 14:05:35,834 [INFO] 🔍 Scanning for alerts on 3 symbols (5min)...
2026-02-09 14:05:35,993 [INFO]     NSE:BANKINDIA-EQ | CVD=1017294 vs Ref=2020888 | Close=168.43 vs VAH=169.80
2026-02-09 14:05:36,149 [INFO]     NSE:BSE-EQ | CVD=782814 vs Ref=1074078 | Close=2976.10 vs VAH=2992.50
2026-02-09 14:05:36,303 [INFO]     NSE:GODREJPROP-EQ | CVD=558501 vs Ref=775559 | Close=1800.80 vs VAH=1809.60
2026-02-09 14:06:36,304 [INFO] 🔍 Scanning for alerts on 3 symbols (5min)...
2026-02-09 14:06:36,449 [INFO]     NSE:BANKINDIA-EQ | CVD=1030702 vs Ref=2020888 | Close=168.59 vs VAH=169.80
2026-02-09 14:06:37,997 [INFO]     NSE:BSE-EQ | CVD=788596 vs Ref=1074078 | Close=2979.90 vs VAH=2992.50
2026-02-09 14:06:38,151 [INFO]     NSE:GODREJPROP-EQ | CVD=556595 vs Ref=775559 | Close=1798.50 vs VAH=1809.60
2026-02-09 14:07:38,152 [INFO] 🔍 Scanning for alerts on 3 symbols (5min)...
2026-02-09 14:07:38,300 [INFO]     NSE:BANKINDIA-EQ | CVD=1030702 vs Ref=2020888 | Close=168.59 vs VAH=169.80
2026-02-09 14:07:38,443 [INFO]     NSE:BSE-EQ | CVD=788596 vs Ref=1074078 | Close=2979.90 vs VAH=2992.50
2026-02-09 14:07:38,594 [INFO]     NSE:GODREJPROP-EQ | CVD=556595 vs Ref=775559 | Close=1798.50 vs VAH=1809.60
2026-02-09 14:08:38,595 [INFO] 🔍 Scanning for alerts on 3 symbols (5min)...
2026-02-09 14:08:38,744 [INFO]     NSE:BANKINDIA-EQ | CVD=1030702 vs Ref=2020888 | Close=168.59 vs VAH=169.80
2026-02-09 14:08:38,879 [INFO]     NSE:BSE-EQ | CVD=788596 vs Ref=1074078 | Close=2979.90 vs VAH=2992.50
2026-02-09 14:08:39,045 [INFO]     NSE:GODREJPROP-EQ | CVD=556595 vs Ref=775559 | Close=1798.50 vs VAH=1809.60
2026-02-09 14:09:39,046 [INFO] 🔍 Scanning for alerts on 3 symbols (5min)...
2026-02-09 14:09:39,199 [INFO]     NSE:BANKINDIA-EQ | CVD=1030702 vs Ref=2020888 | Close=168.59 vs VAH=169.80
2026-02-09 14:09:39,356 [INFO]     NSE:BSE-EQ | CVD=788596 vs Ref=1074078 | Close=2979.90 vs VAH=2992.50
2026-02-09 14:09:39,498 [INFO]     NSE:GODREJPROP-EQ | CVD=556595 vs Ref=775559 | Close=1798.50 vs VAH=1809.60
2026-02-09 14:10:39,500 [INFO] 🔍 Scanning for alerts on 3 symbols (5min)...
2026-02-09 14:10:39,653 [INFO]     NSE:BANKINDIA-EQ | CVD=1030702 vs Ref=2020888 | Close=168.59 vs VAH=169.80
2026-02-09 14:10:39,782 [INFO]     NSE:BSE-EQ | CVD=788596 vs Ref=1074078 | Close=2979.90 vs VAH=2992.50
2026-02-09 14:10:39,908 [INFO]     NSE:GODREJPROP-EQ | CVD=556595 vs Ref=775559 | Close=1798.50 vs VAH=1809.60
2026-02-09 14:11:39,912 [INFO] 🔍 Scanning for alerts on 3 symbols (5min)...
2026-02-09 14:11:40,070 [INFO]     NSE:BANKINDIA-EQ | CVD=1022556 vs Ref=2020888 | Close=168.70 vs VAH=169.80
2026-02-09 14:11:40,225 [INFO]     NSE:BSE-EQ | CVD=813895 vs Ref=1074078 | Close=2982.80 vs VAH=2992.50
2026-02-09 14:11:40,368 [INFO]     NSE:GODREJPROP-EQ | CVD=555330 vs Ref=775559 | Close=1798.30 vs VAH=1809.60
2026-02-09 14:12:40,369 [INFO] 🔍 Scanning for alerts on 3 symbols (5min)...
2026-02-09 14:12:40,519 [INFO]     NSE:BANKINDIA-EQ | CVD=1022556 vs Ref=2020888 | Close=168.70 vs VAH=169.80
2026-02-09 14:12:40,685 [INFO]     NSE:BSE-EQ | CVD=813895 vs Ref=1074078 | Close=2982.80 vs VAH=2992.50
2026-02-09 14:12:40,823 [INFO]     NSE:GODREJPROP-EQ | CVD=555330 vs Ref=775559 | Close=1798.30 vs VAH=1809.60
2026-02-09 14:13:40,824 [INFO] 🔍 Scanning for alerts on 3 symbols (5min)...
2026-02-09 14:13:40,975 [INFO]     NSE:BANKINDIA-EQ | CVD=1022556 vs Ref=2020888 | Close=168.70 vs VAH=169.80
2026-02-09 14:13:41,119 [INFO]     NSE:BSE-EQ | CVD=813895 vs Ref=1074078 | Close=2982.80 vs VAH=2992.50
2026-02-09 14:13:41,271 [INFO]     NSE:GODREJPROP-EQ | CVD=555330 vs Ref=775559 | Close=1798.30 vs VAH=1809.60
2026-02-09 14:14:41,273 [INFO] 🔍 Scanning for alerts on 3 symbols (5min)...
2026-02-09 14:14:41,434 [INFO]     NSE:BANKINDIA-EQ | CVD=1022556 vs Ref=2020888 | Close=168.70 vs VAH=169.80
2026-02-09 14:14:41,574 [INFO]     NSE:BSE-EQ | CVD=813895 vs Ref=1074078 | Close=2982.80 vs VAH=2992.50
2026-02-09 14:14:41,746 [INFO]     NSE:GODREJPROP-EQ | CVD=555330 vs Ref=775559 | Close=1798.30 vs VAH=1809.60
2026-02-09 14:15:41,747 [INFO] 🔍 Scanning for alerts on 3 symbols (5min)...
2026-02-09 14:15:41,898 [INFO]     NSE:BANKINDIA-EQ | CVD=1022556 vs Ref=2020888 | Close=168.70 vs VAH=169.80
2026-02-09 14:15:42,040 [INFO]     NSE:BSE-EQ | CVD=813895 vs Ref=1074078 | Close=2982.80 vs VAH=2992.50
2026-02-09 14:15:42,183 [INFO]     NSE:GODREJPROP-EQ | CVD=555330 vs Ref=775559 | Close=1798.30 vs VAH=1809.60
2026-02-09 14:16:42,185 [INFO] 🔍 Scanning for alerts on 3 symbols (5min)...
2026-02-09 14:16:42,335 [INFO]     NSE:BANKINDIA-EQ | CVD=991469 vs Ref=2020888 | Close=168.62 vs VAH=169.80
2026-02-09 14:16:42,470 [INFO]     NSE:BSE-EQ | CVD=816970 vs Ref=1074078 | Close=2982.60 vs VAH=2992.50
2026-02-09 14:16:42,610 [INFO]     NSE:GODREJPROP-EQ | CVD=558774 vs Ref=775559 | Close=1798.30 vs VAH=1809.60
2026-02-09 14:17:42,611 [INFO] 🔍 Scanning for alerts on 3 symbols (5min)...
2026-02-09 14:17:42,761 [INFO]     NSE:BANKINDIA-EQ | CVD=991469 vs Ref=2020888 | Close=168.62 vs VAH=169.80
2026-02-09 14:17:42,906 [INFO]     NSE:BSE-EQ | CVD=816970 vs Ref=1074078 | Close=2982.60 vs VAH=2992.50
2026-02-09 14:17:43,051 [INFO]     NSE:GODREJPROP-EQ | CVD=558774 vs Ref=775559 | Close=1798.30 vs VAH=1809.60
2026-02-09 14:18:43,053 [INFO] 🔍 Scanning for alerts on 3 symbols (5min)...
2026-02-09 14:18:43,203 [INFO]     NSE:BANKINDIA-EQ | CVD=991469 vs Ref=2020888 | Close=168.62 vs VAH=169.80
2026-02-09 14:18:43,355 [INFO]     NSE:BSE-EQ | CVD=816970 vs Ref=1074078 | Close=2982.60 vs VAH=2992.50
2026-02-09 14:18:43,491 [INFO]     NSE:GODREJPROP-EQ | CVD=558774 vs Ref=775559 | Close=1798.30 vs VAH=1809.60
2026-02-09 14:19:43,492 [INFO] 🔍 Scanning for alerts on 3 symbols (5min)...
2026-02-09 14:19:43,642 [INFO]     NSE:BANKINDIA-EQ | CVD=991469 vs Ref=2020888 | Close=168.62 vs VAH=169.80
2026-02-09 14:19:43,781 [INFO]     NSE:BSE-EQ | CVD=816970 vs Ref=1074078 | Close=2982.60 vs VAH=2992.50
2026-02-09 14:19:43,916 [INFO]     NSE:GODREJPROP-EQ | CVD=558774 vs Ref=775559 | Close=1798.30 vs VAH=1809.60
2026-02-09 14:20:43,919 [INFO] 🔍 Scanning for alerts on 3 symbols (5min)...
2026-02-09 14:20:44,056 [INFO]     NSE:BANKINDIA-EQ | CVD=991469 vs Ref=2020888 | Close=168.62 vs VAH=169.80
2026-02-09 14:20:44,191 [INFO]     NSE:BSE-EQ | CVD=816970 vs Ref=1074078 | Close=2982.60 vs VAH=2992.50
2026-02-09 14:20:44,342 [INFO]     NSE:GODREJPROP-EQ | CVD=558774 vs Ref=775559 | Close=1798.30 vs VAH=1809.60
2026-02-09 14:21:44,344 [INFO] 🔍 Scanning for alerts on 3 symbols (5min)...
2026-02-09 14:21:44,499 [INFO]     NSE:BANKINDIA-EQ | CVD=929397 vs Ref=2020888 | Close=168.50 vs VAH=169.80
2026-02-09 14:21:45,531 [INFO]     NSE:BSE-EQ | CVD=836231 vs Ref=1074078 | Close=2985.40 vs VAH=2992.50
2026-02-09 14:21:45,679 [INFO]     NSE:GODREJPROP-EQ | CVD=583478 vs Ref=775559 | Close=1799.40 vs VAH=1809.60
2026-02-09 14:22:45,681 [INFO] 🔍 Scanning for alerts on 3 symbols (5min)...
2026-02-09 14:22:45,824 [INFO]     NSE:BANKINDIA-EQ | CVD=929397 vs Ref=2020888 | Close=168.50 vs VAH=169.80
2026-02-09 14:22:45,961 [INFO]     NSE:BSE-EQ | CVD=836231 vs Ref=1074078 | Close=2985.40 vs VAH=2992.50
2026-02-09 14:22:46,112 [INFO]     NSE:GODREJPROP-EQ | CVD=583478 vs Ref=775559 | Close=1799.40 vs VAH=1809.60
2026-02-09 14:23:46,113 [INFO] 🔍 Scanning for alerts on 3 symbols (5min)...
2026-02-09 14:23:46,264 [INFO]     NSE:BANKINDIA-EQ | CVD=929397 vs Ref=2020888 | Close=168.50 vs VAH=169.80
2026-02-09 14:23:46,404 [INFO]     NSE:BSE-EQ | CVD=836231 vs Ref=1074078 | Close=2985.40 vs VAH=2992.50
2026-02-09 14:23:46,536 [INFO]     NSE:GODREJPROP-EQ | CVD=583478 vs Ref=775559 | Close=1799.40 vs VAH=1809.60
2026-02-09 14:24:46,537 [INFO] 🔍 Scanning for alerts on 3 symbols (5min)...
2026-02-09 14:24:46,674 [INFO]     NSE:BANKINDIA-EQ | CVD=929397 vs Ref=2020888 | Close=168.50 vs VAH=169.80
2026-02-09 14:24:46,818 [INFO]     NSE:BSE-EQ | CVD=836231 vs Ref=1074078 | Close=2985.40 vs VAH=2992.50
2026-02-09 14:24:46,954 [INFO]     NSE:GODREJPROP-EQ | CVD=583478 vs Ref=775559 | Close=1799.40 vs VAH=1809.60
2026-02-09 14:25:46,956 [INFO] 🔍 Scanning for alerts on 3 symbols (5min)...
2026-02-09 14:25:47,105 [INFO]     NSE:BANKINDIA-EQ | CVD=929397 vs Ref=2020888 | Close=168.50 vs VAH=169.80
2026-02-09 14:25:47,250 [INFO]     NSE:BSE-EQ | CVD=836231 vs Ref=1074078 | Close=2985.40 vs VAH=2992.50
2026-02-09 14:25:47,388 [INFO]     NSE:GODREJPROP-EQ | CVD=583478 vs Ref=775559 | Close=1799.40 vs VAH=1809.60
2026-02-09 14:26:47,389 [INFO] 🔍 Scanning for alerts on 3 symbols (5min)...
2026-02-09 14:26:47,544 [INFO]     NSE:BANKINDIA-EQ | CVD=902620 vs Ref=2020888 | Close=168.59 vs VAH=169.80
2026-02-09 14:26:47,686 [INFO]     NSE:BSE-EQ | CVD=909631 vs Ref=1074078 | Close=2986.70 vs VAH=2992.50
2026-02-09 14:26:47,833 [INFO]     NSE:GODREJPROP-EQ | CVD=596490 vs Ref=775559 | Close=1803.20 vs VAH=1809.60
2026-02-09 14:27:47,834 [INFO] 🔍 Scanning for alerts on 3 symbols (5min)...
2026-02-09 14:27:47,988 [INFO]     NSE:BANKINDIA-EQ | CVD=902620 vs Ref=2020888 | Close=168.59 vs VAH=169.80
2026-02-09 14:27:48,121 [INFO]     NSE:BSE-EQ | CVD=909631 vs Ref=1074078 | Close=2986.70 vs VAH=2992.50
2026-02-09 14:27:48,272 [INFO]     NSE:GODREJPROP-EQ | CVD=596490 vs Ref=775559 | Close=1803.20 vs VAH=1809.60
2026-02-09 14:28:48,274 [INFO] 🔍 Scanning for alerts on 3 symbols (5min)...
2026-02-09 14:28:48,410 [INFO]     NSE:BANKINDIA-EQ | CVD=902620 vs Ref=2020888 | Close=168.59 vs VAH=169.80
2026-02-09 14:28:48,578 [INFO]     NSE:BSE-EQ | CVD=909631 vs Ref=1074078 | Close=2986.70 vs VAH=2992.50
2026-02-09 14:28:48,715 [INFO]     NSE:GODREJPROP-EQ | CVD=596490 vs Ref=775559 | Close=1803.20 vs VAH=1809.60
2026-02-09 14:29:48,717 [INFO] 🔍 Scanning for alerts on 3 symbols (5min)...
2026-02-09 14:29:48,857 [INFO]     NSE:BANKINDIA-EQ | CVD=902620 vs Ref=2020888 | Close=168.59 vs VAH=169.80
2026-02-09 14:29:49,014 [INFO]     NSE:BSE-EQ | CVD=909631 vs Ref=1074078 | Close=2986.70 vs VAH=2992.50
2026-02-09 14:29:49,151 [INFO]     NSE:GODREJPROP-EQ | CVD=596490 vs Ref=775559 | Close=1803.20 vs VAH=1809.60
2026-02-09 14:30:49,153 [INFO] 🔍 Scanning for alerts on 3 symbols (5min)...
2026-02-09 14:30:49,306 [INFO]     NSE:BANKINDIA-EQ | CVD=902620 vs Ref=2020888 | Close=168.59 vs VAH=169.80
2026-02-09 14:30:49,442 [INFO]     NSE:BSE-EQ | CVD=909631 vs Ref=1074078 | Close=2986.70 vs VAH=2992.50
2026-02-09 14:30:49,590 [INFO]     NSE:GODREJPROP-EQ | CVD=596490 vs Ref=775559 | Close=1803.20 vs VAH=1809.60
2026-02-09 14:31:49,591 [INFO] 🔍 Scanning for alerts on 3 symbols (5min)...
2026-02-09 14:31:49,739 [INFO]     NSE:BANKINDIA-EQ | CVD=902620 vs Ref=2020888 | Close=168.59 vs VAH=169.80
2026-02-09 14:31:49,896 [INFO]     NSE:BSE-EQ | CVD=909631 vs Ref=1074078 | Close=2986.70 vs VAH=2992.50
2026-02-09 14:31:50,044 [INFO]     NSE:GODREJPROP-EQ | CVD=596490 vs Ref=775559 | Close=1803.20 vs VAH=1809.60
2026-02-09 14:32:50,045 [INFO] 🔍 Scanning for alerts on 3 symbols (5min)...
2026-02-09 14:32:50,194 [INFO]     NSE:BANKINDIA-EQ | CVD=902620 vs Ref=2020888 | Close=168.59 vs VAH=169.80
2026-02-09 14:32:50,332 [INFO]     NSE:BSE-EQ | CVD=909631 vs Ref=1074078 | Close=2986.70 vs VAH=2992.50
2026-02-09 14:32:50,484 [INFO]     NSE:GODREJPROP-EQ | CVD=596490 vs Ref=775559 | Close=1803.20 vs VAH=1809.60
2026-02-09 14:33:50,485 [INFO] 🔍 Scanning for alerts on 3 symbols (5min)...
2026-02-09 14:33:50,644 [INFO]     NSE:BANKINDIA-EQ | CVD=902620 vs Ref=2020888 | Close=168.59 vs VAH=169.80
2026-02-09 14:33:50,789 [INFO]     NSE:BSE-EQ | CVD=909631 vs Ref=1074078 | Close=2986.70 vs VAH=2992.50
2026-02-09 14:33:50,928 [INFO]     NSE:GODREJPROP-EQ | CVD=596490 vs Ref=775559 | Close=1803.20 vs VAH=1809.60
2026-02-09 14:34:50,929 [INFO] 🔍 Scanning for alerts on 3 symbols (5min)...
2026-02-09 14:34:51,084 [INFO]     NSE:BANKINDIA-EQ | CVD=902620 vs Ref=2020888 | Close=168.59 vs VAH=169.80
2026-02-09 14:34:51,230 [INFO]     NSE:BSE-EQ | CVD=909631 vs Ref=1074078 | Close=2986.70 vs VAH=2992.50
2026-02-09 14:34:51,387 [INFO]     NSE:GODREJPROP-EQ | CVD=596490 vs Ref=775559 | Close=1803.20 vs VAH=1809.60
2026-02-09 14:35:51,389 [INFO] 🔍 Scanning for alerts on 3 symbols (5min)...
2026-02-09 14:35:51,539 [INFO]     NSE:BANKINDIA-EQ | CVD=902620 vs Ref=2020888 | Close=168.59 vs VAH=169.80
2026-02-09 14:35:51,694 [INFO]     NSE:BSE-EQ | CVD=909631 vs Ref=1074078 | Close=2986.70 vs VAH=2992.50
2026-02-09 14:35:51,867 [INFO]     NSE:GODREJPROP-EQ | CVD=596490 vs Ref=775559 | Close=1803.20 vs VAH=1809.60
2026-02-09 14:36:51,868 [INFO] 🔍 Scanning for alerts on 3 symbols (5min)...
2026-02-09 14:36:52,017 [INFO]     NSE:BANKINDIA-EQ | CVD=902620 vs Ref=2020888 | Close=168.59 vs VAH=169.80
2026-02-09 14:36:52,154 [INFO]     NSE:BSE-EQ | CVD=909631 vs Ref=1074078 | Close=2986.70 vs VAH=2992.50
2026-02-09 14:36:52,295 [INFO]     NSE:GODREJPROP-EQ | CVD=596490 vs Ref=775559 | Close=1803.20 vs VAH=1809.60
2026-02-09 14:37:52,295 [INFO] 🔍 Scanning for alerts on 3 symbols (5min)...
2026-02-09 14:37:52,438 [INFO]     NSE:BANKINDIA-EQ | CVD=902620 vs Ref=2020888 | Close=168.59 vs VAH=169.80
2026-02-09 14:37:52,590 [INFO]     NSE:BSE-EQ | CVD=909631 vs Ref=1074078 | Close=2986.70 vs VAH=2992.50
2026-02-09 14:37:52,726 [INFO]     NSE:GODREJPROP-EQ | CVD=596490 vs Ref=775559 | Close=1803.20 vs VAH=1809.60
2026-02-09 14:38:52,727 [INFO] 🔍 Scanning for alerts on 3 symbols (5min)...
2026-02-09 14:38:52,876 [INFO]     NSE:BANKINDIA-EQ | CVD=902620 vs Ref=2020888 | Close=168.59 vs VAH=169.80
2026-02-09 14:38:53,016 [INFO]     NSE:BSE-EQ | CVD=909631 vs Ref=1074078 | Close=2986.70 vs VAH=2992.50
2026-02-09 14:38:53,154 [INFO]     NSE:GODREJPROP-EQ | CVD=596490 vs Ref=775559 | Close=1803.20 vs VAH=1809.60
2026-02-09 14:39:53,156 [INFO] 🔍 Scanning for alerts on 3 symbols (5min)...
2026-02-09 14:39:53,311 [INFO]     NSE:BANKINDIA-EQ | CVD=902620 vs Ref=2020888 | Close=168.59 vs VAH=169.80
2026-02-09 14:39:53,462 [INFO]     NSE:BSE-EQ | CVD=909631 vs Ref=1074078 | Close=2986.70 vs VAH=2992.50
2026-02-09 14:39:53,597 [INFO]     NSE:GODREJPROP-EQ | CVD=596490 vs Ref=775559 | Close=1803.20 vs VAH=1809.60
2026-02-09 14:40:55,432 [INFO] 🔍 Scanning for alerts on 3 symbols (5min)...
2026-02-09 14:40:55,583 [INFO]     NSE:BANKINDIA-EQ | CVD=902620 vs Ref=2020888 | Close=168.59 vs VAH=169.80
2026-02-09 14:40:55,743 [INFO]     NSE:BSE-EQ | CVD=909631 vs Ref=1074078 | Close=2986.70 vs VAH=2992.50
2026-02-09 14:40:55,889 [INFO]     NSE:GODREJPROP-EQ | CVD=596490 vs Ref=775559 | Close=1803.20 vs VAH=1809.60
2026-02-09 14:41:55,889 [INFO] 🔍 Scanning for alerts on 3 symbols (5min)...
2026-02-09 14:41:56,043 [INFO]     NSE:BANKINDIA-EQ | CVD=902620 vs Ref=2020888 | Close=168.59 vs VAH=169.80
2026-02-09 14:41:56,186 [INFO]     NSE:BSE-EQ | CVD=909631 vs Ref=1074078 | Close=2986.70 vs VAH=2992.50
2026-02-09 14:41:56,328 [INFO]     NSE:GODREJPROP-EQ | CVD=596490 vs Ref=775559 | Close=1803.20 vs VAH=1809.60
2026-02-09 14:42:56,330 [INFO] 🔍 Scanning for alerts on 3 symbols (5min)...
2026-02-09 14:42:56,482 [INFO]     NSE:BANKINDIA-EQ | CVD=902620 vs Ref=2020888 | Close=168.59 vs VAH=169.80
2026-02-09 14:42:56,631 [INFO]     NSE:BSE-EQ | CVD=909631 vs Ref=1074078 | Close=2986.70 vs VAH=2992.50
2026-02-09 14:42:56,770 [INFO]     NSE:GODREJPROP-EQ | CVD=596490 vs Ref=775559 | Close=1803.20 vs VAH=1809.60
2026-02-09 14:43:56,771 [INFO] 🔍 Scanning for alerts on 3 symbols (5min)...
2026-02-09 14:43:56,940 [INFO]     NSE:BANKINDIA-EQ | CVD=902620 vs Ref=2020888 | Close=168.59 vs VAH=169.80
2026-02-09 14:43:57,077 [INFO]     NSE:BSE-EQ | CVD=909631 vs Ref=1074078 | Close=2986.70 vs VAH=2992.50
2026-02-09 14:43:57,232 [INFO]     NSE:GODREJPROP-EQ | CVD=596490 vs Ref=775559 | Close=1803.20 vs VAH=1809.60
2026-02-09 14:44:57,233 [INFO] 🔍 Scanning for alerts on 3 symbols (5min)...
2026-02-09 14:44:58,112 [INFO]     NSE:BANKINDIA-EQ | CVD=902620 vs Ref=2020888 | Close=168.59 vs VAH=169.80
2026-02-09 14:44:58,370 [INFO]     NSE:BSE-EQ | CVD=909631 vs Ref=1074078 | Close=2986.70 vs VAH=2992.50
2026-02-09 14:44:58,554 [INFO]     NSE:GODREJPROP-EQ | CVD=596490 vs Ref=775559 | Close=1803.20 vs VAH=1809.60
2026-02-09 14:46:00,323 [INFO] 🔍 Scanning for alerts on 3 symbols (5min)...
2026-02-09 14:46:00,472 [INFO]     NSE:BANKINDIA-EQ | CVD=902620 vs Ref=2020888 | Close=168.59 vs VAH=169.80
2026-02-09 14:46:00,613 [INFO]     NSE:BSE-EQ | CVD=909631 vs Ref=1074078 | Close=2986.70 vs VAH=2992.50
2026-02-09 14:46:00,757 [INFO]     NSE:GODREJPROP-EQ | CVD=596490 vs Ref=775559 | Close=1803.20 vs VAH=1809.60
2026-02-09 14:47:00,758 [INFO] 🔍 Scanning for alerts on 3 symbols (5min)...
2026-02-09 14:47:00,972 [INFO]     NSE:BANKINDIA-EQ | CVD=902620 vs Ref=2020888 | Close=168.59 vs VAH=169.80
2026-02-09 14:47:01,237 [INFO]     NSE:BSE-EQ | CVD=909631 vs Ref=1074078 | Close=2986.70 vs VAH=2992.50
2026-02-09 14:47:01,410 [INFO]     NSE:GODREJPROP-EQ | CVD=596490 vs Ref=775559 | Close=1803.20 vs VAH=1809.60
2026-02-09 14:48:01,413 [INFO] 🔍 Scanning for alerts on 3 symbols (5min)...
2026-02-09 14:48:01,650 [INFO]     NSE:BANKINDIA-EQ | CVD=902620 vs Ref=2020888 | Close=168.59 vs VAH=169.80
2026-02-09 14:48:01,938 [INFO]     NSE:BSE-EQ | CVD=909631 vs Ref=1074078 | Close=2986.70 vs VAH=2992.50
2026-02-09 14:48:02,163 [INFO]     NSE:GODREJPROP-EQ | CVD=596490 vs Ref=775559 | Close=1803.20 vs VAH=1809.60
2026-02-09 14:49:02,165 [INFO] 🔍 Scanning for alerts on 3 symbols (5min)...
2026-02-09 14:49:02,403 [INFO]     NSE:BANKINDIA-EQ | CVD=902620 vs Ref=2020888 | Close=168.59 vs VAH=169.80
2026-02-09 14:49:02,703 [INFO]     NSE:BSE-EQ | CVD=909631 vs Ref=1074078 | Close=2986.70 vs VAH=2992.50
2026-02-09 14:49:02,925 [INFO]     NSE:GODREJPROP-EQ | CVD=596490 vs Ref=775559 | Close=1803.20 vs VAH=1809.60
2026-02-09 14:50:04,612 [INFO] 🔍 Scanning for alerts on 3 symbols (5min)...
2026-02-09 14:50:04,784 [INFO]     NSE:BANKINDIA-EQ | CVD=902620 vs Ref=2020888 | Close=168.59 vs VAH=169.80
2026-02-09 14:50:04,963 [INFO]     NSE:BSE-EQ | CVD=909631 vs Ref=1074078 | Close=2986.70 vs VAH=2992.50
2026-02-09 14:50:05,186 [INFO]     NSE:GODREJPROP-EQ | CVD=596490 vs Ref=775559 | Close=1803.20 vs VAH=1809.60
2026-02-09 14:51:05,187 [INFO] 🔍 Scanning for alerts on 3 symbols (5min)...
2026-02-09 14:51:05,387 [INFO]     NSE:BANKINDIA-EQ | CVD=902620 vs Ref=2020888 | Close=168.59 vs VAH=169.80
2026-02-09 14:51:05,581 [INFO]     NSE:BSE-EQ | CVD=909631 vs Ref=1074078 | Close=2986.70 vs VAH=2992.50
2026-02-09 14:51:05,832 [INFO]     NSE:GODREJPROP-EQ | CVD=596490 vs Ref=775559 | Close=1803.20 vs VAH=1809.60
2026-02-09 14:52:05,834 [INFO] 🔍 Scanning for alerts on 3 symbols (5min)...
2026-02-09 14:52:06,010 [INFO]     NSE:BANKINDIA-EQ | CVD=902620 vs Ref=2020888 | Close=168.59 vs VAH=169.80
2026-02-09 14:52:06,195 [INFO]     NSE:BSE-EQ | CVD=909631 vs Ref=1074078 | Close=2986.70 vs VAH=2992.50
2026-02-09 14:52:06,448 [INFO]     NSE:GODREJPROP-EQ | CVD=596490 vs Ref=775559 | Close=1803.20 vs VAH=1809.60
2026-02-09 14:53:06,450 [INFO] 🔍 Scanning for alerts on 3 symbols (5min)...
2026-02-09 14:53:06,600 [INFO]     NSE:BANKINDIA-EQ | CVD=902620 vs Ref=2020888 | Close=168.59 vs VAH=169.80
2026-02-09 14:53:06,782 [INFO]     NSE:BSE-EQ | CVD=909631 vs Ref=1074078 | Close=2986.70 vs VAH=2992.50
2026-02-09 14:53:06,941 [INFO]     NSE:GODREJPROP-EQ | CVD=596490 vs Ref=775559 | Close=1803.20 vs VAH=1809.60
2026-02-09 14:54:06,942 [INFO] 🔍 Scanning for alerts on 3 symbols (5min)...
2026-02-09 14:54:07,086 [INFO]     NSE:BANKINDIA-EQ | CVD=902620 vs Ref=2020888 | Close=168.59 vs VAH=169.80
2026-02-09 14:54:07,231 [INFO]     NSE:BSE-EQ | CVD=909631 vs Ref=1074078 | Close=2986.70 vs VAH=2992.50
2026-02-09 14:54:07,377 [INFO]     NSE:GODREJPROP-EQ | CVD=596490 vs Ref=775559 | Close=1803.20 vs VAH=1809.60
2026-02-09 14:55:07,378 [INFO] 🔍 Scanning for alerts on 3 symbols (5min)...
2026-02-09 14:55:07,533 [INFO]     NSE:BANKINDIA-EQ | CVD=902620 vs Ref=2020888 | Close=168.59 vs VAH=169.80
2026-02-09 14:55:07,679 [INFO]     NSE:BSE-EQ | CVD=909631 vs Ref=1074078 | Close=2986.70 vs VAH=2992.50
2026-02-09 14:55:07,827 [INFO]     NSE:GODREJPROP-EQ | CVD=596490 vs Ref=775559 | Close=1803.20 vs VAH=1809.60
2026-02-09 14:56:07,828 [INFO] 🔍 Scanning for alerts on 3 symbols (5min)...
2026-02-09 14:56:07,972 [INFO]     NSE:BANKINDIA-EQ | CVD=902620 vs Ref=2020888 | Close=168.59 vs VAH=169.80
2026-02-09 14:56:08,122 [INFO]     NSE:BSE-EQ | CVD=909631 vs Ref=1074078 | Close=2986.70 vs VAH=2992.50
2026-02-09 14:56:08,257 [INFO]     NSE:GODREJPROP-EQ | CVD=596490 vs Ref=775559 | Close=1803.20 vs VAH=1809.60
2026-02-09 14:57:08,259 [INFO] 🔍 Scanning for alerts on 3 symbols (5min)...
2026-02-09 14:57:08,395 [INFO]     NSE:BANKINDIA-EQ | CVD=902620 vs Ref=2020888 | Close=168.59 vs VAH=169.80
2026-02-09 14:57:08,540 [INFO]     NSE:BSE-EQ | CVD=909631 vs Ref=1074078 | Close=2986.70 vs VAH=2992.50
2026-02-09 14:57:08,679 [INFO]     NSE:GODREJPROP-EQ | CVD=596490 vs Ref=775559 | Close=1803.20 vs VAH=1809.60
2026-02-09 14:58:08,680 [INFO] 🔍 Scanning for alerts on 3 symbols (5min)...
2026-02-09 14:58:08,855 [INFO]     NSE:BANKINDIA-EQ | CVD=902620 vs Ref=2020888 | Close=168.59 vs VAH=169.80
2026-02-09 14:58:08,998 [INFO]     NSE:BSE-EQ | CVD=909631 vs Ref=1074078 | Close=2986.70 vs VAH=2992.50
2026-02-09 14:58:09,145 [INFO]     NSE:GODREJPROP-EQ | CVD=596490 vs Ref=775559 | Close=1803.20 vs VAH=1809.60
2026-02-09 14:59:09,146 [INFO] 🔍 Scanning for alerts on 3 symbols (5min)...
2026-02-09 14:59:09,281 [INFO]     NSE:BANKINDIA-EQ | CVD=902620 vs Ref=2020888 | Close=168.59 vs VAH=169.80
2026-02-09 14:59:09,435 [INFO]     NSE:BSE-EQ | CVD=909631 vs Ref=1074078 | Close=2986.70 vs VAH=2992.50
2026-02-09 14:59:09,576 [INFO]     NSE:GODREJPROP-EQ | CVD=596490 vs Ref=775559 | Close=1803.20 vs VAH=1809.60
2026-02-09 15:00:09,577 [INFO] 🔍 Scanning for alerts on 3 symbols (5min)...
2026-02-09 15:00:09,732 [INFO]     NSE:BANKINDIA-EQ | CVD=902620 vs Ref=2020888 | Close=168.59 vs VAH=169.80
2026-02-09 15:00:09,886 [INFO]     NSE:BSE-EQ | CVD=909631 vs Ref=1074078 | Close=2986.70 vs VAH=2992.50
2026-02-09 15:00:10,046 [INFO]     NSE:GODREJPROP-EQ | CVD=596490 vs Ref=775559 | Close=1803.20 vs VAH=1809.60
2026-02-09 15:01:10,047 [INFO] 🔍 Scanning for alerts on 3 symbols (5min)...
2026-02-09 15:01:10,196 [INFO]     NSE:BANKINDIA-EQ | CVD=902620 vs Ref=2020888 | Close=168.59 vs VAH=169.80
2026-02-09 15:01:10,332 [INFO]     NSE:BSE-EQ | CVD=909631 vs Ref=1074078 | Close=2986.70 vs VAH=2992.50
2026-02-09 15:01:10,489 [INFO]     NSE:GODREJPROP-EQ | CVD=596490 vs Ref=775559 | Close=1803.20 vs VAH=1809.60
2026-02-09 15:02:10,490 [INFO] 🔍 Scanning for alerts on 3 symbols (5min)...
2026-02-09 15:02:10,630 [INFO]     NSE:BANKINDIA-EQ | CVD=902620 vs Ref=2020888 | Close=168.59 vs VAH=169.80
2026-02-09 15:02:10,769 [INFO]     NSE:BSE-EQ | CVD=909631 vs Ref=1074078 | Close=2986.70 vs VAH=2992.50
2026-02-09 15:02:10,908 [INFO]     NSE:GODREJPROP-EQ | CVD=596490 vs Ref=775559 | Close=1803.20 vs VAH=1809.60
2026-02-09 15:03:10,910 [INFO] 🔍 Scanning for alerts on 3 symbols (5min)...
2026-02-09 15:03:11,076 [INFO]     NSE:BANKINDIA-EQ | CVD=902620 vs Ref=2020888 | Close=168.59 vs VAH=169.80
2026-02-09 15:03:11,231 [INFO]     NSE:BSE-EQ | CVD=909631 vs Ref=1074078 | Close=2986.70 vs VAH=2992.50
2026-02-09 15:03:11,369 [INFO]     NSE:GODREJPROP-EQ | CVD=596490 vs Ref=775559 | Close=1803.20 vs VAH=1809.60
2026-02-09 15:04:11,371 [INFO] 🔍 Scanning for alerts on 3 symbols (5min)...
2026-02-09 15:04:11,524 [INFO]     NSE:BANKINDIA-EQ | CVD=902620 vs Ref=2020888 | Close=168.59 vs VAH=169.80
2026-02-09 15:04:11,657 [INFO]     NSE:BSE-EQ | CVD=909631 vs Ref=1074078 | Close=2986.70 vs VAH=2992.50
2026-02-09 15:04:11,832 [INFO]     NSE:GODREJPROP-EQ | CVD=596490 vs Ref=775559 | Close=1803.20 vs VAH=1809.60
2026-02-09 15:05:11,834 [INFO] 🔍 Scanning for alerts on 3 symbols (5min)...
2026-02-09 15:05:11,996 [INFO]     NSE:BANKINDIA-EQ | CVD=902620 vs Ref=2020888 | Close=168.59 vs VAH=169.80
2026-02-09 15:05:12,142 [INFO]     NSE:BSE-EQ | CVD=909631 vs Ref=1074078 | Close=2986.70 vs VAH=2992.50
2026-02-09 15:05:12,295 [INFO]     NSE:GODREJPROP-EQ | CVD=596490 vs Ref=775559 | Close=1803.20 vs VAH=1809.60
2026-02-09 15:06:12,296 [INFO] 🔍 Scanning for alerts on 3 symbols (5min)...
2026-02-09 15:06:12,433 [INFO]     NSE:BANKINDIA-EQ | CVD=902620 vs Ref=2020888 | Close=168.59 vs VAH=169.80
2026-02-09 15:06:12,571 [INFO]     NSE:BSE-EQ | CVD=909631 vs Ref=1074078 | Close=2986.70 vs VAH=2992.50
2026-02-09 15:06:12,708 [INFO]     NSE:GODREJPROP-EQ | CVD=596490 vs Ref=775559 | Close=1803.20 vs VAH=1809.60
2026-02-09 15:07:12,709 [INFO] 🔍 Scanning for alerts on 3 symbols (5min)...
2026-02-09 15:07:12,859 [INFO]     NSE:BANKINDIA-EQ | CVD=902620 vs Ref=2020888 | Close=168.59 vs VAH=169.80
2026-02-09 15:07:12,995 [INFO]     NSE:BSE-EQ | CVD=909631 vs Ref=1074078 | Close=2986.70 vs VAH=2992.50
2026-02-09 15:07:13,148 [INFO]     NSE:GODREJPROP-EQ | CVD=596490 vs Ref=775559 | Close=1803.20 vs VAH=1809.60
2026-02-09 15:08:13,149 [INFO] 🔍 Scanning for alerts on 3 symbols (5min)...
2026-02-09 15:08:13,297 [INFO]     NSE:BANKINDIA-EQ | CVD=902620 vs Ref=2020888 | Close=168.59 vs VAH=169.80
2026-02-09 15:08:13,449 [INFO]     NSE:BSE-EQ | CVD=909631 vs Ref=1074078 | Close=2986.70 vs VAH=2992.50
2026-02-09 15:08:13,599 [INFO]     NSE:GODREJPROP-EQ | CVD=596490 vs Ref=775559 | Close=1803.20 vs VAH=1809.60
2026-02-09 15:09:13,600 [INFO] 🔍 Scanning for alerts on 3 symbols (5min)...
2026-02-09 15:09:13,755 [INFO]     NSE:BANKINDIA-EQ | CVD=902620 vs Ref=2020888 | Close=168.59 vs VAH=169.80
2026-02-09 15:09:13,902 [INFO]     NSE:BSE-EQ | CVD=909631 vs Ref=1074078 | Close=2986.70 vs VAH=2992.50
2026-02-09 15:09:14,069 [INFO]     NSE:GODREJPROP-EQ | CVD=596490 vs Ref=775559 | Close=1803.20 vs VAH=1809.60
2026-02-09 15:10:14,071 [INFO] 🔍 Scanning for alerts on 3 symbols (5min)...
2026-02-09 15:10:14,212 [INFO]     NSE:BANKINDIA-EQ | CVD=902620 vs Ref=2020888 | Close=168.59 vs VAH=169.80
2026-02-09 15:10:14,366 [INFO]     NSE:BSE-EQ | CVD=909631 vs Ref=1074078 | Close=2986.70 vs VAH=2992.50
2026-02-09 15:10:14,505 [INFO]     NSE:GODREJPROP-EQ | CVD=596490 vs Ref=775559 | Close=1803.20 vs VAH=1809.60
2026-02-09 15:11:14,507 [INFO] 🔍 Scanning for alerts on 3 symbols (5min)...
2026-02-09 15:11:14,656 [INFO]     NSE:BANKINDIA-EQ | CVD=902620 vs Ref=2020888 | Close=168.59 vs VAH=169.80
2026-02-09 15:11:14,799 [INFO]     NSE:BSE-EQ | CVD=909631 vs Ref=1074078 | Close=2986.70 vs VAH=2992.50
2026-02-09 15:11:14,929 [INFO]     NSE:GODREJPROP-EQ | CVD=596490 vs Ref=775559 | Close=1803.20 vs VAH=1809.60
2026-02-09 15:12:14,930 [INFO] 🔍 Scanning for alerts on 3 symbols (5min)...
2026-02-09 15:12:15,066 [INFO]     NSE:BANKINDIA-EQ | CVD=902620 vs Ref=2020888 | Close=168.59 vs VAH=169.80
2026-02-09 15:12:15,223 [INFO]     NSE:BSE-EQ | CVD=909631 vs Ref=1074078 | Close=2986.70 vs VAH=2992.50
2026-02-09 15:12:15,363 [INFO]     NSE:GODREJPROP-EQ | CVD=596490 vs Ref=775559 | Close=1803.20 vs VAH=1809.60
2026-02-09 15:13:15,366 [INFO] 🔍 Scanning for alerts on 3 symbols (5min)...
2026-02-09 15:13:15,518 [INFO]     NSE:BANKINDIA-EQ | CVD=902620 vs Ref=2020888 | Close=168.59 vs VAH=169.80
2026-02-09 15:13:15,659 [INFO]     NSE:BSE-EQ | CVD=909631 vs Ref=1074078 | Close=2986.70 vs VAH=2992.50
2026-02-09 15:13:15,788 [INFO]     NSE:GODREJPROP-EQ | CVD=596490 vs Ref=775559 | Close=1803.20 vs VAH=1809.60
2026-02-09 15:14:15,790 [INFO] 🔍 Scanning for alerts on 3 symbols (5min)...
2026-02-09 15:14:15,922 [INFO]     NSE:BANKINDIA-EQ | CVD=902620 vs Ref=2020888 | Close=168.59 vs VAH=169.80
2026-02-09 15:14:16,071 [INFO]     NSE:BSE-EQ | CVD=909631 vs Ref=1074078 | Close=2986.70 vs VAH=2992.50
2026-02-09 15:14:16,223 [INFO]     NSE:GODREJPROP-EQ | CVD=596490 vs Ref=775559 | Close=1803.20 vs VAH=1809.60
2026-02-09 15:15:16,224 [INFO] 🔍 Scanning for alerts on 3 symbols (5min)...
2026-02-09 15:15:16,376 [INFO]     NSE:BANKINDIA-EQ | CVD=902620 vs Ref=2020888 | Close=168.59 vs VAH=169.80
2026-02-09 15:15:16,513 [INFO]     NSE:BSE-EQ | CVD=909631 vs Ref=1074078 | Close=2986.70 vs VAH=2992.50
2026-02-09 15:15:16,656 [INFO]     NSE:GODREJPROP-EQ | CVD=596490 vs Ref=775559 | Close=1803.20 vs VAH=1809.60
2026-02-09 15:16:16,658 [INFO] 🔍 Scanning for alerts on 3 symbols (5min)...
2026-02-09 15:16:16,805 [INFO]     NSE:BANKINDIA-EQ | CVD=902620 vs Ref=2020888 | Close=168.59 vs VAH=169.80
2026-02-09 15:16:16,945 [INFO]     NSE:BSE-EQ | CVD=909631 vs Ref=1074078 | Close=2986.70 vs VAH=2992.50
2026-02-09 15:16:17,091 [INFO]     NSE:GODREJPROP-EQ | CVD=596490 vs Ref=775559 | Close=1803.20 vs VAH=1809.60
2026-02-09 15:17:17,092 [INFO] 🔍 Scanning for alerts on 3 symbols (5min)...
2026-02-09 15:17:17,230 [INFO]     NSE:BANKINDIA-EQ | CVD=902620 vs Ref=2020888 | Close=168.59 vs VAH=169.80
2026-02-09 15:17:17,365 [INFO]     NSE:BSE-EQ | CVD=909631 vs Ref=1074078 | Close=2986.70 vs VAH=2992.50
2026-02-09 15:17:17,520 [INFO]     NSE:GODREJPROP-EQ | CVD=596490 vs Ref=775559 | Close=1803.20 vs VAH=1809.60
2026-02-09 15:18:17,521 [INFO] 🔍 Scanning for alerts on 3 symbols (5min)...
2026-02-09 15:18:17,822 [INFO]     NSE:BANKINDIA-EQ | CVD=902620 vs Ref=2020888 | Close=168.59 vs VAH=169.80
2026-02-09 15:18:18,193 [INFO]     NSE:BSE-EQ | CVD=909631 vs Ref=1074078 | Close=2986.70 vs VAH=2992.50
2026-02-09 15:18:18,490 [INFO]     NSE:GODREJPROP-EQ | CVD=596490 vs Ref=775559 | Close=1803.20 vs VAH=1809.60
2026-02-09 15:19:20,096 [INFO] 🔍 Scanning for alerts on 3 symbols (5min)...
2026-02-09 15:19:20,248 [INFO]     NSE:BANKINDIA-EQ | CVD=902620 vs Ref=2020888 | Close=168.59 vs VAH=169.80
2026-02-09 15:19:20,387 [INFO]     NSE:BSE-EQ | CVD=909631 vs Ref=1074078 | Close=2986.70 vs VAH=2992.50
2026-02-09 15:19:20,527 [INFO]     NSE:GODREJPROP-EQ | CVD=596490 vs Ref=775559 | Close=1803.20 vs VAH=1809.60
2026-02-09 15:20:20,528 [INFO] 🔍 Scanning for alerts on 3 symbols (5min)...
2026-02-09 15:20:20,689 [INFO]     NSE:BANKINDIA-EQ | CVD=902620 vs Ref=2020888 | Close=168.59 vs VAH=169.80
2026-02-09 15:20:22,498 [INFO]     NSE:BSE-EQ | CVD=909631 vs Ref=1074078 | Close=2986.70 vs VAH=2992.50
2026-02-09 15:20:22,654 [INFO]     NSE:GODREJPROP-EQ | CVD=596490 vs Ref=775559 | Close=1803.20 vs VAH=1809.60
2026-02-09 15:21:22,656 [INFO] 🔍 Scanning for alerts on 3 symbols (5min)...
2026-02-09 15:21:22,809 [INFO]     NSE:BANKINDIA-EQ | CVD=902620 vs Ref=2020888 | Close=168.59 vs VAH=169.80
2026-02-09 15:21:22,946 [INFO]     NSE:BSE-EQ | CVD=909631 vs Ref=1074078 | Close=2986.70 vs VAH=2992.50
2026-02-09 15:21:23,106 [INFO]     NSE:GODREJPROP-EQ | CVD=596490 vs Ref=775559 | Close=1803.20 vs VAH=1809.60
2026-02-09 15:22:23,107 [INFO] 🔍 Scanning for alerts on 3 symbols (5min)...
2026-02-09 15:22:23,248 [INFO]     NSE:BANKINDIA-EQ | CVD=902620 vs Ref=2020888 | Close=168.59 vs VAH=169.80
2026-02-09 15:22:23,408 [INFO]     NSE:BSE-EQ | CVD=909631 vs Ref=1074078 | Close=2986.70 vs VAH=2992.50
2026-02-09 15:22:23,532 [INFO]     NSE:GODREJPROP-EQ | CVD=596490 vs Ref=775559 | Close=1803.20 vs VAH=1809.60
2026-02-09 15:23:23,535 [INFO] 🔍 Scanning for alerts on 3 symbols (5min)...
2026-02-09 15:23:23,690 [INFO]     NSE:BANKINDIA-EQ | CVD=902620 vs Ref=2020888 | Close=168.59 vs VAH=169.80
2026-02-09 15:23:23,826 [INFO]     NSE:BSE-EQ | CVD=909631 vs Ref=1074078 | Close=2986.70 vs VAH=2992.50
2026-02-09 15:23:23,985 [INFO]     NSE:GODREJPROP-EQ | CVD=596490 vs Ref=775559 | Close=1803.20 vs VAH=1809.60
2026-02-09 15:24:23,988 [INFO] 🔍 Scanning for alerts on 3 symbols (5min)...
2026-02-09 15:24:24,139 [INFO]     NSE:BANKINDIA-EQ | CVD=902620 vs Ref=2020888 | Close=168.59 vs VAH=169.80
2026-02-09 15:24:24,297 [INFO]     NSE:BSE-EQ | CVD=909631 vs Ref=1074078 | Close=2986.70 vs VAH=2992.50
2026-02-09 15:24:24,444 [INFO]     NSE:GODREJPROP-EQ | CVD=596490 vs Ref=775559 | Close=1803.20 vs VAH=1809.60
2026-02-09 15:25:24,445 [INFO] 🔍 Scanning for alerts on 3 symbols (5min)...
2026-02-09 15:25:24,588 [INFO]     NSE:BANKINDIA-EQ | CVD=902620 vs Ref=2020888 | Close=168.59 vs VAH=169.80
2026-02-09 15:25:24,738 [INFO]     NSE:BSE-EQ | CVD=909631 vs Ref=1074078 | Close=2986.70 vs VAH=2992.50
2026-02-09 15:25:24,874 [INFO]     NSE:GODREJPROP-EQ | CVD=596490 vs Ref=775559 | Close=1803.20 vs VAH=1809.60
2026-02-09 15:26:24,875 [INFO] 🔍 Scanning for alerts on 3 symbols (5min)...
2026-02-09 15:26:25,028 [INFO]     NSE:BANKINDIA-EQ | CVD=902620 vs Ref=2020888 | Close=168.59 vs VAH=169.80
2026-02-09 15:26:25,185 [INFO]     NSE:BSE-EQ | CVD=909631 vs Ref=1074078 | Close=2986.70 vs VAH=2992.50
2026-02-09 15:26:25,326 [INFO]     NSE:GODREJPROP-EQ | CVD=596490 vs Ref=775559 | Close=1803.20 vs VAH=1809.60
2026-02-09 15:27:25,328 [INFO] 🔍 Scanning for alerts on 3 symbols (5min)...
2026-02-09 15:27:25,468 [INFO]     NSE:BANKINDIA-EQ | CVD=902620 vs Ref=2020888 | Close=168.59 vs VAH=169.80
2026-02-09 15:27:25,608 [INFO]     NSE:BSE-EQ | CVD=909631 vs Ref=1074078 | Close=2986.70 vs VAH=2992.50
2026-02-09 15:27:25,764 [INFO]     NSE:GODREJPROP-EQ | CVD=596490 vs Ref=775559 | Close=1803.20 vs VAH=1809.60
2026-02-09 15:28:25,766 [INFO] 🔍 Scanning for alerts on 3 symbols (5min)...
2026-02-09 15:28:25,902 [INFO]     NSE:BANKINDIA-EQ | CVD=902620 vs Ref=2020888 | Close=168.59 vs VAH=169.80
2026-02-09 15:28:26,068 [INFO]     NSE:BSE-EQ | CVD=909631 vs Ref=1074078 | Close=2986.70 vs VAH=2992.50
2026-02-09 15:28:26,220 [INFO]     NSE:GODREJPROP-EQ | CVD=596490 vs Ref=775559 | Close=1803.20 vs VAH=1809.60
2026-02-09 15:29:26,222 [INFO] 🔍 Scanning for alerts on 3 symbols (5min)...
2026-02-09 15:29:26,372 [INFO]     NSE:BANKINDIA-EQ | CVD=902620 vs Ref=2020888 | Close=168.59 vs VAH=169.80
2026-02-09 15:29:26,516 [INFO]     NSE:BSE-EQ | CVD=909631 vs Ref=1074078 | Close=2986.70 vs VAH=2992.50
2026-02-09 15:29:26,728 [INFO]     NSE:GODREJPROP-EQ | CVD=596490 vs Ref=775559 | Close=1803.20 vs VAH=1809.60
2026-02-09 15:30:26,730 [INFO] 🔍 Scanning for alerts on 3 symbols (5min)...
2026-02-09 15:30:27,228 [INFO]     NSE:BANKINDIA-EQ | CVD=902620 vs Ref=2020888 | Close=168.59 vs VAH=169.80
2026-02-09 15:30:27,598 [INFO]     NSE:BSE-EQ | CVD=909631 vs Ref=1074078 | Close=2986.70 vs VAH=2992.50
2026-02-09 15:30:27,877 [INFO]     NSE:GODREJPROP-EQ | CVD=596490 vs Ref=775559 | Close=1803.20 vs VAH=1809.60
2026-02-09 15:31:27,879 [INFO] 🔍 Scanning for alerts on 3 symbols (5min)...
2026-02-09 15:31:28,035 [INFO]     NSE:BANKINDIA-EQ | CVD=902620 vs Ref=2020888 | Close=168.59 vs VAH=169.80
2026-02-09 15:31:28,166 [INFO]     NSE:BSE-EQ | CVD=909631 vs Ref=1074078 | Close=2986.70 vs VAH=2992.50
2026-02-09 15:31:28,304 [INFO]     NSE:GODREJPROP-EQ | CVD=596490 vs Ref=775559 | Close=1803.20 vs VAH=1809.60
2026-02-09 15:32:28,305 [INFO] 🔍 Scanning for alerts on 3 symbols (5min)...
2026-02-09 15:32:28,459 [INFO]     NSE:BANKINDIA-EQ | CVD=902620 vs Ref=2020888 | Close=168.59 vs VAH=169.80
2026-02-09 15:32:28,613 [INFO]     NSE:BSE-EQ | CVD=909631 vs Ref=1074078 | Close=2986.70 vs VAH=2992.50
2026-02-09 15:32:28,752 [INFO]     NSE:GODREJPROP-EQ | CVD=596490 vs Ref=775559 | Close=1803.20 vs VAH=1809.60
2026-02-09 15:33:28,754 [INFO] 🔍 Scanning for alerts on 3 symbols (5min)...
2026-02-09 15:33:28,891 [INFO]     NSE:BANKINDIA-EQ | CVD=902620 vs Ref=2020888 | Close=168.59 vs VAH=169.80
2026-02-09 15:33:29,032 [INFO]     NSE:BSE-EQ | CVD=909631 vs Ref=1074078 | Close=2986.70 vs VAH=2992.50
2026-02-09 15:33:30,849 [INFO]     NSE:GODREJPROP-EQ | CVD=596490 vs Ref=775559 | Close=1803.20 vs VAH=1809.60
2026-02-09 15:34:30,852 [INFO] 🔍 Scanning for alerts on 3 symbols (5min)...
2026-02-09 15:34:31,004 [INFO]     NSE:BANKINDIA-EQ | CVD=902620 vs Ref=2020888 | Close=168.59 vs VAH=169.80
2026-02-09 15:34:31,151 [INFO]     NSE:BSE-EQ | CVD=909631 vs Ref=1074078 | Close=2986.70 vs VAH=2992.50
2026-02-09 15:34:31,304 [INFO]     NSE:GODREJPROP-EQ | CVD=596490 vs Ref=775559 | Close=1803.20 vs VAH=1809.60
2026-02-09 15:35:31,306 [INFO] 🔍 Scanning for alerts on 3 symbols (5min)...
2026-02-09 15:35:31,457 [INFO]     NSE:BANKINDIA-EQ | CVD=902620 vs Ref=2020888 | Close=168.59 vs VAH=169.80
2026-02-09 15:35:31,600 [INFO]     NSE:BSE-EQ | CVD=909631 vs Ref=1074078 | Close=2986.70 vs VAH=2992.50
2026-02-09 15:35:31,729 [INFO]     NSE:GODREJPROP-EQ | CVD=596490 vs Ref=775559 | Close=1803.20 vs VAH=1809.60
2026-02-09 15:36:31,730 [INFO] 🔍 Scanning for alerts on 3 symbols (5min)...
2026-02-09 15:36:31,885 [INFO]     NSE:BANKINDIA-EQ | CVD=902620 vs Ref=2020888 | Close=168.59 vs VAH=169.80
2026-02-09 15:36:32,017 [INFO]     NSE:BSE-EQ | CVD=909631 vs Ref=1074078 | Close=2986.70 vs VAH=2992.50
2026-02-09 15:36:32,174 [INFO]     NSE:GODREJPROP-EQ | CVD=596490 vs Ref=775559 | Close=1803.20 vs VAH=1809.60
2026-02-09 15:37:32,175 [INFO] 🔍 Scanning for alerts on 3 symbols (5min)...
2026-02-09 15:37:32,326 [INFO]     NSE:BANKINDIA-EQ | CVD=902620 vs Ref=2020888 | Close=168.59 vs VAH=169.80
2026-02-09 15:37:32,474 [INFO]     NSE:BSE-EQ | CVD=909631 vs Ref=1074078 | Close=2986.70 vs VAH=2992.50
2026-02-09 15:37:32,611 [INFO]     NSE:GODREJPROP-EQ | CVD=596490 vs Ref=775559 | Close=1803.20 vs VAH=1809.60
2026-02-09 15:38:32,613 [INFO] 🔍 Scanning for alerts on 3 symbols (5min)...
2026-02-09 15:38:32,763 [INFO]     NSE:BANKINDIA-EQ | CVD=902620 vs Ref=2020888 | Close=168.59 vs VAH=169.80
2026-02-09 15:38:32,893 [INFO]     NSE:BSE-EQ | CVD=909631 vs Ref=1074078 | Close=2986.70 vs VAH=2992.50
2026-02-09 15:38:33,030 [INFO]     NSE:GODREJPROP-EQ | CVD=596490 vs Ref=775559 | Close=1803.20 vs VAH=1809.60
2026-02-09 15:39:33,032 [INFO] 🔍 Scanning for alerts on 3 symbols (5min)...
2026-02-09 15:39:33,182 [INFO]     NSE:BANKINDIA-EQ | CVD=902620 vs Ref=2020888 | Close=168.59 vs VAH=169.80
2026-02-09 15:39:33,322 [INFO]     NSE:BSE-EQ | CVD=909631 vs Ref=1074078 | Close=2986.70 vs VAH=2992.50
2026-02-09 15:39:33,464 [INFO]     NSE:GODREJPROP-EQ | CVD=596490 vs Ref=775559 | Close=1803.20 vs VAH=1809.60
2026-02-09 15:40:33,465 [INFO] 🔍 Scanning for alerts on 3 symbols (5min)...
2026-02-09 15:40:33,604 [INFO]     NSE:BANKINDIA-EQ | CVD=902620 vs Ref=2020888 | Close=168.59 vs VAH=169.80
2026-02-09 15:40:33,755 [INFO]     NSE:BSE-EQ | CVD=909631 vs Ref=1074078 | Close=2986.70 vs VAH=2992.50
2026-02-09 15:40:33,894 [INFO]     NSE:GODREJPROP-EQ | CVD=596490 vs Ref=775559 | Close=1803.20 vs VAH=1809.60
2026-02-09 15:41:33,897 [INFO] 🔍 Scanning for alerts on 3 symbols (5min)...
2026-02-09 15:41:34,042 [INFO]     NSE:BANKINDIA-EQ | CVD=902620 vs Ref=2020888 | Close=168.59 vs VAH=169.80
2026-02-09 15:41:34,193 [INFO]     NSE:BSE-EQ | CVD=909631 vs Ref=1074078 | Close=2986.70 vs VAH=2992.50
2026-02-09 15:41:34,332 [INFO]     NSE:GODREJPROP-EQ | CVD=596490 vs Ref=775559 | Close=1803.20 vs VAH=1809.60
2026-02-09 15:42:34,334 [INFO] 🔍 Scanning for alerts on 3 symbols (5min)...
2026-02-09 15:42:34,486 [INFO]     NSE:BANKINDIA-EQ | CVD=902620 vs Ref=2020888 | Close=168.59 vs VAH=169.80
2026-02-09 15:42:34,630 [INFO]     NSE:BSE-EQ | CVD=909631 vs Ref=1074078 | Close=2986.70 vs VAH=2992.50
2026-02-09 15:42:34,782 [INFO]     NSE:GODREJPROP-EQ | CVD=596490 vs Ref=775559 | Close=1803.20 vs VAH=1809.60
2026-02-09 15:43:34,785 [INFO] 🔍 Scanning for alerts on 3 symbols (5min)...
2026-02-09 15:43:34,925 [INFO]     NSE:BANKINDIA-EQ | CVD=902620 vs Ref=2020888 | Close=168.59 vs VAH=169.80
2026-02-09 15:43:35,072 [INFO]     NSE:BSE-EQ | CVD=909631 vs Ref=1074078 | Close=2986.70 vs VAH=2992.50
2026-02-09 15:43:35,209 [INFO]     NSE:GODREJPROP-EQ | CVD=596490 vs Ref=775559 | Close=1803.20 vs VAH=1809.60
2026-02-09 15:44:35,210 [INFO] 🔍 Scanning for alerts on 3 symbols (5min)...
2026-02-09 15:44:35,382 [INFO]     NSE:BANKINDIA-EQ | CVD=902620 vs Ref=2020888 | Close=168.59 vs VAH=169.80
2026-02-09 15:44:35,536 [INFO]     NSE:BSE-EQ | CVD=909631 vs Ref=1074078 | Close=2986.70 vs VAH=2992.50
2026-02-09 15:44:35,682 [INFO]     NSE:GODREJPROP-EQ | CVD=596490 vs Ref=775559 | Close=1803.20 vs VAH=1809.60
2026-02-09 15:45:35,684 [INFO] 🔍 Scanning for alerts on 3 symbols (5min)...
2026-02-09 15:45:35,825 [INFO]     NSE:BANKINDIA-EQ | CVD=902620 vs Ref=2020888 | Close=168.59 vs VAH=169.80
2026-02-09 15:45:35,976 [INFO]     NSE:BSE-EQ | CVD=909631 vs Ref=1074078 | Close=2986.70 vs VAH=2992.50
2026-02-09 15:45:36,127 [INFO]     NSE:GODREJPROP-EQ | CVD=596490 vs Ref=775559 | Close=1803.20 vs VAH=1809.60
2026-02-09 15:46:36,128 [INFO] 🔍 Scanning for alerts on 3 symbols (5min)...
2026-02-09 15:46:36,269 [INFO]     NSE:BANKINDIA-EQ | CVD=902620 vs Ref=2020888 | Close=168.59 vs VAH=169.80
2026-02-09 15:46:36,433 [INFO]     NSE:BSE-EQ | CVD=909631 vs Ref=1074078 | Close=2986.70 vs VAH=2992.50
2026-02-09 15:46:36,577 [INFO]     NSE:GODREJPROP-EQ | CVD=596490 vs Ref=775559 | Close=1803.20 vs VAH=1809.60
2026-02-09 15:47:36,578 [INFO] 🔍 Scanning for alerts on 3 symbols (5min)...
2026-02-09 15:47:36,725 [INFO]     NSE:BANKINDIA-EQ | CVD=902620 vs Ref=2020888 | Close=168.59 vs VAH=169.80
2026-02-09 15:47:36,880 [INFO]     NSE:BSE-EQ | CVD=909631 vs Ref=1074078 | Close=2986.70 vs VAH=2992.50
2026-02-09 15:47:38,828 [INFO]     NSE:GODREJPROP-EQ | CVD=596490 vs Ref=775559 | Close=1803.20 vs VAH=1809.60
2026-02-09 15:48:38,829 [INFO] 🔍 Scanning for alerts on 3 symbols (5min)...
2026-02-09 15:48:38,968 [INFO]     NSE:BANKINDIA-EQ | CVD=902620 vs Ref=2020888 | Close=168.59 vs VAH=169.80
2026-02-09 15:48:39,122 [INFO]     NSE:BSE-EQ | CVD=909631 vs Ref=1074078 | Close=2986.70 vs VAH=2992.50
2026-02-09 15:48:39,262 [INFO]     NSE:GODREJPROP-EQ | CVD=596490 vs Ref=775559 | Close=1803.20 vs VAH=1809.60
2026-02-09 15:49:39,264 [INFO] 🔍 Scanning for alerts on 3 symbols (5min)...
2026-02-09 15:49:39,417 [INFO]     NSE:BANKINDIA-EQ | CVD=902620 vs Ref=2020888 | Close=168.59 vs VAH=169.80
2026-02-09 15:49:39,558 [INFO]     NSE:BSE-EQ | CVD=909631 vs Ref=1074078 | Close=2986.70 vs VAH=2992.50
2026-02-09 15:49:39,697 [INFO]     NSE:GODREJPROP-EQ | CVD=596490 vs Ref=775559 | Close=1803.20 vs VAH=1809.60
2026-02-09 15:50:39,699 [INFO] 🔍 Scanning for alerts on 3 symbols (5min)...
2026-02-09 15:50:39,847 [INFO]     NSE:BANKINDIA-EQ | CVD=902620 vs Ref=2020888 | Close=168.59 vs VAH=169.80
2026-02-09 15:50:39,991 [INFO]     NSE:BSE-EQ | CVD=909631 vs Ref=1074078 | Close=2986.70 vs VAH=2992.50
2026-02-09 15:50:40,128 [INFO]     NSE:GODREJPROP-EQ | CVD=596490 vs Ref=775559 | Close=1803.20 vs VAH=1809.60
2026-02-09 15:51:40,129 [INFO] 🔍 Scanning for alerts on 3 symbols (5min)...
2026-02-09 15:51:40,279 [INFO]     NSE:BANKINDIA-EQ | CVD=902620 vs Ref=2020888 | Close=168.59 vs VAH=169.80
2026-02-09 15:51:40,417 [INFO]     NSE:BSE-EQ | CVD=909631 vs Ref=1074078 | Close=2986.70 vs VAH=2992.50
2026-02-09 15:51:40,562 [INFO]     NSE:GODREJPROP-EQ | CVD=596490 vs Ref=775559 | Close=1803.20 vs VAH=1809.60
2026-02-09 15:52:40,563 [INFO] 🔍 Scanning for alerts on 3 symbols (5min)...
2026-02-09 15:52:40,701 [INFO]     NSE:BANKINDIA-EQ | CVD=902620 vs Ref=2020888 | Close=168.59 vs VAH=169.80
2026-02-09 15:52:40,854 [INFO]     NSE:BSE-EQ | CVD=909631 vs Ref=1074078 | Close=2986.70 vs VAH=2992.50
2026-02-09 15:52:41,010 [INFO]     NSE:GODREJPROP-EQ | CVD=596490 vs Ref=775559 | Close=1803.20 vs VAH=1809.60
2026-02-09 15:53:41,012 [INFO] 🔍 Scanning for alerts on 3 symbols (5min)...
2026-02-09 15:53:41,149 [INFO]     NSE:BANKINDIA-EQ | CVD=902620 vs Ref=2020888 | Close=168.59 vs VAH=169.80
2026-02-09 15:53:41,299 [INFO]     NSE:BSE-EQ | CVD=909631 vs Ref=1074078 | Close=2986.70 vs VAH=2992.50
2026-02-09 15:53:41,434 [INFO]     NSE:GODREJPROP-EQ | CVD=596490 vs Ref=775559 | Close=1803.20 vs VAH=1809.60
2026-02-09 15:54:41,435 [INFO] 🔍 Scanning for alerts on 3 symbols (5min)...
2026-02-09 15:54:41,573 [INFO]     NSE:BANKINDIA-EQ | CVD=902620 vs Ref=2020888 | Close=168.59 vs VAH=169.80
2026-02-09 15:54:41,714 [INFO]     NSE:BSE-EQ | CVD=909631 vs Ref=1074078 | Close=2986.70 vs VAH=2992.50
2026-02-09 15:54:41,853 [INFO]     NSE:GODREJPROP-EQ | CVD=596490 vs Ref=775559 | Close=1803.20 vs VAH=1809.60
2026-02-09 15:55:41,855 [INFO] 🔍 Scanning for alerts on 3 symbols (5min)...
2026-02-09 15:55:42,003 [INFO]     NSE:BANKINDIA-EQ | CVD=902620 vs Ref=2020888 | Close=168.59 vs VAH=169.80
2026-02-09 15:55:42,138 [INFO]     NSE:BSE-EQ | CVD=909631 vs Ref=1074078 | Close=2986.70 vs VAH=2992.50
2026-02-09 15:55:42,278 [INFO]     NSE:GODREJPROP-EQ | CVD=596490 vs Ref=775559 | Close=1803.20 vs VAH=1809.60
2026-02-09 15:56:42,279 [INFO] 🔍 Scanning for alerts on 3 symbols (5min)...
2026-02-09 15:56:42,434 [INFO]     NSE:BANKINDIA-EQ | CVD=902620 vs Ref=2020888 | Close=168.59 vs VAH=169.80
2026-02-09 15:56:44,352 [INFO]     NSE:BSE-EQ | CVD=909631 vs Ref=1074078 | Close=2986.70 vs VAH=2992.50
2026-02-09 15:56:44,490 [INFO]     NSE:GODREJPROP-EQ | CVD=596490 vs Ref=775559 | Close=1803.20 vs VAH=1809.60
2026-02-09 15:57:44,491 [INFO] 🔍 Scanning for alerts on 3 symbols (5min)...
2026-02-09 15:57:44,638 [INFO]     NSE:BANKINDIA-EQ | CVD=902620 vs Ref=2020888 | Close=168.59 vs VAH=169.80
2026-02-09 15:57:44,782 [INFO]     NSE:BSE-EQ | CVD=909631 vs Ref=1074078 | Close=2986.70 vs VAH=2992.50
2026-02-09 15:57:44,917 [INFO]     NSE:GODREJPROP-EQ | CVD=596490 vs Ref=775559 | Close=1803.20 vs VAH=1809.60
2026-02-09 15:58:44,918 [INFO] 🔍 Scanning for alerts on 3 symbols (5min)...
2026-02-09 15:58:45,072 [INFO]     NSE:BANKINDIA-EQ | CVD=902620 vs Ref=2020888 | Close=168.59 vs VAH=169.80
2026-02-09 15:58:45,204 [INFO]     NSE:BSE-EQ | CVD=909631 vs Ref=1074078 | Close=2986.70 vs VAH=2992.50
2026-02-09 15:58:45,332 [INFO]     NSE:GODREJPROP-EQ | CVD=596490 vs Ref=775559 | Close=1803.20 vs VAH=1809.60
2026-02-09 15:59:45,334 [INFO] 🔍 Scanning for alerts on 3 symbols (5min)...
2026-02-09 15:59:45,488 [INFO]     NSE:BANKINDIA-EQ | CVD=902620 vs Ref=2020888 | Close=168.59 vs VAH=169.80
2026-02-09 15:59:45,627 [INFO]     NSE:BSE-EQ | CVD=909631 vs Ref=1074078 | Close=2986.70 vs VAH=2992.50
2026-02-09 15:59:45,768 [INFO]     NSE:GODREJPROP-EQ | CVD=596490 vs Ref=775559 | Close=1803.20 vs VAH=1809.60
2026-02-09 16:00:45,769 [INFO] 🔍 Scanning for alerts on 3 symbols (5min)...
2026-02-09 16:00:45,918 [INFO]     NSE:BANKINDIA-EQ | CVD=902620 vs Ref=2020888 | Close=168.59 vs VAH=169.80
2026-02-09 16:00:46,077 [INFO]     NSE:BSE-EQ | CVD=909631 vs Ref=1074078 | Close=2986.70 vs VAH=2992.50
2026-02-09 16:00:46,227 [INFO]     NSE:GODREJPROP-EQ | CVD=596490 vs Ref=775559 | Close=1803.20 vs VAH=1809.60
2026-02-09 16:01:46,229 [INFO] 🔍 Scanning for alerts on 3 symbols (5min)...
2026-02-09 16:01:46,381 [INFO]     NSE:BANKINDIA-EQ | CVD=902620 vs Ref=2020888 | Close=168.59 vs VAH=169.80
2026-02-09 16:01:46,511 [INFO]     NSE:BSE-EQ | CVD=909631 vs Ref=1074078 | Close=2986.70 vs VAH=2992.50
2026-02-09 16:01:46,647 [INFO]     NSE:GODREJPROP-EQ | CVD=596490 vs Ref=775559 | Close=1803.20 vs VAH=1809.60
2026-02-09 16:02:46,648 [INFO] 🔍 Scanning for alerts on 3 symbols (5min)...
2026-02-09 16:02:46,799 [INFO]     NSE:BANKINDIA-EQ | CVD=902620 vs Ref=2020888 | Close=168.59 vs VAH=169.80
2026-02-09 16:02:46,932 [INFO]     NSE:BSE-EQ | CVD=909631 vs Ref=1074078 | Close=2986.70 vs VAH=2992.50
2026-02-09 16:02:47,089 [INFO]     NSE:GODREJPROP-EQ | CVD=596490 vs Ref=775559 | Close=1803.20 vs VAH=1809.60
2026-02-09 16:03:47,090 [INFO] 🔍 Scanning for alerts on 3 symbols (5min)...
2026-02-09 16:03:47,235 [INFO]     NSE:BANKINDIA-EQ | CVD=902620 vs Ref=2020888 | Close=168.59 vs VAH=169.80
2026-02-09 16:03:47,371 [INFO]     NSE:BSE-EQ | CVD=909631 vs Ref=1074078 | Close=2986.70 vs VAH=2992.50
2026-02-09 16:03:47,497 [INFO]     NSE:GODREJPROP-EQ | CVD=596490 vs Ref=775559 | Close=1803.20 vs VAH=1809.60
2026-02-09 16:04:47,499 [INFO] 🔍 Scanning for alerts on 3 symbols (5min)...
2026-02-09 16:04:47,856 [INFO]     NSE:BANKINDIA-EQ | CVD=902620 vs Ref=2020888 | Close=168.59 vs VAH=169.80
2026-02-09 16:04:48,185 [INFO]     NSE:BSE-EQ | CVD=909631 vs Ref=1074078 | Close=2986.70 vs VAH=2992.50
2026-02-09 16:04:48,598 [INFO]     NSE:GODREJPROP-EQ | CVD=596490 vs Ref=775559 | Close=1803.20 vs VAH=1809.60
2026-02-09 16:05:48,602 [INFO] 🔍 Scanning for alerts on 3 symbols (5min)...
2026-02-09 16:05:48,759 [INFO]     NSE:BANKINDIA-EQ | CVD=902620 vs Ref=2020888 | Close=168.59 vs VAH=169.80
2026-02-09 16:05:48,895 [INFO]     NSE:BSE-EQ | CVD=909631 vs Ref=1074078 | Close=2986.70 vs VAH=2992.50
2026-02-09 16:05:49,053 [INFO]     NSE:GODREJPROP-EQ | CVD=596490 vs Ref=775559 | Close=1803.20 vs VAH=1809.60
2026-02-09 16:06:49,054 [INFO] 🔍 Scanning for alerts on 3 symbols (5min)...
2026-02-09 16:06:49,208 [INFO]     NSE:BANKINDIA-EQ | CVD=902620 vs Ref=2020888 | Close=168.59 vs VAH=169.80
2026-02-09 16:06:49,340 [INFO]     NSE:BSE-EQ | CVD=909631 vs Ref=1074078 | Close=2986.70 vs VAH=2992.50
2026-02-09 16:06:49,496 [INFO]     NSE:GODREJPROP-EQ | CVD=596490 vs Ref=775559 | Close=1803.20 vs VAH=1809.60
2026-02-09 16:07:49,497 [INFO] 🔍 Scanning for alerts on 3 symbols (5min)...
2026-02-09 16:07:49,649 [INFO]     NSE:BANKINDIA-EQ | CVD=902620 vs Ref=2020888 | Close=168.59 vs VAH=169.80
2026-02-09 16:07:50,147 [INFO]     NSE:BSE-EQ | CVD=909631 vs Ref=1074078 | Close=2986.70 vs VAH=2992.50
2026-02-09 16:07:53,152 [INFO]     NSE:GODREJPROP-EQ | CVD=596490 vs Ref=775559 | Close=1803.20 vs VAH=1809.60
2026-02-09 16:08:53,157 [INFO] 🔍 Scanning for alerts on 3 symbols (5min)...
2026-02-09 16:08:53,302 [INFO]     NSE:BANKINDIA-EQ | CVD=902620 vs Ref=2020888 | Close=168.59 vs VAH=169.80
2026-02-09 16:08:55,125 [INFO]     NSE:BSE-EQ | CVD=909631 vs Ref=1074078 | Close=2986.70 vs VAH=2992.50
2026-02-09 16:08:55,265 [INFO]     NSE:GODREJPROP-EQ | CVD=596490 vs Ref=775559 | Close=1803.20 vs VAH=1809.60
2026-02-09 16:09:55,267 [INFO] 🔍 Scanning for alerts on 3 symbols (5min)...
2026-02-09 16:09:55,418 [INFO]     NSE:BANKINDIA-EQ | CVD=902620 vs Ref=2020888 | Close=168.59 vs VAH=169.80
2026-02-09 16:09:55,555 [INFO]     NSE:BSE-EQ | CVD=909631 vs Ref=1074078 | Close=2986.70 vs VAH=2992.50
2026-02-09 16:09:55,698 [INFO]     NSE:GODREJPROP-EQ | CVD=596490 vs Ref=775559 | Close=1803.20 vs VAH=1809.60
2026-02-09 16:10:55,733 [INFO] 🔍 Scanning for alerts on 3 symbols (5min)...
2026-02-09 16:10:58,023 [INFO]     NSE:BANKINDIA-EQ | CVD=902620 vs Ref=2020888 | Close=168.59 vs VAH=169.80
2026-02-09 16:11:00,518 [INFO]     NSE:BSE-EQ | CVD=909631 vs Ref=1074078 | Close=2986.70 vs VAH=2992.50
2026-02-09 16:11:01,897 [INFO] 👋  Buy Alert Monitoring stopped by user.
