2026-02-10 10:21:55,288 [INFO] ==================================================
2026-02-10 10:21:55,289 [INFO] 🚀 INITIALIZING STRATEGY ALERTS (5min)
2026-02-10 10:21:55,289 [INFO] ==================================================
2026-02-10 10:21:55,290 [INFO] 📅 FRVP Configuration:
2026-02-10 10:21:55,290 [INFO]    • Range: 09:15 - 10:25
2026-02-10 10:21:55,290 [INFO]    • Rows: 24 | VA%: 70
2026-02-10 10:21:55,291 [INFO] 
🌊 CVD Configuration:
2026-02-10 10:21:55,291 [INFO]    • Anchor: D
2026-02-10 10:21:55,292 [INFO]    • Ref Candles: First 16 candles of the day
2026-02-10 10:21:55,292 [INFO] --------------------------------------------------
2026-02-10 10:21:55,292 [INFO] ⏳ calculating reference levels for all symbols...
2026-02-10 10:21:55,536 [INFO] ✅ NSE:AMBER-EQ         | CVD Ref (1st 16 c):  45733 | FRVP VAH:  7429.00
2026-02-10 10:21:55,695 [INFO] ✅ NSE:EICHERMOT-EQ     | CVD Ref (1st 16 c):  17572 | FRVP VAH:  7263.75
2026-02-10 10:21:55,828 [INFO] ✅ NSE:DIVISLAB-EQ      | CVD Ref (1st 16 c):  21483 | FRVP VAH:  6215.50
2026-02-10 10:21:55,991 [INFO] ✅ NSE:TATATECH-EQ      | CVD Ref (1st 16 c):  74346 | FRVP VAH:   631.80
2026-02-10 10:21:56,132 [INFO] ✅ NSE:ETERNAL-EQ       | CVD Ref (1st 16 c): 3461417 | FRVP VAH:   297.15
2026-02-10 10:21:56,133 [INFO] ==================================================

2026-02-10 10:21:56,133 [INFO] 🚀 Buy Alert Monitoring Started...
2026-02-10 10:21:56,134 [INFO] 🔍 Scanning for alerts on 5 symbols (5min)...
2026-02-10 10:21:56,370 [INFO]     NSE:AMBER-EQ | CVD=13340 vs Ref=45733 | Close=7431.00 vs VAH=7429.00
2026-02-10 10:21:56,528 [INFO]     NSE:EICHERMOT-EQ | CVD=17572 vs Ref=17572 | Close=7260.50 vs VAH=7263.75
2026-02-10 10:21:56,700 [INFO]     NSE:DIVISLAB-EQ | CVD=17266 vs Ref=21483 | Close=6213.00 vs VAH=6215.50
2026-02-10 10:21:56,867 [INFO]     NSE:TATATECH-EQ | CVD=-21959 vs Ref=74346 | Close=631.15 vs VAH=631.80
2026-02-10 10:21:57,032 [INFO]     NSE:ETERNAL-EQ | CVD=2352106 vs Ref=3461417 | Close=296.20 vs VAH=297.15
2026-02-10 10:22:57,034 [INFO] 🔍 Scanning for alerts on 5 symbols (5min)...
2026-02-10 10:22:57,183 [INFO]     NSE:AMBER-EQ | CVD=13340 vs Ref=45733 | Close=7431.00 vs VAH=7429.00
2026-02-10 10:22:57,349 [INFO]     NSE:EICHERMOT-EQ | CVD=17572 vs Ref=17572 | Close=7260.50 vs VAH=7263.75
2026-02-10 10:22:59,196 [INFO]     NSE:DIVISLAB-EQ | CVD=17266 vs Ref=21483 | Close=6213.00 vs VAH=6215.50
2026-02-10 10:22:59,358 [INFO]     NSE:TATATECH-EQ | CVD=-21959 vs Ref=74346 | Close=631.15 vs VAH=631.80
2026-02-10 10:22:59,505 [INFO]     NSE:ETERNAL-EQ | CVD=2352106 vs Ref=3461417 | Close=296.20 vs VAH=297.15
2026-02-10 10:23:59,508 [INFO] 🔍 Scanning for alerts on 5 symbols (5min)...
2026-02-10 10:23:59,671 [INFO]     NSE:AMBER-EQ | CVD=13340 vs Ref=45733 | Close=7431.00 vs VAH=7429.00
2026-02-10 10:23:59,824 [INFO]     NSE:EICHERMOT-EQ | CVD=17572 vs Ref=17572 | Close=7260.50 vs VAH=7263.75
2026-02-10 10:23:59,982 [INFO]     NSE:DIVISLAB-EQ | CVD=17266 vs Ref=21483 | Close=6213.00 vs VAH=6215.50
2026-02-10 10:24:00,125 [INFO]     NSE:TATATECH-EQ | CVD=-21959 vs Ref=74346 | Close=631.15 vs VAH=631.80
2026-02-10 10:24:00,280 [INFO]     NSE:ETERNAL-EQ | CVD=2352106 vs Ref=3461417 | Close=296.20 vs VAH=297.15
2026-02-10 10:25:00,281 [INFO] 🔍 Scanning for alerts on 5 symbols (5min)...
2026-02-10 10:25:00,439 [INFO]     NSE:AMBER-EQ | CVD=13340 vs Ref=45733 | Close=7431.00 vs VAH=7429.00
2026-02-10 10:25:00,579 [INFO]     NSE:EICHERMOT-EQ | CVD=17572 vs Ref=17572 | Close=7260.50 vs VAH=7263.75
2026-02-10 10:25:00,745 [INFO]     NSE:DIVISLAB-EQ | CVD=17266 vs Ref=21483 | Close=6213.00 vs VAH=6215.50
2026-02-10 10:25:02,539 [INFO]     NSE:TATATECH-EQ | CVD=-21959 vs Ref=74346 | Close=631.15 vs VAH=631.80
2026-02-10 10:25:02,727 [INFO]     NSE:ETERNAL-EQ | CVD=2352106 vs Ref=3461417 | Close=296.20 vs VAH=297.15
2026-02-10 10:26:02,728 [INFO] 🔍 Scanning for alerts on 5 symbols (5min)...
2026-02-10 10:26:02,903 [INFO]     NSE:AMBER-EQ | CVD=13340 vs Ref=45733 | Close=7431.00 vs VAH=7429.00
2026-02-10 10:26:03,064 [INFO]     NSE:EICHERMOT-EQ | CVD=17572 vs Ref=18064 | Close=7260.50 vs VAH=7263.75
2026-02-10 10:26:03,233 [INFO]     NSE:DIVISLAB-EQ | CVD=17266 vs Ref=21483 | Close=6213.00 vs VAH=6215.50
2026-02-10 10:26:03,410 [INFO]     NSE:TATATECH-EQ | CVD=-21959 vs Ref=74346 | Close=631.15 vs VAH=631.80
2026-02-10 10:26:03,577 [INFO]     NSE:ETERNAL-EQ | CVD=2495563 vs Ref=3461417 | Close=296.40 vs VAH=297.15
2026-02-10 10:27:03,579 [INFO] 🔍 Scanning for alerts on 5 symbols (5min)...
2026-02-10 10:27:03,780 [INFO]     NSE:AMBER-EQ | CVD=17116 vs Ref=45733 | Close=7427.50 vs VAH=7429.00
2026-02-10 10:27:03,933 [INFO]     NSE:EICHERMOT-EQ | CVD=18064 vs Ref=18064 | Close=7261.50 vs VAH=7263.75
2026-02-10 10:27:04,201 [INFO]     NSE:DIVISLAB-EQ | CVD=16918 vs Ref=21483 | Close=6215.50 vs VAH=6215.50
2026-02-10 10:27:04,386 [INFO]     NSE:TATATECH-EQ | CVD=-20153 vs Ref=74346 | Close=632.25 vs VAH=631.80
2026-02-10 10:27:04,562 [INFO]     NSE:ETERNAL-EQ | CVD=2495563 vs Ref=3461417 | Close=296.40 vs VAH=297.15
2026-02-10 10:28:04,564 [INFO] 🔍 Scanning for alerts on 5 symbols (5min)...
2026-02-10 10:28:04,726 [INFO]     NSE:AMBER-EQ | CVD=17116 vs Ref=45733 | Close=7427.50 vs VAH=7429.00
2026-02-10 10:28:04,889 [INFO]     NSE:EICHERMOT-EQ | CVD=18064 vs Ref=18064 | Close=7261.50 vs VAH=7263.75
2026-02-10 10:28:05,047 [INFO]     NSE:DIVISLAB-EQ | CVD=16918 vs Ref=21483 | Close=6215.50 vs VAH=6215.50
2026-02-10 10:28:05,199 [INFO]     NSE:TATATECH-EQ | CVD=-20153 vs Ref=74346 | Close=632.25 vs VAH=631.80
2026-02-10 10:28:05,359 [INFO]     NSE:ETERNAL-EQ | CVD=2495563 vs Ref=3461417 | Close=296.40 vs VAH=297.15
2026-02-10 10:29:05,360 [INFO] 🔍 Scanning for alerts on 5 symbols (5min)...
2026-02-10 10:29:05,513 [INFO]     NSE:AMBER-EQ | CVD=17116 vs Ref=45733 | Close=7427.50 vs VAH=7429.00
2026-02-10 10:29:05,681 [INFO]     NSE:EICHERMOT-EQ | CVD=18064 vs Ref=18064 | Close=7261.50 vs VAH=7263.75
2026-02-10 10:29:05,814 [INFO]     NSE:DIVISLAB-EQ | CVD=16918 vs Ref=21483 | Close=6215.50 vs VAH=6215.50
2026-02-10 10:29:05,960 [INFO]     NSE:TATATECH-EQ | CVD=-20153 vs Ref=74346 | Close=632.25 vs VAH=631.80
2026-02-10 10:29:06,146 [INFO]     NSE:ETERNAL-EQ | CVD=2495563 vs Ref=3461417 | Close=296.40 vs VAH=297.15
2026-02-10 10:30:06,147 [INFO] 🔍 Scanning for alerts on 5 symbols (5min)...
2026-02-10 10:30:06,300 [INFO]     NSE:AMBER-EQ | CVD=17116 vs Ref=45733 | Close=7427.50 vs VAH=7429.00
2026-02-10 10:30:06,489 [INFO]     NSE:EICHERMOT-EQ | CVD=18064 vs Ref=18064 | Close=7261.50 vs VAH=7263.75
2026-02-10 10:30:06,644 [INFO]     NSE:DIVISLAB-EQ | CVD=16918 vs Ref=21483 | Close=6215.50 vs VAH=6215.50
2026-02-10 10:30:06,804 [INFO]     NSE:TATATECH-EQ | CVD=-20153 vs Ref=74346 | Close=632.25 vs VAH=631.80
2026-02-10 10:30:06,945 [INFO]     NSE:ETERNAL-EQ | CVD=2495563 vs Ref=3461417 | Close=296.40 vs VAH=297.15
2026-02-10 10:31:06,946 [INFO] 🔍 Scanning for alerts on 5 symbols (5min)...
2026-02-10 10:31:07,096 [INFO]     NSE:AMBER-EQ | CVD=-6780 vs Ref=45733 | Close=7365.50 vs VAH=7429.00
2026-02-10 10:31:07,259 [INFO]     NSE:EICHERMOT-EQ | CVD=13820 vs Ref=18064 | Close=7251.50 vs VAH=7263.75
2026-02-10 10:31:07,407 [INFO]     NSE:DIVISLAB-EQ | CVD=15728 vs Ref=21483 | Close=6208.00 vs VAH=6215.50
2026-02-10 10:31:07,554 [INFO]     NSE:TATATECH-EQ | CVD=7822 vs Ref=74346 | Close=633.15 vs VAH=631.80
2026-02-10 10:31:07,706 [INFO]     NSE:ETERNAL-EQ | CVD=2431303 vs Ref=3461417 | Close=296.25 vs VAH=297.15
2026-02-10 10:32:07,707 [INFO] 🔍 Scanning for alerts on 5 symbols (5min)...
2026-02-10 10:32:07,854 [INFO]     NSE:AMBER-EQ | CVD=-6780 vs Ref=45733 | Close=7365.50 vs VAH=7429.00
2026-02-10 10:32:07,993 [INFO]     NSE:EICHERMOT-EQ | CVD=13820 vs Ref=18064 | Close=7251.50 vs VAH=7263.75
2026-02-10 10:32:08,130 [INFO]     NSE:DIVISLAB-EQ | CVD=15728 vs Ref=21483 | Close=6208.00 vs VAH=6215.50
2026-02-10 10:32:08,272 [INFO]     NSE:TATATECH-EQ | CVD=7822 vs Ref=74346 | Close=633.15 vs VAH=631.80
2026-02-10 10:32:08,411 [INFO]     NSE:ETERNAL-EQ | CVD=2431303 vs Ref=3461417 | Close=296.25 vs VAH=297.15
2026-02-10 10:33:08,413 [INFO] 🔍 Scanning for alerts on 5 symbols (5min)...
2026-02-10 10:33:08,562 [INFO]     NSE:AMBER-EQ | CVD=-6780 vs Ref=45733 | Close=7365.50 vs VAH=7429.00
2026-02-10 10:33:08,701 [INFO]     NSE:EICHERMOT-EQ | CVD=13820 vs Ref=18064 | Close=7251.50 vs VAH=7263.75
2026-02-10 10:33:08,834 [INFO]     NSE:DIVISLAB-EQ | CVD=15728 vs Ref=21483 | Close=6208.00 vs VAH=6215.50
2026-02-10 10:33:08,990 [INFO]     NSE:TATATECH-EQ | CVD=7822 vs Ref=74346 | Close=633.15 vs VAH=631.80
2026-02-10 10:33:09,127 [INFO]     NSE:ETERNAL-EQ | CVD=2431303 vs Ref=3461417 | Close=296.25 vs VAH=297.15
2026-02-10 10:34:09,127 [INFO] 🔍 Scanning for alerts on 5 symbols (5min)...
2026-02-10 10:34:09,293 [INFO]     NSE:AMBER-EQ | CVD=-6780 vs Ref=45733 | Close=7365.50 vs VAH=7429.00
2026-02-10 10:34:09,461 [INFO]     NSE:EICHERMOT-EQ | CVD=13820 vs Ref=18064 | Close=7251.50 vs VAH=7263.75
2026-02-10 10:34:09,605 [INFO]     NSE:DIVISLAB-EQ | CVD=15728 vs Ref=21483 | Close=6208.00 vs VAH=6215.50
2026-02-10 10:34:09,750 [INFO]     NSE:TATATECH-EQ | CVD=7822 vs Ref=74346 | Close=633.15 vs VAH=631.80
2026-02-10 10:34:09,887 [INFO]     NSE:ETERNAL-EQ | CVD=2431303 vs Ref=3461417 | Close=296.25 vs VAH=297.15
2026-02-10 10:35:09,889 [INFO] 🔍 Scanning for alerts on 5 symbols (5min)...
2026-02-10 10:35:10,035 [INFO]     NSE:AMBER-EQ | CVD=-6780 vs Ref=45733 | Close=7365.50 vs VAH=7429.00
2026-02-10 10:35:10,190 [INFO]     NSE:EICHERMOT-EQ | CVD=13820 vs Ref=18064 | Close=7251.50 vs VAH=7263.75
2026-02-10 10:35:10,325 [INFO]     NSE:DIVISLAB-EQ | CVD=15728 vs Ref=21483 | Close=6208.00 vs VAH=6215.50
2026-02-10 10:35:10,548 [INFO]     NSE:TATATECH-EQ | CVD=7822 vs Ref=74346 | Close=633.15 vs VAH=631.80
2026-02-10 10:35:10,717 [INFO]     NSE:ETERNAL-EQ | CVD=2431303 vs Ref=3461417 | Close=296.25 vs VAH=297.15
2026-02-10 10:36:10,718 [INFO] 🔍 Scanning for alerts on 5 symbols (5min)...
2026-02-10 10:36:10,869 [INFO]     NSE:AMBER-EQ | CVD=16964 vs Ref=45733 | Close=7420.00 vs VAH=7429.00
2026-02-10 10:36:11,028 [INFO]     NSE:EICHERMOT-EQ | CVD=7888 vs Ref=18064 | Close=7246.00 vs VAH=7263.75
2026-02-10 10:36:11,159 [INFO]     NSE:DIVISLAB-EQ | CVD=13346 vs Ref=21483 | Close=6206.50 vs VAH=6215.50
2026-02-10 10:36:11,320 [INFO]     NSE:TATATECH-EQ | CVD=38232 vs Ref=74346 | Close=634.50 vs VAH=631.80
2026-02-10 10:36:11,452 [INFO]     NSE:ETERNAL-EQ | CVD=3010715 vs Ref=3461417 | Close=297.20 vs VAH=297.15
2026-02-10 10:37:11,454 [INFO] 🔍 Scanning for alerts on 5 symbols (5min)...
2026-02-10 10:37:11,630 [INFO]     NSE:AMBER-EQ | CVD=16964 vs Ref=45733 | Close=7420.00 vs VAH=7429.00
2026-02-10 10:37:11,772 [INFO]     NSE:EICHERMOT-EQ | CVD=7888 vs Ref=18064 | Close=7246.00 vs VAH=7263.75
2026-02-10 10:37:11,943 [INFO]     NSE:DIVISLAB-EQ | CVD=13346 vs Ref=21483 | Close=6206.50 vs VAH=6215.50
2026-02-10 10:37:12,102 [INFO]     NSE:TATATECH-EQ | CVD=38232 vs Ref=74346 | Close=634.50 vs VAH=631.80
2026-02-10 10:37:12,254 [INFO]     NSE:ETERNAL-EQ | CVD=3010715 vs Ref=3461417 | Close=297.20 vs VAH=297.15
2026-02-10 10:38:12,256 [INFO] 🔍 Scanning for alerts on 5 symbols (5min)...
2026-02-10 10:38:12,457 [INFO]     NSE:AMBER-EQ | CVD=16964 vs Ref=45733 | Close=7420.00 vs VAH=7429.00
2026-02-10 10:38:12,614 [INFO]     NSE:EICHERMOT-EQ | CVD=7888 vs Ref=18064 | Close=7246.00 vs VAH=7263.75
2026-02-10 10:38:12,760 [INFO]     NSE:DIVISLAB-EQ | CVD=13346 vs Ref=21483 | Close=6206.50 vs VAH=6215.50
2026-02-10 10:38:12,922 [INFO]     NSE:TATATECH-EQ | CVD=38232 vs Ref=74346 | Close=634.50 vs VAH=631.80
2026-02-10 10:38:13,077 [INFO]     NSE:ETERNAL-EQ | CVD=3010715 vs Ref=3461417 | Close=297.20 vs VAH=297.15
2026-02-10 10:39:13,079 [INFO] 🔍 Scanning for alerts on 5 symbols (5min)...
2026-02-10 10:39:13,240 [INFO]     NSE:AMBER-EQ | CVD=16964 vs Ref=45733 | Close=7420.00 vs VAH=7429.00
2026-02-10 10:39:13,373 [INFO]     NSE:EICHERMOT-EQ | CVD=7888 vs Ref=18064 | Close=7246.00 vs VAH=7263.75
2026-02-10 10:39:13,532 [INFO]     NSE:DIVISLAB-EQ | CVD=13346 vs Ref=21483 | Close=6206.50 vs VAH=6215.50
2026-02-10 10:39:13,689 [INFO]     NSE:TATATECH-EQ | CVD=38232 vs Ref=74346 | Close=634.50 vs VAH=631.80
2026-02-10 10:39:13,847 [INFO]     NSE:ETERNAL-EQ | CVD=3010715 vs Ref=3461417 | Close=297.20 vs VAH=297.15
2026-02-10 10:40:13,848 [INFO] 🔍 Scanning for alerts on 5 symbols (5min)...
2026-02-10 10:40:13,999 [INFO]     NSE:AMBER-EQ | CVD=16964 vs Ref=45733 | Close=7420.00 vs VAH=7429.00
2026-02-10 10:40:14,131 [INFO]     NSE:EICHERMOT-EQ | CVD=7888 vs Ref=18064 | Close=7246.00 vs VAH=7263.75
2026-02-10 10:40:14,271 [INFO]     NSE:DIVISLAB-EQ | CVD=13346 vs Ref=21483 | Close=6206.50 vs VAH=6215.50
2026-02-10 10:40:14,403 [INFO]     NSE:TATATECH-EQ | CVD=38232 vs Ref=74346 | Close=634.50 vs VAH=631.80
2026-02-10 10:40:14,568 [INFO]     NSE:ETERNAL-EQ | CVD=3010715 vs Ref=3461417 | Close=297.20 vs VAH=297.15
2026-02-10 10:41:14,570 [INFO] 🔍 Scanning for alerts on 5 symbols (5min)...
2026-02-10 10:41:14,719 [INFO] 📡 Sending order request for NSE:AMBER-EQ to http://localhost:4000/postOrder...
2026-02-10 10:41:16,652 [INFO] 📩 Server Response: 200 - {"message":"Order execution triggered","status":"success","receivedData":{"ticker":"NSE:AMBER-EQ","action":"BUY","close":7486}}
2026-02-10 10:41:16,653 [INFO]     NSE:AMBER-EQ | CVD=75298 vs Ref=45733 | Close=7486.00 vs VAH=7429.00
2026-02-10 10:41:16,814 [INFO]     NSE:EICHERMOT-EQ | CVD=10516 vs Ref=18064 | Close=7249.00 vs VAH=7263.75
2026-02-10 10:41:16,990 [INFO]     NSE:DIVISLAB-EQ | CVD=13501 vs Ref=21483 | Close=6205.50 vs VAH=6215.50
2026-02-10 10:41:17,146 [INFO]     NSE:TATATECH-EQ | CVD=45687 vs Ref=74346 | Close=634.95 vs VAH=631.80
2026-02-10 10:41:17,290 [INFO]     NSE:ETERNAL-EQ | CVD=2995059 vs Ref=3461417 | Close=297.15 vs VAH=297.15
2026-02-10 10:42:17,291 [INFO] 🔍 Scanning for alerts on 4 symbols (5min)...
2026-02-10 10:42:17,438 [INFO]     NSE:EICHERMOT-EQ | CVD=10516 vs Ref=18064 | Close=7249.00 vs VAH=7263.75
2026-02-10 10:42:17,604 [INFO]     NSE:DIVISLAB-EQ | CVD=13501 vs Ref=21483 | Close=6205.50 vs VAH=6215.50
2026-02-10 10:42:17,742 [INFO]     NSE:TATATECH-EQ | CVD=45687 vs Ref=74346 | Close=634.95 vs VAH=631.80
2026-02-10 10:42:17,905 [INFO]     NSE:ETERNAL-EQ | CVD=2995059 vs Ref=3461417 | Close=297.15 vs VAH=297.15
2026-02-10 10:43:17,906 [INFO] 🔍 Scanning for alerts on 4 symbols (5min)...
2026-02-10 10:43:18,053 [INFO]     NSE:EICHERMOT-EQ | CVD=10516 vs Ref=18064 | Close=7249.00 vs VAH=7263.75
2026-02-10 10:43:18,187 [INFO]     NSE:DIVISLAB-EQ | CVD=13501 vs Ref=21483 | Close=6205.50 vs VAH=6215.50
2026-02-10 10:43:18,326 [INFO]     NSE:TATATECH-EQ | CVD=45687 vs Ref=74346 | Close=634.95 vs VAH=631.80
2026-02-10 10:43:18,477 [INFO]     NSE:ETERNAL-EQ | CVD=2995059 vs Ref=3461417 | Close=297.15 vs VAH=297.15
2026-02-10 10:44:18,478 [INFO] 🔍 Scanning for alerts on 4 symbols (5min)...
2026-02-10 10:44:18,639 [INFO]     NSE:EICHERMOT-EQ | CVD=10516 vs Ref=18064 | Close=7249.00 vs VAH=7263.75
2026-02-10 10:44:18,772 [INFO]     NSE:DIVISLAB-EQ | CVD=13501 vs Ref=21483 | Close=6205.50 vs VAH=6215.50
2026-02-10 10:44:18,933 [INFO]     NSE:TATATECH-EQ | CVD=45687 vs Ref=74346 | Close=634.95 vs VAH=631.80
2026-02-10 10:44:19,070 [INFO]     NSE:ETERNAL-EQ | CVD=2995059 vs Ref=3461417 | Close=297.15 vs VAH=297.15
2026-02-10 10:45:19,071 [INFO] 🔍 Scanning for alerts on 4 symbols (5min)...
2026-02-10 10:45:19,229 [INFO]     NSE:EICHERMOT-EQ | CVD=10516 vs Ref=18064 | Close=7249.00 vs VAH=7263.75
2026-02-10 10:45:19,362 [INFO]     NSE:DIVISLAB-EQ | CVD=13501 vs Ref=21483 | Close=6205.50 vs VAH=6215.50
2026-02-10 10:45:19,526 [INFO]     NSE:TATATECH-EQ | CVD=45687 vs Ref=74346 | Close=634.95 vs VAH=631.80
2026-02-10 10:45:19,666 [INFO]     NSE:ETERNAL-EQ | CVD=2995059 vs Ref=3461417 | Close=297.15 vs VAH=297.15
2026-02-10 10:46:19,668 [INFO] 🔍 Scanning for alerts on 4 symbols (5min)...
2026-02-10 10:46:19,828 [INFO]     NSE:EICHERMOT-EQ | CVD=11665 vs Ref=18064 | Close=7249.50 vs VAH=7263.75
2026-02-10 10:46:19,960 [INFO]     NSE:DIVISLAB-EQ | CVD=12563 vs Ref=21483 | Close=6200.00 vs VAH=6215.50
2026-02-10 10:46:20,100 [INFO]     NSE:TATATECH-EQ | CVD=42653 vs Ref=74346 | Close=634.00 vs VAH=631.80
2026-02-10 10:46:20,259 [INFO]     NSE:ETERNAL-EQ | CVD=3112980 vs Ref=3461417 | Close=297.45 vs VAH=297.15
2026-02-10 10:47:20,261 [INFO] 🔍 Scanning for alerts on 4 symbols (5min)...
2026-02-10 10:47:20,425 [INFO]     NSE:EICHERMOT-EQ | CVD=11665 vs Ref=18064 | Close=7249.50 vs VAH=7263.75
2026-02-10 10:47:20,562 [INFO]     NSE:DIVISLAB-EQ | CVD=12563 vs Ref=21483 | Close=6200.00 vs VAH=6215.50
2026-02-10 10:47:20,721 [INFO]     NSE:TATATECH-EQ | CVD=42653 vs Ref=74346 | Close=634.00 vs VAH=631.80
2026-02-10 10:47:20,878 [INFO]     NSE:ETERNAL-EQ | CVD=3112980 vs Ref=3461417 | Close=297.45 vs VAH=297.15
2026-02-10 10:48:20,879 [INFO] 🔍 Scanning for alerts on 4 symbols (5min)...
2026-02-10 10:48:21,035 [INFO]     NSE:EICHERMOT-EQ | CVD=11665 vs Ref=18064 | Close=7249.50 vs VAH=7263.75
2026-02-10 10:48:21,163 [INFO]     NSE:DIVISLAB-EQ | CVD=12563 vs Ref=21483 | Close=6200.00 vs VAH=6215.50
2026-02-10 10:48:21,302 [INFO]     NSE:TATATECH-EQ | CVD=42653 vs Ref=74346 | Close=634.00 vs VAH=631.80
2026-02-10 10:48:21,455 [INFO]     NSE:ETERNAL-EQ | CVD=3112980 vs Ref=3461417 | Close=297.45 vs VAH=297.15
2026-02-10 10:49:21,457 [INFO] 🔍 Scanning for alerts on 4 symbols (5min)...
2026-02-10 10:49:21,611 [INFO]     NSE:EICHERMOT-EQ | CVD=11665 vs Ref=18064 | Close=7249.50 vs VAH=7263.75
2026-02-10 10:49:21,765 [INFO]     NSE:DIVISLAB-EQ | CVD=12563 vs Ref=21483 | Close=6200.00 vs VAH=6215.50
2026-02-10 10:49:21,904 [INFO]     NSE:TATATECH-EQ | CVD=42653 vs Ref=74346 | Close=634.00 vs VAH=631.80
2026-02-10 10:49:22,044 [INFO]     NSE:ETERNAL-EQ | CVD=3112980 vs Ref=3461417 | Close=297.45 vs VAH=297.15
2026-02-10 10:50:22,045 [INFO] 🔍 Scanning for alerts on 4 symbols (5min)...
2026-02-10 10:50:22,204 [INFO]     NSE:EICHERMOT-EQ | CVD=11665 vs Ref=18064 | Close=7249.50 vs VAH=7263.75
2026-02-10 10:50:22,343 [INFO]     NSE:DIVISLAB-EQ | CVD=12563 vs Ref=21483 | Close=6200.00 vs VAH=6215.50
2026-02-10 10:50:22,498 [INFO]     NSE:TATATECH-EQ | CVD=42653 vs Ref=74346 | Close=634.00 vs VAH=631.80
2026-02-10 10:50:22,658 [INFO]     NSE:ETERNAL-EQ | CVD=3112980 vs Ref=3461417 | Close=297.45 vs VAH=297.15
2026-02-10 10:51:22,659 [INFO] 🔍 Scanning for alerts on 4 symbols (5min)...
2026-02-10 10:51:22,798 [INFO]     NSE:EICHERMOT-EQ | CVD=7939 vs Ref=18064 | Close=7243.00 vs VAH=7263.75
2026-02-10 10:51:22,928 [INFO]     NSE:DIVISLAB-EQ | CVD=11824 vs Ref=21483 | Close=6191.00 vs VAH=6215.50
2026-02-10 10:51:23,060 [INFO]     NSE:TATATECH-EQ | CVD=33800 vs Ref=74346 | Close=633.10 vs VAH=631.80
2026-02-10 10:51:23,195 [INFO]     NSE:ETERNAL-EQ | CVD=3419099 vs Ref=3461417 | Close=297.80 vs VAH=297.15
2026-02-10 10:52:23,196 [INFO] 🔍 Scanning for alerts on 4 symbols (5min)...
2026-02-10 10:52:23,339 [INFO]     NSE:EICHERMOT-EQ | CVD=7939 vs Ref=18064 | Close=7243.00 vs VAH=7263.75
2026-02-10 10:52:23,489 [INFO]     NSE:DIVISLAB-EQ | CVD=11824 vs Ref=21483 | Close=6191.00 vs VAH=6215.50
2026-02-10 10:52:23,632 [INFO]     NSE:TATATECH-EQ | CVD=33800 vs Ref=74346 | Close=633.10 vs VAH=631.80
2026-02-10 10:52:23,767 [INFO]     NSE:ETERNAL-EQ | CVD=3419099 vs Ref=3461417 | Close=297.80 vs VAH=297.15
2026-02-10 10:53:23,768 [INFO] 🔍 Scanning for alerts on 4 symbols (5min)...
2026-02-10 10:53:23,925 [INFO]     NSE:EICHERMOT-EQ | CVD=7939 vs Ref=18064 | Close=7243.00 vs VAH=7263.75
2026-02-10 10:53:24,059 [INFO]     NSE:DIVISLAB-EQ | CVD=11824 vs Ref=21483 | Close=6191.00 vs VAH=6215.50
2026-02-10 10:53:24,195 [INFO]     NSE:TATATECH-EQ | CVD=33800 vs Ref=74346 | Close=633.10 vs VAH=631.80
2026-02-10 10:53:24,328 [INFO]     NSE:ETERNAL-EQ | CVD=3419099 vs Ref=3461417 | Close=297.80 vs VAH=297.15
2026-02-10 10:54:24,329 [INFO] 🔍 Scanning for alerts on 4 symbols (5min)...
2026-02-10 10:54:24,472 [INFO]     NSE:EICHERMOT-EQ | CVD=7939 vs Ref=18064 | Close=7243.00 vs VAH=7263.75
2026-02-10 10:54:24,599 [INFO]     NSE:DIVISLAB-EQ | CVD=11824 vs Ref=21483 | Close=6191.00 vs VAH=6215.50
2026-02-10 10:54:24,727 [INFO]     NSE:TATATECH-EQ | CVD=33800 vs Ref=74346 | Close=633.10 vs VAH=631.80
2026-02-10 10:54:24,860 [INFO]     NSE:ETERNAL-EQ | CVD=3419099 vs Ref=3461417 | Close=297.80 vs VAH=297.15
2026-02-10 10:55:24,862 [INFO] 🔍 Scanning for alerts on 4 symbols (5min)...
2026-02-10 10:55:25,001 [INFO]     NSE:EICHERMOT-EQ | CVD=7939 vs Ref=18064 | Close=7243.00 vs VAH=7263.75
2026-02-10 10:55:25,149 [INFO]     NSE:DIVISLAB-EQ | CVD=11824 vs Ref=21483 | Close=6191.00 vs VAH=6215.50
2026-02-10 10:55:25,302 [INFO]     NSE:TATATECH-EQ | CVD=33800 vs Ref=74346 | Close=633.10 vs VAH=631.80
2026-02-10 10:55:25,429 [INFO]     NSE:ETERNAL-EQ | CVD=3419099 vs Ref=3461417 | Close=297.80 vs VAH=297.15
2026-02-10 10:56:25,430 [INFO] 🔍 Scanning for alerts on 4 symbols (5min)...
2026-02-10 10:56:25,571 [INFO]     NSE:EICHERMOT-EQ | CVD=8509 vs Ref=18064 | Close=7248.00 vs VAH=7263.75
2026-02-10 10:56:25,700 [INFO]     NSE:DIVISLAB-EQ | CVD=12774 vs Ref=21483 | Close=6190.00 vs VAH=6215.50
2026-02-10 10:56:25,830 [INFO]     NSE:TATATECH-EQ | CVD=25030 vs Ref=74346 | Close=632.40 vs VAH=631.80
2026-02-10 10:56:25,959 [INFO] 📡 Sending order request for NSE:ETERNAL-EQ to http://localhost:4000/postOrder...
2026-02-10 10:56:25,991 [INFO] 📩 Server Response: 200 - {"message":"Order execution triggered","status":"success","receivedData":{"ticker":"NSE:ETERNAL-EQ","action":"BUY","close":298.05}}
2026-02-10 10:56:25,992 [INFO]     NSE:ETERNAL-EQ | CVD=3892636 vs Ref=3461417 | Close=298.05 vs VAH=297.15
2026-02-10 10:57:25,994 [INFO] 🔍 Scanning for alerts on 3 symbols (5min)...
2026-02-10 10:57:26,155 [INFO]     NSE:EICHERMOT-EQ | CVD=8509 vs Ref=18064 | Close=7248.00 vs VAH=7263.75
2026-02-10 10:57:26,308 [INFO]     NSE:DIVISLAB-EQ | CVD=12774 vs Ref=21483 | Close=6190.00 vs VAH=6215.50
2026-02-10 10:57:26,466 [INFO]     NSE:TATATECH-EQ | CVD=25030 vs Ref=74346 | Close=632.40 vs VAH=631.80
2026-02-10 10:58:26,467 [INFO] 🔍 Scanning for alerts on 3 symbols (5min)...
2026-02-10 10:58:26,626 [INFO]     NSE:EICHERMOT-EQ | CVD=8509 vs Ref=18064 | Close=7248.00 vs VAH=7263.75
2026-02-10 10:58:26,813 [INFO]     NSE:DIVISLAB-EQ | CVD=12774 vs Ref=21483 | Close=6190.00 vs VAH=6215.50
2026-02-10 10:58:27,023 [INFO]     NSE:TATATECH-EQ | CVD=25030 vs Ref=74346 | Close=632.40 vs VAH=631.80
2026-02-10 10:59:27,027 [INFO] 🔍 Scanning for alerts on 3 symbols (5min)...
2026-02-10 10:59:27,171 [INFO]     NSE:EICHERMOT-EQ | CVD=8509 vs Ref=18064 | Close=7248.00 vs VAH=7263.75
2026-02-10 10:59:27,319 [INFO]     NSE:DIVISLAB-EQ | CVD=12774 vs Ref=21483 | Close=6190.00 vs VAH=6215.50
2026-02-10 10:59:27,474 [INFO]     NSE:TATATECH-EQ | CVD=25030 vs Ref=74346 | Close=632.40 vs VAH=631.80
2026-02-10 11:00:27,476 [INFO] 🔍 Scanning for alerts on 3 symbols (5min)...
2026-02-10 11:00:27,618 [INFO]     NSE:EICHERMOT-EQ | CVD=8509 vs Ref=18064 | Close=7248.00 vs VAH=7263.75
2026-02-10 11:00:27,789 [INFO]     NSE:DIVISLAB-EQ | CVD=12774 vs Ref=21483 | Close=6190.00 vs VAH=6215.50
2026-02-10 11:00:27,948 [INFO]     NSE:TATATECH-EQ | CVD=25030 vs Ref=74346 | Close=632.40 vs VAH=631.80
2026-02-10 11:01:27,949 [INFO] 🔍 Scanning for alerts on 3 symbols (5min)...
2026-02-10 11:01:28,092 [INFO]     NSE:EICHERMOT-EQ | CVD=11330 vs Ref=18064 | Close=7258.50 vs VAH=7263.75
2026-02-10 11:01:28,286 [INFO]     NSE:DIVISLAB-EQ | CVD=13406 vs Ref=21483 | Close=6190.00 vs VAH=6215.50
2026-02-10 11:01:28,479 [INFO]     NSE:TATATECH-EQ | CVD=22401 vs Ref=74346 | Close=632.25 vs VAH=631.80
2026-02-10 11:02:28,480 [INFO] 🔍 Scanning for alerts on 3 symbols (5min)...
2026-02-10 11:02:28,788 [INFO]     NSE:EICHERMOT-EQ | CVD=11330 vs Ref=18064 | Close=7258.50 vs VAH=7263.75
2026-02-10 11:02:29,122 [INFO]     NSE:DIVISLAB-EQ | CVD=13406 vs Ref=21483 | Close=6190.00 vs VAH=6215.50
2026-02-10 11:02:29,297 [INFO]     NSE:TATATECH-EQ | CVD=22401 vs Ref=74346 | Close=632.25 vs VAH=631.80
2026-02-10 11:03:29,299 [INFO] 🔍 Scanning for alerts on 3 symbols (5min)...
2026-02-10 11:03:29,478 [INFO]     NSE:EICHERMOT-EQ | CVD=11330 vs Ref=18064 | Close=7258.50 vs VAH=7263.75
2026-02-10 11:03:29,789 [INFO]     NSE:DIVISLAB-EQ | CVD=13406 vs Ref=21483 | Close=6190.00 vs VAH=6215.50
2026-02-10 11:03:29,971 [INFO]     NSE:TATATECH-EQ | CVD=22401 vs Ref=74346 | Close=632.25 vs VAH=631.80
2026-02-10 11:04:29,972 [INFO] 🔍 Scanning for alerts on 3 symbols (5min)...
2026-02-10 11:04:30,117 [INFO]     NSE:EICHERMOT-EQ | CVD=11330 vs Ref=18064 | Close=7258.50 vs VAH=7263.75
2026-02-10 11:04:30,285 [INFO]     NSE:DIVISLAB-EQ | CVD=13406 vs Ref=21483 | Close=6190.00 vs VAH=6215.50
2026-02-10 11:04:30,447 [INFO]     NSE:TATATECH-EQ | CVD=22401 vs Ref=74346 | Close=632.25 vs VAH=631.80
2026-02-10 11:05:30,448 [INFO] 🔍 Scanning for alerts on 3 symbols (5min)...
2026-02-10 11:05:30,596 [INFO]     NSE:EICHERMOT-EQ | CVD=11330 vs Ref=18064 | Close=7258.50 vs VAH=7263.75
2026-02-10 11:05:30,751 [INFO]     NSE:DIVISLAB-EQ | CVD=13406 vs Ref=21483 | Close=6190.00 vs VAH=6215.50
2026-02-10 11:05:30,901 [INFO]     NSE:TATATECH-EQ | CVD=22401 vs Ref=74346 | Close=632.25 vs VAH=631.80
2026-02-10 11:06:30,901 [INFO] 🔍 Scanning for alerts on 3 symbols (5min)...
2026-02-10 11:06:31,079 [INFO]     NSE:EICHERMOT-EQ | CVD=17680 vs Ref=18064 | Close=7267.00 vs VAH=7263.75
2026-02-10 11:06:31,276 [INFO]     NSE:DIVISLAB-EQ | CVD=13903 vs Ref=21483 | Close=6197.50 vs VAH=6215.50
2026-02-10 11:06:31,442 [INFO]     NSE:TATATECH-EQ | CVD=24820 vs Ref=74346 | Close=633.50 vs VAH=631.80
2026-02-10 11:07:31,444 [INFO] 🔍 Scanning for alerts on 3 symbols (5min)...
2026-02-10 11:07:31,635 [INFO]     NSE:EICHERMOT-EQ | CVD=17680 vs Ref=18064 | Close=7267.00 vs VAH=7263.75
2026-02-10 11:07:31,804 [INFO]     NSE:DIVISLAB-EQ | CVD=13903 vs Ref=21483 | Close=6197.50 vs VAH=6215.50
2026-02-10 11:07:31,960 [INFO]     NSE:TATATECH-EQ | CVD=24820 vs Ref=74346 | Close=633.50 vs VAH=631.80
2026-02-10 11:08:31,961 [INFO] 🔍 Scanning for alerts on 3 symbols (5min)...
2026-02-10 11:08:32,173 [INFO]     NSE:EICHERMOT-EQ | CVD=17680 vs Ref=18064 | Close=7267.00 vs VAH=7263.75
2026-02-10 11:08:32,368 [INFO]     NSE:DIVISLAB-EQ | CVD=13903 vs Ref=21483 | Close=6197.50 vs VAH=6215.50
2026-02-10 11:08:32,545 [INFO]     NSE:TATATECH-EQ | CVD=24820 vs Ref=74346 | Close=633.50 vs VAH=631.80
2026-02-10 11:09:32,547 [INFO] 🔍 Scanning for alerts on 3 symbols (5min)...
2026-02-10 11:09:32,787 [INFO]     NSE:EICHERMOT-EQ | CVD=17680 vs Ref=18064 | Close=7267.00 vs VAH=7263.75
2026-02-10 11:09:32,966 [INFO]     NSE:DIVISLAB-EQ | CVD=13903 vs Ref=21483 | Close=6197.50 vs VAH=6215.50
2026-02-10 11:09:33,205 [INFO]     NSE:TATATECH-EQ | CVD=24820 vs Ref=74346 | Close=633.50 vs VAH=631.80
2026-02-10 11:10:33,210 [INFO] 🔍 Scanning for alerts on 3 symbols (5min)...
2026-02-10 11:10:33,819 [INFO]     NSE:EICHERMOT-EQ | CVD=17680 vs Ref=18064 | Close=7267.00 vs VAH=7263.75
2026-02-10 11:10:34,499 [INFO]     NSE:DIVISLAB-EQ | CVD=13903 vs Ref=21483 | Close=6197.50 vs VAH=6215.50
2026-02-10 11:10:35,124 [INFO]     NSE:TATATECH-EQ | CVD=24820 vs Ref=74346 | Close=633.50 vs VAH=631.80
2026-02-10 11:11:35,127 [INFO] 🔍 Scanning for alerts on 3 symbols (5min)...
2026-02-10 11:11:35,355 [INFO] 📡 Sending order request for NSE:EICHERMOT-EQ to http://localhost:4000/postOrder...
2026-02-10 11:11:35,404 [INFO] 📩 Server Response: 200 - {"message":"Order execution triggered","status":"success","receivedData":{"ticker":"NSE:EICHERMOT-EQ","action":"BUY","close":7289.5}}
2026-02-10 11:11:35,404 [INFO]     NSE:EICHERMOT-EQ | CVD=29165 vs Ref=18064 | Close=7289.50 vs VAH=7263.75
2026-02-10 11:11:35,624 [INFO]     NSE:DIVISLAB-EQ | CVD=13428 vs Ref=21483 | Close=6191.00 vs VAH=6215.50
2026-02-10 11:11:35,934 [INFO]     NSE:TATATECH-EQ | CVD=27376 vs Ref=74346 | Close=633.90 vs VAH=631.80
2026-02-10 11:12:35,935 [INFO] 🔍 Scanning for alerts on 2 symbols (5min)...
2026-02-10 11:12:36,136 [INFO]     NSE:DIVISLAB-EQ | CVD=13428 vs Ref=21483 | Close=6191.00 vs VAH=6215.50
2026-02-10 11:12:36,355 [INFO]     NSE:TATATECH-EQ | CVD=27376 vs Ref=74346 | Close=633.90 vs VAH=631.80
2026-02-10 11:13:37,759 [INFO] 🔍 Scanning for alerts on 2 symbols (5min)...
2026-02-10 11:13:37,978 [INFO]     NSE:DIVISLAB-EQ | CVD=13428 vs Ref=21483 | Close=6191.00 vs VAH=6215.50
2026-02-10 11:13:38,178 [INFO]     NSE:TATATECH-EQ | CVD=27376 vs Ref=74346 | Close=633.90 vs VAH=631.80
2026-02-10 11:14:38,180 [INFO] 🔍 Scanning for alerts on 2 symbols (5min)...
2026-02-10 11:14:38,415 [INFO]     NSE:DIVISLAB-EQ | CVD=13428 vs Ref=21483 | Close=6191.00 vs VAH=6215.50
2026-02-10 11:14:38,772 [INFO]     NSE:TATATECH-EQ | CVD=27376 vs Ref=74346 | Close=633.90 vs VAH=631.80
2026-02-10 11:15:38,774 [INFO] 🔍 Scanning for alerts on 2 symbols (5min)...
2026-02-10 11:15:38,987 [INFO]     NSE:DIVISLAB-EQ | CVD=13428 vs Ref=21483 | Close=6191.00 vs VAH=6215.50
2026-02-10 11:15:39,233 [INFO]     NSE:TATATECH-EQ | CVD=27376 vs Ref=74346 | Close=633.90 vs VAH=631.80
2026-02-10 11:16:39,235 [INFO] 🔍 Scanning for alerts on 2 symbols (5min)...
2026-02-10 11:16:39,525 [INFO]     NSE:DIVISLAB-EQ | CVD=13902 vs Ref=21483 | Close=6198.50 vs VAH=6215.50
2026-02-10 11:16:39,833 [INFO]     NSE:TATATECH-EQ | CVD=26835 vs Ref=74346 | Close=633.15 vs VAH=631.80
2026-02-10 11:17:39,834 [INFO] 🔍 Scanning for alerts on 2 symbols (5min)...
2026-02-10 11:17:40,094 [INFO]     NSE:DIVISLAB-EQ | CVD=13902 vs Ref=21483 | Close=6198.50 vs VAH=6215.50
2026-02-10 11:17:40,537 [INFO]     NSE:TATATECH-EQ | CVD=26835 vs Ref=74346 | Close=633.15 vs VAH=631.80
2026-02-10 11:18:40,539 [INFO] 🔍 Scanning for alerts on 2 symbols (5min)...
2026-02-10 11:18:40,725 [INFO]     NSE:DIVISLAB-EQ | CVD=13902 vs Ref=21483 | Close=6198.50 vs VAH=6215.50
2026-02-10 11:18:40,917 [INFO]     NSE:TATATECH-EQ | CVD=26835 vs Ref=74346 | Close=633.15 vs VAH=631.80
2026-02-10 11:19:40,919 [INFO] 🔍 Scanning for alerts on 2 symbols (5min)...
2026-02-10 11:19:41,106 [INFO]     NSE:DIVISLAB-EQ | CVD=13902 vs Ref=21483 | Close=6198.50 vs VAH=6215.50
2026-02-10 11:19:41,341 [INFO]     NSE:TATATECH-EQ | CVD=26835 vs Ref=74346 | Close=633.15 vs VAH=631.80
2026-02-10 11:20:41,343 [INFO] 🔍 Scanning for alerts on 2 symbols (5min)...
2026-02-10 11:20:41,573 [INFO]     NSE:DIVISLAB-EQ | CVD=13902 vs Ref=21483 | Close=6198.50 vs VAH=6215.50
2026-02-10 11:20:41,766 [INFO]     NSE:TATATECH-EQ | CVD=26835 vs Ref=74346 | Close=633.15 vs VAH=631.80
2026-02-10 11:21:41,767 [INFO] 🔍 Scanning for alerts on 2 symbols (5min)...
2026-02-10 11:21:42,021 [INFO]     NSE:DIVISLAB-EQ | CVD=13425 vs Ref=21483 | Close=6194.50 vs VAH=6215.50
2026-02-10 11:21:42,389 [INFO]     NSE:TATATECH-EQ | CVD=26859 vs Ref=74346 | Close=633.15 vs VAH=631.80
2026-02-10 11:22:42,392 [INFO] 🔍 Scanning for alerts on 2 symbols (5min)...
2026-02-10 11:22:42,902 [INFO]     NSE:DIVISLAB-EQ | CVD=13425 vs Ref=21483 | Close=6194.50 vs VAH=6215.50
2026-02-10 11:22:43,377 [INFO]     NSE:TATATECH-EQ | CVD=26859 vs Ref=74346 | Close=633.15 vs VAH=631.80
2026-02-10 11:23:43,379 [INFO] 🔍 Scanning for alerts on 2 symbols (5min)...
2026-02-10 11:23:43,572 [INFO]     NSE:DIVISLAB-EQ | CVD=13425 vs Ref=21483 | Close=6194.50 vs VAH=6215.50
2026-02-10 11:23:43,863 [INFO]     NSE:TATATECH-EQ | CVD=26859 vs Ref=74346 | Close=633.15 vs VAH=631.80
2026-02-10 11:24:43,863 [INFO] 🔍 Scanning for alerts on 2 symbols (5min)...
2026-02-10 11:24:44,102 [INFO]     NSE:DIVISLAB-EQ | CVD=13425 vs Ref=21483 | Close=6194.50 vs VAH=6215.50
2026-02-10 11:24:44,340 [INFO]     NSE:TATATECH-EQ | CVD=26859 vs Ref=74346 | Close=633.15 vs VAH=631.80
2026-02-10 11:25:44,342 [INFO] 🔍 Scanning for alerts on 2 symbols (5min)...
2026-02-10 11:25:44,597 [INFO]     NSE:DIVISLAB-EQ | CVD=13425 vs Ref=21483 | Close=6194.50 vs VAH=6215.50
2026-02-10 11:25:44,882 [INFO]     NSE:TATATECH-EQ | CVD=26859 vs Ref=74346 | Close=633.15 vs VAH=631.80
2026-02-10 11:26:44,883 [INFO] 🔍 Scanning for alerts on 2 symbols (5min)...
2026-02-10 11:26:45,090 [INFO]     NSE:DIVISLAB-EQ | CVD=12672 vs Ref=21483 | Close=6190.50 vs VAH=6215.50
2026-02-10 11:26:45,448 [INFO]     NSE:TATATECH-EQ | CVD=23204 vs Ref=74346 | Close=632.70 vs VAH=631.80
2026-02-10 11:27:45,450 [INFO] 🔍 Scanning for alerts on 2 symbols (5min)...
2026-02-10 11:27:45,667 [INFO]     NSE:DIVISLAB-EQ | CVD=12672 vs Ref=21483 | Close=6190.50 vs VAH=6215.50
2026-02-10 11:27:45,890 [INFO]     NSE:TATATECH-EQ | CVD=23204 vs Ref=74346 | Close=632.70 vs VAH=631.80
2026-02-10 11:28:45,891 [INFO] 🔍 Scanning for alerts on 2 symbols (5min)...
2026-02-10 11:28:46,084 [INFO]     NSE:DIVISLAB-EQ | CVD=12672 vs Ref=21483 | Close=6190.50 vs VAH=6215.50
2026-02-10 11:28:46,302 [INFO]     NSE:TATATECH-EQ | CVD=23204 vs Ref=74346 | Close=632.70 vs VAH=631.80
2026-02-10 11:29:46,303 [INFO] 🔍 Scanning for alerts on 2 symbols (5min)...
2026-02-10 11:29:46,522 [INFO]     NSE:DIVISLAB-EQ | CVD=12672 vs Ref=21483 | Close=6190.50 vs VAH=6215.50
2026-02-10 11:29:46,688 [INFO]     NSE:TATATECH-EQ | CVD=23204 vs Ref=74346 | Close=632.70 vs VAH=631.80
2026-02-10 11:30:46,690 [INFO] 🔍 Scanning for alerts on 2 symbols (5min)...
2026-02-10 11:30:46,929 [INFO]     NSE:DIVISLAB-EQ | CVD=12672 vs Ref=21483 | Close=6190.50 vs VAH=6215.50
2026-02-10 11:30:47,096 [INFO]     NSE:TATATECH-EQ | CVD=23204 vs Ref=74346 | Close=632.70 vs VAH=631.80
2026-02-10 11:31:47,098 [INFO] 🔍 Scanning for alerts on 2 symbols (5min)...
2026-02-10 11:31:47,285 [INFO]     NSE:DIVISLAB-EQ | CVD=8839 vs Ref=21483 | Close=6180.00 vs VAH=6215.50
2026-02-10 11:31:47,502 [INFO]     NSE:TATATECH-EQ | CVD=24182 vs Ref=74346 | Close=633.00 vs VAH=631.80
2026-02-10 11:32:47,503 [INFO] 🔍 Scanning for alerts on 2 symbols (5min)...
2026-02-10 11:32:47,692 [INFO]     NSE:DIVISLAB-EQ | CVD=8839 vs Ref=21483 | Close=6180.00 vs VAH=6215.50
2026-02-10 11:32:47,868 [INFO]     NSE:TATATECH-EQ | CVD=24182 vs Ref=74346 | Close=633.00 vs VAH=631.80
2026-02-10 11:33:47,870 [INFO] 🔍 Scanning for alerts on 2 symbols (5min)...
2026-02-10 11:33:48,060 [INFO]     NSE:DIVISLAB-EQ | CVD=8839 vs Ref=21483 | Close=6180.00 vs VAH=6215.50
2026-02-10 11:33:48,237 [INFO]     NSE:TATATECH-EQ | CVD=24182 vs Ref=74346 | Close=633.00 vs VAH=631.80
2026-02-10 11:34:48,239 [INFO] 🔍 Scanning for alerts on 2 symbols (5min)...
2026-02-10 11:34:48,462 [INFO]     NSE:DIVISLAB-EQ | CVD=8839 vs Ref=21483 | Close=6180.00 vs VAH=6215.50
2026-02-10 11:34:48,630 [INFO]     NSE:TATATECH-EQ | CVD=24182 vs Ref=74346 | Close=633.00 vs VAH=631.80
2026-02-10 11:35:48,632 [INFO] 🔍 Scanning for alerts on 2 symbols (5min)...
2026-02-10 11:35:48,855 [INFO]     NSE:DIVISLAB-EQ | CVD=8839 vs Ref=21483 | Close=6180.00 vs VAH=6215.50
2026-02-10 11:35:49,015 [INFO]     NSE:TATATECH-EQ | CVD=24182 vs Ref=74346 | Close=633.00 vs VAH=631.80
2026-02-10 11:36:49,017 [INFO] 🔍 Scanning for alerts on 2 symbols (5min)...
2026-02-10 11:36:49,207 [INFO]     NSE:DIVISLAB-EQ | CVD=10272 vs Ref=21483 | Close=6188.50 vs VAH=6215.50
2026-02-10 11:36:49,408 [INFO]     NSE:TATATECH-EQ | CVD=27090 vs Ref=74346 | Close=634.25 vs VAH=631.80
2026-02-10 11:37:49,410 [INFO] 🔍 Scanning for alerts on 2 symbols (5min)...
2026-02-10 11:37:49,628 [INFO]     NSE:DIVISLAB-EQ | CVD=10272 vs Ref=21483 | Close=6188.50 vs VAH=6215.50
2026-02-10 11:37:49,816 [INFO]     NSE:TATATECH-EQ | CVD=27090 vs Ref=74346 | Close=634.25 vs VAH=631.80
2026-02-10 11:38:49,816 [INFO] 🔍 Scanning for alerts on 2 symbols (5min)...
2026-02-10 11:38:50,004 [INFO]     NSE:DIVISLAB-EQ | CVD=10272 vs Ref=21483 | Close=6188.50 vs VAH=6215.50
2026-02-10 11:38:50,227 [INFO]     NSE:TATATECH-EQ | CVD=27090 vs Ref=74346 | Close=634.25 vs VAH=631.80
2026-02-10 11:39:50,229 [INFO] 🔍 Scanning for alerts on 2 symbols (5min)...
2026-02-10 11:39:50,415 [INFO]     NSE:DIVISLAB-EQ | CVD=10272 vs Ref=21483 | Close=6188.50 vs VAH=6215.50
2026-02-10 11:39:50,588 [INFO]     NSE:TATATECH-EQ | CVD=27090 vs Ref=74346 | Close=634.25 vs VAH=631.80
2026-02-10 11:40:50,590 [INFO] 🔍 Scanning for alerts on 2 symbols (5min)...
2026-02-10 11:40:50,774 [INFO]     NSE:DIVISLAB-EQ | CVD=10272 vs Ref=21483 | Close=6188.50 vs VAH=6215.50
2026-02-10 11:40:50,970 [INFO]     NSE:TATATECH-EQ | CVD=27090 vs Ref=74346 | Close=634.25 vs VAH=631.80
2026-02-10 11:41:50,972 [INFO] 🔍 Scanning for alerts on 2 symbols (5min)...
2026-02-10 11:41:51,157 [INFO]     NSE:DIVISLAB-EQ | CVD=8808 vs Ref=21483 | Close=6173.00 vs VAH=6215.50
2026-02-10 11:41:51,382 [INFO]     NSE:TATATECH-EQ | CVD=25758 vs Ref=74346 | Close=633.85 vs VAH=631.80
2026-02-10 11:42:51,384 [INFO] 🔍 Scanning for alerts on 2 symbols (5min)...
2026-02-10 11:42:51,571 [INFO]     NSE:DIVISLAB-EQ | CVD=8808 vs Ref=21483 | Close=6173.00 vs VAH=6215.50
2026-02-10 11:42:51,763 [INFO]     NSE:TATATECH-EQ | CVD=25758 vs Ref=74346 | Close=633.85 vs VAH=631.80
2026-02-10 11:43:51,765 [INFO] 🔍 Scanning for alerts on 2 symbols (5min)...
2026-02-10 11:43:51,952 [INFO]     NSE:DIVISLAB-EQ | CVD=8808 vs Ref=21483 | Close=6173.00 vs VAH=6215.50
2026-02-10 11:43:52,119 [INFO]     NSE:TATATECH-EQ | CVD=25758 vs Ref=74346 | Close=633.85 vs VAH=631.80
2026-02-10 11:44:52,121 [INFO] 🔍 Scanning for alerts on 2 symbols (5min)...
2026-02-10 11:44:52,308 [INFO]     NSE:DIVISLAB-EQ | CVD=8808 vs Ref=21483 | Close=6173.00 vs VAH=6215.50
2026-02-10 11:44:52,495 [INFO]     NSE:TATATECH-EQ | CVD=25758 vs Ref=74346 | Close=633.85 vs VAH=631.80
2026-02-10 11:45:52,497 [INFO] 🔍 Scanning for alerts on 2 symbols (5min)...
2026-02-10 11:45:52,684 [INFO]     NSE:DIVISLAB-EQ | CVD=8808 vs Ref=21483 | Close=6173.00 vs VAH=6215.50
2026-02-10 11:45:52,850 [INFO]     NSE:TATATECH-EQ | CVD=25758 vs Ref=74346 | Close=633.85 vs VAH=631.80
2026-02-10 11:46:52,851 [INFO] 🔍 Scanning for alerts on 2 symbols (5min)...
2026-02-10 11:46:53,038 [INFO]     NSE:DIVISLAB-EQ | CVD=7107 vs Ref=21483 | Close=6176.00 vs VAH=6215.50
2026-02-10 11:46:53,207 [INFO]     NSE:TATATECH-EQ | CVD=21274 vs Ref=74346 | Close=633.40 vs VAH=631.80
2026-02-10 11:47:53,208 [INFO] 🔍 Scanning for alerts on 2 symbols (5min)...
2026-02-10 11:47:53,425 [INFO]     NSE:DIVISLAB-EQ | CVD=7107 vs Ref=21483 | Close=6176.00 vs VAH=6215.50
2026-02-10 11:47:53,610 [INFO]     NSE:TATATECH-EQ | CVD=21274 vs Ref=74346 | Close=633.40 vs VAH=631.80
2026-02-10 11:48:53,612 [INFO] 🔍 Scanning for alerts on 2 symbols (5min)...
2026-02-10 11:48:53,834 [INFO]     NSE:DIVISLAB-EQ | CVD=7107 vs Ref=21483 | Close=6176.00 vs VAH=6215.50
2026-02-10 11:48:54,007 [INFO]     NSE:TATATECH-EQ | CVD=21274 vs Ref=74346 | Close=633.40 vs VAH=631.80
2026-02-10 11:49:54,009 [INFO] 🔍 Scanning for alerts on 2 symbols (5min)...
2026-02-10 11:49:54,237 [INFO]     NSE:DIVISLAB-EQ | CVD=7107 vs Ref=21483 | Close=6176.00 vs VAH=6215.50
2026-02-10 11:49:54,394 [INFO]     NSE:TATATECH-EQ | CVD=21274 vs Ref=74346 | Close=633.40 vs VAH=631.80
2026-02-10 11:50:54,396 [INFO] 🔍 Scanning for alerts on 2 symbols (5min)...
2026-02-10 11:50:54,639 [INFO]     NSE:DIVISLAB-EQ | CVD=7107 vs Ref=21483 | Close=6176.00 vs VAH=6215.50
2026-02-10 11:50:54,833 [INFO]     NSE:TATATECH-EQ | CVD=21274 vs Ref=74346 | Close=633.40 vs VAH=631.80
2026-02-10 11:51:54,835 [INFO] 🔍 Scanning for alerts on 2 symbols (5min)...
2026-02-10 11:51:55,021 [INFO]     NSE:DIVISLAB-EQ | CVD=7411 vs Ref=21483 | Close=6180.00 vs VAH=6215.50
2026-02-10 11:51:55,209 [INFO]     NSE:TATATECH-EQ | CVD=19785 vs Ref=74346 | Close=633.45 vs VAH=631.80
2026-02-10 11:52:55,211 [INFO] 🔍 Scanning for alerts on 2 symbols (5min)...
2026-02-10 11:52:55,433 [INFO]     NSE:DIVISLAB-EQ | CVD=7411 vs Ref=21483 | Close=6180.00 vs VAH=6215.50
2026-02-10 11:52:57,286 [INFO]     NSE:TATATECH-EQ | CVD=19785 vs Ref=74346 | Close=633.45 vs VAH=631.80
2026-02-10 11:53:57,287 [INFO] 🔍 Scanning for alerts on 2 symbols (5min)...
2026-02-10 11:53:57,508 [INFO]     NSE:DIVISLAB-EQ | CVD=7411 vs Ref=21483 | Close=6180.00 vs VAH=6215.50
2026-02-10 11:53:57,732 [INFO]     NSE:TATATECH-EQ | CVD=19785 vs Ref=74346 | Close=633.45 vs VAH=631.80
2026-02-10 11:54:57,733 [INFO] 🔍 Scanning for alerts on 2 symbols (5min)...
2026-02-10 11:54:57,963 [INFO]     NSE:DIVISLAB-EQ | CVD=7411 vs Ref=21483 | Close=6180.00 vs VAH=6215.50
2026-02-10 11:54:58,122 [INFO]     NSE:TATATECH-EQ | CVD=19785 vs Ref=74346 | Close=633.45 vs VAH=631.80
2026-02-10 11:55:58,123 [INFO] 🔍 Scanning for alerts on 2 symbols (5min)...
2026-02-10 11:55:58,367 [INFO]     NSE:DIVISLAB-EQ | CVD=7411 vs Ref=21483 | Close=6180.00 vs VAH=6215.50
2026-02-10 11:55:58,578 [INFO]     NSE:TATATECH-EQ | CVD=19785 vs Ref=74346 | Close=633.45 vs VAH=631.80
2026-02-10 11:56:58,579 [INFO] 🔍 Scanning for alerts on 2 symbols (5min)...
2026-02-10 11:56:58,761 [INFO]     NSE:DIVISLAB-EQ | CVD=7975 vs Ref=21483 | Close=6193.00 vs VAH=6215.50
2026-02-10 11:56:58,927 [INFO]     NSE:TATATECH-EQ | CVD=19377 vs Ref=74346 | Close=633.70 vs VAH=631.80
2026-02-10 11:57:58,928 [INFO] 🔍 Scanning for alerts on 2 symbols (5min)...
2026-02-10 11:57:59,113 [INFO]     NSE:DIVISLAB-EQ | CVD=7975 vs Ref=21483 | Close=6193.00 vs VAH=6215.50
2026-02-10 11:57:59,278 [INFO]     NSE:TATATECH-EQ | CVD=19377 vs Ref=74346 | Close=633.70 vs VAH=631.80
2026-02-10 11:58:59,280 [INFO] 🔍 Scanning for alerts on 2 symbols (5min)...
2026-02-10 11:58:59,467 [INFO]     NSE:DIVISLAB-EQ | CVD=7975 vs Ref=21483 | Close=6193.00 vs VAH=6215.50
2026-02-10 11:58:59,637 [INFO]     NSE:TATATECH-EQ | CVD=19377 vs Ref=74346 | Close=633.70 vs VAH=631.80
2026-02-10 11:59:59,638 [INFO] 🔍 Scanning for alerts on 2 symbols (5min)...
2026-02-10 11:59:59,863 [INFO]     NSE:DIVISLAB-EQ | CVD=7975 vs Ref=21483 | Close=6193.00 vs VAH=6215.50
2026-02-10 12:00:00,059 [INFO]     NSE:TATATECH-EQ | CVD=19377 vs Ref=74346 | Close=633.70 vs VAH=631.80
2026-02-10 12:01:00,061 [INFO] 🔍 Scanning for alerts on 2 symbols (5min)...
2026-02-10 12:01:00,281 [INFO]     NSE:DIVISLAB-EQ | CVD=7975 vs Ref=21483 | Close=6193.00 vs VAH=6215.50
2026-02-10 12:01:00,473 [INFO]     NSE:TATATECH-EQ | CVD=19377 vs Ref=74346 | Close=633.70 vs VAH=631.80
2026-02-10 12:02:00,474 [INFO] 🔍 Scanning for alerts on 2 symbols (5min)...
2026-02-10 12:02:00,674 [INFO]     NSE:DIVISLAB-EQ | CVD=7860 vs Ref=21483 | Close=6191.50 vs VAH=6215.50
2026-02-10 12:02:02,556 [INFO]     NSE:TATATECH-EQ | CVD=20733 vs Ref=74346 | Close=633.80 vs VAH=631.80
2026-02-10 12:03:02,557 [INFO] 🔍 Scanning for alerts on 2 symbols (5min)...
2026-02-10 12:03:02,775 [INFO]     NSE:DIVISLAB-EQ | CVD=7860 vs Ref=21483 | Close=6191.50 vs VAH=6215.50
2026-02-10 12:03:02,985 [INFO]     NSE:TATATECH-EQ | CVD=20733 vs Ref=74346 | Close=633.80 vs VAH=631.80
2026-02-10 12:04:02,986 [INFO] 🔍 Scanning for alerts on 2 symbols (5min)...
2026-02-10 12:04:03,267 [INFO]     NSE:DIVISLAB-EQ | CVD=7860 vs Ref=21483 | Close=6191.50 vs VAH=6215.50
2026-02-10 12:04:03,555 [INFO]     NSE:TATATECH-EQ | CVD=20733 vs Ref=74346 | Close=633.80 vs VAH=631.80
2026-02-10 12:05:03,557 [INFO] 🔍 Scanning for alerts on 2 symbols (5min)...
2026-02-10 12:05:03,753 [INFO]     NSE:DIVISLAB-EQ | CVD=7860 vs Ref=21483 | Close=6191.50 vs VAH=6215.50
2026-02-10 12:05:04,041 [INFO]     NSE:TATATECH-EQ | CVD=20733 vs Ref=74346 | Close=633.80 vs VAH=631.80
2026-02-10 12:06:04,043 [INFO] 🔍 Scanning for alerts on 2 symbols (5min)...
2026-02-10 12:06:04,295 [INFO]     NSE:DIVISLAB-EQ | CVD=7860 vs Ref=21483 | Close=6191.50 vs VAH=6215.50
2026-02-10 12:06:04,504 [INFO]     NSE:TATATECH-EQ | CVD=20733 vs Ref=74346 | Close=633.80 vs VAH=631.80
2026-02-10 12:07:04,505 [INFO] 🔍 Scanning for alerts on 2 symbols (5min)...
2026-02-10 12:07:04,781 [INFO]     NSE:DIVISLAB-EQ | CVD=8117 vs Ref=21483 | Close=6185.50 vs VAH=6215.50
2026-02-10 12:07:05,011 [INFO]     NSE:TATATECH-EQ | CVD=29159 vs Ref=74346 | Close=634.40 vs VAH=631.80
2026-02-10 12:08:05,012 [INFO] 🔍 Scanning for alerts on 2 symbols (5min)...
2026-02-10 12:08:05,255 [INFO]     NSE:DIVISLAB-EQ | CVD=8117 vs Ref=21483 | Close=6185.50 vs VAH=6215.50
2026-02-10 12:08:05,459 [INFO]     NSE:TATATECH-EQ | CVD=29159 vs Ref=74346 | Close=634.40 vs VAH=631.80
2026-02-10 12:09:05,461 [INFO] 🔍 Scanning for alerts on 2 symbols (5min)...
2026-02-10 12:09:05,655 [INFO]     NSE:DIVISLAB-EQ | CVD=8117 vs Ref=21483 | Close=6185.50 vs VAH=6215.50
2026-02-10 12:09:05,823 [INFO]     NSE:TATATECH-EQ | CVD=29159 vs Ref=74346 | Close=634.40 vs VAH=631.80
2026-02-10 12:10:05,825 [INFO] 🔍 Scanning for alerts on 2 symbols (5min)...
2026-02-10 12:10:06,083 [INFO]     NSE:DIVISLAB-EQ | CVD=8117 vs Ref=21483 | Close=6185.50 vs VAH=6215.50
2026-02-10 12:10:06,286 [INFO]     NSE:TATATECH-EQ | CVD=29159 vs Ref=74346 | Close=634.40 vs VAH=631.80
2026-02-10 12:11:06,287 [INFO] 🔍 Scanning for alerts on 2 symbols (5min)...
2026-02-10 12:11:06,481 [INFO]     NSE:DIVISLAB-EQ | CVD=8569 vs Ref=21483 | Close=6190.50 vs VAH=6215.50
2026-02-10 12:11:06,653 [INFO]     NSE:TATATECH-EQ | CVD=29195 vs Ref=74346 | Close=634.15 vs VAH=631.80
2026-02-10 12:12:06,655 [INFO] 🔍 Scanning for alerts on 2 symbols (5min)...
2026-02-10 12:12:06,876 [INFO]     NSE:DIVISLAB-EQ | CVD=8569 vs Ref=21483 | Close=6190.50 vs VAH=6215.50
2026-02-10 12:12:07,066 [INFO]     NSE:TATATECH-EQ | CVD=29195 vs Ref=74346 | Close=634.15 vs VAH=631.80
2026-02-10 12:13:07,067 [INFO] 🔍 Scanning for alerts on 2 symbols (5min)...
2026-02-10 12:13:07,259 [INFO]     NSE:DIVISLAB-EQ | CVD=8569 vs Ref=21483 | Close=6190.50 vs VAH=6215.50
2026-02-10 12:13:07,425 [INFO]     NSE:TATATECH-EQ | CVD=29195 vs Ref=74346 | Close=634.15 vs VAH=631.80
2026-02-10 12:14:07,427 [INFO] 🔍 Scanning for alerts on 2 symbols (5min)...
2026-02-10 12:14:07,627 [INFO]     NSE:DIVISLAB-EQ | CVD=8569 vs Ref=21483 | Close=6190.50 vs VAH=6215.50
2026-02-10 12:14:07,856 [INFO]     NSE:TATATECH-EQ | CVD=29195 vs Ref=74346 | Close=634.15 vs VAH=631.80
2026-02-10 12:15:07,857 [INFO] 🔍 Scanning for alerts on 2 symbols (5min)...
2026-02-10 12:15:08,098 [INFO]     NSE:DIVISLAB-EQ | CVD=8569 vs Ref=21483 | Close=6190.50 vs VAH=6215.50
2026-02-10 12:15:08,257 [INFO]     NSE:TATATECH-EQ | CVD=29195 vs Ref=74346 | Close=634.15 vs VAH=631.80
2026-02-10 12:16:08,259 [INFO] 🔍 Scanning for alerts on 2 symbols (5min)...
2026-02-10 12:16:08,454 [INFO]     NSE:DIVISLAB-EQ | CVD=10134 vs Ref=21483 | Close=6198.50 vs VAH=6215.50
2026-02-10 12:16:08,625 [INFO]     NSE:TATATECH-EQ | CVD=35171 vs Ref=74346 | Close=634.90 vs VAH=631.80
2026-02-10 12:17:08,627 [INFO] 🔍 Scanning for alerts on 2 symbols (5min)...
2026-02-10 12:17:08,819 [INFO]     NSE:DIVISLAB-EQ | CVD=10134 vs Ref=21483 | Close=6198.50 vs VAH=6215.50
2026-02-10 12:17:09,003 [INFO]     NSE:TATATECH-EQ | CVD=35171 vs Ref=74346 | Close=634.90 vs VAH=631.80
2026-02-10 12:18:09,004 [INFO] 🔍 Scanning for alerts on 2 symbols (5min)...
2026-02-10 12:18:09,196 [INFO]     NSE:DIVISLAB-EQ | CVD=10134 vs Ref=21483 | Close=6198.50 vs VAH=6215.50
2026-02-10 12:18:09,444 [INFO]     NSE:TATATECH-EQ | CVD=35171 vs Ref=74346 | Close=634.90 vs VAH=631.80
2026-02-10 12:19:09,446 [INFO] 🔍 Scanning for alerts on 2 symbols (5min)...
2026-02-10 12:19:09,680 [INFO]     NSE:DIVISLAB-EQ | CVD=10134 vs Ref=21483 | Close=6198.50 vs VAH=6215.50
2026-02-10 12:19:09,840 [INFO]     NSE:TATATECH-EQ | CVD=35171 vs Ref=74346 | Close=634.90 vs VAH=631.80
2026-02-10 12:20:09,841 [INFO] 🔍 Scanning for alerts on 2 symbols (5min)...
2026-02-10 12:20:10,025 [INFO]     NSE:DIVISLAB-EQ | CVD=10134 vs Ref=21483 | Close=6198.50 vs VAH=6215.50
2026-02-10 12:20:10,196 [INFO]     NSE:TATATECH-EQ | CVD=35171 vs Ref=74346 | Close=634.90 vs VAH=631.80
2026-02-10 12:21:10,197 [INFO] 🔍 Scanning for alerts on 2 symbols (5min)...
2026-02-10 12:21:10,443 [INFO]     NSE:DIVISLAB-EQ | CVD=8956 vs Ref=21483 | Close=6197.00 vs VAH=6215.50
2026-02-10 12:21:10,710 [INFO]     NSE:TATATECH-EQ | CVD=39970 vs Ref=74346 | Close=634.30 vs VAH=631.80
2026-02-10 12:22:10,711 [INFO] 🔍 Scanning for alerts on 2 symbols (5min)...
2026-02-10 12:22:10,905 [INFO]     NSE:DIVISLAB-EQ | CVD=8956 vs Ref=21483 | Close=6197.00 vs VAH=6215.50
2026-02-10 12:22:11,073 [INFO]     NSE:TATATECH-EQ | CVD=39970 vs Ref=74346 | Close=634.30 vs VAH=631.80
2026-02-10 12:23:11,074 [INFO] 🔍 Scanning for alerts on 2 symbols (5min)...
2026-02-10 12:23:11,305 [INFO]     NSE:DIVISLAB-EQ | CVD=8956 vs Ref=21483 | Close=6197.00 vs VAH=6215.50
2026-02-10 12:23:11,493 [INFO]     NSE:TATATECH-EQ | CVD=39970 vs Ref=74346 | Close=634.30 vs VAH=631.80
2026-02-10 12:24:11,494 [INFO] 🔍 Scanning for alerts on 2 symbols (5min)...
2026-02-10 12:24:11,703 [INFO]     NSE:DIVISLAB-EQ | CVD=8956 vs Ref=21483 | Close=6197.00 vs VAH=6215.50
2026-02-10 12:24:11,956 [INFO]     NSE:TATATECH-EQ | CVD=39970 vs Ref=74346 | Close=634.30 vs VAH=631.80
2026-02-10 12:25:11,957 [INFO] 🔍 Scanning for alerts on 2 symbols (5min)...
2026-02-10 12:25:12,169 [INFO]     NSE:DIVISLAB-EQ | CVD=8956 vs Ref=21483 | Close=6197.00 vs VAH=6215.50
2026-02-10 12:25:12,367 [INFO]     NSE:TATATECH-EQ | CVD=39970 vs Ref=74346 | Close=634.30 vs VAH=631.80
2026-02-10 12:26:12,368 [INFO] 🔍 Scanning for alerts on 2 symbols (5min)...
2026-02-10 12:26:12,562 [INFO]     NSE:DIVISLAB-EQ | CVD=7035 vs Ref=21483 | Close=6183.00 vs VAH=6215.50
2026-02-10 12:26:12,787 [INFO]     NSE:TATATECH-EQ | CVD=49322 vs Ref=74346 | Close=635.45 vs VAH=631.80
2026-02-10 12:27:12,788 [INFO] 🔍 Scanning for alerts on 2 symbols (5min)...
2026-02-10 12:27:12,983 [INFO]     NSE:DIVISLAB-EQ | CVD=7035 vs Ref=21483 | Close=6183.00 vs VAH=6215.50
2026-02-10 12:27:13,214 [INFO]     NSE:TATATECH-EQ | CVD=49322 vs Ref=74346 | Close=635.45 vs VAH=631.80
2026-02-10 12:28:13,215 [INFO] 🔍 Scanning for alerts on 2 symbols (5min)...
2026-02-10 12:28:13,390 [INFO]     NSE:DIVISLAB-EQ | CVD=7035 vs Ref=21483 | Close=6183.00 vs VAH=6215.50
2026-02-10 12:28:13,584 [INFO]     NSE:TATATECH-EQ | CVD=49322 vs Ref=74346 | Close=635.45 vs VAH=631.80
2026-02-10 12:29:13,586 [INFO] 🔍 Scanning for alerts on 2 symbols (5min)...
2026-02-10 12:29:13,811 [INFO]     NSE:DIVISLAB-EQ | CVD=7035 vs Ref=21483 | Close=6183.00 vs VAH=6215.50
2026-02-10 12:29:13,968 [INFO]     NSE:TATATECH-EQ | CVD=49322 vs Ref=74346 | Close=635.45 vs VAH=631.80
2026-02-10 12:30:13,970 [INFO] 🔍 Scanning for alerts on 2 symbols (5min)...
2026-02-10 12:30:14,162 [INFO]     NSE:DIVISLAB-EQ | CVD=7035 vs Ref=21483 | Close=6183.00 vs VAH=6215.50
2026-02-10 12:30:14,357 [INFO]     NSE:TATATECH-EQ | CVD=49322 vs Ref=74346 | Close=635.45 vs VAH=631.80
2026-02-10 12:31:14,359 [INFO] 🔍 Scanning for alerts on 2 symbols (5min)...
2026-02-10 12:31:14,622 [INFO]     NSE:DIVISLAB-EQ | CVD=7237 vs Ref=21483 | Close=6175.00 vs VAH=6215.50
2026-02-10 12:31:14,795 [INFO]     NSE:TATATECH-EQ | CVD=50493 vs Ref=74346 | Close=635.45 vs VAH=631.80
2026-02-10 12:32:14,797 [INFO] 🔍 Scanning for alerts on 2 symbols (5min)...
2026-02-10 12:32:14,990 [INFO]     NSE:DIVISLAB-EQ | CVD=7237 vs Ref=21483 | Close=6175.00 vs VAH=6215.50
2026-02-10 12:32:15,213 [INFO]     NSE:TATATECH-EQ | CVD=50493 vs Ref=74346 | Close=635.45 vs VAH=631.80
2026-02-10 12:33:15,215 [INFO] 🔍 Scanning for alerts on 2 symbols (5min)...
2026-02-10 12:33:15,405 [INFO]     NSE:DIVISLAB-EQ | CVD=7237 vs Ref=21483 | Close=6175.00 vs VAH=6215.50
2026-02-10 12:33:15,567 [INFO]     NSE:TATATECH-EQ | CVD=50493 vs Ref=74346 | Close=635.45 vs VAH=631.80
2026-02-10 12:34:15,568 [INFO] 🔍 Scanning for alerts on 2 symbols (5min)...
2026-02-10 12:34:15,761 [INFO]     NSE:DIVISLAB-EQ | CVD=7237 vs Ref=21483 | Close=6175.00 vs VAH=6215.50
2026-02-10 12:34:15,988 [INFO]     NSE:TATATECH-EQ | CVD=50493 vs Ref=74346 | Close=635.45 vs VAH=631.80
2026-02-10 12:35:15,989 [INFO] 🔍 Scanning for alerts on 2 symbols (5min)...
2026-02-10 12:35:16,189 [INFO]     NSE:DIVISLAB-EQ | CVD=7237 vs Ref=21483 | Close=6175.00 vs VAH=6215.50
2026-02-10 12:35:16,419 [INFO]     NSE:TATATECH-EQ | CVD=50493 vs Ref=74346 | Close=635.45 vs VAH=631.80
2026-02-10 12:36:16,421 [INFO] 🔍 Scanning for alerts on 2 symbols (5min)...
2026-02-10 12:36:16,614 [INFO]     NSE:DIVISLAB-EQ | CVD=7212 vs Ref=21483 | Close=6167.50 vs VAH=6215.50
2026-02-10 12:36:16,838 [INFO]     NSE:TATATECH-EQ | CVD=51993 vs Ref=74346 | Close=635.45 vs VAH=631.80
2026-02-10 12:37:16,840 [INFO] 🔍 Scanning for alerts on 2 symbols (5min)...
2026-02-10 12:37:17,036 [INFO]     NSE:DIVISLAB-EQ | CVD=7212 vs Ref=21483 | Close=6167.50 vs VAH=6215.50
2026-02-10 12:37:17,205 [INFO]     NSE:TATATECH-EQ | CVD=51993 vs Ref=74346 | Close=635.45 vs VAH=631.80
2026-02-10 12:38:17,206 [INFO] 🔍 Scanning for alerts on 2 symbols (5min)...
2026-02-10 12:38:17,398 [INFO]     NSE:DIVISLAB-EQ | CVD=7212 vs Ref=21483 | Close=6167.50 vs VAH=6215.50
2026-02-10 12:38:17,561 [INFO]     NSE:TATATECH-EQ | CVD=51993 vs Ref=74346 | Close=635.45 vs VAH=631.80
2026-02-10 12:39:17,562 [INFO] 🔍 Scanning for alerts on 2 symbols (5min)...
2026-02-10 12:39:17,784 [INFO]     NSE:DIVISLAB-EQ | CVD=7212 vs Ref=21483 | Close=6167.50 vs VAH=6215.50
2026-02-10 12:39:18,004 [INFO]     NSE:TATATECH-EQ | CVD=51993 vs Ref=74346 | Close=635.45 vs VAH=631.80
2026-02-10 12:40:18,005 [INFO] 🔍 Scanning for alerts on 2 symbols (5min)...
2026-02-10 12:40:18,197 [INFO]     NSE:DIVISLAB-EQ | CVD=7212 vs Ref=21483 | Close=6167.50 vs VAH=6215.50
2026-02-10 12:40:18,360 [INFO]     NSE:TATATECH-EQ | CVD=51993 vs Ref=74346 | Close=635.45 vs VAH=631.80
2026-02-10 12:41:18,361 [INFO] 🔍 Scanning for alerts on 2 symbols (5min)...
2026-02-10 12:41:18,588 [INFO]     NSE:DIVISLAB-EQ | CVD=9773 vs Ref=21483 | Close=6188.50 vs VAH=6215.50
2026-02-10 12:41:18,807 [INFO]     NSE:TATATECH-EQ | CVD=52601 vs Ref=74346 | Close=634.45 vs VAH=631.80
2026-02-10 12:42:18,808 [INFO] 🔍 Scanning for alerts on 2 symbols (5min)...
2026-02-10 12:42:19,034 [INFO]     NSE:DIVISLAB-EQ | CVD=9773 vs Ref=21483 | Close=6188.50 vs VAH=6215.50
2026-02-10 12:42:19,211 [INFO]     NSE:TATATECH-EQ | CVD=52601 vs Ref=74346 | Close=634.45 vs VAH=631.80
2026-02-10 12:43:19,213 [INFO] 🔍 Scanning for alerts on 2 symbols (5min)...
2026-02-10 12:43:19,406 [INFO]     NSE:DIVISLAB-EQ | CVD=9773 vs Ref=21483 | Close=6188.50 vs VAH=6215.50
2026-02-10 12:43:19,595 [INFO]     NSE:TATATECH-EQ | CVD=52601 vs Ref=74346 | Close=634.45 vs VAH=631.80
2026-02-10 12:44:19,596 [INFO] 🔍 Scanning for alerts on 2 symbols (5min)...
2026-02-10 12:44:19,809 [INFO]     NSE:DIVISLAB-EQ | CVD=9773 vs Ref=21483 | Close=6188.50 vs VAH=6215.50
2026-02-10 12:44:20,049 [INFO]     NSE:TATATECH-EQ | CVD=52601 vs Ref=74346 | Close=634.45 vs VAH=631.80
2026-02-10 12:45:20,050 [INFO] 🔍 Scanning for alerts on 2 symbols (5min)...
2026-02-10 12:45:20,305 [INFO]     NSE:DIVISLAB-EQ | CVD=9773 vs Ref=21483 | Close=6188.50 vs VAH=6215.50
2026-02-10 12:45:20,526 [INFO]     NSE:TATATECH-EQ | CVD=52601 vs Ref=74346 | Close=634.45 vs VAH=631.80
2026-02-10 12:46:20,527 [INFO] 🔍 Scanning for alerts on 2 symbols (5min)...
2026-02-10 12:46:20,754 [INFO]     NSE:DIVISLAB-EQ | CVD=7506 vs Ref=21483 | Close=6177.00 vs VAH=6215.50
2026-02-10 12:46:20,996 [INFO]     NSE:TATATECH-EQ | CVD=54531 vs Ref=74346 | Close=634.75 vs VAH=631.80
2026-02-10 12:47:20,997 [INFO] 🔍 Scanning for alerts on 2 symbols (5min)...
2026-02-10 12:47:21,188 [INFO]     NSE:DIVISLAB-EQ | CVD=7506 vs Ref=21483 | Close=6177.00 vs VAH=6215.50
2026-02-10 12:47:21,345 [INFO]     NSE:TATATECH-EQ | CVD=54531 vs Ref=74346 | Close=634.75 vs VAH=631.80
2026-02-10 12:48:21,346 [INFO] 🔍 Scanning for alerts on 2 symbols (5min)...
2026-02-10 12:48:21,538 [INFO]     NSE:DIVISLAB-EQ | CVD=7506 vs Ref=21483 | Close=6177.00 vs VAH=6215.50
2026-02-10 12:48:21,702 [INFO]     NSE:TATATECH-EQ | CVD=54531 vs Ref=74346 | Close=634.75 vs VAH=631.80
2026-02-10 12:49:21,704 [INFO] 🔍 Scanning for alerts on 2 symbols (5min)...
2026-02-10 12:49:21,931 [INFO]     NSE:DIVISLAB-EQ | CVD=7506 vs Ref=21483 | Close=6177.00 vs VAH=6215.50
2026-02-10 12:49:22,096 [INFO]     NSE:TATATECH-EQ | CVD=54531 vs Ref=74346 | Close=634.75 vs VAH=631.80
2026-02-10 12:50:22,098 [INFO] 🔍 Scanning for alerts on 2 symbols (5min)...
2026-02-10 12:50:22,290 [INFO]     NSE:DIVISLAB-EQ | CVD=7506 vs Ref=21483 | Close=6177.00 vs VAH=6215.50
2026-02-10 12:50:22,448 [INFO]     NSE:TATATECH-EQ | CVD=54531 vs Ref=74346 | Close=634.75 vs VAH=631.80
2026-02-10 12:51:22,450 [INFO] 🔍 Scanning for alerts on 2 symbols (5min)...
2026-02-10 12:51:22,647 [INFO]     NSE:DIVISLAB-EQ | CVD=9959 vs Ref=21483 | Close=6189.00 vs VAH=6215.50
2026-02-10 12:51:22,853 [INFO]     NSE:TATATECH-EQ | CVD=61618 vs Ref=74346 | Close=635.65 vs VAH=631.80
2026-02-10 12:52:22,854 [INFO] 🔍 Scanning for alerts on 2 symbols (5min)...
2026-02-10 12:52:23,049 [INFO]     NSE:DIVISLAB-EQ | CVD=9959 vs Ref=21483 | Close=6189.00 vs VAH=6215.50
2026-02-10 12:52:23,238 [INFO]     NSE:TATATECH-EQ | CVD=61618 vs Ref=74346 | Close=635.65 vs VAH=631.80
2026-02-10 12:53:23,240 [INFO] 🔍 Scanning for alerts on 2 symbols (5min)...
2026-02-10 12:53:23,467 [INFO]     NSE:DIVISLAB-EQ | CVD=9959 vs Ref=21483 | Close=6189.00 vs VAH=6215.50
2026-02-10 12:53:23,624 [INFO]     NSE:TATATECH-EQ | CVD=61618 vs Ref=74346 | Close=635.65 vs VAH=631.80
2026-02-10 12:54:23,626 [INFO] 🔍 Scanning for alerts on 2 symbols (5min)...
2026-02-10 12:54:23,859 [INFO]     NSE:DIVISLAB-EQ | CVD=9959 vs Ref=21483 | Close=6189.00 vs VAH=6215.50
2026-02-10 12:54:24,110 [INFO]     NSE:TATATECH-EQ | CVD=61618 vs Ref=74346 | Close=635.65 vs VAH=631.80
2026-02-10 12:55:24,111 [INFO] 🔍 Scanning for alerts on 2 symbols (5min)...
2026-02-10 12:55:24,304 [INFO]     NSE:DIVISLAB-EQ | CVD=9959 vs Ref=21483 | Close=6189.00 vs VAH=6215.50
2026-02-10 12:55:24,530 [INFO]     NSE:TATATECH-EQ | CVD=61618 vs Ref=74346 | Close=635.65 vs VAH=631.80
2026-02-10 12:56:24,531 [INFO] 🔍 Scanning for alerts on 2 symbols (5min)...
2026-02-10 12:56:24,786 [INFO]     NSE:DIVISLAB-EQ | CVD=10457 vs Ref=21483 | Close=6188.50 vs VAH=6215.50
2026-02-10 12:56:25,002 [INFO]     NSE:TATATECH-EQ | CVD=59250 vs Ref=74346 | Close=635.00 vs VAH=631.80
2026-02-10 12:57:25,004 [INFO] 🔍 Scanning for alerts on 2 symbols (5min)...
2026-02-10 12:57:25,231 [INFO]     NSE:DIVISLAB-EQ | CVD=10457 vs Ref=21483 | Close=6188.50 vs VAH=6215.50
2026-02-10 12:57:25,448 [INFO]     NSE:TATATECH-EQ | CVD=59250 vs Ref=74346 | Close=635.00 vs VAH=631.80
2026-02-10 12:58:25,450 [INFO] 🔍 Scanning for alerts on 2 symbols (5min)...
2026-02-10 12:58:25,688 [INFO]     NSE:DIVISLAB-EQ | CVD=10457 vs Ref=21483 | Close=6188.50 vs VAH=6215.50
2026-02-10 12:58:25,940 [INFO]     NSE:TATATECH-EQ | CVD=59250 vs Ref=74346 | Close=635.00 vs VAH=631.80
2026-02-10 12:59:25,942 [INFO] 🔍 Scanning for alerts on 2 symbols (5min)...
2026-02-10 12:59:26,141 [INFO]     NSE:DIVISLAB-EQ | CVD=10457 vs Ref=21483 | Close=6188.50 vs VAH=6215.50
2026-02-10 12:59:26,391 [INFO]     NSE:TATATECH-EQ | CVD=59250 vs Ref=74346 | Close=635.00 vs VAH=631.80
2026-02-10 13:00:26,393 [INFO] 🔍 Scanning for alerts on 2 symbols (5min)...
2026-02-10 13:00:26,611 [INFO]     NSE:DIVISLAB-EQ | CVD=10457 vs Ref=21483 | Close=6188.50 vs VAH=6215.50
2026-02-10 13:00:26,851 [INFO]     NSE:TATATECH-EQ | CVD=59250 vs Ref=74346 | Close=635.00 vs VAH=631.80
2026-02-10 13:01:26,852 [INFO] 🔍 Scanning for alerts on 2 symbols (5min)...
2026-02-10 13:01:27,048 [INFO]     NSE:DIVISLAB-EQ | CVD=11035 vs Ref=21483 | Close=6191.00 vs VAH=6215.50
2026-02-10 13:01:27,272 [INFO]     NSE:TATATECH-EQ | CVD=60356 vs Ref=74346 | Close=635.40 vs VAH=631.80
2026-02-10 13:02:27,273 [INFO] 🔍 Scanning for alerts on 2 symbols (5min)...
2026-02-10 13:02:27,473 [INFO]     NSE:DIVISLAB-EQ | CVD=11035 vs Ref=21483 | Close=6191.00 vs VAH=6215.50
2026-02-10 13:02:27,693 [INFO]     NSE:TATATECH-EQ | CVD=60356 vs Ref=74346 | Close=635.40 vs VAH=631.80
2026-02-10 13:03:27,696 [INFO] 🔍 Scanning for alerts on 2 symbols (5min)...
2026-02-10 13:03:27,888 [INFO]     NSE:DIVISLAB-EQ | CVD=11035 vs Ref=21483 | Close=6191.00 vs VAH=6215.50
2026-02-10 13:03:28,110 [INFO]     NSE:TATATECH-EQ | CVD=60356 vs Ref=74346 | Close=635.40 vs VAH=631.80
2026-02-10 13:04:28,112 [INFO] 🔍 Scanning for alerts on 2 symbols (5min)...
2026-02-10 13:04:28,309 [INFO]     NSE:DIVISLAB-EQ | CVD=11035 vs Ref=21483 | Close=6191.00 vs VAH=6215.50
2026-02-10 13:04:28,696 [INFO]     NSE:TATATECH-EQ | CVD=60356 vs Ref=74346 | Close=635.40 vs VAH=631.80
2026-02-10 13:05:28,698 [INFO] 🔍 Scanning for alerts on 2 symbols (5min)...
2026-02-10 13:05:28,999 [INFO]     NSE:DIVISLAB-EQ | CVD=11035 vs Ref=21483 | Close=6191.00 vs VAH=6215.50
2026-02-10 13:05:29,268 [INFO]     NSE:TATATECH-EQ | CVD=60356 vs Ref=74346 | Close=635.40 vs VAH=631.80
2026-02-10 13:06:29,295 [INFO] 🔍 Scanning for alerts on 2 symbols (5min)...
2026-02-10 13:06:29,649 [INFO]     NSE:DIVISLAB-EQ | CVD=10529 vs Ref=21483 | Close=6189.50 vs VAH=6215.50
2026-02-10 13:06:29,971 [INFO]     NSE:TATATECH-EQ | CVD=66287 vs Ref=74346 | Close=634.55 vs VAH=631.80
2026-02-10 13:07:29,973 [INFO] 🔍 Scanning for alerts on 2 symbols (5min)...
2026-02-10 13:07:30,179 [INFO]     NSE:DIVISLAB-EQ | CVD=10529 vs Ref=21483 | Close=6189.50 vs VAH=6215.50
2026-02-10 13:07:30,419 [INFO]     NSE:TATATECH-EQ | CVD=66287 vs Ref=74346 | Close=634.55 vs VAH=631.80
2026-02-10 13:08:30,421 [INFO] 🔍 Scanning for alerts on 2 symbols (5min)...
2026-02-10 13:08:30,652 [INFO]     NSE:DIVISLAB-EQ | CVD=10529 vs Ref=21483 | Close=6189.50 vs VAH=6215.50
2026-02-10 13:08:30,844 [INFO]     NSE:TATATECH-EQ | CVD=66287 vs Ref=74346 | Close=634.55 vs VAH=631.80
2026-02-10 13:09:30,846 [INFO] 🔍 Scanning for alerts on 2 symbols (5min)...
2026-02-10 13:09:31,048 [INFO]     NSE:DIVISLAB-EQ | CVD=10529 vs Ref=21483 | Close=6189.50 vs VAH=6215.50
2026-02-10 13:09:31,290 [INFO]     NSE:TATATECH-EQ | CVD=66287 vs Ref=74346 | Close=634.55 vs VAH=631.80
2026-02-10 13:10:31,292 [INFO] 🔍 Scanning for alerts on 2 symbols (5min)...
2026-02-10 13:10:31,512 [INFO]     NSE:DIVISLAB-EQ | CVD=10529 vs Ref=21483 | Close=6189.50 vs VAH=6215.50
2026-02-10 13:10:31,734 [INFO]     NSE:TATATECH-EQ | CVD=66287 vs Ref=74346 | Close=634.55 vs VAH=631.80
2026-02-10 13:11:31,735 [INFO] 🔍 Scanning for alerts on 2 symbols (5min)...
2026-02-10 13:11:31,958 [INFO]     NSE:DIVISLAB-EQ | CVD=10603 vs Ref=21483 | Close=6190.00 vs VAH=6215.50
2026-02-10 13:11:32,145 [INFO]     NSE:TATATECH-EQ | CVD=70684 vs Ref=74346 | Close=635.00 vs VAH=631.80
2026-02-10 13:12:32,146 [INFO] 🔍 Scanning for alerts on 2 symbols (5min)...
2026-02-10 13:12:32,384 [INFO]     NSE:DIVISLAB-EQ | CVD=10603 vs Ref=21483 | Close=6190.00 vs VAH=6215.50
2026-02-10 13:12:32,564 [INFO]     NSE:TATATECH-EQ | CVD=70684 vs Ref=74346 | Close=635.00 vs VAH=631.80
2026-02-10 13:13:32,565 [INFO] 🔍 Scanning for alerts on 2 symbols (5min)...
2026-02-10 13:13:32,782 [INFO]     NSE:DIVISLAB-EQ | CVD=10603 vs Ref=21483 | Close=6190.00 vs VAH=6215.50
2026-02-10 13:13:32,968 [INFO]     NSE:TATATECH-EQ | CVD=70684 vs Ref=74346 | Close=635.00 vs VAH=631.80
2026-02-10 13:14:32,969 [INFO] 🔍 Scanning for alerts on 2 symbols (5min)...
2026-02-10 13:14:33,158 [INFO]     NSE:DIVISLAB-EQ | CVD=10603 vs Ref=21483 | Close=6190.00 vs VAH=6215.50
2026-02-10 13:14:33,398 [INFO]     NSE:TATATECH-EQ | CVD=70684 vs Ref=74346 | Close=635.00 vs VAH=631.80
2026-02-10 13:15:33,400 [INFO] 🔍 Scanning for alerts on 2 symbols (5min)...
2026-02-10 13:15:33,590 [INFO]     NSE:DIVISLAB-EQ | CVD=10603 vs Ref=21483 | Close=6190.00 vs VAH=6215.50
2026-02-10 13:15:33,771 [INFO]     NSE:TATATECH-EQ | CVD=70684 vs Ref=74346 | Close=635.00 vs VAH=631.80
2026-02-10 13:16:33,772 [INFO] 🔍 Scanning for alerts on 2 symbols (5min)...
2026-02-10 13:16:33,959 [INFO]     NSE:DIVISLAB-EQ | CVD=9929 vs Ref=21483 | Close=6186.50 vs VAH=6215.50
2026-02-10 13:16:34,138 [INFO]     NSE:TATATECH-EQ | CVD=68845 vs Ref=74346 | Close=634.85 vs VAH=631.80
2026-02-10 13:17:34,139 [INFO] 🔍 Scanning for alerts on 2 symbols (5min)...
2026-02-10 13:17:34,323 [INFO]     NSE:DIVISLAB-EQ | CVD=9929 vs Ref=21483 | Close=6186.50 vs VAH=6215.50
2026-02-10 13:17:34,494 [INFO]     NSE:TATATECH-EQ | CVD=68845 vs Ref=74346 | Close=634.85 vs VAH=631.80
2026-02-10 13:18:34,495 [INFO] 🔍 Scanning for alerts on 2 symbols (5min)...
2026-02-10 13:18:34,712 [INFO]     NSE:DIVISLAB-EQ | CVD=9929 vs Ref=21483 | Close=6186.50 vs VAH=6215.50
2026-02-10 13:18:34,898 [INFO]     NSE:TATATECH-EQ | CVD=68845 vs Ref=74346 | Close=634.85 vs VAH=631.80
2026-02-10 13:19:34,899 [INFO] 🔍 Scanning for alerts on 2 symbols (5min)...
2026-02-10 13:19:35,115 [INFO]     NSE:DIVISLAB-EQ | CVD=9929 vs Ref=21483 | Close=6186.50 vs VAH=6215.50
2026-02-10 13:19:35,276 [INFO]     NSE:TATATECH-EQ | CVD=68845 vs Ref=74346 | Close=634.85 vs VAH=631.80
2026-02-10 13:20:35,277 [INFO] 🔍 Scanning for alerts on 2 symbols (5min)...
2026-02-10 13:20:35,497 [INFO]     NSE:DIVISLAB-EQ | CVD=9929 vs Ref=21483 | Close=6186.50 vs VAH=6215.50
2026-02-10 13:20:35,719 [INFO]     NSE:TATATECH-EQ | CVD=68845 vs Ref=74346 | Close=634.85 vs VAH=631.80
2026-02-10 13:21:35,720 [INFO] 🔍 Scanning for alerts on 2 symbols (5min)...
2026-02-10 13:21:35,943 [INFO]     NSE:DIVISLAB-EQ | CVD=9458 vs Ref=21483 | Close=6181.50 vs VAH=6215.50
2026-02-10 13:21:36,111 [INFO]     NSE:TATATECH-EQ | CVD=67051 vs Ref=74346 | Close=634.00 vs VAH=631.80
2026-02-10 13:22:36,113 [INFO] 🔍 Scanning for alerts on 2 symbols (5min)...
2026-02-10 13:22:36,301 [INFO]     NSE:DIVISLAB-EQ | CVD=9458 vs Ref=21483 | Close=6181.50 vs VAH=6215.50
2026-02-10 13:22:36,497 [INFO]     NSE:TATATECH-EQ | CVD=67051 vs Ref=74346 | Close=634.00 vs VAH=631.80
2026-02-10 13:23:36,498 [INFO] 🔍 Scanning for alerts on 2 symbols (5min)...
2026-02-10 13:23:36,684 [INFO]     NSE:DIVISLAB-EQ | CVD=9458 vs Ref=21483 | Close=6181.50 vs VAH=6215.50
2026-02-10 13:23:36,859 [INFO]     NSE:TATATECH-EQ | CVD=67051 vs Ref=74346 | Close=634.00 vs VAH=631.80
2026-02-10 13:24:36,860 [INFO] 🔍 Scanning for alerts on 2 symbols (5min)...
2026-02-10 13:24:37,048 [INFO]     NSE:DIVISLAB-EQ | CVD=9458 vs Ref=21483 | Close=6181.50 vs VAH=6215.50
2026-02-10 13:24:37,250 [INFO]     NSE:TATATECH-EQ | CVD=67051 vs Ref=74346 | Close=634.00 vs VAH=631.80
2026-02-10 13:25:37,252 [INFO] 🔍 Scanning for alerts on 2 symbols (5min)...
2026-02-10 13:25:37,437 [INFO]     NSE:DIVISLAB-EQ | CVD=9458 vs Ref=21483 | Close=6181.50 vs VAH=6215.50
2026-02-10 13:25:37,657 [INFO]     NSE:TATATECH-EQ | CVD=67051 vs Ref=74346 | Close=634.00 vs VAH=631.80
2026-02-10 13:26:37,659 [INFO] 🔍 Scanning for alerts on 2 symbols (5min)...
2026-02-10 13:26:37,842 [INFO]     NSE:DIVISLAB-EQ | CVD=9239 vs Ref=21483 | Close=6174.50 vs VAH=6215.50
2026-02-10 13:26:38,062 [INFO]     NSE:TATATECH-EQ | CVD=54407 vs Ref=74346 | Close=633.05 vs VAH=631.80
2026-02-10 13:27:38,064 [INFO] 🔍 Scanning for alerts on 2 symbols (5min)...
2026-02-10 13:27:38,273 [INFO]     NSE:DIVISLAB-EQ | CVD=9239 vs Ref=21483 | Close=6174.50 vs VAH=6215.50
2026-02-10 13:27:38,455 [INFO]     NSE:TATATECH-EQ | CVD=54407 vs Ref=74346 | Close=633.05 vs VAH=631.80
2026-02-10 13:28:38,456 [INFO] 🔍 Scanning for alerts on 2 symbols (5min)...
2026-02-10 13:28:38,651 [INFO]     NSE:DIVISLAB-EQ | CVD=9239 vs Ref=21483 | Close=6174.50 vs VAH=6215.50
2026-02-10 13:28:38,815 [INFO]     NSE:TATATECH-EQ | CVD=54407 vs Ref=74346 | Close=633.05 vs VAH=631.80
2026-02-10 13:29:38,816 [INFO] 🔍 Scanning for alerts on 2 symbols (5min)...
2026-02-10 13:29:39,036 [INFO]     NSE:DIVISLAB-EQ | CVD=9239 vs Ref=21483 | Close=6174.50 vs VAH=6215.50
2026-02-10 13:29:39,222 [INFO]     NSE:TATATECH-EQ | CVD=54407 vs Ref=74346 | Close=633.05 vs VAH=631.80
2026-02-10 13:30:39,224 [INFO] 🔍 Scanning for alerts on 2 symbols (5min)...
2026-02-10 13:30:39,411 [INFO]     NSE:DIVISLAB-EQ | CVD=9239 vs Ref=21483 | Close=6174.50 vs VAH=6215.50
2026-02-10 13:30:39,585 [INFO]     NSE:TATATECH-EQ | CVD=54407 vs Ref=74346 | Close=633.05 vs VAH=631.80
2026-02-10 13:31:39,587 [INFO] 🔍 Scanning for alerts on 2 symbols (5min)...
2026-02-10 13:31:39,828 [INFO]     NSE:DIVISLAB-EQ | CVD=8156 vs Ref=21483 | Close=6177.50 vs VAH=6215.50
2026-02-10 13:31:40,060 [INFO]     NSE:TATATECH-EQ | CVD=51143 vs Ref=74346 | Close=632.75 vs VAH=631.80
2026-02-10 13:32:40,062 [INFO] 🔍 Scanning for alerts on 2 symbols (5min)...
2026-02-10 13:32:40,250 [INFO]     NSE:DIVISLAB-EQ | CVD=8156 vs Ref=21483 | Close=6177.50 vs VAH=6215.50
2026-02-10 13:32:40,417 [INFO]     NSE:TATATECH-EQ | CVD=51143 vs Ref=74346 | Close=632.75 vs VAH=631.80
2026-02-10 13:33:40,418 [INFO] 🔍 Scanning for alerts on 2 symbols (5min)...
2026-02-10 13:33:40,614 [INFO]     NSE:DIVISLAB-EQ | CVD=8156 vs Ref=21483 | Close=6177.50 vs VAH=6215.50
2026-02-10 13:33:40,806 [INFO]     NSE:TATATECH-EQ | CVD=51143 vs Ref=74346 | Close=632.75 vs VAH=631.80
2026-02-10 13:34:40,807 [INFO] 🔍 Scanning for alerts on 2 symbols (5min)...
2026-02-10 13:34:41,031 [INFO]     NSE:DIVISLAB-EQ | CVD=8156 vs Ref=21483 | Close=6177.50 vs VAH=6215.50
2026-02-10 13:34:41,255 [INFO]     NSE:TATATECH-EQ | CVD=51143 vs Ref=74346 | Close=632.75 vs VAH=631.80
2026-02-10 13:35:41,257 [INFO] 🔍 Scanning for alerts on 2 symbols (5min)...
2026-02-10 13:35:41,443 [INFO]     NSE:DIVISLAB-EQ | CVD=8156 vs Ref=21483 | Close=6177.50 vs VAH=6215.50
2026-02-10 13:35:41,612 [INFO]     NSE:TATATECH-EQ | CVD=51143 vs Ref=74346 | Close=632.75 vs VAH=631.80
2026-02-10 13:36:41,613 [INFO] 🔍 Scanning for alerts on 2 symbols (5min)...
2026-02-10 13:36:41,798 [INFO]     NSE:DIVISLAB-EQ | CVD=7649 vs Ref=21483 | Close=6173.00 vs VAH=6215.50
2026-02-10 13:36:41,964 [INFO]     NSE:TATATECH-EQ | CVD=55291 vs Ref=74346 | Close=632.55 vs VAH=631.80
2026-02-10 13:37:41,965 [INFO] 🔍 Scanning for alerts on 2 symbols (5min)...
2026-02-10 13:37:42,174 [INFO]     NSE:DIVISLAB-EQ | CVD=7649 vs Ref=21483 | Close=6173.00 vs VAH=6215.50
2026-02-10 13:37:42,337 [INFO]     NSE:TATATECH-EQ | CVD=55291 vs Ref=74346 | Close=632.55 vs VAH=631.80
2026-02-10 13:38:42,339 [INFO] 🔍 Scanning for alerts on 2 symbols (5min)...
2026-02-10 13:38:42,551 [INFO]     NSE:DIVISLAB-EQ | CVD=7649 vs Ref=21483 | Close=6173.00 vs VAH=6215.50
2026-02-10 13:38:42,755 [INFO]     NSE:TATATECH-EQ | CVD=55291 vs Ref=74346 | Close=632.55 vs VAH=631.80
2026-02-10 13:39:42,757 [INFO] 🔍 Scanning for alerts on 2 symbols (5min)...
2026-02-10 13:39:42,980 [INFO]     NSE:DIVISLAB-EQ | CVD=7649 vs Ref=21483 | Close=6173.00 vs VAH=6215.50
2026-02-10 13:39:43,179 [INFO]     NSE:TATATECH-EQ | CVD=55291 vs Ref=74346 | Close=632.55 vs VAH=631.80
2026-02-10 13:40:43,180 [INFO] 🔍 Scanning for alerts on 2 symbols (5min)...
2026-02-10 13:40:43,367 [INFO]     NSE:DIVISLAB-EQ | CVD=7649 vs Ref=21483 | Close=6173.00 vs VAH=6215.50
2026-02-10 13:40:43,538 [INFO]     NSE:TATATECH-EQ | CVD=55291 vs Ref=74346 | Close=632.55 vs VAH=631.80
2026-02-10 13:41:43,539 [INFO] 🔍 Scanning for alerts on 2 symbols (5min)...
2026-02-10 13:41:43,732 [INFO]     NSE:DIVISLAB-EQ | CVD=6668 vs Ref=21483 | Close=6168.00 vs VAH=6215.50
2026-02-10 13:41:43,927 [INFO]     NSE:TATATECH-EQ | CVD=56667 vs Ref=74346 | Close=632.65 vs VAH=631.80
2026-02-10 13:42:43,929 [INFO] 🔍 Scanning for alerts on 2 symbols (5min)...
2026-02-10 13:42:44,150 [INFO]     NSE:DIVISLAB-EQ | CVD=6668 vs Ref=21483 | Close=6168.00 vs VAH=6215.50
2026-02-10 13:42:44,986 [INFO]     NSE:TATATECH-EQ | CVD=56667 vs Ref=74346 | Close=632.65 vs VAH=631.80
2026-02-10 13:43:44,987 [INFO] 🔍 Scanning for alerts on 2 symbols (5min)...
2026-02-10 13:43:45,173 [INFO]     NSE:DIVISLAB-EQ | CVD=6668 vs Ref=21483 | Close=6168.00 vs VAH=6215.50
2026-02-10 13:43:45,340 [INFO]     NSE:TATATECH-EQ | CVD=56667 vs Ref=74346 | Close=632.65 vs VAH=631.80
2026-02-10 13:44:45,341 [INFO] 🔍 Scanning for alerts on 2 symbols (5min)...
2026-02-10 13:44:45,564 [INFO]     NSE:DIVISLAB-EQ | CVD=6668 vs Ref=21483 | Close=6168.00 vs VAH=6215.50
2026-02-10 13:44:46,220 [INFO]     NSE:TATATECH-EQ | CVD=56667 vs Ref=74346 | Close=632.65 vs VAH=631.80
2026-02-10 13:45:46,220 [INFO] 🔍 Scanning for alerts on 2 symbols (5min)...
2026-02-10 13:45:46,406 [INFO]     NSE:DIVISLAB-EQ | CVD=6668 vs Ref=21483 | Close=6168.00 vs VAH=6215.50
2026-02-10 13:45:46,571 [INFO]     NSE:TATATECH-EQ | CVD=56667 vs Ref=74346 | Close=632.65 vs VAH=631.80
2026-02-10 13:46:46,572 [INFO] 🔍 Scanning for alerts on 2 symbols (5min)...
2026-02-10 13:46:46,758 [INFO]     NSE:DIVISLAB-EQ | CVD=7014 vs Ref=21483 | Close=6176.50 vs VAH=6215.50
2026-02-10 13:46:46,936 [INFO]     NSE:TATATECH-EQ | CVD=53657 vs Ref=74346 | Close=632.50 vs VAH=631.80
2026-02-10 13:47:46,938 [INFO] 🔍 Scanning for alerts on 2 symbols (5min)...
2026-02-10 13:47:47,124 [INFO]     NSE:DIVISLAB-EQ | CVD=7014 vs Ref=21483 | Close=6176.50 vs VAH=6215.50
2026-02-10 13:47:47,286 [INFO]     NSE:TATATECH-EQ | CVD=53657 vs Ref=74346 | Close=632.50 vs VAH=631.80
2026-02-10 13:48:47,287 [INFO] 🔍 Scanning for alerts on 2 symbols (5min)...
2026-02-10 13:48:47,505 [INFO]     NSE:DIVISLAB-EQ | CVD=7014 vs Ref=21483 | Close=6176.50 vs VAH=6215.50
2026-02-10 13:48:47,705 [INFO]     NSE:TATATECH-EQ | CVD=53657 vs Ref=74346 | Close=632.50 vs VAH=631.80
2026-02-10 13:49:47,706 [INFO] 🔍 Scanning for alerts on 2 symbols (5min)...
2026-02-10 13:49:47,943 [INFO]     NSE:DIVISLAB-EQ | CVD=7014 vs Ref=21483 | Close=6176.50 vs VAH=6215.50
2026-02-10 13:49:48,143 [INFO]     NSE:TATATECH-EQ | CVD=53657 vs Ref=74346 | Close=632.50 vs VAH=631.80
2026-02-10 13:50:48,145 [INFO] 🔍 Scanning for alerts on 2 symbols (5min)...
2026-02-10 13:50:48,328 [INFO]     NSE:DIVISLAB-EQ | CVD=7014 vs Ref=21483 | Close=6176.50 vs VAH=6215.50
2026-02-10 13:50:48,523 [INFO]     NSE:TATATECH-EQ | CVD=53657 vs Ref=74346 | Close=632.50 vs VAH=631.80
2026-02-10 13:51:48,525 [INFO] 🔍 Scanning for alerts on 2 symbols (5min)...
2026-02-10 13:51:48,715 [INFO]     NSE:DIVISLAB-EQ | CVD=8414 vs Ref=21483 | Close=6185.50 vs VAH=6215.50
2026-02-10 13:51:48,937 [INFO]     NSE:TATATECH-EQ | CVD=55527 vs Ref=74346 | Close=632.60 vs VAH=631.80
2026-02-10 13:52:48,938 [INFO] 🔍 Scanning for alerts on 2 symbols (5min)...
2026-02-10 13:52:49,156 [INFO]     NSE:DIVISLAB-EQ | CVD=8414 vs Ref=21483 | Close=6185.50 vs VAH=6215.50
2026-02-10 13:52:49,377 [INFO]     NSE:TATATECH-EQ | CVD=55527 vs Ref=74346 | Close=632.60 vs VAH=631.80
2026-02-10 13:53:49,379 [INFO] 🔍 Scanning for alerts on 2 symbols (5min)...
2026-02-10 13:53:49,576 [INFO]     NSE:DIVISLAB-EQ | CVD=8414 vs Ref=21483 | Close=6185.50 vs VAH=6215.50
2026-02-10 13:53:49,760 [INFO]     NSE:TATATECH-EQ | CVD=55527 vs Ref=74346 | Close=632.60 vs VAH=631.80
2026-02-10 13:54:49,761 [INFO] 🔍 Scanning for alerts on 2 symbols (5min)...
2026-02-10 13:54:49,989 [INFO]     NSE:DIVISLAB-EQ | CVD=8414 vs Ref=21483 | Close=6185.50 vs VAH=6215.50
2026-02-10 13:54:50,216 [INFO]     NSE:TATATECH-EQ | CVD=55527 vs Ref=74346 | Close=632.60 vs VAH=631.80
2026-02-10 13:55:50,217 [INFO] 🔍 Scanning for alerts on 2 symbols (5min)...
2026-02-10 13:55:50,436 [INFO]     NSE:DIVISLAB-EQ | CVD=8414 vs Ref=21483 | Close=6185.50 vs VAH=6215.50
2026-02-10 13:55:50,643 [INFO]     NSE:TATATECH-EQ | CVD=55527 vs Ref=74346 | Close=632.60 vs VAH=631.80
2026-02-10 13:56:50,645 [INFO] 🔍 Scanning for alerts on 2 symbols (5min)...
2026-02-10 13:56:50,829 [INFO]     NSE:DIVISLAB-EQ | CVD=14587 vs Ref=21483 | Close=6195.00 vs VAH=6215.50
2026-02-10 13:56:51,012 [INFO]     NSE:TATATECH-EQ | CVD=55578 vs Ref=74346 | Close=633.05 vs VAH=631.80
2026-02-10 13:57:51,013 [INFO] 🔍 Scanning for alerts on 2 symbols (5min)...
2026-02-10 13:57:51,202 [INFO]     NSE:DIVISLAB-EQ | CVD=14587 vs Ref=21483 | Close=6195.00 vs VAH=6215.50
2026-02-10 13:57:51,401 [INFO]     NSE:TATATECH-EQ | CVD=55578 vs Ref=74346 | Close=633.05 vs VAH=631.80
2026-02-10 13:58:51,402 [INFO] 🔍 Scanning for alerts on 2 symbols (5min)...
2026-02-10 13:58:51,586 [INFO]     NSE:DIVISLAB-EQ | CVD=14587 vs Ref=21483 | Close=6195.00 vs VAH=6215.50
2026-02-10 13:58:51,789 [INFO]     NSE:TATATECH-EQ | CVD=55578 vs Ref=74346 | Close=633.05 vs VAH=631.80
2026-02-10 13:59:51,790 [INFO] 🔍 Scanning for alerts on 2 symbols (5min)...
2026-02-10 13:59:51,974 [INFO]     NSE:DIVISLAB-EQ | CVD=14587 vs Ref=21483 | Close=6195.00 vs VAH=6215.50
2026-02-10 13:59:52,149 [INFO]     NSE:TATATECH-EQ | CVD=55578 vs Ref=74346 | Close=633.05 vs VAH=631.80
2026-02-10 14:00:52,151 [INFO] 🔍 Scanning for alerts on 2 symbols (5min)...
2026-02-10 14:00:52,379 [INFO]     NSE:DIVISLAB-EQ | CVD=14587 vs Ref=21483 | Close=6195.00 vs VAH=6215.50
2026-02-10 14:00:52,549 [INFO]     NSE:TATATECH-EQ | CVD=55578 vs Ref=74346 | Close=633.05 vs VAH=631.80
2026-02-10 14:01:52,550 [INFO] 🔍 Scanning for alerts on 2 symbols (5min)...
2026-02-10 14:01:52,734 [INFO]     NSE:DIVISLAB-EQ | CVD=14383 vs Ref=21483 | Close=6182.50 vs VAH=6215.50
2026-02-10 14:01:52,911 [INFO]     NSE:TATATECH-EQ | CVD=49849 vs Ref=74346 | Close=632.65 vs VAH=631.80
2026-02-10 14:02:52,912 [INFO] 🔍 Scanning for alerts on 2 symbols (5min)...
2026-02-10 14:02:53,150 [INFO]     NSE:DIVISLAB-EQ | CVD=14383 vs Ref=21483 | Close=6182.50 vs VAH=6215.50
2026-02-10 14:02:53,334 [INFO]     NSE:TATATECH-EQ | CVD=49849 vs Ref=74346 | Close=632.65 vs VAH=631.80
2026-02-10 14:03:53,335 [INFO] 🔍 Scanning for alerts on 2 symbols (5min)...
2026-02-10 14:03:53,553 [INFO]     NSE:DIVISLAB-EQ | CVD=14383 vs Ref=21483 | Close=6182.50 vs VAH=6215.50
2026-02-10 14:03:53,771 [INFO]     NSE:TATATECH-EQ | CVD=49849 vs Ref=74346 | Close=632.65 vs VAH=631.80
2026-02-10 14:04:53,773 [INFO] 🔍 Scanning for alerts on 2 symbols (5min)...
2026-02-10 14:04:53,992 [INFO]     NSE:DIVISLAB-EQ | CVD=14383 vs Ref=21483 | Close=6182.50 vs VAH=6215.50
2026-02-10 14:04:54,233 [INFO]     NSE:TATATECH-EQ | CVD=49849 vs Ref=74346 | Close=632.65 vs VAH=631.80
2026-02-10 14:05:54,234 [INFO] 🔍 Scanning for alerts on 2 symbols (5min)...
2026-02-10 14:05:54,524 [INFO]     NSE:DIVISLAB-EQ | CVD=14383 vs Ref=21483 | Close=6182.50 vs VAH=6215.50
2026-02-10 14:05:54,702 [INFO]     NSE:TATATECH-EQ | CVD=49849 vs Ref=74346 | Close=632.65 vs VAH=631.80
2026-02-10 14:06:54,704 [INFO] 🔍 Scanning for alerts on 2 symbols (5min)...
2026-02-10 14:06:54,891 [INFO]     NSE:DIVISLAB-EQ | CVD=14757 vs Ref=21483 | Close=6175.50 vs VAH=6215.50
2026-02-10 14:06:55,068 [INFO]     NSE:TATATECH-EQ | CVD=43472 vs Ref=74346 | Close=632.00 vs VAH=631.80
2026-02-10 14:07:55,069 [INFO] 🔍 Scanning for alerts on 2 symbols (5min)...
2026-02-10 14:07:55,256 [INFO]     NSE:DIVISLAB-EQ | CVD=14757 vs Ref=21483 | Close=6175.50 vs VAH=6215.50
2026-02-10 14:07:55,426 [INFO]     NSE:TATATECH-EQ | CVD=43472 vs Ref=74346 | Close=632.00 vs VAH=631.80
2026-02-10 14:08:57,079 [INFO] 🔍 Scanning for alerts on 2 symbols (5min)...
2026-02-10 14:08:57,298 [INFO]     NSE:DIVISLAB-EQ | CVD=14757 vs Ref=21483 | Close=6175.50 vs VAH=6215.50
2026-02-10 14:08:57,528 [INFO]     NSE:TATATECH-EQ | CVD=43472 vs Ref=74346 | Close=632.00 vs VAH=631.80
2026-02-10 14:09:57,530 [INFO] 🔍 Scanning for alerts on 2 symbols (5min)...
2026-02-10 14:09:57,714 [INFO]     NSE:DIVISLAB-EQ | CVD=14757 vs Ref=21483 | Close=6175.50 vs VAH=6215.50
2026-02-10 14:09:57,885 [INFO]     NSE:TATATECH-EQ | CVD=43472 vs Ref=74346 | Close=632.00 vs VAH=631.80
2026-02-10 14:10:57,887 [INFO] 🔍 Scanning for alerts on 2 symbols (5min)...
2026-02-10 14:10:58,114 [INFO]     NSE:DIVISLAB-EQ | CVD=14757 vs Ref=21483 | Close=6175.50 vs VAH=6215.50
2026-02-10 14:10:58,276 [INFO]     NSE:TATATECH-EQ | CVD=43472 vs Ref=74346 | Close=632.00 vs VAH=631.80
2026-02-10 14:11:58,277 [INFO] 🔍 Scanning for alerts on 2 symbols (5min)...
2026-02-10 14:11:58,470 [INFO]     NSE:DIVISLAB-EQ | CVD=14213 vs Ref=21483 | Close=6172.00 vs VAH=6215.50
2026-02-10 14:11:58,666 [INFO]     NSE:TATATECH-EQ | CVD=37657 vs Ref=74346 | Close=632.35 vs VAH=631.80
2026-02-10 14:12:58,667 [INFO] 🔍 Scanning for alerts on 2 symbols (5min)...
2026-02-10 14:12:58,889 [INFO]     NSE:DIVISLAB-EQ | CVD=14213 vs Ref=21483 | Close=6172.00 vs VAH=6215.50
2026-02-10 14:12:59,105 [INFO]     NSE:TATATECH-EQ | CVD=37657 vs Ref=74346 | Close=632.35 vs VAH=631.80
2026-02-10 14:13:59,107 [INFO] 🔍 Scanning for alerts on 2 symbols (5min)...
2026-02-10 14:13:59,300 [INFO]     NSE:DIVISLAB-EQ | CVD=14213 vs Ref=21483 | Close=6172.00 vs VAH=6215.50
2026-02-10 14:14:01,228 [INFO]     NSE:TATATECH-EQ | CVD=37657 vs Ref=74346 | Close=632.35 vs VAH=631.80
2026-02-10 14:15:01,230 [INFO] 🔍 Scanning for alerts on 2 symbols (5min)...
2026-02-10 14:15:02,440 [INFO]     NSE:DIVISLAB-EQ | CVD=14213 vs Ref=21483 | Close=6172.00 vs VAH=6215.50
2026-02-10 14:15:02,674 [INFO]     NSE:TATATECH-EQ | CVD=37657 vs Ref=74346 | Close=632.35 vs VAH=631.80
2026-02-10 14:16:02,676 [INFO] 🔍 Scanning for alerts on 2 symbols (5min)...
2026-02-10 14:16:02,943 [INFO]     NSE:DIVISLAB-EQ | CVD=12737 vs Ref=21483 | Close=6166.50 vs VAH=6215.50
2026-02-10 14:16:03,172 [INFO]     NSE:TATATECH-EQ | CVD=37657 vs Ref=74346 | Close=632.35 vs VAH=631.80
2026-02-10 14:17:03,174 [INFO] 🔍 Scanning for alerts on 2 symbols (5min)...
2026-02-10 14:17:03,402 [INFO]     NSE:DIVISLAB-EQ | CVD=12737 vs Ref=21483 | Close=6166.50 vs VAH=6215.50
2026-02-10 14:17:03,641 [INFO]     NSE:TATATECH-EQ | CVD=36191 vs Ref=74346 | Close=632.10 vs VAH=631.80
2026-02-10 14:18:03,643 [INFO] 🔍 Scanning for alerts on 2 symbols (5min)...
2026-02-10 14:18:03,903 [INFO]     NSE:DIVISLAB-EQ | CVD=12737 vs Ref=21483 | Close=6166.50 vs VAH=6215.50
2026-02-10 14:18:04,186 [INFO]     NSE:TATATECH-EQ | CVD=36191 vs Ref=74346 | Close=632.10 vs VAH=631.80
2026-02-10 14:19:04,188 [INFO] 🔍 Scanning for alerts on 2 symbols (5min)...
2026-02-10 14:19:04,450 [INFO]     NSE:DIVISLAB-EQ | CVD=12737 vs Ref=21483 | Close=6166.50 vs VAH=6215.50
2026-02-10 14:19:04,709 [INFO]     NSE:TATATECH-EQ | CVD=36191 vs Ref=74346 | Close=632.10 vs VAH=631.80
2026-02-10 14:20:04,711 [INFO] 🔍 Scanning for alerts on 2 symbols (5min)...
2026-02-10 14:20:04,898 [INFO]     NSE:DIVISLAB-EQ | CVD=12737 vs Ref=21483 | Close=6166.50 vs VAH=6215.50
2026-02-10 14:20:05,125 [INFO]     NSE:TATATECH-EQ | CVD=36191 vs Ref=74346 | Close=632.10 vs VAH=631.80
2026-02-10 14:21:05,126 [INFO] 🔍 Scanning for alerts on 2 symbols (5min)...
2026-02-10 14:21:05,315 [INFO]     NSE:DIVISLAB-EQ | CVD=13893 vs Ref=21483 | Close=6180.00 vs VAH=6215.50
2026-02-10 14:21:05,490 [INFO]     NSE:TATATECH-EQ | CVD=38407 vs Ref=74346 | Close=632.80 vs VAH=631.80
2026-02-10 14:22:05,491 [INFO] 🔍 Scanning for alerts on 2 symbols (5min)...
2026-02-10 14:22:05,718 [INFO]     NSE:DIVISLAB-EQ | CVD=13893 vs Ref=21483 | Close=6180.00 vs VAH=6215.50
2026-02-10 14:22:05,886 [INFO]     NSE:TATATECH-EQ | CVD=38407 vs Ref=74346 | Close=632.80 vs VAH=631.80
2026-02-10 14:23:05,887 [INFO] 🔍 Scanning for alerts on 2 symbols (5min)...
2026-02-10 14:23:06,104 [INFO]     NSE:DIVISLAB-EQ | CVD=13893 vs Ref=21483 | Close=6180.00 vs VAH=6215.50
2026-02-10 14:23:06,328 [INFO]     NSE:TATATECH-EQ | CVD=38407 vs Ref=74346 | Close=632.80 vs VAH=631.80
2026-02-10 14:24:06,330 [INFO] 🔍 Scanning for alerts on 2 symbols (5min)...
2026-02-10 14:24:06,520 [INFO]     NSE:DIVISLAB-EQ | CVD=13893 vs Ref=21483 | Close=6180.00 vs VAH=6215.50
2026-02-10 14:24:06,743 [INFO]     NSE:TATATECH-EQ | CVD=38407 vs Ref=74346 | Close=632.80 vs VAH=631.80
2026-02-10 14:25:06,745 [INFO] 🔍 Scanning for alerts on 2 symbols (5min)...
2026-02-10 14:25:06,986 [INFO]     NSE:DIVISLAB-EQ | CVD=13893 vs Ref=21483 | Close=6180.00 vs VAH=6215.50
2026-02-10 14:25:07,223 [INFO]     NSE:TATATECH-EQ | CVD=38407 vs Ref=74346 | Close=632.80 vs VAH=631.80
2026-02-10 14:26:07,225 [INFO] 🔍 Scanning for alerts on 2 symbols (5min)...
2026-02-10 14:26:07,446 [INFO]     NSE:DIVISLAB-EQ | CVD=13633 vs Ref=21483 | Close=6177.50 vs VAH=6215.50
2026-02-10 14:26:07,646 [INFO]     NSE:TATATECH-EQ | CVD=38425 vs Ref=74346 | Close=632.35 vs VAH=631.80
2026-02-10 14:27:07,647 [INFO] 🔍 Scanning for alerts on 2 symbols (5min)...
2026-02-10 14:27:07,874 [INFO]     NSE:DIVISLAB-EQ | CVD=13633 vs Ref=21483 | Close=6177.50 vs VAH=6215.50
2026-02-10 14:27:08,046 [INFO]     NSE:TATATECH-EQ | CVD=38425 vs Ref=74346 | Close=632.35 vs VAH=631.80
2026-02-10 14:28:08,048 [INFO] 🔍 Scanning for alerts on 2 symbols (5min)...
2026-02-10 14:28:08,298 [INFO]     NSE:DIVISLAB-EQ | CVD=13633 vs Ref=21483 | Close=6177.50 vs VAH=6215.50
2026-02-10 14:28:08,520 [INFO]     NSE:TATATECH-EQ | CVD=38425 vs Ref=74346 | Close=632.35 vs VAH=631.80
2026-02-10 14:29:08,521 [INFO] 🔍 Scanning for alerts on 2 symbols (5min)...
2026-02-10 14:29:08,748 [INFO]     NSE:DIVISLAB-EQ | CVD=13633 vs Ref=21483 | Close=6177.50 vs VAH=6215.50
2026-02-10 14:29:08,921 [INFO]     NSE:TATATECH-EQ | CVD=38425 vs Ref=74346 | Close=632.35 vs VAH=631.80
2026-02-10 14:30:08,922 [INFO] 🔍 Scanning for alerts on 2 symbols (5min)...
2026-02-10 14:30:09,129 [INFO]     NSE:DIVISLAB-EQ | CVD=13633 vs Ref=21483 | Close=6177.50 vs VAH=6215.50
2026-02-10 14:30:09,362 [INFO]     NSE:TATATECH-EQ | CVD=38425 vs Ref=74346 | Close=632.35 vs VAH=631.80
2026-02-10 14:31:09,372 [INFO] 🔍 Scanning for alerts on 2 symbols (5min)...
2026-02-10 14:31:10,182 [INFO]     NSE:DIVISLAB-EQ | CVD=13059 vs Ref=21483 | Close=6175.50 vs VAH=6215.50
2026-02-10 14:31:10,795 [INFO]     NSE:TATATECH-EQ | CVD=35391 vs Ref=74346 | Close=632.05 vs VAH=631.80
2026-02-10 14:32:10,797 [INFO] 🔍 Scanning for alerts on 2 symbols (5min)...
2026-02-10 14:32:11,027 [INFO]     NSE:DIVISLAB-EQ | CVD=13059 vs Ref=21483 | Close=6175.50 vs VAH=6215.50
2026-02-10 14:32:11,273 [INFO]     NSE:TATATECH-EQ | CVD=35391 vs Ref=74346 | Close=632.05 vs VAH=631.80
2026-02-10 14:33:11,274 [INFO] 🔍 Scanning for alerts on 2 symbols (5min)...
2026-02-10 14:33:11,527 [INFO]     NSE:DIVISLAB-EQ | CVD=13059 vs Ref=21483 | Close=6175.50 vs VAH=6215.50
2026-02-10 14:33:11,778 [INFO]     NSE:TATATECH-EQ | CVD=35391 vs Ref=74346 | Close=632.05 vs VAH=631.80
2026-02-10 14:34:11,780 [INFO] 🔍 Scanning for alerts on 2 symbols (5min)...
2026-02-10 14:34:12,015 [INFO]     NSE:DIVISLAB-EQ | CVD=13059 vs Ref=21483 | Close=6175.50 vs VAH=6215.50
2026-02-10 14:34:12,256 [INFO]     NSE:TATATECH-EQ | CVD=35391 vs Ref=74346 | Close=632.05 vs VAH=631.80
2026-02-10 14:35:12,258 [INFO] 🔍 Scanning for alerts on 2 symbols (5min)...
2026-02-10 14:35:12,618 [INFO]     NSE:DIVISLAB-EQ | CVD=13059 vs Ref=21483 | Close=6175.50 vs VAH=6215.50
2026-02-10 14:35:12,994 [INFO]     NSE:TATATECH-EQ | CVD=35391 vs Ref=74346 | Close=632.05 vs VAH=631.80
2026-02-10 14:36:12,997 [INFO] 🔍 Scanning for alerts on 2 symbols (5min)...
2026-02-10 14:36:13,224 [INFO]     NSE:DIVISLAB-EQ | CVD=12713 vs Ref=21483 | Close=6170.00 vs VAH=6215.50
2026-02-10 14:36:13,450 [INFO]     NSE:TATATECH-EQ | CVD=32175 vs Ref=74346 | Close=632.10 vs VAH=631.80
2026-02-10 14:37:13,451 [INFO] 🔍 Scanning for alerts on 2 symbols (5min)...
2026-02-10 14:37:13,714 [INFO]     NSE:DIVISLAB-EQ | CVD=12713 vs Ref=21483 | Close=6170.00 vs VAH=6215.50
2026-02-10 14:37:13,985 [INFO]     NSE:TATATECH-EQ | CVD=32175 vs Ref=74346 | Close=632.10 vs VAH=631.80
2026-02-10 14:38:13,987 [INFO] 🔍 Scanning for alerts on 2 symbols (5min)...
2026-02-10 14:38:14,221 [INFO]     NSE:DIVISLAB-EQ | CVD=12713 vs Ref=21483 | Close=6170.00 vs VAH=6215.50
2026-02-10 14:38:14,453 [INFO]     NSE:TATATECH-EQ | CVD=32175 vs Ref=74346 | Close=632.10 vs VAH=631.80
2026-02-10 14:39:14,454 [INFO] 🔍 Scanning for alerts on 2 symbols (5min)...
2026-02-10 14:39:14,701 [INFO]     NSE:DIVISLAB-EQ | CVD=12713 vs Ref=21483 | Close=6170.00 vs VAH=6215.50
2026-02-10 14:39:14,942 [INFO]     NSE:TATATECH-EQ | CVD=32175 vs Ref=74346 | Close=632.10 vs VAH=631.80
2026-02-10 14:40:14,943 [INFO] 🔍 Scanning for alerts on 2 symbols (5min)...
2026-02-10 14:40:15,170 [INFO]     NSE:DIVISLAB-EQ | CVD=12713 vs Ref=21483 | Close=6170.00 vs VAH=6215.50
2026-02-10 14:40:15,372 [INFO]     NSE:TATATECH-EQ | CVD=32175 vs Ref=74346 | Close=632.10 vs VAH=631.80
2026-02-10 14:41:15,373 [INFO] 🔍 Scanning for alerts on 2 symbols (5min)...
2026-02-10 14:41:15,623 [INFO]     NSE:DIVISLAB-EQ | CVD=13470 vs Ref=21483 | Close=6170.50 vs VAH=6215.50
2026-02-10 14:41:15,848 [INFO]     NSE:TATATECH-EQ | CVD=24057 vs Ref=74346 | Close=631.75 vs VAH=631.80
2026-02-10 14:42:15,850 [INFO] 🔍 Scanning for alerts on 2 symbols (5min)...
2026-02-10 14:42:16,077 [INFO]     NSE:DIVISLAB-EQ | CVD=13470 vs Ref=21483 | Close=6170.50 vs VAH=6215.50
2026-02-10 14:42:16,271 [INFO]     NSE:TATATECH-EQ | CVD=24057 vs Ref=74346 | Close=631.75 vs VAH=631.80
2026-02-10 14:43:16,273 [INFO] 🔍 Scanning for alerts on 2 symbols (5min)...
2026-02-10 14:43:16,499 [INFO]     NSE:DIVISLAB-EQ | CVD=13470 vs Ref=21483 | Close=6170.50 vs VAH=6215.50
2026-02-10 14:43:16,673 [INFO]     NSE:TATATECH-EQ | CVD=24057 vs Ref=74346 | Close=631.75 vs VAH=631.80
2026-02-10 14:44:16,675 [INFO] 🔍 Scanning for alerts on 2 symbols (5min)...
2026-02-10 14:44:16,868 [INFO]     NSE:DIVISLAB-EQ | CVD=13470 vs Ref=21483 | Close=6170.50 vs VAH=6215.50
2026-02-10 14:44:17,053 [INFO]     NSE:TATATECH-EQ | CVD=24057 vs Ref=74346 | Close=631.75 vs VAH=631.80
2026-02-10 14:45:17,055 [INFO] 🔍 Scanning for alerts on 2 symbols (5min)...
2026-02-10 14:45:17,255 [INFO]     NSE:DIVISLAB-EQ | CVD=13470 vs Ref=21483 | Close=6170.50 vs VAH=6215.50
2026-02-10 14:45:17,441 [INFO]     NSE:TATATECH-EQ | CVD=24057 vs Ref=74346 | Close=631.75 vs VAH=631.80
2026-02-10 14:46:17,443 [INFO] 🔍 Scanning for alerts on 2 symbols (5min)...
2026-02-10 14:46:17,672 [INFO]     NSE:DIVISLAB-EQ | CVD=12100 vs Ref=21483 | Close=6168.00 vs VAH=6215.50
2026-02-10 14:46:17,854 [INFO]     NSE:TATATECH-EQ | CVD=1379 vs Ref=74346 | Close=631.80 vs VAH=631.80
2026-02-10 14:47:17,855 [INFO] 🔍 Scanning for alerts on 2 symbols (5min)...
2026-02-10 14:47:18,052 [INFO]     NSE:DIVISLAB-EQ | CVD=12100 vs Ref=21483 | Close=6168.00 vs VAH=6215.50
2026-02-10 14:47:18,277 [INFO]     NSE:TATATECH-EQ | CVD=1379 vs Ref=74346 | Close=631.80 vs VAH=631.80
2026-02-10 14:48:18,278 [INFO] 🔍 Scanning for alerts on 2 symbols (5min)...
2026-02-10 14:48:18,476 [INFO]     NSE:DIVISLAB-EQ | CVD=12100 vs Ref=21483 | Close=6168.00 vs VAH=6215.50
2026-02-10 14:48:18,685 [INFO]     NSE:TATATECH-EQ | CVD=1379 vs Ref=74346 | Close=631.80 vs VAH=631.80
2026-02-10 14:49:18,686 [INFO] 🔍 Scanning for alerts on 2 symbols (5min)...
2026-02-10 14:49:18,879 [INFO]     NSE:DIVISLAB-EQ | CVD=12100 vs Ref=21483 | Close=6168.00 vs VAH=6215.50
2026-02-10 14:49:19,083 [INFO]     NSE:TATATECH-EQ | CVD=1379 vs Ref=74346 | Close=631.80 vs VAH=631.80
2026-02-10 14:50:19,084 [INFO] 🔍 Scanning for alerts on 2 symbols (5min)...
2026-02-10 14:50:19,344 [INFO]     NSE:DIVISLAB-EQ | CVD=12100 vs Ref=21483 | Close=6168.00 vs VAH=6215.50
2026-02-10 14:50:19,607 [INFO]     NSE:TATATECH-EQ | CVD=1379 vs Ref=74346 | Close=631.80 vs VAH=631.80
2026-02-10 14:51:19,609 [INFO] 🔍 Scanning for alerts on 2 symbols (5min)...
2026-02-10 14:51:19,838 [INFO]     NSE:DIVISLAB-EQ | CVD=11000 vs Ref=21483 | Close=6161.50 vs VAH=6215.50
2026-02-10 14:51:20,046 [INFO]     NSE:TATATECH-EQ | CVD=-997 vs Ref=74346 | Close=631.20 vs VAH=631.80
2026-02-10 14:52:20,048 [INFO] 🔍 Scanning for alerts on 2 symbols (5min)...
2026-02-10 14:52:20,242 [INFO]     NSE:DIVISLAB-EQ | CVD=11000 vs Ref=21483 | Close=6161.50 vs VAH=6215.50
2026-02-10 14:52:20,457 [INFO]     NSE:TATATECH-EQ | CVD=-997 vs Ref=74346 | Close=631.20 vs VAH=631.80
2026-02-10 14:53:20,459 [INFO] 🔍 Scanning for alerts on 2 symbols (5min)...
2026-02-10 14:53:20,719 [INFO]     NSE:DIVISLAB-EQ | CVD=11000 vs Ref=21483 | Close=6161.50 vs VAH=6215.50
2026-02-10 14:53:21,066 [INFO]     NSE:TATATECH-EQ | CVD=-997 vs Ref=74346 | Close=631.20 vs VAH=631.80
2026-02-10 14:54:21,068 [INFO] 🔍 Scanning for alerts on 2 symbols (5min)...
2026-02-10 14:54:21,298 [INFO]     NSE:DIVISLAB-EQ | CVD=11000 vs Ref=21483 | Close=6161.50 vs VAH=6215.50
2026-02-10 14:54:21,471 [INFO]     NSE:TATATECH-EQ | CVD=-997 vs Ref=74346 | Close=631.20 vs VAH=631.80
2026-02-10 14:55:21,472 [INFO] 🔍 Scanning for alerts on 2 symbols (5min)...
2026-02-10 14:55:21,669 [INFO]     NSE:DIVISLAB-EQ | CVD=11000 vs Ref=21483 | Close=6161.50 vs VAH=6215.50
2026-02-10 14:55:21,853 [INFO]     NSE:TATATECH-EQ | CVD=-997 vs Ref=74346 | Close=631.20 vs VAH=631.80
2026-02-10 14:56:21,854 [INFO] 🔍 Scanning for alerts on 2 symbols (5min)...
2026-02-10 14:56:22,053 [INFO]     NSE:DIVISLAB-EQ | CVD=13096 vs Ref=21483 | Close=6178.50 vs VAH=6215.50
2026-02-10 14:56:22,258 [INFO]     NSE:TATATECH-EQ | CVD=1325 vs Ref=74346 | Close=631.35 vs VAH=631.80
2026-02-10 14:57:22,258 [INFO] 🔍 Scanning for alerts on 2 symbols (5min)...
2026-02-10 14:57:22,482 [INFO]     NSE:DIVISLAB-EQ | CVD=13096 vs Ref=21483 | Close=6178.50 vs VAH=6215.50
2026-02-10 14:57:22,703 [INFO]     NSE:TATATECH-EQ | CVD=1325 vs Ref=74346 | Close=631.35 vs VAH=631.80
2026-02-10 14:58:22,705 [INFO] 🔍 Scanning for alerts on 2 symbols (5min)...
2026-02-10 14:58:22,946 [INFO]     NSE:DIVISLAB-EQ | CVD=13096 vs Ref=21483 | Close=6178.50 vs VAH=6215.50
2026-02-10 14:58:23,170 [INFO]     NSE:TATATECH-EQ | CVD=1325 vs Ref=74346 | Close=631.35 vs VAH=631.80
2026-02-10 14:59:23,171 [INFO] 🔍 Scanning for alerts on 2 symbols (5min)...
2026-02-10 14:59:23,367 [INFO]     NSE:DIVISLAB-EQ | CVD=13096 vs Ref=21483 | Close=6178.50 vs VAH=6215.50
2026-02-10 14:59:23,547 [INFO]     NSE:TATATECH-EQ | CVD=1325 vs Ref=74346 | Close=631.35 vs VAH=631.80
2026-02-10 15:00:23,548 [INFO] 🔍 Scanning for alerts on 2 symbols (5min)...
2026-02-10 15:00:23,738 [INFO]     NSE:DIVISLAB-EQ | CVD=13096 vs Ref=21483 | Close=6178.50 vs VAH=6215.50
2026-02-10 15:00:23,935 [INFO]     NSE:TATATECH-EQ | CVD=1325 vs Ref=74346 | Close=631.35 vs VAH=631.80
2026-02-10 15:01:23,936 [INFO] 🔍 Scanning for alerts on 2 symbols (5min)...
2026-02-10 15:01:24,130 [INFO]     NSE:DIVISLAB-EQ | CVD=13623 vs Ref=21483 | Close=6177.50 vs VAH=6215.50
2026-02-10 15:01:24,323 [INFO]     NSE:TATATECH-EQ | CVD=2266 vs Ref=74346 | Close=632.15 vs VAH=631.80
2026-02-10 15:02:24,324 [INFO] 🔍 Scanning for alerts on 2 symbols (5min)...
2026-02-10 15:02:24,553 [INFO]     NSE:DIVISLAB-EQ | CVD=13623 vs Ref=21483 | Close=6177.50 vs VAH=6215.50
2026-02-10 15:02:24,799 [INFO]     NSE:TATATECH-EQ | CVD=2266 vs Ref=74346 | Close=632.15 vs VAH=631.80
2026-02-10 15:03:24,801 [INFO] 🔍 Scanning for alerts on 2 symbols (5min)...
2026-02-10 15:03:25,056 [INFO]     NSE:DIVISLAB-EQ | CVD=13623 vs Ref=21483 | Close=6177.50 vs VAH=6215.50
2026-02-10 15:03:25,220 [INFO]     NSE:TATATECH-EQ | CVD=2266 vs Ref=74346 | Close=632.15 vs VAH=631.80
2026-02-10 15:04:25,222 [INFO] 🔍 Scanning for alerts on 2 symbols (5min)...
2026-02-10 15:04:25,438 [INFO]     NSE:DIVISLAB-EQ | CVD=13623 vs Ref=21483 | Close=6177.50 vs VAH=6215.50
2026-02-10 15:04:25,675 [INFO]     NSE:TATATECH-EQ | CVD=2266 vs Ref=74346 | Close=632.15 vs VAH=631.80
2026-02-10 15:05:25,677 [INFO] 🔍 Scanning for alerts on 2 symbols (5min)...
2026-02-10 15:05:25,878 [INFO]     NSE:DIVISLAB-EQ | CVD=13623 vs Ref=21483 | Close=6177.50 vs VAH=6215.50
2026-02-10 15:05:26,067 [INFO]     NSE:TATATECH-EQ | CVD=2266 vs Ref=74346 | Close=632.15 vs VAH=631.80
2026-02-10 15:06:26,068 [INFO] 🔍 Scanning for alerts on 2 symbols (5min)...
2026-02-10 15:06:26,246 [INFO]     NSE:DIVISLAB-EQ | CVD=14022 vs Ref=21483 | Close=6186.00 vs VAH=6215.50
2026-02-10 15:06:26,491 [INFO]     NSE:TATATECH-EQ | CVD=1308 vs Ref=74346 | Close=631.65 vs VAH=631.80
2026-02-10 15:07:26,493 [INFO] 🔍 Scanning for alerts on 2 symbols (5min)...
2026-02-10 15:07:26,688 [INFO]     NSE:DIVISLAB-EQ | CVD=14022 vs Ref=21483 | Close=6186.00 vs VAH=6215.50
2026-02-10 15:07:26,917 [INFO]     NSE:TATATECH-EQ | CVD=1308 vs Ref=74346 | Close=631.65 vs VAH=631.80
2026-02-10 15:08:26,918 [INFO] 🔍 Scanning for alerts on 2 symbols (5min)...
2026-02-10 15:08:27,118 [INFO]     NSE:DIVISLAB-EQ | CVD=14022 vs Ref=21483 | Close=6186.00 vs VAH=6215.50
2026-02-10 15:08:27,370 [INFO]     NSE:TATATECH-EQ | CVD=1308 vs Ref=74346 | Close=631.65 vs VAH=631.80
2026-02-10 15:09:27,372 [INFO] 🔍 Scanning for alerts on 2 symbols (5min)...
2026-02-10 15:09:27,564 [INFO]     NSE:DIVISLAB-EQ | CVD=14022 vs Ref=21483 | Close=6186.00 vs VAH=6215.50
2026-02-10 15:09:27,767 [INFO]     NSE:TATATECH-EQ | CVD=1308 vs Ref=74346 | Close=631.65 vs VAH=631.80
2026-02-10 15:10:27,768 [INFO] 🔍 Scanning for alerts on 2 symbols (5min)...
2026-02-10 15:10:27,964 [INFO]     NSE:DIVISLAB-EQ | CVD=14022 vs Ref=21483 | Close=6186.00 vs VAH=6215.50
2026-02-10 15:10:28,156 [INFO]     NSE:TATATECH-EQ | CVD=1308 vs Ref=74346 | Close=631.65 vs VAH=631.80
2026-02-10 15:11:28,157 [INFO] 🔍 Scanning for alerts on 2 symbols (5min)...
2026-02-10 15:11:28,423 [INFO]     NSE:DIVISLAB-EQ | CVD=14889 vs Ref=21483 | Close=6183.00 vs VAH=6215.50
2026-02-10 15:11:28,800 [INFO]     NSE:TATATECH-EQ | CVD=-6575 vs Ref=74346 | Close=630.70 vs VAH=631.80
2026-02-10 15:12:28,802 [INFO] 🔍 Scanning for alerts on 2 symbols (5min)...
2026-02-10 15:12:29,159 [INFO]     NSE:DIVISLAB-EQ | CVD=14889 vs Ref=21483 | Close=6183.00 vs VAH=6215.50
2026-02-10 15:12:29,425 [INFO]     NSE:TATATECH-EQ | CVD=-6575 vs Ref=74346 | Close=630.70 vs VAH=631.80
2026-02-10 15:13:29,427 [INFO] 🔍 Scanning for alerts on 2 symbols (5min)...
2026-02-10 15:13:29,670 [INFO]     NSE:DIVISLAB-EQ | CVD=14889 vs Ref=21483 | Close=6183.00 vs VAH=6215.50
2026-02-10 15:13:29,884 [INFO]     NSE:TATATECH-EQ | CVD=-6575 vs Ref=74346 | Close=630.70 vs VAH=631.80
2026-02-10 15:14:29,885 [INFO] 🔍 Scanning for alerts on 2 symbols (5min)...
2026-02-10 15:14:30,090 [INFO]     NSE:DIVISLAB-EQ | CVD=14889 vs Ref=21483 | Close=6183.00 vs VAH=6215.50
2026-02-10 15:14:30,372 [INFO]     NSE:TATATECH-EQ | CVD=-6575 vs Ref=74346 | Close=630.70 vs VAH=631.80
2026-02-10 15:15:30,374 [INFO] 🔍 Scanning for alerts on 2 symbols (5min)...
2026-02-10 15:15:30,553 [INFO]     NSE:DIVISLAB-EQ | CVD=14889 vs Ref=21483 | Close=6183.00 vs VAH=6215.50
2026-02-10 15:15:30,794 [INFO]     NSE:TATATECH-EQ | CVD=-6575 vs Ref=74346 | Close=630.70 vs VAH=631.80
2026-02-10 15:16:30,795 [INFO] 🔍 Scanning for alerts on 2 symbols (5min)...
2026-02-10 15:16:30,983 [INFO]     NSE:DIVISLAB-EQ | CVD=7788 vs Ref=21483 | Close=6173.50 vs VAH=6215.50
2026-02-10 15:16:31,219 [INFO]     NSE:TATATECH-EQ | CVD=4406 vs Ref=74346 | Close=630.50 vs VAH=631.80
2026-02-10 15:17:31,221 [INFO] 🔍 Scanning for alerts on 2 symbols (5min)...
2026-02-10 15:17:31,460 [INFO]     NSE:DIVISLAB-EQ | CVD=7788 vs Ref=21483 | Close=6173.50 vs VAH=6215.50
2026-02-10 15:17:31,665 [INFO]     NSE:TATATECH-EQ | CVD=4406 vs Ref=74346 | Close=630.50 vs VAH=631.80
2026-02-10 15:18:31,666 [INFO] 🔍 Scanning for alerts on 2 symbols (5min)...
2026-02-10 15:18:31,873 [INFO]     NSE:DIVISLAB-EQ | CVD=7788 vs Ref=21483 | Close=6173.50 vs VAH=6215.50
2026-02-10 15:18:32,073 [INFO]     NSE:TATATECH-EQ | CVD=4406 vs Ref=74346 | Close=630.50 vs VAH=631.80
2026-02-10 15:19:32,075 [INFO] 🔍 Scanning for alerts on 2 symbols (5min)...
2026-02-10 15:19:32,265 [INFO]     NSE:DIVISLAB-EQ | CVD=7788 vs Ref=21483 | Close=6173.50 vs VAH=6215.50
2026-02-10 15:19:32,457 [INFO]     NSE:TATATECH-EQ | CVD=4406 vs Ref=74346 | Close=630.50 vs VAH=631.80
2026-02-10 15:20:32,458 [INFO] 🔍 Scanning for alerts on 2 symbols (5min)...
2026-02-10 15:20:32,643 [INFO]     NSE:DIVISLAB-EQ | CVD=7788 vs Ref=21483 | Close=6173.50 vs VAH=6215.50
2026-02-10 15:20:32,841 [INFO]     NSE:TATATECH-EQ | CVD=4406 vs Ref=74346 | Close=630.50 vs VAH=631.80
2026-02-10 15:21:32,842 [INFO] 🔍 Scanning for alerts on 2 symbols (5min)...
2026-02-10 15:21:33,088 [INFO]     NSE:DIVISLAB-EQ | CVD=4195 vs Ref=21483 | Close=6172.00 vs VAH=6215.50
2026-02-10 15:21:33,291 [INFO]     NSE:TATATECH-EQ | CVD=634 vs Ref=74346 | Close=630.15 vs VAH=631.80
2026-02-10 15:22:33,293 [INFO] 🔍 Scanning for alerts on 2 symbols (5min)...
2026-02-10 15:22:33,489 [INFO]     NSE:DIVISLAB-EQ | CVD=4195 vs Ref=21483 | Close=6172.00 vs VAH=6215.50
2026-02-10 15:22:33,687 [INFO]     NSE:TATATECH-EQ | CVD=634 vs Ref=74346 | Close=630.15 vs VAH=631.80
2026-02-10 15:23:33,689 [INFO] 🔍 Scanning for alerts on 2 symbols (5min)...
2026-02-10 15:23:33,910 [INFO]     NSE:DIVISLAB-EQ | CVD=4195 vs Ref=21483 | Close=6172.00 vs VAH=6215.50
2026-02-10 15:23:34,134 [INFO]     NSE:TATATECH-EQ | CVD=634 vs Ref=74346 | Close=630.15 vs VAH=631.80
2026-02-10 15:24:34,135 [INFO] 🔍 Scanning for alerts on 2 symbols (5min)...
2026-02-10 15:24:34,355 [INFO]     NSE:DIVISLAB-EQ | CVD=4195 vs Ref=21483 | Close=6172.00 vs VAH=6215.50
2026-02-10 15:24:34,518 [INFO]     NSE:TATATECH-EQ | CVD=634 vs Ref=74346 | Close=630.15 vs VAH=631.80
2026-02-10 15:25:34,521 [INFO] 🔍 Scanning for alerts on 2 symbols (5min)...
2026-02-10 15:25:34,709 [INFO]     NSE:DIVISLAB-EQ | CVD=4195 vs Ref=21483 | Close=6172.00 vs VAH=6215.50
2026-02-10 15:25:34,901 [INFO]     NSE:TATATECH-EQ | CVD=634 vs Ref=74346 | Close=630.15 vs VAH=631.80
2026-02-10 15:26:34,902 [INFO] 🔍 Scanning for alerts on 2 symbols (5min)...
2026-02-10 15:26:35,122 [INFO]     NSE:DIVISLAB-EQ | CVD=-4796 vs Ref=21483 | Close=6166.00 vs VAH=6215.50
2026-02-10 15:26:35,287 [INFO]     NSE:TATATECH-EQ | CVD=4208 vs Ref=74346 | Close=630.30 vs VAH=631.80
2026-02-10 15:27:35,288 [INFO] 🔍 Scanning for alerts on 2 symbols (5min)...
2026-02-10 15:27:35,475 [INFO]     NSE:DIVISLAB-EQ | CVD=-4796 vs Ref=21483 | Close=6166.00 vs VAH=6215.50
2026-02-10 15:27:35,676 [INFO]     NSE:TATATECH-EQ | CVD=4208 vs Ref=74346 | Close=630.30 vs VAH=631.80
2026-02-10 15:28:35,678 [INFO] 🔍 Scanning for alerts on 2 symbols (5min)...
2026-02-10 15:28:35,879 [INFO]     NSE:DIVISLAB-EQ | CVD=-4796 vs Ref=21483 | Close=6166.00 vs VAH=6215.50
2026-02-10 15:28:36,055 [INFO]     NSE:TATATECH-EQ | CVD=4208 vs Ref=74346 | Close=630.30 vs VAH=631.80
2026-02-10 15:29:36,057 [INFO] 🔍 Scanning for alerts on 2 symbols (5min)...
2026-02-10 15:29:36,243 [INFO]     NSE:DIVISLAB-EQ | CVD=-4796 vs Ref=21483 | Close=6166.00 vs VAH=6215.50
2026-02-10 15:29:36,461 [INFO]     NSE:TATATECH-EQ | CVD=4208 vs Ref=74346 | Close=630.30 vs VAH=631.80
2026-02-10 15:30:36,462 [INFO] 🔍 Scanning for alerts on 2 symbols (5min)...
2026-02-10 15:30:36,649 [INFO]     NSE:DIVISLAB-EQ | CVD=-4796 vs Ref=21483 | Close=6166.00 vs VAH=6215.50
2026-02-10 15:30:36,831 [INFO]     NSE:TATATECH-EQ | CVD=4208 vs Ref=74346 | Close=630.30 vs VAH=631.80
2026-02-10 15:31:36,832 [INFO] 🔍 Scanning for alerts on 2 symbols (5min)...
2026-02-10 15:31:37,019 [INFO]     NSE:DIVISLAB-EQ | CVD=-9815 vs Ref=21483 | Close=6153.00 vs VAH=6215.50
2026-02-10 15:31:37,216 [INFO]     NSE:TATATECH-EQ | CVD=4208 vs Ref=74346 | Close=630.30 vs VAH=631.80
2026-02-10 15:32:37,217 [INFO] 🔍 Scanning for alerts on 2 symbols (5min)...
2026-02-10 15:32:37,403 [INFO]     NSE:DIVISLAB-EQ | CVD=-9815 vs Ref=21483 | Close=6153.00 vs VAH=6215.50
2026-02-10 15:32:37,587 [INFO]     NSE:TATATECH-EQ | CVD=3408 vs Ref=74346 | Close=630.10 vs VAH=631.80
2026-02-10 15:33:39,269 [INFO] 🔍 Scanning for alerts on 2 symbols (5min)...
2026-02-10 15:33:39,494 [INFO]     NSE:DIVISLAB-EQ | CVD=-9815 vs Ref=21483 | Close=6153.00 vs VAH=6215.50
2026-02-10 15:33:39,715 [INFO]     NSE:TATATECH-EQ | CVD=3408 vs Ref=74346 | Close=630.10 vs VAH=631.80
2026-02-10 15:34:39,716 [INFO] 🔍 Scanning for alerts on 2 symbols (5min)...
2026-02-10 15:34:39,940 [INFO]     NSE:DIVISLAB-EQ | CVD=-9815 vs Ref=21483 | Close=6153.00 vs VAH=6215.50
2026-02-10 15:34:40,102 [INFO]     NSE:TATATECH-EQ | CVD=3408 vs Ref=74346 | Close=630.10 vs VAH=631.80
2026-02-10 15:35:40,103 [INFO] 🔍 Scanning for alerts on 2 symbols (5min)...
2026-02-10 15:35:40,292 [INFO]     NSE:DIVISLAB-EQ | CVD=-9815 vs Ref=21483 | Close=6153.00 vs VAH=6215.50
2026-02-10 15:35:40,515 [INFO]     NSE:TATATECH-EQ | CVD=3408 vs Ref=74346 | Close=630.10 vs VAH=631.80
2026-02-10 15:36:40,516 [INFO] 🔍 Scanning for alerts on 2 symbols (5min)...
2026-02-10 15:36:40,707 [INFO]     NSE:DIVISLAB-EQ | CVD=-9815 vs Ref=21483 | Close=6153.00 vs VAH=6215.50
2026-02-10 15:36:40,917 [INFO]     NSE:TATATECH-EQ | CVD=3408 vs Ref=74346 | Close=630.10 vs VAH=631.80
2026-02-10 15:37:40,918 [INFO] 🔍 Scanning for alerts on 2 symbols (5min)...
2026-02-10 15:37:41,111 [INFO]     NSE:DIVISLAB-EQ | CVD=-9815 vs Ref=21483 | Close=6153.00 vs VAH=6215.50
2026-02-10 15:37:41,291 [INFO]     NSE:TATATECH-EQ | CVD=3408 vs Ref=74346 | Close=630.10 vs VAH=631.80
2026-02-10 15:38:41,293 [INFO] 🔍 Scanning for alerts on 2 symbols (5min)...
2026-02-10 15:38:41,480 [INFO]     NSE:DIVISLAB-EQ | CVD=-9815 vs Ref=21483 | Close=6153.00 vs VAH=6215.50
2026-02-10 15:38:41,679 [INFO]     NSE:TATATECH-EQ | CVD=3408 vs Ref=74346 | Close=630.10 vs VAH=631.80
2026-02-10 15:39:41,680 [INFO] 🔍 Scanning for alerts on 2 symbols (5min)...
2026-02-10 15:39:41,955 [INFO]     NSE:DIVISLAB-EQ | CVD=-9815 vs Ref=21483 | Close=6153.00 vs VAH=6215.50
2026-02-10 15:39:42,255 [INFO]     NSE:TATATECH-EQ | CVD=3403 vs Ref=74346 | Close=630.70 vs VAH=631.80
2026-02-10 15:39:52,653 [INFO] 👋  Buy Alert Monitoring stopped by user.
