2026-02-05 10:22:37,776 [INFO] ==================================================
2026-02-05 10:22:37,777 [INFO] 🚀 INITIALIZING SELL ALERTS (5min)
2026-02-05 10:22:37,778 [INFO] ==================================================
2026-02-05 10:22:37,779 [INFO] 📅 FRVP Configuration:
2026-02-05 10:22:37,779 [INFO]    • Range: 09:15 - 10:25
2026-02-05 10:22:37,780 [INFO]    • Rows: 24 | VA%: 70
2026-02-05 10:22:37,780 [INFO] 
🌊 CVD Configuration:
2026-02-05 10:22:37,781 [INFO]    • Anchor: D
2026-02-05 10:22:37,782 [INFO]    • Ref Candles: First 16 candles of the day
2026-02-05 10:22:37,783 [INFO] --------------------------------------------------
2026-02-05 10:22:37,783 [INFO] ⏳ calculating reference levels for all symbols...
2026-02-05 10:22:38,206 [INFO] ✅ NSE:LT-EQ            | CVD Ref (1st 16 c): -83058 | FRVP VAL:  4038.55
2026-02-05 10:22:38,631 [INFO] ✅ NSE:HAL-EQ           | CVD Ref (1st 16 c): -906192 | FRVP VAL:  3948.00
2026-02-05 10:22:39,086 [INFO] ✅ NSE:BSE-EQ           | CVD Ref (1st 16 c): -314646 | FRVP VAL:  2847.60
2026-02-05 10:22:39,598 [INFO] ✅ NSE:ANGELONE-EQ      | CVD Ref (1st 16 c): -91451 | FRVP VAL:  2626.60
2026-02-05 10:22:39,943 [INFO] ✅ NSE:MAZDOCK-EQ       | CVD Ref (1st 16 c): -139907 | FRVP VAL:  2360.40
2026-02-05 10:22:40,208 [INFO] ✅ NSE:ADANIENT-EQ      | CVD Ref (1st 16 c): -58526 | FRVP VAL:  2211.70
2026-02-05 10:22:40,477 [INFO] ✅ NSE:BHARTIARTL-EQ    | CVD Ref (1st 16 c): -581026 | FRVP VAL:  2004.30
2026-02-05 10:22:40,767 [INFO] ✅ NSE:GODREJPROP-EQ    | CVD Ref (1st 16 c): -32589 | FRVP VAL:  1678.95
2026-02-05 10:22:41,018 [INFO] ✅ NSE:BDL-EQ           | CVD Ref (1st 16 c): -330233 | FRVP VAL:  1251.00
2026-02-05 10:22:41,299 [INFO] ✅ NSE:360ONE-EQ        | CVD Ref (1st 16 c): -15821 | FRVP VAL:  1138.50
2026-02-05 10:22:41,623 [INFO] ✅ NSE:KFINTECH-EQ      | CVD Ref (1st 16 c): -43175 | FRVP VAL:   991.80
2026-02-05 10:22:41,922 [INFO] ✅ NSE:LAURUSLABS-EQ    | CVD Ref (1st 16 c): -115145 | FRVP VAL:   958.55
2026-02-05 10:22:42,193 [INFO] ✅ NSE:SONACOMS-EQ      | CVD Ref (1st 16 c): -62639 | FRVP VAL:   522.90
2026-02-05 10:22:42,489 [INFO] ✅ NSE:ABCAPITAL-EQ     | CVD Ref (1st 16 c): -299790 | FRVP VAL:   335.00
2026-02-05 10:22:42,808 [INFO] ✅ NSE:LTF-EQ           | CVD Ref (1st 16 c): -448884 | FRVP VAL:   278.70
2026-02-05 10:22:42,809 [INFO] ==================================================

2026-02-05 10:22:42,809 [INFO] 🚀 SELL Alert Monitoring Started...
2026-02-05 10:22:42,810 [INFO] 🔍 Scanning for alerts on 15 symbols (5min)...
2026-02-05 10:22:43,212 [INFO]     NSE:LT-EQ | CVD=-65161 vs Ref=-83058 | Close=4045.90 vs VAL=4038.55
2026-02-05 10:22:43,584 [INFO]     NSE:HAL-EQ | CVD=-824643 vs Ref=-906192 | Close=3961.70 vs VAL=3948.00
2026-02-05 10:22:43,979 [INFO]     NSE:BSE-EQ | CVD=-249894 vs Ref=-314646 | Close=2856.20 vs VAL=2847.60
2026-02-05 10:22:44,379 [INFO]     NSE:ANGELONE-EQ | CVD=-82607 vs Ref=-91451 | Close=2644.00 vs VAL=2626.60
2026-02-05 10:22:44,812 [INFO]     NSE:MAZDOCK-EQ | CVD=-137254 vs Ref=-139907 | Close=2364.00 vs VAL=2360.40
2026-02-05 10:22:45,213 [INFO]     NSE:ADANIENT-EQ | CVD=-41400 vs Ref=-58526 | Close=2218.60 vs VAL=2211.70
2026-02-05 10:22:45,648 [INFO]     NSE:BHARTIARTL-EQ | CVD=-206575 vs Ref=-581026 | Close=2004.70 vs VAL=2004.30
2026-02-05 10:22:46,032 [INFO]     NSE:GODREJPROP-EQ | CVD=-15089 vs Ref=-32589 | Close=1686.10 vs VAL=1678.95
2026-02-05 10:22:46,420 [INFO]     NSE:BDL-EQ | CVD=-290178 vs Ref=-330233 | Close=1252.60 vs VAL=1251.00
2026-02-05 10:22:46,844 [INFO]     NSE:360ONE-EQ | CVD=9769 vs Ref=-15821 | Close=1140.60 vs VAL=1138.50
2026-02-05 10:22:47,239 [INFO]     NSE:KFINTECH-EQ | CVD=-37989 vs Ref=-43175 | Close=994.00 vs VAL=991.80
2026-02-05 10:22:47,631 [INFO]     NSE:LAURUSLABS-EQ | CVD=-106072 vs Ref=-115145 | Close=963.05 vs VAL=958.55
2026-02-05 10:22:48,022 [INFO]     NSE:SONACOMS-EQ | CVD=-25065 vs Ref=-62639 | Close=524.60 vs VAL=522.90
2026-02-05 10:22:48,423 [INFO]     NSE:ABCAPITAL-EQ | CVD=-112994 vs Ref=-299790 | Close=337.25 vs VAL=335.00
2026-02-05 10:22:48,798 [INFO]     NSE:LTF-EQ | CVD=-386297 vs Ref=-448884 | Close=280.60 vs VAL=278.70
2026-02-05 10:23:48,800 [INFO] 🔍 Scanning for alerts on 15 symbols (5min)...
2026-02-05 10:23:49,012 [INFO]     NSE:LT-EQ | CVD=-65161 vs Ref=-83058 | Close=4045.90 vs VAL=4038.55
2026-02-05 10:23:49,220 [INFO]     NSE:HAL-EQ | CVD=-824643 vs Ref=-906192 | Close=3961.70 vs VAL=3948.00
2026-02-05 10:23:49,483 [INFO]     NSE:BSE-EQ | CVD=-249894 vs Ref=-314646 | Close=2856.20 vs VAL=2847.60
2026-02-05 10:23:49,697 [INFO]     NSE:ANGELONE-EQ | CVD=-82607 vs Ref=-91451 | Close=2644.00 vs VAL=2626.60
2026-02-05 10:23:49,909 [INFO]     NSE:MAZDOCK-EQ | CVD=-137254 vs Ref=-139907 | Close=2364.00 vs VAL=2360.40
2026-02-05 10:23:50,129 [INFO]     NSE:ADANIENT-EQ | CVD=-41400 vs Ref=-58526 | Close=2218.60 vs VAL=2211.70
2026-02-05 10:23:50,401 [INFO]     NSE:BHARTIARTL-EQ | CVD=-206575 vs Ref=-581026 | Close=2004.70 vs VAL=2004.30
2026-02-05 10:23:50,779 [INFO]     NSE:GODREJPROP-EQ | CVD=-15089 vs Ref=-32589 | Close=1686.10 vs VAL=1678.95
2026-02-05 10:23:51,061 [INFO]     NSE:BDL-EQ | CVD=-290178 vs Ref=-330233 | Close=1252.60 vs VAL=1251.00
2026-02-05 10:23:51,312 [INFO]     NSE:360ONE-EQ | CVD=9769 vs Ref=-15821 | Close=1140.60 vs VAL=1138.50
2026-02-05 10:23:51,876 [INFO]     NSE:KFINTECH-EQ | CVD=-37989 vs Ref=-43175 | Close=994.00 vs VAL=991.80
2026-02-05 10:23:52,257 [INFO]     NSE:LAURUSLABS-EQ | CVD=-106072 vs Ref=-115145 | Close=963.05 vs VAL=958.55
2026-02-05 10:23:52,615 [INFO]     NSE:SONACOMS-EQ | CVD=-25065 vs Ref=-62639 | Close=524.60 vs VAL=522.90
2026-02-05 10:23:53,054 [INFO]     NSE:ABCAPITAL-EQ | CVD=-112994 vs Ref=-299790 | Close=337.25 vs VAL=335.00
2026-02-05 10:23:53,483 [INFO]     NSE:LTF-EQ | CVD=-386297 vs Ref=-448884 | Close=280.60 vs VAL=278.70
2026-02-05 10:24:53,485 [INFO] 🔍 Scanning for alerts on 15 symbols (5min)...
2026-02-05 10:24:53,689 [INFO]     NSE:LT-EQ | CVD=-65161 vs Ref=-83058 | Close=4045.90 vs VAL=4038.55
2026-02-05 10:24:53,896 [INFO]     NSE:HAL-EQ | CVD=-824643 vs Ref=-906192 | Close=3961.70 vs VAL=3948.00
2026-02-05 10:24:54,119 [INFO]     NSE:BSE-EQ | CVD=-249894 vs Ref=-314646 | Close=2856.20 vs VAL=2847.60
2026-02-05 10:24:54,344 [INFO]     NSE:ANGELONE-EQ | CVD=-82607 vs Ref=-91451 | Close=2644.00 vs VAL=2626.60
2026-02-05 10:24:54,632 [INFO]     NSE:MAZDOCK-EQ | CVD=-137254 vs Ref=-139907 | Close=2364.00 vs VAL=2360.40
2026-02-05 10:24:54,889 [INFO]     NSE:ADANIENT-EQ | CVD=-41400 vs Ref=-58526 | Close=2218.60 vs VAL=2211.70
2026-02-05 10:24:55,166 [INFO]     NSE:BHARTIARTL-EQ | CVD=-206575 vs Ref=-581026 | Close=2004.70 vs VAL=2004.30
2026-02-05 10:24:55,402 [INFO]     NSE:GODREJPROP-EQ | CVD=-15089 vs Ref=-32589 | Close=1686.10 vs VAL=1678.95
2026-02-05 10:24:55,604 [INFO]     NSE:BDL-EQ | CVD=-290178 vs Ref=-330233 | Close=1252.60 vs VAL=1251.00
2026-02-05 10:24:55,822 [INFO]     NSE:360ONE-EQ | CVD=9769 vs Ref=-15821 | Close=1140.60 vs VAL=1138.50
2026-02-05 10:24:56,029 [INFO]     NSE:KFINTECH-EQ | CVD=-37989 vs Ref=-43175 | Close=994.00 vs VAL=991.80
2026-02-05 10:24:56,285 [INFO]     NSE:LAURUSLABS-EQ | CVD=-106072 vs Ref=-115145 | Close=963.05 vs VAL=958.55
2026-02-05 10:24:56,514 [INFO]     NSE:SONACOMS-EQ | CVD=-25065 vs Ref=-62639 | Close=524.60 vs VAL=522.90
2026-02-05 10:24:56,721 [INFO]     NSE:ABCAPITAL-EQ | CVD=-112994 vs Ref=-299790 | Close=337.25 vs VAL=335.00
2026-02-05 10:24:56,948 [INFO]     NSE:LTF-EQ | CVD=-386297 vs Ref=-448884 | Close=280.60 vs VAL=278.70
2026-02-05 10:25:56,949 [INFO] 🔍 Scanning for alerts on 15 symbols (5min)...
2026-02-05 10:25:57,165 [INFO]     NSE:LT-EQ | CVD=-65161 vs Ref=-83058 | Close=4045.90 vs VAL=4038.55
2026-02-05 10:25:57,385 [INFO]     NSE:HAL-EQ | CVD=-824643 vs Ref=-906192 | Close=3961.70 vs VAL=3948.00
2026-02-05 10:25:57,929 [INFO]     NSE:BSE-EQ | CVD=-249894 vs Ref=-314646 | Close=2856.20 vs VAL=2847.60
2026-02-05 10:25:58,287 [INFO]     NSE:ANGELONE-EQ | CVD=-82607 vs Ref=-91451 | Close=2644.00 vs VAL=2628.90
2026-02-05 10:25:58,659 [INFO]     NSE:MAZDOCK-EQ | CVD=-137254 vs Ref=-139907 | Close=2364.00 vs VAL=2360.40
2026-02-05 10:25:59,093 [INFO]     NSE:ADANIENT-EQ | CVD=-41400 vs Ref=-58526 | Close=2218.60 vs VAL=2211.70
2026-02-05 10:25:59,509 [INFO]     NSE:BHARTIARTL-EQ | CVD=-206575 vs Ref=-581026 | Close=2004.70 vs VAL=2004.30
2026-02-05 10:26:01,515 [INFO]     NSE:GODREJPROP-EQ | CVD=-15089 vs Ref=-32589 | Close=1686.10 vs VAL=1678.95
2026-02-05 10:26:01,860 [INFO]     NSE:BDL-EQ | CVD=-296432 vs Ref=-330233 | Close=1256.90 vs VAL=1251.00
2026-02-05 10:26:02,110 [INFO]     NSE:360ONE-EQ | CVD=9769 vs Ref=-15821 | Close=1140.60 vs VAL=1138.50
2026-02-05 10:26:02,333 [INFO]     NSE:KFINTECH-EQ | CVD=-37989 vs Ref=-43175 | Close=994.00 vs VAL=991.80
2026-02-05 10:26:02,818 [INFO]     NSE:LAURUSLABS-EQ | CVD=-109862 vs Ref=-115145 | Close=962.80 vs VAL=958.55
2026-02-05 10:26:03,289 [INFO]     NSE:SONACOMS-EQ | CVD=-10234 vs Ref=-62639 | Close=527.35 vs VAL=523.25
2026-02-05 10:26:03,657 [INFO]     NSE:ABCAPITAL-EQ | CVD=24463 vs Ref=-299790 | Close=339.45 vs VAL=335.00
2026-02-05 10:26:03,996 [INFO]     NSE:LTF-EQ | CVD=-359198 vs Ref=-448884 | Close=281.50 vs VAL=278.70
2026-02-05 10:27:03,997 [INFO] 🔍 Scanning for alerts on 15 symbols (5min)...
2026-02-05 10:27:04,595 [INFO]     NSE:LT-EQ | CVD=-58156 vs Ref=-83058 | Close=4052.20 vs VAL=4038.55
2026-02-05 10:27:04,983 [INFO]     NSE:HAL-EQ | CVD=-793688 vs Ref=-906192 | Close=3969.00 vs VAL=3948.00
2026-02-05 10:27:05,403 [INFO]     NSE:BSE-EQ | CVD=-231964 vs Ref=-314646 | Close=2861.40 vs VAL=2847.60
2026-02-05 10:27:05,835 [INFO]     NSE:ANGELONE-EQ | CVD=-80194 vs Ref=-91451 | Close=2647.00 vs VAL=2628.90
2026-02-05 10:27:06,224 [INFO]     NSE:MAZDOCK-EQ | CVD=-135084 vs Ref=-139907 | Close=2367.20 vs VAL=2360.40
2026-02-05 10:27:06,717 [INFO]     NSE:ADANIENT-EQ | CVD=-30798 vs Ref=-58526 | Close=2223.00 vs VAL=2211.70
2026-02-05 10:27:07,264 [INFO]     NSE:BHARTIARTL-EQ | CVD=97643 vs Ref=-581026 | Close=2010.00 vs VAL=2004.30
2026-02-05 10:27:07,704 [INFO]     NSE:GODREJPROP-EQ | CVD=-18347 vs Ref=-32589 | Close=1683.20 vs VAL=1678.95
2026-02-05 10:27:08,115 [INFO]     NSE:BDL-EQ | CVD=-296432 vs Ref=-330233 | Close=1256.90 vs VAL=1251.00
2026-02-05 10:27:08,511 [INFO]     NSE:360ONE-EQ | CVD=16096 vs Ref=-15821 | Close=1145.20 vs VAL=1138.50
2026-02-05 10:27:08,909 [INFO]     NSE:KFINTECH-EQ | CVD=-35954 vs Ref=-43175 | Close=995.00 vs VAL=991.80
2026-02-05 10:27:09,302 [INFO]     NSE:LAURUSLABS-EQ | CVD=-109862 vs Ref=-115145 | Close=962.80 vs VAL=958.55
2026-02-05 10:27:09,687 [INFO]     NSE:SONACOMS-EQ | CVD=-10234 vs Ref=-62639 | Close=527.35 vs VAL=523.25
2026-02-05 10:27:10,031 [INFO]     NSE:ABCAPITAL-EQ | CVD=24463 vs Ref=-299790 | Close=339.45 vs VAL=335.00
2026-02-05 10:27:10,413 [INFO]     NSE:LTF-EQ | CVD=-359198 vs Ref=-448884 | Close=281.50 vs VAL=278.70
2026-02-05 10:28:10,415 [INFO] 🔍 Scanning for alerts on 15 symbols (5min)...
2026-02-05 10:28:10,612 [INFO]     NSE:LT-EQ | CVD=-58156 vs Ref=-83058 | Close=4052.20 vs VAL=4038.55
2026-02-05 10:28:10,807 [INFO]     NSE:HAL-EQ | CVD=-793688 vs Ref=-906192 | Close=3969.00 vs VAL=3948.00
2026-02-05 10:28:11,010 [INFO]     NSE:BSE-EQ | CVD=-231964 vs Ref=-314646 | Close=2861.40 vs VAL=2847.60
2026-02-05 10:28:11,224 [INFO]     NSE:ANGELONE-EQ | CVD=-80194 vs Ref=-91451 | Close=2647.00 vs VAL=2628.90
2026-02-05 10:28:11,432 [INFO]     NSE:MAZDOCK-EQ | CVD=-135084 vs Ref=-139907 | Close=2367.20 vs VAL=2360.40
2026-02-05 10:28:11,649 [INFO]     NSE:ADANIENT-EQ | CVD=-30798 vs Ref=-58526 | Close=2223.00 vs VAL=2211.70
2026-02-05 10:28:11,864 [INFO]     NSE:BHARTIARTL-EQ | CVD=97643 vs Ref=-581026 | Close=2010.00 vs VAL=2004.30
2026-02-05 10:28:12,075 [INFO]     NSE:GODREJPROP-EQ | CVD=-18347 vs Ref=-32589 | Close=1683.20 vs VAL=1678.95
2026-02-05 10:28:12,281 [INFO]     NSE:BDL-EQ | CVD=-296432 vs Ref=-330233 | Close=1256.90 vs VAL=1251.00
2026-02-05 10:28:12,502 [INFO]     NSE:360ONE-EQ | CVD=16096 vs Ref=-15821 | Close=1145.20 vs VAL=1138.50
2026-02-05 10:28:12,699 [INFO]     NSE:KFINTECH-EQ | CVD=-35954 vs Ref=-43175 | Close=995.00 vs VAL=991.80
2026-02-05 10:28:12,905 [INFO]     NSE:LAURUSLABS-EQ | CVD=-109862 vs Ref=-115145 | Close=962.80 vs VAL=958.55
2026-02-05 10:28:13,111 [INFO]     NSE:SONACOMS-EQ | CVD=-10234 vs Ref=-62639 | Close=527.35 vs VAL=523.25
2026-02-05 10:28:13,314 [INFO]     NSE:ABCAPITAL-EQ | CVD=24463 vs Ref=-299790 | Close=339.45 vs VAL=335.00
2026-02-05 10:28:13,522 [INFO]     NSE:LTF-EQ | CVD=-359198 vs Ref=-448884 | Close=281.50 vs VAL=278.70
2026-02-05 10:29:13,523 [INFO] 🔍 Scanning for alerts on 15 symbols (5min)...
2026-02-05 10:29:13,926 [INFO]     NSE:LT-EQ | CVD=-58156 vs Ref=-83058 | Close=4052.20 vs VAL=4038.55
2026-02-05 10:29:14,225 [INFO]     NSE:HAL-EQ | CVD=-793688 vs Ref=-906192 | Close=3969.00 vs VAL=3948.00
2026-02-05 10:29:14,540 [INFO]     NSE:BSE-EQ | CVD=-231964 vs Ref=-314646 | Close=2861.40 vs VAL=2847.60
2026-02-05 10:29:14,818 [INFO]     NSE:ANGELONE-EQ | CVD=-80194 vs Ref=-91451 | Close=2647.00 vs VAL=2628.90
2026-02-05 10:29:15,051 [INFO]     NSE:MAZDOCK-EQ | CVD=-135084 vs Ref=-139907 | Close=2367.20 vs VAL=2360.40
2026-02-05 10:29:15,286 [INFO]     NSE:ADANIENT-EQ | CVD=-30798 vs Ref=-58526 | Close=2223.00 vs VAL=2211.70
2026-02-05 10:29:15,569 [INFO]     NSE:BHARTIARTL-EQ | CVD=97643 vs Ref=-581026 | Close=2010.00 vs VAL=2004.30
2026-02-05 10:29:15,840 [INFO]     NSE:GODREJPROP-EQ | CVD=-18347 vs Ref=-32589 | Close=1683.20 vs VAL=1678.95
2026-02-05 10:29:16,096 [INFO]     NSE:BDL-EQ | CVD=-296432 vs Ref=-330233 | Close=1256.90 vs VAL=1251.00
2026-02-05 10:29:16,336 [INFO]     NSE:360ONE-EQ | CVD=16096 vs Ref=-15821 | Close=1145.20 vs VAL=1138.50
2026-02-05 10:29:16,630 [INFO]     NSE:KFINTECH-EQ | CVD=-35954 vs Ref=-43175 | Close=995.00 vs VAL=991.80
2026-02-05 10:29:16,930 [INFO]     NSE:LAURUSLABS-EQ | CVD=-109862 vs Ref=-115145 | Close=962.80 vs VAL=958.55
2026-02-05 10:29:17,205 [INFO]     NSE:SONACOMS-EQ | CVD=-10234 vs Ref=-62639 | Close=527.35 vs VAL=523.25
2026-02-05 10:29:17,510 [INFO]     NSE:ABCAPITAL-EQ | CVD=24463 vs Ref=-299790 | Close=339.45 vs VAL=335.00
2026-02-05 10:29:17,768 [INFO]     NSE:LTF-EQ | CVD=-359198 vs Ref=-448884 | Close=281.50 vs VAL=278.70
2026-02-05 10:30:17,770 [INFO] 🔍 Scanning for alerts on 15 symbols (5min)...
2026-02-05 10:30:18,536 [INFO]     NSE:LT-EQ | CVD=-58156 vs Ref=-83058 | Close=4052.20 vs VAL=4038.55
2026-02-05 10:30:18,816 [INFO]     NSE:HAL-EQ | CVD=-793688 vs Ref=-906192 | Close=3969.00 vs VAL=3948.00
2026-02-05 10:30:19,072 [INFO]     NSE:BSE-EQ | CVD=-231964 vs Ref=-314646 | Close=2861.40 vs VAL=2847.60
2026-02-05 10:30:19,347 [INFO]     NSE:ANGELONE-EQ | CVD=-80194 vs Ref=-91451 | Close=2647.00 vs VAL=2628.90
2026-02-05 10:30:19,685 [INFO]     NSE:MAZDOCK-EQ | CVD=-135084 vs Ref=-139907 | Close=2367.20 vs VAL=2360.40
2026-02-05 10:30:20,058 [INFO]     NSE:ADANIENT-EQ | CVD=-30798 vs Ref=-58526 | Close=2223.00 vs VAL=2211.70
2026-02-05 10:30:20,430 [INFO]     NSE:BHARTIARTL-EQ | CVD=97643 vs Ref=-581026 | Close=2010.00 vs VAL=2004.30
2026-02-05 10:30:20,738 [INFO]     NSE:GODREJPROP-EQ | CVD=-18347 vs Ref=-32589 | Close=1683.20 vs VAL=1678.95
2026-02-05 10:30:21,136 [INFO]     NSE:BDL-EQ | CVD=-296432 vs Ref=-330233 | Close=1256.90 vs VAL=1251.00
2026-02-05 10:30:21,815 [INFO]     NSE:360ONE-EQ | CVD=16096 vs Ref=-15821 | Close=1145.20 vs VAL=1138.50
2026-02-05 10:30:22,398 [INFO]     NSE:KFINTECH-EQ | CVD=-35954 vs Ref=-43175 | Close=995.00 vs VAL=991.80
2026-02-05 10:30:22,958 [INFO]     NSE:LAURUSLABS-EQ | CVD=-109862 vs Ref=-115145 | Close=962.80 vs VAL=958.55
2026-02-05 10:30:23,508 [INFO]     NSE:SONACOMS-EQ | CVD=-10234 vs Ref=-62639 | Close=527.35 vs VAL=523.25
2026-02-05 10:30:23,966 [INFO]     NSE:ABCAPITAL-EQ | CVD=24463 vs Ref=-299790 | Close=339.45 vs VAL=335.00
2026-02-05 10:30:24,246 [INFO]     NSE:LTF-EQ | CVD=-359198 vs Ref=-448884 | Close=281.50 vs VAL=278.70
2026-02-05 10:31:24,248 [INFO] 🔍 Scanning for alerts on 15 symbols (5min)...
2026-02-05 10:31:24,478 [INFO]     NSE:LT-EQ | CVD=-59690 vs Ref=-83058 | Close=4051.70 vs VAL=4038.55
2026-02-05 10:31:24,684 [INFO]     NSE:HAL-EQ | CVD=-801677 vs Ref=-906192 | Close=3968.00 vs VAL=3948.00
2026-02-05 10:31:24,893 [INFO]     NSE:BSE-EQ | CVD=-261445 vs Ref=-314646 | Close=2851.00 vs VAL=2847.60
2026-02-05 10:31:25,126 [INFO]     NSE:ANGELONE-EQ | CVD=-73721 vs Ref=-91451 | Close=2643.20 vs VAL=2628.90
2026-02-05 10:31:25,330 [INFO] 📡 Sending order request for NSE:MAZDOCK-EQ to http://localhost:4000/postOrder...
2026-02-05 10:31:26,767 [INFO] 📩 Server Response: 200 - {"message":"Order execution triggered","status":"success","receivedData":{"ticker":"NSE:MAZDOCK-EQ","action":"SELL","close":2351.6}}
2026-02-05 10:31:26,768 [INFO]     NSE:MAZDOCK-EQ | CVD=-157836 vs Ref=-139907 | Close=2351.60 vs VAL=2360.40
2026-02-05 10:31:26,987 [INFO]     NSE:ADANIENT-EQ | CVD=-7954 vs Ref=-58526 | Close=2228.40 vs VAL=2211.70
2026-02-05 10:31:27,334 [INFO]     NSE:BHARTIARTL-EQ | CVD=97332 vs Ref=-581026 | Close=2010.10 vs VAL=2004.30
2026-02-05 10:31:27,659 [INFO]     NSE:GODREJPROP-EQ | CVD=-19189 vs Ref=-32589 | Close=1683.50 vs VAL=1678.95
2026-02-05 10:31:27,906 [INFO]     NSE:BDL-EQ | CVD=-297410 vs Ref=-330233 | Close=1252.70 vs VAL=1251.00
2026-02-05 10:31:28,130 [INFO]     NSE:360ONE-EQ | CVD=11473 vs Ref=-15821 | Close=1143.20 vs VAL=1138.50
2026-02-05 10:31:28,359 [INFO] 📡 Sending order request for NSE:KFINTECH-EQ to http://localhost:4000/postOrder...
2026-02-05 10:31:28,400 [INFO] 📩 Server Response: 200 - {"message":"Order execution triggered","status":"success","receivedData":{"ticker":"NSE:KFINTECH-EQ","action":"SELL","close":991.7}}
2026-02-05 10:31:28,400 [INFO]     NSE:KFINTECH-EQ | CVD=-45864 vs Ref=-43175 | Close=991.70 vs VAL=991.80
2026-02-05 10:31:28,759 [INFO]     NSE:LAURUSLABS-EQ | CVD=-115641 vs Ref=-115145 | Close=960.15 vs VAL=958.55
2026-02-05 10:31:29,030 [INFO]     NSE:SONACOMS-EQ | CVD=-6319 vs Ref=-62639 | Close=527.75 vs VAL=523.25
2026-02-05 10:31:29,296 [INFO]     NSE:ABCAPITAL-EQ | CVD=41055 vs Ref=-299790 | Close=338.70 vs VAL=335.00
2026-02-05 10:31:29,641 [INFO]     NSE:LTF-EQ | CVD=-363909 vs Ref=-448884 | Close=281.00 vs VAL=278.70
2026-02-05 10:32:29,643 [INFO] 🔍 Scanning for alerts on 13 symbols (5min)...
2026-02-05 10:32:29,863 [INFO]     NSE:LT-EQ | CVD=-59690 vs Ref=-83058 | Close=4051.70 vs VAL=4038.55
2026-02-05 10:32:30,076 [INFO]     NSE:HAL-EQ | CVD=-801677 vs Ref=-906192 | Close=3968.00 vs VAL=3948.00
2026-02-05 10:32:30,286 [INFO]     NSE:BSE-EQ | CVD=-261445 vs Ref=-314646 | Close=2851.00 vs VAL=2847.60
2026-02-05 10:32:30,520 [INFO]     NSE:ANGELONE-EQ | CVD=-73721 vs Ref=-91451 | Close=2643.20 vs VAL=2628.90
2026-02-05 10:32:30,746 [INFO]     NSE:ADANIENT-EQ | CVD=-7954 vs Ref=-58526 | Close=2228.40 vs VAL=2211.70
2026-02-05 10:32:30,961 [INFO]     NSE:BHARTIARTL-EQ | CVD=97332 vs Ref=-581026 | Close=2010.10 vs VAL=2004.30
2026-02-05 10:32:31,170 [INFO]     NSE:GODREJPROP-EQ | CVD=-19189 vs Ref=-32589 | Close=1683.50 vs VAL=1678.95
2026-02-05 10:32:31,530 [INFO]     NSE:BDL-EQ | CVD=-297410 vs Ref=-330233 | Close=1252.70 vs VAL=1251.00
2026-02-05 10:32:31,839 [INFO]     NSE:360ONE-EQ | CVD=11473 vs Ref=-15821 | Close=1143.20 vs VAL=1138.50
2026-02-05 10:32:32,056 [INFO]     NSE:LAURUSLABS-EQ | CVD=-115641 vs Ref=-115145 | Close=960.15 vs VAL=958.55
2026-02-05 10:32:32,308 [INFO]     NSE:SONACOMS-EQ | CVD=-6319 vs Ref=-62639 | Close=527.75 vs VAL=523.25
2026-02-05 10:32:32,512 [INFO]     NSE:ABCAPITAL-EQ | CVD=41055 vs Ref=-299790 | Close=338.70 vs VAL=335.00
2026-02-05 10:32:32,722 [INFO]     NSE:LTF-EQ | CVD=-363909 vs Ref=-448884 | Close=281.00 vs VAL=278.70
2026-02-05 10:33:32,723 [INFO] 🔍 Scanning for alerts on 13 symbols (5min)...
2026-02-05 10:33:32,906 [INFO]     NSE:LT-EQ | CVD=-59690 vs Ref=-83058 | Close=4051.70 vs VAL=4038.55
2026-02-05 10:33:33,101 [INFO]     NSE:HAL-EQ | CVD=-801677 vs Ref=-906192 | Close=3968.00 vs VAL=3948.00
2026-02-05 10:33:33,296 [INFO]     NSE:BSE-EQ | CVD=-261445 vs Ref=-314646 | Close=2851.00 vs VAL=2847.60
2026-02-05 10:33:33,500 [INFO]     NSE:ANGELONE-EQ | CVD=-73721 vs Ref=-91451 | Close=2643.20 vs VAL=2628.90
2026-02-05 10:33:33,699 [INFO]     NSE:ADANIENT-EQ | CVD=-7954 vs Ref=-58526 | Close=2228.40 vs VAL=2211.70
2026-02-05 10:33:33,901 [INFO]     NSE:BHARTIARTL-EQ | CVD=97332 vs Ref=-581026 | Close=2010.10 vs VAL=2004.30
2026-02-05 10:33:34,098 [INFO]     NSE:GODREJPROP-EQ | CVD=-19189 vs Ref=-32589 | Close=1683.50 vs VAL=1678.95
2026-02-05 10:33:34,286 [INFO]     NSE:BDL-EQ | CVD=-297410 vs Ref=-330233 | Close=1252.70 vs VAL=1251.00
2026-02-05 10:33:34,506 [INFO]     NSE:360ONE-EQ | CVD=11473 vs Ref=-15821 | Close=1143.20 vs VAL=1138.50
2026-02-05 10:33:34,708 [INFO]     NSE:LAURUSLABS-EQ | CVD=-115641 vs Ref=-115145 | Close=960.15 vs VAL=958.55
2026-02-05 10:33:34,918 [INFO]     NSE:SONACOMS-EQ | CVD=-6319 vs Ref=-62639 | Close=527.75 vs VAL=523.25
2026-02-05 10:33:35,109 [INFO]     NSE:ABCAPITAL-EQ | CVD=41055 vs Ref=-299790 | Close=338.70 vs VAL=335.00
2026-02-05 10:33:35,306 [INFO]     NSE:LTF-EQ | CVD=-363909 vs Ref=-448884 | Close=281.00 vs VAL=278.70
2026-02-05 10:34:35,308 [INFO] 🔍 Scanning for alerts on 13 symbols (5min)...
2026-02-05 10:34:35,506 [INFO]     NSE:LT-EQ | CVD=-59690 vs Ref=-83058 | Close=4051.70 vs VAL=4038.55
2026-02-05 10:34:35,697 [INFO]     NSE:HAL-EQ | CVD=-801677 vs Ref=-906192 | Close=3968.00 vs VAL=3948.00
2026-02-05 10:34:35,904 [INFO]     NSE:BSE-EQ | CVD=-261445 vs Ref=-314646 | Close=2851.00 vs VAL=2847.60
2026-02-05 10:34:36,103 [INFO]     NSE:ANGELONE-EQ | CVD=-73721 vs Ref=-91451 | Close=2643.20 vs VAL=2628.90
2026-02-05 10:34:36,292 [INFO]     NSE:ADANIENT-EQ | CVD=-7954 vs Ref=-58526 | Close=2228.40 vs VAL=2211.70
2026-02-05 10:34:36,497 [INFO]     NSE:BHARTIARTL-EQ | CVD=97332 vs Ref=-581026 | Close=2010.10 vs VAL=2004.30
2026-02-05 10:34:36,700 [INFO]     NSE:GODREJPROP-EQ | CVD=-19189 vs Ref=-32589 | Close=1683.50 vs VAL=1678.95
2026-02-05 10:34:36,898 [INFO]     NSE:BDL-EQ | CVD=-297410 vs Ref=-330233 | Close=1252.70 vs VAL=1251.00
2026-02-05 10:34:37,103 [INFO]     NSE:360ONE-EQ | CVD=11473 vs Ref=-15821 | Close=1143.20 vs VAL=1138.50
2026-02-05 10:34:37,305 [INFO]     NSE:LAURUSLABS-EQ | CVD=-115641 vs Ref=-115145 | Close=960.15 vs VAL=958.55
2026-02-05 10:34:37,522 [INFO]     NSE:SONACOMS-EQ | CVD=-6319 vs Ref=-62639 | Close=527.75 vs VAL=523.25
2026-02-05 10:34:37,721 [INFO]     NSE:ABCAPITAL-EQ | CVD=41055 vs Ref=-299790 | Close=338.70 vs VAL=335.00
2026-02-05 10:34:37,918 [INFO]     NSE:LTF-EQ | CVD=-363909 vs Ref=-448884 | Close=281.00 vs VAL=278.70
2026-02-05 10:35:37,920 [INFO] 🔍 Scanning for alerts on 13 symbols (5min)...
2026-02-05 10:35:38,109 [INFO]     NSE:LT-EQ | CVD=-59690 vs Ref=-83058 | Close=4051.70 vs VAL=4038.55
2026-02-05 10:35:38,290 [INFO]     NSE:HAL-EQ | CVD=-801677 vs Ref=-906192 | Close=3968.00 vs VAL=3948.00
2026-02-05 10:35:38,481 [INFO]     NSE:BSE-EQ | CVD=-261445 vs Ref=-314646 | Close=2851.00 vs VAL=2847.60
2026-02-05 10:35:38,676 [INFO]     NSE:ANGELONE-EQ | CVD=-73721 vs Ref=-91451 | Close=2643.20 vs VAL=2628.90
2026-02-05 10:35:38,863 [INFO]     NSE:ADANIENT-EQ | CVD=-7954 vs Ref=-58526 | Close=2228.40 vs VAL=2211.70
2026-02-05 10:35:39,062 [INFO]     NSE:BHARTIARTL-EQ | CVD=97332 vs Ref=-581026 | Close=2010.10 vs VAL=2004.30
2026-02-05 10:35:39,260 [INFO]     NSE:GODREJPROP-EQ | CVD=-19189 vs Ref=-32589 | Close=1683.50 vs VAL=1678.95
2026-02-05 10:35:39,440 [INFO]     NSE:BDL-EQ | CVD=-297410 vs Ref=-330233 | Close=1252.70 vs VAL=1251.00
2026-02-05 10:35:39,639 [INFO]     NSE:360ONE-EQ | CVD=11473 vs Ref=-15821 | Close=1143.20 vs VAL=1138.50
2026-02-05 10:35:39,843 [INFO]     NSE:LAURUSLABS-EQ | CVD=-115641 vs Ref=-115145 | Close=960.15 vs VAL=958.55
2026-02-05 10:35:40,034 [INFO]     NSE:SONACOMS-EQ | CVD=-6319 vs Ref=-62639 | Close=527.75 vs VAL=523.25
2026-02-05 10:35:40,235 [INFO]     NSE:ABCAPITAL-EQ | CVD=41055 vs Ref=-299790 | Close=338.70 vs VAL=335.00
2026-02-05 10:35:40,426 [INFO]     NSE:LTF-EQ | CVD=-363909 vs Ref=-448884 | Close=281.00 vs VAL=278.70
2026-02-05 10:36:40,428 [INFO] 🔍 Scanning for alerts on 13 symbols (5min)...
2026-02-05 10:36:40,617 [INFO]     NSE:LT-EQ | CVD=-63925 vs Ref=-83058 | Close=4048.80 vs VAL=4038.55
2026-02-05 10:36:40,813 [INFO]     NSE:HAL-EQ | CVD=-828241 vs Ref=-906192 | Close=3956.70 vs VAL=3948.00
2026-02-05 10:36:40,996 [INFO]     NSE:BSE-EQ | CVD=-265895 vs Ref=-314646 | Close=2844.30 vs VAL=2847.60
2026-02-05 10:36:42,820 [INFO]     NSE:ANGELONE-EQ | CVD=-83190 vs Ref=-91451 | Close=2636.10 vs VAL=2628.90
2026-02-05 10:36:43,004 [INFO]     NSE:ADANIENT-EQ | CVD=-12635 vs Ref=-58526 | Close=2227.60 vs VAL=2211.70
2026-02-05 10:36:43,192 [INFO]     NSE:BHARTIARTL-EQ | CVD=93050 vs Ref=-581026 | Close=2007.60 vs VAL=2004.30
2026-02-05 10:36:43,394 [INFO]     NSE:GODREJPROP-EQ | CVD=-22798 vs Ref=-32589 | Close=1680.00 vs VAL=1678.95
2026-02-05 10:36:43,591 [INFO]     NSE:BDL-EQ | CVD=-302250 vs Ref=-330233 | Close=1251.90 vs VAL=1251.00
2026-02-05 10:36:43,797 [INFO]     NSE:360ONE-EQ | CVD=15102 vs Ref=-15821 | Close=1144.80 vs VAL=1138.50
2026-02-05 10:36:43,992 [INFO]     NSE:LAURUSLABS-EQ | CVD=-114789 vs Ref=-115145 | Close=960.40 vs VAL=958.55
2026-02-05 10:36:44,191 [INFO]     NSE:SONACOMS-EQ | CVD=5753 vs Ref=-62639 | Close=527.70 vs VAL=523.25
2026-02-05 10:36:44,374 [INFO]     NSE:ABCAPITAL-EQ | CVD=30157 vs Ref=-299790 | Close=338.45 vs VAL=335.00
2026-02-05 10:36:44,573 [INFO]     NSE:LTF-EQ | CVD=-332433 vs Ref=-448884 | Close=281.40 vs VAL=278.70
2026-02-05 10:37:44,574 [INFO] 🔍 Scanning for alerts on 13 symbols (5min)...
2026-02-05 10:37:44,757 [INFO]     NSE:LT-EQ | CVD=-63925 vs Ref=-83058 | Close=4048.80 vs VAL=4038.55
2026-02-05 10:37:44,940 [INFO]     NSE:HAL-EQ | CVD=-828241 vs Ref=-906192 | Close=3956.70 vs VAL=3948.00
2026-02-05 10:37:45,151 [INFO]     NSE:BSE-EQ | CVD=-265895 vs Ref=-314646 | Close=2844.30 vs VAL=2847.60
2026-02-05 10:37:45,351 [INFO]     NSE:ANGELONE-EQ | CVD=-83190 vs Ref=-91451 | Close=2636.10 vs VAL=2628.90
2026-02-05 10:37:45,541 [INFO]     NSE:ADANIENT-EQ | CVD=-12635 vs Ref=-58526 | Close=2227.60 vs VAL=2211.70
2026-02-05 10:37:45,744 [INFO]     NSE:BHARTIARTL-EQ | CVD=93050 vs Ref=-581026 | Close=2007.60 vs VAL=2004.30
2026-02-05 10:37:45,950 [INFO]     NSE:GODREJPROP-EQ | CVD=-22798 vs Ref=-32589 | Close=1680.00 vs VAL=1678.95
2026-02-05 10:37:46,145 [INFO]     NSE:BDL-EQ | CVD=-302250 vs Ref=-330233 | Close=1251.90 vs VAL=1251.00
2026-02-05 10:37:46,342 [INFO]     NSE:360ONE-EQ | CVD=15102 vs Ref=-15821 | Close=1144.80 vs VAL=1138.50
2026-02-05 10:37:48,250 [INFO]     NSE:LAURUSLABS-EQ | CVD=-114789 vs Ref=-115145 | Close=960.40 vs VAL=958.55
2026-02-05 10:37:48,480 [INFO]     NSE:SONACOMS-EQ | CVD=5753 vs Ref=-62639 | Close=527.70 vs VAL=523.25
2026-02-05 10:37:48,683 [INFO]     NSE:ABCAPITAL-EQ | CVD=30157 vs Ref=-299790 | Close=338.45 vs VAL=335.00
2026-02-05 10:37:48,868 [INFO]     NSE:LTF-EQ | CVD=-332433 vs Ref=-448884 | Close=281.40 vs VAL=278.70
2026-02-05 10:38:48,869 [INFO] 🔍 Scanning for alerts on 13 symbols (5min)...
2026-02-05 10:38:49,053 [INFO]     NSE:LT-EQ | CVD=-63925 vs Ref=-83058 | Close=4048.80 vs VAL=4038.55
2026-02-05 10:38:49,263 [INFO]     NSE:HAL-EQ | CVD=-828241 vs Ref=-906192 | Close=3956.70 vs VAL=3948.00
2026-02-05 10:38:49,474 [INFO]     NSE:BSE-EQ | CVD=-265895 vs Ref=-314646 | Close=2844.30 vs VAL=2847.60
2026-02-05 10:38:49,681 [INFO]     NSE:ANGELONE-EQ | CVD=-83190 vs Ref=-91451 | Close=2636.10 vs VAL=2628.90
2026-02-05 10:38:49,868 [INFO]     NSE:ADANIENT-EQ | CVD=-12635 vs Ref=-58526 | Close=2227.60 vs VAL=2211.70
2026-02-05 10:38:50,062 [INFO]     NSE:BHARTIARTL-EQ | CVD=93050 vs Ref=-581026 | Close=2007.60 vs VAL=2004.30
2026-02-05 10:38:50,255 [INFO]     NSE:GODREJPROP-EQ | CVD=-22798 vs Ref=-32589 | Close=1680.00 vs VAL=1678.95
2026-02-05 10:38:50,446 [INFO]     NSE:BDL-EQ | CVD=-302250 vs Ref=-330233 | Close=1251.90 vs VAL=1251.00
2026-02-05 10:38:50,679 [INFO]     NSE:360ONE-EQ | CVD=15102 vs Ref=-15821 | Close=1144.80 vs VAL=1138.50
2026-02-05 10:38:50,912 [INFO]     NSE:LAURUSLABS-EQ | CVD=-114789 vs Ref=-115145 | Close=960.40 vs VAL=958.55
2026-02-05 10:38:51,126 [INFO]     NSE:SONACOMS-EQ | CVD=5753 vs Ref=-62639 | Close=527.70 vs VAL=523.25
2026-02-05 10:38:51,420 [INFO]     NSE:ABCAPITAL-EQ | CVD=30157 vs Ref=-299790 | Close=338.45 vs VAL=335.00
2026-02-05 10:38:51,743 [INFO]     NSE:LTF-EQ | CVD=-332433 vs Ref=-448884 | Close=281.40 vs VAL=278.70
2026-02-05 10:39:51,745 [INFO] 🔍 Scanning for alerts on 13 symbols (5min)...
2026-02-05 10:39:51,952 [INFO]     NSE:LT-EQ | CVD=-63925 vs Ref=-83058 | Close=4048.80 vs VAL=4038.55
2026-02-05 10:39:52,206 [INFO]     NSE:HAL-EQ | CVD=-828241 vs Ref=-906192 | Close=3956.70 vs VAL=3948.00
2026-02-05 10:39:52,435 [INFO]     NSE:BSE-EQ | CVD=-265895 vs Ref=-314646 | Close=2844.30 vs VAL=2847.60
2026-02-05 10:39:52,643 [INFO]     NSE:ANGELONE-EQ | CVD=-83190 vs Ref=-91451 | Close=2636.10 vs VAL=2628.90
2026-02-05 10:39:52,846 [INFO]     NSE:ADANIENT-EQ | CVD=-12635 vs Ref=-58526 | Close=2227.60 vs VAL=2211.70
2026-02-05 10:39:53,083 [INFO]     NSE:BHARTIARTL-EQ | CVD=93050 vs Ref=-581026 | Close=2007.60 vs VAL=2004.30
2026-02-05 10:39:53,299 [INFO]     NSE:GODREJPROP-EQ | CVD=-22798 vs Ref=-32589 | Close=1680.00 vs VAL=1678.95
2026-02-05 10:39:53,504 [INFO]     NSE:BDL-EQ | CVD=-302250 vs Ref=-330233 | Close=1251.90 vs VAL=1251.00
2026-02-05 10:39:53,742 [INFO]     NSE:360ONE-EQ | CVD=15102 vs Ref=-15821 | Close=1144.80 vs VAL=1138.50
2026-02-05 10:39:54,019 [INFO]     NSE:LAURUSLABS-EQ | CVD=-114789 vs Ref=-115145 | Close=960.40 vs VAL=958.55
2026-02-05 10:39:54,292 [INFO]     NSE:SONACOMS-EQ | CVD=5753 vs Ref=-62639 | Close=527.70 vs VAL=523.25
2026-02-05 10:39:54,650 [INFO]     NSE:ABCAPITAL-EQ | CVD=30157 vs Ref=-299790 | Close=338.45 vs VAL=335.00
2026-02-05 10:39:54,876 [INFO]     NSE:LTF-EQ | CVD=-332433 vs Ref=-448884 | Close=281.40 vs VAL=278.70
2026-02-05 10:40:54,877 [INFO] 🔍 Scanning for alerts on 13 symbols (5min)...
2026-02-05 10:40:55,064 [INFO]     NSE:LT-EQ | CVD=-63925 vs Ref=-83058 | Close=4048.80 vs VAL=4038.55
2026-02-05 10:40:55,255 [INFO]     NSE:HAL-EQ | CVD=-828241 vs Ref=-906192 | Close=3956.70 vs VAL=3948.00
2026-02-05 10:40:55,457 [INFO]     NSE:BSE-EQ | CVD=-265895 vs Ref=-314646 | Close=2844.30 vs VAL=2847.60
2026-02-05 10:40:57,295 [INFO]     NSE:ANGELONE-EQ | CVD=-83190 vs Ref=-91451 | Close=2636.10 vs VAL=2628.90
2026-02-05 10:40:57,497 [INFO]     NSE:ADANIENT-EQ | CVD=-12635 vs Ref=-58526 | Close=2227.60 vs VAL=2211.70
2026-02-05 10:40:57,702 [INFO]     NSE:BHARTIARTL-EQ | CVD=93050 vs Ref=-581026 | Close=2007.60 vs VAL=2004.30
2026-02-05 10:40:57,939 [INFO]     NSE:GODREJPROP-EQ | CVD=-22798 vs Ref=-32589 | Close=1680.00 vs VAL=1678.95
2026-02-05 10:40:58,133 [INFO]     NSE:BDL-EQ | CVD=-302250 vs Ref=-330233 | Close=1251.90 vs VAL=1251.00
2026-02-05 10:40:58,340 [INFO]     NSE:360ONE-EQ | CVD=15102 vs Ref=-15821 | Close=1144.80 vs VAL=1138.50
2026-02-05 10:40:58,562 [INFO]     NSE:LAURUSLABS-EQ | CVD=-114789 vs Ref=-115145 | Close=960.40 vs VAL=958.55
2026-02-05 10:40:58,758 [INFO]     NSE:SONACOMS-EQ | CVD=5753 vs Ref=-62639 | Close=527.70 vs VAL=523.25
2026-02-05 10:40:58,958 [INFO]     NSE:ABCAPITAL-EQ | CVD=30157 vs Ref=-299790 | Close=338.45 vs VAL=335.00
2026-02-05 10:40:59,144 [INFO]     NSE:LTF-EQ | CVD=-332433 vs Ref=-448884 | Close=281.40 vs VAL=278.70
2026-02-05 10:41:59,146 [INFO] 🔍 Scanning for alerts on 13 symbols (5min)...
2026-02-05 10:41:59,339 [INFO]     NSE:LT-EQ | CVD=-66015 vs Ref=-83058 | Close=4045.70 vs VAL=4038.55
2026-02-05 10:41:59,566 [INFO]     NSE:HAL-EQ | CVD=-828283 vs Ref=-906192 | Close=3961.80 vs VAL=3948.00
2026-02-05 10:41:59,805 [INFO]     NSE:BSE-EQ | CVD=-249388 vs Ref=-314646 | Close=2852.60 vs VAL=2847.60
2026-02-05 10:42:00,003 [INFO]     NSE:ANGELONE-EQ | CVD=-81332 vs Ref=-91451 | Close=2639.10 vs VAL=2628.90
2026-02-05 10:42:00,193 [INFO]     NSE:ADANIENT-EQ | CVD=-29409 vs Ref=-58526 | Close=2219.50 vs VAL=2211.70
2026-02-05 10:42:00,398 [INFO]     NSE:BHARTIARTL-EQ | CVD=87706 vs Ref=-581026 | Close=2007.10 vs VAL=2004.30
2026-02-05 10:42:00,601 [INFO]     NSE:GODREJPROP-EQ | CVD=-23098 vs Ref=-32589 | Close=1679.20 vs VAL=1678.95
2026-02-05 10:42:02,563 [INFO]     NSE:BDL-EQ | CVD=-296542 vs Ref=-330233 | Close=1253.30 vs VAL=1251.00
2026-02-05 10:42:03,114 [INFO]     NSE:360ONE-EQ | CVD=13292 vs Ref=-15821 | Close=1142.90 vs VAL=1138.50
2026-02-05 10:42:03,528 [INFO]     NSE:LAURUSLABS-EQ | CVD=-122520 vs Ref=-115145 | Close=959.10 vs VAL=958.55
2026-02-05 10:42:03,831 [INFO]     NSE:SONACOMS-EQ | CVD=10178 vs Ref=-62639 | Close=526.60 vs VAL=523.25
2026-02-05 10:42:04,111 [INFO]     NSE:ABCAPITAL-EQ | CVD=33961 vs Ref=-299790 | Close=338.00 vs VAL=335.00
2026-02-05 10:42:04,377 [INFO]     NSE:LTF-EQ | CVD=-333116 vs Ref=-448884 | Close=281.25 vs VAL=278.70
2026-02-05 10:43:04,379 [INFO] 🔍 Scanning for alerts on 13 symbols (5min)...
2026-02-05 10:43:04,601 [INFO]     NSE:LT-EQ | CVD=-66015 vs Ref=-83058 | Close=4045.70 vs VAL=4038.55
2026-02-05 10:43:04,814 [INFO]     NSE:HAL-EQ | CVD=-828283 vs Ref=-906192 | Close=3961.80 vs VAL=3948.00
2026-02-05 10:43:05,495 [INFO]     NSE:BSE-EQ | CVD=-249388 vs Ref=-314646 | Close=2852.60 vs VAL=2847.60
2026-02-05 10:43:07,404 [INFO]     NSE:ANGELONE-EQ | CVD=-81332 vs Ref=-91451 | Close=2639.10 vs VAL=2628.90
2026-02-05 10:43:07,785 [INFO]     NSE:ADANIENT-EQ | CVD=-29409 vs Ref=-58526 | Close=2219.50 vs VAL=2211.70
2026-02-05 10:43:08,167 [INFO]     NSE:BHARTIARTL-EQ | CVD=87706 vs Ref=-581026 | Close=2007.10 vs VAL=2004.30
2026-02-05 10:43:08,499 [INFO]     NSE:GODREJPROP-EQ | CVD=-23098 vs Ref=-32589 | Close=1679.20 vs VAL=1678.95
2026-02-05 10:43:08,819 [INFO]     NSE:BDL-EQ | CVD=-296542 vs Ref=-330233 | Close=1253.30 vs VAL=1251.00
2026-02-05 10:43:09,047 [INFO]     NSE:360ONE-EQ | CVD=13292 vs Ref=-15821 | Close=1142.90 vs VAL=1138.50
2026-02-05 10:43:09,363 [INFO]     NSE:LAURUSLABS-EQ | CVD=-122520 vs Ref=-115145 | Close=959.10 vs VAL=958.55
2026-02-05 10:43:09,619 [INFO]     NSE:SONACOMS-EQ | CVD=10178 vs Ref=-62639 | Close=526.60 vs VAL=523.25
2026-02-05 10:43:09,810 [INFO]     NSE:ABCAPITAL-EQ | CVD=33961 vs Ref=-299790 | Close=338.00 vs VAL=335.00
2026-02-05 10:43:10,002 [INFO]     NSE:LTF-EQ | CVD=-333116 vs Ref=-448884 | Close=281.25 vs VAL=278.70
2026-02-05 10:44:10,003 [INFO] 🔍 Scanning for alerts on 13 symbols (5min)...
2026-02-05 10:44:10,198 [INFO]     NSE:LT-EQ | CVD=-66015 vs Ref=-83058 | Close=4045.70 vs VAL=4038.55
2026-02-05 10:44:10,380 [INFO]     NSE:HAL-EQ | CVD=-828283 vs Ref=-906192 | Close=3961.80 vs VAL=3948.00
2026-02-05 10:44:10,581 [INFO]     NSE:BSE-EQ | CVD=-249388 vs Ref=-314646 | Close=2852.60 vs VAL=2847.60
2026-02-05 10:44:10,785 [INFO]     NSE:ANGELONE-EQ | CVD=-81332 vs Ref=-91451 | Close=2639.10 vs VAL=2628.90
2026-02-05 10:44:10,970 [INFO]     NSE:ADANIENT-EQ | CVD=-29409 vs Ref=-58526 | Close=2219.50 vs VAL=2211.70
2026-02-05 10:44:11,162 [INFO]     NSE:BHARTIARTL-EQ | CVD=87706 vs Ref=-581026 | Close=2007.10 vs VAL=2004.30
2026-02-05 10:44:11,368 [INFO]     NSE:GODREJPROP-EQ | CVD=-23098 vs Ref=-32589 | Close=1679.20 vs VAL=1678.95
2026-02-05 10:44:11,567 [INFO]     NSE:BDL-EQ | CVD=-296542 vs Ref=-330233 | Close=1253.30 vs VAL=1251.00
2026-02-05 10:44:11,763 [INFO]     NSE:360ONE-EQ | CVD=13292 vs Ref=-15821 | Close=1142.90 vs VAL=1138.50
2026-02-05 10:44:11,962 [INFO]     NSE:LAURUSLABS-EQ | CVD=-122520 vs Ref=-115145 | Close=959.10 vs VAL=958.55
2026-02-05 10:44:12,157 [INFO]     NSE:SONACOMS-EQ | CVD=10178 vs Ref=-62639 | Close=526.60 vs VAL=523.25
2026-02-05 10:44:12,350 [INFO]     NSE:ABCAPITAL-EQ | CVD=33961 vs Ref=-299790 | Close=338.00 vs VAL=335.00
2026-02-05 10:44:12,546 [INFO]     NSE:LTF-EQ | CVD=-333116 vs Ref=-448884 | Close=281.25 vs VAL=278.70
2026-02-05 10:45:12,547 [INFO] 🔍 Scanning for alerts on 13 symbols (5min)...
2026-02-05 10:45:12,738 [INFO]     NSE:LT-EQ | CVD=-66015 vs Ref=-83058 | Close=4045.70 vs VAL=4038.55
2026-02-05 10:45:12,929 [INFO]     NSE:HAL-EQ | CVD=-828283 vs Ref=-906192 | Close=3961.80 vs VAL=3948.00
2026-02-05 10:45:13,120 [INFO]     NSE:BSE-EQ | CVD=-249388 vs Ref=-314646 | Close=2852.60 vs VAL=2847.60
2026-02-05 10:45:13,322 [INFO]     NSE:ANGELONE-EQ | CVD=-81332 vs Ref=-91451 | Close=2639.10 vs VAL=2628.90
2026-02-05 10:45:13,508 [INFO]     NSE:ADANIENT-EQ | CVD=-29409 vs Ref=-58526 | Close=2219.50 vs VAL=2211.70
2026-02-05 10:45:13,709 [INFO]     NSE:BHARTIARTL-EQ | CVD=87706 vs Ref=-581026 | Close=2007.10 vs VAL=2004.30
2026-02-05 10:45:13,921 [INFO]     NSE:GODREJPROP-EQ | CVD=-23098 vs Ref=-32589 | Close=1679.20 vs VAL=1678.95
2026-02-05 10:45:14,105 [INFO]     NSE:BDL-EQ | CVD=-296542 vs Ref=-330233 | Close=1253.30 vs VAL=1251.00
2026-02-05 10:45:14,314 [INFO]     NSE:360ONE-EQ | CVD=13292 vs Ref=-15821 | Close=1142.90 vs VAL=1138.50
2026-02-05 10:45:14,546 [INFO]     NSE:LAURUSLABS-EQ | CVD=-122520 vs Ref=-115145 | Close=959.10 vs VAL=958.55
2026-02-05 10:45:14,749 [INFO]     NSE:SONACOMS-EQ | CVD=10178 vs Ref=-62639 | Close=526.60 vs VAL=523.25
2026-02-05 10:45:14,932 [INFO]     NSE:ABCAPITAL-EQ | CVD=33961 vs Ref=-299790 | Close=338.00 vs VAL=335.00
2026-02-05 10:45:15,129 [INFO]     NSE:LTF-EQ | CVD=-333116 vs Ref=-448884 | Close=281.25 vs VAL=278.70
2026-02-05 10:46:15,130 [INFO] 🔍 Scanning for alerts on 13 symbols (5min)...
2026-02-05 10:46:15,315 [INFO]     NSE:LT-EQ | CVD=-59162 vs Ref=-83058 | Close=4053.00 vs VAL=4038.55
2026-02-05 10:46:15,504 [INFO]     NSE:HAL-EQ | CVD=-755063 vs Ref=-906192 | Close=3976.10 vs VAL=3948.00
2026-02-05 10:46:15,703 [INFO]     NSE:BSE-EQ | CVD=-249592 vs Ref=-314646 | Close=2848.40 vs VAL=2847.60
2026-02-05 10:46:15,896 [INFO]     NSE:ANGELONE-EQ | CVD=-80022 vs Ref=-91451 | Close=2644.10 vs VAL=2628.90
2026-02-05 10:46:16,082 [INFO]     NSE:ADANIENT-EQ | CVD=-29233 vs Ref=-58526 | Close=2222.10 vs VAL=2211.70
2026-02-05 10:46:16,277 [INFO]     NSE:BHARTIARTL-EQ | CVD=103241 vs Ref=-581026 | Close=2009.30 vs VAL=2004.30
2026-02-05 10:46:16,503 [INFO]     NSE:GODREJPROP-EQ | CVD=-22738 vs Ref=-32589 | Close=1678.70 vs VAL=1678.95
2026-02-05 10:46:16,736 [INFO]     NSE:BDL-EQ | CVD=-321533 vs Ref=-330233 | Close=1251.30 vs VAL=1251.00
2026-02-05 10:46:16,947 [INFO]     NSE:360ONE-EQ | CVD=3642 vs Ref=-15821 | Close=1143.00 vs VAL=1138.50
2026-02-05 10:46:17,150 [INFO] 📡 Sending order request for NSE:LAURUSLABS-EQ to http://localhost:4000/postOrder...
2026-02-05 10:46:17,168 [INFO] 📩 Server Response: 200 - {"message":"Order execution triggered","status":"success","receivedData":{"ticker":"NSE:LAURUSLABS-EQ","action":"SELL","close":958.35}}
2026-02-05 10:46:17,168 [INFO]     NSE:LAURUSLABS-EQ | CVD=-122491 vs Ref=-115145 | Close=958.35 vs VAL=958.55
2026-02-05 10:46:17,404 [INFO]     NSE:SONACOMS-EQ | CVD=17795 vs Ref=-62639 | Close=526.00 vs VAL=523.25
2026-02-05 10:46:17,645 [INFO]     NSE:ABCAPITAL-EQ | CVD=41679 vs Ref=-299790 | Close=337.25 vs VAL=335.00
2026-02-05 10:46:17,853 [INFO]     NSE:LTF-EQ | CVD=-348649 vs Ref=-448884 | Close=280.25 vs VAL=278.70
2026-02-05 10:47:17,854 [INFO] 🔍 Scanning for alerts on 12 symbols (5min)...
2026-02-05 10:47:18,067 [INFO]     NSE:LT-EQ | CVD=-59162 vs Ref=-83058 | Close=4053.00 vs VAL=4038.55
2026-02-05 10:47:18,253 [INFO]     NSE:HAL-EQ | CVD=-755063 vs Ref=-906192 | Close=3976.10 vs VAL=3948.00
2026-02-05 10:47:18,455 [INFO]     NSE:BSE-EQ | CVD=-249592 vs Ref=-314646 | Close=2848.40 vs VAL=2847.60
2026-02-05 10:47:18,656 [INFO]     NSE:ANGELONE-EQ | CVD=-80022 vs Ref=-91451 | Close=2644.10 vs VAL=2628.90
2026-02-05 10:47:18,856 [INFO]     NSE:ADANIENT-EQ | CVD=-29233 vs Ref=-58526 | Close=2222.10 vs VAL=2211.70
2026-02-05 10:47:19,060 [INFO]     NSE:BHARTIARTL-EQ | CVD=103241 vs Ref=-581026 | Close=2009.30 vs VAL=2004.30
2026-02-05 10:47:19,262 [INFO]     NSE:GODREJPROP-EQ | CVD=-22738 vs Ref=-32589 | Close=1678.70 vs VAL=1678.95
2026-02-05 10:47:19,465 [INFO]     NSE:BDL-EQ | CVD=-321533 vs Ref=-330233 | Close=1251.30 vs VAL=1251.00
2026-02-05 10:47:19,677 [INFO]     NSE:360ONE-EQ | CVD=3642 vs Ref=-15821 | Close=1143.00 vs VAL=1138.50
2026-02-05 10:47:19,875 [INFO]     NSE:SONACOMS-EQ | CVD=17795 vs Ref=-62639 | Close=526.00 vs VAL=523.25
2026-02-05 10:47:20,063 [INFO]     NSE:ABCAPITAL-EQ | CVD=41679 vs Ref=-299790 | Close=337.25 vs VAL=335.00
2026-02-05 10:47:20,260 [INFO]     NSE:LTF-EQ | CVD=-348649 vs Ref=-448884 | Close=280.25 vs VAL=278.70
2026-02-05 10:48:20,262 [INFO] 🔍 Scanning for alerts on 12 symbols (5min)...
2026-02-05 10:48:20,448 [INFO]     NSE:LT-EQ | CVD=-59162 vs Ref=-83058 | Close=4053.00 vs VAL=4038.55
2026-02-05 10:48:20,636 [INFO]     NSE:HAL-EQ | CVD=-755063 vs Ref=-906192 | Close=3976.10 vs VAL=3948.00
2026-02-05 10:48:20,826 [INFO]     NSE:BSE-EQ | CVD=-249592 vs Ref=-314646 | Close=2848.40 vs VAL=2847.60
2026-02-05 10:48:21,020 [INFO]     NSE:ANGELONE-EQ | CVD=-80022 vs Ref=-91451 | Close=2644.10 vs VAL=2628.90
2026-02-05 10:48:21,213 [INFO]     NSE:ADANIENT-EQ | CVD=-29233 vs Ref=-58526 | Close=2222.10 vs VAL=2211.70
2026-02-05 10:48:21,417 [INFO]     NSE:BHARTIARTL-EQ | CVD=103241 vs Ref=-581026 | Close=2009.30 vs VAL=2004.30
2026-02-05 10:48:21,626 [INFO]     NSE:GODREJPROP-EQ | CVD=-22738 vs Ref=-32589 | Close=1678.70 vs VAL=1678.95
2026-02-05 10:48:21,826 [INFO]     NSE:BDL-EQ | CVD=-321533 vs Ref=-330233 | Close=1251.30 vs VAL=1251.00
2026-02-05 10:48:22,027 [INFO]     NSE:360ONE-EQ | CVD=3642 vs Ref=-15821 | Close=1143.00 vs VAL=1138.50
2026-02-05 10:48:22,224 [INFO]     NSE:SONACOMS-EQ | CVD=17795 vs Ref=-62639 | Close=526.00 vs VAL=523.25
2026-02-05 10:48:22,419 [INFO]     NSE:ABCAPITAL-EQ | CVD=41679 vs Ref=-299790 | Close=337.25 vs VAL=335.00
2026-02-05 10:48:22,606 [INFO]     NSE:LTF-EQ | CVD=-348649 vs Ref=-448884 | Close=280.25 vs VAL=278.70
2026-02-05 10:49:22,608 [INFO] 🔍 Scanning for alerts on 12 symbols (5min)...
2026-02-05 10:49:22,792 [INFO]     NSE:LT-EQ | CVD=-59162 vs Ref=-83058 | Close=4053.00 vs VAL=4038.55
2026-02-05 10:49:22,984 [INFO]     NSE:HAL-EQ | CVD=-755063 vs Ref=-906192 | Close=3976.10 vs VAL=3948.00
2026-02-05 10:49:23,176 [INFO]     NSE:BSE-EQ | CVD=-249592 vs Ref=-314646 | Close=2848.40 vs VAL=2847.60
2026-02-05 10:49:23,372 [INFO]     NSE:ANGELONE-EQ | CVD=-80022 vs Ref=-91451 | Close=2644.10 vs VAL=2628.90
2026-02-05 10:49:23,589 [INFO]     NSE:ADANIENT-EQ | CVD=-29233 vs Ref=-58526 | Close=2222.10 vs VAL=2211.70
2026-02-05 10:49:23,785 [INFO]     NSE:BHARTIARTL-EQ | CVD=103241 vs Ref=-581026 | Close=2009.30 vs VAL=2004.30
2026-02-05 10:49:23,984 [INFO]     NSE:GODREJPROP-EQ | CVD=-22738 vs Ref=-32589 | Close=1678.70 vs VAL=1678.95
2026-02-05 10:49:24,171 [INFO]     NSE:BDL-EQ | CVD=-321533 vs Ref=-330233 | Close=1251.30 vs VAL=1251.00
2026-02-05 10:49:24,372 [INFO]     NSE:360ONE-EQ | CVD=3642 vs Ref=-15821 | Close=1143.00 vs VAL=1138.50
2026-02-05 10:49:24,567 [INFO]     NSE:SONACOMS-EQ | CVD=17795 vs Ref=-62639 | Close=526.00 vs VAL=523.25
2026-02-05 10:49:24,760 [INFO]     NSE:ABCAPITAL-EQ | CVD=41679 vs Ref=-299790 | Close=337.25 vs VAL=335.00
2026-02-05 10:49:24,956 [INFO]     NSE:LTF-EQ | CVD=-348649 vs Ref=-448884 | Close=280.25 vs VAL=278.70
2026-02-05 10:50:24,957 [INFO] 🔍 Scanning for alerts on 12 symbols (5min)...
2026-02-05 10:50:25,155 [INFO]     NSE:LT-EQ | CVD=-59162 vs Ref=-83058 | Close=4053.00 vs VAL=4038.55
2026-02-05 10:50:25,336 [INFO]     NSE:HAL-EQ | CVD=-755063 vs Ref=-906192 | Close=3976.10 vs VAL=3948.00
2026-02-05 10:50:25,536 [INFO]     NSE:BSE-EQ | CVD=-249592 vs Ref=-314646 | Close=2848.40 vs VAL=2847.60
2026-02-05 10:50:25,723 [INFO]     NSE:ANGELONE-EQ | CVD=-80022 vs Ref=-91451 | Close=2644.10 vs VAL=2628.90
2026-02-05 10:50:25,900 [INFO]     NSE:ADANIENT-EQ | CVD=-29233 vs Ref=-58526 | Close=2222.10 vs VAL=2211.70
2026-02-05 10:50:26,106 [INFO]     NSE:BHARTIARTL-EQ | CVD=103241 vs Ref=-581026 | Close=2009.30 vs VAL=2004.30
2026-02-05 10:50:26,300 [INFO]     NSE:GODREJPROP-EQ | CVD=-22738 vs Ref=-32589 | Close=1678.70 vs VAL=1678.95
2026-02-05 10:50:26,486 [INFO]     NSE:BDL-EQ | CVD=-321533 vs Ref=-330233 | Close=1251.30 vs VAL=1251.00
2026-02-05 10:50:26,792 [INFO]     NSE:360ONE-EQ | CVD=3642 vs Ref=-15821 | Close=1143.00 vs VAL=1138.50
2026-02-05 10:50:26,988 [INFO]     NSE:SONACOMS-EQ | CVD=17795 vs Ref=-62639 | Close=526.00 vs VAL=523.25
2026-02-05 10:50:27,198 [INFO]     NSE:ABCAPITAL-EQ | CVD=41679 vs Ref=-299790 | Close=337.25 vs VAL=335.00
2026-02-05 10:50:27,381 [INFO]     NSE:LTF-EQ | CVD=-348649 vs Ref=-448884 | Close=280.25 vs VAL=278.70
2026-02-05 10:51:27,383 [INFO] 🔍 Scanning for alerts on 12 symbols (5min)...
2026-02-05 10:51:27,599 [INFO]     NSE:LT-EQ | CVD=-63574 vs Ref=-83058 | Close=4051.80 vs VAL=4038.55
2026-02-05 10:51:27,812 [INFO]     NSE:HAL-EQ | CVD=-729032 vs Ref=-906192 | Close=3989.80 vs VAL=3948.00
2026-02-05 10:51:28,130 [INFO]     NSE:BSE-EQ | CVD=-228342 vs Ref=-314646 | Close=2858.90 vs VAL=2847.60
2026-02-05 10:51:28,424 [INFO]     NSE:ANGELONE-EQ | CVD=-78794 vs Ref=-91451 | Close=2645.60 vs VAL=2628.90
2026-02-05 10:51:28,723 [INFO]     NSE:ADANIENT-EQ | CVD=-31508 vs Ref=-58526 | Close=2219.30 vs VAL=2211.70
2026-02-05 10:51:29,007 [INFO]     NSE:BHARTIARTL-EQ | CVD=130705 vs Ref=-581026 | Close=2010.90 vs VAL=2004.30
2026-02-05 10:51:29,312 [INFO]     NSE:GODREJPROP-EQ | CVD=-27164 vs Ref=-32589 | Close=1678.50 vs VAL=1678.95
2026-02-05 10:51:29,523 [INFO]     NSE:BDL-EQ | CVD=-309359 vs Ref=-330233 | Close=1253.60 vs VAL=1251.00
2026-02-05 10:51:29,774 [INFO]     NSE:360ONE-EQ | CVD=287 vs Ref=-15821 | Close=1140.00 vs VAL=1138.50
2026-02-05 10:51:29,988 [INFO]     NSE:SONACOMS-EQ | CVD=17050 vs Ref=-62639 | Close=527.50 vs VAL=523.25
2026-02-05 10:51:30,200 [INFO]     NSE:ABCAPITAL-EQ | CVD=55110 vs Ref=-299790 | Close=337.35 vs VAL=335.00
2026-02-05 10:51:30,398 [INFO]     NSE:LTF-EQ | CVD=-392411 vs Ref=-448884 | Close=281.40 vs VAL=278.70
2026-02-05 10:52:30,400 [INFO] 🔍 Scanning for alerts on 12 symbols (5min)...
2026-02-05 10:52:30,657 [INFO]     NSE:LT-EQ | CVD=-63574 vs Ref=-83058 | Close=4051.80 vs VAL=4038.55
2026-02-05 10:52:30,855 [INFO]     NSE:HAL-EQ | CVD=-729032 vs Ref=-906192 | Close=3989.80 vs VAL=3948.00
2026-02-05 10:52:31,056 [INFO]     NSE:BSE-EQ | CVD=-228342 vs Ref=-314646 | Close=2858.90 vs VAL=2847.60
2026-02-05 10:52:31,264 [INFO]     NSE:ANGELONE-EQ | CVD=-78794 vs Ref=-91451 | Close=2645.60 vs VAL=2628.90
2026-02-05 10:52:31,448 [INFO]     NSE:ADANIENT-EQ | CVD=-31508 vs Ref=-58526 | Close=2219.30 vs VAL=2211.70
2026-02-05 10:52:31,654 [INFO]     NSE:BHARTIARTL-EQ | CVD=130705 vs Ref=-581026 | Close=2010.90 vs VAL=2004.30
2026-02-05 10:52:31,859 [INFO]     NSE:GODREJPROP-EQ | CVD=-27164 vs Ref=-32589 | Close=1678.50 vs VAL=1678.95
2026-02-05 10:52:32,052 [INFO]     NSE:BDL-EQ | CVD=-309359 vs Ref=-330233 | Close=1253.60 vs VAL=1251.00
2026-02-05 10:52:32,262 [INFO]     NSE:360ONE-EQ | CVD=287 vs Ref=-15821 | Close=1140.00 vs VAL=1138.50
2026-02-05 10:52:32,463 [INFO]     NSE:SONACOMS-EQ | CVD=17050 vs Ref=-62639 | Close=527.50 vs VAL=523.25
2026-02-05 10:52:32,669 [INFO]     NSE:ABCAPITAL-EQ | CVD=55110 vs Ref=-299790 | Close=337.35 vs VAL=335.00
2026-02-05 10:52:32,874 [INFO]     NSE:LTF-EQ | CVD=-392411 vs Ref=-448884 | Close=281.40 vs VAL=278.70
2026-02-05 10:53:32,876 [INFO] 🔍 Scanning for alerts on 12 symbols (5min)...
2026-02-05 10:53:33,076 [INFO]     NSE:LT-EQ | CVD=-63574 vs Ref=-83058 | Close=4051.80 vs VAL=4038.55
2026-02-05 10:53:33,265 [INFO]     NSE:HAL-EQ | CVD=-729032 vs Ref=-906192 | Close=3989.80 vs VAL=3948.00
2026-02-05 10:53:33,457 [INFO]     NSE:BSE-EQ | CVD=-228342 vs Ref=-314646 | Close=2858.90 vs VAL=2847.60
2026-02-05 10:53:33,652 [INFO]     NSE:ANGELONE-EQ | CVD=-78794 vs Ref=-91451 | Close=2645.60 vs VAL=2628.90
2026-02-05 10:53:33,826 [INFO]     NSE:ADANIENT-EQ | CVD=-31508 vs Ref=-58526 | Close=2219.30 vs VAL=2211.70
2026-02-05 10:53:34,014 [INFO]     NSE:BHARTIARTL-EQ | CVD=130705 vs Ref=-581026 | Close=2010.90 vs VAL=2004.30
2026-02-05 10:53:34,207 [INFO]     NSE:GODREJPROP-EQ | CVD=-27164 vs Ref=-32589 | Close=1678.50 vs VAL=1678.95
2026-02-05 10:53:34,391 [INFO]     NSE:BDL-EQ | CVD=-309359 vs Ref=-330233 | Close=1253.60 vs VAL=1251.00
2026-02-05 10:53:34,589 [INFO]     NSE:360ONE-EQ | CVD=287 vs Ref=-15821 | Close=1140.00 vs VAL=1138.50
2026-02-05 10:53:34,776 [INFO]     NSE:SONACOMS-EQ | CVD=17050 vs Ref=-62639 | Close=527.50 vs VAL=523.25
2026-02-05 10:53:34,953 [INFO]     NSE:ABCAPITAL-EQ | CVD=55110 vs Ref=-299790 | Close=337.35 vs VAL=335.00
2026-02-05 10:53:35,133 [INFO]     NSE:LTF-EQ | CVD=-392411 vs Ref=-448884 | Close=281.40 vs VAL=278.70
2026-02-05 10:54:35,134 [INFO] 🔍 Scanning for alerts on 12 symbols (5min)...
2026-02-05 10:54:35,333 [INFO]     NSE:LT-EQ | CVD=-63574 vs Ref=-83058 | Close=4051.80 vs VAL=4038.55
2026-02-05 10:54:35,517 [INFO]     NSE:HAL-EQ | CVD=-729032 vs Ref=-906192 | Close=3989.80 vs VAL=3948.00
2026-02-05 10:54:35,718 [INFO]     NSE:BSE-EQ | CVD=-228342 vs Ref=-314646 | Close=2858.90 vs VAL=2847.60
2026-02-05 10:54:35,906 [INFO]     NSE:ANGELONE-EQ | CVD=-78794 vs Ref=-91451 | Close=2645.60 vs VAL=2628.90
2026-02-05 10:54:36,098 [INFO]     NSE:ADANIENT-EQ | CVD=-31508 vs Ref=-58526 | Close=2219.30 vs VAL=2211.70
2026-02-05 10:54:36,282 [INFO]     NSE:BHARTIARTL-EQ | CVD=130705 vs Ref=-581026 | Close=2010.90 vs VAL=2004.30
2026-02-05 10:54:36,483 [INFO]     NSE:GODREJPROP-EQ | CVD=-27164 vs Ref=-32589 | Close=1678.50 vs VAL=1678.95
2026-02-05 10:54:36,668 [INFO]     NSE:BDL-EQ | CVD=-309359 vs Ref=-330233 | Close=1253.60 vs VAL=1251.00
2026-02-05 10:54:36,864 [INFO]     NSE:360ONE-EQ | CVD=287 vs Ref=-15821 | Close=1140.00 vs VAL=1138.50
2026-02-05 10:54:37,053 [INFO]     NSE:SONACOMS-EQ | CVD=17050 vs Ref=-62639 | Close=527.50 vs VAL=523.25
2026-02-05 10:54:37,237 [INFO]     NSE:ABCAPITAL-EQ | CVD=55110 vs Ref=-299790 | Close=337.35 vs VAL=335.00
2026-02-05 10:54:37,435 [INFO]     NSE:LTF-EQ | CVD=-392411 vs Ref=-448884 | Close=281.40 vs VAL=278.70
2026-02-05 10:55:37,436 [INFO] 🔍 Scanning for alerts on 12 symbols (5min)...
2026-02-05 10:55:37,669 [INFO]     NSE:LT-EQ | CVD=-63574 vs Ref=-83058 | Close=4051.80 vs VAL=4038.55
2026-02-05 10:55:37,852 [INFO]     NSE:HAL-EQ | CVD=-729032 vs Ref=-906192 | Close=3989.80 vs VAL=3948.00
2026-02-05 10:55:38,033 [INFO]     NSE:BSE-EQ | CVD=-228342 vs Ref=-314646 | Close=2858.90 vs VAL=2847.60
2026-02-05 10:55:38,216 [INFO]     NSE:ANGELONE-EQ | CVD=-78794 vs Ref=-91451 | Close=2645.60 vs VAL=2628.90
2026-02-05 10:55:38,401 [INFO]     NSE:ADANIENT-EQ | CVD=-31508 vs Ref=-58526 | Close=2219.30 vs VAL=2211.70
2026-02-05 10:55:38,593 [INFO]     NSE:BHARTIARTL-EQ | CVD=130705 vs Ref=-581026 | Close=2010.90 vs VAL=2004.30
2026-02-05 10:55:38,784 [INFO]     NSE:GODREJPROP-EQ | CVD=-27164 vs Ref=-32589 | Close=1678.50 vs VAL=1678.95
2026-02-05 10:55:40,511 [INFO]     NSE:BDL-EQ | CVD=-309359 vs Ref=-330233 | Close=1253.60 vs VAL=1251.00
2026-02-05 10:55:40,701 [INFO]     NSE:360ONE-EQ | CVD=287 vs Ref=-15821 | Close=1140.00 vs VAL=1138.50
2026-02-05 10:55:40,884 [INFO]     NSE:SONACOMS-EQ | CVD=17050 vs Ref=-62639 | Close=527.50 vs VAL=523.25
2026-02-05 10:55:41,079 [INFO]     NSE:ABCAPITAL-EQ | CVD=55110 vs Ref=-299790 | Close=337.35 vs VAL=335.00
2026-02-05 10:55:41,264 [INFO]     NSE:LTF-EQ | CVD=-392411 vs Ref=-448884 | Close=281.40 vs VAL=278.70
2026-02-05 10:56:41,266 [INFO] 🔍 Scanning for alerts on 12 symbols (5min)...
2026-02-05 10:56:41,456 [INFO]     NSE:LT-EQ | CVD=-63535 vs Ref=-83058 | Close=4051.80 vs VAL=4038.55
2026-02-05 10:56:41,635 [INFO]     NSE:HAL-EQ | CVD=-712072 vs Ref=-906192 | Close=3997.50 vs VAL=3948.00
2026-02-05 10:56:41,828 [INFO]     NSE:BSE-EQ | CVD=-223596 vs Ref=-314646 | Close=2853.50 vs VAL=2847.60
2026-02-05 10:56:42,024 [INFO]     NSE:ANGELONE-EQ | CVD=-82988 vs Ref=-91451 | Close=2637.80 vs VAL=2628.90
2026-02-05 10:56:42,200 [INFO]     NSE:ADANIENT-EQ | CVD=-38409 vs Ref=-58526 | Close=2217.20 vs VAL=2211.70
2026-02-05 10:56:42,386 [INFO]     NSE:BHARTIARTL-EQ | CVD=174029 vs Ref=-581026 | Close=2014.40 vs VAL=2004.30
2026-02-05 10:56:42,585 [INFO]     NSE:GODREJPROP-EQ | CVD=-26984 vs Ref=-32589 | Close=1677.20 vs VAL=1678.95
2026-02-05 10:56:42,771 [INFO]     NSE:BDL-EQ | CVD=-312755 vs Ref=-330233 | Close=1254.60 vs VAL=1251.00
2026-02-05 10:56:42,958 [INFO]     NSE:360ONE-EQ | CVD=-19049 vs Ref=-15821 | Close=1142.00 vs VAL=1138.50
2026-02-05 10:56:43,145 [INFO]     NSE:SONACOMS-EQ | CVD=14708 vs Ref=-62639 | Close=527.30 vs VAL=523.25
2026-02-05 10:56:43,329 [INFO]     NSE:ABCAPITAL-EQ | CVD=28296 vs Ref=-299790 | Close=337.50 vs VAL=335.00
2026-02-05 10:56:43,522 [INFO]     NSE:LTF-EQ | CVD=-394959 vs Ref=-448884 | Close=280.90 vs VAL=278.70
2026-02-05 10:57:43,524 [INFO] 🔍 Scanning for alerts on 12 symbols (5min)...
2026-02-05 10:57:43,721 [INFO]     NSE:LT-EQ | CVD=-63535 vs Ref=-83058 | Close=4051.80 vs VAL=4038.55
2026-02-05 10:57:43,900 [INFO]     NSE:HAL-EQ | CVD=-712072 vs Ref=-906192 | Close=3997.50 vs VAL=3948.00
2026-02-05 10:57:44,110 [INFO]     NSE:BSE-EQ | CVD=-223596 vs Ref=-314646 | Close=2853.50 vs VAL=2847.60
2026-02-05 10:57:44,285 [INFO]     NSE:ANGELONE-EQ | CVD=-82988 vs Ref=-91451 | Close=2637.80 vs VAL=2628.90
2026-02-05 10:57:44,491 [INFO]     NSE:ADANIENT-EQ | CVD=-38409 vs Ref=-58526 | Close=2217.20 vs VAL=2211.70
2026-02-05 10:57:44,680 [INFO]     NSE:BHARTIARTL-EQ | CVD=174029 vs Ref=-581026 | Close=2014.40 vs VAL=2004.30
2026-02-05 10:57:44,868 [INFO]     NSE:GODREJPROP-EQ | CVD=-26984 vs Ref=-32589 | Close=1677.20 vs VAL=1678.95
2026-02-05 10:57:45,074 [INFO]     NSE:BDL-EQ | CVD=-312755 vs Ref=-330233 | Close=1254.60 vs VAL=1251.00
2026-02-05 10:57:45,263 [INFO]     NSE:360ONE-EQ | CVD=-19049 vs Ref=-15821 | Close=1142.00 vs VAL=1138.50
2026-02-05 10:57:45,463 [INFO]     NSE:SONACOMS-EQ | CVD=14708 vs Ref=-62639 | Close=527.30 vs VAL=523.25
2026-02-05 10:57:45,647 [INFO]     NSE:ABCAPITAL-EQ | CVD=28296 vs Ref=-299790 | Close=337.50 vs VAL=335.00
2026-02-05 10:57:45,843 [INFO]     NSE:LTF-EQ | CVD=-394959 vs Ref=-448884 | Close=280.90 vs VAL=278.70
2026-02-05 10:58:45,844 [INFO] 🔍 Scanning for alerts on 12 symbols (5min)...
2026-02-05 10:58:46,026 [INFO]     NSE:LT-EQ | CVD=-63535 vs Ref=-83058 | Close=4051.80 vs VAL=4038.55
2026-02-05 10:58:46,205 [INFO]     NSE:HAL-EQ | CVD=-712072 vs Ref=-906192 | Close=3997.50 vs VAL=3948.00
2026-02-05 10:58:46,411 [INFO]     NSE:BSE-EQ | CVD=-223596 vs Ref=-314646 | Close=2853.50 vs VAL=2847.60
2026-02-05 10:58:46,596 [INFO]     NSE:ANGELONE-EQ | CVD=-82988 vs Ref=-91451 | Close=2637.80 vs VAL=2628.90
2026-02-05 10:58:46,781 [INFO]     NSE:ADANIENT-EQ | CVD=-38409 vs Ref=-58526 | Close=2217.20 vs VAL=2211.70
2026-02-05 10:58:46,961 [INFO]     NSE:BHARTIARTL-EQ | CVD=174029 vs Ref=-581026 | Close=2014.40 vs VAL=2004.30
2026-02-05 10:58:47,148 [INFO]     NSE:GODREJPROP-EQ | CVD=-26984 vs Ref=-32589 | Close=1677.20 vs VAL=1678.95
2026-02-05 10:58:47,324 [INFO]     NSE:BDL-EQ | CVD=-312755 vs Ref=-330233 | Close=1254.60 vs VAL=1251.00
2026-02-05 10:58:47,539 [INFO]     NSE:360ONE-EQ | CVD=-19049 vs Ref=-15821 | Close=1142.00 vs VAL=1138.50
2026-02-05 10:58:47,729 [INFO]     NSE:SONACOMS-EQ | CVD=14708 vs Ref=-62639 | Close=527.30 vs VAL=523.25
2026-02-05 10:58:47,911 [INFO]     NSE:ABCAPITAL-EQ | CVD=28296 vs Ref=-299790 | Close=337.50 vs VAL=335.00
2026-02-05 10:58:48,104 [INFO]     NSE:LTF-EQ | CVD=-394959 vs Ref=-448884 | Close=280.90 vs VAL=278.70
2026-02-05 10:59:48,106 [INFO] 🔍 Scanning for alerts on 12 symbols (5min)...
2026-02-05 10:59:48,306 [INFO]     NSE:LT-EQ | CVD=-63535 vs Ref=-83058 | Close=4051.80 vs VAL=4038.55
2026-02-05 10:59:48,490 [INFO]     NSE:HAL-EQ | CVD=-712072 vs Ref=-906192 | Close=3997.50 vs VAL=3948.00
2026-02-05 10:59:48,680 [INFO]     NSE:BSE-EQ | CVD=-223596 vs Ref=-314646 | Close=2853.50 vs VAL=2847.60
2026-02-05 10:59:48,881 [INFO]     NSE:ANGELONE-EQ | CVD=-82988 vs Ref=-91451 | Close=2637.80 vs VAL=2628.90
2026-02-05 10:59:49,069 [INFO]     NSE:ADANIENT-EQ | CVD=-38409 vs Ref=-58526 | Close=2217.20 vs VAL=2211.70
2026-02-05 10:59:49,263 [INFO]     NSE:BHARTIARTL-EQ | CVD=174029 vs Ref=-581026 | Close=2014.40 vs VAL=2004.30
2026-02-05 10:59:49,465 [INFO]     NSE:GODREJPROP-EQ | CVD=-26984 vs Ref=-32589 | Close=1677.20 vs VAL=1678.95
2026-02-05 10:59:49,652 [INFO]     NSE:BDL-EQ | CVD=-312755 vs Ref=-330233 | Close=1254.60 vs VAL=1251.00
2026-02-05 10:59:49,857 [INFO]     NSE:360ONE-EQ | CVD=-19049 vs Ref=-15821 | Close=1142.00 vs VAL=1138.50
2026-02-05 10:59:50,032 [INFO]     NSE:SONACOMS-EQ | CVD=14708 vs Ref=-62639 | Close=527.30 vs VAL=523.25
2026-02-05 10:59:50,213 [INFO]     NSE:ABCAPITAL-EQ | CVD=28296 vs Ref=-299790 | Close=337.50 vs VAL=335.00
2026-02-05 10:59:50,433 [INFO]     NSE:LTF-EQ | CVD=-394959 vs Ref=-448884 | Close=280.90 vs VAL=278.70
2026-02-05 11:00:50,434 [INFO] 🔍 Scanning for alerts on 12 symbols (5min)...
2026-02-05 11:00:50,641 [INFO]     NSE:LT-EQ | CVD=-63535 vs Ref=-83058 | Close=4051.80 vs VAL=4038.55
2026-02-05 11:00:50,846 [INFO]     NSE:HAL-EQ | CVD=-712072 vs Ref=-906192 | Close=3997.50 vs VAL=3948.00
2026-02-05 11:00:51,088 [INFO]     NSE:BSE-EQ | CVD=-223596 vs Ref=-314646 | Close=2853.50 vs VAL=2847.60
2026-02-05 11:00:51,338 [INFO]     NSE:ANGELONE-EQ | CVD=-82988 vs Ref=-91451 | Close=2637.80 vs VAL=2628.90
2026-02-05 11:00:51,652 [INFO]     NSE:ADANIENT-EQ | CVD=-38409 vs Ref=-58526 | Close=2217.20 vs VAL=2211.70
2026-02-05 11:00:51,974 [INFO]     NSE:BHARTIARTL-EQ | CVD=174029 vs Ref=-581026 | Close=2014.40 vs VAL=2004.30
2026-02-05 11:00:52,262 [INFO]     NSE:GODREJPROP-EQ | CVD=-26984 vs Ref=-32589 | Close=1677.20 vs VAL=1678.95
2026-02-05 11:00:52,526 [INFO]     NSE:BDL-EQ | CVD=-312755 vs Ref=-330233 | Close=1254.60 vs VAL=1251.00
2026-02-05 11:00:52,763 [INFO]     NSE:360ONE-EQ | CVD=-19049 vs Ref=-15821 | Close=1142.00 vs VAL=1138.50
2026-02-05 11:00:52,977 [INFO]     NSE:SONACOMS-EQ | CVD=14708 vs Ref=-62639 | Close=527.30 vs VAL=523.25
2026-02-05 11:00:53,256 [INFO]     NSE:ABCAPITAL-EQ | CVD=28296 vs Ref=-299790 | Close=337.50 vs VAL=335.00
2026-02-05 11:00:53,519 [INFO]     NSE:LTF-EQ | CVD=-394959 vs Ref=-448884 | Close=280.90 vs VAL=278.70
2026-02-05 11:01:53,521 [INFO] 🔍 Scanning for alerts on 12 symbols (5min)...
2026-02-05 11:01:53,711 [INFO]     NSE:LT-EQ | CVD=-57701 vs Ref=-83058 | Close=4051.50 vs VAL=4038.55
2026-02-05 11:01:53,908 [INFO]     NSE:HAL-EQ | CVD=-633085 vs Ref=-906192 | Close=4015.30 vs VAL=3948.00
2026-02-05 11:01:54,109 [INFO]     NSE:BSE-EQ | CVD=-213091 vs Ref=-314646 | Close=2855.40 vs VAL=2847.60
2026-02-05 11:01:54,313 [INFO]     NSE:ANGELONE-EQ | CVD=-88265 vs Ref=-91451 | Close=2633.00 vs VAL=2628.90
2026-02-05 11:01:54,525 [INFO]     NSE:ADANIENT-EQ | CVD=-41270 vs Ref=-58526 | Close=2217.00 vs VAL=2211.70
2026-02-05 11:01:54,731 [INFO]     NSE:BHARTIARTL-EQ | CVD=232349 vs Ref=-581026 | Close=2015.90 vs VAL=2004.30
2026-02-05 11:01:54,940 [INFO]     NSE:GODREJPROP-EQ | CVD=-31878 vs Ref=-32589 | Close=1674.10 vs VAL=1678.95
2026-02-05 11:01:55,133 [INFO]     NSE:BDL-EQ | CVD=-305941 vs Ref=-330233 | Close=1257.00 vs VAL=1251.00
2026-02-05 11:01:55,346 [INFO]     NSE:360ONE-EQ | CVD=-20790 vs Ref=-15821 | Close=1139.10 vs VAL=1138.50
2026-02-05 11:01:55,534 [INFO]     NSE:SONACOMS-EQ | CVD=18055 vs Ref=-62639 | Close=527.20 vs VAL=523.25
2026-02-05 11:01:55,726 [INFO]     NSE:ABCAPITAL-EQ | CVD=16612 vs Ref=-299790 | Close=337.70 vs VAL=335.00
2026-02-05 11:01:55,922 [INFO]     NSE:LTF-EQ | CVD=-394353 vs Ref=-448884 | Close=280.80 vs VAL=278.70
2026-02-05 11:02:55,923 [INFO] 🔍 Scanning for alerts on 12 symbols (5min)...
2026-02-05 11:02:56,120 [INFO]     NSE:LT-EQ | CVD=-57701 vs Ref=-83058 | Close=4051.50 vs VAL=4038.55
2026-02-05 11:02:56,308 [INFO]     NSE:HAL-EQ | CVD=-633085 vs Ref=-906192 | Close=4015.30 vs VAL=3948.00
2026-02-05 11:02:56,504 [INFO]     NSE:BSE-EQ | CVD=-213091 vs Ref=-314646 | Close=2855.40 vs VAL=2847.60
2026-02-05 11:02:56,706 [INFO]     NSE:ANGELONE-EQ | CVD=-88265 vs Ref=-91451 | Close=2633.00 vs VAL=2628.90
2026-02-05 11:02:56,893 [INFO]     NSE:ADANIENT-EQ | CVD=-41270 vs Ref=-58526 | Close=2217.00 vs VAL=2211.70
2026-02-05 11:02:57,089 [INFO]     NSE:BHARTIARTL-EQ | CVD=232349 vs Ref=-581026 | Close=2015.90 vs VAL=2004.30
2026-02-05 11:02:57,286 [INFO]     NSE:GODREJPROP-EQ | CVD=-31878 vs Ref=-32589 | Close=1674.10 vs VAL=1678.95
2026-02-05 11:02:57,481 [INFO]     NSE:BDL-EQ | CVD=-305941 vs Ref=-330233 | Close=1257.00 vs VAL=1251.00
2026-02-05 11:02:57,681 [INFO]     NSE:360ONE-EQ | CVD=-20790 vs Ref=-15821 | Close=1139.10 vs VAL=1138.50
2026-02-05 11:02:57,874 [INFO]     NSE:SONACOMS-EQ | CVD=18055 vs Ref=-62639 | Close=527.20 vs VAL=523.25
2026-02-05 11:02:58,057 [INFO]     NSE:ABCAPITAL-EQ | CVD=16612 vs Ref=-299790 | Close=337.70 vs VAL=335.00
2026-02-05 11:02:58,256 [INFO]     NSE:LTF-EQ | CVD=-394353 vs Ref=-448884 | Close=280.80 vs VAL=278.70
2026-02-05 11:03:58,258 [INFO] 🔍 Scanning for alerts on 12 symbols (5min)...
2026-02-05 11:03:58,487 [INFO]     NSE:LT-EQ | CVD=-57701 vs Ref=-83058 | Close=4051.50 vs VAL=4038.55
2026-02-05 11:03:58,742 [INFO]     NSE:HAL-EQ | CVD=-633085 vs Ref=-906192 | Close=4015.30 vs VAL=3948.00
2026-02-05 11:03:58,937 [INFO]     NSE:BSE-EQ | CVD=-213091 vs Ref=-314646 | Close=2855.40 vs VAL=2847.60
2026-02-05 11:03:59,148 [INFO]     NSE:ANGELONE-EQ | CVD=-88265 vs Ref=-91451 | Close=2633.00 vs VAL=2628.90
2026-02-05 11:03:59,348 [INFO]     NSE:ADANIENT-EQ | CVD=-41270 vs Ref=-58526 | Close=2217.00 vs VAL=2211.70
2026-02-05 11:03:59,546 [INFO]     NSE:BHARTIARTL-EQ | CVD=232349 vs Ref=-581026 | Close=2015.90 vs VAL=2004.30
2026-02-05 11:03:59,740 [INFO]     NSE:GODREJPROP-EQ | CVD=-31878 vs Ref=-32589 | Close=1674.10 vs VAL=1678.95
2026-02-05 11:03:59,935 [INFO]     NSE:BDL-EQ | CVD=-305941 vs Ref=-330233 | Close=1257.00 vs VAL=1251.00
2026-02-05 11:04:00,135 [INFO]     NSE:360ONE-EQ | CVD=-20790 vs Ref=-15821 | Close=1139.10 vs VAL=1138.50
2026-02-05 11:04:00,328 [INFO]     NSE:SONACOMS-EQ | CVD=18055 vs Ref=-62639 | Close=527.20 vs VAL=523.25
2026-02-05 11:04:00,526 [INFO]     NSE:ABCAPITAL-EQ | CVD=16612 vs Ref=-299790 | Close=337.70 vs VAL=335.00
2026-02-05 11:04:00,722 [INFO]     NSE:LTF-EQ | CVD=-394353 vs Ref=-448884 | Close=280.80 vs VAL=278.70
2026-02-05 11:05:00,723 [INFO] 🔍 Scanning for alerts on 12 symbols (5min)...
2026-02-05 11:05:00,916 [INFO]     NSE:LT-EQ | CVD=-57701 vs Ref=-83058 | Close=4051.50 vs VAL=4038.55
2026-02-05 11:05:01,127 [INFO]     NSE:HAL-EQ | CVD=-633085 vs Ref=-906192 | Close=4015.30 vs VAL=3948.00
2026-02-05 11:05:01,317 [INFO]     NSE:BSE-EQ | CVD=-213091 vs Ref=-314646 | Close=2855.40 vs VAL=2847.60
2026-02-05 11:05:01,502 [INFO]     NSE:ANGELONE-EQ | CVD=-88265 vs Ref=-91451 | Close=2633.00 vs VAL=2628.90
2026-02-05 11:05:01,689 [INFO]     NSE:ADANIENT-EQ | CVD=-41270 vs Ref=-58526 | Close=2217.00 vs VAL=2211.70
2026-02-05 11:05:01,882 [INFO]     NSE:BHARTIARTL-EQ | CVD=232349 vs Ref=-581026 | Close=2015.90 vs VAL=2004.30
2026-02-05 11:05:02,111 [INFO]     NSE:GODREJPROP-EQ | CVD=-31878 vs Ref=-32589 | Close=1674.10 vs VAL=1678.95
2026-02-05 11:05:02,302 [INFO]     NSE:BDL-EQ | CVD=-305941 vs Ref=-330233 | Close=1257.00 vs VAL=1251.00
2026-02-05 11:05:02,730 [INFO]     NSE:360ONE-EQ | CVD=-20790 vs Ref=-15821 | Close=1139.10 vs VAL=1138.50
2026-02-05 11:05:03,290 [INFO]     NSE:SONACOMS-EQ | CVD=18055 vs Ref=-62639 | Close=527.20 vs VAL=523.25
2026-02-05 11:05:03,581 [INFO]     NSE:ABCAPITAL-EQ | CVD=16612 vs Ref=-299790 | Close=337.70 vs VAL=335.00
2026-02-05 11:05:03,807 [INFO]     NSE:LTF-EQ | CVD=-394353 vs Ref=-448884 | Close=280.80 vs VAL=278.70
2026-02-05 11:06:03,809 [INFO] 🔍 Scanning for alerts on 12 symbols (5min)...
2026-02-05 11:06:04,114 [INFO]     NSE:LT-EQ | CVD=-60073 vs Ref=-83058 | Close=4053.30 vs VAL=4038.55
2026-02-05 11:06:04,321 [INFO]     NSE:HAL-EQ | CVD=-633085 vs Ref=-906192 | Close=4015.30 vs VAL=3948.00
2026-02-05 11:06:04,531 [INFO]     NSE:BSE-EQ | CVD=-213091 vs Ref=-314646 | Close=2855.40 vs VAL=2847.60
2026-02-05 11:06:04,734 [INFO]     NSE:ANGELONE-EQ | CVD=-88265 vs Ref=-91451 | Close=2633.00 vs VAL=2628.90
2026-02-05 11:06:04,914 [INFO]     NSE:ADANIENT-EQ | CVD=-41270 vs Ref=-58526 | Close=2217.00 vs VAL=2211.70
2026-02-05 11:06:05,119 [INFO]     NSE:BHARTIARTL-EQ | CVD=232349 vs Ref=-581026 | Close=2015.90 vs VAL=2004.30
2026-02-05 11:06:05,327 [INFO]     NSE:GODREJPROP-EQ | CVD=-29598 vs Ref=-32589 | Close=1675.00 vs VAL=1678.95
2026-02-05 11:06:05,523 [INFO]     NSE:BDL-EQ | CVD=-305941 vs Ref=-330233 | Close=1257.00 vs VAL=1251.00
2026-02-05 11:06:05,726 [INFO]     NSE:360ONE-EQ | CVD=-20790 vs Ref=-15821 | Close=1139.10 vs VAL=1138.50
2026-02-05 11:06:05,942 [INFO]     NSE:SONACOMS-EQ | CVD=18055 vs Ref=-62639 | Close=527.20 vs VAL=523.25
2026-02-05 11:06:06,134 [INFO]     NSE:ABCAPITAL-EQ | CVD=16612 vs Ref=-299790 | Close=337.70 vs VAL=335.00
2026-02-05 11:06:06,338 [INFO]     NSE:LTF-EQ | CVD=-430782 vs Ref=-448884 | Close=281.25 vs VAL=278.70
2026-02-05 11:07:06,339 [INFO] 🔍 Scanning for alerts on 12 symbols (5min)...
2026-02-05 11:07:06,559 [INFO]     NSE:LT-EQ | CVD=-60073 vs Ref=-83058 | Close=4053.30 vs VAL=4038.55
2026-02-05 11:07:06,749 [INFO]     NSE:HAL-EQ | CVD=-600394 vs Ref=-906192 | Close=4022.00 vs VAL=3948.00
2026-02-05 11:07:06,967 [INFO]     NSE:BSE-EQ | CVD=-216903 vs Ref=-314646 | Close=2855.00 vs VAL=2847.60
2026-02-05 11:07:07,169 [INFO]     NSE:ANGELONE-EQ | CVD=-87572 vs Ref=-91451 | Close=2634.60 vs VAL=2628.90
2026-02-05 11:07:07,374 [INFO]     NSE:ADANIENT-EQ | CVD=-35566 vs Ref=-58526 | Close=2222.10 vs VAL=2211.70
2026-02-05 11:07:07,582 [INFO]     NSE:BHARTIARTL-EQ | CVD=221722 vs Ref=-581026 | Close=2016.30 vs VAL=2004.30
2026-02-05 11:07:07,783 [INFO]     NSE:GODREJPROP-EQ | CVD=-29598 vs Ref=-32589 | Close=1675.00 vs VAL=1678.95
2026-02-05 11:07:07,981 [INFO]     NSE:BDL-EQ | CVD=-306609 vs Ref=-330233 | Close=1256.00 vs VAL=1251.00
2026-02-05 11:07:08,197 [INFO] 📡 Sending order request for NSE:360ONE-EQ to http://localhost:4000/postOrder...
2026-02-05 11:07:08,221 [INFO] 📩 Server Response: 200 - {"message":"Order execution triggered","status":"success","receivedData":{"ticker":"NSE:360ONE-EQ","action":"SELL","close":1134.2}}
2026-02-05 11:07:08,258 [INFO]     NSE:360ONE-EQ | CVD=-37750 vs Ref=-15821 | Close=1134.20 vs VAL=1138.50
2026-02-05 11:07:08,556 [INFO]     NSE:SONACOMS-EQ | CVD=25358 vs Ref=-62639 | Close=527.45 vs VAL=523.25
2026-02-05 11:07:08,781 [INFO]     NSE:ABCAPITAL-EQ | CVD=10377 vs Ref=-299790 | Close=338.00 vs VAL=335.00
2026-02-05 11:07:09,004 [INFO]     NSE:LTF-EQ | CVD=-430782 vs Ref=-448884 | Close=281.25 vs VAL=278.70
2026-02-05 11:08:09,006 [INFO] 🔍 Scanning for alerts on 11 symbols (5min)...
2026-02-05 11:08:09,188 [INFO]     NSE:LT-EQ | CVD=-60073 vs Ref=-83058 | Close=4053.30 vs VAL=4038.55
2026-02-05 11:08:09,459 [INFO]     NSE:HAL-EQ | CVD=-600394 vs Ref=-906192 | Close=4022.00 vs VAL=3948.00
2026-02-05 11:08:09,688 [INFO]     NSE:BSE-EQ | CVD=-216903 vs Ref=-314646 | Close=2855.00 vs VAL=2847.60
2026-02-05 11:08:09,893 [INFO]     NSE:ANGELONE-EQ | CVD=-87572 vs Ref=-91451 | Close=2634.60 vs VAL=2628.90
2026-02-05 11:08:10,092 [INFO]     NSE:ADANIENT-EQ | CVD=-35566 vs Ref=-58526 | Close=2222.10 vs VAL=2211.70
2026-02-05 11:08:10,293 [INFO]     NSE:BHARTIARTL-EQ | CVD=221722 vs Ref=-581026 | Close=2016.30 vs VAL=2004.30
2026-02-05 11:08:10,500 [INFO]     NSE:GODREJPROP-EQ | CVD=-29598 vs Ref=-32589 | Close=1675.00 vs VAL=1678.95
2026-02-05 11:08:10,701 [INFO]     NSE:BDL-EQ | CVD=-306609 vs Ref=-330233 | Close=1256.00 vs VAL=1251.00
2026-02-05 11:08:10,917 [INFO]     NSE:SONACOMS-EQ | CVD=25358 vs Ref=-62639 | Close=527.45 vs VAL=523.25
2026-02-05 11:08:11,112 [INFO]     NSE:ABCAPITAL-EQ | CVD=10377 vs Ref=-299790 | Close=338.00 vs VAL=335.00
2026-02-05 11:08:11,303 [INFO]     NSE:LTF-EQ | CVD=-430782 vs Ref=-448884 | Close=281.25 vs VAL=278.70
2026-02-05 11:09:11,304 [INFO] 🔍 Scanning for alerts on 11 symbols (5min)...
2026-02-05 11:09:11,509 [INFO]     NSE:LT-EQ | CVD=-60073 vs Ref=-83058 | Close=4053.30 vs VAL=4038.55
2026-02-05 11:09:11,755 [INFO]     NSE:HAL-EQ | CVD=-600394 vs Ref=-906192 | Close=4022.00 vs VAL=3948.00
2026-02-05 11:09:11,955 [INFO]     NSE:BSE-EQ | CVD=-216903 vs Ref=-314646 | Close=2855.00 vs VAL=2847.60
2026-02-05 11:09:12,161 [INFO]     NSE:ANGELONE-EQ | CVD=-87572 vs Ref=-91451 | Close=2634.60 vs VAL=2628.90
2026-02-05 11:09:12,575 [INFO]     NSE:ADANIENT-EQ | CVD=-35566 vs Ref=-58526 | Close=2222.10 vs VAL=2211.70
2026-02-05 11:09:12,759 [INFO]     NSE:BHARTIARTL-EQ | CVD=221722 vs Ref=-581026 | Close=2016.30 vs VAL=2004.30
2026-02-05 11:09:12,961 [INFO]     NSE:GODREJPROP-EQ | CVD=-29598 vs Ref=-32589 | Close=1675.00 vs VAL=1678.95
2026-02-05 11:09:13,155 [INFO]     NSE:BDL-EQ | CVD=-306609 vs Ref=-330233 | Close=1256.00 vs VAL=1251.00
2026-02-05 11:09:13,363 [INFO]     NSE:SONACOMS-EQ | CVD=25358 vs Ref=-62639 | Close=527.45 vs VAL=523.25
2026-02-05 11:09:13,579 [INFO]     NSE:ABCAPITAL-EQ | CVD=10377 vs Ref=-299790 | Close=338.00 vs VAL=335.00
2026-02-05 11:09:13,775 [INFO]     NSE:LTF-EQ | CVD=-430782 vs Ref=-448884 | Close=281.25 vs VAL=278.70
2026-02-05 11:10:13,776 [INFO] 🔍 Scanning for alerts on 11 symbols (5min)...
2026-02-05 11:10:13,957 [INFO]     NSE:LT-EQ | CVD=-60073 vs Ref=-83058 | Close=4053.30 vs VAL=4038.55
2026-02-05 11:10:14,148 [INFO]     NSE:HAL-EQ | CVD=-600394 vs Ref=-906192 | Close=4022.00 vs VAL=3948.00
2026-02-05 11:10:14,338 [INFO]     NSE:BSE-EQ | CVD=-216903 vs Ref=-314646 | Close=2855.00 vs VAL=2847.60
2026-02-05 11:10:14,535 [INFO]     NSE:ANGELONE-EQ | CVD=-87572 vs Ref=-91451 | Close=2634.60 vs VAL=2628.90
2026-02-05 11:10:14,722 [INFO]     NSE:ADANIENT-EQ | CVD=-35566 vs Ref=-58526 | Close=2222.10 vs VAL=2211.70
2026-02-05 11:10:14,923 [INFO]     NSE:BHARTIARTL-EQ | CVD=221722 vs Ref=-581026 | Close=2016.30 vs VAL=2004.30
2026-02-05 11:10:15,120 [INFO]     NSE:GODREJPROP-EQ | CVD=-29598 vs Ref=-32589 | Close=1675.00 vs VAL=1678.95
2026-02-05 11:10:15,314 [INFO]     NSE:BDL-EQ | CVD=-306609 vs Ref=-330233 | Close=1256.00 vs VAL=1251.00
2026-02-05 11:10:15,518 [INFO]     NSE:SONACOMS-EQ | CVD=25358 vs Ref=-62639 | Close=527.45 vs VAL=523.25
2026-02-05 11:10:15,719 [INFO]     NSE:ABCAPITAL-EQ | CVD=10377 vs Ref=-299790 | Close=338.00 vs VAL=335.00
2026-02-05 11:10:15,920 [INFO]     NSE:LTF-EQ | CVD=-430782 vs Ref=-448884 | Close=281.25 vs VAL=278.70
2026-02-05 11:11:15,921 [INFO] 🔍 Scanning for alerts on 11 symbols (5min)...
2026-02-05 11:11:16,120 [INFO]     NSE:LT-EQ | CVD=-56010 vs Ref=-83058 | Close=4059.90 vs VAL=4038.55
2026-02-05 11:11:16,298 [INFO]     NSE:HAL-EQ | CVD=-625882 vs Ref=-906192 | Close=4029.70 vs VAL=3948.00
2026-02-05 11:11:16,524 [INFO]     NSE:BSE-EQ | CVD=-220094 vs Ref=-314646 | Close=2858.00 vs VAL=2847.60
2026-02-05 11:11:16,720 [INFO]     NSE:ANGELONE-EQ | CVD=-87345 vs Ref=-91451 | Close=2637.60 vs VAL=2628.90
2026-02-05 11:11:16,900 [INFO]     NSE:ADANIENT-EQ | CVD=-29791 vs Ref=-58526 | Close=2222.50 vs VAL=2211.70
2026-02-05 11:11:17,089 [INFO]     NSE:BHARTIARTL-EQ | CVD=255263 vs Ref=-581026 | Close=2017.80 vs VAL=2004.30
2026-02-05 11:11:17,282 [INFO] 📡 Sending order request for NSE:GODREJPROP-EQ to http://localhost:4000/postOrder...
2026-02-05 11:11:17,321 [INFO] 📩 Server Response: 200 - {"message":"Order execution triggered","status":"success","receivedData":{"ticker":"NSE:GODREJPROP-EQ","action":"SELL","close":1674.5}}
2026-02-05 11:11:17,323 [INFO]     NSE:GODREJPROP-EQ | CVD=-33178 vs Ref=-32589 | Close=1674.50 vs VAL=1678.95
2026-02-05 11:11:17,550 [INFO]     NSE:BDL-EQ | CVD=-307111 vs Ref=-330233 | Close=1256.50 vs VAL=1251.00
2026-02-05 11:11:17,780 [INFO]     NSE:SONACOMS-EQ | CVD=26220 vs Ref=-62639 | Close=527.70 vs VAL=523.25
2026-02-05 11:11:17,996 [INFO]     NSE:ABCAPITAL-EQ | CVD=14704 vs Ref=-299790 | Close=338.05 vs VAL=335.00
2026-02-05 11:11:18,202 [INFO]     NSE:LTF-EQ | CVD=-420599 vs Ref=-448884 | Close=281.80 vs VAL=278.70
2026-02-05 11:12:18,203 [INFO] 🔍 Scanning for alerts on 10 symbols (5min)...
2026-02-05 11:12:18,404 [INFO]     NSE:LT-EQ | CVD=-56010 vs Ref=-83058 | Close=4059.90 vs VAL=4038.55
2026-02-05 11:12:18,591 [INFO]     NSE:HAL-EQ | CVD=-625882 vs Ref=-906192 | Close=4029.70 vs VAL=3948.00
2026-02-05 11:12:18,779 [INFO]     NSE:BSE-EQ | CVD=-220094 vs Ref=-314646 | Close=2858.00 vs VAL=2847.60
2026-02-05 11:12:18,972 [INFO]     NSE:ANGELONE-EQ | CVD=-87345 vs Ref=-91451 | Close=2637.60 vs VAL=2628.90
2026-02-05 11:12:19,166 [INFO]     NSE:ADANIENT-EQ | CVD=-29791 vs Ref=-58526 | Close=2222.50 vs VAL=2211.70
2026-02-05 11:12:19,367 [INFO]     NSE:BHARTIARTL-EQ | CVD=255263 vs Ref=-581026 | Close=2017.80 vs VAL=2004.30
2026-02-05 11:12:19,560 [INFO]     NSE:BDL-EQ | CVD=-307111 vs Ref=-330233 | Close=1256.50 vs VAL=1251.00
2026-02-05 11:12:19,745 [INFO]     NSE:SONACOMS-EQ | CVD=26220 vs Ref=-62639 | Close=527.70 vs VAL=523.25
2026-02-05 11:12:19,942 [INFO]     NSE:ABCAPITAL-EQ | CVD=14704 vs Ref=-299790 | Close=338.05 vs VAL=335.00
2026-02-05 11:12:20,268 [INFO]     NSE:LTF-EQ | CVD=-420599 vs Ref=-448884 | Close=281.80 vs VAL=278.70
2026-02-05 11:13:20,270 [INFO] 🔍 Scanning for alerts on 10 symbols (5min)...
2026-02-05 11:13:20,462 [INFO]     NSE:LT-EQ | CVD=-56010 vs Ref=-83058 | Close=4059.90 vs VAL=4038.55
2026-02-05 11:13:20,644 [INFO]     NSE:HAL-EQ | CVD=-625882 vs Ref=-906192 | Close=4029.70 vs VAL=3948.00
2026-02-05 11:13:20,841 [INFO]     NSE:BSE-EQ | CVD=-220094 vs Ref=-314646 | Close=2858.00 vs VAL=2847.60
2026-02-05 11:13:21,075 [INFO]     NSE:ANGELONE-EQ | CVD=-87345 vs Ref=-91451 | Close=2637.60 vs VAL=2628.90
2026-02-05 11:13:21,269 [INFO]     NSE:ADANIENT-EQ | CVD=-29791 vs Ref=-58526 | Close=2222.50 vs VAL=2211.70
2026-02-05 11:13:21,462 [INFO]     NSE:BHARTIARTL-EQ | CVD=255263 vs Ref=-581026 | Close=2017.80 vs VAL=2004.30
2026-02-05 11:13:21,662 [INFO]     NSE:BDL-EQ | CVD=-307111 vs Ref=-330233 | Close=1256.50 vs VAL=1251.00
2026-02-05 11:13:21,847 [INFO]     NSE:SONACOMS-EQ | CVD=26220 vs Ref=-62639 | Close=527.70 vs VAL=523.25
2026-02-05 11:13:22,045 [INFO]     NSE:ABCAPITAL-EQ | CVD=14704 vs Ref=-299790 | Close=338.05 vs VAL=335.00
2026-02-05 11:13:22,235 [INFO]     NSE:LTF-EQ | CVD=-420599 vs Ref=-448884 | Close=281.80 vs VAL=278.70
2026-02-05 11:14:22,319 [INFO] 🔍 Scanning for alerts on 10 symbols (5min)...
2026-02-05 11:14:22,529 [INFO]     NSE:LT-EQ | CVD=-56010 vs Ref=-83058 | Close=4059.90 vs VAL=4038.55
2026-02-05 11:14:22,729 [INFO]     NSE:HAL-EQ | CVD=-625882 vs Ref=-906192 | Close=4029.70 vs VAL=3948.00
2026-02-05 11:14:22,922 [INFO]     NSE:BSE-EQ | CVD=-220094 vs Ref=-314646 | Close=2858.00 vs VAL=2847.60
2026-02-05 11:14:23,122 [INFO]     NSE:ANGELONE-EQ | CVD=-87345 vs Ref=-91451 | Close=2637.60 vs VAL=2628.90
2026-02-05 11:14:23,324 [INFO]     NSE:ADANIENT-EQ | CVD=-29791 vs Ref=-58526 | Close=2222.50 vs VAL=2211.70
2026-02-05 11:14:23,538 [INFO]     NSE:BHARTIARTL-EQ | CVD=255263 vs Ref=-581026 | Close=2017.80 vs VAL=2004.30
2026-02-05 11:14:23,746 [INFO]     NSE:BDL-EQ | CVD=-307111 vs Ref=-330233 | Close=1256.50 vs VAL=1251.00
2026-02-05 11:14:23,976 [INFO]     NSE:SONACOMS-EQ | CVD=26220 vs Ref=-62639 | Close=527.70 vs VAL=523.25
2026-02-05 11:14:24,174 [INFO]     NSE:ABCAPITAL-EQ | CVD=14704 vs Ref=-299790 | Close=338.05 vs VAL=335.00
2026-02-05 11:14:24,405 [INFO]     NSE:LTF-EQ | CVD=-420599 vs Ref=-448884 | Close=281.80 vs VAL=278.70
2026-02-05 11:15:24,406 [INFO] 🔍 Scanning for alerts on 10 symbols (5min)...
2026-02-05 11:15:24,605 [INFO]     NSE:LT-EQ | CVD=-56010 vs Ref=-83058 | Close=4059.90 vs VAL=4038.55
2026-02-05 11:15:24,788 [INFO]     NSE:HAL-EQ | CVD=-625882 vs Ref=-906192 | Close=4029.70 vs VAL=3948.00
2026-02-05 11:15:24,985 [INFO]     NSE:BSE-EQ | CVD=-220094 vs Ref=-314646 | Close=2858.00 vs VAL=2847.60
2026-02-05 11:15:25,285 [INFO]     NSE:ANGELONE-EQ | CVD=-87345 vs Ref=-91451 | Close=2637.60 vs VAL=2628.90
2026-02-05 11:15:25,483 [INFO]     NSE:ADANIENT-EQ | CVD=-29791 vs Ref=-58526 | Close=2222.50 vs VAL=2211.70
2026-02-05 11:15:25,671 [INFO]     NSE:BHARTIARTL-EQ | CVD=255263 vs Ref=-581026 | Close=2017.80 vs VAL=2004.30
2026-02-05 11:15:25,855 [INFO]     NSE:BDL-EQ | CVD=-307111 vs Ref=-330233 | Close=1256.50 vs VAL=1251.00
2026-02-05 11:15:26,042 [INFO]     NSE:SONACOMS-EQ | CVD=26220 vs Ref=-62639 | Close=527.70 vs VAL=523.25
2026-02-05 11:15:26,289 [INFO]     NSE:ABCAPITAL-EQ | CVD=14704 vs Ref=-299790 | Close=338.05 vs VAL=335.00
2026-02-05 11:15:26,754 [INFO]     NSE:LTF-EQ | CVD=-420599 vs Ref=-448884 | Close=281.80 vs VAL=278.70
2026-02-05 11:16:26,755 [INFO] 🔍 Scanning for alerts on 10 symbols (5min)...
2026-02-05 11:16:26,946 [INFO]     NSE:LT-EQ | CVD=-51344 vs Ref=-83058 | Close=4061.40 vs VAL=4038.55
2026-02-05 11:16:27,137 [INFO]     NSE:HAL-EQ | CVD=-538412 vs Ref=-906192 | Close=4049.80 vs VAL=3948.00
2026-02-05 11:16:27,330 [INFO]     NSE:BSE-EQ | CVD=-174184 vs Ref=-314646 | Close=2867.00 vs VAL=2847.60
2026-02-05 11:16:27,527 [INFO]     NSE:ANGELONE-EQ | CVD=-83987 vs Ref=-91451 | Close=2643.50 vs VAL=2628.90
2026-02-05 11:16:27,748 [INFO]     NSE:ADANIENT-EQ | CVD=-26294 vs Ref=-58526 | Close=2225.50 vs VAL=2211.70
2026-02-05 11:16:27,984 [INFO]     NSE:BHARTIARTL-EQ | CVD=249120 vs Ref=-581026 | Close=2020.10 vs VAL=2004.30
2026-02-05 11:16:28,305 [INFO]     NSE:BDL-EQ | CVD=-279897 vs Ref=-330233 | Close=1261.50 vs VAL=1251.00
2026-02-05 11:16:28,502 [INFO]     NSE:SONACOMS-EQ | CVD=29801 vs Ref=-62639 | Close=527.60 vs VAL=523.25
2026-02-05 11:16:28,698 [INFO]     NSE:ABCAPITAL-EQ | CVD=55198 vs Ref=-299790 | Close=339.75 vs VAL=335.00
2026-02-05 11:16:28,895 [INFO]     NSE:LTF-EQ | CVD=-353249 vs Ref=-448884 | Close=283.20 vs VAL=278.70
2026-02-05 11:17:28,896 [INFO] 🔍 Scanning for alerts on 10 symbols (5min)...
2026-02-05 11:17:29,091 [INFO]     NSE:LT-EQ | CVD=-51344 vs Ref=-83058 | Close=4061.40 vs VAL=4038.55
2026-02-05 11:17:29,273 [INFO]     NSE:HAL-EQ | CVD=-538412 vs Ref=-906192 | Close=4049.80 vs VAL=3948.00
2026-02-05 11:17:29,484 [INFO]     NSE:BSE-EQ | CVD=-174184 vs Ref=-314646 | Close=2867.00 vs VAL=2847.60
2026-02-05 11:17:29,685 [INFO]     NSE:ANGELONE-EQ | CVD=-83987 vs Ref=-91451 | Close=2643.50 vs VAL=2628.90
2026-02-05 11:17:29,877 [INFO]     NSE:ADANIENT-EQ | CVD=-26294 vs Ref=-58526 | Close=2225.50 vs VAL=2211.70
2026-02-05 11:17:30,074 [INFO]     NSE:BHARTIARTL-EQ | CVD=249120 vs Ref=-581026 | Close=2020.10 vs VAL=2004.30
2026-02-05 11:17:30,264 [INFO]     NSE:BDL-EQ | CVD=-279897 vs Ref=-330233 | Close=1261.50 vs VAL=1251.00
2026-02-05 11:17:30,511 [INFO]     NSE:SONACOMS-EQ | CVD=29801 vs Ref=-62639 | Close=527.60 vs VAL=523.25
2026-02-05 11:17:30,788 [INFO]     NSE:ABCAPITAL-EQ | CVD=55198 vs Ref=-299790 | Close=339.75 vs VAL=335.00
2026-02-05 11:17:30,988 [INFO]     NSE:LTF-EQ | CVD=-353249 vs Ref=-448884 | Close=283.20 vs VAL=278.70
2026-02-05 11:18:30,989 [INFO] 🔍 Scanning for alerts on 10 symbols (5min)...
2026-02-05 11:18:31,174 [INFO]     NSE:LT-EQ | CVD=-51344 vs Ref=-83058 | Close=4061.40 vs VAL=4038.55
2026-02-05 11:18:31,375 [INFO]     NSE:HAL-EQ | CVD=-538412 vs Ref=-906192 | Close=4049.80 vs VAL=3948.00
2026-02-05 11:18:31,575 [INFO]     NSE:BSE-EQ | CVD=-174184 vs Ref=-314646 | Close=2867.00 vs VAL=2847.60
2026-02-05 11:18:31,784 [INFO]     NSE:ANGELONE-EQ | CVD=-83987 vs Ref=-91451 | Close=2643.50 vs VAL=2628.90
2026-02-05 11:18:31,987 [INFO]     NSE:ADANIENT-EQ | CVD=-26294 vs Ref=-58526 | Close=2225.50 vs VAL=2211.70
2026-02-05 11:18:32,207 [INFO]     NSE:BHARTIARTL-EQ | CVD=249120 vs Ref=-581026 | Close=2020.10 vs VAL=2004.30
2026-02-05 11:18:32,414 [INFO]     NSE:BDL-EQ | CVD=-279897 vs Ref=-330233 | Close=1261.50 vs VAL=1251.00
2026-02-05 11:18:32,614 [INFO]     NSE:SONACOMS-EQ | CVD=29801 vs Ref=-62639 | Close=527.60 vs VAL=523.25
2026-02-05 11:18:32,837 [INFO]     NSE:ABCAPITAL-EQ | CVD=55198 vs Ref=-299790 | Close=339.75 vs VAL=335.00
2026-02-05 11:18:33,046 [INFO]     NSE:LTF-EQ | CVD=-353249 vs Ref=-448884 | Close=283.20 vs VAL=278.70
2026-02-05 11:19:33,047 [INFO] 🔍 Scanning for alerts on 10 symbols (5min)...
2026-02-05 11:19:33,234 [INFO]     NSE:LT-EQ | CVD=-51344 vs Ref=-83058 | Close=4061.40 vs VAL=4038.55
2026-02-05 11:19:33,423 [INFO]     NSE:HAL-EQ | CVD=-538412 vs Ref=-906192 | Close=4049.80 vs VAL=3948.00
2026-02-05 11:19:33,624 [INFO]     NSE:BSE-EQ | CVD=-174184 vs Ref=-314646 | Close=2867.00 vs VAL=2847.60
2026-02-05 11:19:33,813 [INFO]     NSE:ANGELONE-EQ | CVD=-83987 vs Ref=-91451 | Close=2643.50 vs VAL=2628.90
2026-02-05 11:19:33,995 [INFO]     NSE:ADANIENT-EQ | CVD=-26294 vs Ref=-58526 | Close=2225.50 vs VAL=2211.70
2026-02-05 11:19:34,176 [INFO]     NSE:BHARTIARTL-EQ | CVD=249120 vs Ref=-581026 | Close=2020.10 vs VAL=2004.30
2026-02-05 11:19:34,357 [INFO]     NSE:BDL-EQ | CVD=-279897 vs Ref=-330233 | Close=1261.50 vs VAL=1251.00
2026-02-05 11:19:34,544 [INFO]     NSE:SONACOMS-EQ | CVD=29801 vs Ref=-62639 | Close=527.60 vs VAL=523.25
2026-02-05 11:19:34,733 [INFO]     NSE:ABCAPITAL-EQ | CVD=55198 vs Ref=-299790 | Close=339.75 vs VAL=335.00
2026-02-05 11:19:34,919 [INFO]     NSE:LTF-EQ | CVD=-353249 vs Ref=-448884 | Close=283.20 vs VAL=278.70
2026-02-05 11:20:34,919 [INFO] 🔍 Scanning for alerts on 10 symbols (5min)...
2026-02-05 11:20:35,102 [INFO]     NSE:LT-EQ | CVD=-51344 vs Ref=-83058 | Close=4061.40 vs VAL=4038.55
2026-02-05 11:20:35,279 [INFO]     NSE:HAL-EQ | CVD=-538412 vs Ref=-906192 | Close=4049.80 vs VAL=3948.00
2026-02-05 11:20:35,464 [INFO]     NSE:BSE-EQ | CVD=-174184 vs Ref=-314646 | Close=2867.00 vs VAL=2847.60
2026-02-05 11:20:35,648 [INFO]     NSE:ANGELONE-EQ | CVD=-83987 vs Ref=-91451 | Close=2643.50 vs VAL=2628.90
2026-02-05 11:20:35,836 [INFO]     NSE:ADANIENT-EQ | CVD=-26294 vs Ref=-58526 | Close=2225.50 vs VAL=2211.70
2026-02-05 11:20:36,057 [INFO]     NSE:BHARTIARTL-EQ | CVD=249120 vs Ref=-581026 | Close=2020.10 vs VAL=2004.30
2026-02-05 11:20:36,269 [INFO]     NSE:BDL-EQ | CVD=-279897 vs Ref=-330233 | Close=1261.50 vs VAL=1251.00
2026-02-05 11:20:36,466 [INFO]     NSE:SONACOMS-EQ | CVD=29801 vs Ref=-62639 | Close=527.60 vs VAL=523.25
2026-02-05 11:20:36,669 [INFO]     NSE:ABCAPITAL-EQ | CVD=55198 vs Ref=-299790 | Close=339.75 vs VAL=335.00
2026-02-05 11:20:36,852 [INFO]     NSE:LTF-EQ | CVD=-353249 vs Ref=-448884 | Close=283.20 vs VAL=278.70
2026-02-05 11:21:36,853 [INFO] 🔍 Scanning for alerts on 10 symbols (5min)...
2026-02-05 11:21:37,028 [INFO]     NSE:LT-EQ | CVD=-57446 vs Ref=-83058 | Close=4056.10 vs VAL=4038.55
2026-02-05 11:21:37,210 [INFO]     NSE:HAL-EQ | CVD=-448969 vs Ref=-906192 | Close=4061.40 vs VAL=3948.00
2026-02-05 11:21:37,395 [INFO]     NSE:BSE-EQ | CVD=-163541 vs Ref=-314646 | Close=2868.00 vs VAL=2847.60
2026-02-05 11:21:37,607 [INFO]     NSE:ANGELONE-EQ | CVD=-81404 vs Ref=-91451 | Close=2646.40 vs VAL=2628.90
2026-02-05 11:21:37,797 [INFO]     NSE:ADANIENT-EQ | CVD=-31153 vs Ref=-58526 | Close=2218.00 vs VAL=2211.70
2026-02-05 11:21:37,994 [INFO]     NSE:BHARTIARTL-EQ | CVD=218498 vs Ref=-581026 | Close=2016.40 vs VAL=2004.30
2026-02-05 11:21:38,181 [INFO]     NSE:BDL-EQ | CVD=-275994 vs Ref=-330233 | Close=1263.00 vs VAL=1251.00
2026-02-05 11:21:38,372 [INFO]     NSE:SONACOMS-EQ | CVD=25211 vs Ref=-62639 | Close=527.25 vs VAL=523.25
2026-02-05 11:21:38,555 [INFO]     NSE:ABCAPITAL-EQ | CVD=56530 vs Ref=-299790 | Close=339.65 vs VAL=335.00
2026-02-05 11:21:38,742 [INFO]     NSE:LTF-EQ | CVD=-370445 vs Ref=-448884 | Close=283.05 vs VAL=278.70
2026-02-05 11:22:38,743 [INFO] 🔍 Scanning for alerts on 10 symbols (5min)...
2026-02-05 11:22:38,942 [INFO]     NSE:LT-EQ | CVD=-57446 vs Ref=-83058 | Close=4056.10 vs VAL=4038.55
2026-02-05 11:22:39,160 [INFO]     NSE:HAL-EQ | CVD=-448969 vs Ref=-906192 | Close=4061.40 vs VAL=3948.00
2026-02-05 11:22:39,396 [INFO]     NSE:BSE-EQ | CVD=-163541 vs Ref=-314646 | Close=2868.00 vs VAL=2847.60
2026-02-05 11:22:39,641 [INFO]     NSE:ANGELONE-EQ | CVD=-81404 vs Ref=-91451 | Close=2646.40 vs VAL=2628.90
2026-02-05 11:22:41,470 [INFO]     NSE:ADANIENT-EQ | CVD=-31153 vs Ref=-58526 | Close=2218.00 vs VAL=2211.70
2026-02-05 11:22:41,982 [INFO]     NSE:BHARTIARTL-EQ | CVD=218498 vs Ref=-581026 | Close=2016.40 vs VAL=2004.30
2026-02-05 11:22:42,421 [INFO]     NSE:BDL-EQ | CVD=-275994 vs Ref=-330233 | Close=1263.00 vs VAL=1251.00
2026-02-05 11:22:42,701 [INFO]     NSE:SONACOMS-EQ | CVD=25211 vs Ref=-62639 | Close=527.25 vs VAL=523.25
2026-02-05 11:22:42,924 [INFO]     NSE:ABCAPITAL-EQ | CVD=56530 vs Ref=-299790 | Close=339.65 vs VAL=335.00
2026-02-05 11:22:43,205 [INFO]     NSE:LTF-EQ | CVD=-370445 vs Ref=-448884 | Close=283.05 vs VAL=278.70
2026-02-05 11:23:43,206 [INFO] 🔍 Scanning for alerts on 10 symbols (5min)...
2026-02-05 11:23:43,604 [INFO]     NSE:LT-EQ | CVD=-57446 vs Ref=-83058 | Close=4056.10 vs VAL=4038.55
2026-02-05 11:23:43,999 [INFO]     NSE:HAL-EQ | CVD=-448969 vs Ref=-906192 | Close=4061.40 vs VAL=3948.00
2026-02-05 11:23:44,314 [INFO]     NSE:BSE-EQ | CVD=-163541 vs Ref=-314646 | Close=2868.00 vs VAL=2847.60
2026-02-05 11:23:44,948 [INFO]     NSE:ANGELONE-EQ | CVD=-81404 vs Ref=-91451 | Close=2646.40 vs VAL=2628.90
2026-02-05 11:23:45,394 [INFO]     NSE:ADANIENT-EQ | CVD=-31153 vs Ref=-58526 | Close=2218.00 vs VAL=2211.70
2026-02-05 11:23:45,859 [INFO]     NSE:BHARTIARTL-EQ | CVD=218498 vs Ref=-581026 | Close=2016.40 vs VAL=2004.30
2026-02-05 11:23:46,231 [INFO]     NSE:BDL-EQ | CVD=-275994 vs Ref=-330233 | Close=1263.00 vs VAL=1251.00
2026-02-05 11:23:46,585 [INFO]     NSE:SONACOMS-EQ | CVD=25211 vs Ref=-62639 | Close=527.25 vs VAL=523.25
2026-02-05 11:23:46,888 [INFO]     NSE:ABCAPITAL-EQ | CVD=56530 vs Ref=-299790 | Close=339.65 vs VAL=335.00
2026-02-05 11:23:47,288 [INFO]     NSE:LTF-EQ | CVD=-370445 vs Ref=-448884 | Close=283.05 vs VAL=278.70
2026-02-05 11:24:47,290 [INFO] 🔍 Scanning for alerts on 10 symbols (5min)...
2026-02-05 11:24:47,679 [INFO]     NSE:LT-EQ | CVD=-57446 vs Ref=-83058 | Close=4056.10 vs VAL=4038.55
2026-02-05 11:24:48,042 [INFO]     NSE:HAL-EQ | CVD=-448969 vs Ref=-906192 | Close=4061.40 vs VAL=3948.00
2026-02-05 11:24:48,407 [INFO]     NSE:BSE-EQ | CVD=-163541 vs Ref=-314646 | Close=2868.00 vs VAL=2847.60
2026-02-05 11:24:48,752 [INFO]     NSE:ANGELONE-EQ | CVD=-81404 vs Ref=-91451 | Close=2646.40 vs VAL=2628.90
2026-02-05 11:24:49,124 [INFO]     NSE:ADANIENT-EQ | CVD=-31153 vs Ref=-58526 | Close=2218.00 vs VAL=2211.70
2026-02-05 11:24:49,555 [INFO]     NSE:BHARTIARTL-EQ | CVD=218498 vs Ref=-581026 | Close=2016.40 vs VAL=2004.30
2026-02-05 11:24:49,943 [INFO]     NSE:BDL-EQ | CVD=-275994 vs Ref=-330233 | Close=1263.00 vs VAL=1251.00
2026-02-05 11:24:50,190 [INFO]     NSE:SONACOMS-EQ | CVD=25211 vs Ref=-62639 | Close=527.25 vs VAL=523.25
2026-02-05 11:24:50,461 [INFO]     NSE:ABCAPITAL-EQ | CVD=56530 vs Ref=-299790 | Close=339.65 vs VAL=335.00
2026-02-05 11:24:51,173 [INFO]     NSE:LTF-EQ | CVD=-370445 vs Ref=-448884 | Close=283.05 vs VAL=278.70
2026-02-05 11:25:51,175 [INFO] 🔍 Scanning for alerts on 10 symbols (5min)...
2026-02-05 11:25:51,616 [INFO]     NSE:LT-EQ | CVD=-57446 vs Ref=-83058 | Close=4056.10 vs VAL=4038.55
2026-02-05 11:25:51,930 [INFO]     NSE:HAL-EQ | CVD=-448969 vs Ref=-906192 | Close=4061.40 vs VAL=3948.00
2026-02-05 11:25:52,354 [INFO]     NSE:BSE-EQ | CVD=-163541 vs Ref=-314646 | Close=2868.00 vs VAL=2847.60
2026-02-05 11:25:52,744 [INFO]     NSE:ANGELONE-EQ | CVD=-81404 vs Ref=-91451 | Close=2646.40 vs VAL=2628.90
2026-02-05 11:25:53,034 [INFO]     NSE:ADANIENT-EQ | CVD=-31153 vs Ref=-58526 | Close=2218.00 vs VAL=2211.70
2026-02-05 11:25:53,381 [INFO]     NSE:BHARTIARTL-EQ | CVD=218498 vs Ref=-581026 | Close=2016.40 vs VAL=2004.30
2026-02-05 11:25:53,747 [INFO]     NSE:BDL-EQ | CVD=-275994 vs Ref=-330233 | Close=1263.00 vs VAL=1251.00
2026-02-05 11:25:54,213 [INFO]     NSE:SONACOMS-EQ | CVD=25211 vs Ref=-62639 | Close=527.25 vs VAL=523.25
2026-02-05 11:25:54,551 [INFO]     NSE:ABCAPITAL-EQ | CVD=56530 vs Ref=-299790 | Close=339.65 vs VAL=335.00
2026-02-05 11:25:54,867 [INFO]     NSE:LTF-EQ | CVD=-370445 vs Ref=-448884 | Close=283.05 vs VAL=278.70
2026-02-05 11:26:54,868 [INFO] 🔍 Scanning for alerts on 10 symbols (5min)...
2026-02-05 11:26:55,064 [INFO]     NSE:LT-EQ | CVD=-55325 vs Ref=-83058 | Close=4059.00 vs VAL=4038.55
2026-02-05 11:26:55,341 [INFO]     NSE:HAL-EQ | CVD=-599541 vs Ref=-906192 | Close=4027.00 vs VAL=3948.00
2026-02-05 11:26:55,629 [INFO]     NSE:BSE-EQ | CVD=-189263 vs Ref=-314646 | Close=2862.00 vs VAL=2847.60
2026-02-05 11:26:55,954 [INFO]     NSE:ANGELONE-EQ | CVD=-83084 vs Ref=-91451 | Close=2641.90 vs VAL=2628.90
2026-02-05 11:26:56,234 [INFO]     NSE:ADANIENT-EQ | CVD=-30881 vs Ref=-58526 | Close=2217.80 vs VAL=2211.70
2026-02-05 11:26:56,519 [INFO]     NSE:BHARTIARTL-EQ | CVD=202901 vs Ref=-581026 | Close=2015.60 vs VAL=2004.30
2026-02-05 11:26:56,831 [INFO]     NSE:BDL-EQ | CVD=-294381 vs Ref=-330233 | Close=1261.20 vs VAL=1251.00
2026-02-05 11:26:57,173 [INFO]     NSE:SONACOMS-EQ | CVD=-10626 vs Ref=-62639 | Close=524.55 vs VAL=523.25
2026-02-05 11:26:57,428 [INFO]     NSE:ABCAPITAL-EQ | CVD=49682 vs Ref=-299790 | Close=338.80 vs VAL=335.00
2026-02-05 11:26:57,761 [INFO]     NSE:LTF-EQ | CVD=-365578 vs Ref=-448884 | Close=283.15 vs VAL=278.70
2026-02-05 11:27:57,762 [INFO] 🔍 Scanning for alerts on 10 symbols (5min)...
2026-02-05 11:27:58,048 [INFO]     NSE:LT-EQ | CVD=-55325 vs Ref=-83058 | Close=4059.00 vs VAL=4038.55
2026-02-05 11:27:58,617 [INFO]     NSE:HAL-EQ | CVD=-599541 vs Ref=-906192 | Close=4027.00 vs VAL=3948.00
2026-02-05 11:27:59,602 [INFO]     NSE:BSE-EQ | CVD=-189263 vs Ref=-314646 | Close=2862.00 vs VAL=2847.60
2026-02-05 11:28:01,591 [INFO]     NSE:ANGELONE-EQ | CVD=-83084 vs Ref=-91451 | Close=2641.90 vs VAL=2628.90
2026-02-05 11:28:02,098 [INFO]     NSE:ADANIENT-EQ | CVD=-30881 vs Ref=-58526 | Close=2217.80 vs VAL=2211.70
2026-02-05 11:28:03,210 [INFO]     NSE:BHARTIARTL-EQ | CVD=202901 vs Ref=-581026 | Close=2015.60 vs VAL=2004.30
2026-02-05 11:28:04,121 [INFO]     NSE:BDL-EQ | CVD=-294381 vs Ref=-330233 | Close=1261.20 vs VAL=1251.00
2026-02-05 11:28:05,025 [INFO]     NSE:SONACOMS-EQ | CVD=-10626 vs Ref=-62639 | Close=524.55 vs VAL=523.25
2026-02-05 11:28:05,833 [INFO]     NSE:ABCAPITAL-EQ | CVD=49682 vs Ref=-299790 | Close=338.80 vs VAL=335.00
2026-02-05 11:28:06,603 [INFO]     NSE:LTF-EQ | CVD=-365578 vs Ref=-448884 | Close=283.15 vs VAL=278.70
2026-02-05 11:29:06,605 [INFO] 🔍 Scanning for alerts on 10 symbols (5min)...
2026-02-05 11:29:06,942 [INFO]     NSE:LT-EQ | CVD=-55325 vs Ref=-83058 | Close=4059.00 vs VAL=4038.55
2026-02-05 11:29:07,228 [INFO]     NSE:HAL-EQ | CVD=-599541 vs Ref=-906192 | Close=4027.00 vs VAL=3948.00
2026-02-05 11:29:07,477 [INFO]     NSE:BSE-EQ | CVD=-189263 vs Ref=-314646 | Close=2862.00 vs VAL=2847.60
2026-02-05 11:29:07,795 [INFO]     NSE:ANGELONE-EQ | CVD=-83084 vs Ref=-91451 | Close=2641.90 vs VAL=2628.90
2026-02-05 11:29:08,122 [INFO]     NSE:ADANIENT-EQ | CVD=-30881 vs Ref=-58526 | Close=2217.80 vs VAL=2211.70
2026-02-05 11:29:08,406 [INFO]     NSE:BHARTIARTL-EQ | CVD=202901 vs Ref=-581026 | Close=2015.60 vs VAL=2004.30
2026-02-05 11:29:08,702 [INFO]     NSE:BDL-EQ | CVD=-294381 vs Ref=-330233 | Close=1261.20 vs VAL=1251.00
2026-02-05 11:29:09,017 [INFO]     NSE:SONACOMS-EQ | CVD=-10626 vs Ref=-62639 | Close=524.55 vs VAL=523.25
2026-02-05 11:29:09,267 [INFO]     NSE:ABCAPITAL-EQ | CVD=49682 vs Ref=-299790 | Close=338.80 vs VAL=335.00
2026-02-05 11:29:09,524 [INFO]     NSE:LTF-EQ | CVD=-365578 vs Ref=-448884 | Close=283.15 vs VAL=278.70
2026-02-05 11:30:09,525 [INFO] 🔍 Scanning for alerts on 10 symbols (5min)...
2026-02-05 11:30:09,739 [INFO]     NSE:LT-EQ | CVD=-55325 vs Ref=-83058 | Close=4059.00 vs VAL=4038.55
2026-02-05 11:30:09,954 [INFO]     NSE:HAL-EQ | CVD=-599541 vs Ref=-906192 | Close=4027.00 vs VAL=3948.00
2026-02-05 11:30:10,187 [INFO]     NSE:BSE-EQ | CVD=-189263 vs Ref=-314646 | Close=2862.00 vs VAL=2847.60
2026-02-05 11:30:10,436 [INFO]     NSE:ANGELONE-EQ | CVD=-83084 vs Ref=-91451 | Close=2641.90 vs VAL=2628.90
2026-02-05 11:30:10,668 [INFO]     NSE:ADANIENT-EQ | CVD=-30881 vs Ref=-58526 | Close=2217.80 vs VAL=2211.70
2026-02-05 11:30:10,912 [INFO]     NSE:BHARTIARTL-EQ | CVD=202901 vs Ref=-581026 | Close=2015.60 vs VAL=2004.30
2026-02-05 11:30:11,204 [INFO]     NSE:BDL-EQ | CVD=-294381 vs Ref=-330233 | Close=1261.20 vs VAL=1251.00
2026-02-05 11:30:11,582 [INFO]     NSE:SONACOMS-EQ | CVD=-10626 vs Ref=-62639 | Close=524.55 vs VAL=523.25
2026-02-05 11:30:11,907 [INFO]     NSE:ABCAPITAL-EQ | CVD=49682 vs Ref=-299790 | Close=338.80 vs VAL=335.00
2026-02-05 11:30:12,238 [INFO]     NSE:LTF-EQ | CVD=-365578 vs Ref=-448884 | Close=283.15 vs VAL=278.70
2026-02-05 11:31:12,240 [INFO] 🔍 Scanning for alerts on 10 symbols (5min)...
2026-02-05 11:31:12,440 [INFO]     NSE:LT-EQ | CVD=-52775 vs Ref=-83058 | Close=4058.90 vs VAL=4038.55
2026-02-05 11:31:12,649 [INFO]     NSE:HAL-EQ | CVD=-600637 vs Ref=-906192 | Close=4025.60 vs VAL=3948.00
2026-02-05 11:31:12,864 [INFO]     NSE:BSE-EQ | CVD=-204355 vs Ref=-314646 | Close=2862.40 vs VAL=2847.60
2026-02-05 11:31:13,080 [INFO]     NSE:ANGELONE-EQ | CVD=-80246 vs Ref=-91451 | Close=2645.60 vs VAL=2628.90
2026-02-05 11:31:13,297 [INFO]     NSE:ADANIENT-EQ | CVD=-31421 vs Ref=-58526 | Close=2221.20 vs VAL=2211.70
2026-02-05 11:31:13,523 [INFO]     NSE:BHARTIARTL-EQ | CVD=224529 vs Ref=-581026 | Close=2018.20 vs VAL=2004.30
2026-02-05 11:31:13,761 [INFO]     NSE:BDL-EQ | CVD=-288392 vs Ref=-330233 | Close=1263.40 vs VAL=1251.00
2026-02-05 11:31:13,993 [INFO]     NSE:SONACOMS-EQ | CVD=9190 vs Ref=-62639 | Close=525.20 vs VAL=523.25
2026-02-05 11:31:14,232 [INFO]     NSE:ABCAPITAL-EQ | CVD=36083 vs Ref=-299790 | Close=338.20 vs VAL=335.00
2026-02-05 11:31:14,466 [INFO]     NSE:LTF-EQ | CVD=-369182 vs Ref=-448884 | Close=283.20 vs VAL=278.70
2026-02-05 11:32:14,467 [INFO] 🔍 Scanning for alerts on 10 symbols (5min)...
2026-02-05 11:32:14,944 [INFO]     NSE:LT-EQ | CVD=-52775 vs Ref=-83058 | Close=4058.90 vs VAL=4038.55
2026-02-05 11:32:15,281 [INFO]     NSE:HAL-EQ | CVD=-600637 vs Ref=-906192 | Close=4025.60 vs VAL=3948.00
2026-02-05 11:32:15,513 [INFO]     NSE:BSE-EQ | CVD=-204355 vs Ref=-314646 | Close=2862.40 vs VAL=2847.60
2026-02-05 11:32:15,833 [INFO]     NSE:ANGELONE-EQ | CVD=-80246 vs Ref=-91451 | Close=2645.60 vs VAL=2628.90
2026-02-05 11:32:16,080 [INFO]     NSE:ADANIENT-EQ | CVD=-31421 vs Ref=-58526 | Close=2221.20 vs VAL=2211.70
2026-02-05 11:32:16,475 [INFO]     NSE:BHARTIARTL-EQ | CVD=224529 vs Ref=-581026 | Close=2018.20 vs VAL=2004.30
2026-02-05 11:32:16,819 [INFO]     NSE:BDL-EQ | CVD=-288392 vs Ref=-330233 | Close=1263.40 vs VAL=1251.00
2026-02-05 11:32:17,219 [INFO]     NSE:SONACOMS-EQ | CVD=9190 vs Ref=-62639 | Close=525.20 vs VAL=523.25
2026-02-05 11:32:17,586 [INFO]     NSE:ABCAPITAL-EQ | CVD=36083 vs Ref=-299790 | Close=338.20 vs VAL=335.00
2026-02-05 11:32:18,009 [INFO]     NSE:LTF-EQ | CVD=-369182 vs Ref=-448884 | Close=283.20 vs VAL=278.70
2026-02-05 11:33:18,011 [INFO] 🔍 Scanning for alerts on 10 symbols (5min)...
2026-02-05 11:33:18,510 [INFO]     NSE:LT-EQ | CVD=-52775 vs Ref=-83058 | Close=4058.90 vs VAL=4038.55
2026-02-05 11:33:18,972 [INFO]     NSE:HAL-EQ | CVD=-600637 vs Ref=-906192 | Close=4025.60 vs VAL=3948.00
2026-02-05 11:33:19,277 [INFO]     NSE:BSE-EQ | CVD=-204355 vs Ref=-314646 | Close=2862.40 vs VAL=2847.60
2026-02-05 11:33:19,866 [INFO]     NSE:ANGELONE-EQ | CVD=-80246 vs Ref=-91451 | Close=2645.60 vs VAL=2628.90
2026-02-05 11:33:20,338 [INFO]     NSE:ADANIENT-EQ | CVD=-31421 vs Ref=-58526 | Close=2221.20 vs VAL=2211.70
2026-02-05 11:33:20,791 [INFO]     NSE:BHARTIARTL-EQ | CVD=224529 vs Ref=-581026 | Close=2018.20 vs VAL=2004.30
2026-02-05 11:33:21,163 [INFO]     NSE:BDL-EQ | CVD=-288392 vs Ref=-330233 | Close=1263.40 vs VAL=1251.00
2026-02-05 11:33:21,573 [INFO]     NSE:SONACOMS-EQ | CVD=9190 vs Ref=-62639 | Close=525.20 vs VAL=523.25
2026-02-05 11:33:22,146 [INFO]     NSE:ABCAPITAL-EQ | CVD=36083 vs Ref=-299790 | Close=338.20 vs VAL=335.00
2026-02-05 11:33:22,701 [INFO]     NSE:LTF-EQ | CVD=-369182 vs Ref=-448884 | Close=283.20 vs VAL=278.70
2026-02-05 11:34:22,702 [INFO] 🔍 Scanning for alerts on 10 symbols (5min)...
2026-02-05 11:34:22,918 [INFO]     NSE:LT-EQ | CVD=-52775 vs Ref=-83058 | Close=4058.90 vs VAL=4038.55
2026-02-05 11:34:23,120 [INFO]     NSE:HAL-EQ | CVD=-600637 vs Ref=-906192 | Close=4025.60 vs VAL=3948.00
2026-02-05 11:34:23,330 [INFO]     NSE:BSE-EQ | CVD=-204355 vs Ref=-314646 | Close=2862.40 vs VAL=2847.60
2026-02-05 11:34:23,549 [INFO]     NSE:ANGELONE-EQ | CVD=-80246 vs Ref=-91451 | Close=2645.60 vs VAL=2628.90
2026-02-05 11:34:23,758 [INFO]     NSE:ADANIENT-EQ | CVD=-31421 vs Ref=-58526 | Close=2221.20 vs VAL=2211.70
2026-02-05 11:34:23,965 [INFO]     NSE:BHARTIARTL-EQ | CVD=224529 vs Ref=-581026 | Close=2018.20 vs VAL=2004.30
2026-02-05 11:34:24,253 [INFO]     NSE:BDL-EQ | CVD=-288392 vs Ref=-330233 | Close=1263.40 vs VAL=1251.00
2026-02-05 11:34:24,559 [INFO]     NSE:SONACOMS-EQ | CVD=9190 vs Ref=-62639 | Close=525.20 vs VAL=523.25
2026-02-05 11:34:24,804 [INFO]     NSE:ABCAPITAL-EQ | CVD=36083 vs Ref=-299790 | Close=338.20 vs VAL=335.00
2026-02-05 11:34:25,030 [INFO]     NSE:LTF-EQ | CVD=-369182 vs Ref=-448884 | Close=283.20 vs VAL=278.70
2026-02-05 11:35:25,032 [INFO] 🔍 Scanning for alerts on 10 symbols (5min)...
2026-02-05 11:35:25,226 [INFO]     NSE:LT-EQ | CVD=-52775 vs Ref=-83058 | Close=4058.90 vs VAL=4038.55
2026-02-05 11:35:25,433 [INFO]     NSE:HAL-EQ | CVD=-600637 vs Ref=-906192 | Close=4025.60 vs VAL=3948.00
2026-02-05 11:35:25,649 [INFO]     NSE:BSE-EQ | CVD=-204355 vs Ref=-314646 | Close=2862.40 vs VAL=2847.60
2026-02-05 11:35:25,872 [INFO]     NSE:ANGELONE-EQ | CVD=-80246 vs Ref=-91451 | Close=2645.60 vs VAL=2628.90
2026-02-05 11:35:26,075 [INFO]     NSE:ADANIENT-EQ | CVD=-31421 vs Ref=-58526 | Close=2221.20 vs VAL=2211.70
2026-02-05 11:35:26,282 [INFO]     NSE:BHARTIARTL-EQ | CVD=224529 vs Ref=-581026 | Close=2018.20 vs VAL=2004.30
2026-02-05 11:35:26,531 [INFO]     NSE:BDL-EQ | CVD=-288392 vs Ref=-330233 | Close=1263.40 vs VAL=1251.00
2026-02-05 11:35:26,736 [INFO]     NSE:SONACOMS-EQ | CVD=9190 vs Ref=-62639 | Close=525.20 vs VAL=523.25
2026-02-05 11:35:26,937 [INFO]     NSE:ABCAPITAL-EQ | CVD=36083 vs Ref=-299790 | Close=338.20 vs VAL=335.00
2026-02-05 11:35:27,158 [INFO]     NSE:LTF-EQ | CVD=-369182 vs Ref=-448884 | Close=283.20 vs VAL=278.70
2026-02-05 11:36:27,159 [INFO] 🔍 Scanning for alerts on 10 symbols (5min)...
2026-02-05 11:36:27,338 [INFO]     NSE:LT-EQ | CVD=-53993 vs Ref=-83058 | Close=4055.90 vs VAL=4038.55
2026-02-05 11:36:27,530 [INFO]     NSE:HAL-EQ | CVD=-604871 vs Ref=-906192 | Close=4018.50 vs VAL=3948.00
2026-02-05 11:36:27,738 [INFO]     NSE:BSE-EQ | CVD=-226423 vs Ref=-314646 | Close=2856.00 vs VAL=2847.60
2026-02-05 11:36:27,941 [INFO]     NSE:ANGELONE-EQ | CVD=-82053 vs Ref=-91451 | Close=2642.70 vs VAL=2628.90
2026-02-05 11:36:28,124 [INFO]     NSE:ADANIENT-EQ | CVD=-31273 vs Ref=-58526 | Close=2220.20 vs VAL=2211.70
2026-02-05 11:36:28,326 [INFO]     NSE:BHARTIARTL-EQ | CVD=216293 vs Ref=-581026 | Close=2017.30 vs VAL=2004.30
2026-02-05 11:36:28,521 [INFO]     NSE:BDL-EQ | CVD=-288109 vs Ref=-330233 | Close=1262.50 vs VAL=1251.00
2026-02-05 11:36:28,717 [INFO]     NSE:SONACOMS-EQ | CVD=54994 vs Ref=-62639 | Close=525.55 vs VAL=523.25
2026-02-05 11:36:28,910 [INFO]     NSE:ABCAPITAL-EQ | CVD=44276 vs Ref=-299790 | Close=338.10 vs VAL=335.00
2026-02-05 11:36:29,110 [INFO]     NSE:LTF-EQ | CVD=-364845 vs Ref=-448884 | Close=283.10 vs VAL=278.70
2026-02-05 11:37:29,112 [INFO] 🔍 Scanning for alerts on 10 symbols (5min)...
2026-02-05 11:37:29,303 [INFO]     NSE:LT-EQ | CVD=-53993 vs Ref=-83058 | Close=4055.90 vs VAL=4038.55
2026-02-05 11:37:29,542 [INFO]     NSE:HAL-EQ | CVD=-604871 vs Ref=-906192 | Close=4018.50 vs VAL=3948.00
2026-02-05 11:37:29,728 [INFO]     NSE:BSE-EQ | CVD=-226423 vs Ref=-314646 | Close=2856.00 vs VAL=2847.60
2026-02-05 11:37:29,926 [INFO]     NSE:ANGELONE-EQ | CVD=-82053 vs Ref=-91451 | Close=2642.70 vs VAL=2628.90
2026-02-05 11:37:30,115 [INFO]     NSE:ADANIENT-EQ | CVD=-31273 vs Ref=-58526 | Close=2220.20 vs VAL=2211.70
2026-02-05 11:37:30,311 [INFO]     NSE:BHARTIARTL-EQ | CVD=216293 vs Ref=-581026 | Close=2017.30 vs VAL=2004.30
2026-02-05 11:37:30,560 [INFO]     NSE:BDL-EQ | CVD=-288109 vs Ref=-330233 | Close=1262.50 vs VAL=1251.00
2026-02-05 11:37:30,765 [INFO]     NSE:SONACOMS-EQ | CVD=54994 vs Ref=-62639 | Close=525.55 vs VAL=523.25
2026-02-05 11:37:30,956 [INFO]     NSE:ABCAPITAL-EQ | CVD=44276 vs Ref=-299790 | Close=338.10 vs VAL=335.00
2026-02-05 11:37:31,153 [INFO]     NSE:LTF-EQ | CVD=-364845 vs Ref=-448884 | Close=283.10 vs VAL=278.70
2026-02-05 11:38:31,154 [INFO] 🔍 Scanning for alerts on 10 symbols (5min)...
2026-02-05 11:38:31,383 [INFO]     NSE:LT-EQ | CVD=-53993 vs Ref=-83058 | Close=4055.90 vs VAL=4038.55
2026-02-05 11:38:31,610 [INFO]     NSE:HAL-EQ | CVD=-604871 vs Ref=-906192 | Close=4018.50 vs VAL=3948.00
2026-02-05 11:38:31,968 [INFO]     NSE:BSE-EQ | CVD=-226423 vs Ref=-314646 | Close=2856.00 vs VAL=2847.60
2026-02-05 11:38:32,236 [INFO]     NSE:ANGELONE-EQ | CVD=-82053 vs Ref=-91451 | Close=2642.70 vs VAL=2628.90
2026-02-05 11:38:32,561 [INFO]     NSE:ADANIENT-EQ | CVD=-31273 vs Ref=-58526 | Close=2220.20 vs VAL=2211.70
2026-02-05 11:38:32,880 [INFO]     NSE:BHARTIARTL-EQ | CVD=216293 vs Ref=-581026 | Close=2017.30 vs VAL=2004.30
2026-02-05 11:38:33,078 [INFO]     NSE:BDL-EQ | CVD=-288109 vs Ref=-330233 | Close=1262.50 vs VAL=1251.00
2026-02-05 11:38:33,319 [INFO]     NSE:SONACOMS-EQ | CVD=54994 vs Ref=-62639 | Close=525.55 vs VAL=523.25
2026-02-05 11:38:33,639 [INFO]     NSE:ABCAPITAL-EQ | CVD=44276 vs Ref=-299790 | Close=338.10 vs VAL=335.00
2026-02-05 11:38:33,959 [INFO]     NSE:LTF-EQ | CVD=-364845 vs Ref=-448884 | Close=283.10 vs VAL=278.70
2026-02-05 11:39:33,960 [INFO] 🔍 Scanning for alerts on 10 symbols (5min)...
2026-02-05 11:39:34,155 [INFO]     NSE:LT-EQ | CVD=-53993 vs Ref=-83058 | Close=4055.90 vs VAL=4038.55
2026-02-05 11:39:34,364 [INFO]     NSE:HAL-EQ | CVD=-604871 vs Ref=-906192 | Close=4018.50 vs VAL=3948.00
2026-02-05 11:39:34,596 [INFO]     NSE:BSE-EQ | CVD=-226423 vs Ref=-314646 | Close=2856.00 vs VAL=2847.60
2026-02-05 11:39:34,809 [INFO]     NSE:ANGELONE-EQ | CVD=-82053 vs Ref=-91451 | Close=2642.70 vs VAL=2628.90
2026-02-05 11:39:35,028 [INFO]     NSE:ADANIENT-EQ | CVD=-31273 vs Ref=-58526 | Close=2220.20 vs VAL=2211.70
2026-02-05 11:39:35,240 [INFO]     NSE:BHARTIARTL-EQ | CVD=216293 vs Ref=-581026 | Close=2017.30 vs VAL=2004.30
2026-02-05 11:39:35,459 [INFO]     NSE:BDL-EQ | CVD=-288109 vs Ref=-330233 | Close=1262.50 vs VAL=1251.00
2026-02-05 11:39:35,665 [INFO]     NSE:SONACOMS-EQ | CVD=54994 vs Ref=-62639 | Close=525.55 vs VAL=523.25
2026-02-05 11:39:35,866 [INFO]     NSE:ABCAPITAL-EQ | CVD=44276 vs Ref=-299790 | Close=338.10 vs VAL=335.00
2026-02-05 11:39:36,081 [INFO]     NSE:LTF-EQ | CVD=-364845 vs Ref=-448884 | Close=283.10 vs VAL=278.70
2026-02-05 11:40:36,082 [INFO] 🔍 Scanning for alerts on 10 symbols (5min)...
2026-02-05 11:40:36,278 [INFO]     NSE:LT-EQ | CVD=-53993 vs Ref=-83058 | Close=4055.90 vs VAL=4038.55
2026-02-05 11:40:36,506 [INFO]     NSE:HAL-EQ | CVD=-604871 vs Ref=-906192 | Close=4018.50 vs VAL=3948.00
2026-02-05 11:40:36,782 [INFO]     NSE:BSE-EQ | CVD=-226423 vs Ref=-314646 | Close=2856.00 vs VAL=2847.60
2026-02-05 11:40:36,986 [INFO]     NSE:ANGELONE-EQ | CVD=-82053 vs Ref=-91451 | Close=2642.70 vs VAL=2628.90
2026-02-05 11:40:37,190 [INFO]     NSE:ADANIENT-EQ | CVD=-31273 vs Ref=-58526 | Close=2220.20 vs VAL=2211.70
2026-02-05 11:40:37,388 [INFO]     NSE:BHARTIARTL-EQ | CVD=216293 vs Ref=-581026 | Close=2017.30 vs VAL=2004.30
2026-02-05 11:40:37,592 [INFO]     NSE:BDL-EQ | CVD=-288109 vs Ref=-330233 | Close=1262.50 vs VAL=1251.00
2026-02-05 11:40:37,803 [INFO]     NSE:SONACOMS-EQ | CVD=54994 vs Ref=-62639 | Close=525.55 vs VAL=523.25
2026-02-05 11:40:37,999 [INFO]     NSE:ABCAPITAL-EQ | CVD=44276 vs Ref=-299790 | Close=338.10 vs VAL=335.00
2026-02-05 11:40:38,222 [INFO]     NSE:LTF-EQ | CVD=-364845 vs Ref=-448884 | Close=283.10 vs VAL=278.70
2026-02-05 11:41:38,223 [INFO] 🔍 Scanning for alerts on 10 symbols (5min)...
2026-02-05 11:41:38,419 [INFO]     NSE:LT-EQ | CVD=-49540 vs Ref=-83058 | Close=4062.90 vs VAL=4038.55
2026-02-05 11:41:38,611 [INFO]     NSE:HAL-EQ | CVD=-613864 vs Ref=-906192 | Close=4021.00 vs VAL=3948.00
2026-02-05 11:41:38,832 [INFO]     NSE:BSE-EQ | CVD=-230338 vs Ref=-314646 | Close=2860.70 vs VAL=2847.60
2026-02-05 11:41:39,098 [INFO]     NSE:ANGELONE-EQ | CVD=-81690 vs Ref=-91451 | Close=2646.00 vs VAL=2628.90
2026-02-05 11:41:39,435 [INFO]     NSE:ADANIENT-EQ | CVD=-27877 vs Ref=-58526 | Close=2220.90 vs VAL=2211.70
2026-02-05 11:41:39,668 [INFO]     NSE:BHARTIARTL-EQ | CVD=200437 vs Ref=-581026 | Close=2015.80 vs VAL=2004.30
2026-02-05 11:41:39,880 [INFO]     NSE:BDL-EQ | CVD=-290668 vs Ref=-330233 | Close=1262.10 vs VAL=1251.00
2026-02-05 11:41:40,099 [INFO]     NSE:SONACOMS-EQ | CVD=39598 vs Ref=-62639 | Close=524.50 vs VAL=523.25
2026-02-05 11:41:40,303 [INFO]     NSE:ABCAPITAL-EQ | CVD=50545 vs Ref=-299790 | Close=338.50 vs VAL=335.00
2026-02-05 11:41:40,496 [INFO]     NSE:LTF-EQ | CVD=-363773 vs Ref=-448884 | Close=283.25 vs VAL=278.70
2026-02-05 11:42:40,497 [INFO] 🔍 Scanning for alerts on 10 symbols (5min)...
2026-02-05 11:42:40,696 [INFO]     NSE:LT-EQ | CVD=-49540 vs Ref=-83058 | Close=4062.90 vs VAL=4038.55
2026-02-05 11:42:40,889 [INFO]     NSE:HAL-EQ | CVD=-613864 vs Ref=-906192 | Close=4021.00 vs VAL=3948.00
2026-02-05 11:42:41,097 [INFO]     NSE:BSE-EQ | CVD=-230338 vs Ref=-314646 | Close=2860.70 vs VAL=2847.60
2026-02-05 11:42:41,301 [INFO]     NSE:ANGELONE-EQ | CVD=-81690 vs Ref=-91451 | Close=2646.00 vs VAL=2628.90
2026-02-05 11:42:41,496 [INFO]     NSE:ADANIENT-EQ | CVD=-27877 vs Ref=-58526 | Close=2220.90 vs VAL=2211.70
2026-02-05 11:42:41,689 [INFO]     NSE:BHARTIARTL-EQ | CVD=200437 vs Ref=-581026 | Close=2015.80 vs VAL=2004.30
2026-02-05 11:42:41,941 [INFO]     NSE:BDL-EQ | CVD=-290668 vs Ref=-330233 | Close=1262.10 vs VAL=1251.00
2026-02-05 11:42:42,227 [INFO]     NSE:SONACOMS-EQ | CVD=39598 vs Ref=-62639 | Close=524.50 vs VAL=523.25
2026-02-05 11:42:42,452 [INFO]     NSE:ABCAPITAL-EQ | CVD=50545 vs Ref=-299790 | Close=338.50 vs VAL=335.00
2026-02-05 11:42:42,666 [INFO]     NSE:LTF-EQ | CVD=-363773 vs Ref=-448884 | Close=283.25 vs VAL=278.70
2026-02-05 11:43:42,667 [INFO] 🔍 Scanning for alerts on 10 symbols (5min)...
2026-02-05 11:43:42,870 [INFO]     NSE:LT-EQ | CVD=-49540 vs Ref=-83058 | Close=4062.90 vs VAL=4038.55
2026-02-05 11:43:43,066 [INFO]     NSE:HAL-EQ | CVD=-613864 vs Ref=-906192 | Close=4021.00 vs VAL=3948.00
2026-02-05 11:43:43,281 [INFO]     NSE:BSE-EQ | CVD=-230338 vs Ref=-314646 | Close=2860.70 vs VAL=2847.60
2026-02-05 11:43:43,487 [INFO]     NSE:ANGELONE-EQ | CVD=-81690 vs Ref=-91451 | Close=2646.00 vs VAL=2628.90
2026-02-05 11:43:43,697 [INFO]     NSE:ADANIENT-EQ | CVD=-27877 vs Ref=-58526 | Close=2220.90 vs VAL=2211.70
2026-02-05 11:43:43,905 [INFO]     NSE:BHARTIARTL-EQ | CVD=200437 vs Ref=-581026 | Close=2015.80 vs VAL=2004.30
2026-02-05 11:43:44,111 [INFO]     NSE:BDL-EQ | CVD=-290668 vs Ref=-330233 | Close=1262.10 vs VAL=1251.00
2026-02-05 11:43:44,323 [INFO]     NSE:SONACOMS-EQ | CVD=39598 vs Ref=-62639 | Close=524.50 vs VAL=523.25
2026-02-05 11:43:44,595 [INFO]     NSE:ABCAPITAL-EQ | CVD=50545 vs Ref=-299790 | Close=338.50 vs VAL=335.00
2026-02-05 11:43:44,807 [INFO]     NSE:LTF-EQ | CVD=-363773 vs Ref=-448884 | Close=283.25 vs VAL=278.70
2026-02-05 11:44:44,808 [INFO] 🔍 Scanning for alerts on 10 symbols (5min)...
2026-02-05 11:44:45,052 [INFO]     NSE:LT-EQ | CVD=-49540 vs Ref=-83058 | Close=4062.90 vs VAL=4038.55
2026-02-05 11:44:45,258 [INFO]     NSE:HAL-EQ | CVD=-613864 vs Ref=-906192 | Close=4021.00 vs VAL=3948.00
2026-02-05 11:44:45,467 [INFO]     NSE:BSE-EQ | CVD=-230338 vs Ref=-314646 | Close=2860.70 vs VAL=2847.60
2026-02-05 11:44:45,674 [INFO]     NSE:ANGELONE-EQ | CVD=-81690 vs Ref=-91451 | Close=2646.00 vs VAL=2628.90
2026-02-05 11:44:45,876 [INFO]     NSE:ADANIENT-EQ | CVD=-27877 vs Ref=-58526 | Close=2220.90 vs VAL=2211.70
2026-02-05 11:44:46,080 [INFO]     NSE:BHARTIARTL-EQ | CVD=200437 vs Ref=-581026 | Close=2015.80 vs VAL=2004.30
2026-02-05 11:44:46,303 [INFO]     NSE:BDL-EQ | CVD=-290668 vs Ref=-330233 | Close=1262.10 vs VAL=1251.00
2026-02-05 11:44:46,503 [INFO]     NSE:SONACOMS-EQ | CVD=39598 vs Ref=-62639 | Close=524.50 vs VAL=523.25
2026-02-05 11:44:46,713 [INFO]     NSE:ABCAPITAL-EQ | CVD=50545 vs Ref=-299790 | Close=338.50 vs VAL=335.00
2026-02-05 11:44:46,927 [INFO]     NSE:LTF-EQ | CVD=-363773 vs Ref=-448884 | Close=283.25 vs VAL=278.70
2026-02-05 11:45:46,928 [INFO] 🔍 Scanning for alerts on 10 symbols (5min)...
2026-02-05 11:45:47,116 [INFO]     NSE:LT-EQ | CVD=-49540 vs Ref=-83058 | Close=4062.90 vs VAL=4038.55
2026-02-05 11:45:47,316 [INFO]     NSE:HAL-EQ | CVD=-613864 vs Ref=-906192 | Close=4021.00 vs VAL=3948.00
2026-02-05 11:45:47,521 [INFO]     NSE:BSE-EQ | CVD=-230338 vs Ref=-314646 | Close=2860.70 vs VAL=2847.60
2026-02-05 11:45:47,735 [INFO]     NSE:ANGELONE-EQ | CVD=-81690 vs Ref=-91451 | Close=2646.00 vs VAL=2628.90
2026-02-05 11:45:47,934 [INFO]     NSE:ADANIENT-EQ | CVD=-27877 vs Ref=-58526 | Close=2220.90 vs VAL=2211.70
2026-02-05 11:45:48,149 [INFO]     NSE:BHARTIARTL-EQ | CVD=200437 vs Ref=-581026 | Close=2015.80 vs VAL=2004.30
2026-02-05 11:45:48,350 [INFO]     NSE:BDL-EQ | CVD=-290668 vs Ref=-330233 | Close=1262.10 vs VAL=1251.00
2026-02-05 11:45:48,553 [INFO]     NSE:SONACOMS-EQ | CVD=39598 vs Ref=-62639 | Close=524.50 vs VAL=523.25
2026-02-05 11:45:48,748 [INFO]     NSE:ABCAPITAL-EQ | CVD=50545 vs Ref=-299790 | Close=338.50 vs VAL=335.00
2026-02-05 11:45:48,951 [INFO]     NSE:LTF-EQ | CVD=-363773 vs Ref=-448884 | Close=283.25 vs VAL=278.70
2026-02-05 11:46:48,952 [INFO] 🔍 Scanning for alerts on 10 symbols (5min)...
2026-02-05 11:46:49,135 [INFO]     NSE:LT-EQ | CVD=-48903 vs Ref=-83058 | Close=4061.00 vs VAL=4038.55
2026-02-05 11:46:49,334 [INFO]     NSE:HAL-EQ | CVD=-633831 vs Ref=-906192 | Close=4015.50 vs VAL=3948.00
2026-02-05 11:46:49,532 [INFO]     NSE:BSE-EQ | CVD=-224911 vs Ref=-314646 | Close=2861.90 vs VAL=2847.60
2026-02-05 11:46:49,740 [INFO]     NSE:ANGELONE-EQ | CVD=-82538 vs Ref=-91451 | Close=2643.80 vs VAL=2628.90
2026-02-05 11:46:49,935 [INFO]     NSE:ADANIENT-EQ | CVD=-20794 vs Ref=-58526 | Close=2224.10 vs VAL=2211.70
2026-02-05 11:46:50,131 [INFO]     NSE:BHARTIARTL-EQ | CVD=215010 vs Ref=-581026 | Close=2016.70 vs VAL=2004.30
2026-02-05 11:46:50,322 [INFO]     NSE:BDL-EQ | CVD=-287694 vs Ref=-330233 | Close=1263.50 vs VAL=1251.00
2026-02-05 11:46:50,516 [INFO]     NSE:SONACOMS-EQ | CVD=48152 vs Ref=-62639 | Close=524.50 vs VAL=523.25
2026-02-05 11:46:50,718 [INFO]     NSE:ABCAPITAL-EQ | CVD=72438 vs Ref=-299790 | Close=339.30 vs VAL=335.00
2026-02-05 11:46:50,922 [INFO]     NSE:LTF-EQ | CVD=-345049 vs Ref=-448884 | Close=283.80 vs VAL=278.70
2026-02-05 11:47:50,924 [INFO] 🔍 Scanning for alerts on 10 symbols (5min)...
2026-02-05 11:47:51,144 [INFO]     NSE:LT-EQ | CVD=-48903 vs Ref=-83058 | Close=4061.00 vs VAL=4038.55
2026-02-05 11:47:51,346 [INFO]     NSE:HAL-EQ | CVD=-633831 vs Ref=-906192 | Close=4015.50 vs VAL=3948.00
2026-02-05 11:47:51,596 [INFO]     NSE:BSE-EQ | CVD=-224911 vs Ref=-314646 | Close=2861.90 vs VAL=2847.60
2026-02-05 11:47:51,915 [INFO]     NSE:ANGELONE-EQ | CVD=-82538 vs Ref=-91451 | Close=2643.80 vs VAL=2628.90
2026-02-05 11:47:52,300 [INFO]     NSE:ADANIENT-EQ | CVD=-20794 vs Ref=-58526 | Close=2224.10 vs VAL=2211.70
2026-02-05 11:47:52,533 [INFO]     NSE:BHARTIARTL-EQ | CVD=215010 vs Ref=-581026 | Close=2016.70 vs VAL=2004.30
2026-02-05 11:47:52,728 [INFO]     NSE:BDL-EQ | CVD=-287694 vs Ref=-330233 | Close=1263.50 vs VAL=1251.00
2026-02-05 11:47:52,944 [INFO]     NSE:SONACOMS-EQ | CVD=48152 vs Ref=-62639 | Close=524.50 vs VAL=523.25
2026-02-05 11:47:53,148 [INFO]     NSE:ABCAPITAL-EQ | CVD=72438 vs Ref=-299790 | Close=339.30 vs VAL=335.00
2026-02-05 11:47:53,359 [INFO]     NSE:LTF-EQ | CVD=-345049 vs Ref=-448884 | Close=283.80 vs VAL=278.70
2026-02-05 11:48:53,361 [INFO] 🔍 Scanning for alerts on 10 symbols (5min)...
2026-02-05 11:48:53,556 [INFO]     NSE:LT-EQ | CVD=-48903 vs Ref=-83058 | Close=4061.00 vs VAL=4038.55
2026-02-05 11:48:53,764 [INFO]     NSE:HAL-EQ | CVD=-633831 vs Ref=-906192 | Close=4015.50 vs VAL=3948.00
2026-02-05 11:48:53,976 [INFO]     NSE:BSE-EQ | CVD=-224911 vs Ref=-314646 | Close=2861.90 vs VAL=2847.60
2026-02-05 11:48:54,191 [INFO]     NSE:ANGELONE-EQ | CVD=-82538 vs Ref=-91451 | Close=2643.80 vs VAL=2628.90
2026-02-05 11:48:54,391 [INFO]     NSE:ADANIENT-EQ | CVD=-20794 vs Ref=-58526 | Close=2224.10 vs VAL=2211.70
2026-02-05 11:48:54,580 [INFO]     NSE:BHARTIARTL-EQ | CVD=215010 vs Ref=-581026 | Close=2016.70 vs VAL=2004.30
2026-02-05 11:48:54,774 [INFO]     NSE:BDL-EQ | CVD=-287694 vs Ref=-330233 | Close=1263.50 vs VAL=1251.00
2026-02-05 11:48:54,976 [INFO]     NSE:SONACOMS-EQ | CVD=48152 vs Ref=-62639 | Close=524.50 vs VAL=523.25
2026-02-05 11:48:55,175 [INFO]     NSE:ABCAPITAL-EQ | CVD=72438 vs Ref=-299790 | Close=339.30 vs VAL=335.00
2026-02-05 11:48:55,383 [INFO]     NSE:LTF-EQ | CVD=-345049 vs Ref=-448884 | Close=283.80 vs VAL=278.70
2026-02-05 11:49:55,385 [INFO] 🔍 Scanning for alerts on 10 symbols (5min)...
2026-02-05 11:49:55,594 [INFO]     NSE:LT-EQ | CVD=-48903 vs Ref=-83058 | Close=4061.00 vs VAL=4038.55
2026-02-05 11:49:55,782 [INFO]     NSE:HAL-EQ | CVD=-633831 vs Ref=-906192 | Close=4015.50 vs VAL=3948.00
2026-02-05 11:49:55,982 [INFO]     NSE:BSE-EQ | CVD=-224911 vs Ref=-314646 | Close=2861.90 vs VAL=2847.60
2026-02-05 11:49:56,188 [INFO]     NSE:ANGELONE-EQ | CVD=-82538 vs Ref=-91451 | Close=2643.80 vs VAL=2628.90
2026-02-05 11:49:56,385 [INFO]     NSE:ADANIENT-EQ | CVD=-20794 vs Ref=-58526 | Close=2224.10 vs VAL=2211.70
2026-02-05 11:49:56,584 [INFO]     NSE:BHARTIARTL-EQ | CVD=215010 vs Ref=-581026 | Close=2016.70 vs VAL=2004.30
2026-02-05 11:49:56,777 [INFO]     NSE:BDL-EQ | CVD=-287694 vs Ref=-330233 | Close=1263.50 vs VAL=1251.00
2026-02-05 11:49:56,981 [INFO]     NSE:SONACOMS-EQ | CVD=48152 vs Ref=-62639 | Close=524.50 vs VAL=523.25
2026-02-05 11:49:57,202 [INFO]     NSE:ABCAPITAL-EQ | CVD=72438 vs Ref=-299790 | Close=339.30 vs VAL=335.00
2026-02-05 11:49:57,420 [INFO]     NSE:LTF-EQ | CVD=-345049 vs Ref=-448884 | Close=283.80 vs VAL=278.70
2026-02-05 11:50:57,421 [INFO] 🔍 Scanning for alerts on 10 symbols (5min)...
2026-02-05 11:50:57,616 [INFO]     NSE:LT-EQ | CVD=-48903 vs Ref=-83058 | Close=4061.00 vs VAL=4038.55
2026-02-05 11:50:57,824 [INFO]     NSE:HAL-EQ | CVD=-633831 vs Ref=-906192 | Close=4015.50 vs VAL=3948.00
2026-02-05 11:50:58,044 [INFO]     NSE:BSE-EQ | CVD=-224911 vs Ref=-314646 | Close=2861.90 vs VAL=2847.60
2026-02-05 11:50:58,260 [INFO]     NSE:ANGELONE-EQ | CVD=-82538 vs Ref=-91451 | Close=2643.80 vs VAL=2628.90
2026-02-05 11:50:58,481 [INFO]     NSE:ADANIENT-EQ | CVD=-20794 vs Ref=-58526 | Close=2224.10 vs VAL=2211.70
2026-02-05 11:50:58,691 [INFO]     NSE:BHARTIARTL-EQ | CVD=215010 vs Ref=-581026 | Close=2016.70 vs VAL=2004.30
2026-02-05 11:50:58,905 [INFO]     NSE:BDL-EQ | CVD=-287694 vs Ref=-330233 | Close=1263.50 vs VAL=1251.00
2026-02-05 11:50:59,115 [INFO]     NSE:SONACOMS-EQ | CVD=48152 vs Ref=-62639 | Close=524.50 vs VAL=523.25
2026-02-05 11:50:59,315 [INFO]     NSE:ABCAPITAL-EQ | CVD=72438 vs Ref=-299790 | Close=339.30 vs VAL=335.00
2026-02-05 11:50:59,516 [INFO]     NSE:LTF-EQ | CVD=-345049 vs Ref=-448884 | Close=283.80 vs VAL=278.70
2026-02-05 11:51:59,517 [INFO] 🔍 Scanning for alerts on 10 symbols (5min)...
2026-02-05 11:51:59,710 [INFO]     NSE:LT-EQ | CVD=-52417 vs Ref=-83058 | Close=4057.00 vs VAL=4038.55
2026-02-05 11:51:59,904 [INFO]     NSE:HAL-EQ | CVD=-645916 vs Ref=-906192 | Close=4027.90 vs VAL=3948.00
2026-02-05 11:52:00,131 [INFO]     NSE:BSE-EQ | CVD=-234799 vs Ref=-314646 | Close=2858.80 vs VAL=2847.60
2026-02-05 11:52:00,335 [INFO]     NSE:ANGELONE-EQ | CVD=-83680 vs Ref=-91451 | Close=2638.20 vs VAL=2628.90
2026-02-05 11:52:00,528 [INFO]     NSE:ADANIENT-EQ | CVD=-18187 vs Ref=-58526 | Close=2220.70 vs VAL=2211.70
2026-02-05 11:52:00,775 [INFO]     NSE:BHARTIARTL-EQ | CVD=168107 vs Ref=-581026 | Close=2010.70 vs VAL=2004.30
2026-02-05 11:52:00,989 [INFO]     NSE:BDL-EQ | CVD=-288813 vs Ref=-330233 | Close=1265.10 vs VAL=1251.00
2026-02-05 11:52:01,206 [INFO]     NSE:SONACOMS-EQ | CVD=42548 vs Ref=-62639 | Close=523.60 vs VAL=523.25
2026-02-05 11:52:01,403 [INFO]     NSE:ABCAPITAL-EQ | CVD=53360 vs Ref=-299790 | Close=338.65 vs VAL=335.00
2026-02-05 11:52:01,614 [INFO]     NSE:LTF-EQ | CVD=-355884 vs Ref=-448884 | Close=283.10 vs VAL=278.70
2026-02-05 11:53:01,616 [INFO] 🔍 Scanning for alerts on 10 symbols (5min)...
2026-02-05 11:53:01,839 [INFO]     NSE:LT-EQ | CVD=-52417 vs Ref=-83058 | Close=4057.00 vs VAL=4038.55
2026-02-05 11:53:02,060 [INFO]     NSE:HAL-EQ | CVD=-645916 vs Ref=-906192 | Close=4027.90 vs VAL=3948.00
2026-02-05 11:53:02,268 [INFO]     NSE:BSE-EQ | CVD=-234799 vs Ref=-314646 | Close=2858.80 vs VAL=2847.60
2026-02-05 11:53:02,810 [INFO]     NSE:ANGELONE-EQ | CVD=-83680 vs Ref=-91451 | Close=2638.20 vs VAL=2628.90
2026-02-05 11:53:03,247 [INFO]     NSE:ADANIENT-EQ | CVD=-18187 vs Ref=-58526 | Close=2220.70 vs VAL=2211.70
2026-02-05 11:53:03,612 [INFO]     NSE:BHARTIARTL-EQ | CVD=168107 vs Ref=-581026 | Close=2010.70 vs VAL=2004.30
2026-02-05 11:53:03,960 [INFO]     NSE:BDL-EQ | CVD=-288813 vs Ref=-330233 | Close=1265.10 vs VAL=1251.00
2026-02-05 11:53:04,230 [INFO]     NSE:SONACOMS-EQ | CVD=42548 vs Ref=-62639 | Close=523.60 vs VAL=523.25
2026-02-05 11:53:04,483 [INFO]     NSE:ABCAPITAL-EQ | CVD=53360 vs Ref=-299790 | Close=338.65 vs VAL=335.00
2026-02-05 11:53:04,847 [INFO]     NSE:LTF-EQ | CVD=-355884 vs Ref=-448884 | Close=283.10 vs VAL=278.70
2026-02-05 11:54:04,849 [INFO] 🔍 Scanning for alerts on 10 symbols (5min)...
2026-02-05 11:54:05,125 [INFO]     NSE:LT-EQ | CVD=-52417 vs Ref=-83058 | Close=4057.00 vs VAL=4038.55
2026-02-05 11:54:05,369 [INFO]     NSE:HAL-EQ | CVD=-645916 vs Ref=-906192 | Close=4027.90 vs VAL=3948.00
2026-02-05 11:54:05,683 [INFO]     NSE:BSE-EQ | CVD=-234799 vs Ref=-314646 | Close=2858.80 vs VAL=2847.60
2026-02-05 11:54:05,931 [INFO]     NSE:ANGELONE-EQ | CVD=-83680 vs Ref=-91451 | Close=2638.20 vs VAL=2628.90
2026-02-05 11:54:06,186 [INFO]     NSE:ADANIENT-EQ | CVD=-18187 vs Ref=-58526 | Close=2220.70 vs VAL=2211.70
2026-02-05 11:54:06,587 [INFO]     NSE:BHARTIARTL-EQ | CVD=168107 vs Ref=-581026 | Close=2010.70 vs VAL=2004.30
2026-02-05 11:54:06,840 [INFO]     NSE:BDL-EQ | CVD=-288813 vs Ref=-330233 | Close=1265.10 vs VAL=1251.00
2026-02-05 11:54:07,068 [INFO]     NSE:SONACOMS-EQ | CVD=42548 vs Ref=-62639 | Close=523.60 vs VAL=523.25
2026-02-05 11:54:07,291 [INFO]     NSE:ABCAPITAL-EQ | CVD=53360 vs Ref=-299790 | Close=338.65 vs VAL=335.00
2026-02-05 11:54:07,493 [INFO]     NSE:LTF-EQ | CVD=-355884 vs Ref=-448884 | Close=283.10 vs VAL=278.70
2026-02-05 11:55:07,494 [INFO] 🔍 Scanning for alerts on 10 symbols (5min)...
2026-02-05 11:55:07,720 [INFO]     NSE:LT-EQ | CVD=-52417 vs Ref=-83058 | Close=4057.00 vs VAL=4038.55
2026-02-05 11:55:07,962 [INFO]     NSE:HAL-EQ | CVD=-645916 vs Ref=-906192 | Close=4027.90 vs VAL=3948.00
2026-02-05 11:55:08,199 [INFO]     NSE:BSE-EQ | CVD=-234799 vs Ref=-314646 | Close=2858.80 vs VAL=2847.60
2026-02-05 11:55:08,422 [INFO]     NSE:ANGELONE-EQ | CVD=-83680 vs Ref=-91451 | Close=2638.20 vs VAL=2628.90
2026-02-05 11:55:08,661 [INFO]     NSE:ADANIENT-EQ | CVD=-18187 vs Ref=-58526 | Close=2220.70 vs VAL=2211.70
2026-02-05 11:55:08,867 [INFO]     NSE:BHARTIARTL-EQ | CVD=168107 vs Ref=-581026 | Close=2010.70 vs VAL=2004.30
2026-02-05 11:55:09,078 [INFO]     NSE:BDL-EQ | CVD=-288813 vs Ref=-330233 | Close=1265.10 vs VAL=1251.00
2026-02-05 11:55:09,297 [INFO]     NSE:SONACOMS-EQ | CVD=42548 vs Ref=-62639 | Close=523.60 vs VAL=523.25
2026-02-05 11:55:09,532 [INFO]     NSE:ABCAPITAL-EQ | CVD=53360 vs Ref=-299790 | Close=338.65 vs VAL=335.00
2026-02-05 11:55:09,761 [INFO]     NSE:LTF-EQ | CVD=-355884 vs Ref=-448884 | Close=283.10 vs VAL=278.70
2026-02-05 11:56:09,762 [INFO] 🔍 Scanning for alerts on 10 symbols (5min)...
2026-02-05 11:56:09,980 [INFO]     NSE:LT-EQ | CVD=-52363 vs Ref=-83058 | Close=4058.00 vs VAL=4038.55
2026-02-05 11:56:10,241 [INFO]     NSE:HAL-EQ | CVD=-634572 vs Ref=-906192 | Close=4029.70 vs VAL=3948.00
2026-02-05 11:56:10,500 [INFO]     NSE:BSE-EQ | CVD=-236493 vs Ref=-314646 | Close=2859.90 vs VAL=2847.60
2026-02-05 11:56:10,711 [INFO]     NSE:ANGELONE-EQ | CVD=-83545 vs Ref=-91451 | Close=2643.70 vs VAL=2628.90
2026-02-05 11:56:10,932 [INFO]     NSE:ADANIENT-EQ | CVD=-18405 vs Ref=-58526 | Close=2221.50 vs VAL=2211.70
2026-02-05 11:56:11,137 [INFO]     NSE:BHARTIARTL-EQ | CVD=181144 vs Ref=-581026 | Close=2013.10 vs VAL=2004.30
2026-02-05 11:56:11,336 [INFO]     NSE:BDL-EQ | CVD=-288976 vs Ref=-330233 | Close=1264.90 vs VAL=1251.00
2026-02-05 11:56:11,556 [INFO]     NSE:SONACOMS-EQ | CVD=38469 vs Ref=-62639 | Close=523.65 vs VAL=523.25
2026-02-05 11:56:11,749 [INFO]     NSE:ABCAPITAL-EQ | CVD=67364 vs Ref=-299790 | Close=338.35 vs VAL=335.00
2026-02-05 11:56:11,952 [INFO]     NSE:LTF-EQ | CVD=-362621 vs Ref=-448884 | Close=283.05 vs VAL=278.70
2026-02-05 11:57:11,953 [INFO] 🔍 Scanning for alerts on 10 symbols (5min)...
2026-02-05 11:57:12,189 [INFO]     NSE:LT-EQ | CVD=-52363 vs Ref=-83058 | Close=4058.00 vs VAL=4038.55
2026-02-05 11:57:12,419 [INFO]     NSE:HAL-EQ | CVD=-634572 vs Ref=-906192 | Close=4029.70 vs VAL=3948.00
2026-02-05 11:57:12,625 [INFO]     NSE:BSE-EQ | CVD=-236493 vs Ref=-314646 | Close=2859.90 vs VAL=2847.60
2026-02-05 11:57:12,816 [INFO]     NSE:ANGELONE-EQ | CVD=-83545 vs Ref=-91451 | Close=2643.70 vs VAL=2628.90
2026-02-05 11:57:13,030 [INFO]     NSE:ADANIENT-EQ | CVD=-18405 vs Ref=-58526 | Close=2221.50 vs VAL=2211.70
2026-02-05 11:57:13,334 [INFO]     NSE:BHARTIARTL-EQ | CVD=181144 vs Ref=-581026 | Close=2013.10 vs VAL=2004.30
2026-02-05 11:57:13,552 [INFO]     NSE:BDL-EQ | CVD=-288976 vs Ref=-330233 | Close=1264.90 vs VAL=1251.00
2026-02-05 11:57:13,760 [INFO]     NSE:SONACOMS-EQ | CVD=38469 vs Ref=-62639 | Close=523.65 vs VAL=523.25
2026-02-05 11:57:13,966 [INFO]     NSE:ABCAPITAL-EQ | CVD=67364 vs Ref=-299790 | Close=338.35 vs VAL=335.00
2026-02-05 11:57:14,167 [INFO]     NSE:LTF-EQ | CVD=-362621 vs Ref=-448884 | Close=283.05 vs VAL=278.70
2026-02-05 11:58:14,169 [INFO] 🔍 Scanning for alerts on 10 symbols (5min)...
2026-02-05 11:58:14,430 [INFO]     NSE:LT-EQ | CVD=-52363 vs Ref=-83058 | Close=4058.00 vs VAL=4038.55
2026-02-05 11:58:14,634 [INFO]     NSE:HAL-EQ | CVD=-634572 vs Ref=-906192 | Close=4029.70 vs VAL=3948.00
2026-02-05 11:58:14,859 [INFO]     NSE:BSE-EQ | CVD=-236493 vs Ref=-314646 | Close=2859.90 vs VAL=2847.60
2026-02-05 11:58:15,075 [INFO]     NSE:ANGELONE-EQ | CVD=-83545 vs Ref=-91451 | Close=2643.70 vs VAL=2628.90
2026-02-05 11:58:15,283 [INFO]     NSE:ADANIENT-EQ | CVD=-18405 vs Ref=-58526 | Close=2221.50 vs VAL=2211.70
2026-02-05 11:58:15,548 [INFO]     NSE:BHARTIARTL-EQ | CVD=181144 vs Ref=-581026 | Close=2013.10 vs VAL=2004.30
2026-02-05 11:58:15,780 [INFO]     NSE:BDL-EQ | CVD=-288976 vs Ref=-330233 | Close=1264.90 vs VAL=1251.00
2026-02-05 11:58:16,057 [INFO]     NSE:SONACOMS-EQ | CVD=38469 vs Ref=-62639 | Close=523.65 vs VAL=523.25
2026-02-05 11:58:16,269 [INFO]     NSE:ABCAPITAL-EQ | CVD=67364 vs Ref=-299790 | Close=338.35 vs VAL=335.00
2026-02-05 11:58:16,491 [INFO]     NSE:LTF-EQ | CVD=-362621 vs Ref=-448884 | Close=283.05 vs VAL=278.70
2026-02-05 11:59:16,493 [INFO] 🔍 Scanning for alerts on 10 symbols (5min)...
2026-02-05 11:59:16,698 [INFO]     NSE:LT-EQ | CVD=-52363 vs Ref=-83058 | Close=4058.00 vs VAL=4038.55
2026-02-05 11:59:16,892 [INFO]     NSE:HAL-EQ | CVD=-634572 vs Ref=-906192 | Close=4029.70 vs VAL=3948.00
2026-02-05 11:59:17,098 [INFO]     NSE:BSE-EQ | CVD=-236493 vs Ref=-314646 | Close=2859.90 vs VAL=2847.60
2026-02-05 11:59:17,322 [INFO]     NSE:ANGELONE-EQ | CVD=-83545 vs Ref=-91451 | Close=2643.70 vs VAL=2628.90
2026-02-05 11:59:17,511 [INFO]     NSE:ADANIENT-EQ | CVD=-18405 vs Ref=-58526 | Close=2221.50 vs VAL=2211.70
2026-02-05 11:59:17,716 [INFO]     NSE:BHARTIARTL-EQ | CVD=181144 vs Ref=-581026 | Close=2013.10 vs VAL=2004.30
2026-02-05 11:59:17,925 [INFO]     NSE:BDL-EQ | CVD=-288976 vs Ref=-330233 | Close=1264.90 vs VAL=1251.00
2026-02-05 11:59:18,138 [INFO]     NSE:SONACOMS-EQ | CVD=38469 vs Ref=-62639 | Close=523.65 vs VAL=523.25
2026-02-05 11:59:18,401 [INFO]     NSE:ABCAPITAL-EQ | CVD=67364 vs Ref=-299790 | Close=338.35 vs VAL=335.00
2026-02-05 11:59:18,672 [INFO]     NSE:LTF-EQ | CVD=-362621 vs Ref=-448884 | Close=283.05 vs VAL=278.70
2026-02-05 12:00:18,673 [INFO] 🔍 Scanning for alerts on 10 symbols (5min)...
2026-02-05 12:00:18,868 [INFO]     NSE:LT-EQ | CVD=-52363 vs Ref=-83058 | Close=4058.00 vs VAL=4038.55
2026-02-05 12:00:19,060 [INFO]     NSE:HAL-EQ | CVD=-634572 vs Ref=-906192 | Close=4029.70 vs VAL=3948.00
2026-02-05 12:00:19,270 [INFO]     NSE:BSE-EQ | CVD=-236493 vs Ref=-314646 | Close=2859.90 vs VAL=2847.60
2026-02-05 12:00:19,482 [INFO]     NSE:ANGELONE-EQ | CVD=-83545 vs Ref=-91451 | Close=2643.70 vs VAL=2628.90
2026-02-05 12:00:19,680 [INFO]     NSE:ADANIENT-EQ | CVD=-18405 vs Ref=-58526 | Close=2221.50 vs VAL=2211.70
2026-02-05 12:00:19,893 [INFO]     NSE:BHARTIARTL-EQ | CVD=181144 vs Ref=-581026 | Close=2013.10 vs VAL=2004.30
2026-02-05 12:00:20,087 [INFO]     NSE:BDL-EQ | CVD=-288976 vs Ref=-330233 | Close=1264.90 vs VAL=1251.00
2026-02-05 12:00:20,302 [INFO]     NSE:SONACOMS-EQ | CVD=38469 vs Ref=-62639 | Close=523.65 vs VAL=523.25
2026-02-05 12:00:20,520 [INFO]     NSE:ABCAPITAL-EQ | CVD=67364 vs Ref=-299790 | Close=338.35 vs VAL=335.00
2026-02-05 12:00:20,720 [INFO]     NSE:LTF-EQ | CVD=-362621 vs Ref=-448884 | Close=283.05 vs VAL=278.70
2026-02-05 12:01:20,722 [INFO] 🔍 Scanning for alerts on 10 symbols (5min)...
2026-02-05 12:01:20,908 [INFO]     NSE:LT-EQ | CVD=-45081 vs Ref=-83058 | Close=4058.90 vs VAL=4038.55
2026-02-05 12:01:21,106 [INFO]     NSE:HAL-EQ | CVD=-619142 vs Ref=-906192 | Close=4038.60 vs VAL=3948.00
2026-02-05 12:01:21,311 [INFO]     NSE:BSE-EQ | CVD=-235836 vs Ref=-314646 | Close=2861.50 vs VAL=2847.60
2026-02-05 12:01:21,633 [INFO]     NSE:ANGELONE-EQ | CVD=-83015 vs Ref=-91451 | Close=2642.40 vs VAL=2628.90
2026-02-05 12:01:21,841 [INFO]     NSE:ADANIENT-EQ | CVD=-17049 vs Ref=-58526 | Close=2225.80 vs VAL=2211.70
2026-02-05 12:01:22,056 [INFO]     NSE:BHARTIARTL-EQ | CVD=168953 vs Ref=-581026 | Close=2011.70 vs VAL=2004.30
2026-02-05 12:01:22,260 [INFO]     NSE:BDL-EQ | CVD=-287230 vs Ref=-330233 | Close=1265.80 vs VAL=1251.00
2026-02-05 12:01:22,474 [INFO]     NSE:SONACOMS-EQ | CVD=43736 vs Ref=-62639 | Close=523.60 vs VAL=523.25
2026-02-05 12:01:22,681 [INFO]     NSE:ABCAPITAL-EQ | CVD=165958 vs Ref=-299790 | Close=340.25 vs VAL=335.00
2026-02-05 12:01:22,878 [INFO]     NSE:LTF-EQ | CVD=-351800 vs Ref=-448884 | Close=283.45 vs VAL=278.70
2026-02-05 12:02:22,878 [INFO] 🔍 Scanning for alerts on 10 symbols (5min)...
2026-02-05 12:02:23,059 [INFO]     NSE:LT-EQ | CVD=-45081 vs Ref=-83058 | Close=4058.90 vs VAL=4038.55
2026-02-05 12:02:23,264 [INFO]     NSE:HAL-EQ | CVD=-619142 vs Ref=-906192 | Close=4038.60 vs VAL=3948.00
2026-02-05 12:02:23,464 [INFO]     NSE:BSE-EQ | CVD=-235836 vs Ref=-314646 | Close=2861.50 vs VAL=2847.60
2026-02-05 12:02:23,735 [INFO]     NSE:ANGELONE-EQ | CVD=-83015 vs Ref=-91451 | Close=2642.40 vs VAL=2628.90
2026-02-05 12:02:23,941 [INFO]     NSE:ADANIENT-EQ | CVD=-17049 vs Ref=-58526 | Close=2225.80 vs VAL=2211.70
2026-02-05 12:02:24,135 [INFO]     NSE:BHARTIARTL-EQ | CVD=168953 vs Ref=-581026 | Close=2011.70 vs VAL=2004.30
2026-02-05 12:02:24,330 [INFO]     NSE:BDL-EQ | CVD=-287230 vs Ref=-330233 | Close=1265.80 vs VAL=1251.00
2026-02-05 12:02:24,532 [INFO]     NSE:SONACOMS-EQ | CVD=43736 vs Ref=-62639 | Close=523.60 vs VAL=523.25
2026-02-05 12:02:24,733 [INFO]     NSE:ABCAPITAL-EQ | CVD=165958 vs Ref=-299790 | Close=340.25 vs VAL=335.00
2026-02-05 12:02:24,926 [INFO]     NSE:LTF-EQ | CVD=-351800 vs Ref=-448884 | Close=283.45 vs VAL=278.70
2026-02-05 12:03:24,927 [INFO] 🔍 Scanning for alerts on 10 symbols (5min)...
2026-02-05 12:03:25,104 [INFO]     NSE:LT-EQ | CVD=-45081 vs Ref=-83058 | Close=4058.90 vs VAL=4038.55
2026-02-05 12:03:25,292 [INFO]     NSE:HAL-EQ | CVD=-619142 vs Ref=-906192 | Close=4038.60 vs VAL=3948.00
2026-02-05 12:03:25,478 [INFO]     NSE:BSE-EQ | CVD=-235836 vs Ref=-314646 | Close=2861.50 vs VAL=2847.60
2026-02-05 12:03:25,664 [INFO]     NSE:ANGELONE-EQ | CVD=-83015 vs Ref=-91451 | Close=2642.40 vs VAL=2628.90
2026-02-05 12:03:25,851 [INFO]     NSE:ADANIENT-EQ | CVD=-17049 vs Ref=-58526 | Close=2225.80 vs VAL=2211.70
2026-02-05 12:03:26,054 [INFO]     NSE:BHARTIARTL-EQ | CVD=168953 vs Ref=-581026 | Close=2011.70 vs VAL=2004.30
2026-02-05 12:03:26,239 [INFO]     NSE:BDL-EQ | CVD=-287230 vs Ref=-330233 | Close=1265.80 vs VAL=1251.00
2026-02-05 12:03:26,426 [INFO]     NSE:SONACOMS-EQ | CVD=43736 vs Ref=-62639 | Close=523.60 vs VAL=523.25
2026-02-05 12:03:26,612 [INFO]     NSE:ABCAPITAL-EQ | CVD=165958 vs Ref=-299790 | Close=340.25 vs VAL=335.00
2026-02-05 12:03:26,815 [INFO]     NSE:LTF-EQ | CVD=-351800 vs Ref=-448884 | Close=283.45 vs VAL=278.70
2026-02-05 12:04:26,816 [INFO] 🔍 Scanning for alerts on 10 symbols (5min)...
2026-02-05 12:04:26,992 [INFO]     NSE:LT-EQ | CVD=-45081 vs Ref=-83058 | Close=4058.90 vs VAL=4038.55
2026-02-05 12:04:27,180 [INFO]     NSE:HAL-EQ | CVD=-619142 vs Ref=-906192 | Close=4038.60 vs VAL=3948.00
2026-02-05 12:04:27,368 [INFO]     NSE:BSE-EQ | CVD=-235836 vs Ref=-314646 | Close=2861.50 vs VAL=2847.60
2026-02-05 12:04:27,557 [INFO]     NSE:ANGELONE-EQ | CVD=-83015 vs Ref=-91451 | Close=2642.40 vs VAL=2628.90
2026-02-05 12:04:27,736 [INFO]     NSE:ADANIENT-EQ | CVD=-17049 vs Ref=-58526 | Close=2225.80 vs VAL=2211.70
2026-02-05 12:04:27,930 [INFO]     NSE:BHARTIARTL-EQ | CVD=168953 vs Ref=-581026 | Close=2011.70 vs VAL=2004.30
2026-02-05 12:04:28,110 [INFO]     NSE:BDL-EQ | CVD=-287230 vs Ref=-330233 | Close=1265.80 vs VAL=1251.00
2026-02-05 12:04:28,308 [INFO]     NSE:SONACOMS-EQ | CVD=43736 vs Ref=-62639 | Close=523.60 vs VAL=523.25
2026-02-05 12:04:28,517 [INFO]     NSE:ABCAPITAL-EQ | CVD=165958 vs Ref=-299790 | Close=340.25 vs VAL=335.00
2026-02-05 12:04:28,822 [INFO]     NSE:LTF-EQ | CVD=-351800 vs Ref=-448884 | Close=283.45 vs VAL=278.70
2026-02-05 12:05:28,824 [INFO] 🔍 Scanning for alerts on 10 symbols (5min)...
2026-02-05 12:05:29,007 [INFO]     NSE:LT-EQ | CVD=-45081 vs Ref=-83058 | Close=4058.90 vs VAL=4038.55
2026-02-05 12:05:29,195 [INFO]     NSE:HAL-EQ | CVD=-619142 vs Ref=-906192 | Close=4038.60 vs VAL=3948.00
2026-02-05 12:05:29,396 [INFO]     NSE:BSE-EQ | CVD=-235836 vs Ref=-314646 | Close=2861.50 vs VAL=2847.60
2026-02-05 12:05:29,581 [INFO]     NSE:ANGELONE-EQ | CVD=-83015 vs Ref=-91451 | Close=2642.40 vs VAL=2628.90
2026-02-05 12:05:29,754 [INFO]     NSE:ADANIENT-EQ | CVD=-17049 vs Ref=-58526 | Close=2225.80 vs VAL=2211.70
2026-02-05 12:05:29,939 [INFO]     NSE:BHARTIARTL-EQ | CVD=168953 vs Ref=-581026 | Close=2011.70 vs VAL=2004.30
2026-02-05 12:05:30,127 [INFO]     NSE:BDL-EQ | CVD=-287230 vs Ref=-330233 | Close=1265.80 vs VAL=1251.00
2026-02-05 12:05:30,331 [INFO]     NSE:SONACOMS-EQ | CVD=43736 vs Ref=-62639 | Close=523.60 vs VAL=523.25
2026-02-05 12:05:30,600 [INFO]     NSE:ABCAPITAL-EQ | CVD=165958 vs Ref=-299790 | Close=340.25 vs VAL=335.00
2026-02-05 12:05:30,783 [INFO]     NSE:LTF-EQ | CVD=-351800 vs Ref=-448884 | Close=283.45 vs VAL=278.70
2026-02-05 12:06:30,784 [INFO] 🔍 Scanning for alerts on 10 symbols (5min)...
2026-02-05 12:06:30,973 [INFO]     NSE:LT-EQ | CVD=-33286 vs Ref=-83058 | Close=4063.30 vs VAL=4038.55
2026-02-05 12:06:31,160 [INFO]     NSE:HAL-EQ | CVD=-609810 vs Ref=-906192 | Close=4045.90 vs VAL=3948.00
2026-02-05 12:06:31,340 [INFO]     NSE:BSE-EQ | CVD=-233798 vs Ref=-314646 | Close=2867.30 vs VAL=2847.60
2026-02-05 12:06:31,534 [INFO]     NSE:ANGELONE-EQ | CVD=-81715 vs Ref=-91451 | Close=2643.10 vs VAL=2628.90
2026-02-05 12:06:31,711 [INFO]     NSE:ADANIENT-EQ | CVD=-18936 vs Ref=-58526 | Close=2224.30 vs VAL=2211.70
2026-02-05 12:06:31,896 [INFO]     NSE:BHARTIARTL-EQ | CVD=131614 vs Ref=-581026 | Close=2014.00 vs VAL=2004.30
2026-02-05 12:06:32,077 [INFO]     NSE:BDL-EQ | CVD=-275902 vs Ref=-330233 | Close=1267.70 vs VAL=1251.00
2026-02-05 12:06:32,262 [INFO]     NSE:SONACOMS-EQ | CVD=66296 vs Ref=-62639 | Close=525.15 vs VAL=523.25
2026-02-05 12:06:32,455 [INFO]     NSE:ABCAPITAL-EQ | CVD=156316 vs Ref=-299790 | Close=339.65 vs VAL=335.00
2026-02-05 12:06:32,647 [INFO]     NSE:LTF-EQ | CVD=-363987 vs Ref=-448884 | Close=283.25 vs VAL=278.70
2026-02-05 12:07:32,648 [INFO] 🔍 Scanning for alerts on 10 symbols (5min)...
2026-02-05 12:07:32,834 [INFO]     NSE:LT-EQ | CVD=-33286 vs Ref=-83058 | Close=4063.30 vs VAL=4038.55
2026-02-05 12:07:33,026 [INFO]     NSE:HAL-EQ | CVD=-609810 vs Ref=-906192 | Close=4045.90 vs VAL=3948.00
2026-02-05 12:07:33,210 [INFO]     NSE:BSE-EQ | CVD=-233798 vs Ref=-314646 | Close=2867.30 vs VAL=2847.60
2026-02-05 12:07:33,412 [INFO]     NSE:ANGELONE-EQ | CVD=-81715 vs Ref=-91451 | Close=2643.10 vs VAL=2628.90
2026-02-05 12:07:33,595 [INFO]     NSE:ADANIENT-EQ | CVD=-18936 vs Ref=-58526 | Close=2224.30 vs VAL=2211.70
2026-02-05 12:07:33,783 [INFO]     NSE:BHARTIARTL-EQ | CVD=131614 vs Ref=-581026 | Close=2014.00 vs VAL=2004.30
2026-02-05 12:07:33,975 [INFO]     NSE:BDL-EQ | CVD=-275902 vs Ref=-330233 | Close=1267.70 vs VAL=1251.00
2026-02-05 12:07:34,173 [INFO]     NSE:SONACOMS-EQ | CVD=66296 vs Ref=-62639 | Close=525.15 vs VAL=523.25
2026-02-05 12:07:34,385 [INFO]     NSE:ABCAPITAL-EQ | CVD=156316 vs Ref=-299790 | Close=339.65 vs VAL=335.00
2026-02-05 12:07:34,578 [INFO]     NSE:LTF-EQ | CVD=-363987 vs Ref=-448884 | Close=283.25 vs VAL=278.70
2026-02-05 12:08:34,579 [INFO] 🔍 Scanning for alerts on 10 symbols (5min)...
2026-02-05 12:08:34,756 [INFO]     NSE:LT-EQ | CVD=-33286 vs Ref=-83058 | Close=4063.30 vs VAL=4038.55
2026-02-05 12:08:34,934 [INFO]     NSE:HAL-EQ | CVD=-609810 vs Ref=-906192 | Close=4045.90 vs VAL=3948.00
2026-02-05 12:08:35,120 [INFO]     NSE:BSE-EQ | CVD=-233798 vs Ref=-314646 | Close=2867.30 vs VAL=2847.60
2026-02-05 12:08:35,313 [INFO]     NSE:ANGELONE-EQ | CVD=-81715 vs Ref=-91451 | Close=2643.10 vs VAL=2628.90
2026-02-05 12:08:35,495 [INFO]     NSE:ADANIENT-EQ | CVD=-18936 vs Ref=-58526 | Close=2224.30 vs VAL=2211.70
2026-02-05 12:08:35,685 [INFO]     NSE:BHARTIARTL-EQ | CVD=131614 vs Ref=-581026 | Close=2014.00 vs VAL=2004.30
2026-02-05 12:08:37,536 [INFO]     NSE:BDL-EQ | CVD=-275902 vs Ref=-330233 | Close=1267.70 vs VAL=1251.00
2026-02-05 12:08:37,738 [INFO]     NSE:SONACOMS-EQ | CVD=66296 vs Ref=-62639 | Close=525.15 vs VAL=523.25
2026-02-05 12:08:37,921 [INFO]     NSE:ABCAPITAL-EQ | CVD=156316 vs Ref=-299790 | Close=339.65 vs VAL=335.00
2026-02-05 12:08:38,114 [INFO]     NSE:LTF-EQ | CVD=-363987 vs Ref=-448884 | Close=283.25 vs VAL=278.70
2026-02-05 12:09:38,116 [INFO] 🔍 Scanning for alerts on 10 symbols (5min)...
2026-02-05 12:09:38,293 [INFO]     NSE:LT-EQ | CVD=-33286 vs Ref=-83058 | Close=4063.30 vs VAL=4038.55
2026-02-05 12:09:38,477 [INFO]     NSE:HAL-EQ | CVD=-609810 vs Ref=-906192 | Close=4045.90 vs VAL=3948.00
2026-02-05 12:09:38,663 [INFO]     NSE:BSE-EQ | CVD=-233798 vs Ref=-314646 | Close=2867.30 vs VAL=2847.60
2026-02-05 12:09:38,860 [INFO]     NSE:ANGELONE-EQ | CVD=-81715 vs Ref=-91451 | Close=2643.10 vs VAL=2628.90
2026-02-05 12:09:39,043 [INFO]     NSE:ADANIENT-EQ | CVD=-18936 vs Ref=-58526 | Close=2224.30 vs VAL=2211.70
2026-02-05 12:09:39,228 [INFO]     NSE:BHARTIARTL-EQ | CVD=131614 vs Ref=-581026 | Close=2014.00 vs VAL=2004.30
2026-02-05 12:09:39,407 [INFO]     NSE:BDL-EQ | CVD=-275902 vs Ref=-330233 | Close=1267.70 vs VAL=1251.00
2026-02-05 12:09:39,600 [INFO]     NSE:SONACOMS-EQ | CVD=66296 vs Ref=-62639 | Close=525.15 vs VAL=523.25
2026-02-05 12:09:39,776 [INFO]     NSE:ABCAPITAL-EQ | CVD=156316 vs Ref=-299790 | Close=339.65 vs VAL=335.00
2026-02-05 12:09:39,972 [INFO]     NSE:LTF-EQ | CVD=-363987 vs Ref=-448884 | Close=283.25 vs VAL=278.70
2026-02-05 12:10:39,973 [INFO] 🔍 Scanning for alerts on 10 symbols (5min)...
2026-02-05 12:10:40,157 [INFO]     NSE:LT-EQ | CVD=-33286 vs Ref=-83058 | Close=4063.30 vs VAL=4038.55
2026-02-05 12:10:40,341 [INFO]     NSE:HAL-EQ | CVD=-609810 vs Ref=-906192 | Close=4045.90 vs VAL=3948.00
2026-02-05 12:10:40,530 [INFO]     NSE:BSE-EQ | CVD=-233798 vs Ref=-314646 | Close=2867.30 vs VAL=2847.60
2026-02-05 12:10:40,734 [INFO]     NSE:ANGELONE-EQ | CVD=-81715 vs Ref=-91451 | Close=2643.10 vs VAL=2628.90
2026-02-05 12:10:40,928 [INFO]     NSE:ADANIENT-EQ | CVD=-18936 vs Ref=-58526 | Close=2224.30 vs VAL=2211.70
2026-02-05 12:10:41,119 [INFO]     NSE:BHARTIARTL-EQ | CVD=131614 vs Ref=-581026 | Close=2014.00 vs VAL=2004.30
2026-02-05 12:10:41,298 [INFO]     NSE:BDL-EQ | CVD=-275902 vs Ref=-330233 | Close=1267.70 vs VAL=1251.00
2026-02-05 12:10:41,484 [INFO]     NSE:SONACOMS-EQ | CVD=66296 vs Ref=-62639 | Close=525.15 vs VAL=523.25
2026-02-05 12:10:41,664 [INFO]     NSE:ABCAPITAL-EQ | CVD=156316 vs Ref=-299790 | Close=339.65 vs VAL=335.00
2026-02-05 12:10:41,862 [INFO]     NSE:LTF-EQ | CVD=-363987 vs Ref=-448884 | Close=283.25 vs VAL=278.70
2026-02-05 12:11:41,863 [INFO] 🔍 Scanning for alerts on 10 symbols (5min)...
2026-02-05 12:11:42,037 [INFO]     NSE:LT-EQ | CVD=-35123 vs Ref=-83058 | Close=4060.60 vs VAL=4038.55
2026-02-05 12:11:42,220 [INFO]     NSE:HAL-EQ | CVD=-592901 vs Ref=-906192 | Close=4049.70 vs VAL=3948.00
2026-02-05 12:11:42,405 [INFO]     NSE:BSE-EQ | CVD=-213406 vs Ref=-314646 | Close=2868.90 vs VAL=2847.60
2026-02-05 12:11:42,586 [INFO]     NSE:ANGELONE-EQ | CVD=-82778 vs Ref=-91451 | Close=2641.20 vs VAL=2628.90
2026-02-05 12:11:42,772 [INFO]     NSE:ADANIENT-EQ | CVD=-20587 vs Ref=-58526 | Close=2222.70 vs VAL=2211.70
2026-02-05 12:11:42,966 [INFO]     NSE:BHARTIARTL-EQ | CVD=110567 vs Ref=-581026 | Close=2013.60 vs VAL=2004.30
2026-02-05 12:11:43,150 [INFO]     NSE:BDL-EQ | CVD=-261771 vs Ref=-330233 | Close=1270.00 vs VAL=1251.00
2026-02-05 12:11:43,326 [INFO]     NSE:SONACOMS-EQ | CVD=76691 vs Ref=-62639 | Close=525.10 vs VAL=523.25
2026-02-05 12:11:43,515 [INFO]     NSE:ABCAPITAL-EQ | CVD=124462 vs Ref=-299790 | Close=339.10 vs VAL=335.00
2026-02-05 12:11:43,701 [INFO]     NSE:LTF-EQ | CVD=-369611 vs Ref=-448884 | Close=283.15 vs VAL=278.70
2026-02-05 12:12:43,702 [INFO] 🔍 Scanning for alerts on 10 symbols (5min)...
2026-02-05 12:12:43,875 [INFO]     NSE:LT-EQ | CVD=-35123 vs Ref=-83058 | Close=4060.60 vs VAL=4038.55
2026-02-05 12:12:44,056 [INFO]     NSE:HAL-EQ | CVD=-592901 vs Ref=-906192 | Close=4049.70 vs VAL=3948.00
2026-02-05 12:12:44,245 [INFO]     NSE:BSE-EQ | CVD=-213406 vs Ref=-314646 | Close=2868.90 vs VAL=2847.60
2026-02-05 12:12:44,440 [INFO]     NSE:ANGELONE-EQ | CVD=-82778 vs Ref=-91451 | Close=2641.20 vs VAL=2628.90
2026-02-05 12:12:44,634 [INFO]     NSE:ADANIENT-EQ | CVD=-20587 vs Ref=-58526 | Close=2222.70 vs VAL=2211.70
2026-02-05 12:12:44,863 [INFO]     NSE:BHARTIARTL-EQ | CVD=110567 vs Ref=-581026 | Close=2013.60 vs VAL=2004.30
2026-02-05 12:12:45,078 [INFO]     NSE:BDL-EQ | CVD=-261771 vs Ref=-330233 | Close=1270.00 vs VAL=1251.00
2026-02-05 12:12:45,254 [INFO]     NSE:SONACOMS-EQ | CVD=76691 vs Ref=-62639 | Close=525.10 vs VAL=523.25
2026-02-05 12:12:45,433 [INFO]     NSE:ABCAPITAL-EQ | CVD=124462 vs Ref=-299790 | Close=339.10 vs VAL=335.00
2026-02-05 12:12:45,610 [INFO]     NSE:LTF-EQ | CVD=-369611 vs Ref=-448884 | Close=283.15 vs VAL=278.70
2026-02-05 12:13:45,612 [INFO] 🔍 Scanning for alerts on 10 symbols (5min)...
2026-02-05 12:13:45,784 [INFO]     NSE:LT-EQ | CVD=-35123 vs Ref=-83058 | Close=4060.60 vs VAL=4038.55
2026-02-05 12:13:45,973 [INFO]     NSE:HAL-EQ | CVD=-592901 vs Ref=-906192 | Close=4049.70 vs VAL=3948.00
2026-02-05 12:13:46,157 [INFO]     NSE:BSE-EQ | CVD=-213406 vs Ref=-314646 | Close=2868.90 vs VAL=2847.60
2026-02-05 12:13:46,351 [INFO]     NSE:ANGELONE-EQ | CVD=-82778 vs Ref=-91451 | Close=2641.20 vs VAL=2628.90
2026-02-05 12:13:46,526 [INFO]     NSE:ADANIENT-EQ | CVD=-20587 vs Ref=-58526 | Close=2222.70 vs VAL=2211.70
2026-02-05 12:13:46,706 [INFO]     NSE:BHARTIARTL-EQ | CVD=110567 vs Ref=-581026 | Close=2013.60 vs VAL=2004.30
2026-02-05 12:13:46,892 [INFO]     NSE:BDL-EQ | CVD=-261771 vs Ref=-330233 | Close=1270.00 vs VAL=1251.00
2026-02-05 12:13:47,076 [INFO]     NSE:SONACOMS-EQ | CVD=76691 vs Ref=-62639 | Close=525.10 vs VAL=523.25
2026-02-05 12:13:47,256 [INFO]     NSE:ABCAPITAL-EQ | CVD=124462 vs Ref=-299790 | Close=339.10 vs VAL=335.00
2026-02-05 12:13:47,446 [INFO]     NSE:LTF-EQ | CVD=-369611 vs Ref=-448884 | Close=283.15 vs VAL=278.70
2026-02-05 12:14:47,447 [INFO] 🔍 Scanning for alerts on 10 symbols (5min)...
2026-02-05 12:14:47,630 [INFO]     NSE:LT-EQ | CVD=-35123 vs Ref=-83058 | Close=4060.60 vs VAL=4038.55
2026-02-05 12:14:47,851 [INFO]     NSE:HAL-EQ | CVD=-592901 vs Ref=-906192 | Close=4049.70 vs VAL=3948.00
2026-02-05 12:14:48,070 [INFO]     NSE:BSE-EQ | CVD=-213406 vs Ref=-314646 | Close=2868.90 vs VAL=2847.60
2026-02-05 12:14:48,255 [INFO]     NSE:ANGELONE-EQ | CVD=-82778 vs Ref=-91451 | Close=2641.20 vs VAL=2628.90
2026-02-05 12:14:48,437 [INFO]     NSE:ADANIENT-EQ | CVD=-20587 vs Ref=-58526 | Close=2222.70 vs VAL=2211.70
2026-02-05 12:14:48,628 [INFO]     NSE:BHARTIARTL-EQ | CVD=110567 vs Ref=-581026 | Close=2013.60 vs VAL=2004.30
2026-02-05 12:14:48,808 [INFO]     NSE:BDL-EQ | CVD=-261771 vs Ref=-330233 | Close=1270.00 vs VAL=1251.00
2026-02-05 12:14:48,992 [INFO]     NSE:SONACOMS-EQ | CVD=76691 vs Ref=-62639 | Close=525.10 vs VAL=523.25
2026-02-05 12:14:49,174 [INFO]     NSE:ABCAPITAL-EQ | CVD=124462 vs Ref=-299790 | Close=339.10 vs VAL=335.00
2026-02-05 12:14:49,362 [INFO]     NSE:LTF-EQ | CVD=-369611 vs Ref=-448884 | Close=283.15 vs VAL=278.70
2026-02-05 12:15:49,363 [INFO] 🔍 Scanning for alerts on 10 symbols (5min)...
2026-02-05 12:15:49,549 [INFO]     NSE:LT-EQ | CVD=-35123 vs Ref=-83058 | Close=4060.60 vs VAL=4038.55
2026-02-05 12:15:51,409 [INFO]     NSE:HAL-EQ | CVD=-592901 vs Ref=-906192 | Close=4049.70 vs VAL=3948.00
2026-02-05 12:15:51,625 [INFO]     NSE:BSE-EQ | CVD=-213406 vs Ref=-314646 | Close=2868.90 vs VAL=2847.60
2026-02-05 12:15:51,812 [INFO]     NSE:ANGELONE-EQ | CVD=-82778 vs Ref=-91451 | Close=2641.20 vs VAL=2628.90
2026-02-05 12:15:51,994 [INFO]     NSE:ADANIENT-EQ | CVD=-20587 vs Ref=-58526 | Close=2222.70 vs VAL=2211.70
2026-02-05 12:15:52,175 [INFO]     NSE:BHARTIARTL-EQ | CVD=110567 vs Ref=-581026 | Close=2013.60 vs VAL=2004.30
2026-02-05 12:15:52,369 [INFO]     NSE:BDL-EQ | CVD=-261771 vs Ref=-330233 | Close=1270.00 vs VAL=1251.00
2026-02-05 12:15:52,546 [INFO]     NSE:SONACOMS-EQ | CVD=76691 vs Ref=-62639 | Close=525.10 vs VAL=523.25
2026-02-05 12:15:52,731 [INFO]     NSE:ABCAPITAL-EQ | CVD=124462 vs Ref=-299790 | Close=339.10 vs VAL=335.00
2026-02-05 12:15:52,926 [INFO]     NSE:LTF-EQ | CVD=-369611 vs Ref=-448884 | Close=283.15 vs VAL=278.70
2026-02-05 12:16:52,927 [INFO] 🔍 Scanning for alerts on 10 symbols (5min)...
2026-02-05 12:16:53,120 [INFO]     NSE:LT-EQ | CVD=-36291 vs Ref=-83058 | Close=4061.60 vs VAL=4038.55
2026-02-05 12:16:53,303 [INFO]     NSE:HAL-EQ | CVD=-567566 vs Ref=-906192 | Close=4056.20 vs VAL=3948.00
2026-02-05 12:16:53,501 [INFO]     NSE:BSE-EQ | CVD=-220060 vs Ref=-314646 | Close=2864.00 vs VAL=2847.60
2026-02-05 12:16:53,698 [INFO]     NSE:ANGELONE-EQ | CVD=-83852 vs Ref=-91451 | Close=2642.00 vs VAL=2628.90
2026-02-05 12:16:53,878 [INFO]     NSE:ADANIENT-EQ | CVD=-32837 vs Ref=-58526 | Close=2214.50 vs VAL=2211.70
2026-02-05 12:16:54,063 [INFO]     NSE:BHARTIARTL-EQ | CVD=70194 vs Ref=-581026 | Close=2010.80 vs VAL=2004.30
2026-02-05 12:16:54,254 [INFO]     NSE:BDL-EQ | CVD=-255942 vs Ref=-330233 | Close=1269.30 vs VAL=1251.00
2026-02-05 12:16:54,448 [INFO]     NSE:SONACOMS-EQ | CVD=80293 vs Ref=-62639 | Close=525.40 vs VAL=523.25
2026-02-05 12:16:54,624 [INFO]     NSE:ABCAPITAL-EQ | CVD=150822 vs Ref=-299790 | Close=338.95 vs VAL=335.00
2026-02-05 12:16:54,805 [INFO]     NSE:LTF-EQ | CVD=-376047 vs Ref=-448884 | Close=283.10 vs VAL=278.70
2026-02-05 12:17:54,806 [INFO] 🔍 Scanning for alerts on 10 symbols (5min)...
2026-02-05 12:17:54,978 [INFO]     NSE:LT-EQ | CVD=-36291 vs Ref=-83058 | Close=4061.60 vs VAL=4038.55
2026-02-05 12:17:55,157 [INFO]     NSE:HAL-EQ | CVD=-567566 vs Ref=-906192 | Close=4056.20 vs VAL=3948.00
2026-02-05 12:17:55,342 [INFO]     NSE:BSE-EQ | CVD=-220060 vs Ref=-314646 | Close=2864.00 vs VAL=2847.60
2026-02-05 12:17:55,566 [INFO]     NSE:ANGELONE-EQ | CVD=-83852 vs Ref=-91451 | Close=2642.00 vs VAL=2628.90
2026-02-05 12:17:55,783 [INFO]     NSE:ADANIENT-EQ | CVD=-32837 vs Ref=-58526 | Close=2214.50 vs VAL=2211.70
2026-02-05 12:17:55,994 [INFO]     NSE:BHARTIARTL-EQ | CVD=70194 vs Ref=-581026 | Close=2010.80 vs VAL=2004.30
2026-02-05 12:17:56,176 [INFO]     NSE:BDL-EQ | CVD=-255942 vs Ref=-330233 | Close=1269.30 vs VAL=1251.00
2026-02-05 12:17:56,359 [INFO]     NSE:SONACOMS-EQ | CVD=80293 vs Ref=-62639 | Close=525.40 vs VAL=523.25
2026-02-05 12:17:56,541 [INFO]     NSE:ABCAPITAL-EQ | CVD=150822 vs Ref=-299790 | Close=338.95 vs VAL=335.00
2026-02-05 12:17:56,737 [INFO]     NSE:LTF-EQ | CVD=-376047 vs Ref=-448884 | Close=283.10 vs VAL=278.70
2026-02-05 12:18:56,738 [INFO] 🔍 Scanning for alerts on 10 symbols (5min)...
2026-02-05 12:18:56,919 [INFO]     NSE:LT-EQ | CVD=-36291 vs Ref=-83058 | Close=4061.60 vs VAL=4038.55
2026-02-05 12:18:57,109 [INFO]     NSE:HAL-EQ | CVD=-567566 vs Ref=-906192 | Close=4056.20 vs VAL=3948.00
2026-02-05 12:18:57,297 [INFO]     NSE:BSE-EQ | CVD=-220060 vs Ref=-314646 | Close=2864.00 vs VAL=2847.60
2026-02-05 12:18:57,489 [INFO]     NSE:ANGELONE-EQ | CVD=-83852 vs Ref=-91451 | Close=2642.00 vs VAL=2628.90
2026-02-05 12:18:57,679 [INFO]     NSE:ADANIENT-EQ | CVD=-32837 vs Ref=-58526 | Close=2214.50 vs VAL=2211.70
2026-02-05 12:18:57,876 [INFO]     NSE:BHARTIARTL-EQ | CVD=70194 vs Ref=-581026 | Close=2010.80 vs VAL=2004.30
2026-02-05 12:18:58,051 [INFO]     NSE:BDL-EQ | CVD=-255942 vs Ref=-330233 | Close=1269.30 vs VAL=1251.00
2026-02-05 12:18:58,251 [INFO]     NSE:SONACOMS-EQ | CVD=80293 vs Ref=-62639 | Close=525.40 vs VAL=523.25
2026-02-05 12:18:58,476 [INFO]     NSE:ABCAPITAL-EQ | CVD=150822 vs Ref=-299790 | Close=338.95 vs VAL=335.00
2026-02-05 12:18:58,741 [INFO]     NSE:LTF-EQ | CVD=-376047 vs Ref=-448884 | Close=283.10 vs VAL=278.70
2026-02-05 12:19:58,742 [INFO] 🔍 Scanning for alerts on 10 symbols (5min)...
2026-02-05 12:19:58,919 [INFO]     NSE:LT-EQ | CVD=-36291 vs Ref=-83058 | Close=4061.60 vs VAL=4038.55
2026-02-05 12:19:59,108 [INFO]     NSE:HAL-EQ | CVD=-567566 vs Ref=-906192 | Close=4056.20 vs VAL=3948.00
2026-02-05 12:19:59,301 [INFO]     NSE:BSE-EQ | CVD=-220060 vs Ref=-314646 | Close=2864.00 vs VAL=2847.60
2026-02-05 12:19:59,492 [INFO]     NSE:ANGELONE-EQ | CVD=-83852 vs Ref=-91451 | Close=2642.00 vs VAL=2628.90
2026-02-05 12:19:59,705 [INFO]     NSE:ADANIENT-EQ | CVD=-32837 vs Ref=-58526 | Close=2214.50 vs VAL=2211.70
2026-02-05 12:19:59,900 [INFO]     NSE:BHARTIARTL-EQ | CVD=70194 vs Ref=-581026 | Close=2010.80 vs VAL=2004.30
2026-02-05 12:20:00,083 [INFO]     NSE:BDL-EQ | CVD=-255942 vs Ref=-330233 | Close=1269.30 vs VAL=1251.00
2026-02-05 12:20:00,269 [INFO]     NSE:SONACOMS-EQ | CVD=80293 vs Ref=-62639 | Close=525.40 vs VAL=523.25
2026-02-05 12:20:00,453 [INFO]     NSE:ABCAPITAL-EQ | CVD=150822 vs Ref=-299790 | Close=338.95 vs VAL=335.00
2026-02-05 12:20:00,646 [INFO]     NSE:LTF-EQ | CVD=-376047 vs Ref=-448884 | Close=283.10 vs VAL=278.70
2026-02-05 12:21:00,647 [INFO] 🔍 Scanning for alerts on 10 symbols (5min)...
2026-02-05 12:21:02,523 [INFO]     NSE:LT-EQ | CVD=-36291 vs Ref=-83058 | Close=4061.60 vs VAL=4038.55
2026-02-05 12:21:03,040 [INFO]     NSE:HAL-EQ | CVD=-567566 vs Ref=-906192 | Close=4056.20 vs VAL=3948.00
2026-02-05 12:21:03,378 [INFO]     NSE:BSE-EQ | CVD=-220060 vs Ref=-314646 | Close=2864.00 vs VAL=2847.60
2026-02-05 12:21:03,628 [INFO]     NSE:ANGELONE-EQ | CVD=-83852 vs Ref=-91451 | Close=2642.00 vs VAL=2628.90
2026-02-05 12:21:03,875 [INFO]     NSE:ADANIENT-EQ | CVD=-32837 vs Ref=-58526 | Close=2214.50 vs VAL=2211.70
2026-02-05 12:21:04,138 [INFO]     NSE:BHARTIARTL-EQ | CVD=-17492 vs Ref=-581026 | Close=2005.90 vs VAL=2004.30
2026-02-05 12:21:04,402 [INFO]     NSE:BDL-EQ | CVD=-255942 vs Ref=-330233 | Close=1269.30 vs VAL=1251.00
2026-02-05 12:21:04,683 [INFO]     NSE:SONACOMS-EQ | CVD=80293 vs Ref=-62639 | Close=525.40 vs VAL=523.25
2026-02-05 12:21:04,961 [INFO]     NSE:ABCAPITAL-EQ | CVD=184640 vs Ref=-299790 | Close=339.00 vs VAL=335.00
2026-02-05 12:21:05,199 [INFO]     NSE:LTF-EQ | CVD=-384224 vs Ref=-448884 | Close=283.00 vs VAL=278.70
2026-02-05 12:22:05,201 [INFO] 🔍 Scanning for alerts on 10 symbols (5min)...
2026-02-05 12:22:05,388 [INFO]     NSE:LT-EQ | CVD=-40175 vs Ref=-83058 | Close=4060.00 vs VAL=4038.55
2026-02-05 12:22:05,586 [INFO]     NSE:HAL-EQ | CVD=-488536 vs Ref=-906192 | Close=4074.50 vs VAL=3948.00
2026-02-05 12:22:05,773 [INFO]     NSE:BSE-EQ | CVD=-220294 vs Ref=-314646 | Close=2863.90 vs VAL=2847.60
2026-02-05 12:22:05,967 [INFO]     NSE:ANGELONE-EQ | CVD=-84318 vs Ref=-91451 | Close=2644.40 vs VAL=2628.90
2026-02-05 12:22:06,148 [INFO]     NSE:ADANIENT-EQ | CVD=-30789 vs Ref=-58526 | Close=2214.60 vs VAL=2211.70
2026-02-05 12:22:06,405 [INFO]     NSE:BHARTIARTL-EQ | CVD=-17492 vs Ref=-581026 | Close=2005.90 vs VAL=2004.30
2026-02-05 12:22:06,685 [INFO]     NSE:BDL-EQ | CVD=-252820 vs Ref=-330233 | Close=1270.20 vs VAL=1251.00
2026-02-05 12:22:06,904 [INFO]     NSE:SONACOMS-EQ | CVD=82182 vs Ref=-62639 | Close=525.65 vs VAL=523.25
2026-02-05 12:22:07,083 [INFO]     NSE:ABCAPITAL-EQ | CVD=184640 vs Ref=-299790 | Close=339.00 vs VAL=335.00
2026-02-05 12:22:07,279 [INFO]     NSE:LTF-EQ | CVD=-384224 vs Ref=-448884 | Close=283.00 vs VAL=278.70
2026-02-05 12:23:07,280 [INFO] 🔍 Scanning for alerts on 10 symbols (5min)...
2026-02-05 12:23:07,475 [INFO]     NSE:LT-EQ | CVD=-40175 vs Ref=-83058 | Close=4060.00 vs VAL=4038.55
2026-02-05 12:23:07,675 [INFO]     NSE:HAL-EQ | CVD=-488536 vs Ref=-906192 | Close=4074.50 vs VAL=3948.00
2026-02-05 12:23:07,864 [INFO]     NSE:BSE-EQ | CVD=-220294 vs Ref=-314646 | Close=2863.90 vs VAL=2847.60
2026-02-05 12:23:08,062 [INFO]     NSE:ANGELONE-EQ | CVD=-84318 vs Ref=-91451 | Close=2644.40 vs VAL=2628.90
2026-02-05 12:23:08,243 [INFO]     NSE:ADANIENT-EQ | CVD=-30789 vs Ref=-58526 | Close=2214.60 vs VAL=2211.70
2026-02-05 12:23:08,442 [INFO]     NSE:BHARTIARTL-EQ | CVD=-17492 vs Ref=-581026 | Close=2005.90 vs VAL=2004.30
2026-02-05 12:23:08,626 [INFO]     NSE:BDL-EQ | CVD=-252820 vs Ref=-330233 | Close=1270.20 vs VAL=1251.00
2026-02-05 12:23:08,827 [INFO]     NSE:SONACOMS-EQ | CVD=82182 vs Ref=-62639 | Close=525.65 vs VAL=523.25
2026-02-05 12:23:09,012 [INFO]     NSE:ABCAPITAL-EQ | CVD=184640 vs Ref=-299790 | Close=339.00 vs VAL=335.00
2026-02-05 12:23:09,223 [INFO]     NSE:LTF-EQ | CVD=-384224 vs Ref=-448884 | Close=283.00 vs VAL=278.70
2026-02-05 12:24:09,225 [INFO] 🔍 Scanning for alerts on 10 symbols (5min)...
2026-02-05 12:24:09,415 [INFO]     NSE:LT-EQ | CVD=-40175 vs Ref=-83058 | Close=4060.00 vs VAL=4038.55
2026-02-05 12:24:09,659 [INFO]     NSE:HAL-EQ | CVD=-488536 vs Ref=-906192 | Close=4074.50 vs VAL=3948.00
2026-02-05 12:24:09,850 [INFO]     NSE:BSE-EQ | CVD=-220294 vs Ref=-314646 | Close=2863.90 vs VAL=2847.60
2026-02-05 12:24:10,040 [INFO]     NSE:ANGELONE-EQ | CVD=-84318 vs Ref=-91451 | Close=2644.40 vs VAL=2628.90
2026-02-05 12:24:10,219 [INFO]     NSE:ADANIENT-EQ | CVD=-30789 vs Ref=-58526 | Close=2214.60 vs VAL=2211.70
2026-02-05 12:24:10,413 [INFO]     NSE:BHARTIARTL-EQ | CVD=-17492 vs Ref=-581026 | Close=2005.90 vs VAL=2004.30
2026-02-05 12:24:10,606 [INFO]     NSE:BDL-EQ | CVD=-252820 vs Ref=-330233 | Close=1270.20 vs VAL=1251.00
2026-02-05 12:24:10,784 [INFO]     NSE:SONACOMS-EQ | CVD=82182 vs Ref=-62639 | Close=525.65 vs VAL=523.25
2026-02-05 12:24:10,971 [INFO]     NSE:ABCAPITAL-EQ | CVD=184640 vs Ref=-299790 | Close=339.00 vs VAL=335.00
2026-02-05 12:24:11,162 [INFO]     NSE:LTF-EQ | CVD=-384224 vs Ref=-448884 | Close=283.00 vs VAL=278.70
2026-02-05 12:25:11,163 [INFO] 🔍 Scanning for alerts on 10 symbols (5min)...
2026-02-05 12:25:11,342 [INFO]     NSE:LT-EQ | CVD=-40175 vs Ref=-83058 | Close=4060.00 vs VAL=4038.55
2026-02-05 12:25:11,529 [INFO]     NSE:HAL-EQ | CVD=-488536 vs Ref=-906192 | Close=4074.50 vs VAL=3948.00
2026-02-05 12:25:11,717 [INFO]     NSE:BSE-EQ | CVD=-220294 vs Ref=-314646 | Close=2863.90 vs VAL=2847.60
2026-02-05 12:25:11,902 [INFO]     NSE:ANGELONE-EQ | CVD=-84318 vs Ref=-91451 | Close=2644.40 vs VAL=2628.90
2026-02-05 12:25:12,080 [INFO]     NSE:ADANIENT-EQ | CVD=-30789 vs Ref=-58526 | Close=2214.60 vs VAL=2211.70
2026-02-05 12:25:12,259 [INFO]     NSE:BHARTIARTL-EQ | CVD=-17492 vs Ref=-581026 | Close=2005.90 vs VAL=2004.30
2026-02-05 12:25:12,460 [INFO]     NSE:BDL-EQ | CVD=-252820 vs Ref=-330233 | Close=1270.20 vs VAL=1251.00
2026-02-05 12:25:12,633 [INFO]     NSE:SONACOMS-EQ | CVD=82182 vs Ref=-62639 | Close=525.65 vs VAL=523.25
2026-02-05 12:25:12,819 [INFO]     NSE:ABCAPITAL-EQ | CVD=184640 vs Ref=-299790 | Close=339.00 vs VAL=335.00
2026-02-05 12:25:13,018 [INFO]     NSE:LTF-EQ | CVD=-384224 vs Ref=-448884 | Close=283.00 vs VAL=278.70
2026-02-05 12:26:13,020 [INFO] 🔍 Scanning for alerts on 10 symbols (5min)...
2026-02-05 12:26:13,204 [INFO]     NSE:LT-EQ | CVD=-43335 vs Ref=-83058 | Close=4060.10 vs VAL=4038.55
2026-02-05 12:26:13,384 [INFO]     NSE:HAL-EQ | CVD=-595584 vs Ref=-906192 | Close=4045.30 vs VAL=3948.00
2026-02-05 12:26:13,580 [INFO]     NSE:BSE-EQ | CVD=-216638 vs Ref=-314646 | Close=2864.30 vs VAL=2847.60
2026-02-05 12:26:13,769 [INFO]     NSE:ANGELONE-EQ | CVD=-85129 vs Ref=-91451 | Close=2643.10 vs VAL=2628.90
2026-02-05 12:26:13,956 [INFO]     NSE:ADANIENT-EQ | CVD=-26376 vs Ref=-58526 | Close=2219.00 vs VAL=2211.70
2026-02-05 12:26:14,147 [INFO]     NSE:BHARTIARTL-EQ | CVD=-104629 vs Ref=-581026 | Close=2001.80 vs VAL=2004.30
2026-02-05 12:26:14,329 [INFO]     NSE:BDL-EQ | CVD=-269765 vs Ref=-330233 | Close=1265.20 vs VAL=1251.00
2026-02-05 12:26:14,516 [INFO]     NSE:SONACOMS-EQ | CVD=83338 vs Ref=-62639 | Close=525.40 vs VAL=523.25
2026-02-05 12:26:14,706 [INFO]     NSE:ABCAPITAL-EQ | CVD=184046 vs Ref=-299790 | Close=338.55 vs VAL=335.00
2026-02-05 12:26:14,902 [INFO]     NSE:LTF-EQ | CVD=-386167 vs Ref=-448884 | Close=282.80 vs VAL=278.70
2026-02-05 12:27:14,903 [INFO] 🔍 Scanning for alerts on 10 symbols (5min)...
2026-02-05 12:27:15,086 [INFO]     NSE:LT-EQ | CVD=-43335 vs Ref=-83058 | Close=4060.10 vs VAL=4038.55
2026-02-05 12:27:15,264 [INFO]     NSE:HAL-EQ | CVD=-595584 vs Ref=-906192 | Close=4045.30 vs VAL=3948.00
2026-02-05 12:27:15,447 [INFO]     NSE:BSE-EQ | CVD=-216638 vs Ref=-314646 | Close=2864.30 vs VAL=2847.60
2026-02-05 12:27:15,628 [INFO]     NSE:ANGELONE-EQ | CVD=-85129 vs Ref=-91451 | Close=2643.10 vs VAL=2628.90
2026-02-05 12:27:15,800 [INFO]     NSE:ADANIENT-EQ | CVD=-26376 vs Ref=-58526 | Close=2219.00 vs VAL=2211.70
2026-02-05 12:27:15,975 [INFO]     NSE:BHARTIARTL-EQ | CVD=-104629 vs Ref=-581026 | Close=2001.80 vs VAL=2004.30
2026-02-05 12:27:16,155 [INFO]     NSE:BDL-EQ | CVD=-269765 vs Ref=-330233 | Close=1265.20 vs VAL=1251.00
2026-02-05 12:27:16,329 [INFO]     NSE:SONACOMS-EQ | CVD=83338 vs Ref=-62639 | Close=525.40 vs VAL=523.25
2026-02-05 12:27:16,504 [INFO]     NSE:ABCAPITAL-EQ | CVD=184046 vs Ref=-299790 | Close=338.55 vs VAL=335.00
2026-02-05 12:27:16,685 [INFO]     NSE:LTF-EQ | CVD=-386167 vs Ref=-448884 | Close=282.80 vs VAL=278.70
2026-02-05 12:28:16,686 [INFO] 🔍 Scanning for alerts on 10 symbols (5min)...
2026-02-05 12:28:16,862 [INFO]     NSE:LT-EQ | CVD=-43335 vs Ref=-83058 | Close=4060.10 vs VAL=4038.55
2026-02-05 12:28:17,051 [INFO]     NSE:HAL-EQ | CVD=-595584 vs Ref=-906192 | Close=4045.30 vs VAL=3948.00
2026-02-05 12:28:17,246 [INFO]     NSE:BSE-EQ | CVD=-216638 vs Ref=-314646 | Close=2864.30 vs VAL=2847.60
2026-02-05 12:28:17,440 [INFO]     NSE:ANGELONE-EQ | CVD=-85129 vs Ref=-91451 | Close=2643.10 vs VAL=2628.90
2026-02-05 12:28:17,622 [INFO]     NSE:ADANIENT-EQ | CVD=-26376 vs Ref=-58526 | Close=2219.00 vs VAL=2211.70
2026-02-05 12:28:17,815 [INFO]     NSE:BHARTIARTL-EQ | CVD=-104629 vs Ref=-581026 | Close=2001.80 vs VAL=2004.30
2026-02-05 12:28:18,011 [INFO]     NSE:BDL-EQ | CVD=-269765 vs Ref=-330233 | Close=1265.20 vs VAL=1251.00
2026-02-05 12:28:18,243 [INFO]     NSE:SONACOMS-EQ | CVD=83338 vs Ref=-62639 | Close=525.40 vs VAL=523.25
2026-02-05 12:28:18,593 [INFO]     NSE:ABCAPITAL-EQ | CVD=184046 vs Ref=-299790 | Close=338.55 vs VAL=335.00
2026-02-05 12:28:18,873 [INFO]     NSE:LTF-EQ | CVD=-386167 vs Ref=-448884 | Close=282.80 vs VAL=278.70
2026-02-05 12:29:18,874 [INFO] 🔍 Scanning for alerts on 10 symbols (5min)...
2026-02-05 12:29:19,054 [INFO]     NSE:LT-EQ | CVD=-43335 vs Ref=-83058 | Close=4060.10 vs VAL=4038.55
2026-02-05 12:29:19,239 [INFO]     NSE:HAL-EQ | CVD=-595584 vs Ref=-906192 | Close=4045.30 vs VAL=3948.00
2026-02-05 12:29:19,439 [INFO]     NSE:BSE-EQ | CVD=-216638 vs Ref=-314646 | Close=2864.30 vs VAL=2847.60
2026-02-05 12:29:19,653 [INFO]     NSE:ANGELONE-EQ | CVD=-85129 vs Ref=-91451 | Close=2643.10 vs VAL=2628.90
2026-02-05 12:29:19,841 [INFO]     NSE:ADANIENT-EQ | CVD=-26376 vs Ref=-58526 | Close=2219.00 vs VAL=2211.70
2026-02-05 12:29:20,028 [INFO]     NSE:BHARTIARTL-EQ | CVD=-104629 vs Ref=-581026 | Close=2001.80 vs VAL=2004.30
2026-02-05 12:29:20,206 [INFO]     NSE:BDL-EQ | CVD=-269765 vs Ref=-330233 | Close=1265.20 vs VAL=1251.00
2026-02-05 12:29:20,389 [INFO]     NSE:SONACOMS-EQ | CVD=83338 vs Ref=-62639 | Close=525.40 vs VAL=523.25
2026-02-05 12:29:20,577 [INFO]     NSE:ABCAPITAL-EQ | CVD=184046 vs Ref=-299790 | Close=338.55 vs VAL=335.00
2026-02-05 12:29:20,816 [INFO]     NSE:LTF-EQ | CVD=-386167 vs Ref=-448884 | Close=282.80 vs VAL=278.70
2026-02-05 12:30:20,818 [INFO] 🔍 Scanning for alerts on 10 symbols (5min)...
2026-02-05 12:30:21,003 [INFO]     NSE:LT-EQ | CVD=-43335 vs Ref=-83058 | Close=4060.10 vs VAL=4038.55
2026-02-05 12:30:21,200 [INFO]     NSE:HAL-EQ | CVD=-595584 vs Ref=-906192 | Close=4045.30 vs VAL=3948.00
2026-02-05 12:30:21,391 [INFO]     NSE:BSE-EQ | CVD=-216638 vs Ref=-314646 | Close=2864.30 vs VAL=2847.60
2026-02-05 12:30:21,578 [INFO]     NSE:ANGELONE-EQ | CVD=-85129 vs Ref=-91451 | Close=2643.10 vs VAL=2628.90
2026-02-05 12:30:21,771 [INFO]     NSE:ADANIENT-EQ | CVD=-26376 vs Ref=-58526 | Close=2219.00 vs VAL=2211.70
2026-02-05 12:30:21,953 [INFO]     NSE:BHARTIARTL-EQ | CVD=-104629 vs Ref=-581026 | Close=2001.80 vs VAL=2004.30
2026-02-05 12:30:22,134 [INFO]     NSE:BDL-EQ | CVD=-269765 vs Ref=-330233 | Close=1265.20 vs VAL=1251.00
2026-02-05 12:30:22,310 [INFO]     NSE:SONACOMS-EQ | CVD=83338 vs Ref=-62639 | Close=525.40 vs VAL=523.25
2026-02-05 12:30:22,497 [INFO]     NSE:ABCAPITAL-EQ | CVD=184046 vs Ref=-299790 | Close=338.55 vs VAL=335.00
2026-02-05 12:30:22,687 [INFO]     NSE:LTF-EQ | CVD=-386167 vs Ref=-448884 | Close=282.80 vs VAL=278.70
2026-02-05 12:31:22,688 [INFO] 🔍 Scanning for alerts on 10 symbols (5min)...
2026-02-05 12:31:22,870 [INFO]     NSE:LT-EQ | CVD=-39572 vs Ref=-83058 | Close=4061.90 vs VAL=4038.55
2026-02-05 12:31:23,051 [INFO]     NSE:HAL-EQ | CVD=-581351 vs Ref=-906192 | Close=4048.00 vs VAL=3948.00
2026-02-05 12:31:23,231 [INFO]     NSE:BSE-EQ | CVD=-238314 vs Ref=-314646 | Close=2862.00 vs VAL=2847.60
2026-02-05 12:31:23,420 [INFO]     NSE:ANGELONE-EQ | CVD=-92193 vs Ref=-91451 | Close=2638.50 vs VAL=2628.90
2026-02-05 12:31:23,626 [INFO]     NSE:ADANIENT-EQ | CVD=-26586 vs Ref=-58526 | Close=2220.20 vs VAL=2211.70
2026-02-05 12:31:23,806 [INFO]     NSE:BHARTIARTL-EQ | CVD=41470 vs Ref=-581026 | Close=2005.10 vs VAL=2004.30
2026-02-05 12:31:23,990 [INFO]     NSE:BDL-EQ | CVD=-269657 vs Ref=-330233 | Close=1265.40 vs VAL=1251.00
2026-02-05 12:31:24,170 [INFO]     NSE:SONACOMS-EQ | CVD=102708 vs Ref=-62639 | Close=526.90 vs VAL=523.25
2026-02-05 12:31:24,347 [INFO]     NSE:ABCAPITAL-EQ | CVD=220202 vs Ref=-299790 | Close=338.85 vs VAL=335.00
2026-02-05 12:31:24,542 [INFO]     NSE:LTF-EQ | CVD=-432397 vs Ref=-448884 | Close=282.85 vs VAL=278.70
2026-02-05 12:32:24,543 [INFO] 🔍 Scanning for alerts on 10 symbols (5min)...
2026-02-05 12:32:24,726 [INFO]     NSE:LT-EQ | CVD=-39572 vs Ref=-83058 | Close=4061.90 vs VAL=4038.55
2026-02-05 12:32:24,914 [INFO]     NSE:HAL-EQ | CVD=-581351 vs Ref=-906192 | Close=4048.00 vs VAL=3948.00
2026-02-05 12:32:25,101 [INFO]     NSE:BSE-EQ | CVD=-238314 vs Ref=-314646 | Close=2862.00 vs VAL=2847.60
2026-02-05 12:32:25,289 [INFO]     NSE:ANGELONE-EQ | CVD=-92193 vs Ref=-91451 | Close=2638.50 vs VAL=2628.90
2026-02-05 12:32:25,482 [INFO]     NSE:ADANIENT-EQ | CVD=-26586 vs Ref=-58526 | Close=2220.20 vs VAL=2211.70
2026-02-05 12:32:25,660 [INFO]     NSE:BHARTIARTL-EQ | CVD=41470 vs Ref=-581026 | Close=2005.10 vs VAL=2004.30
2026-02-05 12:32:25,847 [INFO]     NSE:BDL-EQ | CVD=-269657 vs Ref=-330233 | Close=1265.40 vs VAL=1251.00
2026-02-05 12:32:26,034 [INFO]     NSE:SONACOMS-EQ | CVD=102708 vs Ref=-62639 | Close=526.90 vs VAL=523.25
2026-02-05 12:32:26,225 [INFO]     NSE:ABCAPITAL-EQ | CVD=220202 vs Ref=-299790 | Close=338.85 vs VAL=335.00
2026-02-05 12:32:26,416 [INFO]     NSE:LTF-EQ | CVD=-432397 vs Ref=-448884 | Close=282.85 vs VAL=278.70
2026-02-05 12:33:26,417 [INFO] 🔍 Scanning for alerts on 10 symbols (5min)...
2026-02-05 12:33:26,608 [INFO]     NSE:LT-EQ | CVD=-39572 vs Ref=-83058 | Close=4061.90 vs VAL=4038.55
2026-02-05 12:33:26,797 [INFO]     NSE:HAL-EQ | CVD=-581351 vs Ref=-906192 | Close=4048.00 vs VAL=3948.00
2026-02-05 12:33:26,995 [INFO]     NSE:BSE-EQ | CVD=-238314 vs Ref=-314646 | Close=2862.00 vs VAL=2847.60
2026-02-05 12:33:27,202 [INFO]     NSE:ANGELONE-EQ | CVD=-92193 vs Ref=-91451 | Close=2638.50 vs VAL=2628.90
2026-02-05 12:33:27,374 [INFO]     NSE:ADANIENT-EQ | CVD=-26586 vs Ref=-58526 | Close=2220.20 vs VAL=2211.70
2026-02-05 12:33:27,554 [INFO]     NSE:BHARTIARTL-EQ | CVD=41470 vs Ref=-581026 | Close=2005.10 vs VAL=2004.30
2026-02-05 12:33:27,737 [INFO]     NSE:BDL-EQ | CVD=-269657 vs Ref=-330233 | Close=1265.40 vs VAL=1251.00
2026-02-05 12:33:27,914 [INFO]     NSE:SONACOMS-EQ | CVD=102708 vs Ref=-62639 | Close=526.90 vs VAL=523.25
2026-02-05 12:33:28,095 [INFO]     NSE:ABCAPITAL-EQ | CVD=220202 vs Ref=-299790 | Close=338.85 vs VAL=335.00
2026-02-05 12:33:28,282 [INFO]     NSE:LTF-EQ | CVD=-432397 vs Ref=-448884 | Close=282.85 vs VAL=278.70
2026-02-05 12:34:28,283 [INFO] 🔍 Scanning for alerts on 10 symbols (5min)...
2026-02-05 12:34:28,477 [INFO]     NSE:LT-EQ | CVD=-39572 vs Ref=-83058 | Close=4061.90 vs VAL=4038.55
2026-02-05 12:34:28,657 [INFO]     NSE:HAL-EQ | CVD=-581351 vs Ref=-906192 | Close=4048.00 vs VAL=3948.00
2026-02-05 12:34:28,845 [INFO]     NSE:BSE-EQ | CVD=-238314 vs Ref=-314646 | Close=2862.00 vs VAL=2847.60
2026-02-05 12:34:29,045 [INFO]     NSE:ANGELONE-EQ | CVD=-92193 vs Ref=-91451 | Close=2638.50 vs VAL=2628.90
2026-02-05 12:34:29,226 [INFO]     NSE:ADANIENT-EQ | CVD=-26586 vs Ref=-58526 | Close=2220.20 vs VAL=2211.70
2026-02-05 12:34:29,399 [INFO]     NSE:BHARTIARTL-EQ | CVD=41470 vs Ref=-581026 | Close=2005.10 vs VAL=2004.30
2026-02-05 12:34:29,586 [INFO]     NSE:BDL-EQ | CVD=-269657 vs Ref=-330233 | Close=1265.40 vs VAL=1251.00
2026-02-05 12:34:29,757 [INFO]     NSE:SONACOMS-EQ | CVD=102708 vs Ref=-62639 | Close=526.90 vs VAL=523.25
2026-02-05 12:34:29,944 [INFO]     NSE:ABCAPITAL-EQ | CVD=220202 vs Ref=-299790 | Close=338.85 vs VAL=335.00
2026-02-05 12:34:30,122 [INFO]     NSE:LTF-EQ | CVD=-432397 vs Ref=-448884 | Close=282.85 vs VAL=278.70
2026-02-05 12:35:30,123 [INFO] 🔍 Scanning for alerts on 10 symbols (5min)...
2026-02-05 12:35:30,308 [INFO]     NSE:LT-EQ | CVD=-39572 vs Ref=-83058 | Close=4061.90 vs VAL=4038.55
2026-02-05 12:35:30,492 [INFO]     NSE:HAL-EQ | CVD=-581351 vs Ref=-906192 | Close=4048.00 vs VAL=3948.00
2026-02-05 12:35:30,667 [INFO]     NSE:BSE-EQ | CVD=-238314 vs Ref=-314646 | Close=2862.00 vs VAL=2847.60
2026-02-05 12:35:30,849 [INFO]     NSE:ANGELONE-EQ | CVD=-92193 vs Ref=-91451 | Close=2638.50 vs VAL=2628.90
2026-02-05 12:35:31,023 [INFO]     NSE:ADANIENT-EQ | CVD=-26586 vs Ref=-58526 | Close=2220.20 vs VAL=2211.70
2026-02-05 12:35:31,198 [INFO]     NSE:BHARTIARTL-EQ | CVD=41470 vs Ref=-581026 | Close=2005.10 vs VAL=2004.30
2026-02-05 12:35:31,383 [INFO]     NSE:BDL-EQ | CVD=-269657 vs Ref=-330233 | Close=1265.40 vs VAL=1251.00
2026-02-05 12:35:31,567 [INFO]     NSE:SONACOMS-EQ | CVD=102708 vs Ref=-62639 | Close=526.90 vs VAL=523.25
2026-02-05 12:35:31,753 [INFO]     NSE:ABCAPITAL-EQ | CVD=220202 vs Ref=-299790 | Close=338.85 vs VAL=335.00
2026-02-05 12:35:31,947 [INFO]     NSE:LTF-EQ | CVD=-432397 vs Ref=-448884 | Close=282.85 vs VAL=278.70
2026-02-05 12:36:31,948 [INFO] 🔍 Scanning for alerts on 10 symbols (5min)...
2026-02-05 12:36:32,121 [INFO]     NSE:LT-EQ | CVD=-41466 vs Ref=-83058 | Close=4060.80 vs VAL=4038.55
2026-02-05 12:36:32,307 [INFO]     NSE:HAL-EQ | CVD=-579731 vs Ref=-906192 | Close=4047.90 vs VAL=3948.00
2026-02-05 12:36:32,488 [INFO]     NSE:BSE-EQ | CVD=-235756 vs Ref=-314646 | Close=2864.90 vs VAL=2847.60
2026-02-05 12:36:32,676 [INFO]     NSE:ANGELONE-EQ | CVD=-91224 vs Ref=-91451 | Close=2639.00 vs VAL=2628.90
2026-02-05 12:36:32,869 [INFO]     NSE:ADANIENT-EQ | CVD=-21075 vs Ref=-58526 | Close=2220.70 vs VAL=2211.70
2026-02-05 12:36:33,042 [INFO]     NSE:BHARTIARTL-EQ | CVD=9721 vs Ref=-581026 | Close=2004.00 vs VAL=2004.30
2026-02-05 12:36:33,223 [INFO]     NSE:BDL-EQ | CVD=-273580 vs Ref=-330233 | Close=1264.80 vs VAL=1251.00
2026-02-05 12:36:33,402 [INFO]     NSE:SONACOMS-EQ | CVD=110862 vs Ref=-62639 | Close=526.50 vs VAL=523.25
2026-02-05 12:36:33,594 [INFO]     NSE:ABCAPITAL-EQ | CVD=278367 vs Ref=-299790 | Close=339.55 vs VAL=335.00
2026-02-05 12:36:33,776 [INFO]     NSE:LTF-EQ | CVD=-431931 vs Ref=-448884 | Close=282.85 vs VAL=278.70
2026-02-05 12:37:33,777 [INFO] 🔍 Scanning for alerts on 10 symbols (5min)...
2026-02-05 12:37:33,946 [INFO]     NSE:LT-EQ | CVD=-41466 vs Ref=-83058 | Close=4060.80 vs VAL=4038.55
2026-02-05 12:37:34,120 [INFO]     NSE:HAL-EQ | CVD=-579731 vs Ref=-906192 | Close=4047.90 vs VAL=3948.00
2026-02-05 12:37:34,307 [INFO]     NSE:BSE-EQ | CVD=-235756 vs Ref=-314646 | Close=2864.90 vs VAL=2847.60
2026-02-05 12:37:34,518 [INFO]     NSE:ANGELONE-EQ | CVD=-91224 vs Ref=-91451 | Close=2639.00 vs VAL=2628.90
2026-02-05 12:37:34,720 [INFO]     NSE:ADANIENT-EQ | CVD=-21075 vs Ref=-58526 | Close=2220.70 vs VAL=2211.70
2026-02-05 12:37:34,925 [INFO]     NSE:BHARTIARTL-EQ | CVD=9721 vs Ref=-581026 | Close=2004.00 vs VAL=2004.30
2026-02-05 12:37:35,144 [INFO]     NSE:BDL-EQ | CVD=-273580 vs Ref=-330233 | Close=1264.80 vs VAL=1251.00
2026-02-05 12:37:35,325 [INFO]     NSE:SONACOMS-EQ | CVD=110862 vs Ref=-62639 | Close=526.50 vs VAL=523.25
2026-02-05 12:37:35,517 [INFO]     NSE:ABCAPITAL-EQ | CVD=278367 vs Ref=-299790 | Close=339.55 vs VAL=335.00
2026-02-05 12:37:35,699 [INFO]     NSE:LTF-EQ | CVD=-431931 vs Ref=-448884 | Close=282.85 vs VAL=278.70
2026-02-05 12:38:35,701 [INFO] 🔍 Scanning for alerts on 10 symbols (5min)...
2026-02-05 12:38:35,900 [INFO]     NSE:LT-EQ | CVD=-41466 vs Ref=-83058 | Close=4060.80 vs VAL=4038.55
2026-02-05 12:38:36,105 [INFO]     NSE:HAL-EQ | CVD=-579731 vs Ref=-906192 | Close=4047.90 vs VAL=3948.00
2026-02-05 12:38:36,339 [INFO]     NSE:BSE-EQ | CVD=-235756 vs Ref=-314646 | Close=2864.90 vs VAL=2847.60
2026-02-05 12:38:36,572 [INFO]     NSE:ANGELONE-EQ | CVD=-91224 vs Ref=-91451 | Close=2639.00 vs VAL=2628.90
2026-02-05 12:38:36,777 [INFO]     NSE:ADANIENT-EQ | CVD=-21075 vs Ref=-58526 | Close=2220.70 vs VAL=2211.70
2026-02-05 12:38:36,998 [INFO]     NSE:BHARTIARTL-EQ | CVD=9721 vs Ref=-581026 | Close=2004.00 vs VAL=2004.30
2026-02-05 12:38:37,217 [INFO]     NSE:BDL-EQ | CVD=-273580 vs Ref=-330233 | Close=1264.80 vs VAL=1251.00
2026-02-05 12:38:37,463 [INFO]     NSE:SONACOMS-EQ | CVD=110862 vs Ref=-62639 | Close=526.50 vs VAL=523.25
2026-02-05 12:38:37,710 [INFO]     NSE:ABCAPITAL-EQ | CVD=278367 vs Ref=-299790 | Close=339.55 vs VAL=335.00
2026-02-05 12:38:37,926 [INFO]     NSE:LTF-EQ | CVD=-431931 vs Ref=-448884 | Close=282.85 vs VAL=278.70
2026-02-05 12:39:37,927 [INFO] 🔍 Scanning for alerts on 10 symbols (5min)...
2026-02-05 12:39:38,102 [INFO]     NSE:LT-EQ | CVD=-41466 vs Ref=-83058 | Close=4060.80 vs VAL=4038.55
2026-02-05 12:39:38,294 [INFO]     NSE:HAL-EQ | CVD=-579731 vs Ref=-906192 | Close=4047.90 vs VAL=3948.00
2026-02-05 12:39:38,483 [INFO]     NSE:BSE-EQ | CVD=-235756 vs Ref=-314646 | Close=2864.90 vs VAL=2847.60
2026-02-05 12:39:38,682 [INFO]     NSE:ANGELONE-EQ | CVD=-91224 vs Ref=-91451 | Close=2639.00 vs VAL=2628.90
2026-02-05 12:39:38,856 [INFO]     NSE:ADANIENT-EQ | CVD=-21075 vs Ref=-58526 | Close=2220.70 vs VAL=2211.70
2026-02-05 12:39:39,032 [INFO]     NSE:BHARTIARTL-EQ | CVD=9721 vs Ref=-581026 | Close=2004.00 vs VAL=2004.30
2026-02-05 12:39:39,214 [INFO]     NSE:BDL-EQ | CVD=-273580 vs Ref=-330233 | Close=1264.80 vs VAL=1251.00
2026-02-05 12:39:39,391 [INFO]     NSE:SONACOMS-EQ | CVD=110862 vs Ref=-62639 | Close=526.50 vs VAL=523.25
2026-02-05 12:39:39,573 [INFO]     NSE:ABCAPITAL-EQ | CVD=278367 vs Ref=-299790 | Close=339.55 vs VAL=335.00
2026-02-05 12:39:39,790 [INFO]     NSE:LTF-EQ | CVD=-431931 vs Ref=-448884 | Close=282.85 vs VAL=278.70
2026-02-05 12:40:39,792 [INFO] 🔍 Scanning for alerts on 10 symbols (5min)...
2026-02-05 12:40:39,984 [INFO]     NSE:LT-EQ | CVD=-41466 vs Ref=-83058 | Close=4060.80 vs VAL=4038.55
2026-02-05 12:40:40,178 [INFO]     NSE:HAL-EQ | CVD=-579731 vs Ref=-906192 | Close=4047.90 vs VAL=3948.00
2026-02-05 12:40:40,364 [INFO]     NSE:BSE-EQ | CVD=-235756 vs Ref=-314646 | Close=2864.90 vs VAL=2847.60
2026-02-05 12:40:40,549 [INFO]     NSE:ANGELONE-EQ | CVD=-91224 vs Ref=-91451 | Close=2639.00 vs VAL=2628.90
2026-02-05 12:40:40,721 [INFO]     NSE:ADANIENT-EQ | CVD=-21075 vs Ref=-58526 | Close=2220.70 vs VAL=2211.70
2026-02-05 12:40:40,908 [INFO]     NSE:BHARTIARTL-EQ | CVD=9721 vs Ref=-581026 | Close=2004.00 vs VAL=2004.30
2026-02-05 12:40:41,095 [INFO]     NSE:BDL-EQ | CVD=-273580 vs Ref=-330233 | Close=1264.80 vs VAL=1251.00
2026-02-05 12:40:41,272 [INFO]     NSE:SONACOMS-EQ | CVD=110862 vs Ref=-62639 | Close=526.50 vs VAL=523.25
2026-02-05 12:40:41,449 [INFO]     NSE:ABCAPITAL-EQ | CVD=278367 vs Ref=-299790 | Close=339.55 vs VAL=335.00
2026-02-05 12:40:41,635 [INFO]     NSE:LTF-EQ | CVD=-431931 vs Ref=-448884 | Close=282.85 vs VAL=278.70
2026-02-05 12:41:41,636 [INFO] 🔍 Scanning for alerts on 10 symbols (5min)...
2026-02-05 12:41:41,806 [INFO]     NSE:LT-EQ | CVD=-36786 vs Ref=-83058 | Close=4065.00 vs VAL=4038.55
2026-02-05 12:41:41,988 [INFO]     NSE:HAL-EQ | CVD=-569068 vs Ref=-906192 | Close=4061.30 vs VAL=3948.00
2026-02-05 12:41:42,170 [INFO]     NSE:BSE-EQ | CVD=-235815 vs Ref=-314646 | Close=2870.00 vs VAL=2847.60
2026-02-05 12:41:42,367 [INFO]     NSE:ANGELONE-EQ | CVD=-89989 vs Ref=-91451 | Close=2639.40 vs VAL=2628.90
2026-02-05 12:41:42,547 [INFO]     NSE:ADANIENT-EQ | CVD=-20579 vs Ref=-58526 | Close=2223.20 vs VAL=2211.70
2026-02-05 12:41:42,715 [INFO]     NSE:BHARTIARTL-EQ | CVD=20871 vs Ref=-581026 | Close=2005.10 vs VAL=2004.30
2026-02-05 12:41:42,887 [INFO]     NSE:BDL-EQ | CVD=-267613 vs Ref=-330233 | Close=1267.00 vs VAL=1251.00
2026-02-05 12:41:43,060 [INFO]     NSE:SONACOMS-EQ | CVD=131795 vs Ref=-62639 | Close=527.55 vs VAL=523.25
2026-02-05 12:41:43,237 [INFO]     NSE:ABCAPITAL-EQ | CVD=272956 vs Ref=-299790 | Close=339.85 vs VAL=335.00
2026-02-05 12:41:43,416 [INFO]     NSE:LTF-EQ | CVD=-425210 vs Ref=-448884 | Close=283.10 vs VAL=278.70
2026-02-05 12:42:43,418 [INFO] 🔍 Scanning for alerts on 10 symbols (5min)...
2026-02-05 12:42:43,603 [INFO]     NSE:LT-EQ | CVD=-36786 vs Ref=-83058 | Close=4065.00 vs VAL=4038.55
2026-02-05 12:42:43,791 [INFO]     NSE:HAL-EQ | CVD=-569068 vs Ref=-906192 | Close=4061.30 vs VAL=3948.00
2026-02-05 12:42:43,997 [INFO]     NSE:BSE-EQ | CVD=-235815 vs Ref=-314646 | Close=2870.00 vs VAL=2847.60
2026-02-05 12:42:44,183 [INFO]     NSE:ANGELONE-EQ | CVD=-89989 vs Ref=-91451 | Close=2639.40 vs VAL=2628.90
2026-02-05 12:42:44,357 [INFO]     NSE:ADANIENT-EQ | CVD=-20579 vs Ref=-58526 | Close=2223.20 vs VAL=2211.70
2026-02-05 12:42:44,548 [INFO]     NSE:BHARTIARTL-EQ | CVD=20871 vs Ref=-581026 | Close=2005.10 vs VAL=2004.30
2026-02-05 12:42:44,742 [INFO]     NSE:BDL-EQ | CVD=-267613 vs Ref=-330233 | Close=1267.00 vs VAL=1251.00
2026-02-05 12:42:44,910 [INFO]     NSE:SONACOMS-EQ | CVD=131795 vs Ref=-62639 | Close=527.55 vs VAL=523.25
2026-02-05 12:42:45,096 [INFO]     NSE:ABCAPITAL-EQ | CVD=272956 vs Ref=-299790 | Close=339.85 vs VAL=335.00
2026-02-05 12:42:45,282 [INFO]     NSE:LTF-EQ | CVD=-425210 vs Ref=-448884 | Close=283.10 vs VAL=278.70
2026-02-05 12:43:45,283 [INFO] 🔍 Scanning for alerts on 10 symbols (5min)...
2026-02-05 12:43:45,461 [INFO]     NSE:LT-EQ | CVD=-36786 vs Ref=-83058 | Close=4065.00 vs VAL=4038.55
2026-02-05 12:43:45,643 [INFO]     NSE:HAL-EQ | CVD=-569068 vs Ref=-906192 | Close=4061.30 vs VAL=3948.00
2026-02-05 12:43:45,820 [INFO]     NSE:BSE-EQ | CVD=-235815 vs Ref=-314646 | Close=2870.00 vs VAL=2847.60
2026-02-05 12:43:46,003 [INFO]     NSE:ANGELONE-EQ | CVD=-89989 vs Ref=-91451 | Close=2639.40 vs VAL=2628.90
2026-02-05 12:43:46,180 [INFO]     NSE:ADANIENT-EQ | CVD=-20579 vs Ref=-58526 | Close=2223.20 vs VAL=2211.70
2026-02-05 12:43:46,361 [INFO]     NSE:BHARTIARTL-EQ | CVD=20871 vs Ref=-581026 | Close=2005.10 vs VAL=2004.30
2026-02-05 12:43:46,541 [INFO]     NSE:BDL-EQ | CVD=-267613 vs Ref=-330233 | Close=1267.00 vs VAL=1251.00
2026-02-05 12:43:46,723 [INFO]     NSE:SONACOMS-EQ | CVD=131795 vs Ref=-62639 | Close=527.55 vs VAL=523.25
2026-02-05 12:43:46,898 [INFO]     NSE:ABCAPITAL-EQ | CVD=272956 vs Ref=-299790 | Close=339.85 vs VAL=335.00
2026-02-05 12:43:47,093 [INFO]     NSE:LTF-EQ | CVD=-425210 vs Ref=-448884 | Close=283.10 vs VAL=278.70
2026-02-05 12:44:47,094 [INFO] 🔍 Scanning for alerts on 10 symbols (5min)...
2026-02-05 12:44:47,277 [INFO]     NSE:LT-EQ | CVD=-36786 vs Ref=-83058 | Close=4065.00 vs VAL=4038.55
2026-02-05 12:44:47,453 [INFO]     NSE:HAL-EQ | CVD=-569068 vs Ref=-906192 | Close=4061.30 vs VAL=3948.00
2026-02-05 12:44:47,630 [INFO]     NSE:BSE-EQ | CVD=-235815 vs Ref=-314646 | Close=2870.00 vs VAL=2847.60
2026-02-05 12:44:47,811 [INFO]     NSE:ANGELONE-EQ | CVD=-89989 vs Ref=-91451 | Close=2639.40 vs VAL=2628.90
2026-02-05 12:44:47,984 [INFO]     NSE:ADANIENT-EQ | CVD=-20579 vs Ref=-58526 | Close=2223.20 vs VAL=2211.70
2026-02-05 12:44:48,168 [INFO]     NSE:BHARTIARTL-EQ | CVD=20871 vs Ref=-581026 | Close=2005.10 vs VAL=2004.30
2026-02-05 12:44:48,353 [INFO]     NSE:BDL-EQ | CVD=-267613 vs Ref=-330233 | Close=1267.00 vs VAL=1251.00
2026-02-05 12:44:48,530 [INFO]     NSE:SONACOMS-EQ | CVD=131795 vs Ref=-62639 | Close=527.55 vs VAL=523.25
2026-02-05 12:44:48,725 [INFO]     NSE:ABCAPITAL-EQ | CVD=272956 vs Ref=-299790 | Close=339.85 vs VAL=335.00
2026-02-05 12:44:48,904 [INFO]     NSE:LTF-EQ | CVD=-425210 vs Ref=-448884 | Close=283.10 vs VAL=278.70
2026-02-05 12:45:48,906 [INFO] 🔍 Scanning for alerts on 10 symbols (5min)...
2026-02-05 12:45:49,081 [INFO]     NSE:LT-EQ | CVD=-36786 vs Ref=-83058 | Close=4065.00 vs VAL=4038.55
2026-02-05 12:45:49,255 [INFO]     NSE:HAL-EQ | CVD=-569068 vs Ref=-906192 | Close=4061.30 vs VAL=3948.00
2026-02-05 12:45:49,445 [INFO]     NSE:BSE-EQ | CVD=-235815 vs Ref=-314646 | Close=2870.00 vs VAL=2847.60
2026-02-05 12:45:49,626 [INFO]     NSE:ANGELONE-EQ | CVD=-89989 vs Ref=-91451 | Close=2639.40 vs VAL=2628.90
2026-02-05 12:45:49,794 [INFO]     NSE:ADANIENT-EQ | CVD=-20579 vs Ref=-58526 | Close=2223.20 vs VAL=2211.70
2026-02-05 12:45:51,692 [INFO]     NSE:BHARTIARTL-EQ | CVD=20871 vs Ref=-581026 | Close=2005.10 vs VAL=2004.30
2026-02-05 12:45:51,867 [INFO]     NSE:BDL-EQ | CVD=-267613 vs Ref=-330233 | Close=1267.00 vs VAL=1251.00
2026-02-05 12:45:52,035 [INFO]     NSE:SONACOMS-EQ | CVD=131795 vs Ref=-62639 | Close=527.55 vs VAL=523.25
2026-02-05 12:45:52,231 [INFO]     NSE:ABCAPITAL-EQ | CVD=272956 vs Ref=-299790 | Close=339.85 vs VAL=335.00
2026-02-05 12:45:52,410 [INFO]     NSE:LTF-EQ | CVD=-425210 vs Ref=-448884 | Close=283.10 vs VAL=278.70
2026-02-05 12:46:52,411 [INFO] 🔍 Scanning for alerts on 10 symbols (5min)...
2026-02-05 12:46:52,864 [INFO]     NSE:LT-EQ | CVD=-32352 vs Ref=-83058 | Close=4065.70 vs VAL=4038.55
2026-02-05 12:46:53,245 [INFO]     NSE:HAL-EQ | CVD=-586627 vs Ref=-906192 | Close=4054.00 vs VAL=3948.00
2026-02-05 12:46:53,632 [INFO]     NSE:BSE-EQ | CVD=-222720 vs Ref=-314646 | Close=2869.40 vs VAL=2847.60
2026-02-05 12:46:54,014 [INFO]     NSE:ANGELONE-EQ | CVD=-109988 vs Ref=-91451 | Close=2638.00 vs VAL=2628.90
2026-02-05 12:46:54,381 [INFO]     NSE:ADANIENT-EQ | CVD=-25423 vs Ref=-58526 | Close=2221.50 vs VAL=2211.70
2026-02-05 12:46:54,783 [INFO]     NSE:BHARTIARTL-EQ | CVD=-38536 vs Ref=-581026 | Close=1999.90 vs VAL=2004.30
2026-02-05 12:46:55,170 [INFO]     NSE:BDL-EQ | CVD=-266551 vs Ref=-330233 | Close=1267.30 vs VAL=1251.00
2026-02-05 12:46:55,538 [INFO]     NSE:SONACOMS-EQ | CVD=127141 vs Ref=-62639 | Close=527.70 vs VAL=523.25
2026-02-05 12:46:55,918 [INFO]     NSE:ABCAPITAL-EQ | CVD=270155 vs Ref=-299790 | Close=339.60 vs VAL=335.00
2026-02-05 12:46:56,340 [INFO]     NSE:LTF-EQ | CVD=-430305 vs Ref=-448884 | Close=282.90 vs VAL=278.70
2026-02-05 12:47:56,342 [INFO] 🔍 Scanning for alerts on 10 symbols (5min)...
2026-02-05 12:47:56,526 [INFO]     NSE:LT-EQ | CVD=-32352 vs Ref=-83058 | Close=4065.70 vs VAL=4038.55
2026-02-05 12:47:56,718 [INFO]     NSE:HAL-EQ | CVD=-586627 vs Ref=-906192 | Close=4054.00 vs VAL=3948.00
2026-02-05 12:47:56,910 [INFO]     NSE:BSE-EQ | CVD=-222720 vs Ref=-314646 | Close=2869.40 vs VAL=2847.60
2026-02-05 12:47:57,106 [INFO]     NSE:ANGELONE-EQ | CVD=-109988 vs Ref=-91451 | Close=2638.00 vs VAL=2628.90
2026-02-05 12:47:57,304 [INFO]     NSE:ADANIENT-EQ | CVD=-25423 vs Ref=-58526 | Close=2221.50 vs VAL=2211.70
2026-02-05 12:47:57,512 [INFO]     NSE:BHARTIARTL-EQ | CVD=-38536 vs Ref=-581026 | Close=1999.90 vs VAL=2004.30
2026-02-05 12:47:57,772 [INFO]     NSE:BDL-EQ | CVD=-266551 vs Ref=-330233 | Close=1267.30 vs VAL=1251.00
2026-02-05 12:47:57,960 [INFO]     NSE:SONACOMS-EQ | CVD=127141 vs Ref=-62639 | Close=527.70 vs VAL=523.25
2026-02-05 12:47:58,150 [INFO]     NSE:ABCAPITAL-EQ | CVD=270155 vs Ref=-299790 | Close=339.60 vs VAL=335.00
2026-02-05 12:47:58,335 [INFO]     NSE:LTF-EQ | CVD=-430305 vs Ref=-448884 | Close=282.90 vs VAL=278.70
2026-02-05 12:48:58,337 [INFO] 🔍 Scanning for alerts on 10 symbols (5min)...
2026-02-05 12:48:58,554 [INFO]     NSE:LT-EQ | CVD=-32352 vs Ref=-83058 | Close=4065.70 vs VAL=4038.55
2026-02-05 12:48:58,739 [INFO]     NSE:HAL-EQ | CVD=-586627 vs Ref=-906192 | Close=4054.00 vs VAL=3948.00
2026-02-05 12:48:58,933 [INFO]     NSE:BSE-EQ | CVD=-222720 vs Ref=-314646 | Close=2869.40 vs VAL=2847.60
2026-02-05 12:48:59,126 [INFO]     NSE:ANGELONE-EQ | CVD=-109988 vs Ref=-91451 | Close=2638.00 vs VAL=2628.90
2026-02-05 12:48:59,310 [INFO]     NSE:ADANIENT-EQ | CVD=-25423 vs Ref=-58526 | Close=2221.50 vs VAL=2211.70
2026-02-05 12:49:00,988 [INFO]     NSE:BHARTIARTL-EQ | CVD=-38536 vs Ref=-581026 | Close=1999.90 vs VAL=2004.30
2026-02-05 12:49:01,246 [INFO]     NSE:BDL-EQ | CVD=-266551 vs Ref=-330233 | Close=1267.30 vs VAL=1251.00
2026-02-05 12:49:01,456 [INFO]     NSE:SONACOMS-EQ | CVD=127141 vs Ref=-62639 | Close=527.70 vs VAL=523.25
2026-02-05 12:49:01,658 [INFO]     NSE:ABCAPITAL-EQ | CVD=270155 vs Ref=-299790 | Close=339.60 vs VAL=335.00
2026-02-05 12:49:01,883 [INFO]     NSE:LTF-EQ | CVD=-430305 vs Ref=-448884 | Close=282.90 vs VAL=278.70
2026-02-05 12:50:01,884 [INFO] 🔍 Scanning for alerts on 10 symbols (5min)...
2026-02-05 12:50:03,393 [INFO]     NSE:LT-EQ | CVD=-32352 vs Ref=-83058 | Close=4065.70 vs VAL=4038.55
2026-02-05 12:50:03,941 [INFO]     NSE:HAL-EQ | CVD=-586627 vs Ref=-906192 | Close=4054.00 vs VAL=3948.00
2026-02-05 12:50:04,420 [INFO]     NSE:BSE-EQ | CVD=-222720 vs Ref=-314646 | Close=2869.40 vs VAL=2847.60
2026-02-05 12:50:04,903 [INFO]     NSE:ANGELONE-EQ | CVD=-109988 vs Ref=-91451 | Close=2638.00 vs VAL=2628.90
2026-02-05 12:50:05,324 [INFO]     NSE:ADANIENT-EQ | CVD=-25423 vs Ref=-58526 | Close=2221.50 vs VAL=2211.70
2026-02-05 12:50:05,722 [INFO]     NSE:BHARTIARTL-EQ | CVD=-38536 vs Ref=-581026 | Close=1999.90 vs VAL=2004.30
2026-02-05 12:50:06,129 [INFO]     NSE:BDL-EQ | CVD=-266551 vs Ref=-330233 | Close=1267.30 vs VAL=1251.00
2026-02-05 12:50:06,546 [INFO]     NSE:SONACOMS-EQ | CVD=127141 vs Ref=-62639 | Close=527.70 vs VAL=523.25
2026-02-05 12:50:07,088 [INFO]     NSE:ABCAPITAL-EQ | CVD=270155 vs Ref=-299790 | Close=339.60 vs VAL=335.00
2026-02-05 12:50:07,526 [INFO]     NSE:LTF-EQ | CVD=-430305 vs Ref=-448884 | Close=282.90 vs VAL=278.70
2026-02-05 12:51:07,528 [INFO] 🔍 Scanning for alerts on 10 symbols (5min)...
2026-02-05 12:51:07,723 [INFO]     NSE:LT-EQ | CVD=-25189 vs Ref=-83058 | Close=4068.70 vs VAL=4038.55
2026-02-05 12:51:07,934 [INFO]     NSE:HAL-EQ | CVD=-618280 vs Ref=-906192 | Close=4048.70 vs VAL=3948.00
2026-02-05 12:51:08,119 [INFO]     NSE:BSE-EQ | CVD=-211552 vs Ref=-314646 | Close=2873.80 vs VAL=2847.60
2026-02-05 12:51:08,315 [INFO]     NSE:ANGELONE-EQ | CVD=-115659 vs Ref=-91451 | Close=2635.10 vs VAL=2628.90
2026-02-05 12:51:08,493 [INFO]     NSE:ADANIENT-EQ | CVD=-25495 vs Ref=-58526 | Close=2221.30 vs VAL=2211.70
2026-02-05 12:51:08,685 [INFO]     NSE:BHARTIARTL-EQ | CVD=180 vs Ref=-581026 | Close=2002.20 vs VAL=2004.30
2026-02-05 12:51:08,872 [INFO]     NSE:BDL-EQ | CVD=-266815 vs Ref=-330233 | Close=1266.80 vs VAL=1251.00
2026-02-05 12:51:09,067 [INFO]     NSE:SONACOMS-EQ | CVD=139338 vs Ref=-62639 | Close=527.60 vs VAL=523.25
2026-02-05 12:51:09,254 [INFO]     NSE:ABCAPITAL-EQ | CVD=275144 vs Ref=-299790 | Close=339.35 vs VAL=335.00
2026-02-05 12:51:09,470 [INFO]     NSE:LTF-EQ | CVD=-416931 vs Ref=-448884 | Close=283.10 vs VAL=278.70
2026-02-05 12:52:09,472 [INFO] 🔍 Scanning for alerts on 10 symbols (5min)...
2026-02-05 12:52:11,470 [INFO]     NSE:LT-EQ | CVD=-25189 vs Ref=-83058 | Close=4068.70 vs VAL=4038.55
2026-02-05 12:52:13,305 [INFO]     NSE:HAL-EQ | CVD=-618280 vs Ref=-906192 | Close=4048.70 vs VAL=3948.00
2026-02-05 12:52:13,638 [INFO]     NSE:BSE-EQ | CVD=-211552 vs Ref=-314646 | Close=2873.80 vs VAL=2847.60
2026-02-05 12:52:14,106 [INFO]     NSE:ANGELONE-EQ | CVD=-115659 vs Ref=-91451 | Close=2635.10 vs VAL=2628.90
2026-02-05 12:52:14,340 [INFO]     NSE:ADANIENT-EQ | CVD=-25495 vs Ref=-58526 | Close=2221.30 vs VAL=2211.70
2026-02-05 12:52:14,545 [INFO]     NSE:BHARTIARTL-EQ | CVD=180 vs Ref=-581026 | Close=2002.20 vs VAL=2004.30
2026-02-05 12:52:14,862 [INFO]     NSE:BDL-EQ | CVD=-266815 vs Ref=-330233 | Close=1266.80 vs VAL=1251.00
2026-02-05 12:52:15,115 [INFO]     NSE:SONACOMS-EQ | CVD=139338 vs Ref=-62639 | Close=527.60 vs VAL=523.25
2026-02-05 12:52:15,343 [INFO]     NSE:ABCAPITAL-EQ | CVD=275144 vs Ref=-299790 | Close=339.35 vs VAL=335.00
2026-02-05 12:52:15,593 [INFO]     NSE:LTF-EQ | CVD=-416931 vs Ref=-448884 | Close=283.10 vs VAL=278.70
2026-02-05 12:53:15,594 [INFO] 🔍 Scanning for alerts on 10 symbols (5min)...
2026-02-05 12:53:15,769 [INFO]     NSE:LT-EQ | CVD=-25189 vs Ref=-83058 | Close=4068.70 vs VAL=4038.55
2026-02-05 12:53:15,985 [INFO]     NSE:HAL-EQ | CVD=-618280 vs Ref=-906192 | Close=4048.70 vs VAL=3948.00
2026-02-05 12:53:16,169 [INFO]     NSE:BSE-EQ | CVD=-211552 vs Ref=-314646 | Close=2873.80 vs VAL=2847.60
2026-02-05 12:53:16,353 [INFO]     NSE:ANGELONE-EQ | CVD=-115659 vs Ref=-91451 | Close=2635.10 vs VAL=2628.90
2026-02-05 12:53:16,562 [INFO]     NSE:ADANIENT-EQ | CVD=-25495 vs Ref=-58526 | Close=2221.30 vs VAL=2211.70
2026-02-05 12:53:16,762 [INFO]     NSE:BHARTIARTL-EQ | CVD=180 vs Ref=-581026 | Close=2002.20 vs VAL=2004.30
2026-02-05 12:53:16,967 [INFO]     NSE:BDL-EQ | CVD=-266815 vs Ref=-330233 | Close=1266.80 vs VAL=1251.00
2026-02-05 12:53:17,138 [INFO]     NSE:SONACOMS-EQ | CVD=139338 vs Ref=-62639 | Close=527.60 vs VAL=523.25
2026-02-05 12:53:17,329 [INFO]     NSE:ABCAPITAL-EQ | CVD=275144 vs Ref=-299790 | Close=339.35 vs VAL=335.00
2026-02-05 12:53:17,522 [INFO]     NSE:LTF-EQ | CVD=-416931 vs Ref=-448884 | Close=283.10 vs VAL=278.70
2026-02-05 12:54:17,523 [INFO] 🔍 Scanning for alerts on 10 symbols (5min)...
2026-02-05 12:54:17,702 [INFO]     NSE:LT-EQ | CVD=-25189 vs Ref=-83058 | Close=4068.70 vs VAL=4038.55
2026-02-05 12:54:17,893 [INFO]     NSE:HAL-EQ | CVD=-618280 vs Ref=-906192 | Close=4048.70 vs VAL=3948.00
2026-02-05 12:54:18,084 [INFO]     NSE:BSE-EQ | CVD=-211552 vs Ref=-314646 | Close=2873.80 vs VAL=2847.60
2026-02-05 12:54:18,277 [INFO]     NSE:ANGELONE-EQ | CVD=-115659 vs Ref=-91451 | Close=2635.10 vs VAL=2628.90
2026-02-05 12:54:18,455 [INFO]     NSE:ADANIENT-EQ | CVD=-25495 vs Ref=-58526 | Close=2221.30 vs VAL=2211.70
2026-02-05 12:54:18,642 [INFO]     NSE:BHARTIARTL-EQ | CVD=180 vs Ref=-581026 | Close=2002.20 vs VAL=2004.30
2026-02-05 12:54:18,835 [INFO]     NSE:BDL-EQ | CVD=-266815 vs Ref=-330233 | Close=1266.80 vs VAL=1251.00
2026-02-05 12:54:19,015 [INFO]     NSE:SONACOMS-EQ | CVD=139338 vs Ref=-62639 | Close=527.60 vs VAL=523.25
2026-02-05 12:54:19,205 [INFO]     NSE:ABCAPITAL-EQ | CVD=275144 vs Ref=-299790 | Close=339.35 vs VAL=335.00
2026-02-05 12:54:19,405 [INFO]     NSE:LTF-EQ | CVD=-416931 vs Ref=-448884 | Close=283.10 vs VAL=278.70
2026-02-05 12:55:19,406 [INFO] 🔍 Scanning for alerts on 10 symbols (5min)...
2026-02-05 12:55:19,585 [INFO]     NSE:LT-EQ | CVD=-25189 vs Ref=-83058 | Close=4068.70 vs VAL=4038.55
2026-02-05 12:55:19,790 [INFO]     NSE:HAL-EQ | CVD=-618280 vs Ref=-906192 | Close=4048.70 vs VAL=3948.00
2026-02-05 12:55:19,981 [INFO]     NSE:BSE-EQ | CVD=-211552 vs Ref=-314646 | Close=2873.80 vs VAL=2847.60
2026-02-05 12:55:20,254 [INFO]     NSE:ANGELONE-EQ | CVD=-115659 vs Ref=-91451 | Close=2635.10 vs VAL=2628.90
2026-02-05 12:55:20,443 [INFO]     NSE:ADANIENT-EQ | CVD=-25495 vs Ref=-58526 | Close=2221.30 vs VAL=2211.70
2026-02-05 12:55:20,627 [INFO]     NSE:BHARTIARTL-EQ | CVD=180 vs Ref=-581026 | Close=2002.20 vs VAL=2004.30
2026-02-05 12:55:20,824 [INFO]     NSE:BDL-EQ | CVD=-266815 vs Ref=-330233 | Close=1266.80 vs VAL=1251.00
2026-02-05 12:55:21,012 [INFO]     NSE:SONACOMS-EQ | CVD=139338 vs Ref=-62639 | Close=527.60 vs VAL=523.25
2026-02-05 12:55:21,195 [INFO]     NSE:ABCAPITAL-EQ | CVD=275144 vs Ref=-299790 | Close=339.35 vs VAL=335.00
2026-02-05 12:55:21,409 [INFO]     NSE:LTF-EQ | CVD=-416931 vs Ref=-448884 | Close=283.10 vs VAL=278.70
2026-02-05 12:56:21,410 [INFO] 🔍 Scanning for alerts on 10 symbols (5min)...
2026-02-05 12:56:21,583 [INFO]     NSE:LT-EQ | CVD=-20997 vs Ref=-83058 | Close=4068.60 vs VAL=4038.55
2026-02-05 12:56:21,773 [INFO]     NSE:HAL-EQ | CVD=-588199 vs Ref=-906192 | Close=4055.00 vs VAL=3948.00
2026-02-05 12:56:21,967 [INFO]     NSE:BSE-EQ | CVD=-210202 vs Ref=-314646 | Close=2873.00 vs VAL=2847.60
2026-02-05 12:56:22,171 [INFO]     NSE:ANGELONE-EQ | CVD=-116458 vs Ref=-91451 | Close=2634.70 vs VAL=2628.90
2026-02-05 12:56:22,351 [INFO]     NSE:ADANIENT-EQ | CVD=-19241 vs Ref=-58526 | Close=2224.00 vs VAL=2211.70
2026-02-05 12:56:22,539 [INFO]     NSE:BHARTIARTL-EQ | CVD=-26652 vs Ref=-581026 | Close=2003.50 vs VAL=2004.30
2026-02-05 12:56:22,738 [INFO]     NSE:BDL-EQ | CVD=-263939 vs Ref=-330233 | Close=1267.20 vs VAL=1251.00
2026-02-05 12:56:22,925 [INFO]     NSE:SONACOMS-EQ | CVD=132048 vs Ref=-62639 | Close=526.45 vs VAL=523.25
2026-02-05 12:56:23,112 [INFO]     NSE:ABCAPITAL-EQ | CVD=304352 vs Ref=-299790 | Close=340.05 vs VAL=335.00
2026-02-05 12:56:23,322 [INFO]     NSE:LTF-EQ | CVD=-410554 vs Ref=-448884 | Close=283.20 vs VAL=278.70
2026-02-05 12:57:23,324 [INFO] 🔍 Scanning for alerts on 10 symbols (5min)...
2026-02-05 12:57:23,519 [INFO]     NSE:LT-EQ | CVD=-20997 vs Ref=-83058 | Close=4068.60 vs VAL=4038.55
2026-02-05 12:57:23,723 [INFO]     NSE:HAL-EQ | CVD=-588199 vs Ref=-906192 | Close=4055.00 vs VAL=3948.00
2026-02-05 12:57:23,925 [INFO]     NSE:BSE-EQ | CVD=-210202 vs Ref=-314646 | Close=2873.00 vs VAL=2847.60
2026-02-05 12:57:24,116 [INFO]     NSE:ANGELONE-EQ | CVD=-116458 vs Ref=-91451 | Close=2634.70 vs VAL=2628.90
2026-02-05 12:57:24,296 [INFO]     NSE:ADANIENT-EQ | CVD=-19241 vs Ref=-58526 | Close=2224.00 vs VAL=2211.70
2026-02-05 12:57:24,474 [INFO]     NSE:BHARTIARTL-EQ | CVD=-26652 vs Ref=-581026 | Close=2003.50 vs VAL=2004.30
2026-02-05 12:57:24,657 [INFO]     NSE:BDL-EQ | CVD=-263939 vs Ref=-330233 | Close=1267.20 vs VAL=1251.00
2026-02-05 12:57:24,837 [INFO]     NSE:SONACOMS-EQ | CVD=132048 vs Ref=-62639 | Close=526.45 vs VAL=523.25
2026-02-05 12:57:25,029 [INFO]     NSE:ABCAPITAL-EQ | CVD=304352 vs Ref=-299790 | Close=340.05 vs VAL=335.00
2026-02-05 12:57:25,224 [INFO]     NSE:LTF-EQ | CVD=-410554 vs Ref=-448884 | Close=283.20 vs VAL=278.70
2026-02-05 12:58:25,225 [INFO] 🔍 Scanning for alerts on 10 symbols (5min)...
2026-02-05 12:58:25,417 [INFO]     NSE:LT-EQ | CVD=-20997 vs Ref=-83058 | Close=4068.60 vs VAL=4038.55
2026-02-05 12:58:25,604 [INFO]     NSE:HAL-EQ | CVD=-588199 vs Ref=-906192 | Close=4055.00 vs VAL=3948.00
2026-02-05 12:58:25,800 [INFO]     NSE:BSE-EQ | CVD=-210202 vs Ref=-314646 | Close=2873.00 vs VAL=2847.60
2026-02-05 12:58:25,994 [INFO]     NSE:ANGELONE-EQ | CVD=-116458 vs Ref=-91451 | Close=2634.70 vs VAL=2628.90
2026-02-05 12:58:26,178 [INFO]     NSE:ADANIENT-EQ | CVD=-19241 vs Ref=-58526 | Close=2224.00 vs VAL=2211.70
2026-02-05 12:58:26,364 [INFO]     NSE:BHARTIARTL-EQ | CVD=-26652 vs Ref=-581026 | Close=2003.50 vs VAL=2004.30
2026-02-05 12:58:26,548 [INFO]     NSE:BDL-EQ | CVD=-263939 vs Ref=-330233 | Close=1267.20 vs VAL=1251.00
2026-02-05 12:58:26,743 [INFO]     NSE:SONACOMS-EQ | CVD=132048 vs Ref=-62639 | Close=526.45 vs VAL=523.25
2026-02-05 12:58:26,943 [INFO]     NSE:ABCAPITAL-EQ | CVD=304352 vs Ref=-299790 | Close=340.05 vs VAL=335.00
2026-02-05 12:58:27,138 [INFO]     NSE:LTF-EQ | CVD=-410554 vs Ref=-448884 | Close=283.20 vs VAL=278.70
2026-02-05 12:59:27,139 [INFO] 🔍 Scanning for alerts on 10 symbols (5min)...
2026-02-05 12:59:27,324 [INFO]     NSE:LT-EQ | CVD=-20997 vs Ref=-83058 | Close=4068.60 vs VAL=4038.55
2026-02-05 12:59:27,506 [INFO]     NSE:HAL-EQ | CVD=-588199 vs Ref=-906192 | Close=4055.00 vs VAL=3948.00
2026-02-05 12:59:27,692 [INFO]     NSE:BSE-EQ | CVD=-210202 vs Ref=-314646 | Close=2873.00 vs VAL=2847.60
2026-02-05 12:59:27,898 [INFO]     NSE:ANGELONE-EQ | CVD=-116458 vs Ref=-91451 | Close=2634.70 vs VAL=2628.90
2026-02-05 12:59:28,080 [INFO]     NSE:ADANIENT-EQ | CVD=-19241 vs Ref=-58526 | Close=2224.00 vs VAL=2211.70
2026-02-05 12:59:28,261 [INFO]     NSE:BHARTIARTL-EQ | CVD=-26652 vs Ref=-581026 | Close=2003.50 vs VAL=2004.30
2026-02-05 12:59:28,462 [INFO]     NSE:BDL-EQ | CVD=-263939 vs Ref=-330233 | Close=1267.20 vs VAL=1251.00
2026-02-05 12:59:28,644 [INFO]     NSE:SONACOMS-EQ | CVD=132048 vs Ref=-62639 | Close=526.45 vs VAL=523.25
2026-02-05 12:59:28,834 [INFO]     NSE:ABCAPITAL-EQ | CVD=304352 vs Ref=-299790 | Close=340.05 vs VAL=335.00
2026-02-05 12:59:29,038 [INFO]     NSE:LTF-EQ | CVD=-410554 vs Ref=-448884 | Close=283.20 vs VAL=278.70
2026-02-05 13:00:29,039 [INFO] 🔍 Scanning for alerts on 10 symbols (5min)...
2026-02-05 13:00:29,217 [INFO]     NSE:LT-EQ | CVD=-20997 vs Ref=-83058 | Close=4068.60 vs VAL=4038.55
2026-02-05 13:00:29,432 [INFO]     NSE:HAL-EQ | CVD=-588199 vs Ref=-906192 | Close=4055.00 vs VAL=3948.00
2026-02-05 13:00:29,621 [INFO]     NSE:BSE-EQ | CVD=-210202 vs Ref=-314646 | Close=2873.00 vs VAL=2847.60
2026-02-05 13:00:29,820 [INFO]     NSE:ANGELONE-EQ | CVD=-116458 vs Ref=-91451 | Close=2634.70 vs VAL=2628.90
2026-02-05 13:00:30,007 [INFO]     NSE:ADANIENT-EQ | CVD=-19241 vs Ref=-58526 | Close=2224.00 vs VAL=2211.70
2026-02-05 13:00:30,189 [INFO]     NSE:BHARTIARTL-EQ | CVD=-26652 vs Ref=-581026 | Close=2003.50 vs VAL=2004.30
2026-02-05 13:00:30,372 [INFO]     NSE:BDL-EQ | CVD=-263939 vs Ref=-330233 | Close=1267.20 vs VAL=1251.00
2026-02-05 13:00:30,836 [INFO]     NSE:SONACOMS-EQ | CVD=132048 vs Ref=-62639 | Close=526.45 vs VAL=523.25
2026-02-05 13:00:31,342 [INFO]     NSE:ABCAPITAL-EQ | CVD=304352 vs Ref=-299790 | Close=340.05 vs VAL=335.00
2026-02-05 13:00:31,779 [INFO]     NSE:LTF-EQ | CVD=-410554 vs Ref=-448884 | Close=283.20 vs VAL=278.70
2026-02-05 13:01:31,781 [INFO] 🔍 Scanning for alerts on 10 symbols (5min)...
2026-02-05 13:01:31,956 [INFO]     NSE:LT-EQ | CVD=-20710 vs Ref=-83058 | Close=4072.10 vs VAL=4038.55
2026-02-05 13:01:32,147 [INFO]     NSE:HAL-EQ | CVD=-545246 vs Ref=-906192 | Close=4066.30 vs VAL=3948.00
2026-02-05 13:01:32,338 [INFO]     NSE:BSE-EQ | CVD=-201890 vs Ref=-314646 | Close=2877.90 vs VAL=2847.60
2026-02-05 13:01:32,525 [INFO]     NSE:ANGELONE-EQ | CVD=-116386 vs Ref=-91451 | Close=2638.90 vs VAL=2628.90
2026-02-05 13:01:32,718 [INFO]     NSE:ADANIENT-EQ | CVD=-13382 vs Ref=-58526 | Close=2227.20 vs VAL=2211.70
2026-02-05 13:01:32,912 [INFO]     NSE:BHARTIARTL-EQ | CVD=-96290 vs Ref=-581026 | Close=2001.60 vs VAL=2004.30
2026-02-05 13:01:33,099 [INFO]     NSE:BDL-EQ | CVD=-254041 vs Ref=-330233 | Close=1269.70 vs VAL=1251.00
2026-02-05 13:01:33,288 [INFO]     NSE:SONACOMS-EQ | CVD=-28459 vs Ref=-62639 | Close=525.00 vs VAL=523.25
2026-02-05 13:01:33,491 [INFO]     NSE:ABCAPITAL-EQ | CVD=307906 vs Ref=-299790 | Close=340.00 vs VAL=335.00
2026-02-05 13:01:33,672 [INFO]     NSE:LTF-EQ | CVD=-407165 vs Ref=-448884 | Close=283.50 vs VAL=278.70
2026-02-05 13:02:33,674 [INFO] 🔍 Scanning for alerts on 10 symbols (5min)...
2026-02-05 13:02:33,846 [INFO]     NSE:LT-EQ | CVD=-20710 vs Ref=-83058 | Close=4072.10 vs VAL=4038.55
2026-02-05 13:02:34,039 [INFO]     NSE:HAL-EQ | CVD=-545246 vs Ref=-906192 | Close=4066.30 vs VAL=3948.00
2026-02-05 13:02:34,241 [INFO]     NSE:BSE-EQ | CVD=-201890 vs Ref=-314646 | Close=2877.90 vs VAL=2847.60
2026-02-05 13:02:34,434 [INFO]     NSE:ANGELONE-EQ | CVD=-116386 vs Ref=-91451 | Close=2638.90 vs VAL=2628.90
2026-02-05 13:02:34,628 [INFO]     NSE:ADANIENT-EQ | CVD=-13382 vs Ref=-58526 | Close=2227.20 vs VAL=2211.70
2026-02-05 13:02:34,895 [INFO]     NSE:BHARTIARTL-EQ | CVD=-96290 vs Ref=-581026 | Close=2001.60 vs VAL=2004.30
2026-02-05 13:02:35,087 [INFO]     NSE:BDL-EQ | CVD=-254041 vs Ref=-330233 | Close=1269.70 vs VAL=1251.00
2026-02-05 13:02:35,281 [INFO]     NSE:SONACOMS-EQ | CVD=-28459 vs Ref=-62639 | Close=525.00 vs VAL=523.25
2026-02-05 13:02:36,110 [INFO]     NSE:ABCAPITAL-EQ | CVD=307906 vs Ref=-299790 | Close=340.00 vs VAL=335.00
2026-02-05 13:02:36,312 [INFO]     NSE:LTF-EQ | CVD=-407165 vs Ref=-448884 | Close=283.50 vs VAL=278.70
2026-02-05 13:03:36,314 [INFO] 🔍 Scanning for alerts on 10 symbols (5min)...
2026-02-05 13:03:36,546 [INFO]     NSE:LT-EQ | CVD=-20710 vs Ref=-83058 | Close=4072.10 vs VAL=4038.55
2026-02-05 13:03:36,796 [INFO]     NSE:HAL-EQ | CVD=-545246 vs Ref=-906192 | Close=4066.30 vs VAL=3948.00
2026-02-05 13:03:37,089 [INFO]     NSE:BSE-EQ | CVD=-201890 vs Ref=-314646 | Close=2877.90 vs VAL=2847.60
2026-02-05 13:03:37,335 [INFO]     NSE:ANGELONE-EQ | CVD=-116386 vs Ref=-91451 | Close=2638.90 vs VAL=2628.90
2026-02-05 13:03:37,558 [INFO]     NSE:ADANIENT-EQ | CVD=-13382 vs Ref=-58526 | Close=2227.20 vs VAL=2211.70
2026-02-05 13:03:37,781 [INFO]     NSE:BHARTIARTL-EQ | CVD=-96290 vs Ref=-581026 | Close=2001.60 vs VAL=2004.30
2026-02-05 13:03:37,985 [INFO]     NSE:BDL-EQ | CVD=-254041 vs Ref=-330233 | Close=1269.70 vs VAL=1251.00
2026-02-05 13:03:38,173 [INFO]     NSE:SONACOMS-EQ | CVD=-28459 vs Ref=-62639 | Close=525.00 vs VAL=523.25
2026-02-05 13:03:38,363 [INFO]     NSE:ABCAPITAL-EQ | CVD=307906 vs Ref=-299790 | Close=340.00 vs VAL=335.00
2026-02-05 13:03:38,554 [INFO]     NSE:LTF-EQ | CVD=-407165 vs Ref=-448884 | Close=283.50 vs VAL=278.70
2026-02-05 13:04:38,569 [INFO] 🔍 Scanning for alerts on 10 symbols (5min)...
2026-02-05 13:04:43,806 [INFO]     NSE:LT-EQ | CVD=-20710 vs Ref=-83058 | Close=4072.10 vs VAL=4038.55
2026-02-05 13:04:46,924 [INFO]     NSE:HAL-EQ | CVD=-545246 vs Ref=-906192 | Close=4066.30 vs VAL=3948.00
2026-02-05 13:04:50,179 [INFO]     NSE:BSE-EQ | CVD=-201890 vs Ref=-314646 | Close=2877.90 vs VAL=2847.60
2026-02-05 13:04:53,306 [INFO]     NSE:ANGELONE-EQ | CVD=-116386 vs Ref=-91451 | Close=2638.90 vs VAL=2628.90
2026-02-05 13:04:55,892 [INFO]     NSE:ADANIENT-EQ | CVD=-13382 vs Ref=-58526 | Close=2227.20 vs VAL=2211.70
2026-02-05 13:05:00,137 [INFO]     NSE:BHARTIARTL-EQ | CVD=-96290 vs Ref=-581026 | Close=2001.60 vs VAL=2004.30
2026-02-05 13:05:04,987 [INFO]     NSE:BDL-EQ | CVD=-254041 vs Ref=-330233 | Close=1269.70 vs VAL=1251.00
2026-02-05 13:05:08,534 [INFO]     NSE:SONACOMS-EQ | CVD=-28459 vs Ref=-62639 | Close=525.00 vs VAL=523.25
2026-02-05 13:05:11,964 [INFO]     NSE:ABCAPITAL-EQ | CVD=307906 vs Ref=-299790 | Close=340.00 vs VAL=335.00
2026-02-05 13:05:18,107 [INFO]     NSE:LTF-EQ | CVD=-407165 vs Ref=-448884 | Close=283.50 vs VAL=278.70
2026-02-05 13:06:18,112 [INFO] 🔍 Scanning for alerts on 10 symbols (5min)...
2026-02-05 13:06:18,304 [INFO]     NSE:LT-EQ | CVD=-7322 vs Ref=-83058 | Close=4071.40 vs VAL=4038.55
2026-02-05 13:06:18,488 [INFO]     NSE:HAL-EQ | CVD=-535261 vs Ref=-906192 | Close=4063.40 vs VAL=3948.00
2026-02-05 13:06:18,688 [INFO]     NSE:BSE-EQ | CVD=-190117 vs Ref=-314646 | Close=2878.60 vs VAL=2847.60
2026-02-05 13:06:18,883 [INFO]     NSE:ANGELONE-EQ | CVD=-116220 vs Ref=-91451 | Close=2639.30 vs VAL=2628.90
2026-02-05 13:06:19,061 [INFO]     NSE:ADANIENT-EQ | CVD=-13773 vs Ref=-58526 | Close=2228.00 vs VAL=2211.70
2026-02-05 13:06:19,246 [INFO]     NSE:BHARTIARTL-EQ | CVD=-166179 vs Ref=-581026 | Close=1999.90 vs VAL=2004.30
2026-02-05 13:06:19,429 [INFO]     NSE:BDL-EQ | CVD=-254099 vs Ref=-330233 | Close=1269.40 vs VAL=1251.00
2026-02-05 13:06:19,620 [INFO]     NSE:SONACOMS-EQ | CVD=-41269 vs Ref=-62639 | Close=524.60 vs VAL=523.25
2026-02-05 13:06:19,807 [INFO]     NSE:ABCAPITAL-EQ | CVD=301027 vs Ref=-299790 | Close=339.80 vs VAL=335.00
2026-02-05 13:06:20,003 [INFO]     NSE:LTF-EQ | CVD=-403848 vs Ref=-448884 | Close=283.50 vs VAL=278.70
2026-02-05 13:07:20,003 [INFO] 🔍 Scanning for alerts on 10 symbols (5min)...
2026-02-05 13:07:20,197 [INFO]     NSE:LT-EQ | CVD=-7322 vs Ref=-83058 | Close=4071.40 vs VAL=4038.55
2026-02-05 13:07:20,383 [INFO]     NSE:HAL-EQ | CVD=-535261 vs Ref=-906192 | Close=4063.40 vs VAL=3948.00
2026-02-05 13:07:20,580 [INFO]     NSE:BSE-EQ | CVD=-190117 vs Ref=-314646 | Close=2878.60 vs VAL=2847.60
2026-02-05 13:07:20,788 [INFO]     NSE:ANGELONE-EQ | CVD=-116220 vs Ref=-91451 | Close=2639.30 vs VAL=2628.90
2026-02-05 13:07:20,967 [INFO]     NSE:ADANIENT-EQ | CVD=-13773 vs Ref=-58526 | Close=2228.00 vs VAL=2211.70
2026-02-05 13:07:21,150 [INFO]     NSE:BHARTIARTL-EQ | CVD=-166179 vs Ref=-581026 | Close=1999.90 vs VAL=2004.30
2026-02-05 13:07:21,337 [INFO]     NSE:BDL-EQ | CVD=-254099 vs Ref=-330233 | Close=1269.40 vs VAL=1251.00
2026-02-05 13:07:21,519 [INFO]     NSE:SONACOMS-EQ | CVD=-41269 vs Ref=-62639 | Close=524.60 vs VAL=523.25
2026-02-05 13:07:21,722 [INFO]     NSE:ABCAPITAL-EQ | CVD=301027 vs Ref=-299790 | Close=339.80 vs VAL=335.00
2026-02-05 13:07:21,920 [INFO]     NSE:LTF-EQ | CVD=-403848 vs Ref=-448884 | Close=283.50 vs VAL=278.70
2026-02-05 13:08:21,921 [INFO] 🔍 Scanning for alerts on 10 symbols (5min)...
2026-02-05 13:08:22,108 [INFO]     NSE:LT-EQ | CVD=-7322 vs Ref=-83058 | Close=4071.40 vs VAL=4038.55
2026-02-05 13:08:22,300 [INFO]     NSE:HAL-EQ | CVD=-535261 vs Ref=-906192 | Close=4063.40 vs VAL=3948.00
2026-02-05 13:08:22,501 [INFO]     NSE:BSE-EQ | CVD=-190117 vs Ref=-314646 | Close=2878.60 vs VAL=2847.60
2026-02-05 13:08:22,713 [INFO]     NSE:ANGELONE-EQ | CVD=-116220 vs Ref=-91451 | Close=2639.30 vs VAL=2628.90
2026-02-05 13:08:22,903 [INFO]     NSE:ADANIENT-EQ | CVD=-13773 vs Ref=-58526 | Close=2228.00 vs VAL=2211.70
2026-02-05 13:08:23,102 [INFO]     NSE:BHARTIARTL-EQ | CVD=-166179 vs Ref=-581026 | Close=1999.90 vs VAL=2004.30
2026-02-05 13:08:23,291 [INFO]     NSE:BDL-EQ | CVD=-254099 vs Ref=-330233 | Close=1269.40 vs VAL=1251.00
2026-02-05 13:08:23,480 [INFO]     NSE:SONACOMS-EQ | CVD=-41269 vs Ref=-62639 | Close=524.60 vs VAL=523.25
2026-02-05 13:08:23,680 [INFO]     NSE:ABCAPITAL-EQ | CVD=301027 vs Ref=-299790 | Close=339.80 vs VAL=335.00
2026-02-05 13:08:23,889 [INFO]     NSE:LTF-EQ | CVD=-403848 vs Ref=-448884 | Close=283.50 vs VAL=278.70
2026-02-05 13:09:23,890 [INFO] 🔍 Scanning for alerts on 10 symbols (5min)...
2026-02-05 13:09:24,076 [INFO]     NSE:LT-EQ | CVD=-7322 vs Ref=-83058 | Close=4071.40 vs VAL=4038.55
2026-02-05 13:09:24,287 [INFO]     NSE:HAL-EQ | CVD=-535261 vs Ref=-906192 | Close=4063.40 vs VAL=3948.00
2026-02-05 13:09:24,479 [INFO]     NSE:BSE-EQ | CVD=-190117 vs Ref=-314646 | Close=2878.60 vs VAL=2847.60
2026-02-05 13:09:24,677 [INFO]     NSE:ANGELONE-EQ | CVD=-116220 vs Ref=-91451 | Close=2639.30 vs VAL=2628.90
2026-02-05 13:09:24,877 [INFO]     NSE:ADANIENT-EQ | CVD=-13773 vs Ref=-58526 | Close=2228.00 vs VAL=2211.70
2026-02-05 13:09:25,067 [INFO]     NSE:BHARTIARTL-EQ | CVD=-166179 vs Ref=-581026 | Close=1999.90 vs VAL=2004.30
2026-02-05 13:09:25,266 [INFO]     NSE:BDL-EQ | CVD=-254099 vs Ref=-330233 | Close=1269.40 vs VAL=1251.00
2026-02-05 13:09:25,466 [INFO]     NSE:SONACOMS-EQ | CVD=-41269 vs Ref=-62639 | Close=524.60 vs VAL=523.25
2026-02-05 13:09:25,652 [INFO]     NSE:ABCAPITAL-EQ | CVD=301027 vs Ref=-299790 | Close=339.80 vs VAL=335.00
2026-02-05 13:09:25,850 [INFO]     NSE:LTF-EQ | CVD=-403848 vs Ref=-448884 | Close=283.50 vs VAL=278.70
2026-02-05 13:10:25,852 [INFO] 🔍 Scanning for alerts on 10 symbols (5min)...
2026-02-05 13:10:26,067 [INFO]     NSE:LT-EQ | CVD=-7322 vs Ref=-83058 | Close=4071.40 vs VAL=4038.55
2026-02-05 13:10:26,298 [INFO]     NSE:HAL-EQ | CVD=-535261 vs Ref=-906192 | Close=4063.40 vs VAL=3948.00
2026-02-05 13:10:26,500 [INFO]     NSE:BSE-EQ | CVD=-190117 vs Ref=-314646 | Close=2878.60 vs VAL=2847.60
2026-02-05 13:10:26,713 [INFO]     NSE:ANGELONE-EQ | CVD=-116220 vs Ref=-91451 | Close=2639.30 vs VAL=2628.90
2026-02-05 13:10:26,897 [INFO]     NSE:ADANIENT-EQ | CVD=-13773 vs Ref=-58526 | Close=2228.00 vs VAL=2211.70
2026-02-05 13:10:27,097 [INFO]     NSE:BHARTIARTL-EQ | CVD=-166179 vs Ref=-581026 | Close=1999.90 vs VAL=2004.30
2026-02-05 13:10:27,294 [INFO]     NSE:BDL-EQ | CVD=-254099 vs Ref=-330233 | Close=1269.40 vs VAL=1251.00
2026-02-05 13:10:27,491 [INFO]     NSE:SONACOMS-EQ | CVD=-41269 vs Ref=-62639 | Close=524.60 vs VAL=523.25
2026-02-05 13:10:27,687 [INFO]     NSE:ABCAPITAL-EQ | CVD=301027 vs Ref=-299790 | Close=339.80 vs VAL=335.00
2026-02-05 13:10:27,894 [INFO]     NSE:LTF-EQ | CVD=-403848 vs Ref=-448884 | Close=283.50 vs VAL=278.70
2026-02-05 13:11:27,896 [INFO] 🔍 Scanning for alerts on 10 symbols (5min)...
2026-02-05 13:11:28,093 [INFO]     NSE:LT-EQ | CVD=-8487 vs Ref=-83058 | Close=4074.00 vs VAL=4038.55
2026-02-05 13:11:28,310 [INFO]     NSE:HAL-EQ | CVD=-535087 vs Ref=-906192 | Close=4059.00 vs VAL=3948.00
2026-02-05 13:11:28,621 [INFO]     NSE:BSE-EQ | CVD=-148893 vs Ref=-314646 | Close=2882.00 vs VAL=2847.60
2026-02-05 13:11:28,976 [INFO]     NSE:ANGELONE-EQ | CVD=-116712 vs Ref=-91451 | Close=2637.00 vs VAL=2628.90
2026-02-05 13:11:29,283 [INFO]     NSE:ADANIENT-EQ | CVD=695 vs Ref=-58526 | Close=2231.50 vs VAL=2211.70
2026-02-05 13:11:29,704 [INFO]     NSE:BHARTIARTL-EQ | CVD=-167892 vs Ref=-581026 | Close=1999.60 vs VAL=2004.30
2026-02-05 13:11:30,210 [INFO]     NSE:BDL-EQ | CVD=-259036 vs Ref=-330233 | Close=1269.90 vs VAL=1251.00
2026-02-05 13:11:30,557 [INFO]     NSE:SONACOMS-EQ | CVD=-48632 vs Ref=-62639 | Close=524.80 vs VAL=523.25
2026-02-05 13:11:30,803 [INFO]     NSE:ABCAPITAL-EQ | CVD=305151 vs Ref=-299790 | Close=339.85 vs VAL=335.00
2026-02-05 13:11:31,062 [INFO]     NSE:LTF-EQ | CVD=-411617 vs Ref=-448884 | Close=283.25 vs VAL=278.70
2026-02-05 13:12:31,063 [INFO] 🔍 Scanning for alerts on 10 symbols (5min)...
2026-02-05 13:12:31,254 [INFO]     NSE:LT-EQ | CVD=-8487 vs Ref=-83058 | Close=4074.00 vs VAL=4038.55
2026-02-05 13:12:31,461 [INFO]     NSE:HAL-EQ | CVD=-535087 vs Ref=-906192 | Close=4059.00 vs VAL=3948.00
2026-02-05 13:12:31,690 [INFO]     NSE:BSE-EQ | CVD=-148893 vs Ref=-314646 | Close=2882.00 vs VAL=2847.60
2026-02-05 13:12:31,949 [INFO]     NSE:ANGELONE-EQ | CVD=-116712 vs Ref=-91451 | Close=2637.00 vs VAL=2628.90
2026-02-05 13:12:32,240 [INFO]     NSE:ADANIENT-EQ | CVD=695 vs Ref=-58526 | Close=2231.50 vs VAL=2211.70
2026-02-05 13:12:32,501 [INFO]     NSE:BHARTIARTL-EQ | CVD=-167892 vs Ref=-581026 | Close=1999.60 vs VAL=2004.30
2026-02-05 13:12:32,724 [INFO]     NSE:BDL-EQ | CVD=-259036 vs Ref=-330233 | Close=1269.90 vs VAL=1251.00
2026-02-05 13:12:32,966 [INFO]     NSE:SONACOMS-EQ | CVD=-48632 vs Ref=-62639 | Close=524.80 vs VAL=523.25
2026-02-05 13:12:33,320 [INFO]     NSE:ABCAPITAL-EQ | CVD=305151 vs Ref=-299790 | Close=339.85 vs VAL=335.00
2026-02-05 13:12:33,665 [INFO]     NSE:LTF-EQ | CVD=-411617 vs Ref=-448884 | Close=283.25 vs VAL=278.70
2026-02-05 13:13:33,666 [INFO] 🔍 Scanning for alerts on 10 symbols (5min)...
2026-02-05 13:13:33,870 [INFO]     NSE:LT-EQ | CVD=-8487 vs Ref=-83058 | Close=4074.00 vs VAL=4038.55
2026-02-05 13:13:34,199 [INFO]     NSE:HAL-EQ | CVD=-535087 vs Ref=-906192 | Close=4059.00 vs VAL=3948.00
2026-02-05 13:13:34,613 [INFO]     NSE:BSE-EQ | CVD=-148893 vs Ref=-314646 | Close=2882.00 vs VAL=2847.60
2026-02-05 13:13:34,840 [INFO]     NSE:ANGELONE-EQ | CVD=-116712 vs Ref=-91451 | Close=2637.00 vs VAL=2628.90
2026-02-05 13:13:35,080 [INFO]     NSE:ADANIENT-EQ | CVD=695 vs Ref=-58526 | Close=2231.50 vs VAL=2211.70
2026-02-05 13:13:35,361 [INFO]     NSE:BHARTIARTL-EQ | CVD=-167892 vs Ref=-581026 | Close=1999.60 vs VAL=2004.30
2026-02-05 13:13:35,650 [INFO]     NSE:BDL-EQ | CVD=-259036 vs Ref=-330233 | Close=1269.90 vs VAL=1251.00
2026-02-05 13:13:35,951 [INFO]     NSE:SONACOMS-EQ | CVD=-48632 vs Ref=-62639 | Close=524.80 vs VAL=523.25
2026-02-05 13:13:36,273 [INFO]     NSE:ABCAPITAL-EQ | CVD=305151 vs Ref=-299790 | Close=339.85 vs VAL=335.00
2026-02-05 13:13:36,632 [INFO]     NSE:LTF-EQ | CVD=-411617 vs Ref=-448884 | Close=283.25 vs VAL=278.70
2026-02-05 13:14:36,633 [INFO] 🔍 Scanning for alerts on 10 symbols (5min)...
2026-02-05 13:14:36,829 [INFO]     NSE:LT-EQ | CVD=-8487 vs Ref=-83058 | Close=4074.00 vs VAL=4038.55
2026-02-05 13:14:37,133 [INFO]     NSE:HAL-EQ | CVD=-535087 vs Ref=-906192 | Close=4059.00 vs VAL=3948.00
2026-02-05 13:14:37,427 [INFO]     NSE:BSE-EQ | CVD=-148893 vs Ref=-314646 | Close=2882.00 vs VAL=2847.60
2026-02-05 13:14:37,866 [INFO]     NSE:ANGELONE-EQ | CVD=-116712 vs Ref=-91451 | Close=2637.00 vs VAL=2628.90
2026-02-05 13:14:38,140 [INFO]     NSE:ADANIENT-EQ | CVD=695 vs Ref=-58526 | Close=2231.50 vs VAL=2211.70
2026-02-05 13:14:38,376 [INFO]     NSE:BHARTIARTL-EQ | CVD=-167892 vs Ref=-581026 | Close=1999.60 vs VAL=2004.30
2026-02-05 13:14:38,604 [INFO]     NSE:BDL-EQ | CVD=-259036 vs Ref=-330233 | Close=1269.90 vs VAL=1251.00
2026-02-05 13:14:38,930 [INFO]     NSE:SONACOMS-EQ | CVD=-48632 vs Ref=-62639 | Close=524.80 vs VAL=523.25
2026-02-05 13:14:39,312 [INFO]     NSE:ABCAPITAL-EQ | CVD=305151 vs Ref=-299790 | Close=339.85 vs VAL=335.00
2026-02-05 13:14:39,707 [INFO]     NSE:LTF-EQ | CVD=-411617 vs Ref=-448884 | Close=283.25 vs VAL=278.70
2026-02-05 13:15:39,708 [INFO] 🔍 Scanning for alerts on 10 symbols (5min)...
2026-02-05 13:15:39,911 [INFO]     NSE:LT-EQ | CVD=-8487 vs Ref=-83058 | Close=4074.00 vs VAL=4038.55
2026-02-05 13:15:40,123 [INFO]     NSE:HAL-EQ | CVD=-535087 vs Ref=-906192 | Close=4059.00 vs VAL=3948.00
2026-02-05 13:15:40,415 [INFO]     NSE:BSE-EQ | CVD=-148893 vs Ref=-314646 | Close=2882.00 vs VAL=2847.60
2026-02-05 13:15:40,669 [INFO]     NSE:ANGELONE-EQ | CVD=-116712 vs Ref=-91451 | Close=2637.00 vs VAL=2628.90
2026-02-05 13:15:40,891 [INFO]     NSE:ADANIENT-EQ | CVD=695 vs Ref=-58526 | Close=2231.50 vs VAL=2211.70
2026-02-05 13:15:41,159 [INFO]     NSE:BHARTIARTL-EQ | CVD=-167892 vs Ref=-581026 | Close=1999.60 vs VAL=2004.30
2026-02-05 13:15:41,422 [INFO]     NSE:BDL-EQ | CVD=-259036 vs Ref=-330233 | Close=1269.90 vs VAL=1251.00
2026-02-05 13:15:41,646 [INFO]     NSE:SONACOMS-EQ | CVD=-48632 vs Ref=-62639 | Close=524.80 vs VAL=523.25
2026-02-05 13:15:41,877 [INFO]     NSE:ABCAPITAL-EQ | CVD=305151 vs Ref=-299790 | Close=339.85 vs VAL=335.00
2026-02-05 13:15:42,205 [INFO]     NSE:LTF-EQ | CVD=-411617 vs Ref=-448884 | Close=283.25 vs VAL=278.70
2026-02-05 13:16:42,207 [INFO] 🔍 Scanning for alerts on 10 symbols (5min)...
2026-02-05 13:16:42,395 [INFO]     NSE:LT-EQ | CVD=-10109 vs Ref=-83058 | Close=4071.90 vs VAL=4038.55
2026-02-05 13:16:42,610 [INFO]     NSE:HAL-EQ | CVD=-565091 vs Ref=-906192 | Close=4057.30 vs VAL=3948.00
2026-02-05 13:16:42,836 [INFO]     NSE:BSE-EQ | CVD=-117808 vs Ref=-314646 | Close=2890.00 vs VAL=2847.60
2026-02-05 13:16:43,111 [INFO]     NSE:ANGELONE-EQ | CVD=-119845 vs Ref=-91451 | Close=2635.40 vs VAL=2628.90
2026-02-05 13:16:43,431 [INFO]     NSE:ADANIENT-EQ | CVD=-5446 vs Ref=-58526 | Close=2234.00 vs VAL=2211.70
2026-02-05 13:16:45,475 [INFO]     NSE:BHARTIARTL-EQ | CVD=-177709 vs Ref=-581026 | Close=1999.70 vs VAL=2004.30
2026-02-05 13:16:45,781 [INFO]     NSE:BDL-EQ | CVD=-254540 vs Ref=-330233 | Close=1270.00 vs VAL=1251.00
2026-02-05 13:16:46,092 [INFO]     NSE:SONACOMS-EQ | CVD=-50786 vs Ref=-62639 | Close=524.55 vs VAL=523.25
2026-02-05 13:16:46,347 [INFO]     NSE:ABCAPITAL-EQ | CVD=294482 vs Ref=-299790 | Close=339.60 vs VAL=335.00
2026-02-05 13:16:46,673 [INFO]     NSE:LTF-EQ | CVD=-399216 vs Ref=-448884 | Close=283.20 vs VAL=278.70
2026-02-05 13:17:46,674 [INFO] 🔍 Scanning for alerts on 10 symbols (5min)...
2026-02-05 13:17:46,867 [INFO]     NSE:LT-EQ | CVD=-10109 vs Ref=-83058 | Close=4071.90 vs VAL=4038.55
2026-02-05 13:17:47,117 [INFO]     NSE:HAL-EQ | CVD=-565091 vs Ref=-906192 | Close=4057.30 vs VAL=3948.00
2026-02-05 13:17:47,447 [INFO]     NSE:BSE-EQ | CVD=-117808 vs Ref=-314646 | Close=2890.00 vs VAL=2847.60
2026-02-05 13:17:47,793 [INFO]     NSE:ANGELONE-EQ | CVD=-119845 vs Ref=-91451 | Close=2635.40 vs VAL=2628.90
2026-02-05 13:17:48,007 [INFO]     NSE:ADANIENT-EQ | CVD=-5446 vs Ref=-58526 | Close=2234.00 vs VAL=2211.70
2026-02-05 13:17:48,259 [INFO]     NSE:BHARTIARTL-EQ | CVD=-177709 vs Ref=-581026 | Close=1999.70 vs VAL=2004.30
2026-02-05 13:17:48,518 [INFO]     NSE:BDL-EQ | CVD=-254540 vs Ref=-330233 | Close=1270.00 vs VAL=1251.00
2026-02-05 13:17:48,769 [INFO]     NSE:SONACOMS-EQ | CVD=-50786 vs Ref=-62639 | Close=524.55 vs VAL=523.25
2026-02-05 13:17:49,139 [INFO]     NSE:ABCAPITAL-EQ | CVD=294482 vs Ref=-299790 | Close=339.60 vs VAL=335.00
2026-02-05 13:17:49,454 [INFO]     NSE:LTF-EQ | CVD=-399216 vs Ref=-448884 | Close=283.20 vs VAL=278.70
2026-02-05 13:18:49,455 [INFO] 🔍 Scanning for alerts on 10 symbols (5min)...
2026-02-05 13:18:49,655 [INFO]     NSE:LT-EQ | CVD=-10109 vs Ref=-83058 | Close=4071.90 vs VAL=4038.55
2026-02-05 13:18:49,889 [INFO]     NSE:HAL-EQ | CVD=-565091 vs Ref=-906192 | Close=4057.30 vs VAL=3948.00
2026-02-05 13:18:50,172 [INFO]     NSE:BSE-EQ | CVD=-117808 vs Ref=-314646 | Close=2890.00 vs VAL=2847.60
2026-02-05 13:18:50,409 [INFO]     NSE:ANGELONE-EQ | CVD=-119845 vs Ref=-91451 | Close=2635.40 vs VAL=2628.90
2026-02-05 13:18:50,683 [INFO]     NSE:ADANIENT-EQ | CVD=-5446 vs Ref=-58526 | Close=2234.00 vs VAL=2211.70
2026-02-05 13:18:51,002 [INFO]     NSE:BHARTIARTL-EQ | CVD=-177709 vs Ref=-581026 | Close=1999.70 vs VAL=2004.30
2026-02-05 13:18:51,243 [INFO]     NSE:BDL-EQ | CVD=-254540 vs Ref=-330233 | Close=1270.00 vs VAL=1251.00
2026-02-05 13:18:51,496 [INFO]     NSE:SONACOMS-EQ | CVD=-50786 vs Ref=-62639 | Close=524.55 vs VAL=523.25
2026-02-05 13:18:51,907 [INFO]     NSE:ABCAPITAL-EQ | CVD=294482 vs Ref=-299790 | Close=339.60 vs VAL=335.00
2026-02-05 13:18:52,238 [INFO]     NSE:LTF-EQ | CVD=-399216 vs Ref=-448884 | Close=283.20 vs VAL=278.70
2026-02-05 13:19:52,240 [INFO] 🔍 Scanning for alerts on 10 symbols (5min)...
2026-02-05 13:19:52,454 [INFO]     NSE:LT-EQ | CVD=-10109 vs Ref=-83058 | Close=4071.90 vs VAL=4038.55
2026-02-05 13:19:52,702 [INFO]     NSE:HAL-EQ | CVD=-565091 vs Ref=-906192 | Close=4057.30 vs VAL=3948.00
2026-02-05 13:19:52,957 [INFO]     NSE:BSE-EQ | CVD=-117808 vs Ref=-314646 | Close=2890.00 vs VAL=2847.60
2026-02-05 13:19:53,233 [INFO]     NSE:ANGELONE-EQ | CVD=-119845 vs Ref=-91451 | Close=2635.40 vs VAL=2628.90
2026-02-05 13:19:53,540 [INFO]     NSE:ADANIENT-EQ | CVD=-5446 vs Ref=-58526 | Close=2234.00 vs VAL=2211.70
2026-02-05 13:19:53,823 [INFO]     NSE:BHARTIARTL-EQ | CVD=-177709 vs Ref=-581026 | Close=1999.70 vs VAL=2004.30
2026-02-05 13:19:54,107 [INFO]     NSE:BDL-EQ | CVD=-254540 vs Ref=-330233 | Close=1270.00 vs VAL=1251.00
2026-02-05 13:19:54,345 [INFO]     NSE:SONACOMS-EQ | CVD=-50786 vs Ref=-62639 | Close=524.55 vs VAL=523.25
2026-02-05 13:19:54,626 [INFO]     NSE:ABCAPITAL-EQ | CVD=294482 vs Ref=-299790 | Close=339.60 vs VAL=335.00
2026-02-05 13:19:54,876 [INFO]     NSE:LTF-EQ | CVD=-399216 vs Ref=-448884 | Close=283.20 vs VAL=278.70
2026-02-05 13:20:54,877 [INFO] 🔍 Scanning for alerts on 10 symbols (5min)...
2026-02-05 13:20:55,078 [INFO]     NSE:LT-EQ | CVD=-10109 vs Ref=-83058 | Close=4071.90 vs VAL=4038.55
2026-02-05 13:20:55,315 [INFO]     NSE:HAL-EQ | CVD=-565091 vs Ref=-906192 | Close=4057.30 vs VAL=3948.00
2026-02-05 13:20:55,534 [INFO]     NSE:BSE-EQ | CVD=-117808 vs Ref=-314646 | Close=2890.00 vs VAL=2847.60
2026-02-05 13:20:55,769 [INFO]     NSE:ANGELONE-EQ | CVD=-119845 vs Ref=-91451 | Close=2635.40 vs VAL=2628.90
2026-02-05 13:20:56,002 [INFO]     NSE:ADANIENT-EQ | CVD=-5446 vs Ref=-58526 | Close=2234.00 vs VAL=2211.70
2026-02-05 13:20:56,303 [INFO]     NSE:BHARTIARTL-EQ | CVD=-177709 vs Ref=-581026 | Close=1999.70 vs VAL=2004.30
2026-02-05 13:20:56,557 [INFO]     NSE:BDL-EQ | CVD=-254540 vs Ref=-330233 | Close=1270.00 vs VAL=1251.00
2026-02-05 13:20:56,799 [INFO]     NSE:SONACOMS-EQ | CVD=-50786 vs Ref=-62639 | Close=524.55 vs VAL=523.25
2026-02-05 13:20:57,048 [INFO]     NSE:ABCAPITAL-EQ | CVD=294482 vs Ref=-299790 | Close=339.60 vs VAL=335.00
2026-02-05 13:20:57,303 [INFO]     NSE:LTF-EQ | CVD=-399216 vs Ref=-448884 | Close=283.20 vs VAL=278.70
2026-02-05 13:21:57,305 [INFO] 🔍 Scanning for alerts on 10 symbols (5min)...
2026-02-05 13:21:57,506 [INFO]     NSE:LT-EQ | CVD=-7073 vs Ref=-83058 | Close=4071.70 vs VAL=4038.55
2026-02-05 13:21:57,750 [INFO]     NSE:HAL-EQ | CVD=-563239 vs Ref=-906192 | Close=4058.00 vs VAL=3948.00
2026-02-05 13:21:58,000 [INFO]     NSE:BSE-EQ | CVD=-119024 vs Ref=-314646 | Close=2895.00 vs VAL=2847.60
2026-02-05 13:21:58,245 [INFO]     NSE:ANGELONE-EQ | CVD=-97990 vs Ref=-91451 | Close=2640.00 vs VAL=2628.90
2026-02-05 13:21:58,548 [INFO]     NSE:ADANIENT-EQ | CVD=-10877 vs Ref=-58526 | Close=2234.50 vs VAL=2211.70
2026-02-05 13:21:58,989 [INFO]     NSE:BHARTIARTL-EQ | CVD=-178811 vs Ref=-581026 | Close=2001.40 vs VAL=2004.30
2026-02-05 13:21:59,277 [INFO]     NSE:BDL-EQ | CVD=-250770 vs Ref=-330233 | Close=1271.60 vs VAL=1251.00
2026-02-05 13:21:59,533 [INFO]     NSE:SONACOMS-EQ | CVD=-47813 vs Ref=-62639 | Close=525.50 vs VAL=523.25
2026-02-05 13:21:59,806 [INFO]     NSE:ABCAPITAL-EQ | CVD=293678 vs Ref=-299790 | Close=340.45 vs VAL=335.00
2026-02-05 13:22:00,092 [INFO]     NSE:LTF-EQ | CVD=-373566 vs Ref=-448884 | Close=283.80 vs VAL=278.70
2026-02-05 13:23:00,093 [INFO] 🔍 Scanning for alerts on 10 symbols (5min)...
2026-02-05 13:23:00,305 [INFO]     NSE:LT-EQ | CVD=-7073 vs Ref=-83058 | Close=4071.70 vs VAL=4038.55
2026-02-05 13:23:00,529 [INFO]     NSE:HAL-EQ | CVD=-563239 vs Ref=-906192 | Close=4058.00 vs VAL=3948.00
2026-02-05 13:23:00,840 [INFO]     NSE:BSE-EQ | CVD=-119024 vs Ref=-314646 | Close=2895.00 vs VAL=2847.60
2026-02-05 13:23:01,069 [INFO]     NSE:ANGELONE-EQ | CVD=-97990 vs Ref=-91451 | Close=2640.00 vs VAL=2628.90
2026-02-05 13:23:01,335 [INFO]     NSE:ADANIENT-EQ | CVD=-10877 vs Ref=-58526 | Close=2234.50 vs VAL=2211.70
2026-02-05 13:23:01,596 [INFO]     NSE:BHARTIARTL-EQ | CVD=-178811 vs Ref=-581026 | Close=2001.40 vs VAL=2004.30
2026-02-05 13:23:01,852 [INFO]     NSE:BDL-EQ | CVD=-250770 vs Ref=-330233 | Close=1271.60 vs VAL=1251.00
2026-02-05 13:23:02,122 [INFO]     NSE:SONACOMS-EQ | CVD=-47813 vs Ref=-62639 | Close=525.50 vs VAL=523.25
2026-02-05 13:23:02,390 [INFO]     NSE:ABCAPITAL-EQ | CVD=293678 vs Ref=-299790 | Close=340.45 vs VAL=335.00
2026-02-05 13:23:03,018 [INFO]     NSE:LTF-EQ | CVD=-373566 vs Ref=-448884 | Close=283.80 vs VAL=278.70
2026-02-05 13:24:03,019 [INFO] 🔍 Scanning for alerts on 10 symbols (5min)...
2026-02-05 13:24:03,286 [INFO]     NSE:LT-EQ | CVD=-7073 vs Ref=-83058 | Close=4071.70 vs VAL=4038.55
2026-02-05 13:24:03,561 [INFO]     NSE:HAL-EQ | CVD=-563239 vs Ref=-906192 | Close=4058.00 vs VAL=3948.00
2026-02-05 13:24:03,816 [INFO]     NSE:BSE-EQ | CVD=-119024 vs Ref=-314646 | Close=2895.00 vs VAL=2847.60
2026-02-05 13:24:04,066 [INFO]     NSE:ANGELONE-EQ | CVD=-97990 vs Ref=-91451 | Close=2640.00 vs VAL=2628.90
2026-02-05 13:24:04,390 [INFO]     NSE:ADANIENT-EQ | CVD=-10877 vs Ref=-58526 | Close=2234.50 vs VAL=2211.70
2026-02-05 13:24:04,645 [INFO]     NSE:BHARTIARTL-EQ | CVD=-178811 vs Ref=-581026 | Close=2001.40 vs VAL=2004.30
2026-02-05 13:24:04,940 [INFO]     NSE:BDL-EQ | CVD=-250770 vs Ref=-330233 | Close=1271.60 vs VAL=1251.00
2026-02-05 13:24:05,247 [INFO]     NSE:SONACOMS-EQ | CVD=-47813 vs Ref=-62639 | Close=525.50 vs VAL=523.25
2026-02-05 13:24:05,587 [INFO]     NSE:ABCAPITAL-EQ | CVD=293678 vs Ref=-299790 | Close=340.45 vs VAL=335.00
2026-02-05 13:24:05,873 [INFO]     NSE:LTF-EQ | CVD=-373566 vs Ref=-448884 | Close=283.80 vs VAL=278.70
2026-02-05 13:25:05,874 [INFO] 🔍 Scanning for alerts on 10 symbols (5min)...
2026-02-05 13:25:06,138 [INFO]     NSE:LT-EQ | CVD=-7073 vs Ref=-83058 | Close=4071.70 vs VAL=4038.55
2026-02-05 13:25:06,418 [INFO]     NSE:HAL-EQ | CVD=-563239 vs Ref=-906192 | Close=4058.00 vs VAL=3948.00
2026-02-05 13:25:06,631 [INFO]     NSE:BSE-EQ | CVD=-119024 vs Ref=-314646 | Close=2895.00 vs VAL=2847.60
2026-02-05 13:25:06,856 [INFO]     NSE:ANGELONE-EQ | CVD=-97990 vs Ref=-91451 | Close=2640.00 vs VAL=2628.90
2026-02-05 13:25:07,180 [INFO]     NSE:ADANIENT-EQ | CVD=-10877 vs Ref=-58526 | Close=2234.50 vs VAL=2211.70
2026-02-05 13:25:07,437 [INFO]     NSE:BHARTIARTL-EQ | CVD=-178811 vs Ref=-581026 | Close=2001.40 vs VAL=2004.30
2026-02-05 13:25:07,653 [INFO]     NSE:BDL-EQ | CVD=-250770 vs Ref=-330233 | Close=1271.60 vs VAL=1251.00
2026-02-05 13:25:07,873 [INFO]     NSE:SONACOMS-EQ | CVD=-47813 vs Ref=-62639 | Close=525.50 vs VAL=523.25
2026-02-05 13:25:08,109 [INFO]     NSE:ABCAPITAL-EQ | CVD=293678 vs Ref=-299790 | Close=340.45 vs VAL=335.00
2026-02-05 13:25:08,355 [INFO]     NSE:LTF-EQ | CVD=-373566 vs Ref=-448884 | Close=283.80 vs VAL=278.70
2026-02-05 13:26:08,356 [INFO] 🔍 Scanning for alerts on 10 symbols (5min)...
2026-02-05 13:26:08,540 [INFO]     NSE:LT-EQ | CVD=-6721 vs Ref=-83058 | Close=4071.80 vs VAL=4038.55
2026-02-05 13:26:08,751 [INFO]     NSE:HAL-EQ | CVD=-578095 vs Ref=-906192 | Close=4045.00 vs VAL=3948.00
2026-02-05 13:26:08,964 [INFO]     NSE:BSE-EQ | CVD=-132089 vs Ref=-314646 | Close=2894.00 vs VAL=2847.60
2026-02-05 13:26:09,154 [INFO]     NSE:ANGELONE-EQ | CVD=-102848 vs Ref=-91451 | Close=2639.70 vs VAL=2628.90
2026-02-05 13:26:09,354 [INFO]     NSE:ADANIENT-EQ | CVD=-14001 vs Ref=-58526 | Close=2233.00 vs VAL=2211.70
2026-02-05 13:26:09,573 [INFO]     NSE:BHARTIARTL-EQ | CVD=-210727 vs Ref=-581026 | Close=1999.10 vs VAL=2004.30
2026-02-05 13:26:09,786 [INFO]     NSE:BDL-EQ | CVD=-255699 vs Ref=-330233 | Close=1270.40 vs VAL=1251.00
2026-02-05 13:26:09,981 [INFO]     NSE:SONACOMS-EQ | CVD=26222 vs Ref=-62639 | Close=525.20 vs VAL=523.25
2026-02-05 13:26:10,192 [INFO]     NSE:ABCAPITAL-EQ | CVD=353880 vs Ref=-299790 | Close=340.60 vs VAL=335.00
2026-02-05 13:26:10,396 [INFO]     NSE:LTF-EQ | CVD=-361628 vs Ref=-448884 | Close=284.05 vs VAL=278.70
2026-02-05 13:27:10,397 [INFO] 🔍 Scanning for alerts on 10 symbols (5min)...
2026-02-05 13:27:10,581 [INFO]     NSE:LT-EQ | CVD=-6721 vs Ref=-83058 | Close=4071.80 vs VAL=4038.55
2026-02-05 13:27:10,777 [INFO]     NSE:HAL-EQ | CVD=-578095 vs Ref=-906192 | Close=4045.00 vs VAL=3948.00
2026-02-05 13:27:10,968 [INFO]     NSE:BSE-EQ | CVD=-132089 vs Ref=-314646 | Close=2894.00 vs VAL=2847.60
2026-02-05 13:27:11,165 [INFO]     NSE:ANGELONE-EQ | CVD=-102848 vs Ref=-91451 | Close=2639.70 vs VAL=2628.90
2026-02-05 13:27:11,354 [INFO]     NSE:ADANIENT-EQ | CVD=-14001 vs Ref=-58526 | Close=2233.00 vs VAL=2211.70
2026-02-05 13:27:11,543 [INFO]     NSE:BHARTIARTL-EQ | CVD=-210727 vs Ref=-581026 | Close=1999.10 vs VAL=2004.30
2026-02-05 13:27:11,738 [INFO]     NSE:BDL-EQ | CVD=-255699 vs Ref=-330233 | Close=1270.40 vs VAL=1251.00
2026-02-05 13:27:11,943 [INFO]     NSE:SONACOMS-EQ | CVD=26222 vs Ref=-62639 | Close=525.20 vs VAL=523.25
2026-02-05 13:27:12,133 [INFO]     NSE:ABCAPITAL-EQ | CVD=353880 vs Ref=-299790 | Close=340.60 vs VAL=335.00
2026-02-05 13:27:12,337 [INFO]     NSE:LTF-EQ | CVD=-361628 vs Ref=-448884 | Close=284.05 vs VAL=278.70
2026-02-05 13:28:12,339 [INFO] 🔍 Scanning for alerts on 10 symbols (5min)...
2026-02-05 13:28:12,517 [INFO]     NSE:LT-EQ | CVD=-6721 vs Ref=-83058 | Close=4071.80 vs VAL=4038.55
2026-02-05 13:28:12,720 [INFO]     NSE:HAL-EQ | CVD=-578095 vs Ref=-906192 | Close=4045.00 vs VAL=3948.00
2026-02-05 13:28:12,915 [INFO]     NSE:BSE-EQ | CVD=-132089 vs Ref=-314646 | Close=2894.00 vs VAL=2847.60
2026-02-05 13:28:13,110 [INFO]     NSE:ANGELONE-EQ | CVD=-102848 vs Ref=-91451 | Close=2639.70 vs VAL=2628.90
2026-02-05 13:28:13,305 [INFO]     NSE:ADANIENT-EQ | CVD=-14001 vs Ref=-58526 | Close=2233.00 vs VAL=2211.70
2026-02-05 13:28:13,495 [INFO]     NSE:BHARTIARTL-EQ | CVD=-210727 vs Ref=-581026 | Close=1999.10 vs VAL=2004.30
2026-02-05 13:28:13,695 [INFO]     NSE:BDL-EQ | CVD=-255699 vs Ref=-330233 | Close=1270.40 vs VAL=1251.00
2026-02-05 13:28:13,884 [INFO]     NSE:SONACOMS-EQ | CVD=26222 vs Ref=-62639 | Close=525.20 vs VAL=523.25
2026-02-05 13:28:14,093 [INFO]     NSE:ABCAPITAL-EQ | CVD=353880 vs Ref=-299790 | Close=340.60 vs VAL=335.00
2026-02-05 13:28:14,292 [INFO]     NSE:LTF-EQ | CVD=-361628 vs Ref=-448884 | Close=284.05 vs VAL=278.70
2026-02-05 13:29:14,293 [INFO] 🔍 Scanning for alerts on 10 symbols (5min)...
2026-02-05 13:29:14,480 [INFO]     NSE:LT-EQ | CVD=-6721 vs Ref=-83058 | Close=4071.80 vs VAL=4038.55
2026-02-05 13:29:14,678 [INFO]     NSE:HAL-EQ | CVD=-578095 vs Ref=-906192 | Close=4045.00 vs VAL=3948.00
2026-02-05 13:29:14,873 [INFO]     NSE:BSE-EQ | CVD=-132089 vs Ref=-314646 | Close=2894.00 vs VAL=2847.60
2026-02-05 13:29:15,073 [INFO]     NSE:ANGELONE-EQ | CVD=-102848 vs Ref=-91451 | Close=2639.70 vs VAL=2628.90
2026-02-05 13:29:15,251 [INFO]     NSE:ADANIENT-EQ | CVD=-14001 vs Ref=-58526 | Close=2233.00 vs VAL=2211.70
2026-02-05 13:29:15,444 [INFO]     NSE:BHARTIARTL-EQ | CVD=-210727 vs Ref=-581026 | Close=1999.10 vs VAL=2004.30
2026-02-05 13:29:15,641 [INFO]     NSE:BDL-EQ | CVD=-255699 vs Ref=-330233 | Close=1270.40 vs VAL=1251.00
2026-02-05 13:29:15,823 [INFO]     NSE:SONACOMS-EQ | CVD=26222 vs Ref=-62639 | Close=525.20 vs VAL=523.25
2026-02-05 13:29:16,026 [INFO]     NSE:ABCAPITAL-EQ | CVD=353880 vs Ref=-299790 | Close=340.60 vs VAL=335.00
2026-02-05 13:29:16,230 [INFO]     NSE:LTF-EQ | CVD=-361628 vs Ref=-448884 | Close=284.05 vs VAL=278.70
2026-02-05 13:30:16,231 [INFO] 🔍 Scanning for alerts on 10 symbols (5min)...
2026-02-05 13:30:16,413 [INFO]     NSE:LT-EQ | CVD=-6721 vs Ref=-83058 | Close=4071.80 vs VAL=4038.55
2026-02-05 13:30:16,634 [INFO]     NSE:HAL-EQ | CVD=-578095 vs Ref=-906192 | Close=4045.00 vs VAL=3948.00
2026-02-05 13:30:16,829 [INFO]     NSE:BSE-EQ | CVD=-132089 vs Ref=-314646 | Close=2894.00 vs VAL=2847.60
2026-02-05 13:30:17,026 [INFO]     NSE:ANGELONE-EQ | CVD=-102848 vs Ref=-91451 | Close=2639.70 vs VAL=2628.90
2026-02-05 13:30:17,219 [INFO]     NSE:ADANIENT-EQ | CVD=-14001 vs Ref=-58526 | Close=2233.00 vs VAL=2211.70
2026-02-05 13:30:17,412 [INFO]     NSE:BHARTIARTL-EQ | CVD=-210727 vs Ref=-581026 | Close=1999.10 vs VAL=2004.30
2026-02-05 13:30:17,604 [INFO]     NSE:BDL-EQ | CVD=-255699 vs Ref=-330233 | Close=1270.40 vs VAL=1251.00
2026-02-05 13:30:17,794 [INFO]     NSE:SONACOMS-EQ | CVD=26222 vs Ref=-62639 | Close=525.20 vs VAL=523.25
2026-02-05 13:30:17,989 [INFO]     NSE:ABCAPITAL-EQ | CVD=353880 vs Ref=-299790 | Close=340.60 vs VAL=335.00
2026-02-05 13:30:18,185 [INFO]     NSE:LTF-EQ | CVD=-361628 vs Ref=-448884 | Close=284.05 vs VAL=278.70
2026-02-05 13:31:18,187 [INFO] 🔍 Scanning for alerts on 10 symbols (5min)...
2026-02-05 13:31:18,367 [INFO]     NSE:LT-EQ | CVD=-37464 vs Ref=-83058 | Close=4068.00 vs VAL=4038.55
2026-02-05 13:31:18,558 [INFO]     NSE:HAL-EQ | CVD=-560725 vs Ref=-906192 | Close=4042.90 vs VAL=3948.00
2026-02-05 13:31:18,758 [INFO]     NSE:BSE-EQ | CVD=-151657 vs Ref=-314646 | Close=2889.10 vs VAL=2847.60
2026-02-05 13:31:18,952 [INFO]     NSE:ANGELONE-EQ | CVD=-105248 vs Ref=-91451 | Close=2636.90 vs VAL=2628.90
2026-02-05 13:31:19,143 [INFO]     NSE:ADANIENT-EQ | CVD=-20088 vs Ref=-58526 | Close=2230.20 vs VAL=2211.70
2026-02-05 13:31:19,337 [INFO]     NSE:BHARTIARTL-EQ | CVD=-261811 vs Ref=-581026 | Close=1994.80 vs VAL=2004.30
2026-02-05 13:31:19,531 [INFO]     NSE:BDL-EQ | CVD=-256798 vs Ref=-330233 | Close=1270.00 vs VAL=1251.00
2026-02-05 13:31:19,715 [INFO]     NSE:SONACOMS-EQ | CVD=43316 vs Ref=-62639 | Close=525.25 vs VAL=523.25
2026-02-05 13:31:19,900 [INFO]     NSE:ABCAPITAL-EQ | CVD=338644 vs Ref=-299790 | Close=339.75 vs VAL=335.00
2026-02-05 13:31:20,095 [INFO]     NSE:LTF-EQ | CVD=-379773 vs Ref=-448884 | Close=283.65 vs VAL=278.70
2026-02-05 13:32:20,096 [INFO] 🔍 Scanning for alerts on 10 symbols (5min)...
2026-02-05 13:32:20,275 [INFO]     NSE:LT-EQ | CVD=-37464 vs Ref=-83058 | Close=4068.00 vs VAL=4038.55
2026-02-05 13:32:20,473 [INFO]     NSE:HAL-EQ | CVD=-560725 vs Ref=-906192 | Close=4042.90 vs VAL=3948.00
2026-02-05 13:32:20,673 [INFO]     NSE:BSE-EQ | CVD=-151657 vs Ref=-314646 | Close=2889.10 vs VAL=2847.60
2026-02-05 13:32:20,857 [INFO]     NSE:ANGELONE-EQ | CVD=-105248 vs Ref=-91451 | Close=2636.90 vs VAL=2628.90
2026-02-05 13:32:21,043 [INFO]     NSE:ADANIENT-EQ | CVD=-20088 vs Ref=-58526 | Close=2230.20 vs VAL=2211.70
2026-02-05 13:32:21,225 [INFO]     NSE:BHARTIARTL-EQ | CVD=-261811 vs Ref=-581026 | Close=1994.80 vs VAL=2004.30
2026-02-05 13:32:21,413 [INFO]     NSE:BDL-EQ | CVD=-256798 vs Ref=-330233 | Close=1270.00 vs VAL=1251.00
2026-02-05 13:32:21,588 [INFO]     NSE:SONACOMS-EQ | CVD=43316 vs Ref=-62639 | Close=525.25 vs VAL=523.25
2026-02-05 13:32:21,778 [INFO]     NSE:ABCAPITAL-EQ | CVD=338644 vs Ref=-299790 | Close=339.75 vs VAL=335.00
2026-02-05 13:32:21,974 [INFO]     NSE:LTF-EQ | CVD=-379773 vs Ref=-448884 | Close=283.65 vs VAL=278.70
2026-02-05 13:33:21,975 [INFO] 🔍 Scanning for alerts on 10 symbols (5min)...
2026-02-05 13:33:22,157 [INFO]     NSE:LT-EQ | CVD=-37464 vs Ref=-83058 | Close=4068.00 vs VAL=4038.55
2026-02-05 13:33:22,351 [INFO]     NSE:HAL-EQ | CVD=-560725 vs Ref=-906192 | Close=4042.90 vs VAL=3948.00
2026-02-05 13:33:22,531 [INFO]     NSE:BSE-EQ | CVD=-151657 vs Ref=-314646 | Close=2889.10 vs VAL=2847.60
2026-02-05 13:33:22,720 [INFO]     NSE:ANGELONE-EQ | CVD=-105248 vs Ref=-91451 | Close=2636.90 vs VAL=2628.90
2026-02-05 13:33:22,903 [INFO]     NSE:ADANIENT-EQ | CVD=-20088 vs Ref=-58526 | Close=2230.20 vs VAL=2211.70
2026-02-05 13:33:23,085 [INFO]     NSE:BHARTIARTL-EQ | CVD=-261811 vs Ref=-581026 | Close=1994.80 vs VAL=2004.30
2026-02-05 13:33:23,275 [INFO]     NSE:BDL-EQ | CVD=-256798 vs Ref=-330233 | Close=1270.00 vs VAL=1251.00
2026-02-05 13:33:23,478 [INFO]     NSE:SONACOMS-EQ | CVD=43316 vs Ref=-62639 | Close=525.25 vs VAL=523.25
2026-02-05 13:33:23,673 [INFO]     NSE:ABCAPITAL-EQ | CVD=338644 vs Ref=-299790 | Close=339.75 vs VAL=335.00
2026-02-05 13:33:23,871 [INFO]     NSE:LTF-EQ | CVD=-379773 vs Ref=-448884 | Close=283.65 vs VAL=278.70
2026-02-05 13:34:23,872 [INFO] 🔍 Scanning for alerts on 10 symbols (5min)...
2026-02-05 13:34:24,058 [INFO]     NSE:LT-EQ | CVD=-37464 vs Ref=-83058 | Close=4068.00 vs VAL=4038.55
2026-02-05 13:34:24,249 [INFO]     NSE:HAL-EQ | CVD=-560725 vs Ref=-906192 | Close=4042.90 vs VAL=3948.00
2026-02-05 13:34:24,432 [INFO]     NSE:BSE-EQ | CVD=-151657 vs Ref=-314646 | Close=2889.10 vs VAL=2847.60
2026-02-05 13:34:24,613 [INFO]     NSE:ANGELONE-EQ | CVD=-105248 vs Ref=-91451 | Close=2636.90 vs VAL=2628.90
2026-02-05 13:34:24,789 [INFO]     NSE:ADANIENT-EQ | CVD=-20088 vs Ref=-58526 | Close=2230.20 vs VAL=2211.70
2026-02-05 13:34:24,982 [INFO]     NSE:BHARTIARTL-EQ | CVD=-261811 vs Ref=-581026 | Close=1994.80 vs VAL=2004.30
2026-02-05 13:34:25,177 [INFO]     NSE:BDL-EQ | CVD=-256798 vs Ref=-330233 | Close=1270.00 vs VAL=1251.00
2026-02-05 13:34:25,367 [INFO]     NSE:SONACOMS-EQ | CVD=43316 vs Ref=-62639 | Close=525.25 vs VAL=523.25
2026-02-05 13:34:25,563 [INFO]     NSE:ABCAPITAL-EQ | CVD=338644 vs Ref=-299790 | Close=339.75 vs VAL=335.00
2026-02-05 13:34:25,757 [INFO]     NSE:LTF-EQ | CVD=-379773 vs Ref=-448884 | Close=283.65 vs VAL=278.70
2026-02-05 13:35:25,758 [INFO] 🔍 Scanning for alerts on 10 symbols (5min)...
2026-02-05 13:35:25,931 [INFO]     NSE:LT-EQ | CVD=-37464 vs Ref=-83058 | Close=4068.00 vs VAL=4038.55
2026-02-05 13:35:26,117 [INFO]     NSE:HAL-EQ | CVD=-560725 vs Ref=-906192 | Close=4042.90 vs VAL=3948.00
2026-02-05 13:35:26,295 [INFO]     NSE:BSE-EQ | CVD=-151657 vs Ref=-314646 | Close=2889.10 vs VAL=2847.60
2026-02-05 13:35:26,490 [INFO]     NSE:ANGELONE-EQ | CVD=-105248 vs Ref=-91451 | Close=2636.90 vs VAL=2628.90
2026-02-05 13:35:26,673 [INFO]     NSE:ADANIENT-EQ | CVD=-20088 vs Ref=-58526 | Close=2230.20 vs VAL=2211.70
2026-02-05 13:35:26,858 [INFO]     NSE:BHARTIARTL-EQ | CVD=-261811 vs Ref=-581026 | Close=1994.80 vs VAL=2004.30
2026-02-05 13:35:27,045 [INFO]     NSE:BDL-EQ | CVD=-256798 vs Ref=-330233 | Close=1270.00 vs VAL=1251.00
2026-02-05 13:35:27,222 [INFO]     NSE:SONACOMS-EQ | CVD=43316 vs Ref=-62639 | Close=525.25 vs VAL=523.25
2026-02-05 13:35:27,409 [INFO]     NSE:ABCAPITAL-EQ | CVD=338644 vs Ref=-299790 | Close=339.75 vs VAL=335.00
2026-02-05 13:35:27,603 [INFO]     NSE:LTF-EQ | CVD=-379773 vs Ref=-448884 | Close=283.65 vs VAL=278.70
2026-02-05 13:36:27,604 [INFO] 🔍 Scanning for alerts on 10 symbols (5min)...
2026-02-05 13:36:27,785 [INFO]     NSE:LT-EQ | CVD=-41619 vs Ref=-83058 | Close=4071.30 vs VAL=4038.55
2026-02-05 13:36:27,990 [INFO]     NSE:HAL-EQ | CVD=-559651 vs Ref=-906192 | Close=4044.70 vs VAL=3948.00
2026-02-05 13:36:28,170 [INFO]     NSE:BSE-EQ | CVD=-128737 vs Ref=-314646 | Close=2892.00 vs VAL=2847.60
2026-02-05 13:36:28,354 [INFO]     NSE:ANGELONE-EQ | CVD=-104705 vs Ref=-91451 | Close=2639.00 vs VAL=2628.90
2026-02-05 13:36:28,535 [INFO]     NSE:ADANIENT-EQ | CVD=-13071 vs Ref=-58526 | Close=2234.30 vs VAL=2211.70
2026-02-05 13:36:28,722 [INFO]     NSE:BHARTIARTL-EQ | CVD=-274437 vs Ref=-581026 | Close=1995.60 vs VAL=2004.30
2026-02-05 13:36:28,907 [INFO]     NSE:BDL-EQ | CVD=-256786 vs Ref=-330233 | Close=1271.10 vs VAL=1251.00
2026-02-05 13:36:29,094 [INFO]     NSE:SONACOMS-EQ | CVD=52326 vs Ref=-62639 | Close=525.80 vs VAL=523.25
2026-02-05 13:36:29,280 [INFO]     NSE:ABCAPITAL-EQ | CVD=360454 vs Ref=-299790 | Close=340.20 vs VAL=335.00
2026-02-05 13:36:29,476 [INFO]     NSE:LTF-EQ | CVD=-365465 vs Ref=-448884 | Close=283.95 vs VAL=278.70
2026-02-05 13:37:29,477 [INFO] 🔍 Scanning for alerts on 10 symbols (5min)...
2026-02-05 13:37:29,657 [INFO]     NSE:LT-EQ | CVD=-41619 vs Ref=-83058 | Close=4071.30 vs VAL=4038.55
2026-02-05 13:37:29,843 [INFO]     NSE:HAL-EQ | CVD=-559651 vs Ref=-906192 | Close=4044.70 vs VAL=3948.00
2026-02-05 13:37:30,030 [INFO]     NSE:BSE-EQ | CVD=-128737 vs Ref=-314646 | Close=2892.00 vs VAL=2847.60
2026-02-05 13:37:30,213 [INFO]     NSE:ANGELONE-EQ | CVD=-104705 vs Ref=-91451 | Close=2639.00 vs VAL=2628.90
2026-02-05 13:37:30,385 [INFO]     NSE:ADANIENT-EQ | CVD=-13071 vs Ref=-58526 | Close=2234.30 vs VAL=2211.70
2026-02-05 13:37:30,580 [INFO]     NSE:BHARTIARTL-EQ | CVD=-274437 vs Ref=-581026 | Close=1995.60 vs VAL=2004.30
2026-02-05 13:37:30,768 [INFO]     NSE:BDL-EQ | CVD=-256786 vs Ref=-330233 | Close=1271.10 vs VAL=1251.00
2026-02-05 13:37:30,955 [INFO]     NSE:SONACOMS-EQ | CVD=52326 vs Ref=-62639 | Close=525.80 vs VAL=523.25
2026-02-05 13:37:31,135 [INFO]     NSE:ABCAPITAL-EQ | CVD=360454 vs Ref=-299790 | Close=340.20 vs VAL=335.00
2026-02-05 13:37:31,341 [INFO]     NSE:LTF-EQ | CVD=-365465 vs Ref=-448884 | Close=283.95 vs VAL=278.70
2026-02-05 13:38:31,342 [INFO] 🔍 Scanning for alerts on 10 symbols (5min)...
2026-02-05 13:38:31,535 [INFO]     NSE:LT-EQ | CVD=-41619 vs Ref=-83058 | Close=4071.30 vs VAL=4038.55
2026-02-05 13:38:31,760 [INFO]     NSE:HAL-EQ | CVD=-559651 vs Ref=-906192 | Close=4044.70 vs VAL=3948.00
2026-02-05 13:38:31,945 [INFO]     NSE:BSE-EQ | CVD=-128737 vs Ref=-314646 | Close=2892.00 vs VAL=2847.60
2026-02-05 13:38:32,128 [INFO]     NSE:ANGELONE-EQ | CVD=-104705 vs Ref=-91451 | Close=2639.00 vs VAL=2628.90
2026-02-05 13:38:32,312 [INFO]     NSE:ADANIENT-EQ | CVD=-13071 vs Ref=-58526 | Close=2234.30 vs VAL=2211.70
2026-02-05 13:38:32,503 [INFO]     NSE:BHARTIARTL-EQ | CVD=-274437 vs Ref=-581026 | Close=1995.60 vs VAL=2004.30
2026-02-05 13:38:32,690 [INFO]     NSE:BDL-EQ | CVD=-256786 vs Ref=-330233 | Close=1271.10 vs VAL=1251.00
2026-02-05 13:38:32,873 [INFO]     NSE:SONACOMS-EQ | CVD=52326 vs Ref=-62639 | Close=525.80 vs VAL=523.25
2026-02-05 13:38:33,062 [INFO]     NSE:ABCAPITAL-EQ | CVD=360454 vs Ref=-299790 | Close=340.20 vs VAL=335.00
2026-02-05 13:38:33,269 [INFO]     NSE:LTF-EQ | CVD=-365465 vs Ref=-448884 | Close=283.95 vs VAL=278.70
2026-02-05 13:39:33,271 [INFO] 🔍 Scanning for alerts on 10 symbols (5min)...
2026-02-05 13:39:33,441 [INFO]     NSE:LT-EQ | CVD=-41619 vs Ref=-83058 | Close=4071.30 vs VAL=4038.55
2026-02-05 13:39:33,635 [INFO]     NSE:HAL-EQ | CVD=-559651 vs Ref=-906192 | Close=4044.70 vs VAL=3948.00
2026-02-05 13:39:33,817 [INFO]     NSE:BSE-EQ | CVD=-128737 vs Ref=-314646 | Close=2892.00 vs VAL=2847.60
2026-02-05 13:39:34,018 [INFO]     NSE:ANGELONE-EQ | CVD=-104705 vs Ref=-91451 | Close=2639.00 vs VAL=2628.90
2026-02-05 13:39:34,256 [INFO]     NSE:ADANIENT-EQ | CVD=-13071 vs Ref=-58526 | Close=2234.30 vs VAL=2211.70
2026-02-05 13:39:34,468 [INFO]     NSE:BHARTIARTL-EQ | CVD=-274437 vs Ref=-581026 | Close=1995.60 vs VAL=2004.30
2026-02-05 13:39:34,654 [INFO]     NSE:BDL-EQ | CVD=-256786 vs Ref=-330233 | Close=1271.10 vs VAL=1251.00
2026-02-05 13:39:34,840 [INFO]     NSE:SONACOMS-EQ | CVD=52326 vs Ref=-62639 | Close=525.80 vs VAL=523.25
2026-02-05 13:39:35,025 [INFO]     NSE:ABCAPITAL-EQ | CVD=360454 vs Ref=-299790 | Close=340.20 vs VAL=335.00
2026-02-05 13:39:35,227 [INFO]     NSE:LTF-EQ | CVD=-365465 vs Ref=-448884 | Close=283.95 vs VAL=278.70
2026-02-05 13:40:35,228 [INFO] 🔍 Scanning for alerts on 10 symbols (5min)...
2026-02-05 13:40:35,422 [INFO]     NSE:LT-EQ | CVD=-41619 vs Ref=-83058 | Close=4071.30 vs VAL=4038.55
2026-02-05 13:40:35,606 [INFO]     NSE:HAL-EQ | CVD=-559651 vs Ref=-906192 | Close=4044.70 vs VAL=3948.00
2026-02-05 13:40:35,799 [INFO]     NSE:BSE-EQ | CVD=-128737 vs Ref=-314646 | Close=2892.00 vs VAL=2847.60
2026-02-05 13:40:35,980 [INFO]     NSE:ANGELONE-EQ | CVD=-104705 vs Ref=-91451 | Close=2639.00 vs VAL=2628.90
2026-02-05 13:40:36,166 [INFO]     NSE:ADANIENT-EQ | CVD=-13071 vs Ref=-58526 | Close=2234.30 vs VAL=2211.70
2026-02-05 13:40:36,351 [INFO]     NSE:BHARTIARTL-EQ | CVD=-274437 vs Ref=-581026 | Close=1995.60 vs VAL=2004.30
2026-02-05 13:40:36,544 [INFO]     NSE:BDL-EQ | CVD=-256786 vs Ref=-330233 | Close=1271.10 vs VAL=1251.00
2026-02-05 13:40:36,744 [INFO]     NSE:SONACOMS-EQ | CVD=52326 vs Ref=-62639 | Close=525.80 vs VAL=523.25
2026-02-05 13:40:36,990 [INFO]     NSE:ABCAPITAL-EQ | CVD=360454 vs Ref=-299790 | Close=340.20 vs VAL=335.00
2026-02-05 13:40:37,183 [INFO]     NSE:LTF-EQ | CVD=-365465 vs Ref=-448884 | Close=283.95 vs VAL=278.70
2026-02-05 13:41:37,184 [INFO] 🔍 Scanning for alerts on 10 symbols (5min)...
2026-02-05 13:41:37,358 [INFO]     NSE:LT-EQ | CVD=-43555 vs Ref=-83058 | Close=4073.80 vs VAL=4038.55
2026-02-05 13:41:37,572 [INFO]     NSE:HAL-EQ | CVD=-554713 vs Ref=-906192 | Close=4045.20 vs VAL=3948.00
2026-02-05 13:41:37,778 [INFO]     NSE:BSE-EQ | CVD=-136834 vs Ref=-314646 | Close=2889.30 vs VAL=2847.60
2026-02-05 13:41:37,972 [INFO]     NSE:ANGELONE-EQ | CVD=-106088 vs Ref=-91451 | Close=2636.00 vs VAL=2628.90
2026-02-05 13:41:38,153 [INFO]     NSE:ADANIENT-EQ | CVD=-16769 vs Ref=-58526 | Close=2232.30 vs VAL=2211.70
2026-02-05 13:41:38,332 [INFO]     NSE:BHARTIARTL-EQ | CVD=-351324 vs Ref=-581026 | Close=1994.00 vs VAL=2004.30
2026-02-05 13:41:38,515 [INFO]     NSE:BDL-EQ | CVD=-243693 vs Ref=-330233 | Close=1274.00 vs VAL=1251.00
2026-02-05 13:41:38,699 [INFO]     NSE:SONACOMS-EQ | CVD=117415 vs Ref=-62639 | Close=527.30 vs VAL=523.25
2026-02-05 13:41:38,882 [INFO]     NSE:ABCAPITAL-EQ | CVD=376258 vs Ref=-299790 | Close=340.90 vs VAL=335.00
2026-02-05 13:41:39,073 [INFO]     NSE:LTF-EQ | CVD=-328961 vs Ref=-448884 | Close=283.80 vs VAL=278.70
2026-02-05 13:42:39,075 [INFO] 🔍 Scanning for alerts on 10 symbols (5min)...
2026-02-05 13:42:39,260 [INFO]     NSE:LT-EQ | CVD=-43555 vs Ref=-83058 | Close=4073.80 vs VAL=4038.55
2026-02-05 13:42:39,452 [INFO]     NSE:HAL-EQ | CVD=-554713 vs Ref=-906192 | Close=4045.20 vs VAL=3948.00
2026-02-05 13:42:39,643 [INFO]     NSE:BSE-EQ | CVD=-136834 vs Ref=-314646 | Close=2889.30 vs VAL=2847.60
2026-02-05 13:42:39,832 [INFO]     NSE:ANGELONE-EQ | CVD=-106088 vs Ref=-91451 | Close=2636.00 vs VAL=2628.90
2026-02-05 13:42:40,017 [INFO]     NSE:ADANIENT-EQ | CVD=-16769 vs Ref=-58526 | Close=2232.30 vs VAL=2211.70
2026-02-05 13:42:40,200 [INFO]     NSE:BHARTIARTL-EQ | CVD=-351324 vs Ref=-581026 | Close=1994.00 vs VAL=2004.30
2026-02-05 13:42:40,402 [INFO]     NSE:BDL-EQ | CVD=-243693 vs Ref=-330233 | Close=1274.00 vs VAL=1251.00
2026-02-05 13:42:40,580 [INFO]     NSE:SONACOMS-EQ | CVD=117415 vs Ref=-62639 | Close=527.30 vs VAL=523.25
2026-02-05 13:42:40,766 [INFO]     NSE:ABCAPITAL-EQ | CVD=376258 vs Ref=-299790 | Close=340.90 vs VAL=335.00
2026-02-05 13:42:40,966 [INFO]     NSE:LTF-EQ | CVD=-328961 vs Ref=-448884 | Close=283.80 vs VAL=278.70
2026-02-05 13:43:40,967 [INFO] 🔍 Scanning for alerts on 10 symbols (5min)...
2026-02-05 13:43:41,145 [INFO]     NSE:LT-EQ | CVD=-43555 vs Ref=-83058 | Close=4073.80 vs VAL=4038.55
2026-02-05 13:43:41,329 [INFO]     NSE:HAL-EQ | CVD=-554713 vs Ref=-906192 | Close=4045.20 vs VAL=3948.00
2026-02-05 13:43:41,524 [INFO]     NSE:BSE-EQ | CVD=-136834 vs Ref=-314646 | Close=2889.30 vs VAL=2847.60
2026-02-05 13:43:41,706 [INFO]     NSE:ANGELONE-EQ | CVD=-106088 vs Ref=-91451 | Close=2636.00 vs VAL=2628.90
2026-02-05 13:43:41,885 [INFO]     NSE:ADANIENT-EQ | CVD=-16769 vs Ref=-58526 | Close=2232.30 vs VAL=2211.70
2026-02-05 13:43:42,064 [INFO]     NSE:BHARTIARTL-EQ | CVD=-351324 vs Ref=-581026 | Close=1994.00 vs VAL=2004.30
2026-02-05 13:43:42,246 [INFO]     NSE:BDL-EQ | CVD=-243693 vs Ref=-330233 | Close=1274.00 vs VAL=1251.00
2026-02-05 13:43:42,429 [INFO]     NSE:SONACOMS-EQ | CVD=117415 vs Ref=-62639 | Close=527.30 vs VAL=523.25
2026-02-05 13:43:42,615 [INFO]     NSE:ABCAPITAL-EQ | CVD=376258 vs Ref=-299790 | Close=340.90 vs VAL=335.00
2026-02-05 13:43:42,808 [INFO]     NSE:LTF-EQ | CVD=-328961 vs Ref=-448884 | Close=283.80 vs VAL=278.70
2026-02-05 13:44:42,809 [INFO] 🔍 Scanning for alerts on 10 symbols (5min)...
2026-02-05 13:44:42,986 [INFO]     NSE:LT-EQ | CVD=-43555 vs Ref=-83058 | Close=4073.80 vs VAL=4038.55
2026-02-05 13:44:43,171 [INFO]     NSE:HAL-EQ | CVD=-554713 vs Ref=-906192 | Close=4045.20 vs VAL=3948.00
2026-02-05 13:44:43,362 [INFO]     NSE:BSE-EQ | CVD=-136834 vs Ref=-314646 | Close=2889.30 vs VAL=2847.60
2026-02-05 13:44:43,541 [INFO]     NSE:ANGELONE-EQ | CVD=-106088 vs Ref=-91451 | Close=2636.00 vs VAL=2628.90
2026-02-05 13:44:43,721 [INFO]     NSE:ADANIENT-EQ | CVD=-16769 vs Ref=-58526 | Close=2232.30 vs VAL=2211.70
2026-02-05 13:44:43,905 [INFO]     NSE:BHARTIARTL-EQ | CVD=-351324 vs Ref=-581026 | Close=1994.00 vs VAL=2004.30
2026-02-05 13:44:44,095 [INFO]     NSE:BDL-EQ | CVD=-243693 vs Ref=-330233 | Close=1274.00 vs VAL=1251.00
2026-02-05 13:44:44,287 [INFO]     NSE:SONACOMS-EQ | CVD=117415 vs Ref=-62639 | Close=527.30 vs VAL=523.25
2026-02-05 13:44:44,479 [INFO]     NSE:ABCAPITAL-EQ | CVD=376258 vs Ref=-299790 | Close=340.90 vs VAL=335.00
2026-02-05 13:44:44,667 [INFO]     NSE:LTF-EQ | CVD=-328961 vs Ref=-448884 | Close=283.80 vs VAL=278.70
2026-02-05 13:45:44,668 [INFO] 🔍 Scanning for alerts on 10 symbols (5min)...
2026-02-05 13:45:44,838 [INFO]     NSE:LT-EQ | CVD=-43555 vs Ref=-83058 | Close=4073.80 vs VAL=4038.55
2026-02-05 13:45:45,042 [INFO]     NSE:HAL-EQ | CVD=-554713 vs Ref=-906192 | Close=4045.20 vs VAL=3948.00
2026-02-05 13:45:45,224 [INFO]     NSE:BSE-EQ | CVD=-136834 vs Ref=-314646 | Close=2889.30 vs VAL=2847.60
2026-02-05 13:45:45,425 [INFO]     NSE:ANGELONE-EQ | CVD=-106088 vs Ref=-91451 | Close=2636.00 vs VAL=2628.90
2026-02-05 13:45:45,639 [INFO]     NSE:ADANIENT-EQ | CVD=-16769 vs Ref=-58526 | Close=2232.30 vs VAL=2211.70
2026-02-05 13:45:45,849 [INFO]     NSE:BHARTIARTL-EQ | CVD=-351324 vs Ref=-581026 | Close=1994.00 vs VAL=2004.30
2026-02-05 13:45:46,049 [INFO]     NSE:BDL-EQ | CVD=-243693 vs Ref=-330233 | Close=1274.00 vs VAL=1251.00
2026-02-05 13:45:47,591 [INFO]     NSE:SONACOMS-EQ | CVD=117415 vs Ref=-62639 | Close=527.30 vs VAL=523.25
2026-02-05 13:45:47,772 [INFO]     NSE:ABCAPITAL-EQ | CVD=376258 vs Ref=-299790 | Close=340.90 vs VAL=335.00
2026-02-05 13:45:47,962 [INFO]     NSE:LTF-EQ | CVD=-328961 vs Ref=-448884 | Close=283.80 vs VAL=278.70
2026-02-05 13:46:47,963 [INFO] 🔍 Scanning for alerts on 10 symbols (5min)...
2026-02-05 13:46:48,153 [INFO]     NSE:LT-EQ | CVD=-42099 vs Ref=-83058 | Close=4074.60 vs VAL=4038.55
2026-02-05 13:46:48,356 [INFO]     NSE:HAL-EQ | CVD=-560790 vs Ref=-906192 | Close=4041.90 vs VAL=3948.00
2026-02-05 13:46:48,539 [INFO]     NSE:BSE-EQ | CVD=-139050 vs Ref=-314646 | Close=2889.00 vs VAL=2847.60
2026-02-05 13:46:48,731 [INFO]     NSE:ANGELONE-EQ | CVD=-106660 vs Ref=-91451 | Close=2635.80 vs VAL=2628.90
2026-02-05 13:46:48,914 [INFO]     NSE:ADANIENT-EQ | CVD=-19121 vs Ref=-58526 | Close=2231.00 vs VAL=2211.70
2026-02-05 13:46:49,110 [INFO]     NSE:BHARTIARTL-EQ | CVD=-326646 vs Ref=-581026 | Close=1993.50 vs VAL=2004.30
2026-02-05 13:46:49,298 [INFO]     NSE:BDL-EQ | CVD=-243311 vs Ref=-330233 | Close=1273.50 vs VAL=1251.00
2026-02-05 13:46:49,483 [INFO]     NSE:SONACOMS-EQ | CVD=122880 vs Ref=-62639 | Close=527.40 vs VAL=523.25
2026-02-05 13:46:49,672 [INFO]     NSE:ABCAPITAL-EQ | CVD=371482 vs Ref=-299790 | Close=340.90 vs VAL=335.00
2026-02-05 13:46:49,870 [INFO]     NSE:LTF-EQ | CVD=-340882 vs Ref=-448884 | Close=283.60 vs VAL=278.70
2026-02-05 13:47:49,872 [INFO] 🔍 Scanning for alerts on 10 symbols (5min)...
2026-02-05 13:47:50,048 [INFO]     NSE:LT-EQ | CVD=-42099 vs Ref=-83058 | Close=4074.60 vs VAL=4038.55
2026-02-05 13:47:50,243 [INFO]     NSE:HAL-EQ | CVD=-560790 vs Ref=-906192 | Close=4041.90 vs VAL=3948.00
2026-02-05 13:47:50,439 [INFO]     NSE:BSE-EQ | CVD=-139050 vs Ref=-314646 | Close=2889.00 vs VAL=2847.60
2026-02-05 13:47:50,625 [INFO]     NSE:ANGELONE-EQ | CVD=-106660 vs Ref=-91451 | Close=2635.80 vs VAL=2628.90
2026-02-05 13:47:50,798 [INFO]     NSE:ADANIENT-EQ | CVD=-19121 vs Ref=-58526 | Close=2231.00 vs VAL=2211.70
2026-02-05 13:47:51,000 [INFO]     NSE:BHARTIARTL-EQ | CVD=-326646 vs Ref=-581026 | Close=1993.50 vs VAL=2004.30
2026-02-05 13:47:51,227 [INFO]     NSE:BDL-EQ | CVD=-243311 vs Ref=-330233 | Close=1273.50 vs VAL=1251.00
2026-02-05 13:47:51,446 [INFO]     NSE:SONACOMS-EQ | CVD=122880 vs Ref=-62639 | Close=527.40 vs VAL=523.25
2026-02-05 13:47:51,686 [INFO]     NSE:ABCAPITAL-EQ | CVD=371482 vs Ref=-299790 | Close=340.90 vs VAL=335.00
2026-02-05 13:47:51,878 [INFO]     NSE:LTF-EQ | CVD=-340882 vs Ref=-448884 | Close=283.60 vs VAL=278.70
2026-02-05 13:48:51,879 [INFO] 🔍 Scanning for alerts on 10 symbols (5min)...
2026-02-05 13:48:52,079 [INFO]     NSE:LT-EQ | CVD=-42099 vs Ref=-83058 | Close=4074.60 vs VAL=4038.55
2026-02-05 13:48:52,307 [INFO]     NSE:HAL-EQ | CVD=-560790 vs Ref=-906192 | Close=4041.90 vs VAL=3948.00
2026-02-05 13:48:52,551 [INFO]     NSE:BSE-EQ | CVD=-139050 vs Ref=-314646 | Close=2889.00 vs VAL=2847.60
2026-02-05 13:48:52,756 [INFO]     NSE:ANGELONE-EQ | CVD=-106660 vs Ref=-91451 | Close=2635.80 vs VAL=2628.90
2026-02-05 13:48:52,959 [INFO]     NSE:ADANIENT-EQ | CVD=-19121 vs Ref=-58526 | Close=2231.00 vs VAL=2211.70
2026-02-05 13:48:53,256 [INFO]     NSE:BHARTIARTL-EQ | CVD=-326646 vs Ref=-581026 | Close=1993.50 vs VAL=2004.30
2026-02-05 13:48:53,532 [INFO]     NSE:BDL-EQ | CVD=-243311 vs Ref=-330233 | Close=1273.50 vs VAL=1251.00
2026-02-05 13:48:53,759 [INFO]     NSE:SONACOMS-EQ | CVD=122880 vs Ref=-62639 | Close=527.40 vs VAL=523.25
2026-02-05 13:48:53,962 [INFO]     NSE:ABCAPITAL-EQ | CVD=371482 vs Ref=-299790 | Close=340.90 vs VAL=335.00
2026-02-05 13:48:54,165 [INFO]     NSE:LTF-EQ | CVD=-340882 vs Ref=-448884 | Close=283.60 vs VAL=278.70
2026-02-05 13:49:54,166 [INFO] 🔍 Scanning for alerts on 10 symbols (5min)...
2026-02-05 13:49:54,369 [INFO]     NSE:LT-EQ | CVD=-42099 vs Ref=-83058 | Close=4074.60 vs VAL=4038.55
2026-02-05 13:49:54,580 [INFO]     NSE:HAL-EQ | CVD=-560790 vs Ref=-906192 | Close=4041.90 vs VAL=3948.00
2026-02-05 13:49:54,789 [INFO]     NSE:BSE-EQ | CVD=-139050 vs Ref=-314646 | Close=2889.00 vs VAL=2847.60
2026-02-05 13:49:56,700 [INFO]     NSE:ANGELONE-EQ | CVD=-106660 vs Ref=-91451 | Close=2635.80 vs VAL=2628.90
2026-02-05 13:49:56,908 [INFO]     NSE:ADANIENT-EQ | CVD=-19121 vs Ref=-58526 | Close=2231.00 vs VAL=2211.70
2026-02-05 13:49:57,113 [INFO]     NSE:BHARTIARTL-EQ | CVD=-326646 vs Ref=-581026 | Close=1993.50 vs VAL=2004.30
2026-02-05 13:49:57,346 [INFO]     NSE:BDL-EQ | CVD=-243311 vs Ref=-330233 | Close=1273.50 vs VAL=1251.00
2026-02-05 13:49:57,573 [INFO]     NSE:SONACOMS-EQ | CVD=122880 vs Ref=-62639 | Close=527.40 vs VAL=523.25
2026-02-05 13:49:57,791 [INFO]     NSE:ABCAPITAL-EQ | CVD=371482 vs Ref=-299790 | Close=340.90 vs VAL=335.00
2026-02-05 13:49:58,014 [INFO]     NSE:LTF-EQ | CVD=-340882 vs Ref=-448884 | Close=283.60 vs VAL=278.70
2026-02-05 13:50:58,016 [INFO] 🔍 Scanning for alerts on 10 symbols (5min)...
2026-02-05 13:50:58,209 [INFO]     NSE:LT-EQ | CVD=-42099 vs Ref=-83058 | Close=4074.60 vs VAL=4038.55
2026-02-05 13:50:58,437 [INFO]     NSE:HAL-EQ | CVD=-560790 vs Ref=-906192 | Close=4041.90 vs VAL=3948.00
2026-02-05 13:50:58,817 [INFO]     NSE:BSE-EQ | CVD=-139050 vs Ref=-314646 | Close=2889.00 vs VAL=2847.60
2026-02-05 13:50:59,101 [INFO]     NSE:ANGELONE-EQ | CVD=-106660 vs Ref=-91451 | Close=2635.80 vs VAL=2628.90
2026-02-05 13:50:59,386 [INFO]     NSE:ADANIENT-EQ | CVD=-19121 vs Ref=-58526 | Close=2231.00 vs VAL=2211.70
2026-02-05 13:50:59,594 [INFO]     NSE:BHARTIARTL-EQ | CVD=-326646 vs Ref=-581026 | Close=1993.50 vs VAL=2004.30
2026-02-05 13:50:59,825 [INFO]     NSE:BDL-EQ | CVD=-243311 vs Ref=-330233 | Close=1273.50 vs VAL=1251.00
2026-02-05 13:51:00,048 [INFO]     NSE:SONACOMS-EQ | CVD=122880 vs Ref=-62639 | Close=527.40 vs VAL=523.25
2026-02-05 13:51:00,259 [INFO]     NSE:ABCAPITAL-EQ | CVD=371482 vs Ref=-299790 | Close=340.90 vs VAL=335.00
2026-02-05 13:51:00,481 [INFO]     NSE:LTF-EQ | CVD=-340882 vs Ref=-448884 | Close=283.60 vs VAL=278.70
2026-02-05 13:52:00,482 [INFO] 🔍 Scanning for alerts on 10 symbols (5min)...
2026-02-05 13:52:00,673 [INFO]     NSE:LT-EQ | CVD=-43498 vs Ref=-83058 | Close=4074.90 vs VAL=4038.55
2026-02-05 13:52:00,912 [INFO]     NSE:HAL-EQ | CVD=-549178 vs Ref=-906192 | Close=4048.70 vs VAL=3948.00
2026-02-05 13:52:01,134 [INFO]     NSE:BSE-EQ | CVD=-135142 vs Ref=-314646 | Close=2890.20 vs VAL=2847.60
2026-02-05 13:52:03,308 [INFO]     NSE:ANGELONE-EQ | CVD=-107213 vs Ref=-91451 | Close=2638.50 vs VAL=2628.90
2026-02-05 13:52:03,647 [INFO]     NSE:ADANIENT-EQ | CVD=-23908 vs Ref=-58526 | Close=2230.30 vs VAL=2211.70
2026-02-05 13:52:03,982 [INFO] 📡 Sending order request for NSE:BHARTIARTL-EQ to http://localhost:4000/postOrder...
2026-02-05 13:52:04,015 [INFO] 📩 Server Response: 200 - {"message":"Order execution triggered","status":"success","receivedData":{"ticker":"NSE:BHARTIARTL-EQ","action":"SELL","close":1990.3}}
2026-02-05 13:52:04,015 [INFO]     NSE:BHARTIARTL-EQ | CVD=-830147 vs Ref=-581026 | Close=1990.30 vs VAL=2004.30
2026-02-05 13:52:04,512 [INFO]     NSE:BDL-EQ | CVD=-237699 vs Ref=-330233 | Close=1273.40 vs VAL=1251.00
2026-02-05 13:52:05,098 [INFO]     NSE:SONACOMS-EQ | CVD=118568 vs Ref=-62639 | Close=527.55 vs VAL=523.25
2026-02-05 13:52:05,731 [INFO]     NSE:ABCAPITAL-EQ | CVD=366118 vs Ref=-299790 | Close=341.15 vs VAL=335.00
2026-02-05 13:52:06,363 [INFO]     NSE:LTF-EQ | CVD=-276108 vs Ref=-448884 | Close=284.15 vs VAL=278.70
2026-02-05 13:53:06,365 [INFO] 🔍 Scanning for alerts on 9 symbols (5min)...
2026-02-05 13:53:06,663 [INFO]     NSE:LT-EQ | CVD=-43498 vs Ref=-83058 | Close=4074.90 vs VAL=4038.55
2026-02-05 13:53:06,931 [INFO]     NSE:HAL-EQ | CVD=-549178 vs Ref=-906192 | Close=4048.70 vs VAL=3948.00
2026-02-05 13:53:07,200 [INFO]     NSE:BSE-EQ | CVD=-135142 vs Ref=-314646 | Close=2890.20 vs VAL=2847.60
2026-02-05 13:53:07,466 [INFO]     NSE:ANGELONE-EQ | CVD=-107213 vs Ref=-91451 | Close=2638.50 vs VAL=2628.90
2026-02-05 13:53:07,678 [INFO]     NSE:ADANIENT-EQ | CVD=-23908 vs Ref=-58526 | Close=2230.30 vs VAL=2211.70
2026-02-05 13:53:07,904 [INFO]     NSE:BDL-EQ | CVD=-237699 vs Ref=-330233 | Close=1273.40 vs VAL=1251.00
2026-02-05 13:53:08,191 [INFO]     NSE:SONACOMS-EQ | CVD=118568 vs Ref=-62639 | Close=527.55 vs VAL=523.25
2026-02-05 13:53:08,490 [INFO]     NSE:ABCAPITAL-EQ | CVD=366118 vs Ref=-299790 | Close=341.15 vs VAL=335.00
2026-02-05 13:53:08,804 [INFO]     NSE:LTF-EQ | CVD=-276108 vs Ref=-448884 | Close=284.15 vs VAL=278.70
2026-02-05 13:54:08,805 [INFO] 🔍 Scanning for alerts on 9 symbols (5min)...
2026-02-05 13:54:08,998 [INFO]     NSE:LT-EQ | CVD=-43498 vs Ref=-83058 | Close=4074.90 vs VAL=4038.55
2026-02-05 13:54:09,199 [INFO]     NSE:HAL-EQ | CVD=-549178 vs Ref=-906192 | Close=4048.70 vs VAL=3948.00
2026-02-05 13:54:09,437 [INFO]     NSE:BSE-EQ | CVD=-135142 vs Ref=-314646 | Close=2890.20 vs VAL=2847.60
2026-02-05 13:54:09,644 [INFO]     NSE:ANGELONE-EQ | CVD=-107213 vs Ref=-91451 | Close=2638.50 vs VAL=2628.90
2026-02-05 13:54:09,835 [INFO]     NSE:ADANIENT-EQ | CVD=-23908 vs Ref=-58526 | Close=2230.30 vs VAL=2211.70
2026-02-05 13:54:10,032 [INFO]     NSE:BDL-EQ | CVD=-237699 vs Ref=-330233 | Close=1273.40 vs VAL=1251.00
2026-02-05 13:54:10,248 [INFO]     NSE:SONACOMS-EQ | CVD=118568 vs Ref=-62639 | Close=527.55 vs VAL=523.25
2026-02-05 13:54:10,474 [INFO]     NSE:ABCAPITAL-EQ | CVD=366118 vs Ref=-299790 | Close=341.15 vs VAL=335.00
2026-02-05 13:54:10,717 [INFO]     NSE:LTF-EQ | CVD=-276108 vs Ref=-448884 | Close=284.15 vs VAL=278.70
2026-02-05 13:55:10,718 [INFO] 🔍 Scanning for alerts on 9 symbols (5min)...
2026-02-05 13:55:10,902 [INFO]     NSE:LT-EQ | CVD=-43498 vs Ref=-83058 | Close=4074.90 vs VAL=4038.55
2026-02-05 13:55:11,110 [INFO]     NSE:HAL-EQ | CVD=-549178 vs Ref=-906192 | Close=4048.70 vs VAL=3948.00
2026-02-05 13:55:11,301 [INFO]     NSE:BSE-EQ | CVD=-135142 vs Ref=-314646 | Close=2890.20 vs VAL=2847.60
2026-02-05 13:55:11,500 [INFO]     NSE:ANGELONE-EQ | CVD=-107213 vs Ref=-91451 | Close=2638.50 vs VAL=2628.90
2026-02-05 13:55:11,696 [INFO]     NSE:ADANIENT-EQ | CVD=-23908 vs Ref=-58526 | Close=2230.30 vs VAL=2211.70
2026-02-05 13:55:11,920 [INFO]     NSE:BDL-EQ | CVD=-237699 vs Ref=-330233 | Close=1273.40 vs VAL=1251.00
2026-02-05 13:55:12,137 [INFO]     NSE:SONACOMS-EQ | CVD=118568 vs Ref=-62639 | Close=527.55 vs VAL=523.25
2026-02-05 13:55:12,361 [INFO]     NSE:ABCAPITAL-EQ | CVD=366118 vs Ref=-299790 | Close=341.15 vs VAL=335.00
2026-02-05 13:55:12,597 [INFO]     NSE:LTF-EQ | CVD=-276108 vs Ref=-448884 | Close=284.15 vs VAL=278.70
2026-02-05 13:56:12,598 [INFO] 🔍 Scanning for alerts on 9 symbols (5min)...
2026-02-05 13:56:12,773 [INFO]     NSE:LT-EQ | CVD=-52065 vs Ref=-83058 | Close=4072.30 vs VAL=4038.55
2026-02-05 13:56:12,976 [INFO]     NSE:HAL-EQ | CVD=-563596 vs Ref=-906192 | Close=4041.00 vs VAL=3948.00
2026-02-05 13:56:13,164 [INFO]     NSE:BSE-EQ | CVD=-143966 vs Ref=-314646 | Close=2886.00 vs VAL=2847.60
2026-02-05 13:56:13,360 [INFO]     NSE:ANGELONE-EQ | CVD=-108215 vs Ref=-91451 | Close=2636.10 vs VAL=2628.90
2026-02-05 13:56:13,561 [INFO]     NSE:ADANIENT-EQ | CVD=-29428 vs Ref=-58526 | Close=2228.00 vs VAL=2211.70
2026-02-05 13:56:13,772 [INFO]     NSE:BDL-EQ | CVD=-246993 vs Ref=-330233 | Close=1270.90 vs VAL=1251.00
2026-02-05 13:56:13,969 [INFO]     NSE:SONACOMS-EQ | CVD=102658 vs Ref=-62639 | Close=527.00 vs VAL=523.25
2026-02-05 13:56:14,160 [INFO]     NSE:ABCAPITAL-EQ | CVD=371826 vs Ref=-299790 | Close=340.45 vs VAL=335.00
2026-02-05 13:56:14,365 [INFO]     NSE:LTF-EQ | CVD=-275522 vs Ref=-448884 | Close=284.15 vs VAL=278.70
2026-02-05 13:57:14,366 [INFO] 🔍 Scanning for alerts on 9 symbols (5min)...
2026-02-05 13:57:14,636 [INFO]     NSE:LT-EQ | CVD=-52065 vs Ref=-83058 | Close=4072.30 vs VAL=4038.55
2026-02-05 13:57:14,928 [INFO]     NSE:HAL-EQ | CVD=-563596 vs Ref=-906192 | Close=4041.00 vs VAL=3948.00
2026-02-05 13:57:15,412 [INFO]     NSE:BSE-EQ | CVD=-143966 vs Ref=-314646 | Close=2886.00 vs VAL=2847.60
2026-02-05 13:57:15,847 [INFO]     NSE:ANGELONE-EQ | CVD=-108215 vs Ref=-91451 | Close=2636.10 vs VAL=2628.90
2026-02-05 13:57:16,084 [INFO]     NSE:ADANIENT-EQ | CVD=-29428 vs Ref=-58526 | Close=2228.00 vs VAL=2211.70
2026-02-05 13:57:16,368 [INFO]     NSE:BDL-EQ | CVD=-246993 vs Ref=-330233 | Close=1270.90 vs VAL=1251.00
2026-02-05 13:57:16,764 [INFO]     NSE:SONACOMS-EQ | CVD=102658 vs Ref=-62639 | Close=527.00 vs VAL=523.25
2026-02-05 13:57:17,127 [INFO]     NSE:ABCAPITAL-EQ | CVD=371826 vs Ref=-299790 | Close=340.45 vs VAL=335.00
2026-02-05 13:57:17,406 [INFO]     NSE:LTF-EQ | CVD=-275522 vs Ref=-448884 | Close=284.15 vs VAL=278.70
2026-02-05 13:58:17,407 [INFO] 🔍 Scanning for alerts on 9 symbols (5min)...
2026-02-05 13:58:17,583 [INFO]     NSE:LT-EQ | CVD=-52065 vs Ref=-83058 | Close=4072.30 vs VAL=4038.55
2026-02-05 13:58:17,789 [INFO]     NSE:HAL-EQ | CVD=-563596 vs Ref=-906192 | Close=4041.00 vs VAL=3948.00
2026-02-05 13:58:17,985 [INFO]     NSE:BSE-EQ | CVD=-143966 vs Ref=-314646 | Close=2886.00 vs VAL=2847.60
2026-02-05 13:58:18,184 [INFO]     NSE:ANGELONE-EQ | CVD=-108215 vs Ref=-91451 | Close=2636.10 vs VAL=2628.90
2026-02-05 13:58:18,368 [INFO]     NSE:ADANIENT-EQ | CVD=-29428 vs Ref=-58526 | Close=2228.00 vs VAL=2211.70
2026-02-05 13:58:18,565 [INFO]     NSE:BDL-EQ | CVD=-246993 vs Ref=-330233 | Close=1270.90 vs VAL=1251.00
2026-02-05 13:58:18,760 [INFO]     NSE:SONACOMS-EQ | CVD=102658 vs Ref=-62639 | Close=527.00 vs VAL=523.25
2026-02-05 13:58:18,954 [INFO]     NSE:ABCAPITAL-EQ | CVD=371826 vs Ref=-299790 | Close=340.45 vs VAL=335.00
2026-02-05 13:58:19,160 [INFO]     NSE:LTF-EQ | CVD=-275522 vs Ref=-448884 | Close=284.15 vs VAL=278.70
2026-02-05 13:59:19,161 [INFO] 🔍 Scanning for alerts on 9 symbols (5min)...
2026-02-05 13:59:19,338 [INFO]     NSE:LT-EQ | CVD=-52065 vs Ref=-83058 | Close=4072.30 vs VAL=4038.55
2026-02-05 13:59:19,536 [INFO]     NSE:HAL-EQ | CVD=-563596 vs Ref=-906192 | Close=4041.00 vs VAL=3948.00
2026-02-05 13:59:19,725 [INFO]     NSE:BSE-EQ | CVD=-143966 vs Ref=-314646 | Close=2886.00 vs VAL=2847.60
2026-02-05 13:59:19,914 [INFO]     NSE:ANGELONE-EQ | CVD=-108215 vs Ref=-91451 | Close=2636.10 vs VAL=2628.90
2026-02-05 13:59:20,095 [INFO]     NSE:ADANIENT-EQ | CVD=-29428 vs Ref=-58526 | Close=2228.00 vs VAL=2211.70
2026-02-05 13:59:20,285 [INFO]     NSE:BDL-EQ | CVD=-246993 vs Ref=-330233 | Close=1270.90 vs VAL=1251.00
2026-02-05 13:59:20,477 [INFO]     NSE:SONACOMS-EQ | CVD=102658 vs Ref=-62639 | Close=527.00 vs VAL=523.25
2026-02-05 13:59:20,672 [INFO]     NSE:ABCAPITAL-EQ | CVD=371826 vs Ref=-299790 | Close=340.45 vs VAL=335.00
2026-02-05 13:59:20,871 [INFO]     NSE:LTF-EQ | CVD=-275522 vs Ref=-448884 | Close=284.15 vs VAL=278.70
2026-02-05 14:00:20,873 [INFO] 🔍 Scanning for alerts on 9 symbols (5min)...
2026-02-05 14:00:21,099 [INFO]     NSE:LT-EQ | CVD=-52065 vs Ref=-83058 | Close=4072.30 vs VAL=4038.55
2026-02-05 14:00:21,373 [INFO]     NSE:HAL-EQ | CVD=-563596 vs Ref=-906192 | Close=4041.00 vs VAL=3948.00
2026-02-05 14:00:21,570 [INFO]     NSE:BSE-EQ | CVD=-143966 vs Ref=-314646 | Close=2886.00 vs VAL=2847.60
2026-02-05 14:00:21,829 [INFO]     NSE:ANGELONE-EQ | CVD=-108215 vs Ref=-91451 | Close=2636.10 vs VAL=2628.90
2026-02-05 14:00:22,028 [INFO]     NSE:ADANIENT-EQ | CVD=-29428 vs Ref=-58526 | Close=2228.00 vs VAL=2211.70
2026-02-05 14:00:22,346 [INFO]     NSE:BDL-EQ | CVD=-246993 vs Ref=-330233 | Close=1270.90 vs VAL=1251.00
2026-02-05 14:00:22,607 [INFO]     NSE:SONACOMS-EQ | CVD=102658 vs Ref=-62639 | Close=527.00 vs VAL=523.25
2026-02-05 14:00:22,855 [INFO]     NSE:ABCAPITAL-EQ | CVD=371826 vs Ref=-299790 | Close=340.45 vs VAL=335.00
2026-02-05 14:00:23,092 [INFO]     NSE:LTF-EQ | CVD=-275522 vs Ref=-448884 | Close=284.15 vs VAL=278.70
2026-02-05 14:01:23,094 [INFO] 🔍 Scanning for alerts on 9 symbols (5min)...
2026-02-05 14:01:23,275 [INFO]     NSE:LT-EQ | CVD=-49514 vs Ref=-83058 | Close=4072.00 vs VAL=4038.55
2026-02-05 14:01:23,489 [INFO]     NSE:HAL-EQ | CVD=-578475 vs Ref=-906192 | Close=4037.10 vs VAL=3948.00
2026-02-05 14:01:23,682 [INFO]     NSE:BSE-EQ | CVD=-147394 vs Ref=-314646 | Close=2886.00 vs VAL=2847.60
2026-02-05 14:01:23,866 [INFO]     NSE:ANGELONE-EQ | CVD=-106524 vs Ref=-91451 | Close=2638.00 vs VAL=2628.90
2026-02-05 14:01:24,049 [INFO]     NSE:ADANIENT-EQ | CVD=-34748 vs Ref=-58526 | Close=2227.30 vs VAL=2211.70
2026-02-05 14:01:24,240 [INFO]     NSE:BDL-EQ | CVD=-255252 vs Ref=-330233 | Close=1269.80 vs VAL=1251.00
2026-02-05 14:01:24,427 [INFO]     NSE:SONACOMS-EQ | CVD=102546 vs Ref=-62639 | Close=526.40 vs VAL=523.25
2026-02-05 14:01:24,620 [INFO]     NSE:ABCAPITAL-EQ | CVD=370031 vs Ref=-299790 | Close=340.15 vs VAL=335.00
2026-02-05 14:01:24,827 [INFO]     NSE:LTF-EQ | CVD=-281127 vs Ref=-448884 | Close=284.00 vs VAL=278.70
2026-02-05 14:02:24,828 [INFO] 🔍 Scanning for alerts on 9 symbols (5min)...
2026-02-05 14:02:25,048 [INFO]     NSE:LT-EQ | CVD=-49514 vs Ref=-83058 | Close=4072.00 vs VAL=4038.55
2026-02-05 14:02:25,281 [INFO]     NSE:HAL-EQ | CVD=-578475 vs Ref=-906192 | Close=4037.10 vs VAL=3948.00
2026-02-05 14:02:25,493 [INFO]     NSE:BSE-EQ | CVD=-147394 vs Ref=-314646 | Close=2886.00 vs VAL=2847.60
2026-02-05 14:02:25,678 [INFO]     NSE:ANGELONE-EQ | CVD=-106524 vs Ref=-91451 | Close=2638.00 vs VAL=2628.90
2026-02-05 14:02:25,856 [INFO]     NSE:ADANIENT-EQ | CVD=-34748 vs Ref=-58526 | Close=2227.30 vs VAL=2211.70
2026-02-05 14:02:26,054 [INFO]     NSE:BDL-EQ | CVD=-255252 vs Ref=-330233 | Close=1269.80 vs VAL=1251.00
2026-02-05 14:02:26,234 [INFO]     NSE:SONACOMS-EQ | CVD=102546 vs Ref=-62639 | Close=526.40 vs VAL=523.25
2026-02-05 14:02:26,424 [INFO]     NSE:ABCAPITAL-EQ | CVD=370031 vs Ref=-299790 | Close=340.15 vs VAL=335.00
2026-02-05 14:02:26,626 [INFO]     NSE:LTF-EQ | CVD=-281127 vs Ref=-448884 | Close=284.00 vs VAL=278.70
2026-02-05 14:03:26,627 [INFO] 🔍 Scanning for alerts on 9 symbols (5min)...
2026-02-05 14:03:26,815 [INFO]     NSE:LT-EQ | CVD=-49514 vs Ref=-83058 | Close=4072.00 vs VAL=4038.55
2026-02-05 14:03:27,012 [INFO]     NSE:HAL-EQ | CVD=-578475 vs Ref=-906192 | Close=4037.10 vs VAL=3948.00
2026-02-05 14:03:27,192 [INFO]     NSE:BSE-EQ | CVD=-147394 vs Ref=-314646 | Close=2886.00 vs VAL=2847.60
2026-02-05 14:03:27,387 [INFO]     NSE:ANGELONE-EQ | CVD=-106524 vs Ref=-91451 | Close=2638.00 vs VAL=2628.90
2026-02-05 14:03:27,590 [INFO]     NSE:ADANIENT-EQ | CVD=-34748 vs Ref=-58526 | Close=2227.30 vs VAL=2211.70
2026-02-05 14:03:27,865 [INFO]     NSE:BDL-EQ | CVD=-255252 vs Ref=-330233 | Close=1269.80 vs VAL=1251.00
2026-02-05 14:03:28,053 [INFO]     NSE:SONACOMS-EQ | CVD=102546 vs Ref=-62639 | Close=526.40 vs VAL=523.25
2026-02-05 14:03:28,247 [INFO]     NSE:ABCAPITAL-EQ | CVD=370031 vs Ref=-299790 | Close=340.15 vs VAL=335.00
2026-02-05 14:03:28,443 [INFO]     NSE:LTF-EQ | CVD=-281127 vs Ref=-448884 | Close=284.00 vs VAL=278.70
2026-02-05 14:04:28,444 [INFO] 🔍 Scanning for alerts on 9 symbols (5min)...
2026-02-05 14:04:28,620 [INFO]     NSE:LT-EQ | CVD=-49514 vs Ref=-83058 | Close=4072.00 vs VAL=4038.55
2026-02-05 14:04:28,814 [INFO]     NSE:HAL-EQ | CVD=-578475 vs Ref=-906192 | Close=4037.10 vs VAL=3948.00
2026-02-05 14:04:28,993 [INFO]     NSE:BSE-EQ | CVD=-147394 vs Ref=-314646 | Close=2886.00 vs VAL=2847.60
2026-02-05 14:04:29,183 [INFO]     NSE:ANGELONE-EQ | CVD=-106524 vs Ref=-91451 | Close=2638.00 vs VAL=2628.90
2026-02-05 14:04:29,367 [INFO]     NSE:ADANIENT-EQ | CVD=-34748 vs Ref=-58526 | Close=2227.30 vs VAL=2211.70
2026-02-05 14:04:29,560 [INFO]     NSE:BDL-EQ | CVD=-255252 vs Ref=-330233 | Close=1269.80 vs VAL=1251.00
2026-02-05 14:04:29,747 [INFO]     NSE:SONACOMS-EQ | CVD=102546 vs Ref=-62639 | Close=526.40 vs VAL=523.25
2026-02-05 14:04:29,947 [INFO]     NSE:ABCAPITAL-EQ | CVD=370031 vs Ref=-299790 | Close=340.15 vs VAL=335.00
2026-02-05 14:04:30,221 [INFO]     NSE:LTF-EQ | CVD=-281127 vs Ref=-448884 | Close=284.00 vs VAL=278.70
2026-02-05 14:05:30,222 [INFO] 🔍 Scanning for alerts on 9 symbols (5min)...
2026-02-05 14:05:30,394 [INFO]     NSE:LT-EQ | CVD=-49514 vs Ref=-83058 | Close=4072.00 vs VAL=4038.55
2026-02-05 14:05:30,648 [INFO]     NSE:HAL-EQ | CVD=-578475 vs Ref=-906192 | Close=4037.10 vs VAL=3948.00
2026-02-05 14:05:30,826 [INFO]     NSE:BSE-EQ | CVD=-147394 vs Ref=-314646 | Close=2886.00 vs VAL=2847.60
2026-02-05 14:05:31,023 [INFO]     NSE:ANGELONE-EQ | CVD=-106524 vs Ref=-91451 | Close=2638.00 vs VAL=2628.90
2026-02-05 14:05:31,206 [INFO]     NSE:ADANIENT-EQ | CVD=-34748 vs Ref=-58526 | Close=2227.30 vs VAL=2211.70
2026-02-05 14:05:31,414 [INFO]     NSE:BDL-EQ | CVD=-255252 vs Ref=-330233 | Close=1269.80 vs VAL=1251.00
2026-02-05 14:05:31,598 [INFO]     NSE:SONACOMS-EQ | CVD=102546 vs Ref=-62639 | Close=526.40 vs VAL=523.25
2026-02-05 14:05:31,781 [INFO]     NSE:ABCAPITAL-EQ | CVD=370031 vs Ref=-299790 | Close=340.15 vs VAL=335.00
2026-02-05 14:05:31,982 [INFO]     NSE:LTF-EQ | CVD=-281127 vs Ref=-448884 | Close=284.00 vs VAL=278.70
2026-02-05 14:06:31,983 [INFO] 🔍 Scanning for alerts on 9 symbols (5min)...
2026-02-05 14:06:32,802 [INFO]     NSE:LT-EQ | CVD=-51370 vs Ref=-83058 | Close=4072.50 vs VAL=4038.55
2026-02-05 14:06:33,955 [INFO]     NSE:HAL-EQ | CVD=-597090 vs Ref=-906192 | Close=4033.80 vs VAL=3948.00
2026-02-05 14:06:34,950 [INFO]     NSE:BSE-EQ | CVD=-151242 vs Ref=-314646 | Close=2884.50 vs VAL=2847.60
2026-02-05 14:06:36,087 [INFO]     NSE:ANGELONE-EQ | CVD=-107459 vs Ref=-91451 | Close=2637.10 vs VAL=2628.90
2026-02-05 14:06:36,717 [INFO]     NSE:ADANIENT-EQ | CVD=-37164 vs Ref=-58526 | Close=2226.10 vs VAL=2211.70
2026-02-05 14:06:37,473 [INFO]     NSE:BDL-EQ | CVD=-254915 vs Ref=-330233 | Close=1269.20 vs VAL=1251.00
2026-02-05 14:06:38,047 [INFO]     NSE:SONACOMS-EQ | CVD=106242 vs Ref=-62639 | Close=526.55 vs VAL=523.25
2026-02-05 14:06:38,796 [INFO]     NSE:ABCAPITAL-EQ | CVD=365664 vs Ref=-299790 | Close=339.80 vs VAL=335.00
2026-02-05 14:06:39,733 [INFO]     NSE:LTF-EQ | CVD=-285027 vs Ref=-448884 | Close=283.85 vs VAL=278.70
2026-02-05 14:07:39,735 [INFO] 🔍 Scanning for alerts on 9 symbols (5min)...
2026-02-05 14:07:39,993 [INFO]     NSE:LT-EQ | CVD=-51370 vs Ref=-83058 | Close=4072.50 vs VAL=4038.55
2026-02-05 14:07:40,317 [INFO]     NSE:HAL-EQ | CVD=-597090 vs Ref=-906192 | Close=4033.80 vs VAL=3948.00
2026-02-05 14:07:40,568 [INFO]     NSE:BSE-EQ | CVD=-151242 vs Ref=-314646 | Close=2884.50 vs VAL=2847.60
2026-02-05 14:07:40,774 [INFO]     NSE:ANGELONE-EQ | CVD=-107459 vs Ref=-91451 | Close=2637.10 vs VAL=2628.90
2026-02-05 14:07:41,019 [INFO]     NSE:ADANIENT-EQ | CVD=-37164 vs Ref=-58526 | Close=2226.10 vs VAL=2211.70
2026-02-05 14:07:41,246 [INFO]     NSE:BDL-EQ | CVD=-254915 vs Ref=-330233 | Close=1269.20 vs VAL=1251.00
2026-02-05 14:07:41,479 [INFO]     NSE:SONACOMS-EQ | CVD=106242 vs Ref=-62639 | Close=526.55 vs VAL=523.25
2026-02-05 14:07:41,738 [INFO]     NSE:ABCAPITAL-EQ | CVD=365664 vs Ref=-299790 | Close=339.80 vs VAL=335.00
2026-02-05 14:07:41,988 [INFO]     NSE:LTF-EQ | CVD=-285027 vs Ref=-448884 | Close=283.85 vs VAL=278.70
2026-02-05 14:08:41,990 [INFO] 🔍 Scanning for alerts on 9 symbols (5min)...
2026-02-05 14:08:42,191 [INFO]     NSE:LT-EQ | CVD=-51370 vs Ref=-83058 | Close=4072.50 vs VAL=4038.55
2026-02-05 14:08:42,471 [INFO]     NSE:HAL-EQ | CVD=-597090 vs Ref=-906192 | Close=4033.80 vs VAL=3948.00
2026-02-05 14:08:42,708 [INFO]     NSE:BSE-EQ | CVD=-151242 vs Ref=-314646 | Close=2884.50 vs VAL=2847.60
2026-02-05 14:08:43,012 [INFO]     NSE:ANGELONE-EQ | CVD=-107459 vs Ref=-91451 | Close=2637.10 vs VAL=2628.90
2026-02-05 14:08:43,250 [INFO]     NSE:ADANIENT-EQ | CVD=-37164 vs Ref=-58526 | Close=2226.10 vs VAL=2211.70
2026-02-05 14:08:43,451 [INFO]     NSE:BDL-EQ | CVD=-254915 vs Ref=-330233 | Close=1269.20 vs VAL=1251.00
2026-02-05 14:08:43,659 [INFO]     NSE:SONACOMS-EQ | CVD=106242 vs Ref=-62639 | Close=526.55 vs VAL=523.25
2026-02-05 14:08:43,856 [INFO]     NSE:ABCAPITAL-EQ | CVD=365664 vs Ref=-299790 | Close=339.80 vs VAL=335.00
2026-02-05 14:08:44,087 [INFO]     NSE:LTF-EQ | CVD=-285027 vs Ref=-448884 | Close=283.85 vs VAL=278.70
2026-02-05 14:09:44,089 [INFO] 🔍 Scanning for alerts on 9 symbols (5min)...
2026-02-05 14:09:44,289 [INFO]     NSE:LT-EQ | CVD=-51370 vs Ref=-83058 | Close=4072.50 vs VAL=4038.55
2026-02-05 14:09:44,581 [INFO]     NSE:HAL-EQ | CVD=-597090 vs Ref=-906192 | Close=4033.80 vs VAL=3948.00
2026-02-05 14:09:44,870 [INFO]     NSE:BSE-EQ | CVD=-151242 vs Ref=-314646 | Close=2884.50 vs VAL=2847.60
2026-02-05 14:09:45,083 [INFO]     NSE:ANGELONE-EQ | CVD=-107459 vs Ref=-91451 | Close=2637.10 vs VAL=2628.90
2026-02-05 14:09:45,338 [INFO]     NSE:ADANIENT-EQ | CVD=-37164 vs Ref=-58526 | Close=2226.10 vs VAL=2211.70
2026-02-05 14:09:45,608 [INFO]     NSE:BDL-EQ | CVD=-254915 vs Ref=-330233 | Close=1269.20 vs VAL=1251.00
2026-02-05 14:09:45,872 [INFO]     NSE:SONACOMS-EQ | CVD=106242 vs Ref=-62639 | Close=526.55 vs VAL=523.25
2026-02-05 14:09:46,155 [INFO]     NSE:ABCAPITAL-EQ | CVD=365664 vs Ref=-299790 | Close=339.80 vs VAL=335.00
2026-02-05 14:09:46,422 [INFO]     NSE:LTF-EQ | CVD=-285027 vs Ref=-448884 | Close=283.85 vs VAL=278.70
2026-02-05 14:10:48,209 [INFO] 🔍 Scanning for alerts on 9 symbols (5min)...
2026-02-05 14:10:48,412 [INFO]     NSE:LT-EQ | CVD=-51370 vs Ref=-83058 | Close=4072.50 vs VAL=4038.55
2026-02-05 14:10:48,680 [INFO]     NSE:HAL-EQ | CVD=-597090 vs Ref=-906192 | Close=4033.80 vs VAL=3948.00
2026-02-05 14:10:48,931 [INFO]     NSE:BSE-EQ | CVD=-151242 vs Ref=-314646 | Close=2884.50 vs VAL=2847.60
2026-02-05 14:10:49,190 [INFO]     NSE:ANGELONE-EQ | CVD=-107459 vs Ref=-91451 | Close=2637.10 vs VAL=2628.90
2026-02-05 14:10:49,492 [INFO]     NSE:ADANIENT-EQ | CVD=-37164 vs Ref=-58526 | Close=2226.10 vs VAL=2211.70
2026-02-05 14:10:49,734 [INFO]     NSE:BDL-EQ | CVD=-254915 vs Ref=-330233 | Close=1269.20 vs VAL=1251.00
2026-02-05 14:10:49,940 [INFO]     NSE:SONACOMS-EQ | CVD=106242 vs Ref=-62639 | Close=526.55 vs VAL=523.25
2026-02-05 14:10:50,194 [INFO]     NSE:ABCAPITAL-EQ | CVD=365664 vs Ref=-299790 | Close=339.80 vs VAL=335.00
2026-02-05 14:10:50,621 [INFO]     NSE:LTF-EQ | CVD=-285027 vs Ref=-448884 | Close=283.85 vs VAL=278.70
2026-02-05 14:11:50,622 [INFO] 🔍 Scanning for alerts on 9 symbols (5min)...
2026-02-05 14:11:50,875 [INFO]     NSE:LT-EQ | CVD=-91679 vs Ref=-83058 | Close=4061.20 vs VAL=4038.55
2026-02-05 14:11:51,191 [INFO]     NSE:HAL-EQ | CVD=-598832 vs Ref=-906192 | Close=4033.80 vs VAL=3948.00
2026-02-05 14:11:51,491 [INFO]     NSE:BSE-EQ | CVD=-175380 vs Ref=-314646 | Close=2879.70 vs VAL=2847.60
2026-02-05 14:11:51,835 [INFO]     NSE:ANGELONE-EQ | CVD=-110780 vs Ref=-91451 | Close=2635.00 vs VAL=2628.90
2026-02-05 14:11:52,118 [INFO]     NSE:ADANIENT-EQ | CVD=-48904 vs Ref=-58526 | Close=2222.10 vs VAL=2211.70
2026-02-05 14:11:52,435 [INFO]     NSE:BDL-EQ | CVD=-252774 vs Ref=-330233 | Close=1268.30 vs VAL=1251.00
2026-02-05 14:11:52,696 [INFO]     NSE:SONACOMS-EQ | CVD=117833 vs Ref=-62639 | Close=527.00 vs VAL=523.25
2026-02-05 14:11:53,135 [INFO]     NSE:ABCAPITAL-EQ | CVD=377672 vs Ref=-299790 | Close=339.40 vs VAL=335.00
2026-02-05 14:11:53,404 [INFO]     NSE:LTF-EQ | CVD=-297037 vs Ref=-448884 | Close=282.80 vs VAL=278.70
2026-02-05 14:12:53,405 [INFO] 🔍 Scanning for alerts on 9 symbols (5min)...
2026-02-05 14:12:53,606 [INFO]     NSE:LT-EQ | CVD=-91679 vs Ref=-83058 | Close=4061.20 vs VAL=4038.55
2026-02-05 14:12:53,912 [INFO]     NSE:HAL-EQ | CVD=-598832 vs Ref=-906192 | Close=4033.80 vs VAL=3948.00
2026-02-05 14:12:54,176 [INFO]     NSE:BSE-EQ | CVD=-175380 vs Ref=-314646 | Close=2879.70 vs VAL=2847.60
2026-02-05 14:12:56,102 [INFO]     NSE:ANGELONE-EQ | CVD=-110780 vs Ref=-91451 | Close=2635.00 vs VAL=2628.90
2026-02-05 14:12:56,323 [INFO]     NSE:ADANIENT-EQ | CVD=-48904 vs Ref=-58526 | Close=2222.10 vs VAL=2211.70
2026-02-05 14:12:56,589 [INFO]     NSE:BDL-EQ | CVD=-252774 vs Ref=-330233 | Close=1268.30 vs VAL=1251.00
2026-02-05 14:12:56,809 [INFO]     NSE:SONACOMS-EQ | CVD=117833 vs Ref=-62639 | Close=527.00 vs VAL=523.25
2026-02-05 14:12:57,123 [INFO]     NSE:ABCAPITAL-EQ | CVD=377672 vs Ref=-299790 | Close=339.40 vs VAL=335.00
2026-02-05 14:12:57,439 [INFO]     NSE:LTF-EQ | CVD=-297037 vs Ref=-448884 | Close=282.80 vs VAL=278.70
2026-02-05 14:13:57,440 [INFO] 🔍 Scanning for alerts on 9 symbols (5min)...
2026-02-05 14:13:57,660 [INFO]     NSE:LT-EQ | CVD=-91679 vs Ref=-83058 | Close=4061.20 vs VAL=4038.55
2026-02-05 14:13:57,922 [INFO]     NSE:HAL-EQ | CVD=-598832 vs Ref=-906192 | Close=4033.80 vs VAL=3948.00
2026-02-05 14:13:58,156 [INFO]     NSE:BSE-EQ | CVD=-175380 vs Ref=-314646 | Close=2879.70 vs VAL=2847.60
2026-02-05 14:13:58,371 [INFO]     NSE:ANGELONE-EQ | CVD=-110780 vs Ref=-91451 | Close=2635.00 vs VAL=2628.90
2026-02-05 14:13:58,612 [INFO]     NSE:ADANIENT-EQ | CVD=-48904 vs Ref=-58526 | Close=2222.10 vs VAL=2211.70
2026-02-05 14:13:58,838 [INFO]     NSE:BDL-EQ | CVD=-252774 vs Ref=-330233 | Close=1268.30 vs VAL=1251.00
2026-02-05 14:13:59,045 [INFO]     NSE:SONACOMS-EQ | CVD=117833 vs Ref=-62639 | Close=527.00 vs VAL=523.25
2026-02-05 14:13:59,325 [INFO]     NSE:ABCAPITAL-EQ | CVD=377672 vs Ref=-299790 | Close=339.40 vs VAL=335.00
2026-02-05 14:13:59,596 [INFO]     NSE:LTF-EQ | CVD=-297037 vs Ref=-448884 | Close=282.80 vs VAL=278.70
2026-02-05 14:14:59,597 [INFO] 🔍 Scanning for alerts on 9 symbols (5min)...
2026-02-05 14:14:59,799 [INFO]     NSE:LT-EQ | CVD=-91679 vs Ref=-83058 | Close=4061.20 vs VAL=4038.55
2026-02-05 14:15:00,071 [INFO]     NSE:HAL-EQ | CVD=-598832 vs Ref=-906192 | Close=4033.80 vs VAL=3948.00
2026-02-05 14:15:00,336 [INFO]     NSE:BSE-EQ | CVD=-175380 vs Ref=-314646 | Close=2879.70 vs VAL=2847.60
2026-02-05 14:15:00,550 [INFO]     NSE:ANGELONE-EQ | CVD=-110780 vs Ref=-91451 | Close=2635.00 vs VAL=2628.90
2026-02-05 14:15:00,771 [INFO]     NSE:ADANIENT-EQ | CVD=-48904 vs Ref=-58526 | Close=2222.10 vs VAL=2211.70
2026-02-05 14:15:03,189 [INFO]     NSE:BDL-EQ | CVD=-252774 vs Ref=-330233 | Close=1268.30 vs VAL=1251.00
2026-02-05 14:15:03,652 [INFO]     NSE:SONACOMS-EQ | CVD=117833 vs Ref=-62639 | Close=527.00 vs VAL=523.25
2026-02-05 14:15:04,024 [INFO]     NSE:ABCAPITAL-EQ | CVD=377672 vs Ref=-299790 | Close=339.40 vs VAL=335.00
2026-02-05 14:15:04,508 [INFO]     NSE:LTF-EQ | CVD=-297037 vs Ref=-448884 | Close=282.80 vs VAL=278.70
2026-02-05 14:16:04,510 [INFO] 🔍 Scanning for alerts on 9 symbols (5min)...
2026-02-05 14:16:04,931 [INFO]     NSE:LT-EQ | CVD=-108457 vs Ref=-83058 | Close=4058.90 vs VAL=4038.55
2026-02-05 14:16:05,310 [INFO]     NSE:HAL-EQ | CVD=-636347 vs Ref=-906192 | Close=4026.80 vs VAL=3948.00
2026-02-05 14:16:05,704 [INFO]     NSE:BSE-EQ | CVD=-178169 vs Ref=-314646 | Close=2876.30 vs VAL=2847.60
2026-02-05 14:16:06,043 [INFO]     NSE:ANGELONE-EQ | CVD=-111468 vs Ref=-91451 | Close=2636.30 vs VAL=2628.90
2026-02-05 14:16:06,426 [INFO]     NSE:ADANIENT-EQ | CVD=-53124 vs Ref=-58526 | Close=2218.80 vs VAL=2211.70
2026-02-05 14:16:06,851 [INFO]     NSE:BDL-EQ | CVD=-254080 vs Ref=-330233 | Close=1268.40 vs VAL=1251.00
2026-02-05 14:16:07,255 [INFO]     NSE:SONACOMS-EQ | CVD=109367 vs Ref=-62639 | Close=526.20 vs VAL=523.25
2026-02-05 14:16:07,555 [INFO]     NSE:ABCAPITAL-EQ | CVD=408848 vs Ref=-299790 | Close=339.80 vs VAL=335.00
2026-02-05 14:16:07,881 [INFO]     NSE:LTF-EQ | CVD=-287265 vs Ref=-448884 | Close=283.00 vs VAL=278.70
2026-02-05 14:17:07,882 [INFO] 🔍 Scanning for alerts on 9 symbols (5min)...
2026-02-05 14:17:08,078 [INFO]     NSE:LT-EQ | CVD=-108457 vs Ref=-83058 | Close=4058.90 vs VAL=4038.55
2026-02-05 14:17:08,320 [INFO]     NSE:HAL-EQ | CVD=-636347 vs Ref=-906192 | Close=4026.80 vs VAL=3948.00
2026-02-05 14:17:08,553 [INFO]     NSE:BSE-EQ | CVD=-178169 vs Ref=-314646 | Close=2876.30 vs VAL=2847.60
2026-02-05 14:17:08,783 [INFO]     NSE:ANGELONE-EQ | CVD=-111468 vs Ref=-91451 | Close=2636.30 vs VAL=2628.90
2026-02-05 14:17:09,055 [INFO]     NSE:ADANIENT-EQ | CVD=-53124 vs Ref=-58526 | Close=2218.80 vs VAL=2211.70
2026-02-05 14:17:09,339 [INFO]     NSE:BDL-EQ | CVD=-254080 vs Ref=-330233 | Close=1268.40 vs VAL=1251.00
2026-02-05 14:17:09,669 [INFO]     NSE:SONACOMS-EQ | CVD=109367 vs Ref=-62639 | Close=526.20 vs VAL=523.25
2026-02-05 14:17:10,064 [INFO]     NSE:ABCAPITAL-EQ | CVD=408848 vs Ref=-299790 | Close=339.80 vs VAL=335.00
2026-02-05 14:17:10,374 [INFO]     NSE:LTF-EQ | CVD=-287265 vs Ref=-448884 | Close=283.00 vs VAL=278.70
2026-02-05 14:18:10,376 [INFO] 🔍 Scanning for alerts on 9 symbols (5min)...
2026-02-05 14:18:10,571 [INFO]     NSE:LT-EQ | CVD=-108457 vs Ref=-83058 | Close=4058.90 vs VAL=4038.55
2026-02-05 14:18:10,792 [INFO]     NSE:HAL-EQ | CVD=-636347 vs Ref=-906192 | Close=4026.80 vs VAL=3948.00
2026-02-05 14:18:11,038 [INFO]     NSE:BSE-EQ | CVD=-178169 vs Ref=-314646 | Close=2876.30 vs VAL=2847.60
2026-02-05 14:18:11,266 [INFO]     NSE:ANGELONE-EQ | CVD=-111468 vs Ref=-91451 | Close=2636.30 vs VAL=2628.90
2026-02-05 14:18:11,562 [INFO]     NSE:ADANIENT-EQ | CVD=-53124 vs Ref=-58526 | Close=2218.80 vs VAL=2211.70
2026-02-05 14:18:11,902 [INFO]     NSE:BDL-EQ | CVD=-254080 vs Ref=-330233 | Close=1268.40 vs VAL=1251.00
2026-02-05 14:18:12,130 [INFO]     NSE:SONACOMS-EQ | CVD=109367 vs Ref=-62639 | Close=526.20 vs VAL=523.25
2026-02-05 14:18:12,371 [INFO]     NSE:ABCAPITAL-EQ | CVD=408848 vs Ref=-299790 | Close=339.80 vs VAL=335.00
2026-02-05 14:18:12,646 [INFO]     NSE:LTF-EQ | CVD=-287265 vs Ref=-448884 | Close=283.00 vs VAL=278.70
2026-02-05 14:19:12,647 [INFO] 🔍 Scanning for alerts on 9 symbols (5min)...
2026-02-05 14:19:12,833 [INFO]     NSE:LT-EQ | CVD=-108457 vs Ref=-83058 | Close=4058.90 vs VAL=4038.55
2026-02-05 14:19:13,069 [INFO]     NSE:HAL-EQ | CVD=-636347 vs Ref=-906192 | Close=4026.80 vs VAL=3948.00
2026-02-05 14:19:13,273 [INFO]     NSE:BSE-EQ | CVD=-178169 vs Ref=-314646 | Close=2876.30 vs VAL=2847.60
2026-02-05 14:19:13,502 [INFO]     NSE:ANGELONE-EQ | CVD=-111468 vs Ref=-91451 | Close=2636.30 vs VAL=2628.90
2026-02-05 14:19:13,722 [INFO]     NSE:ADANIENT-EQ | CVD=-53124 vs Ref=-58526 | Close=2218.80 vs VAL=2211.70
2026-02-05 14:19:13,976 [INFO]     NSE:BDL-EQ | CVD=-254080 vs Ref=-330233 | Close=1268.40 vs VAL=1251.00
2026-02-05 14:19:14,225 [INFO]     NSE:SONACOMS-EQ | CVD=109367 vs Ref=-62639 | Close=526.20 vs VAL=523.25
2026-02-05 14:19:14,461 [INFO]     NSE:ABCAPITAL-EQ | CVD=408848 vs Ref=-299790 | Close=339.80 vs VAL=335.00
2026-02-05 14:19:14,720 [INFO]     NSE:LTF-EQ | CVD=-287265 vs Ref=-448884 | Close=283.00 vs VAL=278.70
2026-02-05 14:20:14,721 [INFO] 🔍 Scanning for alerts on 9 symbols (5min)...
2026-02-05 14:20:14,950 [INFO]     NSE:LT-EQ | CVD=-108457 vs Ref=-83058 | Close=4058.90 vs VAL=4038.55
2026-02-05 14:20:15,238 [INFO]     NSE:HAL-EQ | CVD=-636347 vs Ref=-906192 | Close=4026.80 vs VAL=3948.00
2026-02-05 14:20:15,612 [INFO]     NSE:BSE-EQ | CVD=-178169 vs Ref=-314646 | Close=2876.30 vs VAL=2847.60
2026-02-05 14:20:15,872 [INFO]     NSE:ANGELONE-EQ | CVD=-111468 vs Ref=-91451 | Close=2636.30 vs VAL=2628.90
2026-02-05 14:20:16,142 [INFO]     NSE:ADANIENT-EQ | CVD=-53124 vs Ref=-58526 | Close=2218.80 vs VAL=2211.70
2026-02-05 14:20:16,494 [INFO]     NSE:BDL-EQ | CVD=-254080 vs Ref=-330233 | Close=1268.40 vs VAL=1251.00
2026-02-05 14:20:16,784 [INFO]     NSE:SONACOMS-EQ | CVD=109367 vs Ref=-62639 | Close=526.20 vs VAL=523.25
2026-02-05 14:20:17,012 [INFO]     NSE:ABCAPITAL-EQ | CVD=408848 vs Ref=-299790 | Close=339.80 vs VAL=335.00
2026-02-05 14:20:17,269 [INFO]     NSE:LTF-EQ | CVD=-287265 vs Ref=-448884 | Close=283.00 vs VAL=278.70
2026-02-05 14:21:17,270 [INFO] 🔍 Scanning for alerts on 9 symbols (5min)...
2026-02-05 14:21:17,470 [INFO]     NSE:LT-EQ | CVD=-121275 vs Ref=-83058 | Close=4057.50 vs VAL=4038.55
2026-02-05 14:21:17,697 [INFO]     NSE:HAL-EQ | CVD=-646687 vs Ref=-906192 | Close=4028.10 vs VAL=3948.00
2026-02-05 14:21:17,930 [INFO]     NSE:BSE-EQ | CVD=-200909 vs Ref=-314646 | Close=2871.80 vs VAL=2847.60
2026-02-05 14:21:18,149 [INFO]     NSE:ANGELONE-EQ | CVD=-110919 vs Ref=-91451 | Close=2635.80 vs VAL=2628.90
2026-02-05 14:21:18,347 [INFO]     NSE:ADANIENT-EQ | CVD=-66200 vs Ref=-58526 | Close=2216.30 vs VAL=2211.70
2026-02-05 14:21:18,551 [INFO]     NSE:BDL-EQ | CVD=-247723 vs Ref=-330233 | Close=1269.80 vs VAL=1251.00
2026-02-05 14:21:18,768 [INFO]     NSE:SONACOMS-EQ | CVD=132742 vs Ref=-62639 | Close=526.90 vs VAL=523.25
2026-02-05 14:21:19,000 [INFO]     NSE:ABCAPITAL-EQ | CVD=394032 vs Ref=-299790 | Close=340.00 vs VAL=335.00
2026-02-05 14:21:19,271 [INFO]     NSE:LTF-EQ | CVD=-276073 vs Ref=-448884 | Close=283.00 vs VAL=278.70
2026-02-05 14:22:19,273 [INFO] 🔍 Scanning for alerts on 9 symbols (5min)...
2026-02-05 14:22:19,460 [INFO]     NSE:LT-EQ | CVD=-121275 vs Ref=-83058 | Close=4057.50 vs VAL=4038.55
2026-02-05 14:22:19,697 [INFO]     NSE:HAL-EQ | CVD=-646687 vs Ref=-906192 | Close=4028.10 vs VAL=3948.00
2026-02-05 14:22:19,906 [INFO]     NSE:BSE-EQ | CVD=-200909 vs Ref=-314646 | Close=2871.80 vs VAL=2847.60
2026-02-05 14:22:20,127 [INFO]     NSE:ANGELONE-EQ | CVD=-110919 vs Ref=-91451 | Close=2635.80 vs VAL=2628.90
2026-02-05 14:22:20,343 [INFO]     NSE:ADANIENT-EQ | CVD=-66200 vs Ref=-58526 | Close=2216.30 vs VAL=2211.70
2026-02-05 14:22:20,576 [INFO]     NSE:BDL-EQ | CVD=-247723 vs Ref=-330233 | Close=1269.80 vs VAL=1251.00
2026-02-05 14:22:20,782 [INFO]     NSE:SONACOMS-EQ | CVD=132742 vs Ref=-62639 | Close=526.90 vs VAL=523.25
2026-02-05 14:22:21,009 [INFO]     NSE:ABCAPITAL-EQ | CVD=394032 vs Ref=-299790 | Close=340.00 vs VAL=335.00
2026-02-05 14:22:21,251 [INFO]     NSE:LTF-EQ | CVD=-276073 vs Ref=-448884 | Close=283.00 vs VAL=278.70
2026-02-05 14:23:21,253 [INFO] 🔍 Scanning for alerts on 9 symbols (5min)...
2026-02-05 14:23:21,439 [INFO]     NSE:LT-EQ | CVD=-121275 vs Ref=-83058 | Close=4057.50 vs VAL=4038.55
2026-02-05 14:23:21,651 [INFO]     NSE:HAL-EQ | CVD=-646687 vs Ref=-906192 | Close=4028.10 vs VAL=3948.00
2026-02-05 14:23:21,843 [INFO]     NSE:BSE-EQ | CVD=-200909 vs Ref=-314646 | Close=2871.80 vs VAL=2847.60
2026-02-05 14:23:22,048 [INFO]     NSE:ANGELONE-EQ | CVD=-110919 vs Ref=-91451 | Close=2635.80 vs VAL=2628.90
2026-02-05 14:23:22,233 [INFO]     NSE:ADANIENT-EQ | CVD=-66200 vs Ref=-58526 | Close=2216.30 vs VAL=2211.70
2026-02-05 14:23:22,455 [INFO]     NSE:BDL-EQ | CVD=-247723 vs Ref=-330233 | Close=1269.80 vs VAL=1251.00
2026-02-05 14:23:22,660 [INFO]     NSE:SONACOMS-EQ | CVD=132742 vs Ref=-62639 | Close=526.90 vs VAL=523.25
2026-02-05 14:23:22,851 [INFO]     NSE:ABCAPITAL-EQ | CVD=394032 vs Ref=-299790 | Close=340.00 vs VAL=335.00
2026-02-05 14:23:23,069 [INFO]     NSE:LTF-EQ | CVD=-276073 vs Ref=-448884 | Close=283.00 vs VAL=278.70
2026-02-05 14:24:23,070 [INFO] 🔍 Scanning for alerts on 9 symbols (5min)...
2026-02-05 14:24:23,256 [INFO]     NSE:LT-EQ | CVD=-121275 vs Ref=-83058 | Close=4057.50 vs VAL=4038.55
2026-02-05 14:24:23,464 [INFO]     NSE:HAL-EQ | CVD=-646687 vs Ref=-906192 | Close=4028.10 vs VAL=3948.00
2026-02-05 14:24:23,682 [INFO]     NSE:BSE-EQ | CVD=-200909 vs Ref=-314646 | Close=2871.80 vs VAL=2847.60
2026-02-05 14:24:23,893 [INFO]     NSE:ANGELONE-EQ | CVD=-110919 vs Ref=-91451 | Close=2635.80 vs VAL=2628.90
2026-02-05 14:24:24,075 [INFO]     NSE:ADANIENT-EQ | CVD=-66200 vs Ref=-58526 | Close=2216.30 vs VAL=2211.70
2026-02-05 14:24:24,276 [INFO]     NSE:BDL-EQ | CVD=-247723 vs Ref=-330233 | Close=1269.80 vs VAL=1251.00
2026-02-05 14:24:24,472 [INFO]     NSE:SONACOMS-EQ | CVD=132742 vs Ref=-62639 | Close=526.90 vs VAL=523.25
2026-02-05 14:24:24,671 [INFO]     NSE:ABCAPITAL-EQ | CVD=394032 vs Ref=-299790 | Close=340.00 vs VAL=335.00
2026-02-05 14:24:24,875 [INFO]     NSE:LTF-EQ | CVD=-276073 vs Ref=-448884 | Close=283.00 vs VAL=278.70
2026-02-05 14:25:24,877 [INFO] 🔍 Scanning for alerts on 9 symbols (5min)...
2026-02-05 14:25:25,059 [INFO]     NSE:LT-EQ | CVD=-121275 vs Ref=-83058 | Close=4057.50 vs VAL=4038.55
2026-02-05 14:25:25,254 [INFO]     NSE:HAL-EQ | CVD=-646687 vs Ref=-906192 | Close=4028.10 vs VAL=3948.00
2026-02-05 14:25:25,451 [INFO]     NSE:BSE-EQ | CVD=-200909 vs Ref=-314646 | Close=2871.80 vs VAL=2847.60
2026-02-05 14:25:25,983 [INFO]     NSE:ANGELONE-EQ | CVD=-110919 vs Ref=-91451 | Close=2635.80 vs VAL=2628.90
2026-02-05 14:25:26,313 [INFO]     NSE:ADANIENT-EQ | CVD=-66200 vs Ref=-58526 | Close=2216.30 vs VAL=2211.70
2026-02-05 14:25:26,662 [INFO]     NSE:BDL-EQ | CVD=-247723 vs Ref=-330233 | Close=1269.80 vs VAL=1251.00
2026-02-05 14:25:27,230 [INFO]     NSE:SONACOMS-EQ | CVD=132742 vs Ref=-62639 | Close=526.90 vs VAL=523.25
2026-02-05 14:25:27,621 [INFO]     NSE:ABCAPITAL-EQ | CVD=394032 vs Ref=-299790 | Close=340.00 vs VAL=335.00
2026-02-05 14:25:29,633 [INFO]     NSE:LTF-EQ | CVD=-276073 vs Ref=-448884 | Close=283.00 vs VAL=278.70
2026-02-05 14:26:29,637 [INFO] 🔍 Scanning for alerts on 9 symbols (5min)...
2026-02-05 14:26:29,818 [INFO]     NSE:LT-EQ | CVD=-116605 vs Ref=-83058 | Close=4060.00 vs VAL=4038.55
2026-02-05 14:26:30,016 [INFO]     NSE:HAL-EQ | CVD=-614805 vs Ref=-906192 | Close=4042.80 vs VAL=3948.00
2026-02-05 14:26:30,208 [INFO]     NSE:BSE-EQ | CVD=-197187 vs Ref=-314646 | Close=2874.70 vs VAL=2847.60
2026-02-05 14:26:30,404 [INFO]     NSE:ANGELONE-EQ | CVD=-106835 vs Ref=-91451 | Close=2640.00 vs VAL=2628.90
2026-02-05 14:26:30,628 [INFO]     NSE:ADANIENT-EQ | CVD=-65156 vs Ref=-58526 | Close=2217.70 vs VAL=2211.70
2026-02-05 14:26:30,829 [INFO]     NSE:BDL-EQ | CVD=-244909 vs Ref=-330233 | Close=1270.00 vs VAL=1251.00
2026-02-05 14:26:31,028 [INFO]     NSE:SONACOMS-EQ | CVD=129309 vs Ref=-62639 | Close=525.75 vs VAL=523.25
2026-02-05 14:26:31,220 [INFO]     NSE:ABCAPITAL-EQ | CVD=387539 vs Ref=-299790 | Close=340.10 vs VAL=335.00
2026-02-05 14:26:31,426 [INFO]     NSE:LTF-EQ | CVD=-256841 vs Ref=-448884 | Close=283.05 vs VAL=278.70
2026-02-05 14:27:31,427 [INFO] 🔍 Scanning for alerts on 9 symbols (5min)...
2026-02-05 14:27:31,615 [INFO]     NSE:LT-EQ | CVD=-116605 vs Ref=-83058 | Close=4060.00 vs VAL=4038.55
2026-02-05 14:27:31,838 [INFO]     NSE:HAL-EQ | CVD=-614805 vs Ref=-906192 | Close=4042.80 vs VAL=3948.00
2026-02-05 14:27:32,027 [INFO]     NSE:BSE-EQ | CVD=-197187 vs Ref=-314646 | Close=2874.70 vs VAL=2847.60
2026-02-05 14:27:32,220 [INFO]     NSE:ANGELONE-EQ | CVD=-106835 vs Ref=-91451 | Close=2640.00 vs VAL=2628.90
2026-02-05 14:27:32,397 [INFO]     NSE:ADANIENT-EQ | CVD=-65156 vs Ref=-58526 | Close=2217.70 vs VAL=2211.70
2026-02-05 14:27:32,590 [INFO]     NSE:BDL-EQ | CVD=-244909 vs Ref=-330233 | Close=1270.00 vs VAL=1251.00
2026-02-05 14:27:32,794 [INFO]     NSE:SONACOMS-EQ | CVD=129309 vs Ref=-62639 | Close=525.75 vs VAL=523.25
2026-02-05 14:27:32,984 [INFO]     NSE:ABCAPITAL-EQ | CVD=387539 vs Ref=-299790 | Close=340.10 vs VAL=335.00
2026-02-05 14:27:33,176 [INFO]     NSE:LTF-EQ | CVD=-256841 vs Ref=-448884 | Close=283.05 vs VAL=278.70
2026-02-05 14:28:33,177 [INFO] 🔍 Scanning for alerts on 9 symbols (5min)...
2026-02-05 14:28:33,365 [INFO]     NSE:LT-EQ | CVD=-116605 vs Ref=-83058 | Close=4060.00 vs VAL=4038.55
2026-02-05 14:28:33,562 [INFO]     NSE:HAL-EQ | CVD=-614805 vs Ref=-906192 | Close=4042.80 vs VAL=3948.00
2026-02-05 14:28:33,758 [INFO]     NSE:BSE-EQ | CVD=-197187 vs Ref=-314646 | Close=2874.70 vs VAL=2847.60
2026-02-05 14:28:33,947 [INFO]     NSE:ANGELONE-EQ | CVD=-106835 vs Ref=-91451 | Close=2640.00 vs VAL=2628.90
2026-02-05 14:28:34,150 [INFO]     NSE:ADANIENT-EQ | CVD=-65156 vs Ref=-58526 | Close=2217.70 vs VAL=2211.70
2026-02-05 14:28:34,345 [INFO]     NSE:BDL-EQ | CVD=-244909 vs Ref=-330233 | Close=1270.00 vs VAL=1251.00
2026-02-05 14:28:34,544 [INFO]     NSE:SONACOMS-EQ | CVD=129309 vs Ref=-62639 | Close=525.75 vs VAL=523.25
2026-02-05 14:28:34,738 [INFO]     NSE:ABCAPITAL-EQ | CVD=387539 vs Ref=-299790 | Close=340.10 vs VAL=335.00
2026-02-05 14:28:34,946 [INFO]     NSE:LTF-EQ | CVD=-256841 vs Ref=-448884 | Close=283.05 vs VAL=278.70
2026-02-05 14:29:34,947 [INFO] 🔍 Scanning for alerts on 9 symbols (5min)...
2026-02-05 14:29:35,130 [INFO]     NSE:LT-EQ | CVD=-116605 vs Ref=-83058 | Close=4060.00 vs VAL=4038.55
2026-02-05 14:29:35,325 [INFO]     NSE:HAL-EQ | CVD=-614805 vs Ref=-906192 | Close=4042.80 vs VAL=3948.00
2026-02-05 14:29:35,512 [INFO]     NSE:BSE-EQ | CVD=-197187 vs Ref=-314646 | Close=2874.70 vs VAL=2847.60
2026-02-05 14:29:35,702 [INFO]     NSE:ANGELONE-EQ | CVD=-106835 vs Ref=-91451 | Close=2640.00 vs VAL=2628.90
2026-02-05 14:29:35,898 [INFO]     NSE:ADANIENT-EQ | CVD=-65156 vs Ref=-58526 | Close=2217.70 vs VAL=2211.70
2026-02-05 14:29:36,109 [INFO]     NSE:BDL-EQ | CVD=-244909 vs Ref=-330233 | Close=1270.00 vs VAL=1251.00
2026-02-05 14:29:36,306 [INFO]     NSE:SONACOMS-EQ | CVD=129309 vs Ref=-62639 | Close=525.75 vs VAL=523.25
2026-02-05 14:29:36,496 [INFO]     NSE:ABCAPITAL-EQ | CVD=387539 vs Ref=-299790 | Close=340.10 vs VAL=335.00
2026-02-05 14:29:36,710 [INFO]     NSE:LTF-EQ | CVD=-256841 vs Ref=-448884 | Close=283.05 vs VAL=278.70
2026-02-05 14:30:36,712 [INFO] 🔍 Scanning for alerts on 9 symbols (5min)...
2026-02-05 14:30:36,947 [INFO]     NSE:LT-EQ | CVD=-116605 vs Ref=-83058 | Close=4060.00 vs VAL=4038.55
2026-02-05 14:30:37,218 [INFO]     NSE:HAL-EQ | CVD=-614805 vs Ref=-906192 | Close=4042.80 vs VAL=3948.00
2026-02-05 14:30:37,500 [INFO]     NSE:BSE-EQ | CVD=-197187 vs Ref=-314646 | Close=2874.70 vs VAL=2847.60
2026-02-05 14:30:37,963 [INFO]     NSE:ANGELONE-EQ | CVD=-106835 vs Ref=-91451 | Close=2640.00 vs VAL=2628.90
2026-02-05 14:30:38,189 [INFO]     NSE:ADANIENT-EQ | CVD=-65156 vs Ref=-58526 | Close=2217.70 vs VAL=2211.70
2026-02-05 14:30:38,439 [INFO]     NSE:BDL-EQ | CVD=-244909 vs Ref=-330233 | Close=1270.00 vs VAL=1251.00
2026-02-05 14:30:38,673 [INFO]     NSE:SONACOMS-EQ | CVD=129309 vs Ref=-62639 | Close=525.75 vs VAL=523.25
2026-02-05 14:30:38,911 [INFO]     NSE:ABCAPITAL-EQ | CVD=387539 vs Ref=-299790 | Close=340.10 vs VAL=335.00
2026-02-05 14:30:39,113 [INFO]     NSE:LTF-EQ | CVD=-256841 vs Ref=-448884 | Close=283.05 vs VAL=278.70
2026-02-05 14:31:39,114 [INFO] 🔍 Scanning for alerts on 9 symbols (5min)...
2026-02-05 14:31:39,290 [INFO]     NSE:LT-EQ | CVD=-128090 vs Ref=-83058 | Close=4057.80 vs VAL=4038.55
2026-02-05 14:31:39,524 [INFO]     NSE:HAL-EQ | CVD=-607133 vs Ref=-906192 | Close=4044.80 vs VAL=3948.00
2026-02-05 14:31:39,735 [INFO]     NSE:BSE-EQ | CVD=-207110 vs Ref=-314646 | Close=2879.40 vs VAL=2847.60
2026-02-05 14:31:39,948 [INFO]     NSE:ANGELONE-EQ | CVD=-107115 vs Ref=-91451 | Close=2637.80 vs VAL=2628.90
2026-02-05 14:31:40,127 [INFO]     NSE:ADANIENT-EQ | CVD=-56501 vs Ref=-58526 | Close=2224.80 vs VAL=2211.70
2026-02-05 14:31:40,334 [INFO]     NSE:BDL-EQ | CVD=-242862 vs Ref=-330233 | Close=1271.60 vs VAL=1251.00
2026-02-05 14:31:40,535 [INFO]     NSE:SONACOMS-EQ | CVD=130805 vs Ref=-62639 | Close=526.15 vs VAL=523.25
2026-02-05 14:31:40,736 [INFO]     NSE:ABCAPITAL-EQ | CVD=416370 vs Ref=-299790 | Close=340.65 vs VAL=335.00
2026-02-05 14:31:40,935 [INFO]     NSE:LTF-EQ | CVD=-242468 vs Ref=-448884 | Close=283.50 vs VAL=278.70
2026-02-05 14:32:40,936 [INFO] 🔍 Scanning for alerts on 9 symbols (5min)...
2026-02-05 14:32:41,119 [INFO]     NSE:LT-EQ | CVD=-128090 vs Ref=-83058 | Close=4057.80 vs VAL=4038.55
2026-02-05 14:32:41,320 [INFO]     NSE:HAL-EQ | CVD=-607133 vs Ref=-906192 | Close=4044.80 vs VAL=3948.00
2026-02-05 14:32:41,507 [INFO]     NSE:BSE-EQ | CVD=-207110 vs Ref=-314646 | Close=2879.40 vs VAL=2847.60
2026-02-05 14:32:41,703 [INFO]     NSE:ANGELONE-EQ | CVD=-107115 vs Ref=-91451 | Close=2637.80 vs VAL=2628.90
2026-02-05 14:32:41,889 [INFO]     NSE:ADANIENT-EQ | CVD=-56501 vs Ref=-58526 | Close=2224.80 vs VAL=2211.70
2026-02-05 14:32:42,089 [INFO]     NSE:BDL-EQ | CVD=-242862 vs Ref=-330233 | Close=1271.60 vs VAL=1251.00
2026-02-05 14:32:42,292 [INFO]     NSE:SONACOMS-EQ | CVD=130805 vs Ref=-62639 | Close=526.15 vs VAL=523.25
2026-02-05 14:32:42,567 [INFO]     NSE:ABCAPITAL-EQ | CVD=416370 vs Ref=-299790 | Close=340.65 vs VAL=335.00
2026-02-05 14:32:42,790 [INFO]     NSE:LTF-EQ | CVD=-242468 vs Ref=-448884 | Close=283.50 vs VAL=278.70
2026-02-05 14:33:42,792 [INFO] 🔍 Scanning for alerts on 9 symbols (5min)...
2026-02-05 14:33:42,978 [INFO]     NSE:LT-EQ | CVD=-128090 vs Ref=-83058 | Close=4057.80 vs VAL=4038.55
2026-02-05 14:33:43,177 [INFO]     NSE:HAL-EQ | CVD=-607133 vs Ref=-906192 | Close=4044.80 vs VAL=3948.00
2026-02-05 14:33:43,370 [INFO]     NSE:BSE-EQ | CVD=-207110 vs Ref=-314646 | Close=2879.40 vs VAL=2847.60
2026-02-05 14:33:43,564 [INFO]     NSE:ANGELONE-EQ | CVD=-107115 vs Ref=-91451 | Close=2637.80 vs VAL=2628.90
2026-02-05 14:33:43,750 [INFO]     NSE:ADANIENT-EQ | CVD=-56501 vs Ref=-58526 | Close=2224.80 vs VAL=2211.70
2026-02-05 14:33:43,943 [INFO]     NSE:BDL-EQ | CVD=-242862 vs Ref=-330233 | Close=1271.60 vs VAL=1251.00
2026-02-05 14:33:44,131 [INFO]     NSE:SONACOMS-EQ | CVD=130805 vs Ref=-62639 | Close=526.15 vs VAL=523.25
2026-02-05 14:33:44,331 [INFO]     NSE:ABCAPITAL-EQ | CVD=416370 vs Ref=-299790 | Close=340.65 vs VAL=335.00
2026-02-05 14:33:44,873 [INFO]     NSE:LTF-EQ | CVD=-242468 vs Ref=-448884 | Close=283.50 vs VAL=278.70
2026-02-05 14:34:44,874 [INFO] 🔍 Scanning for alerts on 9 symbols (5min)...
2026-02-05 14:34:45,052 [INFO]     NSE:LT-EQ | CVD=-128090 vs Ref=-83058 | Close=4057.80 vs VAL=4038.55
2026-02-05 14:34:45,253 [INFO]     NSE:HAL-EQ | CVD=-607133 vs Ref=-906192 | Close=4044.80 vs VAL=3948.00
2026-02-05 14:34:45,453 [INFO]     NSE:BSE-EQ | CVD=-207110 vs Ref=-314646 | Close=2879.40 vs VAL=2847.60
2026-02-05 14:34:45,656 [INFO]     NSE:ANGELONE-EQ | CVD=-107115 vs Ref=-91451 | Close=2637.80 vs VAL=2628.90
2026-02-05 14:34:47,430 [INFO]     NSE:ADANIENT-EQ | CVD=-56501 vs Ref=-58526 | Close=2224.80 vs VAL=2211.70
2026-02-05 14:34:47,625 [INFO]     NSE:BDL-EQ | CVD=-242862 vs Ref=-330233 | Close=1271.60 vs VAL=1251.00
2026-02-05 14:34:47,820 [INFO]     NSE:SONACOMS-EQ | CVD=130805 vs Ref=-62639 | Close=526.15 vs VAL=523.25
2026-02-05 14:34:48,030 [INFO]     NSE:ABCAPITAL-EQ | CVD=416370 vs Ref=-299790 | Close=340.65 vs VAL=335.00
2026-02-05 14:34:48,246 [INFO]     NSE:LTF-EQ | CVD=-242468 vs Ref=-448884 | Close=283.50 vs VAL=278.70
2026-02-05 14:35:48,247 [INFO] 🔍 Scanning for alerts on 9 symbols (5min)...
2026-02-05 14:35:48,449 [INFO]     NSE:LT-EQ | CVD=-128090 vs Ref=-83058 | Close=4057.80 vs VAL=4038.55
2026-02-05 14:35:48,663 [INFO]     NSE:HAL-EQ | CVD=-607133 vs Ref=-906192 | Close=4044.80 vs VAL=3948.00
2026-02-05 14:35:49,488 [INFO]     NSE:BSE-EQ | CVD=-207110 vs Ref=-314646 | Close=2879.40 vs VAL=2847.60
2026-02-05 14:35:49,706 [INFO]     NSE:ANGELONE-EQ | CVD=-107115 vs Ref=-91451 | Close=2637.80 vs VAL=2628.90
2026-02-05 14:35:49,900 [INFO]     NSE:ADANIENT-EQ | CVD=-56501 vs Ref=-58526 | Close=2224.80 vs VAL=2211.70
2026-02-05 14:35:50,120 [INFO]     NSE:BDL-EQ | CVD=-242862 vs Ref=-330233 | Close=1271.60 vs VAL=1251.00
2026-02-05 14:35:50,339 [INFO]     NSE:SONACOMS-EQ | CVD=130805 vs Ref=-62639 | Close=526.15 vs VAL=523.25
2026-02-05 14:35:50,537 [INFO]     NSE:ABCAPITAL-EQ | CVD=416370 vs Ref=-299790 | Close=340.65 vs VAL=335.00
2026-02-05 14:35:50,774 [INFO]     NSE:LTF-EQ | CVD=-242468 vs Ref=-448884 | Close=283.50 vs VAL=278.70
2026-02-05 14:36:50,775 [INFO] 🔍 Scanning for alerts on 9 symbols (5min)...
2026-02-05 14:36:50,963 [INFO]     NSE:LT-EQ | CVD=-125531 vs Ref=-83058 | Close=4061.90 vs VAL=4038.55
2026-02-05 14:36:51,179 [INFO]     NSE:HAL-EQ | CVD=-596517 vs Ref=-906192 | Close=4050.00 vs VAL=3948.00
2026-02-05 14:36:51,381 [INFO]     NSE:BSE-EQ | CVD=-189426 vs Ref=-314646 | Close=2886.00 vs VAL=2847.60
2026-02-05 14:36:53,271 [INFO]     NSE:ANGELONE-EQ | CVD=-89633 vs Ref=-91451 | Close=2648.20 vs VAL=2628.90
2026-02-05 14:36:53,472 [INFO]     NSE:ADANIENT-EQ | CVD=-50988 vs Ref=-58526 | Close=2230.40 vs VAL=2211.70
2026-02-05 14:36:53,679 [INFO]     NSE:BDL-EQ | CVD=-215793 vs Ref=-330233 | Close=1274.90 vs VAL=1251.00
2026-02-05 14:36:53,888 [INFO]     NSE:SONACOMS-EQ | CVD=134296 vs Ref=-62639 | Close=526.55 vs VAL=523.25
2026-02-05 14:36:54,119 [INFO]     NSE:ABCAPITAL-EQ | CVD=452989 vs Ref=-299790 | Close=341.25 vs VAL=335.00
2026-02-05 14:36:54,348 [INFO]     NSE:LTF-EQ | CVD=-253191 vs Ref=-448884 | Close=283.50 vs VAL=278.70
2026-02-05 14:37:54,349 [INFO] 🔍 Scanning for alerts on 9 symbols (5min)...
2026-02-05 14:37:54,547 [INFO]     NSE:LT-EQ | CVD=-125531 vs Ref=-83058 | Close=4061.90 vs VAL=4038.55
2026-02-05 14:37:54,765 [INFO]     NSE:HAL-EQ | CVD=-596517 vs Ref=-906192 | Close=4050.00 vs VAL=3948.00
2026-02-05 14:37:55,028 [INFO]     NSE:BSE-EQ | CVD=-189426 vs Ref=-314646 | Close=2886.00 vs VAL=2847.60
2026-02-05 14:37:55,278 [INFO]     NSE:ANGELONE-EQ | CVD=-89633 vs Ref=-91451 | Close=2648.20 vs VAL=2628.90
2026-02-05 14:37:55,485 [INFO]     NSE:ADANIENT-EQ | CVD=-50988 vs Ref=-58526 | Close=2230.40 vs VAL=2211.70
2026-02-05 14:37:55,693 [INFO]     NSE:BDL-EQ | CVD=-215793 vs Ref=-330233 | Close=1274.90 vs VAL=1251.00
2026-02-05 14:37:55,955 [INFO]     NSE:SONACOMS-EQ | CVD=134296 vs Ref=-62639 | Close=526.55 vs VAL=523.25
2026-02-05 14:37:56,156 [INFO]     NSE:ABCAPITAL-EQ | CVD=452989 vs Ref=-299790 | Close=341.25 vs VAL=335.00
2026-02-05 14:37:56,386 [INFO]     NSE:LTF-EQ | CVD=-253191 vs Ref=-448884 | Close=283.50 vs VAL=278.70
2026-02-05 14:38:56,387 [INFO] 🔍 Scanning for alerts on 9 symbols (5min)...
2026-02-05 14:38:56,589 [INFO]     NSE:LT-EQ | CVD=-125531 vs Ref=-83058 | Close=4061.90 vs VAL=4038.55
2026-02-05 14:38:56,824 [INFO]     NSE:HAL-EQ | CVD=-596517 vs Ref=-906192 | Close=4050.00 vs VAL=3948.00
2026-02-05 14:38:57,019 [INFO]     NSE:BSE-EQ | CVD=-189426 vs Ref=-314646 | Close=2886.00 vs VAL=2847.60
2026-02-05 14:38:57,265 [INFO]     NSE:ANGELONE-EQ | CVD=-89633 vs Ref=-91451 | Close=2648.20 vs VAL=2628.90
2026-02-05 14:38:57,477 [INFO]     NSE:ADANIENT-EQ | CVD=-50988 vs Ref=-58526 | Close=2230.40 vs VAL=2211.70
2026-02-05 14:38:57,674 [INFO]     NSE:BDL-EQ | CVD=-215793 vs Ref=-330233 | Close=1274.90 vs VAL=1251.00
2026-02-05 14:38:57,971 [INFO]     NSE:SONACOMS-EQ | CVD=134296 vs Ref=-62639 | Close=526.55 vs VAL=523.25
2026-02-05 14:38:58,256 [INFO]     NSE:ABCAPITAL-EQ | CVD=452989 vs Ref=-299790 | Close=341.25 vs VAL=335.00
2026-02-05 14:39:00,128 [INFO]     NSE:LTF-EQ | CVD=-253191 vs Ref=-448884 | Close=283.50 vs VAL=278.70
2026-02-05 14:40:00,129 [INFO] 🔍 Scanning for alerts on 9 symbols (5min)...
2026-02-05 14:40:00,401 [INFO]     NSE:LT-EQ | CVD=-125531 vs Ref=-83058 | Close=4061.90 vs VAL=4038.55
2026-02-05 14:40:00,738 [INFO]     NSE:HAL-EQ | CVD=-596517 vs Ref=-906192 | Close=4050.00 vs VAL=3948.00
2026-02-05 14:40:01,114 [INFO]     NSE:BSE-EQ | CVD=-189426 vs Ref=-314646 | Close=2886.00 vs VAL=2847.60
2026-02-05 14:40:01,483 [INFO]     NSE:ANGELONE-EQ | CVD=-89633 vs Ref=-91451 | Close=2648.20 vs VAL=2628.90
2026-02-05 14:40:03,170 [INFO]     NSE:ADANIENT-EQ | CVD=-50988 vs Ref=-58526 | Close=2230.40 vs VAL=2211.70
2026-02-05 14:40:03,558 [INFO]     NSE:BDL-EQ | CVD=-215793 vs Ref=-330233 | Close=1274.90 vs VAL=1251.00
2026-02-05 14:40:03,871 [INFO]     NSE:SONACOMS-EQ | CVD=134296 vs Ref=-62639 | Close=526.55 vs VAL=523.25
2026-02-05 14:40:04,203 [INFO]     NSE:ABCAPITAL-EQ | CVD=452989 vs Ref=-299790 | Close=341.25 vs VAL=335.00
2026-02-05 14:40:04,512 [INFO]     NSE:LTF-EQ | CVD=-253191 vs Ref=-448884 | Close=283.50 vs VAL=278.70
2026-02-05 14:41:04,514 [INFO] 🔍 Scanning for alerts on 9 symbols (5min)...
2026-02-05 14:41:04,801 [INFO]     NSE:LT-EQ | CVD=-125531 vs Ref=-83058 | Close=4061.90 vs VAL=4038.55
2026-02-05 14:41:05,114 [INFO]     NSE:HAL-EQ | CVD=-570442 vs Ref=-906192 | Close=4053.20 vs VAL=3948.00
2026-02-05 14:41:05,537 [INFO]     NSE:BSE-EQ | CVD=-200460 vs Ref=-314646 | Close=2883.80 vs VAL=2847.60
2026-02-05 14:41:05,815 [INFO]     NSE:ANGELONE-EQ | CVD=-87494 vs Ref=-91451 | Close=2646.60 vs VAL=2628.90
2026-02-05 14:41:06,106 [INFO]     NSE:ADANIENT-EQ | CVD=-49450 vs Ref=-58526 | Close=2230.50 vs VAL=2211.70
2026-02-05 14:41:06,433 [INFO]     NSE:BDL-EQ | CVD=-212031 vs Ref=-330233 | Close=1277.00 vs VAL=1251.00
2026-02-05 14:41:06,724 [INFO]     NSE:SONACOMS-EQ | CVD=136876 vs Ref=-62639 | Close=526.45 vs VAL=523.25
2026-02-05 14:41:07,101 [INFO]     NSE:ABCAPITAL-EQ | CVD=480685 vs Ref=-299790 | Close=341.50 vs VAL=335.00
2026-02-05 14:41:07,320 [INFO]     NSE:LTF-EQ | CVD=-287642 vs Ref=-448884 | Close=283.30 vs VAL=278.70
2026-02-05 14:42:07,321 [INFO] 🔍 Scanning for alerts on 9 symbols (5min)...
2026-02-05 14:42:07,544 [INFO]     NSE:LT-EQ | CVD=-100834 vs Ref=-83058 | Close=4065.40 vs VAL=4038.55
2026-02-05 14:42:07,889 [INFO]     NSE:HAL-EQ | CVD=-570442 vs Ref=-906192 | Close=4053.20 vs VAL=3948.00
2026-02-05 14:42:08,160 [INFO]     NSE:BSE-EQ | CVD=-200460 vs Ref=-314646 | Close=2883.80 vs VAL=2847.60
2026-02-05 14:42:08,372 [INFO]     NSE:ANGELONE-EQ | CVD=-87494 vs Ref=-91451 | Close=2646.60 vs VAL=2628.90
2026-02-05 14:42:08,580 [INFO]     NSE:ADANIENT-EQ | CVD=-49450 vs Ref=-58526 | Close=2230.50 vs VAL=2211.70
2026-02-05 14:42:08,818 [INFO]     NSE:BDL-EQ | CVD=-212031 vs Ref=-330233 | Close=1277.00 vs VAL=1251.00
2026-02-05 14:42:09,164 [INFO]     NSE:SONACOMS-EQ | CVD=136876 vs Ref=-62639 | Close=526.45 vs VAL=523.25
2026-02-05 14:42:09,393 [INFO]     NSE:ABCAPITAL-EQ | CVD=480685 vs Ref=-299790 | Close=341.50 vs VAL=335.00
2026-02-05 14:42:09,750 [INFO]     NSE:LTF-EQ | CVD=-287642 vs Ref=-448884 | Close=283.30 vs VAL=278.70
2026-02-05 14:43:09,752 [INFO] 🔍 Scanning for alerts on 9 symbols (5min)...
2026-02-05 14:43:09,947 [INFO]     NSE:LT-EQ | CVD=-100834 vs Ref=-83058 | Close=4065.40 vs VAL=4038.55
2026-02-05 14:43:10,162 [INFO]     NSE:HAL-EQ | CVD=-570442 vs Ref=-906192 | Close=4053.20 vs VAL=3948.00
2026-02-05 14:43:10,394 [INFO]     NSE:BSE-EQ | CVD=-200460 vs Ref=-314646 | Close=2883.80 vs VAL=2847.60
2026-02-05 14:43:10,613 [INFO]     NSE:ANGELONE-EQ | CVD=-87494 vs Ref=-91451 | Close=2646.60 vs VAL=2628.90
2026-02-05 14:43:10,806 [INFO]     NSE:ADANIENT-EQ | CVD=-49450 vs Ref=-58526 | Close=2230.50 vs VAL=2211.70
2026-02-05 14:43:11,057 [INFO]     NSE:BDL-EQ | CVD=-212031 vs Ref=-330233 | Close=1277.00 vs VAL=1251.00
2026-02-05 14:43:11,294 [INFO]     NSE:SONACOMS-EQ | CVD=136876 vs Ref=-62639 | Close=526.45 vs VAL=523.25
2026-02-05 14:43:11,507 [INFO]     NSE:ABCAPITAL-EQ | CVD=480685 vs Ref=-299790 | Close=341.50 vs VAL=335.00
2026-02-05 14:43:11,723 [INFO]     NSE:LTF-EQ | CVD=-287642 vs Ref=-448884 | Close=283.30 vs VAL=278.70
2026-02-05 14:44:11,724 [INFO] 🔍 Scanning for alerts on 9 symbols (5min)...
2026-02-05 14:44:11,921 [INFO]     NSE:LT-EQ | CVD=-100834 vs Ref=-83058 | Close=4065.40 vs VAL=4038.55
2026-02-05 14:44:12,164 [INFO]     NSE:HAL-EQ | CVD=-570442 vs Ref=-906192 | Close=4053.20 vs VAL=3948.00
2026-02-05 14:44:12,425 [INFO]     NSE:BSE-EQ | CVD=-200460 vs Ref=-314646 | Close=2883.80 vs VAL=2847.60
2026-02-05 14:44:12,623 [INFO]     NSE:ANGELONE-EQ | CVD=-87494 vs Ref=-91451 | Close=2646.60 vs VAL=2628.90
2026-02-05 14:44:12,820 [INFO]     NSE:ADANIENT-EQ | CVD=-49450 vs Ref=-58526 | Close=2230.50 vs VAL=2211.70
2026-02-05 14:44:13,047 [INFO]     NSE:BDL-EQ | CVD=-212031 vs Ref=-330233 | Close=1277.00 vs VAL=1251.00
2026-02-05 14:44:13,279 [INFO]     NSE:SONACOMS-EQ | CVD=136876 vs Ref=-62639 | Close=526.45 vs VAL=523.25
2026-02-05 14:44:13,556 [INFO]     NSE:ABCAPITAL-EQ | CVD=480685 vs Ref=-299790 | Close=341.50 vs VAL=335.00
2026-02-05 14:44:13,777 [INFO]     NSE:LTF-EQ | CVD=-287642 vs Ref=-448884 | Close=283.30 vs VAL=278.70
2026-02-05 14:45:13,778 [INFO] 🔍 Scanning for alerts on 9 symbols (5min)...
2026-02-05 14:45:13,971 [INFO]     NSE:LT-EQ | CVD=-100834 vs Ref=-83058 | Close=4065.40 vs VAL=4038.55
2026-02-05 14:45:14,191 [INFO]     NSE:HAL-EQ | CVD=-570442 vs Ref=-906192 | Close=4053.20 vs VAL=3948.00
2026-02-05 14:45:14,382 [INFO]     NSE:BSE-EQ | CVD=-200460 vs Ref=-314646 | Close=2883.80 vs VAL=2847.60
2026-02-05 14:45:14,607 [INFO]     NSE:ANGELONE-EQ | CVD=-87494 vs Ref=-91451 | Close=2646.60 vs VAL=2628.90
2026-02-05 14:45:14,810 [INFO]     NSE:ADANIENT-EQ | CVD=-49450 vs Ref=-58526 | Close=2230.50 vs VAL=2211.70
2026-02-05 14:45:15,032 [INFO]     NSE:BDL-EQ | CVD=-212031 vs Ref=-330233 | Close=1277.00 vs VAL=1251.00
2026-02-05 14:45:15,238 [INFO]     NSE:SONACOMS-EQ | CVD=136876 vs Ref=-62639 | Close=526.45 vs VAL=523.25
2026-02-05 14:45:15,452 [INFO]     NSE:ABCAPITAL-EQ | CVD=480685 vs Ref=-299790 | Close=341.50 vs VAL=335.00
2026-02-05 14:45:15,683 [INFO]     NSE:LTF-EQ | CVD=-287642 vs Ref=-448884 | Close=283.30 vs VAL=278.70
2026-02-05 14:46:15,684 [INFO] 🔍 Scanning for alerts on 9 symbols (5min)...
2026-02-05 14:46:15,895 [INFO]     NSE:LT-EQ | CVD=-108657 vs Ref=-83058 | Close=4065.30 vs VAL=4038.55
2026-02-05 14:46:16,142 [INFO]     NSE:HAL-EQ | CVD=-589975 vs Ref=-906192 | Close=4043.30 vs VAL=3948.00
2026-02-05 14:46:16,353 [INFO]     NSE:BSE-EQ | CVD=-201998 vs Ref=-314646 | Close=2878.80 vs VAL=2847.60
2026-02-05 14:46:16,594 [INFO]     NSE:ANGELONE-EQ | CVD=-89016 vs Ref=-91451 | Close=2648.60 vs VAL=2628.90
2026-02-05 14:46:16,801 [INFO]     NSE:ADANIENT-EQ | CVD=-61378 vs Ref=-58526 | Close=2226.10 vs VAL=2211.70
2026-02-05 14:46:17,020 [INFO]     NSE:BDL-EQ | CVD=-212829 vs Ref=-330233 | Close=1274.70 vs VAL=1251.00
2026-02-05 14:46:17,252 [INFO]     NSE:SONACOMS-EQ | CVD=132882 vs Ref=-62639 | Close=525.55 vs VAL=523.25
2026-02-05 14:46:17,470 [INFO]     NSE:ABCAPITAL-EQ | CVD=524347 vs Ref=-299790 | Close=341.30 vs VAL=335.00
2026-02-05 14:46:17,681 [INFO]     NSE:LTF-EQ | CVD=-319887 vs Ref=-448884 | Close=282.65 vs VAL=278.70
2026-02-05 14:47:17,682 [INFO] 🔍 Scanning for alerts on 9 symbols (5min)...
2026-02-05 14:47:17,868 [INFO]     NSE:LT-EQ | CVD=-108657 vs Ref=-83058 | Close=4065.30 vs VAL=4038.55
2026-02-05 14:47:18,063 [INFO]     NSE:HAL-EQ | CVD=-589975 vs Ref=-906192 | Close=4043.30 vs VAL=3948.00
2026-02-05 14:47:18,279 [INFO]     NSE:BSE-EQ | CVD=-201998 vs Ref=-314646 | Close=2878.80 vs VAL=2847.60
2026-02-05 14:47:18,516 [INFO]     NSE:ANGELONE-EQ | CVD=-89016 vs Ref=-91451 | Close=2648.60 vs VAL=2628.90
2026-02-05 14:47:18,833 [INFO]     NSE:ADANIENT-EQ | CVD=-61378 vs Ref=-58526 | Close=2226.10 vs VAL=2211.70
2026-02-05 14:47:19,053 [INFO]     NSE:BDL-EQ | CVD=-212829 vs Ref=-330233 | Close=1274.70 vs VAL=1251.00
2026-02-05 14:47:19,247 [INFO]     NSE:SONACOMS-EQ | CVD=132882 vs Ref=-62639 | Close=525.55 vs VAL=523.25
2026-02-05 14:47:19,456 [INFO]     NSE:ABCAPITAL-EQ | CVD=524347 vs Ref=-299790 | Close=341.30 vs VAL=335.00
2026-02-05 14:47:19,653 [INFO]     NSE:LTF-EQ | CVD=-319887 vs Ref=-448884 | Close=282.65 vs VAL=278.70
2026-02-05 14:48:19,655 [INFO] 🔍 Scanning for alerts on 9 symbols (5min)...
2026-02-05 14:48:19,833 [INFO]     NSE:LT-EQ | CVD=-108657 vs Ref=-83058 | Close=4065.30 vs VAL=4038.55
2026-02-05 14:48:20,035 [INFO]     NSE:HAL-EQ | CVD=-589975 vs Ref=-906192 | Close=4043.30 vs VAL=3948.00
2026-02-05 14:48:20,233 [INFO]     NSE:BSE-EQ | CVD=-201998 vs Ref=-314646 | Close=2878.80 vs VAL=2847.60
2026-02-05 14:48:20,433 [INFO]     NSE:ANGELONE-EQ | CVD=-89016 vs Ref=-91451 | Close=2648.60 vs VAL=2628.90
2026-02-05 14:48:20,620 [INFO]     NSE:ADANIENT-EQ | CVD=-61378 vs Ref=-58526 | Close=2226.10 vs VAL=2211.70
2026-02-05 14:48:20,824 [INFO]     NSE:BDL-EQ | CVD=-212829 vs Ref=-330233 | Close=1274.70 vs VAL=1251.00
2026-02-05 14:48:21,027 [INFO]     NSE:SONACOMS-EQ | CVD=132882 vs Ref=-62639 | Close=525.55 vs VAL=523.25
2026-02-05 14:48:21,255 [INFO]     NSE:ABCAPITAL-EQ | CVD=524347 vs Ref=-299790 | Close=341.30 vs VAL=335.00
2026-02-05 14:48:21,455 [INFO]     NSE:LTF-EQ | CVD=-319887 vs Ref=-448884 | Close=282.65 vs VAL=278.70
2026-02-05 14:49:21,457 [INFO] 🔍 Scanning for alerts on 9 symbols (5min)...
2026-02-05 14:49:21,645 [INFO]     NSE:LT-EQ | CVD=-108657 vs Ref=-83058 | Close=4065.30 vs VAL=4038.55
2026-02-05 14:49:21,844 [INFO]     NSE:HAL-EQ | CVD=-589975 vs Ref=-906192 | Close=4043.30 vs VAL=3948.00
2026-02-05 14:49:22,036 [INFO]     NSE:BSE-EQ | CVD=-201998 vs Ref=-314646 | Close=2878.80 vs VAL=2847.60
2026-02-05 14:49:22,225 [INFO]     NSE:ANGELONE-EQ | CVD=-89016 vs Ref=-91451 | Close=2648.60 vs VAL=2628.90
2026-02-05 14:49:22,410 [INFO]     NSE:ADANIENT-EQ | CVD=-61378 vs Ref=-58526 | Close=2226.10 vs VAL=2211.70
2026-02-05 14:49:22,604 [INFO]     NSE:BDL-EQ | CVD=-212829 vs Ref=-330233 | Close=1274.70 vs VAL=1251.00
2026-02-05 14:49:22,793 [INFO]     NSE:SONACOMS-EQ | CVD=132882 vs Ref=-62639 | Close=525.55 vs VAL=523.25
2026-02-05 14:49:22,983 [INFO]     NSE:ABCAPITAL-EQ | CVD=524347 vs Ref=-299790 | Close=341.30 vs VAL=335.00
2026-02-05 14:49:23,177 [INFO]     NSE:LTF-EQ | CVD=-319887 vs Ref=-448884 | Close=282.65 vs VAL=278.70
2026-02-05 14:50:23,178 [INFO] 🔍 Scanning for alerts on 9 symbols (5min)...
2026-02-05 14:50:23,363 [INFO]     NSE:LT-EQ | CVD=-108657 vs Ref=-83058 | Close=4065.30 vs VAL=4038.55
2026-02-05 14:50:23,579 [INFO]     NSE:HAL-EQ | CVD=-589975 vs Ref=-906192 | Close=4043.30 vs VAL=3948.00
2026-02-05 14:50:23,774 [INFO]     NSE:BSE-EQ | CVD=-201998 vs Ref=-314646 | Close=2878.80 vs VAL=2847.60
2026-02-05 14:50:23,970 [INFO]     NSE:ANGELONE-EQ | CVD=-89016 vs Ref=-91451 | Close=2648.60 vs VAL=2628.90
2026-02-05 14:50:24,166 [INFO]     NSE:ADANIENT-EQ | CVD=-61378 vs Ref=-58526 | Close=2226.10 vs VAL=2211.70
2026-02-05 14:50:24,368 [INFO]     NSE:BDL-EQ | CVD=-212829 vs Ref=-330233 | Close=1274.70 vs VAL=1251.00
2026-02-05 14:50:24,577 [INFO]     NSE:SONACOMS-EQ | CVD=132882 vs Ref=-62639 | Close=525.55 vs VAL=523.25
2026-02-05 14:50:24,780 [INFO]     NSE:ABCAPITAL-EQ | CVD=524347 vs Ref=-299790 | Close=341.30 vs VAL=335.00
2026-02-05 14:50:24,989 [INFO]     NSE:LTF-EQ | CVD=-319887 vs Ref=-448884 | Close=282.65 vs VAL=278.70
2026-02-05 14:51:24,990 [INFO] 🔍 Scanning for alerts on 9 symbols (5min)...
2026-02-05 14:51:25,170 [INFO]     NSE:LT-EQ | CVD=-102603 vs Ref=-83058 | Close=4067.40 vs VAL=4038.55
2026-02-05 14:51:25,372 [INFO]     NSE:HAL-EQ | CVD=-584178 vs Ref=-906192 | Close=4042.40 vs VAL=3948.00
2026-02-05 14:51:25,563 [INFO]     NSE:BSE-EQ | CVD=-207166 vs Ref=-314646 | Close=2881.30 vs VAL=2847.60
2026-02-05 14:51:25,758 [INFO]     NSE:ANGELONE-EQ | CVD=-90653 vs Ref=-91451 | Close=2647.30 vs VAL=2628.90
2026-02-05 14:51:25,943 [INFO]     NSE:ADANIENT-EQ | CVD=-60457 vs Ref=-58526 | Close=2227.80 vs VAL=2211.70
2026-02-05 14:51:26,134 [INFO]     NSE:BDL-EQ | CVD=-208321 vs Ref=-330233 | Close=1274.00 vs VAL=1251.00
2026-02-05 14:51:26,331 [INFO]     NSE:SONACOMS-EQ | CVD=140114 vs Ref=-62639 | Close=525.55 vs VAL=523.25
2026-02-05 14:51:26,528 [INFO]     NSE:ABCAPITAL-EQ | CVD=917366 vs Ref=-299790 | Close=343.05 vs VAL=335.00
2026-02-05 14:51:26,725 [INFO]     NSE:LTF-EQ | CVD=-326251 vs Ref=-448884 | Close=282.80 vs VAL=278.70
2026-02-05 14:52:26,727 [INFO] 🔍 Scanning for alerts on 9 symbols (5min)...
2026-02-05 14:52:26,906 [INFO]     NSE:LT-EQ | CVD=-102603 vs Ref=-83058 | Close=4067.40 vs VAL=4038.55
2026-02-05 14:52:27,098 [INFO]     NSE:HAL-EQ | CVD=-584178 vs Ref=-906192 | Close=4042.40 vs VAL=3948.00
2026-02-05 14:52:27,290 [INFO]     NSE:BSE-EQ | CVD=-207166 vs Ref=-314646 | Close=2881.30 vs VAL=2847.60
2026-02-05 14:52:27,485 [INFO]     NSE:ANGELONE-EQ | CVD=-90653 vs Ref=-91451 | Close=2647.30 vs VAL=2628.90
2026-02-05 14:52:27,662 [INFO]     NSE:ADANIENT-EQ | CVD=-60457 vs Ref=-58526 | Close=2227.80 vs VAL=2211.70
2026-02-05 14:52:27,857 [INFO]     NSE:BDL-EQ | CVD=-208321 vs Ref=-330233 | Close=1274.00 vs VAL=1251.00
2026-02-05 14:52:28,046 [INFO]     NSE:SONACOMS-EQ | CVD=140114 vs Ref=-62639 | Close=525.55 vs VAL=523.25
2026-02-05 14:52:28,244 [INFO]     NSE:ABCAPITAL-EQ | CVD=917366 vs Ref=-299790 | Close=343.05 vs VAL=335.00
2026-02-05 14:52:28,441 [INFO]     NSE:LTF-EQ | CVD=-326251 vs Ref=-448884 | Close=282.80 vs VAL=278.70
2026-02-05 14:53:28,443 [INFO] 🔍 Scanning for alerts on 9 symbols (5min)...
2026-02-05 14:53:28,625 [INFO]     NSE:LT-EQ | CVD=-102603 vs Ref=-83058 | Close=4067.40 vs VAL=4038.55
2026-02-05 14:53:28,822 [INFO]     NSE:HAL-EQ | CVD=-584178 vs Ref=-906192 | Close=4042.40 vs VAL=3948.00
2026-02-05 14:53:29,008 [INFO]     NSE:BSE-EQ | CVD=-207166 vs Ref=-314646 | Close=2881.30 vs VAL=2847.60
2026-02-05 14:53:29,194 [INFO]     NSE:ANGELONE-EQ | CVD=-90653 vs Ref=-91451 | Close=2647.30 vs VAL=2628.90
2026-02-05 14:53:29,378 [INFO]     NSE:ADANIENT-EQ | CVD=-60457 vs Ref=-58526 | Close=2227.80 vs VAL=2211.70
2026-02-05 14:53:29,565 [INFO]     NSE:BDL-EQ | CVD=-208321 vs Ref=-330233 | Close=1274.00 vs VAL=1251.00
2026-02-05 14:53:29,752 [INFO]     NSE:SONACOMS-EQ | CVD=140114 vs Ref=-62639 | Close=525.55 vs VAL=523.25
2026-02-05 14:53:29,937 [INFO]     NSE:ABCAPITAL-EQ | CVD=917366 vs Ref=-299790 | Close=343.05 vs VAL=335.00
2026-02-05 14:53:30,132 [INFO]     NSE:LTF-EQ | CVD=-326251 vs Ref=-448884 | Close=282.80 vs VAL=278.70
2026-02-05 14:54:30,133 [INFO] 🔍 Scanning for alerts on 9 symbols (5min)...
2026-02-05 14:54:30,315 [INFO]     NSE:LT-EQ | CVD=-102603 vs Ref=-83058 | Close=4067.40 vs VAL=4038.55
2026-02-05 14:54:30,574 [INFO]     NSE:HAL-EQ | CVD=-584178 vs Ref=-906192 | Close=4042.40 vs VAL=3948.00
2026-02-05 14:54:30,854 [INFO]     NSE:BSE-EQ | CVD=-207166 vs Ref=-314646 | Close=2881.30 vs VAL=2847.60
2026-02-05 14:54:31,058 [INFO]     NSE:ANGELONE-EQ | CVD=-90653 vs Ref=-91451 | Close=2647.30 vs VAL=2628.90
2026-02-05 14:54:31,260 [INFO]     NSE:ADANIENT-EQ | CVD=-60457 vs Ref=-58526 | Close=2227.80 vs VAL=2211.70
2026-02-05 14:54:31,453 [INFO]     NSE:BDL-EQ | CVD=-208321 vs Ref=-330233 | Close=1274.00 vs VAL=1251.00
2026-02-05 14:54:31,647 [INFO]     NSE:SONACOMS-EQ | CVD=140114 vs Ref=-62639 | Close=525.55 vs VAL=523.25
2026-02-05 14:54:31,841 [INFO]     NSE:ABCAPITAL-EQ | CVD=917366 vs Ref=-299790 | Close=343.05 vs VAL=335.00
2026-02-05 14:54:32,042 [INFO]     NSE:LTF-EQ | CVD=-326251 vs Ref=-448884 | Close=282.80 vs VAL=278.70
2026-02-05 14:55:32,042 [INFO] 🔍 Scanning for alerts on 9 symbols (5min)...
2026-02-05 14:55:32,233 [INFO]     NSE:LT-EQ | CVD=-102603 vs Ref=-83058 | Close=4067.40 vs VAL=4038.55
2026-02-05 14:55:32,422 [INFO]     NSE:HAL-EQ | CVD=-584178 vs Ref=-906192 | Close=4042.40 vs VAL=3948.00
2026-02-05 14:55:32,607 [INFO]     NSE:BSE-EQ | CVD=-207166 vs Ref=-314646 | Close=2881.30 vs VAL=2847.60
2026-02-05 14:55:32,793 [INFO]     NSE:ANGELONE-EQ | CVD=-90653 vs Ref=-91451 | Close=2647.30 vs VAL=2628.90
2026-02-05 14:55:32,970 [INFO]     NSE:ADANIENT-EQ | CVD=-60457 vs Ref=-58526 | Close=2227.80 vs VAL=2211.70
2026-02-05 14:55:33,158 [INFO]     NSE:BDL-EQ | CVD=-208321 vs Ref=-330233 | Close=1274.00 vs VAL=1251.00
2026-02-05 14:55:33,356 [INFO]     NSE:SONACOMS-EQ | CVD=140114 vs Ref=-62639 | Close=525.55 vs VAL=523.25
2026-02-05 14:55:33,539 [INFO]     NSE:ABCAPITAL-EQ | CVD=917366 vs Ref=-299790 | Close=343.05 vs VAL=335.00
2026-02-05 14:55:33,735 [INFO]     NSE:LTF-EQ | CVD=-326251 vs Ref=-448884 | Close=282.80 vs VAL=278.70
2026-02-05 14:56:33,736 [INFO] 🔍 Scanning for alerts on 9 symbols (5min)...
2026-02-05 14:56:33,913 [INFO]     NSE:LT-EQ | CVD=-125090 vs Ref=-83058 | Close=4065.30 vs VAL=4038.55
2026-02-05 14:56:34,108 [INFO]     NSE:HAL-EQ | CVD=-560337 vs Ref=-906192 | Close=4047.00 vs VAL=3948.00
2026-02-05 14:56:34,289 [INFO]     NSE:BSE-EQ | CVD=-205040 vs Ref=-314646 | Close=2883.70 vs VAL=2847.60
2026-02-05 14:56:34,482 [INFO]     NSE:ANGELONE-EQ | CVD=-97088 vs Ref=-91451 | Close=2645.00 vs VAL=2628.90
2026-02-05 14:56:34,659 [INFO]     NSE:ADANIENT-EQ | CVD=-57685 vs Ref=-58526 | Close=2230.40 vs VAL=2211.70
2026-02-05 14:56:34,861 [INFO]     NSE:BDL-EQ | CVD=-184216 vs Ref=-330233 | Close=1277.50 vs VAL=1251.00
2026-02-05 14:56:35,048 [INFO]     NSE:SONACOMS-EQ | CVD=156697 vs Ref=-62639 | Close=526.50 vs VAL=523.25
2026-02-05 14:56:35,236 [INFO]     NSE:ABCAPITAL-EQ | CVD=1165004 vs Ref=-299790 | Close=345.00 vs VAL=335.00
2026-02-05 14:56:35,442 [INFO]     NSE:LTF-EQ | CVD=-275466 vs Ref=-448884 | Close=283.00 vs VAL=278.70
2026-02-05 14:57:35,443 [INFO] 🔍 Scanning for alerts on 9 symbols (5min)...
2026-02-05 14:57:35,637 [INFO]     NSE:LT-EQ | CVD=-125090 vs Ref=-83058 | Close=4065.30 vs VAL=4038.55
2026-02-05 14:57:35,844 [INFO]     NSE:HAL-EQ | CVD=-560337 vs Ref=-906192 | Close=4047.00 vs VAL=3948.00
2026-02-05 14:57:36,036 [INFO]     NSE:BSE-EQ | CVD=-205040 vs Ref=-314646 | Close=2883.70 vs VAL=2847.60
2026-02-05 14:57:36,230 [INFO]     NSE:ANGELONE-EQ | CVD=-97088 vs Ref=-91451 | Close=2645.00 vs VAL=2628.90
2026-02-05 14:57:36,415 [INFO]     NSE:ADANIENT-EQ | CVD=-57685 vs Ref=-58526 | Close=2230.40 vs VAL=2211.70
2026-02-05 14:57:36,602 [INFO]     NSE:BDL-EQ | CVD=-184216 vs Ref=-330233 | Close=1277.50 vs VAL=1251.00
2026-02-05 14:57:36,803 [INFO]     NSE:SONACOMS-EQ | CVD=156697 vs Ref=-62639 | Close=526.50 vs VAL=523.25
2026-02-05 14:57:36,992 [INFO]     NSE:ABCAPITAL-EQ | CVD=1165004 vs Ref=-299790 | Close=345.00 vs VAL=335.00
2026-02-05 14:57:37,196 [INFO]     NSE:LTF-EQ | CVD=-275466 vs Ref=-448884 | Close=283.00 vs VAL=278.70
2026-02-05 14:58:37,197 [INFO] 🔍 Scanning for alerts on 9 symbols (5min)...
2026-02-05 14:58:37,401 [INFO]     NSE:LT-EQ | CVD=-125090 vs Ref=-83058 | Close=4065.30 vs VAL=4038.55
2026-02-05 14:58:37,676 [INFO]     NSE:HAL-EQ | CVD=-560337 vs Ref=-906192 | Close=4047.00 vs VAL=3948.00
2026-02-05 14:58:37,879 [INFO]     NSE:BSE-EQ | CVD=-205040 vs Ref=-314646 | Close=2883.70 vs VAL=2847.60
2026-02-05 14:58:38,080 [INFO]     NSE:ANGELONE-EQ | CVD=-97088 vs Ref=-91451 | Close=2645.00 vs VAL=2628.90
2026-02-05 14:58:38,264 [INFO]     NSE:ADANIENT-EQ | CVD=-57685 vs Ref=-58526 | Close=2230.40 vs VAL=2211.70
2026-02-05 14:58:38,464 [INFO]     NSE:BDL-EQ | CVD=-184216 vs Ref=-330233 | Close=1277.50 vs VAL=1251.00
2026-02-05 14:58:38,661 [INFO]     NSE:SONACOMS-EQ | CVD=156697 vs Ref=-62639 | Close=526.50 vs VAL=523.25
2026-02-05 14:58:38,853 [INFO]     NSE:ABCAPITAL-EQ | CVD=1165004 vs Ref=-299790 | Close=345.00 vs VAL=335.00
2026-02-05 14:58:39,052 [INFO]     NSE:LTF-EQ | CVD=-275466 vs Ref=-448884 | Close=283.00 vs VAL=278.70
2026-02-05 14:59:39,054 [INFO] 🔍 Scanning for alerts on 9 symbols (5min)...
2026-02-05 14:59:39,247 [INFO]     NSE:LT-EQ | CVD=-125090 vs Ref=-83058 | Close=4065.30 vs VAL=4038.55
2026-02-05 14:59:39,440 [INFO]     NSE:HAL-EQ | CVD=-560337 vs Ref=-906192 | Close=4047.00 vs VAL=3948.00
2026-02-05 14:59:39,648 [INFO]     NSE:BSE-EQ | CVD=-205040 vs Ref=-314646 | Close=2883.70 vs VAL=2847.60
2026-02-05 14:59:39,879 [INFO]     NSE:ANGELONE-EQ | CVD=-97088 vs Ref=-91451 | Close=2645.00 vs VAL=2628.90
2026-02-05 14:59:40,075 [INFO]     NSE:ADANIENT-EQ | CVD=-57685 vs Ref=-58526 | Close=2230.40 vs VAL=2211.70
2026-02-05 14:59:40,271 [INFO]     NSE:BDL-EQ | CVD=-184216 vs Ref=-330233 | Close=1277.50 vs VAL=1251.00
2026-02-05 14:59:40,458 [INFO]     NSE:SONACOMS-EQ | CVD=156697 vs Ref=-62639 | Close=526.50 vs VAL=523.25
2026-02-05 14:59:40,667 [INFO]     NSE:ABCAPITAL-EQ | CVD=1165004 vs Ref=-299790 | Close=345.00 vs VAL=335.00
2026-02-05 14:59:40,866 [INFO]     NSE:LTF-EQ | CVD=-275466 vs Ref=-448884 | Close=283.00 vs VAL=278.70
2026-02-05 15:00:40,867 [INFO] 🔍 Scanning for alerts on 9 symbols (5min)...
2026-02-05 15:00:41,055 [INFO]     NSE:LT-EQ | CVD=-125090 vs Ref=-83058 | Close=4065.30 vs VAL=4038.55
2026-02-05 15:00:41,328 [INFO]     NSE:HAL-EQ | CVD=-560337 vs Ref=-906192 | Close=4047.00 vs VAL=3948.00
2026-02-05 15:00:41,508 [INFO]     NSE:BSE-EQ | CVD=-205040 vs Ref=-314646 | Close=2883.70 vs VAL=2847.60
2026-02-05 15:00:41,692 [INFO]     NSE:ANGELONE-EQ | CVD=-97088 vs Ref=-91451 | Close=2645.00 vs VAL=2628.90
2026-02-05 15:00:41,870 [INFO]     NSE:ADANIENT-EQ | CVD=-57685 vs Ref=-58526 | Close=2230.40 vs VAL=2211.70
2026-02-05 15:00:42,081 [INFO]     NSE:BDL-EQ | CVD=-184216 vs Ref=-330233 | Close=1277.50 vs VAL=1251.00
2026-02-05 15:00:43,947 [INFO]     NSE:SONACOMS-EQ | CVD=156697 vs Ref=-62639 | Close=526.50 vs VAL=523.25
2026-02-05 15:00:44,131 [INFO]     NSE:ABCAPITAL-EQ | CVD=1165004 vs Ref=-299790 | Close=345.00 vs VAL=335.00
2026-02-05 15:00:44,321 [INFO]     NSE:LTF-EQ | CVD=-275466 vs Ref=-448884 | Close=283.00 vs VAL=278.70
2026-02-05 15:01:44,323 [INFO] 🔍 Scanning for alerts on 9 symbols (5min)...
2026-02-05 15:01:44,540 [INFO]     NSE:LT-EQ | CVD=-121635 vs Ref=-83058 | Close=4066.90 vs VAL=4038.55
2026-02-05 15:01:44,784 [INFO]     NSE:HAL-EQ | CVD=-543527 vs Ref=-906192 | Close=4049.80 vs VAL=3948.00
2026-02-05 15:01:45,023 [INFO]     NSE:BSE-EQ | CVD=-166256 vs Ref=-314646 | Close=2891.60 vs VAL=2847.60
2026-02-05 15:01:45,379 [INFO]     NSE:ANGELONE-EQ | CVD=-133321 vs Ref=-91451 | Close=2648.80 vs VAL=2628.90
2026-02-05 15:01:45,566 [INFO]     NSE:ADANIENT-EQ | CVD=-52422 vs Ref=-58526 | Close=2235.10 vs VAL=2211.70
2026-02-05 15:01:45,763 [INFO]     NSE:BDL-EQ | CVD=-187116 vs Ref=-330233 | Close=1278.40 vs VAL=1251.00
2026-02-05 15:01:45,956 [INFO]     NSE:SONACOMS-EQ | CVD=153720 vs Ref=-62639 | Close=526.95 vs VAL=523.25
2026-02-05 15:01:46,147 [INFO]     NSE:ABCAPITAL-EQ | CVD=1237607 vs Ref=-299790 | Close=344.50 vs VAL=335.00
2026-02-05 15:01:46,343 [INFO]     NSE:LTF-EQ | CVD=-365973 vs Ref=-448884 | Close=283.40 vs VAL=278.70
2026-02-05 15:02:46,344 [INFO] 🔍 Scanning for alerts on 9 symbols (5min)...
2026-02-05 15:02:46,527 [INFO]     NSE:LT-EQ | CVD=-121635 vs Ref=-83058 | Close=4066.90 vs VAL=4038.55
2026-02-05 15:02:46,719 [INFO]     NSE:HAL-EQ | CVD=-543527 vs Ref=-906192 | Close=4049.80 vs VAL=3948.00
2026-02-05 15:02:46,915 [INFO]     NSE:BSE-EQ | CVD=-166256 vs Ref=-314646 | Close=2891.60 vs VAL=2847.60
2026-02-05 15:02:47,097 [INFO]     NSE:ANGELONE-EQ | CVD=-133321 vs Ref=-91451 | Close=2648.80 vs VAL=2628.90
2026-02-05 15:02:47,282 [INFO]     NSE:ADANIENT-EQ | CVD=-52422 vs Ref=-58526 | Close=2235.10 vs VAL=2211.70
2026-02-05 15:02:47,478 [INFO]     NSE:BDL-EQ | CVD=-187116 vs Ref=-330233 | Close=1278.40 vs VAL=1251.00
2026-02-05 15:02:47,695 [INFO]     NSE:SONACOMS-EQ | CVD=153720 vs Ref=-62639 | Close=526.95 vs VAL=523.25
2026-02-05 15:02:47,918 [INFO]     NSE:ABCAPITAL-EQ | CVD=1237607 vs Ref=-299790 | Close=344.50 vs VAL=335.00
2026-02-05 15:02:48,171 [INFO]     NSE:LTF-EQ | CVD=-365973 vs Ref=-448884 | Close=283.40 vs VAL=278.70
2026-02-05 15:03:48,172 [INFO] 🔍 Scanning for alerts on 9 symbols (5min)...
2026-02-05 15:03:48,359 [INFO]     NSE:LT-EQ | CVD=-121635 vs Ref=-83058 | Close=4066.90 vs VAL=4038.55
2026-02-05 15:03:48,552 [INFO]     NSE:HAL-EQ | CVD=-543527 vs Ref=-906192 | Close=4049.80 vs VAL=3948.00
2026-02-05 15:03:48,752 [INFO]     NSE:BSE-EQ | CVD=-166256 vs Ref=-314646 | Close=2891.60 vs VAL=2847.60
2026-02-05 15:03:48,953 [INFO]     NSE:ANGELONE-EQ | CVD=-133321 vs Ref=-91451 | Close=2648.80 vs VAL=2628.90
2026-02-05 15:03:49,133 [INFO]     NSE:ADANIENT-EQ | CVD=-52422 vs Ref=-58526 | Close=2235.10 vs VAL=2211.70
2026-02-05 15:03:49,328 [INFO]     NSE:BDL-EQ | CVD=-187116 vs Ref=-330233 | Close=1278.40 vs VAL=1251.00
2026-02-05 15:03:49,546 [INFO]     NSE:SONACOMS-EQ | CVD=153720 vs Ref=-62639 | Close=526.95 vs VAL=523.25
2026-02-05 15:03:49,732 [INFO]     NSE:ABCAPITAL-EQ | CVD=1237607 vs Ref=-299790 | Close=344.50 vs VAL=335.00
2026-02-05 15:03:49,928 [INFO]     NSE:LTF-EQ | CVD=-365973 vs Ref=-448884 | Close=283.40 vs VAL=278.70
2026-02-05 15:04:49,930 [INFO] 🔍 Scanning for alerts on 9 symbols (5min)...
2026-02-05 15:04:50,112 [INFO]     NSE:LT-EQ | CVD=-121635 vs Ref=-83058 | Close=4066.90 vs VAL=4038.55
2026-02-05 15:04:50,319 [INFO]     NSE:HAL-EQ | CVD=-543527 vs Ref=-906192 | Close=4049.80 vs VAL=3948.00
2026-02-05 15:04:50,511 [INFO]     NSE:BSE-EQ | CVD=-166256 vs Ref=-314646 | Close=2891.60 vs VAL=2847.60
2026-02-05 15:04:50,714 [INFO]     NSE:ANGELONE-EQ | CVD=-133321 vs Ref=-91451 | Close=2648.80 vs VAL=2628.90
2026-02-05 15:04:50,911 [INFO]     NSE:ADANIENT-EQ | CVD=-52422 vs Ref=-58526 | Close=2235.10 vs VAL=2211.70
2026-02-05 15:04:51,111 [INFO]     NSE:BDL-EQ | CVD=-187116 vs Ref=-330233 | Close=1278.40 vs VAL=1251.00
2026-02-05 15:04:51,323 [INFO]     NSE:SONACOMS-EQ | CVD=153720 vs Ref=-62639 | Close=526.95 vs VAL=523.25
2026-02-05 15:04:51,671 [INFO]     NSE:ABCAPITAL-EQ | CVD=1237607 vs Ref=-299790 | Close=344.50 vs VAL=335.00
2026-02-05 15:04:51,953 [INFO]     NSE:LTF-EQ | CVD=-365973 vs Ref=-448884 | Close=283.40 vs VAL=278.70
2026-02-05 15:05:51,955 [INFO] 🔍 Scanning for alerts on 9 symbols (5min)...
2026-02-05 15:05:52,140 [INFO]     NSE:LT-EQ | CVD=-121635 vs Ref=-83058 | Close=4066.90 vs VAL=4038.55
2026-02-05 15:05:52,340 [INFO]     NSE:HAL-EQ | CVD=-543527 vs Ref=-906192 | Close=4049.80 vs VAL=3948.00
2026-02-05 15:05:52,549 [INFO]     NSE:BSE-EQ | CVD=-166256 vs Ref=-314646 | Close=2891.60 vs VAL=2847.60
2026-02-05 15:05:52,762 [INFO]     NSE:ANGELONE-EQ | CVD=-133321 vs Ref=-91451 | Close=2648.80 vs VAL=2628.90
2026-02-05 15:05:52,962 [INFO]     NSE:ADANIENT-EQ | CVD=-52422 vs Ref=-58526 | Close=2235.10 vs VAL=2211.70
2026-02-05 15:05:53,185 [INFO]     NSE:BDL-EQ | CVD=-187116 vs Ref=-330233 | Close=1278.40 vs VAL=1251.00
2026-02-05 15:05:53,385 [INFO]     NSE:SONACOMS-EQ | CVD=153720 vs Ref=-62639 | Close=526.95 vs VAL=523.25
2026-02-05 15:05:53,591 [INFO]     NSE:ABCAPITAL-EQ | CVD=1237607 vs Ref=-299790 | Close=344.50 vs VAL=335.00
2026-02-05 15:05:53,804 [INFO]     NSE:LTF-EQ | CVD=-365973 vs Ref=-448884 | Close=283.40 vs VAL=278.70
2026-02-05 15:06:53,805 [INFO] 🔍 Scanning for alerts on 9 symbols (5min)...
2026-02-05 15:06:53,998 [INFO]     NSE:LT-EQ | CVD=-101927 vs Ref=-83058 | Close=4070.10 vs VAL=4038.55
2026-02-05 15:06:55,953 [INFO]     NSE:HAL-EQ | CVD=-527873 vs Ref=-906192 | Close=4048.00 vs VAL=3948.00
2026-02-05 15:06:56,139 [INFO]     NSE:BSE-EQ | CVD=-97114 vs Ref=-314646 | Close=2898.80 vs VAL=2847.60
2026-02-05 15:06:56,332 [INFO]     NSE:ANGELONE-EQ | CVD=-137548 vs Ref=-91451 | Close=2649.90 vs VAL=2628.90
2026-02-05 15:06:56,512 [INFO]     NSE:ADANIENT-EQ | CVD=-48636 vs Ref=-58526 | Close=2235.80 vs VAL=2211.70
2026-02-05 15:06:56,704 [INFO]     NSE:BDL-EQ | CVD=-197533 vs Ref=-330233 | Close=1276.00 vs VAL=1251.00
2026-02-05 15:06:56,897 [INFO]     NSE:SONACOMS-EQ | CVD=163798 vs Ref=-62639 | Close=526.65 vs VAL=523.25
2026-02-05 15:06:57,099 [INFO]     NSE:ABCAPITAL-EQ | CVD=1296325 vs Ref=-299790 | Close=344.90 vs VAL=335.00
2026-02-05 15:06:57,290 [INFO]     NSE:LTF-EQ | CVD=-263204 vs Ref=-448884 | Close=283.85 vs VAL=278.70
2026-02-05 15:07:57,291 [INFO] 🔍 Scanning for alerts on 9 symbols (5min)...
2026-02-05 15:07:57,472 [INFO]     NSE:LT-EQ | CVD=-101927 vs Ref=-83058 | Close=4070.10 vs VAL=4038.55
2026-02-05 15:07:57,680 [INFO]     NSE:HAL-EQ | CVD=-527873 vs Ref=-906192 | Close=4048.00 vs VAL=3948.00
2026-02-05 15:07:57,862 [INFO]     NSE:BSE-EQ | CVD=-97114 vs Ref=-314646 | Close=2898.80 vs VAL=2847.60
2026-02-05 15:07:58,049 [INFO]     NSE:ANGELONE-EQ | CVD=-137548 vs Ref=-91451 | Close=2649.90 vs VAL=2628.90
2026-02-05 15:08:00,044 [INFO]     NSE:ADANIENT-EQ | CVD=-48636 vs Ref=-58526 | Close=2235.80 vs VAL=2211.70
2026-02-05 15:08:00,230 [INFO]     NSE:BDL-EQ | CVD=-197533 vs Ref=-330233 | Close=1276.00 vs VAL=1251.00
2026-02-05 15:08:00,426 [INFO]     NSE:SONACOMS-EQ | CVD=163798 vs Ref=-62639 | Close=526.65 vs VAL=523.25
2026-02-05 15:08:00,613 [INFO]     NSE:ABCAPITAL-EQ | CVD=1296325 vs Ref=-299790 | Close=344.90 vs VAL=335.00
2026-02-05 15:08:00,821 [INFO]     NSE:LTF-EQ | CVD=-263204 vs Ref=-448884 | Close=283.85 vs VAL=278.70
2026-02-05 15:09:00,822 [INFO] 🔍 Scanning for alerts on 9 symbols (5min)...
2026-02-05 15:09:01,015 [INFO]     NSE:LT-EQ | CVD=-101927 vs Ref=-83058 | Close=4070.10 vs VAL=4038.55
2026-02-05 15:09:01,375 [INFO]     NSE:HAL-EQ | CVD=-527873 vs Ref=-906192 | Close=4048.00 vs VAL=3948.00
2026-02-05 15:09:03,186 [INFO]     NSE:BSE-EQ | CVD=-97114 vs Ref=-314646 | Close=2898.80 vs VAL=2847.60
2026-02-05 15:09:03,537 [INFO]     NSE:ANGELONE-EQ | CVD=-137548 vs Ref=-91451 | Close=2649.90 vs VAL=2628.90
2026-02-05 15:09:04,188 [INFO]     NSE:ADANIENT-EQ | CVD=-48636 vs Ref=-58526 | Close=2235.80 vs VAL=2211.70
2026-02-05 15:09:04,636 [INFO]     NSE:BDL-EQ | CVD=-197533 vs Ref=-330233 | Close=1276.00 vs VAL=1251.00
2026-02-05 15:09:04,919 [INFO]     NSE:SONACOMS-EQ | CVD=163798 vs Ref=-62639 | Close=526.65 vs VAL=523.25
2026-02-05 15:09:05,252 [INFO]     NSE:ABCAPITAL-EQ | CVD=1296325 vs Ref=-299790 | Close=344.90 vs VAL=335.00
2026-02-05 15:09:05,713 [INFO]     NSE:LTF-EQ | CVD=-263204 vs Ref=-448884 | Close=283.85 vs VAL=278.70
2026-02-05 15:10:05,715 [INFO] 🔍 Scanning for alerts on 9 symbols (5min)...
2026-02-05 15:10:06,061 [INFO]     NSE:LT-EQ | CVD=-101927 vs Ref=-83058 | Close=4070.10 vs VAL=4038.55
2026-02-05 15:10:06,428 [INFO]     NSE:HAL-EQ | CVD=-527873 vs Ref=-906192 | Close=4048.00 vs VAL=3948.00
2026-02-05 15:10:06,803 [INFO]     NSE:BSE-EQ | CVD=-97114 vs Ref=-314646 | Close=2898.80 vs VAL=2847.60
2026-02-05 15:10:07,269 [INFO]     NSE:ANGELONE-EQ | CVD=-137548 vs Ref=-91451 | Close=2649.90 vs VAL=2628.90
2026-02-05 15:10:07,627 [INFO]     NSE:ADANIENT-EQ | CVD=-48636 vs Ref=-58526 | Close=2235.80 vs VAL=2211.70
2026-02-05 15:10:07,982 [INFO]     NSE:BDL-EQ | CVD=-197533 vs Ref=-330233 | Close=1276.00 vs VAL=1251.00
2026-02-05 15:10:08,991 [INFO]     NSE:SONACOMS-EQ | CVD=163798 vs Ref=-62639 | Close=526.65 vs VAL=523.25
2026-02-05 15:10:09,678 [INFO]     NSE:ABCAPITAL-EQ | CVD=1296325 vs Ref=-299790 | Close=344.90 vs VAL=335.00
2026-02-05 15:10:10,833 [INFO]     NSE:LTF-EQ | CVD=-263204 vs Ref=-448884 | Close=283.85 vs VAL=278.70
2026-02-05 15:11:10,836 [INFO] 🔍 Scanning for alerts on 9 symbols (5min)...
2026-02-05 15:11:11,204 [INFO]     NSE:LT-EQ | CVD=-120371 vs Ref=-83058 | Close=4066.70 vs VAL=4038.55
2026-02-05 15:11:11,574 [INFO]     NSE:HAL-EQ | CVD=-519374 vs Ref=-906192 | Close=4042.50 vs VAL=3948.00
2026-02-05 15:11:11,894 [INFO]     NSE:BSE-EQ | CVD=-160474 vs Ref=-314646 | Close=2892.00 vs VAL=2847.60
2026-02-05 15:11:12,239 [INFO]     NSE:ANGELONE-EQ | CVD=-147771 vs Ref=-91451 | Close=2646.00 vs VAL=2628.90
2026-02-05 15:11:12,573 [INFO]     NSE:ADANIENT-EQ | CVD=-18123 vs Ref=-58526 | Close=2237.10 vs VAL=2211.70
2026-02-05 15:11:12,990 [INFO]     NSE:BDL-EQ | CVD=-200762 vs Ref=-330233 | Close=1273.00 vs VAL=1251.00
2026-02-05 15:11:13,455 [INFO]     NSE:SONACOMS-EQ | CVD=101830 vs Ref=-62639 | Close=524.45 vs VAL=523.25
2026-02-05 15:11:13,897 [INFO]     NSE:ABCAPITAL-EQ | CVD=1274321 vs Ref=-299790 | Close=344.50 vs VAL=335.00
2026-02-05 15:11:14,345 [INFO]     NSE:LTF-EQ | CVD=-285168 vs Ref=-448884 | Close=283.50 vs VAL=278.70
2026-02-05 15:12:14,346 [INFO] 🔍 Scanning for alerts on 9 symbols (5min)...
2026-02-05 15:12:14,717 [INFO]     NSE:LT-EQ | CVD=-120371 vs Ref=-83058 | Close=4066.70 vs VAL=4038.55
2026-02-05 15:12:15,177 [INFO]     NSE:HAL-EQ | CVD=-519374 vs Ref=-906192 | Close=4042.50 vs VAL=3948.00
2026-02-05 15:12:15,546 [INFO]     NSE:BSE-EQ | CVD=-160474 vs Ref=-314646 | Close=2892.00 vs VAL=2847.60
2026-02-05 15:12:15,988 [INFO]     NSE:ANGELONE-EQ | CVD=-147771 vs Ref=-91451 | Close=2646.00 vs VAL=2628.90
2026-02-05 15:12:16,331 [INFO]     NSE:ADANIENT-EQ | CVD=-18123 vs Ref=-58526 | Close=2237.10 vs VAL=2211.70
2026-02-05 15:12:16,701 [INFO]     NSE:BDL-EQ | CVD=-200762 vs Ref=-330233 | Close=1273.00 vs VAL=1251.00
2026-02-05 15:12:17,056 [INFO]     NSE:SONACOMS-EQ | CVD=101830 vs Ref=-62639 | Close=524.45 vs VAL=523.25
2026-02-05 15:12:17,382 [INFO]     NSE:ABCAPITAL-EQ | CVD=1274321 vs Ref=-299790 | Close=344.50 vs VAL=335.00
2026-02-05 15:12:17,729 [INFO]     NSE:LTF-EQ | CVD=-285168 vs Ref=-448884 | Close=283.50 vs VAL=278.70
2026-02-05 15:13:17,731 [INFO] 🔍 Scanning for alerts on 9 symbols (5min)...
2026-02-05 15:13:18,029 [INFO]     NSE:LT-EQ | CVD=-120371 vs Ref=-83058 | Close=4066.70 vs VAL=4038.55
2026-02-05 15:13:18,372 [INFO]     NSE:HAL-EQ | CVD=-519374 vs Ref=-906192 | Close=4042.50 vs VAL=3948.00
2026-02-05 15:13:18,681 [INFO]     NSE:BSE-EQ | CVD=-160474 vs Ref=-314646 | Close=2892.00 vs VAL=2847.60
2026-02-05 15:13:19,010 [INFO]     NSE:ANGELONE-EQ | CVD=-147771 vs Ref=-91451 | Close=2646.00 vs VAL=2628.90
2026-02-05 15:13:19,330 [INFO]     NSE:ADANIENT-EQ | CVD=-18123 vs Ref=-58526 | Close=2237.10 vs VAL=2211.70
2026-02-05 15:13:19,696 [INFO]     NSE:BDL-EQ | CVD=-200762 vs Ref=-330233 | Close=1273.00 vs VAL=1251.00
2026-02-05 15:13:20,080 [INFO]     NSE:SONACOMS-EQ | CVD=101830 vs Ref=-62639 | Close=524.45 vs VAL=523.25
2026-02-05 15:13:20,423 [INFO]     NSE:ABCAPITAL-EQ | CVD=1274321 vs Ref=-299790 | Close=344.50 vs VAL=335.00
2026-02-05 15:13:20,750 [INFO]     NSE:LTF-EQ | CVD=-285168 vs Ref=-448884 | Close=283.50 vs VAL=278.70
2026-02-05 15:14:20,751 [INFO] 🔍 Scanning for alerts on 9 symbols (5min)...
2026-02-05 15:14:20,972 [INFO]     NSE:LT-EQ | CVD=-120371 vs Ref=-83058 | Close=4066.70 vs VAL=4038.55
2026-02-05 15:14:21,396 [INFO]     NSE:HAL-EQ | CVD=-519374 vs Ref=-906192 | Close=4042.50 vs VAL=3948.00
2026-02-05 15:14:21,816 [INFO]     NSE:BSE-EQ | CVD=-160474 vs Ref=-314646 | Close=2892.00 vs VAL=2847.60
2026-02-05 15:14:22,187 [INFO]     NSE:ANGELONE-EQ | CVD=-147771 vs Ref=-91451 | Close=2646.00 vs VAL=2628.90
2026-02-05 15:14:22,521 [INFO]     NSE:ADANIENT-EQ | CVD=-18123 vs Ref=-58526 | Close=2237.10 vs VAL=2211.70
2026-02-05 15:14:22,915 [INFO]     NSE:BDL-EQ | CVD=-200762 vs Ref=-330233 | Close=1273.00 vs VAL=1251.00
2026-02-05 15:14:23,151 [INFO]     NSE:SONACOMS-EQ | CVD=101830 vs Ref=-62639 | Close=524.45 vs VAL=523.25
2026-02-05 15:14:23,390 [INFO]     NSE:ABCAPITAL-EQ | CVD=1274321 vs Ref=-299790 | Close=344.50 vs VAL=335.00
2026-02-05 15:14:23,718 [INFO]     NSE:LTF-EQ | CVD=-285168 vs Ref=-448884 | Close=283.50 vs VAL=278.70
2026-02-05 15:15:23,719 [INFO] 🔍 Scanning for alerts on 9 symbols (5min)...
2026-02-05 15:15:23,921 [INFO]     NSE:LT-EQ | CVD=-120371 vs Ref=-83058 | Close=4066.70 vs VAL=4038.55
2026-02-05 15:15:24,276 [INFO]     NSE:HAL-EQ | CVD=-519374 vs Ref=-906192 | Close=4042.50 vs VAL=3948.00
2026-02-05 15:15:24,718 [INFO]     NSE:BSE-EQ | CVD=-160474 vs Ref=-314646 | Close=2892.00 vs VAL=2847.60
2026-02-05 15:15:25,068 [INFO]     NSE:ANGELONE-EQ | CVD=-147771 vs Ref=-91451 | Close=2646.00 vs VAL=2628.90
2026-02-05 15:15:25,379 [INFO]     NSE:ADANIENT-EQ | CVD=-18123 vs Ref=-58526 | Close=2237.10 vs VAL=2211.70
2026-02-05 15:15:25,713 [INFO]     NSE:BDL-EQ | CVD=-200762 vs Ref=-330233 | Close=1273.00 vs VAL=1251.00
2026-02-05 15:15:26,022 [INFO]     NSE:SONACOMS-EQ | CVD=101830 vs Ref=-62639 | Close=524.45 vs VAL=523.25
2026-02-05 15:15:26,328 [INFO]     NSE:ABCAPITAL-EQ | CVD=1274321 vs Ref=-299790 | Close=344.50 vs VAL=335.00
2026-02-05 15:15:26,596 [INFO]     NSE:LTF-EQ | CVD=-285168 vs Ref=-448884 | Close=283.50 vs VAL=278.70
2026-02-05 15:16:26,597 [INFO] 🔍 Scanning for alerts on 9 symbols (5min)...
2026-02-05 15:16:27,287 [INFO]     NSE:LT-EQ | CVD=-143369 vs Ref=-83058 | Close=4060.90 vs VAL=4038.55
2026-02-05 15:16:28,175 [INFO]     NSE:HAL-EQ | CVD=-562506 vs Ref=-906192 | Close=4040.40 vs VAL=3948.00
2026-02-05 15:16:28,916 [INFO]     NSE:BSE-EQ | CVD=-116297 vs Ref=-314646 | Close=2893.20 vs VAL=2847.60
2026-02-05 15:16:29,520 [INFO]     NSE:ANGELONE-EQ | CVD=-145221 vs Ref=-91451 | Close=2644.80 vs VAL=2628.90
2026-02-05 15:16:30,123 [INFO]     NSE:ADANIENT-EQ | CVD=-11430 vs Ref=-58526 | Close=2237.70 vs VAL=2211.70
2026-02-05 15:16:30,885 [INFO]     NSE:BDL-EQ | CVD=-199660 vs Ref=-330233 | Close=1273.40 vs VAL=1251.00
2026-02-05 15:16:31,544 [INFO]     NSE:SONACOMS-EQ | CVD=67508 vs Ref=-62639 | Close=524.10 vs VAL=523.25
2026-02-05 15:16:32,171 [INFO]     NSE:ABCAPITAL-EQ | CVD=1285751 vs Ref=-299790 | Close=344.00 vs VAL=335.00
2026-02-05 15:16:32,967 [INFO]     NSE:LTF-EQ | CVD=-299614 vs Ref=-448884 | Close=283.35 vs VAL=278.70
2026-02-05 15:17:32,969 [INFO] 🔍 Scanning for alerts on 9 symbols (5min)...
2026-02-05 15:17:33,570 [INFO]     NSE:LT-EQ | CVD=-143369 vs Ref=-83058 | Close=4060.90 vs VAL=4038.55
2026-02-05 15:17:34,201 [INFO]     NSE:HAL-EQ | CVD=-562506 vs Ref=-906192 | Close=4040.40 vs VAL=3948.00
2026-02-05 15:17:34,751 [INFO]     NSE:BSE-EQ | CVD=-116297 vs Ref=-314646 | Close=2893.20 vs VAL=2847.60
2026-02-05 15:17:35,546 [INFO]     NSE:ANGELONE-EQ | CVD=-145221 vs Ref=-91451 | Close=2644.80 vs VAL=2628.90
2026-02-05 15:17:36,340 [INFO]     NSE:ADANIENT-EQ | CVD=-11430 vs Ref=-58526 | Close=2237.70 vs VAL=2211.70
2026-02-05 15:17:36,958 [INFO]     NSE:BDL-EQ | CVD=-199660 vs Ref=-330233 | Close=1273.40 vs VAL=1251.00
2026-02-05 15:17:37,553 [INFO]     NSE:SONACOMS-EQ | CVD=67508 vs Ref=-62639 | Close=524.10 vs VAL=523.25
2026-02-05 15:17:38,161 [INFO]     NSE:ABCAPITAL-EQ | CVD=1285751 vs Ref=-299790 | Close=344.00 vs VAL=335.00
2026-02-05 15:17:38,748 [INFO]     NSE:LTF-EQ | CVD=-299614 vs Ref=-448884 | Close=283.35 vs VAL=278.70
2026-02-05 15:18:38,750 [INFO] 🔍 Scanning for alerts on 9 symbols (5min)...
2026-02-05 15:18:39,156 [INFO]     NSE:LT-EQ | CVD=-143369 vs Ref=-83058 | Close=4060.90 vs VAL=4038.55
2026-02-05 15:18:39,754 [INFO]     NSE:HAL-EQ | CVD=-562506 vs Ref=-906192 | Close=4040.40 vs VAL=3948.00
2026-02-05 15:18:40,262 [INFO]     NSE:BSE-EQ | CVD=-116297 vs Ref=-314646 | Close=2893.20 vs VAL=2847.60
2026-02-05 15:18:40,656 [INFO]     NSE:ANGELONE-EQ | CVD=-145221 vs Ref=-91451 | Close=2644.80 vs VAL=2628.90
2026-02-05 15:18:41,121 [INFO]     NSE:ADANIENT-EQ | CVD=-11430 vs Ref=-58526 | Close=2237.70 vs VAL=2211.70
2026-02-05 15:18:41,712 [INFO]     NSE:BDL-EQ | CVD=-199660 vs Ref=-330233 | Close=1273.40 vs VAL=1251.00
2026-02-05 15:18:42,232 [INFO]     NSE:SONACOMS-EQ | CVD=67508 vs Ref=-62639 | Close=524.10 vs VAL=523.25
2026-02-05 15:18:42,962 [INFO]     NSE:ABCAPITAL-EQ | CVD=1285751 vs Ref=-299790 | Close=344.00 vs VAL=335.00
2026-02-05 15:18:43,630 [INFO]     NSE:LTF-EQ | CVD=-299614 vs Ref=-448884 | Close=283.35 vs VAL=278.70
2026-02-05 15:19:43,632 [INFO] 🔍 Scanning for alerts on 9 symbols (5min)...
2026-02-05 15:19:44,096 [INFO]     NSE:LT-EQ | CVD=-143369 vs Ref=-83058 | Close=4060.90 vs VAL=4038.55
2026-02-05 15:19:44,444 [INFO]     NSE:HAL-EQ | CVD=-562506 vs Ref=-906192 | Close=4040.40 vs VAL=3948.00
2026-02-05 15:19:44,901 [INFO]     NSE:BSE-EQ | CVD=-116297 vs Ref=-314646 | Close=2893.20 vs VAL=2847.60
2026-02-05 15:19:45,342 [INFO]     NSE:ANGELONE-EQ | CVD=-145221 vs Ref=-91451 | Close=2644.80 vs VAL=2628.90
2026-02-05 15:19:45,816 [INFO]     NSE:ADANIENT-EQ | CVD=-11430 vs Ref=-58526 | Close=2237.70 vs VAL=2211.70
2026-02-05 15:19:46,215 [INFO]     NSE:BDL-EQ | CVD=-199660 vs Ref=-330233 | Close=1273.40 vs VAL=1251.00
2026-02-05 15:19:46,653 [INFO]     NSE:SONACOMS-EQ | CVD=67508 vs Ref=-62639 | Close=524.10 vs VAL=523.25
2026-02-05 15:19:47,057 [INFO]     NSE:ABCAPITAL-EQ | CVD=1285751 vs Ref=-299790 | Close=344.00 vs VAL=335.00
2026-02-05 15:19:47,488 [INFO]     NSE:LTF-EQ | CVD=-299614 vs Ref=-448884 | Close=283.35 vs VAL=278.70
2026-02-05 15:20:47,489 [INFO] 🔍 Scanning for alerts on 9 symbols (5min)...
2026-02-05 15:20:47,751 [INFO]     NSE:LT-EQ | CVD=-143369 vs Ref=-83058 | Close=4060.90 vs VAL=4038.55
2026-02-05 15:20:48,154 [INFO]     NSE:HAL-EQ | CVD=-562506 vs Ref=-906192 | Close=4040.40 vs VAL=3948.00
2026-02-05 15:20:48,635 [INFO]     NSE:BSE-EQ | CVD=-116297 vs Ref=-314646 | Close=2893.20 vs VAL=2847.60
2026-02-05 15:20:50,660 [INFO]     NSE:ANGELONE-EQ | CVD=-145221 vs Ref=-91451 | Close=2644.80 vs VAL=2628.90
2026-02-05 15:20:50,976 [INFO]     NSE:ADANIENT-EQ | CVD=-11430 vs Ref=-58526 | Close=2237.70 vs VAL=2211.70
2026-02-05 15:20:51,406 [INFO]     NSE:BDL-EQ | CVD=-199660 vs Ref=-330233 | Close=1273.40 vs VAL=1251.00
2026-02-05 15:20:51,967 [INFO]     NSE:SONACOMS-EQ | CVD=67508 vs Ref=-62639 | Close=524.10 vs VAL=523.25
2026-02-05 15:20:52,425 [INFO]     NSE:ABCAPITAL-EQ | CVD=1285751 vs Ref=-299790 | Close=344.00 vs VAL=335.00
2026-02-05 15:20:53,011 [INFO]     NSE:LTF-EQ | CVD=-299614 vs Ref=-448884 | Close=283.35 vs VAL=278.70
2026-02-05 15:21:53,013 [INFO] 🔍 Scanning for alerts on 9 symbols (5min)...
2026-02-05 15:21:53,401 [INFO]     NSE:LT-EQ | CVD=-135256 vs Ref=-83058 | Close=4057.00 vs VAL=4038.55
2026-02-05 15:21:53,906 [INFO]     NSE:HAL-EQ | CVD=-606804 vs Ref=-906192 | Close=4032.40 vs VAL=3948.00
2026-02-05 15:21:54,220 [INFO]     NSE:BSE-EQ | CVD=-136086 vs Ref=-314646 | Close=2890.50 vs VAL=2847.60
2026-02-05 15:21:54,685 [INFO]     NSE:ANGELONE-EQ | CVD=-141044 vs Ref=-91451 | Close=2642.80 vs VAL=2628.90
2026-02-05 15:21:56,562 [INFO]     NSE:ADANIENT-EQ | CVD=-31270 vs Ref=-58526 | Close=2234.50 vs VAL=2211.70
2026-02-05 15:21:56,879 [INFO]     NSE:BDL-EQ | CVD=-218206 vs Ref=-330233 | Close=1272.10 vs VAL=1251.00
2026-02-05 15:21:57,213 [INFO]     NSE:SONACOMS-EQ | CVD=59250 vs Ref=-62639 | Close=523.65 vs VAL=523.25
2026-02-05 15:21:57,643 [INFO]     NSE:ABCAPITAL-EQ | CVD=1000265 vs Ref=-299790 | Close=343.95 vs VAL=335.00
2026-02-05 15:21:58,113 [INFO]     NSE:LTF-EQ | CVD=-325988 vs Ref=-448884 | Close=283.25 vs VAL=278.70
2026-02-05 15:22:58,115 [INFO] 🔍 Scanning for alerts on 9 symbols (5min)...
2026-02-05 15:22:58,385 [INFO]     NSE:LT-EQ | CVD=-135256 vs Ref=-83058 | Close=4057.00 vs VAL=4038.55
2026-02-05 15:22:58,865 [INFO]     NSE:HAL-EQ | CVD=-606804 vs Ref=-906192 | Close=4032.40 vs VAL=3948.00
2026-02-05 15:22:59,199 [INFO]     NSE:BSE-EQ | CVD=-136086 vs Ref=-314646 | Close=2890.50 vs VAL=2847.60
2026-02-05 15:22:59,530 [INFO]     NSE:ANGELONE-EQ | CVD=-141044 vs Ref=-91451 | Close=2642.80 vs VAL=2628.90
2026-02-05 15:22:59,874 [INFO]     NSE:ADANIENT-EQ | CVD=-31270 vs Ref=-58526 | Close=2234.50 vs VAL=2211.70
2026-02-05 15:23:00,300 [INFO]     NSE:BDL-EQ | CVD=-218206 vs Ref=-330233 | Close=1272.10 vs VAL=1251.00
2026-02-05 15:23:00,597 [INFO]     NSE:SONACOMS-EQ | CVD=59250 vs Ref=-62639 | Close=523.65 vs VAL=523.25
2026-02-05 15:23:00,906 [INFO]     NSE:ABCAPITAL-EQ | CVD=1000265 vs Ref=-299790 | Close=343.95 vs VAL=335.00
2026-02-05 15:23:01,278 [INFO]     NSE:LTF-EQ | CVD=-325988 vs Ref=-448884 | Close=283.25 vs VAL=278.70
2026-02-05 15:24:01,279 [INFO] 🔍 Scanning for alerts on 9 symbols (5min)...
2026-02-05 15:24:01,494 [INFO]     NSE:LT-EQ | CVD=-135256 vs Ref=-83058 | Close=4057.00 vs VAL=4038.55
2026-02-05 15:24:01,773 [INFO]     NSE:HAL-EQ | CVD=-606804 vs Ref=-906192 | Close=4032.40 vs VAL=3948.00
2026-02-05 15:24:02,032 [INFO]     NSE:BSE-EQ | CVD=-136086 vs Ref=-314646 | Close=2890.50 vs VAL=2847.60
2026-02-05 15:24:02,287 [INFO]     NSE:ANGELONE-EQ | CVD=-141044 vs Ref=-91451 | Close=2642.80 vs VAL=2628.90
2026-02-05 15:24:02,770 [INFO]     NSE:ADANIENT-EQ | CVD=-31270 vs Ref=-58526 | Close=2234.50 vs VAL=2211.70
2026-02-05 15:24:03,397 [INFO]     NSE:BDL-EQ | CVD=-218206 vs Ref=-330233 | Close=1272.10 vs VAL=1251.00
2026-02-05 15:24:03,751 [INFO]     NSE:SONACOMS-EQ | CVD=59250 vs Ref=-62639 | Close=523.65 vs VAL=523.25
2026-02-05 15:24:04,112 [INFO]     NSE:ABCAPITAL-EQ | CVD=1000265 vs Ref=-299790 | Close=343.95 vs VAL=335.00
2026-02-05 15:24:04,423 [INFO]     NSE:LTF-EQ | CVD=-325988 vs Ref=-448884 | Close=283.25 vs VAL=278.70
2026-02-05 15:25:04,425 [INFO] 🔍 Scanning for alerts on 9 symbols (5min)...
2026-02-05 15:25:04,698 [INFO]     NSE:LT-EQ | CVD=-135256 vs Ref=-83058 | Close=4057.00 vs VAL=4038.55
2026-02-05 15:25:04,997 [INFO]     NSE:HAL-EQ | CVD=-606804 vs Ref=-906192 | Close=4032.40 vs VAL=3948.00
2026-02-05 15:25:05,276 [INFO]     NSE:BSE-EQ | CVD=-136086 vs Ref=-314646 | Close=2890.50 vs VAL=2847.60
2026-02-05 15:25:05,623 [INFO]     NSE:ANGELONE-EQ | CVD=-141044 vs Ref=-91451 | Close=2642.80 vs VAL=2628.90
2026-02-05 15:25:05,887 [INFO]     NSE:ADANIENT-EQ | CVD=-31270 vs Ref=-58526 | Close=2234.50 vs VAL=2211.70
2026-02-05 15:25:06,192 [INFO]     NSE:BDL-EQ | CVD=-218206 vs Ref=-330233 | Close=1272.10 vs VAL=1251.00
2026-02-05 15:25:06,471 [INFO]     NSE:SONACOMS-EQ | CVD=59250 vs Ref=-62639 | Close=523.65 vs VAL=523.25
2026-02-05 15:25:06,793 [INFO]     NSE:ABCAPITAL-EQ | CVD=1000265 vs Ref=-299790 | Close=343.95 vs VAL=335.00
2026-02-05 15:25:07,072 [INFO]     NSE:LTF-EQ | CVD=-325988 vs Ref=-448884 | Close=283.25 vs VAL=278.70
2026-02-05 15:26:07,074 [INFO] 🔍 Scanning for alerts on 9 symbols (5min)...
2026-02-05 15:26:07,298 [INFO]     NSE:LT-EQ | CVD=-143632 vs Ref=-83058 | Close=4062.10 vs VAL=4038.55
2026-02-05 15:26:07,579 [INFO]     NSE:HAL-EQ | CVD=-613826 vs Ref=-906192 | Close=4027.50 vs VAL=3948.00
2026-02-05 15:26:07,807 [INFO]     NSE:BSE-EQ | CVD=-141625 vs Ref=-314646 | Close=2888.10 vs VAL=2847.60
2026-02-05 15:26:08,033 [INFO]     NSE:ANGELONE-EQ | CVD=-132926 vs Ref=-91451 | Close=2641.30 vs VAL=2628.90
2026-02-05 15:26:08,292 [INFO]     NSE:ADANIENT-EQ | CVD=-33610 vs Ref=-58526 | Close=2234.40 vs VAL=2211.70
2026-02-05 15:26:08,501 [INFO]     NSE:BDL-EQ | CVD=-194549 vs Ref=-330233 | Close=1272.60 vs VAL=1251.00
2026-02-05 15:26:08,709 [INFO]     NSE:SONACOMS-EQ | CVD=126676 vs Ref=-62639 | Close=523.80 vs VAL=523.25
2026-02-05 15:26:08,928 [INFO]     NSE:ABCAPITAL-EQ | CVD=1247862 vs Ref=-299790 | Close=344.55 vs VAL=335.00
2026-02-05 15:26:09,211 [INFO]     NSE:LTF-EQ | CVD=-373192 vs Ref=-448884 | Close=283.05 vs VAL=278.70
2026-02-05 15:27:09,212 [INFO] 🔍 Scanning for alerts on 9 symbols (5min)...
2026-02-05 15:27:09,513 [INFO]     NSE:LT-EQ | CVD=-143632 vs Ref=-83058 | Close=4062.10 vs VAL=4038.55
2026-02-05 15:27:09,802 [INFO]     NSE:HAL-EQ | CVD=-613826 vs Ref=-906192 | Close=4027.50 vs VAL=3948.00
2026-02-05 15:27:10,060 [INFO]     NSE:BSE-EQ | CVD=-141625 vs Ref=-314646 | Close=2888.10 vs VAL=2847.60
2026-02-05 15:27:10,290 [INFO]     NSE:ANGELONE-EQ | CVD=-132926 vs Ref=-91451 | Close=2641.30 vs VAL=2628.90
2026-02-05 15:27:10,498 [INFO]     NSE:ADANIENT-EQ | CVD=-33610 vs Ref=-58526 | Close=2234.40 vs VAL=2211.70
2026-02-05 15:27:10,785 [INFO]     NSE:BDL-EQ | CVD=-194549 vs Ref=-330233 | Close=1272.60 vs VAL=1251.00
2026-02-05 15:27:10,988 [INFO]     NSE:SONACOMS-EQ | CVD=126676 vs Ref=-62639 | Close=523.80 vs VAL=523.25
2026-02-05 15:27:11,193 [INFO]     NSE:ABCAPITAL-EQ | CVD=1247862 vs Ref=-299790 | Close=344.55 vs VAL=335.00
2026-02-05 15:27:11,422 [INFO]     NSE:LTF-EQ | CVD=-373192 vs Ref=-448884 | Close=283.05 vs VAL=278.70
2026-02-05 15:28:11,424 [INFO] 🔍 Scanning for alerts on 9 symbols (5min)...
2026-02-05 15:28:11,614 [INFO]     NSE:LT-EQ | CVD=-143632 vs Ref=-83058 | Close=4062.10 vs VAL=4038.55
2026-02-05 15:28:11,952 [INFO]     NSE:HAL-EQ | CVD=-613826 vs Ref=-906192 | Close=4027.50 vs VAL=3948.00
2026-02-05 15:28:12,145 [INFO]     NSE:BSE-EQ | CVD=-141625 vs Ref=-314646 | Close=2888.10 vs VAL=2847.60
2026-02-05 15:28:12,394 [INFO]     NSE:ANGELONE-EQ | CVD=-132926 vs Ref=-91451 | Close=2641.30 vs VAL=2628.90
2026-02-05 15:28:12,631 [INFO]     NSE:ADANIENT-EQ | CVD=-33610 vs Ref=-58526 | Close=2234.40 vs VAL=2211.70
2026-02-05 15:28:12,961 [INFO]     NSE:BDL-EQ | CVD=-194549 vs Ref=-330233 | Close=1272.60 vs VAL=1251.00
2026-02-05 15:28:13,182 [INFO]     NSE:SONACOMS-EQ | CVD=126676 vs Ref=-62639 | Close=523.80 vs VAL=523.25
2026-02-05 15:28:13,469 [INFO]     NSE:ABCAPITAL-EQ | CVD=1247862 vs Ref=-299790 | Close=344.55 vs VAL=335.00
2026-02-05 15:28:13,694 [INFO]     NSE:LTF-EQ | CVD=-373192 vs Ref=-448884 | Close=283.05 vs VAL=278.70
2026-02-05 15:29:13,695 [INFO] 🔍 Scanning for alerts on 9 symbols (5min)...
2026-02-05 15:29:13,898 [INFO]     NSE:LT-EQ | CVD=-143632 vs Ref=-83058 | Close=4062.10 vs VAL=4038.55
2026-02-05 15:29:14,127 [INFO]     NSE:HAL-EQ | CVD=-613826 vs Ref=-906192 | Close=4027.50 vs VAL=3948.00
2026-02-05 15:29:14,352 [INFO]     NSE:BSE-EQ | CVD=-141625 vs Ref=-314646 | Close=2888.10 vs VAL=2847.60
2026-02-05 15:29:14,611 [INFO]     NSE:ANGELONE-EQ | CVD=-132926 vs Ref=-91451 | Close=2641.30 vs VAL=2628.90
2026-02-05 15:29:14,799 [INFO]     NSE:ADANIENT-EQ | CVD=-33610 vs Ref=-58526 | Close=2234.40 vs VAL=2211.70
2026-02-05 15:29:15,061 [INFO]     NSE:BDL-EQ | CVD=-194549 vs Ref=-330233 | Close=1272.60 vs VAL=1251.00
2026-02-05 15:29:15,264 [INFO]     NSE:SONACOMS-EQ | CVD=126676 vs Ref=-62639 | Close=523.80 vs VAL=523.25
2026-02-05 15:29:15,466 [INFO]     NSE:ABCAPITAL-EQ | CVD=1247862 vs Ref=-299790 | Close=344.55 vs VAL=335.00
2026-02-05 15:29:15,668 [INFO]     NSE:LTF-EQ | CVD=-373192 vs Ref=-448884 | Close=283.05 vs VAL=278.70
2026-02-05 15:30:15,669 [INFO] 🔍 Scanning for alerts on 9 symbols (5min)...
2026-02-05 15:30:15,855 [INFO]     NSE:LT-EQ | CVD=-143632 vs Ref=-83058 | Close=4062.10 vs VAL=4038.55
2026-02-05 15:30:16,102 [INFO]     NSE:HAL-EQ | CVD=-613826 vs Ref=-906192 | Close=4027.50 vs VAL=3948.00
2026-02-05 15:30:16,307 [INFO]     NSE:BSE-EQ | CVD=-141625 vs Ref=-314646 | Close=2888.10 vs VAL=2847.60
2026-02-05 15:30:16,533 [INFO]     NSE:ANGELONE-EQ | CVD=-132926 vs Ref=-91451 | Close=2641.30 vs VAL=2628.90
2026-02-05 15:30:16,718 [INFO]     NSE:ADANIENT-EQ | CVD=-33610 vs Ref=-58526 | Close=2234.40 vs VAL=2211.70
2026-02-05 15:30:16,938 [INFO]     NSE:BDL-EQ | CVD=-194549 vs Ref=-330233 | Close=1272.60 vs VAL=1251.00
2026-02-05 15:30:17,188 [INFO]     NSE:SONACOMS-EQ | CVD=126676 vs Ref=-62639 | Close=523.80 vs VAL=523.25
2026-02-05 15:30:17,426 [INFO]     NSE:ABCAPITAL-EQ | CVD=1247862 vs Ref=-299790 | Close=344.55 vs VAL=335.00
2026-02-05 15:30:17,639 [INFO]     NSE:LTF-EQ | CVD=-373192 vs Ref=-448884 | Close=283.05 vs VAL=278.70
2026-02-05 15:31:17,640 [INFO] 🔍 Scanning for alerts on 9 symbols (5min)...
2026-02-05 15:31:17,830 [INFO]     NSE:LT-EQ | CVD=-143465 vs Ref=-83058 | Close=4061.00 vs VAL=4038.55
2026-02-05 15:31:18,062 [INFO]     NSE:HAL-EQ | CVD=-597390 vs Ref=-906192 | Close=4030.00 vs VAL=3948.00
2026-02-05 15:31:18,297 [INFO]     NSE:BSE-EQ | CVD=-110861 vs Ref=-314646 | Close=2888.00 vs VAL=2847.60
2026-02-05 15:31:18,523 [INFO]     NSE:ANGELONE-EQ | CVD=-126387 vs Ref=-91451 | Close=2642.70 vs VAL=2628.90
2026-02-05 15:31:18,735 [INFO]     NSE:ADANIENT-EQ | CVD=-31024 vs Ref=-58526 | Close=2232.60 vs VAL=2211.70
2026-02-05 15:31:18,976 [INFO]     NSE:BDL-EQ | CVD=-197700 vs Ref=-330233 | Close=1273.00 vs VAL=1251.00
2026-02-05 15:31:19,197 [INFO]     NSE:SONACOMS-EQ | CVD=126676 vs Ref=-62639 | Close=523.80 vs VAL=523.25
2026-02-05 15:31:19,410 [INFO]     NSE:ABCAPITAL-EQ | CVD=1573563 vs Ref=-299790 | Close=345.35 vs VAL=335.00
2026-02-05 15:31:19,630 [INFO]     NSE:LTF-EQ | CVD=-358898 vs Ref=-448884 | Close=283.05 vs VAL=278.70
2026-02-05 15:32:19,631 [INFO] 🔍 Scanning for alerts on 9 symbols (5min)...
2026-02-05 15:32:19,830 [INFO]     NSE:LT-EQ | CVD=-143465 vs Ref=-83058 | Close=4061.00 vs VAL=4038.55
2026-02-05 15:32:20,041 [INFO]     NSE:HAL-EQ | CVD=-597390 vs Ref=-906192 | Close=4030.00 vs VAL=3948.00
2026-02-05 15:32:20,307 [INFO]     NSE:BSE-EQ | CVD=-110861 vs Ref=-314646 | Close=2888.00 vs VAL=2847.60
2026-02-05 15:32:20,593 [INFO]     NSE:ANGELONE-EQ | CVD=-126387 vs Ref=-91451 | Close=2642.70 vs VAL=2628.90
2026-02-05 15:32:20,783 [INFO]     NSE:ADANIENT-EQ | CVD=-31024 vs Ref=-58526 | Close=2232.60 vs VAL=2211.70
2026-02-05 15:32:21,007 [INFO]     NSE:BDL-EQ | CVD=-197700 vs Ref=-330233 | Close=1273.00 vs VAL=1251.00
2026-02-05 15:32:21,219 [INFO]     NSE:SONACOMS-EQ | CVD=126676 vs Ref=-62639 | Close=523.80 vs VAL=523.25
2026-02-05 15:32:21,410 [INFO]     NSE:ABCAPITAL-EQ | CVD=1573563 vs Ref=-299790 | Close=345.35 vs VAL=335.00
2026-02-05 15:32:21,630 [INFO]     NSE:LTF-EQ | CVD=-358898 vs Ref=-448884 | Close=283.05 vs VAL=278.70
2026-02-05 15:33:21,631 [INFO] 🔍 Scanning for alerts on 9 symbols (5min)...
2026-02-05 15:33:21,817 [INFO]     NSE:LT-EQ | CVD=-143465 vs Ref=-83058 | Close=4061.00 vs VAL=4038.55
2026-02-05 15:33:22,051 [INFO]     NSE:HAL-EQ | CVD=-597390 vs Ref=-906192 | Close=4030.00 vs VAL=3948.00
2026-02-05 15:33:22,265 [INFO]     NSE:BSE-EQ | CVD=-110861 vs Ref=-314646 | Close=2888.00 vs VAL=2847.60
2026-02-05 15:33:22,538 [INFO]     NSE:ANGELONE-EQ | CVD=-126387 vs Ref=-91451 | Close=2642.70 vs VAL=2628.90
2026-02-05 15:33:22,742 [INFO]     NSE:ADANIENT-EQ | CVD=-31024 vs Ref=-58526 | Close=2232.60 vs VAL=2211.70
2026-02-05 15:33:22,949 [INFO]     NSE:BDL-EQ | CVD=-197700 vs Ref=-330233 | Close=1273.00 vs VAL=1251.00
2026-02-05 15:33:23,146 [INFO]     NSE:SONACOMS-EQ | CVD=140393 vs Ref=-62639 | Close=524.00 vs VAL=523.25
2026-02-05 15:33:23,357 [INFO]     NSE:ABCAPITAL-EQ | CVD=1573563 vs Ref=-299790 | Close=345.35 vs VAL=335.00
2026-02-05 15:33:23,604 [INFO]     NSE:LTF-EQ | CVD=-358898 vs Ref=-448884 | Close=283.05 vs VAL=278.70
2026-02-05 15:34:23,606 [INFO] 🔍 Scanning for alerts on 9 symbols (5min)...
2026-02-05 15:34:23,791 [INFO]     NSE:LT-EQ | CVD=-143465 vs Ref=-83058 | Close=4061.00 vs VAL=4038.55
2026-02-05 15:34:23,999 [INFO]     NSE:HAL-EQ | CVD=-597390 vs Ref=-906192 | Close=4030.00 vs VAL=3948.00
2026-02-05 15:34:24,188 [INFO]     NSE:BSE-EQ | CVD=-110861 vs Ref=-314646 | Close=2888.00 vs VAL=2847.60
2026-02-05 15:34:24,376 [INFO]     NSE:ANGELONE-EQ | CVD=-126387 vs Ref=-91451 | Close=2642.70 vs VAL=2628.90
2026-02-05 15:34:26,284 [INFO]     NSE:ADANIENT-EQ | CVD=-31024 vs Ref=-58526 | Close=2232.60 vs VAL=2211.70
2026-02-05 15:34:26,484 [INFO]     NSE:BDL-EQ | CVD=-197700 vs Ref=-330233 | Close=1273.00 vs VAL=1251.00
2026-02-05 15:34:26,692 [INFO]     NSE:SONACOMS-EQ | CVD=140393 vs Ref=-62639 | Close=524.00 vs VAL=523.25
2026-02-05 15:34:26,890 [INFO]     NSE:ABCAPITAL-EQ | CVD=1573563 vs Ref=-299790 | Close=345.35 vs VAL=335.00
2026-02-05 15:34:27,099 [INFO]     NSE:LTF-EQ | CVD=-358898 vs Ref=-448884 | Close=283.05 vs VAL=278.70
2026-02-05 15:35:27,101 [INFO] 🔍 Scanning for alerts on 9 symbols (5min)...
2026-02-05 15:35:27,290 [INFO]     NSE:LT-EQ | CVD=-143465 vs Ref=-83058 | Close=4061.00 vs VAL=4038.55
2026-02-05 15:35:27,500 [INFO]     NSE:HAL-EQ | CVD=-597390 vs Ref=-906192 | Close=4030.00 vs VAL=3948.00
2026-02-05 15:35:27,697 [INFO]     NSE:BSE-EQ | CVD=-110861 vs Ref=-314646 | Close=2888.00 vs VAL=2847.60
2026-02-05 15:35:27,885 [INFO]     NSE:ANGELONE-EQ | CVD=-126387 vs Ref=-91451 | Close=2642.70 vs VAL=2628.90
2026-02-05 15:35:28,074 [INFO]     NSE:ADANIENT-EQ | CVD=-31024 vs Ref=-58526 | Close=2232.60 vs VAL=2211.70
2026-02-05 15:35:28,271 [INFO]     NSE:BDL-EQ | CVD=-197700 vs Ref=-330233 | Close=1273.00 vs VAL=1251.00
2026-02-05 15:35:28,459 [INFO]     NSE:SONACOMS-EQ | CVD=140393 vs Ref=-62639 | Close=524.00 vs VAL=523.25
2026-02-05 15:35:28,650 [INFO]     NSE:ABCAPITAL-EQ | CVD=1573563 vs Ref=-299790 | Close=345.35 vs VAL=335.00
2026-02-05 15:35:28,859 [INFO]     NSE:LTF-EQ | CVD=-358898 vs Ref=-448884 | Close=283.05 vs VAL=278.70
2026-02-05 15:36:28,860 [INFO] 🔍 Scanning for alerts on 9 symbols (5min)...
2026-02-05 15:36:29,038 [INFO]     NSE:LT-EQ | CVD=-143465 vs Ref=-83058 | Close=4061.00 vs VAL=4038.55
2026-02-05 15:36:29,241 [INFO]     NSE:HAL-EQ | CVD=-597390 vs Ref=-906192 | Close=4030.00 vs VAL=3948.00
2026-02-05 15:36:29,432 [INFO]     NSE:BSE-EQ | CVD=-110861 vs Ref=-314646 | Close=2888.00 vs VAL=2847.60
2026-02-05 15:36:29,644 [INFO]     NSE:ANGELONE-EQ | CVD=-126387 vs Ref=-91451 | Close=2642.70 vs VAL=2628.90
2026-02-05 15:36:29,831 [INFO]     NSE:ADANIENT-EQ | CVD=-31024 vs Ref=-58526 | Close=2232.60 vs VAL=2211.70
2026-02-05 15:36:30,035 [INFO]     NSE:BDL-EQ | CVD=-197700 vs Ref=-330233 | Close=1273.00 vs VAL=1251.00
2026-02-05 15:36:30,238 [INFO]     NSE:SONACOMS-EQ | CVD=140393 vs Ref=-62639 | Close=524.00 vs VAL=523.25
2026-02-05 15:36:30,442 [INFO]     NSE:ABCAPITAL-EQ | CVD=1573563 vs Ref=-299790 | Close=345.35 vs VAL=335.00
2026-02-05 15:36:30,664 [INFO]     NSE:LTF-EQ | CVD=-358898 vs Ref=-448884 | Close=283.05 vs VAL=278.70
2026-02-05 15:37:30,666 [INFO] 🔍 Scanning for alerts on 9 symbols (5min)...
2026-02-05 15:37:30,857 [INFO]     NSE:LT-EQ | CVD=-143465 vs Ref=-83058 | Close=4061.00 vs VAL=4038.55
2026-02-05 15:37:31,062 [INFO]     NSE:HAL-EQ | CVD=-597390 vs Ref=-906192 | Close=4030.00 vs VAL=3948.00
2026-02-05 15:37:31,248 [INFO]     NSE:BSE-EQ | CVD=-110861 vs Ref=-314646 | Close=2888.00 vs VAL=2847.60
2026-02-05 15:37:31,438 [INFO]     NSE:ANGELONE-EQ | CVD=-126387 vs Ref=-91451 | Close=2642.70 vs VAL=2628.90
2026-02-05 15:37:31,622 [INFO]     NSE:ADANIENT-EQ | CVD=-31024 vs Ref=-58526 | Close=2232.60 vs VAL=2211.70
2026-02-05 15:37:31,827 [INFO]     NSE:BDL-EQ | CVD=-197700 vs Ref=-330233 | Close=1273.00 vs VAL=1251.00
2026-02-05 15:37:32,029 [INFO]     NSE:SONACOMS-EQ | CVD=140393 vs Ref=-62639 | Close=524.00 vs VAL=523.25
2026-02-05 15:37:32,253 [INFO]     NSE:ABCAPITAL-EQ | CVD=1573563 vs Ref=-299790 | Close=345.35 vs VAL=335.00
2026-02-05 15:37:32,477 [INFO]     NSE:LTF-EQ | CVD=-358898 vs Ref=-448884 | Close=283.05 vs VAL=278.70
2026-02-05 15:38:32,478 [INFO] 🔍 Scanning for alerts on 9 symbols (5min)...
2026-02-05 15:38:32,656 [INFO]     NSE:LT-EQ | CVD=-143465 vs Ref=-83058 | Close=4061.00 vs VAL=4038.55
2026-02-05 15:38:32,855 [INFO]     NSE:HAL-EQ | CVD=-597390 vs Ref=-906192 | Close=4030.00 vs VAL=3948.00
2026-02-05 15:38:33,046 [INFO]     NSE:BSE-EQ | CVD=-110861 vs Ref=-314646 | Close=2888.00 vs VAL=2847.60
2026-02-05 15:38:34,919 [INFO]     NSE:ANGELONE-EQ | CVD=-126387 vs Ref=-91451 | Close=2642.70 vs VAL=2628.90
2026-02-05 15:38:35,132 [INFO]     NSE:ADANIENT-EQ | CVD=-31024 vs Ref=-58526 | Close=2232.60 vs VAL=2211.70
2026-02-05 15:38:35,364 [INFO]     NSE:BDL-EQ | CVD=-197700 vs Ref=-330233 | Close=1273.00 vs VAL=1251.00
2026-02-05 15:38:35,569 [INFO]     NSE:SONACOMS-EQ | CVD=140393 vs Ref=-62639 | Close=524.00 vs VAL=523.25
2026-02-05 15:38:35,770 [INFO]     NSE:ABCAPITAL-EQ | CVD=1573563 vs Ref=-299790 | Close=345.35 vs VAL=335.00
2026-02-05 15:38:35,976 [INFO]     NSE:LTF-EQ | CVD=-358898 vs Ref=-448884 | Close=283.05 vs VAL=278.70
2026-02-05 15:39:35,977 [INFO] 🔍 Scanning for alerts on 9 symbols (5min)...
2026-02-05 15:39:36,153 [INFO]     NSE:LT-EQ | CVD=-143653 vs Ref=-83058 | Close=4063.30 vs VAL=4038.55
2026-02-05 15:39:36,350 [INFO]     NSE:HAL-EQ | CVD=-597310 vs Ref=-906192 | Close=4035.50 vs VAL=3948.00
2026-02-05 15:39:36,538 [INFO]     NSE:BSE-EQ | CVD=-109933 vs Ref=-314646 | Close=2892.20 vs VAL=2847.60
2026-02-05 15:39:36,729 [INFO]     NSE:ANGELONE-EQ | CVD=-126382 vs Ref=-91451 | Close=2645.00 vs VAL=2628.90
2026-02-05 15:39:36,912 [INFO]     NSE:ADANIENT-EQ | CVD=-31024 vs Ref=-58526 | Close=2236.60 vs VAL=2211.70
2026-02-05 15:39:37,106 [INFO]     NSE:BDL-EQ | CVD=-197466 vs Ref=-330233 | Close=1273.30 vs VAL=1251.00
2026-02-05 15:39:37,313 [INFO]     NSE:SONACOMS-EQ | CVD=140393 vs Ref=-62639 | Close=524.25 vs VAL=523.25
2026-02-05 15:39:37,540 [INFO]     NSE:ABCAPITAL-EQ | CVD=1573563 vs Ref=-299790 | Close=344.65 vs VAL=335.00
2026-02-05 15:39:37,785 [INFO]     NSE:LTF-EQ | CVD=-358898 vs Ref=-448884 | Close=283.05 vs VAL=278.70
2026-02-05 15:40:37,786 [INFO] 🔍 Scanning for alerts on 9 symbols (5min)...
2026-02-05 15:40:37,973 [INFO]     NSE:LT-EQ | CVD=-143653 vs Ref=-83058 | Close=4063.30 vs VAL=4038.55
2026-02-05 15:40:38,169 [INFO]     NSE:HAL-EQ | CVD=-597310 vs Ref=-906192 | Close=4035.50 vs VAL=3948.00
2026-02-05 15:40:38,351 [INFO]     NSE:BSE-EQ | CVD=-109933 vs Ref=-314646 | Close=2892.20 vs VAL=2847.60
2026-02-05 15:40:38,539 [INFO]     NSE:ANGELONE-EQ | CVD=-126382 vs Ref=-91451 | Close=2645.00 vs VAL=2628.90
2026-02-05 15:40:38,719 [INFO]     NSE:ADANIENT-EQ | CVD=-31024 vs Ref=-58526 | Close=2236.60 vs VAL=2211.70
2026-02-05 15:40:38,913 [INFO]     NSE:BDL-EQ | CVD=-197466 vs Ref=-330233 | Close=1273.30 vs VAL=1251.00
2026-02-05 15:40:39,111 [INFO]     NSE:SONACOMS-EQ | CVD=140393 vs Ref=-62639 | Close=524.25 vs VAL=523.25
2026-02-05 15:40:39,306 [INFO]     NSE:ABCAPITAL-EQ | CVD=1573563 vs Ref=-299790 | Close=344.65 vs VAL=335.00
2026-02-05 15:40:39,507 [INFO]     NSE:LTF-EQ | CVD=-358898 vs Ref=-448884 | Close=283.05 vs VAL=278.70
2026-02-05 15:41:39,508 [INFO] 🔍 Scanning for alerts on 9 symbols (5min)...
2026-02-05 15:41:39,699 [INFO]     NSE:LT-EQ | CVD=-143653 vs Ref=-83058 | Close=4063.30 vs VAL=4038.55
2026-02-05 15:41:39,901 [INFO]     NSE:HAL-EQ | CVD=-597310 vs Ref=-906192 | Close=4035.50 vs VAL=3948.00
2026-02-05 15:41:40,106 [INFO]     NSE:BSE-EQ | CVD=-109933 vs Ref=-314646 | Close=2892.20 vs VAL=2847.60
2026-02-05 15:41:40,320 [INFO]     NSE:ANGELONE-EQ | CVD=-126382 vs Ref=-91451 | Close=2645.00 vs VAL=2628.90
2026-02-05 15:41:40,529 [INFO]     NSE:ADANIENT-EQ | CVD=-31024 vs Ref=-58526 | Close=2236.60 vs VAL=2211.70
2026-02-05 15:41:40,748 [INFO]     NSE:BDL-EQ | CVD=-197466 vs Ref=-330233 | Close=1273.30 vs VAL=1251.00
2026-02-05 15:41:41,065 [INFO]     NSE:SONACOMS-EQ | CVD=140393 vs Ref=-62639 | Close=524.25 vs VAL=523.25
2026-02-05 15:41:41,333 [INFO]     NSE:ABCAPITAL-EQ | CVD=1573563 vs Ref=-299790 | Close=344.65 vs VAL=335.00
2026-02-05 15:41:41,584 [INFO]     NSE:LTF-EQ | CVD=-358898 vs Ref=-448884 | Close=283.05 vs VAL=278.70
2026-02-05 15:42:41,585 [INFO] 🔍 Scanning for alerts on 9 symbols (5min)...
2026-02-05 15:42:41,770 [INFO]     NSE:LT-EQ | CVD=-143653 vs Ref=-83058 | Close=4063.30 vs VAL=4038.55
2026-02-05 15:42:41,978 [INFO]     NSE:HAL-EQ | CVD=-597310 vs Ref=-906192 | Close=4035.50 vs VAL=3948.00
2026-02-05 15:42:42,173 [INFO]     NSE:BSE-EQ | CVD=-109933 vs Ref=-314646 | Close=2892.20 vs VAL=2847.60
2026-02-05 15:42:42,391 [INFO]     NSE:ANGELONE-EQ | CVD=-126382 vs Ref=-91451 | Close=2645.00 vs VAL=2628.90
2026-02-05 15:42:42,612 [INFO]     NSE:ADANIENT-EQ | CVD=-31024 vs Ref=-58526 | Close=2236.60 vs VAL=2211.70
2026-02-05 15:42:42,834 [INFO]     NSE:BDL-EQ | CVD=-197466 vs Ref=-330233 | Close=1273.30 vs VAL=1251.00
2026-02-05 15:42:43,041 [INFO]     NSE:SONACOMS-EQ | CVD=140393 vs Ref=-62639 | Close=524.25 vs VAL=523.25
2026-02-05 15:42:43,237 [INFO]     NSE:ABCAPITAL-EQ | CVD=1573563 vs Ref=-299790 | Close=344.65 vs VAL=335.00
2026-02-05 15:42:43,450 [INFO]     NSE:LTF-EQ | CVD=-358898 vs Ref=-448884 | Close=283.40 vs VAL=278.70
2026-02-05 15:43:43,451 [INFO] 🔍 Scanning for alerts on 9 symbols (5min)...
2026-02-05 15:43:43,642 [INFO]     NSE:LT-EQ | CVD=-143653 vs Ref=-83058 | Close=4063.30 vs VAL=4038.55
2026-02-05 15:43:43,849 [INFO]     NSE:HAL-EQ | CVD=-597310 vs Ref=-906192 | Close=4035.50 vs VAL=3948.00
2026-02-05 15:43:44,038 [INFO]     NSE:BSE-EQ | CVD=-109933 vs Ref=-314646 | Close=2892.20 vs VAL=2847.60
2026-02-05 15:43:44,250 [INFO]     NSE:ANGELONE-EQ | CVD=-126382 vs Ref=-91451 | Close=2645.00 vs VAL=2628.90
2026-02-05 15:43:44,453 [INFO]     NSE:ADANIENT-EQ | CVD=-31024 vs Ref=-58526 | Close=2236.60 vs VAL=2211.70
2026-02-05 15:43:44,864 [INFO]     NSE:BDL-EQ | CVD=-197466 vs Ref=-330233 | Close=1273.30 vs VAL=1251.00
2026-02-05 15:43:45,231 [INFO]     NSE:SONACOMS-EQ | CVD=140393 vs Ref=-62639 | Close=524.25 vs VAL=523.25
2026-02-05 15:43:45,461 [INFO]     NSE:ABCAPITAL-EQ | CVD=1573563 vs Ref=-299790 | Close=344.65 vs VAL=335.00
2026-02-05 15:43:45,686 [INFO]     NSE:LTF-EQ | CVD=-358898 vs Ref=-448884 | Close=283.40 vs VAL=278.70
2026-02-05 15:44:45,687 [INFO] 🔍 Scanning for alerts on 9 symbols (5min)...
2026-02-05 15:44:45,932 [INFO]     NSE:LT-EQ | CVD=-143653 vs Ref=-83058 | Close=4063.30 vs VAL=4038.55
2026-02-05 15:44:46,244 [INFO]     NSE:HAL-EQ | CVD=-597310 vs Ref=-906192 | Close=4035.50 vs VAL=3948.00
2026-02-05 15:44:46,516 [INFO]     NSE:BSE-EQ | CVD=-109933 vs Ref=-314646 | Close=2892.20 vs VAL=2847.60
2026-02-05 15:44:46,833 [INFO]     NSE:ANGELONE-EQ | CVD=-126382 vs Ref=-91451 | Close=2645.00 vs VAL=2628.90
2026-02-05 15:44:47,045 [INFO]     NSE:ADANIENT-EQ | CVD=-31024 vs Ref=-58526 | Close=2236.60 vs VAL=2211.70
2026-02-05 15:44:47,254 [INFO]     NSE:BDL-EQ | CVD=-197466 vs Ref=-330233 | Close=1273.30 vs VAL=1251.00
2026-02-05 15:44:47,519 [INFO]     NSE:SONACOMS-EQ | CVD=140393 vs Ref=-62639 | Close=524.25 vs VAL=523.25
2026-02-05 15:44:47,924 [INFO]     NSE:ABCAPITAL-EQ | CVD=1573563 vs Ref=-299790 | Close=344.65 vs VAL=335.00
2026-02-05 15:44:48,127 [INFO]     NSE:LTF-EQ | CVD=-358898 vs Ref=-448884 | Close=283.40 vs VAL=278.70
2026-02-05 15:45:48,128 [INFO] 🔍 Scanning for alerts on 9 symbols (5min)...
2026-02-05 15:45:48,341 [INFO]     NSE:LT-EQ | CVD=-143653 vs Ref=-83058 | Close=4063.30 vs VAL=4038.55
2026-02-05 15:45:48,575 [INFO]     NSE:HAL-EQ | CVD=-597310 vs Ref=-906192 | Close=4035.50 vs VAL=3948.00
2026-02-05 15:45:48,820 [INFO]     NSE:BSE-EQ | CVD=-109933 vs Ref=-314646 | Close=2892.20 vs VAL=2847.60
2026-02-05 15:45:49,043 [INFO]     NSE:ANGELONE-EQ | CVD=-126382 vs Ref=-91451 | Close=2645.00 vs VAL=2628.90
2026-02-05 15:45:49,265 [INFO]     NSE:ADANIENT-EQ | CVD=-31024 vs Ref=-58526 | Close=2236.60 vs VAL=2211.70
2026-02-05 15:45:49,508 [INFO]     NSE:BDL-EQ | CVD=-197466 vs Ref=-330233 | Close=1273.30 vs VAL=1251.00
2026-02-05 15:45:49,794 [INFO]     NSE:SONACOMS-EQ | CVD=140393 vs Ref=-62639 | Close=524.25 vs VAL=523.25
2026-02-05 15:45:50,071 [INFO]     NSE:ABCAPITAL-EQ | CVD=1573563 vs Ref=-299790 | Close=344.65 vs VAL=335.00
2026-02-05 15:45:50,316 [INFO]     NSE:LTF-EQ | CVD=-358898 vs Ref=-448884 | Close=283.40 vs VAL=278.70
2026-02-05 15:46:50,317 [INFO] 🔍 Scanning for alerts on 9 symbols (5min)...
2026-02-05 15:46:50,593 [INFO]     NSE:LT-EQ | CVD=-143653 vs Ref=-83058 | Close=4063.30 vs VAL=4038.55
2026-02-05 15:46:50,857 [INFO]     NSE:HAL-EQ | CVD=-596337 vs Ref=-906192 | Close=4035.50 vs VAL=3948.00
2026-02-05 15:46:51,062 [INFO]     NSE:BSE-EQ | CVD=-108899 vs Ref=-314646 | Close=2892.20 vs VAL=2847.60
2026-02-05 15:46:51,275 [INFO]     NSE:ANGELONE-EQ | CVD=-126382 vs Ref=-91451 | Close=2645.00 vs VAL=2628.90
2026-02-05 15:46:51,499 [INFO]     NSE:ADANIENT-EQ | CVD=-31024 vs Ref=-58526 | Close=2236.60 vs VAL=2211.70
2026-02-05 15:46:51,804 [INFO]     NSE:BDL-EQ | CVD=-197466 vs Ref=-330233 | Close=1273.30 vs VAL=1251.00
2026-02-05 15:46:52,060 [INFO]     NSE:SONACOMS-EQ | CVD=140393 vs Ref=-62639 | Close=524.25 vs VAL=523.25
2026-02-05 15:46:52,325 [INFO]     NSE:ABCAPITAL-EQ | CVD=1573563 vs Ref=-299790 | Close=344.65 vs VAL=335.00
2026-02-05 15:46:52,621 [INFO]     NSE:LTF-EQ | CVD=-358898 vs Ref=-448884 | Close=283.40 vs VAL=278.70
2026-02-05 15:47:52,622 [INFO] 🔍 Scanning for alerts on 9 symbols (5min)...
2026-02-05 15:47:52,813 [INFO]     NSE:LT-EQ | CVD=-143517 vs Ref=-83058 | Close=4063.30 vs VAL=4038.55
2026-02-05 15:47:53,044 [INFO]     NSE:HAL-EQ | CVD=-596337 vs Ref=-906192 | Close=4035.50 vs VAL=3948.00
2026-02-05 15:47:53,330 [INFO]     NSE:BSE-EQ | CVD=-108899 vs Ref=-314646 | Close=2892.20 vs VAL=2847.60
2026-02-05 15:47:53,599 [INFO]     NSE:ANGELONE-EQ | CVD=-126365 vs Ref=-91451 | Close=2645.00 vs VAL=2628.90
2026-02-05 15:47:53,860 [INFO]     NSE:ADANIENT-EQ | CVD=-31024 vs Ref=-58526 | Close=2236.60 vs VAL=2211.70
2026-02-05 15:47:54,067 [INFO]     NSE:BDL-EQ | CVD=-197466 vs Ref=-330233 | Close=1273.30 vs VAL=1251.00
2026-02-05 15:47:54,297 [INFO]     NSE:SONACOMS-EQ | CVD=140393 vs Ref=-62639 | Close=524.25 vs VAL=523.25
2026-02-05 15:47:54,509 [INFO]     NSE:ABCAPITAL-EQ | CVD=1573493 vs Ref=-299790 | Close=344.65 vs VAL=335.00
2026-02-05 15:47:54,743 [INFO]     NSE:LTF-EQ | CVD=-358898 vs Ref=-448884 | Close=283.40 vs VAL=278.70
2026-02-05 15:48:54,745 [INFO] 🔍 Scanning for alerts on 9 symbols (5min)...
2026-02-05 15:48:54,940 [INFO]     NSE:LT-EQ | CVD=-143517 vs Ref=-83058 | Close=4063.30 vs VAL=4038.55
2026-02-05 15:48:55,193 [INFO]     NSE:HAL-EQ | CVD=-596337 vs Ref=-906192 | Close=4035.50 vs VAL=3948.00
2026-02-05 15:48:55,411 [INFO]     NSE:BSE-EQ | CVD=-108899 vs Ref=-314646 | Close=2892.20 vs VAL=2847.60
2026-02-05 15:48:55,615 [INFO]     NSE:ANGELONE-EQ | CVD=-126365 vs Ref=-91451 | Close=2645.00 vs VAL=2628.90
2026-02-05 15:48:55,852 [INFO]     NSE:ADANIENT-EQ | CVD=-31024 vs Ref=-58526 | Close=2236.60 vs VAL=2211.70
2026-02-05 15:48:56,104 [INFO]     NSE:BDL-EQ | CVD=-197466 vs Ref=-330233 | Close=1273.30 vs VAL=1251.00
2026-02-05 15:48:56,340 [INFO]     NSE:SONACOMS-EQ | CVD=140393 vs Ref=-62639 | Close=524.25 vs VAL=523.25
2026-02-05 15:48:56,552 [INFO]     NSE:ABCAPITAL-EQ | CVD=1573493 vs Ref=-299790 | Close=344.65 vs VAL=335.00
2026-02-05 15:48:56,780 [INFO]     NSE:LTF-EQ | CVD=-356823 vs Ref=-448884 | Close=283.40 vs VAL=278.70
2026-02-05 15:49:56,781 [INFO] 🔍 Scanning for alerts on 9 symbols (5min)...
2026-02-05 15:49:56,975 [INFO]     NSE:LT-EQ | CVD=-143517 vs Ref=-83058 | Close=4063.30 vs VAL=4038.55
2026-02-05 15:49:57,198 [INFO]     NSE:HAL-EQ | CVD=-596337 vs Ref=-906192 | Close=4035.50 vs VAL=3948.00
2026-02-05 15:49:57,411 [INFO]     NSE:BSE-EQ | CVD=-108899 vs Ref=-314646 | Close=2892.20 vs VAL=2847.60
2026-02-05 15:49:57,644 [INFO]     NSE:ANGELONE-EQ | CVD=-126365 vs Ref=-91451 | Close=2645.00 vs VAL=2628.90
2026-02-05 15:49:57,858 [INFO]     NSE:ADANIENT-EQ | CVD=-31024 vs Ref=-58526 | Close=2236.60 vs VAL=2211.70
2026-02-05 15:49:58,071 [INFO]     NSE:BDL-EQ | CVD=-197570 vs Ref=-330233 | Close=1273.30 vs VAL=1251.00
2026-02-05 15:49:58,295 [INFO]     NSE:SONACOMS-EQ | CVD=140393 vs Ref=-62639 | Close=524.25 vs VAL=523.25
2026-02-05 15:49:58,577 [INFO]     NSE:ABCAPITAL-EQ | CVD=1573493 vs Ref=-299790 | Close=344.65 vs VAL=335.00
2026-02-05 15:49:58,856 [INFO]     NSE:LTF-EQ | CVD=-356823 vs Ref=-448884 | Close=283.40 vs VAL=278.70
2026-02-05 15:50:58,857 [INFO] 🔍 Scanning for alerts on 9 symbols (5min)...
2026-02-05 15:50:59,385 [INFO]     NSE:LT-EQ | CVD=-143517 vs Ref=-83058 | Close=4063.30 vs VAL=4038.55
2026-02-05 15:50:59,841 [INFO]     NSE:HAL-EQ | CVD=-596337 vs Ref=-906192 | Close=4035.50 vs VAL=3948.00
2026-02-05 15:51:00,189 [INFO]     NSE:BSE-EQ | CVD=-108899 vs Ref=-314646 | Close=2892.20 vs VAL=2847.60
2026-02-05 15:51:00,567 [INFO]     NSE:ANGELONE-EQ | CVD=-126365 vs Ref=-91451 | Close=2645.00 vs VAL=2628.90
2026-02-05 15:51:00,957 [INFO]     NSE:ADANIENT-EQ | CVD=-31024 vs Ref=-58526 | Close=2236.60 vs VAL=2211.70
2026-02-05 15:51:01,384 [INFO]     NSE:BDL-EQ | CVD=-197570 vs Ref=-330233 | Close=1273.30 vs VAL=1251.00
2026-02-05 15:51:01,881 [INFO]     NSE:SONACOMS-EQ | CVD=140393 vs Ref=-62639 | Close=524.25 vs VAL=523.25
2026-02-05 15:51:02,552 [INFO]     NSE:ABCAPITAL-EQ | CVD=1573493 vs Ref=-299790 | Close=344.65 vs VAL=335.00
2026-02-05 15:51:03,526 [INFO]     NSE:LTF-EQ | CVD=-356823 vs Ref=-448884 | Close=283.40 vs VAL=278.70
2026-02-05 15:51:22,301 [INFO] 👋 Monitoring stopped by user.
