2026-02-06 10:34:02,685 [INFO] ==================================================
2026-02-06 10:34:02,686 [INFO] 🚀 INITIALIZING SELL ALERTS (5min)
2026-02-06 10:34:02,686 [INFO] ==================================================
2026-02-06 10:34:02,687 [INFO] 📅 FRVP Configuration:
2026-02-06 10:34:02,687 [INFO]    • Range: 09:15 - 10:25
2026-02-06 10:34:02,688 [INFO]    • Rows: 24 | VA%: 70
2026-02-06 10:34:02,688 [INFO] 
🌊 CVD Configuration:
2026-02-06 10:34:02,689 [INFO]    • Anchor: D
2026-02-06 10:34:02,689 [INFO]    • Ref Candles: First 16 candles of the day
2026-02-06 10:34:02,689 [INFO] --------------------------------------------------
2026-02-06 10:34:02,690 [INFO] ⏳ calculating reference levels for all symbols...
2026-02-06 10:34:03,055 [INFO] ✅ NSE:SOLARINDS-EQ     | CVD Ref (1st 16 c): -14280 | FRVP VAL: 13053.00
2026-02-06 10:34:03,232 [INFO] ✅ NSE:OFSS-EQ          | CVD Ref (1st 16 c): -41309 | FRVP VAL:  7164.00
2026-02-06 10:34:03,426 [INFO] ✅ NSE:LTIM-EQ          | CVD Ref (1st 16 c): -39087 | FRVP VAL:  5516.50
2026-02-06 10:34:03,664 [INFO] ✅ NSE:TATAELXSI-EQ     | CVD Ref (1st 16 c): -36986 | FRVP VAL:  5237.70
2026-02-06 10:34:03,888 [INFO] ✅ NSE:MUTHOOTFIN-EQ    | CVD Ref (1st 16 c): -45990 | FRVP VAL:  3488.40
2026-02-06 10:34:04,065 [INFO] ✅ NSE:ANGELONE-EQ      | CVD Ref (1st 16 c): -38939 | FRVP VAL:  2576.40
2026-02-06 10:34:04,263 [INFO] ✅ NSE:TECHM-EQ         | CVD Ref (1st 16 c): -128591 | FRVP VAL:  1616.75
2026-02-06 10:34:04,496 [INFO] ✅ NSE:COFORGE-EQ       | CVD Ref (1st 16 c): -459286 | FRVP VAL:  1535.00
2026-02-06 10:34:04,689 [INFO] ✅ NSE:DRREDDY-EQ       | CVD Ref (1st 16 c): -57212 | FRVP VAL:  1227.40
2026-02-06 10:34:04,903 [INFO] ✅ NSE:KPITTECH-EQ      | CVD Ref (1st 16 c): -67902 | FRVP VAL:   948.20
2026-02-06 10:34:05,049 [INFO] ✅ NSE:LAURUSLABS-EQ    | CVD Ref (1st 16 c): -150837 | FRVP VAL:   944.80
2026-02-06 10:34:05,258 [INFO] ✅ NSE:ZYDUSLIFE-EQ     | CVD Ref (1st 16 c): -48650 | FRVP VAL:   884.85
2026-02-06 10:34:05,448 [INFO] ✅ NSE:CAMS-EQ          | CVD Ref (1st 16 c): -75694 | FRVP VAL:   711.90
2026-02-06 10:34:05,638 [INFO] ✅ NSE:TATATECH-EQ      | CVD Ref (1st 16 c): -264875 | FRVP VAL:   622.20
2026-02-06 10:34:05,803 [INFO] ✅ NSE:BEL-EQ           | CVD Ref (1st 16 c): -426850 | FRVP VAL:   426.65
2026-02-06 10:34:05,977 [INFO] ✅ NSE:RECLTD-EQ        | CVD Ref (1st 16 c): -973015 | FRVP VAL:   368.80
2026-02-06 10:34:06,148 [INFO] ✅ NSE:NATIONALUM-EQ    | CVD Ref (1st 16 c): -822912 | FRVP VAL:   351.00
2026-02-06 10:34:06,318 [INFO] ✅ NSE:RVNL-EQ          | CVD Ref (1st 16 c): -525205 | FRVP VAL:   311.60
2026-02-06 10:34:06,470 [INFO] ✅ NSE:BHEL-EQ          | CVD Ref (1st 16 c): -174825 | FRVP VAL:   264.80
2026-02-06 10:34:06,646 [INFO] ✅ NSE:HUDCO-EQ         | CVD Ref (1st 16 c): -503347 | FRVP VAL:   189.00
2026-02-06 10:34:06,854 [INFO] ✅ NSE:IREDA-EQ         | CVD Ref (1st 16 c): -1096992 | FRVP VAL:   126.45
2026-02-06 10:34:07,067 [INFO] ✅ NSE:IEX-EQ           | CVD Ref (1st 16 c): -1244704 | FRVP VAL:   120.45
2026-02-06 10:34:07,232 [INFO] ✅ NSE:IRFC-EQ          | CVD Ref (1st 16 c): -1465174 | FRVP VAL:   113.05
2026-02-06 10:34:07,396 [INFO] ✅ NSE:GMRAIRPORT-EQ    | CVD Ref (1st 16 c): -935696 | FRVP VAL:    96.05
2026-02-06 10:34:07,574 [INFO] ✅ NSE:IDEA-EQ          | CVD Ref (1st 16 c): -18590199 | FRVP VAL:    11.05
2026-02-06 10:34:07,575 [INFO] ==================================================

2026-02-06 10:34:07,575 [INFO] 🚀 SELL Alert Monitoring Started...
2026-02-06 10:34:07,576 [INFO] 🔍 Scanning for alerts on 25 symbols (5min)...
2026-02-06 10:34:07,923 [INFO] 📡 Sending order request for NSE:SOLARINDS-EQ to http://localhost:4000/postOrder...
2026-02-06 10:34:12,016 [ERROR] ❌ Failed to send order request for NSE:SOLARINDS-EQ: HTTPConnectionPool(host='localhost', port=4000): Max retries exceeded with url: /postOrder (Caused by NewConnectionError("HTTPConnection(host='localhost', port=4000): Failed to establish a new connection: [WinError 10061] No connection could be made because the target machine actively refused it"))
2026-02-06 10:34:12,016 [INFO]     NSE:SOLARINDS-EQ | CVD=-16298 vs Ref=-14280 | Close=13005.00 vs VAL=13053.00
2026-02-06 10:34:12,266 [INFO]     NSE:OFSS-EQ | CVD=-42707 vs Ref=-41309 | Close=7201.50 vs VAL=7164.00
2026-02-06 10:34:12,504 [INFO]     NSE:LTIM-EQ | CVD=-24698 vs Ref=-39087 | Close=5558.50 vs VAL=5516.50
2026-02-06 10:34:12,771 [INFO] 📡 Sending order request for NSE:TATAELXSI-EQ to http://localhost:4000/postOrder...
2026-02-06 10:34:16,850 [ERROR] ❌ Failed to send order request for NSE:TATAELXSI-EQ: HTTPConnectionPool(host='localhost', port=4000): Max retries exceeded with url: /postOrder (Caused by NewConnectionError("HTTPConnection(host='localhost', port=4000): Failed to establish a new connection: [WinError 10061] No connection could be made because the target machine actively refused it"))
2026-02-06 10:34:16,850 [INFO]     NSE:TATAELXSI-EQ | CVD=-39028 vs Ref=-36986 | Close=5230.00 vs VAL=5237.70
2026-02-06 10:34:17,122 [INFO]     NSE:MUTHOOTFIN-EQ | CVD=-43943 vs Ref=-45990 | Close=3494.70 vs VAL=3488.40
2026-02-06 10:34:17,346 [INFO]     NSE:ANGELONE-EQ | CVD=-4630 vs Ref=-38939 | Close=2581.20 vs VAL=2576.40
2026-02-06 10:34:17,623 [INFO]     NSE:TECHM-EQ | CVD=-54061 vs Ref=-128591 | Close=1613.70 vs VAL=1616.75
2026-02-06 10:34:17,895 [INFO]     NSE:COFORGE-EQ | CVD=-397915 vs Ref=-459286 | Close=1539.40 vs VAL=1535.00
2026-02-06 10:34:17,988 [INFO] 👋 Monitoring stopped by user.
2026-02-06 10:34:33,962 [INFO] ==================================================
2026-02-06 10:34:33,962 [INFO] 🚀 INITIALIZING SELL ALERTS (5min)
2026-02-06 10:34:33,962 [INFO] ==================================================
2026-02-06 10:34:33,963 [INFO] 📅 FRVP Configuration:
2026-02-06 10:34:33,963 [INFO]    • Range: 09:15 - 10:25
2026-02-06 10:34:33,964 [INFO]    • Rows: 24 | VA%: 70
2026-02-06 10:34:33,965 [INFO] 
🌊 CVD Configuration:
2026-02-06 10:34:33,965 [INFO]    • Anchor: D
2026-02-06 10:34:33,965 [INFO]    • Ref Candles: First 16 candles of the day
2026-02-06 10:34:33,967 [INFO] --------------------------------------------------
2026-02-06 10:34:33,967 [INFO] ⏳ calculating reference levels for all symbols...
2026-02-06 10:34:34,252 [INFO] ✅ NSE:SOLARINDS-EQ     | CVD Ref (1st 16 c): -14280 | FRVP VAL: 13053.00
2026-02-06 10:34:34,506 [INFO] ✅ NSE:OFSS-EQ          | CVD Ref (1st 16 c): -41309 | FRVP VAL:  7164.00
2026-02-06 10:34:34,691 [INFO] ✅ NSE:LTIM-EQ          | CVD Ref (1st 16 c): -39087 | FRVP VAL:  5516.50
2026-02-06 10:34:34,860 [INFO] ✅ NSE:TATAELXSI-EQ     | CVD Ref (1st 16 c): -36986 | FRVP VAL:  5237.70
2026-02-06 10:34:35,032 [INFO] ✅ NSE:MUTHOOTFIN-EQ    | CVD Ref (1st 16 c): -45990 | FRVP VAL:  3488.40
2026-02-06 10:34:35,212 [INFO] ✅ NSE:ANGELONE-EQ      | CVD Ref (1st 16 c): -38939 | FRVP VAL:  2576.40
2026-02-06 10:34:35,399 [INFO] ✅ NSE:TECHM-EQ         | CVD Ref (1st 16 c): -128591 | FRVP VAL:  1616.75
2026-02-06 10:34:35,603 [INFO] ✅ NSE:COFORGE-EQ       | CVD Ref (1st 16 c): -459286 | FRVP VAL:  1535.00
2026-02-06 10:34:35,776 [INFO] ✅ NSE:DRREDDY-EQ       | CVD Ref (1st 16 c): -57212 | FRVP VAL:  1227.40
2026-02-06 10:34:35,952 [INFO] ✅ NSE:KPITTECH-EQ      | CVD Ref (1st 16 c): -67902 | FRVP VAL:   948.20
2026-02-06 10:34:36,144 [INFO] ✅ NSE:LAURUSLABS-EQ    | CVD Ref (1st 16 c): -150837 | FRVP VAL:   944.80
2026-02-06 10:34:36,320 [INFO] ✅ NSE:ZYDUSLIFE-EQ     | CVD Ref (1st 16 c): -48650 | FRVP VAL:   884.85
2026-02-06 10:34:36,490 [INFO] ✅ NSE:CAMS-EQ          | CVD Ref (1st 16 c): -75694 | FRVP VAL:   711.90
2026-02-06 10:34:36,673 [INFO] ✅ NSE:TATATECH-EQ      | CVD Ref (1st 16 c): -264875 | FRVP VAL:   622.20
2026-02-06 10:34:36,892 [INFO] ✅ NSE:BEL-EQ           | CVD Ref (1st 16 c): -426850 | FRVP VAL:   426.65
2026-02-06 10:34:37,128 [INFO] ✅ NSE:RECLTD-EQ        | CVD Ref (1st 16 c): -973015 | FRVP VAL:   368.80
2026-02-06 10:34:37,309 [INFO] ✅ NSE:NATIONALUM-EQ    | CVD Ref (1st 16 c): -822912 | FRVP VAL:   351.00
2026-02-06 10:34:37,576 [INFO] ✅ NSE:RVNL-EQ          | CVD Ref (1st 16 c): -525205 | FRVP VAL:   311.60
2026-02-06 10:34:37,832 [INFO] ✅ NSE:BHEL-EQ          | CVD Ref (1st 16 c): -174825 | FRVP VAL:   264.80
2026-02-06 10:34:37,979 [INFO] ✅ NSE:HUDCO-EQ         | CVD Ref (1st 16 c): -503347 | FRVP VAL:   189.00
2026-02-06 10:34:38,204 [INFO] ✅ NSE:IREDA-EQ         | CVD Ref (1st 16 c): -1096992 | FRVP VAL:   126.45
2026-02-06 10:34:38,402 [INFO] ✅ NSE:IEX-EQ           | CVD Ref (1st 16 c): -1244704 | FRVP VAL:   120.45
2026-02-06 10:34:38,588 [INFO] ✅ NSE:IRFC-EQ          | CVD Ref (1st 16 c): -1465174 | FRVP VAL:   113.05
2026-02-06 10:34:38,745 [INFO] ✅ NSE:GMRAIRPORT-EQ    | CVD Ref (1st 16 c): -935696 | FRVP VAL:    96.05
2026-02-06 10:34:38,922 [INFO] ✅ NSE:IDEA-EQ          | CVD Ref (1st 16 c): -18590199 | FRVP VAL:    11.05
2026-02-06 10:34:38,922 [INFO] ==================================================

2026-02-06 10:34:38,923 [INFO] 🚀 SELL Alert Monitoring Started...
2026-02-06 10:34:38,923 [INFO] 🔍 Scanning for alerts on 25 symbols (5min)...
2026-02-06 10:34:39,170 [INFO] 📡 Sending order request for NSE:SOLARINDS-EQ to http://localhost:4000/postOrder...
2026-02-06 10:34:40,828 [INFO] 📩 Server Response: 200 - {"message":"Order execution triggered","status":"success","receivedData":{"ticker":"NSE:SOLARINDS-EQ","action":"SELL","close":13005}}
2026-02-06 10:34:40,829 [INFO]     NSE:SOLARINDS-EQ | CVD=-16298 vs Ref=-14280 | Close=13005.00 vs VAL=13053.00
2026-02-06 10:34:41,232 [INFO]     NSE:OFSS-EQ | CVD=-42707 vs Ref=-41309 | Close=7201.50 vs VAL=7164.00
2026-02-06 10:34:41,791 [INFO]     NSE:LTIM-EQ | CVD=-24698 vs Ref=-39087 | Close=5558.50 vs VAL=5516.50
2026-02-06 10:34:42,275 [INFO] 📡 Sending order request for NSE:TATAELXSI-EQ to http://localhost:4000/postOrder...
2026-02-06 10:34:42,319 [INFO] 📩 Server Response: 200 - {"message":"Order execution triggered","status":"success","receivedData":{"ticker":"NSE:TATAELXSI-EQ","action":"SELL","close":5230}}
2026-02-06 10:34:42,320 [INFO]     NSE:TATAELXSI-EQ | CVD=-39028 vs Ref=-36986 | Close=5230.00 vs VAL=5237.70
2026-02-06 10:34:42,703 [INFO]     NSE:MUTHOOTFIN-EQ | CVD=-43943 vs Ref=-45990 | Close=3494.70 vs VAL=3488.40
2026-02-06 10:34:43,061 [INFO]     NSE:ANGELONE-EQ | CVD=-4630 vs Ref=-38939 | Close=2581.20 vs VAL=2576.40
2026-02-06 10:34:43,344 [INFO]     NSE:TECHM-EQ | CVD=-54061 vs Ref=-128591 | Close=1613.70 vs VAL=1616.75
2026-02-06 10:34:43,593 [INFO]     NSE:COFORGE-EQ | CVD=-397915 vs Ref=-459286 | Close=1539.40 vs VAL=1535.00
2026-02-06 10:34:43,895 [INFO]     NSE:DRREDDY-EQ | CVD=-58103 vs Ref=-57212 | Close=1228.80 vs VAL=1227.40
2026-02-06 10:34:44,285 [INFO]     NSE:KPITTECH-EQ | CVD=-48086 vs Ref=-67902 | Close=949.20 vs VAL=948.20
2026-02-06 10:34:44,632 [INFO]     NSE:LAURUSLABS-EQ | CVD=-123126 vs Ref=-150837 | Close=945.80 vs VAL=944.80
2026-02-06 10:34:45,069 [INFO]     NSE:ZYDUSLIFE-EQ | CVD=-28486 vs Ref=-48650 | Close=888.25 vs VAL=884.85
2026-02-06 10:34:45,451 [INFO]     NSE:CAMS-EQ | CVD=-73055 vs Ref=-75694 | Close=711.35 vs VAL=711.90
2026-02-06 10:34:45,875 [INFO] 📡 Sending order request for NSE:TATATECH-EQ to http://localhost:4000/postOrder...
2026-02-06 10:34:45,912 [INFO] 📩 Server Response: 200 - {"message":"Order execution triggered","status":"success","receivedData":{"ticker":"NSE:TATATECH-EQ","action":"SELL","close":620}}
2026-02-06 10:34:45,914 [INFO]     NSE:TATATECH-EQ | CVD=-301415 vs Ref=-264875 | Close=620.00 vs VAL=622.20
2026-02-06 10:34:46,229 [INFO]     NSE:BEL-EQ | CVD=233165 vs Ref=-426850 | Close=426.60 vs VAL=426.65
2026-02-06 10:34:46,494 [INFO]     NSE:RECLTD-EQ | CVD=-616208 vs Ref=-973015 | Close=372.00 vs VAL=368.80
2026-02-06 10:34:46,732 [INFO]     NSE:NATIONALUM-EQ | CVD=-807941 vs Ref=-822912 | Close=350.00 vs VAL=351.00
2026-02-06 10:34:47,011 [INFO]     NSE:RVNL-EQ | CVD=-412870 vs Ref=-525205 | Close=311.60 vs VAL=311.60
2026-02-06 10:34:47,275 [INFO]     NSE:BHEL-EQ | CVD=-165916 vs Ref=-174825 | Close=264.60 vs VAL=264.80
2026-02-06 10:34:47,509 [INFO]     NSE:HUDCO-EQ | CVD=-491394 vs Ref=-503347 | Close=188.47 vs VAL=189.00
2026-02-06 10:34:47,812 [INFO]     NSE:IREDA-EQ | CVD=-856352 vs Ref=-1096992 | Close=126.66 vs VAL=126.45
2026-02-06 10:34:48,188 [INFO]     NSE:IEX-EQ | CVD=-1102513 vs Ref=-1244704 | Close=120.88 vs VAL=120.45
2026-02-06 10:34:48,590 [INFO]     NSE:IRFC-EQ | CVD=-1416983 vs Ref=-1465174 | Close=113.16 vs VAL=113.05
2026-02-06 10:34:48,844 [INFO]     NSE:GMRAIRPORT-EQ | CVD=-670726 vs Ref=-935696 | Close=96.56 vs VAL=96.05
2026-02-06 10:34:49,125 [INFO]     NSE:IDEA-EQ | CVD=-17010223 vs Ref=-18590199 | Close=11.02 vs VAL=11.05
2026-02-06 10:35:49,126 [INFO] 🔍 Scanning for alerts on 22 symbols (5min)...
2026-02-06 10:35:49,353 [INFO]     NSE:OFSS-EQ | CVD=-42707 vs Ref=-41309 | Close=7201.50 vs VAL=7164.00
2026-02-06 10:35:49,599 [INFO]     NSE:LTIM-EQ | CVD=-24698 vs Ref=-39087 | Close=5558.50 vs VAL=5516.50
2026-02-06 10:35:49,815 [INFO]     NSE:MUTHOOTFIN-EQ | CVD=-43943 vs Ref=-45990 | Close=3494.70 vs VAL=3488.40
2026-02-06 10:35:50,078 [INFO]     NSE:ANGELONE-EQ | CVD=-4630 vs Ref=-38939 | Close=2581.20 vs VAL=2576.40
2026-02-06 10:35:50,302 [INFO]     NSE:TECHM-EQ | CVD=-54061 vs Ref=-128591 | Close=1613.70 vs VAL=1616.75
2026-02-06 10:35:50,547 [INFO]     NSE:COFORGE-EQ | CVD=-397915 vs Ref=-459286 | Close=1539.40 vs VAL=1535.00
2026-02-06 10:35:50,820 [INFO]     NSE:DRREDDY-EQ | CVD=-58103 vs Ref=-57212 | Close=1228.80 vs VAL=1227.40
2026-02-06 10:35:51,086 [INFO]     NSE:KPITTECH-EQ | CVD=-48086 vs Ref=-67902 | Close=949.20 vs VAL=948.20
2026-02-06 10:35:51,390 [INFO]     NSE:LAURUSLABS-EQ | CVD=-123126 vs Ref=-150837 | Close=945.80 vs VAL=944.80
2026-02-06 10:35:51,640 [INFO]     NSE:ZYDUSLIFE-EQ | CVD=-28486 vs Ref=-48650 | Close=888.25 vs VAL=884.85
2026-02-06 10:35:51,900 [INFO]     NSE:CAMS-EQ | CVD=-73055 vs Ref=-75694 | Close=711.35 vs VAL=711.90
2026-02-06 10:35:52,152 [INFO]     NSE:BEL-EQ | CVD=233165 vs Ref=-426850 | Close=426.60 vs VAL=426.65
2026-02-06 10:35:52,411 [INFO]     NSE:RECLTD-EQ | CVD=-616208 vs Ref=-973015 | Close=372.00 vs VAL=368.80
2026-02-06 10:35:52,762 [INFO]     NSE:NATIONALUM-EQ | CVD=-807941 vs Ref=-822912 | Close=350.00 vs VAL=351.00
2026-02-06 10:35:53,143 [INFO]     NSE:RVNL-EQ | CVD=-412870 vs Ref=-525205 | Close=311.60 vs VAL=311.60
2026-02-06 10:35:53,403 [INFO]     NSE:BHEL-EQ | CVD=-165916 vs Ref=-174825 | Close=264.60 vs VAL=264.80
2026-02-06 10:35:53,649 [INFO]     NSE:HUDCO-EQ | CVD=-491394 vs Ref=-503347 | Close=188.47 vs VAL=189.00
2026-02-06 10:35:53,942 [INFO]     NSE:IREDA-EQ | CVD=-856352 vs Ref=-1096992 | Close=126.66 vs VAL=126.45
2026-02-06 10:35:54,224 [INFO]     NSE:IEX-EQ | CVD=-1102513 vs Ref=-1244704 | Close=120.88 vs VAL=120.45
2026-02-06 10:35:54,510 [INFO]     NSE:IRFC-EQ | CVD=-1416983 vs Ref=-1465174 | Close=113.16 vs VAL=113.05
2026-02-06 10:35:54,845 [INFO]     NSE:GMRAIRPORT-EQ | CVD=-670726 vs Ref=-935696 | Close=96.56 vs VAL=96.05
2026-02-06 10:35:55,095 [INFO]     NSE:IDEA-EQ | CVD=-17010223 vs Ref=-18590199 | Close=11.02 vs VAL=11.05
2026-02-06 10:36:55,096 [INFO] 🔍 Scanning for alerts on 22 symbols (5min)...
2026-02-06 10:36:55,345 [INFO]     NSE:OFSS-EQ | CVD=-42256 vs Ref=-41309 | Close=7204.00 vs VAL=7164.00
2026-02-06 10:36:55,593 [INFO]     NSE:LTIM-EQ | CVD=-25065 vs Ref=-39087 | Close=5551.00 vs VAL=5516.50
2026-02-06 10:36:55,824 [INFO]     NSE:MUTHOOTFIN-EQ | CVD=-43077 vs Ref=-45990 | Close=3496.60 vs VAL=3488.40
2026-02-06 10:36:56,189 [INFO]     NSE:ANGELONE-EQ | CVD=-5432 vs Ref=-38939 | Close=2581.90 vs VAL=2576.40
2026-02-06 10:36:57,998 [INFO]     NSE:TECHM-EQ | CVD=-45526 vs Ref=-128591 | Close=1615.20 vs VAL=1616.75
2026-02-06 10:36:58,228 [INFO]     NSE:COFORGE-EQ | CVD=-391344 vs Ref=-459286 | Close=1541.00 vs VAL=1535.00
2026-02-06 10:36:58,428 [INFO] 📡 Sending order request for NSE:DRREDDY-EQ to http://localhost:4000/postOrder...
2026-02-06 10:36:58,462 [INFO] 📩 Server Response: 200 - {"message":"Order execution triggered","status":"success","receivedData":{"ticker":"NSE:DRREDDY-EQ","action":"SELL","close":1227}}
2026-02-06 10:36:58,463 [INFO]     NSE:DRREDDY-EQ | CVD=-60059 vs Ref=-57212 | Close=1227.00 vs VAL=1227.40
2026-02-06 10:36:58,694 [INFO]     NSE:KPITTECH-EQ | CVD=-53639 vs Ref=-67902 | Close=948.40 vs VAL=948.20
2026-02-06 10:36:58,977 [INFO]     NSE:LAURUSLABS-EQ | CVD=-113100 vs Ref=-150837 | Close=946.15 vs VAL=944.80
2026-02-06 10:36:59,214 [INFO]     NSE:ZYDUSLIFE-EQ | CVD=-31285 vs Ref=-48650 | Close=887.80 vs VAL=884.85
2026-02-06 10:36:59,419 [INFO]     NSE:CAMS-EQ | CVD=-72820 vs Ref=-75694 | Close=711.00 vs VAL=711.90
2026-02-06 10:36:59,638 [INFO]     NSE:BEL-EQ | CVD=243982 vs Ref=-426850 | Close=426.45 vs VAL=426.65
2026-02-06 10:36:59,868 [INFO]     NSE:RECLTD-EQ | CVD=-602192 vs Ref=-973015 | Close=371.15 vs VAL=368.80
2026-02-06 10:37:00,104 [INFO] 📡 Sending order request for NSE:NATIONALUM-EQ to http://localhost:4000/postOrder...
2026-02-06 10:37:00,134 [INFO] 📩 Server Response: 200 - {"message":"Order execution triggered","status":"success","receivedData":{"ticker":"NSE:NATIONALUM-EQ","action":"SELL","close":349.6}}
2026-02-06 10:37:00,134 [INFO]     NSE:NATIONALUM-EQ | CVD=-912428 vs Ref=-822912 | Close=349.60 vs VAL=351.00
2026-02-06 10:37:00,417 [INFO]     NSE:RVNL-EQ | CVD=-398611 vs Ref=-525205 | Close=311.85 vs VAL=311.60
2026-02-06 10:37:00,633 [INFO] 📡 Sending order request for NSE:BHEL-EQ to http://localhost:4000/postOrder...
2026-02-06 10:37:00,677 [INFO] 📩 Server Response: 200 - {"message":"Order execution triggered","status":"success","receivedData":{"ticker":"NSE:BHEL-EQ","action":"SELL","close":264.45}}
2026-02-06 10:37:00,678 [INFO]     NSE:BHEL-EQ | CVD=-180679 vs Ref=-174825 | Close=264.45 vs VAL=264.80
2026-02-06 10:37:01,014 [INFO] 📡 Sending order request for NSE:HUDCO-EQ to http://localhost:4000/postOrder...
2026-02-06 10:37:01,060 [INFO] 📩 Server Response: 200 - {"message":"Order execution triggered","status":"success","receivedData":{"ticker":"NSE:HUDCO-EQ","action":"SELL","close":187.8}}
2026-02-06 10:37:01,061 [INFO]     NSE:HUDCO-EQ | CVD=-715766 vs Ref=-503347 | Close=187.80 vs VAL=189.00
2026-02-06 10:37:01,550 [INFO]     NSE:IREDA-EQ | CVD=-959643 vs Ref=-1096992 | Close=126.46 vs VAL=126.45
2026-02-06 10:37:02,073 [INFO] 📡 Sending order request for NSE:IEX-EQ to http://localhost:4000/postOrder...
2026-02-06 10:37:02,116 [INFO] 📩 Server Response: 200 - {"message":"Order execution triggered","status":"success","receivedData":{"ticker":"NSE:IEX-EQ","action":"SELL","close":120.39}}
2026-02-06 10:37:02,117 [INFO]     NSE:IEX-EQ | CVD=-1330530 vs Ref=-1244704 | Close=120.39 vs VAL=120.45
2026-02-06 10:37:02,600 [INFO]     NSE:IRFC-EQ | CVD=-1513311 vs Ref=-1465174 | Close=113.10 vs VAL=113.05
2026-02-06 10:37:03,365 [INFO]     NSE:GMRAIRPORT-EQ | CVD=-850088 vs Ref=-935696 | Close=96.28 vs VAL=96.05
2026-02-06 10:37:04,500 [INFO] 📡 Sending order request for NSE:IDEA-EQ to http://localhost:4000/postOrder...
2026-02-06 10:37:04,605 [INFO] 📩 Server Response: 200 - {"message":"Order execution triggered","status":"success","receivedData":{"ticker":"NSE:IDEA-EQ","action":"SELL","close":10.99}}
2026-02-06 10:37:04,610 [INFO]     NSE:IDEA-EQ | CVD=-23765612 vs Ref=-18590199 | Close=10.99 vs VAL=11.05
2026-02-06 10:38:04,613 [INFO] 🔍 Scanning for alerts on 16 symbols (5min)...
2026-02-06 10:38:04,898 [INFO]     NSE:OFSS-EQ | CVD=-42256 vs Ref=-41309 | Close=7204.00 vs VAL=7164.00
2026-02-06 10:38:05,097 [INFO]     NSE:LTIM-EQ | CVD=-25065 vs Ref=-39087 | Close=5551.00 vs VAL=5516.50
2026-02-06 10:38:05,321 [INFO]     NSE:MUTHOOTFIN-EQ | CVD=-43077 vs Ref=-45990 | Close=3496.60 vs VAL=3488.40
2026-02-06 10:38:05,556 [INFO]     NSE:ANGELONE-EQ | CVD=-5432 vs Ref=-38939 | Close=2581.90 vs VAL=2576.40
2026-02-06 10:38:05,762 [INFO]     NSE:TECHM-EQ | CVD=-45526 vs Ref=-128591 | Close=1615.20 vs VAL=1616.75
2026-02-06 10:38:06,020 [INFO]     NSE:COFORGE-EQ | CVD=-391344 vs Ref=-459286 | Close=1541.00 vs VAL=1535.00
2026-02-06 10:38:06,331 [INFO]     NSE:KPITTECH-EQ | CVD=-53639 vs Ref=-67902 | Close=948.40 vs VAL=948.20
2026-02-06 10:38:06,675 [INFO]     NSE:LAURUSLABS-EQ | CVD=-113100 vs Ref=-150837 | Close=946.15 vs VAL=944.80
2026-02-06 10:38:06,946 [INFO]     NSE:ZYDUSLIFE-EQ | CVD=-31285 vs Ref=-48650 | Close=887.80 vs VAL=884.85
2026-02-06 10:38:07,240 [INFO]     NSE:CAMS-EQ | CVD=-72820 vs Ref=-75694 | Close=711.00 vs VAL=711.90
2026-02-06 10:38:07,482 [INFO]     NSE:BEL-EQ | CVD=243982 vs Ref=-426850 | Close=426.45 vs VAL=426.65
2026-02-06 10:38:07,731 [INFO]     NSE:RECLTD-EQ | CVD=-602192 vs Ref=-973015 | Close=371.15 vs VAL=368.80
2026-02-06 10:38:07,958 [INFO]     NSE:RVNL-EQ | CVD=-398611 vs Ref=-525205 | Close=311.85 vs VAL=311.60
2026-02-06 10:38:08,185 [INFO]     NSE:IREDA-EQ | CVD=-959643 vs Ref=-1096992 | Close=126.46 vs VAL=126.45
2026-02-06 10:38:08,388 [INFO]     NSE:IRFC-EQ | CVD=-1513311 vs Ref=-1465174 | Close=113.10 vs VAL=113.05
2026-02-06 10:38:08,631 [INFO]     NSE:GMRAIRPORT-EQ | CVD=-850088 vs Ref=-935696 | Close=96.28 vs VAL=96.05
2026-02-06 10:39:08,633 [INFO] 🔍 Scanning for alerts on 16 symbols (5min)...
2026-02-06 10:39:08,879 [INFO]     NSE:OFSS-EQ | CVD=-42256 vs Ref=-41309 | Close=7204.00 vs VAL=7164.00
2026-02-06 10:39:09,121 [INFO]     NSE:LTIM-EQ | CVD=-25065 vs Ref=-39087 | Close=5551.00 vs VAL=5516.50
2026-02-06 10:39:09,487 [INFO]     NSE:MUTHOOTFIN-EQ | CVD=-43077 vs Ref=-45990 | Close=3496.60 vs VAL=3488.40
2026-02-06 10:39:09,959 [INFO]     NSE:ANGELONE-EQ | CVD=-5432 vs Ref=-38939 | Close=2581.90 vs VAL=2576.40
2026-02-06 10:39:10,365 [INFO]     NSE:TECHM-EQ | CVD=-45526 vs Ref=-128591 | Close=1615.20 vs VAL=1616.75
2026-02-06 10:39:10,723 [INFO]     NSE:COFORGE-EQ | CVD=-391344 vs Ref=-459286 | Close=1541.00 vs VAL=1535.00
2026-02-06 10:39:11,237 [INFO]     NSE:KPITTECH-EQ | CVD=-53639 vs Ref=-67902 | Close=948.40 vs VAL=948.20
2026-02-06 10:39:11,526 [INFO]     NSE:LAURUSLABS-EQ | CVD=-113100 vs Ref=-150837 | Close=946.15 vs VAL=944.80
2026-02-06 10:39:11,922 [INFO]     NSE:ZYDUSLIFE-EQ | CVD=-31285 vs Ref=-48650 | Close=887.80 vs VAL=884.85
2026-02-06 10:39:12,222 [INFO]     NSE:CAMS-EQ | CVD=-72820 vs Ref=-75694 | Close=711.00 vs VAL=711.90
2026-02-06 10:39:12,579 [INFO]     NSE:BEL-EQ | CVD=243982 vs Ref=-426850 | Close=426.45 vs VAL=426.65
2026-02-06 10:39:12,996 [INFO]     NSE:RECLTD-EQ | CVD=-602192 vs Ref=-973015 | Close=371.15 vs VAL=368.80
2026-02-06 10:39:13,284 [INFO]     NSE:RVNL-EQ | CVD=-398611 vs Ref=-525205 | Close=311.85 vs VAL=311.60
2026-02-06 10:39:13,786 [INFO]     NSE:IREDA-EQ | CVD=-959643 vs Ref=-1096992 | Close=126.46 vs VAL=126.45
2026-02-06 10:39:14,323 [INFO]     NSE:IRFC-EQ | CVD=-1513311 vs Ref=-1465174 | Close=113.10 vs VAL=113.05
2026-02-06 10:39:15,051 [INFO]     NSE:GMRAIRPORT-EQ | CVD=-850088 vs Ref=-935696 | Close=96.28 vs VAL=96.05
2026-02-06 10:40:15,080 [INFO] 🔍 Scanning for alerts on 16 symbols (5min)...
2026-02-06 10:40:15,308 [INFO]     NSE:OFSS-EQ | CVD=-42256 vs Ref=-41309 | Close=7204.00 vs VAL=7164.00
2026-02-06 10:40:15,584 [INFO]     NSE:LTIM-EQ | CVD=-25065 vs Ref=-39087 | Close=5551.00 vs VAL=5516.50
2026-02-06 10:40:15,869 [INFO]     NSE:MUTHOOTFIN-EQ | CVD=-43077 vs Ref=-45990 | Close=3496.60 vs VAL=3488.40
2026-02-06 10:40:16,154 [INFO]     NSE:ANGELONE-EQ | CVD=-5432 vs Ref=-38939 | Close=2581.90 vs VAL=2576.40
2026-02-06 10:40:16,372 [INFO]     NSE:TECHM-EQ | CVD=-45526 vs Ref=-128591 | Close=1615.20 vs VAL=1616.75
2026-02-06 10:40:16,687 [INFO]     NSE:COFORGE-EQ | CVD=-391344 vs Ref=-459286 | Close=1541.00 vs VAL=1535.00
2026-02-06 10:40:17,016 [INFO]     NSE:KPITTECH-EQ | CVD=-53639 vs Ref=-67902 | Close=948.40 vs VAL=948.20
2026-02-06 10:40:17,458 [INFO]     NSE:LAURUSLABS-EQ | CVD=-113100 vs Ref=-150837 | Close=946.15 vs VAL=944.80
2026-02-06 10:40:17,780 [INFO]     NSE:ZYDUSLIFE-EQ | CVD=-31285 vs Ref=-48650 | Close=887.80 vs VAL=884.85
2026-02-06 10:40:18,068 [INFO]     NSE:CAMS-EQ | CVD=-72820 vs Ref=-75694 | Close=711.00 vs VAL=711.90
2026-02-06 10:40:18,341 [INFO]     NSE:BEL-EQ | CVD=243982 vs Ref=-426850 | Close=426.45 vs VAL=426.65
2026-02-06 10:40:18,600 [INFO]     NSE:RECLTD-EQ | CVD=-602192 vs Ref=-973015 | Close=371.15 vs VAL=368.80
2026-02-06 10:40:18,845 [INFO]     NSE:RVNL-EQ | CVD=-398611 vs Ref=-525205 | Close=311.85 vs VAL=311.60
2026-02-06 10:40:19,101 [INFO]     NSE:IREDA-EQ | CVD=-959643 vs Ref=-1096992 | Close=126.46 vs VAL=126.45
2026-02-06 10:40:19,338 [INFO]     NSE:IRFC-EQ | CVD=-1513311 vs Ref=-1465174 | Close=113.10 vs VAL=113.05
2026-02-06 10:40:19,577 [INFO]     NSE:GMRAIRPORT-EQ | CVD=-850088 vs Ref=-935696 | Close=96.28 vs VAL=96.05
2026-02-06 10:41:19,579 [INFO] 🔍 Scanning for alerts on 16 symbols (5min)...
2026-02-06 10:41:19,831 [INFO]     NSE:OFSS-EQ | CVD=-43570 vs Ref=-41309 | Close=7192.50 vs VAL=7164.00
2026-02-06 10:41:20,225 [INFO]     NSE:LTIM-EQ | CVD=-25429 vs Ref=-39087 | Close=5550.00 vs VAL=5516.50
2026-02-06 10:41:20,528 [INFO]     NSE:MUTHOOTFIN-EQ | CVD=-43080 vs Ref=-45990 | Close=3491.60 vs VAL=3488.40
2026-02-06 10:41:20,826 [INFO]     NSE:ANGELONE-EQ | CVD=-4768 vs Ref=-38939 | Close=2585.50 vs VAL=2576.40
2026-02-06 10:41:21,217 [INFO]     NSE:TECHM-EQ | CVD=-58526 vs Ref=-128591 | Close=1612.90 vs VAL=1616.75
2026-02-06 10:41:21,539 [INFO]     NSE:COFORGE-EQ | CVD=-386286 vs Ref=-459286 | Close=1543.70 vs VAL=1535.00
2026-02-06 10:41:21,822 [INFO]     NSE:KPITTECH-EQ | CVD=-61488 vs Ref=-67902 | Close=947.60 vs VAL=948.20
2026-02-06 10:41:22,097 [INFO]     NSE:LAURUSLABS-EQ | CVD=-118144 vs Ref=-150837 | Close=944.75 vs VAL=944.80
2026-02-06 10:41:22,369 [INFO]     NSE:ZYDUSLIFE-EQ | CVD=-32039 vs Ref=-48650 | Close=886.90 vs VAL=884.85
2026-02-06 10:41:22,654 [INFO]     NSE:CAMS-EQ | CVD=-74448 vs Ref=-75694 | Close=710.70 vs VAL=711.90
2026-02-06 10:41:23,148 [INFO]     NSE:BEL-EQ | CVD=244073 vs Ref=-426850 | Close=426.50 vs VAL=426.65
2026-02-06 10:41:23,728 [INFO]     NSE:RECLTD-EQ | CVD=-651233 vs Ref=-973015 | Close=370.90 vs VAL=368.80
2026-02-06 10:41:24,272 [INFO]     NSE:RVNL-EQ | CVD=-379316 vs Ref=-525205 | Close=312.35 vs VAL=311.60
2026-02-06 10:41:24,721 [INFO]     NSE:IREDA-EQ | CVD=-1034495 vs Ref=-1096992 | Close=126.43 vs VAL=126.45
2026-02-06 10:41:25,112 [INFO] 📡 Sending order request for NSE:IRFC-EQ to http://localhost:4000/postOrder...
2026-02-06 10:41:29,201 [ERROR] ❌ Failed to send order request for NSE:IRFC-EQ: HTTPConnectionPool(host='localhost', port=4000): Max retries exceeded with url: /postOrder (Caused by NewConnectionError("HTTPConnection(host='localhost', port=4000): Failed to establish a new connection: [WinError 10061] No connection could be made because the target machine actively refused it"))
2026-02-06 10:41:29,204 [INFO]     NSE:IRFC-EQ | CVD=-1649981 vs Ref=-1465174 | Close=113.02 vs VAL=113.05
2026-02-06 10:41:29,764 [INFO]     NSE:GMRAIRPORT-EQ | CVD=-801667 vs Ref=-935696 | Close=96.51 vs VAL=96.05
2026-02-06 10:42:29,768 [INFO] 🔍 Scanning for alerts on 15 symbols (5min)...
2026-02-06 10:42:30,407 [INFO]     NSE:OFSS-EQ | CVD=-43570 vs Ref=-41309 | Close=7192.50 vs VAL=7164.00
2026-02-06 10:42:30,909 [INFO]     NSE:LTIM-EQ | CVD=-25429 vs Ref=-39087 | Close=5550.00 vs VAL=5516.50
2026-02-06 10:42:31,466 [INFO]     NSE:MUTHOOTFIN-EQ | CVD=-43080 vs Ref=-45990 | Close=3491.60 vs VAL=3488.40
2026-02-06 10:42:32,214 [INFO]     NSE:ANGELONE-EQ | CVD=-4768 vs Ref=-38939 | Close=2585.50 vs VAL=2576.40
2026-02-06 10:42:32,647 [INFO]     NSE:TECHM-EQ | CVD=-58526 vs Ref=-128591 | Close=1612.90 vs VAL=1616.75
2026-02-06 10:42:33,231 [INFO]     NSE:COFORGE-EQ | CVD=-386286 vs Ref=-459286 | Close=1543.70 vs VAL=1535.00
2026-02-06 10:42:34,321 [INFO]     NSE:KPITTECH-EQ | CVD=-61488 vs Ref=-67902 | Close=947.60 vs VAL=948.20
2026-02-06 10:42:35,610 [INFO]     NSE:LAURUSLABS-EQ | CVD=-118144 vs Ref=-150837 | Close=944.75 vs VAL=944.80
2026-02-06 10:42:36,592 [INFO]     NSE:ZYDUSLIFE-EQ | CVD=-32039 vs Ref=-48650 | Close=886.90 vs VAL=884.85
2026-02-06 10:42:37,511 [INFO]     NSE:CAMS-EQ | CVD=-74448 vs Ref=-75694 | Close=710.70 vs VAL=711.90
2026-02-06 10:42:38,489 [INFO]     NSE:BEL-EQ | CVD=244073 vs Ref=-426850 | Close=426.50 vs VAL=426.65
2026-02-06 10:42:39,673 [INFO]     NSE:RECLTD-EQ | CVD=-651233 vs Ref=-973015 | Close=370.90 vs VAL=368.80
2026-02-06 10:42:40,806 [INFO]     NSE:RVNL-EQ | CVD=-379316 vs Ref=-525205 | Close=312.35 vs VAL=311.60
2026-02-06 10:42:41,696 [INFO]     NSE:IREDA-EQ | CVD=-1034495 vs Ref=-1096992 | Close=126.43 vs VAL=126.45
2026-02-06 10:42:42,614 [INFO]     NSE:GMRAIRPORT-EQ | CVD=-801667 vs Ref=-935696 | Close=96.51 vs VAL=96.05
2026-02-06 10:43:42,616 [INFO] 🔍 Scanning for alerts on 15 symbols (5min)...
2026-02-06 10:43:42,935 [INFO]     NSE:OFSS-EQ | CVD=-43570 vs Ref=-41309 | Close=7192.50 vs VAL=7164.00
2026-02-06 10:43:43,291 [INFO]     NSE:LTIM-EQ | CVD=-25429 vs Ref=-39087 | Close=5550.00 vs VAL=5516.50
2026-02-06 10:43:43,682 [INFO]     NSE:MUTHOOTFIN-EQ | CVD=-43080 vs Ref=-45990 | Close=3491.60 vs VAL=3488.40
2026-02-06 10:43:44,016 [INFO]     NSE:ANGELONE-EQ | CVD=-4768 vs Ref=-38939 | Close=2585.50 vs VAL=2576.40
2026-02-06 10:43:44,337 [INFO]     NSE:TECHM-EQ | CVD=-58526 vs Ref=-128591 | Close=1612.90 vs VAL=1616.75
2026-02-06 10:43:44,633 [INFO]     NSE:COFORGE-EQ | CVD=-386286 vs Ref=-459286 | Close=1543.70 vs VAL=1535.00
2026-02-06 10:43:44,931 [INFO]     NSE:KPITTECH-EQ | CVD=-61488 vs Ref=-67902 | Close=947.60 vs VAL=948.20
2026-02-06 10:43:45,222 [INFO]     NSE:LAURUSLABS-EQ | CVD=-118144 vs Ref=-150837 | Close=944.75 vs VAL=944.80
2026-02-06 10:43:45,627 [INFO]     NSE:ZYDUSLIFE-EQ | CVD=-32039 vs Ref=-48650 | Close=886.90 vs VAL=884.85
2026-02-06 10:43:46,317 [INFO]     NSE:CAMS-EQ | CVD=-74448 vs Ref=-75694 | Close=710.70 vs VAL=711.90
2026-02-06 10:43:46,901 [INFO]     NSE:BEL-EQ | CVD=244073 vs Ref=-426850 | Close=426.50 vs VAL=426.65
2026-02-06 10:43:47,388 [INFO]     NSE:RECLTD-EQ | CVD=-651233 vs Ref=-973015 | Close=370.90 vs VAL=368.80
2026-02-06 10:43:47,885 [INFO]     NSE:RVNL-EQ | CVD=-379316 vs Ref=-525205 | Close=312.35 vs VAL=311.60
2026-02-06 10:43:48,249 [INFO]     NSE:IREDA-EQ | CVD=-1034495 vs Ref=-1096992 | Close=126.43 vs VAL=126.45
2026-02-06 10:43:48,594 [INFO]     NSE:GMRAIRPORT-EQ | CVD=-801667 vs Ref=-935696 | Close=96.51 vs VAL=96.05
2026-02-06 10:44:48,596 [INFO] 🔍 Scanning for alerts on 15 symbols (5min)...
2026-02-06 10:44:48,824 [INFO]     NSE:OFSS-EQ | CVD=-43570 vs Ref=-41309 | Close=7192.50 vs VAL=7164.00
2026-02-06 10:44:49,053 [INFO]     NSE:LTIM-EQ | CVD=-25429 vs Ref=-39087 | Close=5550.00 vs VAL=5516.50
2026-02-06 10:44:49,293 [INFO]     NSE:MUTHOOTFIN-EQ | CVD=-43080 vs Ref=-45990 | Close=3491.60 vs VAL=3488.40
2026-02-06 10:44:49,522 [INFO]     NSE:ANGELONE-EQ | CVD=-4768 vs Ref=-38939 | Close=2585.50 vs VAL=2576.40
2026-02-06 10:44:49,749 [INFO]     NSE:TECHM-EQ | CVD=-58526 vs Ref=-128591 | Close=1612.90 vs VAL=1616.75
2026-02-06 10:44:51,723 [INFO]     NSE:COFORGE-EQ | CVD=-386286 vs Ref=-459286 | Close=1543.70 vs VAL=1535.00
2026-02-06 10:44:51,974 [INFO]     NSE:KPITTECH-EQ | CVD=-61488 vs Ref=-67902 | Close=947.60 vs VAL=948.20
2026-02-06 10:44:52,228 [INFO]     NSE:LAURUSLABS-EQ | CVD=-118144 vs Ref=-150837 | Close=944.75 vs VAL=944.80
2026-02-06 10:44:52,485 [INFO]     NSE:ZYDUSLIFE-EQ | CVD=-32039 vs Ref=-48650 | Close=886.90 vs VAL=884.85
2026-02-06 10:44:52,778 [INFO]     NSE:CAMS-EQ | CVD=-74448 vs Ref=-75694 | Close=710.70 vs VAL=711.90
2026-02-06 10:44:53,050 [INFO]     NSE:BEL-EQ | CVD=244073 vs Ref=-426850 | Close=426.50 vs VAL=426.65
2026-02-06 10:44:53,308 [INFO]     NSE:RECLTD-EQ | CVD=-651233 vs Ref=-973015 | Close=370.90 vs VAL=368.80
2026-02-06 10:44:53,612 [INFO]     NSE:RVNL-EQ | CVD=-379316 vs Ref=-525205 | Close=312.35 vs VAL=311.60
2026-02-06 10:44:53,877 [INFO]     NSE:IREDA-EQ | CVD=-1034495 vs Ref=-1096992 | Close=126.43 vs VAL=126.45
2026-02-06 10:44:54,151 [INFO]     NSE:GMRAIRPORT-EQ | CVD=-801667 vs Ref=-935696 | Close=96.51 vs VAL=96.05
2026-02-06 10:45:54,153 [INFO] 🔍 Scanning for alerts on 15 symbols (5min)...
2026-02-06 10:45:54,430 [INFO]     NSE:OFSS-EQ | CVD=-43570 vs Ref=-41309 | Close=7192.50 vs VAL=7164.00
2026-02-06 10:45:54,690 [INFO]     NSE:LTIM-EQ | CVD=-25429 vs Ref=-39087 | Close=5550.00 vs VAL=5516.50
2026-02-06 10:45:54,931 [INFO]     NSE:MUTHOOTFIN-EQ | CVD=-43080 vs Ref=-45990 | Close=3491.60 vs VAL=3488.40
2026-02-06 10:45:55,146 [INFO]     NSE:ANGELONE-EQ | CVD=-4768 vs Ref=-38939 | Close=2585.50 vs VAL=2576.40
2026-02-06 10:45:55,384 [INFO]     NSE:TECHM-EQ | CVD=-58526 vs Ref=-128591 | Close=1612.90 vs VAL=1616.75
2026-02-06 10:45:55,654 [INFO]     NSE:COFORGE-EQ | CVD=-386286 vs Ref=-459286 | Close=1543.70 vs VAL=1535.00
2026-02-06 10:45:55,871 [INFO]     NSE:KPITTECH-EQ | CVD=-61488 vs Ref=-67902 | Close=947.60 vs VAL=948.20
2026-02-06 10:45:56,088 [INFO]     NSE:LAURUSLABS-EQ | CVD=-118144 vs Ref=-150837 | Close=944.75 vs VAL=944.80
2026-02-06 10:45:56,321 [INFO]     NSE:ZYDUSLIFE-EQ | CVD=-32039 vs Ref=-48650 | Close=886.90 vs VAL=884.85
2026-02-06 10:45:56,619 [INFO]     NSE:CAMS-EQ | CVD=-74448 vs Ref=-75694 | Close=710.70 vs VAL=711.90
2026-02-06 10:45:56,955 [INFO]     NSE:BEL-EQ | CVD=244073 vs Ref=-426850 | Close=426.50 vs VAL=426.65
2026-02-06 10:45:57,392 [INFO]     NSE:RECLTD-EQ | CVD=-651233 vs Ref=-973015 | Close=370.90 vs VAL=368.80
2026-02-06 10:45:57,639 [INFO]     NSE:RVNL-EQ | CVD=-379316 vs Ref=-525205 | Close=312.35 vs VAL=311.60
2026-02-06 10:45:57,886 [INFO]     NSE:IREDA-EQ | CVD=-1034495 vs Ref=-1096992 | Close=126.43 vs VAL=126.45
2026-02-06 10:45:58,089 [INFO]     NSE:GMRAIRPORT-EQ | CVD=-801667 vs Ref=-935696 | Close=96.51 vs VAL=96.05
2026-02-06 10:46:58,090 [INFO] 🔍 Scanning for alerts on 15 symbols (5min)...
2026-02-06 10:46:58,303 [INFO]     NSE:OFSS-EQ | CVD=-46076 vs Ref=-41309 | Close=7185.00 vs VAL=7164.00
2026-02-06 10:46:58,550 [INFO]     NSE:LTIM-EQ | CVD=-26351 vs Ref=-39087 | Close=5547.00 vs VAL=5516.50
2026-02-06 10:46:58,789 [INFO] 📡 Sending order request for NSE:MUTHOOTFIN-EQ to http://localhost:4000/postOrder...
2026-02-06 10:47:02,869 [ERROR] ❌ Failed to send order request for NSE:MUTHOOTFIN-EQ: HTTPConnectionPool(host='localhost', port=4000): Max retries exceeded with url: /postOrder (Caused by NewConnectionError("HTTPConnection(host='localhost', port=4000): Failed to establish a new connection: [WinError 10061] No connection could be made because the target machine actively refused it"))
2026-02-06 10:47:02,870 [INFO]     NSE:MUTHOOTFIN-EQ | CVD=-48185 vs Ref=-45990 | Close=3485.00 vs VAL=3488.40
2026-02-06 10:47:03,139 [INFO]     NSE:ANGELONE-EQ | CVD=-10200 vs Ref=-38939 | Close=2576.00 vs VAL=2576.40
2026-02-06 10:47:03,405 [INFO]     NSE:TECHM-EQ | CVD=-62658 vs Ref=-128591 | Close=1612.70 vs VAL=1616.75
2026-02-06 10:47:03,671 [INFO]     NSE:COFORGE-EQ | CVD=-387878 vs Ref=-459286 | Close=1541.30 vs VAL=1535.00
2026-02-06 10:47:03,955 [INFO] 📡 Sending order request for NSE:KPITTECH-EQ to http://localhost:4000/postOrder...
2026-02-06 10:47:08,014 [ERROR] ❌ Failed to send order request for NSE:KPITTECH-EQ: HTTPConnectionPool(host='localhost', port=4000): Max retries exceeded with url: /postOrder (Caused by NewConnectionError("HTTPConnection(host='localhost', port=4000): Failed to establish a new connection: [WinError 10061] No connection could be made because the target machine actively refused it"))
2026-02-06 10:47:08,016 [INFO]     NSE:KPITTECH-EQ | CVD=-70330 vs Ref=-67902 | Close=947.40 vs VAL=948.20
2026-02-06 10:47:08,234 [INFO]     NSE:LAURUSLABS-EQ | CVD=-116060 vs Ref=-150837 | Close=943.60 vs VAL=944.80
2026-02-06 10:47:08,459 [INFO]     NSE:ZYDUSLIFE-EQ | CVD=-28922 vs Ref=-48650 | Close=886.20 vs VAL=884.85
2026-02-06 10:47:08,723 [INFO]     NSE:CAMS-EQ | CVD=-61077 vs Ref=-75694 | Close=713.20 vs VAL=711.90
2026-02-06 10:47:08,945 [INFO]     NSE:BEL-EQ | CVD=246241 vs Ref=-426850 | Close=426.95 vs VAL=426.65
2026-02-06 10:47:09,185 [INFO]     NSE:RECLTD-EQ | CVD=-819071 vs Ref=-973015 | Close=369.55 vs VAL=368.80
2026-02-06 10:47:09,437 [INFO]     NSE:RVNL-EQ | CVD=-383171 vs Ref=-525205 | Close=311.95 vs VAL=311.60
2026-02-06 10:47:09,676 [INFO]     NSE:IREDA-EQ | CVD=-1092021 vs Ref=-1096992 | Close=126.25 vs VAL=126.45
2026-02-06 10:47:09,909 [INFO]     NSE:GMRAIRPORT-EQ | CVD=-917079 vs Ref=-935696 | Close=96.46 vs VAL=96.05
2026-02-06 10:48:09,911 [INFO] 🔍 Scanning for alerts on 13 symbols (5min)...
2026-02-06 10:48:10,175 [INFO]     NSE:OFSS-EQ | CVD=-46076 vs Ref=-41309 | Close=7185.00 vs VAL=7164.00
2026-02-06 10:48:10,441 [INFO]     NSE:LTIM-EQ | CVD=-26351 vs Ref=-39087 | Close=5547.00 vs VAL=5516.50
2026-02-06 10:48:10,660 [INFO]     NSE:ANGELONE-EQ | CVD=-10200 vs Ref=-38939 | Close=2576.00 vs VAL=2576.40
2026-02-06 10:48:10,924 [INFO]     NSE:TECHM-EQ | CVD=-62658 vs Ref=-128591 | Close=1612.70 vs VAL=1616.75
2026-02-06 10:48:11,202 [INFO]     NSE:COFORGE-EQ | CVD=-387878 vs Ref=-459286 | Close=1541.30 vs VAL=1535.00
2026-02-06 10:48:11,444 [INFO]     NSE:LAURUSLABS-EQ | CVD=-116060 vs Ref=-150837 | Close=943.60 vs VAL=944.80
2026-02-06 10:48:11,711 [INFO]     NSE:ZYDUSLIFE-EQ | CVD=-28922 vs Ref=-48650 | Close=886.20 vs VAL=884.85
2026-02-06 10:48:11,943 [INFO]     NSE:CAMS-EQ | CVD=-61077 vs Ref=-75694 | Close=713.20 vs VAL=711.90
2026-02-06 10:48:12,185 [INFO]     NSE:BEL-EQ | CVD=246241 vs Ref=-426850 | Close=426.95 vs VAL=426.65
2026-02-06 10:48:12,496 [INFO]     NSE:RECLTD-EQ | CVD=-819071 vs Ref=-973015 | Close=369.55 vs VAL=368.80
2026-02-06 10:48:12,772 [INFO]     NSE:RVNL-EQ | CVD=-383171 vs Ref=-525205 | Close=311.95 vs VAL=311.60
2026-02-06 10:48:13,022 [INFO]     NSE:IREDA-EQ | CVD=-1092021 vs Ref=-1096992 | Close=126.25 vs VAL=126.45
2026-02-06 10:48:13,257 [INFO]     NSE:GMRAIRPORT-EQ | CVD=-917079 vs Ref=-935696 | Close=96.46 vs VAL=96.05
2026-02-06 10:49:13,259 [INFO] 🔍 Scanning for alerts on 13 symbols (5min)...
2026-02-06 10:49:13,501 [INFO]     NSE:OFSS-EQ | CVD=-46076 vs Ref=-41309 | Close=7185.00 vs VAL=7164.00
2026-02-06 10:49:13,758 [INFO]     NSE:LTIM-EQ | CVD=-26351 vs Ref=-39087 | Close=5547.00 vs VAL=5516.50
2026-02-06 10:49:14,011 [INFO]     NSE:ANGELONE-EQ | CVD=-10200 vs Ref=-38939 | Close=2576.00 vs VAL=2576.40
2026-02-06 10:49:14,307 [INFO]     NSE:TECHM-EQ | CVD=-62658 vs Ref=-128591 | Close=1612.70 vs VAL=1616.75
2026-02-06 10:49:14,794 [INFO]     NSE:COFORGE-EQ | CVD=-387878 vs Ref=-459286 | Close=1541.30 vs VAL=1535.00
2026-02-06 10:49:15,063 [INFO]     NSE:LAURUSLABS-EQ | CVD=-116060 vs Ref=-150837 | Close=943.60 vs VAL=944.80
2026-02-06 10:49:15,354 [INFO]     NSE:ZYDUSLIFE-EQ | CVD=-28922 vs Ref=-48650 | Close=886.20 vs VAL=884.85
2026-02-06 10:49:15,610 [INFO]     NSE:CAMS-EQ | CVD=-61077 vs Ref=-75694 | Close=713.20 vs VAL=711.90
2026-02-06 10:49:15,867 [INFO]     NSE:BEL-EQ | CVD=246241 vs Ref=-426850 | Close=426.95 vs VAL=426.65
2026-02-06 10:49:16,097 [INFO]     NSE:RECLTD-EQ | CVD=-819071 vs Ref=-973015 | Close=369.55 vs VAL=368.80
2026-02-06 10:49:16,335 [INFO]     NSE:RVNL-EQ | CVD=-383171 vs Ref=-525205 | Close=311.95 vs VAL=311.60
2026-02-06 10:49:16,578 [INFO]     NSE:IREDA-EQ | CVD=-1092021 vs Ref=-1096992 | Close=126.25 vs VAL=126.45
2026-02-06 10:49:16,985 [INFO]     NSE:GMRAIRPORT-EQ | CVD=-917079 vs Ref=-935696 | Close=96.46 vs VAL=96.05
2026-02-06 10:50:16,987 [INFO] 🔍 Scanning for alerts on 13 symbols (5min)...
2026-02-06 10:50:17,200 [INFO]     NSE:OFSS-EQ | CVD=-46076 vs Ref=-41309 | Close=7185.00 vs VAL=7164.00
2026-02-06 10:50:17,484 [INFO]     NSE:LTIM-EQ | CVD=-26351 vs Ref=-39087 | Close=5547.00 vs VAL=5516.50
2026-02-06 10:50:17,727 [INFO]     NSE:ANGELONE-EQ | CVD=-10200 vs Ref=-38939 | Close=2576.00 vs VAL=2576.40
2026-02-06 10:50:18,006 [INFO]     NSE:TECHM-EQ | CVD=-62658 vs Ref=-128591 | Close=1612.70 vs VAL=1616.75
2026-02-06 10:50:18,242 [INFO]     NSE:COFORGE-EQ | CVD=-387878 vs Ref=-459286 | Close=1541.30 vs VAL=1535.00
2026-02-06 10:50:18,507 [INFO]     NSE:LAURUSLABS-EQ | CVD=-116060 vs Ref=-150837 | Close=943.60 vs VAL=944.80
2026-02-06 10:50:18,763 [INFO]     NSE:ZYDUSLIFE-EQ | CVD=-28922 vs Ref=-48650 | Close=886.20 vs VAL=884.85
2026-02-06 10:50:18,993 [INFO]     NSE:CAMS-EQ | CVD=-61077 vs Ref=-75694 | Close=713.20 vs VAL=711.90
2026-02-06 10:50:19,240 [INFO]     NSE:BEL-EQ | CVD=246241 vs Ref=-426850 | Close=426.95 vs VAL=426.65
2026-02-06 10:50:19,507 [INFO]     NSE:RECLTD-EQ | CVD=-819071 vs Ref=-973015 | Close=369.55 vs VAL=368.80
2026-02-06 10:50:19,718 [INFO]     NSE:RVNL-EQ | CVD=-383171 vs Ref=-525205 | Close=311.95 vs VAL=311.60
2026-02-06 10:50:20,017 [INFO]     NSE:IREDA-EQ | CVD=-1092021 vs Ref=-1096992 | Close=126.25 vs VAL=126.45
2026-02-06 10:50:20,242 [INFO]     NSE:GMRAIRPORT-EQ | CVD=-917079 vs Ref=-935696 | Close=96.46 vs VAL=96.05
2026-02-06 10:51:20,245 [INFO] 🔍 Scanning for alerts on 13 symbols (5min)...
2026-02-06 10:51:20,525 [INFO]     NSE:OFSS-EQ | CVD=-44742 vs Ref=-41309 | Close=7182.50 vs VAL=7164.00
2026-02-06 10:51:20,785 [INFO]     NSE:LTIM-EQ | CVD=-30597 vs Ref=-39087 | Close=5527.00 vs VAL=5516.50
2026-02-06 10:51:21,033 [INFO]     NSE:ANGELONE-EQ | CVD=-18846 vs Ref=-38939 | Close=2568.00 vs VAL=2576.40
2026-02-06 10:51:21,251 [INFO]     NSE:TECHM-EQ | CVD=-54658 vs Ref=-128591 | Close=1615.60 vs VAL=1616.75
2026-02-06 10:51:21,561 [INFO]     NSE:COFORGE-EQ | CVD=-388200 vs Ref=-459286 | Close=1540.10 vs VAL=1535.00
2026-02-06 10:51:22,133 [INFO]     NSE:LAURUSLABS-EQ | CVD=-119776 vs Ref=-150837 | Close=941.70 vs VAL=944.80
2026-02-06 10:51:22,552 [INFO]     NSE:ZYDUSLIFE-EQ | CVD=-31353 vs Ref=-48650 | Close=886.45 vs VAL=884.85
2026-02-06 10:51:22,886 [INFO]     NSE:CAMS-EQ | CVD=-64028 vs Ref=-75694 | Close=713.20 vs VAL=711.90
2026-02-06 10:51:23,140 [INFO]     NSE:BEL-EQ | CVD=204315 vs Ref=-426850 | Close=426.25 vs VAL=426.65
2026-02-06 10:51:23,413 [INFO]     NSE:RECLTD-EQ | CVD=-972539 vs Ref=-973015 | Close=369.10 vs VAL=368.80
2026-02-06 10:51:23,707 [INFO]     NSE:RVNL-EQ | CVD=-503391 vs Ref=-525205 | Close=311.00 vs VAL=311.60
2026-02-06 10:51:23,989 [INFO] 📡 Sending order request for NSE:IREDA-EQ to http://localhost:4000/postOrder...
2026-02-06 10:51:28,070 [ERROR] ❌ Failed to send order request for NSE:IREDA-EQ: HTTPConnectionPool(host='localhost', port=4000): Max retries exceeded with url: /postOrder (Caused by NewConnectionError("HTTPConnection(host='localhost', port=4000): Failed to establish a new connection: [WinError 10061] No connection could be made because the target machine actively refused it"))
2026-02-06 10:51:28,072 [INFO]     NSE:IREDA-EQ | CVD=-1247213 vs Ref=-1096992 | Close=126.06 vs VAL=126.45
2026-02-06 10:51:28,386 [INFO]     NSE:GMRAIRPORT-EQ | CVD=-928383 vs Ref=-935696 | Close=96.47 vs VAL=96.05
2026-02-06 10:52:28,387 [INFO] 🔍 Scanning for alerts on 12 symbols (5min)...
2026-02-06 10:52:28,605 [INFO]     NSE:OFSS-EQ | CVD=-44742 vs Ref=-41309 | Close=7182.50 vs VAL=7164.00
2026-02-06 10:52:28,846 [INFO]     NSE:LTIM-EQ | CVD=-30597 vs Ref=-39087 | Close=5527.00 vs VAL=5516.50
2026-02-06 10:52:29,080 [INFO]     NSE:ANGELONE-EQ | CVD=-18846 vs Ref=-38939 | Close=2568.00 vs VAL=2576.40
2026-02-06 10:52:29,329 [INFO]     NSE:TECHM-EQ | CVD=-54658 vs Ref=-128591 | Close=1615.60 vs VAL=1616.75
2026-02-06 10:52:29,633 [INFO]     NSE:COFORGE-EQ | CVD=-388200 vs Ref=-459286 | Close=1540.10 vs VAL=1535.00
2026-02-06 10:52:29,909 [INFO]     NSE:LAURUSLABS-EQ | CVD=-119776 vs Ref=-150837 | Close=941.70 vs VAL=944.80
2026-02-06 10:52:30,188 [INFO]     NSE:ZYDUSLIFE-EQ | CVD=-31353 vs Ref=-48650 | Close=886.45 vs VAL=884.85
2026-02-06 10:52:30,633 [INFO]     NSE:CAMS-EQ | CVD=-64028 vs Ref=-75694 | Close=713.20 vs VAL=711.90
2026-02-06 10:52:31,021 [INFO]     NSE:BEL-EQ | CVD=204315 vs Ref=-426850 | Close=426.25 vs VAL=426.65
2026-02-06 10:52:31,379 [INFO]     NSE:RECLTD-EQ | CVD=-972539 vs Ref=-973015 | Close=369.10 vs VAL=368.80
2026-02-06 10:52:31,758 [INFO]     NSE:RVNL-EQ | CVD=-503391 vs Ref=-525205 | Close=311.00 vs VAL=311.60
2026-02-06 10:52:32,093 [INFO]     NSE:GMRAIRPORT-EQ | CVD=-928383 vs Ref=-935696 | Close=96.47 vs VAL=96.05
2026-02-06 10:53:32,100 [INFO] 🔍 Scanning for alerts on 12 symbols (5min)...
2026-02-06 10:53:32,391 [INFO]     NSE:OFSS-EQ | CVD=-44742 vs Ref=-41309 | Close=7182.50 vs VAL=7164.00
2026-02-06 10:53:32,641 [INFO]     NSE:LTIM-EQ | CVD=-30597 vs Ref=-39087 | Close=5527.00 vs VAL=5516.50
2026-02-06 10:53:32,851 [INFO]     NSE:ANGELONE-EQ | CVD=-18846 vs Ref=-38939 | Close=2568.00 vs VAL=2576.40
2026-02-06 10:53:33,095 [INFO]     NSE:TECHM-EQ | CVD=-54658 vs Ref=-128591 | Close=1615.60 vs VAL=1616.75
2026-02-06 10:53:33,368 [INFO]     NSE:COFORGE-EQ | CVD=-388200 vs Ref=-459286 | Close=1540.10 vs VAL=1535.00
2026-02-06 10:53:33,612 [INFO]     NSE:LAURUSLABS-EQ | CVD=-119776 vs Ref=-150837 | Close=941.70 vs VAL=944.80
2026-02-06 10:53:33,849 [INFO]     NSE:ZYDUSLIFE-EQ | CVD=-31353 vs Ref=-48650 | Close=886.45 vs VAL=884.85
2026-02-06 10:53:34,147 [INFO]     NSE:CAMS-EQ | CVD=-64028 vs Ref=-75694 | Close=713.20 vs VAL=711.90
2026-02-06 10:53:34,479 [INFO]     NSE:BEL-EQ | CVD=204315 vs Ref=-426850 | Close=426.25 vs VAL=426.65
2026-02-06 10:53:34,719 [INFO]     NSE:RECLTD-EQ | CVD=-972539 vs Ref=-973015 | Close=369.10 vs VAL=368.80
2026-02-06 10:53:34,998 [INFO]     NSE:RVNL-EQ | CVD=-503391 vs Ref=-525205 | Close=311.00 vs VAL=311.60
2026-02-06 10:53:35,283 [INFO]     NSE:GMRAIRPORT-EQ | CVD=-928383 vs Ref=-935696 | Close=96.47 vs VAL=96.05
2026-02-06 10:54:35,284 [INFO] 🔍 Scanning for alerts on 12 symbols (5min)...
2026-02-06 10:54:35,516 [INFO]     NSE:OFSS-EQ | CVD=-44742 vs Ref=-41309 | Close=7182.50 vs VAL=7164.00
2026-02-06 10:54:35,765 [INFO]     NSE:LTIM-EQ | CVD=-30597 vs Ref=-39087 | Close=5527.00 vs VAL=5516.50
2026-02-06 10:54:36,034 [INFO]     NSE:ANGELONE-EQ | CVD=-18846 vs Ref=-38939 | Close=2568.00 vs VAL=2576.40
2026-02-06 10:54:36,285 [INFO]     NSE:TECHM-EQ | CVD=-54658 vs Ref=-128591 | Close=1615.60 vs VAL=1616.75
2026-02-06 10:54:36,533 [INFO]     NSE:COFORGE-EQ | CVD=-388200 vs Ref=-459286 | Close=1540.10 vs VAL=1535.00
2026-02-06 10:54:36,773 [INFO]     NSE:LAURUSLABS-EQ | CVD=-119776 vs Ref=-150837 | Close=941.70 vs VAL=944.80
2026-02-06 10:54:37,038 [INFO]     NSE:ZYDUSLIFE-EQ | CVD=-31353 vs Ref=-48650 | Close=886.45 vs VAL=884.85
2026-02-06 10:54:37,298 [INFO]     NSE:CAMS-EQ | CVD=-64028 vs Ref=-75694 | Close=713.20 vs VAL=711.90
2026-02-06 10:54:37,608 [INFO]     NSE:BEL-EQ | CVD=204315 vs Ref=-426850 | Close=426.25 vs VAL=426.65
2026-02-06 10:54:37,914 [INFO]     NSE:RECLTD-EQ | CVD=-972539 vs Ref=-973015 | Close=369.10 vs VAL=368.80
2026-02-06 10:54:38,183 [INFO]     NSE:RVNL-EQ | CVD=-503391 vs Ref=-525205 | Close=311.00 vs VAL=311.60
2026-02-06 10:54:38,531 [INFO]     NSE:GMRAIRPORT-EQ | CVD=-928383 vs Ref=-935696 | Close=96.47 vs VAL=96.05
2026-02-06 10:55:38,533 [INFO] 🔍 Scanning for alerts on 12 symbols (5min)...
2026-02-06 10:55:38,756 [INFO]     NSE:OFSS-EQ | CVD=-44742 vs Ref=-41309 | Close=7182.50 vs VAL=7164.00
2026-02-06 10:55:38,996 [INFO]     NSE:LTIM-EQ | CVD=-30597 vs Ref=-39087 | Close=5527.00 vs VAL=5516.50
2026-02-06 10:55:39,235 [INFO]     NSE:ANGELONE-EQ | CVD=-18846 vs Ref=-38939 | Close=2568.00 vs VAL=2576.40
2026-02-06 10:55:39,488 [INFO]     NSE:TECHM-EQ | CVD=-54658 vs Ref=-128591 | Close=1615.60 vs VAL=1616.75
2026-02-06 10:55:39,698 [INFO]     NSE:COFORGE-EQ | CVD=-388200 vs Ref=-459286 | Close=1540.10 vs VAL=1535.00
2026-02-06 10:55:39,934 [INFO]     NSE:LAURUSLABS-EQ | CVD=-119776 vs Ref=-150837 | Close=941.70 vs VAL=944.80
2026-02-06 10:55:40,136 [INFO]     NSE:ZYDUSLIFE-EQ | CVD=-31353 vs Ref=-48650 | Close=886.45 vs VAL=884.85
2026-02-06 10:55:40,408 [INFO]     NSE:CAMS-EQ | CVD=-64028 vs Ref=-75694 | Close=713.20 vs VAL=711.90
2026-02-06 10:55:40,652 [INFO]     NSE:BEL-EQ | CVD=204315 vs Ref=-426850 | Close=426.25 vs VAL=426.65
2026-02-06 10:55:40,922 [INFO]     NSE:RECLTD-EQ | CVD=-972539 vs Ref=-973015 | Close=369.10 vs VAL=368.80
2026-02-06 10:55:41,186 [INFO]     NSE:RVNL-EQ | CVD=-503391 vs Ref=-525205 | Close=311.00 vs VAL=311.60
2026-02-06 10:55:41,388 [INFO]     NSE:GMRAIRPORT-EQ | CVD=-928383 vs Ref=-935696 | Close=96.47 vs VAL=96.05
2026-02-06 10:56:41,390 [INFO] 🔍 Scanning for alerts on 12 symbols (5min)...
2026-02-06 10:56:41,641 [INFO]     NSE:OFSS-EQ | CVD=-46774 vs Ref=-41309 | Close=7172.00 vs VAL=7164.00
2026-02-06 10:56:41,851 [INFO]     NSE:LTIM-EQ | CVD=-27416 vs Ref=-39087 | Close=5524.00 vs VAL=5516.50
2026-02-06 10:56:42,198 [INFO]     NSE:ANGELONE-EQ | CVD=-16857 vs Ref=-38939 | Close=2574.80 vs VAL=2576.40
2026-02-06 10:56:42,443 [INFO]     NSE:TECHM-EQ | CVD=-52976 vs Ref=-128591 | Close=1612.80 vs VAL=1616.75
2026-02-06 10:56:42,694 [INFO]     NSE:COFORGE-EQ | CVD=-385865 vs Ref=-459286 | Close=1539.20 vs VAL=1535.00
2026-02-06 10:56:42,956 [INFO]     NSE:LAURUSLABS-EQ | CVD=-125730 vs Ref=-150837 | Close=941.40 vs VAL=944.80
2026-02-06 10:56:43,187 [INFO]     NSE:ZYDUSLIFE-EQ | CVD=-25632 vs Ref=-48650 | Close=888.65 vs VAL=884.85
2026-02-06 10:56:43,384 [INFO]     NSE:CAMS-EQ | CVD=-50917 vs Ref=-75694 | Close=714.15 vs VAL=711.90
2026-02-06 10:56:43,641 [INFO]     NSE:BEL-EQ | CVD=233717 vs Ref=-426850 | Close=426.45 vs VAL=426.65
2026-02-06 10:56:43,841 [INFO]     NSE:RECLTD-EQ | CVD=-942190 vs Ref=-973015 | Close=369.45 vs VAL=368.80
2026-02-06 10:56:44,048 [INFO] 📡 Sending order request for NSE:RVNL-EQ to http://localhost:4000/postOrder...
2026-02-06 10:56:48,141 [ERROR] ❌ Failed to send order request for NSE:RVNL-EQ: HTTPConnectionPool(host='localhost', port=4000): Max retries exceeded with url: /postOrder (Caused by NewConnectionError("HTTPConnection(host='localhost', port=4000): Failed to establish a new connection: [WinError 10061] No connection could be made because the target machine actively refused it"))
2026-02-06 10:56:48,143 [INFO]     NSE:RVNL-EQ | CVD=-529463 vs Ref=-525205 | Close=310.95 vs VAL=311.60
2026-02-06 10:56:48,354 [INFO]     NSE:GMRAIRPORT-EQ | CVD=-1029528 vs Ref=-935696 | Close=96.36 vs VAL=96.05
2026-02-06 10:57:48,356 [INFO] 🔍 Scanning for alerts on 11 symbols (5min)...
2026-02-06 10:57:48,850 [INFO]     NSE:OFSS-EQ | CVD=-46774 vs Ref=-41309 | Close=7172.00 vs VAL=7164.00
2026-02-06 10:57:49,322 [INFO]     NSE:LTIM-EQ | CVD=-27416 vs Ref=-39087 | Close=5524.00 vs VAL=5516.50
2026-02-06 10:57:50,990 [INFO]     NSE:ANGELONE-EQ | CVD=-16857 vs Ref=-38939 | Close=2574.80 vs VAL=2576.40
2026-02-06 10:57:51,269 [INFO]     NSE:TECHM-EQ | CVD=-52976 vs Ref=-128591 | Close=1612.80 vs VAL=1616.75
2026-02-06 10:57:51,547 [INFO]     NSE:COFORGE-EQ | CVD=-385865 vs Ref=-459286 | Close=1539.20 vs VAL=1535.00
2026-02-06 10:57:51,801 [INFO]     NSE:LAURUSLABS-EQ | CVD=-125730 vs Ref=-150837 | Close=941.40 vs VAL=944.80
2026-02-06 10:57:52,065 [INFO]     NSE:ZYDUSLIFE-EQ | CVD=-25632 vs Ref=-48650 | Close=888.65 vs VAL=884.85
2026-02-06 10:57:52,332 [INFO]     NSE:CAMS-EQ | CVD=-50917 vs Ref=-75694 | Close=714.15 vs VAL=711.90
2026-02-06 10:57:52,654 [INFO]     NSE:BEL-EQ | CVD=233717 vs Ref=-426850 | Close=426.45 vs VAL=426.65
2026-02-06 10:57:52,954 [INFO]     NSE:RECLTD-EQ | CVD=-942190 vs Ref=-973015 | Close=369.45 vs VAL=368.80
2026-02-06 10:57:53,225 [INFO]     NSE:GMRAIRPORT-EQ | CVD=-1029528 vs Ref=-935696 | Close=96.36 vs VAL=96.05
2026-02-06 10:58:53,226 [INFO] 🔍 Scanning for alerts on 11 symbols (5min)...
2026-02-06 10:58:53,509 [INFO]     NSE:OFSS-EQ | CVD=-46774 vs Ref=-41309 | Close=7172.00 vs VAL=7164.00
2026-02-06 10:58:55,438 [INFO]     NSE:LTIM-EQ | CVD=-27416 vs Ref=-39087 | Close=5524.00 vs VAL=5516.50
2026-02-06 10:58:55,687 [INFO]     NSE:ANGELONE-EQ | CVD=-16857 vs Ref=-38939 | Close=2574.80 vs VAL=2576.40
2026-02-06 10:58:55,931 [INFO]     NSE:TECHM-EQ | CVD=-52976 vs Ref=-128591 | Close=1612.80 vs VAL=1616.75
2026-02-06 10:58:56,138 [INFO]     NSE:COFORGE-EQ | CVD=-385865 vs Ref=-459286 | Close=1539.20 vs VAL=1535.00
2026-02-06 10:58:56,500 [INFO]     NSE:LAURUSLABS-EQ | CVD=-125730 vs Ref=-150837 | Close=941.40 vs VAL=944.80
2026-02-06 10:58:56,905 [INFO]     NSE:ZYDUSLIFE-EQ | CVD=-25632 vs Ref=-48650 | Close=888.65 vs VAL=884.85
2026-02-06 10:58:57,339 [INFO]     NSE:CAMS-EQ | CVD=-50917 vs Ref=-75694 | Close=714.15 vs VAL=711.90
2026-02-06 10:58:57,659 [INFO]     NSE:BEL-EQ | CVD=233717 vs Ref=-426850 | Close=426.45 vs VAL=426.65
2026-02-06 10:58:57,958 [INFO]     NSE:RECLTD-EQ | CVD=-942190 vs Ref=-973015 | Close=369.45 vs VAL=368.80
2026-02-06 10:58:58,251 [INFO]     NSE:GMRAIRPORT-EQ | CVD=-1029528 vs Ref=-935696 | Close=96.36 vs VAL=96.05
2026-02-06 10:59:58,253 [INFO] 🔍 Scanning for alerts on 11 symbols (5min)...
2026-02-06 10:59:58,785 [INFO]     NSE:OFSS-EQ | CVD=-46774 vs Ref=-41309 | Close=7172.00 vs VAL=7164.00
2026-02-06 10:59:59,366 [INFO]     NSE:LTIM-EQ | CVD=-27416 vs Ref=-39087 | Close=5524.00 vs VAL=5516.50
2026-02-06 10:59:59,790 [INFO]     NSE:ANGELONE-EQ | CVD=-16857 vs Ref=-38939 | Close=2574.80 vs VAL=2576.40
2026-02-06 11:00:00,260 [INFO]     NSE:TECHM-EQ | CVD=-52976 vs Ref=-128591 | Close=1612.80 vs VAL=1616.75
2026-02-06 11:00:00,745 [INFO]     NSE:COFORGE-EQ | CVD=-385865 vs Ref=-459286 | Close=1539.20 vs VAL=1535.00
2026-02-06 11:00:02,831 [INFO]     NSE:LAURUSLABS-EQ | CVD=-125730 vs Ref=-150837 | Close=941.40 vs VAL=944.80
2026-02-06 11:00:03,114 [INFO]     NSE:ZYDUSLIFE-EQ | CVD=-25632 vs Ref=-48650 | Close=888.65 vs VAL=884.85
2026-02-06 11:00:03,383 [INFO]     NSE:CAMS-EQ | CVD=-50917 vs Ref=-75694 | Close=714.15 vs VAL=711.90
2026-02-06 11:00:03,706 [INFO]     NSE:BEL-EQ | CVD=233717 vs Ref=-426850 | Close=426.45 vs VAL=426.65
2026-02-06 11:00:04,075 [INFO]     NSE:RECLTD-EQ | CVD=-942190 vs Ref=-973015 | Close=369.45 vs VAL=368.80
2026-02-06 11:00:04,400 [INFO]     NSE:GMRAIRPORT-EQ | CVD=-1029528 vs Ref=-935696 | Close=96.36 vs VAL=96.05
2026-02-06 11:01:04,402 [INFO] 🔍 Scanning for alerts on 11 symbols (5min)...
2026-02-06 11:01:04,744 [INFO]     NSE:OFSS-EQ | CVD=-47400 vs Ref=-41309 | Close=7171.50 vs VAL=7164.00
2026-02-06 11:01:05,056 [INFO]     NSE:LTIM-EQ | CVD=-27338 vs Ref=-39087 | Close=5531.00 vs VAL=5516.50
2026-02-06 11:01:05,358 [INFO]     NSE:ANGELONE-EQ | CVD=-13734 vs Ref=-38939 | Close=2579.10 vs VAL=2576.40
2026-02-06 11:01:05,657 [INFO]     NSE:TECHM-EQ | CVD=-52013 vs Ref=-128591 | Close=1615.00 vs VAL=1616.75
2026-02-06 11:01:06,044 [INFO]     NSE:COFORGE-EQ | CVD=-384781 vs Ref=-459286 | Close=1540.80 vs VAL=1535.00
2026-02-06 11:01:06,877 [INFO]     NSE:LAURUSLABS-EQ | CVD=-121117 vs Ref=-150837 | Close=940.85 vs VAL=944.80
2026-02-06 11:01:07,798 [INFO]     NSE:ZYDUSLIFE-EQ | CVD=-25193 vs Ref=-48650 | Close=888.65 vs VAL=884.85
2026-02-06 11:01:08,398 [INFO]     NSE:CAMS-EQ | CVD=-45935 vs Ref=-75694 | Close=715.25 vs VAL=711.90
2026-02-06 11:01:08,863 [INFO]     NSE:BEL-EQ | CVD=329902 vs Ref=-426850 | Close=426.80 vs VAL=426.65
2026-02-06 11:01:09,175 [INFO]     NSE:RECLTD-EQ | CVD=-935729 vs Ref=-973015 | Close=369.75 vs VAL=368.80
2026-02-06 11:01:09,456 [INFO]     NSE:GMRAIRPORT-EQ | CVD=-1044516 vs Ref=-935696 | Close=96.51 vs VAL=96.05
2026-02-06 11:02:09,458 [INFO] 🔍 Scanning for alerts on 11 symbols (5min)...
2026-02-06 11:02:09,697 [INFO]     NSE:OFSS-EQ | CVD=-47400 vs Ref=-41309 | Close=7171.50 vs VAL=7164.00
2026-02-06 11:02:09,985 [INFO]     NSE:LTIM-EQ | CVD=-27338 vs Ref=-39087 | Close=5531.00 vs VAL=5516.50
2026-02-06 11:02:10,281 [INFO]     NSE:ANGELONE-EQ | CVD=-13734 vs Ref=-38939 | Close=2579.10 vs VAL=2576.40
2026-02-06 11:02:10,518 [INFO]     NSE:TECHM-EQ | CVD=-52013 vs Ref=-128591 | Close=1615.00 vs VAL=1616.75
2026-02-06 11:02:10,831 [INFO]     NSE:COFORGE-EQ | CVD=-384781 vs Ref=-459286 | Close=1540.80 vs VAL=1535.00
2026-02-06 11:02:11,142 [INFO]     NSE:LAURUSLABS-EQ | CVD=-121117 vs Ref=-150837 | Close=940.85 vs VAL=944.80
2026-02-06 11:02:11,434 [INFO]     NSE:ZYDUSLIFE-EQ | CVD=-25193 vs Ref=-48650 | Close=888.65 vs VAL=884.85
2026-02-06 11:02:11,684 [INFO]     NSE:CAMS-EQ | CVD=-45935 vs Ref=-75694 | Close=715.25 vs VAL=711.90
2026-02-06 11:02:11,917 [INFO]     NSE:BEL-EQ | CVD=329902 vs Ref=-426850 | Close=426.80 vs VAL=426.65
2026-02-06 11:02:12,188 [INFO]     NSE:RECLTD-EQ | CVD=-935729 vs Ref=-973015 | Close=369.75 vs VAL=368.80
2026-02-06 11:02:12,425 [INFO]     NSE:GMRAIRPORT-EQ | CVD=-1044516 vs Ref=-935696 | Close=96.51 vs VAL=96.05
2026-02-06 11:03:12,426 [INFO] 🔍 Scanning for alerts on 11 symbols (5min)...
2026-02-06 11:03:12,677 [INFO]     NSE:OFSS-EQ | CVD=-47400 vs Ref=-41309 | Close=7171.50 vs VAL=7164.00
2026-02-06 11:03:12,899 [INFO]     NSE:LTIM-EQ | CVD=-27338 vs Ref=-39087 | Close=5531.00 vs VAL=5516.50
2026-02-06 11:03:13,172 [INFO]     NSE:ANGELONE-EQ | CVD=-13734 vs Ref=-38939 | Close=2579.10 vs VAL=2576.40
2026-02-06 11:03:13,440 [INFO]     NSE:TECHM-EQ | CVD=-52013 vs Ref=-128591 | Close=1615.00 vs VAL=1616.75
2026-02-06 11:03:13,674 [INFO]     NSE:COFORGE-EQ | CVD=-384781 vs Ref=-459286 | Close=1540.80 vs VAL=1535.00
2026-02-06 11:03:13,962 [INFO]     NSE:LAURUSLABS-EQ | CVD=-121117 vs Ref=-150837 | Close=940.85 vs VAL=944.80
2026-02-06 11:03:14,246 [INFO]     NSE:ZYDUSLIFE-EQ | CVD=-25193 vs Ref=-48650 | Close=888.65 vs VAL=884.85
2026-02-06 11:03:14,557 [INFO]     NSE:CAMS-EQ | CVD=-45935 vs Ref=-75694 | Close=715.25 vs VAL=711.90
2026-02-06 11:03:14,843 [INFO]     NSE:BEL-EQ | CVD=329902 vs Ref=-426850 | Close=426.80 vs VAL=426.65
2026-02-06 11:03:15,192 [INFO]     NSE:RECLTD-EQ | CVD=-935729 vs Ref=-973015 | Close=369.75 vs VAL=368.80
2026-02-06 11:03:15,437 [INFO]     NSE:GMRAIRPORT-EQ | CVD=-1044516 vs Ref=-935696 | Close=96.51 vs VAL=96.05
2026-02-06 11:04:15,439 [INFO] 🔍 Scanning for alerts on 11 symbols (5min)...
2026-02-06 11:04:15,677 [INFO]     NSE:OFSS-EQ | CVD=-47400 vs Ref=-41309 | Close=7171.50 vs VAL=7164.00
2026-02-06 11:04:15,900 [INFO]     NSE:LTIM-EQ | CVD=-27338 vs Ref=-39087 | Close=5531.00 vs VAL=5516.50
2026-02-06 11:04:16,133 [INFO]     NSE:ANGELONE-EQ | CVD=-13734 vs Ref=-38939 | Close=2579.10 vs VAL=2576.40
2026-02-06 11:04:16,379 [INFO]     NSE:TECHM-EQ | CVD=-52013 vs Ref=-128591 | Close=1615.00 vs VAL=1616.75
2026-02-06 11:04:16,607 [INFO]     NSE:COFORGE-EQ | CVD=-384781 vs Ref=-459286 | Close=1540.80 vs VAL=1535.00
2026-02-06 11:04:16,854 [INFO]     NSE:LAURUSLABS-EQ | CVD=-121117 vs Ref=-150837 | Close=940.85 vs VAL=944.80
2026-02-06 11:04:17,231 [INFO]     NSE:ZYDUSLIFE-EQ | CVD=-25193 vs Ref=-48650 | Close=888.65 vs VAL=884.85
2026-02-06 11:04:17,545 [INFO]     NSE:CAMS-EQ | CVD=-45935 vs Ref=-75694 | Close=715.25 vs VAL=711.90
2026-02-06 11:04:17,887 [INFO]     NSE:BEL-EQ | CVD=329902 vs Ref=-426850 | Close=426.80 vs VAL=426.65
2026-02-06 11:04:18,179 [INFO]     NSE:RECLTD-EQ | CVD=-935729 vs Ref=-973015 | Close=369.75 vs VAL=368.80
2026-02-06 11:04:18,452 [INFO]     NSE:GMRAIRPORT-EQ | CVD=-1044516 vs Ref=-935696 | Close=96.51 vs VAL=96.05
2026-02-06 11:05:18,453 [INFO] 🔍 Scanning for alerts on 11 symbols (5min)...
2026-02-06 11:05:18,681 [INFO]     NSE:OFSS-EQ | CVD=-47400 vs Ref=-41309 | Close=7171.50 vs VAL=7164.00
2026-02-06 11:05:18,915 [INFO]     NSE:LTIM-EQ | CVD=-27338 vs Ref=-39087 | Close=5531.00 vs VAL=5516.50
2026-02-06 11:05:19,147 [INFO]     NSE:ANGELONE-EQ | CVD=-13734 vs Ref=-38939 | Close=2579.10 vs VAL=2576.40
2026-02-06 11:05:19,398 [INFO]     NSE:TECHM-EQ | CVD=-52013 vs Ref=-128591 | Close=1615.00 vs VAL=1616.75
2026-02-06 11:05:19,665 [INFO]     NSE:COFORGE-EQ | CVD=-384781 vs Ref=-459286 | Close=1540.80 vs VAL=1535.00
2026-02-06 11:05:19,964 [INFO]     NSE:LAURUSLABS-EQ | CVD=-121117 vs Ref=-150837 | Close=940.85 vs VAL=944.80
2026-02-06 11:05:20,197 [INFO]     NSE:ZYDUSLIFE-EQ | CVD=-25193 vs Ref=-48650 | Close=888.65 vs VAL=884.85
2026-02-06 11:05:20,440 [INFO]     NSE:CAMS-EQ | CVD=-45935 vs Ref=-75694 | Close=715.25 vs VAL=711.90
2026-02-06 11:05:20,706 [INFO]     NSE:BEL-EQ | CVD=329902 vs Ref=-426850 | Close=426.80 vs VAL=426.65
2026-02-06 11:05:21,016 [INFO]     NSE:RECLTD-EQ | CVD=-935729 vs Ref=-973015 | Close=369.75 vs VAL=368.80
2026-02-06 11:05:21,317 [INFO]     NSE:GMRAIRPORT-EQ | CVD=-1044516 vs Ref=-935696 | Close=96.51 vs VAL=96.05
2026-02-06 11:06:21,319 [INFO] 🔍 Scanning for alerts on 11 symbols (5min)...
2026-02-06 11:06:21,566 [INFO]     NSE:OFSS-EQ | CVD=-43933 vs Ref=-41309 | Close=7198.00 vs VAL=7164.00
2026-02-06 11:06:21,836 [INFO]     NSE:LTIM-EQ | CVD=-26443 vs Ref=-39087 | Close=5531.00 vs VAL=5516.50
2026-02-06 11:06:22,076 [INFO]     NSE:ANGELONE-EQ | CVD=-12782 vs Ref=-38939 | Close=2585.00 vs VAL=2576.40
2026-02-06 11:06:22,295 [INFO]     NSE:TECHM-EQ | CVD=-49136 vs Ref=-128591 | Close=1615.80 vs VAL=1616.75
2026-02-06 11:06:22,574 [INFO]     NSE:COFORGE-EQ | CVD=-378447 vs Ref=-459286 | Close=1539.60 vs VAL=1535.00
2026-02-06 11:06:22,826 [INFO]     NSE:LAURUSLABS-EQ | CVD=-117885 vs Ref=-150837 | Close=942.05 vs VAL=944.80
2026-02-06 11:06:23,064 [INFO]     NSE:ZYDUSLIFE-EQ | CVD=-25660 vs Ref=-48650 | Close=888.10 vs VAL=884.85
2026-02-06 11:06:23,344 [INFO]     NSE:CAMS-EQ | CVD=-42693 vs Ref=-75694 | Close=716.70 vs VAL=711.90
2026-02-06 11:06:23,617 [INFO]     NSE:BEL-EQ | CVD=466997 vs Ref=-426850 | Close=428.00 vs VAL=426.65
2026-02-06 11:06:23,900 [INFO]     NSE:RECLTD-EQ | CVD=-915693 vs Ref=-973015 | Close=369.75 vs VAL=368.80
2026-02-06 11:06:24,159 [INFO]     NSE:GMRAIRPORT-EQ | CVD=-960953 vs Ref=-935696 | Close=96.64 vs VAL=96.05
2026-02-06 11:07:24,161 [INFO] 🔍 Scanning for alerts on 11 symbols (5min)...
2026-02-06 11:07:24,588 [INFO]     NSE:OFSS-EQ | CVD=-43933 vs Ref=-41309 | Close=7198.00 vs VAL=7164.00
2026-02-06 11:07:25,108 [INFO]     NSE:LTIM-EQ | CVD=-26443 vs Ref=-39087 | Close=5531.00 vs VAL=5516.50
2026-02-06 11:07:25,675 [INFO]     NSE:ANGELONE-EQ | CVD=-12782 vs Ref=-38939 | Close=2585.00 vs VAL=2576.40
2026-02-06 11:07:26,031 [INFO]     NSE:TECHM-EQ | CVD=-49136 vs Ref=-128591 | Close=1615.80 vs VAL=1616.75
2026-02-06 11:07:26,280 [INFO]     NSE:COFORGE-EQ | CVD=-378447 vs Ref=-459286 | Close=1539.60 vs VAL=1535.00
2026-02-06 11:07:26,510 [INFO]     NSE:LAURUSLABS-EQ | CVD=-117885 vs Ref=-150837 | Close=942.05 vs VAL=944.80
2026-02-06 11:07:26,811 [INFO]     NSE:ZYDUSLIFE-EQ | CVD=-25660 vs Ref=-48650 | Close=888.10 vs VAL=884.85
2026-02-06 11:07:27,048 [INFO]     NSE:CAMS-EQ | CVD=-42693 vs Ref=-75694 | Close=716.70 vs VAL=711.90
2026-02-06 11:07:27,356 [INFO]     NSE:BEL-EQ | CVD=466997 vs Ref=-426850 | Close=428.00 vs VAL=426.65
2026-02-06 11:07:27,579 [INFO]     NSE:RECLTD-EQ | CVD=-915693 vs Ref=-973015 | Close=369.75 vs VAL=368.80
2026-02-06 11:07:27,840 [INFO]     NSE:GMRAIRPORT-EQ | CVD=-960953 vs Ref=-935696 | Close=96.64 vs VAL=96.05
2026-02-06 11:08:27,841 [INFO] 🔍 Scanning for alerts on 11 symbols (5min)...
2026-02-06 11:08:28,089 [INFO]     NSE:OFSS-EQ | CVD=-43933 vs Ref=-41309 | Close=7198.00 vs VAL=7164.00
2026-02-06 11:08:28,321 [INFO]     NSE:LTIM-EQ | CVD=-26443 vs Ref=-39087 | Close=5531.00 vs VAL=5516.50
2026-02-06 11:08:28,550 [INFO]     NSE:ANGELONE-EQ | CVD=-12782 vs Ref=-38939 | Close=2585.00 vs VAL=2576.40
2026-02-06 11:08:28,798 [INFO]     NSE:TECHM-EQ | CVD=-49136 vs Ref=-128591 | Close=1615.80 vs VAL=1616.75
2026-02-06 11:08:29,036 [INFO]     NSE:COFORGE-EQ | CVD=-378447 vs Ref=-459286 | Close=1539.60 vs VAL=1535.00
2026-02-06 11:08:29,325 [INFO]     NSE:LAURUSLABS-EQ | CVD=-117885 vs Ref=-150837 | Close=942.05 vs VAL=944.80
2026-02-06 11:08:29,571 [INFO]     NSE:ZYDUSLIFE-EQ | CVD=-25660 vs Ref=-48650 | Close=888.10 vs VAL=884.85
2026-02-06 11:08:29,828 [INFO]     NSE:CAMS-EQ | CVD=-42693 vs Ref=-75694 | Close=716.70 vs VAL=711.90
2026-02-06 11:08:30,057 [INFO]     NSE:BEL-EQ | CVD=466997 vs Ref=-426850 | Close=428.00 vs VAL=426.65
2026-02-06 11:08:30,352 [INFO]     NSE:RECLTD-EQ | CVD=-915693 vs Ref=-973015 | Close=369.75 vs VAL=368.80
2026-02-06 11:08:30,667 [INFO]     NSE:GMRAIRPORT-EQ | CVD=-960953 vs Ref=-935696 | Close=96.64 vs VAL=96.05
2026-02-06 11:09:30,669 [INFO] 🔍 Scanning for alerts on 11 symbols (5min)...
2026-02-06 11:09:30,873 [INFO]     NSE:OFSS-EQ | CVD=-43933 vs Ref=-41309 | Close=7198.00 vs VAL=7164.00
2026-02-06 11:09:31,114 [INFO]     NSE:LTIM-EQ | CVD=-26443 vs Ref=-39087 | Close=5531.00 vs VAL=5516.50
2026-02-06 11:09:31,359 [INFO]     NSE:ANGELONE-EQ | CVD=-12782 vs Ref=-38939 | Close=2585.00 vs VAL=2576.40
2026-02-06 11:09:31,622 [INFO]     NSE:TECHM-EQ | CVD=-49136 vs Ref=-128591 | Close=1615.80 vs VAL=1616.75
2026-02-06 11:09:31,920 [INFO]     NSE:COFORGE-EQ | CVD=-378447 vs Ref=-459286 | Close=1539.60 vs VAL=1535.00
2026-02-06 11:09:32,292 [INFO]     NSE:LAURUSLABS-EQ | CVD=-117885 vs Ref=-150837 | Close=942.05 vs VAL=944.80
2026-02-06 11:09:32,570 [INFO]     NSE:ZYDUSLIFE-EQ | CVD=-25660 vs Ref=-48650 | Close=888.10 vs VAL=884.85
2026-02-06 11:09:32,792 [INFO]     NSE:CAMS-EQ | CVD=-42693 vs Ref=-75694 | Close=716.70 vs VAL=711.90
2026-02-06 11:09:33,079 [INFO]     NSE:BEL-EQ | CVD=466997 vs Ref=-426850 | Close=428.00 vs VAL=426.65
2026-02-06 11:09:33,379 [INFO]     NSE:RECLTD-EQ | CVD=-915693 vs Ref=-973015 | Close=369.75 vs VAL=368.80
2026-02-06 11:09:33,655 [INFO]     NSE:GMRAIRPORT-EQ | CVD=-960953 vs Ref=-935696 | Close=96.64 vs VAL=96.05
2026-02-06 11:10:33,657 [INFO] 🔍 Scanning for alerts on 11 symbols (5min)...
2026-02-06 11:10:33,895 [INFO]     NSE:OFSS-EQ | CVD=-43933 vs Ref=-41309 | Close=7198.00 vs VAL=7164.00
2026-02-06 11:10:34,168 [INFO]     NSE:LTIM-EQ | CVD=-26443 vs Ref=-39087 | Close=5531.00 vs VAL=5516.50
2026-02-06 11:10:34,429 [INFO]     NSE:ANGELONE-EQ | CVD=-12782 vs Ref=-38939 | Close=2585.00 vs VAL=2576.40
2026-02-06 11:10:34,684 [INFO]     NSE:TECHM-EQ | CVD=-49136 vs Ref=-128591 | Close=1615.80 vs VAL=1616.75
2026-02-06 11:10:34,929 [INFO]     NSE:COFORGE-EQ | CVD=-378447 vs Ref=-459286 | Close=1539.60 vs VAL=1535.00
2026-02-06 11:10:35,243 [INFO]     NSE:LAURUSLABS-EQ | CVD=-117885 vs Ref=-150837 | Close=942.05 vs VAL=944.80
2026-02-06 11:10:35,555 [INFO]     NSE:ZYDUSLIFE-EQ | CVD=-25660 vs Ref=-48650 | Close=888.10 vs VAL=884.85
2026-02-06 11:10:35,819 [INFO]     NSE:CAMS-EQ | CVD=-42693 vs Ref=-75694 | Close=716.70 vs VAL=711.90
2026-02-06 11:10:36,068 [INFO]     NSE:BEL-EQ | CVD=466997 vs Ref=-426850 | Close=428.00 vs VAL=426.65
2026-02-06 11:10:36,306 [INFO]     NSE:RECLTD-EQ | CVD=-915693 vs Ref=-973015 | Close=369.75 vs VAL=368.80
2026-02-06 11:10:36,590 [INFO]     NSE:GMRAIRPORT-EQ | CVD=-960953 vs Ref=-935696 | Close=96.64 vs VAL=96.05
2026-02-06 11:11:36,591 [INFO] 🔍 Scanning for alerts on 11 symbols (5min)...
2026-02-06 11:11:36,879 [INFO]     NSE:OFSS-EQ | CVD=-44541 vs Ref=-41309 | Close=7193.00 vs VAL=7164.00
2026-02-06 11:11:37,133 [INFO]     NSE:LTIM-EQ | CVD=-31294 vs Ref=-39087 | Close=5519.00 vs VAL=5516.50
2026-02-06 11:11:37,381 [INFO]     NSE:ANGELONE-EQ | CVD=-9129 vs Ref=-38939 | Close=2589.40 vs VAL=2576.40
2026-02-06 11:11:37,657 [INFO]     NSE:TECHM-EQ | CVD=-52348 vs Ref=-128591 | Close=1616.80 vs VAL=1616.75
2026-02-06 11:11:37,918 [INFO]     NSE:COFORGE-EQ | CVD=-384518 vs Ref=-459286 | Close=1535.20 vs VAL=1535.00
2026-02-06 11:11:38,145 [INFO]     NSE:LAURUSLABS-EQ | CVD=-124641 vs Ref=-150837 | Close=942.10 vs VAL=944.80
2026-02-06 11:11:38,394 [INFO]     NSE:ZYDUSLIFE-EQ | CVD=-2466 vs Ref=-48650 | Close=887.75 vs VAL=884.85
2026-02-06 11:11:38,644 [INFO]     NSE:CAMS-EQ | CVD=-38737 vs Ref=-75694 | Close=716.90 vs VAL=711.90
2026-02-06 11:11:38,999 [INFO]     NSE:BEL-EQ | CVD=734205 vs Ref=-426850 | Close=429.70 vs VAL=426.65
2026-02-06 11:11:39,265 [INFO]     NSE:RECLTD-EQ | CVD=-889453 vs Ref=-973015 | Close=370.20 vs VAL=368.80
2026-02-06 11:11:39,608 [INFO]     NSE:GMRAIRPORT-EQ | CVD=-922122 vs Ref=-935696 | Close=96.77 vs VAL=96.05
2026-02-06 11:12:39,609 [INFO] 🔍 Scanning for alerts on 11 symbols (5min)...
2026-02-06 11:12:39,861 [INFO]     NSE:OFSS-EQ | CVD=-44541 vs Ref=-41309 | Close=7193.00 vs VAL=7164.00
2026-02-06 11:12:40,141 [INFO]     NSE:LTIM-EQ | CVD=-31294 vs Ref=-39087 | Close=5519.00 vs VAL=5516.50
2026-02-06 11:12:40,431 [INFO]     NSE:ANGELONE-EQ | CVD=-9129 vs Ref=-38939 | Close=2589.40 vs VAL=2576.40
2026-02-06 11:12:40,695 [INFO]     NSE:TECHM-EQ | CVD=-52348 vs Ref=-128591 | Close=1616.80 vs VAL=1616.75
2026-02-06 11:12:41,017 [INFO]     NSE:COFORGE-EQ | CVD=-384518 vs Ref=-459286 | Close=1535.20 vs VAL=1535.00
2026-02-06 11:12:41,254 [INFO]     NSE:LAURUSLABS-EQ | CVD=-124641 vs Ref=-150837 | Close=942.10 vs VAL=944.80
2026-02-06 11:12:41,503 [INFO]     NSE:ZYDUSLIFE-EQ | CVD=-2466 vs Ref=-48650 | Close=887.75 vs VAL=884.85
2026-02-06 11:12:41,765 [INFO]     NSE:CAMS-EQ | CVD=-38737 vs Ref=-75694 | Close=716.90 vs VAL=711.90
2026-02-06 11:12:42,017 [INFO]     NSE:BEL-EQ | CVD=734205 vs Ref=-426850 | Close=429.70 vs VAL=426.65
2026-02-06 11:12:42,379 [INFO]     NSE:RECLTD-EQ | CVD=-889453 vs Ref=-973015 | Close=370.20 vs VAL=368.80
2026-02-06 11:12:42,602 [INFO]     NSE:GMRAIRPORT-EQ | CVD=-922122 vs Ref=-935696 | Close=96.77 vs VAL=96.05
2026-02-06 11:13:42,603 [INFO] 🔍 Scanning for alerts on 11 symbols (5min)...
2026-02-06 11:13:42,894 [INFO]     NSE:OFSS-EQ | CVD=-44541 vs Ref=-41309 | Close=7193.00 vs VAL=7164.00
2026-02-06 11:13:43,250 [INFO]     NSE:LTIM-EQ | CVD=-31294 vs Ref=-39087 | Close=5519.00 vs VAL=5516.50
2026-02-06 11:13:43,521 [INFO]     NSE:ANGELONE-EQ | CVD=-9129 vs Ref=-38939 | Close=2589.40 vs VAL=2576.40
2026-02-06 11:13:43,747 [INFO]     NSE:TECHM-EQ | CVD=-52348 vs Ref=-128591 | Close=1616.80 vs VAL=1616.75
2026-02-06 11:13:43,978 [INFO]     NSE:COFORGE-EQ | CVD=-384518 vs Ref=-459286 | Close=1535.20 vs VAL=1535.00
2026-02-06 11:13:44,195 [INFO]     NSE:LAURUSLABS-EQ | CVD=-124641 vs Ref=-150837 | Close=942.10 vs VAL=944.80
2026-02-06 11:13:44,473 [INFO]     NSE:ZYDUSLIFE-EQ | CVD=-2466 vs Ref=-48650 | Close=887.75 vs VAL=884.85
2026-02-06 11:13:44,704 [INFO]     NSE:CAMS-EQ | CVD=-38737 vs Ref=-75694 | Close=716.90 vs VAL=711.90
2026-02-06 11:13:45,035 [INFO]     NSE:BEL-EQ | CVD=734205 vs Ref=-426850 | Close=429.70 vs VAL=426.65
2026-02-06 11:13:45,319 [INFO]     NSE:RECLTD-EQ | CVD=-889453 vs Ref=-973015 | Close=370.20 vs VAL=368.80
2026-02-06 11:13:45,672 [INFO]     NSE:GMRAIRPORT-EQ | CVD=-922122 vs Ref=-935696 | Close=96.77 vs VAL=96.05
2026-02-06 11:14:45,674 [INFO] 🔍 Scanning for alerts on 11 symbols (5min)...
2026-02-06 11:14:45,886 [INFO]     NSE:OFSS-EQ | CVD=-44541 vs Ref=-41309 | Close=7193.00 vs VAL=7164.00
2026-02-06 11:14:46,157 [INFO]     NSE:LTIM-EQ | CVD=-31294 vs Ref=-39087 | Close=5519.00 vs VAL=5516.50
2026-02-06 11:14:47,668 [INFO]     NSE:ANGELONE-EQ | CVD=-9129 vs Ref=-38939 | Close=2589.40 vs VAL=2576.40
2026-02-06 11:14:47,898 [INFO]     NSE:TECHM-EQ | CVD=-52348 vs Ref=-128591 | Close=1616.80 vs VAL=1616.75
2026-02-06 11:14:48,130 [INFO]     NSE:COFORGE-EQ | CVD=-384518 vs Ref=-459286 | Close=1535.20 vs VAL=1535.00
2026-02-06 11:14:48,418 [INFO]     NSE:LAURUSLABS-EQ | CVD=-124641 vs Ref=-150837 | Close=942.10 vs VAL=944.80
2026-02-06 11:14:48,649 [INFO]     NSE:ZYDUSLIFE-EQ | CVD=-2466 vs Ref=-48650 | Close=887.75 vs VAL=884.85
2026-02-06 11:14:48,904 [INFO]     NSE:CAMS-EQ | CVD=-38737 vs Ref=-75694 | Close=716.90 vs VAL=711.90
2026-02-06 11:14:49,117 [INFO]     NSE:BEL-EQ | CVD=734205 vs Ref=-426850 | Close=429.70 vs VAL=426.65
2026-02-06 11:14:49,453 [INFO]     NSE:RECLTD-EQ | CVD=-889453 vs Ref=-973015 | Close=370.20 vs VAL=368.80
2026-02-06 11:14:49,710 [INFO]     NSE:GMRAIRPORT-EQ | CVD=-922122 vs Ref=-935696 | Close=96.77 vs VAL=96.05
2026-02-06 11:15:49,712 [INFO] 🔍 Scanning for alerts on 11 symbols (5min)...
2026-02-06 11:15:49,933 [INFO]     NSE:OFSS-EQ | CVD=-44541 vs Ref=-41309 | Close=7193.00 vs VAL=7164.00
2026-02-06 11:15:50,182 [INFO]     NSE:LTIM-EQ | CVD=-31294 vs Ref=-39087 | Close=5519.00 vs VAL=5516.50
2026-02-06 11:15:52,211 [INFO]     NSE:ANGELONE-EQ | CVD=-9129 vs Ref=-38939 | Close=2589.40 vs VAL=2576.40
2026-02-06 11:15:52,453 [INFO]     NSE:TECHM-EQ | CVD=-52348 vs Ref=-128591 | Close=1616.80 vs VAL=1616.75
2026-02-06 11:15:52,754 [INFO]     NSE:COFORGE-EQ | CVD=-384518 vs Ref=-459286 | Close=1535.20 vs VAL=1535.00
2026-02-06 11:15:53,294 [INFO]     NSE:LAURUSLABS-EQ | CVD=-124641 vs Ref=-150837 | Close=942.10 vs VAL=944.80
2026-02-06 11:15:53,637 [INFO]     NSE:ZYDUSLIFE-EQ | CVD=-2466 vs Ref=-48650 | Close=887.75 vs VAL=884.85
2026-02-06 11:15:53,900 [INFO]     NSE:CAMS-EQ | CVD=-38737 vs Ref=-75694 | Close=716.90 vs VAL=711.90
2026-02-06 11:15:54,158 [INFO]     NSE:BEL-EQ | CVD=734205 vs Ref=-426850 | Close=429.70 vs VAL=426.65
2026-02-06 11:15:54,523 [INFO]     NSE:RECLTD-EQ | CVD=-889453 vs Ref=-973015 | Close=370.20 vs VAL=368.80
2026-02-06 11:15:54,830 [INFO]     NSE:GMRAIRPORT-EQ | CVD=-922122 vs Ref=-935696 | Close=96.77 vs VAL=96.05
2026-02-06 11:16:54,833 [INFO] 🔍 Scanning for alerts on 11 symbols (5min)...
2026-02-06 11:16:55,077 [INFO]     NSE:OFSS-EQ | CVD=-44731 vs Ref=-41309 | Close=7189.50 vs VAL=7164.00
2026-02-06 11:16:55,431 [INFO]     NSE:LTIM-EQ | CVD=-33771 vs Ref=-39087 | Close=5526.50 vs VAL=5516.50
2026-02-06 11:16:55,902 [INFO]     NSE:ANGELONE-EQ | CVD=-16597 vs Ref=-38939 | Close=2589.70 vs VAL=2576.40
2026-02-06 11:16:56,195 [INFO]     NSE:TECHM-EQ | CVD=-42989 vs Ref=-128591 | Close=1617.20 vs VAL=1616.75
2026-02-06 11:16:58,219 [INFO]     NSE:COFORGE-EQ | CVD=-425417 vs Ref=-459286 | Close=1534.50 vs VAL=1535.00
2026-02-06 11:16:58,451 [INFO]     NSE:LAURUSLABS-EQ | CVD=-124225 vs Ref=-150837 | Close=942.65 vs VAL=944.80
2026-02-06 11:16:58,709 [INFO]     NSE:ZYDUSLIFE-EQ | CVD=-761 vs Ref=-48650 | Close=888.45 vs VAL=884.85
2026-02-06 11:16:58,966 [INFO]     NSE:CAMS-EQ | CVD=-26980 vs Ref=-75694 | Close=719.50 vs VAL=711.90
2026-02-06 11:16:59,191 [INFO]     NSE:BEL-EQ | CVD=765882 vs Ref=-426850 | Close=429.85 vs VAL=426.65
2026-02-06 11:16:59,445 [INFO]     NSE:RECLTD-EQ | CVD=-1205200 vs Ref=-973015 | Close=369.05 vs VAL=368.80
2026-02-06 11:16:59,804 [INFO]     NSE:GMRAIRPORT-EQ | CVD=-834113 vs Ref=-935696 | Close=96.99 vs VAL=96.05
2026-02-06 11:17:59,806 [INFO] 🔍 Scanning for alerts on 11 symbols (5min)...
2026-02-06 11:18:00,018 [INFO]     NSE:OFSS-EQ | CVD=-44731 vs Ref=-41309 | Close=7189.50 vs VAL=7164.00
2026-02-06 11:18:00,244 [INFO]     NSE:LTIM-EQ | CVD=-33771 vs Ref=-39087 | Close=5526.50 vs VAL=5516.50
2026-02-06 11:18:00,467 [INFO]     NSE:ANGELONE-EQ | CVD=-16597 vs Ref=-38939 | Close=2589.70 vs VAL=2576.40
2026-02-06 11:18:00,725 [INFO]     NSE:TECHM-EQ | CVD=-42989 vs Ref=-128591 | Close=1617.20 vs VAL=1616.75
2026-02-06 11:18:02,595 [INFO]     NSE:COFORGE-EQ | CVD=-425417 vs Ref=-459286 | Close=1534.50 vs VAL=1535.00
2026-02-06 11:18:02,876 [INFO]     NSE:LAURUSLABS-EQ | CVD=-124225 vs Ref=-150837 | Close=942.65 vs VAL=944.80
2026-02-06 11:18:03,167 [INFO]     NSE:ZYDUSLIFE-EQ | CVD=-761 vs Ref=-48650 | Close=888.45 vs VAL=884.85
2026-02-06 11:18:03,419 [INFO]     NSE:CAMS-EQ | CVD=-26980 vs Ref=-75694 | Close=719.50 vs VAL=711.90
2026-02-06 11:18:03,748 [INFO]     NSE:BEL-EQ | CVD=765882 vs Ref=-426850 | Close=429.85 vs VAL=426.65
2026-02-06 11:18:04,015 [INFO]     NSE:RECLTD-EQ | CVD=-1205200 vs Ref=-973015 | Close=369.05 vs VAL=368.80
2026-02-06 11:18:04,314 [INFO]     NSE:GMRAIRPORT-EQ | CVD=-834113 vs Ref=-935696 | Close=96.99 vs VAL=96.05
2026-02-06 11:19:04,316 [INFO] 🔍 Scanning for alerts on 11 symbols (5min)...
2026-02-06 11:19:04,600 [INFO]     NSE:OFSS-EQ | CVD=-44731 vs Ref=-41309 | Close=7189.50 vs VAL=7164.00
2026-02-06 11:19:04,951 [INFO]     NSE:LTIM-EQ | CVD=-33771 vs Ref=-39087 | Close=5526.50 vs VAL=5516.50
2026-02-06 11:19:05,440 [INFO]     NSE:ANGELONE-EQ | CVD=-16597 vs Ref=-38939 | Close=2589.70 vs VAL=2576.40
2026-02-06 11:19:05,909 [INFO]     NSE:TECHM-EQ | CVD=-42989 vs Ref=-128591 | Close=1617.20 vs VAL=1616.75
2026-02-06 11:19:06,267 [INFO]     NSE:COFORGE-EQ | CVD=-425417 vs Ref=-459286 | Close=1534.50 vs VAL=1535.00
2026-02-06 11:19:06,580 [INFO]     NSE:LAURUSLABS-EQ | CVD=-124225 vs Ref=-150837 | Close=942.65 vs VAL=944.80
2026-02-06 11:19:06,935 [INFO]     NSE:ZYDUSLIFE-EQ | CVD=-761 vs Ref=-48650 | Close=888.45 vs VAL=884.85
2026-02-06 11:19:07,253 [INFO]     NSE:CAMS-EQ | CVD=-26980 vs Ref=-75694 | Close=719.50 vs VAL=711.90
2026-02-06 11:19:07,462 [INFO]     NSE:BEL-EQ | CVD=765882 vs Ref=-426850 | Close=429.85 vs VAL=426.65
2026-02-06 11:19:07,696 [INFO]     NSE:RECLTD-EQ | CVD=-1205200 vs Ref=-973015 | Close=369.05 vs VAL=368.80
2026-02-06 11:19:07,946 [INFO]     NSE:GMRAIRPORT-EQ | CVD=-834113 vs Ref=-935696 | Close=96.99 vs VAL=96.05
2026-02-06 11:20:07,948 [INFO] 🔍 Scanning for alerts on 11 symbols (5min)...
2026-02-06 11:20:08,207 [INFO]     NSE:OFSS-EQ | CVD=-44731 vs Ref=-41309 | Close=7189.50 vs VAL=7164.00
2026-02-06 11:20:08,429 [INFO]     NSE:LTIM-EQ | CVD=-33771 vs Ref=-39087 | Close=5526.50 vs VAL=5516.50
2026-02-06 11:20:08,741 [INFO]     NSE:ANGELONE-EQ | CVD=-16597 vs Ref=-38939 | Close=2589.70 vs VAL=2576.40
2026-02-06 11:20:08,954 [INFO]     NSE:TECHM-EQ | CVD=-42989 vs Ref=-128591 | Close=1617.20 vs VAL=1616.75
2026-02-06 11:20:09,237 [INFO]     NSE:COFORGE-EQ | CVD=-425417 vs Ref=-459286 | Close=1534.50 vs VAL=1535.00
2026-02-06 11:20:09,459 [INFO]     NSE:LAURUSLABS-EQ | CVD=-124225 vs Ref=-150837 | Close=942.65 vs VAL=944.80
2026-02-06 11:20:09,686 [INFO]     NSE:ZYDUSLIFE-EQ | CVD=-761 vs Ref=-48650 | Close=888.45 vs VAL=884.85
2026-02-06 11:20:09,917 [INFO]     NSE:CAMS-EQ | CVD=-26980 vs Ref=-75694 | Close=719.50 vs VAL=711.90
2026-02-06 11:20:10,172 [INFO]     NSE:BEL-EQ | CVD=765882 vs Ref=-426850 | Close=429.85 vs VAL=426.65
2026-02-06 11:20:10,518 [INFO]     NSE:RECLTD-EQ | CVD=-1205200 vs Ref=-973015 | Close=369.05 vs VAL=368.80
2026-02-06 11:20:10,817 [INFO]     NSE:GMRAIRPORT-EQ | CVD=-834113 vs Ref=-935696 | Close=96.99 vs VAL=96.05
2026-02-06 11:21:10,819 [INFO] 🔍 Scanning for alerts on 11 symbols (5min)...
2026-02-06 11:21:11,040 [INFO]     NSE:OFSS-EQ | CVD=-45132 vs Ref=-41309 | Close=7190.00 vs VAL=7164.00
2026-02-06 11:21:11,300 [INFO]     NSE:LTIM-EQ | CVD=-33775 vs Ref=-39087 | Close=5518.50 vs VAL=5516.50
2026-02-06 11:21:11,557 [INFO]     NSE:ANGELONE-EQ | CVD=-15637 vs Ref=-38939 | Close=2589.70 vs VAL=2576.40
2026-02-06 11:21:11,795 [INFO]     NSE:TECHM-EQ | CVD=-35702 vs Ref=-128591 | Close=1617.40 vs VAL=1616.75
2026-02-06 11:21:12,020 [INFO]     NSE:COFORGE-EQ | CVD=-378117 vs Ref=-459286 | Close=1544.40 vs VAL=1535.00
2026-02-06 11:21:12,286 [INFO]     NSE:LAURUSLABS-EQ | CVD=-117568 vs Ref=-150837 | Close=944.80 vs VAL=944.80
2026-02-06 11:21:12,562 [INFO]     NSE:ZYDUSLIFE-EQ | CVD=-1631 vs Ref=-48650 | Close=889.10 vs VAL=884.85
2026-02-06 11:21:13,189 [INFO]     NSE:CAMS-EQ | CVD=-7650 vs Ref=-75694 | Close=720.15 vs VAL=711.90
2026-02-06 11:21:13,586 [INFO]     NSE:BEL-EQ | CVD=848486 vs Ref=-426850 | Close=430.50 vs VAL=426.65
2026-02-06 11:21:13,888 [INFO]     NSE:RECLTD-EQ | CVD=-1095245 vs Ref=-973015 | Close=369.45 vs VAL=368.80
2026-02-06 11:21:14,169 [INFO]     NSE:GMRAIRPORT-EQ | CVD=-849429 vs Ref=-935696 | Close=96.95 vs VAL=96.05
2026-02-06 11:22:14,170 [INFO] 🔍 Scanning for alerts on 11 symbols (5min)...
2026-02-06 11:22:14,475 [INFO]     NSE:OFSS-EQ | CVD=-45132 vs Ref=-41309 | Close=7190.00 vs VAL=7164.00
2026-02-06 11:22:14,801 [INFO]     NSE:LTIM-EQ | CVD=-33775 vs Ref=-39087 | Close=5518.50 vs VAL=5516.50
2026-02-06 11:22:15,034 [INFO]     NSE:ANGELONE-EQ | CVD=-15637 vs Ref=-38939 | Close=2589.70 vs VAL=2576.40
2026-02-06 11:22:15,302 [INFO]     NSE:TECHM-EQ | CVD=-35702 vs Ref=-128591 | Close=1617.40 vs VAL=1616.75
2026-02-06 11:22:15,545 [INFO]     NSE:COFORGE-EQ | CVD=-378117 vs Ref=-459286 | Close=1544.40 vs VAL=1535.00
2026-02-06 11:22:15,804 [INFO]     NSE:LAURUSLABS-EQ | CVD=-117568 vs Ref=-150837 | Close=944.80 vs VAL=944.80
2026-02-06 11:22:16,032 [INFO]     NSE:ZYDUSLIFE-EQ | CVD=-1631 vs Ref=-48650 | Close=889.10 vs VAL=884.85
2026-02-06 11:22:16,260 [INFO]     NSE:CAMS-EQ | CVD=-7650 vs Ref=-75694 | Close=720.15 vs VAL=711.90
2026-02-06 11:22:16,586 [INFO]     NSE:BEL-EQ | CVD=848486 vs Ref=-426850 | Close=430.50 vs VAL=426.65
2026-02-06 11:22:16,837 [INFO]     NSE:RECLTD-EQ | CVD=-1095245 vs Ref=-973015 | Close=369.45 vs VAL=368.80
2026-02-06 11:22:17,090 [INFO]     NSE:GMRAIRPORT-EQ | CVD=-849429 vs Ref=-935696 | Close=96.95 vs VAL=96.05
2026-02-06 11:23:17,091 [INFO] 🔍 Scanning for alerts on 11 symbols (5min)...
2026-02-06 11:23:17,342 [INFO]     NSE:OFSS-EQ | CVD=-45132 vs Ref=-41309 | Close=7190.00 vs VAL=7164.00
2026-02-06 11:23:17,592 [INFO]     NSE:LTIM-EQ | CVD=-33775 vs Ref=-39087 | Close=5518.50 vs VAL=5516.50
2026-02-06 11:23:17,839 [INFO]     NSE:ANGELONE-EQ | CVD=-15637 vs Ref=-38939 | Close=2589.70 vs VAL=2576.40
2026-02-06 11:23:18,097 [INFO]     NSE:TECHM-EQ | CVD=-35702 vs Ref=-128591 | Close=1617.40 vs VAL=1616.75
2026-02-06 11:23:18,336 [INFO]     NSE:COFORGE-EQ | CVD=-378117 vs Ref=-459286 | Close=1544.40 vs VAL=1535.00
2026-02-06 11:23:18,571 [INFO]     NSE:LAURUSLABS-EQ | CVD=-117568 vs Ref=-150837 | Close=944.80 vs VAL=944.80
2026-02-06 11:23:18,838 [INFO]     NSE:ZYDUSLIFE-EQ | CVD=-1631 vs Ref=-48650 | Close=889.10 vs VAL=884.85
2026-02-06 11:23:19,073 [INFO]     NSE:CAMS-EQ | CVD=-7650 vs Ref=-75694 | Close=720.15 vs VAL=711.90
2026-02-06 11:23:19,326 [INFO]     NSE:BEL-EQ | CVD=848486 vs Ref=-426850 | Close=430.50 vs VAL=426.65
2026-02-06 11:23:19,597 [INFO]     NSE:RECLTD-EQ | CVD=-1095245 vs Ref=-973015 | Close=369.45 vs VAL=368.80
2026-02-06 11:23:19,843 [INFO]     NSE:GMRAIRPORT-EQ | CVD=-849429 vs Ref=-935696 | Close=96.95 vs VAL=96.05
2026-02-06 11:24:19,844 [INFO] 🔍 Scanning for alerts on 11 symbols (5min)...
2026-02-06 11:24:20,067 [INFO]     NSE:OFSS-EQ | CVD=-45132 vs Ref=-41309 | Close=7190.00 vs VAL=7164.00
2026-02-06 11:24:20,325 [INFO]     NSE:LTIM-EQ | CVD=-33775 vs Ref=-39087 | Close=5518.50 vs VAL=5516.50
2026-02-06 11:24:20,589 [INFO]     NSE:ANGELONE-EQ | CVD=-15637 vs Ref=-38939 | Close=2589.70 vs VAL=2576.40
2026-02-06 11:24:21,006 [INFO]     NSE:TECHM-EQ | CVD=-35702 vs Ref=-128591 | Close=1617.40 vs VAL=1616.75
2026-02-06 11:24:21,259 [INFO]     NSE:COFORGE-EQ | CVD=-378117 vs Ref=-459286 | Close=1544.40 vs VAL=1535.00
2026-02-06 11:24:21,515 [INFO]     NSE:LAURUSLABS-EQ | CVD=-117568 vs Ref=-150837 | Close=944.80 vs VAL=944.80
2026-02-06 11:24:21,774 [INFO]     NSE:ZYDUSLIFE-EQ | CVD=-1631 vs Ref=-48650 | Close=889.10 vs VAL=884.85
2026-02-06 11:24:22,025 [INFO]     NSE:CAMS-EQ | CVD=-7650 vs Ref=-75694 | Close=720.15 vs VAL=711.90
2026-02-06 11:24:22,282 [INFO]     NSE:BEL-EQ | CVD=848486 vs Ref=-426850 | Close=430.50 vs VAL=426.65
2026-02-06 11:24:22,566 [INFO]     NSE:RECLTD-EQ | CVD=-1095245 vs Ref=-973015 | Close=369.45 vs VAL=368.80
2026-02-06 11:24:22,862 [INFO]     NSE:GMRAIRPORT-EQ | CVD=-849429 vs Ref=-935696 | Close=96.95 vs VAL=96.05
2026-02-06 11:25:22,864 [INFO] 🔍 Scanning for alerts on 11 symbols (5min)...
2026-02-06 11:25:23,091 [INFO]     NSE:OFSS-EQ | CVD=-45132 vs Ref=-41309 | Close=7190.00 vs VAL=7164.00
2026-02-06 11:25:23,322 [INFO]     NSE:LTIM-EQ | CVD=-33775 vs Ref=-39087 | Close=5518.50 vs VAL=5516.50
2026-02-06 11:25:23,531 [INFO]     NSE:ANGELONE-EQ | CVD=-15637 vs Ref=-38939 | Close=2589.70 vs VAL=2576.40
2026-02-06 11:25:23,797 [INFO]     NSE:TECHM-EQ | CVD=-35702 vs Ref=-128591 | Close=1617.40 vs VAL=1616.75
2026-02-06 11:25:24,122 [INFO]     NSE:COFORGE-EQ | CVD=-378117 vs Ref=-459286 | Close=1544.40 vs VAL=1535.00
2026-02-06 11:25:24,381 [INFO]     NSE:LAURUSLABS-EQ | CVD=-117568 vs Ref=-150837 | Close=944.80 vs VAL=944.80
2026-02-06 11:25:24,629 [INFO]     NSE:ZYDUSLIFE-EQ | CVD=-1631 vs Ref=-48650 | Close=889.10 vs VAL=884.85
2026-02-06 11:25:24,896 [INFO]     NSE:CAMS-EQ | CVD=-7650 vs Ref=-75694 | Close=720.15 vs VAL=711.90
2026-02-06 11:25:25,175 [INFO]     NSE:BEL-EQ | CVD=848486 vs Ref=-426850 | Close=430.50 vs VAL=426.65
2026-02-06 11:25:25,436 [INFO]     NSE:RECLTD-EQ | CVD=-1095245 vs Ref=-973015 | Close=369.45 vs VAL=368.80
2026-02-06 11:25:25,686 [INFO]     NSE:GMRAIRPORT-EQ | CVD=-849429 vs Ref=-935696 | Close=96.95 vs VAL=96.05
2026-02-06 11:26:25,687 [INFO] 🔍 Scanning for alerts on 11 symbols (5min)...
2026-02-06 11:26:25,928 [INFO]     NSE:OFSS-EQ | CVD=-45700 vs Ref=-41309 | Close=7188.00 vs VAL=7164.00
2026-02-06 11:26:26,163 [INFO]     NSE:LTIM-EQ | CVD=-34874 vs Ref=-39087 | Close=5519.00 vs VAL=5516.50
2026-02-06 11:26:26,368 [INFO]     NSE:ANGELONE-EQ | CVD=4182 vs Ref=-38939 | Close=2605.20 vs VAL=2576.40
2026-02-06 11:26:26,644 [INFO]     NSE:TECHM-EQ | CVD=-47387 vs Ref=-128591 | Close=1615.60 vs VAL=1616.75
2026-02-06 11:26:26,896 [INFO]     NSE:COFORGE-EQ | CVD=-381588 vs Ref=-459286 | Close=1545.70 vs VAL=1535.00
2026-02-06 11:26:27,116 [INFO]     NSE:LAURUSLABS-EQ | CVD=-117640 vs Ref=-150837 | Close=944.80 vs VAL=944.80
2026-02-06 11:26:27,351 [INFO]     NSE:ZYDUSLIFE-EQ | CVD=2559 vs Ref=-48650 | Close=889.55 vs VAL=884.85
2026-02-06 11:26:27,585 [INFO]     NSE:CAMS-EQ | CVD=998 vs Ref=-75694 | Close=721.75 vs VAL=711.90
2026-02-06 11:26:27,848 [INFO]     NSE:BEL-EQ | CVD=915285 vs Ref=-426850 | Close=431.00 vs VAL=426.65
2026-02-06 11:26:28,072 [INFO]     NSE:RECLTD-EQ | CVD=-1031239 vs Ref=-973015 | Close=369.85 vs VAL=368.80
2026-02-06 11:26:28,303 [INFO]     NSE:GMRAIRPORT-EQ | CVD=-826940 vs Ref=-935696 | Close=97.09 vs VAL=96.05
2026-02-06 11:27:28,304 [INFO] 🔍 Scanning for alerts on 11 symbols (5min)...
2026-02-06 11:27:28,537 [INFO]     NSE:OFSS-EQ | CVD=-45700 vs Ref=-41309 | Close=7188.00 vs VAL=7164.00
2026-02-06 11:27:28,770 [INFO]     NSE:LTIM-EQ | CVD=-34874 vs Ref=-39087 | Close=5519.00 vs VAL=5516.50
2026-02-06 11:27:28,978 [INFO]     NSE:ANGELONE-EQ | CVD=4182 vs Ref=-38939 | Close=2605.20 vs VAL=2576.40
2026-02-06 11:27:29,232 [INFO]     NSE:TECHM-EQ | CVD=-47387 vs Ref=-128591 | Close=1615.60 vs VAL=1616.75
2026-02-06 11:27:29,462 [INFO]     NSE:COFORGE-EQ | CVD=-381588 vs Ref=-459286 | Close=1545.70 vs VAL=1535.00
2026-02-06 11:27:29,691 [INFO]     NSE:LAURUSLABS-EQ | CVD=-117640 vs Ref=-150837 | Close=944.80 vs VAL=944.80
2026-02-06 11:27:29,973 [INFO]     NSE:ZYDUSLIFE-EQ | CVD=2559 vs Ref=-48650 | Close=889.55 vs VAL=884.85
2026-02-06 11:27:30,232 [INFO]     NSE:CAMS-EQ | CVD=998 vs Ref=-75694 | Close=721.75 vs VAL=711.90
2026-02-06 11:27:30,452 [INFO]     NSE:BEL-EQ | CVD=915285 vs Ref=-426850 | Close=431.00 vs VAL=426.65
2026-02-06 11:27:30,710 [INFO]     NSE:RECLTD-EQ | CVD=-1031239 vs Ref=-973015 | Close=369.85 vs VAL=368.80
2026-02-06 11:27:30,958 [INFO]     NSE:GMRAIRPORT-EQ | CVD=-826940 vs Ref=-935696 | Close=97.09 vs VAL=96.05
2026-02-06 11:28:30,960 [INFO] 🔍 Scanning for alerts on 11 symbols (5min)...
2026-02-06 11:28:31,202 [INFO]     NSE:OFSS-EQ | CVD=-45700 vs Ref=-41309 | Close=7188.00 vs VAL=7164.00
2026-02-06 11:28:31,443 [INFO]     NSE:LTIM-EQ | CVD=-34874 vs Ref=-39087 | Close=5519.00 vs VAL=5516.50
2026-02-06 11:28:31,734 [INFO]     NSE:ANGELONE-EQ | CVD=4182 vs Ref=-38939 | Close=2605.20 vs VAL=2576.40
2026-02-06 11:28:31,992 [INFO]     NSE:TECHM-EQ | CVD=-47387 vs Ref=-128591 | Close=1615.60 vs VAL=1616.75
2026-02-06 11:28:32,263 [INFO]     NSE:COFORGE-EQ | CVD=-381588 vs Ref=-459286 | Close=1545.70 vs VAL=1535.00
2026-02-06 11:28:32,563 [INFO]     NSE:LAURUSLABS-EQ | CVD=-117640 vs Ref=-150837 | Close=944.80 vs VAL=944.80
2026-02-06 11:28:32,831 [INFO]     NSE:ZYDUSLIFE-EQ | CVD=2559 vs Ref=-48650 | Close=889.55 vs VAL=884.85
2026-02-06 11:28:33,074 [INFO]     NSE:CAMS-EQ | CVD=998 vs Ref=-75694 | Close=721.75 vs VAL=711.90
2026-02-06 11:28:33,292 [INFO]     NSE:BEL-EQ | CVD=915285 vs Ref=-426850 | Close=431.00 vs VAL=426.65
2026-02-06 11:28:33,597 [INFO]     NSE:RECLTD-EQ | CVD=-1031239 vs Ref=-973015 | Close=369.85 vs VAL=368.80
2026-02-06 11:28:33,906 [INFO]     NSE:GMRAIRPORT-EQ | CVD=-826940 vs Ref=-935696 | Close=97.09 vs VAL=96.05
2026-02-06 11:29:33,908 [INFO] 🔍 Scanning for alerts on 11 symbols (5min)...
2026-02-06 11:29:34,137 [INFO]     NSE:OFSS-EQ | CVD=-45700 vs Ref=-41309 | Close=7188.00 vs VAL=7164.00
2026-02-06 11:29:34,362 [INFO]     NSE:LTIM-EQ | CVD=-34874 vs Ref=-39087 | Close=5519.00 vs VAL=5516.50
2026-02-06 11:29:34,606 [INFO]     NSE:ANGELONE-EQ | CVD=4182 vs Ref=-38939 | Close=2605.20 vs VAL=2576.40
2026-02-06 11:29:34,844 [INFO]     NSE:TECHM-EQ | CVD=-47387 vs Ref=-128591 | Close=1615.60 vs VAL=1616.75
2026-02-06 11:29:35,046 [INFO]     NSE:COFORGE-EQ | CVD=-381588 vs Ref=-459286 | Close=1545.70 vs VAL=1535.00
2026-02-06 11:29:35,305 [INFO]     NSE:LAURUSLABS-EQ | CVD=-117640 vs Ref=-150837 | Close=944.80 vs VAL=944.80
2026-02-06 11:29:35,564 [INFO]     NSE:ZYDUSLIFE-EQ | CVD=2559 vs Ref=-48650 | Close=889.55 vs VAL=884.85
2026-02-06 11:29:35,815 [INFO]     NSE:CAMS-EQ | CVD=998 vs Ref=-75694 | Close=721.75 vs VAL=711.90
2026-02-06 11:29:36,023 [INFO]     NSE:BEL-EQ | CVD=915285 vs Ref=-426850 | Close=431.00 vs VAL=426.65
2026-02-06 11:29:36,250 [INFO]     NSE:RECLTD-EQ | CVD=-1031239 vs Ref=-973015 | Close=369.85 vs VAL=368.80
2026-02-06 11:29:36,495 [INFO]     NSE:GMRAIRPORT-EQ | CVD=-826940 vs Ref=-935696 | Close=97.09 vs VAL=96.05
2026-02-06 11:30:36,496 [INFO] 🔍 Scanning for alerts on 11 symbols (5min)...
2026-02-06 11:30:36,709 [INFO]     NSE:OFSS-EQ | CVD=-45700 vs Ref=-41309 | Close=7188.00 vs VAL=7164.00
2026-02-06 11:30:36,942 [INFO]     NSE:LTIM-EQ | CVD=-34874 vs Ref=-39087 | Close=5519.00 vs VAL=5516.50
2026-02-06 11:30:37,162 [INFO]     NSE:ANGELONE-EQ | CVD=4182 vs Ref=-38939 | Close=2605.20 vs VAL=2576.40
2026-02-06 11:30:37,393 [INFO]     NSE:TECHM-EQ | CVD=-47387 vs Ref=-128591 | Close=1615.60 vs VAL=1616.75
2026-02-06 11:30:37,618 [INFO]     NSE:COFORGE-EQ | CVD=-381588 vs Ref=-459286 | Close=1545.70 vs VAL=1535.00
2026-02-06 11:30:37,855 [INFO]     NSE:LAURUSLABS-EQ | CVD=-117640 vs Ref=-150837 | Close=944.80 vs VAL=944.80
2026-02-06 11:30:38,086 [INFO]     NSE:ZYDUSLIFE-EQ | CVD=2559 vs Ref=-48650 | Close=889.55 vs VAL=884.85
2026-02-06 11:30:38,326 [INFO]     NSE:CAMS-EQ | CVD=998 vs Ref=-75694 | Close=721.75 vs VAL=711.90
2026-02-06 11:30:38,577 [INFO]     NSE:BEL-EQ | CVD=915285 vs Ref=-426850 | Close=431.00 vs VAL=426.65
2026-02-06 11:30:38,810 [INFO]     NSE:RECLTD-EQ | CVD=-1031239 vs Ref=-973015 | Close=369.85 vs VAL=368.80
2026-02-06 11:30:39,036 [INFO]     NSE:GMRAIRPORT-EQ | CVD=-826940 vs Ref=-935696 | Close=97.09 vs VAL=96.05
2026-02-06 11:31:39,037 [INFO] 🔍 Scanning for alerts on 11 symbols (5min)...
2026-02-06 11:31:39,253 [INFO]     NSE:OFSS-EQ | CVD=-46296 vs Ref=-41309 | Close=7187.00 vs VAL=7164.00
2026-02-06 11:31:39,504 [INFO]     NSE:LTIM-EQ | CVD=-24404 vs Ref=-39087 | Close=5517.50 vs VAL=5516.50
2026-02-06 11:31:39,751 [INFO]     NSE:ANGELONE-EQ | CVD=-505 vs Ref=-38939 | Close=2597.80 vs VAL=2576.40
2026-02-06 11:31:40,057 [INFO]     NSE:TECHM-EQ | CVD=-17120 vs Ref=-128591 | Close=1619.90 vs VAL=1616.75
2026-02-06 11:31:40,284 [INFO]     NSE:COFORGE-EQ | CVD=-377363 vs Ref=-459286 | Close=1547.10 vs VAL=1535.00
2026-02-06 11:31:40,552 [INFO]     NSE:LAURUSLABS-EQ | CVD=-110382 vs Ref=-150837 | Close=944.45 vs VAL=944.80
2026-02-06 11:31:40,829 [INFO]     NSE:ZYDUSLIFE-EQ | CVD=3693 vs Ref=-48650 | Close=889.30 vs VAL=884.85
2026-02-06 11:31:41,090 [INFO]     NSE:CAMS-EQ | CVD=-495 vs Ref=-75694 | Close=720.85 vs VAL=711.90
2026-02-06 11:31:41,314 [INFO]     NSE:BEL-EQ | CVD=974231 vs Ref=-426850 | Close=431.45 vs VAL=426.65
2026-02-06 11:31:41,523 [INFO]     NSE:RECLTD-EQ | CVD=-1181855 vs Ref=-973015 | Close=369.00 vs VAL=368.80
2026-02-06 11:31:41,763 [INFO]     NSE:GMRAIRPORT-EQ | CVD=-837410 vs Ref=-935696 | Close=97.04 vs VAL=96.05
2026-02-06 11:32:41,764 [INFO] 🔍 Scanning for alerts on 11 symbols (5min)...
2026-02-06 11:32:42,008 [INFO]     NSE:OFSS-EQ | CVD=-46296 vs Ref=-41309 | Close=7187.00 vs VAL=7164.00
2026-02-06 11:32:42,254 [INFO]     NSE:LTIM-EQ | CVD=-24404 vs Ref=-39087 | Close=5517.50 vs VAL=5516.50
2026-02-06 11:32:42,462 [INFO]     NSE:ANGELONE-EQ | CVD=-505 vs Ref=-38939 | Close=2597.80 vs VAL=2576.40
2026-02-06 11:32:42,731 [INFO]     NSE:TECHM-EQ | CVD=-17120 vs Ref=-128591 | Close=1619.90 vs VAL=1616.75
2026-02-06 11:32:42,955 [INFO]     NSE:COFORGE-EQ | CVD=-377363 vs Ref=-459286 | Close=1547.10 vs VAL=1535.00
2026-02-06 11:32:43,200 [INFO]     NSE:LAURUSLABS-EQ | CVD=-110382 vs Ref=-150837 | Close=944.45 vs VAL=944.80
2026-02-06 11:32:43,441 [INFO]     NSE:ZYDUSLIFE-EQ | CVD=3693 vs Ref=-48650 | Close=889.30 vs VAL=884.85
2026-02-06 11:32:43,695 [INFO]     NSE:CAMS-EQ | CVD=-495 vs Ref=-75694 | Close=720.85 vs VAL=711.90
2026-02-06 11:32:43,962 [INFO]     NSE:BEL-EQ | CVD=974231 vs Ref=-426850 | Close=431.45 vs VAL=426.65
2026-02-06 11:32:44,211 [INFO]     NSE:RECLTD-EQ | CVD=-1181855 vs Ref=-973015 | Close=369.00 vs VAL=368.80
2026-02-06 11:32:44,419 [INFO]     NSE:GMRAIRPORT-EQ | CVD=-837410 vs Ref=-935696 | Close=97.04 vs VAL=96.05
2026-02-06 11:33:44,421 [INFO] 🔍 Scanning for alerts on 11 symbols (5min)...
2026-02-06 11:33:44,640 [INFO]     NSE:OFSS-EQ | CVD=-46296 vs Ref=-41309 | Close=7187.00 vs VAL=7164.00
2026-02-06 11:33:44,876 [INFO]     NSE:LTIM-EQ | CVD=-24404 vs Ref=-39087 | Close=5517.50 vs VAL=5516.50
2026-02-06 11:33:45,890 [INFO]     NSE:ANGELONE-EQ | CVD=-505 vs Ref=-38939 | Close=2597.80 vs VAL=2576.40
2026-02-06 11:33:46,114 [INFO]     NSE:TECHM-EQ | CVD=-17120 vs Ref=-128591 | Close=1619.90 vs VAL=1616.75
2026-02-06 11:33:46,358 [INFO]     NSE:COFORGE-EQ | CVD=-377363 vs Ref=-459286 | Close=1547.10 vs VAL=1535.00
2026-02-06 11:33:46,587 [INFO]     NSE:LAURUSLABS-EQ | CVD=-110382 vs Ref=-150837 | Close=944.45 vs VAL=944.80
2026-02-06 11:33:46,878 [INFO]     NSE:ZYDUSLIFE-EQ | CVD=3693 vs Ref=-48650 | Close=889.30 vs VAL=884.85
2026-02-06 11:33:47,120 [INFO]     NSE:CAMS-EQ | CVD=-495 vs Ref=-75694 | Close=720.85 vs VAL=711.90
2026-02-06 11:33:47,341 [INFO]     NSE:BEL-EQ | CVD=974231 vs Ref=-426850 | Close=431.45 vs VAL=426.65
2026-02-06 11:33:47,625 [INFO]     NSE:RECLTD-EQ | CVD=-1181855 vs Ref=-973015 | Close=369.00 vs VAL=368.80
2026-02-06 11:33:47,870 [INFO]     NSE:GMRAIRPORT-EQ | CVD=-837410 vs Ref=-935696 | Close=97.04 vs VAL=96.05
2026-02-06 11:34:47,872 [INFO] 🔍 Scanning for alerts on 11 symbols (5min)...
2026-02-06 11:34:48,263 [INFO]     NSE:OFSS-EQ | CVD=-46296 vs Ref=-41309 | Close=7187.00 vs VAL=7164.00
2026-02-06 11:34:48,723 [INFO]     NSE:LTIM-EQ | CVD=-24404 vs Ref=-39087 | Close=5517.50 vs VAL=5516.50
2026-02-06 11:34:48,997 [INFO]     NSE:ANGELONE-EQ | CVD=-505 vs Ref=-38939 | Close=2597.80 vs VAL=2576.40
2026-02-06 11:34:50,982 [INFO]     NSE:TECHM-EQ | CVD=-17120 vs Ref=-128591 | Close=1619.90 vs VAL=1616.75
2026-02-06 11:34:51,216 [INFO]     NSE:COFORGE-EQ | CVD=-377363 vs Ref=-459286 | Close=1547.10 vs VAL=1535.00
2026-02-06 11:34:51,451 [INFO]     NSE:LAURUSLABS-EQ | CVD=-110382 vs Ref=-150837 | Close=944.45 vs VAL=944.80
2026-02-06 11:34:51,763 [INFO]     NSE:ZYDUSLIFE-EQ | CVD=3693 vs Ref=-48650 | Close=889.30 vs VAL=884.85
2026-02-06 11:34:52,070 [INFO]     NSE:CAMS-EQ | CVD=-495 vs Ref=-75694 | Close=720.85 vs VAL=711.90
2026-02-06 11:34:52,466 [INFO]     NSE:BEL-EQ | CVD=974231 vs Ref=-426850 | Close=431.45 vs VAL=426.65
2026-02-06 11:34:53,064 [INFO]     NSE:RECLTD-EQ | CVD=-1181855 vs Ref=-973015 | Close=369.00 vs VAL=368.80
2026-02-06 11:34:53,515 [INFO]     NSE:GMRAIRPORT-EQ | CVD=-837410 vs Ref=-935696 | Close=97.04 vs VAL=96.05
2026-02-06 11:35:53,517 [INFO] 🔍 Scanning for alerts on 11 symbols (5min)...
2026-02-06 11:35:53,766 [INFO]     NSE:OFSS-EQ | CVD=-46296 vs Ref=-41309 | Close=7187.00 vs VAL=7164.00
2026-02-06 11:35:53,996 [INFO]     NSE:LTIM-EQ | CVD=-24404 vs Ref=-39087 | Close=5517.50 vs VAL=5516.50
2026-02-06 11:35:54,308 [INFO]     NSE:ANGELONE-EQ | CVD=-505 vs Ref=-38939 | Close=2597.80 vs VAL=2576.40
2026-02-06 11:35:54,612 [INFO]     NSE:TECHM-EQ | CVD=-17120 vs Ref=-128591 | Close=1619.90 vs VAL=1616.75
2026-02-06 11:35:54,852 [INFO]     NSE:COFORGE-EQ | CVD=-377363 vs Ref=-459286 | Close=1547.10 vs VAL=1535.00
2026-02-06 11:35:57,093 [INFO]     NSE:LAURUSLABS-EQ | CVD=-110382 vs Ref=-150837 | Close=944.45 vs VAL=944.80
2026-02-06 11:35:57,550 [INFO]     NSE:ZYDUSLIFE-EQ | CVD=3693 vs Ref=-48650 | Close=889.30 vs VAL=884.85
2026-02-06 11:35:57,806 [INFO]     NSE:CAMS-EQ | CVD=-495 vs Ref=-75694 | Close=720.85 vs VAL=711.90
2026-02-06 11:35:58,078 [INFO]     NSE:BEL-EQ | CVD=974231 vs Ref=-426850 | Close=431.45 vs VAL=426.65
2026-02-06 11:35:58,393 [INFO]     NSE:RECLTD-EQ | CVD=-1181855 vs Ref=-973015 | Close=369.00 vs VAL=368.80
2026-02-06 11:35:58,686 [INFO]     NSE:GMRAIRPORT-EQ | CVD=-837410 vs Ref=-935696 | Close=97.04 vs VAL=96.05
2026-02-06 11:36:58,688 [INFO] 🔍 Scanning for alerts on 11 symbols (5min)...
2026-02-06 11:36:58,912 [INFO]     NSE:OFSS-EQ | CVD=-46445 vs Ref=-41309 | Close=7179.50 vs VAL=7164.00
2026-02-06 11:36:59,152 [INFO]     NSE:LTIM-EQ | CVD=-30825 vs Ref=-39087 | Close=5503.00 vs VAL=5516.50
2026-02-06 11:36:59,404 [INFO]     NSE:ANGELONE-EQ | CVD=1966 vs Ref=-38939 | Close=2603.60 vs VAL=2576.40
2026-02-06 11:37:01,526 [INFO]     NSE:TECHM-EQ | CVD=-16832 vs Ref=-128591 | Close=1619.10 vs VAL=1616.75
2026-02-06 11:37:01,828 [INFO]     NSE:COFORGE-EQ | CVD=-374055 vs Ref=-459286 | Close=1547.80 vs VAL=1535.00
2026-02-06 11:37:02,121 [INFO]     NSE:LAURUSLABS-EQ | CVD=-110802 vs Ref=-150837 | Close=943.80 vs VAL=944.80
2026-02-06 11:37:02,439 [INFO]     NSE:ZYDUSLIFE-EQ | CVD=3892 vs Ref=-48650 | Close=888.75 vs VAL=884.85
2026-02-06 11:37:02,732 [INFO]     NSE:CAMS-EQ | CVD=-31250 vs Ref=-75694 | Close=720.00 vs VAL=711.90
2026-02-06 11:37:03,012 [INFO]     NSE:BEL-EQ | CVD=990909 vs Ref=-426850 | Close=431.80 vs VAL=426.65
2026-02-06 11:37:03,328 [INFO]     NSE:RECLTD-EQ | CVD=-1267414 vs Ref=-973015 | Close=368.85 vs VAL=368.80
2026-02-06 11:37:03,615 [INFO]     NSE:GMRAIRPORT-EQ | CVD=-827843 vs Ref=-935696 | Close=97.20 vs VAL=96.05
2026-02-06 11:38:03,617 [INFO] 🔍 Scanning for alerts on 11 symbols (5min)...
2026-02-06 11:38:04,056 [INFO]     NSE:OFSS-EQ | CVD=-46445 vs Ref=-41309 | Close=7179.50 vs VAL=7164.00
2026-02-06 11:38:04,298 [INFO]     NSE:LTIM-EQ | CVD=-30825 vs Ref=-39087 | Close=5503.00 vs VAL=5516.50
2026-02-06 11:38:04,587 [INFO]     NSE:ANGELONE-EQ | CVD=1966 vs Ref=-38939 | Close=2603.60 vs VAL=2576.40
2026-02-06 11:38:04,879 [INFO]     NSE:TECHM-EQ | CVD=-16832 vs Ref=-128591 | Close=1619.10 vs VAL=1616.75
2026-02-06 11:38:05,147 [INFO]     NSE:COFORGE-EQ | CVD=-374055 vs Ref=-459286 | Close=1547.80 vs VAL=1535.00
2026-02-06 11:38:05,396 [INFO]     NSE:LAURUSLABS-EQ | CVD=-110802 vs Ref=-150837 | Close=943.80 vs VAL=944.80
2026-02-06 11:38:05,642 [INFO]     NSE:ZYDUSLIFE-EQ | CVD=3892 vs Ref=-48650 | Close=888.75 vs VAL=884.85
2026-02-06 11:38:05,918 [INFO]     NSE:CAMS-EQ | CVD=-31250 vs Ref=-75694 | Close=720.00 vs VAL=711.90
2026-02-06 11:38:06,238 [INFO]     NSE:BEL-EQ | CVD=990909 vs Ref=-426850 | Close=431.80 vs VAL=426.65
2026-02-06 11:38:06,531 [INFO]     NSE:RECLTD-EQ | CVD=-1267414 vs Ref=-973015 | Close=368.85 vs VAL=368.80
2026-02-06 11:38:06,778 [INFO]     NSE:GMRAIRPORT-EQ | CVD=-827843 vs Ref=-935696 | Close=97.20 vs VAL=96.05
2026-02-06 11:39:06,780 [INFO] 🔍 Scanning for alerts on 11 symbols (5min)...
2026-02-06 11:39:07,056 [INFO]     NSE:OFSS-EQ | CVD=-46445 vs Ref=-41309 | Close=7179.50 vs VAL=7164.00
2026-02-06 11:39:07,313 [INFO]     NSE:LTIM-EQ | CVD=-30825 vs Ref=-39087 | Close=5503.00 vs VAL=5516.50
2026-02-06 11:39:07,581 [INFO]     NSE:ANGELONE-EQ | CVD=1966 vs Ref=-38939 | Close=2603.60 vs VAL=2576.40
2026-02-06 11:39:07,809 [INFO]     NSE:TECHM-EQ | CVD=-16832 vs Ref=-128591 | Close=1619.10 vs VAL=1616.75
2026-02-06 11:39:08,067 [INFO]     NSE:COFORGE-EQ | CVD=-374055 vs Ref=-459286 | Close=1547.80 vs VAL=1535.00
2026-02-06 11:39:08,481 [INFO]     NSE:LAURUSLABS-EQ | CVD=-110802 vs Ref=-150837 | Close=943.80 vs VAL=944.80
2026-02-06 11:39:08,894 [INFO]     NSE:ZYDUSLIFE-EQ | CVD=3892 vs Ref=-48650 | Close=888.75 vs VAL=884.85
2026-02-06 11:39:09,270 [INFO]     NSE:CAMS-EQ | CVD=-31250 vs Ref=-75694 | Close=720.00 vs VAL=711.90
2026-02-06 11:39:09,557 [INFO]     NSE:BEL-EQ | CVD=990909 vs Ref=-426850 | Close=431.80 vs VAL=426.65
2026-02-06 11:39:09,901 [INFO]     NSE:RECLTD-EQ | CVD=-1267414 vs Ref=-973015 | Close=368.85 vs VAL=368.80
2026-02-06 11:39:10,488 [INFO]     NSE:GMRAIRPORT-EQ | CVD=-827843 vs Ref=-935696 | Close=97.20 vs VAL=96.05
2026-02-06 11:40:10,490 [INFO] 🔍 Scanning for alerts on 11 symbols (5min)...
2026-02-06 11:40:10,758 [INFO]     NSE:OFSS-EQ | CVD=-46445 vs Ref=-41309 | Close=7179.50 vs VAL=7164.00
2026-02-06 11:40:10,997 [INFO]     NSE:LTIM-EQ | CVD=-30825 vs Ref=-39087 | Close=5503.00 vs VAL=5516.50
2026-02-06 11:40:11,333 [INFO]     NSE:ANGELONE-EQ | CVD=1966 vs Ref=-38939 | Close=2603.60 vs VAL=2576.40
2026-02-06 11:40:11,648 [INFO]     NSE:TECHM-EQ | CVD=-16832 vs Ref=-128591 | Close=1619.10 vs VAL=1616.75
2026-02-06 11:40:11,918 [INFO]     NSE:COFORGE-EQ | CVD=-374055 vs Ref=-459286 | Close=1547.80 vs VAL=1535.00
2026-02-06 11:40:12,162 [INFO]     NSE:LAURUSLABS-EQ | CVD=-110802 vs Ref=-150837 | Close=943.80 vs VAL=944.80
2026-02-06 11:40:12,428 [INFO]     NSE:ZYDUSLIFE-EQ | CVD=3892 vs Ref=-48650 | Close=888.75 vs VAL=884.85
2026-02-06 11:40:12,677 [INFO]     NSE:CAMS-EQ | CVD=-31250 vs Ref=-75694 | Close=720.00 vs VAL=711.90
2026-02-06 11:40:12,921 [INFO]     NSE:BEL-EQ | CVD=990909 vs Ref=-426850 | Close=431.80 vs VAL=426.65
2026-02-06 11:40:13,209 [INFO]     NSE:RECLTD-EQ | CVD=-1267414 vs Ref=-973015 | Close=368.85 vs VAL=368.80
2026-02-06 11:40:13,473 [INFO]     NSE:GMRAIRPORT-EQ | CVD=-827843 vs Ref=-935696 | Close=97.20 vs VAL=96.05
2026-02-06 11:41:13,474 [INFO] 🔍 Scanning for alerts on 11 symbols (5min)...
2026-02-06 11:41:13,933 [INFO]     NSE:OFSS-EQ | CVD=-45511 vs Ref=-41309 | Close=7186.50 vs VAL=7164.00
2026-02-06 11:41:14,420 [INFO]     NSE:LTIM-EQ | CVD=-23380 vs Ref=-39087 | Close=5516.50 vs VAL=5516.50
2026-02-06 11:41:14,856 [INFO]     NSE:ANGELONE-EQ | CVD=5098 vs Ref=-38939 | Close=2611.70 vs VAL=2576.40
2026-02-06 11:41:15,256 [INFO]     NSE:TECHM-EQ | CVD=-12693 vs Ref=-128591 | Close=1620.50 vs VAL=1616.75
2026-02-06 11:41:15,676 [INFO]     NSE:COFORGE-EQ | CVD=-359891 vs Ref=-459286 | Close=1548.60 vs VAL=1535.00
2026-02-06 11:41:16,052 [INFO]     NSE:LAURUSLABS-EQ | CVD=-89448 vs Ref=-150837 | Close=948.85 vs VAL=944.80
2026-02-06 11:41:16,368 [INFO]     NSE:ZYDUSLIFE-EQ | CVD=4294 vs Ref=-48650 | Close=889.90 vs VAL=884.85
2026-02-06 11:41:16,631 [INFO]     NSE:CAMS-EQ | CVD=-10590 vs Ref=-75694 | Close=720.00 vs VAL=711.90
2026-02-06 11:41:16,873 [INFO]     NSE:BEL-EQ | CVD=1120122 vs Ref=-426850 | Close=432.80 vs VAL=426.65
2026-02-06 11:41:17,119 [INFO]     NSE:RECLTD-EQ | CVD=-1227146 vs Ref=-973015 | Close=369.60 vs VAL=368.80
2026-02-06 11:41:17,392 [INFO]     NSE:GMRAIRPORT-EQ | CVD=-759347 vs Ref=-935696 | Close=97.38 vs VAL=96.05
2026-02-06 11:42:17,394 [INFO] 🔍 Scanning for alerts on 11 symbols (5min)...
2026-02-06 11:42:17,647 [INFO]     NSE:OFSS-EQ | CVD=-45511 vs Ref=-41309 | Close=7186.50 vs VAL=7164.00
2026-02-06 11:42:17,983 [INFO]     NSE:LTIM-EQ | CVD=-23380 vs Ref=-39087 | Close=5516.50 vs VAL=5516.50
2026-02-06 11:42:18,313 [INFO]     NSE:ANGELONE-EQ | CVD=5098 vs Ref=-38939 | Close=2611.70 vs VAL=2576.40
2026-02-06 11:42:18,724 [INFO]     NSE:TECHM-EQ | CVD=-12693 vs Ref=-128591 | Close=1620.50 vs VAL=1616.75
2026-02-06 11:42:19,200 [INFO]     NSE:COFORGE-EQ | CVD=-359891 vs Ref=-459286 | Close=1548.60 vs VAL=1535.00
2026-02-06 11:42:19,519 [INFO]     NSE:LAURUSLABS-EQ | CVD=-89448 vs Ref=-150837 | Close=948.85 vs VAL=944.80
2026-02-06 11:42:19,775 [INFO]     NSE:ZYDUSLIFE-EQ | CVD=4294 vs Ref=-48650 | Close=889.90 vs VAL=884.85
2026-02-06 11:42:20,027 [INFO]     NSE:CAMS-EQ | CVD=-10590 vs Ref=-75694 | Close=720.00 vs VAL=711.90
2026-02-06 11:42:20,326 [INFO]     NSE:BEL-EQ | CVD=1120122 vs Ref=-426850 | Close=432.80 vs VAL=426.65
2026-02-06 11:42:20,700 [INFO]     NSE:RECLTD-EQ | CVD=-1227146 vs Ref=-973015 | Close=369.60 vs VAL=368.80
2026-02-06 11:42:21,027 [INFO]     NSE:GMRAIRPORT-EQ | CVD=-759347 vs Ref=-935696 | Close=97.38 vs VAL=96.05
2026-02-06 11:43:21,028 [INFO] 🔍 Scanning for alerts on 11 symbols (5min)...
2026-02-06 11:43:21,273 [INFO]     NSE:OFSS-EQ | CVD=-45511 vs Ref=-41309 | Close=7186.50 vs VAL=7164.00
2026-02-06 11:43:21,494 [INFO]     NSE:LTIM-EQ | CVD=-23380 vs Ref=-39087 | Close=5516.50 vs VAL=5516.50
2026-02-06 11:43:21,744 [INFO]     NSE:ANGELONE-EQ | CVD=5098 vs Ref=-38939 | Close=2611.70 vs VAL=2576.40
2026-02-06 11:43:22,004 [INFO]     NSE:TECHM-EQ | CVD=-12693 vs Ref=-128591 | Close=1620.50 vs VAL=1616.75
2026-02-06 11:43:22,251 [INFO]     NSE:COFORGE-EQ | CVD=-359891 vs Ref=-459286 | Close=1548.60 vs VAL=1535.00
2026-02-06 11:43:22,494 [INFO]     NSE:LAURUSLABS-EQ | CVD=-89448 vs Ref=-150837 | Close=948.85 vs VAL=944.80
2026-02-06 11:43:22,763 [INFO]     NSE:ZYDUSLIFE-EQ | CVD=4294 vs Ref=-48650 | Close=889.90 vs VAL=884.85
2026-02-06 11:43:23,032 [INFO]     NSE:CAMS-EQ | CVD=-10590 vs Ref=-75694 | Close=720.00 vs VAL=711.90
2026-02-06 11:43:23,354 [INFO]     NSE:BEL-EQ | CVD=1120122 vs Ref=-426850 | Close=432.80 vs VAL=426.65
2026-02-06 11:43:23,628 [INFO]     NSE:RECLTD-EQ | CVD=-1227146 vs Ref=-973015 | Close=369.60 vs VAL=368.80
2026-02-06 11:43:24,028 [INFO]     NSE:GMRAIRPORT-EQ | CVD=-759347 vs Ref=-935696 | Close=97.38 vs VAL=96.05
2026-02-06 11:44:24,029 [INFO] 🔍 Scanning for alerts on 11 symbols (5min)...
2026-02-06 11:44:24,392 [INFO]     NSE:OFSS-EQ | CVD=-45511 vs Ref=-41309 | Close=7186.50 vs VAL=7164.00
2026-02-06 11:44:24,723 [INFO]     NSE:LTIM-EQ | CVD=-23380 vs Ref=-39087 | Close=5516.50 vs VAL=5516.50
2026-02-06 11:44:25,016 [INFO]     NSE:ANGELONE-EQ | CVD=5098 vs Ref=-38939 | Close=2611.70 vs VAL=2576.40
2026-02-06 11:44:25,326 [INFO]     NSE:TECHM-EQ | CVD=-12693 vs Ref=-128591 | Close=1620.50 vs VAL=1616.75
2026-02-06 11:44:25,621 [INFO]     NSE:COFORGE-EQ | CVD=-359891 vs Ref=-459286 | Close=1548.60 vs VAL=1535.00
2026-02-06 11:44:25,876 [INFO]     NSE:LAURUSLABS-EQ | CVD=-89448 vs Ref=-150837 | Close=948.85 vs VAL=944.80
2026-02-06 11:44:26,145 [INFO]     NSE:ZYDUSLIFE-EQ | CVD=4294 vs Ref=-48650 | Close=889.90 vs VAL=884.85
2026-02-06 11:44:26,388 [INFO]     NSE:CAMS-EQ | CVD=-10590 vs Ref=-75694 | Close=720.00 vs VAL=711.90
2026-02-06 11:44:26,638 [INFO]     NSE:BEL-EQ | CVD=1120122 vs Ref=-426850 | Close=432.80 vs VAL=426.65
2026-02-06 11:44:26,942 [INFO]     NSE:RECLTD-EQ | CVD=-1227146 vs Ref=-973015 | Close=369.60 vs VAL=368.80
2026-02-06 11:44:27,222 [INFO]     NSE:GMRAIRPORT-EQ | CVD=-759347 vs Ref=-935696 | Close=97.38 vs VAL=96.05
2026-02-06 11:45:27,224 [INFO] 🔍 Scanning for alerts on 11 symbols (5min)...
2026-02-06 11:45:27,454 [INFO]     NSE:OFSS-EQ | CVD=-45511 vs Ref=-41309 | Close=7186.50 vs VAL=7164.00
2026-02-06 11:45:27,684 [INFO]     NSE:LTIM-EQ | CVD=-23380 vs Ref=-39087 | Close=5516.50 vs VAL=5516.50
2026-02-06 11:45:27,892 [INFO]     NSE:ANGELONE-EQ | CVD=5098 vs Ref=-38939 | Close=2611.70 vs VAL=2576.40
2026-02-06 11:45:28,176 [INFO]     NSE:TECHM-EQ | CVD=-12693 vs Ref=-128591 | Close=1620.50 vs VAL=1616.75
2026-02-06 11:45:28,454 [INFO]     NSE:COFORGE-EQ | CVD=-359891 vs Ref=-459286 | Close=1548.60 vs VAL=1535.00
2026-02-06 11:45:28,683 [INFO]     NSE:LAURUSLABS-EQ | CVD=-89448 vs Ref=-150837 | Close=948.85 vs VAL=944.80
2026-02-06 11:45:28,932 [INFO]     NSE:ZYDUSLIFE-EQ | CVD=4294 vs Ref=-48650 | Close=889.90 vs VAL=884.85
2026-02-06 11:45:29,194 [INFO]     NSE:CAMS-EQ | CVD=-10590 vs Ref=-75694 | Close=720.00 vs VAL=711.90
2026-02-06 11:45:29,418 [INFO]     NSE:BEL-EQ | CVD=1120122 vs Ref=-426850 | Close=432.80 vs VAL=426.65
2026-02-06 11:45:29,744 [INFO]     NSE:RECLTD-EQ | CVD=-1227146 vs Ref=-973015 | Close=369.60 vs VAL=368.80
2026-02-06 11:45:29,998 [INFO]     NSE:GMRAIRPORT-EQ | CVD=-759347 vs Ref=-935696 | Close=97.38 vs VAL=96.05
2026-02-06 11:46:30,000 [INFO] 🔍 Scanning for alerts on 11 symbols (5min)...
2026-02-06 11:46:30,268 [INFO]     NSE:OFSS-EQ | CVD=-46652 vs Ref=-41309 | Close=7183.00 vs VAL=7164.00
2026-02-06 11:46:30,500 [INFO]     NSE:LTIM-EQ | CVD=-16198 vs Ref=-39087 | Close=5530.00 vs VAL=5516.50
2026-02-06 11:46:30,737 [INFO]     NSE:ANGELONE-EQ | CVD=4910 vs Ref=-38939 | Close=2603.00 vs VAL=2576.40
2026-02-06 11:46:30,977 [INFO]     NSE:TECHM-EQ | CVD=-10859 vs Ref=-128591 | Close=1618.80 vs VAL=1616.75
2026-02-06 11:46:31,230 [INFO]     NSE:COFORGE-EQ | CVD=-369092 vs Ref=-459286 | Close=1545.10 vs VAL=1535.00
2026-02-06 11:46:31,478 [INFO]     NSE:LAURUSLABS-EQ | CVD=-75450 vs Ref=-150837 | Close=948.30 vs VAL=944.80
2026-02-06 11:46:31,899 [INFO]     NSE:ZYDUSLIFE-EQ | CVD=3209 vs Ref=-48650 | Close=889.50 vs VAL=884.85
2026-02-06 11:46:32,229 [INFO]     NSE:CAMS-EQ | CVD=-23534 vs Ref=-75694 | Close=717.10 vs VAL=711.90
2026-02-06 11:46:32,513 [INFO]     NSE:BEL-EQ | CVD=1124381 vs Ref=-426850 | Close=431.35 vs VAL=426.65
2026-02-06 11:46:32,788 [INFO]     NSE:RECLTD-EQ | CVD=-1241771 vs Ref=-973015 | Close=369.05 vs VAL=368.80
2026-02-06 11:46:33,018 [INFO]     NSE:GMRAIRPORT-EQ | CVD=-784595 vs Ref=-935696 | Close=97.30 vs VAL=96.05
2026-02-06 11:47:33,019 [INFO] 🔍 Scanning for alerts on 11 symbols (5min)...
2026-02-06 11:47:33,269 [INFO]     NSE:OFSS-EQ | CVD=-46652 vs Ref=-41309 | Close=7183.00 vs VAL=7164.00
2026-02-06 11:47:33,501 [INFO]     NSE:LTIM-EQ | CVD=-16198 vs Ref=-39087 | Close=5530.00 vs VAL=5516.50
2026-02-06 11:47:33,719 [INFO]     NSE:ANGELONE-EQ | CVD=4910 vs Ref=-38939 | Close=2603.00 vs VAL=2576.40
2026-02-06 11:47:33,965 [INFO]     NSE:TECHM-EQ | CVD=-10859 vs Ref=-128591 | Close=1618.80 vs VAL=1616.75
2026-02-06 11:47:34,211 [INFO]     NSE:COFORGE-EQ | CVD=-369092 vs Ref=-459286 | Close=1545.10 vs VAL=1535.00
2026-02-06 11:47:34,433 [INFO]     NSE:LAURUSLABS-EQ | CVD=-75450 vs Ref=-150837 | Close=948.30 vs VAL=944.80
2026-02-06 11:47:34,699 [INFO]     NSE:ZYDUSLIFE-EQ | CVD=3209 vs Ref=-48650 | Close=889.50 vs VAL=884.85
2026-02-06 11:47:35,004 [INFO]     NSE:CAMS-EQ | CVD=-23534 vs Ref=-75694 | Close=717.10 vs VAL=711.90
2026-02-06 11:47:35,234 [INFO]     NSE:BEL-EQ | CVD=1124381 vs Ref=-426850 | Close=431.35 vs VAL=426.65
2026-02-06 11:47:35,553 [INFO]     NSE:RECLTD-EQ | CVD=-1241771 vs Ref=-973015 | Close=369.05 vs VAL=368.80
2026-02-06 11:47:35,854 [INFO]     NSE:GMRAIRPORT-EQ | CVD=-784595 vs Ref=-935696 | Close=97.30 vs VAL=96.05
2026-02-06 11:48:35,855 [INFO] 🔍 Scanning for alerts on 11 symbols (5min)...
2026-02-06 11:48:36,078 [INFO]     NSE:OFSS-EQ | CVD=-46652 vs Ref=-41309 | Close=7183.00 vs VAL=7164.00
2026-02-06 11:48:36,302 [INFO]     NSE:LTIM-EQ | CVD=-16198 vs Ref=-39087 | Close=5530.00 vs VAL=5516.50
2026-02-06 11:48:36,539 [INFO]     NSE:ANGELONE-EQ | CVD=4910 vs Ref=-38939 | Close=2603.00 vs VAL=2576.40
2026-02-06 11:48:38,112 [INFO]     NSE:TECHM-EQ | CVD=-10859 vs Ref=-128591 | Close=1618.80 vs VAL=1616.75
2026-02-06 11:48:38,340 [INFO]     NSE:COFORGE-EQ | CVD=-369092 vs Ref=-459286 | Close=1545.10 vs VAL=1535.00
2026-02-06 11:48:38,591 [INFO]     NSE:LAURUSLABS-EQ | CVD=-75450 vs Ref=-150837 | Close=948.30 vs VAL=944.80
2026-02-06 11:48:38,886 [INFO]     NSE:ZYDUSLIFE-EQ | CVD=3209 vs Ref=-48650 | Close=889.50 vs VAL=884.85
2026-02-06 11:48:39,102 [INFO]     NSE:CAMS-EQ | CVD=-23534 vs Ref=-75694 | Close=717.10 vs VAL=711.90
2026-02-06 11:48:39,339 [INFO]     NSE:BEL-EQ | CVD=1124381 vs Ref=-426850 | Close=431.35 vs VAL=426.65
2026-02-06 11:48:39,585 [INFO]     NSE:RECLTD-EQ | CVD=-1241771 vs Ref=-973015 | Close=369.05 vs VAL=368.80
2026-02-06 11:48:39,832 [INFO]     NSE:GMRAIRPORT-EQ | CVD=-784595 vs Ref=-935696 | Close=97.30 vs VAL=96.05
2026-02-06 11:49:39,833 [INFO] 🔍 Scanning for alerts on 11 symbols (5min)...
2026-02-06 11:49:40,060 [INFO]     NSE:OFSS-EQ | CVD=-46652 vs Ref=-41309 | Close=7183.00 vs VAL=7164.00
2026-02-06 11:49:40,310 [INFO]     NSE:LTIM-EQ | CVD=-16198 vs Ref=-39087 | Close=5530.00 vs VAL=5516.50
2026-02-06 11:49:40,557 [INFO]     NSE:ANGELONE-EQ | CVD=4910 vs Ref=-38939 | Close=2603.00 vs VAL=2576.40
2026-02-06 11:49:40,794 [INFO]     NSE:TECHM-EQ | CVD=-10859 vs Ref=-128591 | Close=1618.80 vs VAL=1616.75
2026-02-06 11:49:41,096 [INFO]     NSE:COFORGE-EQ | CVD=-369092 vs Ref=-459286 | Close=1545.10 vs VAL=1535.00
2026-02-06 11:49:41,352 [INFO]     NSE:LAURUSLABS-EQ | CVD=-75450 vs Ref=-150837 | Close=948.30 vs VAL=944.80
2026-02-06 11:49:41,629 [INFO]     NSE:ZYDUSLIFE-EQ | CVD=3209 vs Ref=-48650 | Close=889.50 vs VAL=884.85
2026-02-06 11:49:41,906 [INFO]     NSE:CAMS-EQ | CVD=-23534 vs Ref=-75694 | Close=717.10 vs VAL=711.90
2026-02-06 11:49:42,393 [INFO]     NSE:BEL-EQ | CVD=1124381 vs Ref=-426850 | Close=431.35 vs VAL=426.65
2026-02-06 11:49:42,886 [INFO]     NSE:RECLTD-EQ | CVD=-1241771 vs Ref=-973015 | Close=369.05 vs VAL=368.80
2026-02-06 11:49:43,592 [INFO]     NSE:GMRAIRPORT-EQ | CVD=-784595 vs Ref=-935696 | Close=97.30 vs VAL=96.05
2026-02-06 11:50:43,593 [INFO] 🔍 Scanning for alerts on 11 symbols (5min)...
2026-02-06 11:50:43,858 [INFO]     NSE:OFSS-EQ | CVD=-46652 vs Ref=-41309 | Close=7183.00 vs VAL=7164.00
2026-02-06 11:50:44,092 [INFO]     NSE:LTIM-EQ | CVD=-16198 vs Ref=-39087 | Close=5530.00 vs VAL=5516.50
2026-02-06 11:50:44,356 [INFO]     NSE:ANGELONE-EQ | CVD=4910 vs Ref=-38939 | Close=2603.00 vs VAL=2576.40
2026-02-06 11:50:44,582 [INFO]     NSE:TECHM-EQ | CVD=-10859 vs Ref=-128591 | Close=1618.80 vs VAL=1616.75
2026-02-06 11:50:44,804 [INFO]     NSE:COFORGE-EQ | CVD=-369092 vs Ref=-459286 | Close=1545.10 vs VAL=1535.00
2026-02-06 11:50:45,055 [INFO]     NSE:LAURUSLABS-EQ | CVD=-75450 vs Ref=-150837 | Close=948.30 vs VAL=944.80
2026-02-06 11:50:45,297 [INFO]     NSE:ZYDUSLIFE-EQ | CVD=3209 vs Ref=-48650 | Close=889.50 vs VAL=884.85
2026-02-06 11:50:45,530 [INFO]     NSE:CAMS-EQ | CVD=-23534 vs Ref=-75694 | Close=717.10 vs VAL=711.90
2026-02-06 11:50:45,779 [INFO]     NSE:BEL-EQ | CVD=1124381 vs Ref=-426850 | Close=431.35 vs VAL=426.65
2026-02-06 11:50:46,047 [INFO]     NSE:RECLTD-EQ | CVD=-1241771 vs Ref=-973015 | Close=369.05 vs VAL=368.80
2026-02-06 11:50:46,279 [INFO]     NSE:GMRAIRPORT-EQ | CVD=-784595 vs Ref=-935696 | Close=97.30 vs VAL=96.05
2026-02-06 11:51:46,281 [INFO] 🔍 Scanning for alerts on 11 symbols (5min)...
2026-02-06 11:51:46,631 [INFO]     NSE:OFSS-EQ | CVD=-45300 vs Ref=-41309 | Close=7190.00 vs VAL=7164.00
2026-02-06 11:51:47,042 [INFO]     NSE:LTIM-EQ | CVD=-16455 vs Ref=-39087 | Close=5530.00 vs VAL=5516.50
2026-02-06 11:51:47,436 [INFO]     NSE:ANGELONE-EQ | CVD=6717 vs Ref=-38939 | Close=2607.30 vs VAL=2576.40
2026-02-06 11:51:47,725 [INFO]     NSE:TECHM-EQ | CVD=-14152 vs Ref=-128591 | Close=1618.60 vs VAL=1616.75
2026-02-06 11:51:48,414 [INFO]     NSE:COFORGE-EQ | CVD=-358306 vs Ref=-459286 | Close=1548.30 vs VAL=1535.00
2026-02-06 11:51:48,759 [INFO]     NSE:LAURUSLABS-EQ | CVD=-69312 vs Ref=-150837 | Close=950.10 vs VAL=944.80
2026-02-06 11:51:49,330 [INFO]     NSE:ZYDUSLIFE-EQ | CVD=3749 vs Ref=-48650 | Close=890.30 vs VAL=884.85
2026-02-06 11:51:49,862 [INFO]     NSE:CAMS-EQ | CVD=-24142 vs Ref=-75694 | Close=718.30 vs VAL=711.90
2026-02-06 11:51:50,171 [INFO]     NSE:BEL-EQ | CVD=1125806 vs Ref=-426850 | Close=431.90 vs VAL=426.65
2026-02-06 11:51:50,441 [INFO]     NSE:RECLTD-EQ | CVD=-1088924 vs Ref=-973015 | Close=371.00 vs VAL=368.80
2026-02-06 11:51:50,758 [INFO]     NSE:GMRAIRPORT-EQ | CVD=-959204 vs Ref=-935696 | Close=97.31 vs VAL=96.05
2026-02-06 11:52:50,760 [INFO] 🔍 Scanning for alerts on 11 symbols (5min)...
2026-02-06 11:52:51,013 [INFO]     NSE:OFSS-EQ | CVD=-45300 vs Ref=-41309 | Close=7190.00 vs VAL=7164.00
2026-02-06 11:52:51,301 [INFO]     NSE:LTIM-EQ | CVD=-16455 vs Ref=-39087 | Close=5530.00 vs VAL=5516.50
2026-02-06 11:52:51,656 [INFO]     NSE:ANGELONE-EQ | CVD=6717 vs Ref=-38939 | Close=2607.30 vs VAL=2576.40
2026-02-06 11:52:53,501 [INFO]     NSE:TECHM-EQ | CVD=-14152 vs Ref=-128591 | Close=1618.60 vs VAL=1616.75
2026-02-06 11:52:53,846 [INFO]     NSE:COFORGE-EQ | CVD=-358306 vs Ref=-459286 | Close=1548.30 vs VAL=1535.00
2026-02-06 11:52:54,195 [INFO]     NSE:LAURUSLABS-EQ | CVD=-69312 vs Ref=-150837 | Close=950.10 vs VAL=944.80
2026-02-06 11:52:54,437 [INFO]     NSE:ZYDUSLIFE-EQ | CVD=3749 vs Ref=-48650 | Close=890.30 vs VAL=884.85
2026-02-06 11:52:54,690 [INFO]     NSE:CAMS-EQ | CVD=-24142 vs Ref=-75694 | Close=718.30 vs VAL=711.90
2026-02-06 11:52:54,919 [INFO]     NSE:BEL-EQ | CVD=1125806 vs Ref=-426850 | Close=431.90 vs VAL=426.65
2026-02-06 11:52:55,229 [INFO]     NSE:RECLTD-EQ | CVD=-1088924 vs Ref=-973015 | Close=371.00 vs VAL=368.80
2026-02-06 11:52:55,535 [INFO]     NSE:GMRAIRPORT-EQ | CVD=-959204 vs Ref=-935696 | Close=97.31 vs VAL=96.05
2026-02-06 11:53:55,537 [INFO] 🔍 Scanning for alerts on 11 symbols (5min)...
2026-02-06 11:53:55,775 [INFO]     NSE:OFSS-EQ | CVD=-45300 vs Ref=-41309 | Close=7190.00 vs VAL=7164.00
2026-02-06 11:53:56,025 [INFO]     NSE:LTIM-EQ | CVD=-16455 vs Ref=-39087 | Close=5530.00 vs VAL=5516.50
2026-02-06 11:53:56,242 [INFO]     NSE:ANGELONE-EQ | CVD=6717 vs Ref=-38939 | Close=2607.30 vs VAL=2576.40
2026-02-06 11:53:56,570 [INFO]     NSE:TECHM-EQ | CVD=-14152 vs Ref=-128591 | Close=1618.60 vs VAL=1616.75
2026-02-06 11:53:56,937 [INFO]     NSE:COFORGE-EQ | CVD=-358306 vs Ref=-459286 | Close=1548.30 vs VAL=1535.00
2026-02-06 11:53:57,280 [INFO]     NSE:LAURUSLABS-EQ | CVD=-69312 vs Ref=-150837 | Close=950.10 vs VAL=944.80
2026-02-06 11:53:57,569 [INFO]     NSE:ZYDUSLIFE-EQ | CVD=3749 vs Ref=-48650 | Close=890.30 vs VAL=884.85
2026-02-06 11:53:57,842 [INFO]     NSE:CAMS-EQ | CVD=-24142 vs Ref=-75694 | Close=718.30 vs VAL=711.90
2026-02-06 11:53:58,044 [INFO]     NSE:BEL-EQ | CVD=1125806 vs Ref=-426850 | Close=431.90 vs VAL=426.65
2026-02-06 11:53:58,304 [INFO]     NSE:RECLTD-EQ | CVD=-1088924 vs Ref=-973015 | Close=371.00 vs VAL=368.80
2026-02-06 11:53:58,552 [INFO]     NSE:GMRAIRPORT-EQ | CVD=-959204 vs Ref=-935696 | Close=97.31 vs VAL=96.05
2026-02-06 11:54:58,554 [INFO] 🔍 Scanning for alerts on 11 symbols (5min)...
2026-02-06 11:54:58,759 [INFO]     NSE:OFSS-EQ | CVD=-45300 vs Ref=-41309 | Close=7190.00 vs VAL=7164.00
2026-02-06 11:55:00,785 [INFO]     NSE:LTIM-EQ | CVD=-16455 vs Ref=-39087 | Close=5530.00 vs VAL=5516.50
2026-02-06 11:55:00,992 [INFO]     NSE:ANGELONE-EQ | CVD=6717 vs Ref=-38939 | Close=2607.30 vs VAL=2576.40
2026-02-06 11:55:01,324 [INFO]     NSE:TECHM-EQ | CVD=-14152 vs Ref=-128591 | Close=1618.60 vs VAL=1616.75
2026-02-06 11:55:01,608 [INFO]     NSE:COFORGE-EQ | CVD=-358306 vs Ref=-459286 | Close=1548.30 vs VAL=1535.00
2026-02-06 11:55:01,859 [INFO]     NSE:LAURUSLABS-EQ | CVD=-69312 vs Ref=-150837 | Close=950.10 vs VAL=944.80
2026-02-06 11:55:02,136 [INFO]     NSE:ZYDUSLIFE-EQ | CVD=3749 vs Ref=-48650 | Close=890.30 vs VAL=884.85
2026-02-06 11:55:02,412 [INFO]     NSE:CAMS-EQ | CVD=-24142 vs Ref=-75694 | Close=718.30 vs VAL=711.90
2026-02-06 11:55:02,663 [INFO]     NSE:BEL-EQ | CVD=1125806 vs Ref=-426850 | Close=431.90 vs VAL=426.65
2026-02-06 11:55:02,932 [INFO]     NSE:RECLTD-EQ | CVD=-1088924 vs Ref=-973015 | Close=371.00 vs VAL=368.80
2026-02-06 11:55:03,173 [INFO]     NSE:GMRAIRPORT-EQ | CVD=-959204 vs Ref=-935696 | Close=97.31 vs VAL=96.05
2026-02-06 11:56:03,174 [INFO] 🔍 Scanning for alerts on 11 symbols (5min)...
2026-02-06 11:56:03,437 [INFO]     NSE:OFSS-EQ | CVD=-45300 vs Ref=-41309 | Close=7190.00 vs VAL=7164.00
2026-02-06 11:56:03,668 [INFO]     NSE:LTIM-EQ | CVD=-16455 vs Ref=-39087 | Close=5530.00 vs VAL=5516.50
2026-02-06 11:56:03,902 [INFO]     NSE:ANGELONE-EQ | CVD=6717 vs Ref=-38939 | Close=2607.30 vs VAL=2576.40
2026-02-06 11:56:04,170 [INFO]     NSE:TECHM-EQ | CVD=-17608 vs Ref=-128591 | Close=1619.90 vs VAL=1616.75
2026-02-06 11:56:04,401 [INFO]     NSE:COFORGE-EQ | CVD=-358306 vs Ref=-459286 | Close=1548.30 vs VAL=1535.00
2026-02-06 11:56:04,659 [INFO]     NSE:LAURUSLABS-EQ | CVD=-69312 vs Ref=-150837 | Close=950.10 vs VAL=944.80
2026-02-06 11:56:04,921 [INFO]     NSE:ZYDUSLIFE-EQ | CVD=1969 vs Ref=-48650 | Close=889.35 vs VAL=884.85
2026-02-06 11:56:05,143 [INFO]     NSE:CAMS-EQ | CVD=-25630 vs Ref=-75694 | Close=717.85 vs VAL=711.90
2026-02-06 11:56:05,371 [INFO]     NSE:BEL-EQ | CVD=1088441 vs Ref=-426850 | Close=431.50 vs VAL=426.65
2026-02-06 11:56:05,579 [INFO]     NSE:RECLTD-EQ | CVD=-1260398 vs Ref=-973015 | Close=370.25 vs VAL=368.80
2026-02-06 11:56:05,832 [INFO]     NSE:GMRAIRPORT-EQ | CVD=-965775 vs Ref=-935696 | Close=97.20 vs VAL=96.05
2026-02-06 11:57:05,833 [INFO] 🔍 Scanning for alerts on 11 symbols (5min)...
2026-02-06 11:57:06,030 [INFO]     NSE:OFSS-EQ | CVD=-44372 vs Ref=-41309 | Close=7200.50 vs VAL=7164.00
2026-02-06 11:57:06,311 [INFO]     NSE:LTIM-EQ | CVD=-13493 vs Ref=-39087 | Close=5532.00 vs VAL=5516.50
2026-02-06 11:57:06,573 [INFO]     NSE:ANGELONE-EQ | CVD=6839 vs Ref=-38939 | Close=2602.90 vs VAL=2576.40
2026-02-06 11:57:06,822 [INFO]     NSE:TECHM-EQ | CVD=-17608 vs Ref=-128591 | Close=1619.90 vs VAL=1616.75
2026-02-06 11:57:07,056 [INFO]     NSE:COFORGE-EQ | CVD=-353322 vs Ref=-459286 | Close=1548.40 vs VAL=1535.00
2026-02-06 11:57:07,293 [INFO]     NSE:LAURUSLABS-EQ | CVD=-42638 vs Ref=-150837 | Close=951.15 vs VAL=944.80
2026-02-06 11:57:07,554 [INFO]     NSE:ZYDUSLIFE-EQ | CVD=1969 vs Ref=-48650 | Close=889.35 vs VAL=884.85
2026-02-06 11:57:07,762 [INFO]     NSE:CAMS-EQ | CVD=-25630 vs Ref=-75694 | Close=717.85 vs VAL=711.90
2026-02-06 11:57:07,961 [INFO]     NSE:BEL-EQ | CVD=1088441 vs Ref=-426850 | Close=431.50 vs VAL=426.65
2026-02-06 11:57:08,198 [INFO]     NSE:RECLTD-EQ | CVD=-1260398 vs Ref=-973015 | Close=370.25 vs VAL=368.80
2026-02-06 11:57:08,399 [INFO]     NSE:GMRAIRPORT-EQ | CVD=-965775 vs Ref=-935696 | Close=97.20 vs VAL=96.05
2026-02-06 11:58:08,399 [INFO] 🔍 Scanning for alerts on 11 symbols (5min)...
2026-02-06 11:58:08,652 [INFO]     NSE:OFSS-EQ | CVD=-44372 vs Ref=-41309 | Close=7200.50 vs VAL=7164.00
2026-02-06 11:58:08,900 [INFO]     NSE:LTIM-EQ | CVD=-13493 vs Ref=-39087 | Close=5532.00 vs VAL=5516.50
2026-02-06 11:58:09,166 [INFO]     NSE:ANGELONE-EQ | CVD=6839 vs Ref=-38939 | Close=2602.90 vs VAL=2576.40
2026-02-06 11:58:09,414 [INFO]     NSE:TECHM-EQ | CVD=-17608 vs Ref=-128591 | Close=1619.90 vs VAL=1616.75
2026-02-06 11:58:09,779 [INFO]     NSE:COFORGE-EQ | CVD=-353322 vs Ref=-459286 | Close=1548.40 vs VAL=1535.00
2026-02-06 11:58:10,115 [INFO]     NSE:LAURUSLABS-EQ | CVD=-42638 vs Ref=-150837 | Close=951.15 vs VAL=944.80
2026-02-06 11:58:10,478 [INFO]     NSE:ZYDUSLIFE-EQ | CVD=1969 vs Ref=-48650 | Close=889.35 vs VAL=884.85
2026-02-06 11:58:10,736 [INFO]     NSE:CAMS-EQ | CVD=-25630 vs Ref=-75694 | Close=717.85 vs VAL=711.90
2026-02-06 11:58:10,964 [INFO]     NSE:BEL-EQ | CVD=1088441 vs Ref=-426850 | Close=431.50 vs VAL=426.65
2026-02-06 11:58:11,180 [INFO]     NSE:RECLTD-EQ | CVD=-1260398 vs Ref=-973015 | Close=370.25 vs VAL=368.80
2026-02-06 11:58:11,421 [INFO]     NSE:GMRAIRPORT-EQ | CVD=-965775 vs Ref=-935696 | Close=97.20 vs VAL=96.05
2026-02-06 11:59:11,423 [INFO] 🔍 Scanning for alerts on 11 symbols (5min)...
2026-02-06 11:59:11,654 [INFO]     NSE:OFSS-EQ | CVD=-44372 vs Ref=-41309 | Close=7200.50 vs VAL=7164.00
2026-02-06 11:59:11,887 [INFO]     NSE:LTIM-EQ | CVD=-13493 vs Ref=-39087 | Close=5532.00 vs VAL=5516.50
2026-02-06 11:59:12,077 [INFO]     NSE:ANGELONE-EQ | CVD=6839 vs Ref=-38939 | Close=2602.90 vs VAL=2576.40
2026-02-06 11:59:12,277 [INFO]     NSE:TECHM-EQ | CVD=-17608 vs Ref=-128591 | Close=1619.90 vs VAL=1616.75
2026-02-06 11:59:12,479 [INFO]     NSE:COFORGE-EQ | CVD=-353322 vs Ref=-459286 | Close=1548.40 vs VAL=1535.00
2026-02-06 11:59:12,708 [INFO]     NSE:LAURUSLABS-EQ | CVD=-42638 vs Ref=-150837 | Close=951.15 vs VAL=944.80
2026-02-06 11:59:12,941 [INFO]     NSE:ZYDUSLIFE-EQ | CVD=1969 vs Ref=-48650 | Close=889.35 vs VAL=884.85
2026-02-06 11:59:13,197 [INFO]     NSE:CAMS-EQ | CVD=-25630 vs Ref=-75694 | Close=717.85 vs VAL=711.90
2026-02-06 11:59:13,434 [INFO]     NSE:BEL-EQ | CVD=1088441 vs Ref=-426850 | Close=431.50 vs VAL=426.65
2026-02-06 11:59:13,663 [INFO]     NSE:RECLTD-EQ | CVD=-1260398 vs Ref=-973015 | Close=370.25 vs VAL=368.80
2026-02-06 11:59:13,882 [INFO]     NSE:GMRAIRPORT-EQ | CVD=-965775 vs Ref=-935696 | Close=97.20 vs VAL=96.05
2026-02-06 12:00:13,884 [INFO] 🔍 Scanning for alerts on 11 symbols (5min)...
2026-02-06 12:00:14,096 [INFO]     NSE:OFSS-EQ | CVD=-44372 vs Ref=-41309 | Close=7200.50 vs VAL=7164.00
2026-02-06 12:00:14,298 [INFO]     NSE:LTIM-EQ | CVD=-13493 vs Ref=-39087 | Close=5532.00 vs VAL=5516.50
2026-02-06 12:00:14,533 [INFO]     NSE:ANGELONE-EQ | CVD=6839 vs Ref=-38939 | Close=2602.90 vs VAL=2576.40
2026-02-06 12:00:14,731 [INFO]     NSE:TECHM-EQ | CVD=-17608 vs Ref=-128591 | Close=1619.90 vs VAL=1616.75
2026-02-06 12:00:14,951 [INFO]     NSE:COFORGE-EQ | CVD=-353322 vs Ref=-459286 | Close=1548.40 vs VAL=1535.00
2026-02-06 12:00:15,167 [INFO]     NSE:LAURUSLABS-EQ | CVD=-42638 vs Ref=-150837 | Close=951.15 vs VAL=944.80
2026-02-06 12:00:15,377 [INFO]     NSE:ZYDUSLIFE-EQ | CVD=1969 vs Ref=-48650 | Close=889.35 vs VAL=884.85
2026-02-06 12:00:15,568 [INFO]     NSE:CAMS-EQ | CVD=-25630 vs Ref=-75694 | Close=717.85 vs VAL=711.90
2026-02-06 12:00:15,825 [INFO]     NSE:BEL-EQ | CVD=1088441 vs Ref=-426850 | Close=431.50 vs VAL=426.65
2026-02-06 12:00:16,082 [INFO]     NSE:RECLTD-EQ | CVD=-1260398 vs Ref=-973015 | Close=370.25 vs VAL=368.80
2026-02-06 12:00:16,292 [INFO]     NSE:GMRAIRPORT-EQ | CVD=-965775 vs Ref=-935696 | Close=97.20 vs VAL=96.05
2026-02-06 12:01:16,293 [INFO] 🔍 Scanning for alerts on 11 symbols (5min)...
2026-02-06 12:01:16,497 [INFO]     NSE:OFSS-EQ | CVD=-44302 vs Ref=-41309 | Close=7197.00 vs VAL=7164.00
2026-02-06 12:01:16,773 [INFO]     NSE:LTIM-EQ | CVD=-13694 vs Ref=-39087 | Close=5533.00 vs VAL=5516.50
2026-02-06 12:01:17,011 [INFO]     NSE:ANGELONE-EQ | CVD=8141 vs Ref=-38939 | Close=2600.40 vs VAL=2576.40
2026-02-06 12:01:17,261 [INFO]     NSE:TECHM-EQ | CVD=3127 vs Ref=-128591 | Close=1621.60 vs VAL=1616.75
2026-02-06 12:01:17,493 [INFO]     NSE:COFORGE-EQ | CVD=-336091 vs Ref=-459286 | Close=1550.00 vs VAL=1535.00
2026-02-06 12:01:17,744 [INFO]     NSE:LAURUSLABS-EQ | CVD=-47070 vs Ref=-150837 | Close=950.30 vs VAL=944.80
2026-02-06 12:01:17,963 [INFO]     NSE:ZYDUSLIFE-EQ | CVD=3502 vs Ref=-48650 | Close=889.25 vs VAL=884.85
2026-02-06 12:01:18,193 [INFO]     NSE:CAMS-EQ | CVD=-23088 vs Ref=-75694 | Close=717.85 vs VAL=711.90
2026-02-06 12:01:18,453 [INFO]     NSE:BEL-EQ | CVD=1156243 vs Ref=-426850 | Close=431.40 vs VAL=426.65
2026-02-06 12:01:18,660 [INFO]     NSE:RECLTD-EQ | CVD=-1267108 vs Ref=-973015 | Close=370.50 vs VAL=368.80
2026-02-06 12:01:18,928 [INFO]     NSE:GMRAIRPORT-EQ | CVD=-948828 vs Ref=-935696 | Close=97.21 vs VAL=96.05
2026-02-06 12:02:18,930 [INFO] 🔍 Scanning for alerts on 11 symbols (5min)...
2026-02-06 12:02:19,195 [INFO]     NSE:OFSS-EQ | CVD=-44302 vs Ref=-41309 | Close=7197.00 vs VAL=7164.00
2026-02-06 12:02:19,438 [INFO]     NSE:LTIM-EQ | CVD=-13694 vs Ref=-39087 | Close=5533.00 vs VAL=5516.50
2026-02-06 12:02:19,699 [INFO]     NSE:ANGELONE-EQ | CVD=8141 vs Ref=-38939 | Close=2600.40 vs VAL=2576.40
2026-02-06 12:02:19,897 [INFO]     NSE:TECHM-EQ | CVD=3127 vs Ref=-128591 | Close=1621.60 vs VAL=1616.75
2026-02-06 12:02:20,158 [INFO]     NSE:COFORGE-EQ | CVD=-336091 vs Ref=-459286 | Close=1550.00 vs VAL=1535.00
2026-02-06 12:02:20,402 [INFO]     NSE:LAURUSLABS-EQ | CVD=-47070 vs Ref=-150837 | Close=950.30 vs VAL=944.80
2026-02-06 12:02:20,636 [INFO]     NSE:ZYDUSLIFE-EQ | CVD=3502 vs Ref=-48650 | Close=889.25 vs VAL=884.85
2026-02-06 12:02:20,863 [INFO]     NSE:CAMS-EQ | CVD=-23088 vs Ref=-75694 | Close=717.85 vs VAL=711.90
2026-02-06 12:02:21,090 [INFO]     NSE:BEL-EQ | CVD=1156243 vs Ref=-426850 | Close=431.40 vs VAL=426.65
2026-02-06 12:02:21,293 [INFO]     NSE:RECLTD-EQ | CVD=-1267108 vs Ref=-973015 | Close=370.50 vs VAL=368.80
2026-02-06 12:02:21,545 [INFO]     NSE:GMRAIRPORT-EQ | CVD=-948828 vs Ref=-935696 | Close=97.21 vs VAL=96.05
2026-02-06 12:03:21,547 [INFO] 🔍 Scanning for alerts on 11 symbols (5min)...
2026-02-06 12:03:21,748 [INFO]     NSE:OFSS-EQ | CVD=-44302 vs Ref=-41309 | Close=7197.00 vs VAL=7164.00
2026-02-06 12:03:22,019 [INFO]     NSE:LTIM-EQ | CVD=-13694 vs Ref=-39087 | Close=5533.00 vs VAL=5516.50
2026-02-06 12:03:22,214 [INFO]     NSE:ANGELONE-EQ | CVD=8141 vs Ref=-38939 | Close=2600.40 vs VAL=2576.40
2026-02-06 12:03:22,441 [INFO]     NSE:TECHM-EQ | CVD=3127 vs Ref=-128591 | Close=1621.60 vs VAL=1616.75
2026-02-06 12:03:22,644 [INFO]     NSE:COFORGE-EQ | CVD=-336091 vs Ref=-459286 | Close=1550.00 vs VAL=1535.00
2026-02-06 12:03:22,899 [INFO]     NSE:LAURUSLABS-EQ | CVD=-47070 vs Ref=-150837 | Close=950.30 vs VAL=944.80
2026-02-06 12:03:23,161 [INFO]     NSE:ZYDUSLIFE-EQ | CVD=3502 vs Ref=-48650 | Close=889.25 vs VAL=884.85
2026-02-06 12:03:23,339 [INFO]     NSE:CAMS-EQ | CVD=-23088 vs Ref=-75694 | Close=717.85 vs VAL=711.90
2026-02-06 12:03:23,565 [INFO]     NSE:BEL-EQ | CVD=1156243 vs Ref=-426850 | Close=431.40 vs VAL=426.65
2026-02-06 12:03:23,775 [INFO]     NSE:RECLTD-EQ | CVD=-1267108 vs Ref=-973015 | Close=370.50 vs VAL=368.80
2026-02-06 12:03:23,995 [INFO]     NSE:GMRAIRPORT-EQ | CVD=-948828 vs Ref=-935696 | Close=97.21 vs VAL=96.05
2026-02-06 12:04:23,996 [INFO] 🔍 Scanning for alerts on 11 symbols (5min)...
2026-02-06 12:04:24,226 [INFO]     NSE:OFSS-EQ | CVD=-44302 vs Ref=-41309 | Close=7197.00 vs VAL=7164.00
2026-02-06 12:04:24,457 [INFO]     NSE:LTIM-EQ | CVD=-13694 vs Ref=-39087 | Close=5533.00 vs VAL=5516.50
2026-02-06 12:04:24,658 [INFO]     NSE:ANGELONE-EQ | CVD=8141 vs Ref=-38939 | Close=2600.40 vs VAL=2576.40
2026-02-06 12:04:24,874 [INFO]     NSE:TECHM-EQ | CVD=3127 vs Ref=-128591 | Close=1621.60 vs VAL=1616.75
2026-02-06 12:04:25,115 [INFO]     NSE:COFORGE-EQ | CVD=-336091 vs Ref=-459286 | Close=1550.00 vs VAL=1535.00
2026-02-06 12:04:25,354 [INFO]     NSE:LAURUSLABS-EQ | CVD=-47070 vs Ref=-150837 | Close=950.30 vs VAL=944.80
2026-02-06 12:04:25,561 [INFO]     NSE:ZYDUSLIFE-EQ | CVD=3502 vs Ref=-48650 | Close=889.25 vs VAL=884.85
2026-02-06 12:04:25,807 [INFO]     NSE:CAMS-EQ | CVD=-23088 vs Ref=-75694 | Close=717.85 vs VAL=711.90
2026-02-06 12:04:26,017 [INFO]     NSE:BEL-EQ | CVD=1156243 vs Ref=-426850 | Close=431.40 vs VAL=426.65
2026-02-06 12:04:26,252 [INFO]     NSE:RECLTD-EQ | CVD=-1267108 vs Ref=-973015 | Close=370.50 vs VAL=368.80
2026-02-06 12:04:26,497 [INFO]     NSE:GMRAIRPORT-EQ | CVD=-948828 vs Ref=-935696 | Close=97.21 vs VAL=96.05
2026-02-06 12:05:26,498 [INFO] 🔍 Scanning for alerts on 11 symbols (5min)...
2026-02-06 12:05:26,711 [INFO]     NSE:OFSS-EQ | CVD=-44302 vs Ref=-41309 | Close=7197.00 vs VAL=7164.00
2026-02-06 12:05:26,941 [INFO]     NSE:LTIM-EQ | CVD=-13694 vs Ref=-39087 | Close=5533.00 vs VAL=5516.50
2026-02-06 12:05:27,194 [INFO]     NSE:ANGELONE-EQ | CVD=8141 vs Ref=-38939 | Close=2600.40 vs VAL=2576.40
2026-02-06 12:05:27,411 [INFO]     NSE:TECHM-EQ | CVD=3127 vs Ref=-128591 | Close=1621.60 vs VAL=1616.75
2026-02-06 12:05:27,627 [INFO]     NSE:COFORGE-EQ | CVD=-336091 vs Ref=-459286 | Close=1550.00 vs VAL=1535.00
2026-02-06 12:05:27,855 [INFO]     NSE:LAURUSLABS-EQ | CVD=-47070 vs Ref=-150837 | Close=950.30 vs VAL=944.80
2026-02-06 12:05:28,084 [INFO]     NSE:ZYDUSLIFE-EQ | CVD=3502 vs Ref=-48650 | Close=889.25 vs VAL=884.85
2026-02-06 12:05:28,296 [INFO]     NSE:CAMS-EQ | CVD=-23088 vs Ref=-75694 | Close=717.85 vs VAL=711.90
2026-02-06 12:05:28,529 [INFO]     NSE:BEL-EQ | CVD=1156243 vs Ref=-426850 | Close=431.40 vs VAL=426.65
2026-02-06 12:05:28,733 [INFO]     NSE:RECLTD-EQ | CVD=-1267108 vs Ref=-973015 | Close=370.50 vs VAL=368.80
2026-02-06 12:05:28,947 [INFO]     NSE:GMRAIRPORT-EQ | CVD=-948828 vs Ref=-935696 | Close=97.21 vs VAL=96.05
2026-02-06 12:06:28,949 [INFO] 🔍 Scanning for alerts on 11 symbols (5min)...
2026-02-06 12:06:29,197 [INFO]     NSE:OFSS-EQ | CVD=-44976 vs Ref=-41309 | Close=7194.50 vs VAL=7164.00
2026-02-06 12:06:29,382 [INFO]     NSE:LTIM-EQ | CVD=-12661 vs Ref=-39087 | Close=5534.50 vs VAL=5516.50
2026-02-06 12:06:29,590 [INFO]     NSE:ANGELONE-EQ | CVD=9716 vs Ref=-38939 | Close=2602.50 vs VAL=2576.40
2026-02-06 12:06:29,795 [INFO]     NSE:TECHM-EQ | CVD=8846 vs Ref=-128591 | Close=1620.30 vs VAL=1616.75
2026-02-06 12:06:30,004 [INFO]     NSE:COFORGE-EQ | CVD=-315842 vs Ref=-459286 | Close=1555.30 vs VAL=1535.00
2026-02-06 12:06:30,231 [INFO]     NSE:LAURUSLABS-EQ | CVD=-63643 vs Ref=-150837 | Close=950.15 vs VAL=944.80
2026-02-06 12:06:30,453 [INFO]     NSE:ZYDUSLIFE-EQ | CVD=3444 vs Ref=-48650 | Close=888.95 vs VAL=884.85
2026-02-06 12:06:30,680 [INFO]     NSE:CAMS-EQ | CVD=-2445 vs Ref=-75694 | Close=718.95 vs VAL=711.90
2026-02-06 12:06:30,869 [INFO]     NSE:BEL-EQ | CVD=1156409 vs Ref=-426850 | Close=430.50 vs VAL=426.65
2026-02-06 12:06:31,100 [INFO]     NSE:RECLTD-EQ | CVD=-1156610 vs Ref=-973015 | Close=370.00 vs VAL=368.80
2026-02-06 12:06:31,323 [INFO]     NSE:GMRAIRPORT-EQ | CVD=-997924 vs Ref=-935696 | Close=96.99 vs VAL=96.05
2026-02-06 12:07:31,325 [INFO] 🔍 Scanning for alerts on 11 symbols (5min)...
2026-02-06 12:07:31,559 [INFO]     NSE:OFSS-EQ | CVD=-44976 vs Ref=-41309 | Close=7194.50 vs VAL=7164.00
2026-02-06 12:07:31,785 [INFO]     NSE:LTIM-EQ | CVD=-12661 vs Ref=-39087 | Close=5534.50 vs VAL=5516.50
2026-02-06 12:07:32,153 [INFO]     NSE:ANGELONE-EQ | CVD=9716 vs Ref=-38939 | Close=2602.50 vs VAL=2576.40
2026-02-06 12:07:32,387 [INFO]     NSE:TECHM-EQ | CVD=8846 vs Ref=-128591 | Close=1620.30 vs VAL=1616.75
2026-02-06 12:07:32,577 [INFO]     NSE:COFORGE-EQ | CVD=-315842 vs Ref=-459286 | Close=1555.30 vs VAL=1535.00
2026-02-06 12:07:32,803 [INFO]     NSE:LAURUSLABS-EQ | CVD=-63643 vs Ref=-150837 | Close=950.15 vs VAL=944.80
2026-02-06 12:07:33,027 [INFO]     NSE:ZYDUSLIFE-EQ | CVD=3444 vs Ref=-48650 | Close=888.95 vs VAL=884.85
2026-02-06 12:07:33,290 [INFO]     NSE:CAMS-EQ | CVD=-2445 vs Ref=-75694 | Close=718.95 vs VAL=711.90
2026-02-06 12:07:33,494 [INFO]     NSE:BEL-EQ | CVD=1156409 vs Ref=-426850 | Close=430.50 vs VAL=426.65
2026-02-06 12:07:33,708 [INFO]     NSE:RECLTD-EQ | CVD=-1156610 vs Ref=-973015 | Close=370.00 vs VAL=368.80
2026-02-06 12:07:33,969 [INFO]     NSE:GMRAIRPORT-EQ | CVD=-997924 vs Ref=-935696 | Close=96.99 vs VAL=96.05
2026-02-06 12:08:33,971 [INFO] 🔍 Scanning for alerts on 11 symbols (5min)...
2026-02-06 12:08:34,167 [INFO]     NSE:OFSS-EQ | CVD=-44976 vs Ref=-41309 | Close=7194.50 vs VAL=7164.00
2026-02-06 12:08:34,399 [INFO]     NSE:LTIM-EQ | CVD=-12661 vs Ref=-39087 | Close=5534.50 vs VAL=5516.50
2026-02-06 12:08:34,586 [INFO]     NSE:ANGELONE-EQ | CVD=9716 vs Ref=-38939 | Close=2602.50 vs VAL=2576.40
2026-02-06 12:08:34,816 [INFO]     NSE:TECHM-EQ | CVD=8846 vs Ref=-128591 | Close=1620.30 vs VAL=1616.75
2026-02-06 12:08:35,006 [INFO]     NSE:COFORGE-EQ | CVD=-315842 vs Ref=-459286 | Close=1555.30 vs VAL=1535.00
2026-02-06 12:08:35,226 [INFO]     NSE:LAURUSLABS-EQ | CVD=-63643 vs Ref=-150837 | Close=950.15 vs VAL=944.80
2026-02-06 12:08:35,450 [INFO]     NSE:ZYDUSLIFE-EQ | CVD=3444 vs Ref=-48650 | Close=888.95 vs VAL=884.85
2026-02-06 12:08:35,649 [INFO]     NSE:CAMS-EQ | CVD=-2445 vs Ref=-75694 | Close=718.95 vs VAL=711.90
2026-02-06 12:08:35,843 [INFO]     NSE:BEL-EQ | CVD=1156409 vs Ref=-426850 | Close=430.50 vs VAL=426.65
2026-02-06 12:08:36,059 [INFO]     NSE:RECLTD-EQ | CVD=-1156610 vs Ref=-973015 | Close=370.00 vs VAL=368.80
2026-02-06 12:08:36,263 [INFO]     NSE:GMRAIRPORT-EQ | CVD=-997924 vs Ref=-935696 | Close=96.99 vs VAL=96.05
2026-02-06 12:09:36,265 [INFO] 🔍 Scanning for alerts on 11 symbols (5min)...
2026-02-06 12:09:36,504 [INFO]     NSE:OFSS-EQ | CVD=-44976 vs Ref=-41309 | Close=7194.50 vs VAL=7164.00
2026-02-06 12:09:36,730 [INFO]     NSE:LTIM-EQ | CVD=-12661 vs Ref=-39087 | Close=5534.50 vs VAL=5516.50
2026-02-06 12:09:36,940 [INFO]     NSE:ANGELONE-EQ | CVD=9716 vs Ref=-38939 | Close=2602.50 vs VAL=2576.40
2026-02-06 12:09:37,155 [INFO]     NSE:TECHM-EQ | CVD=8846 vs Ref=-128591 | Close=1620.30 vs VAL=1616.75
2026-02-06 12:09:37,373 [INFO]     NSE:COFORGE-EQ | CVD=-315842 vs Ref=-459286 | Close=1555.30 vs VAL=1535.00
2026-02-06 12:09:37,618 [INFO]     NSE:LAURUSLABS-EQ | CVD=-63643 vs Ref=-150837 | Close=950.15 vs VAL=944.80
2026-02-06 12:09:37,872 [INFO]     NSE:ZYDUSLIFE-EQ | CVD=3444 vs Ref=-48650 | Close=888.95 vs VAL=884.85
2026-02-06 12:09:38,137 [INFO]     NSE:CAMS-EQ | CVD=-2445 vs Ref=-75694 | Close=718.95 vs VAL=711.90
2026-02-06 12:09:38,367 [INFO]     NSE:BEL-EQ | CVD=1156409 vs Ref=-426850 | Close=430.50 vs VAL=426.65
2026-02-06 12:09:38,654 [INFO]     NSE:RECLTD-EQ | CVD=-1156610 vs Ref=-973015 | Close=370.00 vs VAL=368.80
2026-02-06 12:09:38,879 [INFO]     NSE:GMRAIRPORT-EQ | CVD=-997924 vs Ref=-935696 | Close=96.99 vs VAL=96.05
2026-02-06 12:10:38,881 [INFO] 🔍 Scanning for alerts on 11 symbols (5min)...
2026-02-06 12:10:39,211 [INFO]     NSE:OFSS-EQ | CVD=-44976 vs Ref=-41309 | Close=7194.50 vs VAL=7164.00
2026-02-06 12:10:39,600 [INFO]     NSE:LTIM-EQ | CVD=-12661 vs Ref=-39087 | Close=5534.50 vs VAL=5516.50
2026-02-06 12:10:40,331 [INFO]     NSE:ANGELONE-EQ | CVD=9716 vs Ref=-38939 | Close=2602.50 vs VAL=2576.40
2026-02-06 12:10:40,854 [INFO]     NSE:TECHM-EQ | CVD=8846 vs Ref=-128591 | Close=1620.30 vs VAL=1616.75
2026-02-06 12:10:41,285 [INFO]     NSE:COFORGE-EQ | CVD=-315842 vs Ref=-459286 | Close=1555.30 vs VAL=1535.00
2026-02-06 12:10:41,612 [INFO]     NSE:LAURUSLABS-EQ | CVD=-63643 vs Ref=-150837 | Close=950.15 vs VAL=944.80
2026-02-06 12:10:41,877 [INFO]     NSE:ZYDUSLIFE-EQ | CVD=3444 vs Ref=-48650 | Close=888.95 vs VAL=884.85
2026-02-06 12:10:42,144 [INFO]     NSE:CAMS-EQ | CVD=-2445 vs Ref=-75694 | Close=718.95 vs VAL=711.90
2026-02-06 12:10:42,454 [INFO]     NSE:BEL-EQ | CVD=1156409 vs Ref=-426850 | Close=430.50 vs VAL=426.65
2026-02-06 12:10:42,768 [INFO]     NSE:RECLTD-EQ | CVD=-1156610 vs Ref=-973015 | Close=370.00 vs VAL=368.80
2026-02-06 12:10:43,088 [INFO]     NSE:GMRAIRPORT-EQ | CVD=-997924 vs Ref=-935696 | Close=96.99 vs VAL=96.05
2026-02-06 12:11:43,093 [INFO] 🔍 Scanning for alerts on 11 symbols (5min)...
2026-02-06 12:11:43,315 [INFO]     NSE:OFSS-EQ | CVD=-45744 vs Ref=-41309 | Close=7186.50 vs VAL=7164.00
2026-02-06 12:11:43,536 [INFO]     NSE:LTIM-EQ | CVD=-18551 vs Ref=-39087 | Close=5521.50 vs VAL=5516.50
2026-02-06 12:11:43,762 [INFO]     NSE:ANGELONE-EQ | CVD=6660 vs Ref=-38939 | Close=2592.60 vs VAL=2576.40
2026-02-06 12:11:43,995 [INFO]     NSE:TECHM-EQ | CVD=21478 vs Ref=-128591 | Close=1620.10 vs VAL=1616.75
2026-02-06 12:11:44,238 [INFO]     NSE:COFORGE-EQ | CVD=-340080 vs Ref=-459286 | Close=1551.50 vs VAL=1535.00
2026-02-06 12:11:45,777 [INFO]     NSE:LAURUSLABS-EQ | CVD=-59911 vs Ref=-150837 | Close=950.00 vs VAL=944.80
2026-02-06 12:11:46,048 [INFO]     NSE:ZYDUSLIFE-EQ | CVD=-307 vs Ref=-48650 | Close=888.25 vs VAL=884.85
2026-02-06 12:11:46,275 [INFO]     NSE:CAMS-EQ | CVD=-6900 vs Ref=-75694 | Close=716.05 vs VAL=711.90
2026-02-06 12:11:46,494 [INFO]     NSE:BEL-EQ | CVD=1080605 vs Ref=-426850 | Close=429.55 vs VAL=426.65
2026-02-06 12:11:46,735 [INFO]     NSE:RECLTD-EQ | CVD=-1190265 vs Ref=-973015 | Close=370.05 vs VAL=368.80
2026-02-06 12:11:46,951 [INFO]     NSE:GMRAIRPORT-EQ | CVD=-1028161 vs Ref=-935696 | Close=96.84 vs VAL=96.05
2026-02-06 12:12:46,952 [INFO] 🔍 Scanning for alerts on 11 symbols (5min)...
2026-02-06 12:12:47,168 [INFO]     NSE:OFSS-EQ | CVD=-45744 vs Ref=-41309 | Close=7186.50 vs VAL=7164.00
2026-02-06 12:12:47,366 [INFO]     NSE:LTIM-EQ | CVD=-18551 vs Ref=-39087 | Close=5521.50 vs VAL=5516.50
2026-02-06 12:12:47,598 [INFO]     NSE:ANGELONE-EQ | CVD=6660 vs Ref=-38939 | Close=2592.60 vs VAL=2576.40
2026-02-06 12:12:47,793 [INFO]     NSE:TECHM-EQ | CVD=21478 vs Ref=-128591 | Close=1620.10 vs VAL=1616.75
2026-02-06 12:12:47,993 [INFO]     NSE:COFORGE-EQ | CVD=-340080 vs Ref=-459286 | Close=1551.50 vs VAL=1535.00
2026-02-06 12:12:48,222 [INFO]     NSE:LAURUSLABS-EQ | CVD=-59911 vs Ref=-150837 | Close=950.00 vs VAL=944.80
2026-02-06 12:12:48,458 [INFO]     NSE:ZYDUSLIFE-EQ | CVD=-307 vs Ref=-48650 | Close=888.25 vs VAL=884.85
2026-02-06 12:12:49,214 [INFO]     NSE:CAMS-EQ | CVD=-6900 vs Ref=-75694 | Close=716.05 vs VAL=711.90
2026-02-06 12:12:49,431 [INFO]     NSE:BEL-EQ | CVD=1080605 vs Ref=-426850 | Close=429.55 vs VAL=426.65
2026-02-06 12:12:49,695 [INFO]     NSE:RECLTD-EQ | CVD=-1190265 vs Ref=-973015 | Close=370.05 vs VAL=368.80
2026-02-06 12:12:49,899 [INFO]     NSE:GMRAIRPORT-EQ | CVD=-1028161 vs Ref=-935696 | Close=96.84 vs VAL=96.05
2026-02-06 12:13:49,900 [INFO] 🔍 Scanning for alerts on 11 symbols (5min)...
2026-02-06 12:13:50,093 [INFO]     NSE:OFSS-EQ | CVD=-45744 vs Ref=-41309 | Close=7186.50 vs VAL=7164.00
2026-02-06 12:13:50,365 [INFO]     NSE:LTIM-EQ | CVD=-18551 vs Ref=-39087 | Close=5521.50 vs VAL=5516.50
2026-02-06 12:13:50,588 [INFO]     NSE:ANGELONE-EQ | CVD=6660 vs Ref=-38939 | Close=2592.60 vs VAL=2576.40
2026-02-06 12:13:50,830 [INFO]     NSE:TECHM-EQ | CVD=21478 vs Ref=-128591 | Close=1620.10 vs VAL=1616.75
2026-02-06 12:13:51,025 [INFO]     NSE:COFORGE-EQ | CVD=-340080 vs Ref=-459286 | Close=1551.50 vs VAL=1535.00
2026-02-06 12:13:53,016 [INFO]     NSE:LAURUSLABS-EQ | CVD=-59911 vs Ref=-150837 | Close=950.00 vs VAL=944.80
2026-02-06 12:13:53,284 [INFO]     NSE:ZYDUSLIFE-EQ | CVD=-307 vs Ref=-48650 | Close=888.25 vs VAL=884.85
2026-02-06 12:13:53,501 [INFO]     NSE:CAMS-EQ | CVD=-6900 vs Ref=-75694 | Close=716.05 vs VAL=711.90
2026-02-06 12:13:53,754 [INFO]     NSE:BEL-EQ | CVD=1080605 vs Ref=-426850 | Close=429.55 vs VAL=426.65
2026-02-06 12:13:53,979 [INFO]     NSE:RECLTD-EQ | CVD=-1190265 vs Ref=-973015 | Close=370.05 vs VAL=368.80
2026-02-06 12:13:54,224 [INFO]     NSE:GMRAIRPORT-EQ | CVD=-1028161 vs Ref=-935696 | Close=96.84 vs VAL=96.05
2026-02-06 12:14:54,225 [INFO] 🔍 Scanning for alerts on 11 symbols (5min)...
2026-02-06 12:14:54,434 [INFO]     NSE:OFSS-EQ | CVD=-45744 vs Ref=-41309 | Close=7186.50 vs VAL=7164.00
2026-02-06 12:14:54,664 [INFO]     NSE:LTIM-EQ | CVD=-18551 vs Ref=-39087 | Close=5521.50 vs VAL=5516.50
2026-02-06 12:14:54,902 [INFO]     NSE:ANGELONE-EQ | CVD=6660 vs Ref=-38939 | Close=2592.60 vs VAL=2576.40
2026-02-06 12:14:55,129 [INFO]     NSE:TECHM-EQ | CVD=21478 vs Ref=-128591 | Close=1620.10 vs VAL=1616.75
2026-02-06 12:14:55,341 [INFO]     NSE:COFORGE-EQ | CVD=-340080 vs Ref=-459286 | Close=1551.50 vs VAL=1535.00
2026-02-06 12:14:55,551 [INFO]     NSE:LAURUSLABS-EQ | CVD=-59911 vs Ref=-150837 | Close=950.00 vs VAL=944.80
2026-02-06 12:14:57,146 [INFO]     NSE:ZYDUSLIFE-EQ | CVD=-307 vs Ref=-48650 | Close=888.25 vs VAL=884.85
2026-02-06 12:14:57,384 [INFO]     NSE:CAMS-EQ | CVD=-6900 vs Ref=-75694 | Close=716.05 vs VAL=711.90
2026-02-06 12:14:57,605 [INFO]     NSE:BEL-EQ | CVD=1080605 vs Ref=-426850 | Close=429.55 vs VAL=426.65
2026-02-06 12:14:57,924 [INFO]     NSE:RECLTD-EQ | CVD=-1190265 vs Ref=-973015 | Close=370.05 vs VAL=368.80
2026-02-06 12:14:58,154 [INFO]     NSE:GMRAIRPORT-EQ | CVD=-1028161 vs Ref=-935696 | Close=96.84 vs VAL=96.05
2026-02-06 12:15:58,157 [INFO] 🔍 Scanning for alerts on 11 symbols (5min)...
2026-02-06 12:15:58,416 [INFO]     NSE:OFSS-EQ | CVD=-45744 vs Ref=-41309 | Close=7186.50 vs VAL=7164.00
2026-02-06 12:16:00,296 [INFO]     NSE:LTIM-EQ | CVD=-18551 vs Ref=-39087 | Close=5521.50 vs VAL=5516.50
2026-02-06 12:16:00,501 [INFO]     NSE:ANGELONE-EQ | CVD=6660 vs Ref=-38939 | Close=2592.60 vs VAL=2576.40
2026-02-06 12:16:00,768 [INFO]     NSE:TECHM-EQ | CVD=21478 vs Ref=-128591 | Close=1620.10 vs VAL=1616.75
2026-02-06 12:16:01,074 [INFO]     NSE:COFORGE-EQ | CVD=-340080 vs Ref=-459286 | Close=1551.50 vs VAL=1535.00
2026-02-06 12:16:01,447 [INFO]     NSE:LAURUSLABS-EQ | CVD=-59911 vs Ref=-150837 | Close=950.00 vs VAL=944.80
2026-02-06 12:16:01,847 [INFO]     NSE:ZYDUSLIFE-EQ | CVD=-307 vs Ref=-48650 | Close=888.25 vs VAL=884.85
2026-02-06 12:16:02,482 [INFO]     NSE:CAMS-EQ | CVD=-6900 vs Ref=-75694 | Close=716.05 vs VAL=711.90
2026-02-06 12:16:02,768 [INFO]     NSE:BEL-EQ | CVD=1080605 vs Ref=-426850 | Close=429.55 vs VAL=426.65
2026-02-06 12:16:03,052 [INFO]     NSE:RECLTD-EQ | CVD=-1190265 vs Ref=-973015 | Close=370.05 vs VAL=368.80
2026-02-06 12:16:03,352 [INFO]     NSE:GMRAIRPORT-EQ | CVD=-1066478 vs Ref=-935696 | Close=97.14 vs VAL=96.05
2026-02-06 12:17:03,354 [INFO] 🔍 Scanning for alerts on 11 symbols (5min)...
2026-02-06 12:17:03,694 [INFO]     NSE:OFSS-EQ | CVD=-52609 vs Ref=-41309 | Close=7183.00 vs VAL=7164.00
2026-02-06 12:17:03,964 [INFO]     NSE:LTIM-EQ | CVD=-16476 vs Ref=-39087 | Close=5526.50 vs VAL=5516.50
2026-02-06 12:17:04,252 [INFO]     NSE:ANGELONE-EQ | CVD=5067 vs Ref=-38939 | Close=2592.80 vs VAL=2576.40
2026-02-06 12:17:04,509 [INFO]     NSE:TECHM-EQ | CVD=31870 vs Ref=-128591 | Close=1620.10 vs VAL=1616.75
2026-02-06 12:17:04,752 [INFO]     NSE:COFORGE-EQ | CVD=-345625 vs Ref=-459286 | Close=1552.00 vs VAL=1535.00
2026-02-06 12:17:05,005 [INFO]     NSE:LAURUSLABS-EQ | CVD=-48234 vs Ref=-150837 | Close=951.00 vs VAL=944.80
2026-02-06 12:17:05,245 [INFO]     NSE:ZYDUSLIFE-EQ | CVD=-3797 vs Ref=-48650 | Close=888.20 vs VAL=884.85
2026-02-06 12:17:05,547 [INFO]     NSE:CAMS-EQ | CVD=-17494 vs Ref=-75694 | Close=715.45 vs VAL=711.90
2026-02-06 12:17:05,919 [INFO]     NSE:BEL-EQ | CVD=1095870 vs Ref=-426850 | Close=430.15 vs VAL=426.65
2026-02-06 12:17:06,487 [INFO]     NSE:RECLTD-EQ | CVD=-1140389 vs Ref=-973015 | Close=371.15 vs VAL=368.80
2026-02-06 12:17:06,804 [INFO]     NSE:GMRAIRPORT-EQ | CVD=-1066478 vs Ref=-935696 | Close=97.14 vs VAL=96.05
2026-02-06 12:18:06,805 [INFO] 🔍 Scanning for alerts on 11 symbols (5min)...
2026-02-06 12:18:07,001 [INFO]     NSE:OFSS-EQ | CVD=-52609 vs Ref=-41309 | Close=7183.00 vs VAL=7164.00
2026-02-06 12:18:07,235 [INFO]     NSE:LTIM-EQ | CVD=-16476 vs Ref=-39087 | Close=5526.50 vs VAL=5516.50
2026-02-06 12:18:07,445 [INFO]     NSE:ANGELONE-EQ | CVD=5067 vs Ref=-38939 | Close=2592.80 vs VAL=2576.40
2026-02-06 12:18:07,713 [INFO]     NSE:TECHM-EQ | CVD=31870 vs Ref=-128591 | Close=1620.10 vs VAL=1616.75
2026-02-06 12:18:07,997 [INFO]     NSE:COFORGE-EQ | CVD=-345625 vs Ref=-459286 | Close=1552.00 vs VAL=1535.00
2026-02-06 12:18:08,232 [INFO]     NSE:LAURUSLABS-EQ | CVD=-48234 vs Ref=-150837 | Close=951.00 vs VAL=944.80
2026-02-06 12:18:08,464 [INFO]     NSE:ZYDUSLIFE-EQ | CVD=-3797 vs Ref=-48650 | Close=888.20 vs VAL=884.85
2026-02-06 12:18:08,684 [INFO]     NSE:CAMS-EQ | CVD=-17494 vs Ref=-75694 | Close=715.45 vs VAL=711.90
2026-02-06 12:18:08,971 [INFO]     NSE:BEL-EQ | CVD=1095870 vs Ref=-426850 | Close=430.15 vs VAL=426.65
2026-02-06 12:18:09,205 [INFO]     NSE:RECLTD-EQ | CVD=-1140389 vs Ref=-973015 | Close=371.15 vs VAL=368.80
2026-02-06 12:18:09,426 [INFO]     NSE:GMRAIRPORT-EQ | CVD=-1066478 vs Ref=-935696 | Close=97.14 vs VAL=96.05
2026-02-06 12:19:09,428 [INFO] 🔍 Scanning for alerts on 11 symbols (5min)...
2026-02-06 12:19:09,667 [INFO]     NSE:OFSS-EQ | CVD=-52609 vs Ref=-41309 | Close=7183.00 vs VAL=7164.00
2026-02-06 12:19:09,887 [INFO]     NSE:LTIM-EQ | CVD=-16476 vs Ref=-39087 | Close=5526.50 vs VAL=5516.50
2026-02-06 12:19:10,121 [INFO]     NSE:ANGELONE-EQ | CVD=5067 vs Ref=-38939 | Close=2592.80 vs VAL=2576.40
2026-02-06 12:19:10,328 [INFO]     NSE:TECHM-EQ | CVD=31870 vs Ref=-128591 | Close=1620.10 vs VAL=1616.75
2026-02-06 12:19:10,564 [INFO]     NSE:COFORGE-EQ | CVD=-345625 vs Ref=-459286 | Close=1552.00 vs VAL=1535.00
2026-02-06 12:19:10,785 [INFO]     NSE:LAURUSLABS-EQ | CVD=-48234 vs Ref=-150837 | Close=951.00 vs VAL=944.80
2026-02-06 12:19:10,992 [INFO]     NSE:ZYDUSLIFE-EQ | CVD=-3797 vs Ref=-48650 | Close=888.20 vs VAL=884.85
2026-02-06 12:19:11,368 [INFO]     NSE:CAMS-EQ | CVD=-17494 vs Ref=-75694 | Close=715.45 vs VAL=711.90
2026-02-06 12:19:11,756 [INFO]     NSE:BEL-EQ | CVD=1095870 vs Ref=-426850 | Close=430.15 vs VAL=426.65
2026-02-06 12:19:12,032 [INFO]     NSE:RECLTD-EQ | CVD=-1140389 vs Ref=-973015 | Close=371.15 vs VAL=368.80
2026-02-06 12:19:12,272 [INFO]     NSE:GMRAIRPORT-EQ | CVD=-1066478 vs Ref=-935696 | Close=97.14 vs VAL=96.05
2026-02-06 12:20:12,273 [INFO] 🔍 Scanning for alerts on 11 symbols (5min)...
2026-02-06 12:20:12,520 [INFO]     NSE:OFSS-EQ | CVD=-52609 vs Ref=-41309 | Close=7183.00 vs VAL=7164.00
2026-02-06 12:20:12,749 [INFO]     NSE:LTIM-EQ | CVD=-16476 vs Ref=-39087 | Close=5526.50 vs VAL=5516.50
2026-02-06 12:20:12,973 [INFO]     NSE:ANGELONE-EQ | CVD=5067 vs Ref=-38939 | Close=2592.80 vs VAL=2576.40
2026-02-06 12:20:13,186 [INFO]     NSE:TECHM-EQ | CVD=31870 vs Ref=-128591 | Close=1620.10 vs VAL=1616.75
2026-02-06 12:20:13,405 [INFO]     NSE:COFORGE-EQ | CVD=-345625 vs Ref=-459286 | Close=1552.00 vs VAL=1535.00
2026-02-06 12:20:13,616 [INFO]     NSE:LAURUSLABS-EQ | CVD=-48234 vs Ref=-150837 | Close=951.00 vs VAL=944.80
2026-02-06 12:20:13,815 [INFO]     NSE:ZYDUSLIFE-EQ | CVD=-3797 vs Ref=-48650 | Close=888.20 vs VAL=884.85
2026-02-06 12:20:14,027 [INFO]     NSE:CAMS-EQ | CVD=-17494 vs Ref=-75694 | Close=715.45 vs VAL=711.90
2026-02-06 12:20:14,230 [INFO]     NSE:BEL-EQ | CVD=1095870 vs Ref=-426850 | Close=430.15 vs VAL=426.65
2026-02-06 12:20:14,456 [INFO]     NSE:RECLTD-EQ | CVD=-1140389 vs Ref=-973015 | Close=371.15 vs VAL=368.80
2026-02-06 12:20:14,705 [INFO]     NSE:GMRAIRPORT-EQ | CVD=-1066478 vs Ref=-935696 | Close=97.14 vs VAL=96.05
2026-02-06 12:21:14,707 [INFO] 🔍 Scanning for alerts on 11 symbols (5min)...
2026-02-06 12:21:14,934 [INFO]     NSE:OFSS-EQ | CVD=-50485 vs Ref=-41309 | Close=7190.00 vs VAL=7164.00
2026-02-06 12:21:15,139 [INFO]     NSE:LTIM-EQ | CVD=-14387 vs Ref=-39087 | Close=5540.00 vs VAL=5516.50
2026-02-06 12:21:15,335 [INFO]     NSE:ANGELONE-EQ | CVD=6566 vs Ref=-38939 | Close=2593.10 vs VAL=2576.40
2026-02-06 12:21:15,554 [INFO]     NSE:TECHM-EQ | CVD=-214 vs Ref=-128591 | Close=1611.80 vs VAL=1616.75
2026-02-06 12:21:15,748 [INFO]     NSE:COFORGE-EQ | CVD=-359013 vs Ref=-459286 | Close=1548.20 vs VAL=1535.00
2026-02-06 12:21:15,978 [INFO]     NSE:LAURUSLABS-EQ | CVD=-44389 vs Ref=-150837 | Close=950.30 vs VAL=944.80
2026-02-06 12:21:16,217 [INFO]     NSE:ZYDUSLIFE-EQ | CVD=795 vs Ref=-48650 | Close=889.80 vs VAL=884.85
2026-02-06 12:21:16,497 [INFO]     NSE:CAMS-EQ | CVD=-18070 vs Ref=-75694 | Close=715.00 vs VAL=711.90
2026-02-06 12:21:16,745 [INFO]     NSE:BEL-EQ | CVD=1038365 vs Ref=-426850 | Close=429.60 vs VAL=426.65
2026-02-06 12:21:16,983 [INFO]     NSE:RECLTD-EQ | CVD=-1161990 vs Ref=-973015 | Close=370.65 vs VAL=368.80
2026-02-06 12:21:17,212 [INFO]     NSE:GMRAIRPORT-EQ | CVD=-1148060 vs Ref=-935696 | Close=97.00 vs VAL=96.05
2026-02-06 12:22:17,214 [INFO] 🔍 Scanning for alerts on 11 symbols (5min)...
2026-02-06 12:22:17,406 [INFO]     NSE:OFSS-EQ | CVD=-50485 vs Ref=-41309 | Close=7190.00 vs VAL=7164.00
2026-02-06 12:22:17,632 [INFO]     NSE:LTIM-EQ | CVD=-14387 vs Ref=-39087 | Close=5540.00 vs VAL=5516.50
2026-02-06 12:22:17,830 [INFO]     NSE:ANGELONE-EQ | CVD=6566 vs Ref=-38939 | Close=2593.10 vs VAL=2576.40
2026-02-06 12:22:18,043 [INFO]     NSE:TECHM-EQ | CVD=-214 vs Ref=-128591 | Close=1611.80 vs VAL=1616.75
2026-02-06 12:22:18,290 [INFO]     NSE:COFORGE-EQ | CVD=-359013 vs Ref=-459286 | Close=1548.20 vs VAL=1535.00
2026-02-06 12:22:18,489 [INFO]     NSE:LAURUSLABS-EQ | CVD=-44389 vs Ref=-150837 | Close=950.30 vs VAL=944.80
2026-02-06 12:22:18,688 [INFO]     NSE:ZYDUSLIFE-EQ | CVD=795 vs Ref=-48650 | Close=889.80 vs VAL=884.85
2026-02-06 12:22:18,888 [INFO]     NSE:CAMS-EQ | CVD=-18070 vs Ref=-75694 | Close=715.00 vs VAL=711.90
2026-02-06 12:22:19,096 [INFO]     NSE:BEL-EQ | CVD=1038365 vs Ref=-426850 | Close=429.60 vs VAL=426.65
2026-02-06 12:22:19,312 [INFO]     NSE:RECLTD-EQ | CVD=-1161990 vs Ref=-973015 | Close=370.65 vs VAL=368.80
2026-02-06 12:22:19,525 [INFO]     NSE:GMRAIRPORT-EQ | CVD=-1148060 vs Ref=-935696 | Close=97.00 vs VAL=96.05
2026-02-06 12:23:19,527 [INFO] 🔍 Scanning for alerts on 11 symbols (5min)...
2026-02-06 12:23:19,744 [INFO]     NSE:OFSS-EQ | CVD=-50485 vs Ref=-41309 | Close=7190.00 vs VAL=7164.00
2026-02-06 12:23:19,990 [INFO]     NSE:LTIM-EQ | CVD=-14387 vs Ref=-39087 | Close=5540.00 vs VAL=5516.50
2026-02-06 12:23:20,203 [INFO]     NSE:ANGELONE-EQ | CVD=6566 vs Ref=-38939 | Close=2593.10 vs VAL=2576.40
2026-02-06 12:23:20,433 [INFO]     NSE:TECHM-EQ | CVD=-214 vs Ref=-128591 | Close=1611.80 vs VAL=1616.75
2026-02-06 12:23:20,664 [INFO]     NSE:COFORGE-EQ | CVD=-359013 vs Ref=-459286 | Close=1548.20 vs VAL=1535.00
2026-02-06 12:23:20,917 [INFO]     NSE:LAURUSLABS-EQ | CVD=-44389 vs Ref=-150837 | Close=950.30 vs VAL=944.80
2026-02-06 12:23:21,144 [INFO]     NSE:ZYDUSLIFE-EQ | CVD=795 vs Ref=-48650 | Close=889.80 vs VAL=884.85
2026-02-06 12:23:21,352 [INFO]     NSE:CAMS-EQ | CVD=-18070 vs Ref=-75694 | Close=715.00 vs VAL=711.90
2026-02-06 12:23:21,600 [INFO]     NSE:BEL-EQ | CVD=1038365 vs Ref=-426850 | Close=429.60 vs VAL=426.65
2026-02-06 12:23:21,810 [INFO]     NSE:RECLTD-EQ | CVD=-1161990 vs Ref=-973015 | Close=370.65 vs VAL=368.80
2026-02-06 12:23:22,036 [INFO]     NSE:GMRAIRPORT-EQ | CVD=-1148060 vs Ref=-935696 | Close=97.00 vs VAL=96.05
2026-02-06 12:24:22,038 [INFO] 🔍 Scanning for alerts on 11 symbols (5min)...
2026-02-06 12:24:22,245 [INFO]     NSE:OFSS-EQ | CVD=-50485 vs Ref=-41309 | Close=7190.00 vs VAL=7164.00
2026-02-06 12:24:22,436 [INFO]     NSE:LTIM-EQ | CVD=-14387 vs Ref=-39087 | Close=5540.00 vs VAL=5516.50
2026-02-06 12:24:22,628 [INFO]     NSE:ANGELONE-EQ | CVD=6566 vs Ref=-38939 | Close=2593.10 vs VAL=2576.40
2026-02-06 12:24:22,806 [INFO]     NSE:TECHM-EQ | CVD=-214 vs Ref=-128591 | Close=1611.80 vs VAL=1616.75
2026-02-06 12:24:23,042 [INFO]     NSE:COFORGE-EQ | CVD=-359013 vs Ref=-459286 | Close=1548.20 vs VAL=1535.00
2026-02-06 12:24:23,282 [INFO]     NSE:LAURUSLABS-EQ | CVD=-44389 vs Ref=-150837 | Close=950.30 vs VAL=944.80
2026-02-06 12:24:23,521 [INFO]     NSE:ZYDUSLIFE-EQ | CVD=795 vs Ref=-48650 | Close=889.80 vs VAL=884.85
2026-02-06 12:24:23,714 [INFO]     NSE:CAMS-EQ | CVD=-18070 vs Ref=-75694 | Close=715.00 vs VAL=711.90
2026-02-06 12:24:23,923 [INFO]     NSE:BEL-EQ | CVD=1038365 vs Ref=-426850 | Close=429.60 vs VAL=426.65
2026-02-06 12:24:24,162 [INFO]     NSE:RECLTD-EQ | CVD=-1161990 vs Ref=-973015 | Close=370.65 vs VAL=368.80
2026-02-06 12:24:24,355 [INFO]     NSE:GMRAIRPORT-EQ | CVD=-1148060 vs Ref=-935696 | Close=97.00 vs VAL=96.05
2026-02-06 12:25:24,357 [INFO] 🔍 Scanning for alerts on 11 symbols (5min)...
2026-02-06 12:25:24,600 [INFO]     NSE:OFSS-EQ | CVD=-50485 vs Ref=-41309 | Close=7190.00 vs VAL=7164.00
2026-02-06 12:25:24,800 [INFO]     NSE:LTIM-EQ | CVD=-14387 vs Ref=-39087 | Close=5540.00 vs VAL=5516.50
2026-02-06 12:25:25,025 [INFO]     NSE:ANGELONE-EQ | CVD=6566 vs Ref=-38939 | Close=2593.10 vs VAL=2576.40
2026-02-06 12:25:25,217 [INFO]     NSE:TECHM-EQ | CVD=-214 vs Ref=-128591 | Close=1611.80 vs VAL=1616.75
2026-02-06 12:25:25,437 [INFO]     NSE:COFORGE-EQ | CVD=-359013 vs Ref=-459286 | Close=1548.20 vs VAL=1535.00
2026-02-06 12:25:25,645 [INFO]     NSE:LAURUSLABS-EQ | CVD=-44389 vs Ref=-150837 | Close=950.30 vs VAL=944.80
2026-02-06 12:25:25,870 [INFO]     NSE:ZYDUSLIFE-EQ | CVD=795 vs Ref=-48650 | Close=889.80 vs VAL=884.85
2026-02-06 12:25:26,125 [INFO]     NSE:CAMS-EQ | CVD=-18070 vs Ref=-75694 | Close=715.00 vs VAL=711.90
2026-02-06 12:25:26,347 [INFO]     NSE:BEL-EQ | CVD=1038365 vs Ref=-426850 | Close=429.60 vs VAL=426.65
2026-02-06 12:25:26,546 [INFO]     NSE:RECLTD-EQ | CVD=-1161990 vs Ref=-973015 | Close=370.65 vs VAL=368.80
2026-02-06 12:25:26,757 [INFO]     NSE:GMRAIRPORT-EQ | CVD=-1148060 vs Ref=-935696 | Close=97.00 vs VAL=96.05
2026-02-06 12:26:26,758 [INFO] 🔍 Scanning for alerts on 11 symbols (5min)...
2026-02-06 12:26:26,982 [INFO]     NSE:OFSS-EQ | CVD=-51256 vs Ref=-41309 | Close=7180.50 vs VAL=7164.00
2026-02-06 12:26:27,162 [INFO]     NSE:LTIM-EQ | CVD=-14996 vs Ref=-39087 | Close=5533.00 vs VAL=5516.50
2026-02-06 12:26:27,423 [INFO]     NSE:ANGELONE-EQ | CVD=12088 vs Ref=-38939 | Close=2598.50 vs VAL=2576.40
2026-02-06 12:26:27,632 [INFO]     NSE:TECHM-EQ | CVD=-7358 vs Ref=-128591 | Close=1608.90 vs VAL=1616.75
2026-02-06 12:26:27,860 [INFO]     NSE:COFORGE-EQ | CVD=-370633 vs Ref=-459286 | Close=1545.00 vs VAL=1535.00
2026-02-06 12:26:28,123 [INFO]     NSE:LAURUSLABS-EQ | CVD=-52158 vs Ref=-150837 | Close=950.00 vs VAL=944.80
2026-02-06 12:26:28,357 [INFO]     NSE:ZYDUSLIFE-EQ | CVD=124 vs Ref=-48650 | Close=890.00 vs VAL=884.85
2026-02-06 12:26:28,613 [INFO]     NSE:CAMS-EQ | CVD=-24736 vs Ref=-75694 | Close=714.20 vs VAL=711.90
2026-02-06 12:26:28,868 [INFO]     NSE:BEL-EQ | CVD=882548 vs Ref=-426850 | Close=428.15 vs VAL=426.65
2026-02-06 12:26:29,092 [INFO]     NSE:RECLTD-EQ | CVD=-1162706 vs Ref=-973015 | Close=370.50 vs VAL=368.80
2026-02-06 12:26:29,316 [INFO]     NSE:GMRAIRPORT-EQ | CVD=-1158367 vs Ref=-935696 | Close=96.89 vs VAL=96.05
2026-02-06 12:27:29,317 [INFO] 🔍 Scanning for alerts on 11 symbols (5min)...
2026-02-06 12:27:29,505 [INFO]     NSE:OFSS-EQ | CVD=-51256 vs Ref=-41309 | Close=7180.50 vs VAL=7164.00
2026-02-06 12:27:29,715 [INFO]     NSE:LTIM-EQ | CVD=-14996 vs Ref=-39087 | Close=5533.00 vs VAL=5516.50
2026-02-06 12:27:29,938 [INFO]     NSE:ANGELONE-EQ | CVD=12088 vs Ref=-38939 | Close=2598.50 vs VAL=2576.40
2026-02-06 12:27:30,127 [INFO]     NSE:TECHM-EQ | CVD=-7358 vs Ref=-128591 | Close=1608.90 vs VAL=1616.75
2026-02-06 12:27:30,326 [INFO]     NSE:COFORGE-EQ | CVD=-370633 vs Ref=-459286 | Close=1545.00 vs VAL=1535.00
2026-02-06 12:27:30,550 [INFO]     NSE:LAURUSLABS-EQ | CVD=-52158 vs Ref=-150837 | Close=950.00 vs VAL=944.80
2026-02-06 12:27:30,773 [INFO]     NSE:ZYDUSLIFE-EQ | CVD=124 vs Ref=-48650 | Close=890.00 vs VAL=884.85
2026-02-06 12:27:30,990 [INFO]     NSE:CAMS-EQ | CVD=-24736 vs Ref=-75694 | Close=714.20 vs VAL=711.90
2026-02-06 12:27:31,256 [INFO]     NSE:BEL-EQ | CVD=882548 vs Ref=-426850 | Close=428.15 vs VAL=426.65
2026-02-06 12:27:31,510 [INFO]     NSE:RECLTD-EQ | CVD=-1162706 vs Ref=-973015 | Close=370.50 vs VAL=368.80
2026-02-06 12:27:31,717 [INFO]     NSE:GMRAIRPORT-EQ | CVD=-1158367 vs Ref=-935696 | Close=96.89 vs VAL=96.05
2026-02-06 12:28:31,718 [INFO] 🔍 Scanning for alerts on 11 symbols (5min)...
2026-02-06 12:28:31,968 [INFO]     NSE:OFSS-EQ | CVD=-51256 vs Ref=-41309 | Close=7180.50 vs VAL=7164.00
2026-02-06 12:28:32,163 [INFO]     NSE:LTIM-EQ | CVD=-14996 vs Ref=-39087 | Close=5533.00 vs VAL=5516.50
2026-02-06 12:28:32,332 [INFO]     NSE:ANGELONE-EQ | CVD=12088 vs Ref=-38939 | Close=2598.50 vs VAL=2576.40
2026-02-06 12:28:32,529 [INFO]     NSE:TECHM-EQ | CVD=-7358 vs Ref=-128591 | Close=1608.90 vs VAL=1616.75
2026-02-06 12:28:32,752 [INFO]     NSE:COFORGE-EQ | CVD=-370633 vs Ref=-459286 | Close=1545.00 vs VAL=1535.00
2026-02-06 12:28:32,953 [INFO]     NSE:LAURUSLABS-EQ | CVD=-52158 vs Ref=-150837 | Close=950.00 vs VAL=944.80
2026-02-06 12:28:33,166 [INFO]     NSE:ZYDUSLIFE-EQ | CVD=124 vs Ref=-48650 | Close=890.00 vs VAL=884.85
2026-02-06 12:28:33,409 [INFO]     NSE:CAMS-EQ | CVD=-24736 vs Ref=-75694 | Close=714.20 vs VAL=711.90
2026-02-06 12:28:33,649 [INFO]     NSE:BEL-EQ | CVD=882548 vs Ref=-426850 | Close=428.15 vs VAL=426.65
2026-02-06 12:28:33,888 [INFO]     NSE:RECLTD-EQ | CVD=-1162706 vs Ref=-973015 | Close=370.50 vs VAL=368.80
2026-02-06 12:28:34,120 [INFO]     NSE:GMRAIRPORT-EQ | CVD=-1158367 vs Ref=-935696 | Close=96.89 vs VAL=96.05
2026-02-06 12:29:34,121 [INFO] 🔍 Scanning for alerts on 11 symbols (5min)...
2026-02-06 12:29:34,371 [INFO]     NSE:OFSS-EQ | CVD=-51256 vs Ref=-41309 | Close=7180.50 vs VAL=7164.00
2026-02-06 12:29:34,609 [INFO]     NSE:LTIM-EQ | CVD=-14996 vs Ref=-39087 | Close=5533.00 vs VAL=5516.50
2026-02-06 12:29:34,804 [INFO]     NSE:ANGELONE-EQ | CVD=12088 vs Ref=-38939 | Close=2598.50 vs VAL=2576.40
2026-02-06 12:29:34,983 [INFO]     NSE:TECHM-EQ | CVD=-7358 vs Ref=-128591 | Close=1608.90 vs VAL=1616.75
2026-02-06 12:29:35,195 [INFO]     NSE:COFORGE-EQ | CVD=-370633 vs Ref=-459286 | Close=1545.00 vs VAL=1535.00
2026-02-06 12:29:35,392 [INFO]     NSE:LAURUSLABS-EQ | CVD=-52158 vs Ref=-150837 | Close=950.00 vs VAL=944.80
2026-02-06 12:29:35,596 [INFO]     NSE:ZYDUSLIFE-EQ | CVD=124 vs Ref=-48650 | Close=890.00 vs VAL=884.85
2026-02-06 12:29:35,798 [INFO]     NSE:CAMS-EQ | CVD=-24736 vs Ref=-75694 | Close=714.20 vs VAL=711.90
2026-02-06 12:29:36,048 [INFO]     NSE:BEL-EQ | CVD=882548 vs Ref=-426850 | Close=428.15 vs VAL=426.65
2026-02-06 12:29:36,301 [INFO]     NSE:RECLTD-EQ | CVD=-1162706 vs Ref=-973015 | Close=370.50 vs VAL=368.80
2026-02-06 12:29:36,553 [INFO]     NSE:GMRAIRPORT-EQ | CVD=-1158367 vs Ref=-935696 | Close=96.89 vs VAL=96.05
2026-02-06 12:30:36,554 [INFO] 🔍 Scanning for alerts on 11 symbols (5min)...
2026-02-06 12:30:36,760 [INFO]     NSE:OFSS-EQ | CVD=-51256 vs Ref=-41309 | Close=7180.50 vs VAL=7164.00
2026-02-06 12:30:36,969 [INFO]     NSE:LTIM-EQ | CVD=-14996 vs Ref=-39087 | Close=5533.00 vs VAL=5516.50
2026-02-06 12:30:37,211 [INFO]     NSE:ANGELONE-EQ | CVD=12088 vs Ref=-38939 | Close=2598.50 vs VAL=2576.40
2026-02-06 12:30:37,444 [INFO]     NSE:TECHM-EQ | CVD=-7358 vs Ref=-128591 | Close=1608.90 vs VAL=1616.75
2026-02-06 12:30:37,652 [INFO]     NSE:COFORGE-EQ | CVD=-370633 vs Ref=-459286 | Close=1545.00 vs VAL=1535.00
2026-02-06 12:30:37,858 [INFO]     NSE:LAURUSLABS-EQ | CVD=-52158 vs Ref=-150837 | Close=950.00 vs VAL=944.80
2026-02-06 12:30:38,049 [INFO]     NSE:ZYDUSLIFE-EQ | CVD=124 vs Ref=-48650 | Close=890.00 vs VAL=884.85
2026-02-06 12:30:38,240 [INFO]     NSE:CAMS-EQ | CVD=-24736 vs Ref=-75694 | Close=714.20 vs VAL=711.90
2026-02-06 12:30:38,439 [INFO]     NSE:BEL-EQ | CVD=882548 vs Ref=-426850 | Close=428.15 vs VAL=426.65
2026-02-06 12:30:38,645 [INFO]     NSE:RECLTD-EQ | CVD=-1162706 vs Ref=-973015 | Close=370.50 vs VAL=368.80
2026-02-06 12:30:38,863 [INFO]     NSE:GMRAIRPORT-EQ | CVD=-1158367 vs Ref=-935696 | Close=96.89 vs VAL=96.05
2026-02-06 12:31:38,864 [INFO] 🔍 Scanning for alerts on 11 symbols (5min)...
2026-02-06 12:31:39,093 [INFO] 📡 Sending order request for NSE:OFSS-EQ to http://localhost:4000/postOrder...
2026-02-06 12:31:41,197 [INFO] 📩 Server Response: 200 - {"message":"Order execution triggered","status":"success","receivedData":{"ticker":"NSE:OFSS-EQ","action":"SELL","close":7153}}
2026-02-06 12:31:41,198 [INFO]     NSE:OFSS-EQ | CVD=-58068 vs Ref=-41309 | Close=7153.00 vs VAL=7164.00
2026-02-06 12:31:41,436 [INFO]     NSE:LTIM-EQ | CVD=-16089 vs Ref=-39087 | Close=5534.50 vs VAL=5516.50
2026-02-06 12:31:41,934 [INFO]     NSE:ANGELONE-EQ | CVD=11461 vs Ref=-38939 | Close=2597.50 vs VAL=2576.40
2026-02-06 12:31:42,311 [INFO]     NSE:TECHM-EQ | CVD=-10188 vs Ref=-128591 | Close=1608.40 vs VAL=1616.75
2026-02-06 12:31:42,557 [INFO]     NSE:COFORGE-EQ | CVD=-372156 vs Ref=-459286 | Close=1545.00 vs VAL=1535.00
2026-02-06 12:31:42,825 [INFO]     NSE:LAURUSLABS-EQ | CVD=-51951 vs Ref=-150837 | Close=950.75 vs VAL=944.80
2026-02-06 12:31:43,042 [INFO]     NSE:ZYDUSLIFE-EQ | CVD=-5210 vs Ref=-48650 | Close=888.10 vs VAL=884.85
2026-02-06 12:31:43,527 [INFO]     NSE:CAMS-EQ | CVD=-16224 vs Ref=-75694 | Close=714.45 vs VAL=711.90
2026-02-06 12:31:43,803 [INFO]     NSE:BEL-EQ | CVD=827426 vs Ref=-426850 | Close=428.25 vs VAL=426.65
2026-02-06 12:31:44,049 [INFO]     NSE:RECLTD-EQ | CVD=-1187139 vs Ref=-973015 | Close=370.35 vs VAL=368.80
2026-02-06 12:31:44,350 [INFO]     NSE:GMRAIRPORT-EQ | CVD=-1183603 vs Ref=-935696 | Close=96.89 vs VAL=96.05
2026-02-06 12:32:44,351 [INFO] 🔍 Scanning for alerts on 10 symbols (5min)...
2026-02-06 12:32:44,586 [INFO]     NSE:LTIM-EQ | CVD=-16089 vs Ref=-39087 | Close=5534.50 vs VAL=5516.50
2026-02-06 12:32:44,792 [INFO]     NSE:ANGELONE-EQ | CVD=11461 vs Ref=-38939 | Close=2597.50 vs VAL=2576.40
2026-02-06 12:32:44,984 [INFO]     NSE:TECHM-EQ | CVD=-10188 vs Ref=-128591 | Close=1608.40 vs VAL=1616.75
2026-02-06 12:32:45,190 [INFO]     NSE:COFORGE-EQ | CVD=-372156 vs Ref=-459286 | Close=1545.00 vs VAL=1535.00
2026-02-06 12:32:45,423 [INFO]     NSE:LAURUSLABS-EQ | CVD=-51951 vs Ref=-150837 | Close=950.75 vs VAL=944.80
2026-02-06 12:32:45,669 [INFO]     NSE:ZYDUSLIFE-EQ | CVD=-5210 vs Ref=-48650 | Close=888.10 vs VAL=884.85
2026-02-06 12:32:45,854 [INFO]     NSE:CAMS-EQ | CVD=-16224 vs Ref=-75694 | Close=714.45 vs VAL=711.90
2026-02-06 12:32:46,069 [INFO]     NSE:BEL-EQ | CVD=827426 vs Ref=-426850 | Close=428.25 vs VAL=426.65
2026-02-06 12:32:46,286 [INFO]     NSE:RECLTD-EQ | CVD=-1187139 vs Ref=-973015 | Close=370.35 vs VAL=368.80
2026-02-06 12:32:46,506 [INFO]     NSE:GMRAIRPORT-EQ | CVD=-1183603 vs Ref=-935696 | Close=96.89 vs VAL=96.05
2026-02-06 12:33:46,508 [INFO] 🔍 Scanning for alerts on 10 symbols (5min)...
2026-02-06 12:33:46,703 [INFO]     NSE:LTIM-EQ | CVD=-16089 vs Ref=-39087 | Close=5534.50 vs VAL=5516.50
2026-02-06 12:33:46,961 [INFO]     NSE:ANGELONE-EQ | CVD=11461 vs Ref=-38939 | Close=2597.50 vs VAL=2576.40
2026-02-06 12:33:47,192 [INFO]     NSE:TECHM-EQ | CVD=-10188 vs Ref=-128591 | Close=1608.40 vs VAL=1616.75
2026-02-06 12:33:47,388 [INFO]     NSE:COFORGE-EQ | CVD=-372156 vs Ref=-459286 | Close=1545.00 vs VAL=1535.00
2026-02-06 12:33:47,602 [INFO]     NSE:LAURUSLABS-EQ | CVD=-51951 vs Ref=-150837 | Close=950.75 vs VAL=944.80
2026-02-06 12:33:47,804 [INFO]     NSE:ZYDUSLIFE-EQ | CVD=-5210 vs Ref=-48650 | Close=888.10 vs VAL=884.85
2026-02-06 12:33:47,992 [INFO]     NSE:CAMS-EQ | CVD=-16224 vs Ref=-75694 | Close=714.45 vs VAL=711.90
2026-02-06 12:33:48,215 [INFO]     NSE:BEL-EQ | CVD=827426 vs Ref=-426850 | Close=428.25 vs VAL=426.65
2026-02-06 12:33:48,421 [INFO]     NSE:RECLTD-EQ | CVD=-1187139 vs Ref=-973015 | Close=370.35 vs VAL=368.80
2026-02-06 12:33:48,598 [INFO]     NSE:GMRAIRPORT-EQ | CVD=-1183603 vs Ref=-935696 | Close=96.89 vs VAL=96.05
2026-02-06 12:34:48,599 [INFO] 🔍 Scanning for alerts on 10 symbols (5min)...
2026-02-06 12:34:48,802 [INFO]     NSE:LTIM-EQ | CVD=-16089 vs Ref=-39087 | Close=5534.50 vs VAL=5516.50
2026-02-06 12:34:49,035 [INFO]     NSE:ANGELONE-EQ | CVD=11461 vs Ref=-38939 | Close=2597.50 vs VAL=2576.40
2026-02-06 12:34:49,268 [INFO]     NSE:TECHM-EQ | CVD=-10188 vs Ref=-128591 | Close=1608.40 vs VAL=1616.75
2026-02-06 12:34:49,475 [INFO]     NSE:COFORGE-EQ | CVD=-372156 vs Ref=-459286 | Close=1545.00 vs VAL=1535.00
2026-02-06 12:34:49,704 [INFO]     NSE:LAURUSLABS-EQ | CVD=-51951 vs Ref=-150837 | Close=950.75 vs VAL=944.80
2026-02-06 12:34:49,957 [INFO]     NSE:ZYDUSLIFE-EQ | CVD=-5210 vs Ref=-48650 | Close=888.10 vs VAL=884.85
2026-02-06 12:34:50,206 [INFO]     NSE:CAMS-EQ | CVD=-16224 vs Ref=-75694 | Close=714.45 vs VAL=711.90
2026-02-06 12:34:50,428 [INFO]     NSE:BEL-EQ | CVD=827426 vs Ref=-426850 | Close=428.25 vs VAL=426.65
2026-02-06 12:34:50,640 [INFO]     NSE:RECLTD-EQ | CVD=-1187139 vs Ref=-973015 | Close=370.35 vs VAL=368.80
2026-02-06 12:34:50,878 [INFO]     NSE:GMRAIRPORT-EQ | CVD=-1183603 vs Ref=-935696 | Close=96.89 vs VAL=96.05
2026-02-06 12:35:50,879 [INFO] 🔍 Scanning for alerts on 10 symbols (5min)...
2026-02-06 12:35:51,146 [INFO]     NSE:LTIM-EQ | CVD=-16089 vs Ref=-39087 | Close=5534.50 vs VAL=5516.50
2026-02-06 12:35:51,366 [INFO]     NSE:ANGELONE-EQ | CVD=11461 vs Ref=-38939 | Close=2597.50 vs VAL=2576.40
2026-02-06 12:35:51,545 [INFO]     NSE:TECHM-EQ | CVD=-10188 vs Ref=-128591 | Close=1608.40 vs VAL=1616.75
2026-02-06 12:35:53,109 [INFO]     NSE:COFORGE-EQ | CVD=-372156 vs Ref=-459286 | Close=1545.00 vs VAL=1535.00
2026-02-06 12:35:53,364 [INFO]     NSE:LAURUSLABS-EQ | CVD=-51951 vs Ref=-150837 | Close=950.75 vs VAL=944.80
2026-02-06 12:35:53,597 [INFO]     NSE:ZYDUSLIFE-EQ | CVD=-5210 vs Ref=-48650 | Close=888.10 vs VAL=884.85
2026-02-06 12:35:53,821 [INFO]     NSE:CAMS-EQ | CVD=-16224 vs Ref=-75694 | Close=714.45 vs VAL=711.90
2026-02-06 12:35:54,005 [INFO]     NSE:BEL-EQ | CVD=827426 vs Ref=-426850 | Close=428.25 vs VAL=426.65
2026-02-06 12:35:54,204 [INFO]     NSE:RECLTD-EQ | CVD=-1187139 vs Ref=-973015 | Close=370.35 vs VAL=368.80
2026-02-06 12:35:54,443 [INFO]     NSE:GMRAIRPORT-EQ | CVD=-1183603 vs Ref=-935696 | Close=96.89 vs VAL=96.05
2026-02-06 12:36:54,444 [INFO] 🔍 Scanning for alerts on 10 symbols (5min)...
2026-02-06 12:36:54,637 [INFO]     NSE:LTIM-EQ | CVD=-17814 vs Ref=-39087 | Close=5529.50 vs VAL=5516.50
2026-02-06 12:36:54,845 [INFO]     NSE:ANGELONE-EQ | CVD=10905 vs Ref=-38939 | Close=2591.90 vs VAL=2576.40
2026-02-06 12:36:55,050 [INFO]     NSE:TECHM-EQ | CVD=-15092 vs Ref=-128591 | Close=1606.80 vs VAL=1616.75
2026-02-06 12:36:55,251 [INFO]     NSE:COFORGE-EQ | CVD=-381410 vs Ref=-459286 | Close=1543.60 vs VAL=1535.00
2026-02-06 12:36:55,481 [INFO]     NSE:LAURUSLABS-EQ | CVD=-88491 vs Ref=-150837 | Close=946.05 vs VAL=944.80
2026-02-06 12:36:55,666 [INFO]     NSE:ZYDUSLIFE-EQ | CVD=-4963 vs Ref=-48650 | Close=888.00 vs VAL=884.85
2026-02-06 12:36:57,680 [INFO]     NSE:CAMS-EQ | CVD=-15874 vs Ref=-75694 | Close=714.80 vs VAL=711.90
2026-02-06 12:36:57,868 [INFO]     NSE:BEL-EQ | CVD=799251 vs Ref=-426850 | Close=427.90 vs VAL=426.65
2026-02-06 12:36:58,070 [INFO]     NSE:RECLTD-EQ | CVD=-1220685 vs Ref=-973015 | Close=370.20 vs VAL=368.80
2026-02-06 12:36:58,339 [INFO]     NSE:GMRAIRPORT-EQ | CVD=-1239177 vs Ref=-935696 | Close=96.75 vs VAL=96.05
2026-02-06 12:37:58,341 [INFO] 🔍 Scanning for alerts on 10 symbols (5min)...
2026-02-06 12:37:58,595 [INFO]     NSE:LTIM-EQ | CVD=-17814 vs Ref=-39087 | Close=5529.50 vs VAL=5516.50
2026-02-06 12:37:58,850 [INFO]     NSE:ANGELONE-EQ | CVD=10905 vs Ref=-38939 | Close=2591.90 vs VAL=2576.40
2026-02-06 12:38:00,859 [INFO]     NSE:TECHM-EQ | CVD=-15092 vs Ref=-128591 | Close=1606.80 vs VAL=1616.75
2026-02-06 12:38:01,142 [INFO]     NSE:COFORGE-EQ | CVD=-381410 vs Ref=-459286 | Close=1543.60 vs VAL=1535.00
2026-02-06 12:38:01,395 [INFO]     NSE:LAURUSLABS-EQ | CVD=-88491 vs Ref=-150837 | Close=946.05 vs VAL=944.80
2026-02-06 12:38:01,624 [INFO]     NSE:ZYDUSLIFE-EQ | CVD=-4963 vs Ref=-48650 | Close=888.00 vs VAL=884.85
2026-02-06 12:38:01,882 [INFO]     NSE:CAMS-EQ | CVD=-15874 vs Ref=-75694 | Close=714.80 vs VAL=711.90
2026-02-06 12:38:02,172 [INFO]     NSE:BEL-EQ | CVD=799251 vs Ref=-426850 | Close=427.90 vs VAL=426.65
2026-02-06 12:38:02,413 [INFO]     NSE:RECLTD-EQ | CVD=-1220685 vs Ref=-973015 | Close=370.20 vs VAL=368.80
2026-02-06 12:38:02,680 [INFO]     NSE:GMRAIRPORT-EQ | CVD=-1239177 vs Ref=-935696 | Close=96.75 vs VAL=96.05
2026-02-06 12:39:02,682 [INFO] 🔍 Scanning for alerts on 10 symbols (5min)...
2026-02-06 12:39:03,016 [INFO]     NSE:LTIM-EQ | CVD=-17814 vs Ref=-39087 | Close=5529.50 vs VAL=5516.50
2026-02-06 12:39:03,275 [INFO]     NSE:ANGELONE-EQ | CVD=10905 vs Ref=-38939 | Close=2591.90 vs VAL=2576.40
2026-02-06 12:39:03,505 [INFO]     NSE:TECHM-EQ | CVD=-15092 vs Ref=-128591 | Close=1606.80 vs VAL=1616.75
2026-02-06 12:39:03,742 [INFO]     NSE:COFORGE-EQ | CVD=-381410 vs Ref=-459286 | Close=1543.60 vs VAL=1535.00
2026-02-06 12:39:03,961 [INFO]     NSE:LAURUSLABS-EQ | CVD=-88491 vs Ref=-150837 | Close=946.05 vs VAL=944.80
2026-02-06 12:39:04,272 [INFO]     NSE:ZYDUSLIFE-EQ | CVD=-4963 vs Ref=-48650 | Close=888.00 vs VAL=884.85
2026-02-06 12:39:04,563 [INFO]     NSE:CAMS-EQ | CVD=-15874 vs Ref=-75694 | Close=714.80 vs VAL=711.90
2026-02-06 12:39:04,818 [INFO]     NSE:BEL-EQ | CVD=799251 vs Ref=-426850 | Close=427.90 vs VAL=426.65
2026-02-06 12:39:05,066 [INFO]     NSE:RECLTD-EQ | CVD=-1220685 vs Ref=-973015 | Close=370.20 vs VAL=368.80
2026-02-06 12:39:05,259 [INFO]     NSE:GMRAIRPORT-EQ | CVD=-1239177 vs Ref=-935696 | Close=96.75 vs VAL=96.05
2026-02-06 12:40:05,260 [INFO] 🔍 Scanning for alerts on 10 symbols (5min)...
2026-02-06 12:40:05,514 [INFO]     NSE:LTIM-EQ | CVD=-17814 vs Ref=-39087 | Close=5529.50 vs VAL=5516.50
2026-02-06 12:40:05,737 [INFO]     NSE:ANGELONE-EQ | CVD=10905 vs Ref=-38939 | Close=2591.90 vs VAL=2576.40
2026-02-06 12:40:05,918 [INFO]     NSE:TECHM-EQ | CVD=-15092 vs Ref=-128591 | Close=1606.80 vs VAL=1616.75
2026-02-06 12:40:06,126 [INFO]     NSE:COFORGE-EQ | CVD=-381410 vs Ref=-459286 | Close=1543.60 vs VAL=1535.00
2026-02-06 12:40:06,372 [INFO]     NSE:LAURUSLABS-EQ | CVD=-88491 vs Ref=-150837 | Close=946.05 vs VAL=944.80
2026-02-06 12:40:06,687 [INFO]     NSE:ZYDUSLIFE-EQ | CVD=-4963 vs Ref=-48650 | Close=888.00 vs VAL=884.85
2026-02-06 12:40:07,076 [INFO]     NSE:CAMS-EQ | CVD=-15874 vs Ref=-75694 | Close=714.80 vs VAL=711.90
2026-02-06 12:40:07,292 [INFO]     NSE:BEL-EQ | CVD=799251 vs Ref=-426850 | Close=427.90 vs VAL=426.65
2026-02-06 12:40:07,515 [INFO]     NSE:RECLTD-EQ | CVD=-1220685 vs Ref=-973015 | Close=370.20 vs VAL=368.80
2026-02-06 12:40:07,711 [INFO]     NSE:GMRAIRPORT-EQ | CVD=-1239177 vs Ref=-935696 | Close=96.75 vs VAL=96.05
2026-02-06 12:41:07,713 [INFO] 🔍 Scanning for alerts on 10 symbols (5min)...
2026-02-06 12:41:07,945 [INFO]     NSE:LTIM-EQ | CVD=-16691 vs Ref=-39087 | Close=5532.00 vs VAL=5516.50
2026-02-06 12:41:08,168 [INFO]     NSE:ANGELONE-EQ | CVD=9297 vs Ref=-38939 | Close=2595.30 vs VAL=2576.40
2026-02-06 12:41:08,412 [INFO]     NSE:TECHM-EQ | CVD=-21392 vs Ref=-128591 | Close=1606.00 vs VAL=1616.75
2026-02-06 12:41:08,636 [INFO]     NSE:COFORGE-EQ | CVD=-380608 vs Ref=-459286 | Close=1543.90 vs VAL=1535.00
2026-02-06 12:41:08,843 [INFO]     NSE:LAURUSLABS-EQ | CVD=-84355 vs Ref=-150837 | Close=949.15 vs VAL=944.80
2026-02-06 12:41:09,054 [INFO]     NSE:ZYDUSLIFE-EQ | CVD=-5035 vs Ref=-48650 | Close=888.60 vs VAL=884.85
2026-02-06 12:41:09,283 [INFO]     NSE:CAMS-EQ | CVD=-10887 vs Ref=-75694 | Close=715.25 vs VAL=711.90
2026-02-06 12:41:09,493 [INFO]     NSE:BEL-EQ | CVD=811827 vs Ref=-426850 | Close=428.00 vs VAL=426.65
2026-02-06 12:41:09,745 [INFO]     NSE:RECLTD-EQ | CVD=-1162118 vs Ref=-973015 | Close=370.85 vs VAL=368.80
2026-02-06 12:41:09,954 [INFO]     NSE:GMRAIRPORT-EQ | CVD=-1198521 vs Ref=-935696 | Close=96.88 vs VAL=96.05
2026-02-06 12:42:09,955 [INFO] 🔍 Scanning for alerts on 10 symbols (5min)...
2026-02-06 12:42:10,176 [INFO]     NSE:LTIM-EQ | CVD=-16691 vs Ref=-39087 | Close=5532.00 vs VAL=5516.50
2026-02-06 12:42:10,354 [INFO]     NSE:ANGELONE-EQ | CVD=9297 vs Ref=-38939 | Close=2595.30 vs VAL=2576.40
2026-02-06 12:42:10,589 [INFO]     NSE:TECHM-EQ | CVD=-21392 vs Ref=-128591 | Close=1606.00 vs VAL=1616.75
2026-02-06 12:42:10,765 [INFO]     NSE:COFORGE-EQ | CVD=-380608 vs Ref=-459286 | Close=1543.90 vs VAL=1535.00
2026-02-06 12:42:10,979 [INFO]     NSE:LAURUSLABS-EQ | CVD=-84355 vs Ref=-150837 | Close=949.15 vs VAL=944.80
2026-02-06 12:42:11,192 [INFO]     NSE:ZYDUSLIFE-EQ | CVD=-5035 vs Ref=-48650 | Close=888.60 vs VAL=884.85
2026-02-06 12:42:11,412 [INFO]     NSE:CAMS-EQ | CVD=-10887 vs Ref=-75694 | Close=715.25 vs VAL=711.90
2026-02-06 12:42:11,662 [INFO]     NSE:BEL-EQ | CVD=811827 vs Ref=-426850 | Close=428.00 vs VAL=426.65
2026-02-06 12:42:11,950 [INFO]     NSE:RECLTD-EQ | CVD=-1162118 vs Ref=-973015 | Close=370.85 vs VAL=368.80
2026-02-06 12:42:12,213 [INFO]     NSE:GMRAIRPORT-EQ | CVD=-1198521 vs Ref=-935696 | Close=96.88 vs VAL=96.05
2026-02-06 12:43:12,215 [INFO] 🔍 Scanning for alerts on 10 symbols (5min)...
2026-02-06 12:43:12,405 [INFO]     NSE:LTIM-EQ | CVD=-16691 vs Ref=-39087 | Close=5532.00 vs VAL=5516.50
2026-02-06 12:43:12,623 [INFO]     NSE:ANGELONE-EQ | CVD=9297 vs Ref=-38939 | Close=2595.30 vs VAL=2576.40
2026-02-06 12:43:12,830 [INFO]     NSE:TECHM-EQ | CVD=-21392 vs Ref=-128591 | Close=1606.00 vs VAL=1616.75
2026-02-06 12:43:13,058 [INFO]     NSE:COFORGE-EQ | CVD=-380608 vs Ref=-459286 | Close=1543.90 vs VAL=1535.00
2026-02-06 12:43:13,252 [INFO]     NSE:LAURUSLABS-EQ | CVD=-84355 vs Ref=-150837 | Close=949.15 vs VAL=944.80
2026-02-06 12:43:13,438 [INFO]     NSE:ZYDUSLIFE-EQ | CVD=-5035 vs Ref=-48650 | Close=888.60 vs VAL=884.85
2026-02-06 12:43:13,661 [INFO]     NSE:CAMS-EQ | CVD=-10887 vs Ref=-75694 | Close=715.25 vs VAL=711.90
2026-02-06 12:43:13,836 [INFO]     NSE:BEL-EQ | CVD=811827 vs Ref=-426850 | Close=428.00 vs VAL=426.65
2026-02-06 12:43:14,072 [INFO]     NSE:RECLTD-EQ | CVD=-1162118 vs Ref=-973015 | Close=370.85 vs VAL=368.80
2026-02-06 12:43:14,258 [INFO]     NSE:GMRAIRPORT-EQ | CVD=-1198521 vs Ref=-935696 | Close=96.88 vs VAL=96.05
2026-02-06 12:44:14,259 [INFO] 🔍 Scanning for alerts on 10 symbols (5min)...
2026-02-06 12:44:14,510 [INFO]     NSE:LTIM-EQ | CVD=-16691 vs Ref=-39087 | Close=5532.00 vs VAL=5516.50
2026-02-06 12:44:14,741 [INFO]     NSE:ANGELONE-EQ | CVD=9297 vs Ref=-38939 | Close=2595.30 vs VAL=2576.40
2026-02-06 12:44:14,924 [INFO]     NSE:TECHM-EQ | CVD=-21392 vs Ref=-128591 | Close=1606.00 vs VAL=1616.75
2026-02-06 12:44:15,148 [INFO]     NSE:COFORGE-EQ | CVD=-380608 vs Ref=-459286 | Close=1543.90 vs VAL=1535.00
2026-02-06 12:44:15,337 [INFO]     NSE:LAURUSLABS-EQ | CVD=-84355 vs Ref=-150837 | Close=949.15 vs VAL=944.80
2026-02-06 12:44:15,533 [INFO]     NSE:ZYDUSLIFE-EQ | CVD=-5035 vs Ref=-48650 | Close=888.60 vs VAL=884.85
2026-02-06 12:44:15,763 [INFO]     NSE:CAMS-EQ | CVD=-10887 vs Ref=-75694 | Close=715.25 vs VAL=711.90
2026-02-06 12:44:15,982 [INFO]     NSE:BEL-EQ | CVD=811827 vs Ref=-426850 | Close=428.00 vs VAL=426.65
2026-02-06 12:44:16,192 [INFO]     NSE:RECLTD-EQ | CVD=-1162118 vs Ref=-973015 | Close=370.85 vs VAL=368.80
2026-02-06 12:44:16,451 [INFO]     NSE:GMRAIRPORT-EQ | CVD=-1198521 vs Ref=-935696 | Close=96.88 vs VAL=96.05
2026-02-06 12:45:16,453 [INFO] 🔍 Scanning for alerts on 10 symbols (5min)...
2026-02-06 12:45:16,677 [INFO]     NSE:LTIM-EQ | CVD=-16691 vs Ref=-39087 | Close=5532.00 vs VAL=5516.50
2026-02-06 12:45:16,894 [INFO]     NSE:ANGELONE-EQ | CVD=9297 vs Ref=-38939 | Close=2595.30 vs VAL=2576.40
2026-02-06 12:45:17,143 [INFO]     NSE:TECHM-EQ | CVD=-21392 vs Ref=-128591 | Close=1606.00 vs VAL=1616.75
2026-02-06 12:45:17,370 [INFO]     NSE:COFORGE-EQ | CVD=-380608 vs Ref=-459286 | Close=1543.90 vs VAL=1535.00
2026-02-06 12:45:17,584 [INFO]     NSE:LAURUSLABS-EQ | CVD=-84355 vs Ref=-150837 | Close=949.15 vs VAL=944.80
2026-02-06 12:45:17,797 [INFO]     NSE:ZYDUSLIFE-EQ | CVD=-5035 vs Ref=-48650 | Close=888.60 vs VAL=884.85
2026-02-06 12:45:18,047 [INFO]     NSE:CAMS-EQ | CVD=-10887 vs Ref=-75694 | Close=715.25 vs VAL=711.90
2026-02-06 12:45:18,244 [INFO]     NSE:BEL-EQ | CVD=811827 vs Ref=-426850 | Close=428.00 vs VAL=426.65
2026-02-06 12:45:18,471 [INFO]     NSE:RECLTD-EQ | CVD=-1162118 vs Ref=-973015 | Close=370.85 vs VAL=368.80
2026-02-06 12:45:18,748 [INFO]     NSE:GMRAIRPORT-EQ | CVD=-1198521 vs Ref=-935696 | Close=96.88 vs VAL=96.05
2026-02-06 12:46:18,750 [INFO] 🔍 Scanning for alerts on 10 symbols (5min)...
2026-02-06 12:46:18,937 [INFO]     NSE:LTIM-EQ | CVD=-26272 vs Ref=-39087 | Close=5525.50 vs VAL=5516.50
2026-02-06 12:46:19,177 [INFO]     NSE:ANGELONE-EQ | CVD=8260 vs Ref=-38939 | Close=2593.90 vs VAL=2576.40
2026-02-06 12:46:19,409 [INFO]     NSE:TECHM-EQ | CVD=-20994 vs Ref=-128591 | Close=1604.30 vs VAL=1616.75
2026-02-06 12:46:19,680 [INFO]     NSE:COFORGE-EQ | CVD=-382608 vs Ref=-459286 | Close=1542.00 vs VAL=1535.00
2026-02-06 12:46:19,928 [INFO]     NSE:LAURUSLABS-EQ | CVD=-84575 vs Ref=-150837 | Close=947.90 vs VAL=944.80
2026-02-06 12:46:20,168 [INFO]     NSE:ZYDUSLIFE-EQ | CVD=-5390 vs Ref=-48650 | Close=888.15 vs VAL=884.85
2026-02-06 12:46:20,412 [INFO]     NSE:CAMS-EQ | CVD=-7133 vs Ref=-75694 | Close=714.70 vs VAL=711.90
2026-02-06 12:46:20,632 [INFO]     NSE:BEL-EQ | CVD=825209 vs Ref=-426850 | Close=427.85 vs VAL=426.65
2026-02-06 12:46:20,849 [INFO]     NSE:RECLTD-EQ | CVD=-1172305 vs Ref=-973015 | Close=370.70 vs VAL=368.80
2026-02-06 12:46:21,036 [INFO]     NSE:GMRAIRPORT-EQ | CVD=-1219098 vs Ref=-935696 | Close=96.83 vs VAL=96.05
2026-02-06 12:47:21,037 [INFO] 🔍 Scanning for alerts on 10 symbols (5min)...
2026-02-06 12:47:21,230 [INFO]     NSE:LTIM-EQ | CVD=-26272 vs Ref=-39087 | Close=5525.50 vs VAL=5516.50
2026-02-06 12:47:21,420 [INFO]     NSE:ANGELONE-EQ | CVD=8260 vs Ref=-38939 | Close=2593.90 vs VAL=2576.40
2026-02-06 12:47:21,657 [INFO]     NSE:TECHM-EQ | CVD=-20994 vs Ref=-128591 | Close=1604.30 vs VAL=1616.75
2026-02-06 12:47:21,925 [INFO]     NSE:COFORGE-EQ | CVD=-382608 vs Ref=-459286 | Close=1542.00 vs VAL=1535.00
2026-02-06 12:47:22,173 [INFO]     NSE:LAURUSLABS-EQ | CVD=-84575 vs Ref=-150837 | Close=947.90 vs VAL=944.80
2026-02-06 12:47:22,390 [INFO]     NSE:ZYDUSLIFE-EQ | CVD=-5390 vs Ref=-48650 | Close=888.15 vs VAL=884.85
2026-02-06 12:47:22,632 [INFO]     NSE:CAMS-EQ | CVD=-7133 vs Ref=-75694 | Close=714.70 vs VAL=711.90
2026-02-06 12:47:22,856 [INFO]     NSE:BEL-EQ | CVD=825209 vs Ref=-426850 | Close=427.85 vs VAL=426.65
2026-02-06 12:47:23,031 [INFO]     NSE:RECLTD-EQ | CVD=-1172305 vs Ref=-973015 | Close=370.70 vs VAL=368.80
2026-02-06 12:47:23,271 [INFO]     NSE:GMRAIRPORT-EQ | CVD=-1219098 vs Ref=-935696 | Close=96.83 vs VAL=96.05
2026-02-06 12:48:23,273 [INFO] 🔍 Scanning for alerts on 10 symbols (5min)...
2026-02-06 12:48:23,529 [INFO]     NSE:LTIM-EQ | CVD=-26272 vs Ref=-39087 | Close=5525.50 vs VAL=5516.50
2026-02-06 12:48:23,719 [INFO]     NSE:ANGELONE-EQ | CVD=8260 vs Ref=-38939 | Close=2593.90 vs VAL=2576.40
2026-02-06 12:48:23,918 [INFO]     NSE:TECHM-EQ | CVD=-20994 vs Ref=-128591 | Close=1604.30 vs VAL=1616.75
2026-02-06 12:48:24,128 [INFO]     NSE:COFORGE-EQ | CVD=-382608 vs Ref=-459286 | Close=1542.00 vs VAL=1535.00
2026-02-06 12:48:24,333 [INFO]     NSE:LAURUSLABS-EQ | CVD=-84575 vs Ref=-150837 | Close=947.90 vs VAL=944.80
2026-02-06 12:48:24,552 [INFO]     NSE:ZYDUSLIFE-EQ | CVD=-5390 vs Ref=-48650 | Close=888.15 vs VAL=884.85
2026-02-06 12:48:24,752 [INFO]     NSE:CAMS-EQ | CVD=-7133 vs Ref=-75694 | Close=714.70 vs VAL=711.90
2026-02-06 12:48:24,996 [INFO]     NSE:BEL-EQ | CVD=825209 vs Ref=-426850 | Close=427.85 vs VAL=426.65
2026-02-06 12:48:25,222 [INFO]     NSE:RECLTD-EQ | CVD=-1172305 vs Ref=-973015 | Close=370.70 vs VAL=368.80
2026-02-06 12:48:25,422 [INFO]     NSE:GMRAIRPORT-EQ | CVD=-1219098 vs Ref=-935696 | Close=96.83 vs VAL=96.05
2026-02-06 12:49:25,423 [INFO] 🔍 Scanning for alerts on 10 symbols (5min)...
2026-02-06 12:49:25,616 [INFO]     NSE:LTIM-EQ | CVD=-26272 vs Ref=-39087 | Close=5525.50 vs VAL=5516.50
2026-02-06 12:49:25,843 [INFO]     NSE:ANGELONE-EQ | CVD=8260 vs Ref=-38939 | Close=2593.90 vs VAL=2576.40
2026-02-06 12:49:26,093 [INFO]     NSE:TECHM-EQ | CVD=-20994 vs Ref=-128591 | Close=1604.30 vs VAL=1616.75
2026-02-06 12:49:26,341 [INFO]     NSE:COFORGE-EQ | CVD=-382608 vs Ref=-459286 | Close=1542.00 vs VAL=1535.00
2026-02-06 12:49:26,582 [INFO]     NSE:LAURUSLABS-EQ | CVD=-84575 vs Ref=-150837 | Close=947.90 vs VAL=944.80
2026-02-06 12:49:26,811 [INFO]     NSE:ZYDUSLIFE-EQ | CVD=-5390 vs Ref=-48650 | Close=888.15 vs VAL=884.85
2026-02-06 12:49:27,010 [INFO]     NSE:CAMS-EQ | CVD=-7133 vs Ref=-75694 | Close=714.70 vs VAL=711.90
2026-02-06 12:49:27,244 [INFO]     NSE:BEL-EQ | CVD=825209 vs Ref=-426850 | Close=427.85 vs VAL=426.65
2026-02-06 12:49:27,450 [INFO]     NSE:RECLTD-EQ | CVD=-1172305 vs Ref=-973015 | Close=370.70 vs VAL=368.80
2026-02-06 12:49:27,657 [INFO]     NSE:GMRAIRPORT-EQ | CVD=-1219098 vs Ref=-935696 | Close=96.83 vs VAL=96.05
2026-02-06 12:50:27,658 [INFO] 🔍 Scanning for alerts on 10 symbols (5min)...
2026-02-06 12:50:27,902 [INFO]     NSE:LTIM-EQ | CVD=-26272 vs Ref=-39087 | Close=5525.50 vs VAL=5516.50
2026-02-06 12:50:28,108 [INFO]     NSE:ANGELONE-EQ | CVD=8260 vs Ref=-38939 | Close=2593.90 vs VAL=2576.40
2026-02-06 12:50:28,289 [INFO]     NSE:TECHM-EQ | CVD=-20994 vs Ref=-128591 | Close=1604.30 vs VAL=1616.75
2026-02-06 12:50:28,507 [INFO]     NSE:COFORGE-EQ | CVD=-382608 vs Ref=-459286 | Close=1542.00 vs VAL=1535.00
2026-02-06 12:50:28,717 [INFO]     NSE:LAURUSLABS-EQ | CVD=-84575 vs Ref=-150837 | Close=947.90 vs VAL=944.80
2026-02-06 12:50:28,901 [INFO]     NSE:ZYDUSLIFE-EQ | CVD=-5390 vs Ref=-48650 | Close=888.15 vs VAL=884.85
2026-02-06 12:50:29,117 [INFO]     NSE:CAMS-EQ | CVD=-7133 vs Ref=-75694 | Close=714.70 vs VAL=711.90
2026-02-06 12:50:29,339 [INFO]     NSE:BEL-EQ | CVD=825209 vs Ref=-426850 | Close=427.85 vs VAL=426.65
2026-02-06 12:50:29,531 [INFO]     NSE:RECLTD-EQ | CVD=-1172305 vs Ref=-973015 | Close=370.70 vs VAL=368.80
2026-02-06 12:50:29,740 [INFO]     NSE:GMRAIRPORT-EQ | CVD=-1219098 vs Ref=-935696 | Close=96.83 vs VAL=96.05
2026-02-06 12:51:29,742 [INFO] 🔍 Scanning for alerts on 10 symbols (5min)...
2026-02-06 12:51:29,991 [INFO]     NSE:LTIM-EQ | CVD=-22567 vs Ref=-39087 | Close=5530.00 vs VAL=5516.50
2026-02-06 12:51:30,262 [INFO]     NSE:ANGELONE-EQ | CVD=9145 vs Ref=-38939 | Close=2592.50 vs VAL=2576.40
2026-02-06 12:51:30,504 [INFO]     NSE:TECHM-EQ | CVD=-22852 vs Ref=-128591 | Close=1602.60 vs VAL=1616.75
2026-02-06 12:51:30,734 [INFO]     NSE:COFORGE-EQ | CVD=-387158 vs Ref=-459286 | Close=1540.50 vs VAL=1535.00
2026-02-06 12:51:30,965 [INFO]     NSE:LAURUSLABS-EQ | CVD=-81204 vs Ref=-150837 | Close=948.60 vs VAL=944.80
2026-02-06 12:51:31,183 [INFO]     NSE:ZYDUSLIFE-EQ | CVD=-7037 vs Ref=-48650 | Close=887.25 vs VAL=884.85
2026-02-06 12:51:31,393 [INFO]     NSE:CAMS-EQ | CVD=-4652 vs Ref=-75694 | Close=715.05 vs VAL=711.90
2026-02-06 12:51:31,597 [INFO]     NSE:BEL-EQ | CVD=793944 vs Ref=-426850 | Close=427.40 vs VAL=426.65
2026-02-06 12:51:31,802 [INFO]     NSE:RECLTD-EQ | CVD=-1171631 vs Ref=-973015 | Close=370.35 vs VAL=368.80
2026-02-06 12:51:32,084 [INFO]     NSE:GMRAIRPORT-EQ | CVD=-1234822 vs Ref=-935696 | Close=96.83 vs VAL=96.05
2026-02-06 12:52:32,086 [INFO] 🔍 Scanning for alerts on 10 symbols (5min)...
2026-02-06 12:52:32,285 [INFO]     NSE:LTIM-EQ | CVD=-22567 vs Ref=-39087 | Close=5530.00 vs VAL=5516.50
2026-02-06 12:52:32,515 [INFO]     NSE:ANGELONE-EQ | CVD=9145 vs Ref=-38939 | Close=2592.50 vs VAL=2576.40
2026-02-06 12:52:32,703 [INFO]     NSE:TECHM-EQ | CVD=-22852 vs Ref=-128591 | Close=1602.60 vs VAL=1616.75
2026-02-06 12:52:32,926 [INFO]     NSE:COFORGE-EQ | CVD=-387158 vs Ref=-459286 | Close=1540.50 vs VAL=1535.00
2026-02-06 12:52:33,154 [INFO]     NSE:LAURUSLABS-EQ | CVD=-81204 vs Ref=-150837 | Close=948.60 vs VAL=944.80
2026-02-06 12:52:33,353 [INFO]     NSE:ZYDUSLIFE-EQ | CVD=-7037 vs Ref=-48650 | Close=887.25 vs VAL=884.85
2026-02-06 12:52:33,556 [INFO]     NSE:CAMS-EQ | CVD=-4652 vs Ref=-75694 | Close=715.05 vs VAL=711.90
2026-02-06 12:52:33,773 [INFO]     NSE:BEL-EQ | CVD=793944 vs Ref=-426850 | Close=427.40 vs VAL=426.65
2026-02-06 12:52:33,976 [INFO]     NSE:RECLTD-EQ | CVD=-1171631 vs Ref=-973015 | Close=370.35 vs VAL=368.80
2026-02-06 12:52:34,195 [INFO]     NSE:GMRAIRPORT-EQ | CVD=-1234822 vs Ref=-935696 | Close=96.83 vs VAL=96.05
2026-02-06 12:53:34,197 [INFO] 🔍 Scanning for alerts on 10 symbols (5min)...
2026-02-06 12:53:34,419 [INFO]     NSE:LTIM-EQ | CVD=-22567 vs Ref=-39087 | Close=5530.00 vs VAL=5516.50
2026-02-06 12:53:34,626 [INFO]     NSE:ANGELONE-EQ | CVD=9145 vs Ref=-38939 | Close=2592.50 vs VAL=2576.40
2026-02-06 12:53:34,845 [INFO]     NSE:TECHM-EQ | CVD=-22852 vs Ref=-128591 | Close=1602.60 vs VAL=1616.75
2026-02-06 12:53:35,372 [INFO]     NSE:COFORGE-EQ | CVD=-387158 vs Ref=-459286 | Close=1540.50 vs VAL=1535.00
2026-02-06 12:53:35,562 [INFO]     NSE:LAURUSLABS-EQ | CVD=-81204 vs Ref=-150837 | Close=948.60 vs VAL=944.80
2026-02-06 12:53:35,779 [INFO]     NSE:ZYDUSLIFE-EQ | CVD=-7037 vs Ref=-48650 | Close=887.25 vs VAL=884.85
2026-02-06 12:53:36,029 [INFO]     NSE:CAMS-EQ | CVD=-4652 vs Ref=-75694 | Close=715.05 vs VAL=711.90
2026-02-06 12:53:36,260 [INFO]     NSE:BEL-EQ | CVD=793944 vs Ref=-426850 | Close=427.40 vs VAL=426.65
2026-02-06 12:53:36,475 [INFO]     NSE:RECLTD-EQ | CVD=-1171631 vs Ref=-973015 | Close=370.35 vs VAL=368.80
2026-02-06 12:53:36,679 [INFO]     NSE:GMRAIRPORT-EQ | CVD=-1234822 vs Ref=-935696 | Close=96.83 vs VAL=96.05
2026-02-06 12:54:36,680 [INFO] 🔍 Scanning for alerts on 10 symbols (5min)...
2026-02-06 12:54:36,917 [INFO]     NSE:LTIM-EQ | CVD=-22567 vs Ref=-39087 | Close=5530.00 vs VAL=5516.50
2026-02-06 12:54:37,149 [INFO]     NSE:ANGELONE-EQ | CVD=9145 vs Ref=-38939 | Close=2592.50 vs VAL=2576.40
2026-02-06 12:54:37,335 [INFO]     NSE:TECHM-EQ | CVD=-22852 vs Ref=-128591 | Close=1602.60 vs VAL=1616.75
2026-02-06 12:54:37,558 [INFO]     NSE:COFORGE-EQ | CVD=-387158 vs Ref=-459286 | Close=1540.50 vs VAL=1535.00
2026-02-06 12:54:37,779 [INFO]     NSE:LAURUSLABS-EQ | CVD=-81204 vs Ref=-150837 | Close=948.60 vs VAL=944.80
2026-02-06 12:54:37,968 [INFO]     NSE:ZYDUSLIFE-EQ | CVD=-7037 vs Ref=-48650 | Close=887.25 vs VAL=884.85
2026-02-06 12:54:38,170 [INFO]     NSE:CAMS-EQ | CVD=-4652 vs Ref=-75694 | Close=715.05 vs VAL=711.90
2026-02-06 12:54:38,392 [INFO]     NSE:BEL-EQ | CVD=793944 vs Ref=-426850 | Close=427.40 vs VAL=426.65
2026-02-06 12:54:38,581 [INFO]     NSE:RECLTD-EQ | CVD=-1171631 vs Ref=-973015 | Close=370.35 vs VAL=368.80
2026-02-06 12:54:38,794 [INFO]     NSE:GMRAIRPORT-EQ | CVD=-1234822 vs Ref=-935696 | Close=96.83 vs VAL=96.05
2026-02-06 12:55:38,795 [INFO] 🔍 Scanning for alerts on 10 symbols (5min)...
2026-02-06 12:55:38,987 [INFO]     NSE:LTIM-EQ | CVD=-22567 vs Ref=-39087 | Close=5530.00 vs VAL=5516.50
2026-02-06 12:55:39,213 [INFO]     NSE:ANGELONE-EQ | CVD=9145 vs Ref=-38939 | Close=2592.50 vs VAL=2576.40
2026-02-06 12:55:39,431 [INFO]     NSE:TECHM-EQ | CVD=-22852 vs Ref=-128591 | Close=1602.60 vs VAL=1616.75
2026-02-06 12:55:39,653 [INFO]     NSE:COFORGE-EQ | CVD=-387158 vs Ref=-459286 | Close=1540.50 vs VAL=1535.00
2026-02-06 12:55:39,835 [INFO]     NSE:LAURUSLABS-EQ | CVD=-81204 vs Ref=-150837 | Close=948.60 vs VAL=944.80
2026-02-06 12:55:40,073 [INFO]     NSE:ZYDUSLIFE-EQ | CVD=-7037 vs Ref=-48650 | Close=887.25 vs VAL=884.85
2026-02-06 12:55:40,340 [INFO]     NSE:CAMS-EQ | CVD=-4652 vs Ref=-75694 | Close=715.05 vs VAL=711.90
2026-02-06 12:55:40,556 [INFO]     NSE:BEL-EQ | CVD=793944 vs Ref=-426850 | Close=427.40 vs VAL=426.65
2026-02-06 12:55:40,757 [INFO]     NSE:RECLTD-EQ | CVD=-1171631 vs Ref=-973015 | Close=370.35 vs VAL=368.80
2026-02-06 12:55:40,969 [INFO]     NSE:GMRAIRPORT-EQ | CVD=-1234822 vs Ref=-935696 | Close=96.83 vs VAL=96.05
2026-02-06 12:56:40,971 [INFO] 🔍 Scanning for alerts on 10 symbols (5min)...
2026-02-06 12:56:41,213 [INFO]     NSE:LTIM-EQ | CVD=-22863 vs Ref=-39087 | Close=5530.00 vs VAL=5516.50
2026-02-06 12:56:41,398 [INFO]     NSE:ANGELONE-EQ | CVD=9515 vs Ref=-38939 | Close=2591.00 vs VAL=2576.40
2026-02-06 12:56:41,613 [INFO]     NSE:TECHM-EQ | CVD=-50820 vs Ref=-128591 | Close=1600.50 vs VAL=1616.75
2026-02-06 12:56:41,806 [INFO]     NSE:COFORGE-EQ | CVD=-387113 vs Ref=-459286 | Close=1541.00 vs VAL=1535.00
2026-02-06 12:56:41,990 [INFO]     NSE:LAURUSLABS-EQ | CVD=-82466 vs Ref=-150837 | Close=948.30 vs VAL=944.80
2026-02-06 12:56:42,197 [INFO]     NSE:ZYDUSLIFE-EQ | CVD=-9096 vs Ref=-48650 | Close=887.10 vs VAL=884.85
2026-02-06 12:56:42,452 [INFO]     NSE:CAMS-EQ | CVD=-13793 vs Ref=-75694 | Close=714.95 vs VAL=711.90
2026-02-06 12:56:42,679 [INFO]     NSE:BEL-EQ | CVD=710883 vs Ref=-426850 | Close=426.50 vs VAL=426.65
2026-02-06 12:56:42,885 [INFO]     NSE:RECLTD-EQ | CVD=-1161666 vs Ref=-973015 | Close=370.20 vs VAL=368.80
2026-02-06 12:56:43,151 [INFO]     NSE:GMRAIRPORT-EQ | CVD=-1389083 vs Ref=-935696 | Close=96.49 vs VAL=96.05
2026-02-06 12:57:43,153 [INFO] 🔍 Scanning for alerts on 10 symbols (5min)...
2026-02-06 12:57:43,379 [INFO]     NSE:LTIM-EQ | CVD=-22863 vs Ref=-39087 | Close=5530.00 vs VAL=5516.50
2026-02-06 12:57:43,558 [INFO]     NSE:ANGELONE-EQ | CVD=9515 vs Ref=-38939 | Close=2591.00 vs VAL=2576.40
2026-02-06 12:57:43,832 [INFO]     NSE:TECHM-EQ | CVD=-50820 vs Ref=-128591 | Close=1600.50 vs VAL=1616.75
2026-02-06 12:57:44,013 [INFO]     NSE:COFORGE-EQ | CVD=-387113 vs Ref=-459286 | Close=1541.00 vs VAL=1535.00
2026-02-06 12:57:44,211 [INFO]     NSE:LAURUSLABS-EQ | CVD=-82466 vs Ref=-150837 | Close=948.30 vs VAL=944.80
2026-02-06 12:57:44,433 [INFO]     NSE:ZYDUSLIFE-EQ | CVD=-9096 vs Ref=-48650 | Close=887.10 vs VAL=884.85
2026-02-06 12:57:45,625 [INFO]     NSE:CAMS-EQ | CVD=-13793 vs Ref=-75694 | Close=714.95 vs VAL=711.90
2026-02-06 12:57:45,826 [INFO]     NSE:BEL-EQ | CVD=710883 vs Ref=-426850 | Close=426.50 vs VAL=426.65
2026-02-06 12:57:46,076 [INFO]     NSE:RECLTD-EQ | CVD=-1161666 vs Ref=-973015 | Close=370.20 vs VAL=368.80
2026-02-06 12:57:46,298 [INFO]     NSE:GMRAIRPORT-EQ | CVD=-1389083 vs Ref=-935696 | Close=96.49 vs VAL=96.05
2026-02-06 12:58:46,300 [INFO] 🔍 Scanning for alerts on 10 symbols (5min)...
2026-02-06 12:58:46,523 [INFO]     NSE:LTIM-EQ | CVD=-22863 vs Ref=-39087 | Close=5530.00 vs VAL=5516.50
2026-02-06 12:58:46,729 [INFO]     NSE:ANGELONE-EQ | CVD=9515 vs Ref=-38939 | Close=2591.00 vs VAL=2576.40
2026-02-06 12:58:46,906 [INFO]     NSE:TECHM-EQ | CVD=-50820 vs Ref=-128591 | Close=1600.50 vs VAL=1616.75
2026-02-06 12:58:47,134 [INFO]     NSE:COFORGE-EQ | CVD=-387113 vs Ref=-459286 | Close=1541.00 vs VAL=1535.00
2026-02-06 12:58:47,334 [INFO]     NSE:LAURUSLABS-EQ | CVD=-82466 vs Ref=-150837 | Close=948.30 vs VAL=944.80
2026-02-06 12:58:47,557 [INFO]     NSE:ZYDUSLIFE-EQ | CVD=-9096 vs Ref=-48650 | Close=887.10 vs VAL=884.85
2026-02-06 12:58:47,771 [INFO]     NSE:CAMS-EQ | CVD=-13793 vs Ref=-75694 | Close=714.95 vs VAL=711.90
2026-02-06 12:58:47,965 [INFO]     NSE:BEL-EQ | CVD=710883 vs Ref=-426850 | Close=426.50 vs VAL=426.65
2026-02-06 12:58:48,185 [INFO]     NSE:RECLTD-EQ | CVD=-1161666 vs Ref=-973015 | Close=370.20 vs VAL=368.80
2026-02-06 12:58:48,385 [INFO]     NSE:GMRAIRPORT-EQ | CVD=-1389083 vs Ref=-935696 | Close=96.49 vs VAL=96.05
2026-02-06 12:59:48,387 [INFO] 🔍 Scanning for alerts on 10 symbols (5min)...
2026-02-06 12:59:48,618 [INFO]     NSE:LTIM-EQ | CVD=-22863 vs Ref=-39087 | Close=5530.00 vs VAL=5516.50
2026-02-06 12:59:48,802 [INFO]     NSE:ANGELONE-EQ | CVD=9515 vs Ref=-38939 | Close=2591.00 vs VAL=2576.40
2026-02-06 12:59:48,997 [INFO]     NSE:TECHM-EQ | CVD=-50820 vs Ref=-128591 | Close=1600.50 vs VAL=1616.75
2026-02-06 12:59:49,191 [INFO]     NSE:COFORGE-EQ | CVD=-387113 vs Ref=-459286 | Close=1541.00 vs VAL=1535.00
2026-02-06 12:59:49,437 [INFO]     NSE:LAURUSLABS-EQ | CVD=-82466 vs Ref=-150837 | Close=948.30 vs VAL=944.80
2026-02-06 12:59:49,646 [INFO]     NSE:ZYDUSLIFE-EQ | CVD=-9096 vs Ref=-48650 | Close=887.10 vs VAL=884.85
2026-02-06 12:59:49,846 [INFO]     NSE:CAMS-EQ | CVD=-13793 vs Ref=-75694 | Close=714.95 vs VAL=711.90
2026-02-06 12:59:50,914 [INFO]     NSE:BEL-EQ | CVD=710883 vs Ref=-426850 | Close=426.50 vs VAL=426.65
2026-02-06 12:59:51,101 [INFO]     NSE:RECLTD-EQ | CVD=-1161666 vs Ref=-973015 | Close=370.20 vs VAL=368.80
2026-02-06 12:59:51,274 [INFO]     NSE:GMRAIRPORT-EQ | CVD=-1389083 vs Ref=-935696 | Close=96.49 vs VAL=96.05
2026-02-06 13:00:51,276 [INFO] 🔍 Scanning for alerts on 10 symbols (5min)...
2026-02-06 13:00:51,513 [INFO]     NSE:LTIM-EQ | CVD=-22863 vs Ref=-39087 | Close=5530.00 vs VAL=5516.50
2026-02-06 13:00:51,730 [INFO]     NSE:ANGELONE-EQ | CVD=9515 vs Ref=-38939 | Close=2591.00 vs VAL=2576.40
2026-02-06 13:00:51,896 [INFO]     NSE:TECHM-EQ | CVD=-50820 vs Ref=-128591 | Close=1600.50 vs VAL=1616.75
2026-02-06 13:00:52,136 [INFO]     NSE:COFORGE-EQ | CVD=-387113 vs Ref=-459286 | Close=1541.00 vs VAL=1535.00
2026-02-06 13:00:52,332 [INFO]     NSE:LAURUSLABS-EQ | CVD=-82466 vs Ref=-150837 | Close=948.30 vs VAL=944.80
2026-02-06 13:00:52,574 [INFO]     NSE:ZYDUSLIFE-EQ | CVD=-9096 vs Ref=-48650 | Close=887.10 vs VAL=884.85
2026-02-06 13:00:54,476 [INFO]     NSE:CAMS-EQ | CVD=-13793 vs Ref=-75694 | Close=714.95 vs VAL=711.90
2026-02-06 13:00:54,710 [INFO]     NSE:BEL-EQ | CVD=710883 vs Ref=-426850 | Close=426.50 vs VAL=426.65
2026-02-06 13:00:54,912 [INFO]     NSE:RECLTD-EQ | CVD=-1161666 vs Ref=-973015 | Close=370.20 vs VAL=368.80
2026-02-06 13:00:55,118 [INFO]     NSE:GMRAIRPORT-EQ | CVD=-1389083 vs Ref=-935696 | Close=96.49 vs VAL=96.05
2026-02-06 13:01:55,120 [INFO] 🔍 Scanning for alerts on 10 symbols (5min)...
2026-02-06 13:01:55,344 [INFO]     NSE:LTIM-EQ | CVD=-23271 vs Ref=-39087 | Close=5533.00 vs VAL=5516.50
2026-02-06 13:01:55,538 [INFO]     NSE:ANGELONE-EQ | CVD=8131 vs Ref=-38939 | Close=2590.00 vs VAL=2576.40
2026-02-06 13:01:55,764 [INFO]     NSE:TECHM-EQ | CVD=-60506 vs Ref=-128591 | Close=1602.30 vs VAL=1616.75
2026-02-06 13:01:57,696 [INFO]     NSE:COFORGE-EQ | CVD=-389983 vs Ref=-459286 | Close=1540.10 vs VAL=1535.00
2026-02-06 13:01:57,940 [INFO]     NSE:LAURUSLABS-EQ | CVD=-82283 vs Ref=-150837 | Close=947.75 vs VAL=944.80
2026-02-06 13:01:58,176 [INFO]     NSE:ZYDUSLIFE-EQ | CVD=863 vs Ref=-48650 | Close=887.80 vs VAL=884.85
2026-02-06 13:01:58,396 [INFO]     NSE:CAMS-EQ | CVD=-17681 vs Ref=-75694 | Close=714.55 vs VAL=711.90
2026-02-06 13:01:58,595 [INFO]     NSE:BEL-EQ | CVD=760741 vs Ref=-426850 | Close=427.10 vs VAL=426.65
2026-02-06 13:01:58,870 [INFO]     NSE:RECLTD-EQ | CVD=-1106787 vs Ref=-973015 | Close=370.45 vs VAL=368.80
2026-02-06 13:01:59,074 [INFO]     NSE:GMRAIRPORT-EQ | CVD=-1363828 vs Ref=-935696 | Close=96.56 vs VAL=96.05
2026-02-06 13:02:59,076 [INFO] 🔍 Scanning for alerts on 10 symbols (5min)...
2026-02-06 13:02:59,272 [INFO]     NSE:LTIM-EQ | CVD=-23271 vs Ref=-39087 | Close=5533.00 vs VAL=5516.50
2026-02-06 13:02:59,489 [INFO]     NSE:ANGELONE-EQ | CVD=8131 vs Ref=-38939 | Close=2590.00 vs VAL=2576.40
2026-02-06 13:02:59,686 [INFO]     NSE:TECHM-EQ | CVD=-60506 vs Ref=-128591 | Close=1602.30 vs VAL=1616.75
2026-02-06 13:02:59,952 [INFO]     NSE:COFORGE-EQ | CVD=-389983 vs Ref=-459286 | Close=1540.10 vs VAL=1535.00
2026-02-06 13:03:00,158 [INFO]     NSE:LAURUSLABS-EQ | CVD=-82283 vs Ref=-150837 | Close=947.75 vs VAL=944.80
2026-02-06 13:03:00,360 [INFO]     NSE:ZYDUSLIFE-EQ | CVD=863 vs Ref=-48650 | Close=887.80 vs VAL=884.85
2026-02-06 13:03:02,377 [INFO]     NSE:CAMS-EQ | CVD=-17681 vs Ref=-75694 | Close=714.55 vs VAL=711.90
2026-02-06 13:03:02,700 [INFO]     NSE:BEL-EQ | CVD=760741 vs Ref=-426850 | Close=427.10 vs VAL=426.65
2026-02-06 13:03:02,982 [INFO]     NSE:RECLTD-EQ | CVD=-1106787 vs Ref=-973015 | Close=370.45 vs VAL=368.80
2026-02-06 13:03:03,302 [INFO]     NSE:GMRAIRPORT-EQ | CVD=-1363828 vs Ref=-935696 | Close=96.56 vs VAL=96.05
2026-02-06 13:04:03,309 [INFO] 🔍 Scanning for alerts on 10 symbols (5min)...
2026-02-06 13:04:03,512 [INFO]     NSE:LTIM-EQ | CVD=-23271 vs Ref=-39087 | Close=5533.00 vs VAL=5516.50
2026-02-06 13:04:03,816 [INFO]     NSE:ANGELONE-EQ | CVD=8131 vs Ref=-38939 | Close=2590.00 vs VAL=2576.40
2026-02-06 13:04:04,054 [INFO]     NSE:TECHM-EQ | CVD=-60506 vs Ref=-128591 | Close=1602.30 vs VAL=1616.75
2026-02-06 13:04:04,279 [INFO]     NSE:COFORGE-EQ | CVD=-389983 vs Ref=-459286 | Close=1540.10 vs VAL=1535.00
2026-02-06 13:04:04,517 [INFO]     NSE:LAURUSLABS-EQ | CVD=-82283 vs Ref=-150837 | Close=947.75 vs VAL=944.80
2026-02-06 13:04:04,774 [INFO]     NSE:ZYDUSLIFE-EQ | CVD=863 vs Ref=-48650 | Close=887.80 vs VAL=884.85
2026-02-06 13:04:05,011 [INFO]     NSE:CAMS-EQ | CVD=-17681 vs Ref=-75694 | Close=714.55 vs VAL=711.90
2026-02-06 13:04:05,246 [INFO]     NSE:BEL-EQ | CVD=760741 vs Ref=-426850 | Close=427.10 vs VAL=426.65
2026-02-06 13:04:05,479 [INFO]     NSE:RECLTD-EQ | CVD=-1106787 vs Ref=-973015 | Close=370.45 vs VAL=368.80
2026-02-06 13:04:05,701 [INFO]     NSE:GMRAIRPORT-EQ | CVD=-1363828 vs Ref=-935696 | Close=96.56 vs VAL=96.05
2026-02-06 13:05:05,702 [INFO] 🔍 Scanning for alerts on 10 symbols (5min)...
2026-02-06 13:05:05,961 [INFO]     NSE:LTIM-EQ | CVD=-23271 vs Ref=-39087 | Close=5533.00 vs VAL=5516.50
2026-02-06 13:05:06,169 [INFO]     NSE:ANGELONE-EQ | CVD=8131 vs Ref=-38939 | Close=2590.00 vs VAL=2576.40
2026-02-06 13:05:06,412 [INFO]     NSE:TECHM-EQ | CVD=-60506 vs Ref=-128591 | Close=1602.30 vs VAL=1616.75
2026-02-06 13:05:06,706 [INFO]     NSE:COFORGE-EQ | CVD=-389983 vs Ref=-459286 | Close=1540.10 vs VAL=1535.00
2026-02-06 13:05:07,080 [INFO]     NSE:LAURUSLABS-EQ | CVD=-82283 vs Ref=-150837 | Close=947.75 vs VAL=944.80
2026-02-06 13:05:07,351 [INFO]     NSE:ZYDUSLIFE-EQ | CVD=863 vs Ref=-48650 | Close=887.80 vs VAL=884.85
2026-02-06 13:05:07,563 [INFO]     NSE:CAMS-EQ | CVD=-17681 vs Ref=-75694 | Close=714.55 vs VAL=711.90
2026-02-06 13:05:07,784 [INFO]     NSE:BEL-EQ | CVD=760741 vs Ref=-426850 | Close=427.10 vs VAL=426.65
2026-02-06 13:05:07,983 [INFO]     NSE:RECLTD-EQ | CVD=-1106787 vs Ref=-973015 | Close=370.45 vs VAL=368.80
2026-02-06 13:05:08,189 [INFO]     NSE:GMRAIRPORT-EQ | CVD=-1363828 vs Ref=-935696 | Close=96.56 vs VAL=96.05
2026-02-06 13:06:08,190 [INFO] 🔍 Scanning for alerts on 10 symbols (5min)...
2026-02-06 13:06:08,383 [INFO]     NSE:LTIM-EQ | CVD=-23318 vs Ref=-39087 | Close=5539.50 vs VAL=5516.50
2026-02-06 13:06:08,619 [INFO]     NSE:ANGELONE-EQ | CVD=6261 vs Ref=-38939 | Close=2589.60 vs VAL=2576.40
2026-02-06 13:06:08,832 [INFO]     NSE:TECHM-EQ | CVD=-64429 vs Ref=-128591 | Close=1603.20 vs VAL=1616.75
2026-02-06 13:06:09,013 [INFO]     NSE:COFORGE-EQ | CVD=-385599 vs Ref=-459286 | Close=1541.40 vs VAL=1535.00
2026-02-06 13:06:09,229 [INFO]     NSE:LAURUSLABS-EQ | CVD=-83918 vs Ref=-150837 | Close=945.65 vs VAL=944.80
2026-02-06 13:06:09,429 [INFO]     NSE:ZYDUSLIFE-EQ | CVD=104 vs Ref=-48650 | Close=887.65 vs VAL=884.85
2026-02-06 13:06:09,652 [INFO]     NSE:CAMS-EQ | CVD=5527 vs Ref=-75694 | Close=714.50 vs VAL=711.90
2026-02-06 13:06:09,887 [INFO]     NSE:BEL-EQ | CVD=736073 vs Ref=-426850 | Close=427.20 vs VAL=426.65
2026-02-06 13:06:10,092 [INFO]     NSE:RECLTD-EQ | CVD=-1060108 vs Ref=-973015 | Close=370.30 vs VAL=368.80
2026-02-06 13:06:10,309 [INFO]     NSE:GMRAIRPORT-EQ | CVD=-1335681 vs Ref=-935696 | Close=96.41 vs VAL=96.05
2026-02-06 13:07:10,311 [INFO] 🔍 Scanning for alerts on 10 symbols (5min)...
2026-02-06 13:07:10,561 [INFO]     NSE:LTIM-EQ | CVD=-23318 vs Ref=-39087 | Close=5539.50 vs VAL=5516.50
2026-02-06 13:07:10,731 [INFO]     NSE:ANGELONE-EQ | CVD=6261 vs Ref=-38939 | Close=2589.60 vs VAL=2576.40
2026-02-06 13:07:10,937 [INFO]     NSE:TECHM-EQ | CVD=-64429 vs Ref=-128591 | Close=1603.20 vs VAL=1616.75
2026-02-06 13:07:11,150 [INFO]     NSE:COFORGE-EQ | CVD=-385599 vs Ref=-459286 | Close=1541.40 vs VAL=1535.00
2026-02-06 13:07:11,410 [INFO]     NSE:LAURUSLABS-EQ | CVD=-83918 vs Ref=-150837 | Close=945.65 vs VAL=944.80
2026-02-06 13:07:11,672 [INFO]     NSE:ZYDUSLIFE-EQ | CVD=104 vs Ref=-48650 | Close=887.65 vs VAL=884.85
2026-02-06 13:07:11,884 [INFO]     NSE:CAMS-EQ | CVD=5527 vs Ref=-75694 | Close=714.50 vs VAL=711.90
2026-02-06 13:07:12,102 [INFO]     NSE:BEL-EQ | CVD=736073 vs Ref=-426850 | Close=427.20 vs VAL=426.65
2026-02-06 13:07:12,310 [INFO]     NSE:RECLTD-EQ | CVD=-1060108 vs Ref=-973015 | Close=370.30 vs VAL=368.80
2026-02-06 13:07:12,579 [INFO]     NSE:GMRAIRPORT-EQ | CVD=-1335681 vs Ref=-935696 | Close=96.41 vs VAL=96.05
2026-02-06 13:08:12,580 [INFO] 🔍 Scanning for alerts on 10 symbols (5min)...
2026-02-06 13:08:12,822 [INFO]     NSE:LTIM-EQ | CVD=-23318 vs Ref=-39087 | Close=5539.50 vs VAL=5516.50
2026-02-06 13:08:13,038 [INFO]     NSE:ANGELONE-EQ | CVD=6261 vs Ref=-38939 | Close=2589.60 vs VAL=2576.40
2026-02-06 13:08:13,313 [INFO]     NSE:TECHM-EQ | CVD=-64429 vs Ref=-128591 | Close=1603.20 vs VAL=1616.75
2026-02-06 13:08:13,503 [INFO]     NSE:COFORGE-EQ | CVD=-385599 vs Ref=-459286 | Close=1541.40 vs VAL=1535.00
2026-02-06 13:08:13,702 [INFO]     NSE:LAURUSLABS-EQ | CVD=-83918 vs Ref=-150837 | Close=945.65 vs VAL=944.80
2026-02-06 13:08:13,926 [INFO]     NSE:ZYDUSLIFE-EQ | CVD=104 vs Ref=-48650 | Close=887.65 vs VAL=884.85
2026-02-06 13:08:14,195 [INFO]     NSE:CAMS-EQ | CVD=5527 vs Ref=-75694 | Close=714.50 vs VAL=711.90
2026-02-06 13:08:14,429 [INFO]     NSE:BEL-EQ | CVD=736073 vs Ref=-426850 | Close=427.20 vs VAL=426.65
2026-02-06 13:08:14,623 [INFO]     NSE:RECLTD-EQ | CVD=-1060108 vs Ref=-973015 | Close=370.30 vs VAL=368.80
2026-02-06 13:08:14,836 [INFO]     NSE:GMRAIRPORT-EQ | CVD=-1335681 vs Ref=-935696 | Close=96.41 vs VAL=96.05
2026-02-06 13:09:14,838 [INFO] 🔍 Scanning for alerts on 10 symbols (5min)...
2026-02-06 13:09:15,058 [INFO]     NSE:LTIM-EQ | CVD=-23318 vs Ref=-39087 | Close=5539.50 vs VAL=5516.50
2026-02-06 13:09:15,292 [INFO]     NSE:ANGELONE-EQ | CVD=6261 vs Ref=-38939 | Close=2589.60 vs VAL=2576.40
2026-02-06 13:09:15,537 [INFO]     NSE:TECHM-EQ | CVD=-64429 vs Ref=-128591 | Close=1603.20 vs VAL=1616.75
2026-02-06 13:09:15,758 [INFO]     NSE:COFORGE-EQ | CVD=-385599 vs Ref=-459286 | Close=1541.40 vs VAL=1535.00
2026-02-06 13:09:15,984 [INFO]     NSE:LAURUSLABS-EQ | CVD=-83918 vs Ref=-150837 | Close=945.65 vs VAL=944.80
2026-02-06 13:09:16,179 [INFO]     NSE:ZYDUSLIFE-EQ | CVD=104 vs Ref=-48650 | Close=887.65 vs VAL=884.85
2026-02-06 13:09:16,375 [INFO]     NSE:CAMS-EQ | CVD=5527 vs Ref=-75694 | Close=714.50 vs VAL=711.90
2026-02-06 13:09:16,599 [INFO]     NSE:BEL-EQ | CVD=736073 vs Ref=-426850 | Close=427.20 vs VAL=426.65
2026-02-06 13:09:16,810 [INFO]     NSE:RECLTD-EQ | CVD=-1060108 vs Ref=-973015 | Close=370.30 vs VAL=368.80
2026-02-06 13:09:16,993 [INFO]     NSE:GMRAIRPORT-EQ | CVD=-1335681 vs Ref=-935696 | Close=96.41 vs VAL=96.05
2026-02-06 13:10:16,995 [INFO] 🔍 Scanning for alerts on 10 symbols (5min)...
2026-02-06 13:10:17,195 [INFO]     NSE:LTIM-EQ | CVD=-23318 vs Ref=-39087 | Close=5539.50 vs VAL=5516.50
2026-02-06 13:10:17,400 [INFO]     NSE:ANGELONE-EQ | CVD=6261 vs Ref=-38939 | Close=2589.60 vs VAL=2576.40
2026-02-06 13:10:17,604 [INFO]     NSE:TECHM-EQ | CVD=-64429 vs Ref=-128591 | Close=1603.20 vs VAL=1616.75
2026-02-06 13:10:17,808 [INFO]     NSE:COFORGE-EQ | CVD=-385599 vs Ref=-459286 | Close=1541.40 vs VAL=1535.00
2026-02-06 13:10:18,012 [INFO]     NSE:LAURUSLABS-EQ | CVD=-83918 vs Ref=-150837 | Close=945.65 vs VAL=944.80
2026-02-06 13:10:18,225 [INFO]     NSE:ZYDUSLIFE-EQ | CVD=104 vs Ref=-48650 | Close=887.65 vs VAL=884.85
2026-02-06 13:10:18,471 [INFO]     NSE:CAMS-EQ | CVD=5527 vs Ref=-75694 | Close=714.50 vs VAL=711.90
2026-02-06 13:10:18,792 [INFO]     NSE:BEL-EQ | CVD=736073 vs Ref=-426850 | Close=427.20 vs VAL=426.65
2026-02-06 13:10:18,995 [INFO]     NSE:RECLTD-EQ | CVD=-1060108 vs Ref=-973015 | Close=370.30 vs VAL=368.80
2026-02-06 13:10:19,190 [INFO]     NSE:GMRAIRPORT-EQ | CVD=-1335681 vs Ref=-935696 | Close=96.41 vs VAL=96.05
2026-02-06 13:11:19,191 [INFO] 🔍 Scanning for alerts on 10 symbols (5min)...
2026-02-06 13:11:19,422 [INFO]     NSE:LTIM-EQ | CVD=-24160 vs Ref=-39087 | Close=5535.00 vs VAL=5516.50
2026-02-06 13:11:19,678 [INFO]     NSE:ANGELONE-EQ | CVD=8126 vs Ref=-38939 | Close=2589.70 vs VAL=2576.40
2026-02-06 13:11:20,010 [INFO]     NSE:TECHM-EQ | CVD=-54616 vs Ref=-128591 | Close=1603.80 vs VAL=1616.75
2026-02-06 13:11:20,317 [INFO]     NSE:COFORGE-EQ | CVD=-378956 vs Ref=-459286 | Close=1543.00 vs VAL=1535.00
2026-02-06 13:11:20,594 [INFO]     NSE:LAURUSLABS-EQ | CVD=-88183 vs Ref=-150837 | Close=944.45 vs VAL=944.80
2026-02-06 13:11:20,945 [INFO]     NSE:ZYDUSLIFE-EQ | CVD=4511 vs Ref=-48650 | Close=887.70 vs VAL=884.85
2026-02-06 13:11:21,222 [INFO]     NSE:CAMS-EQ | CVD=6684 vs Ref=-75694 | Close=714.75 vs VAL=711.90
2026-02-06 13:11:21,604 [INFO]     NSE:BEL-EQ | CVD=721492 vs Ref=-426850 | Close=427.15 vs VAL=426.65
2026-02-06 13:11:22,018 [INFO]     NSE:RECLTD-EQ | CVD=-1059994 vs Ref=-973015 | Close=370.20 vs VAL=368.80
2026-02-06 13:11:22,282 [INFO]     NSE:GMRAIRPORT-EQ | CVD=-1456803 vs Ref=-935696 | Close=96.33 vs VAL=96.05
2026-02-06 13:12:22,284 [INFO] 🔍 Scanning for alerts on 10 symbols (5min)...
2026-02-06 13:12:22,541 [INFO]     NSE:LTIM-EQ | CVD=-24160 vs Ref=-39087 | Close=5535.00 vs VAL=5516.50
2026-02-06 13:12:22,723 [INFO]     NSE:ANGELONE-EQ | CVD=8126 vs Ref=-38939 | Close=2589.70 vs VAL=2576.40
2026-02-06 13:12:22,952 [INFO]     NSE:TECHM-EQ | CVD=-54616 vs Ref=-128591 | Close=1603.80 vs VAL=1616.75
2026-02-06 13:12:23,190 [INFO]     NSE:COFORGE-EQ | CVD=-378956 vs Ref=-459286 | Close=1543.00 vs VAL=1535.00
2026-02-06 13:12:23,422 [INFO]     NSE:LAURUSLABS-EQ | CVD=-88183 vs Ref=-150837 | Close=944.45 vs VAL=944.80
2026-02-06 13:12:23,682 [INFO]     NSE:ZYDUSLIFE-EQ | CVD=4511 vs Ref=-48650 | Close=887.70 vs VAL=884.85
2026-02-06 13:12:23,999 [INFO]     NSE:CAMS-EQ | CVD=6684 vs Ref=-75694 | Close=714.75 vs VAL=711.90
2026-02-06 13:12:24,371 [INFO]     NSE:BEL-EQ | CVD=721492 vs Ref=-426850 | Close=427.15 vs VAL=426.65
2026-02-06 13:12:24,591 [INFO]     NSE:RECLTD-EQ | CVD=-1059994 vs Ref=-973015 | Close=370.20 vs VAL=368.80
2026-02-06 13:12:24,811 [INFO]     NSE:GMRAIRPORT-EQ | CVD=-1456803 vs Ref=-935696 | Close=96.33 vs VAL=96.05
2026-02-06 13:13:24,811 [INFO] 🔍 Scanning for alerts on 10 symbols (5min)...
2026-02-06 13:13:25,047 [INFO]     NSE:LTIM-EQ | CVD=-24160 vs Ref=-39087 | Close=5535.00 vs VAL=5516.50
2026-02-06 13:13:25,248 [INFO]     NSE:ANGELONE-EQ | CVD=8126 vs Ref=-38939 | Close=2589.70 vs VAL=2576.40
2026-02-06 13:13:25,460 [INFO]     NSE:TECHM-EQ | CVD=-54616 vs Ref=-128591 | Close=1603.80 vs VAL=1616.75
2026-02-06 13:13:25,707 [INFO]     NSE:COFORGE-EQ | CVD=-378956 vs Ref=-459286 | Close=1543.00 vs VAL=1535.00
2026-02-06 13:13:25,910 [INFO]     NSE:LAURUSLABS-EQ | CVD=-88183 vs Ref=-150837 | Close=944.45 vs VAL=944.80
2026-02-06 13:13:26,141 [INFO]     NSE:ZYDUSLIFE-EQ | CVD=4511 vs Ref=-48650 | Close=887.70 vs VAL=884.85
2026-02-06 13:13:26,353 [INFO]     NSE:CAMS-EQ | CVD=6684 vs Ref=-75694 | Close=714.75 vs VAL=711.90
2026-02-06 13:13:26,573 [INFO]     NSE:BEL-EQ | CVD=721492 vs Ref=-426850 | Close=427.15 vs VAL=426.65
2026-02-06 13:13:26,781 [INFO]     NSE:RECLTD-EQ | CVD=-1059994 vs Ref=-973015 | Close=370.20 vs VAL=368.80
2026-02-06 13:13:27,006 [INFO]     NSE:GMRAIRPORT-EQ | CVD=-1456803 vs Ref=-935696 | Close=96.33 vs VAL=96.05
2026-02-06 13:14:27,007 [INFO] 🔍 Scanning for alerts on 10 symbols (5min)...
2026-02-06 13:14:27,208 [INFO]     NSE:LTIM-EQ | CVD=-24160 vs Ref=-39087 | Close=5535.00 vs VAL=5516.50
2026-02-06 13:14:27,436 [INFO]     NSE:ANGELONE-EQ | CVD=8126 vs Ref=-38939 | Close=2589.70 vs VAL=2576.40
2026-02-06 13:14:27,626 [INFO]     NSE:TECHM-EQ | CVD=-54616 vs Ref=-128591 | Close=1603.80 vs VAL=1616.75
2026-02-06 13:14:27,843 [INFO]     NSE:COFORGE-EQ | CVD=-378956 vs Ref=-459286 | Close=1543.00 vs VAL=1535.00
2026-02-06 13:14:28,056 [INFO]     NSE:LAURUSLABS-EQ | CVD=-88183 vs Ref=-150837 | Close=944.45 vs VAL=944.80
2026-02-06 13:14:28,254 [INFO]     NSE:ZYDUSLIFE-EQ | CVD=4511 vs Ref=-48650 | Close=887.70 vs VAL=884.85
2026-02-06 13:14:28,490 [INFO]     NSE:CAMS-EQ | CVD=6684 vs Ref=-75694 | Close=714.75 vs VAL=711.90
2026-02-06 13:14:28,690 [INFO]     NSE:BEL-EQ | CVD=721492 vs Ref=-426850 | Close=427.15 vs VAL=426.65
2026-02-06 13:14:28,906 [INFO]     NSE:RECLTD-EQ | CVD=-1059994 vs Ref=-973015 | Close=370.20 vs VAL=368.80
2026-02-06 13:14:29,125 [INFO]     NSE:GMRAIRPORT-EQ | CVD=-1456803 vs Ref=-935696 | Close=96.33 vs VAL=96.05
2026-02-06 13:15:29,126 [INFO] 🔍 Scanning for alerts on 10 symbols (5min)...
2026-02-06 13:15:29,329 [INFO]     NSE:LTIM-EQ | CVD=-24160 vs Ref=-39087 | Close=5535.00 vs VAL=5516.50
2026-02-06 13:15:29,544 [INFO]     NSE:ANGELONE-EQ | CVD=8126 vs Ref=-38939 | Close=2589.70 vs VAL=2576.40
2026-02-06 13:15:29,785 [INFO]     NSE:TECHM-EQ | CVD=-54616 vs Ref=-128591 | Close=1603.80 vs VAL=1616.75
2026-02-06 13:15:30,026 [INFO]     NSE:COFORGE-EQ | CVD=-378956 vs Ref=-459286 | Close=1543.00 vs VAL=1535.00
2026-02-06 13:15:30,218 [INFO]     NSE:LAURUSLABS-EQ | CVD=-88183 vs Ref=-150837 | Close=944.45 vs VAL=944.80
2026-02-06 13:15:30,458 [INFO]     NSE:ZYDUSLIFE-EQ | CVD=4511 vs Ref=-48650 | Close=887.70 vs VAL=884.85
2026-02-06 13:15:30,704 [INFO]     NSE:CAMS-EQ | CVD=6684 vs Ref=-75694 | Close=714.75 vs VAL=711.90
2026-02-06 13:15:30,926 [INFO]     NSE:BEL-EQ | CVD=721492 vs Ref=-426850 | Close=427.15 vs VAL=426.65
2026-02-06 13:15:31,142 [INFO]     NSE:RECLTD-EQ | CVD=-1059994 vs Ref=-973015 | Close=370.20 vs VAL=368.80
2026-02-06 13:15:31,354 [INFO]     NSE:GMRAIRPORT-EQ | CVD=-1456803 vs Ref=-935696 | Close=96.33 vs VAL=96.05
2026-02-06 13:16:31,355 [INFO] 🔍 Scanning for alerts on 10 symbols (5min)...
2026-02-06 13:16:31,578 [INFO]     NSE:LTIM-EQ | CVD=-23383 vs Ref=-39087 | Close=5539.00 vs VAL=5516.50
2026-02-06 13:16:31,788 [INFO]     NSE:ANGELONE-EQ | CVD=7921 vs Ref=-38939 | Close=2588.50 vs VAL=2576.40
2026-02-06 13:16:32,020 [INFO]     NSE:TECHM-EQ | CVD=-46713 vs Ref=-128591 | Close=1607.00 vs VAL=1616.75
2026-02-06 13:16:32,260 [INFO]     NSE:COFORGE-EQ | CVD=-373593 vs Ref=-459286 | Close=1543.00 vs VAL=1535.00
2026-02-06 13:16:32,512 [INFO]     NSE:LAURUSLABS-EQ | CVD=-86914 vs Ref=-150837 | Close=945.50 vs VAL=944.80
2026-02-06 13:16:32,758 [INFO]     NSE:ZYDUSLIFE-EQ | CVD=3909 vs Ref=-48650 | Close=888.85 vs VAL=884.85
2026-02-06 13:16:32,993 [INFO]     NSE:CAMS-EQ | CVD=11051 vs Ref=-75694 | Close=715.25 vs VAL=711.90
2026-02-06 13:16:33,180 [INFO]     NSE:BEL-EQ | CVD=731857 vs Ref=-426850 | Close=427.70 vs VAL=426.65
2026-02-06 13:16:33,443 [INFO]     NSE:RECLTD-EQ | CVD=-1079328 vs Ref=-973015 | Close=370.00 vs VAL=368.80
2026-02-06 13:16:33,683 [INFO]     NSE:GMRAIRPORT-EQ | CVD=-1418469 vs Ref=-935696 | Close=96.34 vs VAL=96.05
2026-02-06 13:17:33,685 [INFO] 🔍 Scanning for alerts on 10 symbols (5min)...
2026-02-06 13:17:33,884 [INFO]     NSE:LTIM-EQ | CVD=-23383 vs Ref=-39087 | Close=5539.00 vs VAL=5516.50
2026-02-06 13:17:34,112 [INFO]     NSE:ANGELONE-EQ | CVD=7921 vs Ref=-38939 | Close=2588.50 vs VAL=2576.40
2026-02-06 13:17:34,317 [INFO]     NSE:TECHM-EQ | CVD=-46713 vs Ref=-128591 | Close=1607.00 vs VAL=1616.75
2026-02-06 13:17:34,514 [INFO]     NSE:COFORGE-EQ | CVD=-373593 vs Ref=-459286 | Close=1543.00 vs VAL=1535.00
2026-02-06 13:17:34,741 [INFO]     NSE:LAURUSLABS-EQ | CVD=-86914 vs Ref=-150837 | Close=945.50 vs VAL=944.80
2026-02-06 13:17:34,930 [INFO]     NSE:ZYDUSLIFE-EQ | CVD=3909 vs Ref=-48650 | Close=888.85 vs VAL=884.85
2026-02-06 13:17:35,154 [INFO]     NSE:CAMS-EQ | CVD=11051 vs Ref=-75694 | Close=715.25 vs VAL=711.90
2026-02-06 13:17:35,387 [INFO]     NSE:BEL-EQ | CVD=731857 vs Ref=-426850 | Close=427.70 vs VAL=426.65
2026-02-06 13:17:35,598 [INFO]     NSE:RECLTD-EQ | CVD=-1079328 vs Ref=-973015 | Close=370.00 vs VAL=368.80
2026-02-06 13:17:35,804 [INFO]     NSE:GMRAIRPORT-EQ | CVD=-1418469 vs Ref=-935696 | Close=96.34 vs VAL=96.05
2026-02-06 13:18:35,805 [INFO] 🔍 Scanning for alerts on 10 symbols (5min)...
2026-02-06 13:18:36,039 [INFO]     NSE:LTIM-EQ | CVD=-23383 vs Ref=-39087 | Close=5539.00 vs VAL=5516.50
2026-02-06 13:18:36,289 [INFO]     NSE:ANGELONE-EQ | CVD=7921 vs Ref=-38939 | Close=2588.50 vs VAL=2576.40
2026-02-06 13:18:36,491 [INFO]     NSE:TECHM-EQ | CVD=-46713 vs Ref=-128591 | Close=1607.00 vs VAL=1616.75
2026-02-06 13:18:36,680 [INFO]     NSE:COFORGE-EQ | CVD=-373593 vs Ref=-459286 | Close=1543.00 vs VAL=1535.00
2026-02-06 13:18:36,877 [INFO]     NSE:LAURUSLABS-EQ | CVD=-86914 vs Ref=-150837 | Close=945.50 vs VAL=944.80
2026-02-06 13:18:37,086 [INFO]     NSE:ZYDUSLIFE-EQ | CVD=3909 vs Ref=-48650 | Close=888.85 vs VAL=884.85
2026-02-06 13:18:37,285 [INFO]     NSE:CAMS-EQ | CVD=11051 vs Ref=-75694 | Close=715.25 vs VAL=711.90
2026-02-06 13:18:37,517 [INFO]     NSE:BEL-EQ | CVD=731857 vs Ref=-426850 | Close=427.70 vs VAL=426.65
2026-02-06 13:18:37,740 [INFO]     NSE:RECLTD-EQ | CVD=-1079328 vs Ref=-973015 | Close=370.00 vs VAL=368.80
2026-02-06 13:18:37,974 [INFO]     NSE:GMRAIRPORT-EQ | CVD=-1418469 vs Ref=-935696 | Close=96.34 vs VAL=96.05
2026-02-06 13:19:37,976 [INFO] 🔍 Scanning for alerts on 10 symbols (5min)...
2026-02-06 13:19:38,203 [INFO]     NSE:LTIM-EQ | CVD=-23383 vs Ref=-39087 | Close=5539.00 vs VAL=5516.50
2026-02-06 13:19:38,439 [INFO]     NSE:ANGELONE-EQ | CVD=7921 vs Ref=-38939 | Close=2588.50 vs VAL=2576.40
2026-02-06 13:19:38,639 [INFO]     NSE:TECHM-EQ | CVD=-46713 vs Ref=-128591 | Close=1607.00 vs VAL=1616.75
2026-02-06 13:19:38,837 [INFO]     NSE:COFORGE-EQ | CVD=-373593 vs Ref=-459286 | Close=1543.00 vs VAL=1535.00
2026-02-06 13:19:39,049 [INFO]     NSE:LAURUSLABS-EQ | CVD=-86914 vs Ref=-150837 | Close=945.50 vs VAL=944.80
2026-02-06 13:19:39,257 [INFO]     NSE:ZYDUSLIFE-EQ | CVD=3909 vs Ref=-48650 | Close=888.85 vs VAL=884.85
2026-02-06 13:19:39,470 [INFO]     NSE:CAMS-EQ | CVD=11051 vs Ref=-75694 | Close=715.25 vs VAL=711.90
2026-02-06 13:19:39,676 [INFO]     NSE:BEL-EQ | CVD=731857 vs Ref=-426850 | Close=427.70 vs VAL=426.65
2026-02-06 13:19:39,865 [INFO]     NSE:RECLTD-EQ | CVD=-1079328 vs Ref=-973015 | Close=370.00 vs VAL=368.80
2026-02-06 13:19:40,092 [INFO]     NSE:GMRAIRPORT-EQ | CVD=-1418469 vs Ref=-935696 | Close=96.34 vs VAL=96.05
2026-02-06 13:20:40,094 [INFO] 🔍 Scanning for alerts on 10 symbols (5min)...
2026-02-06 13:20:40,351 [INFO]     NSE:LTIM-EQ | CVD=-23383 vs Ref=-39087 | Close=5539.00 vs VAL=5516.50
2026-02-06 13:20:40,570 [INFO]     NSE:ANGELONE-EQ | CVD=7921 vs Ref=-38939 | Close=2588.50 vs VAL=2576.40
2026-02-06 13:20:40,772 [INFO]     NSE:TECHM-EQ | CVD=-46713 vs Ref=-128591 | Close=1607.00 vs VAL=1616.75
2026-02-06 13:20:40,984 [INFO]     NSE:COFORGE-EQ | CVD=-373593 vs Ref=-459286 | Close=1543.00 vs VAL=1535.00
2026-02-06 13:20:41,218 [INFO]     NSE:LAURUSLABS-EQ | CVD=-86914 vs Ref=-150837 | Close=945.50 vs VAL=944.80
2026-02-06 13:20:41,458 [INFO]     NSE:ZYDUSLIFE-EQ | CVD=3909 vs Ref=-48650 | Close=888.85 vs VAL=884.85
2026-02-06 13:20:41,657 [INFO]     NSE:CAMS-EQ | CVD=11051 vs Ref=-75694 | Close=715.25 vs VAL=711.90
2026-02-06 13:20:41,865 [INFO]     NSE:BEL-EQ | CVD=731857 vs Ref=-426850 | Close=427.70 vs VAL=426.65
2026-02-06 13:20:42,130 [INFO]     NSE:RECLTD-EQ | CVD=-1079328 vs Ref=-973015 | Close=370.00 vs VAL=368.80
2026-02-06 13:20:42,376 [INFO]     NSE:GMRAIRPORT-EQ | CVD=-1418469 vs Ref=-935696 | Close=96.34 vs VAL=96.05
2026-02-06 13:21:42,377 [INFO] 🔍 Scanning for alerts on 10 symbols (5min)...
2026-02-06 13:21:42,568 [INFO]     NSE:LTIM-EQ | CVD=-21914 vs Ref=-39087 | Close=5547.00 vs VAL=5516.50
2026-02-06 13:21:42,787 [INFO]     NSE:ANGELONE-EQ | CVD=8736 vs Ref=-38939 | Close=2589.40 vs VAL=2576.40
2026-02-06 13:21:43,019 [INFO]     NSE:TECHM-EQ | CVD=-46783 vs Ref=-128591 | Close=1607.80 vs VAL=1616.75
2026-02-06 13:21:43,236 [INFO]     NSE:COFORGE-EQ | CVD=-367005 vs Ref=-459286 | Close=1546.00 vs VAL=1535.00
2026-02-06 13:21:43,445 [INFO]     NSE:LAURUSLABS-EQ | CVD=-85044 vs Ref=-150837 | Close=945.30 vs VAL=944.80
2026-02-06 13:21:43,668 [INFO]     NSE:ZYDUSLIFE-EQ | CVD=4311 vs Ref=-48650 | Close=888.30 vs VAL=884.85
2026-02-06 13:21:43,897 [INFO]     NSE:CAMS-EQ | CVD=12620 vs Ref=-75694 | Close=715.00 vs VAL=711.90
2026-02-06 13:21:44,090 [INFO]     NSE:BEL-EQ | CVD=684464 vs Ref=-426850 | Close=427.20 vs VAL=426.65
2026-02-06 13:21:44,306 [INFO]     NSE:RECLTD-EQ | CVD=-1074507 vs Ref=-973015 | Close=370.25 vs VAL=368.80
2026-02-06 13:21:44,550 [INFO]     NSE:GMRAIRPORT-EQ | CVD=-1447511 vs Ref=-935696 | Close=96.25 vs VAL=96.05
2026-02-06 13:22:44,552 [INFO] 🔍 Scanning for alerts on 10 symbols (5min)...
2026-02-06 13:22:44,759 [INFO]     NSE:LTIM-EQ | CVD=-21914 vs Ref=-39087 | Close=5547.00 vs VAL=5516.50
2026-02-06 13:22:44,965 [INFO]     NSE:ANGELONE-EQ | CVD=8736 vs Ref=-38939 | Close=2589.40 vs VAL=2576.40
2026-02-06 13:22:45,191 [INFO]     NSE:TECHM-EQ | CVD=-46783 vs Ref=-128591 | Close=1607.80 vs VAL=1616.75
2026-02-06 13:22:45,402 [INFO]     NSE:COFORGE-EQ | CVD=-367005 vs Ref=-459286 | Close=1546.00 vs VAL=1535.00
2026-02-06 13:22:46,292 [INFO]     NSE:LAURUSLABS-EQ | CVD=-85044 vs Ref=-150837 | Close=945.30 vs VAL=944.80
2026-02-06 13:22:46,485 [INFO]     NSE:ZYDUSLIFE-EQ | CVD=4311 vs Ref=-48650 | Close=888.30 vs VAL=884.85
2026-02-06 13:22:46,712 [INFO]     NSE:CAMS-EQ | CVD=12620 vs Ref=-75694 | Close=715.00 vs VAL=711.90
2026-02-06 13:22:46,917 [INFO]     NSE:BEL-EQ | CVD=684464 vs Ref=-426850 | Close=427.20 vs VAL=426.65
2026-02-06 13:22:47,172 [INFO]     NSE:RECLTD-EQ | CVD=-1074507 vs Ref=-973015 | Close=370.25 vs VAL=368.80
2026-02-06 13:22:47,406 [INFO]     NSE:GMRAIRPORT-EQ | CVD=-1447511 vs Ref=-935696 | Close=96.25 vs VAL=96.05
2026-02-06 13:23:47,407 [INFO] 🔍 Scanning for alerts on 10 symbols (5min)...
2026-02-06 13:23:47,614 [INFO]     NSE:LTIM-EQ | CVD=-21914 vs Ref=-39087 | Close=5547.00 vs VAL=5516.50
2026-02-06 13:23:47,857 [INFO]     NSE:ANGELONE-EQ | CVD=8736 vs Ref=-38939 | Close=2589.40 vs VAL=2576.40
2026-02-06 13:23:48,061 [INFO]     NSE:TECHM-EQ | CVD=-46783 vs Ref=-128591 | Close=1607.80 vs VAL=1616.75
2026-02-06 13:23:49,773 [INFO]     NSE:COFORGE-EQ | CVD=-367005 vs Ref=-459286 | Close=1546.00 vs VAL=1535.00
2026-02-06 13:23:49,981 [INFO]     NSE:LAURUSLABS-EQ | CVD=-85044 vs Ref=-150837 | Close=945.30 vs VAL=944.80
2026-02-06 13:23:50,201 [INFO]     NSE:ZYDUSLIFE-EQ | CVD=4311 vs Ref=-48650 | Close=888.30 vs VAL=884.85
2026-02-06 13:23:50,428 [INFO]     NSE:CAMS-EQ | CVD=12620 vs Ref=-75694 | Close=715.00 vs VAL=711.90
2026-02-06 13:23:50,668 [INFO]     NSE:BEL-EQ | CVD=684464 vs Ref=-426850 | Close=427.20 vs VAL=426.65
2026-02-06 13:23:50,853 [INFO]     NSE:RECLTD-EQ | CVD=-1074507 vs Ref=-973015 | Close=370.25 vs VAL=368.80
2026-02-06 13:23:51,076 [INFO]     NSE:GMRAIRPORT-EQ | CVD=-1447511 vs Ref=-935696 | Close=96.25 vs VAL=96.05
2026-02-06 13:24:51,077 [INFO] 🔍 Scanning for alerts on 10 symbols (5min)...
2026-02-06 13:24:51,279 [INFO]     NSE:LTIM-EQ | CVD=-21914 vs Ref=-39087 | Close=5547.00 vs VAL=5516.50
2026-02-06 13:24:51,494 [INFO]     NSE:ANGELONE-EQ | CVD=8736 vs Ref=-38939 | Close=2589.40 vs VAL=2576.40
2026-02-06 13:24:51,742 [INFO]     NSE:TECHM-EQ | CVD=-46783 vs Ref=-128591 | Close=1607.80 vs VAL=1616.75
2026-02-06 13:24:51,954 [INFO]     NSE:COFORGE-EQ | CVD=-367005 vs Ref=-459286 | Close=1546.00 vs VAL=1535.00
2026-02-06 13:24:52,184 [INFO]     NSE:LAURUSLABS-EQ | CVD=-85044 vs Ref=-150837 | Close=945.30 vs VAL=944.80
2026-02-06 13:24:52,372 [INFO]     NSE:ZYDUSLIFE-EQ | CVD=4311 vs Ref=-48650 | Close=888.30 vs VAL=884.85
2026-02-06 13:24:54,329 [INFO]     NSE:CAMS-EQ | CVD=12620 vs Ref=-75694 | Close=715.00 vs VAL=711.90
2026-02-06 13:24:54,550 [INFO]     NSE:BEL-EQ | CVD=684464 vs Ref=-426850 | Close=427.20 vs VAL=426.65
2026-02-06 13:24:54,743 [INFO]     NSE:RECLTD-EQ | CVD=-1074507 vs Ref=-973015 | Close=370.25 vs VAL=368.80
2026-02-06 13:24:54,942 [INFO]     NSE:GMRAIRPORT-EQ | CVD=-1447511 vs Ref=-935696 | Close=96.25 vs VAL=96.05
2026-02-06 13:25:54,943 [INFO] 🔍 Scanning for alerts on 10 symbols (5min)...
2026-02-06 13:25:55,144 [INFO]     NSE:LTIM-EQ | CVD=-21914 vs Ref=-39087 | Close=5547.00 vs VAL=5516.50
2026-02-06 13:25:55,358 [INFO]     NSE:ANGELONE-EQ | CVD=8736 vs Ref=-38939 | Close=2589.40 vs VAL=2576.40
2026-02-06 13:25:55,583 [INFO]     NSE:TECHM-EQ | CVD=-46783 vs Ref=-128591 | Close=1607.80 vs VAL=1616.75
2026-02-06 13:25:57,536 [INFO]     NSE:COFORGE-EQ | CVD=-367005 vs Ref=-459286 | Close=1546.00 vs VAL=1535.00
2026-02-06 13:25:57,708 [INFO]     NSE:LAURUSLABS-EQ | CVD=-85044 vs Ref=-150837 | Close=945.30 vs VAL=944.80
2026-02-06 13:25:57,942 [INFO]     NSE:ZYDUSLIFE-EQ | CVD=4311 vs Ref=-48650 | Close=888.30 vs VAL=884.85
2026-02-06 13:25:58,183 [INFO]     NSE:CAMS-EQ | CVD=12620 vs Ref=-75694 | Close=715.00 vs VAL=711.90
2026-02-06 13:25:58,397 [INFO]     NSE:BEL-EQ | CVD=684464 vs Ref=-426850 | Close=427.20 vs VAL=426.65
2026-02-06 13:25:58,594 [INFO]     NSE:RECLTD-EQ | CVD=-1074507 vs Ref=-973015 | Close=370.25 vs VAL=368.80
2026-02-06 13:25:58,837 [INFO]     NSE:GMRAIRPORT-EQ | CVD=-1447511 vs Ref=-935696 | Close=96.25 vs VAL=96.05
2026-02-06 13:26:58,839 [INFO] 🔍 Scanning for alerts on 10 symbols (5min)...
2026-02-06 13:26:59,050 [INFO]     NSE:LTIM-EQ | CVD=-15401 vs Ref=-39087 | Close=5555.50 vs VAL=5516.50
2026-02-06 13:26:59,252 [INFO]     NSE:ANGELONE-EQ | CVD=7952 vs Ref=-38939 | Close=2586.50 vs VAL=2576.40
2026-02-06 13:26:59,486 [INFO]     NSE:TECHM-EQ | CVD=-46567 vs Ref=-128591 | Close=1607.30 vs VAL=1616.75
2026-02-06 13:26:59,702 [INFO]     NSE:COFORGE-EQ | CVD=-370789 vs Ref=-459286 | Close=1544.00 vs VAL=1535.00
2026-02-06 13:26:59,964 [INFO]     NSE:LAURUSLABS-EQ | CVD=-84536 vs Ref=-150837 | Close=944.95 vs VAL=944.80
2026-02-06 13:27:00,201 [INFO]     NSE:ZYDUSLIFE-EQ | CVD=4271 vs Ref=-48650 | Close=888.60 vs VAL=884.85
2026-02-06 13:27:02,162 [INFO]     NSE:CAMS-EQ | CVD=12230 vs Ref=-75694 | Close=715.35 vs VAL=711.90
2026-02-06 13:27:02,475 [INFO]     NSE:BEL-EQ | CVD=644129 vs Ref=-426850 | Close=426.95 vs VAL=426.65
2026-02-06 13:27:02,734 [INFO]     NSE:RECLTD-EQ | CVD=-1080229 vs Ref=-973015 | Close=370.20 vs VAL=368.80
2026-02-06 13:27:02,974 [INFO]     NSE:GMRAIRPORT-EQ | CVD=-1445747 vs Ref=-935696 | Close=96.14 vs VAL=96.05
2026-02-06 13:28:02,976 [INFO] 🔍 Scanning for alerts on 10 symbols (5min)...
2026-02-06 13:28:03,232 [INFO]     NSE:LTIM-EQ | CVD=-15401 vs Ref=-39087 | Close=5555.50 vs VAL=5516.50
2026-02-06 13:28:03,490 [INFO]     NSE:ANGELONE-EQ | CVD=7952 vs Ref=-38939 | Close=2586.50 vs VAL=2576.40
2026-02-06 13:28:03,727 [INFO]     NSE:TECHM-EQ | CVD=-46567 vs Ref=-128591 | Close=1607.30 vs VAL=1616.75
2026-02-06 13:28:03,950 [INFO]     NSE:COFORGE-EQ | CVD=-370789 vs Ref=-459286 | Close=1544.00 vs VAL=1535.00
2026-02-06 13:28:04,286 [INFO]     NSE:LAURUSLABS-EQ | CVD=-84536 vs Ref=-150837 | Close=944.95 vs VAL=944.80
2026-02-06 13:28:04,503 [INFO]     NSE:ZYDUSLIFE-EQ | CVD=4271 vs Ref=-48650 | Close=888.60 vs VAL=884.85
2026-02-06 13:28:04,742 [INFO]     NSE:CAMS-EQ | CVD=12230 vs Ref=-75694 | Close=715.35 vs VAL=711.90
2026-02-06 13:28:04,979 [INFO]     NSE:BEL-EQ | CVD=644129 vs Ref=-426850 | Close=426.95 vs VAL=426.65
2026-02-06 13:28:05,184 [INFO]     NSE:RECLTD-EQ | CVD=-1080229 vs Ref=-973015 | Close=370.20 vs VAL=368.80
2026-02-06 13:28:05,428 [INFO]     NSE:GMRAIRPORT-EQ | CVD=-1445747 vs Ref=-935696 | Close=96.14 vs VAL=96.05
2026-02-06 13:29:05,429 [INFO] 🔍 Scanning for alerts on 10 symbols (5min)...
2026-02-06 13:29:05,845 [INFO]     NSE:LTIM-EQ | CVD=-15401 vs Ref=-39087 | Close=5555.50 vs VAL=5516.50
2026-02-06 13:29:06,198 [INFO]     NSE:ANGELONE-EQ | CVD=7952 vs Ref=-38939 | Close=2586.50 vs VAL=2576.40
2026-02-06 13:29:06,439 [INFO]     NSE:TECHM-EQ | CVD=-46567 vs Ref=-128591 | Close=1607.30 vs VAL=1616.75
2026-02-06 13:29:06,672 [INFO]     NSE:COFORGE-EQ | CVD=-370789 vs Ref=-459286 | Close=1544.00 vs VAL=1535.00
2026-02-06 13:29:06,958 [INFO]     NSE:LAURUSLABS-EQ | CVD=-84536 vs Ref=-150837 | Close=944.95 vs VAL=944.80
2026-02-06 13:29:07,169 [INFO]     NSE:ZYDUSLIFE-EQ | CVD=4271 vs Ref=-48650 | Close=888.60 vs VAL=884.85
2026-02-06 13:29:07,442 [INFO]     NSE:CAMS-EQ | CVD=12230 vs Ref=-75694 | Close=715.35 vs VAL=711.90
2026-02-06 13:29:07,692 [INFO]     NSE:BEL-EQ | CVD=644129 vs Ref=-426850 | Close=426.95 vs VAL=426.65
2026-02-06 13:29:07,994 [INFO]     NSE:RECLTD-EQ | CVD=-1080229 vs Ref=-973015 | Close=370.20 vs VAL=368.80
2026-02-06 13:29:08,275 [INFO]     NSE:GMRAIRPORT-EQ | CVD=-1445747 vs Ref=-935696 | Close=96.14 vs VAL=96.05
2026-02-06 13:30:08,276 [INFO] 🔍 Scanning for alerts on 10 symbols (5min)...
2026-02-06 13:30:08,499 [INFO]     NSE:LTIM-EQ | CVD=-15401 vs Ref=-39087 | Close=5555.50 vs VAL=5516.50
2026-02-06 13:30:08,753 [INFO]     NSE:ANGELONE-EQ | CVD=7952 vs Ref=-38939 | Close=2586.50 vs VAL=2576.40
2026-02-06 13:30:08,963 [INFO]     NSE:TECHM-EQ | CVD=-46567 vs Ref=-128591 | Close=1607.30 vs VAL=1616.75
2026-02-06 13:30:09,214 [INFO]     NSE:COFORGE-EQ | CVD=-370789 vs Ref=-459286 | Close=1544.00 vs VAL=1535.00
2026-02-06 13:30:09,461 [INFO]     NSE:LAURUSLABS-EQ | CVD=-84536 vs Ref=-150837 | Close=944.95 vs VAL=944.80
2026-02-06 13:30:09,734 [INFO]     NSE:ZYDUSLIFE-EQ | CVD=4271 vs Ref=-48650 | Close=888.60 vs VAL=884.85
2026-02-06 13:30:09,973 [INFO]     NSE:CAMS-EQ | CVD=12230 vs Ref=-75694 | Close=715.35 vs VAL=711.90
2026-02-06 13:30:10,240 [INFO]     NSE:BEL-EQ | CVD=644129 vs Ref=-426850 | Close=426.95 vs VAL=426.65
2026-02-06 13:30:10,487 [INFO]     NSE:RECLTD-EQ | CVD=-1080229 vs Ref=-973015 | Close=370.20 vs VAL=368.80
2026-02-06 13:30:10,768 [INFO]     NSE:GMRAIRPORT-EQ | CVD=-1445747 vs Ref=-935696 | Close=96.14 vs VAL=96.05
2026-02-06 13:31:10,770 [INFO] 🔍 Scanning for alerts on 10 symbols (5min)...
2026-02-06 13:31:10,983 [INFO]     NSE:LTIM-EQ | CVD=-20435 vs Ref=-39087 | Close=5550.00 vs VAL=5516.50
2026-02-06 13:31:11,221 [INFO]     NSE:ANGELONE-EQ | CVD=8321 vs Ref=-38939 | Close=2587.00 vs VAL=2576.40
2026-02-06 13:31:11,495 [INFO]     NSE:TECHM-EQ | CVD=-58054 vs Ref=-128591 | Close=1605.40 vs VAL=1616.75
2026-02-06 13:31:11,833 [INFO]     NSE:COFORGE-EQ | CVD=-370162 vs Ref=-459286 | Close=1544.00 vs VAL=1535.00
2026-02-06 13:31:12,102 [INFO]     NSE:LAURUSLABS-EQ | CVD=-84812 vs Ref=-150837 | Close=945.40 vs VAL=944.80
2026-02-06 13:31:12,423 [INFO]     NSE:ZYDUSLIFE-EQ | CVD=3661 vs Ref=-48650 | Close=888.10 vs VAL=884.85
2026-02-06 13:31:12,677 [INFO]     NSE:CAMS-EQ | CVD=18629 vs Ref=-75694 | Close=715.95 vs VAL=711.90
2026-02-06 13:31:12,903 [INFO]     NSE:BEL-EQ | CVD=654594 vs Ref=-426850 | Close=426.70 vs VAL=426.65
2026-02-06 13:31:13,147 [INFO]     NSE:RECLTD-EQ | CVD=-1080914 vs Ref=-973015 | Close=370.25 vs VAL=368.80
2026-02-06 13:31:13,385 [INFO]     NSE:GMRAIRPORT-EQ | CVD=-1386986 vs Ref=-935696 | Close=96.25 vs VAL=96.05
2026-02-06 13:32:13,386 [INFO] 🔍 Scanning for alerts on 10 symbols (5min)...
2026-02-06 13:32:13,679 [INFO]     NSE:LTIM-EQ | CVD=-20435 vs Ref=-39087 | Close=5550.00 vs VAL=5516.50
2026-02-06 13:32:13,993 [INFO]     NSE:ANGELONE-EQ | CVD=8321 vs Ref=-38939 | Close=2587.00 vs VAL=2576.40
2026-02-06 13:32:14,515 [INFO]     NSE:TECHM-EQ | CVD=-58054 vs Ref=-128591 | Close=1605.40 vs VAL=1616.75
2026-02-06 13:32:15,060 [INFO]     NSE:COFORGE-EQ | CVD=-370162 vs Ref=-459286 | Close=1544.00 vs VAL=1535.00
2026-02-06 13:32:15,442 [INFO]     NSE:LAURUSLABS-EQ | CVD=-84812 vs Ref=-150837 | Close=945.40 vs VAL=944.80
2026-02-06 13:32:15,845 [INFO]     NSE:ZYDUSLIFE-EQ | CVD=3661 vs Ref=-48650 | Close=888.10 vs VAL=884.85
2026-02-06 13:32:16,273 [INFO]     NSE:CAMS-EQ | CVD=18629 vs Ref=-75694 | Close=715.95 vs VAL=711.90
2026-02-06 13:32:16,709 [INFO]     NSE:BEL-EQ | CVD=654594 vs Ref=-426850 | Close=426.70 vs VAL=426.65
2026-02-06 13:32:17,114 [INFO]     NSE:RECLTD-EQ | CVD=-1080914 vs Ref=-973015 | Close=370.25 vs VAL=368.80
2026-02-06 13:32:17,518 [INFO]     NSE:GMRAIRPORT-EQ | CVD=-1386986 vs Ref=-935696 | Close=96.25 vs VAL=96.05
2026-02-06 13:33:17,520 [INFO] 🔍 Scanning for alerts on 10 symbols (5min)...
2026-02-06 13:33:17,794 [INFO]     NSE:LTIM-EQ | CVD=-20435 vs Ref=-39087 | Close=5550.00 vs VAL=5516.50
2026-02-06 13:33:18,055 [INFO]     NSE:ANGELONE-EQ | CVD=8321 vs Ref=-38939 | Close=2587.00 vs VAL=2576.40
2026-02-06 13:33:18,288 [INFO]     NSE:TECHM-EQ | CVD=-58054 vs Ref=-128591 | Close=1605.40 vs VAL=1616.75
2026-02-06 13:33:18,520 [INFO]     NSE:COFORGE-EQ | CVD=-370162 vs Ref=-459286 | Close=1544.00 vs VAL=1535.00
2026-02-06 13:33:18,776 [INFO]     NSE:LAURUSLABS-EQ | CVD=-84812 vs Ref=-150837 | Close=945.40 vs VAL=944.80
2026-02-06 13:33:19,059 [INFO]     NSE:ZYDUSLIFE-EQ | CVD=3661 vs Ref=-48650 | Close=888.10 vs VAL=884.85
2026-02-06 13:33:19,322 [INFO]     NSE:CAMS-EQ | CVD=18629 vs Ref=-75694 | Close=715.95 vs VAL=711.90
2026-02-06 13:33:19,585 [INFO]     NSE:BEL-EQ | CVD=654594 vs Ref=-426850 | Close=426.70 vs VAL=426.65
2026-02-06 13:33:19,817 [INFO]     NSE:RECLTD-EQ | CVD=-1080914 vs Ref=-973015 | Close=370.25 vs VAL=368.80
2026-02-06 13:33:20,110 [INFO]     NSE:GMRAIRPORT-EQ | CVD=-1386986 vs Ref=-935696 | Close=96.25 vs VAL=96.05
2026-02-06 13:34:20,112 [INFO] 🔍 Scanning for alerts on 10 symbols (5min)...
2026-02-06 13:34:20,312 [INFO]     NSE:LTIM-EQ | CVD=-20435 vs Ref=-39087 | Close=5550.00 vs VAL=5516.50
2026-02-06 13:34:20,559 [INFO]     NSE:ANGELONE-EQ | CVD=8321 vs Ref=-38939 | Close=2587.00 vs VAL=2576.40
2026-02-06 13:34:20,782 [INFO]     NSE:TECHM-EQ | CVD=-58054 vs Ref=-128591 | Close=1605.40 vs VAL=1616.75
2026-02-06 13:34:21,023 [INFO]     NSE:COFORGE-EQ | CVD=-370162 vs Ref=-459286 | Close=1544.00 vs VAL=1535.00
2026-02-06 13:34:21,257 [INFO]     NSE:LAURUSLABS-EQ | CVD=-84812 vs Ref=-150837 | Close=945.40 vs VAL=944.80
2026-02-06 13:34:21,506 [INFO]     NSE:ZYDUSLIFE-EQ | CVD=3661 vs Ref=-48650 | Close=888.10 vs VAL=884.85
2026-02-06 13:34:21,765 [INFO]     NSE:CAMS-EQ | CVD=18629 vs Ref=-75694 | Close=715.95 vs VAL=711.90
2026-02-06 13:34:22,037 [INFO]     NSE:BEL-EQ | CVD=654594 vs Ref=-426850 | Close=426.70 vs VAL=426.65
2026-02-06 13:34:22,275 [INFO]     NSE:RECLTD-EQ | CVD=-1080914 vs Ref=-973015 | Close=370.25 vs VAL=368.80
2026-02-06 13:34:22,513 [INFO]     NSE:GMRAIRPORT-EQ | CVD=-1386986 vs Ref=-935696 | Close=96.25 vs VAL=96.05
2026-02-06 13:35:22,514 [INFO] 🔍 Scanning for alerts on 10 symbols (5min)...
2026-02-06 13:35:22,738 [INFO]     NSE:LTIM-EQ | CVD=-20435 vs Ref=-39087 | Close=5550.00 vs VAL=5516.50
2026-02-06 13:35:23,019 [INFO]     NSE:ANGELONE-EQ | CVD=8321 vs Ref=-38939 | Close=2587.00 vs VAL=2576.40
2026-02-06 13:35:23,243 [INFO]     NSE:TECHM-EQ | CVD=-58054 vs Ref=-128591 | Close=1605.40 vs VAL=1616.75
2026-02-06 13:35:23,519 [INFO]     NSE:COFORGE-EQ | CVD=-370162 vs Ref=-459286 | Close=1544.00 vs VAL=1535.00
2026-02-06 13:35:23,774 [INFO]     NSE:LAURUSLABS-EQ | CVD=-84812 vs Ref=-150837 | Close=945.40 vs VAL=944.80
2026-02-06 13:35:24,003 [INFO]     NSE:ZYDUSLIFE-EQ | CVD=3661 vs Ref=-48650 | Close=888.10 vs VAL=884.85
2026-02-06 13:35:24,237 [INFO]     NSE:CAMS-EQ | CVD=18629 vs Ref=-75694 | Close=715.95 vs VAL=711.90
2026-02-06 13:35:24,506 [INFO]     NSE:BEL-EQ | CVD=654594 vs Ref=-426850 | Close=426.70 vs VAL=426.65
2026-02-06 13:35:24,743 [INFO]     NSE:RECLTD-EQ | CVD=-1080914 vs Ref=-973015 | Close=370.25 vs VAL=368.80
2026-02-06 13:35:25,018 [INFO]     NSE:GMRAIRPORT-EQ | CVD=-1386986 vs Ref=-935696 | Close=96.25 vs VAL=96.05
2026-02-06 13:36:25,019 [INFO] 🔍 Scanning for alerts on 10 symbols (5min)...
2026-02-06 13:36:25,273 [INFO]     NSE:LTIM-EQ | CVD=-17841 vs Ref=-39087 | Close=5550.00 vs VAL=5516.50
2026-02-06 13:36:25,506 [INFO]     NSE:ANGELONE-EQ | CVD=8839 vs Ref=-38939 | Close=2589.30 vs VAL=2576.40
2026-02-06 13:36:25,750 [INFO]     NSE:TECHM-EQ | CVD=-50193 vs Ref=-128591 | Close=1605.40 vs VAL=1616.75
2026-02-06 13:36:25,976 [INFO]     NSE:COFORGE-EQ | CVD=-372790 vs Ref=-459286 | Close=1543.70 vs VAL=1535.00
2026-02-06 13:36:26,223 [INFO]     NSE:LAURUSLABS-EQ | CVD=-85558 vs Ref=-150837 | Close=944.75 vs VAL=944.80
2026-02-06 13:36:26,482 [INFO]     NSE:ZYDUSLIFE-EQ | CVD=3696 vs Ref=-48650 | Close=887.40 vs VAL=884.85
2026-02-06 13:36:26,759 [INFO]     NSE:CAMS-EQ | CVD=18005 vs Ref=-75694 | Close=715.45 vs VAL=711.90
2026-02-06 13:36:27,184 [INFO]     NSE:BEL-EQ | CVD=562033 vs Ref=-426850 | Close=426.15 vs VAL=426.65
2026-02-06 13:36:27,416 [INFO]     NSE:RECLTD-EQ | CVD=-1126032 vs Ref=-973015 | Close=369.80 vs VAL=368.80
2026-02-06 13:36:27,656 [INFO]     NSE:GMRAIRPORT-EQ | CVD=-1468604 vs Ref=-935696 | Close=96.19 vs VAL=96.05
2026-02-06 13:37:27,657 [INFO] 🔍 Scanning for alerts on 10 symbols (5min)...
2026-02-06 13:37:27,907 [INFO]     NSE:LTIM-EQ | CVD=-17841 vs Ref=-39087 | Close=5550.00 vs VAL=5516.50
2026-02-06 13:37:28,160 [INFO]     NSE:ANGELONE-EQ | CVD=8839 vs Ref=-38939 | Close=2589.30 vs VAL=2576.40
2026-02-06 13:37:28,385 [INFO]     NSE:TECHM-EQ | CVD=-50193 vs Ref=-128591 | Close=1605.40 vs VAL=1616.75
2026-02-06 13:37:28,592 [INFO]     NSE:COFORGE-EQ | CVD=-372790 vs Ref=-459286 | Close=1543.70 vs VAL=1535.00
2026-02-06 13:37:28,872 [INFO]     NSE:LAURUSLABS-EQ | CVD=-85558 vs Ref=-150837 | Close=944.75 vs VAL=944.80
2026-02-06 13:37:29,113 [INFO]     NSE:ZYDUSLIFE-EQ | CVD=3696 vs Ref=-48650 | Close=887.40 vs VAL=884.85
2026-02-06 13:37:29,339 [INFO]     NSE:CAMS-EQ | CVD=18005 vs Ref=-75694 | Close=715.45 vs VAL=711.90
2026-02-06 13:37:29,643 [INFO]     NSE:BEL-EQ | CVD=562033 vs Ref=-426850 | Close=426.15 vs VAL=426.65
2026-02-06 13:37:29,903 [INFO]     NSE:RECLTD-EQ | CVD=-1126032 vs Ref=-973015 | Close=369.80 vs VAL=368.80
2026-02-06 13:37:30,195 [INFO]     NSE:GMRAIRPORT-EQ | CVD=-1468604 vs Ref=-935696 | Close=96.19 vs VAL=96.05
2026-02-06 13:38:30,196 [INFO] 🔍 Scanning for alerts on 10 symbols (5min)...
2026-02-06 13:38:30,490 [INFO]     NSE:LTIM-EQ | CVD=-17841 vs Ref=-39087 | Close=5550.00 vs VAL=5516.50
2026-02-06 13:38:30,783 [INFO]     NSE:ANGELONE-EQ | CVD=8839 vs Ref=-38939 | Close=2589.30 vs VAL=2576.40
2026-02-06 13:38:31,179 [INFO]     NSE:TECHM-EQ | CVD=-50193 vs Ref=-128591 | Close=1605.40 vs VAL=1616.75
2026-02-06 13:38:31,601 [INFO]     NSE:COFORGE-EQ | CVD=-372790 vs Ref=-459286 | Close=1543.70 vs VAL=1535.00
2026-02-06 13:38:31,969 [INFO]     NSE:LAURUSLABS-EQ | CVD=-85558 vs Ref=-150837 | Close=944.75 vs VAL=944.80
2026-02-06 13:38:32,205 [INFO]     NSE:ZYDUSLIFE-EQ | CVD=3696 vs Ref=-48650 | Close=887.40 vs VAL=884.85
2026-02-06 13:38:32,483 [INFO]     NSE:CAMS-EQ | CVD=18005 vs Ref=-75694 | Close=715.45 vs VAL=711.90
2026-02-06 13:38:32,754 [INFO]     NSE:BEL-EQ | CVD=562033 vs Ref=-426850 | Close=426.15 vs VAL=426.65
2026-02-06 13:38:33,036 [INFO]     NSE:RECLTD-EQ | CVD=-1126032 vs Ref=-973015 | Close=369.80 vs VAL=368.80
2026-02-06 13:38:33,280 [INFO]     NSE:GMRAIRPORT-EQ | CVD=-1468604 vs Ref=-935696 | Close=96.19 vs VAL=96.05
2026-02-06 13:39:33,282 [INFO] 🔍 Scanning for alerts on 10 symbols (5min)...
2026-02-06 13:39:34,093 [INFO]     NSE:LTIM-EQ | CVD=-17841 vs Ref=-39087 | Close=5550.00 vs VAL=5516.50
2026-02-06 13:39:34,757 [INFO]     NSE:ANGELONE-EQ | CVD=8839 vs Ref=-38939 | Close=2589.30 vs VAL=2576.40
2026-02-06 13:39:35,307 [INFO]     NSE:TECHM-EQ | CVD=-50193 vs Ref=-128591 | Close=1605.40 vs VAL=1616.75
2026-02-06 13:39:35,792 [INFO]     NSE:COFORGE-EQ | CVD=-372790 vs Ref=-459286 | Close=1543.70 vs VAL=1535.00
2026-02-06 13:39:36,125 [INFO]     NSE:LAURUSLABS-EQ | CVD=-85558 vs Ref=-150837 | Close=944.75 vs VAL=944.80
2026-02-06 13:39:36,408 [INFO]     NSE:ZYDUSLIFE-EQ | CVD=3696 vs Ref=-48650 | Close=887.40 vs VAL=884.85
2026-02-06 13:39:36,875 [INFO]     NSE:CAMS-EQ | CVD=18005 vs Ref=-75694 | Close=715.45 vs VAL=711.90
2026-02-06 13:39:37,430 [INFO]     NSE:BEL-EQ | CVD=562033 vs Ref=-426850 | Close=426.15 vs VAL=426.65
2026-02-06 13:39:37,893 [INFO]     NSE:RECLTD-EQ | CVD=-1126032 vs Ref=-973015 | Close=369.80 vs VAL=368.80
2026-02-06 13:39:38,619 [INFO]     NSE:GMRAIRPORT-EQ | CVD=-1468604 vs Ref=-935696 | Close=96.19 vs VAL=96.05
2026-02-06 13:40:38,621 [INFO] 🔍 Scanning for alerts on 10 symbols (5min)...
2026-02-06 13:40:38,839 [INFO]     NSE:LTIM-EQ | CVD=-17841 vs Ref=-39087 | Close=5550.00 vs VAL=5516.50
2026-02-06 13:40:39,078 [INFO]     NSE:ANGELONE-EQ | CVD=8839 vs Ref=-38939 | Close=2589.30 vs VAL=2576.40
2026-02-06 13:40:39,311 [INFO]     NSE:TECHM-EQ | CVD=-50193 vs Ref=-128591 | Close=1605.40 vs VAL=1616.75
2026-02-06 13:40:39,586 [INFO]     NSE:COFORGE-EQ | CVD=-372790 vs Ref=-459286 | Close=1543.70 vs VAL=1535.00
2026-02-06 13:40:39,809 [INFO]     NSE:LAURUSLABS-EQ | CVD=-85558 vs Ref=-150837 | Close=944.75 vs VAL=944.80
2026-02-06 13:40:40,069 [INFO]     NSE:ZYDUSLIFE-EQ | CVD=3696 vs Ref=-48650 | Close=887.40 vs VAL=884.85
2026-02-06 13:40:40,295 [INFO]     NSE:CAMS-EQ | CVD=18005 vs Ref=-75694 | Close=715.45 vs VAL=711.90
2026-02-06 13:40:40,592 [INFO]     NSE:BEL-EQ | CVD=562033 vs Ref=-426850 | Close=426.15 vs VAL=426.65
2026-02-06 13:40:40,825 [INFO]     NSE:RECLTD-EQ | CVD=-1126032 vs Ref=-973015 | Close=369.80 vs VAL=368.80
2026-02-06 13:40:41,073 [INFO]     NSE:GMRAIRPORT-EQ | CVD=-1468604 vs Ref=-935696 | Close=96.19 vs VAL=96.05
2026-02-06 13:41:41,074 [INFO] 🔍 Scanning for alerts on 10 symbols (5min)...
2026-02-06 13:41:41,290 [INFO]     NSE:LTIM-EQ | CVD=-17513 vs Ref=-39087 | Close=5555.50 vs VAL=5516.50
2026-02-06 13:41:41,528 [INFO]     NSE:ANGELONE-EQ | CVD=11019 vs Ref=-38939 | Close=2593.40 vs VAL=2576.40
2026-02-06 13:41:41,774 [INFO]     NSE:TECHM-EQ | CVD=-51312 vs Ref=-128591 | Close=1606.00 vs VAL=1616.75
2026-02-06 13:41:42,063 [INFO]     NSE:COFORGE-EQ | CVD=-366329 vs Ref=-459286 | Close=1545.60 vs VAL=1535.00
2026-02-06 13:41:42,373 [INFO]     NSE:LAURUSLABS-EQ | CVD=-84358 vs Ref=-150837 | Close=946.25 vs VAL=944.80
2026-02-06 13:41:42,603 [INFO]     NSE:ZYDUSLIFE-EQ | CVD=5650 vs Ref=-48650 | Close=888.30 vs VAL=884.85
2026-02-06 13:41:42,822 [INFO]     NSE:CAMS-EQ | CVD=33165 vs Ref=-75694 | Close=718.40 vs VAL=711.90
2026-02-06 13:41:43,115 [INFO]     NSE:BEL-EQ | CVD=575581 vs Ref=-426850 | Close=426.80 vs VAL=426.65
2026-02-06 13:41:43,359 [INFO]     NSE:RECLTD-EQ | CVD=-1108746 vs Ref=-973015 | Close=370.35 vs VAL=368.80
2026-02-06 13:41:43,611 [INFO]     NSE:GMRAIRPORT-EQ | CVD=-1431308 vs Ref=-935696 | Close=96.48 vs VAL=96.05
2026-02-06 13:42:43,612 [INFO] 🔍 Scanning for alerts on 10 symbols (5min)...
2026-02-06 13:42:43,854 [INFO]     NSE:LTIM-EQ | CVD=-17513 vs Ref=-39087 | Close=5555.50 vs VAL=5516.50
2026-02-06 13:42:44,100 [INFO]     NSE:ANGELONE-EQ | CVD=11019 vs Ref=-38939 | Close=2593.40 vs VAL=2576.40
2026-02-06 13:42:44,365 [INFO]     NSE:TECHM-EQ | CVD=-51312 vs Ref=-128591 | Close=1606.00 vs VAL=1616.75
2026-02-06 13:42:44,602 [INFO]     NSE:COFORGE-EQ | CVD=-366329 vs Ref=-459286 | Close=1545.60 vs VAL=1535.00
2026-02-06 13:42:44,972 [INFO]     NSE:LAURUSLABS-EQ | CVD=-84358 vs Ref=-150837 | Close=946.25 vs VAL=944.80
2026-02-06 13:42:45,255 [INFO]     NSE:ZYDUSLIFE-EQ | CVD=5650 vs Ref=-48650 | Close=888.30 vs VAL=884.85
2026-02-06 13:42:45,488 [INFO]     NSE:CAMS-EQ | CVD=33165 vs Ref=-75694 | Close=718.40 vs VAL=711.90
2026-02-06 13:42:45,724 [INFO]     NSE:BEL-EQ | CVD=575581 vs Ref=-426850 | Close=426.80 vs VAL=426.65
2026-02-06 13:42:45,975 [INFO]     NSE:RECLTD-EQ | CVD=-1108746 vs Ref=-973015 | Close=370.35 vs VAL=368.80
2026-02-06 13:42:46,194 [INFO]     NSE:GMRAIRPORT-EQ | CVD=-1431308 vs Ref=-935696 | Close=96.48 vs VAL=96.05
2026-02-06 13:43:46,196 [INFO] 🔍 Scanning for alerts on 10 symbols (5min)...
2026-02-06 13:43:46,420 [INFO]     NSE:LTIM-EQ | CVD=-17513 vs Ref=-39087 | Close=5555.50 vs VAL=5516.50
2026-02-06 13:43:46,640 [INFO]     NSE:ANGELONE-EQ | CVD=11019 vs Ref=-38939 | Close=2593.40 vs VAL=2576.40
2026-02-06 13:43:46,879 [INFO]     NSE:TECHM-EQ | CVD=-51312 vs Ref=-128591 | Close=1606.00 vs VAL=1616.75
2026-02-06 13:43:47,115 [INFO]     NSE:COFORGE-EQ | CVD=-366329 vs Ref=-459286 | Close=1545.60 vs VAL=1535.00
2026-02-06 13:43:47,319 [INFO]     NSE:LAURUSLABS-EQ | CVD=-84358 vs Ref=-150837 | Close=946.25 vs VAL=944.80
2026-02-06 13:43:48,900 [INFO]     NSE:ZYDUSLIFE-EQ | CVD=5650 vs Ref=-48650 | Close=888.30 vs VAL=884.85
2026-02-06 13:43:49,136 [INFO]     NSE:CAMS-EQ | CVD=33165 vs Ref=-75694 | Close=718.40 vs VAL=711.90
2026-02-06 13:43:49,367 [INFO]     NSE:BEL-EQ | CVD=575581 vs Ref=-426850 | Close=426.80 vs VAL=426.65
2026-02-06 13:43:49,598 [INFO]     NSE:RECLTD-EQ | CVD=-1108746 vs Ref=-973015 | Close=370.35 vs VAL=368.80
2026-02-06 13:43:49,870 [INFO]     NSE:GMRAIRPORT-EQ | CVD=-1431308 vs Ref=-935696 | Close=96.48 vs VAL=96.05
2026-02-06 13:44:49,871 [INFO] 🔍 Scanning for alerts on 10 symbols (5min)...
2026-02-06 13:44:50,129 [INFO]     NSE:LTIM-EQ | CVD=-17513 vs Ref=-39087 | Close=5555.50 vs VAL=5516.50
2026-02-06 13:44:50,388 [INFO]     NSE:ANGELONE-EQ | CVD=11019 vs Ref=-38939 | Close=2593.40 vs VAL=2576.40
2026-02-06 13:44:50,615 [INFO]     NSE:TECHM-EQ | CVD=-51312 vs Ref=-128591 | Close=1606.00 vs VAL=1616.75
2026-02-06 13:44:50,863 [INFO]     NSE:COFORGE-EQ | CVD=-366329 vs Ref=-459286 | Close=1545.60 vs VAL=1535.00
2026-02-06 13:44:51,128 [INFO]     NSE:LAURUSLABS-EQ | CVD=-84358 vs Ref=-150837 | Close=946.25 vs VAL=944.80
2026-02-06 13:44:51,368 [INFO]     NSE:ZYDUSLIFE-EQ | CVD=5650 vs Ref=-48650 | Close=888.30 vs VAL=884.85
2026-02-06 13:44:51,615 [INFO]     NSE:CAMS-EQ | CVD=33165 vs Ref=-75694 | Close=718.40 vs VAL=711.90
2026-02-06 13:44:51,824 [INFO]     NSE:BEL-EQ | CVD=575581 vs Ref=-426850 | Close=426.80 vs VAL=426.65
2026-02-06 13:44:52,067 [INFO]     NSE:RECLTD-EQ | CVD=-1108746 vs Ref=-973015 | Close=370.35 vs VAL=368.80
2026-02-06 13:44:52,324 [INFO]     NSE:GMRAIRPORT-EQ | CVD=-1431308 vs Ref=-935696 | Close=96.48 vs VAL=96.05
2026-02-06 13:45:52,325 [INFO] 🔍 Scanning for alerts on 10 symbols (5min)...
2026-02-06 13:45:52,598 [INFO]     NSE:LTIM-EQ | CVD=-17513 vs Ref=-39087 | Close=5555.50 vs VAL=5516.50
2026-02-06 13:45:52,829 [INFO]     NSE:ANGELONE-EQ | CVD=11019 vs Ref=-38939 | Close=2593.40 vs VAL=2576.40
2026-02-06 13:45:54,820 [INFO]     NSE:TECHM-EQ | CVD=-51312 vs Ref=-128591 | Close=1606.00 vs VAL=1616.75
2026-02-06 13:45:55,071 [INFO]     NSE:COFORGE-EQ | CVD=-366329 vs Ref=-459286 | Close=1545.60 vs VAL=1535.00
2026-02-06 13:45:55,292 [INFO]     NSE:LAURUSLABS-EQ | CVD=-84358 vs Ref=-150837 | Close=946.25 vs VAL=944.80
2026-02-06 13:45:55,537 [INFO]     NSE:ZYDUSLIFE-EQ | CVD=5650 vs Ref=-48650 | Close=888.30 vs VAL=884.85
2026-02-06 13:45:55,899 [INFO]     NSE:CAMS-EQ | CVD=33165 vs Ref=-75694 | Close=718.40 vs VAL=711.90
2026-02-06 13:45:56,152 [INFO]     NSE:BEL-EQ | CVD=575581 vs Ref=-426850 | Close=426.80 vs VAL=426.65
2026-02-06 13:45:56,448 [INFO]     NSE:RECLTD-EQ | CVD=-1108746 vs Ref=-973015 | Close=370.35 vs VAL=368.80
2026-02-06 13:45:56,844 [INFO]     NSE:GMRAIRPORT-EQ | CVD=-1431308 vs Ref=-935696 | Close=96.48 vs VAL=96.05
2026-02-06 13:46:56,847 [INFO] 🔍 Scanning for alerts on 10 symbols (5min)...
2026-02-06 13:46:57,452 [INFO]     NSE:LTIM-EQ | CVD=-17549 vs Ref=-39087 | Close=5554.00 vs VAL=5516.50
2026-02-06 13:46:57,962 [INFO]     NSE:ANGELONE-EQ | CVD=11606 vs Ref=-38939 | Close=2593.90 vs VAL=2576.40
2026-02-06 13:46:58,239 [INFO]     NSE:TECHM-EQ | CVD=-54364 vs Ref=-128591 | Close=1605.80 vs VAL=1616.75
2026-02-06 13:46:58,637 [INFO]     NSE:COFORGE-EQ | CVD=-373175 vs Ref=-459286 | Close=1543.50 vs VAL=1535.00
2026-02-06 13:46:58,930 [INFO]     NSE:LAURUSLABS-EQ | CVD=-83040 vs Ref=-150837 | Close=946.15 vs VAL=944.80
2026-02-06 13:46:59,254 [INFO]     NSE:ZYDUSLIFE-EQ | CVD=4777 vs Ref=-48650 | Close=888.35 vs VAL=884.85
2026-02-06 13:46:59,506 [INFO]     NSE:CAMS-EQ | CVD=32108 vs Ref=-75694 | Close=717.70 vs VAL=711.90
2026-02-06 13:46:59,736 [INFO]     NSE:BEL-EQ | CVD=607669 vs Ref=-426850 | Close=426.95 vs VAL=426.65
2026-02-06 13:47:00,026 [INFO]     NSE:RECLTD-EQ | CVD=-1120363 vs Ref=-973015 | Close=370.05 vs VAL=368.80
2026-02-06 13:47:00,296 [INFO]     NSE:GMRAIRPORT-EQ | CVD=-1431372 vs Ref=-935696 | Close=96.47 vs VAL=96.05
2026-02-06 13:48:00,297 [INFO] 🔍 Scanning for alerts on 10 symbols (5min)...
2026-02-06 13:48:00,917 [INFO]     NSE:LTIM-EQ | CVD=-17549 vs Ref=-39087 | Close=5554.00 vs VAL=5516.50
2026-02-06 13:48:03,673 [INFO]     NSE:ANGELONE-EQ | CVD=11606 vs Ref=-38939 | Close=2593.90 vs VAL=2576.40
2026-02-06 13:48:04,870 [INFO]     NSE:TECHM-EQ | CVD=-54364 vs Ref=-128591 | Close=1605.80 vs VAL=1616.75
2026-02-06 13:48:06,143 [INFO]     NSE:COFORGE-EQ | CVD=-373175 vs Ref=-459286 | Close=1543.50 vs VAL=1535.00
2026-02-06 13:48:06,896 [INFO]     NSE:LAURUSLABS-EQ | CVD=-83040 vs Ref=-150837 | Close=946.15 vs VAL=944.80
2026-02-06 13:48:07,419 [INFO]     NSE:ZYDUSLIFE-EQ | CVD=4777 vs Ref=-48650 | Close=888.35 vs VAL=884.85
2026-02-06 13:48:08,097 [INFO]     NSE:CAMS-EQ | CVD=32108 vs Ref=-75694 | Close=717.70 vs VAL=711.90
2026-02-06 13:48:08,797 [INFO]     NSE:BEL-EQ | CVD=607669 vs Ref=-426850 | Close=426.95 vs VAL=426.65
2026-02-06 13:48:09,179 [INFO]     NSE:RECLTD-EQ | CVD=-1120363 vs Ref=-973015 | Close=370.05 vs VAL=368.80
2026-02-06 13:48:09,474 [INFO]     NSE:GMRAIRPORT-EQ | CVD=-1431372 vs Ref=-935696 | Close=96.47 vs VAL=96.05
2026-02-06 13:49:09,476 [INFO] 🔍 Scanning for alerts on 10 symbols (5min)...
2026-02-06 13:49:09,731 [INFO]     NSE:LTIM-EQ | CVD=-17549 vs Ref=-39087 | Close=5554.00 vs VAL=5516.50
2026-02-06 13:49:09,987 [INFO]     NSE:ANGELONE-EQ | CVD=11606 vs Ref=-38939 | Close=2593.90 vs VAL=2576.40
2026-02-06 13:49:10,288 [INFO]     NSE:TECHM-EQ | CVD=-54364 vs Ref=-128591 | Close=1605.80 vs VAL=1616.75
2026-02-06 13:49:10,660 [INFO]     NSE:COFORGE-EQ | CVD=-373175 vs Ref=-459286 | Close=1543.50 vs VAL=1535.00
2026-02-06 13:49:11,118 [INFO]     NSE:LAURUSLABS-EQ | CVD=-83040 vs Ref=-150837 | Close=946.15 vs VAL=944.80
2026-02-06 13:49:11,488 [INFO]     NSE:ZYDUSLIFE-EQ | CVD=4777 vs Ref=-48650 | Close=888.35 vs VAL=884.85
2026-02-06 13:49:11,744 [INFO]     NSE:CAMS-EQ | CVD=32108 vs Ref=-75694 | Close=717.70 vs VAL=711.90
2026-02-06 13:49:12,087 [INFO]     NSE:BEL-EQ | CVD=607669 vs Ref=-426850 | Close=426.95 vs VAL=426.65
2026-02-06 13:49:12,395 [INFO]     NSE:RECLTD-EQ | CVD=-1120363 vs Ref=-973015 | Close=370.05 vs VAL=368.80
2026-02-06 13:49:12,664 [INFO]     NSE:GMRAIRPORT-EQ | CVD=-1431372 vs Ref=-935696 | Close=96.47 vs VAL=96.05
2026-02-06 13:50:12,666 [INFO] 🔍 Scanning for alerts on 10 symbols (5min)...
2026-02-06 13:50:13,043 [INFO]     NSE:LTIM-EQ | CVD=-17549 vs Ref=-39087 | Close=5554.00 vs VAL=5516.50
2026-02-06 13:50:13,540 [INFO]     NSE:ANGELONE-EQ | CVD=11606 vs Ref=-38939 | Close=2593.90 vs VAL=2576.40
2026-02-06 13:50:14,088 [INFO]     NSE:TECHM-EQ | CVD=-54364 vs Ref=-128591 | Close=1605.80 vs VAL=1616.75
2026-02-06 13:50:14,690 [INFO]     NSE:COFORGE-EQ | CVD=-373175 vs Ref=-459286 | Close=1543.50 vs VAL=1535.00
2026-02-06 13:50:15,117 [INFO]     NSE:LAURUSLABS-EQ | CVD=-83040 vs Ref=-150837 | Close=946.15 vs VAL=944.80
2026-02-06 13:50:15,748 [INFO]     NSE:ZYDUSLIFE-EQ | CVD=4777 vs Ref=-48650 | Close=888.35 vs VAL=884.85
2026-02-06 13:50:16,472 [INFO]     NSE:CAMS-EQ | CVD=32108 vs Ref=-75694 | Close=717.70 vs VAL=711.90
2026-02-06 13:50:16,888 [INFO]     NSE:BEL-EQ | CVD=607669 vs Ref=-426850 | Close=426.95 vs VAL=426.65
2026-02-06 13:50:17,269 [INFO]     NSE:RECLTD-EQ | CVD=-1120363 vs Ref=-973015 | Close=370.05 vs VAL=368.80
2026-02-06 13:50:17,671 [INFO]     NSE:GMRAIRPORT-EQ | CVD=-1431372 vs Ref=-935696 | Close=96.47 vs VAL=96.05
2026-02-06 13:51:17,674 [INFO] 🔍 Scanning for alerts on 10 symbols (5min)...
2026-02-06 13:51:18,316 [INFO]     NSE:LTIM-EQ | CVD=-21311 vs Ref=-39087 | Close=5557.50 vs VAL=5516.50
2026-02-06 13:51:19,326 [INFO]     NSE:ANGELONE-EQ | CVD=9847 vs Ref=-38939 | Close=2595.10 vs VAL=2576.40
2026-02-06 13:51:19,827 [INFO]     NSE:TECHM-EQ | CVD=-15812 vs Ref=-128591 | Close=1608.10 vs VAL=1616.75
2026-02-06 13:51:20,452 [INFO]     NSE:COFORGE-EQ | CVD=-380101 vs Ref=-459286 | Close=1543.30 vs VAL=1535.00
2026-02-06 13:51:21,083 [INFO]     NSE:LAURUSLABS-EQ | CVD=-86236 vs Ref=-150837 | Close=946.20 vs VAL=944.80
2026-02-06 13:51:21,591 [INFO]     NSE:ZYDUSLIFE-EQ | CVD=3958 vs Ref=-48650 | Close=888.95 vs VAL=884.85
2026-02-06 13:51:22,304 [INFO]     NSE:CAMS-EQ | CVD=32436 vs Ref=-75694 | Close=717.65 vs VAL=711.90
2026-02-06 13:51:23,057 [INFO]     NSE:BEL-EQ | CVD=587753 vs Ref=-426850 | Close=427.00 vs VAL=426.65
2026-02-06 13:51:23,831 [INFO]     NSE:RECLTD-EQ | CVD=-1094765 vs Ref=-973015 | Close=370.25 vs VAL=368.80
2026-02-06 13:51:24,732 [INFO]     NSE:GMRAIRPORT-EQ | CVD=-1441621 vs Ref=-935696 | Close=96.41 vs VAL=96.05
2026-02-06 13:52:24,735 [INFO] 🔍 Scanning for alerts on 10 symbols (5min)...
2026-02-06 13:52:25,036 [INFO]     NSE:LTIM-EQ | CVD=-21311 vs Ref=-39087 | Close=5557.50 vs VAL=5516.50
2026-02-06 13:52:25,386 [INFO]     NSE:ANGELONE-EQ | CVD=9847 vs Ref=-38939 | Close=2595.10 vs VAL=2576.40
2026-02-06 13:52:25,759 [INFO]     NSE:TECHM-EQ | CVD=-15812 vs Ref=-128591 | Close=1608.10 vs VAL=1616.75
2026-02-06 13:52:26,153 [INFO]     NSE:COFORGE-EQ | CVD=-380101 vs Ref=-459286 | Close=1543.30 vs VAL=1535.00
2026-02-06 13:52:26,492 [INFO]     NSE:LAURUSLABS-EQ | CVD=-86236 vs Ref=-150837 | Close=946.20 vs VAL=944.80
2026-02-06 13:52:26,872 [INFO]     NSE:ZYDUSLIFE-EQ | CVD=3958 vs Ref=-48650 | Close=888.95 vs VAL=884.85
2026-02-06 13:52:27,177 [INFO]     NSE:CAMS-EQ | CVD=32436 vs Ref=-75694 | Close=717.65 vs VAL=711.90
2026-02-06 13:52:27,511 [INFO]     NSE:BEL-EQ | CVD=587753 vs Ref=-426850 | Close=427.00 vs VAL=426.65
2026-02-06 13:52:27,881 [INFO]     NSE:RECLTD-EQ | CVD=-1094765 vs Ref=-973015 | Close=370.25 vs VAL=368.80
2026-02-06 13:52:28,192 [INFO]     NSE:GMRAIRPORT-EQ | CVD=-1441621 vs Ref=-935696 | Close=96.41 vs VAL=96.05
2026-02-06 13:53:28,194 [INFO] 🔍 Scanning for alerts on 10 symbols (5min)...
2026-02-06 13:53:28,663 [INFO]     NSE:LTIM-EQ | CVD=-21311 vs Ref=-39087 | Close=5557.50 vs VAL=5516.50
2026-02-06 13:53:29,096 [INFO]     NSE:ANGELONE-EQ | CVD=9847 vs Ref=-38939 | Close=2595.10 vs VAL=2576.40
2026-02-06 13:53:29,792 [INFO]     NSE:TECHM-EQ | CVD=-15812 vs Ref=-128591 | Close=1608.10 vs VAL=1616.75
2026-02-06 13:53:30,332 [INFO]     NSE:COFORGE-EQ | CVD=-380101 vs Ref=-459286 | Close=1543.30 vs VAL=1535.00
2026-02-06 13:53:31,017 [INFO]     NSE:LAURUSLABS-EQ | CVD=-86236 vs Ref=-150837 | Close=946.20 vs VAL=944.80
2026-02-06 13:53:31,646 [INFO]     NSE:ZYDUSLIFE-EQ | CVD=3958 vs Ref=-48650 | Close=888.95 vs VAL=884.85
2026-02-06 13:53:32,024 [INFO]     NSE:CAMS-EQ | CVD=32436 vs Ref=-75694 | Close=717.65 vs VAL=711.90
2026-02-06 13:53:32,335 [INFO]     NSE:BEL-EQ | CVD=587753 vs Ref=-426850 | Close=427.00 vs VAL=426.65
2026-02-06 13:53:32,955 [INFO]     NSE:RECLTD-EQ | CVD=-1094765 vs Ref=-973015 | Close=370.25 vs VAL=368.80
2026-02-06 13:53:33,847 [INFO]     NSE:GMRAIRPORT-EQ | CVD=-1441621 vs Ref=-935696 | Close=96.41 vs VAL=96.05
2026-02-06 13:54:33,850 [INFO] 🔍 Scanning for alerts on 10 symbols (5min)...
2026-02-06 13:54:34,126 [INFO]     NSE:LTIM-EQ | CVD=-21311 vs Ref=-39087 | Close=5557.50 vs VAL=5516.50
2026-02-06 13:54:34,514 [INFO]     NSE:ANGELONE-EQ | CVD=9847 vs Ref=-38939 | Close=2595.10 vs VAL=2576.40
2026-02-06 13:54:35,165 [INFO]     NSE:TECHM-EQ | CVD=-15812 vs Ref=-128591 | Close=1608.10 vs VAL=1616.75
2026-02-06 13:54:35,692 [INFO]     NSE:COFORGE-EQ | CVD=-380101 vs Ref=-459286 | Close=1543.30 vs VAL=1535.00
2026-02-06 13:54:36,209 [INFO]     NSE:LAURUSLABS-EQ | CVD=-86236 vs Ref=-150837 | Close=946.20 vs VAL=944.80
2026-02-06 13:54:36,635 [INFO]     NSE:ZYDUSLIFE-EQ | CVD=3958 vs Ref=-48650 | Close=888.95 vs VAL=884.85
2026-02-06 13:54:37,141 [INFO]     NSE:CAMS-EQ | CVD=32436 vs Ref=-75694 | Close=717.65 vs VAL=711.90
2026-02-06 13:54:37,575 [INFO]     NSE:BEL-EQ | CVD=587753 vs Ref=-426850 | Close=427.00 vs VAL=426.65
2026-02-06 13:54:38,035 [INFO]     NSE:RECLTD-EQ | CVD=-1094765 vs Ref=-973015 | Close=370.25 vs VAL=368.80
2026-02-06 13:54:38,538 [INFO]     NSE:GMRAIRPORT-EQ | CVD=-1441621 vs Ref=-935696 | Close=96.41 vs VAL=96.05
2026-02-06 13:55:38,540 [INFO] 🔍 Scanning for alerts on 10 symbols (5min)...
2026-02-06 13:55:38,825 [INFO]     NSE:LTIM-EQ | CVD=-21311 vs Ref=-39087 | Close=5557.50 vs VAL=5516.50
2026-02-06 13:55:39,104 [INFO]     NSE:ANGELONE-EQ | CVD=9847 vs Ref=-38939 | Close=2595.10 vs VAL=2576.40
2026-02-06 13:55:39,397 [INFO]     NSE:TECHM-EQ | CVD=-15812 vs Ref=-128591 | Close=1608.10 vs VAL=1616.75
2026-02-06 13:55:40,060 [INFO]     NSE:COFORGE-EQ | CVD=-380101 vs Ref=-459286 | Close=1543.30 vs VAL=1535.00
2026-02-06 13:55:40,925 [INFO]     NSE:LAURUSLABS-EQ | CVD=-86236 vs Ref=-150837 | Close=946.20 vs VAL=944.80
2026-02-06 13:55:41,510 [INFO]     NSE:ZYDUSLIFE-EQ | CVD=3958 vs Ref=-48650 | Close=888.95 vs VAL=884.85
2026-02-06 13:55:42,247 [INFO]     NSE:CAMS-EQ | CVD=32436 vs Ref=-75694 | Close=717.65 vs VAL=711.90
2026-02-06 13:55:43,028 [INFO]     NSE:BEL-EQ | CVD=587753 vs Ref=-426850 | Close=427.00 vs VAL=426.65
2026-02-06 13:55:43,687 [INFO]     NSE:RECLTD-EQ | CVD=-1094765 vs Ref=-973015 | Close=370.25 vs VAL=368.80
2026-02-06 13:55:44,246 [INFO]     NSE:GMRAIRPORT-EQ | CVD=-1441621 vs Ref=-935696 | Close=96.41 vs VAL=96.05
2026-02-06 13:56:44,249 [INFO] 🔍 Scanning for alerts on 10 symbols (5min)...
2026-02-06 13:56:44,581 [INFO]     NSE:LTIM-EQ | CVD=-21742 vs Ref=-39087 | Close=5554.00 vs VAL=5516.50
2026-02-06 13:56:44,980 [INFO]     NSE:ANGELONE-EQ | CVD=10658 vs Ref=-38939 | Close=2598.50 vs VAL=2576.40
2026-02-06 13:56:45,305 [INFO]     NSE:TECHM-EQ | CVD=9926 vs Ref=-128591 | Close=1612.40 vs VAL=1616.75
2026-02-06 13:56:45,731 [INFO]     NSE:COFORGE-EQ | CVD=-372787 vs Ref=-459286 | Close=1545.50 vs VAL=1535.00
2026-02-06 13:56:46,050 [INFO]     NSE:LAURUSLABS-EQ | CVD=-79863 vs Ref=-150837 | Close=948.25 vs VAL=944.80
2026-02-06 13:56:46,502 [INFO]     NSE:ZYDUSLIFE-EQ | CVD=6115 vs Ref=-48650 | Close=889.25 vs VAL=884.85
2026-02-06 13:56:47,198 [INFO]     NSE:CAMS-EQ | CVD=33152 vs Ref=-75694 | Close=718.85 vs VAL=711.90
2026-02-06 13:56:48,828 [INFO]     NSE:BEL-EQ | CVD=632383 vs Ref=-426850 | Close=427.80 vs VAL=426.65
2026-02-06 13:56:49,133 [INFO]     NSE:RECLTD-EQ | CVD=-1057214 vs Ref=-973015 | Close=370.70 vs VAL=368.80
2026-02-06 13:56:49,767 [INFO]     NSE:GMRAIRPORT-EQ | CVD=-1386908 vs Ref=-935696 | Close=96.55 vs VAL=96.05
2026-02-06 13:57:49,773 [INFO] 🔍 Scanning for alerts on 10 symbols (5min)...
2026-02-06 13:57:50,034 [INFO]     NSE:LTIM-EQ | CVD=-21742 vs Ref=-39087 | Close=5554.00 vs VAL=5516.50
2026-02-06 13:57:51,778 [INFO]     NSE:ANGELONE-EQ | CVD=10658 vs Ref=-38939 | Close=2598.50 vs VAL=2576.40
2026-02-06 13:57:52,061 [INFO]     NSE:TECHM-EQ | CVD=9926 vs Ref=-128591 | Close=1612.40 vs VAL=1616.75
2026-02-06 13:57:52,499 [INFO]     NSE:COFORGE-EQ | CVD=-372787 vs Ref=-459286 | Close=1545.50 vs VAL=1535.00
2026-02-06 13:57:53,121 [INFO]     NSE:LAURUSLABS-EQ | CVD=-79863 vs Ref=-150837 | Close=948.25 vs VAL=944.80
2026-02-06 13:57:53,932 [INFO]     NSE:ZYDUSLIFE-EQ | CVD=6115 vs Ref=-48650 | Close=889.25 vs VAL=884.85
2026-02-06 13:57:54,964 [INFO]     NSE:CAMS-EQ | CVD=33152 vs Ref=-75694 | Close=718.85 vs VAL=711.90
2026-02-06 13:57:55,460 [INFO]     NSE:BEL-EQ | CVD=632383 vs Ref=-426850 | Close=427.80 vs VAL=426.65
2026-02-06 13:57:55,936 [INFO]     NSE:RECLTD-EQ | CVD=-1057214 vs Ref=-973015 | Close=370.70 vs VAL=368.80
2026-02-06 13:57:56,731 [INFO]     NSE:GMRAIRPORT-EQ | CVD=-1386908 vs Ref=-935696 | Close=96.55 vs VAL=96.05
2026-02-06 13:58:56,735 [INFO] 🔍 Scanning for alerts on 10 symbols (5min)...
2026-02-06 13:58:57,874 [INFO]     NSE:LTIM-EQ | CVD=-21742 vs Ref=-39087 | Close=5554.00 vs VAL=5516.50
2026-02-06 13:58:58,504 [INFO]     NSE:ANGELONE-EQ | CVD=10658 vs Ref=-38939 | Close=2598.50 vs VAL=2576.40
2026-02-06 13:59:00,408 [INFO]     NSE:TECHM-EQ | CVD=9926 vs Ref=-128591 | Close=1612.40 vs VAL=1616.75
2026-02-06 13:59:00,672 [INFO]     NSE:COFORGE-EQ | CVD=-372787 vs Ref=-459286 | Close=1545.50 vs VAL=1535.00
2026-02-06 13:59:00,956 [INFO]     NSE:LAURUSLABS-EQ | CVD=-79863 vs Ref=-150837 | Close=948.25 vs VAL=944.80
2026-02-06 13:59:01,265 [INFO]     NSE:ZYDUSLIFE-EQ | CVD=6115 vs Ref=-48650 | Close=889.25 vs VAL=884.85
2026-02-06 13:59:01,591 [INFO]     NSE:CAMS-EQ | CVD=33152 vs Ref=-75694 | Close=718.85 vs VAL=711.90
2026-02-06 13:59:03,285 [INFO]     NSE:BEL-EQ | CVD=632383 vs Ref=-426850 | Close=427.80 vs VAL=426.65
2026-02-06 13:59:05,207 [INFO]     NSE:RECLTD-EQ | CVD=-1057214 vs Ref=-973015 | Close=370.70 vs VAL=368.80
2026-02-06 13:59:06,283 [INFO]     NSE:GMRAIRPORT-EQ | CVD=-1386908 vs Ref=-935696 | Close=96.55 vs VAL=96.05
2026-02-06 14:00:06,286 [INFO] 🔍 Scanning for alerts on 10 symbols (5min)...
2026-02-06 14:00:08,153 [INFO]     NSE:LTIM-EQ | CVD=-21742 vs Ref=-39087 | Close=5554.00 vs VAL=5516.50
2026-02-06 14:00:09,523 [INFO]     NSE:ANGELONE-EQ | CVD=10658 vs Ref=-38939 | Close=2598.50 vs VAL=2576.40
2026-02-06 14:00:10,418 [INFO]     NSE:TECHM-EQ | CVD=9926 vs Ref=-128591 | Close=1612.40 vs VAL=1616.75
2026-02-06 14:00:11,332 [INFO]     NSE:COFORGE-EQ | CVD=-372787 vs Ref=-459286 | Close=1545.50 vs VAL=1535.00
2026-02-06 14:00:11,875 [INFO]     NSE:LAURUSLABS-EQ | CVD=-79863 vs Ref=-150837 | Close=948.25 vs VAL=944.80
2026-02-06 14:00:12,323 [INFO]     NSE:ZYDUSLIFE-EQ | CVD=6115 vs Ref=-48650 | Close=889.25 vs VAL=884.85
2026-02-06 14:00:12,787 [INFO]     NSE:CAMS-EQ | CVD=33152 vs Ref=-75694 | Close=718.85 vs VAL=711.90
2026-02-06 14:00:13,287 [INFO]     NSE:BEL-EQ | CVD=632383 vs Ref=-426850 | Close=427.80 vs VAL=426.65
2026-02-06 14:00:13,851 [INFO]     NSE:RECLTD-EQ | CVD=-1057214 vs Ref=-973015 | Close=370.70 vs VAL=368.80
2026-02-06 14:00:14,360 [INFO]     NSE:GMRAIRPORT-EQ | CVD=-1386908 vs Ref=-935696 | Close=96.55 vs VAL=96.05
2026-02-06 14:01:14,363 [INFO] 🔍 Scanning for alerts on 10 symbols (5min)...
2026-02-06 14:01:14,744 [INFO]     NSE:LTIM-EQ | CVD=-21835 vs Ref=-39087 | Close=5553.50 vs VAL=5516.50
2026-02-06 14:01:15,121 [INFO]     NSE:ANGELONE-EQ | CVD=23585 vs Ref=-38939 | Close=2608.80 vs VAL=2576.40
2026-02-06 14:01:15,451 [INFO]     NSE:TECHM-EQ | CVD=17887 vs Ref=-128591 | Close=1614.30 vs VAL=1616.75
2026-02-06 14:01:15,850 [INFO]     NSE:COFORGE-EQ | CVD=-374320 vs Ref=-459286 | Close=1546.60 vs VAL=1535.00
2026-02-06 14:01:16,205 [INFO]     NSE:LAURUSLABS-EQ | CVD=-81033 vs Ref=-150837 | Close=947.80 vs VAL=944.80
2026-02-06 14:01:16,619 [INFO]     NSE:ZYDUSLIFE-EQ | CVD=-7619 vs Ref=-48650 | Close=887.65 vs VAL=884.85
2026-02-06 14:01:17,059 [INFO]     NSE:CAMS-EQ | CVD=32930 vs Ref=-75694 | Close=719.15 vs VAL=711.90
2026-02-06 14:01:17,482 [INFO]     NSE:BEL-EQ | CVD=656517 vs Ref=-426850 | Close=427.60 vs VAL=426.65
2026-02-06 14:01:17,952 [INFO]     NSE:RECLTD-EQ | CVD=-1075680 vs Ref=-973015 | Close=370.80 vs VAL=368.80
2026-02-06 14:01:18,302 [INFO]     NSE:GMRAIRPORT-EQ | CVD=-1425027 vs Ref=-935696 | Close=96.64 vs VAL=96.05
2026-02-06 14:02:18,304 [INFO] 🔍 Scanning for alerts on 10 symbols (5min)...
2026-02-06 14:02:18,525 [INFO]     NSE:LTIM-EQ | CVD=-21835 vs Ref=-39087 | Close=5553.50 vs VAL=5516.50
2026-02-06 14:02:18,842 [INFO]     NSE:ANGELONE-EQ | CVD=23585 vs Ref=-38939 | Close=2608.80 vs VAL=2576.40
2026-02-06 14:02:19,100 [INFO]     NSE:TECHM-EQ | CVD=17887 vs Ref=-128591 | Close=1614.30 vs VAL=1616.75
2026-02-06 14:02:19,329 [INFO]     NSE:COFORGE-EQ | CVD=-374320 vs Ref=-459286 | Close=1546.60 vs VAL=1535.00
2026-02-06 14:02:19,609 [INFO]     NSE:LAURUSLABS-EQ | CVD=-81033 vs Ref=-150837 | Close=947.80 vs VAL=944.80
2026-02-06 14:02:19,917 [INFO]     NSE:ZYDUSLIFE-EQ | CVD=-7619 vs Ref=-48650 | Close=887.65 vs VAL=884.85
2026-02-06 14:02:20,186 [INFO]     NSE:CAMS-EQ | CVD=32930 vs Ref=-75694 | Close=719.15 vs VAL=711.90
2026-02-06 14:02:20,467 [INFO]     NSE:BEL-EQ | CVD=656517 vs Ref=-426850 | Close=427.60 vs VAL=426.65
2026-02-06 14:02:20,780 [INFO]     NSE:RECLTD-EQ | CVD=-1075680 vs Ref=-973015 | Close=370.80 vs VAL=368.80
2026-02-06 14:02:21,102 [INFO]     NSE:GMRAIRPORT-EQ | CVD=-1425027 vs Ref=-935696 | Close=96.64 vs VAL=96.05
2026-02-06 14:03:21,104 [INFO] 🔍 Scanning for alerts on 10 symbols (5min)...
2026-02-06 14:03:21,341 [INFO]     NSE:LTIM-EQ | CVD=-21835 vs Ref=-39087 | Close=5553.50 vs VAL=5516.50
2026-02-06 14:03:21,598 [INFO]     NSE:ANGELONE-EQ | CVD=23585 vs Ref=-38939 | Close=2608.80 vs VAL=2576.40
2026-02-06 14:03:21,890 [INFO]     NSE:TECHM-EQ | CVD=17887 vs Ref=-128591 | Close=1614.30 vs VAL=1616.75
2026-02-06 14:03:22,216 [INFO]     NSE:COFORGE-EQ | CVD=-374320 vs Ref=-459286 | Close=1546.60 vs VAL=1535.00
2026-02-06 14:03:22,505 [INFO]     NSE:LAURUSLABS-EQ | CVD=-81033 vs Ref=-150837 | Close=947.80 vs VAL=944.80
2026-02-06 14:03:22,785 [INFO]     NSE:ZYDUSLIFE-EQ | CVD=-7619 vs Ref=-48650 | Close=887.65 vs VAL=884.85
2026-02-06 14:03:23,091 [INFO]     NSE:CAMS-EQ | CVD=32930 vs Ref=-75694 | Close=719.15 vs VAL=711.90
2026-02-06 14:03:23,381 [INFO]     NSE:BEL-EQ | CVD=656517 vs Ref=-426850 | Close=427.60 vs VAL=426.65
2026-02-06 14:03:23,655 [INFO]     NSE:RECLTD-EQ | CVD=-1075680 vs Ref=-973015 | Close=370.80 vs VAL=368.80
2026-02-06 14:03:23,903 [INFO]     NSE:GMRAIRPORT-EQ | CVD=-1425027 vs Ref=-935696 | Close=96.64 vs VAL=96.05
2026-02-06 14:04:23,905 [INFO] 🔍 Scanning for alerts on 10 symbols (5min)...
2026-02-06 14:04:24,121 [INFO]     NSE:LTIM-EQ | CVD=-21835 vs Ref=-39087 | Close=5553.50 vs VAL=5516.50
2026-02-06 14:04:24,410 [INFO]     NSE:ANGELONE-EQ | CVD=23585 vs Ref=-38939 | Close=2608.80 vs VAL=2576.40
2026-02-06 14:04:24,666 [INFO]     NSE:TECHM-EQ | CVD=17887 vs Ref=-128591 | Close=1614.30 vs VAL=1616.75
2026-02-06 14:04:24,898 [INFO]     NSE:COFORGE-EQ | CVD=-374320 vs Ref=-459286 | Close=1546.60 vs VAL=1535.00
2026-02-06 14:04:25,222 [INFO]     NSE:LAURUSLABS-EQ | CVD=-81033 vs Ref=-150837 | Close=947.80 vs VAL=944.80
2026-02-06 14:04:25,637 [INFO]     NSE:ZYDUSLIFE-EQ | CVD=-7619 vs Ref=-48650 | Close=887.65 vs VAL=884.85
2026-02-06 14:04:25,890 [INFO]     NSE:CAMS-EQ | CVD=32930 vs Ref=-75694 | Close=719.15 vs VAL=711.90
2026-02-06 14:04:26,126 [INFO]     NSE:BEL-EQ | CVD=656517 vs Ref=-426850 | Close=427.60 vs VAL=426.65
2026-02-06 14:04:26,470 [INFO]     NSE:RECLTD-EQ | CVD=-1075680 vs Ref=-973015 | Close=370.80 vs VAL=368.80
2026-02-06 14:04:26,723 [INFO]     NSE:GMRAIRPORT-EQ | CVD=-1425027 vs Ref=-935696 | Close=96.64 vs VAL=96.05
2026-02-06 14:05:26,725 [INFO] 🔍 Scanning for alerts on 10 symbols (5min)...
2026-02-06 14:05:26,991 [INFO]     NSE:LTIM-EQ | CVD=-21835 vs Ref=-39087 | Close=5553.50 vs VAL=5516.50
2026-02-06 14:05:27,210 [INFO]     NSE:ANGELONE-EQ | CVD=23585 vs Ref=-38939 | Close=2608.80 vs VAL=2576.40
2026-02-06 14:05:27,460 [INFO]     NSE:TECHM-EQ | CVD=17887 vs Ref=-128591 | Close=1614.30 vs VAL=1616.75
2026-02-06 14:05:27,734 [INFO]     NSE:COFORGE-EQ | CVD=-374320 vs Ref=-459286 | Close=1546.60 vs VAL=1535.00
2026-02-06 14:05:27,976 [INFO]     NSE:LAURUSLABS-EQ | CVD=-81033 vs Ref=-150837 | Close=947.80 vs VAL=944.80
2026-02-06 14:05:28,203 [INFO]     NSE:ZYDUSLIFE-EQ | CVD=-7619 vs Ref=-48650 | Close=887.65 vs VAL=884.85
2026-02-06 14:05:28,468 [INFO]     NSE:CAMS-EQ | CVD=32930 vs Ref=-75694 | Close=719.15 vs VAL=711.90
2026-02-06 14:05:28,735 [INFO]     NSE:BEL-EQ | CVD=656517 vs Ref=-426850 | Close=427.60 vs VAL=426.65
2026-02-06 14:05:29,007 [INFO]     NSE:RECLTD-EQ | CVD=-1075680 vs Ref=-973015 | Close=370.80 vs VAL=368.80
2026-02-06 14:05:29,223 [INFO]     NSE:GMRAIRPORT-EQ | CVD=-1425027 vs Ref=-935696 | Close=96.64 vs VAL=96.05
2026-02-06 14:06:29,224 [INFO] 🔍 Scanning for alerts on 10 symbols (5min)...
2026-02-06 14:06:29,482 [INFO]     NSE:LTIM-EQ | CVD=-21071 vs Ref=-39087 | Close=5551.00 vs VAL=5516.50
2026-02-06 14:06:29,761 [INFO]     NSE:ANGELONE-EQ | CVD=26132 vs Ref=-38939 | Close=2610.40 vs VAL=2576.40
2026-02-06 14:06:30,100 [INFO]     NSE:TECHM-EQ | CVD=16402 vs Ref=-128591 | Close=1613.20 vs VAL=1616.75
2026-02-06 14:06:30,366 [INFO]     NSE:COFORGE-EQ | CVD=-369348 vs Ref=-459286 | Close=1547.00 vs VAL=1535.00
2026-02-06 14:06:30,700 [INFO]     NSE:LAURUSLABS-EQ | CVD=-77930 vs Ref=-150837 | Close=948.70 vs VAL=944.80
2026-02-06 14:06:30,962 [INFO]     NSE:ZYDUSLIFE-EQ | CVD=-7078 vs Ref=-48650 | Close=887.75 vs VAL=884.85
2026-02-06 14:06:31,284 [INFO]     NSE:CAMS-EQ | CVD=37088 vs Ref=-75694 | Close=719.70 vs VAL=711.90
2026-02-06 14:06:31,536 [INFO]     NSE:BEL-EQ | CVD=673392 vs Ref=-426850 | Close=428.00 vs VAL=426.65
2026-02-06 14:06:31,806 [INFO]     NSE:RECLTD-EQ | CVD=-1036435 vs Ref=-973015 | Close=371.00 vs VAL=368.80
2026-02-06 14:06:32,049 [INFO]     NSE:GMRAIRPORT-EQ | CVD=-1427550 vs Ref=-935696 | Close=96.68 vs VAL=96.05
2026-02-06 14:07:32,050 [INFO] 🔍 Scanning for alerts on 10 symbols (5min)...
2026-02-06 14:07:33,025 [INFO]     NSE:LTIM-EQ | CVD=-21071 vs Ref=-39087 | Close=5551.00 vs VAL=5516.50
2026-02-06 14:07:34,134 [INFO]     NSE:ANGELONE-EQ | CVD=26132 vs Ref=-38939 | Close=2610.40 vs VAL=2576.40
2026-02-06 14:07:35,406 [INFO]     NSE:TECHM-EQ | CVD=16402 vs Ref=-128591 | Close=1613.20 vs VAL=1616.75
2026-02-06 14:07:36,704 [INFO]     NSE:COFORGE-EQ | CVD=-369348 vs Ref=-459286 | Close=1547.00 vs VAL=1535.00
2026-02-06 14:07:37,570 [INFO]     NSE:LAURUSLABS-EQ | CVD=-77930 vs Ref=-150837 | Close=948.70 vs VAL=944.80
2026-02-06 14:07:38,417 [INFO]     NSE:ZYDUSLIFE-EQ | CVD=-7078 vs Ref=-48650 | Close=887.75 vs VAL=884.85
2026-02-06 14:07:39,349 [INFO]     NSE:CAMS-EQ | CVD=37088 vs Ref=-75694 | Close=719.70 vs VAL=711.90
2026-02-06 14:07:40,068 [INFO]     NSE:BEL-EQ | CVD=673392 vs Ref=-426850 | Close=428.00 vs VAL=426.65
2026-02-06 14:07:40,646 [INFO]     NSE:RECLTD-EQ | CVD=-1036435 vs Ref=-973015 | Close=371.00 vs VAL=368.80
2026-02-06 14:07:41,175 [INFO]     NSE:GMRAIRPORT-EQ | CVD=-1427550 vs Ref=-935696 | Close=96.68 vs VAL=96.05
2026-02-06 14:08:41,177 [INFO] 🔍 Scanning for alerts on 10 symbols (5min)...
2026-02-06 14:08:41,449 [INFO]     NSE:LTIM-EQ | CVD=-21071 vs Ref=-39087 | Close=5551.00 vs VAL=5516.50
2026-02-06 14:08:41,739 [INFO]     NSE:ANGELONE-EQ | CVD=26132 vs Ref=-38939 | Close=2610.40 vs VAL=2576.40
2026-02-06 14:08:42,440 [INFO]     NSE:TECHM-EQ | CVD=16402 vs Ref=-128591 | Close=1613.20 vs VAL=1616.75
2026-02-06 14:08:43,048 [INFO]     NSE:COFORGE-EQ | CVD=-369348 vs Ref=-459286 | Close=1547.00 vs VAL=1535.00
2026-02-06 14:08:43,751 [INFO]     NSE:LAURUSLABS-EQ | CVD=-77930 vs Ref=-150837 | Close=948.70 vs VAL=944.80
2026-02-06 14:08:44,329 [INFO]     NSE:ZYDUSLIFE-EQ | CVD=-7078 vs Ref=-48650 | Close=887.75 vs VAL=884.85
2026-02-06 14:08:44,667 [INFO]     NSE:CAMS-EQ | CVD=37088 vs Ref=-75694 | Close=719.70 vs VAL=711.90
2026-02-06 14:08:45,131 [INFO]     NSE:BEL-EQ | CVD=673392 vs Ref=-426850 | Close=428.00 vs VAL=426.65
2026-02-06 14:08:45,445 [INFO]     NSE:RECLTD-EQ | CVD=-1036435 vs Ref=-973015 | Close=371.00 vs VAL=368.80
2026-02-06 14:08:45,740 [INFO]     NSE:GMRAIRPORT-EQ | CVD=-1427550 vs Ref=-935696 | Close=96.68 vs VAL=96.05
2026-02-06 14:09:45,741 [INFO] 🔍 Scanning for alerts on 10 symbols (5min)...
2026-02-06 14:09:46,086 [INFO]     NSE:LTIM-EQ | CVD=-21071 vs Ref=-39087 | Close=5551.00 vs VAL=5516.50
2026-02-06 14:09:46,499 [INFO]     NSE:ANGELONE-EQ | CVD=26132 vs Ref=-38939 | Close=2610.40 vs VAL=2576.40
2026-02-06 14:09:46,852 [INFO]     NSE:TECHM-EQ | CVD=16402 vs Ref=-128591 | Close=1613.20 vs VAL=1616.75
2026-02-06 14:09:47,188 [INFO]     NSE:COFORGE-EQ | CVD=-369348 vs Ref=-459286 | Close=1547.00 vs VAL=1535.00
2026-02-06 14:09:47,490 [INFO]     NSE:LAURUSLABS-EQ | CVD=-77930 vs Ref=-150837 | Close=948.70 vs VAL=944.80
2026-02-06 14:09:48,229 [INFO]     NSE:ZYDUSLIFE-EQ | CVD=-7078 vs Ref=-48650 | Close=887.75 vs VAL=884.85
2026-02-06 14:09:49,690 [INFO]     NSE:CAMS-EQ | CVD=37088 vs Ref=-75694 | Close=719.70 vs VAL=711.90
2026-02-06 14:09:49,918 [INFO]     NSE:BEL-EQ | CVD=673392 vs Ref=-426850 | Close=428.00 vs VAL=426.65
2026-02-06 14:09:50,180 [INFO]     NSE:RECLTD-EQ | CVD=-1036435 vs Ref=-973015 | Close=371.00 vs VAL=368.80
2026-02-06 14:09:50,430 [INFO]     NSE:GMRAIRPORT-EQ | CVD=-1427550 vs Ref=-935696 | Close=96.68 vs VAL=96.05
2026-02-06 14:10:50,432 [INFO] 🔍 Scanning for alerts on 10 symbols (5min)...
2026-02-06 14:10:50,694 [INFO]     NSE:LTIM-EQ | CVD=-21071 vs Ref=-39087 | Close=5551.00 vs VAL=5516.50
2026-02-06 14:10:50,959 [INFO]     NSE:ANGELONE-EQ | CVD=26132 vs Ref=-38939 | Close=2610.40 vs VAL=2576.40
2026-02-06 14:10:52,833 [INFO]     NSE:TECHM-EQ | CVD=16402 vs Ref=-128591 | Close=1613.20 vs VAL=1616.75
2026-02-06 14:10:53,106 [INFO]     NSE:COFORGE-EQ | CVD=-369348 vs Ref=-459286 | Close=1547.00 vs VAL=1535.00
2026-02-06 14:10:53,414 [INFO]     NSE:LAURUSLABS-EQ | CVD=-77930 vs Ref=-150837 | Close=948.70 vs VAL=944.80
2026-02-06 14:10:53,695 [INFO]     NSE:ZYDUSLIFE-EQ | CVD=-7078 vs Ref=-48650 | Close=887.75 vs VAL=884.85
2026-02-06 14:10:53,975 [INFO]     NSE:CAMS-EQ | CVD=37088 vs Ref=-75694 | Close=719.70 vs VAL=711.90
2026-02-06 14:10:54,279 [INFO]     NSE:BEL-EQ | CVD=673392 vs Ref=-426850 | Close=428.00 vs VAL=426.65
2026-02-06 14:10:54,625 [INFO]     NSE:RECLTD-EQ | CVD=-1036435 vs Ref=-973015 | Close=371.00 vs VAL=368.80
2026-02-06 14:10:54,896 [INFO]     NSE:GMRAIRPORT-EQ | CVD=-1427550 vs Ref=-935696 | Close=96.68 vs VAL=96.05
2026-02-06 14:11:54,898 [INFO] 🔍 Scanning for alerts on 10 symbols (5min)...
2026-02-06 14:11:55,166 [INFO]     NSE:LTIM-EQ | CVD=-21144 vs Ref=-39087 | Close=5548.00 vs VAL=5516.50
2026-02-06 14:11:55,401 [INFO]     NSE:ANGELONE-EQ | CVD=28981 vs Ref=-38939 | Close=2614.30 vs VAL=2576.40
2026-02-06 14:11:55,678 [INFO]     NSE:TECHM-EQ | CVD=13338 vs Ref=-128591 | Close=1613.10 vs VAL=1616.75
2026-02-06 14:11:55,950 [INFO]     NSE:COFORGE-EQ | CVD=-378998 vs Ref=-459286 | Close=1545.30 vs VAL=1535.00
2026-02-06 14:11:56,182 [INFO]     NSE:LAURUSLABS-EQ | CVD=-73831 vs Ref=-150837 | Close=948.65 vs VAL=944.80
2026-02-06 14:11:56,493 [INFO]     NSE:ZYDUSLIFE-EQ | CVD=-6240 vs Ref=-48650 | Close=887.30 vs VAL=884.85
2026-02-06 14:11:56,878 [INFO]     NSE:CAMS-EQ | CVD=40167 vs Ref=-75694 | Close=719.95 vs VAL=711.90
2026-02-06 14:11:57,445 [INFO]     NSE:BEL-EQ | CVD=667246 vs Ref=-426850 | Close=428.15 vs VAL=426.65
2026-02-06 14:11:58,084 [INFO]     NSE:RECLTD-EQ | CVD=-337703 vs Ref=-973015 | Close=372.20 vs VAL=368.80
2026-02-06 14:11:58,444 [INFO]     NSE:GMRAIRPORT-EQ | CVD=-1429710 vs Ref=-935696 | Close=96.65 vs VAL=96.05
2026-02-06 14:12:58,446 [INFO] 🔍 Scanning for alerts on 10 symbols (5min)...
2026-02-06 14:12:58,678 [INFO]     NSE:LTIM-EQ | CVD=-21144 vs Ref=-39087 | Close=5548.00 vs VAL=5516.50
2026-02-06 14:12:58,930 [INFO]     NSE:ANGELONE-EQ | CVD=28981 vs Ref=-38939 | Close=2614.30 vs VAL=2576.40
2026-02-06 14:12:59,183 [INFO]     NSE:TECHM-EQ | CVD=13338 vs Ref=-128591 | Close=1613.10 vs VAL=1616.75
2026-02-06 14:12:59,507 [INFO]     NSE:COFORGE-EQ | CVD=-378998 vs Ref=-459286 | Close=1545.30 vs VAL=1535.00
2026-02-06 14:13:01,825 [INFO]     NSE:LAURUSLABS-EQ | CVD=-73831 vs Ref=-150837 | Close=948.65 vs VAL=944.80
2026-02-06 14:13:02,459 [INFO]     NSE:ZYDUSLIFE-EQ | CVD=-6240 vs Ref=-48650 | Close=887.30 vs VAL=884.85
2026-02-06 14:13:03,076 [INFO]     NSE:CAMS-EQ | CVD=40167 vs Ref=-75694 | Close=719.95 vs VAL=711.90
2026-02-06 14:13:03,799 [INFO]     NSE:BEL-EQ | CVD=667246 vs Ref=-426850 | Close=428.15 vs VAL=426.65
2026-02-06 14:13:04,402 [INFO]     NSE:RECLTD-EQ | CVD=-337703 vs Ref=-973015 | Close=372.20 vs VAL=368.80
2026-02-06 14:13:04,783 [INFO]     NSE:GMRAIRPORT-EQ | CVD=-1429710 vs Ref=-935696 | Close=96.65 vs VAL=96.05
2026-02-06 14:14:04,784 [INFO] 🔍 Scanning for alerts on 10 symbols (5min)...
2026-02-06 14:14:05,276 [INFO]     NSE:LTIM-EQ | CVD=-21144 vs Ref=-39087 | Close=5548.00 vs VAL=5516.50
2026-02-06 14:14:05,697 [INFO]     NSE:ANGELONE-EQ | CVD=28981 vs Ref=-38939 | Close=2614.30 vs VAL=2576.40
2026-02-06 14:14:06,053 [INFO]     NSE:TECHM-EQ | CVD=13338 vs Ref=-128591 | Close=1613.10 vs VAL=1616.75
2026-02-06 14:14:06,357 [INFO]     NSE:COFORGE-EQ | CVD=-378998 vs Ref=-459286 | Close=1545.30 vs VAL=1535.00
2026-02-06 14:14:07,079 [INFO]     NSE:LAURUSLABS-EQ | CVD=-73831 vs Ref=-150837 | Close=948.65 vs VAL=944.80
2026-02-06 14:14:07,601 [INFO]     NSE:ZYDUSLIFE-EQ | CVD=-6240 vs Ref=-48650 | Close=887.30 vs VAL=884.85
2026-02-06 14:14:08,118 [INFO]     NSE:CAMS-EQ | CVD=40167 vs Ref=-75694 | Close=719.95 vs VAL=711.90
2026-02-06 14:14:08,393 [INFO]     NSE:BEL-EQ | CVD=667246 vs Ref=-426850 | Close=428.15 vs VAL=426.65
2026-02-06 14:14:08,667 [INFO]     NSE:RECLTD-EQ | CVD=-337703 vs Ref=-973015 | Close=372.20 vs VAL=368.80
2026-02-06 14:14:08,950 [INFO]     NSE:GMRAIRPORT-EQ | CVD=-1429710 vs Ref=-935696 | Close=96.65 vs VAL=96.05
2026-02-06 14:15:08,951 [INFO] 🔍 Scanning for alerts on 10 symbols (5min)...
2026-02-06 14:15:09,513 [INFO]     NSE:LTIM-EQ | CVD=-21144 vs Ref=-39087 | Close=5548.00 vs VAL=5516.50
2026-02-06 14:15:09,889 [INFO]     NSE:ANGELONE-EQ | CVD=28981 vs Ref=-38939 | Close=2614.30 vs VAL=2576.40
2026-02-06 14:15:10,459 [INFO]     NSE:TECHM-EQ | CVD=13338 vs Ref=-128591 | Close=1613.10 vs VAL=1616.75
2026-02-06 14:15:10,879 [INFO]     NSE:COFORGE-EQ | CVD=-378998 vs Ref=-459286 | Close=1545.30 vs VAL=1535.00
2026-02-06 14:15:11,257 [INFO]     NSE:LAURUSLABS-EQ | CVD=-73831 vs Ref=-150837 | Close=948.65 vs VAL=944.80
2026-02-06 14:15:11,666 [INFO]     NSE:ZYDUSLIFE-EQ | CVD=-6240 vs Ref=-48650 | Close=887.30 vs VAL=884.85
2026-02-06 14:15:12,183 [INFO]     NSE:CAMS-EQ | CVD=40167 vs Ref=-75694 | Close=719.95 vs VAL=711.90
2026-02-06 14:15:12,668 [INFO]     NSE:BEL-EQ | CVD=667246 vs Ref=-426850 | Close=428.15 vs VAL=426.65
2026-02-06 14:15:13,110 [INFO]     NSE:RECLTD-EQ | CVD=-337703 vs Ref=-973015 | Close=372.20 vs VAL=368.80
2026-02-06 14:15:13,618 [INFO]     NSE:GMRAIRPORT-EQ | CVD=-1429710 vs Ref=-935696 | Close=96.65 vs VAL=96.05
2026-02-06 14:16:13,622 [INFO] 🔍 Scanning for alerts on 10 symbols (5min)...
2026-02-06 14:16:13,958 [INFO]     NSE:LTIM-EQ | CVD=-17220 vs Ref=-39087 | Close=5535.50 vs VAL=5516.50
2026-02-06 14:16:14,736 [INFO]     NSE:ANGELONE-EQ | CVD=27251 vs Ref=-38939 | Close=2612.30 vs VAL=2576.40
2026-02-06 14:16:15,484 [INFO]     NSE:TECHM-EQ | CVD=13821 vs Ref=-128591 | Close=1611.70 vs VAL=1616.75
2026-02-06 14:16:16,140 [INFO]     NSE:COFORGE-EQ | CVD=-388526 vs Ref=-459286 | Close=1543.00 vs VAL=1535.00
2026-02-06 14:16:16,822 [INFO]     NSE:LAURUSLABS-EQ | CVD=-77238 vs Ref=-150837 | Close=947.55 vs VAL=944.80
2026-02-06 14:16:17,292 [INFO]     NSE:ZYDUSLIFE-EQ | CVD=-5342 vs Ref=-48650 | Close=887.85 vs VAL=884.85
2026-02-06 14:16:17,625 [INFO]     NSE:CAMS-EQ | CVD=37610 vs Ref=-75694 | Close=719.20 vs VAL=711.90
2026-02-06 14:16:17,929 [INFO]     NSE:BEL-EQ | CVD=678320 vs Ref=-426850 | Close=427.90 vs VAL=426.65
2026-02-06 14:16:18,248 [INFO]     NSE:RECLTD-EQ | CVD=-428717 vs Ref=-973015 | Close=371.05 vs VAL=368.80
2026-02-06 14:16:18,942 [INFO]     NSE:GMRAIRPORT-EQ | CVD=-1433571 vs Ref=-935696 | Close=96.62 vs VAL=96.05
2026-02-06 14:17:18,946 [INFO] 🔍 Scanning for alerts on 10 symbols (5min)...
2026-02-06 14:17:19,239 [INFO]     NSE:LTIM-EQ | CVD=-17220 vs Ref=-39087 | Close=5535.50 vs VAL=5516.50
2026-02-06 14:17:19,607 [INFO]     NSE:ANGELONE-EQ | CVD=27251 vs Ref=-38939 | Close=2612.30 vs VAL=2576.40
2026-02-06 14:17:20,242 [INFO]     NSE:TECHM-EQ | CVD=13821 vs Ref=-128591 | Close=1611.70 vs VAL=1616.75
2026-02-06 14:17:20,895 [INFO]     NSE:COFORGE-EQ | CVD=-388526 vs Ref=-459286 | Close=1543.00 vs VAL=1535.00
2026-02-06 14:17:21,309 [INFO]     NSE:LAURUSLABS-EQ | CVD=-77238 vs Ref=-150837 | Close=947.55 vs VAL=944.80
2026-02-06 14:17:21,645 [INFO]     NSE:ZYDUSLIFE-EQ | CVD=-5342 vs Ref=-48650 | Close=887.85 vs VAL=884.85
2026-02-06 14:17:21,920 [INFO]     NSE:CAMS-EQ | CVD=37610 vs Ref=-75694 | Close=719.20 vs VAL=711.90
2026-02-06 14:17:22,192 [INFO]     NSE:BEL-EQ | CVD=678320 vs Ref=-426850 | Close=427.90 vs VAL=426.65
2026-02-06 14:17:22,469 [INFO]     NSE:RECLTD-EQ | CVD=-428717 vs Ref=-973015 | Close=371.05 vs VAL=368.80
2026-02-06 14:17:22,750 [INFO]     NSE:GMRAIRPORT-EQ | CVD=-1433571 vs Ref=-935696 | Close=96.62 vs VAL=96.05
2026-02-06 14:18:22,751 [INFO] 🔍 Scanning for alerts on 10 symbols (5min)...
2026-02-06 14:18:23,567 [INFO]     NSE:LTIM-EQ | CVD=-17220 vs Ref=-39087 | Close=5535.50 vs VAL=5516.50
2026-02-06 14:18:24,379 [INFO]     NSE:ANGELONE-EQ | CVD=27251 vs Ref=-38939 | Close=2612.30 vs VAL=2576.40
2026-02-06 14:18:25,357 [INFO]     NSE:TECHM-EQ | CVD=13821 vs Ref=-128591 | Close=1611.70 vs VAL=1616.75
2026-02-06 14:18:26,199 [INFO]     NSE:COFORGE-EQ | CVD=-388526 vs Ref=-459286 | Close=1543.00 vs VAL=1535.00
2026-02-06 14:18:26,969 [INFO]     NSE:LAURUSLABS-EQ | CVD=-77238 vs Ref=-150837 | Close=947.55 vs VAL=944.80
2026-02-06 14:18:27,429 [INFO]     NSE:ZYDUSLIFE-EQ | CVD=-5342 vs Ref=-48650 | Close=887.85 vs VAL=884.85
2026-02-06 14:18:27,788 [INFO]     NSE:CAMS-EQ | CVD=37610 vs Ref=-75694 | Close=719.20 vs VAL=711.90
2026-02-06 14:18:28,153 [INFO]     NSE:BEL-EQ | CVD=678320 vs Ref=-426850 | Close=427.90 vs VAL=426.65
2026-02-06 14:18:28,434 [INFO]     NSE:RECLTD-EQ | CVD=-428717 vs Ref=-973015 | Close=371.05 vs VAL=368.80
2026-02-06 14:18:28,729 [INFO]     NSE:GMRAIRPORT-EQ | CVD=-1433571 vs Ref=-935696 | Close=96.62 vs VAL=96.05
2026-02-06 14:19:28,731 [INFO] 🔍 Scanning for alerts on 10 symbols (5min)...
2026-02-06 14:19:29,065 [INFO]     NSE:LTIM-EQ | CVD=-17220 vs Ref=-39087 | Close=5535.50 vs VAL=5516.50
2026-02-06 14:19:30,179 [INFO]     NSE:ANGELONE-EQ | CVD=27251 vs Ref=-38939 | Close=2612.30 vs VAL=2576.40
2026-02-06 14:19:30,858 [INFO]     NSE:TECHM-EQ | CVD=13821 vs Ref=-128591 | Close=1611.70 vs VAL=1616.75
2026-02-06 14:19:31,343 [INFO]     NSE:COFORGE-EQ | CVD=-388526 vs Ref=-459286 | Close=1543.00 vs VAL=1535.00
2026-02-06 14:19:32,108 [INFO]     NSE:LAURUSLABS-EQ | CVD=-77238 vs Ref=-150837 | Close=947.55 vs VAL=944.80
2026-02-06 14:19:33,250 [INFO]     NSE:ZYDUSLIFE-EQ | CVD=-5342 vs Ref=-48650 | Close=887.85 vs VAL=884.85
2026-02-06 14:19:34,800 [INFO]     NSE:CAMS-EQ | CVD=37610 vs Ref=-75694 | Close=719.20 vs VAL=711.90
2026-02-06 14:19:35,934 [INFO]     NSE:BEL-EQ | CVD=678320 vs Ref=-426850 | Close=427.90 vs VAL=426.65
2026-02-06 14:19:36,862 [INFO]     NSE:RECLTD-EQ | CVD=-428717 vs Ref=-973015 | Close=371.05 vs VAL=368.80
2026-02-06 14:19:37,404 [INFO]     NSE:GMRAIRPORT-EQ | CVD=-1433571 vs Ref=-935696 | Close=96.62 vs VAL=96.05
2026-02-06 14:20:37,405 [INFO] 🔍 Scanning for alerts on 10 symbols (5min)...
2026-02-06 14:20:37,661 [INFO]     NSE:LTIM-EQ | CVD=-17220 vs Ref=-39087 | Close=5535.50 vs VAL=5516.50
2026-02-06 14:20:37,963 [INFO]     NSE:ANGELONE-EQ | CVD=27251 vs Ref=-38939 | Close=2612.30 vs VAL=2576.40
2026-02-06 14:20:38,226 [INFO]     NSE:TECHM-EQ | CVD=13821 vs Ref=-128591 | Close=1611.70 vs VAL=1616.75
2026-02-06 14:20:38,481 [INFO]     NSE:COFORGE-EQ | CVD=-388526 vs Ref=-459286 | Close=1543.00 vs VAL=1535.00
2026-02-06 14:20:38,826 [INFO]     NSE:LAURUSLABS-EQ | CVD=-77238 vs Ref=-150837 | Close=947.55 vs VAL=944.80
2026-02-06 14:20:39,133 [INFO]     NSE:ZYDUSLIFE-EQ | CVD=-5342 vs Ref=-48650 | Close=887.85 vs VAL=884.85
2026-02-06 14:20:39,452 [INFO]     NSE:CAMS-EQ | CVD=37610 vs Ref=-75694 | Close=719.20 vs VAL=711.90
2026-02-06 14:20:39,775 [INFO]     NSE:BEL-EQ | CVD=678320 vs Ref=-426850 | Close=427.90 vs VAL=426.65
2026-02-06 14:20:40,090 [INFO]     NSE:RECLTD-EQ | CVD=-428717 vs Ref=-973015 | Close=371.05 vs VAL=368.80
2026-02-06 14:20:40,409 [INFO]     NSE:GMRAIRPORT-EQ | CVD=-1433571 vs Ref=-935696 | Close=96.62 vs VAL=96.05
2026-02-06 14:21:40,411 [INFO] 🔍 Scanning for alerts on 10 symbols (5min)...
2026-02-06 14:21:40,949 [INFO]     NSE:LTIM-EQ | CVD=-18097 vs Ref=-39087 | Close=5533.00 vs VAL=5516.50
2026-02-06 14:21:41,808 [INFO]     NSE:ANGELONE-EQ | CVD=32371 vs Ref=-38939 | Close=2622.80 vs VAL=2576.40
2026-02-06 14:21:42,360 [INFO]     NSE:TECHM-EQ | CVD=18496 vs Ref=-128591 | Close=1612.10 vs VAL=1616.75
2026-02-06 14:21:42,694 [INFO]     NSE:COFORGE-EQ | CVD=-381966 vs Ref=-459286 | Close=1543.20 vs VAL=1535.00
2026-02-06 14:21:43,108 [INFO]     NSE:LAURUSLABS-EQ | CVD=-58255 vs Ref=-150837 | Close=948.75 vs VAL=944.80
2026-02-06 14:21:43,473 [INFO]     NSE:ZYDUSLIFE-EQ | CVD=-8666 vs Ref=-48650 | Close=888.30 vs VAL=884.85
2026-02-06 14:21:43,860 [INFO]     NSE:CAMS-EQ | CVD=40105 vs Ref=-75694 | Close=719.85 vs VAL=711.90
2026-02-06 14:21:44,177 [INFO]     NSE:BEL-EQ | CVD=687178 vs Ref=-426850 | Close=428.10 vs VAL=426.65
2026-02-06 14:21:44,800 [INFO]     NSE:RECLTD-EQ | CVD=-385803 vs Ref=-973015 | Close=371.30 vs VAL=368.80
2026-02-06 14:21:45,636 [INFO]     NSE:GMRAIRPORT-EQ | CVD=-1445726 vs Ref=-935696 | Close=96.68 vs VAL=96.05
2026-02-06 14:22:45,641 [INFO] 🔍 Scanning for alerts on 10 symbols (5min)...
2026-02-06 14:22:47,097 [INFO]     NSE:LTIM-EQ | CVD=-18097 vs Ref=-39087 | Close=5533.00 vs VAL=5516.50
2026-02-06 14:22:49,241 [INFO]     NSE:ANGELONE-EQ | CVD=32371 vs Ref=-38939 | Close=2622.80 vs VAL=2576.40
2026-02-06 14:22:49,875 [INFO]     NSE:TECHM-EQ | CVD=18496 vs Ref=-128591 | Close=1612.10 vs VAL=1616.75
2026-02-06 14:22:51,080 [INFO]     NSE:COFORGE-EQ | CVD=-381966 vs Ref=-459286 | Close=1543.20 vs VAL=1535.00
2026-02-06 14:22:52,248 [INFO]     NSE:LAURUSLABS-EQ | CVD=-58255 vs Ref=-150837 | Close=948.75 vs VAL=944.80
2026-02-06 14:22:53,196 [INFO]     NSE:ZYDUSLIFE-EQ | CVD=-8666 vs Ref=-48650 | Close=888.30 vs VAL=884.85
2026-02-06 14:22:53,643 [INFO]     NSE:CAMS-EQ | CVD=40105 vs Ref=-75694 | Close=719.85 vs VAL=711.90
2026-02-06 14:22:54,139 [INFO]     NSE:BEL-EQ | CVD=687178 vs Ref=-426850 | Close=428.10 vs VAL=426.65
2026-02-06 14:22:55,044 [INFO]     NSE:RECLTD-EQ | CVD=-385803 vs Ref=-973015 | Close=371.30 vs VAL=368.80
2026-02-06 14:22:55,937 [INFO]     NSE:GMRAIRPORT-EQ | CVD=-1445726 vs Ref=-935696 | Close=96.68 vs VAL=96.05
2026-02-06 14:23:55,939 [INFO] 🔍 Scanning for alerts on 10 symbols (5min)...
2026-02-06 14:23:56,533 [INFO]     NSE:LTIM-EQ | CVD=-18097 vs Ref=-39087 | Close=5533.00 vs VAL=5516.50
2026-02-06 14:23:57,304 [INFO]     NSE:ANGELONE-EQ | CVD=32371 vs Ref=-38939 | Close=2622.80 vs VAL=2576.40
2026-02-06 14:23:59,174 [INFO]     NSE:TECHM-EQ | CVD=18496 vs Ref=-128591 | Close=1612.10 vs VAL=1616.75
2026-02-06 14:23:59,647 [INFO]     NSE:COFORGE-EQ | CVD=-381966 vs Ref=-459286 | Close=1543.20 vs VAL=1535.00
2026-02-06 14:24:00,404 [INFO]     NSE:LAURUSLABS-EQ | CVD=-58255 vs Ref=-150837 | Close=948.75 vs VAL=944.80
2026-02-06 14:24:02,497 [INFO]     NSE:ZYDUSLIFE-EQ | CVD=-8666 vs Ref=-48650 | Close=888.30 vs VAL=884.85
2026-02-06 14:24:03,955 [INFO]     NSE:CAMS-EQ | CVD=40105 vs Ref=-75694 | Close=719.85 vs VAL=711.90
2026-02-06 14:24:05,578 [INFO]     NSE:BEL-EQ | CVD=687178 vs Ref=-426850 | Close=428.10 vs VAL=426.65
2026-02-06 14:24:06,843 [INFO]     NSE:RECLTD-EQ | CVD=-385803 vs Ref=-973015 | Close=371.30 vs VAL=368.80
2026-02-06 14:24:08,004 [INFO]     NSE:GMRAIRPORT-EQ | CVD=-1445726 vs Ref=-935696 | Close=96.68 vs VAL=96.05
2026-02-06 14:25:08,011 [INFO] 🔍 Scanning for alerts on 10 symbols (5min)...
2026-02-06 14:25:08,745 [INFO]     NSE:LTIM-EQ | CVD=-18097 vs Ref=-39087 | Close=5533.00 vs VAL=5516.50
2026-02-06 14:25:09,513 [INFO]     NSE:ANGELONE-EQ | CVD=32371 vs Ref=-38939 | Close=2622.80 vs VAL=2576.40
2026-02-06 14:25:10,517 [INFO]     NSE:TECHM-EQ | CVD=18496 vs Ref=-128591 | Close=1612.10 vs VAL=1616.75
2026-02-06 14:25:11,588 [INFO]     NSE:COFORGE-EQ | CVD=-381966 vs Ref=-459286 | Close=1543.20 vs VAL=1535.00
2026-02-06 14:25:12,571 [INFO]     NSE:LAURUSLABS-EQ | CVD=-58255 vs Ref=-150837 | Close=948.75 vs VAL=944.80
2026-02-06 14:25:13,943 [INFO]     NSE:ZYDUSLIFE-EQ | CVD=-8666 vs Ref=-48650 | Close=888.30 vs VAL=884.85
2026-02-06 14:25:15,428 [INFO]     NSE:CAMS-EQ | CVD=40105 vs Ref=-75694 | Close=719.85 vs VAL=711.90
2026-02-06 14:25:16,394 [INFO]     NSE:BEL-EQ | CVD=687178 vs Ref=-426850 | Close=428.10 vs VAL=426.65
2026-02-06 14:25:17,353 [INFO]     NSE:RECLTD-EQ | CVD=-385803 vs Ref=-973015 | Close=371.30 vs VAL=368.80
2026-02-06 14:25:18,329 [INFO]     NSE:GMRAIRPORT-EQ | CVD=-1445726 vs Ref=-935696 | Close=96.68 vs VAL=96.05
2026-02-06 14:26:18,331 [INFO] 🔍 Scanning for alerts on 10 symbols (5min)...
2026-02-06 14:26:19,184 [INFO]     NSE:LTIM-EQ | CVD=-17239 vs Ref=-39087 | Close=5536.50 vs VAL=5516.50
2026-02-06 14:26:20,037 [INFO]     NSE:ANGELONE-EQ | CVD=29798 vs Ref=-38939 | Close=2620.00 vs VAL=2576.40
2026-02-06 14:26:20,490 [INFO]     NSE:TECHM-EQ | CVD=20922 vs Ref=-128591 | Close=1611.20 vs VAL=1616.75
2026-02-06 14:26:20,846 [INFO]     NSE:COFORGE-EQ | CVD=-394591 vs Ref=-459286 | Close=1541.80 vs VAL=1535.00
2026-02-06 14:26:21,184 [INFO]     NSE:LAURUSLABS-EQ | CVD=-62200 vs Ref=-150837 | Close=948.00 vs VAL=944.80
2026-02-06 14:26:21,504 [INFO]     NSE:ZYDUSLIFE-EQ | CVD=-9566 vs Ref=-48650 | Close=888.10 vs VAL=884.85
2026-02-06 14:26:21,870 [INFO]     NSE:CAMS-EQ | CVD=37714 vs Ref=-75694 | Close=719.00 vs VAL=711.90
2026-02-06 14:26:22,197 [INFO]     NSE:BEL-EQ | CVD=683522 vs Ref=-426850 | Close=427.75 vs VAL=426.65
2026-02-06 14:26:22,509 [INFO]     NSE:RECLTD-EQ | CVD=-415643 vs Ref=-973015 | Close=371.00 vs VAL=368.80
2026-02-06 14:26:23,087 [INFO]     NSE:GMRAIRPORT-EQ | CVD=-1461912 vs Ref=-935696 | Close=96.62 vs VAL=96.05
2026-02-06 14:27:23,091 [INFO] 🔍 Scanning for alerts on 10 symbols (5min)...
2026-02-06 14:27:23,363 [INFO]     NSE:LTIM-EQ | CVD=-17239 vs Ref=-39087 | Close=5536.50 vs VAL=5516.50
2026-02-06 14:27:23,689 [INFO]     NSE:ANGELONE-EQ | CVD=29798 vs Ref=-38939 | Close=2620.00 vs VAL=2576.40
2026-02-06 14:27:24,146 [INFO]     NSE:TECHM-EQ | CVD=20922 vs Ref=-128591 | Close=1611.20 vs VAL=1616.75
2026-02-06 14:27:24,752 [INFO]     NSE:COFORGE-EQ | CVD=-394591 vs Ref=-459286 | Close=1541.80 vs VAL=1535.00
2026-02-06 14:27:25,982 [INFO]     NSE:LAURUSLABS-EQ | CVD=-62200 vs Ref=-150837 | Close=948.00 vs VAL=944.80
2026-02-06 14:27:26,609 [INFO]     NSE:ZYDUSLIFE-EQ | CVD=-9566 vs Ref=-48650 | Close=888.10 vs VAL=884.85
2026-02-06 14:27:27,075 [INFO]     NSE:CAMS-EQ | CVD=37714 vs Ref=-75694 | Close=719.00 vs VAL=711.90
2026-02-06 14:27:27,389 [INFO]     NSE:BEL-EQ | CVD=683522 vs Ref=-426850 | Close=427.75 vs VAL=426.65
2026-02-06 14:27:27,707 [INFO]     NSE:RECLTD-EQ | CVD=-415643 vs Ref=-973015 | Close=371.00 vs VAL=368.80
2026-02-06 14:27:28,108 [INFO]     NSE:GMRAIRPORT-EQ | CVD=-1461912 vs Ref=-935696 | Close=96.62 vs VAL=96.05
2026-02-06 14:28:28,111 [INFO] 🔍 Scanning for alerts on 10 symbols (5min)...
2026-02-06 14:28:28,483 [INFO]     NSE:LTIM-EQ | CVD=-17239 vs Ref=-39087 | Close=5536.50 vs VAL=5516.50
2026-02-06 14:28:29,159 [INFO]     NSE:ANGELONE-EQ | CVD=29798 vs Ref=-38939 | Close=2620.00 vs VAL=2576.40
2026-02-06 14:28:30,112 [INFO]     NSE:TECHM-EQ | CVD=20922 vs Ref=-128591 | Close=1611.20 vs VAL=1616.75
2026-02-06 14:28:30,986 [INFO]     NSE:COFORGE-EQ | CVD=-394591 vs Ref=-459286 | Close=1541.80 vs VAL=1535.00
2026-02-06 14:28:31,537 [INFO]     NSE:LAURUSLABS-EQ | CVD=-62200 vs Ref=-150837 | Close=948.00 vs VAL=944.80
2026-02-06 14:28:32,105 [INFO]     NSE:ZYDUSLIFE-EQ | CVD=-9566 vs Ref=-48650 | Close=888.10 vs VAL=884.85
2026-02-06 14:28:32,409 [INFO]     NSE:CAMS-EQ | CVD=37714 vs Ref=-75694 | Close=719.00 vs VAL=711.90
2026-02-06 14:28:32,740 [INFO]     NSE:BEL-EQ | CVD=683522 vs Ref=-426850 | Close=427.75 vs VAL=426.65
2026-02-06 14:28:33,105 [INFO]     NSE:RECLTD-EQ | CVD=-415643 vs Ref=-973015 | Close=371.00 vs VAL=368.80
2026-02-06 14:28:33,556 [INFO]     NSE:GMRAIRPORT-EQ | CVD=-1461912 vs Ref=-935696 | Close=96.62 vs VAL=96.05
2026-02-06 14:29:33,558 [INFO] 🔍 Scanning for alerts on 10 symbols (5min)...
2026-02-06 14:29:34,215 [INFO]     NSE:LTIM-EQ | CVD=-17239 vs Ref=-39087 | Close=5536.50 vs VAL=5516.50
2026-02-06 14:29:34,609 [INFO]     NSE:ANGELONE-EQ | CVD=29798 vs Ref=-38939 | Close=2620.00 vs VAL=2576.40
2026-02-06 14:29:35,073 [INFO]     NSE:TECHM-EQ | CVD=20922 vs Ref=-128591 | Close=1611.20 vs VAL=1616.75
2026-02-06 14:29:35,439 [INFO]     NSE:COFORGE-EQ | CVD=-394591 vs Ref=-459286 | Close=1541.80 vs VAL=1535.00
2026-02-06 14:29:35,888 [INFO]     NSE:LAURUSLABS-EQ | CVD=-62200 vs Ref=-150837 | Close=948.00 vs VAL=944.80
2026-02-06 14:29:36,538 [INFO]     NSE:ZYDUSLIFE-EQ | CVD=-9566 vs Ref=-48650 | Close=888.10 vs VAL=884.85
2026-02-06 14:29:37,289 [INFO]     NSE:CAMS-EQ | CVD=37714 vs Ref=-75694 | Close=719.00 vs VAL=711.90
2026-02-06 14:29:38,047 [INFO]     NSE:BEL-EQ | CVD=683522 vs Ref=-426850 | Close=427.75 vs VAL=426.65
2026-02-06 14:29:38,643 [INFO]     NSE:RECLTD-EQ | CVD=-415643 vs Ref=-973015 | Close=371.00 vs VAL=368.80
2026-02-06 14:29:39,299 [INFO]     NSE:GMRAIRPORT-EQ | CVD=-1461912 vs Ref=-935696 | Close=96.62 vs VAL=96.05
2026-02-06 14:30:39,302 [INFO] 🔍 Scanning for alerts on 10 symbols (5min)...
2026-02-06 14:30:39,779 [INFO]     NSE:LTIM-EQ | CVD=-17239 vs Ref=-39087 | Close=5536.50 vs VAL=5516.50
2026-02-06 14:30:40,255 [INFO]     NSE:ANGELONE-EQ | CVD=29798 vs Ref=-38939 | Close=2620.00 vs VAL=2576.40
2026-02-06 14:30:40,660 [INFO]     NSE:TECHM-EQ | CVD=20922 vs Ref=-128591 | Close=1611.20 vs VAL=1616.75
2026-02-06 14:30:41,100 [INFO]     NSE:COFORGE-EQ | CVD=-394591 vs Ref=-459286 | Close=1541.80 vs VAL=1535.00
2026-02-06 14:30:41,511 [INFO]     NSE:LAURUSLABS-EQ | CVD=-62200 vs Ref=-150837 | Close=948.00 vs VAL=944.80
2026-02-06 14:30:41,807 [INFO]     NSE:ZYDUSLIFE-EQ | CVD=-9566 vs Ref=-48650 | Close=888.10 vs VAL=884.85
2026-02-06 14:30:42,141 [INFO]     NSE:CAMS-EQ | CVD=37714 vs Ref=-75694 | Close=719.00 vs VAL=711.90
2026-02-06 14:30:42,880 [INFO]     NSE:BEL-EQ | CVD=683522 vs Ref=-426850 | Close=427.75 vs VAL=426.65
2026-02-06 14:30:43,365 [INFO]     NSE:RECLTD-EQ | CVD=-415643 vs Ref=-973015 | Close=371.00 vs VAL=368.80
2026-02-06 14:30:43,945 [INFO]     NSE:GMRAIRPORT-EQ | CVD=-1461912 vs Ref=-935696 | Close=96.62 vs VAL=96.05
2026-02-06 14:31:43,948 [INFO] 🔍 Scanning for alerts on 10 symbols (5min)...
2026-02-06 14:31:44,245 [INFO]     NSE:LTIM-EQ | CVD=-15136 vs Ref=-39087 | Close=5540.00 vs VAL=5516.50
2026-02-06 14:31:44,505 [INFO]     NSE:ANGELONE-EQ | CVD=31805 vs Ref=-38939 | Close=2627.30 vs VAL=2576.40
2026-02-06 14:31:44,947 [INFO]     NSE:TECHM-EQ | CVD=21949 vs Ref=-128591 | Close=1611.70 vs VAL=1616.75
2026-02-06 14:31:45,313 [INFO]     NSE:COFORGE-EQ | CVD=-386111 vs Ref=-459286 | Close=1541.40 vs VAL=1535.00
2026-02-06 14:31:46,078 [INFO]     NSE:LAURUSLABS-EQ | CVD=-61384 vs Ref=-150837 | Close=948.70 vs VAL=944.80
2026-02-06 14:31:46,390 [INFO]     NSE:ZYDUSLIFE-EQ | CVD=-10355 vs Ref=-48650 | Close=887.65 vs VAL=884.85
2026-02-06 14:31:47,142 [INFO]     NSE:CAMS-EQ | CVD=32875 vs Ref=-75694 | Close=718.65 vs VAL=711.90
2026-02-06 14:31:47,781 [INFO]     NSE:BEL-EQ | CVD=679394 vs Ref=-426850 | Close=427.60 vs VAL=426.65
2026-02-06 14:31:48,603 [INFO]     NSE:RECLTD-EQ | CVD=-423276 vs Ref=-973015 | Close=371.00 vs VAL=368.80
2026-02-06 14:31:49,387 [INFO]     NSE:GMRAIRPORT-EQ | CVD=-1430307 vs Ref=-935696 | Close=96.69 vs VAL=96.05
2026-02-06 14:32:49,389 [INFO] 🔍 Scanning for alerts on 10 symbols (5min)...
2026-02-06 14:32:49,647 [INFO]     NSE:LTIM-EQ | CVD=-15136 vs Ref=-39087 | Close=5540.00 vs VAL=5516.50
2026-02-06 14:32:49,942 [INFO]     NSE:ANGELONE-EQ | CVD=31805 vs Ref=-38939 | Close=2627.30 vs VAL=2576.40
2026-02-06 14:32:50,228 [INFO]     NSE:TECHM-EQ | CVD=21949 vs Ref=-128591 | Close=1611.70 vs VAL=1616.75
2026-02-06 14:32:50,626 [INFO]     NSE:COFORGE-EQ | CVD=-386111 vs Ref=-459286 | Close=1541.40 vs VAL=1535.00
2026-02-06 14:32:51,596 [INFO]     NSE:LAURUSLABS-EQ | CVD=-61384 vs Ref=-150837 | Close=948.70 vs VAL=944.80
2026-02-06 14:32:52,388 [INFO]     NSE:ZYDUSLIFE-EQ | CVD=-10355 vs Ref=-48650 | Close=887.65 vs VAL=884.85
2026-02-06 14:32:53,292 [INFO]     NSE:CAMS-EQ | CVD=32875 vs Ref=-75694 | Close=718.65 vs VAL=711.90
2026-02-06 14:32:55,383 [INFO]     NSE:BEL-EQ | CVD=679394 vs Ref=-426850 | Close=427.60 vs VAL=426.65
2026-02-06 14:32:56,098 [INFO]     NSE:RECLTD-EQ | CVD=-423276 vs Ref=-973015 | Close=371.00 vs VAL=368.80
2026-02-06 14:32:57,290 [INFO]     NSE:GMRAIRPORT-EQ | CVD=-1430307 vs Ref=-935696 | Close=96.69 vs VAL=96.05
2026-02-06 14:33:57,301 [INFO] 🔍 Scanning for alerts on 10 symbols (5min)...
2026-02-06 14:33:58,238 [INFO]     NSE:LTIM-EQ | CVD=-15136 vs Ref=-39087 | Close=5540.00 vs VAL=5516.50
2026-02-06 14:33:59,276 [INFO]     NSE:ANGELONE-EQ | CVD=31805 vs Ref=-38939 | Close=2627.30 vs VAL=2576.40
2026-02-06 14:34:00,223 [INFO]     NSE:TECHM-EQ | CVD=21949 vs Ref=-128591 | Close=1611.70 vs VAL=1616.75
2026-02-06 14:34:02,083 [INFO]     NSE:COFORGE-EQ | CVD=-386111 vs Ref=-459286 | Close=1541.40 vs VAL=1535.00
2026-02-06 14:34:02,747 [INFO]     NSE:LAURUSLABS-EQ | CVD=-61384 vs Ref=-150837 | Close=948.70 vs VAL=944.80
2026-02-06 14:34:04,270 [INFO]     NSE:ZYDUSLIFE-EQ | CVD=-10355 vs Ref=-48650 | Close=887.65 vs VAL=884.85
2026-02-06 14:34:06,358 [INFO]     NSE:CAMS-EQ | CVD=32875 vs Ref=-75694 | Close=718.65 vs VAL=711.90
2026-02-06 14:34:07,777 [INFO]     NSE:BEL-EQ | CVD=679394 vs Ref=-426850 | Close=427.60 vs VAL=426.65
2026-02-06 14:34:08,405 [INFO]     NSE:RECLTD-EQ | CVD=-423276 vs Ref=-973015 | Close=371.00 vs VAL=368.80
2026-02-06 14:34:08,962 [INFO]     NSE:GMRAIRPORT-EQ | CVD=-1430307 vs Ref=-935696 | Close=96.69 vs VAL=96.05
2026-02-06 14:35:08,964 [INFO] 🔍 Scanning for alerts on 10 symbols (5min)...
2026-02-06 14:35:09,201 [INFO]     NSE:LTIM-EQ | CVD=-15136 vs Ref=-39087 | Close=5540.00 vs VAL=5516.50
2026-02-06 14:35:09,504 [INFO]     NSE:ANGELONE-EQ | CVD=31805 vs Ref=-38939 | Close=2627.30 vs VAL=2576.40
2026-02-06 14:35:09,842 [INFO]     NSE:TECHM-EQ | CVD=21949 vs Ref=-128591 | Close=1611.70 vs VAL=1616.75
2026-02-06 14:35:10,176 [INFO]     NSE:COFORGE-EQ | CVD=-386111 vs Ref=-459286 | Close=1541.40 vs VAL=1535.00
2026-02-06 14:35:10,463 [INFO]     NSE:LAURUSLABS-EQ | CVD=-61384 vs Ref=-150837 | Close=948.70 vs VAL=944.80
2026-02-06 14:35:10,800 [INFO]     NSE:ZYDUSLIFE-EQ | CVD=-10355 vs Ref=-48650 | Close=887.65 vs VAL=884.85
2026-02-06 14:35:11,164 [INFO]     NSE:CAMS-EQ | CVD=32875 vs Ref=-75694 | Close=718.65 vs VAL=711.90
2026-02-06 14:35:11,462 [INFO]     NSE:BEL-EQ | CVD=679394 vs Ref=-426850 | Close=427.60 vs VAL=426.65
2026-02-06 14:35:12,087 [INFO]     NSE:RECLTD-EQ | CVD=-423276 vs Ref=-973015 | Close=371.00 vs VAL=368.80
2026-02-06 14:35:12,594 [INFO]     NSE:GMRAIRPORT-EQ | CVD=-1430307 vs Ref=-935696 | Close=96.69 vs VAL=96.05
2026-02-06 14:36:12,596 [INFO] 🔍 Scanning for alerts on 10 symbols (5min)...
2026-02-06 14:36:13,250 [INFO]     NSE:LTIM-EQ | CVD=-13762 vs Ref=-39087 | Close=5546.00 vs VAL=5516.50
2026-02-06 14:36:13,987 [INFO]     NSE:ANGELONE-EQ | CVD=35557 vs Ref=-38939 | Close=2626.70 vs VAL=2576.40
2026-02-06 14:36:14,616 [INFO]     NSE:TECHM-EQ | CVD=21357 vs Ref=-128591 | Close=1612.10 vs VAL=1616.75
2026-02-06 14:36:15,056 [INFO]     NSE:COFORGE-EQ | CVD=-379273 vs Ref=-459286 | Close=1541.80 vs VAL=1535.00
2026-02-06 14:36:15,338 [INFO]     NSE:LAURUSLABS-EQ | CVD=-63512 vs Ref=-150837 | Close=949.00 vs VAL=944.80
2026-02-06 14:36:15,719 [INFO]     NSE:ZYDUSLIFE-EQ | CVD=-18223 vs Ref=-48650 | Close=886.10 vs VAL=884.85
2026-02-06 14:36:16,168 [INFO]     NSE:CAMS-EQ | CVD=34117 vs Ref=-75694 | Close=718.85 vs VAL=711.90
2026-02-06 14:36:16,445 [INFO]     NSE:BEL-EQ | CVD=703812 vs Ref=-426850 | Close=427.95 vs VAL=426.65
2026-02-06 14:36:16,813 [INFO]     NSE:RECLTD-EQ | CVD=-428814 vs Ref=-973015 | Close=371.05 vs VAL=368.80
2026-02-06 14:36:17,221 [INFO]     NSE:GMRAIRPORT-EQ | CVD=-1353402 vs Ref=-935696 | Close=96.86 vs VAL=96.05
2026-02-06 14:37:17,223 [INFO] 🔍 Scanning for alerts on 10 symbols (5min)...
2026-02-06 14:37:17,431 [INFO]     NSE:LTIM-EQ | CVD=-13762 vs Ref=-39087 | Close=5546.00 vs VAL=5516.50
2026-02-06 14:37:17,754 [INFO]     NSE:ANGELONE-EQ | CVD=35557 vs Ref=-38939 | Close=2626.70 vs VAL=2576.40
2026-02-06 14:37:18,089 [INFO]     NSE:TECHM-EQ | CVD=21357 vs Ref=-128591 | Close=1612.10 vs VAL=1616.75
2026-02-06 14:37:18,309 [INFO]     NSE:COFORGE-EQ | CVD=-379273 vs Ref=-459286 | Close=1541.80 vs VAL=1535.00
2026-02-06 14:37:18,535 [INFO]     NSE:LAURUSLABS-EQ | CVD=-63512 vs Ref=-150837 | Close=949.00 vs VAL=944.80
2026-02-06 14:37:18,854 [INFO]     NSE:ZYDUSLIFE-EQ | CVD=-18223 vs Ref=-48650 | Close=886.10 vs VAL=884.85
2026-02-06 14:37:19,126 [INFO]     NSE:CAMS-EQ | CVD=34117 vs Ref=-75694 | Close=718.85 vs VAL=711.90
2026-02-06 14:37:19,495 [INFO]     NSE:BEL-EQ | CVD=703812 vs Ref=-426850 | Close=427.95 vs VAL=426.65
2026-02-06 14:37:19,800 [INFO]     NSE:RECLTD-EQ | CVD=-428814 vs Ref=-973015 | Close=371.05 vs VAL=368.80
2026-02-06 14:37:20,056 [INFO]     NSE:GMRAIRPORT-EQ | CVD=-1353402 vs Ref=-935696 | Close=96.86 vs VAL=96.05
2026-02-06 14:38:20,058 [INFO] 🔍 Scanning for alerts on 10 symbols (5min)...
2026-02-06 14:38:20,295 [INFO]     NSE:LTIM-EQ | CVD=-13762 vs Ref=-39087 | Close=5546.00 vs VAL=5516.50
2026-02-06 14:38:20,663 [INFO]     NSE:ANGELONE-EQ | CVD=35557 vs Ref=-38939 | Close=2626.70 vs VAL=2576.40
2026-02-06 14:38:21,053 [INFO]     NSE:TECHM-EQ | CVD=21357 vs Ref=-128591 | Close=1612.10 vs VAL=1616.75
2026-02-06 14:38:21,373 [INFO]     NSE:COFORGE-EQ | CVD=-379273 vs Ref=-459286 | Close=1541.80 vs VAL=1535.00
2026-02-06 14:38:21,683 [INFO]     NSE:LAURUSLABS-EQ | CVD=-63512 vs Ref=-150837 | Close=949.00 vs VAL=944.80
2026-02-06 14:38:21,935 [INFO]     NSE:ZYDUSLIFE-EQ | CVD=-18223 vs Ref=-48650 | Close=886.10 vs VAL=884.85
2026-02-06 14:38:22,224 [INFO]     NSE:CAMS-EQ | CVD=34117 vs Ref=-75694 | Close=718.85 vs VAL=711.90
2026-02-06 14:38:22,538 [INFO]     NSE:BEL-EQ | CVD=703812 vs Ref=-426850 | Close=427.95 vs VAL=426.65
2026-02-06 14:38:22,882 [INFO]     NSE:RECLTD-EQ | CVD=-428814 vs Ref=-973015 | Close=371.05 vs VAL=368.80
2026-02-06 14:38:23,193 [INFO]     NSE:GMRAIRPORT-EQ | CVD=-1353402 vs Ref=-935696 | Close=96.86 vs VAL=96.05
2026-02-06 14:39:23,194 [INFO] 🔍 Scanning for alerts on 10 symbols (5min)...
2026-02-06 14:39:23,424 [INFO]     NSE:LTIM-EQ | CVD=-13762 vs Ref=-39087 | Close=5546.00 vs VAL=5516.50
2026-02-06 14:39:23,679 [INFO]     NSE:ANGELONE-EQ | CVD=35557 vs Ref=-38939 | Close=2626.70 vs VAL=2576.40
2026-02-06 14:39:23,934 [INFO]     NSE:TECHM-EQ | CVD=21357 vs Ref=-128591 | Close=1612.10 vs VAL=1616.75
2026-02-06 14:39:24,204 [INFO]     NSE:COFORGE-EQ | CVD=-379273 vs Ref=-459286 | Close=1541.80 vs VAL=1535.00
2026-02-06 14:39:24,514 [INFO]     NSE:LAURUSLABS-EQ | CVD=-63512 vs Ref=-150837 | Close=949.00 vs VAL=944.80
2026-02-06 14:39:24,816 [INFO]     NSE:ZYDUSLIFE-EQ | CVD=-18223 vs Ref=-48650 | Close=886.10 vs VAL=884.85
2026-02-06 14:39:25,200 [INFO]     NSE:CAMS-EQ | CVD=34117 vs Ref=-75694 | Close=718.85 vs VAL=711.90
2026-02-06 14:39:25,472 [INFO]     NSE:BEL-EQ | CVD=703812 vs Ref=-426850 | Close=427.95 vs VAL=426.65
2026-02-06 14:39:25,796 [INFO]     NSE:RECLTD-EQ | CVD=-428814 vs Ref=-973015 | Close=371.05 vs VAL=368.80
2026-02-06 14:39:26,059 [INFO]     NSE:GMRAIRPORT-EQ | CVD=-1353402 vs Ref=-935696 | Close=96.86 vs VAL=96.05
2026-02-06 14:40:26,061 [INFO] 🔍 Scanning for alerts on 10 symbols (5min)...
2026-02-06 14:40:26,316 [INFO]     NSE:LTIM-EQ | CVD=-13762 vs Ref=-39087 | Close=5546.00 vs VAL=5516.50
2026-02-06 14:40:26,541 [INFO]     NSE:ANGELONE-EQ | CVD=35557 vs Ref=-38939 | Close=2626.70 vs VAL=2576.40
2026-02-06 14:40:26,798 [INFO]     NSE:TECHM-EQ | CVD=21357 vs Ref=-128591 | Close=1612.10 vs VAL=1616.75
2026-02-06 14:40:27,098 [INFO]     NSE:COFORGE-EQ | CVD=-379273 vs Ref=-459286 | Close=1541.80 vs VAL=1535.00
2026-02-06 14:40:27,359 [INFO]     NSE:LAURUSLABS-EQ | CVD=-63512 vs Ref=-150837 | Close=949.00 vs VAL=944.80
2026-02-06 14:40:27,624 [INFO]     NSE:ZYDUSLIFE-EQ | CVD=-18223 vs Ref=-48650 | Close=886.10 vs VAL=884.85
2026-02-06 14:40:27,919 [INFO]     NSE:CAMS-EQ | CVD=34117 vs Ref=-75694 | Close=718.85 vs VAL=711.90
2026-02-06 14:40:28,157 [INFO]     NSE:BEL-EQ | CVD=703812 vs Ref=-426850 | Close=427.95 vs VAL=426.65
2026-02-06 14:40:28,382 [INFO]     NSE:RECLTD-EQ | CVD=-428814 vs Ref=-973015 | Close=371.05 vs VAL=368.80
2026-02-06 14:40:28,658 [INFO]     NSE:GMRAIRPORT-EQ | CVD=-1353402 vs Ref=-935696 | Close=96.86 vs VAL=96.05
2026-02-06 14:41:28,660 [INFO] 🔍 Scanning for alerts on 10 symbols (5min)...
2026-02-06 14:41:28,912 [INFO]     NSE:LTIM-EQ | CVD=-13582 vs Ref=-39087 | Close=5545.00 vs VAL=5516.50
2026-02-06 14:41:29,201 [INFO]     NSE:ANGELONE-EQ | CVD=36486 vs Ref=-38939 | Close=2625.00 vs VAL=2576.40
2026-02-06 14:41:29,419 [INFO]     NSE:TECHM-EQ | CVD=25595 vs Ref=-128591 | Close=1611.90 vs VAL=1616.75
2026-02-06 14:41:29,687 [INFO]     NSE:COFORGE-EQ | CVD=-365351 vs Ref=-459286 | Close=1543.20 vs VAL=1535.00
2026-02-06 14:41:29,983 [INFO]     NSE:LAURUSLABS-EQ | CVD=-55268 vs Ref=-150837 | Close=950.00 vs VAL=944.80
2026-02-06 14:41:30,235 [INFO]     NSE:ZYDUSLIFE-EQ | CVD=-4384 vs Ref=-48650 | Close=887.15 vs VAL=884.85
2026-02-06 14:41:30,569 [INFO]     NSE:CAMS-EQ | CVD=36692 vs Ref=-75694 | Close=719.45 vs VAL=711.90
2026-02-06 14:41:30,829 [INFO]     NSE:BEL-EQ | CVD=687632 vs Ref=-426850 | Close=428.50 vs VAL=426.65
2026-02-06 14:41:31,155 [INFO]     NSE:RECLTD-EQ | CVD=-438218 vs Ref=-973015 | Close=371.45 vs VAL=368.80
2026-02-06 14:41:31,514 [INFO]     NSE:GMRAIRPORT-EQ | CVD=-1343814 vs Ref=-935696 | Close=96.90 vs VAL=96.05
2026-02-06 14:42:31,516 [INFO] 🔍 Scanning for alerts on 10 symbols (5min)...
2026-02-06 14:42:31,932 [INFO]     NSE:LTIM-EQ | CVD=-13582 vs Ref=-39087 | Close=5545.00 vs VAL=5516.50
2026-02-06 14:42:32,361 [INFO]     NSE:ANGELONE-EQ | CVD=36486 vs Ref=-38939 | Close=2625.00 vs VAL=2576.40
2026-02-06 14:42:32,674 [INFO]     NSE:TECHM-EQ | CVD=25595 vs Ref=-128591 | Close=1611.90 vs VAL=1616.75
2026-02-06 14:42:32,996 [INFO]     NSE:COFORGE-EQ | CVD=-365351 vs Ref=-459286 | Close=1543.20 vs VAL=1535.00
2026-02-06 14:42:33,247 [INFO]     NSE:LAURUSLABS-EQ | CVD=-55268 vs Ref=-150837 | Close=950.00 vs VAL=944.80
2026-02-06 14:42:33,514 [INFO]     NSE:ZYDUSLIFE-EQ | CVD=-4384 vs Ref=-48650 | Close=887.15 vs VAL=884.85
2026-02-06 14:42:33,803 [INFO]     NSE:CAMS-EQ | CVD=36692 vs Ref=-75694 | Close=719.45 vs VAL=711.90
2026-02-06 14:42:34,036 [INFO]     NSE:BEL-EQ | CVD=687632 vs Ref=-426850 | Close=428.50 vs VAL=426.65
2026-02-06 14:42:34,240 [INFO]     NSE:RECLTD-EQ | CVD=-438218 vs Ref=-973015 | Close=371.45 vs VAL=368.80
2026-02-06 14:42:34,504 [INFO]     NSE:GMRAIRPORT-EQ | CVD=-1343814 vs Ref=-935696 | Close=96.90 vs VAL=96.05
2026-02-06 14:43:34,505 [INFO] 🔍 Scanning for alerts on 10 symbols (5min)...
2026-02-06 14:43:34,778 [INFO]     NSE:LTIM-EQ | CVD=-13582 vs Ref=-39087 | Close=5545.00 vs VAL=5516.50
2026-02-06 14:43:35,036 [INFO]     NSE:ANGELONE-EQ | CVD=36486 vs Ref=-38939 | Close=2625.00 vs VAL=2576.40
2026-02-06 14:43:35,312 [INFO]     NSE:TECHM-EQ | CVD=25595 vs Ref=-128591 | Close=1611.90 vs VAL=1616.75
2026-02-06 14:43:35,618 [INFO]     NSE:COFORGE-EQ | CVD=-365351 vs Ref=-459286 | Close=1543.20 vs VAL=1535.00
2026-02-06 14:43:35,848 [INFO]     NSE:LAURUSLABS-EQ | CVD=-55268 vs Ref=-150837 | Close=950.00 vs VAL=944.80
2026-02-06 14:43:36,115 [INFO]     NSE:ZYDUSLIFE-EQ | CVD=-4384 vs Ref=-48650 | Close=887.15 vs VAL=884.85
2026-02-06 14:43:36,332 [INFO]     NSE:CAMS-EQ | CVD=36692 vs Ref=-75694 | Close=719.45 vs VAL=711.90
2026-02-06 14:43:36,595 [INFO]     NSE:BEL-EQ | CVD=687632 vs Ref=-426850 | Close=428.50 vs VAL=426.65
2026-02-06 14:43:36,859 [INFO]     NSE:RECLTD-EQ | CVD=-438218 vs Ref=-973015 | Close=371.45 vs VAL=368.80
2026-02-06 14:43:37,158 [INFO]     NSE:GMRAIRPORT-EQ | CVD=-1343814 vs Ref=-935696 | Close=96.90 vs VAL=96.05
2026-02-06 14:44:37,160 [INFO] 🔍 Scanning for alerts on 10 symbols (5min)...
2026-02-06 14:44:37,421 [INFO]     NSE:LTIM-EQ | CVD=-13582 vs Ref=-39087 | Close=5545.00 vs VAL=5516.50
2026-02-06 14:44:37,655 [INFO]     NSE:ANGELONE-EQ | CVD=36486 vs Ref=-38939 | Close=2625.00 vs VAL=2576.40
2026-02-06 14:44:37,962 [INFO]     NSE:TECHM-EQ | CVD=25595 vs Ref=-128591 | Close=1611.90 vs VAL=1616.75
2026-02-06 14:44:38,194 [INFO]     NSE:COFORGE-EQ | CVD=-365351 vs Ref=-459286 | Close=1543.20 vs VAL=1535.00
2026-02-06 14:44:38,440 [INFO]     NSE:LAURUSLABS-EQ | CVD=-55268 vs Ref=-150837 | Close=950.00 vs VAL=944.80
2026-02-06 14:44:38,714 [INFO]     NSE:ZYDUSLIFE-EQ | CVD=-4384 vs Ref=-48650 | Close=887.15 vs VAL=884.85
2026-02-06 14:44:38,989 [INFO]     NSE:CAMS-EQ | CVD=36692 vs Ref=-75694 | Close=719.45 vs VAL=711.90
2026-02-06 14:44:39,277 [INFO]     NSE:BEL-EQ | CVD=687632 vs Ref=-426850 | Close=428.50 vs VAL=426.65
2026-02-06 14:44:39,718 [INFO]     NSE:RECLTD-EQ | CVD=-438218 vs Ref=-973015 | Close=371.45 vs VAL=368.80
2026-02-06 14:44:40,122 [INFO]     NSE:GMRAIRPORT-EQ | CVD=-1343814 vs Ref=-935696 | Close=96.90 vs VAL=96.05
2026-02-06 14:45:40,124 [INFO] 🔍 Scanning for alerts on 10 symbols (5min)...
2026-02-06 14:45:40,344 [INFO]     NSE:LTIM-EQ | CVD=-13582 vs Ref=-39087 | Close=5545.00 vs VAL=5516.50
2026-02-06 14:45:40,617 [INFO]     NSE:ANGELONE-EQ | CVD=36486 vs Ref=-38939 | Close=2625.00 vs VAL=2576.40
2026-02-06 14:45:40,879 [INFO]     NSE:TECHM-EQ | CVD=25595 vs Ref=-128591 | Close=1611.90 vs VAL=1616.75
2026-02-06 14:45:41,120 [INFO]     NSE:COFORGE-EQ | CVD=-365351 vs Ref=-459286 | Close=1543.20 vs VAL=1535.00
2026-02-06 14:45:41,373 [INFO]     NSE:LAURUSLABS-EQ | CVD=-55268 vs Ref=-150837 | Close=950.00 vs VAL=944.80
2026-02-06 14:45:41,686 [INFO]     NSE:ZYDUSLIFE-EQ | CVD=-4384 vs Ref=-48650 | Close=887.15 vs VAL=884.85
2026-02-06 14:45:41,955 [INFO]     NSE:CAMS-EQ | CVD=36692 vs Ref=-75694 | Close=719.45 vs VAL=711.90
2026-02-06 14:45:42,332 [INFO]     NSE:BEL-EQ | CVD=687632 vs Ref=-426850 | Close=428.50 vs VAL=426.65
2026-02-06 14:45:42,608 [INFO]     NSE:RECLTD-EQ | CVD=-438218 vs Ref=-973015 | Close=371.45 vs VAL=368.80
2026-02-06 14:45:42,848 [INFO]     NSE:GMRAIRPORT-EQ | CVD=-1343814 vs Ref=-935696 | Close=96.90 vs VAL=96.05
2026-02-06 14:46:42,850 [INFO] 🔍 Scanning for alerts on 10 symbols (5min)...
2026-02-06 14:46:43,104 [INFO]     NSE:LTIM-EQ | CVD=-13309 vs Ref=-39087 | Close=5545.00 vs VAL=5516.50
2026-02-06 14:46:43,393 [INFO]     NSE:ANGELONE-EQ | CVD=37789 vs Ref=-38939 | Close=2625.70 vs VAL=2576.40
2026-02-06 14:46:43,661 [INFO]     NSE:TECHM-EQ | CVD=28735 vs Ref=-128591 | Close=1612.60 vs VAL=1616.75
2026-02-06 14:46:44,028 [INFO]     NSE:COFORGE-EQ | CVD=-376494 vs Ref=-459286 | Close=1541.10 vs VAL=1535.00
2026-02-06 14:46:44,447 [INFO]     NSE:LAURUSLABS-EQ | CVD=-47926 vs Ref=-150837 | Close=950.65 vs VAL=944.80
2026-02-06 14:46:45,562 [INFO]     NSE:ZYDUSLIFE-EQ | CVD=-3056 vs Ref=-48650 | Close=888.10 vs VAL=884.85
2026-02-06 14:46:45,984 [INFO]     NSE:CAMS-EQ | CVD=41678 vs Ref=-75694 | Close=719.60 vs VAL=711.90
2026-02-06 14:46:46,314 [INFO]     NSE:BEL-EQ | CVD=770249 vs Ref=-426850 | Close=428.95 vs VAL=426.65
2026-02-06 14:46:46,733 [INFO]     NSE:RECLTD-EQ | CVD=-454439 vs Ref=-973015 | Close=371.50 vs VAL=368.80
2026-02-06 14:46:47,053 [INFO]     NSE:GMRAIRPORT-EQ | CVD=-1378950 vs Ref=-935696 | Close=96.89 vs VAL=96.05
2026-02-06 14:47:47,055 [INFO] 🔍 Scanning for alerts on 10 symbols (5min)...
2026-02-06 14:47:47,301 [INFO]     NSE:LTIM-EQ | CVD=-13309 vs Ref=-39087 | Close=5545.00 vs VAL=5516.50
2026-02-06 14:47:47,571 [INFO]     NSE:ANGELONE-EQ | CVD=37789 vs Ref=-38939 | Close=2625.70 vs VAL=2576.40
2026-02-06 14:47:47,796 [INFO]     NSE:TECHM-EQ | CVD=28735 vs Ref=-128591 | Close=1612.60 vs VAL=1616.75
2026-02-06 14:47:48,088 [INFO]     NSE:COFORGE-EQ | CVD=-376494 vs Ref=-459286 | Close=1541.10 vs VAL=1535.00
2026-02-06 14:47:48,351 [INFO]     NSE:LAURUSLABS-EQ | CVD=-47926 vs Ref=-150837 | Close=950.65 vs VAL=944.80
2026-02-06 14:47:48,580 [INFO]     NSE:ZYDUSLIFE-EQ | CVD=-3056 vs Ref=-48650 | Close=888.10 vs VAL=884.85
2026-02-06 14:47:48,843 [INFO]     NSE:CAMS-EQ | CVD=41678 vs Ref=-75694 | Close=719.60 vs VAL=711.90
2026-02-06 14:47:49,067 [INFO]     NSE:BEL-EQ | CVD=770249 vs Ref=-426850 | Close=428.95 vs VAL=426.65
2026-02-06 14:47:49,299 [INFO]     NSE:RECLTD-EQ | CVD=-454439 vs Ref=-973015 | Close=371.50 vs VAL=368.80
2026-02-06 14:47:49,510 [INFO]     NSE:GMRAIRPORT-EQ | CVD=-1378950 vs Ref=-935696 | Close=96.89 vs VAL=96.05
2026-02-06 14:48:49,511 [INFO] 🔍 Scanning for alerts on 10 symbols (5min)...
2026-02-06 14:48:49,781 [INFO]     NSE:LTIM-EQ | CVD=-13309 vs Ref=-39087 | Close=5545.00 vs VAL=5516.50
2026-02-06 14:48:51,612 [INFO]     NSE:ANGELONE-EQ | CVD=37789 vs Ref=-38939 | Close=2625.70 vs VAL=2576.40
2026-02-06 14:48:51,853 [INFO]     NSE:TECHM-EQ | CVD=28735 vs Ref=-128591 | Close=1612.60 vs VAL=1616.75
2026-02-06 14:48:52,116 [INFO]     NSE:COFORGE-EQ | CVD=-376494 vs Ref=-459286 | Close=1541.10 vs VAL=1535.00
2026-02-06 14:48:52,354 [INFO]     NSE:LAURUSLABS-EQ | CVD=-47926 vs Ref=-150837 | Close=950.65 vs VAL=944.80
2026-02-06 14:48:52,651 [INFO]     NSE:ZYDUSLIFE-EQ | CVD=-3056 vs Ref=-48650 | Close=888.10 vs VAL=884.85
2026-02-06 14:48:53,008 [INFO]     NSE:CAMS-EQ | CVD=41678 vs Ref=-75694 | Close=719.60 vs VAL=711.90
2026-02-06 14:48:53,464 [INFO]     NSE:BEL-EQ | CVD=770249 vs Ref=-426850 | Close=428.95 vs VAL=426.65
2026-02-06 14:48:53,998 [INFO]     NSE:RECLTD-EQ | CVD=-454439 vs Ref=-973015 | Close=371.50 vs VAL=368.80
2026-02-06 14:48:54,447 [INFO]     NSE:GMRAIRPORT-EQ | CVD=-1378950 vs Ref=-935696 | Close=96.89 vs VAL=96.05
2026-02-06 14:49:54,450 [INFO] 🔍 Scanning for alerts on 10 symbols (5min)...
2026-02-06 14:49:54,807 [INFO]     NSE:LTIM-EQ | CVD=-13309 vs Ref=-39087 | Close=5545.00 vs VAL=5516.50
2026-02-06 14:49:55,254 [INFO]     NSE:ANGELONE-EQ | CVD=37789 vs Ref=-38939 | Close=2625.70 vs VAL=2576.40
2026-02-06 14:49:55,818 [INFO]     NSE:TECHM-EQ | CVD=28735 vs Ref=-128591 | Close=1612.60 vs VAL=1616.75
2026-02-06 14:49:56,208 [INFO]     NSE:COFORGE-EQ | CVD=-376494 vs Ref=-459286 | Close=1541.10 vs VAL=1535.00
2026-02-06 14:49:56,605 [INFO]     NSE:LAURUSLABS-EQ | CVD=-47926 vs Ref=-150837 | Close=950.65 vs VAL=944.80
2026-02-06 14:49:57,300 [INFO]     NSE:ZYDUSLIFE-EQ | CVD=-3056 vs Ref=-48650 | Close=888.10 vs VAL=884.85
2026-02-06 14:49:57,919 [INFO]     NSE:CAMS-EQ | CVD=41678 vs Ref=-75694 | Close=719.60 vs VAL=711.90
2026-02-06 14:49:58,338 [INFO]     NSE:BEL-EQ | CVD=770249 vs Ref=-426850 | Close=428.95 vs VAL=426.65
2026-02-06 14:49:58,831 [INFO]     NSE:RECLTD-EQ | CVD=-454439 vs Ref=-973015 | Close=371.50 vs VAL=368.80
2026-02-06 14:49:59,384 [INFO]     NSE:GMRAIRPORT-EQ | CVD=-1378950 vs Ref=-935696 | Close=96.89 vs VAL=96.05
2026-02-06 14:50:59,385 [INFO] 🔍 Scanning for alerts on 10 symbols (5min)...
2026-02-06 14:50:59,648 [INFO]     NSE:LTIM-EQ | CVD=-13309 vs Ref=-39087 | Close=5545.00 vs VAL=5516.50
2026-02-06 14:51:01,866 [INFO]     NSE:ANGELONE-EQ | CVD=37789 vs Ref=-38939 | Close=2625.70 vs VAL=2576.40
2026-02-06 14:51:02,702 [INFO]     NSE:TECHM-EQ | CVD=28735 vs Ref=-128591 | Close=1612.60 vs VAL=1616.75
2026-02-06 14:51:03,268 [INFO]     NSE:COFORGE-EQ | CVD=-364423 vs Ref=-459286 | Close=1542.20 vs VAL=1535.00
2026-02-06 14:51:04,059 [INFO]     NSE:LAURUSLABS-EQ | CVD=-62053 vs Ref=-150837 | Close=945.50 vs VAL=944.80
2026-02-06 14:51:04,685 [INFO]     NSE:ZYDUSLIFE-EQ | CVD=-25816 vs Ref=-48650 | Close=885.55 vs VAL=884.85
2026-02-06 14:51:05,101 [INFO]     NSE:CAMS-EQ | CVD=38509 vs Ref=-75694 | Close=719.30 vs VAL=711.90
2026-02-06 14:51:05,403 [INFO]     NSE:BEL-EQ | CVD=742548 vs Ref=-426850 | Close=428.95 vs VAL=426.65
2026-02-06 14:51:05,724 [INFO]     NSE:RECLTD-EQ | CVD=-439302 vs Ref=-973015 | Close=371.15 vs VAL=368.80
2026-02-06 14:51:06,057 [INFO]     NSE:GMRAIRPORT-EQ | CVD=-1438826 vs Ref=-935696 | Close=96.85 vs VAL=96.05
2026-02-06 14:52:06,059 [INFO] 🔍 Scanning for alerts on 10 symbols (5min)...
2026-02-06 14:52:06,430 [INFO]     NSE:LTIM-EQ | CVD=-9967 vs Ref=-39087 | Close=5555.50 vs VAL=5516.50
2026-02-06 14:52:06,870 [INFO]     NSE:ANGELONE-EQ | CVD=35336 vs Ref=-38939 | Close=2623.10 vs VAL=2576.40
2026-02-06 14:52:07,404 [INFO]     NSE:TECHM-EQ | CVD=44986 vs Ref=-128591 | Close=1616.10 vs VAL=1616.75
2026-02-06 14:52:08,182 [INFO]     NSE:COFORGE-EQ | CVD=-364423 vs Ref=-459286 | Close=1542.20 vs VAL=1535.00
2026-02-06 14:52:08,554 [INFO]     NSE:LAURUSLABS-EQ | CVD=-62053 vs Ref=-150837 | Close=945.50 vs VAL=944.80
2026-02-06 14:52:08,907 [INFO]     NSE:ZYDUSLIFE-EQ | CVD=-25816 vs Ref=-48650 | Close=885.55 vs VAL=884.85
2026-02-06 14:52:09,299 [INFO]     NSE:CAMS-EQ | CVD=38509 vs Ref=-75694 | Close=719.30 vs VAL=711.90
2026-02-06 14:52:09,769 [INFO]     NSE:BEL-EQ | CVD=742548 vs Ref=-426850 | Close=428.95 vs VAL=426.65
2026-02-06 14:52:10,087 [INFO]     NSE:RECLTD-EQ | CVD=-439302 vs Ref=-973015 | Close=371.15 vs VAL=368.80
2026-02-06 14:52:10,367 [INFO]     NSE:GMRAIRPORT-EQ | CVD=-1438826 vs Ref=-935696 | Close=96.85 vs VAL=96.05
2026-02-06 14:53:10,368 [INFO] 🔍 Scanning for alerts on 10 symbols (5min)...
2026-02-06 14:53:10,748 [INFO]     NSE:LTIM-EQ | CVD=-9967 vs Ref=-39087 | Close=5555.50 vs VAL=5516.50
2026-02-06 14:53:11,132 [INFO]     NSE:ANGELONE-EQ | CVD=35336 vs Ref=-38939 | Close=2623.10 vs VAL=2576.40
2026-02-06 14:53:11,596 [INFO]     NSE:TECHM-EQ | CVD=44986 vs Ref=-128591 | Close=1616.10 vs VAL=1616.75
2026-02-06 14:53:12,231 [INFO]     NSE:COFORGE-EQ | CVD=-364423 vs Ref=-459286 | Close=1542.20 vs VAL=1535.00
2026-02-06 14:53:12,711 [INFO]     NSE:LAURUSLABS-EQ | CVD=-62053 vs Ref=-150837 | Close=945.50 vs VAL=944.80
2026-02-06 14:53:12,996 [INFO]     NSE:ZYDUSLIFE-EQ | CVD=-25816 vs Ref=-48650 | Close=885.55 vs VAL=884.85
2026-02-06 14:53:13,249 [INFO]     NSE:CAMS-EQ | CVD=38509 vs Ref=-75694 | Close=719.30 vs VAL=711.90
2026-02-06 14:53:13,496 [INFO]     NSE:BEL-EQ | CVD=742548 vs Ref=-426850 | Close=428.95 vs VAL=426.65
2026-02-06 14:53:13,834 [INFO]     NSE:RECLTD-EQ | CVD=-439302 vs Ref=-973015 | Close=371.15 vs VAL=368.80
2026-02-06 14:53:14,258 [INFO]     NSE:GMRAIRPORT-EQ | CVD=-1438826 vs Ref=-935696 | Close=96.85 vs VAL=96.05
2026-02-06 14:54:14,259 [INFO] 🔍 Scanning for alerts on 10 symbols (5min)...
2026-02-06 14:54:14,535 [INFO]     NSE:LTIM-EQ | CVD=-9967 vs Ref=-39087 | Close=5555.50 vs VAL=5516.50
2026-02-06 14:54:14,811 [INFO]     NSE:ANGELONE-EQ | CVD=35336 vs Ref=-38939 | Close=2623.10 vs VAL=2576.40
2026-02-06 14:54:15,096 [INFO]     NSE:TECHM-EQ | CVD=44986 vs Ref=-128591 | Close=1616.10 vs VAL=1616.75
2026-02-06 14:54:15,402 [INFO]     NSE:COFORGE-EQ | CVD=-364423 vs Ref=-459286 | Close=1542.20 vs VAL=1535.00
2026-02-06 14:54:15,746 [INFO]     NSE:LAURUSLABS-EQ | CVD=-62053 vs Ref=-150837 | Close=945.50 vs VAL=944.80
2026-02-06 14:54:16,042 [INFO]     NSE:ZYDUSLIFE-EQ | CVD=-25816 vs Ref=-48650 | Close=885.55 vs VAL=884.85
2026-02-06 14:54:16,301 [INFO]     NSE:CAMS-EQ | CVD=38509 vs Ref=-75694 | Close=719.30 vs VAL=711.90
2026-02-06 14:54:16,579 [INFO]     NSE:BEL-EQ | CVD=742548 vs Ref=-426850 | Close=428.95 vs VAL=426.65
2026-02-06 14:54:16,834 [INFO]     NSE:RECLTD-EQ | CVD=-439302 vs Ref=-973015 | Close=371.15 vs VAL=368.80
2026-02-06 14:54:17,082 [INFO]     NSE:GMRAIRPORT-EQ | CVD=-1438826 vs Ref=-935696 | Close=96.85 vs VAL=96.05
2026-02-06 14:55:17,084 [INFO] 🔍 Scanning for alerts on 10 symbols (5min)...
2026-02-06 14:55:17,379 [INFO]     NSE:LTIM-EQ | CVD=-9967 vs Ref=-39087 | Close=5555.50 vs VAL=5516.50
2026-02-06 14:55:17,745 [INFO]     NSE:ANGELONE-EQ | CVD=35336 vs Ref=-38939 | Close=2623.10 vs VAL=2576.40
2026-02-06 14:55:18,062 [INFO]     NSE:TECHM-EQ | CVD=44986 vs Ref=-128591 | Close=1616.10 vs VAL=1616.75
2026-02-06 14:55:18,416 [INFO]     NSE:COFORGE-EQ | CVD=-364423 vs Ref=-459286 | Close=1542.20 vs VAL=1535.00
2026-02-06 14:55:18,784 [INFO]     NSE:LAURUSLABS-EQ | CVD=-62053 vs Ref=-150837 | Close=945.50 vs VAL=944.80
2026-02-06 14:55:19,234 [INFO]     NSE:ZYDUSLIFE-EQ | CVD=-25816 vs Ref=-48650 | Close=885.55 vs VAL=884.85
2026-02-06 14:55:19,613 [INFO]     NSE:CAMS-EQ | CVD=38509 vs Ref=-75694 | Close=719.30 vs VAL=711.90
2026-02-06 14:55:19,962 [INFO]     NSE:BEL-EQ | CVD=742548 vs Ref=-426850 | Close=428.95 vs VAL=426.65
2026-02-06 14:55:20,217 [INFO]     NSE:RECLTD-EQ | CVD=-439302 vs Ref=-973015 | Close=371.15 vs VAL=368.80
2026-02-06 14:55:20,554 [INFO]     NSE:GMRAIRPORT-EQ | CVD=-1438826 vs Ref=-935696 | Close=96.85 vs VAL=96.05
2026-02-06 14:56:20,556 [INFO] 🔍 Scanning for alerts on 10 symbols (5min)...
2026-02-06 14:56:20,812 [INFO]     NSE:LTIM-EQ | CVD=-11085 vs Ref=-39087 | Close=5555.50 vs VAL=5516.50
2026-02-06 14:56:21,109 [INFO]     NSE:ANGELONE-EQ | CVD=40418 vs Ref=-38939 | Close=2628.30 vs VAL=2576.40
2026-02-06 14:56:21,438 [INFO]     NSE:TECHM-EQ | CVD=39176 vs Ref=-128591 | Close=1617.70 vs VAL=1616.75
2026-02-06 14:56:21,826 [INFO]     NSE:COFORGE-EQ | CVD=-366744 vs Ref=-459286 | Close=1543.00 vs VAL=1535.00
2026-02-06 14:56:22,091 [INFO]     NSE:LAURUSLABS-EQ | CVD=-60854 vs Ref=-150837 | Close=946.20 vs VAL=944.80
2026-02-06 14:56:22,391 [INFO]     NSE:ZYDUSLIFE-EQ | CVD=-20566 vs Ref=-48650 | Close=886.80 vs VAL=884.85
2026-02-06 14:56:22,740 [INFO]     NSE:CAMS-EQ | CVD=35116 vs Ref=-75694 | Close=719.40 vs VAL=711.90
2026-02-06 14:56:23,175 [INFO]     NSE:BEL-EQ | CVD=771444 vs Ref=-426850 | Close=429.20 vs VAL=426.65
2026-02-06 14:56:23,464 [INFO]     NSE:RECLTD-EQ | CVD=-427246 vs Ref=-973015 | Close=371.70 vs VAL=368.80
2026-02-06 14:56:23,789 [INFO]     NSE:GMRAIRPORT-EQ | CVD=-1467350 vs Ref=-935696 | Close=96.99 vs VAL=96.05
2026-02-06 14:57:23,791 [INFO] 🔍 Scanning for alerts on 10 symbols (5min)...
2026-02-06 14:57:24,026 [INFO]     NSE:LTIM-EQ | CVD=-11085 vs Ref=-39087 | Close=5555.50 vs VAL=5516.50
2026-02-06 14:57:24,292 [INFO]     NSE:ANGELONE-EQ | CVD=40418 vs Ref=-38939 | Close=2628.30 vs VAL=2576.40
2026-02-06 14:57:24,545 [INFO]     NSE:TECHM-EQ | CVD=39176 vs Ref=-128591 | Close=1617.70 vs VAL=1616.75
2026-02-06 14:57:24,861 [INFO]     NSE:COFORGE-EQ | CVD=-366744 vs Ref=-459286 | Close=1543.00 vs VAL=1535.00
2026-02-06 14:57:25,171 [INFO]     NSE:LAURUSLABS-EQ | CVD=-60854 vs Ref=-150837 | Close=946.20 vs VAL=944.80
2026-02-06 14:57:25,414 [INFO]     NSE:ZYDUSLIFE-EQ | CVD=-20566 vs Ref=-48650 | Close=886.80 vs VAL=884.85
2026-02-06 14:57:25,726 [INFO]     NSE:CAMS-EQ | CVD=35116 vs Ref=-75694 | Close=719.40 vs VAL=711.90
2026-02-06 14:57:26,094 [INFO]     NSE:BEL-EQ | CVD=771444 vs Ref=-426850 | Close=429.20 vs VAL=426.65
2026-02-06 14:57:26,484 [INFO]     NSE:RECLTD-EQ | CVD=-427246 vs Ref=-973015 | Close=371.70 vs VAL=368.80
2026-02-06 14:57:26,904 [INFO]     NSE:GMRAIRPORT-EQ | CVD=-1467350 vs Ref=-935696 | Close=96.99 vs VAL=96.05
2026-02-06 14:58:26,906 [INFO] 🔍 Scanning for alerts on 10 symbols (5min)...
2026-02-06 14:58:27,158 [INFO]     NSE:LTIM-EQ | CVD=-11085 vs Ref=-39087 | Close=5555.50 vs VAL=5516.50
2026-02-06 14:58:27,390 [INFO]     NSE:ANGELONE-EQ | CVD=40418 vs Ref=-38939 | Close=2628.30 vs VAL=2576.40
2026-02-06 14:58:27,680 [INFO]     NSE:TECHM-EQ | CVD=39176 vs Ref=-128591 | Close=1617.70 vs VAL=1616.75
2026-02-06 14:58:27,934 [INFO]     NSE:COFORGE-EQ | CVD=-366744 vs Ref=-459286 | Close=1543.00 vs VAL=1535.00
2026-02-06 14:58:28,251 [INFO]     NSE:LAURUSLABS-EQ | CVD=-60854 vs Ref=-150837 | Close=946.20 vs VAL=944.80
2026-02-06 14:58:28,476 [INFO]     NSE:ZYDUSLIFE-EQ | CVD=-20566 vs Ref=-48650 | Close=886.80 vs VAL=884.85
2026-02-06 14:58:28,778 [INFO]     NSE:CAMS-EQ | CVD=35116 vs Ref=-75694 | Close=719.40 vs VAL=711.90
2026-02-06 14:58:29,014 [INFO]     NSE:BEL-EQ | CVD=771444 vs Ref=-426850 | Close=429.20 vs VAL=426.65
2026-02-06 14:58:29,257 [INFO]     NSE:RECLTD-EQ | CVD=-427246 vs Ref=-973015 | Close=371.70 vs VAL=368.80
2026-02-06 14:58:29,478 [INFO]     NSE:GMRAIRPORT-EQ | CVD=-1467350 vs Ref=-935696 | Close=96.99 vs VAL=96.05
2026-02-06 14:59:29,480 [INFO] 🔍 Scanning for alerts on 10 symbols (5min)...
2026-02-06 14:59:29,692 [INFO]     NSE:LTIM-EQ | CVD=-11085 vs Ref=-39087 | Close=5555.50 vs VAL=5516.50
2026-02-06 14:59:29,940 [INFO]     NSE:ANGELONE-EQ | CVD=40418 vs Ref=-38939 | Close=2628.30 vs VAL=2576.40
2026-02-06 14:59:30,469 [INFO]     NSE:TECHM-EQ | CVD=39176 vs Ref=-128591 | Close=1617.70 vs VAL=1616.75
2026-02-06 14:59:30,705 [INFO]     NSE:COFORGE-EQ | CVD=-366744 vs Ref=-459286 | Close=1543.00 vs VAL=1535.00
2026-02-06 14:59:31,009 [INFO]     NSE:LAURUSLABS-EQ | CVD=-60854 vs Ref=-150837 | Close=946.20 vs VAL=944.80
2026-02-06 14:59:31,280 [INFO]     NSE:ZYDUSLIFE-EQ | CVD=-20566 vs Ref=-48650 | Close=886.80 vs VAL=884.85
2026-02-06 14:59:31,537 [INFO]     NSE:CAMS-EQ | CVD=35116 vs Ref=-75694 | Close=719.40 vs VAL=711.90
2026-02-06 14:59:31,765 [INFO]     NSE:BEL-EQ | CVD=771444 vs Ref=-426850 | Close=429.20 vs VAL=426.65
2026-02-06 14:59:32,026 [INFO]     NSE:RECLTD-EQ | CVD=-427246 vs Ref=-973015 | Close=371.70 vs VAL=368.80
2026-02-06 14:59:32,286 [INFO]     NSE:GMRAIRPORT-EQ | CVD=-1467350 vs Ref=-935696 | Close=96.99 vs VAL=96.05
2026-02-06 15:00:32,287 [INFO] 🔍 Scanning for alerts on 10 symbols (5min)...
2026-02-06 15:00:32,529 [INFO]     NSE:LTIM-EQ | CVD=-11085 vs Ref=-39087 | Close=5555.50 vs VAL=5516.50
2026-02-06 15:00:32,786 [INFO]     NSE:ANGELONE-EQ | CVD=40418 vs Ref=-38939 | Close=2628.30 vs VAL=2576.40
2026-02-06 15:00:33,035 [INFO]     NSE:TECHM-EQ | CVD=39176 vs Ref=-128591 | Close=1617.70 vs VAL=1616.75
2026-02-06 15:00:33,294 [INFO]     NSE:COFORGE-EQ | CVD=-366744 vs Ref=-459286 | Close=1543.00 vs VAL=1535.00
2026-02-06 15:00:33,508 [INFO]     NSE:LAURUSLABS-EQ | CVD=-60854 vs Ref=-150837 | Close=946.20 vs VAL=944.80
2026-02-06 15:00:33,751 [INFO]     NSE:ZYDUSLIFE-EQ | CVD=-20566 vs Ref=-48650 | Close=886.80 vs VAL=884.85
2026-02-06 15:00:33,966 [INFO]     NSE:CAMS-EQ | CVD=35116 vs Ref=-75694 | Close=719.40 vs VAL=711.90
2026-02-06 15:00:34,213 [INFO]     NSE:BEL-EQ | CVD=771444 vs Ref=-426850 | Close=429.20 vs VAL=426.65
2026-02-06 15:00:34,463 [INFO]     NSE:RECLTD-EQ | CVD=-427246 vs Ref=-973015 | Close=371.70 vs VAL=368.80
2026-02-06 15:00:34,686 [INFO]     NSE:GMRAIRPORT-EQ | CVD=-1467350 vs Ref=-935696 | Close=96.99 vs VAL=96.05
2026-02-06 15:01:34,687 [INFO] 🔍 Scanning for alerts on 10 symbols (5min)...
2026-02-06 15:01:34,897 [INFO]     NSE:LTIM-EQ | CVD=-12273 vs Ref=-39087 | Close=5556.50 vs VAL=5516.50
2026-02-06 15:01:35,130 [INFO]     NSE:ANGELONE-EQ | CVD=43048 vs Ref=-38939 | Close=2634.40 vs VAL=2576.40
2026-02-06 15:01:35,364 [INFO]     NSE:TECHM-EQ | CVD=44042 vs Ref=-128591 | Close=1617.90 vs VAL=1616.75
2026-02-06 15:01:35,654 [INFO]     NSE:COFORGE-EQ | CVD=-342255 vs Ref=-459286 | Close=1545.00 vs VAL=1535.00
2026-02-06 15:01:35,901 [INFO]     NSE:LAURUSLABS-EQ | CVD=-52775 vs Ref=-150837 | Close=950.00 vs VAL=944.80
2026-02-06 15:01:36,157 [INFO]     NSE:ZYDUSLIFE-EQ | CVD=-18188 vs Ref=-48650 | Close=888.95 vs VAL=884.85
2026-02-06 15:01:36,402 [INFO]     NSE:CAMS-EQ | CVD=33510 vs Ref=-75694 | Close=720.30 vs VAL=711.90
2026-02-06 15:01:36,630 [INFO]     NSE:BEL-EQ | CVD=898053 vs Ref=-426850 | Close=429.95 vs VAL=426.65
2026-02-06 15:01:36,875 [INFO]     NSE:RECLTD-EQ | CVD=-489865 vs Ref=-973015 | Close=371.50 vs VAL=368.80
2026-02-06 15:01:37,103 [INFO]     NSE:GMRAIRPORT-EQ | CVD=-1452420 vs Ref=-935696 | Close=97.18 vs VAL=96.05
2026-02-06 15:02:37,104 [INFO] 🔍 Scanning for alerts on 10 symbols (5min)...
2026-02-06 15:02:37,306 [INFO]     NSE:LTIM-EQ | CVD=-12273 vs Ref=-39087 | Close=5556.50 vs VAL=5516.50
2026-02-06 15:02:37,552 [INFO]     NSE:ANGELONE-EQ | CVD=43048 vs Ref=-38939 | Close=2634.40 vs VAL=2576.40
2026-02-06 15:02:37,801 [INFO]     NSE:TECHM-EQ | CVD=44042 vs Ref=-128591 | Close=1617.90 vs VAL=1616.75
2026-02-06 15:02:38,024 [INFO]     NSE:COFORGE-EQ | CVD=-342255 vs Ref=-459286 | Close=1545.00 vs VAL=1535.00
2026-02-06 15:02:38,296 [INFO]     NSE:LAURUSLABS-EQ | CVD=-52775 vs Ref=-150837 | Close=950.00 vs VAL=944.80
2026-02-06 15:02:38,577 [INFO]     NSE:ZYDUSLIFE-EQ | CVD=-18188 vs Ref=-48650 | Close=888.95 vs VAL=884.85
2026-02-06 15:02:38,799 [INFO]     NSE:CAMS-EQ | CVD=33510 vs Ref=-75694 | Close=720.30 vs VAL=711.90
2026-02-06 15:02:39,035 [INFO]     NSE:BEL-EQ | CVD=898053 vs Ref=-426850 | Close=429.95 vs VAL=426.65
2026-02-06 15:02:39,329 [INFO]     NSE:RECLTD-EQ | CVD=-489865 vs Ref=-973015 | Close=371.50 vs VAL=368.80
2026-02-06 15:02:39,540 [INFO]     NSE:GMRAIRPORT-EQ | CVD=-1452420 vs Ref=-935696 | Close=97.18 vs VAL=96.05
2026-02-06 15:03:39,541 [INFO] 🔍 Scanning for alerts on 10 symbols (5min)...
2026-02-06 15:03:39,767 [INFO]     NSE:LTIM-EQ | CVD=-12273 vs Ref=-39087 | Close=5556.50 vs VAL=5516.50
2026-02-06 15:03:40,022 [INFO]     NSE:ANGELONE-EQ | CVD=43048 vs Ref=-38939 | Close=2634.40 vs VAL=2576.40
2026-02-06 15:03:40,269 [INFO]     NSE:TECHM-EQ | CVD=44042 vs Ref=-128591 | Close=1617.90 vs VAL=1616.75
2026-02-06 15:03:40,514 [INFO]     NSE:COFORGE-EQ | CVD=-342255 vs Ref=-459286 | Close=1545.00 vs VAL=1535.00
2026-02-06 15:03:40,752 [INFO]     NSE:LAURUSLABS-EQ | CVD=-52775 vs Ref=-150837 | Close=950.00 vs VAL=944.80
2026-02-06 15:03:41,033 [INFO]     NSE:ZYDUSLIFE-EQ | CVD=-18188 vs Ref=-48650 | Close=888.95 vs VAL=884.85
2026-02-06 15:03:41,299 [INFO]     NSE:CAMS-EQ | CVD=33510 vs Ref=-75694 | Close=720.30 vs VAL=711.90
2026-02-06 15:03:41,542 [INFO]     NSE:BEL-EQ | CVD=898053 vs Ref=-426850 | Close=429.95 vs VAL=426.65
2026-02-06 15:03:41,777 [INFO]     NSE:RECLTD-EQ | CVD=-489865 vs Ref=-973015 | Close=371.50 vs VAL=368.80
2026-02-06 15:03:41,997 [INFO]     NSE:GMRAIRPORT-EQ | CVD=-1452420 vs Ref=-935696 | Close=97.18 vs VAL=96.05
2026-02-06 15:04:41,998 [INFO] 🔍 Scanning for alerts on 10 symbols (5min)...
2026-02-06 15:04:42,200 [INFO]     NSE:LTIM-EQ | CVD=-12273 vs Ref=-39087 | Close=5556.50 vs VAL=5516.50
2026-02-06 15:04:42,447 [INFO]     NSE:ANGELONE-EQ | CVD=43048 vs Ref=-38939 | Close=2634.40 vs VAL=2576.40
2026-02-06 15:04:42,677 [INFO]     NSE:TECHM-EQ | CVD=44042 vs Ref=-128591 | Close=1617.90 vs VAL=1616.75
2026-02-06 15:04:42,905 [INFO]     NSE:COFORGE-EQ | CVD=-342255 vs Ref=-459286 | Close=1545.00 vs VAL=1535.00
2026-02-06 15:04:43,110 [INFO]     NSE:LAURUSLABS-EQ | CVD=-52775 vs Ref=-150837 | Close=950.00 vs VAL=944.80
2026-02-06 15:04:43,336 [INFO]     NSE:ZYDUSLIFE-EQ | CVD=-18188 vs Ref=-48650 | Close=888.95 vs VAL=884.85
2026-02-06 15:04:43,610 [INFO]     NSE:CAMS-EQ | CVD=33510 vs Ref=-75694 | Close=720.30 vs VAL=711.90
2026-02-06 15:04:43,846 [INFO]     NSE:BEL-EQ | CVD=898053 vs Ref=-426850 | Close=429.95 vs VAL=426.65
2026-02-06 15:04:44,082 [INFO]     NSE:RECLTD-EQ | CVD=-489865 vs Ref=-973015 | Close=371.50 vs VAL=368.80
2026-02-06 15:04:44,305 [INFO]     NSE:GMRAIRPORT-EQ | CVD=-1452420 vs Ref=-935696 | Close=97.18 vs VAL=96.05
2026-02-06 15:05:44,307 [INFO] 🔍 Scanning for alerts on 10 symbols (5min)...
2026-02-06 15:05:44,502 [INFO]     NSE:LTIM-EQ | CVD=-12273 vs Ref=-39087 | Close=5556.50 vs VAL=5516.50
2026-02-06 15:05:44,764 [INFO]     NSE:ANGELONE-EQ | CVD=43048 vs Ref=-38939 | Close=2634.40 vs VAL=2576.40
2026-02-06 15:05:46,278 [INFO]     NSE:TECHM-EQ | CVD=44042 vs Ref=-128591 | Close=1617.90 vs VAL=1616.75
2026-02-06 15:05:46,534 [INFO]     NSE:COFORGE-EQ | CVD=-342255 vs Ref=-459286 | Close=1545.00 vs VAL=1535.00
2026-02-06 15:05:46,769 [INFO]     NSE:LAURUSLABS-EQ | CVD=-52775 vs Ref=-150837 | Close=950.00 vs VAL=944.80
2026-02-06 15:05:47,014 [INFO]     NSE:ZYDUSLIFE-EQ | CVD=-18188 vs Ref=-48650 | Close=888.95 vs VAL=884.85
2026-02-06 15:05:47,379 [INFO]     NSE:CAMS-EQ | CVD=33510 vs Ref=-75694 | Close=720.30 vs VAL=711.90
2026-02-06 15:05:47,629 [INFO]     NSE:BEL-EQ | CVD=898053 vs Ref=-426850 | Close=429.95 vs VAL=426.65
2026-02-06 15:05:47,875 [INFO]     NSE:RECLTD-EQ | CVD=-489865 vs Ref=-973015 | Close=371.50 vs VAL=368.80
2026-02-06 15:05:48,134 [INFO]     NSE:GMRAIRPORT-EQ | CVD=-1452420 vs Ref=-935696 | Close=97.18 vs VAL=96.05
2026-02-06 15:06:48,136 [INFO] 🔍 Scanning for alerts on 10 symbols (5min)...
2026-02-06 15:06:48,373 [INFO]     NSE:LTIM-EQ | CVD=-10452 vs Ref=-39087 | Close=5563.00 vs VAL=5516.50
2026-02-06 15:06:48,578 [INFO]     NSE:ANGELONE-EQ | CVD=43187 vs Ref=-38939 | Close=2641.10 vs VAL=2576.40
2026-02-06 15:06:48,825 [INFO]     NSE:TECHM-EQ | CVD=86661 vs Ref=-128591 | Close=1618.90 vs VAL=1616.75
2026-02-06 15:06:49,065 [INFO]     NSE:COFORGE-EQ | CVD=-357137 vs Ref=-459286 | Close=1544.70 vs VAL=1535.00
2026-02-06 15:06:49,279 [INFO]     NSE:LAURUSLABS-EQ | CVD=-52834 vs Ref=-150837 | Close=950.55 vs VAL=944.80
2026-02-06 15:06:49,490 [INFO]     NSE:ZYDUSLIFE-EQ | CVD=-30797 vs Ref=-48650 | Close=887.85 vs VAL=884.85
2026-02-06 15:06:49,769 [INFO]     NSE:CAMS-EQ | CVD=38328 vs Ref=-75694 | Close=721.40 vs VAL=711.90
2026-02-06 15:06:50,006 [INFO]     NSE:BEL-EQ | CVD=900088 vs Ref=-426850 | Close=429.40 vs VAL=426.65
2026-02-06 15:06:50,228 [INFO]     NSE:RECLTD-EQ | CVD=-404682 vs Ref=-973015 | Close=372.30 vs VAL=368.80
2026-02-06 15:06:50,529 [INFO]     NSE:GMRAIRPORT-EQ | CVD=-1086438 vs Ref=-935696 | Close=97.47 vs VAL=96.05
2026-02-06 15:07:50,559 [INFO] 🔍 Scanning for alerts on 10 symbols (5min)...
2026-02-06 15:07:50,861 [INFO]     NSE:LTIM-EQ | CVD=-10452 vs Ref=-39087 | Close=5563.00 vs VAL=5516.50
2026-02-06 15:07:51,101 [INFO]     NSE:ANGELONE-EQ | CVD=43187 vs Ref=-38939 | Close=2641.10 vs VAL=2576.40
2026-02-06 15:07:51,325 [INFO]     NSE:TECHM-EQ | CVD=86661 vs Ref=-128591 | Close=1618.90 vs VAL=1616.75
2026-02-06 15:07:51,567 [INFO]     NSE:COFORGE-EQ | CVD=-357137 vs Ref=-459286 | Close=1544.70 vs VAL=1535.00
2026-02-06 15:07:53,545 [INFO]     NSE:LAURUSLABS-EQ | CVD=-52834 vs Ref=-150837 | Close=950.55 vs VAL=944.80
2026-02-06 15:07:53,830 [INFO]     NSE:ZYDUSLIFE-EQ | CVD=-30797 vs Ref=-48650 | Close=887.85 vs VAL=884.85
2026-02-06 15:07:54,050 [INFO]     NSE:CAMS-EQ | CVD=38328 vs Ref=-75694 | Close=721.40 vs VAL=711.90
2026-02-06 15:07:54,269 [INFO]     NSE:BEL-EQ | CVD=900088 vs Ref=-426850 | Close=429.40 vs VAL=426.65
2026-02-06 15:07:54,508 [INFO]     NSE:RECLTD-EQ | CVD=-404682 vs Ref=-973015 | Close=372.30 vs VAL=368.80
2026-02-06 15:07:54,736 [INFO]     NSE:GMRAIRPORT-EQ | CVD=-1086438 vs Ref=-935696 | Close=97.47 vs VAL=96.05
2026-02-06 15:08:54,738 [INFO] 🔍 Scanning for alerts on 10 symbols (5min)...
2026-02-06 15:08:54,988 [INFO]     NSE:LTIM-EQ | CVD=-10452 vs Ref=-39087 | Close=5563.00 vs VAL=5516.50
2026-02-06 15:08:55,220 [INFO]     NSE:ANGELONE-EQ | CVD=43187 vs Ref=-38939 | Close=2641.10 vs VAL=2576.40
2026-02-06 15:08:55,423 [INFO]     NSE:TECHM-EQ | CVD=86661 vs Ref=-128591 | Close=1618.90 vs VAL=1616.75
2026-02-06 15:08:55,660 [INFO]     NSE:COFORGE-EQ | CVD=-357137 vs Ref=-459286 | Close=1544.70 vs VAL=1535.00
2026-02-06 15:08:55,872 [INFO]     NSE:LAURUSLABS-EQ | CVD=-52834 vs Ref=-150837 | Close=950.55 vs VAL=944.80
2026-02-06 15:08:56,127 [INFO]     NSE:ZYDUSLIFE-EQ | CVD=-30797 vs Ref=-48650 | Close=887.85 vs VAL=884.85
2026-02-06 15:08:58,177 [INFO]     NSE:CAMS-EQ | CVD=38328 vs Ref=-75694 | Close=721.40 vs VAL=711.90
2026-02-06 15:08:58,393 [INFO]     NSE:BEL-EQ | CVD=900088 vs Ref=-426850 | Close=429.40 vs VAL=426.65
2026-02-06 15:08:58,606 [INFO]     NSE:RECLTD-EQ | CVD=-404682 vs Ref=-973015 | Close=372.30 vs VAL=368.80
2026-02-06 15:08:58,856 [INFO]     NSE:GMRAIRPORT-EQ | CVD=-1086438 vs Ref=-935696 | Close=97.47 vs VAL=96.05
2026-02-06 15:09:58,858 [INFO] 🔍 Scanning for alerts on 10 symbols (5min)...
2026-02-06 15:09:59,078 [INFO]     NSE:LTIM-EQ | CVD=-10452 vs Ref=-39087 | Close=5563.00 vs VAL=5516.50
2026-02-06 15:09:59,387 [INFO]     NSE:ANGELONE-EQ | CVD=43187 vs Ref=-38939 | Close=2641.10 vs VAL=2576.40
2026-02-06 15:09:59,749 [INFO]     NSE:TECHM-EQ | CVD=86661 vs Ref=-128591 | Close=1618.90 vs VAL=1616.75
2026-02-06 15:10:00,093 [INFO]     NSE:COFORGE-EQ | CVD=-357137 vs Ref=-459286 | Close=1544.70 vs VAL=1535.00
2026-02-06 15:10:00,411 [INFO]     NSE:LAURUSLABS-EQ | CVD=-52834 vs Ref=-150837 | Close=950.55 vs VAL=944.80
2026-02-06 15:10:00,793 [INFO]     NSE:ZYDUSLIFE-EQ | CVD=-30797 vs Ref=-48650 | Close=887.85 vs VAL=884.85
2026-02-06 15:10:03,352 [INFO]     NSE:CAMS-EQ | CVD=38328 vs Ref=-75694 | Close=721.40 vs VAL=711.90
2026-02-06 15:10:04,238 [INFO]     NSE:BEL-EQ | CVD=900088 vs Ref=-426850 | Close=429.40 vs VAL=426.65
2026-02-06 15:10:05,721 [INFO]     NSE:RECLTD-EQ | CVD=-404682 vs Ref=-973015 | Close=372.30 vs VAL=368.80
2026-02-06 15:10:06,359 [INFO]     NSE:GMRAIRPORT-EQ | CVD=-1086438 vs Ref=-935696 | Close=97.47 vs VAL=96.05
2026-02-06 15:11:06,419 [INFO] 🔍 Scanning for alerts on 10 symbols (5min)...
2026-02-06 15:11:08,448 [INFO]     NSE:LTIM-EQ | CVD=-5808 vs Ref=-39087 | Close=5570.50 vs VAL=5516.50
2026-02-06 15:11:09,836 [INFO]     NSE:ANGELONE-EQ | CVD=44331 vs Ref=-38939 | Close=2640.10 vs VAL=2576.40
2026-02-06 15:11:11,232 [INFO]     NSE:TECHM-EQ | CVD=111695 vs Ref=-128591 | Close=1621.30 vs VAL=1616.75
2026-02-06 15:11:12,399 [INFO]     NSE:COFORGE-EQ | CVD=-337059 vs Ref=-459286 | Close=1547.00 vs VAL=1535.00
2026-02-06 15:11:13,386 [INFO]     NSE:LAURUSLABS-EQ | CVD=-45694 vs Ref=-150837 | Close=951.20 vs VAL=944.80
2026-02-06 15:11:14,063 [INFO]     NSE:ZYDUSLIFE-EQ | CVD=-31014 vs Ref=-48650 | Close=888.00 vs VAL=884.85
2026-02-06 15:11:14,475 [INFO]     NSE:CAMS-EQ | CVD=36353 vs Ref=-75694 | Close=722.85 vs VAL=711.90
2026-02-06 15:11:14,804 [INFO]     NSE:BEL-EQ | CVD=836090 vs Ref=-426850 | Close=429.35 vs VAL=426.65
2026-02-06 15:11:15,129 [INFO]     NSE:RECLTD-EQ | CVD=-410877 vs Ref=-973015 | Close=372.25 vs VAL=368.80
2026-02-06 15:11:15,426 [INFO]     NSE:GMRAIRPORT-EQ | CVD=-1258357 vs Ref=-935696 | Close=97.47 vs VAL=96.05
2026-02-06 15:12:15,428 [INFO] 🔍 Scanning for alerts on 10 symbols (5min)...
2026-02-06 15:12:15,688 [INFO]     NSE:LTIM-EQ | CVD=-5808 vs Ref=-39087 | Close=5570.50 vs VAL=5516.50
2026-02-06 15:12:15,944 [INFO]     NSE:ANGELONE-EQ | CVD=44331 vs Ref=-38939 | Close=2640.10 vs VAL=2576.40
2026-02-06 15:12:16,206 [INFO]     NSE:TECHM-EQ | CVD=111695 vs Ref=-128591 | Close=1621.30 vs VAL=1616.75
2026-02-06 15:12:16,473 [INFO]     NSE:COFORGE-EQ | CVD=-337059 vs Ref=-459286 | Close=1547.00 vs VAL=1535.00
2026-02-06 15:12:16,742 [INFO]     NSE:LAURUSLABS-EQ | CVD=-45694 vs Ref=-150837 | Close=951.20 vs VAL=944.80
2026-02-06 15:12:17,113 [INFO]     NSE:ZYDUSLIFE-EQ | CVD=-31014 vs Ref=-48650 | Close=888.00 vs VAL=884.85
2026-02-06 15:12:17,463 [INFO]     NSE:CAMS-EQ | CVD=36353 vs Ref=-75694 | Close=722.85 vs VAL=711.90
2026-02-06 15:12:17,918 [INFO]     NSE:BEL-EQ | CVD=836090 vs Ref=-426850 | Close=429.35 vs VAL=426.65
2026-02-06 15:12:18,209 [INFO]     NSE:RECLTD-EQ | CVD=-410877 vs Ref=-973015 | Close=372.25 vs VAL=368.80
2026-02-06 15:12:18,458 [INFO]     NSE:GMRAIRPORT-EQ | CVD=-1258357 vs Ref=-935696 | Close=97.47 vs VAL=96.05
2026-02-06 15:13:18,460 [INFO] 🔍 Scanning for alerts on 10 symbols (5min)...
2026-02-06 15:13:18,687 [INFO]     NSE:LTIM-EQ | CVD=-5808 vs Ref=-39087 | Close=5570.50 vs VAL=5516.50
2026-02-06 15:13:19,196 [INFO]     NSE:ANGELONE-EQ | CVD=44331 vs Ref=-38939 | Close=2640.10 vs VAL=2576.40
2026-02-06 15:13:19,851 [INFO]     NSE:TECHM-EQ | CVD=111695 vs Ref=-128591 | Close=1621.30 vs VAL=1616.75
2026-02-06 15:13:20,467 [INFO]     NSE:COFORGE-EQ | CVD=-337059 vs Ref=-459286 | Close=1547.00 vs VAL=1535.00
2026-02-06 15:13:21,006 [INFO]     NSE:LAURUSLABS-EQ | CVD=-45694 vs Ref=-150837 | Close=951.20 vs VAL=944.80
2026-02-06 15:13:21,668 [INFO]     NSE:ZYDUSLIFE-EQ | CVD=-31014 vs Ref=-48650 | Close=888.00 vs VAL=884.85
2026-02-06 15:13:22,301 [INFO]     NSE:CAMS-EQ | CVD=36353 vs Ref=-75694 | Close=722.85 vs VAL=711.90
2026-02-06 15:13:22,796 [INFO]     NSE:BEL-EQ | CVD=836090 vs Ref=-426850 | Close=429.35 vs VAL=426.65
2026-02-06 15:13:23,181 [INFO]     NSE:RECLTD-EQ | CVD=-410877 vs Ref=-973015 | Close=372.25 vs VAL=368.80
2026-02-06 15:13:23,506 [INFO]     NSE:GMRAIRPORT-EQ | CVD=-1258357 vs Ref=-935696 | Close=97.47 vs VAL=96.05
2026-02-06 15:14:23,508 [INFO] 🔍 Scanning for alerts on 10 symbols (5min)...
2026-02-06 15:14:23,812 [INFO]     NSE:LTIM-EQ | CVD=-5808 vs Ref=-39087 | Close=5570.50 vs VAL=5516.50
2026-02-06 15:14:24,090 [INFO]     NSE:ANGELONE-EQ | CVD=44331 vs Ref=-38939 | Close=2640.10 vs VAL=2576.40
2026-02-06 15:14:24,437 [INFO]     NSE:TECHM-EQ | CVD=111695 vs Ref=-128591 | Close=1621.30 vs VAL=1616.75
2026-02-06 15:14:24,808 [INFO]     NSE:COFORGE-EQ | CVD=-337059 vs Ref=-459286 | Close=1547.00 vs VAL=1535.00
2026-02-06 15:14:25,208 [INFO]     NSE:LAURUSLABS-EQ | CVD=-45694 vs Ref=-150837 | Close=951.20 vs VAL=944.80
2026-02-06 15:14:25,603 [INFO]     NSE:ZYDUSLIFE-EQ | CVD=-31014 vs Ref=-48650 | Close=888.00 vs VAL=884.85
2026-02-06 15:14:26,023 [INFO]     NSE:CAMS-EQ | CVD=36353 vs Ref=-75694 | Close=722.85 vs VAL=711.90
2026-02-06 15:14:26,600 [INFO]     NSE:BEL-EQ | CVD=836090 vs Ref=-426850 | Close=429.35 vs VAL=426.65
2026-02-06 15:14:27,163 [INFO]     NSE:RECLTD-EQ | CVD=-410877 vs Ref=-973015 | Close=372.25 vs VAL=368.80
2026-02-06 15:14:27,704 [INFO]     NSE:GMRAIRPORT-EQ | CVD=-1258357 vs Ref=-935696 | Close=97.47 vs VAL=96.05
2026-02-06 15:15:27,706 [INFO] 🔍 Scanning for alerts on 10 symbols (5min)...
2026-02-06 15:15:27,949 [INFO]     NSE:LTIM-EQ | CVD=-5808 vs Ref=-39087 | Close=5570.50 vs VAL=5516.50
2026-02-06 15:15:28,249 [INFO]     NSE:ANGELONE-EQ | CVD=44331 vs Ref=-38939 | Close=2640.10 vs VAL=2576.40
2026-02-06 15:15:28,623 [INFO]     NSE:TECHM-EQ | CVD=111695 vs Ref=-128591 | Close=1621.30 vs VAL=1616.75
2026-02-06 15:15:29,056 [INFO]     NSE:COFORGE-EQ | CVD=-337059 vs Ref=-459286 | Close=1547.00 vs VAL=1535.00
2026-02-06 15:15:29,459 [INFO]     NSE:LAURUSLABS-EQ | CVD=-45694 vs Ref=-150837 | Close=951.20 vs VAL=944.80
2026-02-06 15:15:29,902 [INFO]     NSE:ZYDUSLIFE-EQ | CVD=-31014 vs Ref=-48650 | Close=888.00 vs VAL=884.85
2026-02-06 15:15:30,410 [INFO]     NSE:CAMS-EQ | CVD=36353 vs Ref=-75694 | Close=722.85 vs VAL=711.90
2026-02-06 15:15:30,853 [INFO]     NSE:BEL-EQ | CVD=836090 vs Ref=-426850 | Close=429.35 vs VAL=426.65
2026-02-06 15:15:31,173 [INFO]     NSE:RECLTD-EQ | CVD=-410877 vs Ref=-973015 | Close=372.25 vs VAL=368.80
2026-02-06 15:15:31,585 [INFO]     NSE:GMRAIRPORT-EQ | CVD=-1258357 vs Ref=-935696 | Close=97.47 vs VAL=96.05
2026-02-06 15:16:31,587 [INFO] 🔍 Scanning for alerts on 10 symbols (5min)...
2026-02-06 15:16:31,813 [INFO]     NSE:LTIM-EQ | CVD=-4917 vs Ref=-39087 | Close=5564.50 vs VAL=5516.50
2026-02-06 15:16:32,080 [INFO]     NSE:ANGELONE-EQ | CVD=53002 vs Ref=-38939 | Close=2645.80 vs VAL=2576.40
2026-02-06 15:16:32,348 [INFO]     NSE:TECHM-EQ | CVD=101970 vs Ref=-128591 | Close=1621.00 vs VAL=1616.75
2026-02-06 15:16:32,651 [INFO]     NSE:COFORGE-EQ | CVD=-367805 vs Ref=-459286 | Close=1545.80 vs VAL=1535.00
2026-02-06 15:16:32,917 [INFO]     NSE:LAURUSLABS-EQ | CVD=-50424 vs Ref=-150837 | Close=951.00 vs VAL=944.80
2026-02-06 15:16:33,193 [INFO]     NSE:ZYDUSLIFE-EQ | CVD=-32031 vs Ref=-48650 | Close=888.05 vs VAL=884.85
2026-02-06 15:16:33,474 [INFO]     NSE:CAMS-EQ | CVD=40858 vs Ref=-75694 | Close=723.50 vs VAL=711.90
2026-02-06 15:16:33,739 [INFO]     NSE:BEL-EQ | CVD=861906 vs Ref=-426850 | Close=429.30 vs VAL=426.65
2026-02-06 15:16:34,038 [INFO]     NSE:RECLTD-EQ | CVD=-314019 vs Ref=-973015 | Close=372.45 vs VAL=368.80
2026-02-06 15:16:34,299 [INFO]     NSE:GMRAIRPORT-EQ | CVD=-1323218 vs Ref=-935696 | Close=97.57 vs VAL=96.05
2026-02-06 15:17:34,301 [INFO] 🔍 Scanning for alerts on 10 symbols (5min)...
2026-02-06 15:17:34,699 [INFO]     NSE:LTIM-EQ | CVD=-4917 vs Ref=-39087 | Close=5564.50 vs VAL=5516.50
2026-02-06 15:17:35,081 [INFO]     NSE:ANGELONE-EQ | CVD=53002 vs Ref=-38939 | Close=2645.80 vs VAL=2576.40
2026-02-06 15:17:35,390 [INFO]     NSE:TECHM-EQ | CVD=101970 vs Ref=-128591 | Close=1621.00 vs VAL=1616.75
2026-02-06 15:17:35,722 [INFO]     NSE:COFORGE-EQ | CVD=-367805 vs Ref=-459286 | Close=1545.80 vs VAL=1535.00
2026-02-06 15:17:36,035 [INFO]     NSE:LAURUSLABS-EQ | CVD=-50424 vs Ref=-150837 | Close=951.00 vs VAL=944.80
2026-02-06 15:17:36,426 [INFO]     NSE:ZYDUSLIFE-EQ | CVD=-32031 vs Ref=-48650 | Close=888.05 vs VAL=884.85
2026-02-06 15:17:36,804 [INFO]     NSE:CAMS-EQ | CVD=40858 vs Ref=-75694 | Close=723.50 vs VAL=711.90
2026-02-06 15:17:37,212 [INFO]     NSE:BEL-EQ | CVD=861906 vs Ref=-426850 | Close=429.30 vs VAL=426.65
2026-02-06 15:17:37,731 [INFO]     NSE:RECLTD-EQ | CVD=-314019 vs Ref=-973015 | Close=372.45 vs VAL=368.80
2026-02-06 15:17:38,238 [INFO]     NSE:GMRAIRPORT-EQ | CVD=-1323218 vs Ref=-935696 | Close=97.57 vs VAL=96.05
2026-02-06 15:18:38,242 [INFO] 🔍 Scanning for alerts on 10 symbols (5min)...
2026-02-06 15:18:38,451 [INFO]     NSE:LTIM-EQ | CVD=-4917 vs Ref=-39087 | Close=5564.50 vs VAL=5516.50
2026-02-06 15:18:38,770 [INFO]     NSE:ANGELONE-EQ | CVD=53002 vs Ref=-38939 | Close=2645.80 vs VAL=2576.40
2026-02-06 15:18:39,057 [INFO]     NSE:TECHM-EQ | CVD=101970 vs Ref=-128591 | Close=1621.00 vs VAL=1616.75
2026-02-06 15:18:39,736 [INFO]     NSE:COFORGE-EQ | CVD=-367805 vs Ref=-459286 | Close=1545.80 vs VAL=1535.00
2026-02-06 15:18:40,630 [INFO]     NSE:LAURUSLABS-EQ | CVD=-50424 vs Ref=-150837 | Close=951.00 vs VAL=944.80
2026-02-06 15:18:41,226 [INFO]     NSE:ZYDUSLIFE-EQ | CVD=-32031 vs Ref=-48650 | Close=888.05 vs VAL=884.85
2026-02-06 15:18:41,737 [INFO]     NSE:CAMS-EQ | CVD=40858 vs Ref=-75694 | Close=723.50 vs VAL=711.90
2026-02-06 15:18:42,077 [INFO]     NSE:BEL-EQ | CVD=861906 vs Ref=-426850 | Close=429.30 vs VAL=426.65
2026-02-06 15:18:42,358 [INFO]     NSE:RECLTD-EQ | CVD=-314019 vs Ref=-973015 | Close=372.45 vs VAL=368.80
2026-02-06 15:18:42,648 [INFO]     NSE:GMRAIRPORT-EQ | CVD=-1323218 vs Ref=-935696 | Close=97.57 vs VAL=96.05
2026-02-06 15:19:42,678 [INFO] 🔍 Scanning for alerts on 10 symbols (5min)...
2026-02-06 15:19:43,280 [INFO]     NSE:LTIM-EQ | CVD=-4917 vs Ref=-39087 | Close=5564.50 vs VAL=5516.50
2026-02-06 15:19:43,800 [INFO]     NSE:ANGELONE-EQ | CVD=53002 vs Ref=-38939 | Close=2645.80 vs VAL=2576.40
2026-02-06 15:19:44,196 [INFO]     NSE:TECHM-EQ | CVD=101970 vs Ref=-128591 | Close=1621.00 vs VAL=1616.75
2026-02-06 15:19:44,469 [INFO]     NSE:COFORGE-EQ | CVD=-367805 vs Ref=-459286 | Close=1545.80 vs VAL=1535.00
2026-02-06 15:19:44,777 [INFO]     NSE:LAURUSLABS-EQ | CVD=-50424 vs Ref=-150837 | Close=951.00 vs VAL=944.80
2026-02-06 15:19:45,054 [INFO]     NSE:ZYDUSLIFE-EQ | CVD=-32031 vs Ref=-48650 | Close=888.05 vs VAL=884.85
2026-02-06 15:19:45,352 [INFO]     NSE:CAMS-EQ | CVD=40858 vs Ref=-75694 | Close=723.50 vs VAL=711.90
2026-02-06 15:19:45,664 [INFO]     NSE:BEL-EQ | CVD=861906 vs Ref=-426850 | Close=429.30 vs VAL=426.65
2026-02-06 15:19:46,063 [INFO]     NSE:RECLTD-EQ | CVD=-314019 vs Ref=-973015 | Close=372.45 vs VAL=368.80
2026-02-06 15:19:46,358 [INFO]     NSE:GMRAIRPORT-EQ | CVD=-1323218 vs Ref=-935696 | Close=97.57 vs VAL=96.05
2026-02-06 15:20:46,359 [INFO] 🔍 Scanning for alerts on 10 symbols (5min)...
2026-02-06 15:20:46,706 [INFO]     NSE:LTIM-EQ | CVD=-4917 vs Ref=-39087 | Close=5564.50 vs VAL=5516.50
2026-02-06 15:20:47,108 [INFO]     NSE:ANGELONE-EQ | CVD=53002 vs Ref=-38939 | Close=2645.80 vs VAL=2576.40
2026-02-06 15:20:47,372 [INFO]     NSE:TECHM-EQ | CVD=101970 vs Ref=-128591 | Close=1621.00 vs VAL=1616.75
2026-02-06 15:20:47,710 [INFO]     NSE:COFORGE-EQ | CVD=-367805 vs Ref=-459286 | Close=1545.80 vs VAL=1535.00
2026-02-06 15:20:49,653 [INFO]     NSE:LAURUSLABS-EQ | CVD=-50424 vs Ref=-150837 | Close=951.00 vs VAL=944.80
2026-02-06 15:20:49,937 [INFO]     NSE:ZYDUSLIFE-EQ | CVD=-32031 vs Ref=-48650 | Close=888.05 vs VAL=884.85
2026-02-06 15:20:50,205 [INFO]     NSE:CAMS-EQ | CVD=40858 vs Ref=-75694 | Close=723.50 vs VAL=711.90
2026-02-06 15:20:50,472 [INFO]     NSE:BEL-EQ | CVD=861906 vs Ref=-426850 | Close=429.30 vs VAL=426.65
2026-02-06 15:20:50,842 [INFO]     NSE:RECLTD-EQ | CVD=-314019 vs Ref=-973015 | Close=372.45 vs VAL=368.80
2026-02-06 15:20:51,318 [INFO]     NSE:GMRAIRPORT-EQ | CVD=-1323218 vs Ref=-935696 | Close=97.57 vs VAL=96.05
2026-02-06 15:21:51,321 [INFO] 🔍 Scanning for alerts on 10 symbols (5min)...
2026-02-06 15:21:51,604 [INFO]     NSE:LTIM-EQ | CVD=255 vs Ref=-39087 | Close=5564.50 vs VAL=5516.50
2026-02-06 15:21:51,924 [INFO]     NSE:ANGELONE-EQ | CVD=47481 vs Ref=-38939 | Close=2644.00 vs VAL=2576.40
2026-02-06 15:21:52,218 [INFO]     NSE:TECHM-EQ | CVD=81771 vs Ref=-128591 | Close=1620.80 vs VAL=1616.75
2026-02-06 15:21:54,213 [INFO]     NSE:COFORGE-EQ | CVD=-329665 vs Ref=-459286 | Close=1546.90 vs VAL=1535.00
2026-02-06 15:21:54,483 [INFO]     NSE:LAURUSLABS-EQ | CVD=-54922 vs Ref=-150837 | Close=950.60 vs VAL=944.80
2026-02-06 15:21:54,763 [INFO]     NSE:ZYDUSLIFE-EQ | CVD=-27416 vs Ref=-48650 | Close=888.85 vs VAL=884.85
2026-02-06 15:21:55,075 [INFO]     NSE:CAMS-EQ | CVD=47459 vs Ref=-75694 | Close=723.15 vs VAL=711.90
2026-02-06 15:21:55,468 [INFO]     NSE:BEL-EQ | CVD=787810 vs Ref=-426850 | Close=429.40 vs VAL=426.65
2026-02-06 15:21:55,732 [INFO]     NSE:RECLTD-EQ | CVD=-455161 vs Ref=-973015 | Close=372.15 vs VAL=368.80
2026-02-06 15:21:56,045 [INFO]     NSE:GMRAIRPORT-EQ | CVD=-1401992 vs Ref=-935696 | Close=97.55 vs VAL=96.05
2026-02-06 15:22:56,047 [INFO] 🔍 Scanning for alerts on 10 symbols (5min)...
2026-02-06 15:22:56,362 [INFO]     NSE:LTIM-EQ | CVD=255 vs Ref=-39087 | Close=5564.50 vs VAL=5516.50
2026-02-06 15:22:57,196 [INFO]     NSE:ANGELONE-EQ | CVD=47481 vs Ref=-38939 | Close=2644.00 vs VAL=2576.40
2026-02-06 15:22:59,080 [INFO]     NSE:TECHM-EQ | CVD=81771 vs Ref=-128591 | Close=1620.80 vs VAL=1616.75
2026-02-06 15:22:59,570 [INFO]     NSE:COFORGE-EQ | CVD=-329665 vs Ref=-459286 | Close=1546.90 vs VAL=1535.00
2026-02-06 15:23:00,000 [INFO]     NSE:LAURUSLABS-EQ | CVD=-54922 vs Ref=-150837 | Close=950.60 vs VAL=944.80
2026-02-06 15:23:00,521 [INFO]     NSE:ZYDUSLIFE-EQ | CVD=-27416 vs Ref=-48650 | Close=888.85 vs VAL=884.85
2026-02-06 15:23:02,457 [INFO]     NSE:CAMS-EQ | CVD=47459 vs Ref=-75694 | Close=723.15 vs VAL=711.90
2026-02-06 15:23:04,367 [INFO]     NSE:BEL-EQ | CVD=787810 vs Ref=-426850 | Close=429.40 vs VAL=426.65
2026-02-06 15:23:05,869 [INFO]     NSE:RECLTD-EQ | CVD=-455161 vs Ref=-973015 | Close=372.15 vs VAL=368.80
2026-02-06 15:23:07,044 [INFO]     NSE:GMRAIRPORT-EQ | CVD=-1401992 vs Ref=-935696 | Close=97.55 vs VAL=96.05
2026-02-06 15:24:07,079 [INFO] 🔍 Scanning for alerts on 10 symbols (5min)...
2026-02-06 15:24:08,968 [INFO]     NSE:LTIM-EQ | CVD=255 vs Ref=-39087 | Close=5564.50 vs VAL=5516.50
2026-02-06 15:24:10,505 [INFO]     NSE:ANGELONE-EQ | CVD=47481 vs Ref=-38939 | Close=2644.00 vs VAL=2576.40
2026-02-06 15:24:12,042 [INFO]     NSE:TECHM-EQ | CVD=81771 vs Ref=-128591 | Close=1620.80 vs VAL=1616.75
2026-02-06 15:24:12,821 [INFO]     NSE:COFORGE-EQ | CVD=-329665 vs Ref=-459286 | Close=1546.90 vs VAL=1535.00
2026-02-06 15:24:13,708 [INFO]     NSE:LAURUSLABS-EQ | CVD=-54922 vs Ref=-150837 | Close=950.60 vs VAL=944.80
2026-02-06 15:24:14,339 [INFO]     NSE:ZYDUSLIFE-EQ | CVD=-27416 vs Ref=-48650 | Close=888.85 vs VAL=884.85
2026-02-06 15:24:14,976 [INFO]     NSE:CAMS-EQ | CVD=47459 vs Ref=-75694 | Close=723.15 vs VAL=711.90
2026-02-06 15:24:15,696 [INFO]     NSE:BEL-EQ | CVD=787810 vs Ref=-426850 | Close=429.40 vs VAL=426.65
2026-02-06 15:24:16,184 [INFO]     NSE:RECLTD-EQ | CVD=-455161 vs Ref=-973015 | Close=372.15 vs VAL=368.80
2026-02-06 15:24:16,604 [INFO]     NSE:GMRAIRPORT-EQ | CVD=-1401992 vs Ref=-935696 | Close=97.55 vs VAL=96.05
2026-02-06 15:25:16,607 [INFO] 🔍 Scanning for alerts on 10 symbols (5min)...
2026-02-06 15:25:16,857 [INFO]     NSE:LTIM-EQ | CVD=255 vs Ref=-39087 | Close=5564.50 vs VAL=5516.50
2026-02-06 15:25:17,211 [INFO]     NSE:ANGELONE-EQ | CVD=47481 vs Ref=-38939 | Close=2644.00 vs VAL=2576.40
2026-02-06 15:25:17,526 [INFO]     NSE:TECHM-EQ | CVD=81771 vs Ref=-128591 | Close=1620.80 vs VAL=1616.75
2026-02-06 15:25:17,960 [INFO]     NSE:COFORGE-EQ | CVD=-329665 vs Ref=-459286 | Close=1546.90 vs VAL=1535.00
2026-02-06 15:25:18,347 [INFO]     NSE:LAURUSLABS-EQ | CVD=-54922 vs Ref=-150837 | Close=950.60 vs VAL=944.80
2026-02-06 15:25:18,637 [INFO]     NSE:ZYDUSLIFE-EQ | CVD=-27416 vs Ref=-48650 | Close=888.85 vs VAL=884.85
2026-02-06 15:25:18,916 [INFO]     NSE:CAMS-EQ | CVD=47459 vs Ref=-75694 | Close=723.15 vs VAL=711.90
2026-02-06 15:25:19,200 [INFO]     NSE:BEL-EQ | CVD=787810 vs Ref=-426850 | Close=429.40 vs VAL=426.65
2026-02-06 15:25:19,508 [INFO]     NSE:RECLTD-EQ | CVD=-455161 vs Ref=-973015 | Close=372.15 vs VAL=368.80
2026-02-06 15:25:19,809 [INFO]     NSE:GMRAIRPORT-EQ | CVD=-1401992 vs Ref=-935696 | Close=97.55 vs VAL=96.05
2026-02-06 15:26:19,810 [INFO] 🔍 Scanning for alerts on 10 symbols (5min)...
2026-02-06 15:26:20,042 [INFO]     NSE:LTIM-EQ | CVD=-673 vs Ref=-39087 | Close=5562.00 vs VAL=5516.50
2026-02-06 15:26:20,300 [INFO]     NSE:ANGELONE-EQ | CVD=48772 vs Ref=-38939 | Close=2643.40 vs VAL=2576.40
2026-02-06 15:26:20,646 [INFO]     NSE:TECHM-EQ | CVD=74481 vs Ref=-128591 | Close=1618.50 vs VAL=1616.75
2026-02-06 15:26:20,994 [INFO]     NSE:COFORGE-EQ | CVD=-315117 vs Ref=-459286 | Close=1545.80 vs VAL=1535.00
2026-02-06 15:26:21,354 [INFO]     NSE:LAURUSLABS-EQ | CVD=-50826 vs Ref=-150837 | Close=950.80 vs VAL=944.80
2026-02-06 15:26:21,895 [INFO]     NSE:ZYDUSLIFE-EQ | CVD=-28373 vs Ref=-48650 | Close=888.80 vs VAL=884.85
2026-02-06 15:26:22,460 [INFO]     NSE:CAMS-EQ | CVD=54110 vs Ref=-75694 | Close=723.00 vs VAL=711.90
2026-02-06 15:26:23,222 [INFO]     NSE:BEL-EQ | CVD=906392 vs Ref=-426850 | Close=429.80 vs VAL=426.65
2026-02-06 15:26:23,830 [INFO]     NSE:RECLTD-EQ | CVD=-39325 vs Ref=-973015 | Close=372.65 vs VAL=368.80
2026-02-06 15:26:24,283 [INFO]     NSE:GMRAIRPORT-EQ | CVD=-1196896 vs Ref=-935696 | Close=97.67 vs VAL=96.05
2026-02-06 15:27:24,285 [INFO] 🔍 Scanning for alerts on 10 symbols (5min)...
2026-02-06 15:27:24,884 [INFO]     NSE:LTIM-EQ | CVD=-673 vs Ref=-39087 | Close=5562.00 vs VAL=5516.50
2026-02-06 15:27:25,611 [INFO]     NSE:ANGELONE-EQ | CVD=48772 vs Ref=-38939 | Close=2643.40 vs VAL=2576.40
2026-02-06 15:27:26,023 [INFO]     NSE:TECHM-EQ | CVD=74481 vs Ref=-128591 | Close=1618.50 vs VAL=1616.75
2026-02-06 15:27:26,305 [INFO]     NSE:COFORGE-EQ | CVD=-315117 vs Ref=-459286 | Close=1545.80 vs VAL=1535.00
2026-02-06 15:27:26,592 [INFO]     NSE:LAURUSLABS-EQ | CVD=-50826 vs Ref=-150837 | Close=950.80 vs VAL=944.80
2026-02-06 15:27:27,006 [INFO]     NSE:ZYDUSLIFE-EQ | CVD=-28373 vs Ref=-48650 | Close=888.80 vs VAL=884.85
2026-02-06 15:27:27,598 [INFO]     NSE:CAMS-EQ | CVD=54110 vs Ref=-75694 | Close=723.00 vs VAL=711.90
2026-02-06 15:27:28,347 [INFO]     NSE:BEL-EQ | CVD=906392 vs Ref=-426850 | Close=429.80 vs VAL=426.65
2026-02-06 15:27:29,282 [INFO]     NSE:RECLTD-EQ | CVD=-39325 vs Ref=-973015 | Close=372.65 vs VAL=368.80
2026-02-06 15:27:30,015 [INFO]     NSE:GMRAIRPORT-EQ | CVD=-1196896 vs Ref=-935696 | Close=97.67 vs VAL=96.05
2026-02-06 15:28:30,018 [INFO] 🔍 Scanning for alerts on 10 symbols (5min)...
2026-02-06 15:28:30,257 [INFO]     NSE:LTIM-EQ | CVD=-673 vs Ref=-39087 | Close=5562.00 vs VAL=5516.50
2026-02-06 15:28:30,545 [INFO]     NSE:ANGELONE-EQ | CVD=48772 vs Ref=-38939 | Close=2643.40 vs VAL=2576.40
2026-02-06 15:28:30,889 [INFO]     NSE:TECHM-EQ | CVD=74481 vs Ref=-128591 | Close=1618.50 vs VAL=1616.75
2026-02-06 15:28:31,209 [INFO]     NSE:COFORGE-EQ | CVD=-315117 vs Ref=-459286 | Close=1545.80 vs VAL=1535.00
2026-02-06 15:28:31,568 [INFO]     NSE:LAURUSLABS-EQ | CVD=-50826 vs Ref=-150837 | Close=950.80 vs VAL=944.80
2026-02-06 15:28:32,487 [INFO]     NSE:ZYDUSLIFE-EQ | CVD=-28373 vs Ref=-48650 | Close=888.80 vs VAL=884.85
2026-02-06 15:28:33,016 [INFO]     NSE:CAMS-EQ | CVD=54110 vs Ref=-75694 | Close=723.00 vs VAL=711.90
2026-02-06 15:28:33,677 [INFO]     NSE:BEL-EQ | CVD=906392 vs Ref=-426850 | Close=429.80 vs VAL=426.65
2026-02-06 15:28:34,075 [INFO]     NSE:RECLTD-EQ | CVD=-39325 vs Ref=-973015 | Close=372.65 vs VAL=368.80
2026-02-06 15:28:34,438 [INFO]     NSE:GMRAIRPORT-EQ | CVD=-1196896 vs Ref=-935696 | Close=97.67 vs VAL=96.05
2026-02-06 15:29:34,440 [INFO] 🔍 Scanning for alerts on 10 symbols (5min)...
2026-02-06 15:29:35,214 [INFO]     NSE:LTIM-EQ | CVD=-673 vs Ref=-39087 | Close=5562.00 vs VAL=5516.50
2026-02-06 15:29:36,658 [INFO]     NSE:ANGELONE-EQ | CVD=48772 vs Ref=-38939 | Close=2643.40 vs VAL=2576.40
2026-02-06 15:29:37,486 [INFO]     NSE:TECHM-EQ | CVD=74481 vs Ref=-128591 | Close=1618.50 vs VAL=1616.75
2026-02-06 15:29:38,310 [INFO]     NSE:COFORGE-EQ | CVD=-315117 vs Ref=-459286 | Close=1545.80 vs VAL=1535.00
2026-02-06 15:29:39,482 [INFO]     NSE:LAURUSLABS-EQ | CVD=-50826 vs Ref=-150837 | Close=950.80 vs VAL=944.80
2026-02-06 15:29:40,051 [INFO]     NSE:ZYDUSLIFE-EQ | CVD=-28373 vs Ref=-48650 | Close=888.80 vs VAL=884.85
2026-02-06 15:29:40,856 [INFO]     NSE:CAMS-EQ | CVD=54110 vs Ref=-75694 | Close=723.00 vs VAL=711.90
2026-02-06 15:29:41,792 [INFO]     NSE:BEL-EQ | CVD=906392 vs Ref=-426850 | Close=429.80 vs VAL=426.65
2026-02-06 15:29:42,493 [INFO]     NSE:RECLTD-EQ | CVD=-39325 vs Ref=-973015 | Close=372.65 vs VAL=368.80
2026-02-06 15:29:43,784 [INFO]     NSE:GMRAIRPORT-EQ | CVD=-1196896 vs Ref=-935696 | Close=97.67 vs VAL=96.05
2026-02-06 15:30:43,786 [INFO] 🔍 Scanning for alerts on 10 symbols (5min)...
2026-02-06 15:30:44,066 [INFO]     NSE:LTIM-EQ | CVD=-673 vs Ref=-39087 | Close=5562.00 vs VAL=5516.50
2026-02-06 15:30:44,399 [INFO]     NSE:ANGELONE-EQ | CVD=48772 vs Ref=-38939 | Close=2643.40 vs VAL=2576.40
2026-02-06 15:30:44,692 [INFO]     NSE:TECHM-EQ | CVD=74481 vs Ref=-128591 | Close=1618.50 vs VAL=1616.75
2026-02-06 15:30:45,005 [INFO]     NSE:COFORGE-EQ | CVD=-315117 vs Ref=-459286 | Close=1545.80 vs VAL=1535.00
2026-02-06 15:30:45,228 [INFO]     NSE:LAURUSLABS-EQ | CVD=-50826 vs Ref=-150837 | Close=950.80 vs VAL=944.80
2026-02-06 15:30:45,454 [INFO]     NSE:ZYDUSLIFE-EQ | CVD=-28373 vs Ref=-48650 | Close=888.80 vs VAL=884.85
2026-02-06 15:30:45,703 [INFO]     NSE:CAMS-EQ | CVD=54110 vs Ref=-75694 | Close=723.00 vs VAL=711.90
2026-02-06 15:30:45,944 [INFO]     NSE:BEL-EQ | CVD=906392 vs Ref=-426850 | Close=429.80 vs VAL=426.65
2026-02-06 15:30:46,214 [INFO]     NSE:RECLTD-EQ | CVD=-39325 vs Ref=-973015 | Close=372.65 vs VAL=368.80
2026-02-06 15:30:46,551 [INFO]     NSE:GMRAIRPORT-EQ | CVD=-1196896 vs Ref=-935696 | Close=97.67 vs VAL=96.05
2026-02-06 15:31:46,563 [INFO] 🔍 Scanning for alerts on 10 symbols (5min)...
2026-02-06 15:31:46,845 [INFO]     NSE:LTIM-EQ | CVD=-673 vs Ref=-39087 | Close=5562.00 vs VAL=5516.50
2026-02-06 15:31:47,127 [INFO]     NSE:ANGELONE-EQ | CVD=35834 vs Ref=-38939 | Close=2631.00 vs VAL=2576.40
2026-02-06 15:31:47,545 [INFO]     NSE:TECHM-EQ | CVD=74481 vs Ref=-128591 | Close=1618.50 vs VAL=1616.75
2026-02-06 15:31:47,894 [INFO]     NSE:COFORGE-EQ | CVD=-339738 vs Ref=-459286 | Close=1543.00 vs VAL=1535.00
2026-02-06 15:31:48,209 [INFO]     NSE:LAURUSLABS-EQ | CVD=-96104 vs Ref=-150837 | Close=947.50 vs VAL=944.80
2026-02-06 15:31:48,591 [INFO]     NSE:ZYDUSLIFE-EQ | CVD=-28373 vs Ref=-48650 | Close=888.80 vs VAL=884.85
2026-02-06 15:31:48,905 [INFO]     NSE:CAMS-EQ | CVD=52707 vs Ref=-75694 | Close=722.40 vs VAL=711.90
2026-02-06 15:31:49,129 [INFO]     NSE:BEL-EQ | CVD=848008 vs Ref=-426850 | Close=430.00 vs VAL=426.65
2026-02-06 15:31:49,402 [INFO]     NSE:RECLTD-EQ | CVD=-21426 vs Ref=-973015 | Close=372.60 vs VAL=368.80
2026-02-06 15:31:49,724 [INFO]     NSE:GMRAIRPORT-EQ | CVD=-1323981 vs Ref=-935696 | Close=97.40 vs VAL=96.05
2026-02-06 15:32:49,725 [INFO] 🔍 Scanning for alerts on 10 symbols (5min)...
2026-02-06 15:32:50,011 [INFO]     NSE:LTIM-EQ | CVD=-3564 vs Ref=-39087 | Close=5553.00 vs VAL=5516.50
2026-02-06 15:32:50,271 [INFO]     NSE:ANGELONE-EQ | CVD=35834 vs Ref=-38939 | Close=2631.00 vs VAL=2576.40
2026-02-06 15:32:50,507 [INFO]     NSE:TECHM-EQ | CVD=36484 vs Ref=-128591 | Close=1615.00 vs VAL=1616.75
2026-02-06 15:32:50,802 [INFO]     NSE:COFORGE-EQ | CVD=-339738 vs Ref=-459286 | Close=1543.00 vs VAL=1535.00
2026-02-06 15:32:51,156 [INFO]     NSE:LAURUSLABS-EQ | CVD=-96104 vs Ref=-150837 | Close=947.50 vs VAL=944.80
2026-02-06 15:32:53,305 [INFO]     NSE:ZYDUSLIFE-EQ | CVD=-32401 vs Ref=-48650 | Close=887.00 vs VAL=884.85
2026-02-06 15:32:54,021 [INFO]     NSE:CAMS-EQ | CVD=52707 vs Ref=-75694 | Close=722.40 vs VAL=711.90
2026-02-06 15:32:54,304 [INFO]     NSE:BEL-EQ | CVD=848008 vs Ref=-426850 | Close=430.00 vs VAL=426.65
2026-02-06 15:32:54,581 [INFO]     NSE:RECLTD-EQ | CVD=-21426 vs Ref=-973015 | Close=372.60 vs VAL=368.80
2026-02-06 15:32:54,878 [INFO]     NSE:GMRAIRPORT-EQ | CVD=-1323981 vs Ref=-935696 | Close=97.40 vs VAL=96.05
2026-02-06 15:33:54,880 [INFO] 🔍 Scanning for alerts on 10 symbols (5min)...
2026-02-06 15:33:55,165 [INFO]     NSE:LTIM-EQ | CVD=-3564 vs Ref=-39087 | Close=5553.00 vs VAL=5516.50
2026-02-06 15:33:55,454 [INFO]     NSE:ANGELONE-EQ | CVD=35834 vs Ref=-38939 | Close=2631.00 vs VAL=2576.40
2026-02-06 15:33:57,519 [INFO]     NSE:TECHM-EQ | CVD=36484 vs Ref=-128591 | Close=1615.00 vs VAL=1616.75
2026-02-06 15:33:57,814 [INFO]     NSE:COFORGE-EQ | CVD=-339738 vs Ref=-459286 | Close=1543.00 vs VAL=1535.00
2026-02-06 15:33:58,101 [INFO]     NSE:LAURUSLABS-EQ | CVD=-96104 vs Ref=-150837 | Close=947.50 vs VAL=944.80
2026-02-06 15:33:58,385 [INFO]     NSE:ZYDUSLIFE-EQ | CVD=-32401 vs Ref=-48650 | Close=887.00 vs VAL=884.85
2026-02-06 15:33:58,690 [INFO]     NSE:CAMS-EQ | CVD=52707 vs Ref=-75694 | Close=722.40 vs VAL=711.90
2026-02-06 15:33:58,969 [INFO]     NSE:BEL-EQ | CVD=848008 vs Ref=-426850 | Close=430.00 vs VAL=426.65
2026-02-06 15:33:59,256 [INFO]     NSE:RECLTD-EQ | CVD=-21426 vs Ref=-973015 | Close=372.60 vs VAL=368.80
2026-02-06 15:33:59,541 [INFO]     NSE:GMRAIRPORT-EQ | CVD=-1323981 vs Ref=-935696 | Close=97.40 vs VAL=96.05
2026-02-06 15:34:59,543 [INFO] 🔍 Scanning for alerts on 10 symbols (5min)...
2026-02-06 15:34:59,765 [INFO]     NSE:LTIM-EQ | CVD=-3564 vs Ref=-39087 | Close=5553.00 vs VAL=5516.50
2026-02-06 15:35:00,088 [INFO]     NSE:ANGELONE-EQ | CVD=35834 vs Ref=-38939 | Close=2631.00 vs VAL=2576.40
2026-02-06 15:35:02,025 [INFO]     NSE:TECHM-EQ | CVD=36484 vs Ref=-128591 | Close=1615.00 vs VAL=1616.75
2026-02-06 15:35:02,359 [INFO]     NSE:COFORGE-EQ | CVD=-339738 vs Ref=-459286 | Close=1543.00 vs VAL=1535.00
2026-02-06 15:35:02,699 [INFO]     NSE:LAURUSLABS-EQ | CVD=-96104 vs Ref=-150837 | Close=947.50 vs VAL=944.80
2026-02-06 15:35:03,037 [INFO]     NSE:ZYDUSLIFE-EQ | CVD=-32401 vs Ref=-48650 | Close=887.00 vs VAL=884.85
2026-02-06 15:35:03,257 [INFO]     NSE:CAMS-EQ | CVD=52707 vs Ref=-75694 | Close=722.40 vs VAL=711.90
2026-02-06 15:35:03,488 [INFO]     NSE:BEL-EQ | CVD=848008 vs Ref=-426850 | Close=430.00 vs VAL=426.65
2026-02-06 15:35:03,737 [INFO]     NSE:RECLTD-EQ | CVD=-21426 vs Ref=-973015 | Close=372.60 vs VAL=368.80
2026-02-06 15:35:03,971 [INFO]     NSE:GMRAIRPORT-EQ | CVD=-1323981 vs Ref=-935696 | Close=97.40 vs VAL=96.05
2026-02-06 15:36:03,973 [INFO] 🔍 Scanning for alerts on 10 symbols (5min)...
2026-02-06 15:36:04,957 [INFO]     NSE:LTIM-EQ | CVD=-3564 vs Ref=-39087 | Close=5553.00 vs VAL=5516.50
2026-02-06 15:36:05,268 [INFO]     NSE:ANGELONE-EQ | CVD=35834 vs Ref=-38939 | Close=2631.00 vs VAL=2576.40
2026-02-06 15:36:05,736 [INFO]     NSE:TECHM-EQ | CVD=36484 vs Ref=-128591 | Close=1615.00 vs VAL=1616.75
2026-02-06 15:36:06,283 [INFO]     NSE:COFORGE-EQ | CVD=-339738 vs Ref=-459286 | Close=1543.00 vs VAL=1535.00
2026-02-06 15:36:07,030 [INFO]     NSE:LAURUSLABS-EQ | CVD=-96104 vs Ref=-150837 | Close=947.50 vs VAL=944.80
2026-02-06 15:36:07,646 [INFO]     NSE:ZYDUSLIFE-EQ | CVD=-32401 vs Ref=-48650 | Close=887.00 vs VAL=884.85
2026-02-06 15:36:08,131 [INFO]     NSE:CAMS-EQ | CVD=52707 vs Ref=-75694 | Close=722.40 vs VAL=711.90
2026-02-06 15:36:08,588 [INFO]     NSE:BEL-EQ | CVD=848008 vs Ref=-426850 | Close=430.00 vs VAL=426.65
2026-02-06 15:36:08,923 [INFO]     NSE:RECLTD-EQ | CVD=-21426 vs Ref=-973015 | Close=372.60 vs VAL=368.80
2026-02-06 15:36:09,717 [INFO]     NSE:GMRAIRPORT-EQ | CVD=-1323981 vs Ref=-935696 | Close=97.40 vs VAL=96.05
2026-02-06 15:37:09,917 [INFO] 🔍 Scanning for alerts on 10 symbols (5min)...
2026-02-06 15:37:10,143 [INFO]     NSE:LTIM-EQ | CVD=-3564 vs Ref=-39087 | Close=5553.00 vs VAL=5516.50
2026-02-06 15:37:11,960 [INFO]     NSE:ANGELONE-EQ | CVD=35834 vs Ref=-38939 | Close=2631.00 vs VAL=2576.40
2026-02-06 15:37:12,238 [INFO]     NSE:TECHM-EQ | CVD=36484 vs Ref=-128591 | Close=1615.00 vs VAL=1616.75
2026-02-06 15:37:12,476 [INFO]     NSE:COFORGE-EQ | CVD=-339738 vs Ref=-459286 | Close=1543.00 vs VAL=1535.00
2026-02-06 15:37:12,908 [INFO]     NSE:LAURUSLABS-EQ | CVD=-96104 vs Ref=-150837 | Close=947.50 vs VAL=944.80
2026-02-06 15:37:13,252 [INFO]     NSE:ZYDUSLIFE-EQ | CVD=-32401 vs Ref=-48650 | Close=887.00 vs VAL=884.85
2026-02-06 15:37:13,497 [INFO]     NSE:CAMS-EQ | CVD=52707 vs Ref=-75694 | Close=722.40 vs VAL=711.90
2026-02-06 15:37:13,763 [INFO]     NSE:BEL-EQ | CVD=848008 vs Ref=-426850 | Close=430.00 vs VAL=426.65
2026-02-06 15:37:14,008 [INFO]     NSE:RECLTD-EQ | CVD=-21426 vs Ref=-973015 | Close=372.60 vs VAL=368.80
2026-02-06 15:37:14,231 [INFO]     NSE:GMRAIRPORT-EQ | CVD=-1323981 vs Ref=-935696 | Close=97.40 vs VAL=96.05
2026-02-06 15:38:14,233 [INFO] 🔍 Scanning for alerts on 10 symbols (5min)...
2026-02-06 15:38:14,482 [INFO]     NSE:LTIM-EQ | CVD=-3564 vs Ref=-39087 | Close=5553.00 vs VAL=5516.50
2026-02-06 15:38:16,631 [INFO]     NSE:ANGELONE-EQ | CVD=35834 vs Ref=-38939 | Close=2631.00 vs VAL=2576.40
2026-02-06 15:38:17,081 [INFO]     NSE:TECHM-EQ | CVD=36484 vs Ref=-128591 | Close=1615.00 vs VAL=1616.75
2026-02-06 15:38:17,399 [INFO]     NSE:COFORGE-EQ | CVD=-339738 vs Ref=-459286 | Close=1543.00 vs VAL=1535.00
2026-02-06 15:38:17,616 [INFO]     NSE:LAURUSLABS-EQ | CVD=-96104 vs Ref=-150837 | Close=947.50 vs VAL=944.80
2026-02-06 15:38:17,963 [INFO]     NSE:ZYDUSLIFE-EQ | CVD=-32401 vs Ref=-48650 | Close=887.00 vs VAL=884.85
2026-02-06 15:38:18,528 [INFO]     NSE:CAMS-EQ | CVD=52707 vs Ref=-75694 | Close=722.40 vs VAL=711.90
2026-02-06 15:38:18,976 [INFO]     NSE:BEL-EQ | CVD=848008 vs Ref=-426850 | Close=430.00 vs VAL=426.65
2026-02-06 15:38:19,316 [INFO]     NSE:RECLTD-EQ | CVD=-21426 vs Ref=-973015 | Close=372.60 vs VAL=368.80
2026-02-06 15:38:19,602 [INFO]     NSE:GMRAIRPORT-EQ | CVD=-1323981 vs Ref=-935696 | Close=97.40 vs VAL=96.05
2026-02-06 15:39:19,604 [INFO] 🔍 Scanning for alerts on 10 symbols (5min)...
2026-02-06 15:39:19,870 [INFO]     NSE:LTIM-EQ | CVD=-3564 vs Ref=-39087 | Close=5561.50 vs VAL=5516.50
2026-02-06 15:39:20,091 [INFO]     NSE:ANGELONE-EQ | CVD=35834 vs Ref=-38939 | Close=2642.00 vs VAL=2576.40
2026-02-06 15:39:20,325 [INFO]     NSE:TECHM-EQ | CVD=36548 vs Ref=-128591 | Close=1619.90 vs VAL=1616.75
2026-02-06 15:39:20,655 [INFO]     NSE:COFORGE-EQ | CVD=-339738 vs Ref=-459286 | Close=1546.00 vs VAL=1535.00
2026-02-06 15:39:20,962 [INFO]     NSE:LAURUSLABS-EQ | CVD=-96104 vs Ref=-150837 | Close=947.50 vs VAL=944.80
2026-02-06 15:39:21,186 [INFO]     NSE:ZYDUSLIFE-EQ | CVD=-32401 vs Ref=-48650 | Close=887.00 vs VAL=884.85
2026-02-06 15:39:21,415 [INFO]     NSE:CAMS-EQ | CVD=52580 vs Ref=-75694 | Close=722.40 vs VAL=711.90
2026-02-06 15:39:21,713 [INFO]     NSE:BEL-EQ | CVD=848017 vs Ref=-426850 | Close=429.65 vs VAL=426.65
2026-02-06 15:39:21,974 [INFO]     NSE:RECLTD-EQ | CVD=-21421 vs Ref=-973015 | Close=372.50 vs VAL=368.80
2026-02-06 15:39:22,275 [INFO]     NSE:GMRAIRPORT-EQ | CVD=-1324820 vs Ref=-935696 | Close=97.51 vs VAL=96.05
2026-02-06 15:40:22,277 [INFO] 🔍 Scanning for alerts on 10 symbols (5min)...
2026-02-06 15:40:22,482 [INFO]     NSE:LTIM-EQ | CVD=-3564 vs Ref=-39087 | Close=5561.50 vs VAL=5516.50
2026-02-06 15:40:22,725 [INFO]     NSE:ANGELONE-EQ | CVD=35834 vs Ref=-38939 | Close=2642.00 vs VAL=2576.40
2026-02-06 15:40:22,969 [INFO]     NSE:TECHM-EQ | CVD=36548 vs Ref=-128591 | Close=1619.90 vs VAL=1616.75
2026-02-06 15:40:23,216 [INFO]     NSE:COFORGE-EQ | CVD=-339738 vs Ref=-459286 | Close=1546.00 vs VAL=1535.00
2026-02-06 15:40:23,437 [INFO]     NSE:LAURUSLABS-EQ | CVD=-96104 vs Ref=-150837 | Close=950.55 vs VAL=944.80
2026-02-06 15:40:23,685 [INFO]     NSE:ZYDUSLIFE-EQ | CVD=-32401 vs Ref=-48650 | Close=888.15 vs VAL=884.85
2026-02-06 15:40:23,950 [INFO]     NSE:CAMS-EQ | CVD=52580 vs Ref=-75694 | Close=722.40 vs VAL=711.90
2026-02-06 15:40:24,222 [INFO]     NSE:BEL-EQ | CVD=848017 vs Ref=-426850 | Close=429.65 vs VAL=426.65
2026-02-06 15:40:24,456 [INFO]     NSE:RECLTD-EQ | CVD=-21421 vs Ref=-973015 | Close=372.50 vs VAL=368.80
2026-02-06 15:40:24,742 [INFO]     NSE:GMRAIRPORT-EQ | CVD=-1324820 vs Ref=-935696 | Close=97.51 vs VAL=96.05
2026-02-06 15:41:24,744 [INFO] 🔍 Scanning for alerts on 10 symbols (5min)...
2026-02-06 15:41:24,979 [INFO]     NSE:LTIM-EQ | CVD=-3564 vs Ref=-39087 | Close=5561.50 vs VAL=5516.50
2026-02-06 15:41:25,229 [INFO]     NSE:ANGELONE-EQ | CVD=35834 vs Ref=-38939 | Close=2642.00 vs VAL=2576.40
2026-02-06 15:41:25,529 [INFO]     NSE:TECHM-EQ | CVD=36548 vs Ref=-128591 | Close=1619.90 vs VAL=1616.75
2026-02-06 15:41:25,820 [INFO]     NSE:COFORGE-EQ | CVD=-339738 vs Ref=-459286 | Close=1546.00 vs VAL=1535.00
2026-02-06 15:41:26,082 [INFO]     NSE:LAURUSLABS-EQ | CVD=-96104 vs Ref=-150837 | Close=950.55 vs VAL=944.80
2026-02-06 15:41:26,430 [INFO]     NSE:ZYDUSLIFE-EQ | CVD=-32401 vs Ref=-48650 | Close=888.15 vs VAL=884.85
2026-02-06 15:41:26,752 [INFO]     NSE:CAMS-EQ | CVD=52580 vs Ref=-75694 | Close=722.40 vs VAL=711.90
2026-02-06 15:41:27,034 [INFO]     NSE:BEL-EQ | CVD=848017 vs Ref=-426850 | Close=429.65 vs VAL=426.65
2026-02-06 15:41:27,394 [INFO]     NSE:RECLTD-EQ | CVD=-21421 vs Ref=-973015 | Close=372.50 vs VAL=368.80
2026-02-06 15:41:27,671 [INFO]     NSE:GMRAIRPORT-EQ | CVD=-1324820 vs Ref=-935696 | Close=97.51 vs VAL=96.05
2026-02-06 15:42:27,673 [INFO] 🔍 Scanning for alerts on 10 symbols (5min)...
2026-02-06 15:42:27,912 [INFO]     NSE:LTIM-EQ | CVD=-3564 vs Ref=-39087 | Close=5561.50 vs VAL=5516.50
2026-02-06 15:42:28,166 [INFO]     NSE:ANGELONE-EQ | CVD=35834 vs Ref=-38939 | Close=2642.00 vs VAL=2576.40
2026-02-06 15:42:28,495 [INFO]     NSE:TECHM-EQ | CVD=36548 vs Ref=-128591 | Close=1619.90 vs VAL=1616.75
2026-02-06 15:42:28,784 [INFO]     NSE:COFORGE-EQ | CVD=-339738 vs Ref=-459286 | Close=1546.00 vs VAL=1535.00
2026-02-06 15:42:29,050 [INFO]     NSE:LAURUSLABS-EQ | CVD=-96104 vs Ref=-150837 | Close=950.55 vs VAL=944.80
2026-02-06 15:42:29,287 [INFO]     NSE:ZYDUSLIFE-EQ | CVD=-32401 vs Ref=-48650 | Close=888.15 vs VAL=884.85
2026-02-06 15:42:29,578 [INFO]     NSE:CAMS-EQ | CVD=52580 vs Ref=-75694 | Close=722.40 vs VAL=711.90
2026-02-06 15:42:29,853 [INFO]     NSE:BEL-EQ | CVD=848017 vs Ref=-426850 | Close=429.65 vs VAL=426.65
2026-02-06 15:42:30,242 [INFO]     NSE:RECLTD-EQ | CVD=-21421 vs Ref=-973015 | Close=372.50 vs VAL=368.80
2026-02-06 15:42:30,727 [INFO]     NSE:GMRAIRPORT-EQ | CVD=-1324820 vs Ref=-935696 | Close=97.51 vs VAL=96.05
2026-02-06 15:43:30,728 [INFO] 🔍 Scanning for alerts on 10 symbols (5min)...
2026-02-06 15:43:30,989 [INFO]     NSE:LTIM-EQ | CVD=-3564 vs Ref=-39087 | Close=5561.50 vs VAL=5516.50
2026-02-06 15:43:31,539 [INFO]     NSE:ANGELONE-EQ | CVD=35834 vs Ref=-38939 | Close=2642.00 vs VAL=2576.40
2026-02-06 15:43:31,883 [INFO]     NSE:TECHM-EQ | CVD=36548 vs Ref=-128591 | Close=1619.90 vs VAL=1616.75
2026-02-06 15:43:32,224 [INFO]     NSE:COFORGE-EQ | CVD=-339738 vs Ref=-459286 | Close=1546.00 vs VAL=1535.00
2026-02-06 15:43:32,535 [INFO]     NSE:LAURUSLABS-EQ | CVD=-96104 vs Ref=-150837 | Close=950.55 vs VAL=944.80
2026-02-06 15:43:33,354 [INFO]     NSE:ZYDUSLIFE-EQ | CVD=-32401 vs Ref=-48650 | Close=888.15 vs VAL=884.85
2026-02-06 15:43:33,856 [INFO]     NSE:CAMS-EQ | CVD=52580 vs Ref=-75694 | Close=722.40 vs VAL=711.90
2026-02-06 15:43:34,191 [INFO]     NSE:BEL-EQ | CVD=848017 vs Ref=-426850 | Close=429.65 vs VAL=426.65
2026-02-06 15:43:34,579 [INFO]     NSE:RECLTD-EQ | CVD=-21421 vs Ref=-973015 | Close=372.50 vs VAL=368.80
2026-02-06 15:43:34,903 [INFO]     NSE:GMRAIRPORT-EQ | CVD=-1324820 vs Ref=-935696 | Close=97.51 vs VAL=96.05
2026-02-06 15:44:34,904 [INFO] 🔍 Scanning for alerts on 10 symbols (5min)...
2026-02-06 15:44:35,168 [INFO]     NSE:LTIM-EQ | CVD=-3564 vs Ref=-39087 | Close=5561.50 vs VAL=5516.50
2026-02-06 15:44:35,453 [INFO]     NSE:ANGELONE-EQ | CVD=35834 vs Ref=-38939 | Close=2642.00 vs VAL=2576.40
2026-02-06 15:44:35,988 [INFO]     NSE:TECHM-EQ | CVD=36548 vs Ref=-128591 | Close=1619.90 vs VAL=1616.75
2026-02-06 15:44:37,149 [INFO]     NSE:COFORGE-EQ | CVD=-339738 vs Ref=-459286 | Close=1546.00 vs VAL=1535.00
2026-02-06 15:44:38,182 [INFO]     NSE:LAURUSLABS-EQ | CVD=-96104 vs Ref=-150837 | Close=950.55 vs VAL=944.80
2026-02-06 15:44:39,073 [INFO]     NSE:ZYDUSLIFE-EQ | CVD=-32401 vs Ref=-48650 | Close=888.15 vs VAL=884.85
2026-02-06 15:44:39,977 [INFO]     NSE:CAMS-EQ | CVD=52580 vs Ref=-75694 | Close=722.40 vs VAL=711.90
2026-02-06 15:44:40,501 [INFO]     NSE:BEL-EQ | CVD=848017 vs Ref=-426850 | Close=429.65 vs VAL=426.65
2026-02-06 15:44:40,890 [INFO]     NSE:RECLTD-EQ | CVD=-21421 vs Ref=-973015 | Close=372.50 vs VAL=368.80
2026-02-06 15:44:41,262 [INFO]     NSE:GMRAIRPORT-EQ | CVD=-1324820 vs Ref=-935696 | Close=97.51 vs VAL=96.05
2026-02-06 15:45:41,263 [INFO] 🔍 Scanning for alerts on 10 symbols (5min)...
2026-02-06 15:45:41,521 [INFO]     NSE:LTIM-EQ | CVD=-3564 vs Ref=-39087 | Close=5561.50 vs VAL=5516.50
2026-02-06 15:45:41,793 [INFO]     NSE:ANGELONE-EQ | CVD=35834 vs Ref=-38939 | Close=2642.00 vs VAL=2576.40
2026-02-06 15:45:42,165 [INFO]     NSE:TECHM-EQ | CVD=36548 vs Ref=-128591 | Close=1619.90 vs VAL=1616.75
2026-02-06 15:45:42,634 [INFO]     NSE:COFORGE-EQ | CVD=-339738 vs Ref=-459286 | Close=1546.00 vs VAL=1535.00
2026-02-06 15:45:43,006 [INFO]     NSE:LAURUSLABS-EQ | CVD=-96104 vs Ref=-150837 | Close=950.55 vs VAL=944.80
2026-02-06 15:45:43,334 [INFO]     NSE:ZYDUSLIFE-EQ | CVD=-32401 vs Ref=-48650 | Close=888.15 vs VAL=884.85
2026-02-06 15:45:43,652 [INFO]     NSE:CAMS-EQ | CVD=52580 vs Ref=-75694 | Close=722.40 vs VAL=711.90
2026-02-06 15:45:44,033 [INFO]     NSE:BEL-EQ | CVD=848017 vs Ref=-426850 | Close=429.65 vs VAL=426.65
2026-02-06 15:45:44,343 [INFO]     NSE:RECLTD-EQ | CVD=-21421 vs Ref=-973015 | Close=372.50 vs VAL=368.80
2026-02-06 15:45:44,852 [INFO]     NSE:GMRAIRPORT-EQ | CVD=-1324820 vs Ref=-935696 | Close=97.51 vs VAL=96.05
2026-02-06 15:46:44,854 [INFO] 🔍 Scanning for alerts on 10 symbols (5min)...
2026-02-06 15:46:45,199 [INFO]     NSE:LTIM-EQ | CVD=-3564 vs Ref=-39087 | Close=5561.50 vs VAL=5516.50
2026-02-06 15:46:45,474 [INFO]     NSE:ANGELONE-EQ | CVD=35834 vs Ref=-38939 | Close=2642.00 vs VAL=2576.40
2026-02-06 15:46:45,711 [INFO]     NSE:TECHM-EQ | CVD=36548 vs Ref=-128591 | Close=1619.90 vs VAL=1616.75
2026-02-06 15:46:45,998 [INFO]     NSE:COFORGE-EQ | CVD=-339738 vs Ref=-459286 | Close=1546.00 vs VAL=1535.00
2026-02-06 15:46:46,280 [INFO]     NSE:LAURUSLABS-EQ | CVD=-96104 vs Ref=-150837 | Close=950.55 vs VAL=944.80
2026-02-06 15:46:46,531 [INFO]     NSE:ZYDUSLIFE-EQ | CVD=-32401 vs Ref=-48650 | Close=888.15 vs VAL=884.85
2026-02-06 15:46:46,813 [INFO]     NSE:CAMS-EQ | CVD=52580 vs Ref=-75694 | Close=722.40 vs VAL=711.90
2026-02-06 15:46:47,186 [INFO]     NSE:BEL-EQ | CVD=842376 vs Ref=-426850 | Close=429.65 vs VAL=426.65
2026-02-06 15:46:47,576 [INFO]     NSE:RECLTD-EQ | CVD=-21421 vs Ref=-973015 | Close=372.50 vs VAL=368.80
2026-02-06 15:46:47,960 [INFO]     NSE:GMRAIRPORT-EQ | CVD=-1321769 vs Ref=-935696 | Close=97.51 vs VAL=96.05
2026-02-06 15:47:47,961 [INFO] 🔍 Scanning for alerts on 10 symbols (5min)...
2026-02-06 15:47:48,180 [INFO]     NSE:LTIM-EQ | CVD=-3564 vs Ref=-39087 | Close=5561.50 vs VAL=5516.50
2026-02-06 15:47:48,466 [INFO]     NSE:ANGELONE-EQ | CVD=35834 vs Ref=-38939 | Close=2642.00 vs VAL=2576.40
2026-02-06 15:47:48,743 [INFO]     NSE:TECHM-EQ | CVD=36548 vs Ref=-128591 | Close=1619.90 vs VAL=1616.75
2026-02-06 15:47:49,217 [INFO]     NSE:COFORGE-EQ | CVD=-339567 vs Ref=-459286 | Close=1546.00 vs VAL=1535.00
2026-02-06 15:47:49,795 [INFO]     NSE:LAURUSLABS-EQ | CVD=-96104 vs Ref=-150837 | Close=950.55 vs VAL=944.80
2026-02-06 15:47:50,493 [INFO]     NSE:ZYDUSLIFE-EQ | CVD=-32390 vs Ref=-48650 | Close=888.15 vs VAL=884.85
2026-02-06 15:47:51,171 [INFO]     NSE:CAMS-EQ | CVD=52580 vs Ref=-75694 | Close=722.40 vs VAL=711.90
2026-02-06 15:47:51,530 [INFO]     NSE:BEL-EQ | CVD=842376 vs Ref=-426850 | Close=429.65 vs VAL=426.65
2026-02-06 15:47:51,827 [INFO]     NSE:RECLTD-EQ | CVD=-22426 vs Ref=-973015 | Close=372.50 vs VAL=368.80
2026-02-06 15:47:52,719 [INFO]     NSE:GMRAIRPORT-EQ | CVD=-1321769 vs Ref=-935696 | Close=97.51 vs VAL=96.05
2026-02-06 15:48:52,721 [INFO] 🔍 Scanning for alerts on 10 symbols (5min)...
2026-02-06 15:48:52,955 [INFO]     NSE:LTIM-EQ | CVD=-3559 vs Ref=-39087 | Close=5561.50 vs VAL=5516.50
2026-02-06 15:48:53,195 [INFO]     NSE:ANGELONE-EQ | CVD=35834 vs Ref=-38939 | Close=2642.00 vs VAL=2576.40
2026-02-06 15:48:53,475 [INFO]     NSE:TECHM-EQ | CVD=36556 vs Ref=-128591 | Close=1619.90 vs VAL=1616.75
2026-02-06 15:48:53,747 [INFO]     NSE:COFORGE-EQ | CVD=-339567 vs Ref=-459286 | Close=1546.00 vs VAL=1535.00
2026-02-06 15:48:54,072 [INFO]     NSE:LAURUSLABS-EQ | CVD=-95575 vs Ref=-150837 | Close=950.55 vs VAL=944.80
2026-02-06 15:48:54,425 [INFO]     NSE:ZYDUSLIFE-EQ | CVD=-32390 vs Ref=-48650 | Close=888.15 vs VAL=884.85
2026-02-06 15:48:54,758 [INFO]     NSE:CAMS-EQ | CVD=52580 vs Ref=-75694 | Close=722.40 vs VAL=711.90
2026-02-06 15:48:55,117 [INFO]     NSE:BEL-EQ | CVD=842376 vs Ref=-426850 | Close=429.65 vs VAL=426.65
2026-02-06 15:48:55,343 [INFO]     NSE:RECLTD-EQ | CVD=-22426 vs Ref=-973015 | Close=372.50 vs VAL=368.80
2026-02-06 15:48:55,608 [INFO]     NSE:GMRAIRPORT-EQ | CVD=-1321769 vs Ref=-935696 | Close=97.51 vs VAL=96.05
2026-02-06 15:49:55,609 [INFO] 🔍 Scanning for alerts on 10 symbols (5min)...
2026-02-06 15:49:56,124 [INFO]     NSE:LTIM-EQ | CVD=-3559 vs Ref=-39087 | Close=5561.50 vs VAL=5516.50
2026-02-06 15:49:56,688 [INFO]     NSE:ANGELONE-EQ | CVD=35834 vs Ref=-38939 | Close=2642.00 vs VAL=2576.40
2026-02-06 15:49:57,244 [INFO]     NSE:TECHM-EQ | CVD=36556 vs Ref=-128591 | Close=1619.90 vs VAL=1616.75
2026-02-06 15:49:57,688 [INFO]     NSE:COFORGE-EQ | CVD=-339567 vs Ref=-459286 | Close=1546.00 vs VAL=1535.00
2026-02-06 15:49:58,719 [INFO]     NSE:LAURUSLABS-EQ | CVD=-95575 vs Ref=-150837 | Close=950.55 vs VAL=944.80
2026-02-06 15:49:59,487 [INFO]     NSE:ZYDUSLIFE-EQ | CVD=-32390 vs Ref=-48650 | Close=888.15 vs VAL=884.85
2026-02-06 15:50:00,635 [INFO]     NSE:CAMS-EQ | CVD=52580 vs Ref=-75694 | Close=722.40 vs VAL=711.90
2026-02-06 15:50:01,087 [INFO]     NSE:BEL-EQ | CVD=842376 vs Ref=-426850 | Close=429.65 vs VAL=426.65
2026-02-06 15:50:01,701 [INFO]     NSE:RECLTD-EQ | CVD=-22426 vs Ref=-973015 | Close=372.50 vs VAL=368.80
2026-02-06 15:50:02,409 [INFO]     NSE:GMRAIRPORT-EQ | CVD=-1321769 vs Ref=-935696 | Close=97.51 vs VAL=96.05
2026-02-06 15:51:02,412 [INFO] 🔍 Scanning for alerts on 10 symbols (5min)...
2026-02-06 15:51:02,691 [INFO]     NSE:LTIM-EQ | CVD=-3559 vs Ref=-39087 | Close=5561.50 vs VAL=5516.50
2026-02-06 15:51:02,919 [INFO]     NSE:ANGELONE-EQ | CVD=35834 vs Ref=-38939 | Close=2642.00 vs VAL=2576.40
2026-02-06 15:51:03,272 [INFO]     NSE:TECHM-EQ | CVD=36556 vs Ref=-128591 | Close=1619.90 vs VAL=1616.75
2026-02-06 15:51:03,575 [INFO]     NSE:COFORGE-EQ | CVD=-339567 vs Ref=-459286 | Close=1546.00 vs VAL=1535.00
2026-02-06 15:51:03,887 [INFO]     NSE:LAURUSLABS-EQ | CVD=-95575 vs Ref=-150837 | Close=950.55 vs VAL=944.80
2026-02-06 15:51:04,278 [INFO]     NSE:ZYDUSLIFE-EQ | CVD=-32390 vs Ref=-48650 | Close=888.15 vs VAL=884.85
2026-02-06 15:51:04,824 [INFO]     NSE:CAMS-EQ | CVD=52580 vs Ref=-75694 | Close=722.40 vs VAL=711.90
2026-02-06 15:51:05,221 [INFO]     NSE:BEL-EQ | CVD=842376 vs Ref=-426850 | Close=429.65 vs VAL=426.65
2026-02-06 15:51:05,544 [INFO]     NSE:RECLTD-EQ | CVD=-23431 vs Ref=-973015 | Close=372.50 vs VAL=368.80
2026-02-06 15:51:05,828 [INFO]     NSE:GMRAIRPORT-EQ | CVD=-1321769 vs Ref=-935696 | Close=97.51 vs VAL=96.05
2026-02-06 15:52:05,829 [INFO] 🔍 Scanning for alerts on 10 symbols (5min)...
2026-02-06 15:52:06,076 [INFO]     NSE:LTIM-EQ | CVD=-3559 vs Ref=-39087 | Close=5561.50 vs VAL=5516.50
2026-02-06 15:52:06,328 [INFO]     NSE:ANGELONE-EQ | CVD=35834 vs Ref=-38939 | Close=2642.00 vs VAL=2576.40
2026-02-06 15:52:06,615 [INFO]     NSE:TECHM-EQ | CVD=36637 vs Ref=-128591 | Close=1619.90 vs VAL=1616.75
2026-02-06 15:52:06,885 [INFO]     NSE:COFORGE-EQ | CVD=-339267 vs Ref=-459286 | Close=1546.00 vs VAL=1535.00
2026-02-06 15:52:07,227 [INFO]     NSE:LAURUSLABS-EQ | CVD=-95575 vs Ref=-150837 | Close=950.55 vs VAL=944.80
2026-02-06 15:52:07,490 [INFO]     NSE:ZYDUSLIFE-EQ | CVD=-32390 vs Ref=-48650 | Close=888.15 vs VAL=884.85
2026-02-06 15:52:07,870 [INFO]     NSE:CAMS-EQ | CVD=52580 vs Ref=-75694 | Close=722.40 vs VAL=711.90
2026-02-06 15:52:08,200 [INFO]     NSE:BEL-EQ | CVD=839737 vs Ref=-426850 | Close=429.65 vs VAL=426.65
2026-02-06 15:52:08,552 [INFO]     NSE:RECLTD-EQ | CVD=-23431 vs Ref=-973015 | Close=372.50 vs VAL=368.80
2026-02-06 15:52:08,965 [INFO]     NSE:GMRAIRPORT-EQ | CVD=-1321769 vs Ref=-935696 | Close=97.51 vs VAL=96.05
2026-02-06 15:53:08,967 [INFO] 🔍 Scanning for alerts on 10 symbols (5min)...
2026-02-06 15:53:09,258 [INFO]     NSE:LTIM-EQ | CVD=-3557 vs Ref=-39087 | Close=5561.50 vs VAL=5516.50
2026-02-06 15:53:09,507 [INFO]     NSE:ANGELONE-EQ | CVD=35834 vs Ref=-38939 | Close=2642.00 vs VAL=2576.40
2026-02-06 15:53:09,877 [INFO]     NSE:TECHM-EQ | CVD=36637 vs Ref=-128591 | Close=1619.90 vs VAL=1616.75
2026-02-06 15:53:10,172 [INFO]     NSE:COFORGE-EQ | CVD=-339267 vs Ref=-459286 | Close=1546.00 vs VAL=1535.00
2026-02-06 15:53:10,458 [INFO]     NSE:LAURUSLABS-EQ | CVD=-95575 vs Ref=-150837 | Close=950.55 vs VAL=944.80
2026-02-06 15:53:10,721 [INFO]     NSE:ZYDUSLIFE-EQ | CVD=-32372 vs Ref=-48650 | Close=888.15 vs VAL=884.85
2026-02-06 15:53:10,994 [INFO]     NSE:CAMS-EQ | CVD=52580 vs Ref=-75694 | Close=722.40 vs VAL=711.90
2026-02-06 15:53:11,242 [INFO]     NSE:BEL-EQ | CVD=839737 vs Ref=-426850 | Close=429.65 vs VAL=426.65
2026-02-06 15:53:11,513 [INFO]     NSE:RECLTD-EQ | CVD=-23431 vs Ref=-973015 | Close=372.50 vs VAL=368.80
2026-02-06 15:53:11,921 [INFO]     NSE:GMRAIRPORT-EQ | CVD=-1321739 vs Ref=-935696 | Close=97.51 vs VAL=96.05
2026-02-06 15:54:11,922 [INFO] 🔍 Scanning for alerts on 10 symbols (5min)...
2026-02-06 15:54:12,165 [INFO]     NSE:LTIM-EQ | CVD=-3557 vs Ref=-39087 | Close=5561.50 vs VAL=5516.50
2026-02-06 15:54:12,429 [INFO]     NSE:ANGELONE-EQ | CVD=35834 vs Ref=-38939 | Close=2642.00 vs VAL=2576.40
2026-02-06 15:54:12,741 [INFO]     NSE:TECHM-EQ | CVD=36637 vs Ref=-128591 | Close=1619.90 vs VAL=1616.75
2026-02-06 15:54:13,064 [INFO]     NSE:COFORGE-EQ | CVD=-339267 vs Ref=-459286 | Close=1546.00 vs VAL=1535.00
2026-02-06 15:54:13,360 [INFO]     NSE:LAURUSLABS-EQ | CVD=-95543 vs Ref=-150837 | Close=950.55 vs VAL=944.80
2026-02-06 15:54:14,127 [INFO]     NSE:ZYDUSLIFE-EQ | CVD=-32372 vs Ref=-48650 | Close=888.15 vs VAL=884.85
2026-02-06 15:54:14,741 [INFO]     NSE:CAMS-EQ | CVD=52580 vs Ref=-75694 | Close=722.40 vs VAL=711.90
2026-02-06 15:54:15,069 [INFO]     NSE:BEL-EQ | CVD=839737 vs Ref=-426850 | Close=429.65 vs VAL=426.65
2026-02-06 15:54:15,394 [INFO]     NSE:RECLTD-EQ | CVD=-23431 vs Ref=-973015 | Close=372.50 vs VAL=368.80
2026-02-06 15:54:16,632 [INFO]     NSE:GMRAIRPORT-EQ | CVD=-1321739 vs Ref=-935696 | Close=97.51 vs VAL=96.05
2026-02-06 15:55:16,642 [INFO] 🔍 Scanning for alerts on 10 symbols (5min)...
2026-02-06 15:55:16,889 [INFO]     NSE:LTIM-EQ | CVD=-3557 vs Ref=-39087 | Close=5561.50 vs VAL=5516.50
2026-02-06 15:55:17,129 [INFO]     NSE:ANGELONE-EQ | CVD=35834 vs Ref=-38939 | Close=2642.00 vs VAL=2576.40
2026-02-06 15:55:17,490 [INFO]     NSE:TECHM-EQ | CVD=36637 vs Ref=-128591 | Close=1619.90 vs VAL=1616.75
2026-02-06 15:55:17,723 [INFO]     NSE:COFORGE-EQ | CVD=-339267 vs Ref=-459286 | Close=1546.00 vs VAL=1535.00
2026-02-06 15:55:18,016 [INFO]     NSE:LAURUSLABS-EQ | CVD=-95543 vs Ref=-150837 | Close=950.55 vs VAL=944.80
2026-02-06 15:55:18,317 [INFO]     NSE:ZYDUSLIFE-EQ | CVD=-32372 vs Ref=-48650 | Close=888.15 vs VAL=884.85
2026-02-06 15:55:18,598 [INFO]     NSE:CAMS-EQ | CVD=52580 vs Ref=-75694 | Close=722.40 vs VAL=711.90
2026-02-06 15:55:18,824 [INFO]     NSE:BEL-EQ | CVD=839737 vs Ref=-426850 | Close=429.65 vs VAL=426.65
2026-02-06 15:55:19,095 [INFO]     NSE:RECLTD-EQ | CVD=-23431 vs Ref=-973015 | Close=372.50 vs VAL=368.80
2026-02-06 15:55:19,425 [INFO]     NSE:GMRAIRPORT-EQ | CVD=-1321739 vs Ref=-935696 | Close=97.51 vs VAL=96.05
2026-02-06 15:56:19,427 [INFO] 🔍 Scanning for alerts on 10 symbols (5min)...
2026-02-06 15:56:20,218 [INFO]     NSE:LTIM-EQ | CVD=-3557 vs Ref=-39087 | Close=5561.50 vs VAL=5516.50
2026-02-06 15:56:21,356 [INFO]     NSE:ANGELONE-EQ | CVD=35834 vs Ref=-38939 | Close=2642.00 vs VAL=2576.40
2026-02-06 15:56:22,686 [INFO]     NSE:TECHM-EQ | CVD=36637 vs Ref=-128591 | Close=1619.90 vs VAL=1616.75
2026-02-06 15:56:23,457 [INFO]     NSE:COFORGE-EQ | CVD=-339267 vs Ref=-459286 | Close=1546.00 vs VAL=1535.00
2026-02-06 15:56:23,998 [INFO]     NSE:LAURUSLABS-EQ | CVD=-95543 vs Ref=-150837 | Close=950.55 vs VAL=944.80
2026-02-06 15:56:24,807 [INFO]     NSE:ZYDUSLIFE-EQ | CVD=-32372 vs Ref=-48650 | Close=888.15 vs VAL=884.85
2026-02-06 15:56:25,236 [INFO]     NSE:CAMS-EQ | CVD=52580 vs Ref=-75694 | Close=722.40 vs VAL=711.90
2026-02-06 15:56:25,877 [INFO]     NSE:BEL-EQ | CVD=838457 vs Ref=-426850 | Close=429.65 vs VAL=426.65
2026-02-06 15:56:26,393 [INFO]     NSE:RECLTD-EQ | CVD=-23456 vs Ref=-973015 | Close=372.50 vs VAL=368.80
2026-02-06 15:56:27,103 [INFO]     NSE:GMRAIRPORT-EQ | CVD=-1321739 vs Ref=-935696 | Close=97.51 vs VAL=96.05
2026-02-06 15:57:27,106 [INFO] 🔍 Scanning for alerts on 10 symbols (5min)...
2026-02-06 15:57:27,698 [INFO]     NSE:LTIM-EQ | CVD=-3557 vs Ref=-39087 | Close=5561.50 vs VAL=5516.50
2026-02-06 15:57:28,056 [INFO]     NSE:ANGELONE-EQ | CVD=35858 vs Ref=-38939 | Close=2642.00 vs VAL=2576.40
2026-02-06 15:57:28,365 [INFO]     NSE:TECHM-EQ | CVD=36767 vs Ref=-128591 | Close=1619.90 vs VAL=1616.75
2026-02-06 15:57:28,678 [INFO]     NSE:COFORGE-EQ | CVD=-339267 vs Ref=-459286 | Close=1546.00 vs VAL=1535.00
2026-02-06 15:57:28,996 [INFO]     NSE:LAURUSLABS-EQ | CVD=-95543 vs Ref=-150837 | Close=950.55 vs VAL=944.80
2026-02-06 15:57:29,274 [INFO]     NSE:ZYDUSLIFE-EQ | CVD=-32372 vs Ref=-48650 | Close=888.15 vs VAL=884.85
2026-02-06 15:57:29,607 [INFO]     NSE:CAMS-EQ | CVD=52580 vs Ref=-75694 | Close=722.40 vs VAL=711.90
2026-02-06 15:57:29,867 [INFO]     NSE:BEL-EQ | CVD=838457 vs Ref=-426850 | Close=429.65 vs VAL=426.65
2026-02-06 15:57:30,147 [INFO]     NSE:RECLTD-EQ | CVD=-23456 vs Ref=-973015 | Close=372.50 vs VAL=368.80
2026-02-06 15:57:30,426 [INFO]     NSE:GMRAIRPORT-EQ | CVD=-1321739 vs Ref=-935696 | Close=97.51 vs VAL=96.05
2026-02-06 15:58:30,428 [INFO] 🔍 Scanning for alerts on 10 symbols (5min)...
2026-02-06 15:58:30,713 [INFO]     NSE:LTIM-EQ | CVD=-3557 vs Ref=-39087 | Close=5561.50 vs VAL=5516.50
2026-02-06 15:58:31,137 [INFO]     NSE:ANGELONE-EQ | CVD=35858 vs Ref=-38939 | Close=2642.00 vs VAL=2576.40
2026-02-06 15:58:31,543 [INFO]     NSE:TECHM-EQ | CVD=36767 vs Ref=-128591 | Close=1619.90 vs VAL=1616.75
2026-02-06 15:58:32,056 [INFO]     NSE:COFORGE-EQ | CVD=-339170 vs Ref=-459286 | Close=1546.00 vs VAL=1535.00
2026-02-06 15:58:32,497 [INFO]     NSE:LAURUSLABS-EQ | CVD=-95542 vs Ref=-150837 | Close=950.55 vs VAL=944.80
2026-02-06 15:58:32,894 [INFO]     NSE:ZYDUSLIFE-EQ | CVD=-32369 vs Ref=-48650 | Close=888.15 vs VAL=884.85
2026-02-06 15:58:33,249 [INFO]     NSE:CAMS-EQ | CVD=52580 vs Ref=-75694 | Close=722.40 vs VAL=711.90
2026-02-06 15:58:33,980 [INFO]     NSE:BEL-EQ | CVD=838457 vs Ref=-426850 | Close=429.65 vs VAL=426.65
2026-02-06 15:58:34,545 [INFO]     NSE:RECLTD-EQ | CVD=-23456 vs Ref=-973015 | Close=372.50 vs VAL=368.80
2026-02-06 15:58:35,688 [INFO]     NSE:GMRAIRPORT-EQ | CVD=-1321739 vs Ref=-935696 | Close=97.51 vs VAL=96.05
2026-02-06 15:59:35,691 [INFO] 🔍 Scanning for alerts on 10 symbols (5min)...
2026-02-06 15:59:36,009 [INFO]     NSE:LTIM-EQ | CVD=-3557 vs Ref=-39087 | Close=5561.50 vs VAL=5516.50
2026-02-06 15:59:36,381 [INFO]     NSE:ANGELONE-EQ | CVD=35858 vs Ref=-38939 | Close=2642.00 vs VAL=2576.40
2026-02-06 15:59:36,816 [INFO]     NSE:TECHM-EQ | CVD=36767 vs Ref=-128591 | Close=1619.90 vs VAL=1616.75
2026-02-06 15:59:37,501 [INFO]     NSE:COFORGE-EQ | CVD=-339170 vs Ref=-459286 | Close=1546.00 vs VAL=1535.00
2026-02-06 15:59:38,186 [INFO]     NSE:LAURUSLABS-EQ | CVD=-95542 vs Ref=-150837 | Close=950.55 vs VAL=944.80
2026-02-06 15:59:38,774 [INFO]     NSE:ZYDUSLIFE-EQ | CVD=-32369 vs Ref=-48650 | Close=888.15 vs VAL=884.85
2026-02-06 15:59:39,200 [INFO]     NSE:CAMS-EQ | CVD=52580 vs Ref=-75694 | Close=722.40 vs VAL=711.90
2026-02-06 15:59:39,628 [INFO]     NSE:BEL-EQ | CVD=838457 vs Ref=-426850 | Close=429.65 vs VAL=426.65
2026-02-06 15:59:39,973 [INFO]     NSE:RECLTD-EQ | CVD=-23456 vs Ref=-973015 | Close=372.50 vs VAL=368.80
2026-02-06 15:59:40,275 [INFO]     NSE:GMRAIRPORT-EQ | CVD=-1321739 vs Ref=-935696 | Close=97.51 vs VAL=96.05
2026-02-06 16:00:40,276 [INFO] 🔍 Scanning for alerts on 10 symbols (5min)...
2026-02-06 16:00:40,482 [INFO]     NSE:LTIM-EQ | CVD=-3557 vs Ref=-39087 | Close=5561.50 vs VAL=5516.50
2026-02-06 16:00:40,778 [INFO]     NSE:ANGELONE-EQ | CVD=35858 vs Ref=-38939 | Close=2642.00 vs VAL=2576.40
2026-02-06 16:00:41,012 [INFO]     NSE:TECHM-EQ | CVD=36767 vs Ref=-128591 | Close=1619.90 vs VAL=1616.75
2026-02-06 16:00:41,262 [INFO]     NSE:COFORGE-EQ | CVD=-339170 vs Ref=-459286 | Close=1546.00 vs VAL=1535.00
2026-02-06 16:00:41,481 [INFO]     NSE:LAURUSLABS-EQ | CVD=-95542 vs Ref=-150837 | Close=950.55 vs VAL=944.80
2026-02-06 16:00:41,783 [INFO]     NSE:ZYDUSLIFE-EQ | CVD=-32369 vs Ref=-48650 | Close=888.15 vs VAL=884.85
2026-02-06 16:00:42,018 [INFO]     NSE:CAMS-EQ | CVD=52580 vs Ref=-75694 | Close=722.40 vs VAL=711.90
2026-02-06 16:00:42,247 [INFO]     NSE:BEL-EQ | CVD=838457 vs Ref=-426850 | Close=429.65 vs VAL=426.65
2026-02-06 16:00:42,488 [INFO]     NSE:RECLTD-EQ | CVD=-23456 vs Ref=-973015 | Close=372.50 vs VAL=368.80
2026-02-06 16:00:42,729 [INFO]     NSE:GMRAIRPORT-EQ | CVD=-1321739 vs Ref=-935696 | Close=97.51 vs VAL=96.05
2026-02-06 16:01:42,731 [INFO] 🔍 Scanning for alerts on 10 symbols (5min)...
2026-02-06 16:01:42,985 [INFO]     NSE:LTIM-EQ | CVD=-3557 vs Ref=-39087 | Close=5561.50 vs VAL=5516.50
2026-02-06 16:01:43,282 [INFO]     NSE:ANGELONE-EQ | CVD=35858 vs Ref=-38939 | Close=2642.00 vs VAL=2576.40
2026-02-06 16:01:43,621 [INFO]     NSE:TECHM-EQ | CVD=36767 vs Ref=-128591 | Close=1619.90 vs VAL=1616.75
2026-02-06 16:01:45,768 [INFO]     NSE:COFORGE-EQ | CVD=-339170 vs Ref=-459286 | Close=1546.00 vs VAL=1535.00
2026-02-06 16:01:46,104 [INFO]     NSE:LAURUSLABS-EQ | CVD=-95542 vs Ref=-150837 | Close=950.55 vs VAL=944.80
2026-02-06 16:01:46,385 [INFO]     NSE:ZYDUSLIFE-EQ | CVD=-32369 vs Ref=-48650 | Close=888.15 vs VAL=884.85
2026-02-06 16:01:46,715 [INFO]     NSE:CAMS-EQ | CVD=52580 vs Ref=-75694 | Close=722.40 vs VAL=711.90
2026-02-06 16:01:47,110 [INFO]     NSE:BEL-EQ | CVD=838457 vs Ref=-426850 | Close=429.65 vs VAL=426.65
2026-02-06 16:01:47,634 [INFO]     NSE:RECLTD-EQ | CVD=-23456 vs Ref=-973015 | Close=372.50 vs VAL=368.80
2026-02-06 16:01:48,044 [INFO]     NSE:GMRAIRPORT-EQ | CVD=-1321739 vs Ref=-935696 | Close=97.51 vs VAL=96.05
2026-02-06 16:02:48,046 [INFO] 🔍 Scanning for alerts on 10 symbols (5min)...
2026-02-06 16:02:48,296 [INFO]     NSE:LTIM-EQ | CVD=-3557 vs Ref=-39087 | Close=5561.50 vs VAL=5516.50
2026-02-06 16:02:50,559 [INFO]     NSE:ANGELONE-EQ | CVD=35858 vs Ref=-38939 | Close=2642.00 vs VAL=2576.40
2026-02-06 16:02:51,170 [INFO]     NSE:TECHM-EQ | CVD=36767 vs Ref=-128591 | Close=1619.90 vs VAL=1616.75
2026-02-06 16:02:51,587 [INFO]     NSE:COFORGE-EQ | CVD=-339170 vs Ref=-459286 | Close=1546.00 vs VAL=1535.00
2026-02-06 16:02:51,860 [INFO]     NSE:LAURUSLABS-EQ | CVD=-95542 vs Ref=-150837 | Close=950.55 vs VAL=944.80
2026-02-06 16:02:52,100 [INFO]     NSE:ZYDUSLIFE-EQ | CVD=-32369 vs Ref=-48650 | Close=888.15 vs VAL=884.85
2026-02-06 16:02:52,362 [INFO]     NSE:CAMS-EQ | CVD=52580 vs Ref=-75694 | Close=722.40 vs VAL=711.90
2026-02-06 16:02:52,623 [INFO]     NSE:BEL-EQ | CVD=838457 vs Ref=-426850 | Close=429.65 vs VAL=426.65
2026-02-06 16:02:52,866 [INFO]     NSE:RECLTD-EQ | CVD=-23456 vs Ref=-973015 | Close=372.50 vs VAL=368.80
2026-02-06 16:02:53,132 [INFO]     NSE:GMRAIRPORT-EQ | CVD=-1321739 vs Ref=-935696 | Close=97.51 vs VAL=96.05
2026-02-06 16:03:53,134 [INFO] 🔍 Scanning for alerts on 10 symbols (5min)...
2026-02-06 16:03:53,442 [INFO]     NSE:LTIM-EQ | CVD=-3556 vs Ref=-39087 | Close=5561.50 vs VAL=5516.50
2026-02-06 16:03:53,896 [INFO]     NSE:ANGELONE-EQ | CVD=35858 vs Ref=-38939 | Close=2642.00 vs VAL=2576.40
2026-02-06 16:03:54,370 [INFO]     NSE:TECHM-EQ | CVD=36782 vs Ref=-128591 | Close=1619.90 vs VAL=1616.75
2026-02-06 16:03:54,759 [INFO]     NSE:COFORGE-EQ | CVD=-339160 vs Ref=-459286 | Close=1546.00 vs VAL=1535.00
2026-02-06 16:03:55,335 [INFO]     NSE:LAURUSLABS-EQ | CVD=-95542 vs Ref=-150837 | Close=950.55 vs VAL=944.80
2026-02-06 16:03:55,802 [INFO]     NSE:ZYDUSLIFE-EQ | CVD=-32352 vs Ref=-48650 | Close=888.15 vs VAL=884.85
2026-02-06 16:03:56,311 [INFO]     NSE:CAMS-EQ | CVD=52580 vs Ref=-75694 | Close=722.40 vs VAL=711.90
2026-02-06 16:03:56,974 [INFO]     NSE:BEL-EQ | CVD=838308 vs Ref=-426850 | Close=429.65 vs VAL=426.65
2026-02-06 16:03:57,865 [INFO]     NSE:RECLTD-EQ | CVD=-23610 vs Ref=-973015 | Close=372.50 vs VAL=368.80
2026-02-06 16:03:58,735 [INFO]     NSE:GMRAIRPORT-EQ | CVD=-1321727 vs Ref=-935696 | Close=97.51 vs VAL=96.05
2026-02-06 16:04:58,738 [INFO] 🔍 Scanning for alerts on 10 symbols (5min)...
2026-02-06 16:04:59,176 [INFO]     NSE:LTIM-EQ | CVD=-3556 vs Ref=-39087 | Close=5561.50 vs VAL=5516.50
2026-02-06 16:04:59,454 [INFO]     NSE:ANGELONE-EQ | CVD=35858 vs Ref=-38939 | Close=2642.00 vs VAL=2576.40
2026-02-06 16:04:59,732 [INFO]     NSE:TECHM-EQ | CVD=36782 vs Ref=-128591 | Close=1619.90 vs VAL=1616.75
2026-02-06 16:05:01,538 [INFO]     NSE:COFORGE-EQ | CVD=-339160 vs Ref=-459286 | Close=1546.00 vs VAL=1535.00
2026-02-06 16:05:01,812 [INFO]     NSE:LAURUSLABS-EQ | CVD=-95542 vs Ref=-150837 | Close=950.55 vs VAL=944.80
2026-02-06 16:05:02,090 [INFO]     NSE:ZYDUSLIFE-EQ | CVD=-32352 vs Ref=-48650 | Close=888.15 vs VAL=884.85
2026-02-06 16:05:02,380 [INFO]     NSE:CAMS-EQ | CVD=52580 vs Ref=-75694 | Close=722.40 vs VAL=711.90
2026-02-06 16:05:02,674 [INFO]     NSE:BEL-EQ | CVD=838308 vs Ref=-426850 | Close=429.65 vs VAL=426.65
2026-02-06 16:05:03,029 [INFO]     NSE:RECLTD-EQ | CVD=-23610 vs Ref=-973015 | Close=372.50 vs VAL=368.80
2026-02-06 16:05:03,373 [INFO]     NSE:GMRAIRPORT-EQ | CVD=-1321727 vs Ref=-935696 | Close=97.51 vs VAL=96.05
2026-02-06 16:06:03,374 [INFO] 🔍 Scanning for alerts on 10 symbols (5min)...
2026-02-06 16:06:03,602 [INFO]     NSE:LTIM-EQ | CVD=-3556 vs Ref=-39087 | Close=5561.50 vs VAL=5516.50
2026-02-06 16:06:03,887 [INFO]     NSE:ANGELONE-EQ | CVD=35858 vs Ref=-38939 | Close=2642.00 vs VAL=2576.40
2026-02-06 16:06:04,290 [INFO]     NSE:TECHM-EQ | CVD=36782 vs Ref=-128591 | Close=1619.90 vs VAL=1616.75
2026-02-06 16:06:06,092 [INFO]     NSE:COFORGE-EQ | CVD=-339160 vs Ref=-459286 | Close=1546.00 vs VAL=1535.00
2026-02-06 16:06:06,439 [INFO]     NSE:LAURUSLABS-EQ | CVD=-95542 vs Ref=-150837 | Close=950.55 vs VAL=944.80
2026-02-06 16:06:07,109 [INFO]     NSE:ZYDUSLIFE-EQ | CVD=-32352 vs Ref=-48650 | Close=888.15 vs VAL=884.85
2026-02-06 16:06:07,421 [INFO]     NSE:CAMS-EQ | CVD=52580 vs Ref=-75694 | Close=722.40 vs VAL=711.90
2026-02-06 16:06:07,711 [INFO]     NSE:BEL-EQ | CVD=838308 vs Ref=-426850 | Close=429.65 vs VAL=426.65
2026-02-06 16:06:07,978 [INFO]     NSE:RECLTD-EQ | CVD=-23610 vs Ref=-973015 | Close=372.50 vs VAL=368.80
2026-02-06 16:06:08,251 [INFO]     NSE:GMRAIRPORT-EQ | CVD=-1321727 vs Ref=-935696 | Close=97.51 vs VAL=96.05
2026-02-06 16:07:08,252 [INFO] 🔍 Scanning for alerts on 10 symbols (5min)...
2026-02-06 16:07:08,602 [INFO]     NSE:LTIM-EQ | CVD=-3556 vs Ref=-39087 | Close=5561.50 vs VAL=5516.50
2026-02-06 16:07:11,083 [INFO]     NSE:ANGELONE-EQ | CVD=35858 vs Ref=-38939 | Close=2642.00 vs VAL=2576.40
2026-02-06 16:07:11,709 [INFO]     NSE:TECHM-EQ | CVD=36782 vs Ref=-128591 | Close=1619.90 vs VAL=1616.75
2026-02-06 16:07:12,022 [INFO]     NSE:COFORGE-EQ | CVD=-339160 vs Ref=-459286 | Close=1546.00 vs VAL=1535.00
2026-02-06 16:07:12,288 [INFO]     NSE:LAURUSLABS-EQ | CVD=-95531 vs Ref=-150837 | Close=950.55 vs VAL=944.80
2026-02-06 16:07:12,539 [INFO]     NSE:ZYDUSLIFE-EQ | CVD=-32352 vs Ref=-48650 | Close=888.15 vs VAL=884.85
2026-02-06 16:07:12,824 [INFO]     NSE:CAMS-EQ | CVD=52580 vs Ref=-75694 | Close=722.40 vs VAL=711.90
2026-02-06 16:07:13,160 [INFO]     NSE:BEL-EQ | CVD=838308 vs Ref=-426850 | Close=429.65 vs VAL=426.65
2026-02-06 16:07:13,445 [INFO]     NSE:RECLTD-EQ | CVD=-23610 vs Ref=-973015 | Close=372.50 vs VAL=368.80
2026-02-06 16:07:13,707 [INFO]     NSE:GMRAIRPORT-EQ | CVD=-1320717 vs Ref=-935696 | Close=97.51 vs VAL=96.05
2026-02-06 16:08:13,709 [INFO] 🔍 Scanning for alerts on 10 symbols (5min)...
2026-02-06 16:08:14,106 [INFO]     NSE:LTIM-EQ | CVD=-3556 vs Ref=-39087 | Close=5561.50 vs VAL=5516.50
2026-02-06 16:08:14,644 [INFO]     NSE:ANGELONE-EQ | CVD=35858 vs Ref=-38939 | Close=2642.00 vs VAL=2576.40
2026-02-06 16:08:15,252 [INFO]     NSE:TECHM-EQ | CVD=36782 vs Ref=-128591 | Close=1619.90 vs VAL=1616.75
2026-02-06 16:08:16,745 [INFO]     NSE:COFORGE-EQ | CVD=-339160 vs Ref=-459286 | Close=1546.00 vs VAL=1535.00
2026-02-06 16:08:16,979 [INFO]     NSE:LAURUSLABS-EQ | CVD=-95531 vs Ref=-150837 | Close=950.55 vs VAL=944.80
2026-02-06 16:08:17,340 [INFO]     NSE:ZYDUSLIFE-EQ | CVD=-32352 vs Ref=-48650 | Close=888.15 vs VAL=884.85
2026-02-06 16:08:17,701 [INFO]     NSE:CAMS-EQ | CVD=52580 vs Ref=-75694 | Close=722.40 vs VAL=711.90
2026-02-06 16:08:17,995 [INFO]     NSE:BEL-EQ | CVD=838308 vs Ref=-426850 | Close=429.65 vs VAL=426.65
2026-02-06 16:08:18,248 [INFO]     NSE:RECLTD-EQ | CVD=-23610 vs Ref=-973015 | Close=372.50 vs VAL=368.80
2026-02-06 16:08:18,472 [INFO]     NSE:GMRAIRPORT-EQ | CVD=-1320717 vs Ref=-935696 | Close=97.51 vs VAL=96.05
2026-02-06 16:09:18,473 [INFO] 🔍 Scanning for alerts on 10 symbols (5min)...
2026-02-06 16:09:18,943 [INFO]     NSE:LTIM-EQ | CVD=-3556 vs Ref=-39087 | Close=5561.50 vs VAL=5516.50
2026-02-06 16:09:19,243 [INFO]     NSE:ANGELONE-EQ | CVD=35858 vs Ref=-38939 | Close=2642.00 vs VAL=2576.40
2026-02-06 16:09:19,600 [INFO]     NSE:TECHM-EQ | CVD=36782 vs Ref=-128591 | Close=1619.90 vs VAL=1616.75
2026-02-06 16:09:20,008 [INFO]     NSE:COFORGE-EQ | CVD=-339160 vs Ref=-459286 | Close=1546.00 vs VAL=1535.00
2026-02-06 16:09:20,374 [INFO]     NSE:LAURUSLABS-EQ | CVD=-95531 vs Ref=-150837 | Close=950.55 vs VAL=944.80
2026-02-06 16:09:20,822 [INFO]     NSE:ZYDUSLIFE-EQ | CVD=-32352 vs Ref=-48650 | Close=888.15 vs VAL=884.85
2026-02-06 16:09:21,205 [INFO]     NSE:CAMS-EQ | CVD=52580 vs Ref=-75694 | Close=722.40 vs VAL=711.90
2026-02-06 16:09:21,440 [INFO]     NSE:BEL-EQ | CVD=838308 vs Ref=-426850 | Close=429.65 vs VAL=426.65
2026-02-06 16:09:21,694 [INFO]     NSE:RECLTD-EQ | CVD=-23610 vs Ref=-973015 | Close=372.50 vs VAL=368.80
2026-02-06 16:09:22,019 [INFO]     NSE:GMRAIRPORT-EQ | CVD=-1320717 vs Ref=-935696 | Close=97.51 vs VAL=96.05
2026-02-06 16:10:22,020 [INFO] 🔍 Scanning for alerts on 10 symbols (5min)...
2026-02-06 16:10:22,250 [INFO]     NSE:LTIM-EQ | CVD=-3556 vs Ref=-39087 | Close=5561.50 vs VAL=5516.50
2026-02-06 16:10:22,471 [INFO]     NSE:ANGELONE-EQ | CVD=35858 vs Ref=-38939 | Close=2642.00 vs VAL=2576.40
2026-02-06 16:10:22,704 [INFO]     NSE:TECHM-EQ | CVD=36782 vs Ref=-128591 | Close=1619.90 vs VAL=1616.75
2026-02-06 16:10:22,934 [INFO]     NSE:COFORGE-EQ | CVD=-339160 vs Ref=-459286 | Close=1546.00 vs VAL=1535.00
2026-02-06 16:10:23,172 [INFO]     NSE:LAURUSLABS-EQ | CVD=-95531 vs Ref=-150837 | Close=950.55 vs VAL=944.80
2026-02-06 16:10:23,382 [INFO]     NSE:ZYDUSLIFE-EQ | CVD=-32352 vs Ref=-48650 | Close=888.15 vs VAL=884.85
2026-02-06 16:10:25,334 [INFO]     NSE:CAMS-EQ | CVD=52580 vs Ref=-75694 | Close=722.40 vs VAL=711.90
2026-02-06 16:10:25,577 [INFO]     NSE:BEL-EQ | CVD=838308 vs Ref=-426850 | Close=429.65 vs VAL=426.65
2026-02-06 16:10:25,790 [INFO]     NSE:RECLTD-EQ | CVD=-23610 vs Ref=-973015 | Close=372.50 vs VAL=368.80
2026-02-06 16:10:26,023 [INFO]     NSE:GMRAIRPORT-EQ | CVD=-1320717 vs Ref=-935696 | Close=97.51 vs VAL=96.05
2026-02-06 16:11:26,024 [INFO] 🔍 Scanning for alerts on 10 symbols (5min)...
2026-02-06 16:11:26,247 [INFO]     NSE:LTIM-EQ | CVD=-3556 vs Ref=-39087 | Close=5561.50 vs VAL=5516.50
2026-02-06 16:11:26,511 [INFO]     NSE:ANGELONE-EQ | CVD=35858 vs Ref=-38939 | Close=2642.00 vs VAL=2576.40
2026-02-06 16:11:28,525 [INFO]     NSE:TECHM-EQ | CVD=36782 vs Ref=-128591 | Close=1619.90 vs VAL=1616.75
2026-02-06 16:11:28,751 [INFO]     NSE:COFORGE-EQ | CVD=-339160 vs Ref=-459286 | Close=1546.00 vs VAL=1535.00
2026-02-06 16:11:28,976 [INFO]     NSE:LAURUSLABS-EQ | CVD=-95531 vs Ref=-150837 | Close=950.55 vs VAL=944.80
2026-02-06 16:11:29,213 [INFO]     NSE:ZYDUSLIFE-EQ | CVD=-32352 vs Ref=-48650 | Close=888.15 vs VAL=884.85
2026-02-06 16:11:29,417 [INFO]     NSE:CAMS-EQ | CVD=52580 vs Ref=-75694 | Close=722.40 vs VAL=711.90
2026-02-06 16:11:29,660 [INFO]     NSE:BEL-EQ | CVD=838308 vs Ref=-426850 | Close=429.65 vs VAL=426.65
2026-02-06 16:11:29,912 [INFO]     NSE:RECLTD-EQ | CVD=-23610 vs Ref=-973015 | Close=372.50 vs VAL=368.80
2026-02-06 16:11:30,107 [INFO]     NSE:GMRAIRPORT-EQ | CVD=-1320717 vs Ref=-935696 | Close=97.51 vs VAL=96.05
2026-02-06 16:12:30,108 [INFO] 🔍 Scanning for alerts on 10 symbols (5min)...
2026-02-06 16:12:30,399 [INFO]     NSE:LTIM-EQ | CVD=-3556 vs Ref=-39087 | Close=5561.50 vs VAL=5516.50
2026-02-06 16:12:30,734 [INFO]     NSE:ANGELONE-EQ | CVD=35858 vs Ref=-38939 | Close=2642.00 vs VAL=2576.40
2026-02-06 16:12:31,045 [INFO]     NSE:TECHM-EQ | CVD=36782 vs Ref=-128591 | Close=1619.90 vs VAL=1616.75
2026-02-06 16:12:31,329 [INFO]     NSE:COFORGE-EQ | CVD=-339160 vs Ref=-459286 | Close=1546.00 vs VAL=1535.00
2026-02-06 16:12:31,570 [INFO]     NSE:LAURUSLABS-EQ | CVD=-95531 vs Ref=-150837 | Close=950.55 vs VAL=944.80
2026-02-06 16:12:31,804 [INFO]     NSE:ZYDUSLIFE-EQ | CVD=-32352 vs Ref=-48650 | Close=888.15 vs VAL=884.85
2026-02-06 16:12:32,029 [INFO]     NSE:CAMS-EQ | CVD=52580 vs Ref=-75694 | Close=722.40 vs VAL=711.90
2026-02-06 16:12:32,234 [INFO]     NSE:BEL-EQ | CVD=838308 vs Ref=-426850 | Close=429.65 vs VAL=426.65
2026-02-06 16:12:32,469 [INFO]     NSE:RECLTD-EQ | CVD=-23610 vs Ref=-973015 | Close=372.50 vs VAL=368.80
2026-02-06 16:12:32,691 [INFO]     NSE:GMRAIRPORT-EQ | CVD=-1320717 vs Ref=-935696 | Close=97.51 vs VAL=96.05
2026-02-06 16:13:32,692 [INFO] 🔍 Scanning for alerts on 10 symbols (5min)...
2026-02-06 16:13:32,931 [INFO]     NSE:LTIM-EQ | CVD=-3556 vs Ref=-39087 | Close=5561.50 vs VAL=5516.50
2026-02-06 16:13:33,144 [INFO]     NSE:ANGELONE-EQ | CVD=35858 vs Ref=-38939 | Close=2642.00 vs VAL=2576.40
2026-02-06 16:13:33,351 [INFO]     NSE:TECHM-EQ | CVD=36782 vs Ref=-128591 | Close=1619.90 vs VAL=1616.75
2026-02-06 16:13:33,622 [INFO]     NSE:COFORGE-EQ | CVD=-339160 vs Ref=-459286 | Close=1546.00 vs VAL=1535.00
2026-02-06 16:13:33,840 [INFO]     NSE:LAURUSLABS-EQ | CVD=-95531 vs Ref=-150837 | Close=950.55 vs VAL=944.80
2026-02-06 16:13:35,798 [INFO]     NSE:ZYDUSLIFE-EQ | CVD=-32352 vs Ref=-48650 | Close=888.15 vs VAL=884.85
2026-02-06 16:13:36,043 [INFO]     NSE:CAMS-EQ | CVD=52580 vs Ref=-75694 | Close=722.40 vs VAL=711.90
2026-02-06 16:13:36,275 [INFO]     NSE:BEL-EQ | CVD=838308 vs Ref=-426850 | Close=429.65 vs VAL=426.65
2026-02-06 16:13:36,500 [INFO]     NSE:RECLTD-EQ | CVD=-23610 vs Ref=-973015 | Close=372.50 vs VAL=368.80
2026-02-06 16:13:36,738 [INFO]     NSE:GMRAIRPORT-EQ | CVD=-1320717 vs Ref=-935696 | Close=97.51 vs VAL=96.05
2026-02-06 16:14:36,740 [INFO] 🔍 Scanning for alerts on 10 symbols (5min)...
2026-02-06 16:14:36,950 [INFO]     NSE:LTIM-EQ | CVD=-3556 vs Ref=-39087 | Close=5561.50 vs VAL=5516.50
2026-02-06 16:14:39,040 [INFO]     NSE:ANGELONE-EQ | CVD=35858 vs Ref=-38939 | Close=2642.00 vs VAL=2576.40
2026-02-06 16:14:39,250 [INFO]     NSE:TECHM-EQ | CVD=36782 vs Ref=-128591 | Close=1619.90 vs VAL=1616.75
2026-02-06 16:14:39,475 [INFO]     NSE:COFORGE-EQ | CVD=-339160 vs Ref=-459286 | Close=1546.00 vs VAL=1535.00
2026-02-06 16:14:39,669 [INFO]     NSE:LAURUSLABS-EQ | CVD=-95531 vs Ref=-150837 | Close=950.55 vs VAL=944.80
2026-02-06 16:14:39,917 [INFO]     NSE:ZYDUSLIFE-EQ | CVD=-32352 vs Ref=-48650 | Close=888.15 vs VAL=884.85
2026-02-06 16:14:40,145 [INFO]     NSE:CAMS-EQ | CVD=52580 vs Ref=-75694 | Close=722.40 vs VAL=711.90
2026-02-06 16:14:40,348 [INFO]     NSE:BEL-EQ | CVD=838308 vs Ref=-426850 | Close=429.65 vs VAL=426.65
2026-02-06 16:14:40,572 [INFO]     NSE:RECLTD-EQ | CVD=-23610 vs Ref=-973015 | Close=372.50 vs VAL=368.80
2026-02-06 16:14:40,805 [INFO]     NSE:GMRAIRPORT-EQ | CVD=-1320717 vs Ref=-935696 | Close=97.51 vs VAL=96.05
2026-02-06 16:15:40,807 [INFO] 🔍 Scanning for alerts on 10 symbols (5min)...
2026-02-06 16:15:41,017 [INFO]     NSE:LTIM-EQ | CVD=-3556 vs Ref=-39087 | Close=5561.50 vs VAL=5516.50
2026-02-06 16:15:41,231 [INFO]     NSE:ANGELONE-EQ | CVD=35858 vs Ref=-38939 | Close=2642.00 vs VAL=2576.40
2026-02-06 16:15:41,467 [INFO]     NSE:TECHM-EQ | CVD=36782 vs Ref=-128591 | Close=1619.90 vs VAL=1616.75
2026-02-06 16:15:41,683 [INFO]     NSE:COFORGE-EQ | CVD=-339160 vs Ref=-459286 | Close=1546.00 vs VAL=1535.00
2026-02-06 16:15:41,929 [INFO]     NSE:LAURUSLABS-EQ | CVD=-95531 vs Ref=-150837 | Close=950.55 vs VAL=944.80
2026-02-06 16:15:42,145 [INFO]     NSE:ZYDUSLIFE-EQ | CVD=-32352 vs Ref=-48650 | Close=888.15 vs VAL=884.85
2026-02-06 16:15:42,342 [INFO]     NSE:CAMS-EQ | CVD=52580 vs Ref=-75694 | Close=722.40 vs VAL=711.90
2026-02-06 16:15:42,569 [INFO]     NSE:BEL-EQ | CVD=838308 vs Ref=-426850 | Close=429.65 vs VAL=426.65
2026-02-06 16:15:42,793 [INFO]     NSE:RECLTD-EQ | CVD=-23610 vs Ref=-973015 | Close=372.50 vs VAL=368.80
2026-02-06 16:15:43,023 [INFO]     NSE:GMRAIRPORT-EQ | CVD=-1320717 vs Ref=-935696 | Close=97.51 vs VAL=96.05
2026-02-06 16:16:43,024 [INFO] 🔍 Scanning for alerts on 10 symbols (5min)...
2026-02-06 16:16:43,252 [INFO]     NSE:LTIM-EQ | CVD=-3556 vs Ref=-39087 | Close=5561.50 vs VAL=5516.50
2026-02-06 16:16:43,443 [INFO]     NSE:ANGELONE-EQ | CVD=35858 vs Ref=-38939 | Close=2642.00 vs VAL=2576.40
2026-02-06 16:16:43,683 [INFO]     NSE:TECHM-EQ | CVD=36782 vs Ref=-128591 | Close=1619.90 vs VAL=1616.75
2026-02-06 16:16:43,883 [INFO]     NSE:COFORGE-EQ | CVD=-339160 vs Ref=-459286 | Close=1546.00 vs VAL=1535.00
2026-02-06 16:16:44,098 [INFO]     NSE:LAURUSLABS-EQ | CVD=-95531 vs Ref=-150837 | Close=950.55 vs VAL=944.80
2026-02-06 16:16:44,329 [INFO]     NSE:ZYDUSLIFE-EQ | CVD=-32352 vs Ref=-48650 | Close=888.15 vs VAL=884.85
2026-02-06 16:16:46,252 [INFO]     NSE:CAMS-EQ | CVD=52580 vs Ref=-75694 | Close=722.40 vs VAL=711.90
2026-02-06 16:16:46,457 [INFO]     NSE:BEL-EQ | CVD=838308 vs Ref=-426850 | Close=429.65 vs VAL=426.65
2026-02-06 16:16:46,699 [INFO]     NSE:RECLTD-EQ | CVD=-23610 vs Ref=-973015 | Close=372.50 vs VAL=368.80
2026-02-06 16:16:46,907 [INFO]     NSE:GMRAIRPORT-EQ | CVD=-1320717 vs Ref=-935696 | Close=97.51 vs VAL=96.05
2026-02-06 16:17:46,908 [INFO] 🔍 Scanning for alerts on 10 symbols (5min)...
2026-02-06 16:17:47,152 [INFO]     NSE:LTIM-EQ | CVD=-3556 vs Ref=-39087 | Close=5561.50 vs VAL=5516.50
2026-02-06 16:17:47,375 [INFO]     NSE:ANGELONE-EQ | CVD=35858 vs Ref=-38939 | Close=2642.00 vs VAL=2576.40
2026-02-06 16:17:47,588 [INFO]     NSE:TECHM-EQ | CVD=36782 vs Ref=-128591 | Close=1619.90 vs VAL=1616.75
2026-02-06 16:17:49,472 [INFO]     NSE:COFORGE-EQ | CVD=-339160 vs Ref=-459286 | Close=1546.00 vs VAL=1535.00
2026-02-06 16:17:49,735 [INFO]     NSE:LAURUSLABS-EQ | CVD=-95531 vs Ref=-150837 | Close=950.55 vs VAL=944.80
2026-02-06 16:17:49,948 [INFO]     NSE:ZYDUSLIFE-EQ | CVD=-32352 vs Ref=-48650 | Close=888.15 vs VAL=884.85
2026-02-06 16:17:50,129 [INFO]     NSE:CAMS-EQ | CVD=52580 vs Ref=-75694 | Close=722.40 vs VAL=711.90
2026-02-06 16:17:50,396 [INFO]     NSE:BEL-EQ | CVD=838308 vs Ref=-426850 | Close=429.65 vs VAL=426.65
2026-02-06 16:17:50,614 [INFO]     NSE:RECLTD-EQ | CVD=-23610 vs Ref=-973015 | Close=372.50 vs VAL=368.80
2026-02-06 16:17:50,849 [INFO]     NSE:GMRAIRPORT-EQ | CVD=-1320717 vs Ref=-935696 | Close=97.51 vs VAL=96.05
2026-02-06 16:18:50,850 [INFO] 🔍 Scanning for alerts on 10 symbols (5min)...
2026-02-06 16:18:51,042 [INFO]     NSE:LTIM-EQ | CVD=-3556 vs Ref=-39087 | Close=5561.50 vs VAL=5516.50
2026-02-06 16:18:51,242 [INFO]     NSE:ANGELONE-EQ | CVD=35858 vs Ref=-38939 | Close=2642.00 vs VAL=2576.40
2026-02-06 16:18:51,439 [INFO]     NSE:TECHM-EQ | CVD=36782 vs Ref=-128591 | Close=1619.90 vs VAL=1616.75
2026-02-06 16:18:51,667 [INFO]     NSE:COFORGE-EQ | CVD=-339160 vs Ref=-459286 | Close=1546.00 vs VAL=1535.00
2026-02-06 16:18:51,864 [INFO]     NSE:LAURUSLABS-EQ | CVD=-95531 vs Ref=-150837 | Close=950.55 vs VAL=944.80
2026-02-06 16:18:52,091 [INFO]     NSE:ZYDUSLIFE-EQ | CVD=-32352 vs Ref=-48650 | Close=888.15 vs VAL=884.85
2026-02-06 16:18:52,289 [INFO]     NSE:CAMS-EQ | CVD=52580 vs Ref=-75694 | Close=722.40 vs VAL=711.90
2026-02-06 16:18:52,526 [INFO]     NSE:BEL-EQ | CVD=838308 vs Ref=-426850 | Close=429.65 vs VAL=426.65
2026-02-06 16:18:52,786 [INFO]     NSE:RECLTD-EQ | CVD=-23610 vs Ref=-973015 | Close=372.50 vs VAL=368.80
2026-02-06 16:18:53,052 [INFO]     NSE:GMRAIRPORT-EQ | CVD=-1320717 vs Ref=-935696 | Close=97.51 vs VAL=96.05
2026-02-06 16:19:53,053 [INFO] 🔍 Scanning for alerts on 10 symbols (5min)...
2026-02-06 16:19:53,265 [INFO]     NSE:LTIM-EQ | CVD=-3556 vs Ref=-39087 | Close=5561.50 vs VAL=5516.50
2026-02-06 16:19:53,544 [INFO]     NSE:ANGELONE-EQ | CVD=35858 vs Ref=-38939 | Close=2642.00 vs VAL=2576.40
2026-02-06 16:19:55,391 [INFO]     NSE:TECHM-EQ | CVD=36782 vs Ref=-128591 | Close=1619.90 vs VAL=1616.75
2026-02-06 16:19:55,589 [INFO]     NSE:COFORGE-EQ | CVD=-339160 vs Ref=-459286 | Close=1546.00 vs VAL=1535.00
2026-02-06 16:19:55,798 [INFO]     NSE:LAURUSLABS-EQ | CVD=-95531 vs Ref=-150837 | Close=950.55 vs VAL=944.80
2026-02-06 16:19:56,003 [INFO]     NSE:ZYDUSLIFE-EQ | CVD=-32352 vs Ref=-48650 | Close=888.15 vs VAL=884.85
2026-02-06 16:19:56,251 [INFO]     NSE:CAMS-EQ | CVD=52580 vs Ref=-75694 | Close=722.40 vs VAL=711.90
2026-02-06 16:19:56,431 [INFO]     NSE:BEL-EQ | CVD=838308 vs Ref=-426850 | Close=429.65 vs VAL=426.65
2026-02-06 16:19:56,678 [INFO]     NSE:RECLTD-EQ | CVD=-23610 vs Ref=-973015 | Close=372.50 vs VAL=368.80
2026-02-06 16:19:56,950 [INFO]     NSE:GMRAIRPORT-EQ | CVD=-1320717 vs Ref=-935696 | Close=97.51 vs VAL=96.05
2026-02-06 16:20:56,952 [INFO] 🔍 Scanning for alerts on 10 symbols (5min)...
2026-02-06 16:20:57,217 [INFO]     NSE:LTIM-EQ | CVD=-3556 vs Ref=-39087 | Close=5561.50 vs VAL=5516.50
2026-02-06 16:20:57,507 [INFO]     NSE:ANGELONE-EQ | CVD=35858 vs Ref=-38939 | Close=2642.00 vs VAL=2576.40
2026-02-06 16:20:57,777 [INFO]     NSE:TECHM-EQ | CVD=36782 vs Ref=-128591 | Close=1619.90 vs VAL=1616.75
2026-02-06 16:20:58,036 [INFO]     NSE:COFORGE-EQ | CVD=-339160 vs Ref=-459286 | Close=1546.00 vs VAL=1535.00
2026-02-06 16:20:59,901 [INFO]     NSE:LAURUSLABS-EQ | CVD=-95531 vs Ref=-150837 | Close=950.55 vs VAL=944.80
2026-02-06 16:21:00,169 [INFO]     NSE:ZYDUSLIFE-EQ | CVD=-32352 vs Ref=-48650 | Close=888.15 vs VAL=884.85
2026-02-06 16:21:00,393 [INFO]     NSE:CAMS-EQ | CVD=52580 vs Ref=-75694 | Close=722.40 vs VAL=711.90
2026-02-06 16:21:00,600 [INFO]     NSE:BEL-EQ | CVD=838308 vs Ref=-426850 | Close=429.65 vs VAL=426.65
2026-02-06 16:21:00,822 [INFO]     NSE:RECLTD-EQ | CVD=-23610 vs Ref=-973015 | Close=372.50 vs VAL=368.80
2026-02-06 16:21:01,079 [INFO]     NSE:GMRAIRPORT-EQ | CVD=-1320717 vs Ref=-935696 | Close=97.51 vs VAL=96.05
2026-02-06 16:22:01,081 [INFO] 🔍 Scanning for alerts on 10 symbols (5min)...
2026-02-06 16:22:01,320 [INFO]     NSE:LTIM-EQ | CVD=-3556 vs Ref=-39087 | Close=5561.50 vs VAL=5516.50
2026-02-06 16:22:01,506 [INFO]     NSE:ANGELONE-EQ | CVD=35858 vs Ref=-38939 | Close=2642.00 vs VAL=2576.40
2026-02-06 16:22:01,731 [INFO]     NSE:TECHM-EQ | CVD=36782 vs Ref=-128591 | Close=1619.90 vs VAL=1616.75
2026-02-06 16:22:01,946 [INFO]     NSE:COFORGE-EQ | CVD=-339160 vs Ref=-459286 | Close=1546.00 vs VAL=1535.00
2026-02-06 16:22:02,179 [INFO]     NSE:LAURUSLABS-EQ | CVD=-95531 vs Ref=-150837 | Close=950.55 vs VAL=944.80
2026-02-06 16:22:02,415 [INFO]     NSE:ZYDUSLIFE-EQ | CVD=-32352 vs Ref=-48650 | Close=888.15 vs VAL=884.85
2026-02-06 16:22:04,522 [INFO]     NSE:CAMS-EQ | CVD=52580 vs Ref=-75694 | Close=722.40 vs VAL=711.90
2026-02-06 16:22:04,753 [INFO]     NSE:BEL-EQ | CVD=838308 vs Ref=-426850 | Close=429.65 vs VAL=426.65
2026-02-06 16:22:05,001 [INFO]     NSE:RECLTD-EQ | CVD=-23610 vs Ref=-973015 | Close=372.50 vs VAL=368.80
2026-02-06 16:22:05,178 [INFO]     NSE:GMRAIRPORT-EQ | CVD=-1320717 vs Ref=-935696 | Close=97.51 vs VAL=96.05
2026-02-06 16:23:05,179 [INFO] 🔍 Scanning for alerts on 10 symbols (5min)...
2026-02-06 16:23:05,371 [INFO]     NSE:LTIM-EQ | CVD=-3556 vs Ref=-39087 | Close=5561.50 vs VAL=5516.50
2026-02-06 16:23:05,598 [INFO]     NSE:ANGELONE-EQ | CVD=35858 vs Ref=-38939 | Close=2642.00 vs VAL=2576.40
2026-02-06 16:23:05,793 [INFO]     NSE:TECHM-EQ | CVD=36782 vs Ref=-128591 | Close=1619.90 vs VAL=1616.75
2026-02-06 16:23:07,696 [INFO]     NSE:COFORGE-EQ | CVD=-339160 vs Ref=-459286 | Close=1546.00 vs VAL=1535.00
2026-02-06 16:23:07,870 [INFO]     NSE:LAURUSLABS-EQ | CVD=-95531 vs Ref=-150837 | Close=950.55 vs VAL=944.80
2026-02-06 16:23:08,085 [INFO]     NSE:ZYDUSLIFE-EQ | CVD=-32352 vs Ref=-48650 | Close=888.15 vs VAL=884.85
2026-02-06 16:23:08,325 [INFO]     NSE:CAMS-EQ | CVD=52580 vs Ref=-75694 | Close=722.40 vs VAL=711.90
2026-02-06 16:23:08,511 [INFO]     NSE:BEL-EQ | CVD=838308 vs Ref=-426850 | Close=429.65 vs VAL=426.65
2026-02-06 16:23:08,722 [INFO]     NSE:RECLTD-EQ | CVD=-23610 vs Ref=-973015 | Close=372.50 vs VAL=368.80
2026-02-06 16:23:08,937 [INFO]     NSE:GMRAIRPORT-EQ | CVD=-1320717 vs Ref=-935696 | Close=97.51 vs VAL=96.05
2026-02-06 16:24:08,939 [INFO] 🔍 Scanning for alerts on 10 symbols (5min)...
2026-02-06 16:24:09,137 [INFO]     NSE:LTIM-EQ | CVD=-3556 vs Ref=-39087 | Close=5561.50 vs VAL=5516.50
2026-02-06 16:24:09,331 [INFO]     NSE:ANGELONE-EQ | CVD=35858 vs Ref=-38939 | Close=2642.00 vs VAL=2576.40
2026-02-06 16:24:09,563 [INFO]     NSE:TECHM-EQ | CVD=36782 vs Ref=-128591 | Close=1619.90 vs VAL=1616.75
2026-02-06 16:24:09,773 [INFO]     NSE:COFORGE-EQ | CVD=-339160 vs Ref=-459286 | Close=1546.00 vs VAL=1535.00
2026-02-06 16:24:09,967 [INFO]     NSE:LAURUSLABS-EQ | CVD=-95531 vs Ref=-150837 | Close=950.55 vs VAL=944.80
2026-02-06 16:24:10,176 [INFO]     NSE:ZYDUSLIFE-EQ | CVD=-32352 vs Ref=-48650 | Close=888.15 vs VAL=884.85
2026-02-06 16:24:10,413 [INFO]     NSE:CAMS-EQ | CVD=52580 vs Ref=-75694 | Close=722.40 vs VAL=711.90
2026-02-06 16:24:12,262 [INFO]     NSE:BEL-EQ | CVD=838308 vs Ref=-426850 | Close=429.65 vs VAL=426.65
2026-02-06 16:24:12,471 [INFO]     NSE:RECLTD-EQ | CVD=-23610 vs Ref=-973015 | Close=372.50 vs VAL=368.80
2026-02-06 16:24:12,669 [INFO]     NSE:GMRAIRPORT-EQ | CVD=-1320717 vs Ref=-935696 | Close=97.51 vs VAL=96.05
2026-02-06 16:25:12,671 [INFO] 🔍 Scanning for alerts on 10 symbols (5min)...
2026-02-06 16:25:12,862 [INFO]     NSE:LTIM-EQ | CVD=-3556 vs Ref=-39087 | Close=5561.50 vs VAL=5516.50
2026-02-06 16:25:13,063 [INFO]     NSE:ANGELONE-EQ | CVD=35858 vs Ref=-38939 | Close=2642.00 vs VAL=2576.40
2026-02-06 16:25:13,334 [INFO]     NSE:TECHM-EQ | CVD=36782 vs Ref=-128591 | Close=1619.90 vs VAL=1616.75
2026-02-06 16:25:13,521 [INFO]     NSE:COFORGE-EQ | CVD=-339160 vs Ref=-459286 | Close=1546.00 vs VAL=1535.00
2026-02-06 16:25:15,460 [INFO]     NSE:LAURUSLABS-EQ | CVD=-95531 vs Ref=-150837 | Close=950.55 vs VAL=944.80
2026-02-06 16:25:15,708 [INFO]     NSE:ZYDUSLIFE-EQ | CVD=-32352 vs Ref=-48650 | Close=888.15 vs VAL=884.85
2026-02-06 16:25:15,916 [INFO]     NSE:CAMS-EQ | CVD=52580 vs Ref=-75694 | Close=722.40 vs VAL=711.90
2026-02-06 16:25:16,142 [INFO]     NSE:BEL-EQ | CVD=838308 vs Ref=-426850 | Close=429.65 vs VAL=426.65
2026-02-06 16:25:16,400 [INFO]     NSE:RECLTD-EQ | CVD=-23610 vs Ref=-973015 | Close=372.50 vs VAL=368.80
2026-02-06 16:25:16,651 [INFO]     NSE:GMRAIRPORT-EQ | CVD=-1320717 vs Ref=-935696 | Close=97.51 vs VAL=96.05
2026-02-06 16:26:16,653 [INFO] 🔍 Scanning for alerts on 10 symbols (5min)...
2026-02-06 16:26:16,882 [INFO]     NSE:LTIM-EQ | CVD=-3556 vs Ref=-39087 | Close=5561.50 vs VAL=5516.50
2026-02-06 16:26:17,085 [INFO]     NSE:ANGELONE-EQ | CVD=35858 vs Ref=-38939 | Close=2642.00 vs VAL=2576.40
2026-02-06 16:26:17,266 [INFO]     NSE:TECHM-EQ | CVD=36782 vs Ref=-128591 | Close=1619.90 vs VAL=1616.75
2026-02-06 16:26:17,460 [INFO]     NSE:COFORGE-EQ | CVD=-339160 vs Ref=-459286 | Close=1546.00 vs VAL=1535.00
2026-02-06 16:26:17,708 [INFO]     NSE:LAURUSLABS-EQ | CVD=-95531 vs Ref=-150837 | Close=950.55 vs VAL=944.80
2026-02-06 16:26:17,910 [INFO]     NSE:ZYDUSLIFE-EQ | CVD=-32352 vs Ref=-48650 | Close=888.15 vs VAL=884.85
2026-02-06 16:26:18,145 [INFO]     NSE:CAMS-EQ | CVD=52580 vs Ref=-75694 | Close=722.40 vs VAL=711.90
2026-02-06 16:26:20,013 [INFO]     NSE:BEL-EQ | CVD=838308 vs Ref=-426850 | Close=429.65 vs VAL=426.65
2026-02-06 16:26:20,226 [INFO]     NSE:RECLTD-EQ | CVD=-23610 vs Ref=-973015 | Close=372.50 vs VAL=368.80
2026-02-06 16:26:20,445 [INFO]     NSE:GMRAIRPORT-EQ | CVD=-1320717 vs Ref=-935696 | Close=97.51 vs VAL=96.05
2026-02-06 16:27:20,446 [INFO] 🔍 Scanning for alerts on 10 symbols (5min)...
2026-02-06 16:27:20,675 [INFO]     NSE:LTIM-EQ | CVD=-3556 vs Ref=-39087 | Close=5561.50 vs VAL=5516.50
2026-02-06 16:27:20,909 [INFO]     NSE:ANGELONE-EQ | CVD=35858 vs Ref=-38939 | Close=2642.00 vs VAL=2576.40
2026-02-06 16:27:21,122 [INFO]     NSE:TECHM-EQ | CVD=36782 vs Ref=-128591 | Close=1619.90 vs VAL=1616.75
2026-02-06 16:27:21,351 [INFO]     NSE:COFORGE-EQ | CVD=-339160 vs Ref=-459286 | Close=1546.00 vs VAL=1535.00
2026-02-06 16:27:21,640 [INFO]     NSE:LAURUSLABS-EQ | CVD=-95531 vs Ref=-150837 | Close=950.55 vs VAL=944.80
2026-02-06 16:27:21,930 [INFO]     NSE:ZYDUSLIFE-EQ | CVD=-32352 vs Ref=-48650 | Close=888.15 vs VAL=884.85
2026-02-06 16:27:22,184 [INFO]     NSE:CAMS-EQ | CVD=52580 vs Ref=-75694 | Close=722.40 vs VAL=711.90
2026-02-06 16:27:22,374 [INFO]     NSE:BEL-EQ | CVD=838308 vs Ref=-426850 | Close=429.65 vs VAL=426.65
2026-02-06 16:27:22,587 [INFO]     NSE:RECLTD-EQ | CVD=-23610 vs Ref=-973015 | Close=372.50 vs VAL=368.80
2026-02-06 16:27:22,789 [INFO]     NSE:GMRAIRPORT-EQ | CVD=-1320717 vs Ref=-935696 | Close=97.51 vs VAL=96.05
2026-02-06 16:28:22,791 [INFO] 🔍 Scanning for alerts on 10 symbols (5min)...
2026-02-06 16:28:22,998 [INFO]     NSE:LTIM-EQ | CVD=-3556 vs Ref=-39087 | Close=5561.50 vs VAL=5516.50
2026-02-06 16:28:23,226 [INFO]     NSE:ANGELONE-EQ | CVD=35858 vs Ref=-38939 | Close=2642.00 vs VAL=2576.40
2026-02-06 16:28:23,438 [INFO]     NSE:TECHM-EQ | CVD=36782 vs Ref=-128591 | Close=1619.90 vs VAL=1616.75
2026-02-06 16:28:23,640 [INFO]     NSE:COFORGE-EQ | CVD=-339160 vs Ref=-459286 | Close=1546.00 vs VAL=1535.00
2026-02-06 16:28:23,900 [INFO]     NSE:LAURUSLABS-EQ | CVD=-95531 vs Ref=-150837 | Close=950.55 vs VAL=944.80
2026-02-06 16:28:25,908 [INFO]     NSE:ZYDUSLIFE-EQ | CVD=-32352 vs Ref=-48650 | Close=888.15 vs VAL=884.85
2026-02-06 16:28:26,179 [INFO]     NSE:CAMS-EQ | CVD=52580 vs Ref=-75694 | Close=722.40 vs VAL=711.90
2026-02-06 16:28:26,434 [INFO]     NSE:BEL-EQ | CVD=838308 vs Ref=-426850 | Close=429.65 vs VAL=426.65
2026-02-06 16:28:26,672 [INFO]     NSE:RECLTD-EQ | CVD=-23610 vs Ref=-973015 | Close=372.50 vs VAL=368.80
2026-02-06 16:28:26,878 [INFO]     NSE:GMRAIRPORT-EQ | CVD=-1320717 vs Ref=-935696 | Close=97.51 vs VAL=96.05
2026-02-06 16:29:26,880 [INFO] 🔍 Scanning for alerts on 10 symbols (5min)...
2026-02-06 16:29:27,099 [INFO]     NSE:LTIM-EQ | CVD=-3556 vs Ref=-39087 | Close=5561.50 vs VAL=5516.50
2026-02-06 16:29:29,126 [INFO]     NSE:ANGELONE-EQ | CVD=35858 vs Ref=-38939 | Close=2642.00 vs VAL=2576.40
2026-02-06 16:29:29,344 [INFO]     NSE:TECHM-EQ | CVD=36782 vs Ref=-128591 | Close=1619.90 vs VAL=1616.75
2026-02-06 16:29:29,577 [INFO]     NSE:COFORGE-EQ | CVD=-339160 vs Ref=-459286 | Close=1546.00 vs VAL=1535.00
2026-02-06 16:29:29,797 [INFO]     NSE:LAURUSLABS-EQ | CVD=-95531 vs Ref=-150837 | Close=950.55 vs VAL=944.80
2026-02-06 16:29:30,027 [INFO]     NSE:ZYDUSLIFE-EQ | CVD=-32352 vs Ref=-48650 | Close=888.15 vs VAL=884.85
2026-02-06 16:29:30,254 [INFO]     NSE:CAMS-EQ | CVD=52580 vs Ref=-75694 | Close=722.40 vs VAL=711.90
2026-02-06 16:29:30,451 [INFO]     NSE:BEL-EQ | CVD=838308 vs Ref=-426850 | Close=429.65 vs VAL=426.65
2026-02-06 16:29:30,669 [INFO]     NSE:RECLTD-EQ | CVD=-23610 vs Ref=-973015 | Close=372.50 vs VAL=368.80
2026-02-06 16:29:30,880 [INFO]     NSE:GMRAIRPORT-EQ | CVD=-1320717 vs Ref=-935696 | Close=97.51 vs VAL=96.05
2026-02-06 16:30:30,882 [INFO] 🔍 Scanning for alerts on 10 symbols (5min)...
2026-02-06 16:30:31,074 [INFO]     NSE:LTIM-EQ | CVD=-3556 vs Ref=-39087 | Close=5561.50 vs VAL=5516.50
2026-02-06 16:30:31,301 [INFO]     NSE:ANGELONE-EQ | CVD=35858 vs Ref=-38939 | Close=2642.00 vs VAL=2576.40
2026-02-06 16:30:31,494 [INFO]     NSE:TECHM-EQ | CVD=36782 vs Ref=-128591 | Close=1619.90 vs VAL=1616.75
2026-02-06 16:30:31,721 [INFO]     NSE:COFORGE-EQ | CVD=-339160 vs Ref=-459286 | Close=1546.00 vs VAL=1535.00
2026-02-06 16:30:31,901 [INFO]     NSE:LAURUSLABS-EQ | CVD=-95531 vs Ref=-150837 | Close=950.55 vs VAL=944.80
2026-02-06 16:30:32,133 [INFO]     NSE:ZYDUSLIFE-EQ | CVD=-32352 vs Ref=-48650 | Close=888.15 vs VAL=884.85
2026-02-06 16:30:32,373 [INFO]     NSE:CAMS-EQ | CVD=52580 vs Ref=-75694 | Close=722.40 vs VAL=711.90
2026-02-06 16:30:32,626 [INFO]     NSE:BEL-EQ | CVD=838308 vs Ref=-426850 | Close=429.65 vs VAL=426.65
2026-02-06 16:30:32,850 [INFO]     NSE:RECLTD-EQ | CVD=-23610 vs Ref=-973015 | Close=372.50 vs VAL=368.80
2026-02-06 16:30:33,087 [INFO]     NSE:GMRAIRPORT-EQ | CVD=-1320717 vs Ref=-935696 | Close=97.51 vs VAL=96.05
2026-02-06 16:31:33,089 [INFO] 🔍 Scanning for alerts on 10 symbols (5min)...
2026-02-06 16:31:33,315 [INFO]     NSE:LTIM-EQ | CVD=-3556 vs Ref=-39087 | Close=5561.50 vs VAL=5516.50
2026-02-06 16:31:33,520 [INFO]     NSE:ANGELONE-EQ | CVD=35858 vs Ref=-38939 | Close=2642.00 vs VAL=2576.40
2026-02-06 16:31:33,738 [INFO]     NSE:TECHM-EQ | CVD=36782 vs Ref=-128591 | Close=1619.90 vs VAL=1616.75
2026-02-06 16:31:33,969 [INFO]     NSE:COFORGE-EQ | CVD=-339160 vs Ref=-459286 | Close=1546.00 vs VAL=1535.00
2026-02-06 16:31:34,203 [INFO]     NSE:LAURUSLABS-EQ | CVD=-95531 vs Ref=-150837 | Close=950.55 vs VAL=944.80
2026-02-06 16:31:34,446 [INFO]     NSE:ZYDUSLIFE-EQ | CVD=-32352 vs Ref=-48650 | Close=888.15 vs VAL=884.85
2026-02-06 16:31:36,297 [INFO]     NSE:CAMS-EQ | CVD=52580 vs Ref=-75694 | Close=722.40 vs VAL=711.90
2026-02-06 16:31:36,524 [INFO]     NSE:BEL-EQ | CVD=838308 vs Ref=-426850 | Close=429.65 vs VAL=426.65
2026-02-06 16:31:36,738 [INFO]     NSE:RECLTD-EQ | CVD=-23610 vs Ref=-973015 | Close=372.50 vs VAL=368.80
2026-02-06 16:31:36,960 [INFO]     NSE:GMRAIRPORT-EQ | CVD=-1320717 vs Ref=-935696 | Close=97.51 vs VAL=96.05
2026-02-06 16:32:36,961 [INFO] 🔍 Scanning for alerts on 10 symbols (5min)...
2026-02-06 16:32:37,193 [INFO]     NSE:LTIM-EQ | CVD=-3556 vs Ref=-39087 | Close=5561.50 vs VAL=5516.50
2026-02-06 16:32:37,399 [INFO]     NSE:ANGELONE-EQ | CVD=35858 vs Ref=-38939 | Close=2642.00 vs VAL=2576.40
2026-02-06 16:32:37,622 [INFO]     NSE:TECHM-EQ | CVD=36782 vs Ref=-128591 | Close=1619.90 vs VAL=1616.75
2026-02-06 16:32:39,537 [INFO]     NSE:COFORGE-EQ | CVD=-339160 vs Ref=-459286 | Close=1546.00 vs VAL=1535.00
2026-02-06 16:32:39,754 [INFO]     NSE:LAURUSLABS-EQ | CVD=-95531 vs Ref=-150837 | Close=950.55 vs VAL=944.80
2026-02-06 16:32:39,993 [INFO]     NSE:ZYDUSLIFE-EQ | CVD=-32352 vs Ref=-48650 | Close=888.15 vs VAL=884.85
2026-02-06 16:32:40,186 [INFO]     NSE:CAMS-EQ | CVD=52580 vs Ref=-75694 | Close=722.40 vs VAL=711.90
2026-02-06 16:32:40,424 [INFO]     NSE:BEL-EQ | CVD=838308 vs Ref=-426850 | Close=429.65 vs VAL=426.65
2026-02-06 16:32:40,668 [INFO]     NSE:RECLTD-EQ | CVD=-23610 vs Ref=-973015 | Close=372.50 vs VAL=368.80
2026-02-06 16:32:40,888 [INFO]     NSE:GMRAIRPORT-EQ | CVD=-1320717 vs Ref=-935696 | Close=97.51 vs VAL=96.05
2026-02-06 16:33:40,889 [INFO] 🔍 Scanning for alerts on 10 symbols (5min)...
2026-02-06 16:33:41,131 [INFO]     NSE:LTIM-EQ | CVD=-3556 vs Ref=-39087 | Close=5561.50 vs VAL=5516.50
2026-02-06 16:33:41,353 [INFO]     NSE:ANGELONE-EQ | CVD=35858 vs Ref=-38939 | Close=2642.00 vs VAL=2576.40
2026-02-06 16:33:41,573 [INFO]     NSE:TECHM-EQ | CVD=36782 vs Ref=-128591 | Close=1619.90 vs VAL=1616.75
2026-02-06 16:33:41,803 [INFO]     NSE:COFORGE-EQ | CVD=-339160 vs Ref=-459286 | Close=1546.00 vs VAL=1535.00
2026-02-06 16:33:41,991 [INFO]     NSE:LAURUSLABS-EQ | CVD=-95531 vs Ref=-150837 | Close=950.55 vs VAL=944.80
2026-02-06 16:33:42,223 [INFO]     NSE:ZYDUSLIFE-EQ | CVD=-32352 vs Ref=-48650 | Close=888.15 vs VAL=884.85
2026-02-06 16:33:42,452 [INFO]     NSE:CAMS-EQ | CVD=52580 vs Ref=-75694 | Close=722.40 vs VAL=711.90
2026-02-06 16:33:42,683 [INFO]     NSE:BEL-EQ | CVD=838308 vs Ref=-426850 | Close=429.65 vs VAL=426.65
2026-02-06 16:33:42,904 [INFO]     NSE:RECLTD-EQ | CVD=-23610 vs Ref=-973015 | Close=372.50 vs VAL=368.80
2026-02-06 16:33:43,118 [INFO]     NSE:GMRAIRPORT-EQ | CVD=-1320717 vs Ref=-935696 | Close=97.51 vs VAL=96.05
2026-02-06 16:34:43,120 [INFO] 🔍 Scanning for alerts on 10 symbols (5min)...
2026-02-06 16:34:43,320 [INFO]     NSE:LTIM-EQ | CVD=-3556 vs Ref=-39087 | Close=5561.50 vs VAL=5516.50
2026-02-06 16:34:43,544 [INFO]     NSE:ANGELONE-EQ | CVD=35858 vs Ref=-38939 | Close=2642.00 vs VAL=2576.40
2026-02-06 16:34:45,366 [INFO]     NSE:TECHM-EQ | CVD=36782 vs Ref=-128591 | Close=1619.90 vs VAL=1616.75
2026-02-06 16:34:45,626 [INFO]     NSE:COFORGE-EQ | CVD=-339160 vs Ref=-459286 | Close=1546.00 vs VAL=1535.00
2026-02-06 16:34:45,883 [INFO]     NSE:LAURUSLABS-EQ | CVD=-95531 vs Ref=-150837 | Close=950.55 vs VAL=944.80
2026-02-06 16:34:46,106 [INFO]     NSE:ZYDUSLIFE-EQ | CVD=-32352 vs Ref=-48650 | Close=888.15 vs VAL=884.85
2026-02-06 16:34:46,288 [INFO]     NSE:CAMS-EQ | CVD=52580 vs Ref=-75694 | Close=722.40 vs VAL=711.90
2026-02-06 16:34:46,524 [INFO]     NSE:BEL-EQ | CVD=838308 vs Ref=-426850 | Close=429.65 vs VAL=426.65
2026-02-06 16:34:46,715 [INFO]     NSE:RECLTD-EQ | CVD=-23610 vs Ref=-973015 | Close=372.50 vs VAL=368.80
2026-02-06 16:34:46,956 [INFO]     NSE:GMRAIRPORT-EQ | CVD=-1320717 vs Ref=-935696 | Close=97.51 vs VAL=96.05
2026-02-06 16:35:46,957 [INFO] 🔍 Scanning for alerts on 10 symbols (5min)...
2026-02-06 16:35:47,184 [INFO]     NSE:LTIM-EQ | CVD=-3556 vs Ref=-39087 | Close=5561.50 vs VAL=5516.50
2026-02-06 16:35:47,398 [INFO]     NSE:ANGELONE-EQ | CVD=35858 vs Ref=-38939 | Close=2642.00 vs VAL=2576.40
2026-02-06 16:35:47,600 [INFO]     NSE:TECHM-EQ | CVD=36782 vs Ref=-128591 | Close=1619.90 vs VAL=1616.75
2026-02-06 16:35:47,820 [INFO]     NSE:COFORGE-EQ | CVD=-339160 vs Ref=-459286 | Close=1546.00 vs VAL=1535.00
2026-02-06 16:35:47,995 [INFO]     NSE:LAURUSLABS-EQ | CVD=-95531 vs Ref=-150837 | Close=950.55 vs VAL=944.80
2026-02-06 16:35:49,904 [INFO]     NSE:ZYDUSLIFE-EQ | CVD=-32352 vs Ref=-48650 | Close=888.15 vs VAL=884.85
2026-02-06 16:35:50,129 [INFO]     NSE:CAMS-EQ | CVD=52580 vs Ref=-75694 | Close=722.40 vs VAL=711.90
2026-02-06 16:35:50,365 [INFO]     NSE:BEL-EQ | CVD=838308 vs Ref=-426850 | Close=429.65 vs VAL=426.65
2026-02-06 16:35:50,590 [INFO]     NSE:RECLTD-EQ | CVD=-23610 vs Ref=-973015 | Close=372.50 vs VAL=368.80
2026-02-06 16:35:50,769 [INFO]     NSE:GMRAIRPORT-EQ | CVD=-1320717 vs Ref=-935696 | Close=97.51 vs VAL=96.05
2026-02-06 16:36:50,770 [INFO] 🔍 Scanning for alerts on 10 symbols (5min)...
2026-02-06 16:36:51,008 [INFO]     NSE:LTIM-EQ | CVD=-3556 vs Ref=-39087 | Close=5561.50 vs VAL=5516.50
2026-02-06 16:36:51,232 [INFO]     NSE:ANGELONE-EQ | CVD=35858 vs Ref=-38939 | Close=2642.00 vs VAL=2576.40
2026-02-06 16:36:53,108 [INFO]     NSE:TECHM-EQ | CVD=36782 vs Ref=-128591 | Close=1619.90 vs VAL=1616.75
2026-02-06 16:36:53,305 [INFO]     NSE:COFORGE-EQ | CVD=-339160 vs Ref=-459286 | Close=1546.00 vs VAL=1535.00
2026-02-06 16:36:53,501 [INFO]     NSE:LAURUSLABS-EQ | CVD=-95531 vs Ref=-150837 | Close=950.55 vs VAL=944.80
2026-02-06 16:36:53,746 [INFO]     NSE:ZYDUSLIFE-EQ | CVD=-32352 vs Ref=-48650 | Close=888.15 vs VAL=884.85
2026-02-06 16:36:54,022 [INFO]     NSE:CAMS-EQ | CVD=52580 vs Ref=-75694 | Close=722.40 vs VAL=711.90
2026-02-06 16:36:54,197 [INFO]     NSE:BEL-EQ | CVD=838308 vs Ref=-426850 | Close=429.65 vs VAL=426.65
2026-02-06 16:36:54,392 [INFO]     NSE:RECLTD-EQ | CVD=-23610 vs Ref=-973015 | Close=372.50 vs VAL=368.80
2026-02-06 16:36:54,609 [INFO]     NSE:GMRAIRPORT-EQ | CVD=-1320717 vs Ref=-935696 | Close=97.51 vs VAL=96.05
2026-02-06 16:37:54,611 [INFO] 🔍 Scanning for alerts on 10 symbols (5min)...
2026-02-06 16:37:54,834 [INFO]     NSE:LTIM-EQ | CVD=-3556 vs Ref=-39087 | Close=5561.50 vs VAL=5516.50
2026-02-06 16:37:55,078 [INFO]     NSE:ANGELONE-EQ | CVD=35858 vs Ref=-38939 | Close=2642.00 vs VAL=2576.40
2026-02-06 16:37:55,274 [INFO]     NSE:TECHM-EQ | CVD=36782 vs Ref=-128591 | Close=1619.90 vs VAL=1616.75
2026-02-06 16:37:55,509 [INFO]     NSE:COFORGE-EQ | CVD=-339160 vs Ref=-459286 | Close=1546.00 vs VAL=1535.00
2026-02-06 16:37:55,704 [INFO]     NSE:LAURUSLABS-EQ | CVD=-95531 vs Ref=-150837 | Close=950.55 vs VAL=944.80
2026-02-06 16:37:57,658 [INFO]     NSE:ZYDUSLIFE-EQ | CVD=-32352 vs Ref=-48650 | Close=888.15 vs VAL=884.85
2026-02-06 16:37:57,850 [INFO]     NSE:CAMS-EQ | CVD=52580 vs Ref=-75694 | Close=722.40 vs VAL=711.90
2026-02-06 16:37:58,048 [INFO]     NSE:BEL-EQ | CVD=838308 vs Ref=-426850 | Close=429.65 vs VAL=426.65
2026-02-06 16:37:58,232 [INFO]     NSE:RECLTD-EQ | CVD=-23610 vs Ref=-973015 | Close=372.50 vs VAL=368.80
2026-02-06 16:37:58,460 [INFO]     NSE:GMRAIRPORT-EQ | CVD=-1320717 vs Ref=-935696 | Close=97.51 vs VAL=96.05
2026-02-06 16:38:58,461 [INFO] 🔍 Scanning for alerts on 10 symbols (5min)...
2026-02-06 16:38:58,712 [INFO]     NSE:LTIM-EQ | CVD=-3556 vs Ref=-39087 | Close=5561.50 vs VAL=5516.50
2026-02-06 16:38:58,892 [INFO]     NSE:ANGELONE-EQ | CVD=35858 vs Ref=-38939 | Close=2642.00 vs VAL=2576.40
2026-02-06 16:39:00,823 [INFO]     NSE:TECHM-EQ | CVD=36782 vs Ref=-128591 | Close=1619.90 vs VAL=1616.75
2026-02-06 16:39:01,049 [INFO]     NSE:COFORGE-EQ | CVD=-339160 vs Ref=-459286 | Close=1546.00 vs VAL=1535.00
2026-02-06 16:39:01,243 [INFO]     NSE:LAURUSLABS-EQ | CVD=-95531 vs Ref=-150837 | Close=950.55 vs VAL=944.80
2026-02-06 16:39:01,447 [INFO]     NSE:ZYDUSLIFE-EQ | CVD=-32352 vs Ref=-48650 | Close=888.15 vs VAL=884.85
2026-02-06 16:39:01,669 [INFO]     NSE:CAMS-EQ | CVD=52580 vs Ref=-75694 | Close=722.40 vs VAL=711.90
2026-02-06 16:39:01,866 [INFO]     NSE:BEL-EQ | CVD=838308 vs Ref=-426850 | Close=429.65 vs VAL=426.65
2026-02-06 16:39:02,053 [INFO]     NSE:RECLTD-EQ | CVD=-23610 vs Ref=-973015 | Close=372.50 vs VAL=368.80
2026-02-06 16:39:02,263 [INFO]     NSE:GMRAIRPORT-EQ | CVD=-1320717 vs Ref=-935696 | Close=97.51 vs VAL=96.05
2026-02-06 16:40:02,264 [INFO] 🔍 Scanning for alerts on 10 symbols (5min)...
2026-02-06 16:40:02,487 [INFO]     NSE:LTIM-EQ | CVD=-3556 vs Ref=-39087 | Close=5561.50 vs VAL=5516.50
2026-02-06 16:40:02,701 [INFO]     NSE:ANGELONE-EQ | CVD=35858 vs Ref=-38939 | Close=2642.00 vs VAL=2576.40
2026-02-06 16:40:02,900 [INFO]     NSE:TECHM-EQ | CVD=36782 vs Ref=-128591 | Close=1619.90 vs VAL=1616.75
2026-02-06 16:40:03,095 [INFO]     NSE:COFORGE-EQ | CVD=-339160 vs Ref=-459286 | Close=1546.00 vs VAL=1535.00
2026-02-06 16:40:03,327 [INFO]     NSE:LAURUSLABS-EQ | CVD=-95531 vs Ref=-150837 | Close=950.55 vs VAL=944.80
2026-02-06 16:40:05,332 [INFO]     NSE:ZYDUSLIFE-EQ | CVD=-32352 vs Ref=-48650 | Close=888.15 vs VAL=884.85
2026-02-06 16:40:05,557 [INFO]     NSE:CAMS-EQ | CVD=52580 vs Ref=-75694 | Close=722.40 vs VAL=711.90
2026-02-06 16:40:05,757 [INFO]     NSE:BEL-EQ | CVD=838308 vs Ref=-426850 | Close=429.65 vs VAL=426.65
2026-02-06 16:40:05,940 [INFO]     NSE:RECLTD-EQ | CVD=-23610 vs Ref=-973015 | Close=372.50 vs VAL=368.80
2026-02-06 16:40:06,149 [INFO]     NSE:GMRAIRPORT-EQ | CVD=-1320717 vs Ref=-935696 | Close=97.51 vs VAL=96.05
2026-02-06 16:41:06,151 [INFO] 🔍 Scanning for alerts on 10 symbols (5min)...
2026-02-06 16:41:06,375 [INFO]     NSE:LTIM-EQ | CVD=-3556 vs Ref=-39087 | Close=5561.50 vs VAL=5516.50
2026-02-06 16:41:06,586 [INFO]     NSE:ANGELONE-EQ | CVD=35858 vs Ref=-38939 | Close=2642.00 vs VAL=2576.40
2026-02-06 16:41:08,460 [INFO]     NSE:TECHM-EQ | CVD=36782 vs Ref=-128591 | Close=1619.90 vs VAL=1616.75
2026-02-06 16:41:08,697 [INFO]     NSE:COFORGE-EQ | CVD=-339160 vs Ref=-459286 | Close=1546.00 vs VAL=1535.00
2026-02-06 16:41:08,930 [INFO]     NSE:LAURUSLABS-EQ | CVD=-95531 vs Ref=-150837 | Close=950.55 vs VAL=944.80
2026-02-06 16:41:09,161 [INFO]     NSE:ZYDUSLIFE-EQ | CVD=-32352 vs Ref=-48650 | Close=888.15 vs VAL=884.85
2026-02-06 16:41:09,388 [INFO]     NSE:CAMS-EQ | CVD=52580 vs Ref=-75694 | Close=722.40 vs VAL=711.90
2026-02-06 16:41:09,604 [INFO]     NSE:BEL-EQ | CVD=838308 vs Ref=-426850 | Close=429.65 vs VAL=426.65
2026-02-06 16:41:09,776 [INFO]     NSE:RECLTD-EQ | CVD=-23610 vs Ref=-973015 | Close=372.50 vs VAL=368.80
2026-02-06 16:41:09,974 [INFO]     NSE:GMRAIRPORT-EQ | CVD=-1320717 vs Ref=-935696 | Close=97.51 vs VAL=96.05
2026-02-06 16:42:09,975 [INFO] 🔍 Scanning for alerts on 10 symbols (5min)...
2026-02-06 16:42:10,184 [INFO]     NSE:LTIM-EQ | CVD=-3556 vs Ref=-39087 | Close=5561.50 vs VAL=5516.50
2026-02-06 16:42:10,359 [INFO]     NSE:ANGELONE-EQ | CVD=35858 vs Ref=-38939 | Close=2642.00 vs VAL=2576.40
2026-02-06 16:42:10,599 [INFO]     NSE:TECHM-EQ | CVD=36782 vs Ref=-128591 | Close=1619.90 vs VAL=1616.75
2026-02-06 16:42:10,834 [INFO]     NSE:COFORGE-EQ | CVD=-339160 vs Ref=-459286 | Close=1546.00 vs VAL=1535.00
2026-02-06 16:42:11,029 [INFO]     NSE:LAURUSLABS-EQ | CVD=-95531 vs Ref=-150837 | Close=950.55 vs VAL=944.80
2026-02-06 16:42:13,031 [INFO]     NSE:ZYDUSLIFE-EQ | CVD=-32352 vs Ref=-48650 | Close=888.15 vs VAL=884.85
2026-02-06 16:42:13,255 [INFO]     NSE:CAMS-EQ | CVD=52580 vs Ref=-75694 | Close=722.40 vs VAL=711.90
2026-02-06 16:42:13,477 [INFO]     NSE:BEL-EQ | CVD=838308 vs Ref=-426850 | Close=429.65 vs VAL=426.65
2026-02-06 16:42:13,676 [INFO]     NSE:RECLTD-EQ | CVD=-23610 vs Ref=-973015 | Close=372.50 vs VAL=368.80
2026-02-06 16:42:13,886 [INFO]     NSE:GMRAIRPORT-EQ | CVD=-1320717 vs Ref=-935696 | Close=97.51 vs VAL=96.05
2026-02-06 16:43:13,887 [INFO] 🔍 Scanning for alerts on 10 symbols (5min)...
2026-02-06 16:43:14,208 [INFO]     NSE:LTIM-EQ | CVD=-3556 vs Ref=-39087 | Close=5561.50 vs VAL=5516.50
2026-02-06 16:43:14,425 [INFO]     NSE:ANGELONE-EQ | CVD=35858 vs Ref=-38939 | Close=2642.00 vs VAL=2576.40
2026-02-06 16:43:14,674 [INFO]     NSE:TECHM-EQ | CVD=36782 vs Ref=-128591 | Close=1619.90 vs VAL=1616.75
2026-02-06 16:43:14,945 [INFO]     NSE:COFORGE-EQ | CVD=-339160 vs Ref=-459286 | Close=1546.00 vs VAL=1535.00
2026-02-06 16:43:15,227 [INFO]     NSE:LAURUSLABS-EQ | CVD=-95531 vs Ref=-150837 | Close=950.55 vs VAL=944.80
2026-02-06 16:43:15,548 [INFO]     NSE:ZYDUSLIFE-EQ | CVD=-32352 vs Ref=-48650 | Close=888.15 vs VAL=884.85
2026-02-06 16:43:15,840 [INFO]     NSE:CAMS-EQ | CVD=52580 vs Ref=-75694 | Close=722.40 vs VAL=711.90
2026-02-06 16:43:16,076 [INFO]     NSE:BEL-EQ | CVD=838308 vs Ref=-426850 | Close=429.65 vs VAL=426.65
2026-02-06 16:43:16,321 [INFO]     NSE:RECLTD-EQ | CVD=-23610 vs Ref=-973015 | Close=372.50 vs VAL=368.80
2026-02-06 16:43:16,547 [INFO]     NSE:GMRAIRPORT-EQ | CVD=-1320717 vs Ref=-935696 | Close=97.51 vs VAL=96.05
2026-02-06 16:44:16,548 [INFO] 🔍 Scanning for alerts on 10 symbols (5min)...
2026-02-06 16:44:16,780 [INFO]     NSE:LTIM-EQ | CVD=-3556 vs Ref=-39087 | Close=5561.50 vs VAL=5516.50
2026-02-06 16:44:16,980 [INFO]     NSE:ANGELONE-EQ | CVD=35858 vs Ref=-38939 | Close=2642.00 vs VAL=2576.40
2026-02-06 16:44:17,219 [INFO]     NSE:TECHM-EQ | CVD=36782 vs Ref=-128591 | Close=1619.90 vs VAL=1616.75
2026-02-06 16:44:17,443 [INFO]     NSE:COFORGE-EQ | CVD=-339160 vs Ref=-459286 | Close=1546.00 vs VAL=1535.00
2026-02-06 16:44:17,635 [INFO]     NSE:LAURUSLABS-EQ | CVD=-95531 vs Ref=-150837 | Close=950.55 vs VAL=944.80
2026-02-06 16:44:17,868 [INFO]     NSE:ZYDUSLIFE-EQ | CVD=-32352 vs Ref=-48650 | Close=888.15 vs VAL=884.85
2026-02-06 16:44:18,099 [INFO]     NSE:CAMS-EQ | CVD=52580 vs Ref=-75694 | Close=722.40 vs VAL=711.90
2026-02-06 16:44:18,324 [INFO]     NSE:BEL-EQ | CVD=838308 vs Ref=-426850 | Close=429.65 vs VAL=426.65
2026-02-06 16:44:18,502 [INFO]     NSE:RECLTD-EQ | CVD=-23610 vs Ref=-973015 | Close=372.50 vs VAL=368.80
2026-02-06 16:44:18,715 [INFO]     NSE:GMRAIRPORT-EQ | CVD=-1320717 vs Ref=-935696 | Close=97.51 vs VAL=96.05
2026-02-06 16:45:18,716 [INFO] 🔍 Scanning for alerts on 10 symbols (5min)...
2026-02-06 16:45:18,951 [INFO]     NSE:LTIM-EQ | CVD=-3556 vs Ref=-39087 | Close=5561.50 vs VAL=5516.50
2026-02-06 16:45:19,179 [INFO]     NSE:ANGELONE-EQ | CVD=35858 vs Ref=-38939 | Close=2642.00 vs VAL=2576.40
2026-02-06 16:45:19,395 [INFO]     NSE:TECHM-EQ | CVD=36782 vs Ref=-128591 | Close=1619.90 vs VAL=1616.75
2026-02-06 16:45:19,600 [INFO]     NSE:COFORGE-EQ | CVD=-339160 vs Ref=-459286 | Close=1546.00 vs VAL=1535.00
2026-02-06 16:45:19,893 [INFO]     NSE:LAURUSLABS-EQ | CVD=-95531 vs Ref=-150837 | Close=950.55 vs VAL=944.80
2026-02-06 16:45:20,153 [INFO]     NSE:ZYDUSLIFE-EQ | CVD=-32352 vs Ref=-48650 | Close=888.15 vs VAL=884.85
2026-02-06 16:45:20,380 [INFO]     NSE:CAMS-EQ | CVD=52580 vs Ref=-75694 | Close=722.40 vs VAL=711.90
2026-02-06 16:45:20,604 [INFO]     NSE:BEL-EQ | CVD=838308 vs Ref=-426850 | Close=429.65 vs VAL=426.65
2026-02-06 16:45:20,861 [INFO]     NSE:RECLTD-EQ | CVD=-23610 vs Ref=-973015 | Close=372.50 vs VAL=368.80
2026-02-06 16:45:21,069 [INFO]     NSE:GMRAIRPORT-EQ | CVD=-1320717 vs Ref=-935696 | Close=97.51 vs VAL=96.05
2026-02-06 16:46:21,071 [INFO] 🔍 Scanning for alerts on 10 symbols (5min)...
2026-02-06 16:46:21,336 [INFO]     NSE:LTIM-EQ | CVD=-3556 vs Ref=-39087 | Close=5561.50 vs VAL=5516.50
2026-02-06 16:46:21,612 [INFO]     NSE:ANGELONE-EQ | CVD=35858 vs Ref=-38939 | Close=2642.00 vs VAL=2576.40
2026-02-06 16:46:21,981 [INFO]     NSE:TECHM-EQ | CVD=36782 vs Ref=-128591 | Close=1619.90 vs VAL=1616.75
2026-02-06 16:46:22,251 [INFO]     NSE:COFORGE-EQ | CVD=-339160 vs Ref=-459286 | Close=1546.00 vs VAL=1535.00
2026-02-06 16:46:22,495 [INFO]     NSE:LAURUSLABS-EQ | CVD=-95531 vs Ref=-150837 | Close=950.55 vs VAL=944.80
2026-02-06 16:46:24,316 [INFO]     NSE:ZYDUSLIFE-EQ | CVD=-32352 vs Ref=-48650 | Close=888.15 vs VAL=884.85
2026-02-06 16:46:24,530 [INFO]     NSE:CAMS-EQ | CVD=52580 vs Ref=-75694 | Close=722.40 vs VAL=711.90
2026-02-06 16:46:24,763 [INFO]     NSE:BEL-EQ | CVD=838308 vs Ref=-426850 | Close=429.65 vs VAL=426.65
2026-02-06 16:46:24,990 [INFO]     NSE:RECLTD-EQ | CVD=-23610 vs Ref=-973015 | Close=372.50 vs VAL=368.80
2026-02-06 16:46:25,187 [INFO]     NSE:GMRAIRPORT-EQ | CVD=-1320717 vs Ref=-935696 | Close=97.51 vs VAL=96.05
2026-02-06 16:47:25,189 [INFO] 🔍 Scanning for alerts on 10 symbols (5min)...
2026-02-06 16:47:25,421 [INFO]     NSE:LTIM-EQ | CVD=-3556 vs Ref=-39087 | Close=5561.50 vs VAL=5516.50
2026-02-06 16:47:25,671 [INFO]     NSE:ANGELONE-EQ | CVD=35858 vs Ref=-38939 | Close=2642.00 vs VAL=2576.40
2026-02-06 16:47:25,911 [INFO]     NSE:TECHM-EQ | CVD=36782 vs Ref=-128591 | Close=1619.90 vs VAL=1616.75
2026-02-06 16:47:26,110 [INFO]     NSE:COFORGE-EQ | CVD=-339160 vs Ref=-459286 | Close=1546.00 vs VAL=1535.00
2026-02-06 16:47:26,361 [INFO]     NSE:LAURUSLABS-EQ | CVD=-95531 vs Ref=-150837 | Close=950.55 vs VAL=944.80
2026-02-06 16:47:26,626 [INFO]     NSE:ZYDUSLIFE-EQ | CVD=-32352 vs Ref=-48650 | Close=888.15 vs VAL=884.85
2026-02-06 16:47:26,852 [INFO]     NSE:CAMS-EQ | CVD=52580 vs Ref=-75694 | Close=722.40 vs VAL=711.90
2026-02-06 16:47:27,060 [INFO]     NSE:BEL-EQ | CVD=838308 vs Ref=-426850 | Close=429.65 vs VAL=426.65
2026-02-06 16:47:27,296 [INFO]     NSE:RECLTD-EQ | CVD=-23610 vs Ref=-973015 | Close=372.50 vs VAL=368.80
2026-02-06 16:47:27,520 [INFO]     NSE:GMRAIRPORT-EQ | CVD=-1320717 vs Ref=-935696 | Close=97.51 vs VAL=96.05
2026-02-06 16:48:27,522 [INFO] 🔍 Scanning for alerts on 10 symbols (5min)...
2026-02-06 16:48:27,786 [INFO]     NSE:LTIM-EQ | CVD=-3556 vs Ref=-39087 | Close=5561.50 vs VAL=5516.50
2026-02-06 16:48:28,014 [INFO]     NSE:ANGELONE-EQ | CVD=35858 vs Ref=-38939 | Close=2642.00 vs VAL=2576.40
2026-02-06 16:48:28,243 [INFO]     NSE:TECHM-EQ | CVD=36782 vs Ref=-128591 | Close=1619.90 vs VAL=1616.75
2026-02-06 16:48:30,205 [INFO]     NSE:COFORGE-EQ | CVD=-339160 vs Ref=-459286 | Close=1546.00 vs VAL=1535.00
2026-02-06 16:48:30,433 [INFO]     NSE:LAURUSLABS-EQ | CVD=-95531 vs Ref=-150837 | Close=950.55 vs VAL=944.80
2026-02-06 16:48:30,682 [INFO]     NSE:ZYDUSLIFE-EQ | CVD=-32352 vs Ref=-48650 | Close=888.15 vs VAL=884.85
2026-02-06 16:48:30,924 [INFO]     NSE:CAMS-EQ | CVD=52580 vs Ref=-75694 | Close=722.40 vs VAL=711.90
2026-02-06 16:48:31,126 [INFO]     NSE:BEL-EQ | CVD=838308 vs Ref=-426850 | Close=429.65 vs VAL=426.65
2026-02-06 16:48:31,330 [INFO]     NSE:RECLTD-EQ | CVD=-23610 vs Ref=-973015 | Close=372.50 vs VAL=368.80
2026-02-06 16:48:31,562 [INFO]     NSE:GMRAIRPORT-EQ | CVD=-1320717 vs Ref=-935696 | Close=97.51 vs VAL=96.05
2026-02-06 16:49:31,563 [INFO] 🔍 Scanning for alerts on 10 symbols (5min)...
2026-02-06 16:49:31,784 [INFO]     NSE:LTIM-EQ | CVD=-3556 vs Ref=-39087 | Close=5561.50 vs VAL=5516.50
2026-02-06 16:49:32,041 [INFO]     NSE:ANGELONE-EQ | CVD=35858 vs Ref=-38939 | Close=2642.00 vs VAL=2576.40
2026-02-06 16:49:32,243 [INFO]     NSE:TECHM-EQ | CVD=36782 vs Ref=-128591 | Close=1619.90 vs VAL=1616.75
2026-02-06 16:49:32,479 [INFO]     NSE:COFORGE-EQ | CVD=-339160 vs Ref=-459286 | Close=1546.00 vs VAL=1535.00
2026-02-06 16:49:32,704 [INFO]     NSE:LAURUSLABS-EQ | CVD=-95531 vs Ref=-150837 | Close=950.55 vs VAL=944.80
2026-02-06 16:49:32,905 [INFO]     NSE:ZYDUSLIFE-EQ | CVD=-32352 vs Ref=-48650 | Close=888.15 vs VAL=884.85
2026-02-06 16:49:34,854 [INFO]     NSE:CAMS-EQ | CVD=52580 vs Ref=-75694 | Close=722.40 vs VAL=711.90
2026-02-06 16:49:35,076 [INFO]     NSE:BEL-EQ | CVD=838308 vs Ref=-426850 | Close=429.65 vs VAL=426.65
2026-02-06 16:49:35,301 [INFO]     NSE:RECLTD-EQ | CVD=-23610 vs Ref=-973015 | Close=372.50 vs VAL=368.80
2026-02-06 16:49:35,498 [INFO]     NSE:GMRAIRPORT-EQ | CVD=-1320717 vs Ref=-935696 | Close=97.51 vs VAL=96.05
2026-02-06 16:50:35,499 [INFO] 🔍 Scanning for alerts on 10 symbols (5min)...
2026-02-06 16:50:35,726 [INFO]     NSE:LTIM-EQ | CVD=-3556 vs Ref=-39087 | Close=5561.50 vs VAL=5516.50
2026-02-06 16:50:35,952 [INFO]     NSE:ANGELONE-EQ | CVD=35858 vs Ref=-38939 | Close=2642.00 vs VAL=2576.40
2026-02-06 16:50:36,206 [INFO]     NSE:TECHM-EQ | CVD=36782 vs Ref=-128591 | Close=1619.90 vs VAL=1616.75
2026-02-06 16:50:36,437 [INFO]     NSE:COFORGE-EQ | CVD=-339160 vs Ref=-459286 | Close=1546.00 vs VAL=1535.00
2026-02-06 16:50:36,647 [INFO]     NSE:LAURUSLABS-EQ | CVD=-95531 vs Ref=-150837 | Close=950.55 vs VAL=944.80
2026-02-06 16:50:36,870 [INFO]     NSE:ZYDUSLIFE-EQ | CVD=-32352 vs Ref=-48650 | Close=888.15 vs VAL=884.85
2026-02-06 16:50:37,081 [INFO]     NSE:CAMS-EQ | CVD=52580 vs Ref=-75694 | Close=722.40 vs VAL=711.90
2026-02-06 16:50:37,288 [INFO]     NSE:BEL-EQ | CVD=838308 vs Ref=-426850 | Close=429.65 vs VAL=426.65
2026-02-06 16:50:37,528 [INFO]     NSE:RECLTD-EQ | CVD=-23610 vs Ref=-973015 | Close=372.50 vs VAL=368.80
2026-02-06 16:50:37,794 [INFO]     NSE:GMRAIRPORT-EQ | CVD=-1320717 vs Ref=-935696 | Close=97.51 vs VAL=96.05
2026-02-06 16:51:37,796 [INFO] 🔍 Scanning for alerts on 10 symbols (5min)...
2026-02-06 16:51:37,996 [INFO]     NSE:LTIM-EQ | CVD=-3556 vs Ref=-39087 | Close=5561.50 vs VAL=5516.50
2026-02-06 16:51:38,228 [INFO]     NSE:ANGELONE-EQ | CVD=35858 vs Ref=-38939 | Close=2642.00 vs VAL=2576.40
2026-02-06 16:51:38,435 [INFO]     NSE:TECHM-EQ | CVD=36782 vs Ref=-128591 | Close=1619.90 vs VAL=1616.75
2026-02-06 16:51:38,653 [INFO]     NSE:COFORGE-EQ | CVD=-339160 vs Ref=-459286 | Close=1546.00 vs VAL=1535.00
2026-02-06 16:51:38,899 [INFO]     NSE:LAURUSLABS-EQ | CVD=-95531 vs Ref=-150837 | Close=950.55 vs VAL=944.80
2026-02-06 16:51:39,148 [INFO]     NSE:ZYDUSLIFE-EQ | CVD=-32352 vs Ref=-48650 | Close=888.15 vs VAL=884.85
2026-02-06 16:51:39,347 [INFO]     NSE:CAMS-EQ | CVD=52580 vs Ref=-75694 | Close=722.40 vs VAL=711.90
2026-02-06 16:51:39,592 [INFO]     NSE:BEL-EQ | CVD=838308 vs Ref=-426850 | Close=429.65 vs VAL=426.65
2026-02-06 16:51:39,795 [INFO]     NSE:RECLTD-EQ | CVD=-23610 vs Ref=-973015 | Close=372.50 vs VAL=368.80
2026-02-06 16:51:40,041 [INFO]     NSE:GMRAIRPORT-EQ | CVD=-1320717 vs Ref=-935696 | Close=97.51 vs VAL=96.05
2026-02-06 16:52:40,043 [INFO] 🔍 Scanning for alerts on 10 symbols (5min)...
2026-02-06 16:52:40,274 [INFO]     NSE:LTIM-EQ | CVD=-3556 vs Ref=-39087 | Close=5561.50 vs VAL=5516.50
2026-02-06 16:52:42,284 [INFO]     NSE:ANGELONE-EQ | CVD=35858 vs Ref=-38939 | Close=2642.00 vs VAL=2576.40
2026-02-06 16:52:42,523 [INFO]     NSE:TECHM-EQ | CVD=36782 vs Ref=-128591 | Close=1619.90 vs VAL=1616.75
2026-02-06 16:52:42,758 [INFO]     NSE:COFORGE-EQ | CVD=-339160 vs Ref=-459286 | Close=1546.00 vs VAL=1535.00
2026-02-06 16:52:42,952 [INFO]     NSE:LAURUSLABS-EQ | CVD=-95531 vs Ref=-150837 | Close=950.55 vs VAL=944.80
2026-02-06 16:52:43,162 [INFO]     NSE:ZYDUSLIFE-EQ | CVD=-32352 vs Ref=-48650 | Close=888.15 vs VAL=884.85
2026-02-06 16:52:43,371 [INFO]     NSE:CAMS-EQ | CVD=52580 vs Ref=-75694 | Close=722.40 vs VAL=711.90
2026-02-06 16:52:43,597 [INFO]     NSE:BEL-EQ | CVD=838308 vs Ref=-426850 | Close=429.65 vs VAL=426.65
2026-02-06 16:52:43,812 [INFO]     NSE:RECLTD-EQ | CVD=-23610 vs Ref=-973015 | Close=372.50 vs VAL=368.80
2026-02-06 16:52:44,054 [INFO]     NSE:GMRAIRPORT-EQ | CVD=-1320717 vs Ref=-935696 | Close=97.51 vs VAL=96.05
2026-02-06 16:53:44,055 [INFO] 🔍 Scanning for alerts on 10 symbols (5min)...
2026-02-06 16:53:44,249 [INFO]     NSE:LTIM-EQ | CVD=-3556 vs Ref=-39087 | Close=5561.50 vs VAL=5516.50
2026-02-06 16:53:44,454 [INFO]     NSE:ANGELONE-EQ | CVD=35858 vs Ref=-38939 | Close=2642.00 vs VAL=2576.40
2026-02-06 16:53:44,704 [INFO]     NSE:TECHM-EQ | CVD=36782 vs Ref=-128591 | Close=1619.90 vs VAL=1616.75
2026-02-06 16:53:44,921 [INFO]     NSE:COFORGE-EQ | CVD=-339160 vs Ref=-459286 | Close=1546.00 vs VAL=1535.00
2026-02-06 16:53:46,753 [INFO]     NSE:LAURUSLABS-EQ | CVD=-95531 vs Ref=-150837 | Close=950.55 vs VAL=944.80
2026-02-06 16:53:46,961 [INFO]     NSE:ZYDUSLIFE-EQ | CVD=-32352 vs Ref=-48650 | Close=888.15 vs VAL=884.85
2026-02-06 16:53:47,201 [INFO]     NSE:CAMS-EQ | CVD=52580 vs Ref=-75694 | Close=722.40 vs VAL=711.90
2026-02-06 16:53:47,382 [INFO]     NSE:BEL-EQ | CVD=838308 vs Ref=-426850 | Close=429.65 vs VAL=426.65
2026-02-06 16:53:47,619 [INFO]     NSE:RECLTD-EQ | CVD=-23610 vs Ref=-973015 | Close=372.50 vs VAL=368.80
2026-02-06 16:53:47,859 [INFO]     NSE:GMRAIRPORT-EQ | CVD=-1320717 vs Ref=-935696 | Close=97.51 vs VAL=96.05
2026-02-06 16:54:47,861 [INFO] 🔍 Scanning for alerts on 10 symbols (5min)...
2026-02-06 16:54:48,075 [INFO]     NSE:LTIM-EQ | CVD=-3556 vs Ref=-39087 | Close=5561.50 vs VAL=5516.50
2026-02-06 16:54:50,669 [INFO]     NSE:ANGELONE-EQ | CVD=35858 vs Ref=-38939 | Close=2642.00 vs VAL=2576.40
2026-02-06 16:54:50,918 [INFO]     NSE:TECHM-EQ | CVD=36782 vs Ref=-128591 | Close=1619.90 vs VAL=1616.75
2026-02-06 16:54:51,169 [INFO]     NSE:COFORGE-EQ | CVD=-339160 vs Ref=-459286 | Close=1546.00 vs VAL=1535.00
2026-02-06 16:54:51,371 [INFO]     NSE:LAURUSLABS-EQ | CVD=-95531 vs Ref=-150837 | Close=950.55 vs VAL=944.80
2026-02-06 16:54:51,604 [INFO]     NSE:ZYDUSLIFE-EQ | CVD=-32352 vs Ref=-48650 | Close=888.15 vs VAL=884.85
2026-02-06 16:54:51,867 [INFO]     NSE:CAMS-EQ | CVD=52580 vs Ref=-75694 | Close=722.40 vs VAL=711.90
2026-02-06 16:54:52,137 [INFO]     NSE:BEL-EQ | CVD=838308 vs Ref=-426850 | Close=429.65 vs VAL=426.65
2026-02-06 16:54:52,356 [INFO]     NSE:RECLTD-EQ | CVD=-23610 vs Ref=-973015 | Close=372.50 vs VAL=368.80
2026-02-06 16:54:52,627 [INFO]     NSE:GMRAIRPORT-EQ | CVD=-1320717 vs Ref=-935696 | Close=97.51 vs VAL=96.05
2026-02-06 16:55:52,629 [INFO] 🔍 Scanning for alerts on 10 symbols (5min)...
2026-02-06 16:55:52,827 [INFO]     NSE:LTIM-EQ | CVD=-3556 vs Ref=-39087 | Close=5561.50 vs VAL=5516.50
2026-02-06 16:55:53,088 [INFO]     NSE:ANGELONE-EQ | CVD=35858 vs Ref=-38939 | Close=2642.00 vs VAL=2576.40
2026-02-06 16:55:53,313 [INFO]     NSE:TECHM-EQ | CVD=36782 vs Ref=-128591 | Close=1619.90 vs VAL=1616.75
2026-02-06 16:55:53,502 [INFO]     NSE:COFORGE-EQ | CVD=-339160 vs Ref=-459286 | Close=1546.00 vs VAL=1535.00
2026-02-06 16:55:53,713 [INFO]     NSE:LAURUSLABS-EQ | CVD=-95531 vs Ref=-150837 | Close=950.55 vs VAL=944.80
2026-02-06 16:55:53,939 [INFO]     NSE:ZYDUSLIFE-EQ | CVD=-32352 vs Ref=-48650 | Close=888.15 vs VAL=884.85
2026-02-06 16:55:55,890 [INFO]     NSE:CAMS-EQ | CVD=52580 vs Ref=-75694 | Close=722.40 vs VAL=711.90
2026-02-06 16:55:56,139 [INFO]     NSE:BEL-EQ | CVD=838308 vs Ref=-426850 | Close=429.65 vs VAL=426.65
2026-02-06 16:55:56,342 [INFO]     NSE:RECLTD-EQ | CVD=-23610 vs Ref=-973015 | Close=372.50 vs VAL=368.80
2026-02-06 16:55:56,558 [INFO]     NSE:GMRAIRPORT-EQ | CVD=-1320717 vs Ref=-935696 | Close=97.51 vs VAL=96.05
2026-02-06 16:56:56,560 [INFO] 🔍 Scanning for alerts on 10 symbols (5min)...
2026-02-06 16:56:56,830 [INFO]     NSE:LTIM-EQ | CVD=-3556 vs Ref=-39087 | Close=5561.50 vs VAL=5516.50
2026-02-06 16:56:57,162 [INFO]     NSE:ANGELONE-EQ | CVD=35858 vs Ref=-38939 | Close=2642.00 vs VAL=2576.40
2026-02-06 16:56:58,877 [INFO]     NSE:TECHM-EQ | CVD=36782 vs Ref=-128591 | Close=1619.90 vs VAL=1616.75
2026-02-06 16:56:59,086 [INFO]     NSE:COFORGE-EQ | CVD=-339160 vs Ref=-459286 | Close=1546.00 vs VAL=1535.00
2026-02-06 16:56:59,297 [INFO]     NSE:LAURUSLABS-EQ | CVD=-95531 vs Ref=-150837 | Close=950.55 vs VAL=944.80
2026-02-06 16:56:59,520 [INFO]     NSE:ZYDUSLIFE-EQ | CVD=-32352 vs Ref=-48650 | Close=888.15 vs VAL=884.85
2026-02-06 16:56:59,739 [INFO]     NSE:CAMS-EQ | CVD=52580 vs Ref=-75694 | Close=722.40 vs VAL=711.90
2026-02-06 16:56:59,974 [INFO]     NSE:BEL-EQ | CVD=838308 vs Ref=-426850 | Close=429.65 vs VAL=426.65
2026-02-06 16:57:00,188 [INFO]     NSE:RECLTD-EQ | CVD=-23610 vs Ref=-973015 | Close=372.50 vs VAL=368.80
2026-02-06 16:57:00,412 [INFO]     NSE:GMRAIRPORT-EQ | CVD=-1320717 vs Ref=-935696 | Close=97.51 vs VAL=96.05
2026-02-06 16:58:00,414 [INFO] 🔍 Scanning for alerts on 10 symbols (5min)...
2026-02-06 16:58:00,635 [INFO]     NSE:LTIM-EQ | CVD=-3556 vs Ref=-39087 | Close=5561.50 vs VAL=5516.50
2026-02-06 16:58:00,829 [INFO]     NSE:ANGELONE-EQ | CVD=35858 vs Ref=-38939 | Close=2642.00 vs VAL=2576.40
2026-02-06 16:58:01,047 [INFO]     NSE:TECHM-EQ | CVD=36782 vs Ref=-128591 | Close=1619.90 vs VAL=1616.75
2026-02-06 16:58:01,275 [INFO]     NSE:COFORGE-EQ | CVD=-339160 vs Ref=-459286 | Close=1546.00 vs VAL=1535.00
2026-02-06 16:58:01,489 [INFO]     NSE:LAURUSLABS-EQ | CVD=-95531 vs Ref=-150837 | Close=950.55 vs VAL=944.80
2026-02-06 16:58:03,398 [INFO]     NSE:ZYDUSLIFE-EQ | CVD=-32352 vs Ref=-48650 | Close=888.15 vs VAL=884.85
2026-02-06 16:58:03,594 [INFO]     NSE:CAMS-EQ | CVD=52580 vs Ref=-75694 | Close=722.40 vs VAL=711.90
2026-02-06 16:58:03,825 [INFO]     NSE:BEL-EQ | CVD=838308 vs Ref=-426850 | Close=429.65 vs VAL=426.65
2026-02-06 16:58:04,058 [INFO]     NSE:RECLTD-EQ | CVD=-23610 vs Ref=-973015 | Close=372.50 vs VAL=368.80
2026-02-06 16:58:04,287 [INFO]     NSE:GMRAIRPORT-EQ | CVD=-1320717 vs Ref=-935696 | Close=97.51 vs VAL=96.05
2026-02-06 16:59:04,288 [INFO] 🔍 Scanning for alerts on 10 symbols (5min)...
2026-02-06 16:59:04,514 [INFO]     NSE:LTIM-EQ | CVD=-3556 vs Ref=-39087 | Close=5561.50 vs VAL=5516.50
2026-02-06 16:59:04,762 [INFO]     NSE:ANGELONE-EQ | CVD=35858 vs Ref=-38939 | Close=2642.00 vs VAL=2576.40
2026-02-06 16:59:06,575 [INFO]     NSE:TECHM-EQ | CVD=36782 vs Ref=-128591 | Close=1619.90 vs VAL=1616.75
2026-02-06 16:59:06,803 [INFO]     NSE:COFORGE-EQ | CVD=-339160 vs Ref=-459286 | Close=1546.00 vs VAL=1535.00
2026-02-06 16:59:07,053 [INFO]     NSE:LAURUSLABS-EQ | CVD=-95531 vs Ref=-150837 | Close=950.55 vs VAL=944.80
2026-02-06 16:59:07,244 [INFO]     NSE:ZYDUSLIFE-EQ | CVD=-32352 vs Ref=-48650 | Close=888.15 vs VAL=884.85
2026-02-06 16:59:07,474 [INFO]     NSE:CAMS-EQ | CVD=52580 vs Ref=-75694 | Close=722.40 vs VAL=711.90
2026-02-06 16:59:07,686 [INFO]     NSE:BEL-EQ | CVD=838308 vs Ref=-426850 | Close=429.65 vs VAL=426.65
2026-02-06 16:59:07,919 [INFO]     NSE:RECLTD-EQ | CVD=-23610 vs Ref=-973015 | Close=372.50 vs VAL=368.80
2026-02-06 16:59:08,141 [INFO]     NSE:GMRAIRPORT-EQ | CVD=-1320717 vs Ref=-935696 | Close=97.51 vs VAL=96.05
2026-02-06 17:00:08,142 [INFO] 🔍 Scanning for alerts on 10 symbols (5min)...
2026-02-06 17:00:08,373 [INFO]     NSE:LTIM-EQ | CVD=-3556 vs Ref=-39087 | Close=5561.50 vs VAL=5516.50
2026-02-06 17:00:08,584 [INFO]     NSE:ANGELONE-EQ | CVD=35858 vs Ref=-38939 | Close=2642.00 vs VAL=2576.40
2026-02-06 17:00:08,811 [INFO]     NSE:TECHM-EQ | CVD=36782 vs Ref=-128591 | Close=1619.90 vs VAL=1616.75
2026-02-06 17:00:09,022 [INFO]     NSE:COFORGE-EQ | CVD=-339160 vs Ref=-459286 | Close=1546.00 vs VAL=1535.00
2026-02-06 17:00:09,250 [INFO]     NSE:LAURUSLABS-EQ | CVD=-95531 vs Ref=-150837 | Close=950.55 vs VAL=944.80
2026-02-06 17:00:11,189 [INFO]     NSE:ZYDUSLIFE-EQ | CVD=-32352 vs Ref=-48650 | Close=888.15 vs VAL=884.85
2026-02-06 17:00:11,417 [INFO]     NSE:CAMS-EQ | CVD=52580 vs Ref=-75694 | Close=722.40 vs VAL=711.90
2026-02-06 17:00:11,650 [INFO]     NSE:BEL-EQ | CVD=838308 vs Ref=-426850 | Close=429.65 vs VAL=426.65
2026-02-06 17:00:11,905 [INFO]     NSE:RECLTD-EQ | CVD=-23610 vs Ref=-973015 | Close=372.50 vs VAL=368.80
2026-02-06 17:00:12,162 [INFO]     NSE:GMRAIRPORT-EQ | CVD=-1320717 vs Ref=-935696 | Close=97.51 vs VAL=96.05
2026-02-06 17:01:12,164 [INFO] 🔍 Scanning for alerts on 10 symbols (5min)...
2026-02-06 17:01:12,408 [INFO]     NSE:LTIM-EQ | CVD=-3556 vs Ref=-39087 | Close=5561.50 vs VAL=5516.50
2026-02-06 17:01:14,356 [INFO]     NSE:ANGELONE-EQ | CVD=35858 vs Ref=-38939 | Close=2642.00 vs VAL=2576.40
2026-02-06 17:01:14,604 [INFO]     NSE:TECHM-EQ | CVD=36782 vs Ref=-128591 | Close=1619.90 vs VAL=1616.75
2026-02-06 17:01:14,910 [INFO]     NSE:COFORGE-EQ | CVD=-339160 vs Ref=-459286 | Close=1546.00 vs VAL=1535.00
2026-02-06 17:01:15,132 [INFO]     NSE:LAURUSLABS-EQ | CVD=-95531 vs Ref=-150837 | Close=950.55 vs VAL=944.80
2026-02-06 17:01:15,405 [INFO]     NSE:ZYDUSLIFE-EQ | CVD=-32352 vs Ref=-48650 | Close=888.15 vs VAL=884.85
2026-02-06 17:01:15,684 [INFO]     NSE:CAMS-EQ | CVD=52580 vs Ref=-75694 | Close=722.40 vs VAL=711.90
2026-02-06 17:01:15,962 [INFO]     NSE:BEL-EQ | CVD=838308 vs Ref=-426850 | Close=429.65 vs VAL=426.65
2026-02-06 17:01:16,247 [INFO]     NSE:RECLTD-EQ | CVD=-23610 vs Ref=-973015 | Close=372.50 vs VAL=368.80
2026-02-06 17:01:16,570 [INFO]     NSE:GMRAIRPORT-EQ | CVD=-1320717 vs Ref=-935696 | Close=97.51 vs VAL=96.05
2026-02-06 17:02:16,572 [INFO] 🔍 Scanning for alerts on 10 symbols (5min)...
2026-02-06 17:02:16,795 [INFO]     NSE:LTIM-EQ | CVD=-3556 vs Ref=-39087 | Close=5561.50 vs VAL=5516.50
2026-02-06 17:02:16,995 [INFO]     NSE:ANGELONE-EQ | CVD=35858 vs Ref=-38939 | Close=2642.00 vs VAL=2576.40
2026-02-06 17:02:18,915 [INFO]     NSE:TECHM-EQ | CVD=36782 vs Ref=-128591 | Close=1619.90 vs VAL=1616.75
2026-02-06 17:02:19,123 [INFO]     NSE:COFORGE-EQ | CVD=-339160 vs Ref=-459286 | Close=1546.00 vs VAL=1535.00
2026-02-06 17:02:19,334 [INFO]     NSE:LAURUSLABS-EQ | CVD=-95531 vs Ref=-150837 | Close=950.55 vs VAL=944.80
2026-02-06 17:02:19,574 [INFO]     NSE:ZYDUSLIFE-EQ | CVD=-32352 vs Ref=-48650 | Close=888.15 vs VAL=884.85
2026-02-06 17:02:19,828 [INFO]     NSE:CAMS-EQ | CVD=52580 vs Ref=-75694 | Close=722.40 vs VAL=711.90
2026-02-06 17:02:20,080 [INFO]     NSE:BEL-EQ | CVD=838308 vs Ref=-426850 | Close=429.65 vs VAL=426.65
2026-02-06 17:02:20,326 [INFO]     NSE:RECLTD-EQ | CVD=-23610 vs Ref=-973015 | Close=372.50 vs VAL=368.80
2026-02-06 17:02:20,527 [INFO]     NSE:GMRAIRPORT-EQ | CVD=-1320717 vs Ref=-935696 | Close=97.51 vs VAL=96.05
2026-02-06 17:03:20,528 [INFO] 🔍 Scanning for alerts on 10 symbols (5min)...
2026-02-06 17:03:20,791 [INFO]     NSE:LTIM-EQ | CVD=-3556 vs Ref=-39087 | Close=5561.50 vs VAL=5516.50
2026-02-06 17:03:21,004 [INFO]     NSE:ANGELONE-EQ | CVD=35858 vs Ref=-38939 | Close=2642.00 vs VAL=2576.40
2026-02-06 17:03:21,230 [INFO]     NSE:TECHM-EQ | CVD=36782 vs Ref=-128591 | Close=1619.90 vs VAL=1616.75
2026-02-06 17:03:21,455 [INFO]     NSE:COFORGE-EQ | CVD=-339160 vs Ref=-459286 | Close=1546.00 vs VAL=1535.00
2026-02-06 17:03:23,400 [INFO]     NSE:LAURUSLABS-EQ | CVD=-95531 vs Ref=-150837 | Close=950.55 vs VAL=944.80
2026-02-06 17:03:23,611 [INFO]     NSE:ZYDUSLIFE-EQ | CVD=-32352 vs Ref=-48650 | Close=888.15 vs VAL=884.85
2026-02-06 17:03:23,873 [INFO]     NSE:CAMS-EQ | CVD=52580 vs Ref=-75694 | Close=722.40 vs VAL=711.90
2026-02-06 17:03:24,084 [INFO]     NSE:BEL-EQ | CVD=838308 vs Ref=-426850 | Close=429.65 vs VAL=426.65
2026-02-06 17:03:24,347 [INFO]     NSE:RECLTD-EQ | CVD=-23610 vs Ref=-973015 | Close=372.50 vs VAL=368.80
2026-02-06 17:03:24,601 [INFO]     NSE:GMRAIRPORT-EQ | CVD=-1320717 vs Ref=-935696 | Close=97.51 vs VAL=96.05
2026-02-06 17:04:24,603 [INFO] 🔍 Scanning for alerts on 10 symbols (5min)...
2026-02-06 17:04:24,852 [INFO]     NSE:LTIM-EQ | CVD=-3556 vs Ref=-39087 | Close=5561.50 vs VAL=5516.50
2026-02-06 17:04:25,108 [INFO]     NSE:ANGELONE-EQ | CVD=35858 vs Ref=-38939 | Close=2642.00 vs VAL=2576.40
2026-02-06 17:04:25,303 [INFO]     NSE:TECHM-EQ | CVD=36782 vs Ref=-128591 | Close=1619.90 vs VAL=1616.75
2026-02-06 17:04:25,521 [INFO]     NSE:COFORGE-EQ | CVD=-339160 vs Ref=-459286 | Close=1546.00 vs VAL=1535.00
2026-02-06 17:04:25,756 [INFO]     NSE:LAURUSLABS-EQ | CVD=-95531 vs Ref=-150837 | Close=950.55 vs VAL=944.80
2026-02-06 17:04:26,012 [INFO]     NSE:ZYDUSLIFE-EQ | CVD=-32352 vs Ref=-48650 | Close=888.15 vs VAL=884.85
2026-02-06 17:04:27,954 [INFO]     NSE:CAMS-EQ | CVD=52580 vs Ref=-75694 | Close=722.40 vs VAL=711.90
2026-02-06 17:04:28,165 [INFO]     NSE:BEL-EQ | CVD=838308 vs Ref=-426850 | Close=429.65 vs VAL=426.65
2026-02-06 17:04:28,437 [INFO]     NSE:RECLTD-EQ | CVD=-23610 vs Ref=-973015 | Close=372.50 vs VAL=368.80
2026-02-06 17:04:28,649 [INFO]     NSE:GMRAIRPORT-EQ | CVD=-1320717 vs Ref=-935696 | Close=97.51 vs VAL=96.05
2026-02-06 17:05:28,650 [INFO] 🔍 Scanning for alerts on 10 symbols (5min)...
2026-02-06 17:05:28,901 [INFO]     NSE:LTIM-EQ | CVD=-3556 vs Ref=-39087 | Close=5561.50 vs VAL=5516.50
2026-02-06 17:05:29,110 [INFO]     NSE:ANGELONE-EQ | CVD=35858 vs Ref=-38939 | Close=2642.00 vs VAL=2576.40
2026-02-06 17:05:31,159 [INFO]     NSE:TECHM-EQ | CVD=36782 vs Ref=-128591 | Close=1619.90 vs VAL=1616.75
2026-02-06 17:05:31,383 [INFO]     NSE:COFORGE-EQ | CVD=-339160 vs Ref=-459286 | Close=1546.00 vs VAL=1535.00
2026-02-06 17:05:31,580 [INFO]     NSE:LAURUSLABS-EQ | CVD=-95531 vs Ref=-150837 | Close=950.55 vs VAL=944.80
2026-02-06 17:05:31,796 [INFO]     NSE:ZYDUSLIFE-EQ | CVD=-32352 vs Ref=-48650 | Close=888.15 vs VAL=884.85
2026-02-06 17:05:32,022 [INFO]     NSE:CAMS-EQ | CVD=52580 vs Ref=-75694 | Close=722.40 vs VAL=711.90
2026-02-06 17:05:32,252 [INFO]     NSE:BEL-EQ | CVD=838308 vs Ref=-426850 | Close=429.65 vs VAL=426.65
2026-02-06 17:05:32,468 [INFO]     NSE:RECLTD-EQ | CVD=-23610 vs Ref=-973015 | Close=372.50 vs VAL=368.80
2026-02-06 17:05:32,731 [INFO]     NSE:GMRAIRPORT-EQ | CVD=-1320717 vs Ref=-935696 | Close=97.51 vs VAL=96.05
2026-02-06 17:06:32,733 [INFO] 🔍 Scanning for alerts on 10 symbols (5min)...
2026-02-06 17:06:32,924 [INFO]     NSE:LTIM-EQ | CVD=-3556 vs Ref=-39087 | Close=5561.50 vs VAL=5516.50
2026-02-06 17:06:33,128 [INFO]     NSE:ANGELONE-EQ | CVD=35858 vs Ref=-38939 | Close=2642.00 vs VAL=2576.40
2026-02-06 17:06:33,359 [INFO]     NSE:TECHM-EQ | CVD=36782 vs Ref=-128591 | Close=1619.90 vs VAL=1616.75
2026-02-06 17:06:33,572 [INFO]     NSE:COFORGE-EQ | CVD=-339160 vs Ref=-459286 | Close=1546.00 vs VAL=1535.00
2026-02-06 17:06:33,800 [INFO]     NSE:LAURUSLABS-EQ | CVD=-95531 vs Ref=-150837 | Close=950.55 vs VAL=944.80
2026-02-06 17:06:35,673 [INFO]     NSE:ZYDUSLIFE-EQ | CVD=-32352 vs Ref=-48650 | Close=888.15 vs VAL=884.85
2026-02-06 17:06:35,912 [INFO]     NSE:CAMS-EQ | CVD=52580 vs Ref=-75694 | Close=722.40 vs VAL=711.90
2026-02-06 17:06:36,162 [INFO]     NSE:BEL-EQ | CVD=838308 vs Ref=-426850 | Close=429.65 vs VAL=426.65
2026-02-06 17:06:36,345 [INFO]     NSE:RECLTD-EQ | CVD=-23610 vs Ref=-973015 | Close=372.50 vs VAL=368.80
2026-02-06 17:06:36,572 [INFO]     NSE:GMRAIRPORT-EQ | CVD=-1320717 vs Ref=-935696 | Close=97.51 vs VAL=96.05
2026-02-06 17:07:36,573 [INFO] 🔍 Scanning for alerts on 10 symbols (5min)...
2026-02-06 17:07:36,792 [INFO]     NSE:LTIM-EQ | CVD=-3556 vs Ref=-39087 | Close=5561.50 vs VAL=5516.50
2026-02-06 17:07:37,011 [INFO]     NSE:ANGELONE-EQ | CVD=35858 vs Ref=-38939 | Close=2642.00 vs VAL=2576.40
2026-02-06 17:07:38,905 [INFO]     NSE:TECHM-EQ | CVD=36782 vs Ref=-128591 | Close=1619.90 vs VAL=1616.75
2026-02-06 17:07:39,086 [INFO]     NSE:COFORGE-EQ | CVD=-339160 vs Ref=-459286 | Close=1546.00 vs VAL=1535.00
2026-02-06 17:07:39,305 [INFO]     NSE:LAURUSLABS-EQ | CVD=-95531 vs Ref=-150837 | Close=950.55 vs VAL=944.80
2026-02-06 17:07:39,559 [INFO]     NSE:ZYDUSLIFE-EQ | CVD=-32352 vs Ref=-48650 | Close=888.15 vs VAL=884.85
2026-02-06 17:07:39,785 [INFO]     NSE:CAMS-EQ | CVD=52580 vs Ref=-75694 | Close=722.40 vs VAL=711.90
2026-02-06 17:07:40,011 [INFO]     NSE:BEL-EQ | CVD=838308 vs Ref=-426850 | Close=429.65 vs VAL=426.65
2026-02-06 17:07:40,212 [INFO]     NSE:RECLTD-EQ | CVD=-23610 vs Ref=-973015 | Close=372.50 vs VAL=368.80
2026-02-06 17:07:40,439 [INFO]     NSE:GMRAIRPORT-EQ | CVD=-1320717 vs Ref=-935696 | Close=97.51 vs VAL=96.05
2026-02-06 17:08:40,440 [INFO] 🔍 Scanning for alerts on 10 symbols (5min)...
2026-02-06 17:08:40,673 [INFO]     NSE:LTIM-EQ | CVD=-3556 vs Ref=-39087 | Close=5561.50 vs VAL=5516.50
2026-02-06 17:08:40,900 [INFO]     NSE:ANGELONE-EQ | CVD=35858 vs Ref=-38939 | Close=2642.00 vs VAL=2576.40
2026-02-06 17:08:41,146 [INFO]     NSE:TECHM-EQ | CVD=36782 vs Ref=-128591 | Close=1619.90 vs VAL=1616.75
2026-02-06 17:08:41,397 [INFO]     NSE:COFORGE-EQ | CVD=-339160 vs Ref=-459286 | Close=1546.00 vs VAL=1535.00
2026-02-06 17:08:43,400 [INFO]     NSE:LAURUSLABS-EQ | CVD=-95531 vs Ref=-150837 | Close=950.55 vs VAL=944.80
2026-02-06 17:08:43,597 [INFO]     NSE:ZYDUSLIFE-EQ | CVD=-32352 vs Ref=-48650 | Close=888.15 vs VAL=884.85
2026-02-06 17:08:43,839 [INFO]     NSE:CAMS-EQ | CVD=52580 vs Ref=-75694 | Close=722.40 vs VAL=711.90
2026-02-06 17:08:44,068 [INFO]     NSE:BEL-EQ | CVD=838308 vs Ref=-426850 | Close=429.65 vs VAL=426.65
2026-02-06 17:08:44,263 [INFO]     NSE:RECLTD-EQ | CVD=-23610 vs Ref=-973015 | Close=372.50 vs VAL=368.80
2026-02-06 17:08:44,457 [INFO]     NSE:GMRAIRPORT-EQ | CVD=-1320717 vs Ref=-935696 | Close=97.51 vs VAL=96.05
2026-02-06 17:09:44,459 [INFO] 🔍 Scanning for alerts on 10 symbols (5min)...
2026-02-06 17:09:44,660 [INFO]     NSE:LTIM-EQ | CVD=-3556 vs Ref=-39087 | Close=5561.50 vs VAL=5516.50
2026-02-06 17:09:46,605 [INFO]     NSE:ANGELONE-EQ | CVD=35858 vs Ref=-38939 | Close=2642.00 vs VAL=2576.40
2026-02-06 17:09:46,812 [INFO]     NSE:TECHM-EQ | CVD=36782 vs Ref=-128591 | Close=1619.90 vs VAL=1616.75
2026-02-06 17:09:47,024 [INFO]     NSE:COFORGE-EQ | CVD=-339160 vs Ref=-459286 | Close=1546.00 vs VAL=1535.00
2026-02-06 17:09:47,231 [INFO]     NSE:LAURUSLABS-EQ | CVD=-95531 vs Ref=-150837 | Close=950.55 vs VAL=944.80
2026-02-06 17:09:47,461 [INFO]     NSE:ZYDUSLIFE-EQ | CVD=-32352 vs Ref=-48650 | Close=888.15 vs VAL=884.85
2026-02-06 17:09:47,690 [INFO]     NSE:CAMS-EQ | CVD=52580 vs Ref=-75694 | Close=722.40 vs VAL=711.90
2026-02-06 17:09:47,903 [INFO]     NSE:BEL-EQ | CVD=838308 vs Ref=-426850 | Close=429.65 vs VAL=426.65
2026-02-06 17:09:48,130 [INFO]     NSE:RECLTD-EQ | CVD=-23610 vs Ref=-973015 | Close=372.50 vs VAL=368.80
2026-02-06 17:09:48,306 [INFO]     NSE:GMRAIRPORT-EQ | CVD=-1320717 vs Ref=-935696 | Close=97.51 vs VAL=96.05
2026-02-06 17:10:48,307 [INFO] 🔍 Scanning for alerts on 10 symbols (5min)...
2026-02-06 17:10:48,559 [INFO]     NSE:LTIM-EQ | CVD=-3556 vs Ref=-39087 | Close=5561.50 vs VAL=5516.50
2026-02-06 17:10:48,792 [INFO]     NSE:ANGELONE-EQ | CVD=35858 vs Ref=-38939 | Close=2642.00 vs VAL=2576.40
2026-02-06 17:10:49,005 [INFO]     NSE:TECHM-EQ | CVD=36782 vs Ref=-128591 | Close=1619.90 vs VAL=1616.75
2026-02-06 17:10:49,209 [INFO]     NSE:COFORGE-EQ | CVD=-339160 vs Ref=-459286 | Close=1546.00 vs VAL=1535.00
2026-02-06 17:10:51,113 [INFO]     NSE:LAURUSLABS-EQ | CVD=-95531 vs Ref=-150837 | Close=950.55 vs VAL=944.80
2026-02-06 17:10:51,336 [INFO]     NSE:ZYDUSLIFE-EQ | CVD=-32352 vs Ref=-48650 | Close=888.15 vs VAL=884.85
2026-02-06 17:10:51,586 [INFO]     NSE:CAMS-EQ | CVD=52580 vs Ref=-75694 | Close=722.40 vs VAL=711.90
2026-02-06 17:10:51,853 [INFO]     NSE:BEL-EQ | CVD=838308 vs Ref=-426850 | Close=429.65 vs VAL=426.65
2026-02-06 17:10:52,078 [INFO]     NSE:RECLTD-EQ | CVD=-23610 vs Ref=-973015 | Close=372.50 vs VAL=368.80
2026-02-06 17:10:52,299 [INFO]     NSE:GMRAIRPORT-EQ | CVD=-1320717 vs Ref=-935696 | Close=97.51 vs VAL=96.05
2026-02-06 17:11:52,301 [INFO] 🔍 Scanning for alerts on 10 symbols (5min)...
2026-02-06 17:11:52,525 [INFO]     NSE:LTIM-EQ | CVD=-3556 vs Ref=-39087 | Close=5561.50 vs VAL=5516.50
2026-02-06 17:11:52,716 [INFO]     NSE:ANGELONE-EQ | CVD=35858 vs Ref=-38939 | Close=2642.00 vs VAL=2576.40
2026-02-06 17:11:52,925 [INFO]     NSE:TECHM-EQ | CVD=36782 vs Ref=-128591 | Close=1619.90 vs VAL=1616.75
2026-02-06 17:11:53,134 [INFO]     NSE:COFORGE-EQ | CVD=-339160 vs Ref=-459286 | Close=1546.00 vs VAL=1535.00
2026-02-06 17:11:53,347 [INFO]     NSE:LAURUSLABS-EQ | CVD=-95531 vs Ref=-150837 | Close=950.55 vs VAL=944.80
2026-02-06 17:11:53,538 [INFO]     NSE:ZYDUSLIFE-EQ | CVD=-32352 vs Ref=-48650 | Close=888.15 vs VAL=884.85
2026-02-06 17:11:53,763 [INFO]     NSE:CAMS-EQ | CVD=52580 vs Ref=-75694 | Close=722.40 vs VAL=711.90
2026-02-06 17:11:55,684 [INFO]     NSE:BEL-EQ | CVD=838308 vs Ref=-426850 | Close=429.65 vs VAL=426.65
2026-02-06 17:11:55,915 [INFO]     NSE:RECLTD-EQ | CVD=-23610 vs Ref=-973015 | Close=372.50 vs VAL=368.80
2026-02-06 17:11:56,120 [INFO]     NSE:GMRAIRPORT-EQ | CVD=-1320717 vs Ref=-935696 | Close=97.51 vs VAL=96.05
2026-02-06 17:12:56,121 [INFO] 🔍 Scanning for alerts on 10 symbols (5min)...
2026-02-06 17:12:56,312 [INFO]     NSE:LTIM-EQ | CVD=-3556 vs Ref=-39087 | Close=5561.50 vs VAL=5516.50
2026-02-06 17:12:56,511 [INFO]     NSE:ANGELONE-EQ | CVD=35858 vs Ref=-38939 | Close=2642.00 vs VAL=2576.40
2026-02-06 17:12:56,744 [INFO]     NSE:TECHM-EQ | CVD=36782 vs Ref=-128591 | Close=1619.90 vs VAL=1616.75
2026-02-06 17:12:57,000 [INFO]     NSE:COFORGE-EQ | CVD=-339160 vs Ref=-459286 | Close=1546.00 vs VAL=1535.00
2026-02-06 17:12:58,854 [INFO]     NSE:LAURUSLABS-EQ | CVD=-95531 vs Ref=-150837 | Close=950.55 vs VAL=944.80
2026-02-06 17:12:59,078 [INFO]     NSE:ZYDUSLIFE-EQ | CVD=-32352 vs Ref=-48650 | Close=888.15 vs VAL=884.85
2026-02-06 17:12:59,294 [INFO]     NSE:CAMS-EQ | CVD=52580 vs Ref=-75694 | Close=722.40 vs VAL=711.90
2026-02-06 17:12:59,549 [INFO]     NSE:BEL-EQ | CVD=838308 vs Ref=-426850 | Close=429.65 vs VAL=426.65
2026-02-06 17:12:59,771 [INFO]     NSE:RECLTD-EQ | CVD=-23610 vs Ref=-973015 | Close=372.50 vs VAL=368.80
2026-02-06 17:13:00,003 [INFO]     NSE:GMRAIRPORT-EQ | CVD=-1320717 vs Ref=-935696 | Close=97.51 vs VAL=96.05
2026-02-06 17:14:00,004 [INFO] 🔍 Scanning for alerts on 10 symbols (5min)...
2026-02-06 17:14:00,273 [INFO]     NSE:LTIM-EQ | CVD=-3556 vs Ref=-39087 | Close=5561.50 vs VAL=5516.50
2026-02-06 17:14:00,503 [INFO]     NSE:ANGELONE-EQ | CVD=35858 vs Ref=-38939 | Close=2642.00 vs VAL=2576.40
2026-02-06 17:14:00,693 [INFO]     NSE:TECHM-EQ | CVD=36782 vs Ref=-128591 | Close=1619.90 vs VAL=1616.75
2026-02-06 17:14:00,934 [INFO]     NSE:COFORGE-EQ | CVD=-339160 vs Ref=-459286 | Close=1546.00 vs VAL=1535.00
2026-02-06 17:14:01,163 [INFO]     NSE:LAURUSLABS-EQ | CVD=-95531 vs Ref=-150837 | Close=950.55 vs VAL=944.80
2026-02-06 17:14:01,400 [INFO]     NSE:ZYDUSLIFE-EQ | CVD=-32352 vs Ref=-48650 | Close=888.15 vs VAL=884.85
2026-02-06 17:14:03,384 [INFO]     NSE:CAMS-EQ | CVD=52580 vs Ref=-75694 | Close=722.40 vs VAL=711.90
2026-02-06 17:14:03,577 [INFO]     NSE:BEL-EQ | CVD=838308 vs Ref=-426850 | Close=429.65 vs VAL=426.65
2026-02-06 17:14:03,825 [INFO]     NSE:RECLTD-EQ | CVD=-23610 vs Ref=-973015 | Close=372.50 vs VAL=368.80
2026-02-06 17:14:04,059 [INFO]     NSE:GMRAIRPORT-EQ | CVD=-1320717 vs Ref=-935696 | Close=97.51 vs VAL=96.05
2026-02-06 17:15:04,060 [INFO] 🔍 Scanning for alerts on 10 symbols (5min)...
2026-02-06 17:15:04,288 [INFO]     NSE:LTIM-EQ | CVD=-3556 vs Ref=-39087 | Close=5561.50 vs VAL=5516.50
2026-02-06 17:15:04,469 [INFO]     NSE:ANGELONE-EQ | CVD=35858 vs Ref=-38939 | Close=2642.00 vs VAL=2576.40
2026-02-06 17:15:04,697 [INFO]     NSE:TECHM-EQ | CVD=36782 vs Ref=-128591 | Close=1619.90 vs VAL=1616.75
2026-02-06 17:15:06,593 [INFO]     NSE:COFORGE-EQ | CVD=-339160 vs Ref=-459286 | Close=1546.00 vs VAL=1535.00
2026-02-06 17:15:06,813 [INFO]     NSE:LAURUSLABS-EQ | CVD=-95531 vs Ref=-150837 | Close=950.55 vs VAL=944.80
2026-02-06 17:15:07,074 [INFO]     NSE:ZYDUSLIFE-EQ | CVD=-32352 vs Ref=-48650 | Close=888.15 vs VAL=884.85
2026-02-06 17:15:07,317 [INFO]     NSE:CAMS-EQ | CVD=52580 vs Ref=-75694 | Close=722.40 vs VAL=711.90
2026-02-06 17:15:07,534 [INFO]     NSE:BEL-EQ | CVD=838308 vs Ref=-426850 | Close=429.65 vs VAL=426.65
2026-02-06 17:15:07,768 [INFO]     NSE:RECLTD-EQ | CVD=-23610 vs Ref=-973015 | Close=372.50 vs VAL=368.80
2026-02-06 17:15:07,978 [INFO]     NSE:GMRAIRPORT-EQ | CVD=-1320717 vs Ref=-935696 | Close=97.51 vs VAL=96.05
2026-02-06 17:16:07,979 [INFO] 🔍 Scanning for alerts on 10 symbols (5min)...
2026-02-06 17:16:08,216 [INFO]     NSE:LTIM-EQ | CVD=-3556 vs Ref=-39087 | Close=5561.50 vs VAL=5516.50
2026-02-06 17:16:08,413 [INFO]     NSE:ANGELONE-EQ | CVD=35858 vs Ref=-38939 | Close=2642.00 vs VAL=2576.40
2026-02-06 17:16:08,610 [INFO]     NSE:TECHM-EQ | CVD=36782 vs Ref=-128591 | Close=1619.90 vs VAL=1616.75
2026-02-06 17:16:08,822 [INFO]     NSE:COFORGE-EQ | CVD=-339160 vs Ref=-459286 | Close=1546.00 vs VAL=1535.00
2026-02-06 17:16:09,013 [INFO]     NSE:LAURUSLABS-EQ | CVD=-95531 vs Ref=-150837 | Close=950.55 vs VAL=944.80
2026-02-06 17:16:09,206 [INFO]     NSE:ZYDUSLIFE-EQ | CVD=-32352 vs Ref=-48650 | Close=888.15 vs VAL=884.85
2026-02-06 17:16:11,126 [INFO]     NSE:CAMS-EQ | CVD=52580 vs Ref=-75694 | Close=722.40 vs VAL=711.90
2026-02-06 17:16:11,314 [INFO]     NSE:BEL-EQ | CVD=838308 vs Ref=-426850 | Close=429.65 vs VAL=426.65
2026-02-06 17:16:11,562 [INFO]     NSE:RECLTD-EQ | CVD=-23610 vs Ref=-973015 | Close=372.50 vs VAL=368.80
2026-02-06 17:16:11,778 [INFO]     NSE:GMRAIRPORT-EQ | CVD=-1320717 vs Ref=-935696 | Close=97.51 vs VAL=96.05
2026-02-06 17:17:11,779 [INFO] 🔍 Scanning for alerts on 10 symbols (5min)...
2026-02-06 17:17:12,007 [INFO]     NSE:LTIM-EQ | CVD=-3556 vs Ref=-39087 | Close=5561.50 vs VAL=5516.50
2026-02-06 17:17:12,237 [INFO]     NSE:ANGELONE-EQ | CVD=35858 vs Ref=-38939 | Close=2642.00 vs VAL=2576.40
2026-02-06 17:17:12,471 [INFO]     NSE:TECHM-EQ | CVD=36782 vs Ref=-128591 | Close=1619.90 vs VAL=1616.75
2026-02-06 17:17:12,660 [INFO]     NSE:COFORGE-EQ | CVD=-339160 vs Ref=-459286 | Close=1546.00 vs VAL=1535.00
2026-02-06 17:17:12,885 [INFO]     NSE:LAURUSLABS-EQ | CVD=-95531 vs Ref=-150837 | Close=950.55 vs VAL=944.80
2026-02-06 17:17:13,141 [INFO]     NSE:ZYDUSLIFE-EQ | CVD=-32352 vs Ref=-48650 | Close=888.15 vs VAL=884.85
2026-02-06 17:17:13,352 [INFO]     NSE:CAMS-EQ | CVD=52580 vs Ref=-75694 | Close=722.40 vs VAL=711.90
2026-02-06 17:17:13,520 [INFO]     NSE:BEL-EQ | CVD=838308 vs Ref=-426850 | Close=429.65 vs VAL=426.65
2026-02-06 17:17:13,737 [INFO]     NSE:RECLTD-EQ | CVD=-23610 vs Ref=-973015 | Close=372.50 vs VAL=368.80
2026-02-06 17:17:13,983 [INFO]     NSE:GMRAIRPORT-EQ | CVD=-1320717 vs Ref=-935696 | Close=97.51 vs VAL=96.05
2026-02-06 17:18:13,985 [INFO] 🔍 Scanning for alerts on 10 symbols (5min)...
2026-02-06 17:18:14,179 [INFO]     NSE:LTIM-EQ | CVD=-3556 vs Ref=-39087 | Close=5561.50 vs VAL=5516.50
2026-02-06 17:18:16,104 [INFO]     NSE:ANGELONE-EQ | CVD=35858 vs Ref=-38939 | Close=2642.00 vs VAL=2576.40
2026-02-06 17:18:16,298 [INFO]     NSE:TECHM-EQ | CVD=36782 vs Ref=-128591 | Close=1619.90 vs VAL=1616.75
2026-02-06 17:18:16,469 [INFO]     NSE:COFORGE-EQ | CVD=-339160 vs Ref=-459286 | Close=1546.00 vs VAL=1535.00
2026-02-06 17:18:16,681 [INFO]     NSE:LAURUSLABS-EQ | CVD=-95531 vs Ref=-150837 | Close=950.55 vs VAL=944.80
2026-02-06 17:18:16,856 [INFO]     NSE:ZYDUSLIFE-EQ | CVD=-32352 vs Ref=-48650 | Close=888.15 vs VAL=884.85
2026-02-06 17:18:17,080 [INFO]     NSE:CAMS-EQ | CVD=52580 vs Ref=-75694 | Close=722.40 vs VAL=711.90
2026-02-06 17:18:17,271 [INFO]     NSE:BEL-EQ | CVD=838308 vs Ref=-426850 | Close=429.65 vs VAL=426.65
2026-02-06 17:18:17,464 [INFO]     NSE:RECLTD-EQ | CVD=-23610 vs Ref=-973015 | Close=372.50 vs VAL=368.80
2026-02-06 17:18:17,645 [INFO]     NSE:GMRAIRPORT-EQ | CVD=-1320717 vs Ref=-935696 | Close=97.51 vs VAL=96.05
2026-02-06 17:19:17,646 [INFO] 🔍 Scanning for alerts on 10 symbols (5min)...
2026-02-06 17:19:17,900 [INFO]     NSE:LTIM-EQ | CVD=-3556 vs Ref=-39087 | Close=5561.50 vs VAL=5516.50
2026-02-06 17:19:18,156 [INFO]     NSE:ANGELONE-EQ | CVD=35858 vs Ref=-38939 | Close=2642.00 vs VAL=2576.40
2026-02-06 17:19:18,345 [INFO]     NSE:TECHM-EQ | CVD=36782 vs Ref=-128591 | Close=1619.90 vs VAL=1616.75
2026-02-06 17:19:18,547 [INFO]     NSE:COFORGE-EQ | CVD=-339160 vs Ref=-459286 | Close=1546.00 vs VAL=1535.00
2026-02-06 17:19:18,783 [INFO]     NSE:LAURUSLABS-EQ | CVD=-95531 vs Ref=-150837 | Close=950.55 vs VAL=944.80
2026-02-06 17:19:20,654 [INFO]     NSE:ZYDUSLIFE-EQ | CVD=-32352 vs Ref=-48650 | Close=888.15 vs VAL=884.85
2026-02-06 17:19:20,923 [INFO]     NSE:CAMS-EQ | CVD=52580 vs Ref=-75694 | Close=722.40 vs VAL=711.90
2026-02-06 17:19:21,154 [INFO]     NSE:BEL-EQ | CVD=838308 vs Ref=-426850 | Close=429.65 vs VAL=426.65
2026-02-06 17:19:21,349 [INFO]     NSE:RECLTD-EQ | CVD=-23610 vs Ref=-973015 | Close=372.50 vs VAL=368.80
2026-02-06 17:19:21,555 [INFO]     NSE:GMRAIRPORT-EQ | CVD=-1320717 vs Ref=-935696 | Close=97.51 vs VAL=96.05
2026-02-06 17:20:21,556 [INFO] 🔍 Scanning for alerts on 10 symbols (5min)...
2026-02-06 17:20:21,779 [INFO]     NSE:LTIM-EQ | CVD=-3556 vs Ref=-39087 | Close=5561.50 vs VAL=5516.50
2026-02-06 17:20:23,806 [INFO]     NSE:ANGELONE-EQ | CVD=35858 vs Ref=-38939 | Close=2642.00 vs VAL=2576.40
2026-02-06 17:20:24,014 [INFO]     NSE:TECHM-EQ | CVD=36782 vs Ref=-128591 | Close=1619.90 vs VAL=1616.75
2026-02-06 17:20:24,219 [INFO]     NSE:COFORGE-EQ | CVD=-339160 vs Ref=-459286 | Close=1546.00 vs VAL=1535.00
2026-02-06 17:20:24,471 [INFO]     NSE:LAURUSLABS-EQ | CVD=-95531 vs Ref=-150837 | Close=950.55 vs VAL=944.80
2026-02-06 17:20:24,668 [INFO]     NSE:ZYDUSLIFE-EQ | CVD=-32352 vs Ref=-48650 | Close=888.15 vs VAL=884.85
2026-02-06 17:20:24,885 [INFO]     NSE:CAMS-EQ | CVD=52580 vs Ref=-75694 | Close=722.40 vs VAL=711.90
2026-02-06 17:20:25,146 [INFO]     NSE:BEL-EQ | CVD=838308 vs Ref=-426850 | Close=429.65 vs VAL=426.65
2026-02-06 17:20:25,377 [INFO]     NSE:RECLTD-EQ | CVD=-23610 vs Ref=-973015 | Close=372.50 vs VAL=368.80
2026-02-06 17:20:25,612 [INFO]     NSE:GMRAIRPORT-EQ | CVD=-1320717 vs Ref=-935696 | Close=97.51 vs VAL=96.05
2026-02-06 17:21:25,614 [INFO] 🔍 Scanning for alerts on 10 symbols (5min)...
2026-02-06 17:21:25,801 [INFO]     NSE:LTIM-EQ | CVD=-3556 vs Ref=-39087 | Close=5561.50 vs VAL=5516.50
2026-02-06 17:21:25,992 [INFO]     NSE:ANGELONE-EQ | CVD=35858 vs Ref=-38939 | Close=2642.00 vs VAL=2576.40
2026-02-06 17:21:26,181 [INFO]     NSE:TECHM-EQ | CVD=36782 vs Ref=-128591 | Close=1619.90 vs VAL=1616.75
2026-02-06 17:21:26,399 [INFO]     NSE:COFORGE-EQ | CVD=-339160 vs Ref=-459286 | Close=1546.00 vs VAL=1535.00
2026-02-06 17:21:28,336 [INFO]     NSE:LAURUSLABS-EQ | CVD=-95531 vs Ref=-150837 | Close=950.55 vs VAL=944.80
2026-02-06 17:21:28,535 [INFO]     NSE:ZYDUSLIFE-EQ | CVD=-32352 vs Ref=-48650 | Close=888.15 vs VAL=884.85
2026-02-06 17:21:28,710 [INFO]     NSE:CAMS-EQ | CVD=52580 vs Ref=-75694 | Close=722.40 vs VAL=711.90
2026-02-06 17:21:28,904 [INFO]     NSE:BEL-EQ | CVD=838308 vs Ref=-426850 | Close=429.65 vs VAL=426.65
2026-02-06 17:21:29,100 [INFO]     NSE:RECLTD-EQ | CVD=-23610 vs Ref=-973015 | Close=372.50 vs VAL=368.80
2026-02-06 17:21:29,295 [INFO]     NSE:GMRAIRPORT-EQ | CVD=-1320717 vs Ref=-935696 | Close=97.51 vs VAL=96.05
2026-02-06 17:22:29,297 [INFO] 🔍 Scanning for alerts on 10 symbols (5min)...
2026-02-06 17:22:29,634 [INFO]     NSE:LTIM-EQ | CVD=-3556 vs Ref=-39087 | Close=5561.50 vs VAL=5516.50
2026-02-06 17:22:30,037 [INFO]     NSE:ANGELONE-EQ | CVD=35858 vs Ref=-38939 | Close=2642.00 vs VAL=2576.40
2026-02-06 17:22:30,265 [INFO]     NSE:TECHM-EQ | CVD=36782 vs Ref=-128591 | Close=1619.90 vs VAL=1616.75
2026-02-06 17:22:30,830 [INFO]     NSE:COFORGE-EQ | CVD=-339160 vs Ref=-459286 | Close=1546.00 vs VAL=1535.00
2026-02-06 17:22:31,120 [INFO]     NSE:LAURUSLABS-EQ | CVD=-95531 vs Ref=-150837 | Close=950.55 vs VAL=944.80
2026-02-06 17:22:31,400 [INFO]     NSE:ZYDUSLIFE-EQ | CVD=-32352 vs Ref=-48650 | Close=888.15 vs VAL=884.85
2026-02-06 17:22:31,764 [INFO]     NSE:CAMS-EQ | CVD=52580 vs Ref=-75694 | Close=722.40 vs VAL=711.90
2026-02-06 17:22:32,326 [INFO]     NSE:BEL-EQ | CVD=838308 vs Ref=-426850 | Close=429.65 vs VAL=426.65
2026-02-06 17:22:32,792 [INFO]     NSE:RECLTD-EQ | CVD=-23610 vs Ref=-973015 | Close=372.50 vs VAL=368.80
2026-02-06 17:22:32,989 [INFO]     NSE:GMRAIRPORT-EQ | CVD=-1320717 vs Ref=-935696 | Close=97.51 vs VAL=96.05
2026-02-06 17:22:47,720 [INFO] 👋 Monitoring stopped by user.
