2026-02-04 10:21:51,829 [INFO] ==================================================
2026-02-04 10:21:51,830 [INFO] 🚀 INITIALIZING STRATEGY ALERTS (5min)
2026-02-04 10:21:51,830 [INFO] ==================================================
2026-02-04 10:21:51,830 [INFO] 📅 FRVP Configuration:
2026-02-04 10:21:51,832 [INFO]    • Range: 09:15 - 10:25
2026-02-04 10:21:51,832 [INFO]    • Rows: 24 | VA%: 70
2026-02-04 10:21:51,832 [INFO] 
🌊 CVD Configuration:
2026-02-04 10:21:51,832 [INFO]    • Anchor: D
2026-02-04 10:21:51,832 [INFO]    • Ref Candles: First 16 candles of the day
2026-02-04 10:21:51,833 [INFO] --------------------------------------------------
2026-02-04 10:21:51,833 [INFO] ⏳ calculating reference levels for all symbols...
2026-02-04 10:21:52,018 [INFO] ✅ NSE:POLYCAB-EQ       | CVD Ref (1st 16 c):  33384 | FRVP VAH:  7626.00
2026-02-04 10:21:52,190 [INFO] ✅ NSE:TRENT-EQ         | CVD Ref (1st 16 c):  14406 | FRVP VAH:  3871.65
2026-02-04 10:21:52,407 [INFO] ✅ NSE:SIEMENS-EQ       | CVD Ref (1st 16 c):  39740 | FRVP VAH:  3292.80
2026-02-04 10:21:52,584 [INFO] ✅ NSE:BSE-EQ           | CVD Ref (1st 16 c): 226141 | FRVP VAH:  2889.60
2026-02-04 10:21:52,930 [INFO] ✅ NSE:HDFCAMC-EQ       | CVD Ref (1st 16 c): 494654 | FRVP VAH:  2717.55
2026-02-04 10:21:53,183 [INFO] ✅ NSE:APLAPOLLO-EQ     | CVD Ref (1st 16 c):  94426 | FRVP VAH:  2162.55
2026-02-04 10:21:53,402 [INFO] ✅ NSE:HINDPETRO-EQ     | CVD Ref (1st 16 c): 1861852 | FRVP VAH:   463.95
2026-02-04 10:21:53,570 [INFO] ✅ NSE:COALINDIA-EQ     | CVD Ref (1st 16 c): 385972 | FRVP VAH:   440.30
2026-02-04 10:21:53,752 [INFO] ✅ NSE:BPCL-EQ          | CVD Ref (1st 16 c): 1362158 | FRVP VAH:   381.85
2026-02-04 10:21:53,941 [INFO] ✅ NSE:NATIONALUM-EQ    | CVD Ref (1st 16 c):  35952 | FRVP VAH:   377.55
2026-02-04 10:21:54,160 [INFO] ✅ NSE:TATAPOWER-EQ     | CVD Ref (1st 16 c): 377181 | FRVP VAH:   370.75
2026-02-04 10:21:54,387 [INFO] ✅ NSE:EXIDEIND-EQ      | CVD Ref (1st 16 c): 1572747 | FRVP VAH:   344.25
2026-02-04 10:21:54,552 [INFO] ✅ NSE:ONGC-EQ          | CVD Ref (1st 16 c): 2488079 | FRVP VAH:   268.10
2026-02-04 10:21:54,766 [INFO] ✅ NSE:ASHOKLEY-EQ      | CVD Ref (1st 16 c): 931338 | FRVP VAH:   204.45
2026-02-04 10:21:54,938 [INFO] ✅ NSE:IOC-EQ           | CVD Ref (1st 16 c): 5310263 | FRVP VAH:   173.20
2026-02-04 10:21:55,095 [INFO] ✅ NSE:YESBANK-EQ       | CVD Ref (1st 16 c): 4291035 | FRVP VAH:    21.55
2026-02-04 10:21:55,095 [INFO] ==================================================

2026-02-04 10:21:55,096 [INFO] 🚀 Buy Alert Monitoring Started...
2026-02-04 10:21:55,097 [INFO] 🔍 Scanning for alerts on 16 symbols (5min)...
2026-02-04 10:21:55,379 [INFO]     NSE:POLYCAB-EQ | CVD=26221 vs Ref=33384 | Close=7626.50 vs VAH=7626.00
2026-02-04 10:21:55,649 [INFO]     NSE:TRENT-EQ | CVD=-6368 vs Ref=14406 | Close=3883.10 vs VAH=3871.65
2026-02-04 10:21:55,910 [INFO]     NSE:SIEMENS-EQ | CVD=38177 vs Ref=39740 | Close=3290.40 vs VAH=3292.80
2026-02-04 10:21:56,167 [INFO]     NSE:BSE-EQ | CVD=40512 vs Ref=226141 | Close=2855.30 vs VAH=2889.60
2026-02-04 10:21:56,444 [INFO]     NSE:HDFCAMC-EQ | CVD=240948 vs Ref=494654 | Close=2713.20 vs VAH=2717.55
2026-02-04 10:21:56,715 [INFO]     NSE:APLAPOLLO-EQ | CVD=-115497 vs Ref=94426 | Close=2145.60 vs VAH=2162.55
2026-02-04 10:21:56,978 [INFO]     NSE:HINDPETRO-EQ | CVD=1757167 vs Ref=1861852 | Close=464.00 vs VAH=463.95
2026-02-04 10:21:57,216 [INFO]     NSE:COALINDIA-EQ | CVD=301850 vs Ref=385972 | Close=438.20 vs VAH=440.30
2026-02-04 10:21:57,497 [INFO]     NSE:BPCL-EQ | CVD=1274575 vs Ref=1362158 | Close=382.15 vs VAH=381.85
2026-02-04 10:21:57,755 [INFO]     NSE:NATIONALUM-EQ | CVD=-402514 vs Ref=35952 | Close=377.30 vs VAH=377.55
2026-02-04 10:21:58,038 [INFO]     NSE:TATAPOWER-EQ | CVD=345731 vs Ref=377181 | Close=370.25 vs VAH=370.75
2026-02-04 10:21:58,303 [INFO]     NSE:EXIDEIND-EQ | CVD=1463226 vs Ref=1572747 | Close=344.30 vs VAH=344.25
2026-02-04 10:21:58,645 [INFO]     NSE:ONGC-EQ | CVD=1373569 vs Ref=2488079 | Close=267.85 vs VAH=268.10
2026-02-04 10:21:58,950 [INFO]     NSE:ASHOKLEY-EQ | CVD=524416 vs Ref=931338 | Close=203.95 vs VAH=204.45
2026-02-04 10:21:59,262 [INFO]     NSE:IOC-EQ | CVD=4969380 vs Ref=5310263 | Close=173.20 vs VAH=173.20
2026-02-04 10:21:59,510 [INFO]     NSE:YESBANK-EQ | CVD=3794831 vs Ref=4291035 | Close=21.59 vs VAH=21.55
2026-02-04 10:22:59,512 [INFO] 🔍 Scanning for alerts on 16 symbols (5min)...
2026-02-04 10:22:59,742 [INFO]     NSE:POLYCAB-EQ | CVD=26221 vs Ref=33384 | Close=7626.50 vs VAH=7626.00
2026-02-04 10:23:00,051 [INFO]     NSE:TRENT-EQ | CVD=-6368 vs Ref=14406 | Close=3883.10 vs VAH=3871.65
2026-02-04 10:23:00,305 [INFO]     NSE:SIEMENS-EQ | CVD=38177 vs Ref=39740 | Close=3290.40 vs VAH=3292.80
2026-02-04 10:23:00,540 [INFO]     NSE:BSE-EQ | CVD=40512 vs Ref=226141 | Close=2855.30 vs VAH=2891.25
2026-02-04 10:23:02,575 [INFO]     NSE:HDFCAMC-EQ | CVD=240948 vs Ref=494654 | Close=2713.20 vs VAH=2717.55
2026-02-04 10:23:02,899 [INFO]     NSE:APLAPOLLO-EQ | CVD=-115497 vs Ref=94426 | Close=2145.60 vs VAH=2162.55
2026-02-04 10:23:03,184 [INFO]     NSE:HINDPETRO-EQ | CVD=1757167 vs Ref=1861852 | Close=464.00 vs VAH=463.95
2026-02-04 10:23:03,465 [INFO]     NSE:COALINDIA-EQ | CVD=301850 vs Ref=385972 | Close=438.20 vs VAH=440.30
2026-02-04 10:23:03,817 [INFO]     NSE:BPCL-EQ | CVD=1274575 vs Ref=1362158 | Close=382.15 vs VAH=381.85
2026-02-04 10:23:04,044 [INFO]     NSE:NATIONALUM-EQ | CVD=-402514 vs Ref=35952 | Close=377.30 vs VAH=377.55
2026-02-04 10:23:04,303 [INFO]     NSE:TATAPOWER-EQ | CVD=345731 vs Ref=377181 | Close=370.25 vs VAH=370.75
2026-02-04 10:23:04,644 [INFO]     NSE:EXIDEIND-EQ | CVD=1463226 vs Ref=1572747 | Close=344.30 vs VAH=344.25
2026-02-04 10:23:04,911 [INFO]     NSE:ONGC-EQ | CVD=1373569 vs Ref=2488079 | Close=267.85 vs VAH=268.10
2026-02-04 10:23:05,138 [INFO]     NSE:ASHOKLEY-EQ | CVD=524416 vs Ref=931338 | Close=203.95 vs VAH=204.45
2026-02-04 10:23:05,367 [INFO]     NSE:IOC-EQ | CVD=4969380 vs Ref=5310263 | Close=173.20 vs VAH=173.20
2026-02-04 10:23:05,585 [INFO]     NSE:YESBANK-EQ | CVD=3794831 vs Ref=4291035 | Close=21.59 vs VAH=21.55
2026-02-04 10:24:05,587 [INFO] 🔍 Scanning for alerts on 16 symbols (5min)...
2026-02-04 10:24:05,880 [INFO]     NSE:POLYCAB-EQ | CVD=26221 vs Ref=33384 | Close=7626.50 vs VAH=7626.00
2026-02-04 10:24:06,210 [INFO]     NSE:TRENT-EQ | CVD=-6368 vs Ref=14406 | Close=3883.10 vs VAH=3874.30
2026-02-04 10:24:06,456 [INFO]     NSE:SIEMENS-EQ | CVD=38177 vs Ref=39740 | Close=3290.40 vs VAH=3292.80
2026-02-04 10:24:06,691 [INFO]     NSE:BSE-EQ | CVD=40512 vs Ref=226141 | Close=2855.30 vs VAH=2891.00
2026-02-04 10:24:06,963 [INFO]     NSE:HDFCAMC-EQ | CVD=240948 vs Ref=494654 | Close=2713.20 vs VAH=2717.55
2026-02-04 10:24:07,202 [INFO]     NSE:APLAPOLLO-EQ | CVD=-115497 vs Ref=94426 | Close=2145.60 vs VAH=2162.55
2026-02-04 10:24:07,431 [INFO]     NSE:HINDPETRO-EQ | CVD=1757167 vs Ref=1861852 | Close=464.00 vs VAH=463.95
2026-02-04 10:24:07,695 [INFO]     NSE:COALINDIA-EQ | CVD=301850 vs Ref=385972 | Close=438.20 vs VAH=440.30
2026-02-04 10:24:07,921 [INFO]     NSE:BPCL-EQ | CVD=1274575 vs Ref=1362158 | Close=382.15 vs VAH=381.85
2026-02-04 10:24:08,164 [INFO]     NSE:NATIONALUM-EQ | CVD=-402514 vs Ref=35952 | Close=377.30 vs VAH=377.55
2026-02-04 10:24:08,431 [INFO]     NSE:TATAPOWER-EQ | CVD=345731 vs Ref=377181 | Close=370.25 vs VAH=371.00
2026-02-04 10:24:08,671 [INFO]     NSE:EXIDEIND-EQ | CVD=1463226 vs Ref=1572747 | Close=344.30 vs VAH=344.25
2026-02-04 10:24:08,901 [INFO]     NSE:ONGC-EQ | CVD=1373569 vs Ref=2488079 | Close=267.85 vs VAH=268.10
2026-02-04 10:24:09,174 [INFO]     NSE:ASHOKLEY-EQ | CVD=524416 vs Ref=931338 | Close=203.95 vs VAH=204.45
2026-02-04 10:24:09,402 [INFO]     NSE:IOC-EQ | CVD=4969380 vs Ref=5310263 | Close=173.20 vs VAH=173.20
2026-02-04 10:24:09,645 [INFO]     NSE:YESBANK-EQ | CVD=3794831 vs Ref=4291035 | Close=21.59 vs VAH=21.55
2026-02-04 10:25:09,646 [INFO] 🔍 Scanning for alerts on 16 symbols (5min)...
2026-02-04 10:25:09,917 [INFO]     NSE:POLYCAB-EQ | CVD=26221 vs Ref=33384 | Close=7626.50 vs VAH=7626.00
2026-02-04 10:25:10,143 [INFO]     NSE:TRENT-EQ | CVD=-6368 vs Ref=14406 | Close=3883.10 vs VAH=3874.30
2026-02-04 10:25:10,387 [INFO]     NSE:SIEMENS-EQ | CVD=38177 vs Ref=39740 | Close=3290.40 vs VAH=3292.80
2026-02-04 10:25:10,641 [INFO]     NSE:BSE-EQ | CVD=40512 vs Ref=226141 | Close=2855.30 vs VAH=2891.00
2026-02-04 10:25:10,874 [INFO]     NSE:HDFCAMC-EQ | CVD=240948 vs Ref=494654 | Close=2713.20 vs VAH=2717.55
2026-02-04 10:25:11,134 [INFO]     NSE:APLAPOLLO-EQ | CVD=-115497 vs Ref=94426 | Close=2145.60 vs VAH=2162.55
2026-02-04 10:25:11,401 [INFO]     NSE:HINDPETRO-EQ | CVD=1757167 vs Ref=1861852 | Close=464.00 vs VAH=463.95
2026-02-04 10:25:11,621 [INFO]     NSE:COALINDIA-EQ | CVD=301850 vs Ref=385972 | Close=438.20 vs VAH=440.30
2026-02-04 10:25:11,903 [INFO]     NSE:BPCL-EQ | CVD=1274575 vs Ref=1362158 | Close=382.15 vs VAH=381.85
2026-02-04 10:25:12,204 [INFO]     NSE:NATIONALUM-EQ | CVD=-402514 vs Ref=35952 | Close=377.30 vs VAH=377.55
2026-02-04 10:25:12,472 [INFO]     NSE:TATAPOWER-EQ | CVD=345731 vs Ref=383647 | Close=370.25 vs VAH=371.00
2026-02-04 10:25:12,706 [INFO]     NSE:EXIDEIND-EQ | CVD=1463226 vs Ref=1572747 | Close=344.30 vs VAH=344.25
2026-02-04 10:25:12,940 [INFO]     NSE:ONGC-EQ | CVD=1373569 vs Ref=2488079 | Close=267.85 vs VAH=268.10
2026-02-04 10:25:13,260 [INFO]     NSE:ASHOKLEY-EQ | CVD=524416 vs Ref=931338 | Close=203.95 vs VAH=204.45
2026-02-04 10:25:13,495 [INFO]     NSE:IOC-EQ | CVD=4969380 vs Ref=5354675 | Close=173.20 vs VAH=173.20
2026-02-04 10:25:13,718 [INFO]     NSE:YESBANK-EQ | CVD=3794831 vs Ref=4291035 | Close=21.59 vs VAH=21.55
2026-02-04 10:26:13,719 [INFO] 🔍 Scanning for alerts on 16 symbols (5min)...
2026-02-04 10:26:13,957 [INFO]     NSE:POLYCAB-EQ | CVD=24342 vs Ref=33384 | Close=7623.00 vs VAH=7626.00
2026-02-04 10:26:14,233 [INFO]     NSE:TRENT-EQ | CVD=-9283 vs Ref=14406 | Close=3877.60 vs VAH=3874.30
2026-02-04 10:26:14,461 [INFO]     NSE:SIEMENS-EQ | CVD=38670 vs Ref=39740 | Close=3287.80 vs VAH=3292.80
2026-02-04 10:26:14,700 [INFO]     NSE:BSE-EQ | CVD=68332 vs Ref=226141 | Close=2852.00 vs VAH=2892.50
2026-02-04 10:26:14,921 [INFO]     NSE:HDFCAMC-EQ | CVD=474583 vs Ref=494654 | Close=2711.90 vs VAH=2717.55
2026-02-04 10:26:15,190 [INFO]     NSE:APLAPOLLO-EQ | CVD=-120994 vs Ref=94426 | Close=2142.70 vs VAH=2162.55
2026-02-04 10:26:15,426 [INFO]     NSE:HINDPETRO-EQ | CVD=1750321 vs Ref=1861852 | Close=463.65 vs VAH=463.95
2026-02-04 10:26:15,687 [INFO]     NSE:COALINDIA-EQ | CVD=333098 vs Ref=385972 | Close=438.35 vs VAH=440.30
2026-02-04 10:26:15,929 [INFO]     NSE:BPCL-EQ | CVD=1265825 vs Ref=1362158 | Close=382.20 vs VAH=382.20
2026-02-04 10:26:16,160 [INFO]     NSE:NATIONALUM-EQ | CVD=-421948 vs Ref=35952 | Close=376.85 vs VAH=377.55
2026-02-04 10:26:16,388 [INFO]     NSE:TATAPOWER-EQ | CVD=383647 vs Ref=383647 | Close=371.30 vs VAH=371.00
2026-02-04 10:26:16,640 [INFO]     NSE:EXIDEIND-EQ | CVD=1529606 vs Ref=1572747 | Close=344.70 vs VAH=344.25
2026-02-04 10:26:16,884 [INFO]     NSE:ONGC-EQ | CVD=1443717 vs Ref=2488079 | Close=268.05 vs VAH=268.10
2026-02-04 10:26:17,161 [INFO]     NSE:ASHOKLEY-EQ | CVD=519516 vs Ref=931338 | Close=203.73 vs VAH=204.45
2026-02-04 10:26:17,408 [INFO]     NSE:IOC-EQ | CVD=5354675 vs Ref=5354675 | Close=173.60 vs VAH=173.20
2026-02-04 10:26:17,650 [INFO]     NSE:YESBANK-EQ | CVD=3684611 vs Ref=4291035 | Close=21.54 vs VAH=21.55
2026-02-04 10:27:17,651 [INFO] 🔍 Scanning for alerts on 16 symbols (5min)...
2026-02-04 10:27:18,100 [INFO]     NSE:POLYCAB-EQ | CVD=24342 vs Ref=33384 | Close=7623.00 vs VAH=7626.00
2026-02-04 10:27:18,512 [INFO]     NSE:TRENT-EQ | CVD=-9283 vs Ref=14406 | Close=3877.60 vs VAH=3874.30
2026-02-04 10:27:18,900 [INFO]     NSE:SIEMENS-EQ | CVD=38670 vs Ref=39740 | Close=3287.80 vs VAH=3292.80
2026-02-04 10:27:19,271 [INFO]     NSE:BSE-EQ | CVD=68332 vs Ref=226141 | Close=2852.00 vs VAH=2892.50
2026-02-04 10:27:19,621 [INFO]     NSE:HDFCAMC-EQ | CVD=474583 vs Ref=494654 | Close=2711.90 vs VAH=2717.55
2026-02-04 10:27:19,979 [INFO]     NSE:APLAPOLLO-EQ | CVD=-120994 vs Ref=94426 | Close=2142.70 vs VAH=2162.55
2026-02-04 10:27:21,291 [INFO]     NSE:HINDPETRO-EQ | CVD=1750321 vs Ref=1861852 | Close=463.65 vs VAH=463.95
2026-02-04 10:27:21,918 [INFO]     NSE:COALINDIA-EQ | CVD=333098 vs Ref=397140 | Close=438.35 vs VAH=440.30
2026-02-04 10:27:22,217 [INFO]     NSE:BPCL-EQ | CVD=1265825 vs Ref=1362158 | Close=382.20 vs VAH=382.20
2026-02-04 10:27:22,460 [INFO]     NSE:NATIONALUM-EQ | CVD=-421948 vs Ref=35952 | Close=376.85 vs VAH=377.55
2026-02-04 10:27:22,710 [INFO]     NSE:TATAPOWER-EQ | CVD=383647 vs Ref=383647 | Close=371.30 vs VAH=371.00
2026-02-04 10:27:22,936 [INFO]     NSE:EXIDEIND-EQ | CVD=1529606 vs Ref=1572747 | Close=344.70 vs VAH=344.25
2026-02-04 10:27:23,181 [INFO]     NSE:ONGC-EQ | CVD=1443717 vs Ref=2488079 | Close=268.05 vs VAH=268.10
2026-02-04 10:27:23,423 [INFO]     NSE:ASHOKLEY-EQ | CVD=519516 vs Ref=931338 | Close=203.73 vs VAH=204.45
2026-02-04 10:27:23,703 [INFO]     NSE:IOC-EQ | CVD=5354675 vs Ref=5359959 | Close=173.60 vs VAH=173.20
2026-02-04 10:27:23,924 [INFO]     NSE:YESBANK-EQ | CVD=3684611 vs Ref=4291035 | Close=21.54 vs VAH=21.55
2026-02-04 10:28:23,925 [INFO] 🔍 Scanning for alerts on 16 symbols (5min)...
2026-02-04 10:28:24,222 [INFO]     NSE:POLYCAB-EQ | CVD=24342 vs Ref=33384 | Close=7623.00 vs VAH=7626.00
2026-02-04 10:28:24,488 [INFO]     NSE:TRENT-EQ | CVD=-9283 vs Ref=14406 | Close=3877.60 vs VAH=3874.30
2026-02-04 10:28:24,700 [INFO]     NSE:SIEMENS-EQ | CVD=38670 vs Ref=39740 | Close=3287.80 vs VAH=3292.80
2026-02-04 10:28:24,921 [INFO]     NSE:BSE-EQ | CVD=68332 vs Ref=226141 | Close=2852.00 vs VAH=2892.50
2026-02-04 10:28:25,146 [INFO]     NSE:HDFCAMC-EQ | CVD=474583 vs Ref=494654 | Close=2711.90 vs VAH=2717.55
2026-02-04 10:28:25,382 [INFO]     NSE:APLAPOLLO-EQ | CVD=-120994 vs Ref=94426 | Close=2142.70 vs VAH=2162.55
2026-02-04 10:28:25,626 [INFO]     NSE:HINDPETRO-EQ | CVD=1750321 vs Ref=1861852 | Close=463.65 vs VAH=463.95
2026-02-04 10:28:25,854 [INFO]     NSE:COALINDIA-EQ | CVD=333098 vs Ref=412859 | Close=438.35 vs VAH=440.30
2026-02-04 10:28:26,210 [INFO]     NSE:BPCL-EQ | CVD=1265825 vs Ref=1362158 | Close=382.20 vs VAH=382.20
2026-02-04 10:28:26,520 [INFO]     NSE:NATIONALUM-EQ | CVD=-421948 vs Ref=35952 | Close=376.85 vs VAH=377.55
2026-02-04 10:28:26,791 [INFO]     NSE:TATAPOWER-EQ | CVD=383647 vs Ref=383647 | Close=371.30 vs VAH=371.00
2026-02-04 10:28:27,084 [INFO]     NSE:EXIDEIND-EQ | CVD=1529606 vs Ref=1572747 | Close=344.70 vs VAH=344.25
2026-02-04 10:28:27,366 [INFO]     NSE:ONGC-EQ | CVD=1443717 vs Ref=2488079 | Close=268.05 vs VAH=268.10
2026-02-04 10:28:27,645 [INFO]     NSE:ASHOKLEY-EQ | CVD=519516 vs Ref=931338 | Close=203.73 vs VAH=204.45
2026-02-04 10:28:27,923 [INFO]     NSE:IOC-EQ | CVD=5354675 vs Ref=5481733 | Close=173.60 vs VAH=173.20
2026-02-04 10:28:28,160 [INFO]     NSE:YESBANK-EQ | CVD=3684611 vs Ref=4291035 | Close=21.54 vs VAH=21.55
2026-02-04 10:29:28,161 [INFO] 🔍 Scanning for alerts on 16 symbols (5min)...
2026-02-04 10:29:28,395 [INFO]     NSE:POLYCAB-EQ | CVD=24342 vs Ref=33384 | Close=7623.00 vs VAH=7626.00
2026-02-04 10:29:28,642 [INFO]     NSE:TRENT-EQ | CVD=-9283 vs Ref=14406 | Close=3877.60 vs VAH=3874.30
2026-02-04 10:29:28,917 [INFO]     NSE:SIEMENS-EQ | CVD=38670 vs Ref=39740 | Close=3287.80 vs VAH=3292.80
2026-02-04 10:29:29,128 [INFO]     NSE:BSE-EQ | CVD=68332 vs Ref=226141 | Close=2852.00 vs VAH=2892.50
2026-02-04 10:29:29,356 [INFO]     NSE:HDFCAMC-EQ | CVD=474583 vs Ref=494654 | Close=2711.90 vs VAH=2717.55
2026-02-04 10:29:29,759 [INFO]     NSE:APLAPOLLO-EQ | CVD=-120994 vs Ref=94426 | Close=2142.70 vs VAH=2162.55
2026-02-04 10:29:30,027 [INFO]     NSE:HINDPETRO-EQ | CVD=1750321 vs Ref=1861852 | Close=463.65 vs VAH=463.95
2026-02-04 10:29:30,272 [INFO]     NSE:COALINDIA-EQ | CVD=333098 vs Ref=442245 | Close=438.35 vs VAH=440.30
2026-02-04 10:29:30,522 [INFO]     NSE:BPCL-EQ | CVD=1265825 vs Ref=1362158 | Close=382.20 vs VAH=382.20
2026-02-04 10:29:30,767 [INFO]     NSE:NATIONALUM-EQ | CVD=-421948 vs Ref=35952 | Close=376.85 vs VAH=377.55
2026-02-04 10:29:30,985 [INFO]     NSE:TATAPOWER-EQ | CVD=383647 vs Ref=383647 | Close=371.30 vs VAH=371.00
2026-02-04 10:29:31,224 [INFO]     NSE:EXIDEIND-EQ | CVD=1529606 vs Ref=1572747 | Close=344.70 vs VAH=344.25
2026-02-04 10:29:31,469 [INFO]     NSE:ONGC-EQ | CVD=1443717 vs Ref=2488079 | Close=268.05 vs VAH=268.10
2026-02-04 10:29:31,714 [INFO]     NSE:ASHOKLEY-EQ | CVD=519516 vs Ref=931338 | Close=203.73 vs VAH=204.45
2026-02-04 10:29:31,953 [INFO]     NSE:IOC-EQ | CVD=5354675 vs Ref=5567212 | Close=173.60 vs VAH=173.20
2026-02-04 10:29:32,226 [INFO]     NSE:YESBANK-EQ | CVD=3684611 vs Ref=4291035 | Close=21.54 vs VAH=21.55
2026-02-04 10:30:32,227 [INFO] 🔍 Scanning for alerts on 16 symbols (5min)...
2026-02-04 10:30:32,458 [INFO]     NSE:POLYCAB-EQ | CVD=24342 vs Ref=33384 | Close=7623.00 vs VAH=7626.00
2026-02-04 10:30:32,677 [INFO]     NSE:TRENT-EQ | CVD=-9283 vs Ref=14406 | Close=3877.60 vs VAH=3874.30
2026-02-04 10:30:32,900 [INFO]     NSE:SIEMENS-EQ | CVD=38670 vs Ref=39740 | Close=3287.80 vs VAH=3292.80
2026-02-04 10:30:33,148 [INFO]     NSE:BSE-EQ | CVD=68332 vs Ref=226141 | Close=2852.00 vs VAH=2892.50
2026-02-04 10:30:33,381 [INFO]     NSE:HDFCAMC-EQ | CVD=474583 vs Ref=494654 | Close=2711.90 vs VAH=2717.55
2026-02-04 10:30:33,637 [INFO]     NSE:APLAPOLLO-EQ | CVD=-120994 vs Ref=94426 | Close=2142.70 vs VAH=2162.55
2026-02-04 10:30:33,861 [INFO]     NSE:HINDPETRO-EQ | CVD=1750321 vs Ref=1861852 | Close=463.65 vs VAH=463.95
2026-02-04 10:30:34,146 [INFO]     NSE:COALINDIA-EQ | CVD=333098 vs Ref=501922 | Close=438.35 vs VAH=440.30
2026-02-04 10:30:34,370 [INFO]     NSE:BPCL-EQ | CVD=1265825 vs Ref=1362158 | Close=382.20 vs VAH=382.20
2026-02-04 10:30:34,608 [INFO]     NSE:NATIONALUM-EQ | CVD=-421948 vs Ref=35952 | Close=376.85 vs VAH=377.55
2026-02-04 10:30:34,833 [INFO]     NSE:TATAPOWER-EQ | CVD=383647 vs Ref=383647 | Close=371.30 vs VAH=371.00
2026-02-04 10:30:35,092 [INFO]     NSE:EXIDEIND-EQ | CVD=1529606 vs Ref=1572747 | Close=344.70 vs VAH=344.25
2026-02-04 10:30:35,332 [INFO]     NSE:ONGC-EQ | CVD=1443717 vs Ref=2488079 | Close=268.05 vs VAH=268.10
2026-02-04 10:30:35,590 [INFO]     NSE:ASHOKLEY-EQ | CVD=519516 vs Ref=931338 | Close=203.73 vs VAH=204.45
2026-02-04 10:30:35,822 [INFO]     NSE:IOC-EQ | CVD=5354675 vs Ref=5567212 | Close=173.60 vs VAH=173.20
2026-02-04 10:30:36,052 [INFO]     NSE:YESBANK-EQ | CVD=3684611 vs Ref=4291035 | Close=21.54 vs VAH=21.55
2026-02-04 10:31:36,053 [INFO] 🔍 Scanning for alerts on 16 symbols (5min)...
2026-02-04 10:31:36,325 [INFO]     NSE:POLYCAB-EQ | CVD=23696 vs Ref=33384 | Close=7625.00 vs VAH=7626.00
2026-02-04 10:31:36,545 [INFO]     NSE:TRENT-EQ | CVD=-13112 vs Ref=14406 | Close=3878.40 vs VAH=3874.30
2026-02-04 10:31:36,817 [INFO]     NSE:SIEMENS-EQ | CVD=38101 vs Ref=39740 | Close=3285.80 vs VAH=3292.80
2026-02-04 10:31:37,036 [INFO]     NSE:BSE-EQ | CVD=-68020 vs Ref=226141 | Close=2830.60 vs VAH=2892.50
2026-02-04 10:31:37,263 [INFO]     NSE:HDFCAMC-EQ | CVD=463862 vs Ref=494654 | Close=2707.70 vs VAH=2717.55
2026-02-04 10:31:37,531 [INFO]     NSE:APLAPOLLO-EQ | CVD=-123220 vs Ref=94426 | Close=2145.00 vs VAH=2162.55
2026-02-04 10:31:37,749 [INFO]     NSE:HINDPETRO-EQ | CVD=1737969 vs Ref=1861852 | Close=463.35 vs VAH=463.95
2026-02-04 10:31:38,003 [INFO]     NSE:COALINDIA-EQ | CVD=501922 vs Ref=501922 | Close=440.20 vs VAH=440.30
2026-02-04 10:31:38,234 [INFO]     NSE:BPCL-EQ | CVD=1259079 vs Ref=1362158 | Close=382.10 vs VAH=382.20
2026-02-04 10:31:38,512 [INFO]     NSE:NATIONALUM-EQ | CVD=-449483 vs Ref=35952 | Close=375.90 vs VAH=377.55
2026-02-04 10:31:38,776 [INFO]     NSE:TATAPOWER-EQ | CVD=344592 vs Ref=383647 | Close=370.50 vs VAH=371.00
2026-02-04 10:31:39,015 [INFO]     NSE:EXIDEIND-EQ | CVD=1465706 vs Ref=1572747 | Close=344.75 vs VAH=344.25
2026-02-04 10:31:39,264 [INFO]     NSE:ONGC-EQ | CVD=1560016 vs Ref=2488079 | Close=268.30 vs VAH=268.10
2026-02-04 10:31:39,501 [INFO]     NSE:ASHOKLEY-EQ | CVD=571857 vs Ref=931338 | Close=203.43 vs VAH=204.45
2026-02-04 10:31:39,750 [INFO]     NSE:IOC-EQ | CVD=5471591 vs Ref=5567212 | Close=173.59 vs VAH=173.20
2026-02-04 10:31:39,997 [INFO]     NSE:YESBANK-EQ | CVD=3558659 vs Ref=4291035 | Close=21.55 vs VAH=21.55
2026-02-04 10:32:39,999 [INFO] 🔍 Scanning for alerts on 16 symbols (5min)...
2026-02-04 10:32:40,233 [INFO]     NSE:POLYCAB-EQ | CVD=23696 vs Ref=33384 | Close=7625.00 vs VAH=7626.00
2026-02-04 10:32:40,472 [INFO]     NSE:TRENT-EQ | CVD=-13112 vs Ref=14406 | Close=3878.40 vs VAH=3874.30
2026-02-04 10:32:40,691 [INFO]     NSE:SIEMENS-EQ | CVD=38101 vs Ref=39740 | Close=3285.80 vs VAH=3292.80
2026-02-04 10:32:40,929 [INFO]     NSE:BSE-EQ | CVD=-68020 vs Ref=226141 | Close=2830.60 vs VAH=2892.50
2026-02-04 10:32:41,137 [INFO]     NSE:HDFCAMC-EQ | CVD=463862 vs Ref=494654 | Close=2707.70 vs VAH=2717.55
2026-02-04 10:32:41,431 [INFO]     NSE:APLAPOLLO-EQ | CVD=-123220 vs Ref=94426 | Close=2145.00 vs VAH=2162.55
2026-02-04 10:32:41,722 [INFO]     NSE:HINDPETRO-EQ | CVD=1737969 vs Ref=1861852 | Close=463.35 vs VAH=463.95
2026-02-04 10:32:42,005 [INFO]     NSE:COALINDIA-EQ | CVD=501922 vs Ref=501922 | Close=440.20 vs VAH=440.30
2026-02-04 10:32:42,242 [INFO]     NSE:BPCL-EQ | CVD=1259079 vs Ref=1362158 | Close=382.10 vs VAH=382.20
2026-02-04 10:32:42,524 [INFO]     NSE:NATIONALUM-EQ | CVD=-449483 vs Ref=35952 | Close=375.90 vs VAH=377.55
2026-02-04 10:32:42,744 [INFO]     NSE:TATAPOWER-EQ | CVD=344592 vs Ref=383647 | Close=370.50 vs VAH=371.00
2026-02-04 10:32:42,985 [INFO]     NSE:EXIDEIND-EQ | CVD=1465706 vs Ref=1572747 | Close=344.75 vs VAH=344.25
2026-02-04 10:32:43,251 [INFO]     NSE:ONGC-EQ | CVD=1560016 vs Ref=2488079 | Close=268.30 vs VAH=268.10
2026-02-04 10:32:43,471 [INFO]     NSE:ASHOKLEY-EQ | CVD=571857 vs Ref=931338 | Close=203.43 vs VAH=204.45
2026-02-04 10:32:43,702 [INFO]     NSE:IOC-EQ | CVD=5471591 vs Ref=5567212 | Close=173.59 vs VAH=173.20
2026-02-04 10:32:43,944 [INFO]     NSE:YESBANK-EQ | CVD=3558659 vs Ref=4291035 | Close=21.55 vs VAH=21.55
2026-02-04 10:33:43,945 [INFO] 🔍 Scanning for alerts on 16 symbols (5min)...
2026-02-04 10:33:44,247 [INFO]     NSE:POLYCAB-EQ | CVD=23696 vs Ref=33384 | Close=7625.00 vs VAH=7626.00
2026-02-04 10:33:44,444 [INFO]     NSE:TRENT-EQ | CVD=-13112 vs Ref=14406 | Close=3878.40 vs VAH=3874.30
2026-02-04 10:33:44,688 [INFO]     NSE:SIEMENS-EQ | CVD=38101 vs Ref=39740 | Close=3285.80 vs VAH=3292.80
2026-02-04 10:33:44,904 [INFO]     NSE:BSE-EQ | CVD=-68020 vs Ref=226141 | Close=2830.60 vs VAH=2892.50
2026-02-04 10:33:45,155 [INFO]     NSE:HDFCAMC-EQ | CVD=463862 vs Ref=494654 | Close=2707.70 vs VAH=2717.55
2026-02-04 10:33:45,371 [INFO]     NSE:APLAPOLLO-EQ | CVD=-123220 vs Ref=94426 | Close=2145.00 vs VAH=2162.55
2026-02-04 10:33:45,624 [INFO]     NSE:HINDPETRO-EQ | CVD=1737969 vs Ref=1861852 | Close=463.35 vs VAH=463.95
2026-02-04 10:33:45,859 [INFO]     NSE:COALINDIA-EQ | CVD=501922 vs Ref=501922 | Close=440.20 vs VAH=440.30
2026-02-04 10:33:46,137 [INFO]     NSE:BPCL-EQ | CVD=1259079 vs Ref=1362158 | Close=382.10 vs VAH=382.20
2026-02-04 10:33:46,375 [INFO]     NSE:NATIONALUM-EQ | CVD=-449483 vs Ref=35952 | Close=375.90 vs VAH=377.55
2026-02-04 10:33:46,645 [INFO]     NSE:TATAPOWER-EQ | CVD=344592 vs Ref=383647 | Close=370.50 vs VAH=371.00
2026-02-04 10:33:46,920 [INFO]     NSE:EXIDEIND-EQ | CVD=1465706 vs Ref=1572747 | Close=344.75 vs VAH=344.25
2026-02-04 10:33:47,164 [INFO]     NSE:ONGC-EQ | CVD=1560016 vs Ref=2488079 | Close=268.30 vs VAH=268.10
2026-02-04 10:33:47,379 [INFO]     NSE:ASHOKLEY-EQ | CVD=571857 vs Ref=931338 | Close=203.43 vs VAH=204.45
2026-02-04 10:33:47,648 [INFO]     NSE:IOC-EQ | CVD=5471591 vs Ref=5567212 | Close=173.59 vs VAH=173.20
2026-02-04 10:33:47,841 [INFO]     NSE:YESBANK-EQ | CVD=3558659 vs Ref=4291035 | Close=21.55 vs VAH=21.55
2026-02-04 10:34:47,843 [INFO] 🔍 Scanning for alerts on 16 symbols (5min)...
2026-02-04 10:34:48,145 [INFO]     NSE:POLYCAB-EQ | CVD=23696 vs Ref=33384 | Close=7625.00 vs VAH=7626.00
2026-02-04 10:34:48,404 [INFO]     NSE:TRENT-EQ | CVD=-13112 vs Ref=14406 | Close=3878.40 vs VAH=3874.30
2026-02-04 10:34:50,112 [INFO]     NSE:SIEMENS-EQ | CVD=38101 vs Ref=39740 | Close=3285.80 vs VAH=3292.80
2026-02-04 10:34:50,313 [INFO]     NSE:BSE-EQ | CVD=-68020 vs Ref=226141 | Close=2830.60 vs VAH=2892.50
2026-02-04 10:34:50,550 [INFO]     NSE:HDFCAMC-EQ | CVD=463862 vs Ref=494654 | Close=2707.70 vs VAH=2717.55
2026-02-04 10:34:50,746 [INFO]     NSE:APLAPOLLO-EQ | CVD=-123220 vs Ref=94426 | Close=2145.00 vs VAH=2162.55
2026-02-04 10:34:50,981 [INFO]     NSE:HINDPETRO-EQ | CVD=1737969 vs Ref=1861852 | Close=463.35 vs VAH=463.95
2026-02-04 10:34:51,189 [INFO]     NSE:COALINDIA-EQ | CVD=501922 vs Ref=528748 | Close=440.20 vs VAH=440.30
2026-02-04 10:34:51,424 [INFO]     NSE:BPCL-EQ | CVD=1259079 vs Ref=1362158 | Close=382.10 vs VAH=382.20
2026-02-04 10:34:51,649 [INFO]     NSE:NATIONALUM-EQ | CVD=-449483 vs Ref=35952 | Close=375.90 vs VAH=377.55
2026-02-04 10:34:51,850 [INFO]     NSE:TATAPOWER-EQ | CVD=344592 vs Ref=383647 | Close=370.50 vs VAH=371.00
2026-02-04 10:34:52,107 [INFO]     NSE:EXIDEIND-EQ | CVD=1465706 vs Ref=1572747 | Close=344.75 vs VAH=344.25
2026-02-04 10:34:52,366 [INFO]     NSE:ONGC-EQ | CVD=1560016 vs Ref=2488079 | Close=268.30 vs VAH=268.10
2026-02-04 10:34:52,631 [INFO]     NSE:ASHOKLEY-EQ | CVD=571857 vs Ref=931338 | Close=203.43 vs VAH=204.45
2026-02-04 10:34:52,857 [INFO]     NSE:IOC-EQ | CVD=5471591 vs Ref=5567212 | Close=173.59 vs VAH=173.20
2026-02-04 10:34:53,087 [INFO]     NSE:YESBANK-EQ | CVD=3558659 vs Ref=4291035 | Close=21.55 vs VAH=21.55
2026-02-04 10:35:53,088 [INFO] 🔍 Scanning for alerts on 16 symbols (5min)...
2026-02-04 10:35:53,322 [INFO]     NSE:POLYCAB-EQ | CVD=23696 vs Ref=33384 | Close=7625.00 vs VAH=7626.00
2026-02-04 10:35:53,538 [INFO]     NSE:TRENT-EQ | CVD=-13112 vs Ref=14406 | Close=3878.40 vs VAH=3874.30
2026-02-04 10:35:53,766 [INFO]     NSE:SIEMENS-EQ | CVD=38101 vs Ref=39740 | Close=3285.80 vs VAH=3292.80
2026-02-04 10:35:53,963 [INFO]     NSE:BSE-EQ | CVD=-68020 vs Ref=226141 | Close=2830.60 vs VAH=2892.50
2026-02-04 10:35:56,051 [INFO]     NSE:HDFCAMC-EQ | CVD=463862 vs Ref=494654 | Close=2707.70 vs VAH=2717.55
2026-02-04 10:35:56,243 [INFO]     NSE:APLAPOLLO-EQ | CVD=-123220 vs Ref=94426 | Close=2145.00 vs VAH=2162.55
2026-02-04 10:35:56,475 [INFO]     NSE:HINDPETRO-EQ | CVD=1737969 vs Ref=1861852 | Close=463.35 vs VAH=463.95
2026-02-04 10:35:56,693 [INFO]     NSE:COALINDIA-EQ | CVD=501922 vs Ref=542308 | Close=440.20 vs VAH=440.30
2026-02-04 10:35:56,937 [INFO]     NSE:BPCL-EQ | CVD=1259079 vs Ref=1362158 | Close=382.10 vs VAH=382.20
2026-02-04 10:35:57,152 [INFO]     NSE:NATIONALUM-EQ | CVD=-449483 vs Ref=35952 | Close=375.90 vs VAH=377.55
2026-02-04 10:35:57,379 [INFO]     NSE:TATAPOWER-EQ | CVD=344592 vs Ref=383647 | Close=370.50 vs VAH=371.00
2026-02-04 10:35:57,593 [INFO]     NSE:EXIDEIND-EQ | CVD=1465706 vs Ref=1572747 | Close=344.75 vs VAH=344.25
2026-02-04 10:35:57,824 [INFO]     NSE:ONGC-EQ | CVD=1560016 vs Ref=2488079 | Close=268.30 vs VAH=268.10
2026-02-04 10:35:58,069 [INFO]     NSE:ASHOKLEY-EQ | CVD=571857 vs Ref=931338 | Close=203.43 vs VAH=204.45
2026-02-04 10:35:58,287 [INFO]     NSE:IOC-EQ | CVD=5471591 vs Ref=5567212 | Close=173.59 vs VAH=173.20
2026-02-04 10:35:58,513 [INFO]     NSE:YESBANK-EQ | CVD=3558659 vs Ref=4291035 | Close=21.55 vs VAH=21.55
2026-02-04 10:36:58,514 [INFO] 🔍 Scanning for alerts on 16 symbols (5min)...
2026-02-04 10:36:58,780 [INFO]     NSE:POLYCAB-EQ | CVD=21239 vs Ref=33384 | Close=7621.00 vs VAH=7626.00
2026-02-04 10:36:59,045 [INFO]     NSE:TRENT-EQ | CVD=-13111 vs Ref=14406 | Close=3875.30 vs VAH=3874.30
2026-02-04 10:36:59,302 [INFO]     NSE:SIEMENS-EQ | CVD=37672 vs Ref=39740 | Close=3284.70 vs VAH=3292.80
2026-02-04 10:36:59,522 [INFO]     NSE:BSE-EQ | CVD=-124475 vs Ref=226141 | Close=2808.70 vs VAH=2892.50
2026-02-04 10:36:59,742 [INFO]     NSE:HDFCAMC-EQ | CVD=470712 vs Ref=494654 | Close=2709.70 vs VAH=2717.55
2026-02-04 10:36:59,966 [INFO]     NSE:APLAPOLLO-EQ | CVD=-125752 vs Ref=94426 | Close=2145.90 vs VAH=2162.55
2026-02-04 10:37:02,020 [INFO]     NSE:HINDPETRO-EQ | CVD=1742130 vs Ref=1861852 | Close=463.45 vs VAH=463.95
2026-02-04 10:37:02,349 [INFO]     NSE:COALINDIA-EQ | CVD=542308 vs Ref=542308 | Close=440.85 vs VAH=440.30
2026-02-04 10:37:02,729 [INFO]     NSE:BPCL-EQ | CVD=1277389 vs Ref=1362158 | Close=382.45 vs VAH=382.20
2026-02-04 10:37:03,055 [INFO]     NSE:NATIONALUM-EQ | CVD=-428647 vs Ref=35952 | Close=376.60 vs VAH=377.55
2026-02-04 10:37:03,355 [INFO]     NSE:TATAPOWER-EQ | CVD=321406 vs Ref=383647 | Close=370.70 vs VAH=371.00
2026-02-04 10:37:03,637 [INFO]     NSE:EXIDEIND-EQ | CVD=1407595 vs Ref=1572747 | Close=343.95 vs VAH=344.25
2026-02-04 10:37:03,903 [INFO]     NSE:ONGC-EQ | CVD=1514916 vs Ref=2488079 | Close=268.10 vs VAH=268.10
2026-02-04 10:37:04,172 [INFO]     NSE:ASHOKLEY-EQ | CVD=193142 vs Ref=931338 | Close=202.41 vs VAH=204.45
2026-02-04 10:37:04,392 [INFO]     NSE:IOC-EQ | CVD=5394673 vs Ref=5567212 | Close=173.29 vs VAH=173.20
2026-02-04 10:37:04,604 [INFO]     NSE:YESBANK-EQ | CVD=3112701 vs Ref=4291035 | Close=21.51 vs VAH=21.55
2026-02-04 10:38:04,606 [INFO] 🔍 Scanning for alerts on 16 symbols (5min)...
2026-02-04 10:38:04,937 [INFO]     NSE:POLYCAB-EQ | CVD=21239 vs Ref=33384 | Close=7621.00 vs VAH=7626.00
2026-02-04 10:38:05,217 [INFO]     NSE:TRENT-EQ | CVD=-13111 vs Ref=14406 | Close=3875.30 vs VAH=3874.30
2026-02-04 10:38:05,502 [INFO]     NSE:SIEMENS-EQ | CVD=37672 vs Ref=39740 | Close=3284.70 vs VAH=3292.80
2026-02-04 10:38:05,717 [INFO]     NSE:BSE-EQ | CVD=-124475 vs Ref=226141 | Close=2808.70 vs VAH=2892.50
2026-02-04 10:38:05,921 [INFO]     NSE:HDFCAMC-EQ | CVD=470712 vs Ref=494654 | Close=2709.70 vs VAH=2717.55
2026-02-04 10:38:06,126 [INFO]     NSE:APLAPOLLO-EQ | CVD=-125752 vs Ref=94426 | Close=2145.90 vs VAH=2162.55
2026-02-04 10:38:06,367 [INFO]     NSE:HINDPETRO-EQ | CVD=1742130 vs Ref=1861852 | Close=463.45 vs VAH=463.95
2026-02-04 10:38:06,646 [INFO]     NSE:COALINDIA-EQ | CVD=542308 vs Ref=542308 | Close=440.85 vs VAH=440.30
2026-02-04 10:38:06,875 [INFO]     NSE:BPCL-EQ | CVD=1277389 vs Ref=1362158 | Close=382.45 vs VAH=382.20
2026-02-04 10:38:07,189 [INFO]     NSE:NATIONALUM-EQ | CVD=-428647 vs Ref=35952 | Close=376.60 vs VAH=377.55
2026-02-04 10:38:07,482 [INFO]     NSE:TATAPOWER-EQ | CVD=321406 vs Ref=383647 | Close=370.70 vs VAH=371.00
2026-02-04 10:38:07,694 [INFO]     NSE:EXIDEIND-EQ | CVD=1407595 vs Ref=1572747 | Close=343.95 vs VAH=344.25
2026-02-04 10:38:07,907 [INFO]     NSE:ONGC-EQ | CVD=1514916 vs Ref=2488079 | Close=268.10 vs VAH=268.10
2026-02-04 10:38:08,152 [INFO]     NSE:ASHOKLEY-EQ | CVD=193142 vs Ref=931338 | Close=202.41 vs VAH=204.45
2026-02-04 10:38:08,371 [INFO]     NSE:IOC-EQ | CVD=5394673 vs Ref=5567212 | Close=173.29 vs VAH=173.20
2026-02-04 10:38:08,592 [INFO]     NSE:YESBANK-EQ | CVD=3112701 vs Ref=4291035 | Close=21.51 vs VAH=21.55
2026-02-04 10:39:08,593 [INFO] 🔍 Scanning for alerts on 16 symbols (5min)...
2026-02-04 10:39:08,865 [INFO]     NSE:POLYCAB-EQ | CVD=21239 vs Ref=33384 | Close=7621.00 vs VAH=7626.00
2026-02-04 10:39:09,085 [INFO]     NSE:TRENT-EQ | CVD=-13111 vs Ref=14406 | Close=3875.30 vs VAH=3874.30
2026-02-04 10:39:09,318 [INFO]     NSE:SIEMENS-EQ | CVD=37672 vs Ref=39740 | Close=3284.70 vs VAH=3292.80
2026-02-04 10:39:09,550 [INFO]     NSE:BSE-EQ | CVD=-124475 vs Ref=226141 | Close=2808.70 vs VAH=2892.50
2026-02-04 10:39:09,805 [INFO]     NSE:HDFCAMC-EQ | CVD=470712 vs Ref=494654 | Close=2709.70 vs VAH=2717.55
2026-02-04 10:39:10,050 [INFO]     NSE:APLAPOLLO-EQ | CVD=-125752 vs Ref=94426 | Close=2145.90 vs VAH=2162.55
2026-02-04 10:39:10,290 [INFO]     NSE:HINDPETRO-EQ | CVD=1742130 vs Ref=1861852 | Close=463.45 vs VAH=463.95
2026-02-04 10:39:10,517 [INFO]     NSE:COALINDIA-EQ | CVD=542308 vs Ref=542308 | Close=440.85 vs VAH=440.30
2026-02-04 10:39:10,804 [INFO]     NSE:BPCL-EQ | CVD=1277389 vs Ref=1362158 | Close=382.45 vs VAH=382.20
2026-02-04 10:39:11,039 [INFO]     NSE:NATIONALUM-EQ | CVD=-428647 vs Ref=35952 | Close=376.60 vs VAH=377.55
2026-02-04 10:39:11,244 [INFO]     NSE:TATAPOWER-EQ | CVD=321406 vs Ref=383647 | Close=370.70 vs VAH=371.00
2026-02-04 10:39:11,457 [INFO]     NSE:EXIDEIND-EQ | CVD=1407595 vs Ref=1572747 | Close=343.95 vs VAH=344.25
2026-02-04 10:39:11,722 [INFO]     NSE:ONGC-EQ | CVD=1514916 vs Ref=2488079 | Close=268.10 vs VAH=268.10
2026-02-04 10:39:11,984 [INFO]     NSE:ASHOKLEY-EQ | CVD=193142 vs Ref=931338 | Close=202.41 vs VAH=204.45
2026-02-04 10:39:12,227 [INFO]     NSE:IOC-EQ | CVD=5394673 vs Ref=5567212 | Close=173.29 vs VAH=173.20
2026-02-04 10:39:12,439 [INFO]     NSE:YESBANK-EQ | CVD=3112701 vs Ref=4291035 | Close=21.51 vs VAH=21.55
2026-02-04 10:40:12,440 [INFO] 🔍 Scanning for alerts on 16 symbols (5min)...
2026-02-04 10:40:12,686 [INFO]     NSE:POLYCAB-EQ | CVD=21239 vs Ref=33384 | Close=7621.00 vs VAH=7626.00
2026-02-04 10:40:12,912 [INFO]     NSE:TRENT-EQ | CVD=-13111 vs Ref=14406 | Close=3875.30 vs VAH=3874.30
2026-02-04 10:40:13,120 [INFO]     NSE:SIEMENS-EQ | CVD=37672 vs Ref=39740 | Close=3284.70 vs VAH=3292.80
2026-02-04 10:40:13,352 [INFO]     NSE:BSE-EQ | CVD=-124475 vs Ref=226141 | Close=2808.70 vs VAH=2892.50
2026-02-04 10:40:13,571 [INFO]     NSE:HDFCAMC-EQ | CVD=470712 vs Ref=494654 | Close=2709.70 vs VAH=2717.55
2026-02-04 10:40:13,836 [INFO]     NSE:APLAPOLLO-EQ | CVD=-125752 vs Ref=94426 | Close=2145.90 vs VAH=2162.55
2026-02-04 10:40:14,045 [INFO]     NSE:HINDPETRO-EQ | CVD=1742130 vs Ref=1861852 | Close=463.45 vs VAH=463.95
2026-02-04 10:40:14,310 [INFO]     NSE:COALINDIA-EQ | CVD=542308 vs Ref=542308 | Close=440.85 vs VAH=440.30
2026-02-04 10:40:14,580 [INFO]     NSE:BPCL-EQ | CVD=1277389 vs Ref=1362158 | Close=382.45 vs VAH=382.20
2026-02-04 10:40:14,805 [INFO]     NSE:NATIONALUM-EQ | CVD=-428647 vs Ref=35952 | Close=376.60 vs VAH=377.55
2026-02-04 10:40:15,433 [INFO]     NSE:TATAPOWER-EQ | CVD=321406 vs Ref=383647 | Close=370.70 vs VAH=371.00
2026-02-04 10:40:15,823 [INFO]     NSE:EXIDEIND-EQ | CVD=1407595 vs Ref=1572747 | Close=343.95 vs VAH=344.25
2026-02-04 10:40:16,173 [INFO]     NSE:ONGC-EQ | CVD=1514916 vs Ref=2488079 | Close=268.10 vs VAH=268.10
2026-02-04 10:40:16,551 [INFO]     NSE:ASHOKLEY-EQ | CVD=193142 vs Ref=931338 | Close=202.41 vs VAH=204.45
2026-02-04 10:40:16,887 [INFO]     NSE:IOC-EQ | CVD=5394673 vs Ref=5567212 | Close=173.29 vs VAH=173.20
2026-02-04 10:40:17,876 [INFO]     NSE:YESBANK-EQ | CVD=3112701 vs Ref=4291035 | Close=21.51 vs VAH=21.55
2026-02-04 10:41:17,885 [INFO] 🔍 Scanning for alerts on 16 symbols (5min)...
2026-02-04 10:41:18,147 [INFO]     NSE:POLYCAB-EQ | CVD=18505 vs Ref=33384 | Close=7617.50 vs VAH=7626.00
2026-02-04 10:41:18,367 [INFO]     NSE:TRENT-EQ | CVD=-15599 vs Ref=14406 | Close=3876.50 vs VAH=3874.30
2026-02-04 10:41:18,628 [INFO] 🚀 [BUY ALERT] NSE:SIEMENS-EQ (5min) triggered at 10:35!
2026-02-04 10:41:18,628 [INFO]     ✨ LTP:   3308.10
2026-02-04 10:41:18,628 [INFO]     ✅ Price: 3308.10 > FRVP VAH: 3292.80
2026-02-04 10:41:18,629 [INFO]     ✅ CVD:   52411 > CVD Ref:  39740
2026-02-04 10:41:18,630 [INFO] 📡 Sending order request for NSE:SIEMENS-EQ to http://localhost:4000/postOrder...
2026-02-04 10:41:20,338 [INFO] 📩 Server Response: 200 - {"message":"Order execution triggered","status":"success","receivedData":{"ticker":"NSE:SIEMENS-EQ","action":"BUY","close":3308.1}}
2026-02-04 10:41:20,338 [INFO]     NSE:SIEMENS-EQ | CVD=52411 vs Ref=39740 | Close=3308.10 vs VAH=3292.80
2026-02-04 10:41:20,621 [INFO]     NSE:BSE-EQ | CVD=-109923 vs Ref=226141 | Close=2813.80 vs VAH=2892.50
2026-02-04 10:41:20,902 [INFO]     NSE:HDFCAMC-EQ | CVD=480080 vs Ref=494654 | Close=2711.40 vs VAH=2717.55
2026-02-04 10:41:21,138 [INFO]     NSE:APLAPOLLO-EQ | CVD=-123921 vs Ref=94426 | Close=2146.50 vs VAH=2162.55
2026-02-04 10:41:21,407 [INFO]     NSE:HINDPETRO-EQ | CVD=1754245 vs Ref=1861852 | Close=463.10 vs VAH=463.95
2026-02-04 10:41:21,619 [INFO]     NSE:COALINDIA-EQ | CVD=549511 vs Ref=542308 | Close=440.10 vs VAH=440.30
2026-02-04 10:41:21,866 [INFO]     NSE:BPCL-EQ | CVD=1235505 vs Ref=1362158 | Close=382.35 vs VAH=382.20
2026-02-04 10:41:22,139 [INFO]     NSE:NATIONALUM-EQ | CVD=-462485 vs Ref=35952 | Close=376.80 vs VAH=377.55
2026-02-04 10:41:22,455 [INFO]     NSE:TATAPOWER-EQ | CVD=350977 vs Ref=383647 | Close=370.60 vs VAH=371.00
2026-02-04 10:41:22,681 [INFO]     NSE:EXIDEIND-EQ | CVD=1249379 vs Ref=1572747 | Close=342.90 vs VAH=344.25
2026-02-04 10:41:22,969 [INFO]     NSE:ONGC-EQ | CVD=1411684 vs Ref=2488079 | Close=268.10 vs VAH=268.10
2026-02-04 10:41:23,211 [INFO]     NSE:ASHOKLEY-EQ | CVD=279702 vs Ref=931338 | Close=202.70 vs VAH=204.45
2026-02-04 10:41:23,446 [INFO]     NSE:IOC-EQ | CVD=5222245 vs Ref=5567212 | Close=173.13 vs VAH=173.20
2026-02-04 10:41:23,739 [INFO]     NSE:YESBANK-EQ | CVD=1220955 vs Ref=4291035 | Close=21.52 vs VAH=21.55
2026-02-04 10:42:23,743 [INFO] 🔍 Scanning for alerts on 15 symbols (5min)...
2026-02-04 10:42:23,976 [INFO]     NSE:POLYCAB-EQ | CVD=18505 vs Ref=33384 | Close=7617.50 vs VAH=7626.00
2026-02-04 10:42:24,197 [INFO]     NSE:TRENT-EQ | CVD=-15599 vs Ref=14406 | Close=3876.50 vs VAH=3874.30
2026-02-04 10:42:24,477 [INFO]     NSE:BSE-EQ | CVD=-109923 vs Ref=226141 | Close=2813.80 vs VAH=2892.50
2026-02-04 10:42:24,704 [INFO]     NSE:HDFCAMC-EQ | CVD=480080 vs Ref=494654 | Close=2711.40 vs VAH=2717.55
2026-02-04 10:42:24,936 [INFO]     NSE:APLAPOLLO-EQ | CVD=-123921 vs Ref=94426 | Close=2146.50 vs VAH=2162.55
2026-02-04 10:42:25,197 [INFO]     NSE:HINDPETRO-EQ | CVD=1754245 vs Ref=1861852 | Close=463.10 vs VAH=463.95
2026-02-04 10:42:25,425 [INFO]     NSE:COALINDIA-EQ | CVD=549511 vs Ref=542308 | Close=440.10 vs VAH=440.30
2026-02-04 10:42:25,668 [INFO]     NSE:BPCL-EQ | CVD=1235505 vs Ref=1362158 | Close=382.35 vs VAH=382.20
2026-02-04 10:42:25,939 [INFO]     NSE:NATIONALUM-EQ | CVD=-462485 vs Ref=35952 | Close=376.80 vs VAH=377.55
2026-02-04 10:42:26,357 [INFO]     NSE:TATAPOWER-EQ | CVD=350977 vs Ref=383647 | Close=370.60 vs VAH=371.00
2026-02-04 10:42:26,655 [INFO]     NSE:EXIDEIND-EQ | CVD=1249379 vs Ref=1572747 | Close=342.90 vs VAH=344.25
2026-02-04 10:42:26,935 [INFO]     NSE:ONGC-EQ | CVD=1411684 vs Ref=2488079 | Close=268.10 vs VAH=268.10
2026-02-04 10:42:27,209 [INFO]     NSE:ASHOKLEY-EQ | CVD=279702 vs Ref=931338 | Close=202.70 vs VAH=204.45
2026-02-04 10:42:27,495 [INFO]     NSE:IOC-EQ | CVD=5222245 vs Ref=5567212 | Close=173.13 vs VAH=173.20
2026-02-04 10:42:27,743 [INFO]     NSE:YESBANK-EQ | CVD=1220955 vs Ref=4291035 | Close=21.52 vs VAH=21.55
2026-02-04 10:43:27,744 [INFO] 🔍 Scanning for alerts on 15 symbols (5min)...
2026-02-04 10:43:28,043 [INFO]     NSE:POLYCAB-EQ | CVD=18505 vs Ref=33384 | Close=7617.50 vs VAH=7626.00
2026-02-04 10:43:28,319 [INFO]     NSE:TRENT-EQ | CVD=-15599 vs Ref=14406 | Close=3876.50 vs VAH=3874.30
2026-02-04 10:43:28,611 [INFO]     NSE:BSE-EQ | CVD=-109923 vs Ref=226141 | Close=2813.80 vs VAH=2892.50
2026-02-04 10:43:28,864 [INFO]     NSE:HDFCAMC-EQ | CVD=480080 vs Ref=494654 | Close=2711.40 vs VAH=2717.55
2026-02-04 10:43:29,115 [INFO]     NSE:APLAPOLLO-EQ | CVD=-123921 vs Ref=94426 | Close=2146.50 vs VAH=2162.55
2026-02-04 10:43:29,386 [INFO]     NSE:HINDPETRO-EQ | CVD=1754245 vs Ref=1861852 | Close=463.10 vs VAH=463.95
2026-02-04 10:43:29,625 [INFO]     NSE:COALINDIA-EQ | CVD=549511 vs Ref=542308 | Close=440.10 vs VAH=440.30
2026-02-04 10:43:29,885 [INFO]     NSE:BPCL-EQ | CVD=1235505 vs Ref=1362158 | Close=382.35 vs VAH=382.20
2026-02-04 10:43:30,149 [INFO]     NSE:NATIONALUM-EQ | CVD=-462485 vs Ref=35952 | Close=376.80 vs VAH=377.55
2026-02-04 10:43:30,369 [INFO]     NSE:TATAPOWER-EQ | CVD=350977 vs Ref=383647 | Close=370.60 vs VAH=371.00
2026-02-04 10:43:30,623 [INFO]     NSE:EXIDEIND-EQ | CVD=1249379 vs Ref=1572747 | Close=342.90 vs VAH=344.25
2026-02-04 10:43:30,862 [INFO]     NSE:ONGC-EQ | CVD=1411684 vs Ref=2488079 | Close=268.10 vs VAH=268.10
2026-02-04 10:43:31,084 [INFO]     NSE:ASHOKLEY-EQ | CVD=279702 vs Ref=931338 | Close=202.70 vs VAH=204.45
2026-02-04 10:43:31,320 [INFO]     NSE:IOC-EQ | CVD=5222245 vs Ref=5567212 | Close=173.13 vs VAH=173.20
2026-02-04 10:43:31,542 [INFO]     NSE:YESBANK-EQ | CVD=1220955 vs Ref=4291035 | Close=21.52 vs VAH=21.55
2026-02-04 10:44:31,544 [INFO] 🔍 Scanning for alerts on 15 symbols (5min)...
2026-02-04 10:44:31,794 [INFO]     NSE:POLYCAB-EQ | CVD=18505 vs Ref=33384 | Close=7617.50 vs VAH=7626.00
2026-02-04 10:44:32,019 [INFO]     NSE:TRENT-EQ | CVD=-15599 vs Ref=14406 | Close=3876.50 vs VAH=3874.30
2026-02-04 10:44:32,227 [INFO]     NSE:BSE-EQ | CVD=-109923 vs Ref=226141 | Close=2813.80 vs VAH=2892.50
2026-02-04 10:44:32,436 [INFO]     NSE:HDFCAMC-EQ | CVD=480080 vs Ref=494654 | Close=2711.40 vs VAH=2717.55
2026-02-04 10:44:32,659 [INFO]     NSE:APLAPOLLO-EQ | CVD=-123921 vs Ref=94426 | Close=2146.50 vs VAH=2162.55
2026-02-04 10:44:32,934 [INFO]     NSE:HINDPETRO-EQ | CVD=1754245 vs Ref=1861852 | Close=463.10 vs VAH=463.95
2026-02-04 10:44:33,180 [INFO]     NSE:COALINDIA-EQ | CVD=549511 vs Ref=542308 | Close=440.10 vs VAH=440.30
2026-02-04 10:44:33,427 [INFO]     NSE:BPCL-EQ | CVD=1235505 vs Ref=1362158 | Close=382.35 vs VAH=382.20
2026-02-04 10:44:33,654 [INFO]     NSE:NATIONALUM-EQ | CVD=-462485 vs Ref=35952 | Close=376.80 vs VAH=377.55
2026-02-04 10:44:33,915 [INFO]     NSE:TATAPOWER-EQ | CVD=350977 vs Ref=383647 | Close=370.60 vs VAH=371.00
2026-02-04 10:44:34,170 [INFO]     NSE:EXIDEIND-EQ | CVD=1249379 vs Ref=1572747 | Close=342.90 vs VAH=344.25
2026-02-04 10:44:34,408 [INFO]     NSE:ONGC-EQ | CVD=1411684 vs Ref=2488079 | Close=268.10 vs VAH=268.10
2026-02-04 10:44:34,640 [INFO]     NSE:ASHOKLEY-EQ | CVD=279702 vs Ref=931338 | Close=202.70 vs VAH=204.45
2026-02-04 10:44:34,880 [INFO]     NSE:IOC-EQ | CVD=5222245 vs Ref=5567212 | Close=173.13 vs VAH=173.20
2026-02-04 10:44:35,104 [INFO]     NSE:YESBANK-EQ | CVD=1220955 vs Ref=4291035 | Close=21.52 vs VAH=21.55
2026-02-04 10:45:35,106 [INFO] 🔍 Scanning for alerts on 15 symbols (5min)...
2026-02-04 10:45:35,367 [INFO]     NSE:POLYCAB-EQ | CVD=18505 vs Ref=33384 | Close=7617.50 vs VAH=7626.00
2026-02-04 10:45:35,625 [INFO]     NSE:TRENT-EQ | CVD=-15599 vs Ref=14406 | Close=3876.50 vs VAH=3874.30
2026-02-04 10:45:35,847 [INFO]     NSE:BSE-EQ | CVD=-109923 vs Ref=226141 | Close=2813.80 vs VAH=2892.50
2026-02-04 10:45:36,072 [INFO]     NSE:HDFCAMC-EQ | CVD=480080 vs Ref=494654 | Close=2711.40 vs VAH=2717.55
2026-02-04 10:45:36,314 [INFO]     NSE:APLAPOLLO-EQ | CVD=-123921 vs Ref=94426 | Close=2146.50 vs VAH=2162.55
2026-02-04 10:45:36,578 [INFO]     NSE:HINDPETRO-EQ | CVD=1754245 vs Ref=1861852 | Close=463.10 vs VAH=463.95
2026-02-04 10:45:36,813 [INFO]     NSE:COALINDIA-EQ | CVD=549511 vs Ref=542308 | Close=440.10 vs VAH=440.30
2026-02-04 10:45:37,075 [INFO]     NSE:BPCL-EQ | CVD=1235505 vs Ref=1362158 | Close=382.35 vs VAH=382.20
2026-02-04 10:45:37,303 [INFO]     NSE:NATIONALUM-EQ | CVD=-462485 vs Ref=35952 | Close=376.80 vs VAH=377.55
2026-02-04 10:45:37,554 [INFO]     NSE:TATAPOWER-EQ | CVD=350977 vs Ref=383647 | Close=370.60 vs VAH=371.00
2026-02-04 10:45:37,797 [INFO]     NSE:EXIDEIND-EQ | CVD=1249379 vs Ref=1572747 | Close=342.90 vs VAH=344.25
2026-02-04 10:45:38,036 [INFO]     NSE:ONGC-EQ | CVD=1411684 vs Ref=2488079 | Close=268.10 vs VAH=268.10
2026-02-04 10:45:38,334 [INFO]     NSE:ASHOKLEY-EQ | CVD=279702 vs Ref=931338 | Close=202.70 vs VAH=204.45
2026-02-04 10:45:38,560 [INFO]     NSE:IOC-EQ | CVD=5222245 vs Ref=5567212 | Close=173.13 vs VAH=173.20
2026-02-04 10:45:38,781 [INFO]     NSE:YESBANK-EQ | CVD=1220955 vs Ref=4291035 | Close=21.52 vs VAH=21.55
2026-02-04 10:46:38,782 [INFO] 🔍 Scanning for alerts on 15 symbols (5min)...
2026-02-04 10:46:39,025 [INFO]     NSE:POLYCAB-EQ | CVD=15787 vs Ref=33384 | Close=7606.00 vs VAH=7626.00
2026-02-04 10:46:39,235 [INFO]     NSE:TRENT-EQ | CVD=-14163 vs Ref=14406 | Close=3883.00 vs VAH=3874.30
2026-02-04 10:46:39,460 [INFO]     NSE:BSE-EQ | CVD=-104354 vs Ref=226141 | Close=2818.00 vs VAH=2892.50
2026-02-04 10:46:39,711 [INFO]     NSE:HDFCAMC-EQ | CVD=483309 vs Ref=494654 | Close=2711.90 vs VAH=2717.55
2026-02-04 10:46:39,994 [INFO]     NSE:APLAPOLLO-EQ | CVD=-122169 vs Ref=94426 | Close=2148.90 vs VAH=2162.55
2026-02-04 10:46:40,243 [INFO]     NSE:HINDPETRO-EQ | CVD=1724937 vs Ref=1861852 | Close=462.30 vs VAH=463.95
2026-02-04 10:46:40,482 [INFO]     NSE:COALINDIA-EQ | CVD=530237 vs Ref=542308 | Close=439.65 vs VAH=440.30
2026-02-04 10:46:40,784 [INFO]     NSE:BPCL-EQ | CVD=1232199 vs Ref=1362158 | Close=381.90 vs VAH=382.20
2026-02-04 10:46:41,026 [INFO]     NSE:NATIONALUM-EQ | CVD=-493437 vs Ref=35952 | Close=375.85 vs VAH=377.55
2026-02-04 10:46:41,252 [INFO]     NSE:TATAPOWER-EQ | CVD=336047 vs Ref=383647 | Close=370.90 vs VAH=371.00
2026-02-04 10:46:41,550 [INFO]     NSE:EXIDEIND-EQ | CVD=918437 vs Ref=1572747 | Close=341.35 vs VAH=344.25
2026-02-04 10:46:41,805 [INFO]     NSE:ONGC-EQ | CVD=1452587 vs Ref=2488079 | Close=267.90 vs VAH=268.10
2026-02-04 10:46:42,097 [INFO]     NSE:ASHOKLEY-EQ | CVD=290268 vs Ref=931338 | Close=202.74 vs VAH=204.45
2026-02-04 10:46:42,368 [INFO]     NSE:IOC-EQ | CVD=5099468 vs Ref=5567212 | Close=172.81 vs VAH=173.20
2026-02-04 10:46:42,576 [INFO]     NSE:YESBANK-EQ | CVD=1674787 vs Ref=4291035 | Close=21.52 vs VAH=21.55
2026-02-04 10:47:42,579 [INFO] 🔍 Scanning for alerts on 15 symbols (5min)...
2026-02-04 10:47:42,842 [INFO]     NSE:POLYCAB-EQ | CVD=15787 vs Ref=33384 | Close=7606.00 vs VAH=7626.00
2026-02-04 10:47:43,066 [INFO]     NSE:TRENT-EQ | CVD=-14163 vs Ref=14406 | Close=3883.00 vs VAH=3874.30
2026-02-04 10:47:43,280 [INFO]     NSE:BSE-EQ | CVD=-104354 vs Ref=226141 | Close=2818.00 vs VAH=2892.50
2026-02-04 10:47:43,498 [INFO]     NSE:HDFCAMC-EQ | CVD=483309 vs Ref=494654 | Close=2711.90 vs VAH=2717.55
2026-02-04 10:47:43,742 [INFO]     NSE:APLAPOLLO-EQ | CVD=-122169 vs Ref=94426 | Close=2148.90 vs VAH=2162.55
2026-02-04 10:47:44,000 [INFO]     NSE:HINDPETRO-EQ | CVD=1724937 vs Ref=1861852 | Close=462.30 vs VAH=463.95
2026-02-04 10:47:44,225 [INFO]     NSE:COALINDIA-EQ | CVD=530237 vs Ref=542308 | Close=439.65 vs VAH=440.30
2026-02-04 10:47:44,488 [INFO]     NSE:BPCL-EQ | CVD=1232199 vs Ref=1362158 | Close=381.90 vs VAH=382.20
2026-02-04 10:47:44,735 [INFO]     NSE:NATIONALUM-EQ | CVD=-493437 vs Ref=35952 | Close=375.85 vs VAH=377.55
2026-02-04 10:47:44,949 [INFO]     NSE:TATAPOWER-EQ | CVD=336047 vs Ref=383647 | Close=370.90 vs VAH=371.00
2026-02-04 10:47:45,200 [INFO]     NSE:EXIDEIND-EQ | CVD=918437 vs Ref=1572747 | Close=341.35 vs VAH=344.25
2026-02-04 10:47:45,462 [INFO]     NSE:ONGC-EQ | CVD=1452587 vs Ref=2488079 | Close=267.90 vs VAH=268.10
2026-02-04 10:47:45,758 [INFO]     NSE:ASHOKLEY-EQ | CVD=290268 vs Ref=931338 | Close=202.74 vs VAH=204.45
2026-02-04 10:47:46,025 [INFO]     NSE:IOC-EQ | CVD=5099468 vs Ref=5567212 | Close=172.81 vs VAH=173.20
2026-02-04 10:47:46,244 [INFO]     NSE:YESBANK-EQ | CVD=1674787 vs Ref=4291035 | Close=21.52 vs VAH=21.55
2026-02-04 10:48:46,245 [INFO] 🔍 Scanning for alerts on 15 symbols (5min)...
2026-02-04 10:48:46,536 [INFO]     NSE:POLYCAB-EQ | CVD=15787 vs Ref=33384 | Close=7606.00 vs VAH=7626.00
2026-02-04 10:48:48,393 [INFO]     NSE:TRENT-EQ | CVD=-14163 vs Ref=14406 | Close=3883.00 vs VAH=3874.30
2026-02-04 10:48:48,602 [INFO]     NSE:BSE-EQ | CVD=-104354 vs Ref=226141 | Close=2818.00 vs VAH=2892.50
2026-02-04 10:48:48,828 [INFO]     NSE:HDFCAMC-EQ | CVD=483309 vs Ref=494654 | Close=2711.90 vs VAH=2717.55
2026-02-04 10:48:49,072 [INFO]     NSE:APLAPOLLO-EQ | CVD=-122169 vs Ref=94426 | Close=2148.90 vs VAH=2162.55
2026-02-04 10:48:49,334 [INFO]     NSE:HINDPETRO-EQ | CVD=1724937 vs Ref=1861852 | Close=462.30 vs VAH=463.95
2026-02-04 10:48:49,572 [INFO]     NSE:COALINDIA-EQ | CVD=530237 vs Ref=542308 | Close=439.65 vs VAH=440.30
2026-02-04 10:48:49,835 [INFO]     NSE:BPCL-EQ | CVD=1232199 vs Ref=1362158 | Close=381.90 vs VAH=382.20
2026-02-04 10:48:50,114 [INFO]     NSE:NATIONALUM-EQ | CVD=-493437 vs Ref=35952 | Close=375.85 vs VAH=377.55
2026-02-04 10:48:50,335 [INFO]     NSE:TATAPOWER-EQ | CVD=336047 vs Ref=383647 | Close=370.90 vs VAH=371.00
2026-02-04 10:48:50,581 [INFO]     NSE:EXIDEIND-EQ | CVD=918437 vs Ref=1572747 | Close=341.35 vs VAH=344.25
2026-02-04 10:48:50,837 [INFO]     NSE:ONGC-EQ | CVD=1452587 vs Ref=2488079 | Close=267.90 vs VAH=268.10
2026-02-04 10:48:51,105 [INFO]     NSE:ASHOKLEY-EQ | CVD=290268 vs Ref=931338 | Close=202.74 vs VAH=204.45
2026-02-04 10:48:51,359 [INFO]     NSE:IOC-EQ | CVD=5099468 vs Ref=5567212 | Close=172.81 vs VAH=173.20
2026-02-04 10:48:51,581 [INFO]     NSE:YESBANK-EQ | CVD=1674787 vs Ref=4291035 | Close=21.52 vs VAH=21.55
2026-02-04 10:49:51,582 [INFO] 🔍 Scanning for alerts on 15 symbols (5min)...
2026-02-04 10:49:51,844 [INFO]     NSE:POLYCAB-EQ | CVD=15787 vs Ref=33384 | Close=7606.00 vs VAH=7626.00
2026-02-04 10:49:52,060 [INFO]     NSE:TRENT-EQ | CVD=-14163 vs Ref=14406 | Close=3883.00 vs VAH=3874.30
2026-02-04 10:49:52,277 [INFO]     NSE:BSE-EQ | CVD=-104354 vs Ref=226141 | Close=2818.00 vs VAH=2892.50
2026-02-04 10:49:54,263 [INFO]     NSE:HDFCAMC-EQ | CVD=483309 vs Ref=494654 | Close=2711.90 vs VAH=2717.55
2026-02-04 10:49:54,495 [INFO]     NSE:APLAPOLLO-EQ | CVD=-122169 vs Ref=94426 | Close=2148.90 vs VAH=2162.55
2026-02-04 10:49:54,741 [INFO]     NSE:HINDPETRO-EQ | CVD=1724937 vs Ref=1861852 | Close=462.30 vs VAH=463.95
2026-02-04 10:49:54,982 [INFO]     NSE:COALINDIA-EQ | CVD=530237 vs Ref=542308 | Close=439.65 vs VAH=440.30
2026-02-04 10:49:55,232 [INFO]     NSE:BPCL-EQ | CVD=1232199 vs Ref=1362158 | Close=381.90 vs VAH=382.20
2026-02-04 10:49:55,479 [INFO]     NSE:NATIONALUM-EQ | CVD=-493437 vs Ref=35952 | Close=375.85 vs VAH=377.55
2026-02-04 10:49:55,701 [INFO]     NSE:TATAPOWER-EQ | CVD=336047 vs Ref=383647 | Close=370.90 vs VAH=371.00
2026-02-04 10:49:55,939 [INFO]     NSE:EXIDEIND-EQ | CVD=918437 vs Ref=1572747 | Close=341.35 vs VAH=344.25
2026-02-04 10:49:56,204 [INFO]     NSE:ONGC-EQ | CVD=1452587 vs Ref=2488079 | Close=267.90 vs VAH=268.10
2026-02-04 10:49:56,442 [INFO]     NSE:ASHOKLEY-EQ | CVD=290268 vs Ref=931338 | Close=202.74 vs VAH=204.45
2026-02-04 10:49:56,696 [INFO]     NSE:IOC-EQ | CVD=5099468 vs Ref=5567212 | Close=172.81 vs VAH=173.20
2026-02-04 10:49:56,923 [INFO]     NSE:YESBANK-EQ | CVD=1674787 vs Ref=4291035 | Close=21.52 vs VAH=21.55
2026-02-04 10:50:56,925 [INFO] 🔍 Scanning for alerts on 15 symbols (5min)...
2026-02-04 10:50:57,232 [INFO]     NSE:POLYCAB-EQ | CVD=15787 vs Ref=33384 | Close=7606.00 vs VAH=7626.00
2026-02-04 10:50:57,489 [INFO]     NSE:TRENT-EQ | CVD=-14163 vs Ref=14406 | Close=3883.00 vs VAH=3874.30
2026-02-04 10:50:57,702 [INFO]     NSE:BSE-EQ | CVD=-104354 vs Ref=226141 | Close=2818.00 vs VAH=2892.50
2026-02-04 10:50:57,937 [INFO]     NSE:HDFCAMC-EQ | CVD=483309 vs Ref=494654 | Close=2711.90 vs VAH=2717.55
2026-02-04 10:50:58,170 [INFO]     NSE:APLAPOLLO-EQ | CVD=-122169 vs Ref=94426 | Close=2148.90 vs VAH=2162.55
2026-02-04 10:51:00,159 [INFO]     NSE:HINDPETRO-EQ | CVD=1724937 vs Ref=1861852 | Close=462.30 vs VAH=463.95
2026-02-04 10:51:00,370 [INFO]     NSE:COALINDIA-EQ | CVD=530237 vs Ref=542308 | Close=439.65 vs VAH=440.30
2026-02-04 10:51:00,607 [INFO]     NSE:BPCL-EQ | CVD=1232199 vs Ref=1362158 | Close=381.90 vs VAH=382.20
2026-02-04 10:51:00,861 [INFO]     NSE:NATIONALUM-EQ | CVD=-493437 vs Ref=35952 | Close=375.85 vs VAH=377.55
2026-02-04 10:51:01,226 [INFO]     NSE:TATAPOWER-EQ | CVD=336047 vs Ref=383647 | Close=370.90 vs VAH=371.00
2026-02-04 10:51:01,543 [INFO]     NSE:EXIDEIND-EQ | CVD=918437 vs Ref=1572747 | Close=341.35 vs VAH=344.25
2026-02-04 10:51:01,912 [INFO]     NSE:ONGC-EQ | CVD=1452587 vs Ref=2488079 | Close=267.90 vs VAH=268.10
2026-02-04 10:51:02,212 [INFO]     NSE:ASHOKLEY-EQ | CVD=290268 vs Ref=931338 | Close=202.74 vs VAH=204.45
2026-02-04 10:51:02,569 [INFO]     NSE:IOC-EQ | CVD=5031006 vs Ref=5567212 | Close=172.60 vs VAH=173.20
2026-02-04 10:51:02,893 [INFO]     NSE:YESBANK-EQ | CVD=2032566 vs Ref=4291035 | Close=21.53 vs VAH=21.55
2026-02-04 10:52:02,895 [INFO] 🔍 Scanning for alerts on 15 symbols (5min)...
2026-02-04 10:52:03,251 [INFO]     NSE:POLYCAB-EQ | CVD=16008 vs Ref=33384 | Close=7602.50 vs VAH=7626.00
2026-02-04 10:52:03,569 [INFO]     NSE:TRENT-EQ | CVD=-12985 vs Ref=14406 | Close=3885.00 vs VAH=3874.30
2026-02-04 10:52:03,909 [INFO]     NSE:BSE-EQ | CVD=-100115 vs Ref=226141 | Close=2817.00 vs VAH=2892.50
2026-02-04 10:52:04,249 [INFO]     NSE:HDFCAMC-EQ | CVD=494646 vs Ref=494654 | Close=2708.40 vs VAH=2717.55
2026-02-04 10:52:04,588 [INFO]     NSE:APLAPOLLO-EQ | CVD=-125364 vs Ref=94426 | Close=2148.00 vs VAH=2162.55
2026-02-04 10:52:04,934 [INFO]     NSE:HINDPETRO-EQ | CVD=1689630 vs Ref=1861852 | Close=460.50 vs VAH=463.95
2026-02-04 10:52:05,161 [INFO]     NSE:COALINDIA-EQ | CVD=565213 vs Ref=542308 | Close=439.70 vs VAH=440.30
2026-02-04 10:52:05,402 [INFO]     NSE:BPCL-EQ | CVD=1180939 vs Ref=1362158 | Close=381.15 vs VAH=382.20
2026-02-04 10:52:05,647 [INFO]     NSE:NATIONALUM-EQ | CVD=-460735 vs Ref=35952 | Close=375.75 vs VAH=377.55
2026-02-04 10:52:05,887 [INFO]     NSE:TATAPOWER-EQ | CVD=371213 vs Ref=383647 | Close=371.15 vs VAH=371.00
2026-02-04 10:52:06,185 [INFO]     NSE:EXIDEIND-EQ | CVD=924417 vs Ref=1572747 | Close=341.30 vs VAH=344.25
2026-02-04 10:52:06,421 [INFO]     NSE:ONGC-EQ | CVD=1523155 vs Ref=2488079 | Close=268.00 vs VAH=268.10
2026-02-04 10:52:06,658 [INFO]     NSE:ASHOKLEY-EQ | CVD=368686 vs Ref=931338 | Close=202.74 vs VAH=204.45
2026-02-04 10:52:06,933 [INFO]     NSE:IOC-EQ | CVD=5031006 vs Ref=5567212 | Close=172.60 vs VAH=173.20
2026-02-04 10:52:07,353 [INFO]     NSE:YESBANK-EQ | CVD=2032566 vs Ref=4291035 | Close=21.53 vs VAH=21.55
2026-02-04 10:53:07,355 [INFO] 🔍 Scanning for alerts on 15 symbols (5min)...
2026-02-04 10:53:07,586 [INFO]     NSE:POLYCAB-EQ | CVD=16008 vs Ref=33384 | Close=7602.50 vs VAH=7626.00
2026-02-04 10:53:07,817 [INFO]     NSE:TRENT-EQ | CVD=-12985 vs Ref=14406 | Close=3885.00 vs VAH=3874.30
2026-02-04 10:53:08,072 [INFO]     NSE:BSE-EQ | CVD=-100115 vs Ref=226141 | Close=2817.00 vs VAH=2892.50
2026-02-04 10:53:08,347 [INFO]     NSE:HDFCAMC-EQ | CVD=494646 vs Ref=494654 | Close=2708.40 vs VAH=2717.55
2026-02-04 10:53:08,577 [INFO]     NSE:APLAPOLLO-EQ | CVD=-125364 vs Ref=94426 | Close=2148.00 vs VAH=2162.55
2026-02-04 10:53:08,865 [INFO]     NSE:HINDPETRO-EQ | CVD=1689630 vs Ref=1861852 | Close=460.50 vs VAH=463.95
2026-02-04 10:53:09,100 [INFO]     NSE:COALINDIA-EQ | CVD=565213 vs Ref=542308 | Close=439.70 vs VAH=440.30
2026-02-04 10:53:09,349 [INFO]     NSE:BPCL-EQ | CVD=1180939 vs Ref=1362158 | Close=381.15 vs VAH=382.20
2026-02-04 10:53:09,607 [INFO]     NSE:NATIONALUM-EQ | CVD=-460735 vs Ref=35952 | Close=375.75 vs VAH=377.55
2026-02-04 10:53:09,851 [INFO]     NSE:TATAPOWER-EQ | CVD=371213 vs Ref=383647 | Close=371.15 vs VAH=371.00
2026-02-04 10:53:10,088 [INFO]     NSE:EXIDEIND-EQ | CVD=924417 vs Ref=1572747 | Close=341.30 vs VAH=344.25
2026-02-04 10:53:10,331 [INFO]     NSE:ONGC-EQ | CVD=1523155 vs Ref=2488079 | Close=268.00 vs VAH=268.10
2026-02-04 10:53:10,564 [INFO]     NSE:ASHOKLEY-EQ | CVD=368686 vs Ref=931338 | Close=202.74 vs VAH=204.45
2026-02-04 10:53:10,798 [INFO]     NSE:IOC-EQ | CVD=5031006 vs Ref=5567212 | Close=172.60 vs VAH=173.20
2026-02-04 10:53:11,050 [INFO]     NSE:YESBANK-EQ | CVD=2032566 vs Ref=4291035 | Close=21.53 vs VAH=21.55
2026-02-04 10:54:11,051 [INFO] 🔍 Scanning for alerts on 15 symbols (5min)...
2026-02-04 10:54:11,284 [INFO]     NSE:POLYCAB-EQ | CVD=16008 vs Ref=33384 | Close=7602.50 vs VAH=7626.00
2026-02-04 10:54:11,525 [INFO]     NSE:TRENT-EQ | CVD=-12985 vs Ref=14406 | Close=3885.00 vs VAH=3874.30
2026-02-04 10:54:11,750 [INFO]     NSE:BSE-EQ | CVD=-100115 vs Ref=226141 | Close=2817.00 vs VAH=2892.50
2026-02-04 10:54:12,061 [INFO]     NSE:HDFCAMC-EQ | CVD=494646 vs Ref=494654 | Close=2708.40 vs VAH=2717.55
2026-02-04 10:54:12,298 [INFO]     NSE:APLAPOLLO-EQ | CVD=-125364 vs Ref=94426 | Close=2148.00 vs VAH=2162.55
2026-02-04 10:54:12,545 [INFO]     NSE:HINDPETRO-EQ | CVD=1689630 vs Ref=1861852 | Close=460.50 vs VAH=463.95
2026-02-04 10:54:12,804 [INFO]     NSE:COALINDIA-EQ | CVD=565213 vs Ref=542308 | Close=439.70 vs VAH=440.30
2026-02-04 10:54:13,059 [INFO]     NSE:BPCL-EQ | CVD=1180939 vs Ref=1362158 | Close=381.15 vs VAH=382.20
2026-02-04 10:54:13,303 [INFO]     NSE:NATIONALUM-EQ | CVD=-460735 vs Ref=35952 | Close=375.75 vs VAH=377.55
2026-02-04 10:54:13,529 [INFO]     NSE:TATAPOWER-EQ | CVD=371213 vs Ref=383647 | Close=371.15 vs VAH=371.00
2026-02-04 10:54:13,771 [INFO]     NSE:EXIDEIND-EQ | CVD=924417 vs Ref=1572747 | Close=341.30 vs VAH=344.25
2026-02-04 10:54:14,026 [INFO]     NSE:ONGC-EQ | CVD=1523155 vs Ref=2488079 | Close=268.00 vs VAH=268.10
2026-02-04 10:54:14,269 [INFO]     NSE:ASHOKLEY-EQ | CVD=368686 vs Ref=931338 | Close=202.74 vs VAH=204.45
2026-02-04 10:54:14,561 [INFO]     NSE:IOC-EQ | CVD=5031006 vs Ref=5567212 | Close=172.60 vs VAH=173.20
2026-02-04 10:54:14,781 [INFO]     NSE:YESBANK-EQ | CVD=2032566 vs Ref=4291035 | Close=21.53 vs VAH=21.55
2026-02-04 10:55:14,783 [INFO] 🔍 Scanning for alerts on 15 symbols (5min)...
2026-02-04 10:55:15,102 [INFO]     NSE:POLYCAB-EQ | CVD=16008 vs Ref=33384 | Close=7602.50 vs VAH=7626.00
2026-02-04 10:55:15,361 [INFO]     NSE:TRENT-EQ | CVD=-12985 vs Ref=14406 | Close=3885.00 vs VAH=3874.30
2026-02-04 10:55:15,569 [INFO]     NSE:BSE-EQ | CVD=-100115 vs Ref=226141 | Close=2817.00 vs VAH=2892.50
2026-02-04 10:55:15,807 [INFO]     NSE:HDFCAMC-EQ | CVD=494646 vs Ref=494654 | Close=2708.40 vs VAH=2717.55
2026-02-04 10:55:16,047 [INFO]     NSE:APLAPOLLO-EQ | CVD=-125364 vs Ref=94426 | Close=2148.00 vs VAH=2162.55
2026-02-04 10:55:16,297 [INFO]     NSE:HINDPETRO-EQ | CVD=1689630 vs Ref=1861852 | Close=460.50 vs VAH=463.95
2026-02-04 10:55:16,535 [INFO]     NSE:COALINDIA-EQ | CVD=565213 vs Ref=542308 | Close=439.70 vs VAH=440.30
2026-02-04 10:55:16,797 [INFO]     NSE:BPCL-EQ | CVD=1180939 vs Ref=1362158 | Close=381.15 vs VAH=382.20
2026-02-04 10:55:17,037 [INFO]     NSE:NATIONALUM-EQ | CVD=-460735 vs Ref=35952 | Close=375.75 vs VAH=377.55
2026-02-04 10:55:17,283 [INFO]     NSE:TATAPOWER-EQ | CVD=371213 vs Ref=383647 | Close=371.15 vs VAH=371.00
2026-02-04 10:55:17,517 [INFO]     NSE:EXIDEIND-EQ | CVD=924417 vs Ref=1572747 | Close=341.30 vs VAH=344.25
2026-02-04 10:55:17,771 [INFO]     NSE:ONGC-EQ | CVD=1523155 vs Ref=2488079 | Close=268.00 vs VAH=268.10
2026-02-04 10:55:18,039 [INFO]     NSE:ASHOKLEY-EQ | CVD=368686 vs Ref=931338 | Close=202.74 vs VAH=204.45
2026-02-04 10:55:18,266 [INFO]     NSE:IOC-EQ | CVD=5031006 vs Ref=5567212 | Close=172.60 vs VAH=173.20
2026-02-04 10:55:18,484 [INFO]     NSE:YESBANK-EQ | CVD=2032566 vs Ref=4291035 | Close=21.53 vs VAH=21.55
2026-02-04 10:56:18,486 [INFO] 🔍 Scanning for alerts on 15 symbols (5min)...
2026-02-04 10:56:18,716 [INFO]     NSE:POLYCAB-EQ | CVD=15830 vs Ref=33384 | Close=7600.00 vs VAH=7626.00
2026-02-04 10:56:18,954 [INFO]     NSE:TRENT-EQ | CVD=-14195 vs Ref=14406 | Close=3882.10 vs VAH=3874.30
2026-02-04 10:56:19,263 [INFO]     NSE:BSE-EQ | CVD=-106462 vs Ref=226141 | Close=2816.70 vs VAH=2892.50
2026-02-04 10:56:19,500 [INFO]     NSE:HDFCAMC-EQ | CVD=485687 vs Ref=494654 | Close=2706.30 vs VAH=2717.55
2026-02-04 10:56:19,741 [INFO]     NSE:APLAPOLLO-EQ | CVD=-129461 vs Ref=94426 | Close=2148.00 vs VAH=2162.55
2026-02-04 10:56:20,000 [INFO]     NSE:HINDPETRO-EQ | CVD=1666156 vs Ref=1861852 | Close=460.05 vs VAH=463.95
2026-02-04 10:56:20,238 [INFO]     NSE:COALINDIA-EQ | CVD=534661 vs Ref=542308 | Close=438.75 vs VAH=440.30
2026-02-04 10:56:20,495 [INFO]     NSE:BPCL-EQ | CVD=1147639 vs Ref=1362158 | Close=380.75 vs VAH=382.20
2026-02-04 10:56:20,731 [INFO]     NSE:NATIONALUM-EQ | CVD=-456659 vs Ref=35952 | Close=376.35 vs VAH=377.55
2026-02-04 10:56:21,000 [INFO]     NSE:TATAPOWER-EQ | CVD=359667 vs Ref=383647 | Close=370.80 vs VAH=371.00
2026-02-04 10:56:21,221 [INFO]     NSE:EXIDEIND-EQ | CVD=991263 vs Ref=1572747 | Close=341.70 vs VAH=344.25
2026-02-04 10:56:21,467 [INFO]     NSE:ONGC-EQ | CVD=1638111 vs Ref=2488079 | Close=268.40 vs VAH=268.10
2026-02-04 10:56:21,703 [INFO]     NSE:ASHOKLEY-EQ | CVD=549842 vs Ref=931338 | Close=202.97 vs VAH=204.45
2026-02-04 10:56:21,939 [INFO]     NSE:IOC-EQ | CVD=5150452 vs Ref=5567212 | Close=172.70 vs VAH=173.20
2026-02-04 10:56:22,172 [INFO]     NSE:YESBANK-EQ | CVD=3173672 vs Ref=4291035 | Close=21.54 vs VAH=21.55
2026-02-04 10:57:22,174 [INFO] 🔍 Scanning for alerts on 15 symbols (5min)...
2026-02-04 10:57:22,452 [INFO]     NSE:POLYCAB-EQ | CVD=15830 vs Ref=33384 | Close=7600.00 vs VAH=7626.00
2026-02-04 10:57:22,677 [INFO]     NSE:TRENT-EQ | CVD=-14195 vs Ref=14406 | Close=3882.10 vs VAH=3874.30
2026-02-04 10:57:22,900 [INFO]     NSE:BSE-EQ | CVD=-106462 vs Ref=226141 | Close=2816.70 vs VAH=2892.50
2026-02-04 10:57:23,130 [INFO]     NSE:HDFCAMC-EQ | CVD=485687 vs Ref=494654 | Close=2706.30 vs VAH=2717.55
2026-02-04 10:57:23,449 [INFO]     NSE:APLAPOLLO-EQ | CVD=-129461 vs Ref=94426 | Close=2148.00 vs VAH=2162.55
2026-02-04 10:57:23,716 [INFO]     NSE:HINDPETRO-EQ | CVD=1666156 vs Ref=1861852 | Close=460.05 vs VAH=463.95
2026-02-04 10:57:23,939 [INFO]     NSE:COALINDIA-EQ | CVD=534661 vs Ref=542308 | Close=438.75 vs VAH=440.30
2026-02-04 10:57:24,196 [INFO]     NSE:BPCL-EQ | CVD=1147639 vs Ref=1362158 | Close=380.75 vs VAH=382.20
2026-02-04 10:57:24,434 [INFO]     NSE:NATIONALUM-EQ | CVD=-456659 vs Ref=35952 | Close=376.35 vs VAH=377.55
2026-02-04 10:57:24,691 [INFO]     NSE:TATAPOWER-EQ | CVD=359667 vs Ref=383647 | Close=370.80 vs VAH=371.00
2026-02-04 10:57:24,909 [INFO]     NSE:EXIDEIND-EQ | CVD=991263 vs Ref=1572747 | Close=341.70 vs VAH=344.25
2026-02-04 10:57:25,156 [INFO]     NSE:ONGC-EQ | CVD=1638111 vs Ref=2488079 | Close=268.40 vs VAH=268.10
2026-02-04 10:57:25,390 [INFO]     NSE:ASHOKLEY-EQ | CVD=549842 vs Ref=931338 | Close=202.97 vs VAH=204.45
2026-02-04 10:57:25,627 [INFO]     NSE:IOC-EQ | CVD=5150452 vs Ref=5567212 | Close=172.70 vs VAH=173.20
2026-02-04 10:57:25,896 [INFO]     NSE:YESBANK-EQ | CVD=3173672 vs Ref=4291035 | Close=21.54 vs VAH=21.55
2026-02-04 10:58:25,898 [INFO] 🔍 Scanning for alerts on 15 symbols (5min)...
2026-02-04 10:58:26,245 [INFO]     NSE:POLYCAB-EQ | CVD=15830 vs Ref=33384 | Close=7600.00 vs VAH=7626.00
2026-02-04 10:58:26,563 [INFO]     NSE:TRENT-EQ | CVD=-14195 vs Ref=14406 | Close=3882.10 vs VAH=3874.30
2026-02-04 10:58:26,836 [INFO]     NSE:BSE-EQ | CVD=-106462 vs Ref=226141 | Close=2816.70 vs VAH=2892.50
2026-02-04 10:58:27,094 [INFO]     NSE:HDFCAMC-EQ | CVD=485687 vs Ref=494654 | Close=2706.30 vs VAH=2717.55
2026-02-04 10:58:27,370 [INFO]     NSE:APLAPOLLO-EQ | CVD=-129461 vs Ref=94426 | Close=2148.00 vs VAH=2162.55
2026-02-04 10:58:27,682 [INFO]     NSE:HINDPETRO-EQ | CVD=1666156 vs Ref=1861852 | Close=460.05 vs VAH=463.95
2026-02-04 10:58:27,930 [INFO]     NSE:COALINDIA-EQ | CVD=534661 vs Ref=542308 | Close=438.75 vs VAH=440.30
2026-02-04 10:58:28,206 [INFO]     NSE:BPCL-EQ | CVD=1147639 vs Ref=1362158 | Close=380.75 vs VAH=382.20
2026-02-04 10:58:28,457 [INFO]     NSE:NATIONALUM-EQ | CVD=-456659 vs Ref=35952 | Close=376.35 vs VAH=377.55
2026-02-04 10:58:28,852 [INFO]     NSE:TATAPOWER-EQ | CVD=359667 vs Ref=383647 | Close=370.80 vs VAH=371.00
2026-02-04 10:58:29,116 [INFO]     NSE:EXIDEIND-EQ | CVD=991263 vs Ref=1572747 | Close=341.70 vs VAH=344.25
2026-02-04 10:58:29,394 [INFO]     NSE:ONGC-EQ | CVD=1638111 vs Ref=2488079 | Close=268.40 vs VAH=268.10
2026-02-04 10:58:29,634 [INFO]     NSE:ASHOKLEY-EQ | CVD=549842 vs Ref=931338 | Close=202.97 vs VAH=204.45
2026-02-04 10:58:29,906 [INFO]     NSE:IOC-EQ | CVD=5150452 vs Ref=5567212 | Close=172.70 vs VAH=173.20
2026-02-04 10:58:30,149 [INFO]     NSE:YESBANK-EQ | CVD=3173672 vs Ref=4291035 | Close=21.54 vs VAH=21.55
2026-02-04 10:59:30,151 [INFO] 🔍 Scanning for alerts on 15 symbols (5min)...
2026-02-04 10:59:30,385 [INFO]     NSE:POLYCAB-EQ | CVD=15830 vs Ref=33384 | Close=7600.00 vs VAH=7626.00
2026-02-04 10:59:30,622 [INFO]     NSE:TRENT-EQ | CVD=-14195 vs Ref=14406 | Close=3882.10 vs VAH=3874.30
2026-02-04 10:59:30,897 [INFO]     NSE:BSE-EQ | CVD=-106462 vs Ref=226141 | Close=2816.70 vs VAH=2892.50
2026-02-04 10:59:31,136 [INFO]     NSE:HDFCAMC-EQ | CVD=485687 vs Ref=494654 | Close=2706.30 vs VAH=2717.55
2026-02-04 10:59:31,377 [INFO]     NSE:APLAPOLLO-EQ | CVD=-129461 vs Ref=94426 | Close=2148.00 vs VAH=2162.55
2026-02-04 10:59:31,624 [INFO]     NSE:HINDPETRO-EQ | CVD=1666156 vs Ref=1861852 | Close=460.05 vs VAH=463.95
2026-02-04 10:59:31,855 [INFO]     NSE:COALINDIA-EQ | CVD=534661 vs Ref=542308 | Close=438.75 vs VAH=440.30
2026-02-04 10:59:32,143 [INFO]     NSE:BPCL-EQ | CVD=1147639 vs Ref=1362158 | Close=380.75 vs VAH=382.20
2026-02-04 10:59:32,398 [INFO]     NSE:NATIONALUM-EQ | CVD=-456659 vs Ref=35952 | Close=376.35 vs VAH=377.55
2026-02-04 10:59:32,613 [INFO]     NSE:TATAPOWER-EQ | CVD=359667 vs Ref=383647 | Close=370.80 vs VAH=371.00
2026-02-04 10:59:32,873 [INFO]     NSE:EXIDEIND-EQ | CVD=991263 vs Ref=1572747 | Close=341.70 vs VAH=344.25
2026-02-04 10:59:33,141 [INFO]     NSE:ONGC-EQ | CVD=1638111 vs Ref=2488079 | Close=268.40 vs VAH=268.10
2026-02-04 10:59:33,368 [INFO]     NSE:ASHOKLEY-EQ | CVD=549842 vs Ref=931338 | Close=202.97 vs VAH=204.45
2026-02-04 10:59:33,639 [INFO]     NSE:IOC-EQ | CVD=5150452 vs Ref=5567212 | Close=172.70 vs VAH=173.20
2026-02-04 10:59:33,906 [INFO]     NSE:YESBANK-EQ | CVD=3173672 vs Ref=4291035 | Close=21.54 vs VAH=21.55
2026-02-04 11:00:33,908 [INFO] 🔍 Scanning for alerts on 15 symbols (5min)...
2026-02-04 11:00:34,129 [INFO]     NSE:POLYCAB-EQ | CVD=15830 vs Ref=33384 | Close=7600.00 vs VAH=7626.00
2026-02-04 11:00:34,360 [INFO]     NSE:TRENT-EQ | CVD=-14195 vs Ref=14406 | Close=3882.10 vs VAH=3874.30
2026-02-04 11:00:34,583 [INFO]     NSE:BSE-EQ | CVD=-106462 vs Ref=226141 | Close=2816.70 vs VAH=2892.50
2026-02-04 11:00:34,830 [INFO]     NSE:HDFCAMC-EQ | CVD=485687 vs Ref=494654 | Close=2706.30 vs VAH=2717.55
2026-02-04 11:00:35,065 [INFO]     NSE:APLAPOLLO-EQ | CVD=-129461 vs Ref=94426 | Close=2148.00 vs VAH=2162.55
2026-02-04 11:00:35,353 [INFO]     NSE:HINDPETRO-EQ | CVD=1666156 vs Ref=1861852 | Close=460.05 vs VAH=463.95
2026-02-04 11:00:35,582 [INFO]     NSE:COALINDIA-EQ | CVD=534661 vs Ref=542308 | Close=438.75 vs VAH=440.30
2026-02-04 11:00:35,866 [INFO]     NSE:BPCL-EQ | CVD=1147639 vs Ref=1362158 | Close=380.75 vs VAH=382.20
2026-02-04 11:00:36,127 [INFO]     NSE:NATIONALUM-EQ | CVD=-456659 vs Ref=35952 | Close=376.35 vs VAH=377.55
2026-02-04 11:00:36,380 [INFO]     NSE:TATAPOWER-EQ | CVD=359667 vs Ref=383647 | Close=370.80 vs VAH=371.00
2026-02-04 11:00:36,628 [INFO]     NSE:EXIDEIND-EQ | CVD=991263 vs Ref=1572747 | Close=341.70 vs VAH=344.25
2026-02-04 11:00:36,886 [INFO]     NSE:ONGC-EQ | CVD=1638111 vs Ref=2488079 | Close=268.40 vs VAH=268.10
2026-02-04 11:00:37,142 [INFO]     NSE:ASHOKLEY-EQ | CVD=549842 vs Ref=931338 | Close=202.97 vs VAH=204.45
2026-02-04 11:00:37,417 [INFO]     NSE:IOC-EQ | CVD=5150452 vs Ref=5567212 | Close=172.70 vs VAH=173.20
2026-02-04 11:00:37,624 [INFO]     NSE:YESBANK-EQ | CVD=3173672 vs Ref=4291035 | Close=21.54 vs VAH=21.55
2026-02-04 11:01:37,625 [INFO] 🔍 Scanning for alerts on 15 symbols (5min)...
2026-02-04 11:01:37,896 [INFO]     NSE:POLYCAB-EQ | CVD=15803 vs Ref=33384 | Close=7596.50 vs VAH=7626.00
2026-02-04 11:01:38,119 [INFO]     NSE:TRENT-EQ | CVD=1750 vs Ref=14406 | Close=3898.10 vs VAH=3874.30
2026-02-04 11:01:38,344 [INFO]     NSE:BSE-EQ | CVD=-115615 vs Ref=226141 | Close=2811.00 vs VAH=2892.50
2026-02-04 11:01:38,564 [INFO]     NSE:HDFCAMC-EQ | CVD=517733 vs Ref=494654 | Close=2711.00 vs VAH=2717.55
2026-02-04 11:01:38,797 [INFO]     NSE:APLAPOLLO-EQ | CVD=-109509 vs Ref=94426 | Close=2150.30 vs VAH=2162.55
2026-02-04 11:01:39,040 [INFO]     NSE:HINDPETRO-EQ | CVD=1676139 vs Ref=1861852 | Close=459.85 vs VAH=463.95
2026-02-04 11:01:39,271 [INFO]     NSE:COALINDIA-EQ | CVD=561855 vs Ref=542308 | Close=438.80 vs VAH=440.30
2026-02-04 11:01:39,564 [INFO]     NSE:BPCL-EQ | CVD=1055397 vs Ref=1362158 | Close=378.85 vs VAH=382.20
2026-02-04 11:01:39,821 [INFO]     NSE:NATIONALUM-EQ | CVD=-569253 vs Ref=35952 | Close=374.55 vs VAH=377.55
2026-02-04 11:01:40,075 [INFO]     NSE:TATAPOWER-EQ | CVD=371892 vs Ref=383647 | Close=371.10 vs VAH=371.00
2026-02-04 11:01:40,370 [INFO]     NSE:EXIDEIND-EQ | CVD=1014929 vs Ref=1572747 | Close=341.70 vs VAH=344.25
2026-02-04 11:01:40,629 [INFO]     NSE:ONGC-EQ | CVD=1483177 vs Ref=2488079 | Close=268.10 vs VAH=268.10
2026-02-04 11:01:40,857 [INFO]     NSE:ASHOKLEY-EQ | CVD=444319 vs Ref=931338 | Close=202.69 vs VAH=204.45
2026-02-04 11:01:41,099 [INFO]     NSE:IOC-EQ | CVD=5056851 vs Ref=5567212 | Close=172.45 vs VAH=173.20
2026-02-04 11:01:41,330 [INFO]     NSE:YESBANK-EQ | CVD=1522882 vs Ref=4291035 | Close=21.49 vs VAH=21.55
2026-02-04 11:02:41,332 [INFO] 🔍 Scanning for alerts on 15 symbols (5min)...
2026-02-04 11:02:41,557 [INFO]     NSE:POLYCAB-EQ | CVD=15803 vs Ref=33384 | Close=7596.50 vs VAH=7626.00
2026-02-04 11:02:41,791 [INFO]     NSE:TRENT-EQ | CVD=1750 vs Ref=14406 | Close=3898.10 vs VAH=3874.30
2026-02-04 11:02:42,232 [INFO]     NSE:BSE-EQ | CVD=-115615 vs Ref=226141 | Close=2811.00 vs VAH=2892.50
2026-02-04 11:02:42,622 [INFO]     NSE:HDFCAMC-EQ | CVD=517733 vs Ref=494654 | Close=2711.00 vs VAH=2717.55
2026-02-04 11:02:43,014 [INFO]     NSE:APLAPOLLO-EQ | CVD=-109509 vs Ref=94426 | Close=2150.30 vs VAH=2162.55
2026-02-04 11:02:43,516 [INFO]     NSE:HINDPETRO-EQ | CVD=1676139 vs Ref=1861852 | Close=459.85 vs VAH=463.95
2026-02-04 11:02:43,868 [INFO]     NSE:COALINDIA-EQ | CVD=561855 vs Ref=542308 | Close=438.80 vs VAH=440.30
2026-02-04 11:02:44,306 [INFO]     NSE:BPCL-EQ | CVD=1055397 vs Ref=1362158 | Close=378.85 vs VAH=382.20
2026-02-04 11:02:46,462 [INFO]     NSE:NATIONALUM-EQ | CVD=-569253 vs Ref=35952 | Close=374.55 vs VAH=377.55
2026-02-04 11:02:49,083 [INFO]     NSE:TATAPOWER-EQ | CVD=371892 vs Ref=383647 | Close=371.10 vs VAH=371.00
2026-02-04 11:02:51,793 [INFO]     NSE:EXIDEIND-EQ | CVD=1014929 vs Ref=1572747 | Close=341.70 vs VAH=344.25
2026-02-04 11:02:54,030 [INFO]     NSE:ONGC-EQ | CVD=1483177 vs Ref=2488079 | Close=268.10 vs VAH=268.10
2026-02-04 11:02:56,090 [INFO]     NSE:ASHOKLEY-EQ | CVD=444319 vs Ref=931338 | Close=202.69 vs VAH=204.45
2026-02-04 11:02:56,856 [INFO]     NSE:IOC-EQ | CVD=5056851 vs Ref=5567212 | Close=172.45 vs VAH=173.20
2026-02-04 11:02:57,159 [INFO]     NSE:YESBANK-EQ | CVD=1522882 vs Ref=4291035 | Close=21.49 vs VAH=21.55
2026-02-04 11:03:57,160 [INFO] 🔍 Scanning for alerts on 15 symbols (5min)...
2026-02-04 11:03:57,434 [INFO]     NSE:POLYCAB-EQ | CVD=15803 vs Ref=33384 | Close=7596.50 vs VAH=7626.00
2026-02-04 11:03:57,692 [INFO]     NSE:TRENT-EQ | CVD=1750 vs Ref=14406 | Close=3898.10 vs VAH=3874.30
2026-02-04 11:03:57,999 [INFO]     NSE:BSE-EQ | CVD=-115615 vs Ref=226141 | Close=2811.00 vs VAH=2892.50
2026-02-04 11:03:58,252 [INFO]     NSE:HDFCAMC-EQ | CVD=517733 vs Ref=494654 | Close=2711.00 vs VAH=2717.55
2026-02-04 11:04:00,283 [INFO]     NSE:APLAPOLLO-EQ | CVD=-109509 vs Ref=94426 | Close=2150.30 vs VAH=2162.55
2026-02-04 11:04:00,603 [INFO]     NSE:HINDPETRO-EQ | CVD=1676139 vs Ref=1861852 | Close=459.85 vs VAH=463.95
2026-02-04 11:04:00,980 [INFO]     NSE:COALINDIA-EQ | CVD=561855 vs Ref=542308 | Close=438.80 vs VAH=440.30
2026-02-04 11:04:01,287 [INFO]     NSE:BPCL-EQ | CVD=1055397 vs Ref=1362158 | Close=378.85 vs VAH=382.20
2026-02-04 11:04:01,653 [INFO]     NSE:NATIONALUM-EQ | CVD=-569253 vs Ref=35952 | Close=374.55 vs VAH=377.55
2026-02-04 11:04:01,945 [INFO]     NSE:TATAPOWER-EQ | CVD=371892 vs Ref=383647 | Close=371.10 vs VAH=371.00
2026-02-04 11:04:02,293 [INFO]     NSE:EXIDEIND-EQ | CVD=1014929 vs Ref=1572747 | Close=341.70 vs VAH=344.25
2026-02-04 11:04:02,632 [INFO]     NSE:ONGC-EQ | CVD=1483177 vs Ref=2488079 | Close=268.10 vs VAH=268.10
2026-02-04 11:04:02,934 [INFO]     NSE:ASHOKLEY-EQ | CVD=444319 vs Ref=931338 | Close=202.69 vs VAH=204.45
2026-02-04 11:04:03,232 [INFO]     NSE:IOC-EQ | CVD=5056851 vs Ref=5567212 | Close=172.45 vs VAH=173.20
2026-02-04 11:04:03,529 [INFO]     NSE:YESBANK-EQ | CVD=1522882 vs Ref=4291035 | Close=21.49 vs VAH=21.55
2026-02-04 11:05:03,531 [INFO] 🔍 Scanning for alerts on 15 symbols (5min)...
2026-02-04 11:05:03,789 [INFO]     NSE:POLYCAB-EQ | CVD=15803 vs Ref=33384 | Close=7596.50 vs VAH=7626.00
2026-02-04 11:05:04,088 [INFO]     NSE:TRENT-EQ | CVD=1750 vs Ref=14406 | Close=3898.10 vs VAH=3874.30
2026-02-04 11:05:04,355 [INFO]     NSE:BSE-EQ | CVD=-115615 vs Ref=226141 | Close=2811.00 vs VAH=2892.50
2026-02-04 11:05:04,653 [INFO]     NSE:HDFCAMC-EQ | CVD=517733 vs Ref=494654 | Close=2711.00 vs VAH=2717.55
2026-02-04 11:05:04,976 [INFO]     NSE:APLAPOLLO-EQ | CVD=-109509 vs Ref=94426 | Close=2150.30 vs VAH=2162.55
2026-02-04 11:05:05,240 [INFO]     NSE:HINDPETRO-EQ | CVD=1676139 vs Ref=1861852 | Close=459.85 vs VAH=463.95
2026-02-04 11:05:05,552 [INFO]     NSE:COALINDIA-EQ | CVD=561855 vs Ref=542308 | Close=438.80 vs VAH=440.30
2026-02-04 11:05:05,867 [INFO]     NSE:BPCL-EQ | CVD=1055397 vs Ref=1362158 | Close=378.85 vs VAH=382.20
2026-02-04 11:05:06,198 [INFO]     NSE:NATIONALUM-EQ | CVD=-569253 vs Ref=35952 | Close=374.55 vs VAH=377.55
2026-02-04 11:05:06,458 [INFO]     NSE:TATAPOWER-EQ | CVD=371892 vs Ref=383647 | Close=371.10 vs VAH=371.00
2026-02-04 11:05:06,874 [INFO]     NSE:EXIDEIND-EQ | CVD=1014929 vs Ref=1572747 | Close=341.70 vs VAH=344.25
2026-02-04 11:05:07,210 [INFO]     NSE:ONGC-EQ | CVD=1483177 vs Ref=2488079 | Close=268.10 vs VAH=268.10
2026-02-04 11:05:07,473 [INFO]     NSE:ASHOKLEY-EQ | CVD=444319 vs Ref=931338 | Close=202.69 vs VAH=204.45
2026-02-04 11:05:07,747 [INFO]     NSE:IOC-EQ | CVD=5056851 vs Ref=5567212 | Close=172.45 vs VAH=173.20
2026-02-04 11:05:08,016 [INFO]     NSE:YESBANK-EQ | CVD=1522882 vs Ref=4291035 | Close=21.49 vs VAH=21.55
2026-02-04 11:06:08,018 [INFO] 🔍 Scanning for alerts on 15 symbols (5min)...
2026-02-04 11:06:08,374 [INFO]     NSE:POLYCAB-EQ | CVD=18082 vs Ref=33384 | Close=7614.00 vs VAH=7626.00
2026-02-04 11:06:08,685 [INFO] 🚀 [BUY ALERT] NSE:TRENT-EQ (5min) triggered at 11:00!
2026-02-04 11:06:08,686 [INFO]     ✨ LTP:   3917.90
2026-02-04 11:06:08,688 [INFO]     ✅ Price: 3917.90 > FRVP VAH: 3874.30
2026-02-04 11:06:08,689 [INFO]     ✅ CVD:   32001 > CVD Ref:  14406
2026-02-04 11:06:08,690 [INFO] 📡 Sending order request for NSE:TRENT-EQ to http://localhost:4000/postOrder...
2026-02-04 11:06:08,758 [INFO] 📩 Server Response: 200 - {"message":"Order execution triggered","status":"success","receivedData":{"ticker":"NSE:TRENT-EQ","action":"BUY","close":3917.9}}
2026-02-04 11:06:08,761 [INFO]     NSE:TRENT-EQ | CVD=32001 vs Ref=14406 | Close=3917.90 vs VAH=3874.30
2026-02-04 11:06:09,265 [INFO]     NSE:BSE-EQ | CVD=-94443 vs Ref=226141 | Close=2814.50 vs VAH=2892.50
2026-02-04 11:06:09,670 [INFO]     NSE:HDFCAMC-EQ | CVD=503511 vs Ref=494654 | Close=2710.00 vs VAH=2717.55
2026-02-04 11:06:10,092 [INFO]     NSE:APLAPOLLO-EQ | CVD=-106964 vs Ref=94426 | Close=2153.60 vs VAH=2162.55
2026-02-04 11:06:10,485 [INFO]     NSE:HINDPETRO-EQ | CVD=1755356 vs Ref=1861852 | Close=461.10 vs VAH=463.95
2026-02-04 11:06:10,841 [INFO]     NSE:COALINDIA-EQ | CVD=579509 vs Ref=542308 | Close=439.50 vs VAH=440.30
2026-02-04 11:06:11,235 [INFO]     NSE:BPCL-EQ | CVD=1217213 vs Ref=1362158 | Close=380.55 vs VAH=382.20
2026-02-04 11:06:11,480 [INFO] ==================================================
2026-02-04 11:06:11,480 [INFO] 🚀 INITIALIZING STRATEGY ALERTS (5min)
2026-02-04 11:06:11,481 [INFO] ==================================================
2026-02-04 11:06:11,482 [INFO] 📅 FRVP Configuration:
2026-02-04 11:06:11,482 [INFO]    • Range: 09:15 - 10:25
2026-02-04 11:06:11,483 [INFO]    • Rows: 24 | VA%: 70
2026-02-04 11:06:11,483 [INFO] 
🌊 CVD Configuration:
2026-02-04 11:06:11,484 [INFO]    • Anchor: D
2026-02-04 11:06:11,484 [INFO]    • Ref Candles: First 16 candles of the day
2026-02-04 11:06:11,485 [INFO] --------------------------------------------------
2026-02-04 11:06:11,485 [INFO] ⏳ calculating reference levels for all symbols...
2026-02-04 11:06:11,779 [INFO]     NSE:NATIONALUM-EQ | CVD=-549424 vs Ref=35952 | Close=374.55 vs VAH=377.55
2026-02-04 11:06:11,899 [INFO] ✅ NSE:POLYCAB-EQ       | CVD Ref (1st 16 c):  33384 | FRVP VAH:  7626.00
2026-02-04 11:06:12,153 [INFO] 🚀 [BUY ALERT] NSE:TATAPOWER-EQ (5min) triggered at 11:00!
2026-02-04 11:06:12,154 [INFO]     ✨ LTP:   371.05
2026-02-04 11:06:12,157 [INFO]     ✅ Price: 371.05 > FRVP VAH: 371.00
2026-02-04 11:06:12,158 [INFO]     ✅ CVD:   439656 > CVD Ref:  383647
2026-02-04 11:06:12,158 [INFO] 📡 Sending order request for NSE:TATAPOWER-EQ to http://localhost:4000/postOrder...
2026-02-04 11:06:12,169 [INFO] ✅ NSE:TRENT-EQ         | CVD Ref (1st 16 c):  14406 | FRVP VAH:  3874.30
2026-02-04 11:06:12,215 [INFO] 📩 Server Response: 200 - {"message":"Order execution triggered","status":"success","receivedData":{"ticker":"NSE:TATAPOWER-EQ","action":"BUY","close":371.05}}
2026-02-04 11:06:12,216 [INFO]     NSE:TATAPOWER-EQ | CVD=439656 vs Ref=383647 | Close=371.05 vs VAH=371.00
2026-02-04 11:06:12,465 [INFO] ✅ NSE:SIEMENS-EQ       | CVD Ref (1st 16 c):  39740 | FRVP VAH:  3292.80
2026-02-04 11:06:12,603 [INFO]     NSE:EXIDEIND-EQ | CVD=985892 vs Ref=1572747 | Close=340.85 vs VAH=344.25
2026-02-04 11:06:12,696 [INFO] ✅ NSE:BSE-EQ           | CVD Ref (1st 16 c): 226141 | FRVP VAH:  2892.50
2026-02-04 11:06:13,095 [INFO] ✅ NSE:HDFCAMC-EQ       | CVD Ref (1st 16 c): 494654 | FRVP VAH:  2717.55
2026-02-04 11:06:13,310 [INFO]     NSE:ONGC-EQ | CVD=1631204 vs Ref=2488079 | Close=268.40 vs VAH=268.10
2026-02-04 11:06:13,527 [INFO] ✅ NSE:APLAPOLLO-EQ     | CVD Ref (1st 16 c):  94426 | FRVP VAH:  2162.55
2026-02-04 11:06:13,726 [INFO]     NSE:ASHOKLEY-EQ | CVD=447275 vs Ref=931338 | Close=202.73 vs VAH=204.45
2026-02-04 11:06:13,792 [INFO] ✅ NSE:HINDPETRO-EQ     | CVD Ref (1st 16 c): 1861852 | FRVP VAH:   463.95
2026-02-04 11:06:14,071 [INFO] ✅ NSE:COALINDIA-EQ     | CVD Ref (1st 16 c): 542308 | FRVP VAH:   440.30
2026-02-04 11:06:14,098 [INFO]     NSE:IOC-EQ | CVD=5413225 vs Ref=5567212 | Close=173.04 vs VAH=173.20
2026-02-04 11:06:14,314 [INFO] ✅ NSE:BPCL-EQ          | CVD Ref (1st 16 c): 1362158 | FRVP VAH:   382.20
2026-02-04 11:06:14,530 [INFO]     NSE:YESBANK-EQ | CVD=1846826 vs Ref=4291035 | Close=21.52 vs VAH=21.55
2026-02-04 11:06:14,599 [INFO] ✅ NSE:NATIONALUM-EQ    | CVD Ref (1st 16 c):  35952 | FRVP VAH:   377.55
2026-02-04 11:06:14,839 [INFO] ✅ NSE:TATAPOWER-EQ     | CVD Ref (1st 16 c): 383647 | FRVP VAH:   371.00
2026-02-04 11:06:15,101 [INFO] ✅ NSE:EXIDEIND-EQ      | CVD Ref (1st 16 c): 1572747 | FRVP VAH:   344.25
2026-02-04 11:06:15,396 [INFO] ✅ NSE:ONGC-EQ          | CVD Ref (1st 16 c): 2488079 | FRVP VAH:   268.10
2026-02-04 11:06:15,622 [INFO] ✅ NSE:ASHOKLEY-EQ      | CVD Ref (1st 16 c): 931338 | FRVP VAH:   204.45
2026-02-04 11:06:15,840 [INFO] ✅ NSE:IOC-EQ           | CVD Ref (1st 16 c): 5567212 | FRVP VAH:   173.20
2026-02-04 11:06:16,056 [INFO] ✅ NSE:YESBANK-EQ       | CVD Ref (1st 16 c): 4291035 | FRVP VAH:    21.55
2026-02-04 11:06:16,056 [INFO] ==================================================

2026-02-04 11:06:16,057 [INFO] 🚀 Buy Alert Monitoring Started...
2026-02-04 11:06:16,058 [INFO] 🔍 Scanning for alerts on 16 symbols (5min)...
2026-02-04 11:06:16,357 [INFO]     NSE:POLYCAB-EQ | CVD=18082 vs Ref=33384 | Close=7614.00 vs VAH=7626.00
2026-02-04 11:06:16,692 [INFO] 🚀 [BUY ALERT] NSE:TRENT-EQ (5min) triggered at 11:00!
2026-02-04 11:06:16,692 [INFO]     ✨ LTP:   3917.90
2026-02-04 11:06:16,693 [INFO]     ✅ Price: 3917.90 > FRVP VAH: 3874.30
2026-02-04 11:06:16,693 [INFO]     ✅ CVD:   32001 > CVD Ref:  14406
2026-02-04 11:06:16,694 [INFO] 📡 Sending order request for NSE:TRENT-EQ to http://localhost:4000/postOrder...
2026-02-04 11:06:16,729 [INFO] 📩 Server Response: 200 - {"message":"Order execution triggered","status":"success","receivedData":{"ticker":"NSE:TRENT-EQ","action":"BUY","close":3917.9}}
2026-02-04 11:06:16,730 [INFO]     NSE:TRENT-EQ | CVD=32001 vs Ref=14406 | Close=3917.90 vs VAH=3874.30
2026-02-04 11:06:16,737 [INFO] ⏭️  Skipping NSE:SIEMENS-EQ: Already present in DB for today.
2026-02-04 11:06:17,269 [INFO]     NSE:BSE-EQ | CVD=-94443 vs Ref=226141 | Close=2814.50 vs VAH=2892.50
2026-02-04 11:06:17,609 [INFO]     NSE:HDFCAMC-EQ | CVD=503511 vs Ref=494654 | Close=2710.00 vs VAH=2717.55
2026-02-04 11:06:17,955 [INFO]     NSE:APLAPOLLO-EQ | CVD=-106964 vs Ref=94426 | Close=2153.60 vs VAH=2162.55
2026-02-04 11:06:18,236 [INFO]     NSE:HINDPETRO-EQ | CVD=1755356 vs Ref=1861852 | Close=461.10 vs VAH=463.95
2026-02-04 11:06:18,515 [INFO]     NSE:COALINDIA-EQ | CVD=579509 vs Ref=542308 | Close=439.50 vs VAH=440.30
2026-02-04 11:06:18,821 [INFO]     NSE:BPCL-EQ | CVD=1217213 vs Ref=1362158 | Close=380.55 vs VAH=382.20
2026-02-04 11:06:19,096 [INFO]     NSE:NATIONALUM-EQ | CVD=-549424 vs Ref=35952 | Close=374.55 vs VAH=377.55
2026-02-04 11:06:19,364 [INFO] 🚀 [BUY ALERT] NSE:TATAPOWER-EQ (5min) triggered at 11:00!
2026-02-04 11:06:19,365 [INFO]     ✨ LTP:   371.05
2026-02-04 11:06:19,365 [INFO]     ✅ Price: 371.05 > FRVP VAH: 371.00
2026-02-04 11:06:19,366 [INFO]     ✅ CVD:   439656 > CVD Ref:  383647
2026-02-04 11:06:19,366 [INFO] 📡 Sending order request for NSE:TATAPOWER-EQ to http://localhost:4000/postOrder...
2026-02-04 11:06:19,411 [INFO] 📩 Server Response: 200 - {"message":"Order execution triggered","status":"success","receivedData":{"ticker":"NSE:TATAPOWER-EQ","action":"BUY","close":371.05}}
2026-02-04 11:06:19,412 [INFO]     NSE:TATAPOWER-EQ | CVD=439656 vs Ref=383647 | Close=371.05 vs VAH=371.00
2026-02-04 11:06:19,706 [INFO]     NSE:EXIDEIND-EQ | CVD=985892 vs Ref=1572747 | Close=340.85 vs VAH=344.25
2026-02-04 11:06:20,081 [INFO]     NSE:ONGC-EQ | CVD=1631204 vs Ref=2488079 | Close=268.40 vs VAH=268.10
2026-02-04 11:06:20,400 [INFO]     NSE:ASHOKLEY-EQ | CVD=447275 vs Ref=931338 | Close=202.73 vs VAH=204.45
2026-02-04 11:06:20,711 [INFO]     NSE:IOC-EQ | CVD=5413225 vs Ref=5567212 | Close=173.04 vs VAH=173.20
2026-02-04 11:06:20,975 [INFO]     NSE:YESBANK-EQ | CVD=1846826 vs Ref=4291035 | Close=21.52 vs VAH=21.55
2026-02-04 11:06:22,290 [INFO] 👋  Buy Alert Monitoring stopped by user.
2026-02-04 11:07:14,534 [INFO] 🔍 Scanning for alerts on 13 symbols (5min)...
2026-02-04 11:07:14,986 [INFO]     NSE:POLYCAB-EQ | CVD=18082 vs Ref=33384 | Close=7614.00 vs VAH=7626.00
2026-02-04 11:07:15,263 [INFO]     NSE:BSE-EQ | CVD=-94443 vs Ref=226141 | Close=2814.50 vs VAH=2892.50
2026-02-04 11:07:15,602 [INFO]     NSE:HDFCAMC-EQ | CVD=503511 vs Ref=494654 | Close=2710.00 vs VAH=2717.55
2026-02-04 11:07:15,871 [INFO]     NSE:APLAPOLLO-EQ | CVD=-106964 vs Ref=94426 | Close=2153.60 vs VAH=2162.55
2026-02-04 11:07:16,133 [INFO]     NSE:HINDPETRO-EQ | CVD=1755356 vs Ref=1861852 | Close=461.10 vs VAH=463.95
2026-02-04 11:07:16,418 [INFO]     NSE:COALINDIA-EQ | CVD=579509 vs Ref=542308 | Close=439.50 vs VAH=440.30
2026-02-04 11:07:16,690 [INFO]     NSE:BPCL-EQ | CVD=1217213 vs Ref=1362158 | Close=380.55 vs VAH=382.20
2026-02-04 11:07:16,942 [INFO]     NSE:NATIONALUM-EQ | CVD=-549424 vs Ref=35952 | Close=374.55 vs VAH=377.55
2026-02-04 11:07:17,200 [INFO]     NSE:EXIDEIND-EQ | CVD=985892 vs Ref=1572747 | Close=340.85 vs VAH=344.25
2026-02-04 11:07:17,485 [INFO]     NSE:ONGC-EQ | CVD=1631204 vs Ref=2488079 | Close=268.40 vs VAH=268.10
2026-02-04 11:07:17,747 [INFO]     NSE:ASHOKLEY-EQ | CVD=447275 vs Ref=931338 | Close=202.73 vs VAH=204.45
2026-02-04 11:07:18,025 [INFO]     NSE:IOC-EQ | CVD=5413225 vs Ref=5567212 | Close=173.04 vs VAH=173.20
2026-02-04 11:07:18,272 [INFO]     NSE:YESBANK-EQ | CVD=1846826 vs Ref=4291035 | Close=21.52 vs VAH=21.55
2026-02-04 11:08:18,274 [INFO] 🔍 Scanning for alerts on 13 symbols (5min)...
2026-02-04 11:08:18,504 [INFO]     NSE:POLYCAB-EQ | CVD=18082 vs Ref=33384 | Close=7614.00 vs VAH=7626.00
2026-02-04 11:08:18,745 [INFO]     NSE:BSE-EQ | CVD=-94443 vs Ref=226141 | Close=2814.50 vs VAH=2892.50
2026-02-04 11:08:18,980 [INFO]     NSE:HDFCAMC-EQ | CVD=503511 vs Ref=494654 | Close=2710.00 vs VAH=2717.55
2026-02-04 11:08:19,225 [INFO]     NSE:APLAPOLLO-EQ | CVD=-106964 vs Ref=94426 | Close=2153.60 vs VAH=2162.55
2026-02-04 11:08:19,484 [INFO]     NSE:HINDPETRO-EQ | CVD=1755356 vs Ref=1861852 | Close=461.10 vs VAH=463.95
2026-02-04 11:08:19,722 [INFO]     NSE:COALINDIA-EQ | CVD=579509 vs Ref=542308 | Close=439.50 vs VAH=440.30
2026-02-04 11:08:20,035 [INFO]     NSE:BPCL-EQ | CVD=1217213 vs Ref=1362158 | Close=380.55 vs VAH=382.20
2026-02-04 11:08:20,281 [INFO]     NSE:NATIONALUM-EQ | CVD=-549424 vs Ref=35952 | Close=374.55 vs VAH=377.55
2026-02-04 11:08:20,570 [INFO]     NSE:EXIDEIND-EQ | CVD=985892 vs Ref=1572747 | Close=340.85 vs VAH=344.25
2026-02-04 11:08:20,810 [INFO]     NSE:ONGC-EQ | CVD=1631204 vs Ref=2488079 | Close=268.40 vs VAH=268.10
2026-02-04 11:08:21,074 [INFO]     NSE:ASHOKLEY-EQ | CVD=447275 vs Ref=931338 | Close=202.73 vs VAH=204.45
2026-02-04 11:08:21,335 [INFO]     NSE:IOC-EQ | CVD=5413225 vs Ref=5567212 | Close=173.04 vs VAH=173.20
2026-02-04 11:08:21,593 [INFO]     NSE:YESBANK-EQ | CVD=1846826 vs Ref=4291035 | Close=21.52 vs VAH=21.55
2026-02-04 11:09:21,595 [INFO] 🔍 Scanning for alerts on 13 symbols (5min)...
2026-02-04 11:09:21,846 [INFO]     NSE:POLYCAB-EQ | CVD=18082 vs Ref=33384 | Close=7614.00 vs VAH=7626.00
2026-02-04 11:09:22,125 [INFO]     NSE:BSE-EQ | CVD=-94443 vs Ref=226141 | Close=2814.50 vs VAH=2892.50
2026-02-04 11:09:22,379 [INFO]     NSE:HDFCAMC-EQ | CVD=503511 vs Ref=494654 | Close=2710.00 vs VAH=2717.55
2026-02-04 11:09:22,674 [INFO]     NSE:APLAPOLLO-EQ | CVD=-106964 vs Ref=94426 | Close=2153.60 vs VAH=2162.55
2026-02-04 11:09:22,932 [INFO]     NSE:HINDPETRO-EQ | CVD=1755356 vs Ref=1861852 | Close=461.10 vs VAH=463.95
2026-02-04 11:09:23,214 [INFO]     NSE:COALINDIA-EQ | CVD=579509 vs Ref=542308 | Close=439.50 vs VAH=440.30
2026-02-04 11:09:23,473 [INFO]     NSE:BPCL-EQ | CVD=1217213 vs Ref=1362158 | Close=380.55 vs VAH=382.20
2026-02-04 11:09:23,898 [INFO]     NSE:NATIONALUM-EQ | CVD=-549424 vs Ref=35952 | Close=374.55 vs VAH=377.55
2026-02-04 11:09:24,174 [INFO]     NSE:EXIDEIND-EQ | CVD=985892 vs Ref=1572747 | Close=340.85 vs VAH=344.25
2026-02-04 11:09:24,457 [INFO]     NSE:ONGC-EQ | CVD=1631204 vs Ref=2488079 | Close=268.40 vs VAH=268.10
2026-02-04 11:09:24,724 [INFO]     NSE:ASHOKLEY-EQ | CVD=447275 vs Ref=931338 | Close=202.73 vs VAH=204.45
2026-02-04 11:09:24,993 [INFO]     NSE:IOC-EQ | CVD=5413225 vs Ref=5567212 | Close=173.04 vs VAH=173.20
2026-02-04 11:09:25,260 [INFO]     NSE:YESBANK-EQ | CVD=1846826 vs Ref=4291035 | Close=21.52 vs VAH=21.55
2026-02-04 11:10:25,263 [INFO] 🔍 Scanning for alerts on 13 symbols (5min)...
2026-02-04 11:10:25,500 [INFO]     NSE:POLYCAB-EQ | CVD=18082 vs Ref=33384 | Close=7614.00 vs VAH=7626.00
2026-02-04 11:10:25,731 [INFO]     NSE:BSE-EQ | CVD=-94443 vs Ref=226141 | Close=2814.50 vs VAH=2892.50
2026-02-04 11:10:26,035 [INFO]     NSE:HDFCAMC-EQ | CVD=503511 vs Ref=494654 | Close=2710.00 vs VAH=2717.55
2026-02-04 11:10:26,426 [INFO]     NSE:APLAPOLLO-EQ | CVD=-106964 vs Ref=94426 | Close=2153.60 vs VAH=2162.55
2026-02-04 11:10:26,787 [INFO]     NSE:HINDPETRO-EQ | CVD=1755356 vs Ref=1861852 | Close=461.10 vs VAH=463.95
2026-02-04 11:10:27,052 [INFO]     NSE:COALINDIA-EQ | CVD=579509 vs Ref=542308 | Close=439.50 vs VAH=440.30
2026-02-04 11:10:27,349 [INFO]     NSE:BPCL-EQ | CVD=1217213 vs Ref=1362158 | Close=380.55 vs VAH=382.20
2026-02-04 11:10:27,592 [INFO]     NSE:NATIONALUM-EQ | CVD=-549424 vs Ref=35952 | Close=374.55 vs VAH=377.55
2026-02-04 11:10:27,945 [INFO]     NSE:EXIDEIND-EQ | CVD=985892 vs Ref=1572747 | Close=340.85 vs VAH=344.25
2026-02-04 11:10:28,248 [INFO]     NSE:ONGC-EQ | CVD=1631204 vs Ref=2488079 | Close=268.40 vs VAH=268.10
2026-02-04 11:10:28,517 [INFO]     NSE:ASHOKLEY-EQ | CVD=447275 vs Ref=931338 | Close=202.73 vs VAH=204.45
2026-02-04 11:10:28,992 [INFO]     NSE:IOC-EQ | CVD=5413225 vs Ref=5567212 | Close=173.04 vs VAH=173.20
2026-02-04 11:10:29,292 [INFO]     NSE:YESBANK-EQ | CVD=1846826 vs Ref=4291035 | Close=21.52 vs VAH=21.55
2026-02-04 11:11:29,294 [INFO] 🔍 Scanning for alerts on 13 symbols (5min)...
2026-02-04 11:11:29,542 [INFO]     NSE:POLYCAB-EQ | CVD=16072 vs Ref=33384 | Close=7598.50 vs VAH=7626.00
2026-02-04 11:11:29,802 [INFO]     NSE:BSE-EQ | CVD=-152170 vs Ref=226141 | Close=2805.00 vs VAH=2892.50
2026-02-04 11:11:30,095 [INFO]     NSE:HDFCAMC-EQ | CVD=499281 vs Ref=494654 | Close=2708.10 vs VAH=2717.55
2026-02-04 11:11:30,352 [INFO]     NSE:APLAPOLLO-EQ | CVD=-97870 vs Ref=94426 | Close=2158.80 vs VAH=2162.55
2026-02-04 11:11:30,594 [INFO]     NSE:HINDPETRO-EQ | CVD=1758112 vs Ref=1861852 | Close=460.80 vs VAH=463.95
2026-02-04 11:11:30,875 [INFO]     NSE:COALINDIA-EQ | CVD=489909 vs Ref=542308 | Close=438.05 vs VAH=440.30
2026-02-04 11:11:31,145 [INFO]     NSE:BPCL-EQ | CVD=1225910 vs Ref=1362158 | Close=381.00 vs VAH=382.20
2026-02-04 11:11:31,388 [INFO]     NSE:NATIONALUM-EQ | CVD=-655121 vs Ref=35952 | Close=373.25 vs VAH=377.55
2026-02-04 11:11:31,633 [INFO]     NSE:EXIDEIND-EQ | CVD=959473 vs Ref=1572747 | Close=340.90 vs VAH=344.25
2026-02-04 11:11:31,926 [INFO]     NSE:ONGC-EQ | CVD=2087608 vs Ref=2488079 | Close=269.05 vs VAH=268.10
2026-02-04 11:11:32,159 [INFO]     NSE:ASHOKLEY-EQ | CVD=427200 vs Ref=931338 | Close=202.54 vs VAH=204.45
2026-02-04 11:11:32,431 [INFO]     NSE:IOC-EQ | CVD=5314625 vs Ref=5567212 | Close=172.77 vs VAH=173.20
2026-02-04 11:11:32,679 [INFO]     NSE:YESBANK-EQ | CVD=2706836 vs Ref=4291035 | Close=21.51 vs VAH=21.55
2026-02-04 11:12:32,680 [INFO] 🔍 Scanning for alerts on 13 symbols (5min)...
2026-02-04 11:12:32,962 [INFO]     NSE:POLYCAB-EQ | CVD=16072 vs Ref=33384 | Close=7598.50 vs VAH=7626.00
2026-02-04 11:12:33,207 [INFO]     NSE:BSE-EQ | CVD=-152170 vs Ref=226141 | Close=2805.00 vs VAH=2892.50
2026-02-04 11:12:33,488 [INFO]     NSE:HDFCAMC-EQ | CVD=499281 vs Ref=494654 | Close=2708.10 vs VAH=2717.55
2026-02-04 11:12:33,788 [INFO]     NSE:APLAPOLLO-EQ | CVD=-97870 vs Ref=94426 | Close=2158.80 vs VAH=2162.55
2026-02-04 11:12:34,058 [INFO]     NSE:HINDPETRO-EQ | CVD=1758112 vs Ref=1861852 | Close=460.80 vs VAH=463.95
2026-02-04 11:12:34,348 [INFO]     NSE:COALINDIA-EQ | CVD=489909 vs Ref=542308 | Close=438.05 vs VAH=440.30
2026-02-04 11:12:34,624 [INFO]     NSE:BPCL-EQ | CVD=1225910 vs Ref=1362158 | Close=381.00 vs VAH=382.20
2026-02-04 11:12:34,904 [INFO]     NSE:NATIONALUM-EQ | CVD=-655121 vs Ref=35952 | Close=373.25 vs VAH=377.55
2026-02-04 11:12:35,221 [INFO]     NSE:EXIDEIND-EQ | CVD=959473 vs Ref=1572747 | Close=340.90 vs VAH=344.25
2026-02-04 11:12:35,510 [INFO]     NSE:ONGC-EQ | CVD=2087608 vs Ref=2488079 | Close=269.05 vs VAH=268.10
2026-02-04 11:12:35,763 [INFO]     NSE:ASHOKLEY-EQ | CVD=427200 vs Ref=931338 | Close=202.54 vs VAH=204.45
2026-02-04 11:12:36,076 [INFO]     NSE:IOC-EQ | CVD=5314625 vs Ref=5567212 | Close=172.77 vs VAH=173.20
2026-02-04 11:12:36,338 [INFO]     NSE:YESBANK-EQ | CVD=2706836 vs Ref=4291035 | Close=21.51 vs VAH=21.55
2026-02-04 11:13:36,340 [INFO] 🔍 Scanning for alerts on 13 symbols (5min)...
2026-02-04 11:13:36,605 [INFO]     NSE:POLYCAB-EQ | CVD=16072 vs Ref=33384 | Close=7598.50 vs VAH=7626.00
2026-02-04 11:13:36,845 [INFO]     NSE:BSE-EQ | CVD=-152170 vs Ref=226141 | Close=2805.00 vs VAH=2892.50
2026-02-04 11:13:38,666 [INFO]     NSE:HDFCAMC-EQ | CVD=499281 vs Ref=494654 | Close=2708.10 vs VAH=2717.55
2026-02-04 11:13:38,947 [INFO]     NSE:APLAPOLLO-EQ | CVD=-97870 vs Ref=94426 | Close=2158.80 vs VAH=2162.55
2026-02-04 11:13:39,210 [INFO]     NSE:HINDPETRO-EQ | CVD=1758112 vs Ref=1861852 | Close=460.80 vs VAH=463.95
2026-02-04 11:13:39,450 [INFO]     NSE:COALINDIA-EQ | CVD=489909 vs Ref=542308 | Close=438.05 vs VAH=440.30
2026-02-04 11:13:39,772 [INFO]     NSE:BPCL-EQ | CVD=1225910 vs Ref=1362158 | Close=381.00 vs VAH=382.20
2026-02-04 11:13:40,080 [INFO]     NSE:NATIONALUM-EQ | CVD=-655121 vs Ref=35952 | Close=373.25 vs VAH=377.55
2026-02-04 11:13:40,396 [INFO]     NSE:EXIDEIND-EQ | CVD=959473 vs Ref=1572747 | Close=340.90 vs VAH=344.25
2026-02-04 11:13:40,721 [INFO]     NSE:ONGC-EQ | CVD=2087608 vs Ref=2488079 | Close=269.05 vs VAH=268.10
2026-02-04 11:13:40,968 [INFO]     NSE:ASHOKLEY-EQ | CVD=427200 vs Ref=931338 | Close=202.54 vs VAH=204.45
2026-02-04 11:13:41,247 [INFO]     NSE:IOC-EQ | CVD=5314625 vs Ref=5567212 | Close=172.77 vs VAH=173.20
2026-02-04 11:13:41,499 [INFO]     NSE:YESBANK-EQ | CVD=2706836 vs Ref=4291035 | Close=21.51 vs VAH=21.55
2026-02-04 11:14:41,500 [INFO] 🔍 Scanning for alerts on 13 symbols (5min)...
2026-02-04 11:14:41,768 [INFO]     NSE:POLYCAB-EQ | CVD=16072 vs Ref=33384 | Close=7598.50 vs VAH=7626.00
2026-02-04 11:14:42,027 [INFO]     NSE:BSE-EQ | CVD=-152170 vs Ref=226141 | Close=2805.00 vs VAH=2892.50
2026-02-04 11:14:42,289 [INFO]     NSE:HDFCAMC-EQ | CVD=499281 vs Ref=494654 | Close=2708.10 vs VAH=2717.55
2026-02-04 11:14:42,534 [INFO]     NSE:APLAPOLLO-EQ | CVD=-97870 vs Ref=94426 | Close=2158.80 vs VAH=2162.55
2026-02-04 11:14:42,880 [INFO]     NSE:HINDPETRO-EQ | CVD=1758112 vs Ref=1861852 | Close=460.80 vs VAH=463.95
2026-02-04 11:14:43,140 [INFO]     NSE:COALINDIA-EQ | CVD=489909 vs Ref=542308 | Close=438.05 vs VAH=440.30
2026-02-04 11:14:43,418 [INFO]     NSE:BPCL-EQ | CVD=1225910 vs Ref=1362158 | Close=381.00 vs VAH=382.20
2026-02-04 11:14:43,772 [INFO]     NSE:NATIONALUM-EQ | CVD=-655121 vs Ref=35952 | Close=373.25 vs VAH=377.55
2026-02-04 11:14:44,100 [INFO]     NSE:EXIDEIND-EQ | CVD=959473 vs Ref=1572747 | Close=340.90 vs VAH=344.25
2026-02-04 11:14:44,417 [INFO]     NSE:ONGC-EQ | CVD=2087608 vs Ref=2488079 | Close=269.05 vs VAH=268.10
2026-02-04 11:14:44,724 [INFO]     NSE:ASHOKLEY-EQ | CVD=427200 vs Ref=931338 | Close=202.54 vs VAH=204.45
2026-02-04 11:14:45,099 [INFO]     NSE:IOC-EQ | CVD=5314625 vs Ref=5567212 | Close=172.77 vs VAH=173.20
2026-02-04 11:14:45,413 [INFO]     NSE:YESBANK-EQ | CVD=2706836 vs Ref=4291035 | Close=21.51 vs VAH=21.55
2026-02-04 11:15:15,177 [INFO] 👋  Buy Alert Monitoring stopped by user.
2026-02-04 11:15:20,198 [INFO] ==================================================
2026-02-04 11:15:20,199 [INFO] 🚀 INITIALIZING STRATEGY ALERTS (5min)
2026-02-04 11:15:20,199 [INFO] ==================================================
2026-02-04 11:15:20,200 [INFO] 📅 FRVP Configuration:
2026-02-04 11:15:20,200 [INFO]    • Range: 09:15 - 10:25
2026-02-04 11:15:20,201 [INFO]    • Rows: 24 | VA%: 70
2026-02-04 11:15:20,201 [INFO] 
🌊 CVD Configuration:
2026-02-04 11:15:20,202 [INFO]    • Anchor: D
2026-02-04 11:15:20,202 [INFO]    • Ref Candles: First 16 candles of the day
2026-02-04 11:15:20,202 [INFO] --------------------------------------------------
2026-02-04 11:15:20,203 [INFO] ⏳ calculating reference levels for all symbols...
2026-02-04 11:15:20,397 [INFO] ✅ NSE:POLYCAB-EQ       | CVD Ref (1st 16 c):  33384 | FRVP VAH:  7626.00
2026-02-04 11:15:20,587 [INFO] ✅ NSE:TRENT-EQ         | CVD Ref (1st 16 c):  14406 | FRVP VAH:  3874.30
2026-02-04 11:15:20,785 [INFO] ✅ NSE:SIEMENS-EQ       | CVD Ref (1st 16 c):  39740 | FRVP VAH:  3292.80
2026-02-04 11:15:20,981 [INFO] ✅ NSE:BSE-EQ           | CVD Ref (1st 16 c): 226141 | FRVP VAH:  2892.50
2026-02-04 11:15:21,171 [INFO] ✅ NSE:HDFCAMC-EQ       | CVD Ref (1st 16 c): 494654 | FRVP VAH:  2717.55
2026-02-04 11:15:21,383 [INFO] ✅ NSE:APLAPOLLO-EQ     | CVD Ref (1st 16 c):  94426 | FRVP VAH:  2162.55
2026-02-04 11:15:21,608 [INFO] ✅ NSE:HINDPETRO-EQ     | CVD Ref (1st 16 c): 1861852 | FRVP VAH:   463.95
2026-02-04 11:15:21,903 [INFO] ✅ NSE:COALINDIA-EQ     | CVD Ref (1st 16 c): 542308 | FRVP VAH:   440.30
2026-02-04 11:15:22,162 [INFO] ✅ NSE:BPCL-EQ          | CVD Ref (1st 16 c): 1362158 | FRVP VAH:   382.20
2026-02-04 11:15:22,395 [INFO] ✅ NSE:NATIONALUM-EQ    | CVD Ref (1st 16 c):  35952 | FRVP VAH:   377.55
2026-02-04 11:15:22,632 [INFO] ✅ NSE:TATAPOWER-EQ     | CVD Ref (1st 16 c): 383647 | FRVP VAH:   371.00
2026-02-04 11:15:22,882 [INFO] ✅ NSE:EXIDEIND-EQ      | CVD Ref (1st 16 c): 1572747 | FRVP VAH:   344.25
2026-02-04 11:15:23,096 [INFO] ✅ NSE:ONGC-EQ          | CVD Ref (1st 16 c): 2488079 | FRVP VAH:   268.10
2026-02-04 11:15:23,310 [INFO] ✅ NSE:ASHOKLEY-EQ      | CVD Ref (1st 16 c): 931338 | FRVP VAH:   204.45
2026-02-04 11:15:23,498 [INFO] ✅ NSE:IOC-EQ           | CVD Ref (1st 16 c): 5567212 | FRVP VAH:   173.20
2026-02-04 11:15:23,711 [INFO] ✅ NSE:YESBANK-EQ       | CVD Ref (1st 16 c): 4291035 | FRVP VAH:    21.55
2026-02-04 11:15:23,712 [INFO] ==================================================

2026-02-04 11:15:23,713 [INFO] 🚀 Buy Alert Monitoring Started...
2026-02-04 11:15:23,713 [INFO] 🔍 Scanning for alerts on 16 symbols (5min)...
2026-02-04 11:15:24,008 [INFO]     NSE:POLYCAB-EQ | CVD=16072 vs Ref=33384 | Close=7598.50 vs VAH=7626.00
2026-02-04 11:15:24,290 [INFO] 📡 Sending order request for NSE:TRENT-EQ to http://localhost:4000/postOrder...
2026-02-04 11:15:24,327 [INFO] 📩 Server Response: 200 - {"message":"Order execution triggered","status":"success","receivedData":{"ticker":"NSE:TRENT-EQ","action":"BUY","close":3912.6}}
2026-02-04 11:15:24,328 [INFO]     NSE:TRENT-EQ | CVD=47348 vs Ref=14406 | Close=3912.60 vs VAH=3874.30
2026-02-04 11:15:24,332 [INFO] ⏭️  Skipping NSE:SIEMENS-EQ: Already present in DB for today.
2026-02-04 11:15:24,753 [INFO]     NSE:BSE-EQ | CVD=-152170 vs Ref=226141 | Close=2805.00 vs VAH=2892.50
2026-02-04 11:15:25,346 [INFO]     NSE:HDFCAMC-EQ | CVD=499281 vs Ref=494654 | Close=2708.10 vs VAH=2717.55
2026-02-04 11:15:25,756 [INFO]     NSE:APLAPOLLO-EQ | CVD=-97870 vs Ref=94426 | Close=2158.80 vs VAH=2162.55
2026-02-04 11:15:26,464 [INFO]     NSE:HINDPETRO-EQ | CVD=1758112 vs Ref=1861852 | Close=460.80 vs VAH=463.95
2026-02-04 11:15:27,100 [INFO]     NSE:COALINDIA-EQ | CVD=489909 vs Ref=542308 | Close=438.05 vs VAH=440.30
2026-02-04 11:15:27,578 [INFO]     NSE:BPCL-EQ | CVD=1225910 vs Ref=1362158 | Close=381.00 vs VAH=382.20
2026-02-04 11:15:27,951 [INFO]     NSE:NATIONALUM-EQ | CVD=-655121 vs Ref=35952 | Close=373.25 vs VAH=377.55
2026-02-04 11:15:28,309 [INFO]     NSE:TATAPOWER-EQ | CVD=420321 vs Ref=383647 | Close=370.40 vs VAH=371.00
2026-02-04 11:15:28,697 [INFO]     NSE:EXIDEIND-EQ | CVD=959473 vs Ref=1572747 | Close=340.90 vs VAH=344.25
2026-02-04 11:15:29,223 [INFO]     NSE:ONGC-EQ | CVD=2087608 vs Ref=2488079 | Close=269.05 vs VAH=268.10
2026-02-04 11:15:29,679 [INFO]     NSE:ASHOKLEY-EQ | CVD=427200 vs Ref=931338 | Close=202.54 vs VAH=204.45
2026-02-04 11:15:30,070 [INFO]     NSE:IOC-EQ | CVD=5314625 vs Ref=5567212 | Close=172.77 vs VAH=173.20
2026-02-04 11:15:30,453 [INFO]     NSE:YESBANK-EQ | CVD=2706836 vs Ref=4291035 | Close=21.51 vs VAH=21.55
2026-02-04 11:16:30,456 [INFO] 🔍 Scanning for alerts on 14 symbols (5min)...
2026-02-04 11:16:30,710 [INFO]     NSE:POLYCAB-EQ | CVD=15690 vs Ref=33384 | Close=7598.00 vs VAH=7626.00
2026-02-04 11:16:30,978 [INFO]     NSE:BSE-EQ | CVD=-124056 vs Ref=226141 | Close=2805.50 vs VAH=2892.50
2026-02-04 11:16:31,254 [INFO]     NSE:HDFCAMC-EQ | CVD=514555 vs Ref=494654 | Close=2710.70 vs VAH=2717.55
2026-02-04 11:16:31,576 [INFO]     NSE:APLAPOLLO-EQ | CVD=-95172 vs Ref=94426 | Close=2162.00 vs VAH=2162.55
2026-02-04 11:16:31,850 [INFO]     NSE:HINDPETRO-EQ | CVD=1706957 vs Ref=1861852 | Close=460.20 vs VAH=463.95
2026-02-04 11:16:32,120 [INFO]     NSE:COALINDIA-EQ | CVD=338221 vs Ref=542308 | Close=436.35 vs VAH=440.30
2026-02-04 11:16:32,416 [INFO]     NSE:BPCL-EQ | CVD=1152620 vs Ref=1362158 | Close=379.70 vs VAH=382.20
2026-02-04 11:16:32,684 [INFO]     NSE:NATIONALUM-EQ | CVD=-591343 vs Ref=35952 | Close=374.00 vs VAH=377.55
2026-02-04 11:16:33,004 [INFO]     NSE:TATAPOWER-EQ | CVD=385706 vs Ref=383647 | Close=369.75 vs VAH=371.00
2026-02-04 11:16:33,519 [INFO]     NSE:EXIDEIND-EQ | CVD=973635 vs Ref=1572747 | Close=340.80 vs VAH=344.25
2026-02-04 11:16:33,808 [INFO]     NSE:ONGC-EQ | CVD=1863778 vs Ref=2488079 | Close=268.35 vs VAH=268.10
2026-02-04 11:16:34,084 [INFO]     NSE:ASHOKLEY-EQ | CVD=-40578 vs Ref=931338 | Close=201.95 vs VAH=204.45
2026-02-04 11:16:34,374 [INFO]     NSE:IOC-EQ | CVD=5085582 vs Ref=5567212 | Close=172.31 vs VAH=173.20
2026-02-04 11:16:34,650 [INFO]     NSE:YESBANK-EQ | CVD=1927275 vs Ref=4291035 | Close=21.48 vs VAH=21.55
2026-02-04 11:17:34,651 [INFO] 🔍 Scanning for alerts on 14 symbols (5min)...
2026-02-04 11:17:34,955 [INFO]     NSE:POLYCAB-EQ | CVD=15690 vs Ref=33384 | Close=7598.00 vs VAH=7626.00
2026-02-04 11:17:35,232 [INFO]     NSE:BSE-EQ | CVD=-124056 vs Ref=226141 | Close=2805.50 vs VAH=2892.50
2026-02-04 11:17:35,538 [INFO]     NSE:HDFCAMC-EQ | CVD=514555 vs Ref=494654 | Close=2710.70 vs VAH=2717.55
2026-02-04 11:17:35,855 [INFO]     NSE:APLAPOLLO-EQ | CVD=-95172 vs Ref=94426 | Close=2162.00 vs VAH=2162.55
2026-02-04 11:17:36,192 [INFO]     NSE:HINDPETRO-EQ | CVD=1706957 vs Ref=1861852 | Close=460.20 vs VAH=463.95
2026-02-04 11:17:36,513 [INFO]     NSE:COALINDIA-EQ | CVD=338221 vs Ref=542308 | Close=436.35 vs VAH=440.30
2026-02-04 11:17:36,808 [INFO]     NSE:BPCL-EQ | CVD=1152620 vs Ref=1362158 | Close=379.70 vs VAH=382.20
2026-02-04 11:17:37,149 [INFO]     NSE:NATIONALUM-EQ | CVD=-591343 vs Ref=35952 | Close=374.00 vs VAH=377.55
2026-02-04 11:17:37,478 [INFO]     NSE:TATAPOWER-EQ | CVD=385706 vs Ref=383647 | Close=369.75 vs VAH=371.00
2026-02-04 11:17:37,835 [INFO]     NSE:EXIDEIND-EQ | CVD=973635 vs Ref=1572747 | Close=340.80 vs VAH=344.25
2026-02-04 11:17:38,171 [INFO]     NSE:ONGC-EQ | CVD=1863778 vs Ref=2488079 | Close=268.35 vs VAH=268.10
2026-02-04 11:17:38,439 [INFO]     NSE:ASHOKLEY-EQ | CVD=-40578 vs Ref=931338 | Close=201.95 vs VAH=204.45
2026-02-04 11:17:38,734 [INFO]     NSE:IOC-EQ | CVD=5085582 vs Ref=5567212 | Close=172.31 vs VAH=173.20
2026-02-04 11:17:39,053 [INFO]     NSE:YESBANK-EQ | CVD=1927275 vs Ref=4291035 | Close=21.48 vs VAH=21.55
2026-02-04 11:18:39,055 [INFO] 🔍 Scanning for alerts on 14 symbols (5min)...
2026-02-04 11:18:39,326 [INFO]     NSE:POLYCAB-EQ | CVD=15690 vs Ref=33384 | Close=7598.00 vs VAH=7626.00
2026-02-04 11:18:39,568 [INFO]     NSE:BSE-EQ | CVD=-124056 vs Ref=226141 | Close=2805.50 vs VAH=2892.50
2026-02-04 11:18:39,833 [INFO]     NSE:HDFCAMC-EQ | CVD=514555 vs Ref=494654 | Close=2710.70 vs VAH=2717.55
2026-02-04 11:18:40,096 [INFO]     NSE:APLAPOLLO-EQ | CVD=-95172 vs Ref=94426 | Close=2162.00 vs VAH=2162.55
2026-02-04 11:18:40,349 [INFO]     NSE:HINDPETRO-EQ | CVD=1706957 vs Ref=1861852 | Close=460.20 vs VAH=463.95
2026-02-04 11:18:40,639 [INFO]     NSE:COALINDIA-EQ | CVD=338221 vs Ref=542308 | Close=436.35 vs VAH=440.30
2026-02-04 11:18:40,909 [INFO]     NSE:BPCL-EQ | CVD=1152620 vs Ref=1362158 | Close=379.70 vs VAH=382.20
2026-02-04 11:18:41,199 [INFO]     NSE:NATIONALUM-EQ | CVD=-591343 vs Ref=35952 | Close=374.00 vs VAH=377.55
2026-02-04 11:18:41,503 [INFO]     NSE:TATAPOWER-EQ | CVD=385706 vs Ref=383647 | Close=369.75 vs VAH=371.00
2026-02-04 11:18:41,781 [INFO]     NSE:EXIDEIND-EQ | CVD=973635 vs Ref=1572747 | Close=340.80 vs VAH=344.25
2026-02-04 11:18:42,153 [INFO]     NSE:ONGC-EQ | CVD=1863778 vs Ref=2488079 | Close=268.35 vs VAH=268.10
2026-02-04 11:18:42,402 [INFO]     NSE:ASHOKLEY-EQ | CVD=-40578 vs Ref=931338 | Close=201.95 vs VAH=204.45
2026-02-04 11:18:42,680 [INFO]     NSE:IOC-EQ | CVD=5085582 vs Ref=5567212 | Close=172.31 vs VAH=173.20
2026-02-04 11:18:42,925 [INFO]     NSE:YESBANK-EQ | CVD=1927275 vs Ref=4291035 | Close=21.48 vs VAH=21.55
2026-02-04 11:19:42,928 [INFO] 🔍 Scanning for alerts on 14 symbols (5min)...
2026-02-04 11:19:43,166 [INFO]     NSE:POLYCAB-EQ | CVD=15690 vs Ref=33384 | Close=7598.00 vs VAH=7626.00
2026-02-04 11:19:43,433 [INFO]     NSE:BSE-EQ | CVD=-124056 vs Ref=226141 | Close=2805.50 vs VAH=2892.50
2026-02-04 11:19:43,722 [INFO]     NSE:HDFCAMC-EQ | CVD=514555 vs Ref=494654 | Close=2710.70 vs VAH=2717.55
2026-02-04 11:19:43,983 [INFO]     NSE:APLAPOLLO-EQ | CVD=-95172 vs Ref=94426 | Close=2162.00 vs VAH=2162.55
2026-02-04 11:19:44,289 [INFO]     NSE:HINDPETRO-EQ | CVD=1706957 vs Ref=1861852 | Close=460.20 vs VAH=463.95
2026-02-04 11:19:44,571 [INFO]     NSE:COALINDIA-EQ | CVD=338221 vs Ref=542308 | Close=436.35 vs VAH=440.30
2026-02-04 11:19:44,855 [INFO]     NSE:BPCL-EQ | CVD=1152620 vs Ref=1362158 | Close=379.70 vs VAH=382.20
2026-02-04 11:19:45,158 [INFO]     NSE:NATIONALUM-EQ | CVD=-591343 vs Ref=35952 | Close=374.00 vs VAH=377.55
2026-02-04 11:19:45,449 [INFO]     NSE:TATAPOWER-EQ | CVD=385706 vs Ref=383647 | Close=369.75 vs VAH=371.00
2026-02-04 11:19:45,738 [INFO]     NSE:EXIDEIND-EQ | CVD=973635 vs Ref=1572747 | Close=340.80 vs VAH=344.25
2026-02-04 11:19:46,020 [INFO]     NSE:ONGC-EQ | CVD=1863778 vs Ref=2488079 | Close=268.35 vs VAH=268.10
2026-02-04 11:19:46,364 [INFO]     NSE:ASHOKLEY-EQ | CVD=-40578 vs Ref=931338 | Close=201.95 vs VAH=204.45
2026-02-04 11:19:46,635 [INFO]     NSE:IOC-EQ | CVD=5085582 vs Ref=5567212 | Close=172.31 vs VAH=173.20
2026-02-04 11:19:46,883 [INFO]     NSE:YESBANK-EQ | CVD=1927275 vs Ref=4291035 | Close=21.48 vs VAH=21.55
2026-02-04 11:20:46,884 [INFO] 🔍 Scanning for alerts on 14 symbols (5min)...
2026-02-04 11:20:47,159 [INFO]     NSE:POLYCAB-EQ | CVD=15690 vs Ref=33384 | Close=7598.00 vs VAH=7626.00
2026-02-04 11:20:47,440 [INFO]     NSE:BSE-EQ | CVD=-124056 vs Ref=226141 | Close=2805.50 vs VAH=2892.50
2026-02-04 11:20:47,726 [INFO]     NSE:HDFCAMC-EQ | CVD=514555 vs Ref=494654 | Close=2710.70 vs VAH=2717.55
2026-02-04 11:20:47,995 [INFO]     NSE:APLAPOLLO-EQ | CVD=-95172 vs Ref=94426 | Close=2162.00 vs VAH=2162.55
2026-02-04 11:20:49,684 [INFO]     NSE:HINDPETRO-EQ | CVD=1706957 vs Ref=1861852 | Close=460.20 vs VAH=463.95
2026-02-04 11:20:49,975 [INFO]     NSE:COALINDIA-EQ | CVD=338221 vs Ref=542308 | Close=436.35 vs VAH=440.30
2026-02-04 11:20:50,269 [INFO]     NSE:BPCL-EQ | CVD=1152620 vs Ref=1362158 | Close=379.70 vs VAH=382.20
2026-02-04 11:20:50,520 [INFO]     NSE:NATIONALUM-EQ | CVD=-591343 vs Ref=35952 | Close=374.00 vs VAH=377.55
2026-02-04 11:20:50,786 [INFO]     NSE:TATAPOWER-EQ | CVD=385706 vs Ref=383647 | Close=369.75 vs VAH=371.00
2026-02-04 11:20:51,067 [INFO]     NSE:EXIDEIND-EQ | CVD=973635 vs Ref=1572747 | Close=340.80 vs VAH=344.25
2026-02-04 11:20:51,355 [INFO]     NSE:ONGC-EQ | CVD=1863778 vs Ref=2488079 | Close=268.35 vs VAH=268.10
2026-02-04 11:20:51,613 [INFO]     NSE:ASHOKLEY-EQ | CVD=-40578 vs Ref=931338 | Close=201.95 vs VAH=204.45
2026-02-04 11:20:51,890 [INFO]     NSE:IOC-EQ | CVD=5085582 vs Ref=5567212 | Close=172.31 vs VAH=173.20
2026-02-04 11:20:52,141 [INFO]     NSE:YESBANK-EQ | CVD=1927275 vs Ref=4291035 | Close=21.48 vs VAH=21.55
2026-02-04 11:21:52,142 [INFO] 🔍 Scanning for alerts on 14 symbols (5min)...
2026-02-04 11:21:52,378 [INFO]     NSE:POLYCAB-EQ | CVD=15112 vs Ref=33384 | Close=7604.00 vs VAH=7626.00
2026-02-04 11:21:52,639 [INFO]     NSE:BSE-EQ | CVD=-127299 vs Ref=226141 | Close=2805.60 vs VAH=2892.50
2026-02-04 11:21:52,878 [INFO]     NSE:HDFCAMC-EQ | CVD=510238 vs Ref=494654 | Close=2707.10 vs VAH=2717.55
2026-02-04 11:21:53,145 [INFO]     NSE:APLAPOLLO-EQ | CVD=-93934 vs Ref=94426 | Close=2163.90 vs VAH=2162.55
2026-02-04 11:21:53,407 [INFO]     NSE:HINDPETRO-EQ | CVD=1635533 vs Ref=1861852 | Close=459.65 vs VAH=463.95
2026-02-04 11:21:53,669 [INFO]     NSE:COALINDIA-EQ | CVD=228555 vs Ref=542308 | Close=436.60 vs VAH=440.30
2026-02-04 11:21:53,933 [INFO]     NSE:BPCL-EQ | CVD=1166916 vs Ref=1362158 | Close=379.70 vs VAH=382.20
2026-02-04 11:21:54,301 [INFO]     NSE:NATIONALUM-EQ | CVD=-568914 vs Ref=35952 | Close=374.40 vs VAH=377.55
2026-02-04 11:21:54,592 [INFO]     NSE:TATAPOWER-EQ | CVD=341301 vs Ref=383647 | Close=369.10 vs VAH=371.00
2026-02-04 11:21:54,869 [INFO]     NSE:EXIDEIND-EQ | CVD=965282 vs Ref=1572747 | Close=340.80 vs VAH=344.25
2026-02-04 11:21:55,144 [INFO]     NSE:ONGC-EQ | CVD=1700427 vs Ref=2488079 | Close=267.80 vs VAH=268.10
2026-02-04 11:21:55,446 [INFO]     NSE:ASHOKLEY-EQ | CVD=-58968 vs Ref=931338 | Close=201.81 vs VAH=204.45
2026-02-04 11:21:55,685 [INFO]     NSE:IOC-EQ | CVD=5104096 vs Ref=5567212 | Close=172.36 vs VAH=173.20
2026-02-04 11:21:55,956 [INFO]     NSE:YESBANK-EQ | CVD=2070677 vs Ref=4291035 | Close=21.47 vs VAH=21.55
2026-02-04 11:22:55,958 [INFO] 🔍 Scanning for alerts on 14 symbols (5min)...
2026-02-04 11:22:56,210 [INFO]     NSE:POLYCAB-EQ | CVD=15112 vs Ref=33384 | Close=7604.00 vs VAH=7626.00
2026-02-04 11:22:56,478 [INFO]     NSE:BSE-EQ | CVD=-127299 vs Ref=226141 | Close=2805.60 vs VAH=2892.50
2026-02-04 11:22:58,265 [INFO]     NSE:HDFCAMC-EQ | CVD=510238 vs Ref=494654 | Close=2707.10 vs VAH=2717.55
2026-02-04 11:22:58,503 [INFO]     NSE:APLAPOLLO-EQ | CVD=-93934 vs Ref=94426 | Close=2163.90 vs VAH=2162.55
2026-02-04 11:22:58,793 [INFO]     NSE:HINDPETRO-EQ | CVD=1635533 vs Ref=1861852 | Close=459.65 vs VAH=463.95
2026-02-04 11:22:59,029 [INFO]     NSE:COALINDIA-EQ | CVD=228555 vs Ref=542308 | Close=436.60 vs VAH=440.30
2026-02-04 11:22:59,289 [INFO]     NSE:BPCL-EQ | CVD=1166916 vs Ref=1362158 | Close=379.70 vs VAH=382.20
2026-02-04 11:22:59,541 [INFO]     NSE:NATIONALUM-EQ | CVD=-568914 vs Ref=35952 | Close=374.40 vs VAH=377.55
2026-02-04 11:22:59,785 [INFO]     NSE:TATAPOWER-EQ | CVD=341301 vs Ref=383647 | Close=369.10 vs VAH=371.00
2026-02-04 11:23:00,057 [INFO]     NSE:EXIDEIND-EQ | CVD=965282 vs Ref=1572747 | Close=340.80 vs VAH=344.25
2026-02-04 11:23:00,325 [INFO]     NSE:ONGC-EQ | CVD=1700427 vs Ref=2488079 | Close=267.80 vs VAH=268.10
2026-02-04 11:23:00,602 [INFO]     NSE:ASHOKLEY-EQ | CVD=-58968 vs Ref=931338 | Close=201.81 vs VAH=204.45
2026-02-04 11:23:01,067 [INFO]     NSE:IOC-EQ | CVD=5104096 vs Ref=5567212 | Close=172.36 vs VAH=173.20
2026-02-04 11:23:01,613 [INFO]     NSE:YESBANK-EQ | CVD=2070677 vs Ref=4291035 | Close=21.47 vs VAH=21.55
2026-02-04 11:24:01,616 [INFO] 🔍 Scanning for alerts on 14 symbols (5min)...
2026-02-04 11:24:03,039 [INFO]     NSE:POLYCAB-EQ | CVD=15112 vs Ref=33384 | Close=7604.00 vs VAH=7626.00
2026-02-04 11:24:03,619 [INFO]     NSE:BSE-EQ | CVD=-127299 vs Ref=226141 | Close=2805.60 vs VAH=2892.50
2026-02-04 11:24:04,015 [INFO]     NSE:HDFCAMC-EQ | CVD=510238 vs Ref=494654 | Close=2707.10 vs VAH=2717.55
2026-02-04 11:24:04,374 [INFO]     NSE:APLAPOLLO-EQ | CVD=-93934 vs Ref=94426 | Close=2163.90 vs VAH=2162.55
2026-02-04 11:24:04,876 [INFO]     NSE:HINDPETRO-EQ | CVD=1635533 vs Ref=1861852 | Close=459.65 vs VAH=463.95
2026-02-04 11:24:05,635 [INFO]     NSE:COALINDIA-EQ | CVD=228555 vs Ref=542308 | Close=436.60 vs VAH=440.30
2026-02-04 11:24:06,979 [INFO]     NSE:BPCL-EQ | CVD=1166916 vs Ref=1362158 | Close=379.70 vs VAH=382.20
2026-02-04 11:24:07,692 [INFO]     NSE:NATIONALUM-EQ | CVD=-568914 vs Ref=35952 | Close=374.40 vs VAH=377.55
2026-02-04 11:24:08,186 [INFO]     NSE:TATAPOWER-EQ | CVD=341301 vs Ref=383647 | Close=369.10 vs VAH=371.00
2026-02-04 11:24:08,683 [INFO]     NSE:EXIDEIND-EQ | CVD=965282 vs Ref=1572747 | Close=340.80 vs VAH=344.25
2026-02-04 11:24:09,166 [INFO]     NSE:ONGC-EQ | CVD=1700427 vs Ref=2488079 | Close=267.80 vs VAH=268.10
2026-02-04 11:24:09,574 [INFO]     NSE:ASHOKLEY-EQ | CVD=-58968 vs Ref=931338 | Close=201.81 vs VAH=204.45
2026-02-04 11:24:10,011 [INFO]     NSE:IOC-EQ | CVD=5104096 vs Ref=5567212 | Close=172.36 vs VAH=173.20
2026-02-04 11:24:10,457 [INFO]     NSE:YESBANK-EQ | CVD=2070677 vs Ref=4291035 | Close=21.47 vs VAH=21.55
2026-02-04 11:25:10,459 [INFO] 🔍 Scanning for alerts on 14 symbols (5min)...
2026-02-04 11:25:10,703 [INFO]     NSE:POLYCAB-EQ | CVD=15112 vs Ref=33384 | Close=7604.00 vs VAH=7626.00
2026-02-04 11:25:10,969 [INFO]     NSE:BSE-EQ | CVD=-127299 vs Ref=226141 | Close=2805.60 vs VAH=2892.50
2026-02-04 11:25:11,204 [INFO]     NSE:HDFCAMC-EQ | CVD=510238 vs Ref=494654 | Close=2707.10 vs VAH=2717.55
2026-02-04 11:25:11,449 [INFO]     NSE:APLAPOLLO-EQ | CVD=-93934 vs Ref=94426 | Close=2163.90 vs VAH=2162.55
2026-02-04 11:25:11,731 [INFO]     NSE:HINDPETRO-EQ | CVD=1635533 vs Ref=1861852 | Close=459.65 vs VAH=463.95
2026-02-04 11:25:11,969 [INFO]     NSE:COALINDIA-EQ | CVD=228555 vs Ref=542308 | Close=436.60 vs VAH=440.30
2026-02-04 11:25:12,260 [INFO]     NSE:BPCL-EQ | CVD=1166916 vs Ref=1362158 | Close=379.70 vs VAH=382.20
2026-02-04 11:25:12,514 [INFO]     NSE:NATIONALUM-EQ | CVD=-568914 vs Ref=35952 | Close=374.40 vs VAH=377.55
2026-02-04 11:25:12,792 [INFO]     NSE:TATAPOWER-EQ | CVD=341301 vs Ref=383647 | Close=369.10 vs VAH=371.00
2026-02-04 11:25:13,032 [INFO]     NSE:EXIDEIND-EQ | CVD=965282 vs Ref=1572747 | Close=340.80 vs VAH=344.25
2026-02-04 11:25:13,333 [INFO]     NSE:ONGC-EQ | CVD=1700427 vs Ref=2488079 | Close=267.80 vs VAH=268.10
2026-02-04 11:25:13,628 [INFO]     NSE:ASHOKLEY-EQ | CVD=-58968 vs Ref=931338 | Close=201.81 vs VAH=204.45
2026-02-04 11:25:13,914 [INFO]     NSE:IOC-EQ | CVD=5104096 vs Ref=5567212 | Close=172.36 vs VAH=173.20
2026-02-04 11:25:14,151 [INFO]     NSE:YESBANK-EQ | CVD=2070677 vs Ref=4291035 | Close=21.47 vs VAH=21.55
2026-02-04 11:26:14,152 [INFO] 🔍 Scanning for alerts on 14 symbols (5min)...
2026-02-04 11:26:14,391 [INFO]     NSE:POLYCAB-EQ | CVD=12316 vs Ref=33384 | Close=7594.00 vs VAH=7626.00
2026-02-04 11:26:14,696 [INFO]     NSE:BSE-EQ | CVD=-116937 vs Ref=226141 | Close=2812.30 vs VAH=2892.50
2026-02-04 11:26:15,251 [INFO]     NSE:HDFCAMC-EQ | CVD=519243 vs Ref=494654 | Close=2710.00 vs VAH=2717.55
2026-02-04 11:26:15,587 [INFO]     NSE:APLAPOLLO-EQ | CVD=-95991 vs Ref=94426 | Close=2162.80 vs VAH=2162.55
2026-02-04 11:26:15,864 [INFO]     NSE:HINDPETRO-EQ | CVD=1614803 vs Ref=1861852 | Close=459.60 vs VAH=463.95
2026-02-04 11:26:16,119 [INFO]     NSE:COALINDIA-EQ | CVD=60751 vs Ref=542308 | Close=437.00 vs VAH=440.30
2026-02-04 11:26:16,398 [INFO]     NSE:BPCL-EQ | CVD=1166425 vs Ref=1362158 | Close=379.75 vs VAH=382.20
2026-02-04 11:26:16,653 [INFO]     NSE:NATIONALUM-EQ | CVD=-540244 vs Ref=35952 | Close=374.35 vs VAH=377.55
2026-02-04 11:26:16,915 [INFO]     NSE:TATAPOWER-EQ | CVD=342192 vs Ref=383647 | Close=369.15 vs VAH=371.00
2026-02-04 11:26:17,188 [INFO]     NSE:EXIDEIND-EQ | CVD=935456 vs Ref=1572747 | Close=340.10 vs VAH=344.25
2026-02-04 11:26:17,490 [INFO]     NSE:ONGC-EQ | CVD=1695311 vs Ref=2488079 | Close=267.65 vs VAH=268.10
2026-02-04 11:26:17,755 [INFO]     NSE:ASHOKLEY-EQ | CVD=178242 vs Ref=931338 | Close=201.81 vs VAH=204.45
2026-02-04 11:26:18,006 [INFO]     NSE:IOC-EQ | CVD=5025842 vs Ref=5567212 | Close=172.24 vs VAH=173.20
2026-02-04 11:26:18,265 [INFO]     NSE:YESBANK-EQ | CVD=1617045 vs Ref=4291035 | Close=21.45 vs VAH=21.55
2026-02-04 11:27:18,267 [INFO] 🔍 Scanning for alerts on 14 symbols (5min)...
2026-02-04 11:27:18,587 [INFO]     NSE:POLYCAB-EQ | CVD=12316 vs Ref=33384 | Close=7594.00 vs VAH=7626.00
2026-02-04 11:27:18,924 [INFO]     NSE:BSE-EQ | CVD=-116937 vs Ref=226141 | Close=2812.30 vs VAH=2892.50
2026-02-04 11:27:19,257 [INFO]     NSE:HDFCAMC-EQ | CVD=519243 vs Ref=494654 | Close=2710.00 vs VAH=2717.55
2026-02-04 11:27:19,600 [INFO]     NSE:APLAPOLLO-EQ | CVD=-95991 vs Ref=94426 | Close=2162.80 vs VAH=2162.55
2026-02-04 11:27:20,016 [INFO]     NSE:HINDPETRO-EQ | CVD=1614803 vs Ref=1861852 | Close=459.60 vs VAH=463.95
2026-02-04 11:27:20,485 [INFO]     NSE:COALINDIA-EQ | CVD=60751 vs Ref=542308 | Close=437.00 vs VAH=440.30
2026-02-04 11:27:20,920 [INFO]     NSE:BPCL-EQ | CVD=1166425 vs Ref=1362158 | Close=379.75 vs VAH=382.20
2026-02-04 11:27:21,300 [INFO]     NSE:NATIONALUM-EQ | CVD=-540244 vs Ref=35952 | Close=374.35 vs VAH=377.55
2026-02-04 11:27:21,774 [INFO]     NSE:TATAPOWER-EQ | CVD=342192 vs Ref=383647 | Close=369.15 vs VAH=371.00
2026-02-04 11:27:22,178 [INFO]     NSE:EXIDEIND-EQ | CVD=935456 vs Ref=1572747 | Close=340.10 vs VAH=344.25
2026-02-04 11:27:22,673 [INFO]     NSE:ONGC-EQ | CVD=1695311 vs Ref=2488079 | Close=267.65 vs VAH=268.10
2026-02-04 11:27:23,216 [INFO]     NSE:ASHOKLEY-EQ | CVD=178242 vs Ref=931338 | Close=201.81 vs VAH=204.45
2026-02-04 11:27:23,631 [INFO]     NSE:IOC-EQ | CVD=5025842 vs Ref=5567212 | Close=172.24 vs VAH=173.20
2026-02-04 11:27:23,992 [INFO]     NSE:YESBANK-EQ | CVD=1617045 vs Ref=4291035 | Close=21.45 vs VAH=21.55
2026-02-04 11:28:23,994 [INFO] 🔍 Scanning for alerts on 14 symbols (5min)...
2026-02-04 11:28:24,301 [INFO]     NSE:POLYCAB-EQ | CVD=12316 vs Ref=33384 | Close=7594.00 vs VAH=7626.00
2026-02-04 11:28:24,576 [INFO]     NSE:BSE-EQ | CVD=-116937 vs Ref=226141 | Close=2812.30 vs VAH=2892.50
2026-02-04 11:28:24,913 [INFO]     NSE:HDFCAMC-EQ | CVD=519243 vs Ref=494654 | Close=2710.00 vs VAH=2717.55
2026-02-04 11:28:25,232 [INFO]     NSE:APLAPOLLO-EQ | CVD=-95991 vs Ref=94426 | Close=2162.80 vs VAH=2162.55
2026-02-04 11:28:25,556 [INFO]     NSE:HINDPETRO-EQ | CVD=1614803 vs Ref=1861852 | Close=459.60 vs VAH=463.95
2026-02-04 11:28:25,891 [INFO]     NSE:COALINDIA-EQ | CVD=60751 vs Ref=542308 | Close=437.00 vs VAH=440.30
2026-02-04 11:28:26,598 [INFO]     NSE:BPCL-EQ | CVD=1166425 vs Ref=1362158 | Close=379.75 vs VAH=382.20
2026-02-04 11:28:27,235 [INFO]     NSE:NATIONALUM-EQ | CVD=-540244 vs Ref=35952 | Close=374.35 vs VAH=377.55
2026-02-04 11:28:28,328 [INFO]     NSE:TATAPOWER-EQ | CVD=342192 vs Ref=383647 | Close=369.15 vs VAH=371.00
2026-02-04 11:28:28,873 [INFO]     NSE:EXIDEIND-EQ | CVD=935456 vs Ref=1572747 | Close=340.10 vs VAH=344.25
2026-02-04 11:28:29,343 [INFO]     NSE:ONGC-EQ | CVD=1695311 vs Ref=2488079 | Close=267.65 vs VAH=268.10
2026-02-04 11:28:29,823 [INFO]     NSE:ASHOKLEY-EQ | CVD=178242 vs Ref=931338 | Close=201.81 vs VAH=204.45
2026-02-04 11:28:30,233 [INFO]     NSE:IOC-EQ | CVD=5025842 vs Ref=5567212 | Close=172.24 vs VAH=173.20
2026-02-04 11:28:30,630 [INFO]     NSE:YESBANK-EQ | CVD=1617045 vs Ref=4291035 | Close=21.45 vs VAH=21.55
2026-02-04 11:29:30,631 [INFO] 🔍 Scanning for alerts on 14 symbols (5min)...
2026-02-04 11:29:31,411 [INFO]     NSE:POLYCAB-EQ | CVD=12316 vs Ref=33384 | Close=7594.00 vs VAH=7626.00
2026-02-04 11:29:32,067 [INFO]     NSE:BSE-EQ | CVD=-116937 vs Ref=226141 | Close=2812.30 vs VAH=2892.50
2026-02-04 11:29:33,109 [INFO]     NSE:HDFCAMC-EQ | CVD=519243 vs Ref=494654 | Close=2710.00 vs VAH=2717.55
2026-02-04 11:29:34,002 [INFO]     NSE:APLAPOLLO-EQ | CVD=-95991 vs Ref=94426 | Close=2162.80 vs VAH=2162.55
2026-02-04 11:29:34,603 [INFO]     NSE:HINDPETRO-EQ | CVD=1614803 vs Ref=1861852 | Close=459.60 vs VAH=463.95
2026-02-04 11:29:35,136 [INFO]     NSE:COALINDIA-EQ | CVD=60751 vs Ref=542308 | Close=437.00 vs VAH=440.30
2026-02-04 11:29:35,634 [INFO]     NSE:BPCL-EQ | CVD=1166425 vs Ref=1362158 | Close=379.75 vs VAH=382.20
2026-02-04 11:29:36,104 [INFO]     NSE:NATIONALUM-EQ | CVD=-540244 vs Ref=35952 | Close=374.35 vs VAH=377.55
2026-02-04 11:29:36,512 [INFO]     NSE:TATAPOWER-EQ | CVD=342192 vs Ref=383647 | Close=369.15 vs VAH=371.00
2026-02-04 11:29:37,152 [INFO]     NSE:EXIDEIND-EQ | CVD=935456 vs Ref=1572747 | Close=340.10 vs VAH=344.25
2026-02-04 11:29:37,928 [INFO]     NSE:ONGC-EQ | CVD=1695311 vs Ref=2488079 | Close=267.65 vs VAH=268.10
2026-02-04 11:29:38,481 [INFO]     NSE:ASHOKLEY-EQ | CVD=178242 vs Ref=931338 | Close=201.81 vs VAH=204.45
2026-02-04 11:29:39,062 [INFO]     NSE:IOC-EQ | CVD=5025842 vs Ref=5567212 | Close=172.24 vs VAH=173.20
2026-02-04 11:29:39,634 [INFO]     NSE:YESBANK-EQ | CVD=1617045 vs Ref=4291035 | Close=21.45 vs VAH=21.55
2026-02-04 11:30:39,636 [INFO] 🔍 Scanning for alerts on 14 symbols (5min)...
2026-02-04 11:30:39,968 [INFO]     NSE:POLYCAB-EQ | CVD=12316 vs Ref=33384 | Close=7594.00 vs VAH=7626.00
2026-02-04 11:30:40,263 [INFO]     NSE:BSE-EQ | CVD=-116937 vs Ref=226141 | Close=2812.30 vs VAH=2892.50
2026-02-04 11:30:40,567 [INFO]     NSE:HDFCAMC-EQ | CVD=519243 vs Ref=494654 | Close=2710.00 vs VAH=2717.55
2026-02-04 11:30:40,880 [INFO]     NSE:APLAPOLLO-EQ | CVD=-95991 vs Ref=94426 | Close=2162.80 vs VAH=2162.55
2026-02-04 11:30:41,210 [INFO]     NSE:HINDPETRO-EQ | CVD=1614803 vs Ref=1861852 | Close=459.60 vs VAH=463.95
2026-02-04 11:30:41,634 [INFO]     NSE:COALINDIA-EQ | CVD=60751 vs Ref=542308 | Close=437.00 vs VAH=440.30
2026-02-04 11:30:42,099 [INFO]     NSE:BPCL-EQ | CVD=1166425 vs Ref=1362158 | Close=379.75 vs VAH=382.20
2026-02-04 11:30:42,526 [INFO]     NSE:NATIONALUM-EQ | CVD=-540244 vs Ref=35952 | Close=374.35 vs VAH=377.55
2026-02-04 11:30:42,991 [INFO]     NSE:TATAPOWER-EQ | CVD=342192 vs Ref=383647 | Close=369.15 vs VAH=371.00
2026-02-04 11:30:43,414 [INFO]     NSE:EXIDEIND-EQ | CVD=935456 vs Ref=1572747 | Close=340.10 vs VAH=344.25
2026-02-04 11:30:43,825 [INFO]     NSE:ONGC-EQ | CVD=1695311 vs Ref=2488079 | Close=267.65 vs VAH=268.10
2026-02-04 11:30:44,412 [INFO]     NSE:ASHOKLEY-EQ | CVD=178242 vs Ref=931338 | Close=201.81 vs VAH=204.45
2026-02-04 11:30:44,997 [INFO]     NSE:IOC-EQ | CVD=5025842 vs Ref=5567212 | Close=172.24 vs VAH=173.20
2026-02-04 11:30:45,489 [INFO]     NSE:YESBANK-EQ | CVD=1617045 vs Ref=4291035 | Close=21.45 vs VAH=21.55
2026-02-04 11:31:45,491 [INFO] 🔍 Scanning for alerts on 14 symbols (5min)...
2026-02-04 11:31:45,976 [INFO]     NSE:POLYCAB-EQ | CVD=11243 vs Ref=33384 | Close=7591.00 vs VAH=7626.00
2026-02-04 11:31:46,315 [INFO]     NSE:BSE-EQ | CVD=-108074 vs Ref=226141 | Close=2819.30 vs VAH=2892.50
2026-02-04 11:31:46,709 [INFO]     NSE:HDFCAMC-EQ | CVD=629139 vs Ref=494654 | Close=2714.00 vs VAH=2717.55
2026-02-04 11:31:47,174 [INFO]     NSE:APLAPOLLO-EQ | CVD=-89860 vs Ref=94426 | Close=2166.40 vs VAH=2162.55
2026-02-04 11:31:49,234 [INFO]     NSE:HINDPETRO-EQ | CVD=1591810 vs Ref=1861852 | Close=459.55 vs VAH=463.95
2026-02-04 11:31:49,625 [INFO]     NSE:COALINDIA-EQ | CVD=250230 vs Ref=542308 | Close=436.80 vs VAH=440.30
2026-02-04 11:31:50,073 [INFO]     NSE:BPCL-EQ | CVD=1162974 vs Ref=1362158 | Close=380.15 vs VAH=382.20
2026-02-04 11:31:50,501 [INFO]     NSE:NATIONALUM-EQ | CVD=-476374 vs Ref=35952 | Close=374.55 vs VAH=377.55
2026-02-04 11:31:51,049 [INFO]     NSE:TATAPOWER-EQ | CVD=340148 vs Ref=383647 | Close=369.35 vs VAH=371.00
2026-02-04 11:31:51,537 [INFO]     NSE:EXIDEIND-EQ | CVD=902623 vs Ref=1572747 | Close=339.35 vs VAH=344.25
2026-02-04 11:31:52,048 [INFO]     NSE:ONGC-EQ | CVD=1604141 vs Ref=2488079 | Close=267.10 vs VAH=268.10
2026-02-04 11:31:52,488 [INFO]     NSE:ASHOKLEY-EQ | CVD=169856 vs Ref=931338 | Close=201.68 vs VAH=204.45
2026-02-04 11:31:52,834 [INFO]     NSE:IOC-EQ | CVD=5059104 vs Ref=5567212 | Close=172.06 vs VAH=173.20
2026-02-04 11:31:53,159 [INFO]     NSE:YESBANK-EQ | CVD=2180318 vs Ref=4291035 | Close=21.47 vs VAH=21.55
2026-02-04 11:32:53,161 [INFO] 🔍 Scanning for alerts on 14 symbols (5min)...
2026-02-04 11:32:54,038 [INFO]     NSE:POLYCAB-EQ | CVD=11243 vs Ref=33384 | Close=7591.00 vs VAH=7626.00
2026-02-04 11:32:54,934 [INFO]     NSE:BSE-EQ | CVD=-108074 vs Ref=226141 | Close=2819.30 vs VAH=2892.50
2026-02-04 11:32:57,078 [INFO]     NSE:HDFCAMC-EQ | CVD=629139 vs Ref=494654 | Close=2714.00 vs VAH=2717.55
2026-02-04 11:32:57,969 [INFO]     NSE:APLAPOLLO-EQ | CVD=-89860 vs Ref=94426 | Close=2166.40 vs VAH=2162.55
2026-02-04 11:32:58,634 [INFO]     NSE:HINDPETRO-EQ | CVD=1591810 vs Ref=1861852 | Close=459.55 vs VAH=463.95
2026-02-04 11:32:59,370 [INFO]     NSE:COALINDIA-EQ | CVD=250230 vs Ref=542308 | Close=436.80 vs VAH=440.30
2026-02-04 11:33:00,221 [INFO]     NSE:BPCL-EQ | CVD=1162974 vs Ref=1362158 | Close=380.15 vs VAH=382.20
2026-02-04 11:33:01,228 [INFO]     NSE:NATIONALUM-EQ | CVD=-476374 vs Ref=35952 | Close=374.55 vs VAH=377.55
2026-02-04 11:33:02,741 [INFO]     NSE:TATAPOWER-EQ | CVD=340148 vs Ref=383647 | Close=369.35 vs VAH=371.00
2026-02-04 11:33:03,759 [INFO]     NSE:EXIDEIND-EQ | CVD=902623 vs Ref=1572747 | Close=339.35 vs VAH=344.25
2026-02-04 11:33:04,507 [INFO]     NSE:ONGC-EQ | CVD=1604141 vs Ref=2488079 | Close=267.10 vs VAH=268.10
2026-02-04 11:33:05,387 [INFO]     NSE:ASHOKLEY-EQ | CVD=169856 vs Ref=931338 | Close=201.68 vs VAH=204.45
2026-02-04 11:33:06,419 [INFO]     NSE:IOC-EQ | CVD=5059104 vs Ref=5567212 | Close=172.06 vs VAH=173.20
2026-02-04 11:33:07,117 [INFO]     NSE:YESBANK-EQ | CVD=2180318 vs Ref=4291035 | Close=21.47 vs VAH=21.55
2026-02-04 11:34:07,118 [INFO] 🔍 Scanning for alerts on 14 symbols (5min)...
2026-02-04 11:34:07,465 [INFO]     NSE:POLYCAB-EQ | CVD=11243 vs Ref=33384 | Close=7591.00 vs VAH=7626.00
2026-02-04 11:34:07,784 [INFO]     NSE:BSE-EQ | CVD=-108074 vs Ref=226141 | Close=2819.30 vs VAH=2892.50
2026-02-04 11:34:08,359 [INFO]     NSE:HDFCAMC-EQ | CVD=629139 vs Ref=494654 | Close=2714.00 vs VAH=2717.55
2026-02-04 11:34:09,019 [INFO]     NSE:APLAPOLLO-EQ | CVD=-89860 vs Ref=94426 | Close=2166.40 vs VAH=2162.55
2026-02-04 11:34:09,471 [INFO]     NSE:HINDPETRO-EQ | CVD=1591810 vs Ref=1861852 | Close=459.55 vs VAH=463.95
2026-02-04 11:34:09,869 [INFO]     NSE:COALINDIA-EQ | CVD=250230 vs Ref=542308 | Close=436.80 vs VAH=440.30
2026-02-04 11:34:10,284 [INFO]     NSE:BPCL-EQ | CVD=1162974 vs Ref=1362158 | Close=380.15 vs VAH=382.20
2026-02-04 11:34:10,721 [INFO]     NSE:NATIONALUM-EQ | CVD=-476374 vs Ref=35952 | Close=374.55 vs VAH=377.55
2026-02-04 11:34:11,114 [INFO]     NSE:TATAPOWER-EQ | CVD=340148 vs Ref=383647 | Close=369.35 vs VAH=371.00
2026-02-04 11:34:11,475 [INFO]     NSE:EXIDEIND-EQ | CVD=902623 vs Ref=1572747 | Close=339.35 vs VAH=344.25
2026-02-04 11:34:11,841 [INFO]     NSE:ONGC-EQ | CVD=1604141 vs Ref=2488079 | Close=267.10 vs VAH=268.10
2026-02-04 11:34:12,232 [INFO]     NSE:ASHOKLEY-EQ | CVD=169856 vs Ref=931338 | Close=201.68 vs VAH=204.45
2026-02-04 11:34:12,604 [INFO]     NSE:IOC-EQ | CVD=5059104 vs Ref=5567212 | Close=172.06 vs VAH=173.20
2026-02-04 11:34:12,959 [INFO]     NSE:YESBANK-EQ | CVD=2180318 vs Ref=4291035 | Close=21.47 vs VAH=21.55
2026-02-04 11:35:12,962 [INFO] 🔍 Scanning for alerts on 14 symbols (5min)...
2026-02-04 11:35:13,347 [INFO]     NSE:POLYCAB-EQ | CVD=11243 vs Ref=33384 | Close=7591.00 vs VAH=7626.00
2026-02-04 11:35:13,760 [INFO]     NSE:BSE-EQ | CVD=-108074 vs Ref=226141 | Close=2819.30 vs VAH=2892.50
2026-02-04 11:35:14,209 [INFO]     NSE:HDFCAMC-EQ | CVD=629139 vs Ref=494654 | Close=2714.00 vs VAH=2717.55
2026-02-04 11:35:14,788 [INFO]     NSE:APLAPOLLO-EQ | CVD=-89860 vs Ref=94426 | Close=2166.40 vs VAH=2162.55
2026-02-04 11:35:15,647 [INFO]     NSE:HINDPETRO-EQ | CVD=1591810 vs Ref=1861852 | Close=459.55 vs VAH=463.95
2026-02-04 11:35:16,386 [INFO]     NSE:COALINDIA-EQ | CVD=250230 vs Ref=542308 | Close=436.80 vs VAH=440.30
2026-02-04 11:35:16,776 [INFO]     NSE:BPCL-EQ | CVD=1162974 vs Ref=1362158 | Close=380.15 vs VAH=382.20
2026-02-04 11:35:17,147 [INFO]     NSE:NATIONALUM-EQ | CVD=-476374 vs Ref=35952 | Close=374.55 vs VAH=377.55
2026-02-04 11:35:17,581 [INFO]     NSE:TATAPOWER-EQ | CVD=340148 vs Ref=383647 | Close=369.35 vs VAH=371.00
2026-02-04 11:35:18,028 [INFO]     NSE:EXIDEIND-EQ | CVD=902623 vs Ref=1572747 | Close=339.35 vs VAH=344.25
2026-02-04 11:35:18,428 [INFO]     NSE:ONGC-EQ | CVD=1604141 vs Ref=2488079 | Close=267.10 vs VAH=268.10
2026-02-04 11:35:18,858 [INFO]     NSE:ASHOKLEY-EQ | CVD=169856 vs Ref=931338 | Close=201.68 vs VAH=204.45
2026-02-04 11:35:19,326 [INFO]     NSE:IOC-EQ | CVD=5059104 vs Ref=5567212 | Close=172.06 vs VAH=173.20
2026-02-04 11:35:19,769 [INFO]     NSE:YESBANK-EQ | CVD=2180318 vs Ref=4291035 | Close=21.47 vs VAH=21.55
2026-02-04 11:36:19,772 [INFO] 🔍 Scanning for alerts on 14 symbols (5min)...
2026-02-04 11:36:20,062 [INFO]     NSE:POLYCAB-EQ | CVD=9735 vs Ref=33384 | Close=7591.00 vs VAH=7626.00
2026-02-04 11:36:20,326 [INFO]     NSE:BSE-EQ | CVD=-103196 vs Ref=226141 | Close=2822.30 vs VAH=2892.50
2026-02-04 11:36:20,608 [INFO] 📡 Sending order request for NSE:HDFCAMC-EQ to http://localhost:4000/postOrder...
2026-02-04 11:36:21,268 [INFO] 📩 Server Response: 200 - {"message":"Order execution triggered","status":"success","receivedData":{"ticker":"NSE:HDFCAMC-EQ","action":"BUY","close":2718.4}}
2026-02-04 11:36:21,269 [INFO]     NSE:HDFCAMC-EQ | CVD=631099 vs Ref=494654 | Close=2718.40 vs VAH=2717.55
2026-02-04 11:36:21,601 [INFO]     NSE:APLAPOLLO-EQ | CVD=-75785 vs Ref=94426 | Close=2172.50 vs VAH=2162.55
2026-02-04 11:36:22,037 [INFO]     NSE:HINDPETRO-EQ | CVD=1618427 vs Ref=1861852 | Close=459.70 vs VAH=463.95
2026-02-04 11:36:22,291 [INFO]     NSE:COALINDIA-EQ | CVD=195410 vs Ref=542308 | Close=436.60 vs VAH=440.30
2026-02-04 11:36:22,669 [INFO]     NSE:BPCL-EQ | CVD=1149890 vs Ref=1362158 | Close=379.85 vs VAH=382.20
2026-02-04 11:36:23,032 [INFO]     NSE:NATIONALUM-EQ | CVD=-460423 vs Ref=35952 | Close=374.80 vs VAH=377.55
2026-02-04 11:36:23,446 [INFO]     NSE:TATAPOWER-EQ | CVD=363643 vs Ref=383647 | Close=369.65 vs VAH=371.00
2026-02-04 11:36:23,795 [INFO]     NSE:EXIDEIND-EQ | CVD=880149 vs Ref=1572747 | Close=339.40 vs VAH=344.25
2026-02-04 11:36:24,143 [INFO]     NSE:ONGC-EQ | CVD=1806285 vs Ref=2488079 | Close=267.35 vs VAH=268.10
2026-02-04 11:36:24,478 [INFO]     NSE:ASHOKLEY-EQ | CVD=296372 vs Ref=931338 | Close=202.00 vs VAH=204.45
2026-02-04 11:36:24,835 [INFO]     NSE:IOC-EQ | CVD=4981236 vs Ref=5567212 | Close=171.95 vs VAH=173.20
2026-02-04 11:36:25,154 [INFO]     NSE:YESBANK-EQ | CVD=2244103 vs Ref=4291035 | Close=21.45 vs VAH=21.55
2026-02-04 11:37:25,157 [INFO] 🔍 Scanning for alerts on 13 symbols (5min)...
2026-02-04 11:37:25,482 [INFO]     NSE:POLYCAB-EQ | CVD=9735 vs Ref=33384 | Close=7591.00 vs VAH=7626.00
2026-02-04 11:37:25,824 [INFO]     NSE:BSE-EQ | CVD=-103196 vs Ref=226141 | Close=2822.30 vs VAH=2892.50
2026-02-04 11:37:26,501 [INFO]     NSE:APLAPOLLO-EQ | CVD=-75785 vs Ref=94426 | Close=2172.50 vs VAH=2162.55
2026-02-04 11:37:27,284 [INFO]     NSE:HINDPETRO-EQ | CVD=1618427 vs Ref=1861852 | Close=459.70 vs VAH=463.95
2026-02-04 11:37:27,827 [INFO]     NSE:COALINDIA-EQ | CVD=195410 vs Ref=542308 | Close=436.60 vs VAH=440.30
2026-02-04 11:37:28,370 [INFO]     NSE:BPCL-EQ | CVD=1149890 vs Ref=1362158 | Close=379.85 vs VAH=382.20
2026-02-04 11:37:28,868 [INFO]     NSE:NATIONALUM-EQ | CVD=-460423 vs Ref=35952 | Close=374.80 vs VAH=377.55
2026-02-04 11:37:29,374 [INFO]     NSE:TATAPOWER-EQ | CVD=363643 vs Ref=383647 | Close=369.65 vs VAH=371.00
2026-02-04 11:37:29,894 [INFO]     NSE:EXIDEIND-EQ | CVD=880149 vs Ref=1572747 | Close=339.40 vs VAH=344.25
2026-02-04 11:37:30,537 [INFO]     NSE:ONGC-EQ | CVD=1806285 vs Ref=2488079 | Close=267.35 vs VAH=268.10
2026-02-04 11:37:31,117 [INFO]     NSE:ASHOKLEY-EQ | CVD=296372 vs Ref=931338 | Close=202.00 vs VAH=204.45
2026-02-04 11:37:31,715 [INFO]     NSE:IOC-EQ | CVD=4981236 vs Ref=5567212 | Close=171.95 vs VAH=173.20
2026-02-04 11:37:32,457 [INFO]     NSE:YESBANK-EQ | CVD=2244103 vs Ref=4291035 | Close=21.45 vs VAH=21.55
2026-02-04 11:38:32,460 [INFO] 🔍 Scanning for alerts on 13 symbols (5min)...
2026-02-04 11:38:33,291 [INFO]     NSE:POLYCAB-EQ | CVD=9735 vs Ref=33384 | Close=7591.00 vs VAH=7626.00
2026-02-04 11:38:34,177 [INFO]     NSE:BSE-EQ | CVD=-103196 vs Ref=226141 | Close=2822.30 vs VAH=2892.50
2026-02-04 11:38:34,985 [INFO]     NSE:APLAPOLLO-EQ | CVD=-75785 vs Ref=94426 | Close=2172.50 vs VAH=2162.55
2026-02-04 11:38:35,671 [INFO]     NSE:HINDPETRO-EQ | CVD=1618427 vs Ref=1861852 | Close=459.70 vs VAH=463.95
2026-02-04 11:38:36,451 [INFO]     NSE:COALINDIA-EQ | CVD=195410 vs Ref=542308 | Close=436.60 vs VAH=440.30
2026-02-04 11:38:37,393 [INFO]     NSE:BPCL-EQ | CVD=1149890 vs Ref=1362158 | Close=379.85 vs VAH=382.20
2026-02-04 11:38:37,855 [INFO]     NSE:NATIONALUM-EQ | CVD=-460423 vs Ref=35952 | Close=374.80 vs VAH=377.55
2026-02-04 11:38:38,183 [INFO]     NSE:TATAPOWER-EQ | CVD=363643 vs Ref=383647 | Close=369.65 vs VAH=371.00
2026-02-04 11:38:38,534 [INFO]     NSE:EXIDEIND-EQ | CVD=880149 vs Ref=1572747 | Close=339.40 vs VAH=344.25
2026-02-04 11:38:38,875 [INFO]     NSE:ONGC-EQ | CVD=1806285 vs Ref=2488079 | Close=267.35 vs VAH=268.10
2026-02-04 11:38:39,202 [INFO]     NSE:ASHOKLEY-EQ | CVD=296372 vs Ref=931338 | Close=202.00 vs VAH=204.45
2026-02-04 11:38:39,583 [INFO]     NSE:IOC-EQ | CVD=4981236 vs Ref=5567212 | Close=171.95 vs VAH=173.20
2026-02-04 11:38:40,056 [INFO]     NSE:YESBANK-EQ | CVD=2244103 vs Ref=4291035 | Close=21.45 vs VAH=21.55
2026-02-04 11:39:40,058 [INFO] 🔍 Scanning for alerts on 13 symbols (5min)...
2026-02-04 11:39:40,366 [INFO]     NSE:POLYCAB-EQ | CVD=9735 vs Ref=33384 | Close=7591.00 vs VAH=7626.00
2026-02-04 11:39:40,680 [INFO]     NSE:BSE-EQ | CVD=-103196 vs Ref=226141 | Close=2822.30 vs VAH=2892.50
2026-02-04 11:39:41,018 [INFO]     NSE:APLAPOLLO-EQ | CVD=-75785 vs Ref=94426 | Close=2172.50 vs VAH=2162.55
2026-02-04 11:39:41,359 [INFO]     NSE:HINDPETRO-EQ | CVD=1618427 vs Ref=1861852 | Close=459.70 vs VAH=463.95
2026-02-04 11:39:41,697 [INFO]     NSE:COALINDIA-EQ | CVD=195410 vs Ref=542308 | Close=436.60 vs VAH=440.30
2026-02-04 11:39:42,012 [INFO]     NSE:BPCL-EQ | CVD=1149890 vs Ref=1362158 | Close=379.85 vs VAH=382.20
2026-02-04 11:39:42,310 [INFO]     NSE:NATIONALUM-EQ | CVD=-460423 vs Ref=35952 | Close=374.80 vs VAH=377.55
2026-02-04 11:39:42,699 [INFO]     NSE:TATAPOWER-EQ | CVD=363643 vs Ref=383647 | Close=369.65 vs VAH=371.00
2026-02-04 11:39:43,437 [INFO]     NSE:EXIDEIND-EQ | CVD=880149 vs Ref=1572747 | Close=339.40 vs VAH=344.25
2026-02-04 11:39:44,534 [INFO]     NSE:ONGC-EQ | CVD=1806285 vs Ref=2488079 | Close=267.35 vs VAH=268.10
2026-02-04 11:39:46,169 [INFO]     NSE:ASHOKLEY-EQ | CVD=296372 vs Ref=931338 | Close=202.00 vs VAH=204.45
2026-02-04 11:39:47,692 [INFO]     NSE:IOC-EQ | CVD=4981236 vs Ref=5567212 | Close=171.95 vs VAH=173.20
2026-02-04 11:39:48,533 [INFO]     NSE:YESBANK-EQ | CVD=2244103 vs Ref=4291035 | Close=21.45 vs VAH=21.55
2026-02-04 11:40:48,551 [INFO] 🔍 Scanning for alerts on 13 symbols (5min)...
2026-02-04 11:40:51,127 [INFO]     NSE:POLYCAB-EQ | CVD=9735 vs Ref=33384 | Close=7591.00 vs VAH=7626.00
2026-02-04 11:40:52,962 [INFO]     NSE:BSE-EQ | CVD=-103196 vs Ref=226141 | Close=2822.30 vs VAH=2892.50
2026-02-04 11:40:54,379 [INFO]     NSE:APLAPOLLO-EQ | CVD=-75785 vs Ref=94426 | Close=2172.50 vs VAH=2162.55
2026-02-04 11:40:55,374 [INFO]     NSE:HINDPETRO-EQ | CVD=1618427 vs Ref=1861852 | Close=459.70 vs VAH=463.95
2026-02-04 11:40:56,182 [INFO]     NSE:COALINDIA-EQ | CVD=195410 vs Ref=542308 | Close=436.60 vs VAH=440.30
2026-02-04 11:40:57,823 [INFO]     NSE:BPCL-EQ | CVD=1149890 vs Ref=1362158 | Close=379.85 vs VAH=382.20
2026-02-04 11:40:58,578 [INFO]     NSE:NATIONALUM-EQ | CVD=-460423 vs Ref=35952 | Close=374.80 vs VAH=377.55
2026-02-04 11:40:58,942 [INFO]     NSE:TATAPOWER-EQ | CVD=363643 vs Ref=383647 | Close=369.65 vs VAH=371.00
2026-02-04 11:40:59,321 [INFO]     NSE:EXIDEIND-EQ | CVD=880149 vs Ref=1572747 | Close=339.40 vs VAH=344.25
2026-02-04 11:40:59,717 [INFO]     NSE:ONGC-EQ | CVD=1806285 vs Ref=2488079 | Close=267.35 vs VAH=268.10
2026-02-04 11:41:00,098 [INFO]     NSE:ASHOKLEY-EQ | CVD=296372 vs Ref=931338 | Close=202.00 vs VAH=204.45
2026-02-04 11:41:00,508 [INFO]     NSE:IOC-EQ | CVD=4981236 vs Ref=5567212 | Close=171.95 vs VAH=173.20
2026-02-04 11:41:00,933 [INFO]     NSE:YESBANK-EQ | CVD=2244103 vs Ref=4291035 | Close=21.45 vs VAH=21.55
2026-02-04 11:42:00,935 [INFO] 🔍 Scanning for alerts on 13 symbols (5min)...
2026-02-04 11:42:02,470 [INFO]     NSE:POLYCAB-EQ | CVD=7957 vs Ref=33384 | Close=7583.00 vs VAH=7626.00
2026-02-04 11:42:02,803 [INFO]     NSE:BSE-EQ | CVD=-104075 vs Ref=226141 | Close=2821.00 vs VAH=2892.50
2026-02-04 11:42:03,147 [INFO]     NSE:APLAPOLLO-EQ | CVD=-92433 vs Ref=94426 | Close=2165.10 vs VAH=2162.55
2026-02-04 11:42:03,459 [INFO]     NSE:HINDPETRO-EQ | CVD=1598208 vs Ref=1861852 | Close=458.50 vs VAH=463.95
2026-02-04 11:42:03,750 [INFO]     NSE:COALINDIA-EQ | CVD=223879 vs Ref=542308 | Close=436.55 vs VAH=440.30
2026-02-04 11:42:04,344 [INFO]     NSE:BPCL-EQ | CVD=1110742 vs Ref=1362158 | Close=379.65 vs VAH=382.20
2026-02-04 11:42:04,681 [INFO]     NSE:NATIONALUM-EQ | CVD=-507119 vs Ref=35952 | Close=373.95 vs VAH=377.55
2026-02-04 11:42:05,090 [INFO]     NSE:TATAPOWER-EQ | CVD=369035 vs Ref=383647 | Close=369.65 vs VAH=371.00
2026-02-04 11:42:05,402 [INFO]     NSE:EXIDEIND-EQ | CVD=883911 vs Ref=1572747 | Close=339.20 vs VAH=344.25
2026-02-04 11:42:05,689 [INFO]     NSE:ONGC-EQ | CVD=1710267 vs Ref=2488079 | Close=267.20 vs VAH=268.10
2026-02-04 11:42:05,977 [INFO]     NSE:ASHOKLEY-EQ | CVD=753248 vs Ref=931338 | Close=202.06 vs VAH=204.45
2026-02-04 11:42:06,397 [INFO]     NSE:IOC-EQ | CVD=5022088 vs Ref=5567212 | Close=171.96 vs VAH=173.20
2026-02-04 11:42:06,760 [INFO]     NSE:YESBANK-EQ | CVD=3107039 vs Ref=4291035 | Close=21.48 vs VAH=21.55
2026-02-04 11:43:06,761 [INFO] 🔍 Scanning for alerts on 13 symbols (5min)...
2026-02-04 11:43:07,025 [INFO]     NSE:POLYCAB-EQ | CVD=7957 vs Ref=33384 | Close=7583.00 vs VAH=7626.00
2026-02-04 11:43:07,291 [INFO]     NSE:BSE-EQ | CVD=-104075 vs Ref=226141 | Close=2821.00 vs VAH=2892.50
2026-02-04 11:43:07,574 [INFO]     NSE:APLAPOLLO-EQ | CVD=-92433 vs Ref=94426 | Close=2165.10 vs VAH=2162.55
2026-02-04 11:43:07,901 [INFO]     NSE:HINDPETRO-EQ | CVD=1598208 vs Ref=1861852 | Close=458.50 vs VAH=463.95
2026-02-04 11:43:08,181 [INFO]     NSE:COALINDIA-EQ | CVD=223879 vs Ref=542308 | Close=436.55 vs VAH=440.30
2026-02-04 11:43:08,513 [INFO]     NSE:BPCL-EQ | CVD=1110742 vs Ref=1362158 | Close=379.65 vs VAH=382.20
2026-02-04 11:43:08,853 [INFO]     NSE:NATIONALUM-EQ | CVD=-507119 vs Ref=35952 | Close=373.95 vs VAH=377.55
2026-02-04 11:43:09,126 [INFO]     NSE:TATAPOWER-EQ | CVD=369035 vs Ref=383647 | Close=369.65 vs VAH=371.00
2026-02-04 11:43:09,396 [INFO]     NSE:EXIDEIND-EQ | CVD=883911 vs Ref=1572747 | Close=339.20 vs VAH=344.25
2026-02-04 11:43:09,675 [INFO]     NSE:ONGC-EQ | CVD=1710267 vs Ref=2488079 | Close=267.20 vs VAH=268.10
2026-02-04 11:43:09,944 [INFO]     NSE:ASHOKLEY-EQ | CVD=753248 vs Ref=931338 | Close=202.06 vs VAH=204.45
2026-02-04 11:43:10,239 [INFO]     NSE:IOC-EQ | CVD=5022088 vs Ref=5567212 | Close=171.96 vs VAH=173.20
2026-02-04 11:43:10,481 [INFO]     NSE:YESBANK-EQ | CVD=3107039 vs Ref=4291035 | Close=21.48 vs VAH=21.55
2026-02-04 11:44:10,483 [INFO] 🔍 Scanning for alerts on 13 symbols (5min)...
2026-02-04 11:44:10,740 [INFO]     NSE:POLYCAB-EQ | CVD=7957 vs Ref=33384 | Close=7583.00 vs VAH=7626.00
2026-02-04 11:44:10,988 [INFO]     NSE:BSE-EQ | CVD=-104075 vs Ref=226141 | Close=2821.00 vs VAH=2892.50
2026-02-04 11:44:11,241 [INFO]     NSE:APLAPOLLO-EQ | CVD=-92433 vs Ref=94426 | Close=2165.10 vs VAH=2162.55
2026-02-04 11:44:11,527 [INFO]     NSE:HINDPETRO-EQ | CVD=1598208 vs Ref=1861852 | Close=458.50 vs VAH=463.95
2026-02-04 11:44:11,802 [INFO]     NSE:COALINDIA-EQ | CVD=223879 vs Ref=542308 | Close=436.55 vs VAH=440.30
2026-02-04 11:44:12,099 [INFO]     NSE:BPCL-EQ | CVD=1110742 vs Ref=1362158 | Close=379.65 vs VAH=382.20
2026-02-04 11:44:12,367 [INFO]     NSE:NATIONALUM-EQ | CVD=-507119 vs Ref=35952 | Close=373.95 vs VAH=377.55
2026-02-04 11:44:12,657 [INFO]     NSE:TATAPOWER-EQ | CVD=369035 vs Ref=383647 | Close=369.65 vs VAH=371.00
2026-02-04 11:44:12,933 [INFO]     NSE:EXIDEIND-EQ | CVD=883911 vs Ref=1572747 | Close=339.20 vs VAH=344.25
2026-02-04 11:44:13,227 [INFO]     NSE:ONGC-EQ | CVD=1710267 vs Ref=2488079 | Close=267.20 vs VAH=268.10
2026-02-04 11:44:13,515 [INFO]     NSE:ASHOKLEY-EQ | CVD=753248 vs Ref=931338 | Close=202.06 vs VAH=204.45
2026-02-04 11:44:13,790 [INFO]     NSE:IOC-EQ | CVD=5022088 vs Ref=5567212 | Close=171.96 vs VAH=173.20
2026-02-04 11:44:14,080 [INFO]     NSE:YESBANK-EQ | CVD=3107039 vs Ref=4291035 | Close=21.48 vs VAH=21.55
2026-02-04 11:45:14,081 [INFO] 🔍 Scanning for alerts on 13 symbols (5min)...
2026-02-04 11:45:14,319 [INFO]     NSE:POLYCAB-EQ | CVD=7957 vs Ref=33384 | Close=7583.00 vs VAH=7626.00
2026-02-04 11:45:14,559 [INFO]     NSE:BSE-EQ | CVD=-104075 vs Ref=226141 | Close=2821.00 vs VAH=2892.50
2026-02-04 11:45:14,871 [INFO]     NSE:APLAPOLLO-EQ | CVD=-92433 vs Ref=94426 | Close=2165.10 vs VAH=2162.55
2026-02-04 11:45:15,199 [INFO]     NSE:HINDPETRO-EQ | CVD=1598208 vs Ref=1861852 | Close=458.50 vs VAH=463.95
2026-02-04 11:45:15,475 [INFO]     NSE:COALINDIA-EQ | CVD=223879 vs Ref=542308 | Close=436.55 vs VAH=440.30
2026-02-04 11:45:15,746 [INFO]     NSE:BPCL-EQ | CVD=1110742 vs Ref=1362158 | Close=379.65 vs VAH=382.20
2026-02-04 11:45:16,033 [INFO]     NSE:NATIONALUM-EQ | CVD=-507119 vs Ref=35952 | Close=373.95 vs VAH=377.55
2026-02-04 11:45:16,279 [INFO]     NSE:TATAPOWER-EQ | CVD=369035 vs Ref=383647 | Close=369.65 vs VAH=371.00
2026-02-04 11:45:16,578 [INFO]     NSE:EXIDEIND-EQ | CVD=883911 vs Ref=1572747 | Close=339.20 vs VAH=344.25
2026-02-04 11:45:16,872 [INFO]     NSE:ONGC-EQ | CVD=1710267 vs Ref=2488079 | Close=267.20 vs VAH=268.10
2026-02-04 11:45:17,133 [INFO]     NSE:ASHOKLEY-EQ | CVD=753248 vs Ref=931338 | Close=202.06 vs VAH=204.45
2026-02-04 11:45:17,432 [INFO]     NSE:IOC-EQ | CVD=5022088 vs Ref=5567212 | Close=171.96 vs VAH=173.20
2026-02-04 11:45:17,685 [INFO]     NSE:YESBANK-EQ | CVD=3107039 vs Ref=4291035 | Close=21.48 vs VAH=21.55
2026-02-04 11:46:17,687 [INFO] 🔍 Scanning for alerts on 13 symbols (5min)...
2026-02-04 11:46:17,945 [INFO]     NSE:POLYCAB-EQ | CVD=7217 vs Ref=33384 | Close=7589.50 vs VAH=7626.00
2026-02-04 11:46:18,228 [INFO]     NSE:BSE-EQ | CVD=-69693 vs Ref=226141 | Close=2831.10 vs VAH=2892.50
2026-02-04 11:46:18,630 [INFO]     NSE:APLAPOLLO-EQ | CVD=-85640 vs Ref=94426 | Close=2169.60 vs VAH=2162.55
2026-02-04 11:46:18,931 [INFO]     NSE:HINDPETRO-EQ | CVD=1669317 vs Ref=1861852 | Close=459.05 vs VAH=463.95
2026-02-04 11:46:19,181 [INFO]     NSE:COALINDIA-EQ | CVD=339540 vs Ref=542308 | Close=436.45 vs VAH=440.30
2026-02-04 11:46:19,470 [INFO]     NSE:BPCL-EQ | CVD=1145006 vs Ref=1362158 | Close=380.45 vs VAH=382.20
2026-02-04 11:46:19,781 [INFO]     NSE:NATIONALUM-EQ | CVD=-457046 vs Ref=35952 | Close=374.20 vs VAH=377.55
2026-02-04 11:46:20,020 [INFO]     NSE:TATAPOWER-EQ | CVD=364587 vs Ref=383647 | Close=370.00 vs VAH=371.00
2026-02-04 11:46:20,268 [INFO]     NSE:EXIDEIND-EQ | CVD=871792 vs Ref=1572747 | Close=338.95 vs VAH=344.25
2026-02-04 11:46:20,547 [INFO]     NSE:ONGC-EQ | CVD=1679633 vs Ref=2488079 | Close=267.45 vs VAH=268.10
2026-02-04 11:46:20,812 [INFO]     NSE:ASHOKLEY-EQ | CVD=807564 vs Ref=931338 | Close=202.31 vs VAH=204.45
2026-02-04 11:46:21,096 [INFO]     NSE:IOC-EQ | CVD=5095944 vs Ref=5567212 | Close=171.93 vs VAH=173.20
2026-02-04 11:46:21,358 [INFO]     NSE:YESBANK-EQ | CVD=3064304 vs Ref=4291035 | Close=21.47 vs VAH=21.55
2026-02-04 11:47:21,359 [INFO] 🔍 Scanning for alerts on 13 symbols (5min)...
2026-02-04 11:47:21,610 [INFO]     NSE:POLYCAB-EQ | CVD=7217 vs Ref=33384 | Close=7589.50 vs VAH=7626.00
2026-02-04 11:47:21,884 [INFO]     NSE:BSE-EQ | CVD=-69693 vs Ref=226141 | Close=2831.10 vs VAH=2892.50
2026-02-04 11:47:22,167 [INFO]     NSE:APLAPOLLO-EQ | CVD=-85640 vs Ref=94426 | Close=2169.60 vs VAH=2162.55
2026-02-04 11:47:22,407 [INFO]     NSE:HINDPETRO-EQ | CVD=1669317 vs Ref=1861852 | Close=459.05 vs VAH=463.95
2026-02-04 11:47:22,678 [INFO]     NSE:COALINDIA-EQ | CVD=339540 vs Ref=542308 | Close=436.45 vs VAH=440.30
2026-02-04 11:47:22,962 [INFO]     NSE:BPCL-EQ | CVD=1145006 vs Ref=1362158 | Close=380.45 vs VAH=382.20
2026-02-04 11:47:23,235 [INFO]     NSE:NATIONALUM-EQ | CVD=-457046 vs Ref=35952 | Close=374.20 vs VAH=377.55
2026-02-04 11:47:23,480 [INFO]     NSE:TATAPOWER-EQ | CVD=364587 vs Ref=383647 | Close=370.00 vs VAH=371.00
2026-02-04 11:47:23,740 [INFO]     NSE:EXIDEIND-EQ | CVD=871792 vs Ref=1572747 | Close=338.95 vs VAH=344.25
2026-02-04 11:47:24,003 [INFO]     NSE:ONGC-EQ | CVD=1679633 vs Ref=2488079 | Close=267.45 vs VAH=268.10
2026-02-04 11:47:24,256 [INFO]     NSE:ASHOKLEY-EQ | CVD=807564 vs Ref=931338 | Close=202.31 vs VAH=204.45
2026-02-04 11:47:24,571 [INFO]     NSE:IOC-EQ | CVD=5095944 vs Ref=5567212 | Close=171.93 vs VAH=173.20
2026-02-04 11:47:24,806 [INFO]     NSE:YESBANK-EQ | CVD=3064304 vs Ref=4291035 | Close=21.47 vs VAH=21.55
2026-02-04 11:48:24,807 [INFO] 🔍 Scanning for alerts on 13 symbols (5min)...
2026-02-04 11:48:25,043 [INFO]     NSE:POLYCAB-EQ | CVD=7217 vs Ref=33384 | Close=7589.50 vs VAH=7626.00
2026-02-04 11:48:25,299 [INFO]     NSE:BSE-EQ | CVD=-69693 vs Ref=226141 | Close=2831.10 vs VAH=2892.50
2026-02-04 11:48:25,563 [INFO]     NSE:APLAPOLLO-EQ | CVD=-85640 vs Ref=94426 | Close=2169.60 vs VAH=2162.55
2026-02-04 11:48:25,806 [INFO]     NSE:HINDPETRO-EQ | CVD=1669317 vs Ref=1861852 | Close=459.05 vs VAH=463.95
2026-02-04 11:48:26,145 [INFO]     NSE:COALINDIA-EQ | CVD=339540 vs Ref=542308 | Close=436.45 vs VAH=440.30
2026-02-04 11:48:26,573 [INFO]     NSE:BPCL-EQ | CVD=1145006 vs Ref=1362158 | Close=380.45 vs VAH=382.20
2026-02-04 11:48:26,928 [INFO]     NSE:NATIONALUM-EQ | CVD=-457046 vs Ref=35952 | Close=374.20 vs VAH=377.55
2026-02-04 11:48:27,209 [INFO]     NSE:TATAPOWER-EQ | CVD=364587 vs Ref=383647 | Close=370.00 vs VAH=371.00
2026-02-04 11:48:27,508 [INFO]     NSE:EXIDEIND-EQ | CVD=871792 vs Ref=1572747 | Close=338.95 vs VAH=344.25
2026-02-04 11:48:27,854 [INFO]     NSE:ONGC-EQ | CVD=1679633 vs Ref=2488079 | Close=267.45 vs VAH=268.10
2026-02-04 11:48:28,148 [INFO]     NSE:ASHOKLEY-EQ | CVD=807564 vs Ref=931338 | Close=202.31 vs VAH=204.45
2026-02-04 11:48:28,476 [INFO]     NSE:IOC-EQ | CVD=5095944 vs Ref=5567212 | Close=171.93 vs VAH=173.20
2026-02-04 11:48:28,801 [INFO]     NSE:YESBANK-EQ | CVD=3064304 vs Ref=4291035 | Close=21.47 vs VAH=21.55
2026-02-04 11:49:28,803 [INFO] 🔍 Scanning for alerts on 13 symbols (5min)...
2026-02-04 11:49:29,104 [INFO]     NSE:POLYCAB-EQ | CVD=7217 vs Ref=33384 | Close=7589.50 vs VAH=7626.00
2026-02-04 11:49:29,399 [INFO]     NSE:BSE-EQ | CVD=-69693 vs Ref=226141 | Close=2831.10 vs VAH=2892.50
2026-02-04 11:49:29,702 [INFO]     NSE:APLAPOLLO-EQ | CVD=-85640 vs Ref=94426 | Close=2169.60 vs VAH=2162.55
2026-02-04 11:49:29,970 [INFO]     NSE:HINDPETRO-EQ | CVD=1669317 vs Ref=1861852 | Close=459.05 vs VAH=463.95
2026-02-04 11:49:30,338 [INFO]     NSE:COALINDIA-EQ | CVD=339540 vs Ref=542308 | Close=436.45 vs VAH=440.30
2026-02-04 11:49:30,697 [INFO]     NSE:BPCL-EQ | CVD=1145006 vs Ref=1362158 | Close=380.45 vs VAH=382.20
2026-02-04 11:49:31,008 [INFO]     NSE:NATIONALUM-EQ | CVD=-457046 vs Ref=35952 | Close=374.20 vs VAH=377.55
2026-02-04 11:49:31,258 [INFO]     NSE:TATAPOWER-EQ | CVD=364587 vs Ref=383647 | Close=370.00 vs VAH=371.00
2026-02-04 11:49:31,577 [INFO]     NSE:EXIDEIND-EQ | CVD=871792 vs Ref=1572747 | Close=338.95 vs VAH=344.25
2026-02-04 11:49:31,851 [INFO]     NSE:ONGC-EQ | CVD=1679633 vs Ref=2488079 | Close=267.45 vs VAH=268.10
2026-02-04 11:49:32,156 [INFO]     NSE:ASHOKLEY-EQ | CVD=807564 vs Ref=931338 | Close=202.31 vs VAH=204.45
2026-02-04 11:49:32,468 [INFO]     NSE:IOC-EQ | CVD=5095944 vs Ref=5567212 | Close=171.93 vs VAH=173.20
2026-02-04 11:49:32,759 [INFO]     NSE:YESBANK-EQ | CVD=3064304 vs Ref=4291035 | Close=21.47 vs VAH=21.55
2026-02-04 11:50:32,761 [INFO] 🔍 Scanning for alerts on 13 symbols (5min)...
2026-02-04 11:50:33,129 [INFO]     NSE:POLYCAB-EQ | CVD=7217 vs Ref=33384 | Close=7589.50 vs VAH=7626.00
2026-02-04 11:50:33,387 [INFO]     NSE:BSE-EQ | CVD=-69693 vs Ref=226141 | Close=2831.10 vs VAH=2892.50
2026-02-04 11:50:33,699 [INFO]     NSE:APLAPOLLO-EQ | CVD=-85640 vs Ref=94426 | Close=2169.60 vs VAH=2162.55
2026-02-04 11:50:34,065 [INFO]     NSE:HINDPETRO-EQ | CVD=1669317 vs Ref=1861852 | Close=459.05 vs VAH=463.95
2026-02-04 11:50:34,340 [INFO]     NSE:COALINDIA-EQ | CVD=339540 vs Ref=542308 | Close=436.45 vs VAH=440.30
2026-02-04 11:50:34,732 [INFO]     NSE:BPCL-EQ | CVD=1145006 vs Ref=1362158 | Close=380.45 vs VAH=382.20
2026-02-04 11:50:35,202 [INFO]     NSE:NATIONALUM-EQ | CVD=-457046 vs Ref=35952 | Close=374.20 vs VAH=377.55
2026-02-04 11:50:35,466 [INFO]     NSE:TATAPOWER-EQ | CVD=364587 vs Ref=383647 | Close=370.00 vs VAH=371.00
2026-02-04 11:50:35,864 [INFO]     NSE:EXIDEIND-EQ | CVD=871792 vs Ref=1572747 | Close=338.95 vs VAH=344.25
2026-02-04 11:50:36,267 [INFO]     NSE:ONGC-EQ | CVD=1679633 vs Ref=2488079 | Close=267.45 vs VAH=268.10
2026-02-04 11:50:36,671 [INFO]     NSE:ASHOKLEY-EQ | CVD=807564 vs Ref=931338 | Close=202.31 vs VAH=204.45
2026-02-04 11:50:37,002 [INFO]     NSE:IOC-EQ | CVD=5095944 vs Ref=5567212 | Close=171.93 vs VAH=173.20
2026-02-04 11:50:37,301 [INFO]     NSE:YESBANK-EQ | CVD=3064304 vs Ref=4291035 | Close=21.47 vs VAH=21.55
2026-02-04 11:51:37,303 [INFO] 🔍 Scanning for alerts on 13 symbols (5min)...
2026-02-04 11:51:37,567 [INFO]     NSE:POLYCAB-EQ | CVD=6354 vs Ref=33384 | Close=7591.00 vs VAH=7626.00
2026-02-04 11:51:37,815 [INFO]     NSE:BSE-EQ | CVD=-38617 vs Ref=226141 | Close=2836.90 vs VAH=2892.50
2026-02-04 11:51:38,068 [INFO]     NSE:APLAPOLLO-EQ | CVD=-83384 vs Ref=94426 | Close=2166.10 vs VAH=2162.55
2026-02-04 11:51:38,354 [INFO]     NSE:HINDPETRO-EQ | CVD=1638453 vs Ref=1861852 | Close=459.00 vs VAH=463.95
2026-02-04 11:51:38,608 [INFO]     NSE:COALINDIA-EQ | CVD=334772 vs Ref=542308 | Close=436.35 vs VAH=440.30
2026-02-04 11:51:38,895 [INFO]     NSE:BPCL-EQ | CVD=1158409 vs Ref=1362158 | Close=380.35 vs VAH=382.20
2026-02-04 11:51:39,165 [INFO]     NSE:NATIONALUM-EQ | CVD=-485755 vs Ref=35952 | Close=373.60 vs VAH=377.55
2026-02-04 11:51:39,441 [INFO]     NSE:TATAPOWER-EQ | CVD=367288 vs Ref=383647 | Close=369.95 vs VAH=371.00
2026-02-04 11:51:39,707 [INFO]     NSE:EXIDEIND-EQ | CVD=754777 vs Ref=1572747 | Close=338.20 vs VAH=344.25
2026-02-04 11:51:40,009 [INFO]     NSE:ONGC-EQ | CVD=1628303 vs Ref=2488079 | Close=267.10 vs VAH=268.10
2026-02-04 11:51:40,324 [INFO]     NSE:ASHOKLEY-EQ | CVD=884785 vs Ref=931338 | Close=202.20 vs VAH=204.45
2026-02-04 11:51:40,585 [INFO]     NSE:IOC-EQ | CVD=5028210 vs Ref=5567212 | Close=171.90 vs VAH=173.20
2026-02-04 11:51:40,857 [INFO]     NSE:YESBANK-EQ | CVD=2720484 vs Ref=4291035 | Close=21.46 vs VAH=21.55
2026-02-04 11:52:40,859 [INFO] 🔍 Scanning for alerts on 13 symbols (5min)...
2026-02-04 11:52:41,122 [INFO]     NSE:POLYCAB-EQ | CVD=6354 vs Ref=33384 | Close=7591.00 vs VAH=7626.00
2026-02-04 11:52:41,377 [INFO]     NSE:BSE-EQ | CVD=-38617 vs Ref=226141 | Close=2836.90 vs VAH=2892.50
2026-02-04 11:52:41,613 [INFO]     NSE:APLAPOLLO-EQ | CVD=-83384 vs Ref=94426 | Close=2166.10 vs VAH=2162.55
2026-02-04 11:52:41,899 [INFO]     NSE:HINDPETRO-EQ | CVD=1638453 vs Ref=1861852 | Close=459.00 vs VAH=463.95
2026-02-04 11:52:42,137 [INFO]     NSE:COALINDIA-EQ | CVD=334772 vs Ref=542308 | Close=436.35 vs VAH=440.30
2026-02-04 11:52:42,420 [INFO]     NSE:BPCL-EQ | CVD=1158409 vs Ref=1362158 | Close=380.35 vs VAH=382.20
2026-02-04 11:52:42,676 [INFO]     NSE:NATIONALUM-EQ | CVD=-485755 vs Ref=35952 | Close=373.60 vs VAH=377.55
2026-02-04 11:52:42,949 [INFO]     NSE:TATAPOWER-EQ | CVD=367288 vs Ref=383647 | Close=369.95 vs VAH=371.00
2026-02-04 11:52:43,202 [INFO]     NSE:EXIDEIND-EQ | CVD=754777 vs Ref=1572747 | Close=338.20 vs VAH=344.25
2026-02-04 11:52:43,481 [INFO]     NSE:ONGC-EQ | CVD=1628303 vs Ref=2488079 | Close=267.10 vs VAH=268.10
2026-02-04 11:52:43,737 [INFO]     NSE:ASHOKLEY-EQ | CVD=884785 vs Ref=931338 | Close=202.20 vs VAH=204.45
2026-02-04 11:52:43,990 [INFO]     NSE:IOC-EQ | CVD=5028210 vs Ref=5567212 | Close=171.90 vs VAH=173.20
2026-02-04 11:52:44,254 [INFO]     NSE:YESBANK-EQ | CVD=2720484 vs Ref=4291035 | Close=21.46 vs VAH=21.55
2026-02-04 11:53:44,256 [INFO] 🔍 Scanning for alerts on 13 symbols (5min)...
2026-02-04 11:53:44,491 [INFO]     NSE:POLYCAB-EQ | CVD=6354 vs Ref=33384 | Close=7591.00 vs VAH=7626.00
2026-02-04 11:53:44,754 [INFO]     NSE:BSE-EQ | CVD=-38617 vs Ref=226141 | Close=2836.90 vs VAH=2892.50
2026-02-04 11:53:45,013 [INFO]     NSE:APLAPOLLO-EQ | CVD=-83384 vs Ref=94426 | Close=2166.10 vs VAH=2162.55
2026-02-04 11:53:45,255 [INFO]     NSE:HINDPETRO-EQ | CVD=1638453 vs Ref=1861852 | Close=459.00 vs VAH=463.95
2026-02-04 11:53:45,554 [INFO]     NSE:COALINDIA-EQ | CVD=334772 vs Ref=542308 | Close=436.35 vs VAH=440.30
2026-02-04 11:53:45,894 [INFO]     NSE:BPCL-EQ | CVD=1158409 vs Ref=1362158 | Close=380.35 vs VAH=382.20
2026-02-04 11:53:46,206 [INFO]     NSE:NATIONALUM-EQ | CVD=-485755 vs Ref=35952 | Close=373.60 vs VAH=377.55
2026-02-04 11:53:46,458 [INFO]     NSE:TATAPOWER-EQ | CVD=367288 vs Ref=383647 | Close=369.95 vs VAH=371.00
2026-02-04 11:53:46,713 [INFO]     NSE:EXIDEIND-EQ | CVD=754777 vs Ref=1572747 | Close=338.20 vs VAH=344.25
2026-02-04 11:53:47,016 [INFO]     NSE:ONGC-EQ | CVD=1628303 vs Ref=2488079 | Close=267.10 vs VAH=268.10
2026-02-04 11:53:47,426 [INFO]     NSE:ASHOKLEY-EQ | CVD=884785 vs Ref=931338 | Close=202.20 vs VAH=204.45
2026-02-04 11:53:47,707 [INFO]     NSE:IOC-EQ | CVD=5028210 vs Ref=5567212 | Close=171.90 vs VAH=173.20
2026-02-04 11:53:47,957 [INFO]     NSE:YESBANK-EQ | CVD=2720484 vs Ref=4291035 | Close=21.46 vs VAH=21.55
2026-02-04 11:54:47,959 [INFO] 🔍 Scanning for alerts on 13 symbols (5min)...
2026-02-04 11:54:48,196 [INFO]     NSE:POLYCAB-EQ | CVD=6354 vs Ref=33384 | Close=7591.00 vs VAH=7626.00
2026-02-04 11:54:48,437 [INFO]     NSE:BSE-EQ | CVD=-38617 vs Ref=226141 | Close=2836.90 vs VAH=2892.50
2026-02-04 11:54:48,713 [INFO]     NSE:APLAPOLLO-EQ | CVD=-83384 vs Ref=94426 | Close=2166.10 vs VAH=2162.55
2026-02-04 11:54:48,973 [INFO]     NSE:HINDPETRO-EQ | CVD=1638453 vs Ref=1861852 | Close=459.00 vs VAH=463.95
2026-02-04 11:54:49,280 [INFO]     NSE:COALINDIA-EQ | CVD=334772 vs Ref=542308 | Close=436.35 vs VAH=440.30
2026-02-04 11:54:49,564 [INFO]     NSE:BPCL-EQ | CVD=1158409 vs Ref=1362158 | Close=380.35 vs VAH=382.20
2026-02-04 11:54:49,834 [INFO]     NSE:NATIONALUM-EQ | CVD=-485755 vs Ref=35952 | Close=373.60 vs VAH=377.55
2026-02-04 11:54:49,836 [INFO] ⏭️  Skipping NSE:TATAPOWER-EQ: Already present in DB for today.
2026-02-04 11:54:50,102 [INFO]     NSE:EXIDEIND-EQ | CVD=754777 vs Ref=1572747 | Close=338.20 vs VAH=344.25
2026-02-04 11:54:50,426 [INFO]     NSE:ONGC-EQ | CVD=1628303 vs Ref=2488079 | Close=267.10 vs VAH=268.10
2026-02-04 11:54:50,719 [INFO]     NSE:ASHOKLEY-EQ | CVD=884785 vs Ref=931338 | Close=202.20 vs VAH=204.45
2026-02-04 11:54:51,018 [INFO]     NSE:IOC-EQ | CVD=5028210 vs Ref=5567212 | Close=171.90 vs VAH=173.20
2026-02-04 11:54:51,250 [INFO]     NSE:YESBANK-EQ | CVD=2720484 vs Ref=4291035 | Close=21.46 vs VAH=21.55
2026-02-04 11:55:51,252 [INFO] 🔍 Scanning for alerts on 12 symbols (5min)...
2026-02-04 11:55:51,518 [INFO]     NSE:POLYCAB-EQ | CVD=6354 vs Ref=33384 | Close=7591.00 vs VAH=7626.00
2026-02-04 11:55:51,764 [INFO]     NSE:BSE-EQ | CVD=-38617 vs Ref=226141 | Close=2836.90 vs VAH=2892.50
2026-02-04 11:55:53,846 [INFO]     NSE:APLAPOLLO-EQ | CVD=-83384 vs Ref=94426 | Close=2166.10 vs VAH=2162.55
2026-02-04 11:55:54,157 [INFO]     NSE:HINDPETRO-EQ | CVD=1638453 vs Ref=1861852 | Close=459.00 vs VAH=463.95
2026-02-04 11:55:54,433 [INFO]     NSE:COALINDIA-EQ | CVD=334772 vs Ref=542308 | Close=436.35 vs VAH=440.30
2026-02-04 11:55:54,728 [INFO]     NSE:BPCL-EQ | CVD=1158409 vs Ref=1362158 | Close=380.35 vs VAH=382.20
2026-02-04 11:55:54,990 [INFO]     NSE:NATIONALUM-EQ | CVD=-485755 vs Ref=35952 | Close=373.60 vs VAH=377.55
2026-02-04 11:55:55,238 [INFO]     NSE:EXIDEIND-EQ | CVD=754777 vs Ref=1572747 | Close=338.20 vs VAH=344.25
2026-02-04 11:55:55,552 [INFO]     NSE:ONGC-EQ | CVD=1628303 vs Ref=2488079 | Close=267.10 vs VAH=268.10
2026-02-04 11:55:55,846 [INFO]     NSE:ASHOKLEY-EQ | CVD=884785 vs Ref=931338 | Close=202.20 vs VAH=204.45
2026-02-04 11:55:56,118 [INFO]     NSE:IOC-EQ | CVD=5028210 vs Ref=5567212 | Close=171.90 vs VAH=173.20
2026-02-04 11:55:56,359 [INFO]     NSE:YESBANK-EQ | CVD=2720484 vs Ref=4291035 | Close=21.46 vs VAH=21.55
2026-02-04 11:56:56,361 [INFO] 🔍 Scanning for alerts on 12 symbols (5min)...
2026-02-04 11:56:56,614 [INFO]     NSE:POLYCAB-EQ | CVD=8066 vs Ref=33384 | Close=7609.00 vs VAH=7626.00
2026-02-04 11:56:56,870 [INFO]     NSE:BSE-EQ | CVD=-44065 vs Ref=226141 | Close=2836.70 vs VAH=2892.50
2026-02-04 11:56:57,148 [INFO]     NSE:APLAPOLLO-EQ | CVD=-102965 vs Ref=94426 | Close=2171.20 vs VAH=2162.55
2026-02-04 11:56:57,426 [INFO]     NSE:HINDPETRO-EQ | CVD=1660673 vs Ref=1861852 | Close=459.00 vs VAH=463.95
2026-02-04 11:56:57,687 [INFO]     NSE:COALINDIA-EQ | CVD=255925 vs Ref=542308 | Close=435.80 vs VAH=440.30
2026-02-04 11:56:59,834 [INFO]     NSE:BPCL-EQ | CVD=1212905 vs Ref=1362158 | Close=380.55 vs VAH=382.20
2026-02-04 11:57:00,112 [INFO]     NSE:NATIONALUM-EQ | CVD=-491280 vs Ref=35952 | Close=373.55 vs VAH=377.55
2026-02-04 11:57:00,413 [INFO]     NSE:EXIDEIND-EQ | CVD=763988 vs Ref=1572747 | Close=339.00 vs VAH=344.25
2026-02-04 11:57:00,721 [INFO]     NSE:ONGC-EQ | CVD=1534411 vs Ref=2488079 | Close=267.00 vs VAH=268.10
2026-02-04 11:57:01,057 [INFO]     NSE:ASHOKLEY-EQ | CVD=970190 vs Ref=931338 | Close=202.36 vs VAH=204.45
2026-02-04 11:57:01,543 [INFO]     NSE:IOC-EQ | CVD=4822642 vs Ref=5567212 | Close=171.67 vs VAH=173.20
2026-02-04 11:57:02,074 [INFO]     NSE:YESBANK-EQ | CVD=2916770 vs Ref=4291035 | Close=21.47 vs VAH=21.55
2026-02-04 11:58:02,075 [INFO] 🔍 Scanning for alerts on 12 symbols (5min)...
2026-02-04 11:58:02,522 [INFO]     NSE:POLYCAB-EQ | CVD=8066 vs Ref=33384 | Close=7609.00 vs VAH=7626.00
2026-02-04 11:58:02,800 [INFO]     NSE:BSE-EQ | CVD=-44065 vs Ref=226141 | Close=2836.70 vs VAH=2892.50
2026-02-04 11:58:03,085 [INFO]     NSE:APLAPOLLO-EQ | CVD=-102965 vs Ref=94426 | Close=2171.20 vs VAH=2162.55
2026-02-04 11:58:03,367 [INFO]     NSE:HINDPETRO-EQ | CVD=1660673 vs Ref=1861852 | Close=459.00 vs VAH=463.95
2026-02-04 11:58:03,652 [INFO]     NSE:COALINDIA-EQ | CVD=255925 vs Ref=542308 | Close=435.80 vs VAH=440.30
2026-02-04 11:58:03,939 [INFO]     NSE:BPCL-EQ | CVD=1212905 vs Ref=1362158 | Close=380.55 vs VAH=382.20
2026-02-04 11:58:04,209 [INFO]     NSE:NATIONALUM-EQ | CVD=-491280 vs Ref=35952 | Close=373.55 vs VAH=377.55
2026-02-04 11:58:04,527 [INFO]     NSE:EXIDEIND-EQ | CVD=763988 vs Ref=1572747 | Close=339.00 vs VAH=344.25
2026-02-04 11:58:04,859 [INFO]     NSE:ONGC-EQ | CVD=1534411 vs Ref=2488079 | Close=267.00 vs VAH=268.10
2026-02-04 11:58:05,125 [INFO]     NSE:ASHOKLEY-EQ | CVD=970190 vs Ref=931338 | Close=202.36 vs VAH=204.45
2026-02-04 11:58:05,378 [INFO]     NSE:IOC-EQ | CVD=4822642 vs Ref=5567212 | Close=171.67 vs VAH=173.20
2026-02-04 11:58:05,618 [INFO]     NSE:YESBANK-EQ | CVD=2916770 vs Ref=4291035 | Close=21.47 vs VAH=21.55
2026-02-04 11:59:05,619 [INFO] 🔍 Scanning for alerts on 12 symbols (5min)...
2026-02-04 11:59:05,846 [INFO]     NSE:POLYCAB-EQ | CVD=8066 vs Ref=33384 | Close=7609.00 vs VAH=7626.00
2026-02-04 11:59:06,126 [INFO]     NSE:BSE-EQ | CVD=-44065 vs Ref=226141 | Close=2836.70 vs VAH=2892.50
2026-02-04 11:59:06,465 [INFO]     NSE:APLAPOLLO-EQ | CVD=-102965 vs Ref=94426 | Close=2171.20 vs VAH=2162.55
2026-02-04 11:59:06,738 [INFO]     NSE:HINDPETRO-EQ | CVD=1660673 vs Ref=1861852 | Close=459.00 vs VAH=463.95
2026-02-04 11:59:06,976 [INFO]     NSE:COALINDIA-EQ | CVD=255925 vs Ref=542308 | Close=435.80 vs VAH=440.30
2026-02-04 11:59:07,239 [INFO]     NSE:BPCL-EQ | CVD=1212905 vs Ref=1362158 | Close=380.55 vs VAH=382.20
2026-02-04 11:59:07,503 [INFO]     NSE:NATIONALUM-EQ | CVD=-491280 vs Ref=35952 | Close=373.55 vs VAH=377.55
2026-02-04 11:59:07,740 [INFO]     NSE:EXIDEIND-EQ | CVD=763988 vs Ref=1572747 | Close=339.00 vs VAH=344.25
2026-02-04 11:59:08,030 [INFO]     NSE:ONGC-EQ | CVD=1534411 vs Ref=2488079 | Close=267.00 vs VAH=268.10
2026-02-04 11:59:08,321 [INFO]     NSE:ASHOKLEY-EQ | CVD=970190 vs Ref=931338 | Close=202.36 vs VAH=204.45
2026-02-04 11:59:08,611 [INFO]     NSE:IOC-EQ | CVD=4822642 vs Ref=5567212 | Close=171.67 vs VAH=173.20
2026-02-04 11:59:08,858 [INFO]     NSE:YESBANK-EQ | CVD=2916770 vs Ref=4291035 | Close=21.47 vs VAH=21.55
2026-02-04 12:00:08,859 [INFO] 🔍 Scanning for alerts on 12 symbols (5min)...
2026-02-04 12:00:09,106 [INFO]     NSE:POLYCAB-EQ | CVD=8066 vs Ref=33384 | Close=7609.00 vs VAH=7626.00
2026-02-04 12:00:09,354 [INFO]     NSE:BSE-EQ | CVD=-44065 vs Ref=226141 | Close=2836.70 vs VAH=2892.50
2026-02-04 12:00:09,587 [INFO]     NSE:APLAPOLLO-EQ | CVD=-102965 vs Ref=94426 | Close=2171.20 vs VAH=2162.55
2026-02-04 12:00:09,841 [INFO]     NSE:HINDPETRO-EQ | CVD=1660673 vs Ref=1861852 | Close=459.00 vs VAH=463.95
2026-02-04 12:00:10,107 [INFO]     NSE:COALINDIA-EQ | CVD=255925 vs Ref=542308 | Close=435.80 vs VAH=440.30
2026-02-04 12:00:10,410 [INFO]     NSE:BPCL-EQ | CVD=1212905 vs Ref=1362158 | Close=380.55 vs VAH=382.20
2026-02-04 12:00:10,643 [INFO]     NSE:NATIONALUM-EQ | CVD=-491280 vs Ref=35952 | Close=373.55 vs VAH=377.55
2026-02-04 12:00:10,902 [INFO]     NSE:EXIDEIND-EQ | CVD=763988 vs Ref=1572747 | Close=339.00 vs VAH=344.25
2026-02-04 12:00:11,184 [INFO]     NSE:ONGC-EQ | CVD=1534411 vs Ref=2488079 | Close=267.00 vs VAH=268.10
2026-02-04 12:00:11,460 [INFO]     NSE:ASHOKLEY-EQ | CVD=970190 vs Ref=931338 | Close=202.36 vs VAH=204.45
2026-02-04 12:00:11,720 [INFO]     NSE:IOC-EQ | CVD=4822642 vs Ref=5567212 | Close=171.67 vs VAH=173.20
2026-02-04 12:00:12,002 [INFO]     NSE:YESBANK-EQ | CVD=2916770 vs Ref=4291035 | Close=21.47 vs VAH=21.55
2026-02-04 12:01:12,003 [INFO] 🔍 Scanning for alerts on 12 symbols (5min)...
2026-02-04 12:01:12,236 [INFO]     NSE:POLYCAB-EQ | CVD=12983 vs Ref=33384 | Close=7624.50 vs VAH=7626.00
2026-02-04 12:01:12,485 [INFO]     NSE:BSE-EQ | CVD=-40436 vs Ref=226141 | Close=2848.90 vs VAH=2892.50
2026-02-04 12:01:12,709 [INFO]     NSE:APLAPOLLO-EQ | CVD=-93489 vs Ref=94426 | Close=2177.00 vs VAH=2162.55
2026-02-04 12:01:12,969 [INFO]     NSE:HINDPETRO-EQ | CVD=1655595 vs Ref=1861852 | Close=459.10 vs VAH=463.95
2026-02-04 12:01:13,206 [INFO]     NSE:COALINDIA-EQ | CVD=215997 vs Ref=542308 | Close=436.85 vs VAH=440.30
2026-02-04 12:01:13,483 [INFO]     NSE:BPCL-EQ | CVD=1267720 vs Ref=1362158 | Close=381.35 vs VAH=382.20
2026-02-04 12:01:13,727 [INFO]     NSE:NATIONALUM-EQ | CVD=-483347 vs Ref=35952 | Close=373.80 vs VAH=377.55
2026-02-04 12:01:13,980 [INFO]     NSE:EXIDEIND-EQ | CVD=753546 vs Ref=1572747 | Close=339.15 vs VAH=344.25
2026-02-04 12:01:14,261 [INFO]     NSE:ONGC-EQ | CVD=1500841 vs Ref=2488079 | Close=267.55 vs VAH=268.10
2026-02-04 12:01:14,494 [INFO]     NSE:ASHOKLEY-EQ | CVD=972043 vs Ref=931338 | Close=202.66 vs VAH=204.45
2026-02-04 12:01:14,739 [INFO]     NSE:IOC-EQ | CVD=4873486 vs Ref=5567212 | Close=172.03 vs VAH=173.20
2026-02-04 12:01:15,014 [INFO]     NSE:YESBANK-EQ | CVD=3790088 vs Ref=4291035 | Close=21.53 vs VAH=21.55
2026-02-04 12:02:15,015 [INFO] 🔍 Scanning for alerts on 12 symbols (5min)...
2026-02-04 12:02:15,363 [INFO]     NSE:POLYCAB-EQ | CVD=12983 vs Ref=33384 | Close=7624.50 vs VAH=7626.00
2026-02-04 12:02:15,597 [INFO]     NSE:BSE-EQ | CVD=-40436 vs Ref=226141 | Close=2848.90 vs VAH=2892.50
2026-02-04 12:02:15,880 [INFO]     NSE:APLAPOLLO-EQ | CVD=-93489 vs Ref=94426 | Close=2177.00 vs VAH=2162.55
2026-02-04 12:02:16,161 [INFO]     NSE:HINDPETRO-EQ | CVD=1655595 vs Ref=1861852 | Close=459.10 vs VAH=463.95
2026-02-04 12:02:16,396 [INFO]     NSE:COALINDIA-EQ | CVD=215997 vs Ref=542308 | Close=436.85 vs VAH=440.30
2026-02-04 12:02:16,662 [INFO]     NSE:BPCL-EQ | CVD=1267720 vs Ref=1362158 | Close=381.35 vs VAH=382.20
2026-02-04 12:02:16,955 [INFO]     NSE:NATIONALUM-EQ | CVD=-483347 vs Ref=35952 | Close=373.80 vs VAH=377.55
2026-02-04 12:02:17,194 [INFO]     NSE:EXIDEIND-EQ | CVD=753546 vs Ref=1572747 | Close=339.15 vs VAH=344.25
2026-02-04 12:02:17,472 [INFO]     NSE:ONGC-EQ | CVD=1500841 vs Ref=2488079 | Close=267.55 vs VAH=268.10
2026-02-04 12:02:17,723 [INFO]     NSE:ASHOKLEY-EQ | CVD=972043 vs Ref=931338 | Close=202.66 vs VAH=204.45
2026-02-04 12:02:17,964 [INFO]     NSE:IOC-EQ | CVD=4873486 vs Ref=5567212 | Close=172.03 vs VAH=173.20
2026-02-04 12:02:18,225 [INFO]     NSE:YESBANK-EQ | CVD=3790088 vs Ref=4291035 | Close=21.53 vs VAH=21.55
2026-02-04 12:03:18,226 [INFO] 🔍 Scanning for alerts on 12 symbols (5min)...
2026-02-04 12:03:18,472 [INFO]     NSE:POLYCAB-EQ | CVD=12983 vs Ref=33384 | Close=7624.50 vs VAH=7626.00
2026-02-04 12:03:18,705 [INFO]     NSE:BSE-EQ | CVD=-40436 vs Ref=226141 | Close=2848.90 vs VAH=2892.50
2026-02-04 12:03:18,959 [INFO]     NSE:APLAPOLLO-EQ | CVD=-93489 vs Ref=94426 | Close=2177.00 vs VAH=2162.55
2026-02-04 12:03:19,236 [INFO]     NSE:HINDPETRO-EQ | CVD=1655595 vs Ref=1861852 | Close=459.10 vs VAH=463.95
2026-02-04 12:03:19,511 [INFO]     NSE:COALINDIA-EQ | CVD=215997 vs Ref=542308 | Close=436.85 vs VAH=440.30
2026-02-04 12:03:19,774 [INFO]     NSE:BPCL-EQ | CVD=1267720 vs Ref=1362158 | Close=381.35 vs VAH=382.20
2026-02-04 12:03:20,018 [INFO]     NSE:NATIONALUM-EQ | CVD=-483347 vs Ref=35952 | Close=373.80 vs VAH=377.55
2026-02-04 12:03:20,268 [INFO]     NSE:EXIDEIND-EQ | CVD=753546 vs Ref=1572747 | Close=339.15 vs VAH=344.25
2026-02-04 12:03:20,562 [INFO]     NSE:ONGC-EQ | CVD=1500841 vs Ref=2488079 | Close=267.55 vs VAH=268.10
2026-02-04 12:03:20,813 [INFO]     NSE:ASHOKLEY-EQ | CVD=972043 vs Ref=931338 | Close=202.66 vs VAH=204.45
2026-02-04 12:03:21,071 [INFO]     NSE:IOC-EQ | CVD=4873486 vs Ref=5567212 | Close=172.03 vs VAH=173.20
2026-02-04 12:03:21,300 [INFO]     NSE:YESBANK-EQ | CVD=3790088 vs Ref=4291035 | Close=21.53 vs VAH=21.55
2026-02-04 12:04:21,302 [INFO] 🔍 Scanning for alerts on 12 symbols (5min)...
2026-02-04 12:04:21,524 [INFO]     NSE:POLYCAB-EQ | CVD=12983 vs Ref=33384 | Close=7624.50 vs VAH=7626.00
2026-02-04 12:04:21,754 [INFO]     NSE:BSE-EQ | CVD=-40436 vs Ref=226141 | Close=2848.90 vs VAH=2892.50
2026-02-04 12:04:22,000 [INFO]     NSE:APLAPOLLO-EQ | CVD=-93489 vs Ref=94426 | Close=2177.00 vs VAH=2162.55
2026-02-04 12:04:22,279 [INFO]     NSE:HINDPETRO-EQ | CVD=1655595 vs Ref=1861852 | Close=459.10 vs VAH=463.95
2026-02-04 12:04:22,517 [INFO]     NSE:COALINDIA-EQ | CVD=215997 vs Ref=542308 | Close=436.85 vs VAH=440.30
2026-02-04 12:04:22,792 [INFO]     NSE:BPCL-EQ | CVD=1267720 vs Ref=1362158 | Close=381.35 vs VAH=382.20
2026-02-04 12:04:23,065 [INFO]     NSE:NATIONALUM-EQ | CVD=-483347 vs Ref=35952 | Close=373.80 vs VAH=377.55
2026-02-04 12:04:23,334 [INFO]     NSE:EXIDEIND-EQ | CVD=753546 vs Ref=1572747 | Close=339.15 vs VAH=344.25
2026-02-04 12:04:23,582 [INFO]     NSE:ONGC-EQ | CVD=1500841 vs Ref=2488079 | Close=267.55 vs VAH=268.10
2026-02-04 12:04:23,834 [INFO]     NSE:ASHOKLEY-EQ | CVD=972043 vs Ref=931338 | Close=202.66 vs VAH=204.45
2026-02-04 12:04:24,093 [INFO]     NSE:IOC-EQ | CVD=4873486 vs Ref=5567212 | Close=172.03 vs VAH=173.20
2026-02-04 12:04:24,328 [INFO]     NSE:YESBANK-EQ | CVD=3790088 vs Ref=4291035 | Close=21.53 vs VAH=21.55
2026-02-04 12:05:24,329 [INFO] 🔍 Scanning for alerts on 12 symbols (5min)...
2026-02-04 12:05:24,570 [INFO]     NSE:POLYCAB-EQ | CVD=12983 vs Ref=33384 | Close=7624.50 vs VAH=7626.00
2026-02-04 12:05:24,791 [INFO]     NSE:BSE-EQ | CVD=-40436 vs Ref=226141 | Close=2848.90 vs VAH=2892.50
2026-02-04 12:05:25,062 [INFO]     NSE:APLAPOLLO-EQ | CVD=-93489 vs Ref=94426 | Close=2177.00 vs VAH=2162.55
2026-02-04 12:05:25,319 [INFO]     NSE:HINDPETRO-EQ | CVD=1655595 vs Ref=1861852 | Close=459.10 vs VAH=463.95
2026-02-04 12:05:25,555 [INFO]     NSE:COALINDIA-EQ | CVD=215997 vs Ref=542308 | Close=436.85 vs VAH=440.30
2026-02-04 12:05:25,821 [INFO]     NSE:BPCL-EQ | CVD=1267720 vs Ref=1362158 | Close=381.35 vs VAH=382.20
2026-02-04 12:05:26,221 [INFO]     NSE:NATIONALUM-EQ | CVD=-483347 vs Ref=35952 | Close=373.80 vs VAH=377.55
2026-02-04 12:05:26,575 [INFO]     NSE:EXIDEIND-EQ | CVD=753546 vs Ref=1572747 | Close=339.15 vs VAH=344.25
2026-02-04 12:05:26,926 [INFO]     NSE:ONGC-EQ | CVD=1500841 vs Ref=2488079 | Close=267.55 vs VAH=268.10
2026-02-04 12:05:27,210 [INFO]     NSE:ASHOKLEY-EQ | CVD=972043 vs Ref=931338 | Close=202.66 vs VAH=204.45
2026-02-04 12:05:27,511 [INFO]     NSE:IOC-EQ | CVD=4873486 vs Ref=5567212 | Close=172.03 vs VAH=173.20
2026-02-04 12:05:27,767 [INFO]     NSE:YESBANK-EQ | CVD=3790088 vs Ref=4291035 | Close=21.53 vs VAH=21.55
2026-02-04 12:06:27,768 [INFO] 🔍 Scanning for alerts on 12 symbols (5min)...
2026-02-04 12:06:28,042 [INFO]     NSE:POLYCAB-EQ | CVD=9981 vs Ref=33384 | Close=7615.50 vs VAH=7626.00
2026-02-04 12:06:28,298 [INFO]     NSE:BSE-EQ | CVD=25659 vs Ref=226141 | Close=2860.00 vs VAH=2892.50
2026-02-04 12:06:28,587 [INFO]     NSE:APLAPOLLO-EQ | CVD=-95291 vs Ref=94426 | Close=2176.40 vs VAH=2162.55
2026-02-04 12:06:28,867 [INFO]     NSE:HINDPETRO-EQ | CVD=1617337 vs Ref=1861852 | Close=459.30 vs VAH=463.95
2026-02-04 12:06:29,118 [INFO]     NSE:COALINDIA-EQ | CVD=143287 vs Ref=542308 | Close=436.25 vs VAH=440.30
2026-02-04 12:06:29,408 [INFO]     NSE:BPCL-EQ | CVD=1247237 vs Ref=1362158 | Close=381.25 vs VAH=382.20
2026-02-04 12:06:29,656 [INFO]     NSE:NATIONALUM-EQ | CVD=-469730 vs Ref=35952 | Close=373.65 vs VAH=377.55
2026-02-04 12:06:29,965 [INFO]     NSE:EXIDEIND-EQ | CVD=774788 vs Ref=1572747 | Close=339.30 vs VAH=344.25
2026-02-04 12:06:30,244 [INFO]     NSE:ONGC-EQ | CVD=1396994 vs Ref=2488079 | Close=267.40 vs VAH=268.10
2026-02-04 12:06:30,509 [INFO]     NSE:ASHOKLEY-EQ | CVD=938078 vs Ref=931338 | Close=202.67 vs VAH=204.45
2026-02-04 12:06:30,770 [INFO]     NSE:IOC-EQ | CVD=4867211 vs Ref=5567212 | Close=171.93 vs VAH=173.20
2026-02-04 12:06:31,002 [INFO]     NSE:YESBANK-EQ | CVD=4594260 vs Ref=4291035 | Close=21.54 vs VAH=21.55
2026-02-04 12:07:31,004 [INFO] 🔍 Scanning for alerts on 12 symbols (5min)...
2026-02-04 12:07:31,238 [INFO]     NSE:POLYCAB-EQ | CVD=9981 vs Ref=33384 | Close=7615.50 vs VAH=7626.00
2026-02-04 12:07:31,479 [INFO]     NSE:BSE-EQ | CVD=25659 vs Ref=226141 | Close=2860.00 vs VAH=2892.50
2026-02-04 12:07:31,687 [INFO]     NSE:APLAPOLLO-EQ | CVD=-95291 vs Ref=94426 | Close=2176.40 vs VAH=2162.55
2026-02-04 12:07:31,922 [INFO]     NSE:HINDPETRO-EQ | CVD=1617337 vs Ref=1861852 | Close=459.30 vs VAH=463.95
2026-02-04 12:07:32,182 [INFO]     NSE:COALINDIA-EQ | CVD=143287 vs Ref=542308 | Close=436.25 vs VAH=440.30
2026-02-04 12:07:32,449 [INFO]     NSE:BPCL-EQ | CVD=1247237 vs Ref=1362158 | Close=381.25 vs VAH=382.20
2026-02-04 12:07:32,687 [INFO]     NSE:NATIONALUM-EQ | CVD=-469730 vs Ref=35952 | Close=373.65 vs VAH=377.55
2026-02-04 12:07:32,920 [INFO]     NSE:EXIDEIND-EQ | CVD=774788 vs Ref=1572747 | Close=339.30 vs VAH=344.25
2026-02-04 12:07:33,192 [INFO]     NSE:ONGC-EQ | CVD=1396994 vs Ref=2488079 | Close=267.40 vs VAH=268.10
2026-02-04 12:07:33,448 [INFO]     NSE:ASHOKLEY-EQ | CVD=938078 vs Ref=931338 | Close=202.67 vs VAH=204.45
2026-02-04 12:07:33,712 [INFO]     NSE:IOC-EQ | CVD=4867211 vs Ref=5567212 | Close=171.93 vs VAH=173.20
2026-02-04 12:07:33,966 [INFO]     NSE:YESBANK-EQ | CVD=4594260 vs Ref=4291035 | Close=21.54 vs VAH=21.55
2026-02-04 12:08:33,968 [INFO] 🔍 Scanning for alerts on 12 symbols (5min)...
2026-02-04 12:08:34,242 [INFO]     NSE:POLYCAB-EQ | CVD=9981 vs Ref=33384 | Close=7615.50 vs VAH=7626.00
2026-02-04 12:08:34,502 [INFO]     NSE:BSE-EQ | CVD=25659 vs Ref=226141 | Close=2860.00 vs VAH=2892.50
2026-02-04 12:08:34,753 [INFO]     NSE:APLAPOLLO-EQ | CVD=-95291 vs Ref=94426 | Close=2176.40 vs VAH=2162.55
2026-02-04 12:08:35,023 [INFO]     NSE:HINDPETRO-EQ | CVD=1617337 vs Ref=1861852 | Close=459.30 vs VAH=463.95
2026-02-04 12:08:35,283 [INFO]     NSE:COALINDIA-EQ | CVD=143287 vs Ref=542308 | Close=436.25 vs VAH=440.30
2026-02-04 12:08:35,525 [INFO]     NSE:BPCL-EQ | CVD=1247237 vs Ref=1362158 | Close=381.25 vs VAH=382.20
2026-02-04 12:08:35,779 [INFO]     NSE:NATIONALUM-EQ | CVD=-469730 vs Ref=35952 | Close=373.65 vs VAH=377.55
2026-02-04 12:08:36,015 [INFO]     NSE:EXIDEIND-EQ | CVD=774788 vs Ref=1572747 | Close=339.30 vs VAH=344.25
2026-02-04 12:08:36,261 [INFO]     NSE:ONGC-EQ | CVD=1396994 vs Ref=2488079 | Close=267.40 vs VAH=268.10
2026-02-04 12:08:36,504 [INFO]     NSE:ASHOKLEY-EQ | CVD=938078 vs Ref=931338 | Close=202.67 vs VAH=204.45
2026-02-04 12:08:36,741 [INFO]     NSE:IOC-EQ | CVD=4867211 vs Ref=5567212 | Close=171.93 vs VAH=173.20
2026-02-04 12:08:36,965 [INFO]     NSE:YESBANK-EQ | CVD=4594260 vs Ref=4291035 | Close=21.54 vs VAH=21.55
2026-02-04 12:09:36,966 [INFO] 🔍 Scanning for alerts on 12 symbols (5min)...
2026-02-04 12:09:37,234 [INFO]     NSE:POLYCAB-EQ | CVD=9981 vs Ref=33384 | Close=7615.50 vs VAH=7626.00
2026-02-04 12:09:37,458 [INFO]     NSE:BSE-EQ | CVD=25659 vs Ref=226141 | Close=2860.00 vs VAH=2892.50
2026-02-04 12:09:37,684 [INFO]     NSE:APLAPOLLO-EQ | CVD=-95291 vs Ref=94426 | Close=2176.40 vs VAH=2162.55
2026-02-04 12:09:37,928 [INFO]     NSE:HINDPETRO-EQ | CVD=1617337 vs Ref=1861852 | Close=459.30 vs VAH=463.95
2026-02-04 12:09:38,194 [INFO]     NSE:COALINDIA-EQ | CVD=143287 vs Ref=542308 | Close=436.25 vs VAH=440.30
2026-02-04 12:09:38,466 [INFO]     NSE:BPCL-EQ | CVD=1247237 vs Ref=1362158 | Close=381.25 vs VAH=382.20
2026-02-04 12:09:38,699 [INFO]     NSE:NATIONALUM-EQ | CVD=-469730 vs Ref=35952 | Close=373.65 vs VAH=377.55
2026-02-04 12:09:38,956 [INFO]     NSE:EXIDEIND-EQ | CVD=774788 vs Ref=1572747 | Close=339.30 vs VAH=344.25
2026-02-04 12:09:39,228 [INFO]     NSE:ONGC-EQ | CVD=1396994 vs Ref=2488079 | Close=267.40 vs VAH=268.10
2026-02-04 12:09:39,449 [INFO]     NSE:ASHOKLEY-EQ | CVD=938078 vs Ref=931338 | Close=202.67 vs VAH=204.45
2026-02-04 12:09:39,705 [INFO]     NSE:IOC-EQ | CVD=4867211 vs Ref=5567212 | Close=171.93 vs VAH=173.20
2026-02-04 12:09:39,951 [INFO]     NSE:YESBANK-EQ | CVD=4594260 vs Ref=4291035 | Close=21.54 vs VAH=21.55
2026-02-04 12:10:39,953 [INFO] 🔍 Scanning for alerts on 12 symbols (5min)...
2026-02-04 12:10:40,211 [INFO]     NSE:POLYCAB-EQ | CVD=9981 vs Ref=33384 | Close=7615.50 vs VAH=7626.00
2026-02-04 12:10:40,454 [INFO]     NSE:BSE-EQ | CVD=25659 vs Ref=226141 | Close=2860.00 vs VAH=2892.50
2026-02-04 12:10:40,687 [INFO]     NSE:APLAPOLLO-EQ | CVD=-95291 vs Ref=94426 | Close=2176.40 vs VAH=2162.55
2026-02-04 12:10:40,912 [INFO]     NSE:HINDPETRO-EQ | CVD=1617337 vs Ref=1861852 | Close=459.30 vs VAH=463.95
2026-02-04 12:10:41,139 [INFO]     NSE:COALINDIA-EQ | CVD=143287 vs Ref=542308 | Close=436.25 vs VAH=440.30
2026-02-04 12:10:41,403 [INFO]     NSE:BPCL-EQ | CVD=1247237 vs Ref=1362158 | Close=381.25 vs VAH=382.20
2026-02-04 12:10:41,626 [INFO]     NSE:NATIONALUM-EQ | CVD=-469730 vs Ref=35952 | Close=373.65 vs VAH=377.55
2026-02-04 12:10:41,870 [INFO]     NSE:EXIDEIND-EQ | CVD=774788 vs Ref=1572747 | Close=339.30 vs VAH=344.25
2026-02-04 12:10:42,142 [INFO]     NSE:ONGC-EQ | CVD=1396994 vs Ref=2488079 | Close=267.40 vs VAH=268.10
2026-02-04 12:10:42,361 [INFO]     NSE:ASHOKLEY-EQ | CVD=938078 vs Ref=931338 | Close=202.67 vs VAH=204.45
2026-02-04 12:10:42,606 [INFO]     NSE:IOC-EQ | CVD=4867211 vs Ref=5567212 | Close=171.93 vs VAH=173.20
2026-02-04 12:10:42,864 [INFO]     NSE:YESBANK-EQ | CVD=4594260 vs Ref=4291035 | Close=21.54 vs VAH=21.55
2026-02-04 12:11:42,866 [INFO] 🔍 Scanning for alerts on 12 symbols (5min)...
2026-02-04 12:11:43,101 [INFO]     NSE:POLYCAB-EQ | CVD=16178 vs Ref=33384 | Close=7645.00 vs VAH=7626.00
2026-02-04 12:11:43,313 [INFO]     NSE:BSE-EQ | CVD=203366 vs Ref=226141 | Close=2878.00 vs VAH=2892.50
2026-02-04 12:11:43,537 [INFO]     NSE:APLAPOLLO-EQ | CVD=-85040 vs Ref=94426 | Close=2178.40 vs VAH=2162.55
2026-02-04 12:11:43,757 [INFO]     NSE:HINDPETRO-EQ | CVD=1583574 vs Ref=1861852 | Close=459.40 vs VAH=463.95
2026-02-04 12:11:43,989 [INFO]     NSE:COALINDIA-EQ | CVD=77817 vs Ref=542308 | Close=435.25 vs VAH=440.30
2026-02-04 12:11:44,283 [INFO]     NSE:BPCL-EQ | CVD=1233848 vs Ref=1362158 | Close=381.35 vs VAH=382.20
2026-02-04 12:11:44,554 [INFO]     NSE:NATIONALUM-EQ | CVD=-505441 vs Ref=35952 | Close=373.65 vs VAH=377.55
2026-02-04 12:11:44,785 [INFO]     NSE:EXIDEIND-EQ | CVD=813886 vs Ref=1572747 | Close=341.25 vs VAH=344.25
2026-02-04 12:11:45,031 [INFO]     NSE:ONGC-EQ | CVD=1402298 vs Ref=2488079 | Close=266.80 vs VAH=268.10
2026-02-04 12:11:45,267 [INFO]     NSE:ASHOKLEY-EQ | CVD=898263 vs Ref=931338 | Close=202.09 vs VAH=204.45
2026-02-04 12:11:45,540 [INFO]     NSE:IOC-EQ | CVD=4780044 vs Ref=5567212 | Close=171.75 vs VAH=173.20
2026-02-04 12:11:45,785 [INFO] 📡 Sending order request for NSE:YESBANK-EQ to http://localhost:4000/postOrder...
2026-02-04 12:11:45,815 [INFO] 📩 Server Response: 200 - {"message":"Order execution triggered","status":"success","receivedData":{"ticker":"NSE:YESBANK-EQ","action":"BUY","close":21.58}}
2026-02-04 12:11:45,816 [INFO]     NSE:YESBANK-EQ | CVD=6018995 vs Ref=4291035 | Close=21.58 vs VAH=21.55
2026-02-04 12:12:45,818 [INFO] 🔍 Scanning for alerts on 11 symbols (5min)...
2026-02-04 12:12:46,083 [INFO]     NSE:POLYCAB-EQ | CVD=16178 vs Ref=33384 | Close=7645.00 vs VAH=7626.00
2026-02-04 12:12:46,300 [INFO]     NSE:BSE-EQ | CVD=203366 vs Ref=226141 | Close=2878.00 vs VAH=2892.50
2026-02-04 12:12:46,518 [INFO]     NSE:APLAPOLLO-EQ | CVD=-85040 vs Ref=94426 | Close=2178.40 vs VAH=2162.55
2026-02-04 12:12:46,749 [INFO]     NSE:HINDPETRO-EQ | CVD=1583574 vs Ref=1861852 | Close=459.40 vs VAH=463.95
2026-02-04 12:12:47,029 [INFO]     NSE:COALINDIA-EQ | CVD=77817 vs Ref=542308 | Close=435.25 vs VAH=440.30
2026-02-04 12:12:47,271 [INFO]     NSE:BPCL-EQ | CVD=1233848 vs Ref=1362158 | Close=381.35 vs VAH=382.20
2026-02-04 12:12:47,509 [INFO]     NSE:NATIONALUM-EQ | CVD=-505441 vs Ref=35952 | Close=373.65 vs VAH=377.55
2026-02-04 12:12:47,776 [INFO]     NSE:EXIDEIND-EQ | CVD=813886 vs Ref=1572747 | Close=341.25 vs VAH=344.25
2026-02-04 12:12:48,021 [INFO]     NSE:ONGC-EQ | CVD=1402298 vs Ref=2488079 | Close=266.80 vs VAH=268.10
2026-02-04 12:12:48,255 [INFO]     NSE:ASHOKLEY-EQ | CVD=898263 vs Ref=931338 | Close=202.09 vs VAH=204.45
2026-02-04 12:12:48,496 [INFO]     NSE:IOC-EQ | CVD=4780044 vs Ref=5567212 | Close=171.75 vs VAH=173.20
2026-02-04 12:13:48,498 [INFO] 🔍 Scanning for alerts on 11 symbols (5min)...
2026-02-04 12:13:48,715 [INFO]     NSE:POLYCAB-EQ | CVD=16178 vs Ref=33384 | Close=7645.00 vs VAH=7626.00
2026-02-04 12:13:48,932 [INFO]     NSE:BSE-EQ | CVD=203366 vs Ref=226141 | Close=2878.00 vs VAH=2892.50
2026-02-04 12:13:49,154 [INFO]     NSE:APLAPOLLO-EQ | CVD=-85040 vs Ref=94426 | Close=2178.40 vs VAH=2162.55
2026-02-04 12:13:49,385 [INFO]     NSE:HINDPETRO-EQ | CVD=1583574 vs Ref=1861852 | Close=459.40 vs VAH=463.95
2026-02-04 12:13:49,626 [INFO]     NSE:COALINDIA-EQ | CVD=77817 vs Ref=542308 | Close=435.25 vs VAH=440.30
2026-02-04 12:13:50,807 [INFO]     NSE:BPCL-EQ | CVD=1233848 vs Ref=1362158 | Close=381.35 vs VAH=382.20
2026-02-04 12:13:51,025 [INFO]     NSE:NATIONALUM-EQ | CVD=-505441 vs Ref=35952 | Close=373.65 vs VAH=377.55
2026-02-04 12:13:51,260 [INFO]     NSE:EXIDEIND-EQ | CVD=813886 vs Ref=1572747 | Close=341.25 vs VAH=344.25
2026-02-04 12:13:51,502 [INFO]     NSE:ONGC-EQ | CVD=1402298 vs Ref=2488079 | Close=266.80 vs VAH=268.10
2026-02-04 12:13:51,733 [INFO]     NSE:ASHOKLEY-EQ | CVD=898263 vs Ref=931338 | Close=202.09 vs VAH=204.45
2026-02-04 12:13:51,971 [INFO]     NSE:IOC-EQ | CVD=4780044 vs Ref=5567212 | Close=171.75 vs VAH=173.20
2026-02-04 12:14:51,972 [INFO] 🔍 Scanning for alerts on 11 symbols (5min)...
2026-02-04 12:14:52,195 [INFO]     NSE:POLYCAB-EQ | CVD=16178 vs Ref=33384 | Close=7645.00 vs VAH=7626.00
2026-02-04 12:14:52,394 [INFO]     NSE:BSE-EQ | CVD=203366 vs Ref=226141 | Close=2878.00 vs VAH=2892.50
2026-02-04 12:14:54,318 [INFO]     NSE:APLAPOLLO-EQ | CVD=-85040 vs Ref=94426 | Close=2178.40 vs VAH=2162.55
2026-02-04 12:14:54,543 [INFO]     NSE:HINDPETRO-EQ | CVD=1583574 vs Ref=1861852 | Close=459.40 vs VAH=463.95
2026-02-04 12:14:54,754 [INFO]     NSE:COALINDIA-EQ | CVD=77817 vs Ref=542308 | Close=435.25 vs VAH=440.30
2026-02-04 12:14:55,037 [INFO]     NSE:BPCL-EQ | CVD=1233848 vs Ref=1362158 | Close=381.35 vs VAH=382.20
2026-02-04 12:14:55,308 [INFO]     NSE:NATIONALUM-EQ | CVD=-505441 vs Ref=35952 | Close=373.65 vs VAH=377.55
2026-02-04 12:14:55,534 [INFO]     NSE:EXIDEIND-EQ | CVD=813886 vs Ref=1572747 | Close=341.25 vs VAH=344.25
2026-02-04 12:14:55,801 [INFO]     NSE:ONGC-EQ | CVD=1402298 vs Ref=2488079 | Close=266.80 vs VAH=268.10
2026-02-04 12:14:56,027 [INFO]     NSE:ASHOKLEY-EQ | CVD=898263 vs Ref=931338 | Close=202.09 vs VAH=204.45
2026-02-04 12:14:56,254 [INFO]     NSE:IOC-EQ | CVD=4780044 vs Ref=5567212 | Close=171.75 vs VAH=173.20
2026-02-04 12:15:56,256 [INFO] 🔍 Scanning for alerts on 11 symbols (5min)...
2026-02-04 12:15:56,474 [INFO]     NSE:POLYCAB-EQ | CVD=16178 vs Ref=33384 | Close=7645.00 vs VAH=7626.00
2026-02-04 12:15:56,690 [INFO]     NSE:BSE-EQ | CVD=203366 vs Ref=226141 | Close=2878.00 vs VAH=2892.50
2026-02-04 12:15:56,900 [INFO]     NSE:APLAPOLLO-EQ | CVD=-85040 vs Ref=94426 | Close=2178.40 vs VAH=2162.55
2026-02-04 12:15:57,118 [INFO]     NSE:HINDPETRO-EQ | CVD=1583574 vs Ref=1861852 | Close=459.40 vs VAH=463.95
2026-02-04 12:15:57,337 [INFO]     NSE:COALINDIA-EQ | CVD=77817 vs Ref=542308 | Close=435.25 vs VAH=440.30
2026-02-04 12:15:57,621 [INFO]     NSE:BPCL-EQ | CVD=1233848 vs Ref=1362158 | Close=381.35 vs VAH=382.20
2026-02-04 12:15:57,892 [INFO]     NSE:NATIONALUM-EQ | CVD=-505441 vs Ref=35952 | Close=373.65 vs VAH=377.55
2026-02-04 12:15:58,153 [INFO]     NSE:EXIDEIND-EQ | CVD=813886 vs Ref=1572747 | Close=341.25 vs VAH=344.25
2026-02-04 12:15:58,452 [INFO]     NSE:ONGC-EQ | CVD=1402298 vs Ref=2488079 | Close=266.80 vs VAH=268.10
2026-02-04 12:15:58,663 [INFO]     NSE:ASHOKLEY-EQ | CVD=898263 vs Ref=931338 | Close=202.09 vs VAH=204.45
2026-02-04 12:15:58,906 [INFO]     NSE:IOC-EQ | CVD=4780044 vs Ref=5567212 | Close=171.75 vs VAH=173.20
2026-02-04 12:16:58,908 [INFO] 🔍 Scanning for alerts on 11 symbols (5min)...
2026-02-04 12:16:59,138 [INFO]     NSE:POLYCAB-EQ | CVD=21902 vs Ref=33384 | Close=7660.00 vs VAH=7626.00
2026-02-04 12:16:59,409 [INFO]     NSE:BSE-EQ | CVD=225899 vs Ref=226141 | Close=2875.40 vs VAH=2892.50
2026-02-04 12:16:59,623 [INFO]     NSE:APLAPOLLO-EQ | CVD=-87108 vs Ref=94426 | Close=2182.90 vs VAH=2162.55
2026-02-04 12:16:59,853 [INFO]     NSE:HINDPETRO-EQ | CVD=1555520 vs Ref=1861852 | Close=459.00 vs VAH=463.95
2026-02-04 12:17:00,110 [INFO]     NSE:COALINDIA-EQ | CVD=117020 vs Ref=542308 | Close=434.95 vs VAH=440.30
2026-02-04 12:17:02,020 [INFO]     NSE:BPCL-EQ | CVD=1226723 vs Ref=1362158 | Close=381.10 vs VAH=382.20
2026-02-04 12:17:02,374 [INFO]     NSE:NATIONALUM-EQ | CVD=-435561 vs Ref=35952 | Close=374.40 vs VAH=377.55
2026-02-04 12:17:02,737 [INFO]     NSE:EXIDEIND-EQ | CVD=785839 vs Ref=1572747 | Close=340.95 vs VAH=344.25
2026-02-04 12:17:03,069 [INFO]     NSE:ONGC-EQ | CVD=1431094 vs Ref=2488079 | Close=266.90 vs VAH=268.10
2026-02-04 12:17:03,286 [INFO]     NSE:ASHOKLEY-EQ | CVD=893929 vs Ref=931338 | Close=202.00 vs VAH=204.45
2026-02-04 12:17:03,582 [INFO]     NSE:IOC-EQ | CVD=4798289 vs Ref=5567212 | Close=171.77 vs VAH=173.20
2026-02-04 12:18:03,584 [INFO] 🔍 Scanning for alerts on 11 symbols (5min)...
2026-02-04 12:18:03,823 [INFO]     NSE:POLYCAB-EQ | CVD=21902 vs Ref=33384 | Close=7660.00 vs VAH=7626.00
2026-02-04 12:18:04,098 [INFO]     NSE:BSE-EQ | CVD=225899 vs Ref=226141 | Close=2875.40 vs VAH=2892.50
2026-02-04 12:18:04,312 [INFO]     NSE:APLAPOLLO-EQ | CVD=-87108 vs Ref=94426 | Close=2182.90 vs VAH=2162.55
2026-02-04 12:18:04,543 [INFO]     NSE:HINDPETRO-EQ | CVD=1555520 vs Ref=1861852 | Close=459.00 vs VAH=463.95
2026-02-04 12:18:04,823 [INFO]     NSE:COALINDIA-EQ | CVD=117020 vs Ref=542308 | Close=434.95 vs VAH=440.30
2026-02-04 12:18:05,067 [INFO]     NSE:BPCL-EQ | CVD=1226723 vs Ref=1362158 | Close=381.10 vs VAH=382.20
2026-02-04 12:18:05,372 [INFO]     NSE:NATIONALUM-EQ | CVD=-435561 vs Ref=35952 | Close=374.40 vs VAH=377.55
2026-02-04 12:18:05,607 [INFO]     NSE:EXIDEIND-EQ | CVD=785839 vs Ref=1572747 | Close=340.95 vs VAH=344.25
2026-02-04 12:18:05,865 [INFO]     NSE:ONGC-EQ | CVD=1431094 vs Ref=2488079 | Close=266.90 vs VAH=268.10
2026-02-04 12:18:06,153 [INFO]     NSE:ASHOKLEY-EQ | CVD=893929 vs Ref=931338 | Close=202.00 vs VAH=204.45
2026-02-04 12:18:06,427 [INFO]     NSE:IOC-EQ | CVD=4798289 vs Ref=5567212 | Close=171.77 vs VAH=173.20
2026-02-04 12:19:06,429 [INFO] 🔍 Scanning for alerts on 11 symbols (5min)...
2026-02-04 12:19:06,675 [INFO]     NSE:POLYCAB-EQ | CVD=21902 vs Ref=33384 | Close=7660.00 vs VAH=7626.00
2026-02-04 12:19:06,942 [INFO]     NSE:BSE-EQ | CVD=225899 vs Ref=226141 | Close=2875.40 vs VAH=2892.50
2026-02-04 12:19:07,167 [INFO]     NSE:APLAPOLLO-EQ | CVD=-87108 vs Ref=94426 | Close=2182.90 vs VAH=2162.55
2026-02-04 12:19:07,416 [INFO]     NSE:HINDPETRO-EQ | CVD=1555520 vs Ref=1861852 | Close=459.00 vs VAH=463.95
2026-02-04 12:19:07,677 [INFO]     NSE:COALINDIA-EQ | CVD=117020 vs Ref=542308 | Close=434.95 vs VAH=440.30
2026-02-04 12:19:07,967 [INFO]     NSE:BPCL-EQ | CVD=1226723 vs Ref=1362158 | Close=381.10 vs VAH=382.20
2026-02-04 12:19:08,204 [INFO]     NSE:NATIONALUM-EQ | CVD=-435561 vs Ref=35952 | Close=374.40 vs VAH=377.55
2026-02-04 12:19:08,460 [INFO]     NSE:EXIDEIND-EQ | CVD=785839 vs Ref=1572747 | Close=340.95 vs VAH=344.25
2026-02-04 12:19:08,714 [INFO]     NSE:ONGC-EQ | CVD=1431094 vs Ref=2488079 | Close=266.90 vs VAH=268.10
2026-02-04 12:19:08,943 [INFO]     NSE:ASHOKLEY-EQ | CVD=893929 vs Ref=931338 | Close=202.00 vs VAH=204.45
2026-02-04 12:19:09,209 [INFO]     NSE:IOC-EQ | CVD=4798289 vs Ref=5567212 | Close=171.77 vs VAH=173.20
2026-02-04 12:20:09,211 [INFO] 🔍 Scanning for alerts on 11 symbols (5min)...
2026-02-04 12:20:09,436 [INFO]     NSE:POLYCAB-EQ | CVD=21902 vs Ref=33384 | Close=7660.00 vs VAH=7626.00
2026-02-04 12:20:09,659 [INFO]     NSE:BSE-EQ | CVD=225899 vs Ref=226141 | Close=2875.40 vs VAH=2892.50
2026-02-04 12:20:09,889 [INFO]     NSE:APLAPOLLO-EQ | CVD=-87108 vs Ref=94426 | Close=2182.90 vs VAH=2162.55
2026-02-04 12:20:10,169 [INFO]     NSE:HINDPETRO-EQ | CVD=1555520 vs Ref=1861852 | Close=459.00 vs VAH=463.95
2026-02-04 12:20:10,404 [INFO]     NSE:COALINDIA-EQ | CVD=117020 vs Ref=542308 | Close=434.95 vs VAH=440.30
2026-02-04 12:20:10,642 [INFO]     NSE:BPCL-EQ | CVD=1226723 vs Ref=1362158 | Close=381.10 vs VAH=382.20
2026-02-04 12:20:10,867 [INFO]     NSE:NATIONALUM-EQ | CVD=-435561 vs Ref=35952 | Close=374.40 vs VAH=377.55
2026-02-04 12:20:11,116 [INFO]     NSE:EXIDEIND-EQ | CVD=785839 vs Ref=1572747 | Close=340.95 vs VAH=344.25
2026-02-04 12:20:11,402 [INFO]     NSE:ONGC-EQ | CVD=1431094 vs Ref=2488079 | Close=266.90 vs VAH=268.10
2026-02-04 12:20:11,613 [INFO]     NSE:ASHOKLEY-EQ | CVD=893929 vs Ref=931338 | Close=202.00 vs VAH=204.45
2026-02-04 12:20:11,849 [INFO]     NSE:IOC-EQ | CVD=4798289 vs Ref=5567212 | Close=171.77 vs VAH=173.20
2026-02-04 12:21:11,852 [INFO] 🔍 Scanning for alerts on 11 symbols (5min)...
2026-02-04 12:21:12,071 [INFO]     NSE:POLYCAB-EQ | CVD=22431 vs Ref=33384 | Close=7663.00 vs VAH=7626.00
2026-02-04 12:21:12,289 [INFO]     NSE:BSE-EQ | CVD=255601 vs Ref=226141 | Close=2874.00 vs VAH=2892.50
2026-02-04 12:21:12,528 [INFO]     NSE:APLAPOLLO-EQ | CVD=-84394 vs Ref=94426 | Close=2184.10 vs VAH=2162.55
2026-02-04 12:21:12,796 [INFO]     NSE:HINDPETRO-EQ | CVD=1530393 vs Ref=1861852 | Close=458.45 vs VAH=463.95
2026-02-04 12:21:13,002 [INFO]     NSE:COALINDIA-EQ | CVD=40739 vs Ref=542308 | Close=434.25 vs VAH=440.30
2026-02-04 12:21:13,247 [INFO]     NSE:BPCL-EQ | CVD=1153853 vs Ref=1362158 | Close=380.05 vs VAH=382.20
2026-02-04 12:21:13,473 [INFO]     NSE:NATIONALUM-EQ | CVD=-551857 vs Ref=35952 | Close=373.05 vs VAH=377.55
2026-02-04 12:21:13,696 [INFO]     NSE:EXIDEIND-EQ | CVD=768722 vs Ref=1572747 | Close=340.20 vs VAH=344.25
2026-02-04 12:21:13,986 [INFO]     NSE:ONGC-EQ | CVD=1514695 vs Ref=2488079 | Close=266.95 vs VAH=268.10
2026-02-04 12:21:14,211 [INFO]     NSE:ASHOKLEY-EQ | CVD=891481 vs Ref=931338 | Close=202.11 vs VAH=204.45
2026-02-04 12:21:14,450 [INFO]     NSE:IOC-EQ | CVD=4761360 vs Ref=5567212 | Close=171.50 vs VAH=173.20
2026-02-04 12:22:14,452 [INFO] 🔍 Scanning for alerts on 11 symbols (5min)...
2026-02-04 12:22:14,689 [INFO]     NSE:POLYCAB-EQ | CVD=22431 vs Ref=33384 | Close=7663.00 vs VAH=7626.00
2026-02-04 12:22:14,892 [INFO]     NSE:BSE-EQ | CVD=255601 vs Ref=226141 | Close=2874.00 vs VAH=2892.50
2026-02-04 12:22:15,122 [INFO]     NSE:APLAPOLLO-EQ | CVD=-84394 vs Ref=94426 | Close=2184.10 vs VAH=2162.55
2026-02-04 12:22:15,379 [INFO]     NSE:HINDPETRO-EQ | CVD=1530393 vs Ref=1861852 | Close=458.45 vs VAH=463.95
2026-02-04 12:22:15,606 [INFO]     NSE:COALINDIA-EQ | CVD=40739 vs Ref=542308 | Close=434.25 vs VAH=440.30
2026-02-04 12:22:15,838 [INFO]     NSE:BPCL-EQ | CVD=1153853 vs Ref=1362158 | Close=380.05 vs VAH=382.20
2026-02-04 12:22:16,087 [INFO]     NSE:NATIONALUM-EQ | CVD=-551857 vs Ref=35952 | Close=373.05 vs VAH=377.55
2026-02-04 12:22:16,324 [INFO]     NSE:EXIDEIND-EQ | CVD=768722 vs Ref=1572747 | Close=340.20 vs VAH=344.25
2026-02-04 12:22:16,629 [INFO]     NSE:ONGC-EQ | CVD=1514695 vs Ref=2488079 | Close=266.95 vs VAH=268.10
2026-02-04 12:22:16,901 [INFO]     NSE:ASHOKLEY-EQ | CVD=891481 vs Ref=931338 | Close=202.11 vs VAH=204.45
2026-02-04 12:22:17,136 [INFO]     NSE:IOC-EQ | CVD=4761360 vs Ref=5567212 | Close=171.50 vs VAH=173.20
2026-02-04 12:23:17,137 [INFO] 🔍 Scanning for alerts on 11 symbols (5min)...
2026-02-04 12:23:17,355 [INFO]     NSE:POLYCAB-EQ | CVD=22431 vs Ref=33384 | Close=7663.00 vs VAH=7626.00
2026-02-04 12:23:17,579 [INFO]     NSE:BSE-EQ | CVD=255601 vs Ref=226141 | Close=2874.00 vs VAH=2892.50
2026-02-04 12:23:17,855 [INFO]     NSE:APLAPOLLO-EQ | CVD=-84394 vs Ref=94426 | Close=2184.10 vs VAH=2162.55
2026-02-04 12:23:18,085 [INFO]     NSE:HINDPETRO-EQ | CVD=1530393 vs Ref=1861852 | Close=458.45 vs VAH=463.95
2026-02-04 12:23:18,315 [INFO]     NSE:COALINDIA-EQ | CVD=40739 vs Ref=542308 | Close=434.25 vs VAH=440.30
2026-02-04 12:23:18,582 [INFO]     NSE:BPCL-EQ | CVD=1153853 vs Ref=1362158 | Close=380.05 vs VAH=382.20
2026-02-04 12:23:18,812 [INFO]     NSE:NATIONALUM-EQ | CVD=-551857 vs Ref=35952 | Close=373.05 vs VAH=377.55
2026-02-04 12:23:19,033 [INFO]     NSE:EXIDEIND-EQ | CVD=768722 vs Ref=1572747 | Close=340.20 vs VAH=344.25
2026-02-04 12:23:19,262 [INFO]     NSE:ONGC-EQ | CVD=1514695 vs Ref=2488079 | Close=266.95 vs VAH=268.10
2026-02-04 12:23:19,494 [INFO]     NSE:ASHOKLEY-EQ | CVD=891481 vs Ref=931338 | Close=202.11 vs VAH=204.45
2026-02-04 12:23:19,736 [INFO]     NSE:IOC-EQ | CVD=4761360 vs Ref=5567212 | Close=171.50 vs VAH=173.20
2026-02-04 12:24:19,738 [INFO] 🔍 Scanning for alerts on 11 symbols (5min)...
2026-02-04 12:24:19,976 [INFO]     NSE:POLYCAB-EQ | CVD=22431 vs Ref=33384 | Close=7663.00 vs VAH=7626.00
2026-02-04 12:24:20,189 [INFO]     NSE:BSE-EQ | CVD=255601 vs Ref=226141 | Close=2874.00 vs VAH=2892.50
2026-02-04 12:24:20,452 [INFO]     NSE:APLAPOLLO-EQ | CVD=-84394 vs Ref=94426 | Close=2184.10 vs VAH=2162.55
2026-02-04 12:24:20,676 [INFO]     NSE:HINDPETRO-EQ | CVD=1530393 vs Ref=1861852 | Close=458.45 vs VAH=463.95
2026-02-04 12:24:20,916 [INFO]     NSE:COALINDIA-EQ | CVD=40739 vs Ref=542308 | Close=434.25 vs VAH=440.30
2026-02-04 12:24:21,213 [INFO]     NSE:BPCL-EQ | CVD=1153853 vs Ref=1362158 | Close=380.05 vs VAH=382.20
2026-02-04 12:24:21,479 [INFO]     NSE:NATIONALUM-EQ | CVD=-551857 vs Ref=35952 | Close=373.05 vs VAH=377.55
2026-02-04 12:24:21,720 [INFO]     NSE:EXIDEIND-EQ | CVD=768722 vs Ref=1572747 | Close=340.20 vs VAH=344.25
2026-02-04 12:24:21,955 [INFO]     NSE:ONGC-EQ | CVD=1514695 vs Ref=2488079 | Close=266.95 vs VAH=268.10
2026-02-04 12:24:22,186 [INFO]     NSE:ASHOKLEY-EQ | CVD=891481 vs Ref=931338 | Close=202.11 vs VAH=204.45
2026-02-04 12:24:22,433 [INFO]     NSE:IOC-EQ | CVD=4761360 vs Ref=5567212 | Close=171.50 vs VAH=173.20
2026-02-04 12:25:22,434 [INFO] 🔍 Scanning for alerts on 11 symbols (5min)...
2026-02-04 12:25:22,724 [INFO]     NSE:POLYCAB-EQ | CVD=22431 vs Ref=33384 | Close=7663.00 vs VAH=7626.00
2026-02-04 12:25:22,991 [INFO]     NSE:BSE-EQ | CVD=255601 vs Ref=226141 | Close=2874.00 vs VAH=2892.50
2026-02-04 12:25:23,439 [INFO]     NSE:APLAPOLLO-EQ | CVD=-84394 vs Ref=94426 | Close=2184.10 vs VAH=2162.55
2026-02-04 12:25:23,805 [INFO]     NSE:HINDPETRO-EQ | CVD=1530393 vs Ref=1861852 | Close=458.45 vs VAH=463.95
2026-02-04 12:25:24,128 [INFO]     NSE:COALINDIA-EQ | CVD=40739 vs Ref=542308 | Close=434.25 vs VAH=440.30
2026-02-04 12:25:24,471 [INFO]     NSE:BPCL-EQ | CVD=1153853 vs Ref=1362158 | Close=380.05 vs VAH=382.20
2026-02-04 12:25:24,745 [INFO]     NSE:NATIONALUM-EQ | CVD=-551857 vs Ref=35952 | Close=373.05 vs VAH=377.55
2026-02-04 12:25:25,061 [INFO]     NSE:EXIDEIND-EQ | CVD=768722 vs Ref=1572747 | Close=340.20 vs VAH=344.25
2026-02-04 12:25:25,319 [INFO]     NSE:ONGC-EQ | CVD=1514695 vs Ref=2488079 | Close=266.95 vs VAH=268.10
2026-02-04 12:25:25,579 [INFO]     NSE:ASHOKLEY-EQ | CVD=891481 vs Ref=931338 | Close=202.11 vs VAH=204.45
2026-02-04 12:25:25,865 [INFO]     NSE:IOC-EQ | CVD=4761360 vs Ref=5567212 | Close=171.50 vs VAH=173.20
2026-02-04 12:26:25,867 [INFO] 🔍 Scanning for alerts on 11 symbols (5min)...
2026-02-04 12:26:26,267 [INFO]     NSE:POLYCAB-EQ | CVD=20089 vs Ref=33384 | Close=7650.50 vs VAH=7626.00
2026-02-04 12:26:26,660 [INFO]     NSE:BSE-EQ | CVD=302484 vs Ref=226141 | Close=2887.50 vs VAH=2892.50
2026-02-04 12:26:26,980 [INFO]     NSE:APLAPOLLO-EQ | CVD=-88513 vs Ref=94426 | Close=2183.00 vs VAH=2162.55
2026-02-04 12:26:27,289 [INFO]     NSE:HINDPETRO-EQ | CVD=1520633 vs Ref=1861852 | Close=458.75 vs VAH=463.95
2026-02-04 12:26:27,605 [INFO]     NSE:COALINDIA-EQ | CVD=19185 vs Ref=542308 | Close=434.70 vs VAH=440.30
2026-02-04 12:26:27,963 [INFO]     NSE:BPCL-EQ | CVD=1171002 vs Ref=1362158 | Close=380.40 vs VAH=382.20
2026-02-04 12:26:28,326 [INFO]     NSE:NATIONALUM-EQ | CVD=-476733 vs Ref=35952 | Close=373.90 vs VAH=377.55
2026-02-04 12:26:28,723 [INFO]     NSE:EXIDEIND-EQ | CVD=745955 vs Ref=1572747 | Close=340.85 vs VAH=344.25
2026-02-04 12:26:29,055 [INFO]     NSE:ONGC-EQ | CVD=1522961 vs Ref=2488079 | Close=267.05 vs VAH=268.10
2026-02-04 12:26:29,434 [INFO]     NSE:ASHOKLEY-EQ | CVD=894657 vs Ref=931338 | Close=202.15 vs VAH=204.45
2026-02-04 12:26:29,791 [INFO]     NSE:IOC-EQ | CVD=4630675 vs Ref=5567212 | Close=171.50 vs VAH=173.20
2026-02-04 12:27:29,794 [INFO] 🔍 Scanning for alerts on 11 symbols (5min)...
2026-02-04 12:27:30,081 [INFO]     NSE:POLYCAB-EQ | CVD=20089 vs Ref=33384 | Close=7650.50 vs VAH=7626.00
2026-02-04 12:27:30,440 [INFO]     NSE:BSE-EQ | CVD=302484 vs Ref=226141 | Close=2887.50 vs VAH=2892.50
2026-02-04 12:27:30,864 [INFO]     NSE:APLAPOLLO-EQ | CVD=-88513 vs Ref=94426 | Close=2183.00 vs VAH=2162.55
2026-02-04 12:27:31,239 [INFO]     NSE:HINDPETRO-EQ | CVD=1520633 vs Ref=1861852 | Close=458.75 vs VAH=463.95
2026-02-04 12:27:31,511 [INFO]     NSE:COALINDIA-EQ | CVD=19185 vs Ref=542308 | Close=434.70 vs VAH=440.30
2026-02-04 12:27:31,805 [INFO]     NSE:BPCL-EQ | CVD=1171002 vs Ref=1362158 | Close=380.40 vs VAH=382.20
2026-02-04 12:27:32,100 [INFO]     NSE:NATIONALUM-EQ | CVD=-476733 vs Ref=35952 | Close=373.90 vs VAH=377.55
2026-02-04 12:27:32,377 [INFO]     NSE:EXIDEIND-EQ | CVD=745955 vs Ref=1572747 | Close=340.85 vs VAH=344.25
2026-02-04 12:27:32,709 [INFO]     NSE:ONGC-EQ | CVD=1522961 vs Ref=2488079 | Close=267.05 vs VAH=268.10
2026-02-04 12:27:33,011 [INFO]     NSE:ASHOKLEY-EQ | CVD=894657 vs Ref=931338 | Close=202.15 vs VAH=204.45
2026-02-04 12:27:33,445 [INFO]     NSE:IOC-EQ | CVD=4630675 vs Ref=5567212 | Close=171.50 vs VAH=173.20
2026-02-04 12:28:33,463 [INFO] 🔍 Scanning for alerts on 11 symbols (5min)...
2026-02-04 12:28:33,709 [INFO]     NSE:POLYCAB-EQ | CVD=20089 vs Ref=33384 | Close=7650.50 vs VAH=7626.00
2026-02-04 12:28:34,036 [INFO]     NSE:BSE-EQ | CVD=302484 vs Ref=226141 | Close=2887.50 vs VAH=2892.50
2026-02-04 12:28:34,356 [INFO]     NSE:APLAPOLLO-EQ | CVD=-88513 vs Ref=94426 | Close=2183.00 vs VAH=2162.55
2026-02-04 12:28:34,638 [INFO]     NSE:HINDPETRO-EQ | CVD=1520633 vs Ref=1861852 | Close=458.75 vs VAH=463.95
2026-02-04 12:28:34,910 [INFO]     NSE:COALINDIA-EQ | CVD=19185 vs Ref=542308 | Close=434.70 vs VAH=440.30
2026-02-04 12:28:35,207 [INFO]     NSE:BPCL-EQ | CVD=1171002 vs Ref=1362158 | Close=380.40 vs VAH=382.20
2026-02-04 12:28:35,489 [INFO]     NSE:NATIONALUM-EQ | CVD=-476733 vs Ref=35952 | Close=373.90 vs VAH=377.55
2026-02-04 12:28:35,762 [INFO]     NSE:EXIDEIND-EQ | CVD=745955 vs Ref=1572747 | Close=340.85 vs VAH=344.25
2026-02-04 12:28:36,055 [INFO]     NSE:ONGC-EQ | CVD=1522961 vs Ref=2488079 | Close=267.05 vs VAH=268.10
2026-02-04 12:28:36,319 [INFO]     NSE:ASHOKLEY-EQ | CVD=894657 vs Ref=931338 | Close=202.15 vs VAH=204.45
2026-02-04 12:28:36,659 [INFO]     NSE:IOC-EQ | CVD=4630675 vs Ref=5567212 | Close=171.50 vs VAH=173.20
2026-02-04 12:29:36,661 [INFO] 🔍 Scanning for alerts on 11 symbols (5min)...
2026-02-04 12:29:36,947 [INFO]     NSE:POLYCAB-EQ | CVD=20089 vs Ref=33384 | Close=7650.50 vs VAH=7626.00
2026-02-04 12:29:37,179 [INFO]     NSE:BSE-EQ | CVD=302484 vs Ref=226141 | Close=2887.50 vs VAH=2892.50
2026-02-04 12:29:37,443 [INFO]     NSE:APLAPOLLO-EQ | CVD=-88513 vs Ref=94426 | Close=2183.00 vs VAH=2162.55
2026-02-04 12:29:37,699 [INFO]     NSE:HINDPETRO-EQ | CVD=1520633 vs Ref=1861852 | Close=458.75 vs VAH=463.95
2026-02-04 12:29:37,957 [INFO]     NSE:COALINDIA-EQ | CVD=19185 vs Ref=542308 | Close=434.70 vs VAH=440.30
2026-02-04 12:29:38,328 [INFO]     NSE:BPCL-EQ | CVD=1171002 vs Ref=1362158 | Close=380.40 vs VAH=382.20
2026-02-04 12:29:38,591 [INFO]     NSE:NATIONALUM-EQ | CVD=-476733 vs Ref=35952 | Close=373.90 vs VAH=377.55
2026-02-04 12:29:38,843 [INFO]     NSE:EXIDEIND-EQ | CVD=745955 vs Ref=1572747 | Close=340.85 vs VAH=344.25
2026-02-04 12:29:39,136 [INFO]     NSE:ONGC-EQ | CVD=1522961 vs Ref=2488079 | Close=267.05 vs VAH=268.10
2026-02-04 12:29:39,442 [INFO]     NSE:ASHOKLEY-EQ | CVD=894657 vs Ref=931338 | Close=202.15 vs VAH=204.45
2026-02-04 12:29:39,746 [INFO]     NSE:IOC-EQ | CVD=4630675 vs Ref=5567212 | Close=171.50 vs VAH=173.20
2026-02-04 12:30:39,748 [INFO] 🔍 Scanning for alerts on 11 symbols (5min)...
2026-02-04 12:30:40,002 [INFO]     NSE:POLYCAB-EQ | CVD=20089 vs Ref=33384 | Close=7650.50 vs VAH=7626.00
2026-02-04 12:30:40,250 [INFO]     NSE:BSE-EQ | CVD=302484 vs Ref=226141 | Close=2887.50 vs VAH=2892.50
2026-02-04 12:30:40,535 [INFO]     NSE:APLAPOLLO-EQ | CVD=-88513 vs Ref=94426 | Close=2183.00 vs VAH=2162.55
2026-02-04 12:30:40,836 [INFO]     NSE:HINDPETRO-EQ | CVD=1520633 vs Ref=1861852 | Close=458.75 vs VAH=463.95
2026-02-04 12:30:41,099 [INFO]     NSE:COALINDIA-EQ | CVD=19185 vs Ref=542308 | Close=434.70 vs VAH=440.30
2026-02-04 12:30:41,391 [INFO]     NSE:BPCL-EQ | CVD=1171002 vs Ref=1362158 | Close=380.40 vs VAH=382.20
2026-02-04 12:30:41,659 [INFO]     NSE:NATIONALUM-EQ | CVD=-476733 vs Ref=35952 | Close=373.90 vs VAH=377.55
2026-02-04 12:30:41,970 [INFO]     NSE:EXIDEIND-EQ | CVD=745955 vs Ref=1572747 | Close=340.85 vs VAH=344.25
2026-02-04 12:30:42,243 [INFO]     NSE:ONGC-EQ | CVD=1522961 vs Ref=2488079 | Close=267.05 vs VAH=268.10
2026-02-04 12:30:42,508 [INFO]     NSE:ASHOKLEY-EQ | CVD=894657 vs Ref=931338 | Close=202.15 vs VAH=204.45
2026-02-04 12:30:42,796 [INFO]     NSE:IOC-EQ | CVD=4630675 vs Ref=5567212 | Close=171.50 vs VAH=173.20
2026-02-04 12:31:42,798 [INFO] 🔍 Scanning for alerts on 11 symbols (5min)...
2026-02-04 12:31:43,063 [INFO]     NSE:POLYCAB-EQ | CVD=17767 vs Ref=33384 | Close=7649.50 vs VAH=7626.00
2026-02-04 12:31:43,296 [INFO]     NSE:BSE-EQ | CVD=310249 vs Ref=226141 | Close=2886.80 vs VAH=2892.50
2026-02-04 12:31:43,556 [INFO]     NSE:APLAPOLLO-EQ | CVD=-85233 vs Ref=94426 | Close=2182.50 vs VAH=2162.55
2026-02-04 12:31:43,809 [INFO]     NSE:HINDPETRO-EQ | CVD=1520696 vs Ref=1861852 | Close=458.95 vs VAH=463.95
2026-02-04 12:31:44,075 [INFO]     NSE:COALINDIA-EQ | CVD=75141 vs Ref=542308 | Close=435.00 vs VAH=440.30
2026-02-04 12:31:44,360 [INFO]     NSE:BPCL-EQ | CVD=1168448 vs Ref=1362158 | Close=380.80 vs VAH=382.20
2026-02-04 12:31:44,609 [INFO]     NSE:NATIONALUM-EQ | CVD=-363954 vs Ref=35952 | Close=373.60 vs VAH=377.55
2026-02-04 12:31:44,866 [INFO]     NSE:EXIDEIND-EQ | CVD=767028 vs Ref=1572747 | Close=341.20 vs VAH=344.25
2026-02-04 12:31:45,170 [INFO]     NSE:ONGC-EQ | CVD=1544845 vs Ref=2488079 | Close=267.40 vs VAH=268.10
2026-02-04 12:31:45,427 [INFO]     NSE:ASHOKLEY-EQ | CVD=958277 vs Ref=931338 | Close=202.13 vs VAH=204.45
2026-02-04 12:31:45,735 [INFO]     NSE:IOC-EQ | CVD=4592102 vs Ref=5567212 | Close=171.37 vs VAH=173.20
2026-02-04 12:32:45,737 [INFO] 🔍 Scanning for alerts on 11 symbols (5min)...
2026-02-04 12:32:46,028 [INFO]     NSE:POLYCAB-EQ | CVD=17767 vs Ref=33384 | Close=7649.50 vs VAH=7626.00
2026-02-04 12:32:46,262 [INFO]     NSE:BSE-EQ | CVD=310249 vs Ref=226141 | Close=2886.80 vs VAH=2892.50
2026-02-04 12:32:46,507 [INFO]     NSE:APLAPOLLO-EQ | CVD=-85233 vs Ref=94426 | Close=2182.50 vs VAH=2162.55
2026-02-04 12:32:46,742 [INFO]     NSE:HINDPETRO-EQ | CVD=1520696 vs Ref=1861852 | Close=458.95 vs VAH=463.95
2026-02-04 12:32:47,019 [INFO]     NSE:COALINDIA-EQ | CVD=75141 vs Ref=542308 | Close=435.00 vs VAH=440.30
2026-02-04 12:32:47,306 [INFO]     NSE:BPCL-EQ | CVD=1168448 vs Ref=1362158 | Close=380.80 vs VAH=382.20
2026-02-04 12:32:47,573 [INFO]     NSE:NATIONALUM-EQ | CVD=-363954 vs Ref=35952 | Close=373.60 vs VAH=377.55
2026-02-04 12:32:47,848 [INFO]     NSE:EXIDEIND-EQ | CVD=767028 vs Ref=1572747 | Close=341.20 vs VAH=344.25
2026-02-04 12:32:48,127 [INFO]     NSE:ONGC-EQ | CVD=1544845 vs Ref=2488079 | Close=267.40 vs VAH=268.10
2026-02-04 12:32:48,377 [INFO]     NSE:ASHOKLEY-EQ | CVD=958277 vs Ref=931338 | Close=202.13 vs VAH=204.45
2026-02-04 12:32:48,645 [INFO]     NSE:IOC-EQ | CVD=4592102 vs Ref=5567212 | Close=171.37 vs VAH=173.20
2026-02-04 12:33:48,647 [INFO] 🔍 Scanning for alerts on 11 symbols (5min)...
2026-02-04 12:33:48,906 [INFO]     NSE:POLYCAB-EQ | CVD=17767 vs Ref=33384 | Close=7649.50 vs VAH=7626.00
2026-02-04 12:33:49,142 [INFO]     NSE:BSE-EQ | CVD=310249 vs Ref=226141 | Close=2886.80 vs VAH=2892.50
2026-02-04 12:33:50,215 [INFO]     NSE:APLAPOLLO-EQ | CVD=-85233 vs Ref=94426 | Close=2182.50 vs VAH=2162.55
2026-02-04 12:33:50,479 [INFO]     NSE:HINDPETRO-EQ | CVD=1520696 vs Ref=1861852 | Close=458.95 vs VAH=463.95
2026-02-04 12:33:50,709 [INFO]     NSE:COALINDIA-EQ | CVD=75141 vs Ref=542308 | Close=435.00 vs VAH=440.30
2026-02-04 12:33:50,964 [INFO]     NSE:BPCL-EQ | CVD=1168448 vs Ref=1362158 | Close=380.80 vs VAH=382.20
2026-02-04 12:33:51,218 [INFO]     NSE:NATIONALUM-EQ | CVD=-363954 vs Ref=35952 | Close=373.60 vs VAH=377.55
2026-02-04 12:33:51,488 [INFO]     NSE:EXIDEIND-EQ | CVD=767028 vs Ref=1572747 | Close=341.20 vs VAH=344.25
2026-02-04 12:33:51,765 [INFO]     NSE:ONGC-EQ | CVD=1544845 vs Ref=2488079 | Close=267.40 vs VAH=268.10
2026-02-04 12:33:52,053 [INFO]     NSE:ASHOKLEY-EQ | CVD=958277 vs Ref=931338 | Close=202.13 vs VAH=204.45
2026-02-04 12:33:52,316 [INFO]     NSE:IOC-EQ | CVD=4592102 vs Ref=5567212 | Close=171.37 vs VAH=173.20
2026-02-04 12:34:52,318 [INFO] 🔍 Scanning for alerts on 11 symbols (5min)...
2026-02-04 12:34:52,544 [INFO]     NSE:POLYCAB-EQ | CVD=17767 vs Ref=33384 | Close=7649.50 vs VAH=7626.00
2026-02-04 12:34:52,774 [INFO]     NSE:BSE-EQ | CVD=310249 vs Ref=226141 | Close=2886.80 vs VAH=2892.50
2026-02-04 12:34:53,062 [INFO]     NSE:APLAPOLLO-EQ | CVD=-85233 vs Ref=94426 | Close=2182.50 vs VAH=2162.55
2026-02-04 12:34:53,328 [INFO]     NSE:HINDPETRO-EQ | CVD=1520696 vs Ref=1861852 | Close=458.95 vs VAH=463.95
2026-02-04 12:34:55,090 [INFO]     NSE:COALINDIA-EQ | CVD=75141 vs Ref=542308 | Close=435.00 vs VAH=440.30
2026-02-04 12:34:55,346 [INFO]     NSE:BPCL-EQ | CVD=1168448 vs Ref=1362158 | Close=380.80 vs VAH=382.20
2026-02-04 12:34:55,607 [INFO]     NSE:NATIONALUM-EQ | CVD=-363954 vs Ref=35952 | Close=373.60 vs VAH=377.55
2026-02-04 12:34:55,869 [INFO]     NSE:EXIDEIND-EQ | CVD=767028 vs Ref=1572747 | Close=341.20 vs VAH=344.25
2026-02-04 12:34:56,126 [INFO]     NSE:ONGC-EQ | CVD=1544845 vs Ref=2488079 | Close=267.40 vs VAH=268.10
2026-02-04 12:34:56,371 [INFO]     NSE:ASHOKLEY-EQ | CVD=958277 vs Ref=931338 | Close=202.13 vs VAH=204.45
2026-02-04 12:34:56,617 [INFO]     NSE:IOC-EQ | CVD=4592102 vs Ref=5567212 | Close=171.37 vs VAH=173.20
2026-02-04 12:35:56,619 [INFO] 🔍 Scanning for alerts on 11 symbols (5min)...
2026-02-04 12:35:56,882 [INFO]     NSE:POLYCAB-EQ | CVD=17767 vs Ref=33384 | Close=7649.50 vs VAH=7626.00
2026-02-04 12:35:57,143 [INFO]     NSE:BSE-EQ | CVD=310249 vs Ref=226141 | Close=2886.80 vs VAH=2892.50
2026-02-04 12:35:57,382 [INFO]     NSE:APLAPOLLO-EQ | CVD=-85233 vs Ref=94426 | Close=2182.50 vs VAH=2162.55
2026-02-04 12:35:57,657 [INFO]     NSE:HINDPETRO-EQ | CVD=1520696 vs Ref=1861852 | Close=458.95 vs VAH=463.95
2026-02-04 12:35:59,631 [INFO]     NSE:COALINDIA-EQ | CVD=75141 vs Ref=542308 | Close=435.00 vs VAH=440.30
2026-02-04 12:35:59,890 [INFO]     NSE:BPCL-EQ | CVD=1168448 vs Ref=1362158 | Close=380.80 vs VAH=382.20
2026-02-04 12:36:00,140 [INFO]     NSE:NATIONALUM-EQ | CVD=-363954 vs Ref=35952 | Close=373.60 vs VAH=377.55
2026-02-04 12:36:00,411 [INFO]     NSE:EXIDEIND-EQ | CVD=767028 vs Ref=1572747 | Close=341.20 vs VAH=344.25
2026-02-04 12:36:00,674 [INFO]     NSE:ONGC-EQ | CVD=1544845 vs Ref=2488079 | Close=267.40 vs VAH=268.10
2026-02-04 12:36:00,927 [INFO]     NSE:ASHOKLEY-EQ | CVD=958277 vs Ref=931338 | Close=202.13 vs VAH=204.45
2026-02-04 12:36:01,235 [INFO]     NSE:IOC-EQ | CVD=4592102 vs Ref=5567212 | Close=171.37 vs VAH=173.20
2026-02-04 12:37:01,236 [INFO] 🔍 Scanning for alerts on 11 symbols (5min)...
2026-02-04 12:37:01,776 [INFO]     NSE:POLYCAB-EQ | CVD=16433 vs Ref=33384 | Close=7634.50 vs VAH=7626.00
2026-02-04 12:37:02,081 [INFO]     NSE:BSE-EQ | CVD=300314 vs Ref=226141 | Close=2883.00 vs VAH=2892.50
2026-02-04 12:37:02,448 [INFO]     NSE:APLAPOLLO-EQ | CVD=-92959 vs Ref=94426 | Close=2181.80 vs VAH=2162.55
2026-02-04 12:37:02,795 [INFO]     NSE:HINDPETRO-EQ | CVD=1528150 vs Ref=1861852 | Close=459.00 vs VAH=463.95
2026-02-04 12:37:03,077 [INFO]     NSE:COALINDIA-EQ | CVD=-173385 vs Ref=542308 | Close=434.25 vs VAH=440.30
2026-02-04 12:37:03,544 [INFO]     NSE:BPCL-EQ | CVD=1160590 vs Ref=1362158 | Close=380.50 vs VAH=382.20
2026-02-04 12:37:03,896 [INFO]     NSE:NATIONALUM-EQ | CVD=-459286 vs Ref=35952 | Close=372.85 vs VAH=377.55
2026-02-04 12:37:04,193 [INFO]     NSE:EXIDEIND-EQ | CVD=753930 vs Ref=1572747 | Close=340.60 vs VAH=344.25
2026-02-04 12:37:04,472 [INFO]     NSE:ONGC-EQ | CVD=1501764 vs Ref=2488079 | Close=267.10 vs VAH=268.10
2026-02-04 12:37:04,721 [INFO]     NSE:ASHOKLEY-EQ | CVD=989154 vs Ref=931338 | Close=201.96 vs VAH=204.45
2026-02-04 12:37:05,015 [INFO]     NSE:IOC-EQ | CVD=4584012 vs Ref=5567212 | Close=171.41 vs VAH=173.20
2026-02-04 12:38:05,017 [INFO] 🔍 Scanning for alerts on 11 symbols (5min)...
2026-02-04 12:38:05,270 [INFO]     NSE:POLYCAB-EQ | CVD=16433 vs Ref=33384 | Close=7634.50 vs VAH=7626.00
2026-02-04 12:38:05,534 [INFO]     NSE:BSE-EQ | CVD=300314 vs Ref=226141 | Close=2883.00 vs VAH=2892.50
2026-02-04 12:38:05,793 [INFO]     NSE:APLAPOLLO-EQ | CVD=-92959 vs Ref=94426 | Close=2181.80 vs VAH=2162.55
2026-02-04 12:38:06,228 [INFO]     NSE:HINDPETRO-EQ | CVD=1528150 vs Ref=1861852 | Close=459.00 vs VAH=463.95
2026-02-04 12:38:06,519 [INFO]     NSE:COALINDIA-EQ | CVD=-173385 vs Ref=542308 | Close=434.25 vs VAH=440.30
2026-02-04 12:38:06,780 [INFO]     NSE:BPCL-EQ | CVD=1160590 vs Ref=1362158 | Close=380.50 vs VAH=382.20
2026-02-04 12:38:07,055 [INFO]     NSE:NATIONALUM-EQ | CVD=-459286 vs Ref=35952 | Close=372.85 vs VAH=377.55
2026-02-04 12:38:07,360 [INFO]     NSE:EXIDEIND-EQ | CVD=753930 vs Ref=1572747 | Close=340.60 vs VAH=344.25
2026-02-04 12:38:07,607 [INFO]     NSE:ONGC-EQ | CVD=1501764 vs Ref=2488079 | Close=267.10 vs VAH=268.10
2026-02-04 12:38:07,862 [INFO]     NSE:ASHOKLEY-EQ | CVD=989154 vs Ref=931338 | Close=201.96 vs VAH=204.45
2026-02-04 12:38:08,183 [INFO]     NSE:IOC-EQ | CVD=4584012 vs Ref=5567212 | Close=171.41 vs VAH=173.20
2026-02-04 12:39:08,185 [INFO] 🔍 Scanning for alerts on 11 symbols (5min)...
2026-02-04 12:39:08,415 [INFO]     NSE:POLYCAB-EQ | CVD=16433 vs Ref=33384 | Close=7634.50 vs VAH=7626.00
2026-02-04 12:39:08,656 [INFO]     NSE:BSE-EQ | CVD=300314 vs Ref=226141 | Close=2883.00 vs VAH=2892.50
2026-02-04 12:39:08,896 [INFO]     NSE:APLAPOLLO-EQ | CVD=-92959 vs Ref=94426 | Close=2181.80 vs VAH=2162.55
2026-02-04 12:39:09,143 [INFO]     NSE:HINDPETRO-EQ | CVD=1528150 vs Ref=1861852 | Close=459.00 vs VAH=463.95
2026-02-04 12:39:09,406 [INFO]     NSE:COALINDIA-EQ | CVD=-173385 vs Ref=542308 | Close=434.25 vs VAH=440.30
2026-02-04 12:39:09,667 [INFO]     NSE:BPCL-EQ | CVD=1160590 vs Ref=1362158 | Close=380.50 vs VAH=382.20
2026-02-04 12:39:09,914 [INFO]     NSE:NATIONALUM-EQ | CVD=-459286 vs Ref=35952 | Close=372.85 vs VAH=377.55
2026-02-04 12:39:10,171 [INFO]     NSE:EXIDEIND-EQ | CVD=753930 vs Ref=1572747 | Close=340.60 vs VAH=344.25
2026-02-04 12:39:10,434 [INFO]     NSE:ONGC-EQ | CVD=1501764 vs Ref=2488079 | Close=267.10 vs VAH=268.10
2026-02-04 12:39:10,670 [INFO]     NSE:ASHOKLEY-EQ | CVD=989154 vs Ref=931338 | Close=201.96 vs VAH=204.45
2026-02-04 12:39:10,954 [INFO]     NSE:IOC-EQ | CVD=4584012 vs Ref=5567212 | Close=171.41 vs VAH=173.20
2026-02-04 12:40:10,956 [INFO] 🔍 Scanning for alerts on 11 symbols (5min)...
2026-02-04 12:40:11,182 [INFO]     NSE:POLYCAB-EQ | CVD=16433 vs Ref=33384 | Close=7634.50 vs VAH=7626.00
2026-02-04 12:40:11,466 [INFO]     NSE:BSE-EQ | CVD=300314 vs Ref=226141 | Close=2883.00 vs VAH=2892.50
2026-02-04 12:40:11,706 [INFO]     NSE:APLAPOLLO-EQ | CVD=-92959 vs Ref=94426 | Close=2181.80 vs VAH=2162.55
2026-02-04 12:40:11,987 [INFO]     NSE:HINDPETRO-EQ | CVD=1528150 vs Ref=1861852 | Close=459.00 vs VAH=463.95
2026-02-04 12:40:12,218 [INFO]     NSE:COALINDIA-EQ | CVD=-173385 vs Ref=542308 | Close=434.25 vs VAH=440.30
2026-02-04 12:40:12,498 [INFO]     NSE:BPCL-EQ | CVD=1160590 vs Ref=1362158 | Close=380.50 vs VAH=382.20
2026-02-04 12:40:12,766 [INFO]     NSE:NATIONALUM-EQ | CVD=-459286 vs Ref=35952 | Close=372.85 vs VAH=377.55
2026-02-04 12:40:13,025 [INFO]     NSE:EXIDEIND-EQ | CVD=753930 vs Ref=1572747 | Close=340.60 vs VAH=344.25
2026-02-04 12:40:13,256 [INFO]     NSE:ONGC-EQ | CVD=1501764 vs Ref=2488079 | Close=267.10 vs VAH=268.10
2026-02-04 12:40:13,518 [INFO]     NSE:ASHOKLEY-EQ | CVD=989154 vs Ref=931338 | Close=201.96 vs VAH=204.45
2026-02-04 12:40:13,759 [INFO]     NSE:IOC-EQ | CVD=4584012 vs Ref=5567212 | Close=171.41 vs VAH=173.20
2026-02-04 12:41:13,762 [INFO] 🔍 Scanning for alerts on 11 symbols (5min)...
2026-02-04 12:41:13,989 [INFO]     NSE:POLYCAB-EQ | CVD=15583 vs Ref=33384 | Close=7637.00 vs VAH=7626.00
2026-02-04 12:41:14,209 [INFO]     NSE:BSE-EQ | CVD=316036 vs Ref=226141 | Close=2885.50 vs VAH=2892.50
2026-02-04 12:41:14,446 [INFO]     NSE:APLAPOLLO-EQ | CVD=-93754 vs Ref=94426 | Close=2181.30 vs VAH=2162.55
2026-02-04 12:41:14,672 [INFO]     NSE:HINDPETRO-EQ | CVD=1585751 vs Ref=1861852 | Close=459.15 vs VAH=463.95
2026-02-04 12:41:14,923 [INFO]     NSE:COALINDIA-EQ | CVD=-283530 vs Ref=542308 | Close=433.95 vs VAH=440.30
2026-02-04 12:41:15,222 [INFO]     NSE:BPCL-EQ | CVD=1138105 vs Ref=1362158 | Close=380.65 vs VAH=382.20
2026-02-04 12:41:15,487 [INFO]     NSE:NATIONALUM-EQ | CVD=-470932 vs Ref=35952 | Close=373.25 vs VAH=377.55
2026-02-04 12:41:15,752 [INFO]     NSE:EXIDEIND-EQ | CVD=754495 vs Ref=1572747 | Close=340.60 vs VAH=344.25
2026-02-04 12:41:15,998 [INFO]     NSE:ONGC-EQ | CVD=1413866 vs Ref=2488079 | Close=267.10 vs VAH=268.10
2026-02-04 12:41:16,260 [INFO]     NSE:ASHOKLEY-EQ | CVD=860074 vs Ref=931338 | Close=201.71 vs VAH=204.45
2026-02-04 12:41:16,507 [INFO]     NSE:IOC-EQ | CVD=4621794 vs Ref=5567212 | Close=171.60 vs VAH=173.20
2026-02-04 12:42:16,509 [INFO] 🔍 Scanning for alerts on 11 symbols (5min)...
2026-02-04 12:42:16,768 [INFO]     NSE:POLYCAB-EQ | CVD=15583 vs Ref=33384 | Close=7637.00 vs VAH=7626.00
2026-02-04 12:42:16,992 [INFO]     NSE:BSE-EQ | CVD=316036 vs Ref=226141 | Close=2885.50 vs VAH=2892.50
2026-02-04 12:42:17,271 [INFO]     NSE:APLAPOLLO-EQ | CVD=-93754 vs Ref=94426 | Close=2181.30 vs VAH=2162.55
2026-02-04 12:42:17,512 [INFO]     NSE:HINDPETRO-EQ | CVD=1585751 vs Ref=1861852 | Close=459.15 vs VAH=463.95
2026-02-04 12:42:17,733 [INFO]     NSE:COALINDIA-EQ | CVD=-283530 vs Ref=542308 | Close=433.95 vs VAH=440.30
2026-02-04 12:42:17,998 [INFO]     NSE:BPCL-EQ | CVD=1138105 vs Ref=1362158 | Close=380.65 vs VAH=382.20
2026-02-04 12:42:18,225 [INFO]     NSE:NATIONALUM-EQ | CVD=-470932 vs Ref=35952 | Close=373.25 vs VAH=377.55
2026-02-04 12:42:18,482 [INFO]     NSE:EXIDEIND-EQ | CVD=754495 vs Ref=1572747 | Close=340.60 vs VAH=344.25
2026-02-04 12:42:18,722 [INFO]     NSE:ONGC-EQ | CVD=1413866 vs Ref=2488079 | Close=267.10 vs VAH=268.10
2026-02-04 12:42:18,980 [INFO]     NSE:ASHOKLEY-EQ | CVD=860074 vs Ref=931338 | Close=201.71 vs VAH=204.45
2026-02-04 12:42:19,304 [INFO]     NSE:IOC-EQ | CVD=4621794 vs Ref=5567212 | Close=171.60 vs VAH=173.20
2026-02-04 12:43:19,305 [INFO] 🔍 Scanning for alerts on 11 symbols (5min)...
2026-02-04 12:43:19,527 [INFO]     NSE:POLYCAB-EQ | CVD=15583 vs Ref=33384 | Close=7637.00 vs VAH=7626.00
2026-02-04 12:43:19,743 [INFO]     NSE:BSE-EQ | CVD=316036 vs Ref=226141 | Close=2885.50 vs VAH=2892.50
2026-02-04 12:43:20,014 [INFO]     NSE:APLAPOLLO-EQ | CVD=-93754 vs Ref=94426 | Close=2181.30 vs VAH=2162.55
2026-02-04 12:43:20,231 [INFO]     NSE:HINDPETRO-EQ | CVD=1585751 vs Ref=1861852 | Close=459.15 vs VAH=463.95
2026-02-04 12:43:20,474 [INFO]     NSE:COALINDIA-EQ | CVD=-283530 vs Ref=542308 | Close=433.95 vs VAH=440.30
2026-02-04 12:43:20,818 [INFO]     NSE:BPCL-EQ | CVD=1138105 vs Ref=1362158 | Close=380.65 vs VAH=382.20
2026-02-04 12:43:21,089 [INFO]     NSE:NATIONALUM-EQ | CVD=-470932 vs Ref=35952 | Close=373.25 vs VAH=377.55
2026-02-04 12:43:21,299 [INFO]     NSE:EXIDEIND-EQ | CVD=754495 vs Ref=1572747 | Close=340.60 vs VAH=344.25
2026-02-04 12:43:21,546 [INFO]     NSE:ONGC-EQ | CVD=1413866 vs Ref=2488079 | Close=267.10 vs VAH=268.10
2026-02-04 12:43:21,782 [INFO]     NSE:ASHOKLEY-EQ | CVD=860074 vs Ref=931338 | Close=201.71 vs VAH=204.45
2026-02-04 12:43:22,048 [INFO]     NSE:IOC-EQ | CVD=4621794 vs Ref=5567212 | Close=171.60 vs VAH=173.20
2026-02-04 12:44:22,050 [INFO] 🔍 Scanning for alerts on 11 symbols (5min)...
2026-02-04 12:44:22,273 [INFO]     NSE:POLYCAB-EQ | CVD=15583 vs Ref=33384 | Close=7637.00 vs VAH=7626.00
2026-02-04 12:44:22,494 [INFO]     NSE:BSE-EQ | CVD=316036 vs Ref=226141 | Close=2885.50 vs VAH=2892.50
2026-02-04 12:44:22,720 [INFO]     NSE:APLAPOLLO-EQ | CVD=-93754 vs Ref=94426 | Close=2181.30 vs VAH=2162.55
2026-02-04 12:44:22,965 [INFO]     NSE:HINDPETRO-EQ | CVD=1585751 vs Ref=1861852 | Close=459.15 vs VAH=463.95
2026-02-04 12:44:23,239 [INFO]     NSE:COALINDIA-EQ | CVD=-283530 vs Ref=542308 | Close=433.95 vs VAH=440.30
2026-02-04 12:44:23,572 [INFO]     NSE:BPCL-EQ | CVD=1138105 vs Ref=1362158 | Close=380.65 vs VAH=382.20
2026-02-04 12:44:23,805 [INFO]     NSE:NATIONALUM-EQ | CVD=-470932 vs Ref=35952 | Close=373.25 vs VAH=377.55
2026-02-04 12:44:24,050 [INFO]     NSE:EXIDEIND-EQ | CVD=754495 vs Ref=1572747 | Close=340.60 vs VAH=344.25
2026-02-04 12:44:24,292 [INFO]     NSE:ONGC-EQ | CVD=1413866 vs Ref=2488079 | Close=267.10 vs VAH=268.10
2026-02-04 12:44:24,552 [INFO]     NSE:ASHOKLEY-EQ | CVD=860074 vs Ref=931338 | Close=201.71 vs VAH=204.45
2026-02-04 12:44:24,799 [INFO]     NSE:IOC-EQ | CVD=4621794 vs Ref=5567212 | Close=171.60 vs VAH=173.20
2026-02-04 12:45:24,800 [INFO] 🔍 Scanning for alerts on 11 symbols (5min)...
2026-02-04 12:45:25,077 [INFO]     NSE:POLYCAB-EQ | CVD=15583 vs Ref=33384 | Close=7637.00 vs VAH=7626.00
2026-02-04 12:45:25,293 [INFO]     NSE:BSE-EQ | CVD=316036 vs Ref=226141 | Close=2885.50 vs VAH=2892.50
2026-02-04 12:45:25,529 [INFO]     NSE:APLAPOLLO-EQ | CVD=-93754 vs Ref=94426 | Close=2181.30 vs VAH=2162.55
2026-02-04 12:45:25,754 [INFO]     NSE:HINDPETRO-EQ | CVD=1585751 vs Ref=1861852 | Close=459.15 vs VAH=463.95
2026-02-04 12:45:26,106 [INFO]     NSE:COALINDIA-EQ | CVD=-283530 vs Ref=542308 | Close=433.95 vs VAH=440.30
2026-02-04 12:45:26,549 [INFO]     NSE:BPCL-EQ | CVD=1138105 vs Ref=1362158 | Close=380.65 vs VAH=382.20
2026-02-04 12:45:26,808 [INFO]     NSE:NATIONALUM-EQ | CVD=-470932 vs Ref=35952 | Close=373.25 vs VAH=377.55
2026-02-04 12:45:27,069 [INFO]     NSE:EXIDEIND-EQ | CVD=754495 vs Ref=1572747 | Close=340.60 vs VAH=344.25
2026-02-04 12:45:27,344 [INFO]     NSE:ONGC-EQ | CVD=1413866 vs Ref=2488079 | Close=267.10 vs VAH=268.10
2026-02-04 12:45:27,612 [INFO]     NSE:ASHOKLEY-EQ | CVD=860074 vs Ref=931338 | Close=201.71 vs VAH=204.45
2026-02-04 12:45:27,884 [INFO]     NSE:IOC-EQ | CVD=4621794 vs Ref=5567212 | Close=171.60 vs VAH=173.20
2026-02-04 12:46:27,887 [INFO] 🔍 Scanning for alerts on 11 symbols (5min)...
2026-02-04 12:46:28,140 [INFO]     NSE:POLYCAB-EQ | CVD=14539 vs Ref=33384 | Close=7641.50 vs VAH=7626.00
2026-02-04 12:46:28,370 [INFO]     NSE:BSE-EQ | CVD=291116 vs Ref=226141 | Close=2882.40 vs VAH=2892.50
2026-02-04 12:46:28,656 [INFO]     NSE:APLAPOLLO-EQ | CVD=-91406 vs Ref=94426 | Close=2179.00 vs VAH=2162.55
2026-02-04 12:46:28,894 [INFO]     NSE:HINDPETRO-EQ | CVD=1590786 vs Ref=1861852 | Close=458.90 vs VAH=463.95
2026-02-04 12:46:29,158 [INFO]     NSE:COALINDIA-EQ | CVD=-143944 vs Ref=542308 | Close=433.70 vs VAH=440.30
2026-02-04 12:46:29,448 [INFO]     NSE:BPCL-EQ | CVD=1098472 vs Ref=1362158 | Close=380.55 vs VAH=382.20
2026-02-04 12:46:29,721 [INFO]     NSE:NATIONALUM-EQ | CVD=-448231 vs Ref=35952 | Close=373.80 vs VAH=377.55
2026-02-04 12:46:29,988 [INFO]     NSE:EXIDEIND-EQ | CVD=723386 vs Ref=1572747 | Close=339.55 vs VAH=344.25
2026-02-04 12:46:30,243 [INFO]     NSE:ONGC-EQ | CVD=1452565 vs Ref=2488079 | Close=267.30 vs VAH=268.10
2026-02-04 12:46:30,498 [INFO]     NSE:ASHOKLEY-EQ | CVD=759637 vs Ref=931338 | Close=201.45 vs VAH=204.45
2026-02-04 12:46:30,745 [INFO]     NSE:IOC-EQ | CVD=4605541 vs Ref=5567212 | Close=171.48 vs VAH=173.20
2026-02-04 12:47:30,748 [INFO] 🔍 Scanning for alerts on 11 symbols (5min)...
2026-02-04 12:47:30,976 [INFO]     NSE:POLYCAB-EQ | CVD=14539 vs Ref=33384 | Close=7641.50 vs VAH=7626.00
2026-02-04 12:47:31,235 [INFO]     NSE:BSE-EQ | CVD=291116 vs Ref=226141 | Close=2882.40 vs VAH=2892.50
2026-02-04 12:47:31,507 [INFO]     NSE:APLAPOLLO-EQ | CVD=-91406 vs Ref=94426 | Close=2179.00 vs VAH=2162.55
2026-02-04 12:47:31,740 [INFO]     NSE:HINDPETRO-EQ | CVD=1590786 vs Ref=1861852 | Close=458.90 vs VAH=463.95
2026-02-04 12:47:31,990 [INFO]     NSE:COALINDIA-EQ | CVD=-143944 vs Ref=542308 | Close=433.70 vs VAH=440.30
2026-02-04 12:47:32,234 [INFO]     NSE:BPCL-EQ | CVD=1098472 vs Ref=1362158 | Close=380.55 vs VAH=382.20
2026-02-04 12:47:32,489 [INFO]     NSE:NATIONALUM-EQ | CVD=-448231 vs Ref=35952 | Close=373.80 vs VAH=377.55
2026-02-04 12:47:32,749 [INFO]     NSE:EXIDEIND-EQ | CVD=723386 vs Ref=1572747 | Close=339.55 vs VAH=344.25
2026-02-04 12:47:32,985 [INFO]     NSE:ONGC-EQ | CVD=1452565 vs Ref=2488079 | Close=267.30 vs VAH=268.10
2026-02-04 12:47:33,234 [INFO]     NSE:ASHOKLEY-EQ | CVD=759637 vs Ref=931338 | Close=201.45 vs VAH=204.45
2026-02-04 12:47:33,491 [INFO]     NSE:IOC-EQ | CVD=4605541 vs Ref=5567212 | Close=171.48 vs VAH=173.20
2026-02-04 12:48:33,493 [INFO] 🔍 Scanning for alerts on 11 symbols (5min)...
2026-02-04 12:48:33,725 [INFO]     NSE:POLYCAB-EQ | CVD=14539 vs Ref=33384 | Close=7641.50 vs VAH=7626.00
2026-02-04 12:48:33,988 [INFO]     NSE:BSE-EQ | CVD=291116 vs Ref=226141 | Close=2882.40 vs VAH=2892.50
2026-02-04 12:48:34,230 [INFO]     NSE:APLAPOLLO-EQ | CVD=-91406 vs Ref=94426 | Close=2179.00 vs VAH=2162.55
2026-02-04 12:48:34,501 [INFO]     NSE:HINDPETRO-EQ | CVD=1590786 vs Ref=1861852 | Close=458.90 vs VAH=463.95
2026-02-04 12:48:34,719 [INFO]     NSE:COALINDIA-EQ | CVD=-143944 vs Ref=542308 | Close=433.70 vs VAH=440.30
2026-02-04 12:48:34,999 [INFO]     NSE:BPCL-EQ | CVD=1098472 vs Ref=1362158 | Close=380.55 vs VAH=382.20
2026-02-04 12:48:35,256 [INFO]     NSE:NATIONALUM-EQ | CVD=-448231 vs Ref=35952 | Close=373.80 vs VAH=377.55
2026-02-04 12:48:35,505 [INFO]     NSE:EXIDEIND-EQ | CVD=723386 vs Ref=1572747 | Close=339.55 vs VAH=344.25
2026-02-04 12:48:35,751 [INFO]     NSE:ONGC-EQ | CVD=1452565 vs Ref=2488079 | Close=267.30 vs VAH=268.10
2026-02-04 12:48:36,000 [INFO]     NSE:ASHOKLEY-EQ | CVD=759637 vs Ref=931338 | Close=201.45 vs VAH=204.45
2026-02-04 12:48:36,243 [INFO]     NSE:IOC-EQ | CVD=4605541 vs Ref=5567212 | Close=171.48 vs VAH=173.20
2026-02-04 12:49:36,244 [INFO] 🔍 Scanning for alerts on 11 symbols (5min)...
2026-02-04 12:49:36,534 [INFO]     NSE:POLYCAB-EQ | CVD=14539 vs Ref=33384 | Close=7641.50 vs VAH=7626.00
2026-02-04 12:49:36,765 [INFO]     NSE:BSE-EQ | CVD=291116 vs Ref=226141 | Close=2882.40 vs VAH=2892.50
2026-02-04 12:49:37,025 [INFO]     NSE:APLAPOLLO-EQ | CVD=-91406 vs Ref=94426 | Close=2179.00 vs VAH=2162.55
2026-02-04 12:49:37,244 [INFO]     NSE:HINDPETRO-EQ | CVD=1590786 vs Ref=1861852 | Close=458.90 vs VAH=463.95
2026-02-04 12:49:37,501 [INFO]     NSE:COALINDIA-EQ | CVD=-143944 vs Ref=542308 | Close=433.70 vs VAH=440.30
2026-02-04 12:49:37,776 [INFO]     NSE:BPCL-EQ | CVD=1098472 vs Ref=1362158 | Close=380.55 vs VAH=382.20
2026-02-04 12:49:38,046 [INFO]     NSE:NATIONALUM-EQ | CVD=-448231 vs Ref=35952 | Close=373.80 vs VAH=377.55
2026-02-04 12:49:38,289 [INFO]     NSE:EXIDEIND-EQ | CVD=723386 vs Ref=1572747 | Close=339.55 vs VAH=344.25
2026-02-04 12:49:38,537 [INFO]     NSE:ONGC-EQ | CVD=1452565 vs Ref=2488079 | Close=267.30 vs VAH=268.10
2026-02-04 12:49:38,771 [INFO]     NSE:ASHOKLEY-EQ | CVD=759637 vs Ref=931338 | Close=201.45 vs VAH=204.45
2026-02-04 12:49:39,016 [INFO]     NSE:IOC-EQ | CVD=4605541 vs Ref=5567212 | Close=171.48 vs VAH=173.20
2026-02-04 12:50:39,018 [INFO] 🔍 Scanning for alerts on 11 symbols (5min)...
2026-02-04 12:50:39,282 [INFO]     NSE:POLYCAB-EQ | CVD=14539 vs Ref=33384 | Close=7641.50 vs VAH=7626.00
2026-02-04 12:50:39,499 [INFO]     NSE:BSE-EQ | CVD=291116 vs Ref=226141 | Close=2882.40 vs VAH=2892.50
2026-02-04 12:50:39,731 [INFO]     NSE:APLAPOLLO-EQ | CVD=-91406 vs Ref=94426 | Close=2179.00 vs VAH=2162.55
2026-02-04 12:50:39,962 [INFO]     NSE:HINDPETRO-EQ | CVD=1590786 vs Ref=1861852 | Close=458.90 vs VAH=463.95
2026-02-04 12:50:40,219 [INFO]     NSE:COALINDIA-EQ | CVD=-143944 vs Ref=542308 | Close=433.70 vs VAH=440.30
2026-02-04 12:50:40,514 [INFO]     NSE:BPCL-EQ | CVD=1098472 vs Ref=1362158 | Close=380.55 vs VAH=382.20
2026-02-04 12:50:40,760 [INFO]     NSE:NATIONALUM-EQ | CVD=-448231 vs Ref=35952 | Close=373.80 vs VAH=377.55
2026-02-04 12:50:41,000 [INFO]     NSE:EXIDEIND-EQ | CVD=723386 vs Ref=1572747 | Close=339.55 vs VAH=344.25
2026-02-04 12:50:41,250 [INFO]     NSE:ONGC-EQ | CVD=1452565 vs Ref=2488079 | Close=267.30 vs VAH=268.10
2026-02-04 12:50:41,493 [INFO]     NSE:ASHOKLEY-EQ | CVD=759637 vs Ref=931338 | Close=201.45 vs VAH=204.45
2026-02-04 12:50:41,756 [INFO]     NSE:IOC-EQ | CVD=4605541 vs Ref=5567212 | Close=171.48 vs VAH=173.20
2026-02-04 12:51:41,758 [INFO] 🔍 Scanning for alerts on 11 symbols (5min)...
2026-02-04 12:51:41,993 [INFO]     NSE:POLYCAB-EQ | CVD=15021 vs Ref=33384 | Close=7635.50 vs VAH=7626.00
2026-02-04 12:51:42,213 [INFO]     NSE:BSE-EQ | CVD=288663 vs Ref=226141 | Close=2882.90 vs VAH=2892.50
2026-02-04 12:51:42,490 [INFO]     NSE:APLAPOLLO-EQ | CVD=-89922 vs Ref=94426 | Close=2179.80 vs VAH=2162.55
2026-02-04 12:51:42,721 [INFO]     NSE:HINDPETRO-EQ | CVD=1598371 vs Ref=1861852 | Close=459.00 vs VAH=463.95
2026-02-04 12:51:43,018 [INFO]     NSE:COALINDIA-EQ | CVD=-83917 vs Ref=542308 | Close=433.60 vs VAH=440.30
2026-02-04 12:51:43,254 [INFO]     NSE:BPCL-EQ | CVD=1084073 vs Ref=1362158 | Close=380.40 vs VAH=382.20
2026-02-04 12:51:43,492 [INFO]     NSE:NATIONALUM-EQ | CVD=-232105 vs Ref=35952 | Close=373.00 vs VAH=377.55
2026-02-04 12:51:43,749 [INFO]     NSE:EXIDEIND-EQ | CVD=706709 vs Ref=1572747 | Close=339.35 vs VAH=344.25
2026-02-04 12:51:43,985 [INFO]     NSE:ONGC-EQ | CVD=1446190 vs Ref=2488079 | Close=267.70 vs VAH=268.10
2026-02-04 12:51:44,240 [INFO]     NSE:ASHOKLEY-EQ | CVD=857663 vs Ref=931338 | Close=201.38 vs VAH=204.45
2026-02-04 12:51:44,524 [INFO]     NSE:IOC-EQ | CVD=4591645 vs Ref=5567212 | Close=171.39 vs VAH=173.20
2026-02-04 12:52:44,526 [INFO] 🔍 Scanning for alerts on 11 symbols (5min)...
2026-02-04 12:52:44,748 [INFO]     NSE:POLYCAB-EQ | CVD=15021 vs Ref=33384 | Close=7635.50 vs VAH=7626.00
2026-02-04 12:52:45,012 [INFO]     NSE:BSE-EQ | CVD=288663 vs Ref=226141 | Close=2882.90 vs VAH=2892.50
2026-02-04 12:52:45,236 [INFO]     NSE:APLAPOLLO-EQ | CVD=-89922 vs Ref=94426 | Close=2179.80 vs VAH=2162.55
2026-02-04 12:52:45,478 [INFO]     NSE:HINDPETRO-EQ | CVD=1598371 vs Ref=1861852 | Close=459.00 vs VAH=463.95
2026-02-04 12:52:47,480 [INFO]     NSE:COALINDIA-EQ | CVD=-83917 vs Ref=542308 | Close=433.60 vs VAH=440.30
2026-02-04 12:52:47,780 [INFO]     NSE:BPCL-EQ | CVD=1084073 vs Ref=1362158 | Close=380.40 vs VAH=382.20
2026-02-04 12:52:48,000 [INFO]     NSE:NATIONALUM-EQ | CVD=-232105 vs Ref=35952 | Close=373.00 vs VAH=377.55
2026-02-04 12:52:48,279 [INFO]     NSE:EXIDEIND-EQ | CVD=706709 vs Ref=1572747 | Close=339.35 vs VAH=344.25
2026-02-04 12:52:48,574 [INFO]     NSE:ONGC-EQ | CVD=1446190 vs Ref=2488079 | Close=267.70 vs VAH=268.10
2026-02-04 12:52:48,859 [INFO]     NSE:ASHOKLEY-EQ | CVD=857663 vs Ref=931338 | Close=201.38 vs VAH=204.45
2026-02-04 12:52:49,104 [INFO]     NSE:IOC-EQ | CVD=4591645 vs Ref=5567212 | Close=171.39 vs VAH=173.20
2026-02-04 12:53:49,105 [INFO] 🔍 Scanning for alerts on 11 symbols (5min)...
2026-02-04 12:53:49,382 [INFO]     NSE:POLYCAB-EQ | CVD=15021 vs Ref=33384 | Close=7635.50 vs VAH=7626.00
2026-02-04 12:53:49,575 [INFO]     NSE:BSE-EQ | CVD=288663 vs Ref=226141 | Close=2882.90 vs VAH=2892.50
2026-02-04 12:53:49,803 [INFO]     NSE:APLAPOLLO-EQ | CVD=-89922 vs Ref=94426 | Close=2179.80 vs VAH=2162.55
2026-02-04 12:53:50,030 [INFO]     NSE:HINDPETRO-EQ | CVD=1598371 vs Ref=1861852 | Close=459.00 vs VAH=463.95
2026-02-04 12:53:51,372 [INFO]     NSE:COALINDIA-EQ | CVD=-83917 vs Ref=542308 | Close=433.60 vs VAH=440.30
2026-02-04 12:53:51,617 [INFO]     NSE:BPCL-EQ | CVD=1084073 vs Ref=1362158 | Close=380.40 vs VAH=382.20
2026-02-04 12:53:51,890 [INFO]     NSE:NATIONALUM-EQ | CVD=-232105 vs Ref=35952 | Close=373.00 vs VAH=377.55
2026-02-04 12:53:52,176 [INFO]     NSE:EXIDEIND-EQ | CVD=706709 vs Ref=1572747 | Close=339.35 vs VAH=344.25
2026-02-04 12:53:52,453 [INFO]     NSE:ONGC-EQ | CVD=1446190 vs Ref=2488079 | Close=267.70 vs VAH=268.10
2026-02-04 12:53:52,699 [INFO]     NSE:ASHOKLEY-EQ | CVD=857663 vs Ref=931338 | Close=201.38 vs VAH=204.45
2026-02-04 12:53:52,933 [INFO]     NSE:IOC-EQ | CVD=4591645 vs Ref=5567212 | Close=171.39 vs VAH=173.20
2026-02-04 12:54:52,934 [INFO] 🔍 Scanning for alerts on 11 symbols (5min)...
2026-02-04 12:54:53,177 [INFO]     NSE:POLYCAB-EQ | CVD=15021 vs Ref=33384 | Close=7635.50 vs VAH=7626.00
2026-02-04 12:54:53,398 [INFO]     NSE:BSE-EQ | CVD=288663 vs Ref=226141 | Close=2882.90 vs VAH=2892.50
2026-02-04 12:54:53,621 [INFO]     NSE:APLAPOLLO-EQ | CVD=-89922 vs Ref=94426 | Close=2179.80 vs VAH=2162.55
2026-02-04 12:54:53,847 [INFO]     NSE:HINDPETRO-EQ | CVD=1598371 vs Ref=1861852 | Close=459.00 vs VAH=463.95
2026-02-04 12:54:54,081 [INFO]     NSE:COALINDIA-EQ | CVD=-83917 vs Ref=542308 | Close=433.60 vs VAH=440.30
2026-02-04 12:54:56,091 [INFO]     NSE:BPCL-EQ | CVD=1084073 vs Ref=1362158 | Close=380.40 vs VAH=382.20
2026-02-04 12:54:56,354 [INFO]     NSE:NATIONALUM-EQ | CVD=-232105 vs Ref=35952 | Close=373.00 vs VAH=377.55
2026-02-04 12:54:56,591 [INFO]     NSE:EXIDEIND-EQ | CVD=706709 vs Ref=1572747 | Close=339.35 vs VAH=344.25
2026-02-04 12:54:56,835 [INFO]     NSE:ONGC-EQ | CVD=1446190 vs Ref=2488079 | Close=267.70 vs VAH=268.10
2026-02-04 12:54:57,084 [INFO]     NSE:ASHOKLEY-EQ | CVD=857663 vs Ref=931338 | Close=201.38 vs VAH=204.45
2026-02-04 12:54:57,347 [INFO]     NSE:IOC-EQ | CVD=4591645 vs Ref=5567212 | Close=171.39 vs VAH=173.20
2026-02-04 12:55:57,349 [INFO] 🔍 Scanning for alerts on 11 symbols (5min)...
2026-02-04 12:55:57,587 [INFO]     NSE:POLYCAB-EQ | CVD=15021 vs Ref=33384 | Close=7635.50 vs VAH=7626.00
2026-02-04 12:55:57,811 [INFO]     NSE:BSE-EQ | CVD=288663 vs Ref=226141 | Close=2882.90 vs VAH=2892.50
2026-02-04 12:55:58,083 [INFO]     NSE:APLAPOLLO-EQ | CVD=-89922 vs Ref=94426 | Close=2179.80 vs VAH=2162.55
2026-02-04 12:55:58,314 [INFO]     NSE:HINDPETRO-EQ | CVD=1598371 vs Ref=1861852 | Close=459.00 vs VAH=463.95
2026-02-04 12:55:58,554 [INFO]     NSE:COALINDIA-EQ | CVD=-83917 vs Ref=542308 | Close=433.60 vs VAH=440.30
2026-02-04 12:56:00,544 [INFO]     NSE:BPCL-EQ | CVD=1084073 vs Ref=1362158 | Close=380.40 vs VAH=382.20
2026-02-04 12:56:00,774 [INFO]     NSE:NATIONALUM-EQ | CVD=-232105 vs Ref=35952 | Close=373.00 vs VAH=377.55
2026-02-04 12:56:01,147 [INFO]     NSE:EXIDEIND-EQ | CVD=706709 vs Ref=1572747 | Close=339.35 vs VAH=344.25
2026-02-04 12:56:01,421 [INFO]     NSE:ONGC-EQ | CVD=1446190 vs Ref=2488079 | Close=267.70 vs VAH=268.10
2026-02-04 12:56:01,691 [INFO]     NSE:ASHOKLEY-EQ | CVD=857663 vs Ref=931338 | Close=201.38 vs VAH=204.45
2026-02-04 12:56:02,095 [INFO]     NSE:IOC-EQ | CVD=4513158 vs Ref=5567212 | Close=171.08 vs VAH=173.20
2026-02-04 12:57:02,098 [INFO] 🔍 Scanning for alerts on 11 symbols (5min)...
2026-02-04 12:57:02,620 [INFO]     NSE:POLYCAB-EQ | CVD=12271 vs Ref=33384 | Close=7627.50 vs VAH=7626.00
2026-02-04 12:57:02,957 [INFO]     NSE:BSE-EQ | CVD=313780 vs Ref=226141 | Close=2886.00 vs VAH=2892.50
2026-02-04 12:57:03,292 [INFO]     NSE:APLAPOLLO-EQ | CVD=-94321 vs Ref=94426 | Close=2179.90 vs VAH=2162.55
2026-02-04 12:57:03,623 [INFO]     NSE:HINDPETRO-EQ | CVD=1604702 vs Ref=1861852 | Close=458.80 vs VAH=463.95
2026-02-04 12:57:03,911 [INFO]     NSE:COALINDIA-EQ | CVD=-32955 vs Ref=542308 | Close=433.40 vs VAH=440.30
2026-02-04 12:57:04,253 [INFO]     NSE:BPCL-EQ | CVD=1054770 vs Ref=1362158 | Close=380.05 vs VAH=382.20
2026-02-04 12:57:04,698 [INFO]     NSE:NATIONALUM-EQ | CVD=-257628 vs Ref=35952 | Close=372.55 vs VAH=377.55
2026-02-04 12:57:05,144 [INFO]     NSE:EXIDEIND-EQ | CVD=713346 vs Ref=1572747 | Close=339.60 vs VAH=344.25
2026-02-04 12:57:05,556 [INFO]     NSE:ONGC-EQ | CVD=1425611 vs Ref=2488079 | Close=267.50 vs VAH=268.10
2026-02-04 12:57:05,972 [INFO]     NSE:ASHOKLEY-EQ | CVD=740639 vs Ref=931338 | Close=201.06 vs VAH=204.45
2026-02-04 12:57:06,280 [INFO]     NSE:IOC-EQ | CVD=4513158 vs Ref=5567212 | Close=171.08 vs VAH=173.20
2026-02-04 12:58:06,281 [INFO] 🔍 Scanning for alerts on 11 symbols (5min)...
2026-02-04 12:58:06,547 [INFO]     NSE:POLYCAB-EQ | CVD=12271 vs Ref=33384 | Close=7627.50 vs VAH=7626.00
2026-02-04 12:58:06,832 [INFO]     NSE:BSE-EQ | CVD=313780 vs Ref=226141 | Close=2886.00 vs VAH=2892.50
2026-02-04 12:58:07,113 [INFO]     NSE:APLAPOLLO-EQ | CVD=-94321 vs Ref=94426 | Close=2179.90 vs VAH=2162.55
2026-02-04 12:58:07,344 [INFO]     NSE:HINDPETRO-EQ | CVD=1604702 vs Ref=1861852 | Close=458.80 vs VAH=463.95
2026-02-04 12:58:07,572 [INFO]     NSE:COALINDIA-EQ | CVD=-32955 vs Ref=542308 | Close=433.40 vs VAH=440.30
2026-02-04 12:58:07,828 [INFO]     NSE:BPCL-EQ | CVD=1054770 vs Ref=1362158 | Close=380.05 vs VAH=382.20
2026-02-04 12:58:08,094 [INFO]     NSE:NATIONALUM-EQ | CVD=-257628 vs Ref=35952 | Close=372.55 vs VAH=377.55
2026-02-04 12:58:08,369 [INFO]     NSE:EXIDEIND-EQ | CVD=713346 vs Ref=1572747 | Close=339.60 vs VAH=344.25
2026-02-04 12:58:08,605 [INFO]     NSE:ONGC-EQ | CVD=1425611 vs Ref=2488079 | Close=267.50 vs VAH=268.10
2026-02-04 12:58:08,842 [INFO]     NSE:ASHOKLEY-EQ | CVD=740639 vs Ref=931338 | Close=201.06 vs VAH=204.45
2026-02-04 12:58:09,088 [INFO]     NSE:IOC-EQ | CVD=4513158 vs Ref=5567212 | Close=171.08 vs VAH=173.20
2026-02-04 12:59:09,090 [INFO] 🔍 Scanning for alerts on 11 symbols (5min)...
2026-02-04 12:59:09,322 [INFO]     NSE:POLYCAB-EQ | CVD=12271 vs Ref=33384 | Close=7627.50 vs VAH=7626.00
2026-02-04 12:59:09,606 [INFO]     NSE:BSE-EQ | CVD=313780 vs Ref=226141 | Close=2886.00 vs VAH=2892.50
2026-02-04 12:59:09,817 [INFO]     NSE:APLAPOLLO-EQ | CVD=-94321 vs Ref=94426 | Close=2179.90 vs VAH=2162.55
2026-02-04 12:59:10,049 [INFO]     NSE:HINDPETRO-EQ | CVD=1604702 vs Ref=1861852 | Close=458.80 vs VAH=463.95
2026-02-04 12:59:10,284 [INFO]     NSE:COALINDIA-EQ | CVD=-32955 vs Ref=542308 | Close=433.40 vs VAH=440.30
2026-02-04 12:59:10,565 [INFO]     NSE:BPCL-EQ | CVD=1054770 vs Ref=1362158 | Close=380.05 vs VAH=382.20
2026-02-04 12:59:10,783 [INFO]     NSE:NATIONALUM-EQ | CVD=-257628 vs Ref=35952 | Close=372.55 vs VAH=377.55
2026-02-04 12:59:11,097 [INFO]     NSE:EXIDEIND-EQ | CVD=713346 vs Ref=1572747 | Close=339.60 vs VAH=344.25
2026-02-04 12:59:11,369 [INFO]     NSE:ONGC-EQ | CVD=1425611 vs Ref=2488079 | Close=267.50 vs VAH=268.10
2026-02-04 12:59:11,602 [INFO]     NSE:ASHOKLEY-EQ | CVD=740639 vs Ref=931338 | Close=201.06 vs VAH=204.45
2026-02-04 12:59:11,826 [INFO]     NSE:IOC-EQ | CVD=4513158 vs Ref=5567212 | Close=171.08 vs VAH=173.20
2026-02-04 13:00:11,837 [INFO] 🔍 Scanning for alerts on 11 symbols (5min)...
2026-02-04 13:00:12,096 [INFO]     NSE:POLYCAB-EQ | CVD=12271 vs Ref=33384 | Close=7627.50 vs VAH=7626.00
2026-02-04 13:00:12,311 [INFO]     NSE:BSE-EQ | CVD=313780 vs Ref=226141 | Close=2886.00 vs VAH=2892.50
2026-02-04 13:00:12,536 [INFO]     NSE:APLAPOLLO-EQ | CVD=-94321 vs Ref=94426 | Close=2179.90 vs VAH=2162.55
2026-02-04 13:00:12,827 [INFO]     NSE:HINDPETRO-EQ | CVD=1604702 vs Ref=1861852 | Close=458.80 vs VAH=463.95
2026-02-04 13:00:13,043 [INFO]     NSE:COALINDIA-EQ | CVD=-32955 vs Ref=542308 | Close=433.40 vs VAH=440.30
2026-02-04 13:00:13,311 [INFO]     NSE:BPCL-EQ | CVD=1054770 vs Ref=1362158 | Close=380.05 vs VAH=382.20
2026-02-04 13:00:13,571 [INFO]     NSE:NATIONALUM-EQ | CVD=-257628 vs Ref=35952 | Close=372.55 vs VAH=377.55
2026-02-04 13:00:13,822 [INFO]     NSE:EXIDEIND-EQ | CVD=713346 vs Ref=1572747 | Close=339.60 vs VAH=344.25
2026-02-04 13:00:14,119 [INFO]     NSE:ONGC-EQ | CVD=1425611 vs Ref=2488079 | Close=267.50 vs VAH=268.10
2026-02-04 13:00:14,362 [INFO]     NSE:ASHOKLEY-EQ | CVD=740639 vs Ref=931338 | Close=201.06 vs VAH=204.45
2026-02-04 13:00:14,611 [INFO]     NSE:IOC-EQ | CVD=4513158 vs Ref=5567212 | Close=171.08 vs VAH=173.20
2026-02-04 13:01:14,613 [INFO] 🔍 Scanning for alerts on 11 symbols (5min)...
2026-02-04 13:01:14,842 [INFO]     NSE:POLYCAB-EQ | CVD=10946 vs Ref=33384 | Close=7630.00 vs VAH=7626.00
2026-02-04 13:01:15,148 [INFO]     NSE:BSE-EQ | CVD=294843 vs Ref=226141 | Close=2881.90 vs VAH=2892.50
2026-02-04 13:01:15,594 [INFO]     NSE:APLAPOLLO-EQ | CVD=-93047 vs Ref=94426 | Close=2180.40 vs VAH=2162.55
2026-02-04 13:01:15,854 [INFO]     NSE:HINDPETRO-EQ | CVD=1589433 vs Ref=1861852 | Close=458.35 vs VAH=463.95
2026-02-04 13:01:16,166 [INFO]     NSE:COALINDIA-EQ | CVD=120407 vs Ref=542308 | Close=433.00 vs VAH=440.30
2026-02-04 13:01:16,670 [INFO]     NSE:BPCL-EQ | CVD=1040174 vs Ref=1362158 | Close=380.15 vs VAH=382.20
2026-02-04 13:01:16,920 [INFO]     NSE:NATIONALUM-EQ | CVD=-225704 vs Ref=35952 | Close=373.05 vs VAH=377.55
2026-02-04 13:01:17,197 [INFO]     NSE:EXIDEIND-EQ | CVD=693289 vs Ref=1572747 | Close=338.75 vs VAH=344.25
2026-02-04 13:01:17,495 [INFO]     NSE:ONGC-EQ | CVD=1343875 vs Ref=2488079 | Close=267.50 vs VAH=268.10
2026-02-04 13:01:17,758 [INFO]     NSE:ASHOKLEY-EQ | CVD=806086 vs Ref=931338 | Close=201.10 vs VAH=204.45
2026-02-04 13:01:17,993 [INFO]     NSE:IOC-EQ | CVD=4459155 vs Ref=5567212 | Close=171.11 vs VAH=173.20
2026-02-04 13:02:17,995 [INFO] 🔍 Scanning for alerts on 11 symbols (5min)...
2026-02-04 13:02:18,222 [INFO]     NSE:POLYCAB-EQ | CVD=10946 vs Ref=33384 | Close=7630.00 vs VAH=7626.00
2026-02-04 13:02:18,448 [INFO]     NSE:BSE-EQ | CVD=294843 vs Ref=226141 | Close=2881.90 vs VAH=2892.50
2026-02-04 13:02:18,696 [INFO]     NSE:APLAPOLLO-EQ | CVD=-93047 vs Ref=94426 | Close=2180.40 vs VAH=2162.55
2026-02-04 13:02:18,928 [INFO]     NSE:HINDPETRO-EQ | CVD=1589433 vs Ref=1861852 | Close=458.35 vs VAH=463.95
2026-02-04 13:02:19,172 [INFO]     NSE:COALINDIA-EQ | CVD=120407 vs Ref=542308 | Close=433.00 vs VAH=440.30
2026-02-04 13:02:19,412 [INFO]     NSE:BPCL-EQ | CVD=1040174 vs Ref=1362158 | Close=380.15 vs VAH=382.20
2026-02-04 13:02:19,638 [INFO]     NSE:NATIONALUM-EQ | CVD=-225704 vs Ref=35952 | Close=373.05 vs VAH=377.55
2026-02-04 13:02:19,866 [INFO]     NSE:EXIDEIND-EQ | CVD=693289 vs Ref=1572747 | Close=338.75 vs VAH=344.25
2026-02-04 13:02:20,104 [INFO]     NSE:ONGC-EQ | CVD=1343875 vs Ref=2488079 | Close=267.50 vs VAH=268.10
2026-02-04 13:02:20,347 [INFO]     NSE:ASHOKLEY-EQ | CVD=806086 vs Ref=931338 | Close=201.10 vs VAH=204.45
2026-02-04 13:02:20,614 [INFO]     NSE:IOC-EQ | CVD=4459155 vs Ref=5567212 | Close=171.11 vs VAH=173.20
2026-02-04 13:03:20,615 [INFO] 🔍 Scanning for alerts on 11 symbols (5min)...
2026-02-04 13:03:20,884 [INFO]     NSE:POLYCAB-EQ | CVD=10946 vs Ref=33384 | Close=7630.00 vs VAH=7626.00
2026-02-04 13:03:21,112 [INFO]     NSE:BSE-EQ | CVD=294843 vs Ref=226141 | Close=2881.90 vs VAH=2892.50
2026-02-04 13:03:21,349 [INFO]     NSE:APLAPOLLO-EQ | CVD=-93047 vs Ref=94426 | Close=2180.40 vs VAH=2162.55
2026-02-04 13:03:21,570 [INFO]     NSE:HINDPETRO-EQ | CVD=1589433 vs Ref=1861852 | Close=458.35 vs VAH=463.95
2026-02-04 13:03:21,810 [INFO]     NSE:COALINDIA-EQ | CVD=120407 vs Ref=542308 | Close=433.00 vs VAH=440.30
2026-02-04 13:03:22,058 [INFO]     NSE:BPCL-EQ | CVD=1040174 vs Ref=1362158 | Close=380.15 vs VAH=382.20
2026-02-04 13:03:22,291 [INFO]     NSE:NATIONALUM-EQ | CVD=-225704 vs Ref=35952 | Close=373.05 vs VAH=377.55
2026-02-04 13:03:22,581 [INFO]     NSE:EXIDEIND-EQ | CVD=693289 vs Ref=1572747 | Close=338.75 vs VAH=344.25
2026-02-04 13:03:22,812 [INFO]     NSE:ONGC-EQ | CVD=1343875 vs Ref=2488079 | Close=267.50 vs VAH=268.10
2026-02-04 13:03:23,039 [INFO]     NSE:ASHOKLEY-EQ | CVD=806086 vs Ref=931338 | Close=201.10 vs VAH=204.45
2026-02-04 13:03:23,289 [INFO]     NSE:IOC-EQ | CVD=4459155 vs Ref=5567212 | Close=171.11 vs VAH=173.20
2026-02-04 13:04:23,291 [INFO] 🔍 Scanning for alerts on 11 symbols (5min)...
2026-02-04 13:04:23,521 [INFO]     NSE:POLYCAB-EQ | CVD=10946 vs Ref=33384 | Close=7630.00 vs VAH=7626.00
2026-02-04 13:04:23,739 [INFO]     NSE:BSE-EQ | CVD=294843 vs Ref=226141 | Close=2881.90 vs VAH=2892.50
2026-02-04 13:04:23,993 [INFO]     NSE:APLAPOLLO-EQ | CVD=-93047 vs Ref=94426 | Close=2180.40 vs VAH=2162.55
2026-02-04 13:04:24,210 [INFO]     NSE:HINDPETRO-EQ | CVD=1589433 vs Ref=1861852 | Close=458.35 vs VAH=463.95
2026-02-04 13:04:24,437 [INFO]     NSE:COALINDIA-EQ | CVD=120407 vs Ref=542308 | Close=433.00 vs VAH=440.30
2026-02-04 13:04:24,678 [INFO]     NSE:BPCL-EQ | CVD=1040174 vs Ref=1362158 | Close=380.15 vs VAH=382.20
2026-02-04 13:04:24,926 [INFO]     NSE:NATIONALUM-EQ | CVD=-225704 vs Ref=35952 | Close=373.05 vs VAH=377.55
2026-02-04 13:04:25,159 [INFO]     NSE:EXIDEIND-EQ | CVD=693289 vs Ref=1572747 | Close=338.75 vs VAH=344.25
2026-02-04 13:04:25,377 [INFO]     NSE:ONGC-EQ | CVD=1343875 vs Ref=2488079 | Close=267.50 vs VAH=268.10
2026-02-04 13:04:25,637 [INFO]     NSE:ASHOKLEY-EQ | CVD=806086 vs Ref=931338 | Close=201.10 vs VAH=204.45
2026-02-04 13:04:25,872 [INFO]     NSE:IOC-EQ | CVD=4459155 vs Ref=5567212 | Close=171.11 vs VAH=173.20
2026-02-04 13:05:25,874 [INFO] 🔍 Scanning for alerts on 11 symbols (5min)...
2026-02-04 13:05:26,264 [INFO]     NSE:POLYCAB-EQ | CVD=10946 vs Ref=33384 | Close=7630.00 vs VAH=7626.00
2026-02-04 13:05:26,572 [INFO]     NSE:BSE-EQ | CVD=294843 vs Ref=226141 | Close=2881.90 vs VAH=2892.50
2026-02-04 13:05:26,842 [INFO]     NSE:APLAPOLLO-EQ | CVD=-93047 vs Ref=94426 | Close=2180.40 vs VAH=2162.55
2026-02-04 13:05:27,099 [INFO]     NSE:HINDPETRO-EQ | CVD=1589433 vs Ref=1861852 | Close=458.35 vs VAH=463.95
2026-02-04 13:05:27,375 [INFO]     NSE:COALINDIA-EQ | CVD=120407 vs Ref=542308 | Close=433.00 vs VAH=440.30
2026-02-04 13:05:27,637 [INFO]     NSE:BPCL-EQ | CVD=1040174 vs Ref=1362158 | Close=380.15 vs VAH=382.20
2026-02-04 13:05:27,894 [INFO]     NSE:NATIONALUM-EQ | CVD=-225704 vs Ref=35952 | Close=373.05 vs VAH=377.55
2026-02-04 13:05:28,140 [INFO]     NSE:EXIDEIND-EQ | CVD=693289 vs Ref=1572747 | Close=338.75 vs VAH=344.25
2026-02-04 13:05:28,389 [INFO]     NSE:ONGC-EQ | CVD=1343875 vs Ref=2488079 | Close=267.50 vs VAH=268.10
2026-02-04 13:05:28,663 [INFO]     NSE:ASHOKLEY-EQ | CVD=806086 vs Ref=931338 | Close=201.10 vs VAH=204.45
2026-02-04 13:05:28,909 [INFO]     NSE:IOC-EQ | CVD=4459155 vs Ref=5567212 | Close=171.11 vs VAH=173.20
2026-02-04 13:06:28,912 [INFO] 🔍 Scanning for alerts on 11 symbols (5min)...
2026-02-04 13:06:29,232 [INFO]     NSE:POLYCAB-EQ | CVD=10811 vs Ref=33384 | Close=7632.00 vs VAH=7626.00
2026-02-04 13:06:29,481 [INFO]     NSE:BSE-EQ | CVD=286570 vs Ref=226141 | Close=2881.80 vs VAH=2892.50
2026-02-04 13:06:29,900 [INFO]     NSE:APLAPOLLO-EQ | CVD=-95655 vs Ref=94426 | Close=2180.70 vs VAH=2162.55
2026-02-04 13:06:30,129 [INFO]     NSE:HINDPETRO-EQ | CVD=1599502 vs Ref=1861852 | Close=459.15 vs VAH=463.95
2026-02-04 13:06:30,384 [INFO]     NSE:COALINDIA-EQ | CVD=411585 vs Ref=542308 | Close=433.45 vs VAH=440.30
2026-02-04 13:06:30,634 [INFO]     NSE:BPCL-EQ | CVD=1035572 vs Ref=1362158 | Close=380.60 vs VAH=382.20
2026-02-04 13:06:30,901 [INFO]     NSE:NATIONALUM-EQ | CVD=-214660 vs Ref=35952 | Close=373.60 vs VAH=377.55
2026-02-04 13:06:31,160 [INFO]     NSE:EXIDEIND-EQ | CVD=714752 vs Ref=1572747 | Close=339.00 vs VAH=344.25
2026-02-04 13:06:31,374 [INFO]     NSE:ONGC-EQ | CVD=1453232 vs Ref=2488079 | Close=267.95 vs VAH=268.10
2026-02-04 13:06:31,619 [INFO]     NSE:ASHOKLEY-EQ | CVD=836278 vs Ref=931338 | Close=201.00 vs VAH=204.45
2026-02-04 13:06:31,865 [INFO]     NSE:IOC-EQ | CVD=4529770 vs Ref=5567212 | Close=171.46 vs VAH=173.20
2026-02-04 13:07:31,868 [INFO] 🔍 Scanning for alerts on 11 symbols (5min)...
2026-02-04 13:07:32,146 [INFO]     NSE:POLYCAB-EQ | CVD=10811 vs Ref=33384 | Close=7632.00 vs VAH=7626.00
2026-02-04 13:07:32,365 [INFO]     NSE:BSE-EQ | CVD=286570 vs Ref=226141 | Close=2881.80 vs VAH=2892.50
2026-02-04 13:07:32,634 [INFO]     NSE:APLAPOLLO-EQ | CVD=-95655 vs Ref=94426 | Close=2180.70 vs VAH=2162.55
2026-02-04 13:07:32,857 [INFO]     NSE:HINDPETRO-EQ | CVD=1599502 vs Ref=1861852 | Close=459.15 vs VAH=463.95
2026-02-04 13:07:33,131 [INFO]     NSE:COALINDIA-EQ | CVD=411585 vs Ref=542308 | Close=433.45 vs VAH=440.30
2026-02-04 13:07:33,433 [INFO]     NSE:BPCL-EQ | CVD=1035572 vs Ref=1362158 | Close=380.60 vs VAH=382.20
2026-02-04 13:07:33,657 [INFO]     NSE:NATIONALUM-EQ | CVD=-214660 vs Ref=35952 | Close=373.60 vs VAH=377.55
2026-02-04 13:07:33,917 [INFO]     NSE:EXIDEIND-EQ | CVD=714752 vs Ref=1572747 | Close=339.00 vs VAH=344.25
2026-02-04 13:07:34,143 [INFO]     NSE:ONGC-EQ | CVD=1453232 vs Ref=2488079 | Close=267.95 vs VAH=268.10
2026-02-04 13:07:34,398 [INFO]     NSE:ASHOKLEY-EQ | CVD=836278 vs Ref=931338 | Close=201.00 vs VAH=204.45
2026-02-04 13:07:34,669 [INFO]     NSE:IOC-EQ | CVD=4529770 vs Ref=5567212 | Close=171.46 vs VAH=173.20
2026-02-04 13:08:34,670 [INFO] 🔍 Scanning for alerts on 11 symbols (5min)...
2026-02-04 13:08:34,913 [INFO]     NSE:POLYCAB-EQ | CVD=10811 vs Ref=33384 | Close=7632.00 vs VAH=7626.00
2026-02-04 13:08:35,131 [INFO]     NSE:BSE-EQ | CVD=286570 vs Ref=226141 | Close=2881.80 vs VAH=2892.50
2026-02-04 13:08:35,375 [INFO]     NSE:APLAPOLLO-EQ | CVD=-95655 vs Ref=94426 | Close=2180.70 vs VAH=2162.55
2026-02-04 13:08:35,655 [INFO]     NSE:HINDPETRO-EQ | CVD=1599502 vs Ref=1861852 | Close=459.15 vs VAH=463.95
2026-02-04 13:08:35,934 [INFO]     NSE:COALINDIA-EQ | CVD=411585 vs Ref=542308 | Close=433.45 vs VAH=440.30
2026-02-04 13:08:36,172 [INFO]     NSE:BPCL-EQ | CVD=1035572 vs Ref=1362158 | Close=380.60 vs VAH=382.20
2026-02-04 13:08:36,408 [INFO]     NSE:NATIONALUM-EQ | CVD=-214660 vs Ref=35952 | Close=373.60 vs VAH=377.55
2026-02-04 13:08:36,652 [INFO]     NSE:EXIDEIND-EQ | CVD=714752 vs Ref=1572747 | Close=339.00 vs VAH=344.25
2026-02-04 13:08:36,880 [INFO]     NSE:ONGC-EQ | CVD=1453232 vs Ref=2488079 | Close=267.95 vs VAH=268.10
2026-02-04 13:08:37,147 [INFO]     NSE:ASHOKLEY-EQ | CVD=836278 vs Ref=931338 | Close=201.00 vs VAH=204.45
2026-02-04 13:08:37,404 [INFO]     NSE:IOC-EQ | CVD=4529770 vs Ref=5567212 | Close=171.46 vs VAH=173.20
2026-02-04 13:09:37,406 [INFO] 🔍 Scanning for alerts on 11 symbols (5min)...
2026-02-04 13:09:37,642 [INFO]     NSE:POLYCAB-EQ | CVD=10811 vs Ref=33384 | Close=7632.00 vs VAH=7626.00
2026-02-04 13:09:37,852 [INFO]     NSE:BSE-EQ | CVD=286570 vs Ref=226141 | Close=2881.80 vs VAH=2892.50
2026-02-04 13:09:38,124 [INFO]     NSE:APLAPOLLO-EQ | CVD=-95655 vs Ref=94426 | Close=2180.70 vs VAH=2162.55
2026-02-04 13:09:38,327 [INFO]     NSE:HINDPETRO-EQ | CVD=1599502 vs Ref=1861852 | Close=459.15 vs VAH=463.95
2026-02-04 13:09:38,573 [INFO]     NSE:COALINDIA-EQ | CVD=411585 vs Ref=542308 | Close=433.45 vs VAH=440.30
2026-02-04 13:09:38,814 [INFO]     NSE:BPCL-EQ | CVD=1035572 vs Ref=1362158 | Close=380.60 vs VAH=382.20
2026-02-04 13:09:39,090 [INFO]     NSE:NATIONALUM-EQ | CVD=-214660 vs Ref=35952 | Close=373.60 vs VAH=377.55
2026-02-04 13:09:39,325 [INFO]     NSE:EXIDEIND-EQ | CVD=714752 vs Ref=1572747 | Close=339.00 vs VAH=344.25
2026-02-04 13:09:39,592 [INFO]     NSE:ONGC-EQ | CVD=1453232 vs Ref=2488079 | Close=267.95 vs VAH=268.10
2026-02-04 13:09:39,813 [INFO]     NSE:ASHOKLEY-EQ | CVD=836278 vs Ref=931338 | Close=201.00 vs VAH=204.45
2026-02-04 13:09:40,063 [INFO]     NSE:IOC-EQ | CVD=4529770 vs Ref=5567212 | Close=171.46 vs VAH=173.20
2026-02-04 13:10:40,065 [INFO] 🔍 Scanning for alerts on 11 symbols (5min)...
2026-02-04 13:10:40,288 [INFO]     NSE:POLYCAB-EQ | CVD=10811 vs Ref=33384 | Close=7632.00 vs VAH=7626.00
2026-02-04 13:10:40,509 [INFO]     NSE:BSE-EQ | CVD=286570 vs Ref=226141 | Close=2881.80 vs VAH=2892.50
2026-02-04 13:10:40,765 [INFO]     NSE:APLAPOLLO-EQ | CVD=-95655 vs Ref=94426 | Close=2180.70 vs VAH=2162.55
2026-02-04 13:10:41,033 [INFO]     NSE:HINDPETRO-EQ | CVD=1599502 vs Ref=1861852 | Close=459.15 vs VAH=463.95
2026-02-04 13:10:42,504 [INFO]     NSE:COALINDIA-EQ | CVD=411585 vs Ref=542308 | Close=433.45 vs VAH=440.30
2026-02-04 13:10:42,737 [INFO]     NSE:BPCL-EQ | CVD=1035572 vs Ref=1362158 | Close=380.60 vs VAH=382.20
2026-02-04 13:10:42,974 [INFO]     NSE:NATIONALUM-EQ | CVD=-214660 vs Ref=35952 | Close=373.60 vs VAH=377.55
2026-02-04 13:10:43,210 [INFO]     NSE:EXIDEIND-EQ | CVD=714752 vs Ref=1572747 | Close=339.00 vs VAH=344.25
2026-02-04 13:10:43,436 [INFO]     NSE:ONGC-EQ | CVD=1453232 vs Ref=2488079 | Close=267.95 vs VAH=268.10
2026-02-04 13:10:43,667 [INFO]     NSE:ASHOKLEY-EQ | CVD=836278 vs Ref=931338 | Close=201.00 vs VAH=204.45
2026-02-04 13:10:43,902 [INFO]     NSE:IOC-EQ | CVD=4529770 vs Ref=5567212 | Close=171.46 vs VAH=173.20
2026-02-04 13:11:43,904 [INFO] 🔍 Scanning for alerts on 11 symbols (5min)...
2026-02-04 13:11:44,130 [INFO]     NSE:POLYCAB-EQ | CVD=12176 vs Ref=33384 | Close=7644.00 vs VAH=7626.00
2026-02-04 13:11:44,379 [INFO]     NSE:BSE-EQ | CVD=356266 vs Ref=226141 | Close=2892.10 vs VAH=2892.50
2026-02-04 13:11:44,652 [INFO]     NSE:APLAPOLLO-EQ | CVD=-94689 vs Ref=94426 | Close=2182.00 vs VAH=2162.55
2026-02-04 13:11:44,888 [INFO]     NSE:HINDPETRO-EQ | CVD=1578197 vs Ref=1861852 | Close=458.40 vs VAH=463.95
2026-02-04 13:11:45,143 [INFO]     NSE:COALINDIA-EQ | CVD=367467 vs Ref=542308 | Close=433.00 vs VAH=440.30
2026-02-04 13:11:45,416 [INFO]     NSE:BPCL-EQ | CVD=1017544 vs Ref=1362158 | Close=380.50 vs VAH=382.20
2026-02-04 13:11:45,662 [INFO]     NSE:NATIONALUM-EQ | CVD=-222508 vs Ref=35952 | Close=373.40 vs VAH=377.55
2026-02-04 13:11:45,942 [INFO]     NSE:EXIDEIND-EQ | CVD=715609 vs Ref=1572747 | Close=339.20 vs VAH=344.25
2026-02-04 13:11:46,203 [INFO]     NSE:ONGC-EQ | CVD=1474888 vs Ref=2488079 | Close=267.90 vs VAH=268.10
2026-02-04 13:11:46,472 [INFO]     NSE:ASHOKLEY-EQ | CVD=649046 vs Ref=931338 | Close=200.87 vs VAH=204.45
2026-02-04 13:11:46,707 [INFO]     NSE:IOC-EQ | CVD=4502092 vs Ref=5567212 | Close=171.40 vs VAH=173.20
2026-02-04 13:12:46,710 [INFO] 🔍 Scanning for alerts on 11 symbols (5min)...
2026-02-04 13:12:46,970 [INFO]     NSE:POLYCAB-EQ | CVD=12176 vs Ref=33384 | Close=7644.00 vs VAH=7626.00
2026-02-04 13:12:47,209 [INFO]     NSE:BSE-EQ | CVD=356266 vs Ref=226141 | Close=2892.10 vs VAH=2892.50
2026-02-04 13:12:47,451 [INFO]     NSE:APLAPOLLO-EQ | CVD=-94689 vs Ref=94426 | Close=2182.00 vs VAH=2162.55
2026-02-04 13:12:47,719 [INFO]     NSE:HINDPETRO-EQ | CVD=1578197 vs Ref=1861852 | Close=458.40 vs VAH=463.95
2026-02-04 13:12:49,255 [INFO]     NSE:COALINDIA-EQ | CVD=367467 vs Ref=542308 | Close=433.00 vs VAH=440.30
2026-02-04 13:12:49,528 [INFO]     NSE:BPCL-EQ | CVD=1017544 vs Ref=1362158 | Close=380.50 vs VAH=382.20
2026-02-04 13:12:49,819 [INFO]     NSE:NATIONALUM-EQ | CVD=-222508 vs Ref=35952 | Close=373.40 vs VAH=377.55
2026-02-04 13:12:50,053 [INFO]     NSE:EXIDEIND-EQ | CVD=715609 vs Ref=1572747 | Close=339.20 vs VAH=344.25
2026-02-04 13:12:50,284 [INFO]     NSE:ONGC-EQ | CVD=1474888 vs Ref=2488079 | Close=267.90 vs VAH=268.10
2026-02-04 13:12:50,525 [INFO]     NSE:ASHOKLEY-EQ | CVD=649046 vs Ref=931338 | Close=200.87 vs VAH=204.45
2026-02-04 13:12:50,780 [INFO]     NSE:IOC-EQ | CVD=4502092 vs Ref=5567212 | Close=171.40 vs VAH=173.20
2026-02-04 13:13:50,782 [INFO] 🔍 Scanning for alerts on 11 symbols (5min)...
2026-02-04 13:13:51,021 [INFO]     NSE:POLYCAB-EQ | CVD=12176 vs Ref=33384 | Close=7644.00 vs VAH=7626.00
2026-02-04 13:13:51,273 [INFO]     NSE:BSE-EQ | CVD=356266 vs Ref=226141 | Close=2892.10 vs VAH=2892.50
2026-02-04 13:13:51,546 [INFO]     NSE:APLAPOLLO-EQ | CVD=-94689 vs Ref=94426 | Close=2182.00 vs VAH=2162.55
2026-02-04 13:13:51,768 [INFO]     NSE:HINDPETRO-EQ | CVD=1578197 vs Ref=1861852 | Close=458.40 vs VAH=463.95
2026-02-04 13:13:53,813 [INFO]     NSE:COALINDIA-EQ | CVD=367467 vs Ref=542308 | Close=433.00 vs VAH=440.30
2026-02-04 13:13:54,105 [INFO]     NSE:BPCL-EQ | CVD=1017544 vs Ref=1362158 | Close=380.50 vs VAH=382.20
2026-02-04 13:13:54,355 [INFO]     NSE:NATIONALUM-EQ | CVD=-222508 vs Ref=35952 | Close=373.40 vs VAH=377.55
2026-02-04 13:13:54,603 [INFO]     NSE:EXIDEIND-EQ | CVD=715609 vs Ref=1572747 | Close=339.20 vs VAH=344.25
2026-02-04 13:13:54,824 [INFO]     NSE:ONGC-EQ | CVD=1474888 vs Ref=2488079 | Close=267.90 vs VAH=268.10
2026-02-04 13:13:55,130 [INFO]     NSE:ASHOKLEY-EQ | CVD=649046 vs Ref=931338 | Close=200.87 vs VAH=204.45
2026-02-04 13:13:55,439 [INFO]     NSE:IOC-EQ | CVD=4502092 vs Ref=5567212 | Close=171.40 vs VAH=173.20
2026-02-04 13:14:55,441 [INFO] 🔍 Scanning for alerts on 11 symbols (5min)...
2026-02-04 13:14:55,681 [INFO]     NSE:POLYCAB-EQ | CVD=12176 vs Ref=33384 | Close=7644.00 vs VAH=7626.00
2026-02-04 13:14:55,900 [INFO]     NSE:BSE-EQ | CVD=356266 vs Ref=226141 | Close=2892.10 vs VAH=2892.50
2026-02-04 13:14:56,145 [INFO]     NSE:APLAPOLLO-EQ | CVD=-94689 vs Ref=94426 | Close=2182.00 vs VAH=2162.55
2026-02-04 13:14:56,412 [INFO]     NSE:HINDPETRO-EQ | CVD=1578197 vs Ref=1861852 | Close=458.40 vs VAH=463.95
2026-02-04 13:14:56,677 [INFO]     NSE:COALINDIA-EQ | CVD=367467 vs Ref=542308 | Close=433.00 vs VAH=440.30
2026-02-04 13:14:56,912 [INFO]     NSE:BPCL-EQ | CVD=1017544 vs Ref=1362158 | Close=380.50 vs VAH=382.20
2026-02-04 13:14:57,174 [INFO]     NSE:NATIONALUM-EQ | CVD=-222508 vs Ref=35952 | Close=373.40 vs VAH=377.55
2026-02-04 13:14:57,409 [INFO]     NSE:EXIDEIND-EQ | CVD=715609 vs Ref=1572747 | Close=339.20 vs VAH=344.25
2026-02-04 13:14:57,648 [INFO]     NSE:ONGC-EQ | CVD=1474888 vs Ref=2488079 | Close=267.90 vs VAH=268.10
2026-02-04 13:14:59,695 [INFO]     NSE:ASHOKLEY-EQ | CVD=649046 vs Ref=931338 | Close=200.87 vs VAH=204.45
2026-02-04 13:14:59,989 [INFO]     NSE:IOC-EQ | CVD=4502092 vs Ref=5567212 | Close=171.40 vs VAH=173.20
2026-02-04 13:15:59,991 [INFO] 🔍 Scanning for alerts on 11 symbols (5min)...
2026-02-04 13:16:00,223 [INFO]     NSE:POLYCAB-EQ | CVD=12176 vs Ref=33384 | Close=7644.00 vs VAH=7626.00
2026-02-04 13:16:00,473 [INFO]     NSE:BSE-EQ | CVD=356266 vs Ref=226141 | Close=2892.10 vs VAH=2892.50
2026-02-04 13:16:00,746 [INFO]     NSE:APLAPOLLO-EQ | CVD=-96103 vs Ref=94426 | Close=2178.50 vs VAH=2162.55
2026-02-04 13:16:01,101 [INFO]     NSE:HINDPETRO-EQ | CVD=1569029 vs Ref=1861852 | Close=458.50 vs VAH=463.95
2026-02-04 13:16:01,351 [INFO]     NSE:COALINDIA-EQ | CVD=367467 vs Ref=542308 | Close=433.00 vs VAH=440.30
2026-02-04 13:16:01,708 [INFO]     NSE:BPCL-EQ | CVD=1017544 vs Ref=1362158 | Close=380.50 vs VAH=382.20
2026-02-04 13:16:02,064 [INFO]     NSE:NATIONALUM-EQ | CVD=-222508 vs Ref=35952 | Close=373.40 vs VAH=377.55
2026-02-04 13:16:02,379 [INFO]     NSE:EXIDEIND-EQ | CVD=715609 vs Ref=1572747 | Close=339.20 vs VAH=344.25
2026-02-04 13:16:02,673 [INFO]     NSE:ONGC-EQ | CVD=1414768 vs Ref=2488079 | Close=267.80 vs VAH=268.10
2026-02-04 13:16:02,936 [INFO]     NSE:ASHOKLEY-EQ | CVD=770543 vs Ref=931338 | Close=201.38 vs VAH=204.45
2026-02-04 13:16:03,194 [INFO]     NSE:IOC-EQ | CVD=4472891 vs Ref=5567212 | Close=171.40 vs VAH=173.20
2026-02-04 13:17:03,195 [INFO] 🔍 Scanning for alerts on 11 symbols (5min)...
2026-02-04 13:17:03,445 [INFO]     NSE:POLYCAB-EQ | CVD=10616 vs Ref=33384 | Close=7640.50 vs VAH=7626.00
2026-02-04 13:17:03,695 [INFO] 📡 Sending order request for NSE:BSE-EQ to http://localhost:4000/postOrder...
2026-02-04 13:17:03,724 [INFO] 📩 Server Response: 200 - {"message":"Order execution triggered","status":"success","receivedData":{"ticker":"NSE:BSE-EQ","action":"BUY","close":2895}}
2026-02-04 13:17:03,725 [INFO]     NSE:BSE-EQ | CVD=393959 vs Ref=226141 | Close=2895.00 vs VAH=2892.50
2026-02-04 13:17:04,004 [INFO]     NSE:APLAPOLLO-EQ | CVD=-96103 vs Ref=94426 | Close=2178.50 vs VAH=2162.55
2026-02-04 13:17:04,227 [INFO]     NSE:HINDPETRO-EQ | CVD=1569029 vs Ref=1861852 | Close=458.50 vs VAH=463.95
2026-02-04 13:17:04,460 [INFO]     NSE:COALINDIA-EQ | CVD=354413 vs Ref=542308 | Close=432.80 vs VAH=440.30
2026-02-04 13:17:04,720 [INFO]     NSE:BPCL-EQ | CVD=979675 vs Ref=1362158 | Close=380.20 vs VAH=382.20
2026-02-04 13:17:04,974 [INFO]     NSE:NATIONALUM-EQ | CVD=-252328 vs Ref=35952 | Close=372.55 vs VAH=377.55
2026-02-04 13:17:05,246 [INFO]     NSE:EXIDEIND-EQ | CVD=707490 vs Ref=1572747 | Close=339.10 vs VAH=344.25
2026-02-04 13:17:05,476 [INFO]     NSE:ONGC-EQ | CVD=1414768 vs Ref=2488079 | Close=267.80 vs VAH=268.10
2026-02-04 13:17:05,755 [INFO]     NSE:ASHOKLEY-EQ | CVD=770543 vs Ref=931338 | Close=201.38 vs VAH=204.45
2026-02-04 13:17:05,993 [INFO]     NSE:IOC-EQ | CVD=4472891 vs Ref=5567212 | Close=171.40 vs VAH=173.20
2026-02-04 13:18:05,995 [INFO] 🔍 Scanning for alerts on 10 symbols (5min)...
2026-02-04 13:18:06,242 [INFO]     NSE:POLYCAB-EQ | CVD=10616 vs Ref=33384 | Close=7640.50 vs VAH=7626.00
2026-02-04 13:18:06,669 [INFO]     NSE:APLAPOLLO-EQ | CVD=-96103 vs Ref=94426 | Close=2178.50 vs VAH=2162.55
2026-02-04 13:18:06,898 [INFO]     NSE:HINDPETRO-EQ | CVD=1569029 vs Ref=1861852 | Close=458.50 vs VAH=463.95
2026-02-04 13:18:07,141 [INFO]     NSE:COALINDIA-EQ | CVD=354413 vs Ref=542308 | Close=432.80 vs VAH=440.30
2026-02-04 13:18:07,435 [INFO]     NSE:BPCL-EQ | CVD=979675 vs Ref=1362158 | Close=380.20 vs VAH=382.20
2026-02-04 13:18:07,660 [INFO]     NSE:NATIONALUM-EQ | CVD=-252328 vs Ref=35952 | Close=372.55 vs VAH=377.55
2026-02-04 13:18:07,932 [INFO]     NSE:EXIDEIND-EQ | CVD=707490 vs Ref=1572747 | Close=339.10 vs VAH=344.25
2026-02-04 13:18:08,174 [INFO]     NSE:ONGC-EQ | CVD=1414768 vs Ref=2488079 | Close=267.80 vs VAH=268.10
2026-02-04 13:18:08,476 [INFO]     NSE:ASHOKLEY-EQ | CVD=770543 vs Ref=931338 | Close=201.38 vs VAH=204.45
2026-02-04 13:18:08,732 [INFO]     NSE:IOC-EQ | CVD=4472891 vs Ref=5567212 | Close=171.40 vs VAH=173.20
2026-02-04 13:19:08,734 [INFO] 🔍 Scanning for alerts on 10 symbols (5min)...
2026-02-04 13:19:09,002 [INFO]     NSE:POLYCAB-EQ | CVD=10616 vs Ref=33384 | Close=7640.50 vs VAH=7626.00
2026-02-04 13:19:09,265 [INFO]     NSE:APLAPOLLO-EQ | CVD=-96103 vs Ref=94426 | Close=2178.50 vs VAH=2162.55
2026-02-04 13:19:09,494 [INFO]     NSE:HINDPETRO-EQ | CVD=1569029 vs Ref=1861852 | Close=458.50 vs VAH=463.95
2026-02-04 13:19:09,731 [INFO]     NSE:COALINDIA-EQ | CVD=354413 vs Ref=542308 | Close=432.80 vs VAH=440.30
2026-02-04 13:19:09,977 [INFO]     NSE:BPCL-EQ | CVD=979675 vs Ref=1362158 | Close=380.20 vs VAH=382.20
2026-02-04 13:19:10,253 [INFO]     NSE:NATIONALUM-EQ | CVD=-252328 vs Ref=35952 | Close=372.55 vs VAH=377.55
2026-02-04 13:19:10,529 [INFO]     NSE:EXIDEIND-EQ | CVD=707490 vs Ref=1572747 | Close=339.10 vs VAH=344.25
2026-02-04 13:19:10,760 [INFO]     NSE:ONGC-EQ | CVD=1414768 vs Ref=2488079 | Close=267.80 vs VAH=268.10
2026-02-04 13:19:11,000 [INFO]     NSE:ASHOKLEY-EQ | CVD=770543 vs Ref=931338 | Close=201.38 vs VAH=204.45
2026-02-04 13:19:11,232 [INFO]     NSE:IOC-EQ | CVD=4472891 vs Ref=5567212 | Close=171.40 vs VAH=173.20
2026-02-04 13:20:11,235 [INFO] 🔍 Scanning for alerts on 10 symbols (5min)...
2026-02-04 13:20:11,459 [INFO]     NSE:POLYCAB-EQ | CVD=10616 vs Ref=33384 | Close=7640.50 vs VAH=7626.00
2026-02-04 13:20:11,692 [INFO]     NSE:APLAPOLLO-EQ | CVD=-96103 vs Ref=94426 | Close=2178.50 vs VAH=2162.55
2026-02-04 13:20:11,911 [INFO]     NSE:HINDPETRO-EQ | CVD=1569029 vs Ref=1861852 | Close=458.50 vs VAH=463.95
2026-02-04 13:20:12,133 [INFO]     NSE:COALINDIA-EQ | CVD=354413 vs Ref=542308 | Close=432.80 vs VAH=440.30
2026-02-04 13:20:12,381 [INFO]     NSE:BPCL-EQ | CVD=979675 vs Ref=1362158 | Close=380.20 vs VAH=382.20
2026-02-04 13:20:12,611 [INFO]     NSE:NATIONALUM-EQ | CVD=-252328 vs Ref=35952 | Close=372.55 vs VAH=377.55
2026-02-04 13:20:12,846 [INFO]     NSE:EXIDEIND-EQ | CVD=707490 vs Ref=1572747 | Close=339.10 vs VAH=344.25
2026-02-04 13:20:13,075 [INFO]     NSE:ONGC-EQ | CVD=1414768 vs Ref=2488079 | Close=267.80 vs VAH=268.10
2026-02-04 13:20:13,320 [INFO]     NSE:ASHOKLEY-EQ | CVD=770543 vs Ref=931338 | Close=201.38 vs VAH=204.45
2026-02-04 13:20:13,602 [INFO]     NSE:IOC-EQ | CVD=4472891 vs Ref=5567212 | Close=171.40 vs VAH=173.20
2026-02-04 13:21:13,604 [INFO] 🔍 Scanning for alerts on 10 symbols (5min)...
2026-02-04 13:21:13,842 [INFO]     NSE:POLYCAB-EQ | CVD=10259 vs Ref=33384 | Close=7642.00 vs VAH=7626.00
2026-02-04 13:21:14,098 [INFO]     NSE:APLAPOLLO-EQ | CVD=-106976 vs Ref=94426 | Close=2174.10 vs VAH=2162.55
2026-02-04 13:21:14,299 [INFO]     NSE:HINDPETRO-EQ | CVD=1545949 vs Ref=1861852 | Close=457.65 vs VAH=463.95
2026-02-04 13:21:14,578 [INFO]     NSE:COALINDIA-EQ | CVD=335892 vs Ref=542308 | Close=432.85 vs VAH=440.30
2026-02-04 13:21:14,812 [INFO]     NSE:BPCL-EQ | CVD=976779 vs Ref=1362158 | Close=380.15 vs VAH=382.20
2026-02-04 13:21:15,043 [INFO]     NSE:NATIONALUM-EQ | CVD=-263340 vs Ref=35952 | Close=372.55 vs VAH=377.55
2026-02-04 13:21:15,306 [INFO]     NSE:EXIDEIND-EQ | CVD=701877 vs Ref=1572747 | Close=338.95 vs VAH=344.25
2026-02-04 13:21:15,584 [INFO]     NSE:ONGC-EQ | CVD=1367929 vs Ref=2488079 | Close=267.55 vs VAH=268.10
2026-02-04 13:21:15,885 [INFO]     NSE:ASHOKLEY-EQ | CVD=685843 vs Ref=931338 | Close=201.17 vs VAH=204.45
2026-02-04 13:21:16,125 [INFO]     NSE:IOC-EQ | CVD=4564510 vs Ref=5567212 | Close=171.63 vs VAH=173.20
2026-02-04 13:22:16,126 [INFO] 🔍 Scanning for alerts on 10 symbols (5min)...
2026-02-04 13:22:16,401 [INFO]     NSE:POLYCAB-EQ | CVD=10259 vs Ref=33384 | Close=7642.00 vs VAH=7626.00
2026-02-04 13:22:16,649 [INFO]     NSE:APLAPOLLO-EQ | CVD=-106976 vs Ref=94426 | Close=2174.10 vs VAH=2162.55
2026-02-04 13:22:16,860 [INFO]     NSE:HINDPETRO-EQ | CVD=1545949 vs Ref=1861852 | Close=457.65 vs VAH=463.95
2026-02-04 13:22:17,150 [INFO]     NSE:COALINDIA-EQ | CVD=335892 vs Ref=542308 | Close=432.85 vs VAH=440.30
2026-02-04 13:22:17,389 [INFO]     NSE:BPCL-EQ | CVD=976779 vs Ref=1362158 | Close=380.15 vs VAH=382.20
2026-02-04 13:22:17,639 [INFO]     NSE:NATIONALUM-EQ | CVD=-263340 vs Ref=35952 | Close=372.55 vs VAH=377.55
2026-02-04 13:22:17,868 [INFO]     NSE:EXIDEIND-EQ | CVD=701877 vs Ref=1572747 | Close=338.95 vs VAH=344.25
2026-02-04 13:22:18,132 [INFO]     NSE:ONGC-EQ | CVD=1367929 vs Ref=2488079 | Close=267.55 vs VAH=268.10
2026-02-04 13:22:18,418 [INFO]     NSE:ASHOKLEY-EQ | CVD=685843 vs Ref=931338 | Close=201.17 vs VAH=204.45
2026-02-04 13:22:18,677 [INFO]     NSE:IOC-EQ | CVD=4564510 vs Ref=5567212 | Close=171.63 vs VAH=173.20
2026-02-04 13:23:18,679 [INFO] 🔍 Scanning for alerts on 10 symbols (5min)...
2026-02-04 13:23:18,961 [INFO]     NSE:POLYCAB-EQ | CVD=10259 vs Ref=33384 | Close=7642.00 vs VAH=7626.00
2026-02-04 13:23:19,225 [INFO]     NSE:APLAPOLLO-EQ | CVD=-106976 vs Ref=94426 | Close=2174.10 vs VAH=2162.55
2026-02-04 13:23:19,451 [INFO]     NSE:HINDPETRO-EQ | CVD=1545949 vs Ref=1861852 | Close=457.65 vs VAH=463.95
2026-02-04 13:23:19,676 [INFO]     NSE:COALINDIA-EQ | CVD=335892 vs Ref=542308 | Close=432.85 vs VAH=440.30
2026-02-04 13:23:19,908 [INFO]     NSE:BPCL-EQ | CVD=976779 vs Ref=1362158 | Close=380.15 vs VAH=382.20
2026-02-04 13:23:20,126 [INFO]     NSE:NATIONALUM-EQ | CVD=-263340 vs Ref=35952 | Close=372.55 vs VAH=377.55
2026-02-04 13:23:20,362 [INFO]     NSE:EXIDEIND-EQ | CVD=701877 vs Ref=1572747 | Close=338.95 vs VAH=344.25
2026-02-04 13:23:20,614 [INFO]     NSE:ONGC-EQ | CVD=1367929 vs Ref=2488079 | Close=267.55 vs VAH=268.10
2026-02-04 13:23:20,840 [INFO]     NSE:ASHOKLEY-EQ | CVD=685843 vs Ref=931338 | Close=201.17 vs VAH=204.45
2026-02-04 13:23:21,078 [INFO]     NSE:IOC-EQ | CVD=4564510 vs Ref=5567212 | Close=171.63 vs VAH=173.20
2026-02-04 13:24:21,080 [INFO] 🔍 Scanning for alerts on 10 symbols (5min)...
2026-02-04 13:24:21,310 [INFO]     NSE:POLYCAB-EQ | CVD=10259 vs Ref=33384 | Close=7642.00 vs VAH=7626.00
2026-02-04 13:24:21,555 [INFO]     NSE:APLAPOLLO-EQ | CVD=-106976 vs Ref=94426 | Close=2174.10 vs VAH=2162.55
2026-02-04 13:24:21,845 [INFO]     NSE:HINDPETRO-EQ | CVD=1545949 vs Ref=1861852 | Close=457.65 vs VAH=463.95
2026-02-04 13:24:22,093 [INFO]     NSE:COALINDIA-EQ | CVD=335892 vs Ref=542308 | Close=432.85 vs VAH=440.30
2026-02-04 13:24:22,355 [INFO]     NSE:BPCL-EQ | CVD=976779 vs Ref=1362158 | Close=380.15 vs VAH=382.20
2026-02-04 13:24:22,656 [INFO]     NSE:NATIONALUM-EQ | CVD=-263340 vs Ref=35952 | Close=372.55 vs VAH=377.55
2026-02-04 13:24:22,888 [INFO]     NSE:EXIDEIND-EQ | CVD=701877 vs Ref=1572747 | Close=338.95 vs VAH=344.25
2026-02-04 13:24:23,114 [INFO]     NSE:ONGC-EQ | CVD=1367929 vs Ref=2488079 | Close=267.55 vs VAH=268.10
2026-02-04 13:24:23,392 [INFO]     NSE:ASHOKLEY-EQ | CVD=685843 vs Ref=931338 | Close=201.17 vs VAH=204.45
2026-02-04 13:24:23,625 [INFO]     NSE:IOC-EQ | CVD=4564510 vs Ref=5567212 | Close=171.63 vs VAH=173.20
2026-02-04 13:25:23,628 [INFO] 🔍 Scanning for alerts on 10 symbols (5min)...
2026-02-04 13:25:23,933 [INFO]     NSE:POLYCAB-EQ | CVD=10259 vs Ref=33384 | Close=7642.00 vs VAH=7626.00
2026-02-04 13:25:24,169 [INFO]     NSE:APLAPOLLO-EQ | CVD=-106976 vs Ref=94426 | Close=2174.10 vs VAH=2162.55
2026-02-04 13:25:24,470 [INFO]     NSE:HINDPETRO-EQ | CVD=1545949 vs Ref=1861852 | Close=457.65 vs VAH=463.95
2026-02-04 13:25:24,744 [INFO]     NSE:COALINDIA-EQ | CVD=335892 vs Ref=542308 | Close=432.85 vs VAH=440.30
2026-02-04 13:25:24,959 [INFO]     NSE:BPCL-EQ | CVD=976779 vs Ref=1362158 | Close=380.15 vs VAH=382.20
2026-02-04 13:25:25,223 [INFO]     NSE:NATIONALUM-EQ | CVD=-263340 vs Ref=35952 | Close=372.55 vs VAH=377.55
2026-02-04 13:25:25,496 [INFO]     NSE:EXIDEIND-EQ | CVD=701877 vs Ref=1572747 | Close=338.95 vs VAH=344.25
2026-02-04 13:25:25,702 [INFO]     NSE:ONGC-EQ | CVD=1367929 vs Ref=2488079 | Close=267.55 vs VAH=268.10
2026-02-04 13:25:25,958 [INFO]     NSE:ASHOKLEY-EQ | CVD=685843 vs Ref=931338 | Close=201.17 vs VAH=204.45
2026-02-04 13:25:26,458 [INFO]     NSE:IOC-EQ | CVD=4564510 vs Ref=5567212 | Close=171.63 vs VAH=173.20
2026-02-04 13:26:26,461 [INFO] 🔍 Scanning for alerts on 10 symbols (5min)...
2026-02-04 13:26:26,751 [INFO]     NSE:POLYCAB-EQ | CVD=10897 vs Ref=33384 | Close=7644.00 vs VAH=7626.00
2026-02-04 13:26:27,022 [INFO]     NSE:APLAPOLLO-EQ | CVD=-99427 vs Ref=94426 | Close=2173.00 vs VAH=2162.55
2026-02-04 13:26:27,263 [INFO]     NSE:HINDPETRO-EQ | CVD=1560997 vs Ref=1861852 | Close=458.25 vs VAH=463.95
2026-02-04 13:26:27,540 [INFO]     NSE:COALINDIA-EQ | CVD=340015 vs Ref=542308 | Close=433.00 vs VAH=440.30
2026-02-04 13:26:27,794 [INFO]     NSE:BPCL-EQ | CVD=1004490 vs Ref=1362158 | Close=380.40 vs VAH=382.20
2026-02-04 13:26:28,053 [INFO]     NSE:NATIONALUM-EQ | CVD=-253255 vs Ref=35952 | Close=373.00 vs VAH=377.55
2026-02-04 13:26:28,317 [INFO]     NSE:EXIDEIND-EQ | CVD=718947 vs Ref=1572747 | Close=339.80 vs VAH=344.25
2026-02-04 13:26:28,580 [INFO]     NSE:ONGC-EQ | CVD=1371743 vs Ref=2488079 | Close=267.35 vs VAH=268.10
2026-02-04 13:26:28,865 [INFO]     NSE:ASHOKLEY-EQ | CVD=745302 vs Ref=931338 | Close=201.46 vs VAH=204.45
2026-02-04 13:26:29,166 [INFO]     NSE:IOC-EQ | CVD=4567786 vs Ref=5567212 | Close=171.76 vs VAH=173.20
2026-02-04 13:27:29,169 [INFO] 🔍 Scanning for alerts on 10 symbols (5min)...
2026-02-04 13:27:29,452 [INFO]     NSE:POLYCAB-EQ | CVD=10897 vs Ref=33384 | Close=7644.00 vs VAH=7626.00
2026-02-04 13:27:29,698 [INFO]     NSE:APLAPOLLO-EQ | CVD=-99427 vs Ref=94426 | Close=2173.00 vs VAH=2162.55
2026-02-04 13:27:29,967 [INFO]     NSE:HINDPETRO-EQ | CVD=1560997 vs Ref=1861852 | Close=458.25 vs VAH=463.95
2026-02-04 13:27:30,212 [INFO]     NSE:COALINDIA-EQ | CVD=340015 vs Ref=542308 | Close=433.00 vs VAH=440.30
2026-02-04 13:27:30,475 [INFO]     NSE:BPCL-EQ | CVD=1004490 vs Ref=1362158 | Close=380.40 vs VAH=382.20
2026-02-04 13:27:30,714 [INFO]     NSE:NATIONALUM-EQ | CVD=-253255 vs Ref=35952 | Close=373.00 vs VAH=377.55
2026-02-04 13:27:30,949 [INFO]     NSE:EXIDEIND-EQ | CVD=718947 vs Ref=1572747 | Close=339.80 vs VAH=344.25
2026-02-04 13:27:31,212 [INFO]     NSE:ONGC-EQ | CVD=1371743 vs Ref=2488079 | Close=267.35 vs VAH=268.10
2026-02-04 13:27:31,440 [INFO]     NSE:ASHOKLEY-EQ | CVD=745302 vs Ref=931338 | Close=201.46 vs VAH=204.45
2026-02-04 13:27:31,687 [INFO]     NSE:IOC-EQ | CVD=4567786 vs Ref=5567212 | Close=171.76 vs VAH=173.20
2026-02-04 13:28:31,689 [INFO] 🔍 Scanning for alerts on 10 symbols (5min)...
2026-02-04 13:28:31,934 [INFO]     NSE:POLYCAB-EQ | CVD=10897 vs Ref=33384 | Close=7644.00 vs VAH=7626.00
2026-02-04 13:28:32,204 [INFO]     NSE:APLAPOLLO-EQ | CVD=-99427 vs Ref=94426 | Close=2173.00 vs VAH=2162.55
2026-02-04 13:28:32,467 [INFO]     NSE:HINDPETRO-EQ | CVD=1560997 vs Ref=1861852 | Close=458.25 vs VAH=463.95
2026-02-04 13:28:32,684 [INFO]     NSE:COALINDIA-EQ | CVD=340015 vs Ref=542308 | Close=433.00 vs VAH=440.30
2026-02-04 13:28:32,923 [INFO]     NSE:BPCL-EQ | CVD=1004490 vs Ref=1362158 | Close=380.40 vs VAH=382.20
2026-02-04 13:28:33,221 [INFO]     NSE:NATIONALUM-EQ | CVD=-253255 vs Ref=35952 | Close=373.00 vs VAH=377.55
2026-02-04 13:28:33,486 [INFO]     NSE:EXIDEIND-EQ | CVD=718947 vs Ref=1572747 | Close=339.80 vs VAH=344.25
2026-02-04 13:28:33,718 [INFO]     NSE:ONGC-EQ | CVD=1371743 vs Ref=2488079 | Close=267.35 vs VAH=268.10
2026-02-04 13:28:33,980 [INFO]     NSE:ASHOKLEY-EQ | CVD=745302 vs Ref=931338 | Close=201.46 vs VAH=204.45
2026-02-04 13:28:34,230 [INFO]     NSE:IOC-EQ | CVD=4567786 vs Ref=5567212 | Close=171.76 vs VAH=173.20
2026-02-04 13:29:34,233 [INFO] 🔍 Scanning for alerts on 10 symbols (5min)...
2026-02-04 13:29:34,546 [INFO]     NSE:POLYCAB-EQ | CVD=10897 vs Ref=33384 | Close=7644.00 vs VAH=7626.00
2026-02-04 13:29:34,826 [INFO]     NSE:APLAPOLLO-EQ | CVD=-99427 vs Ref=94426 | Close=2173.00 vs VAH=2162.55
2026-02-04 13:29:35,041 [INFO]     NSE:HINDPETRO-EQ | CVD=1560997 vs Ref=1861852 | Close=458.25 vs VAH=463.95
2026-02-04 13:29:35,280 [INFO]     NSE:COALINDIA-EQ | CVD=340015 vs Ref=542308 | Close=433.00 vs VAH=440.30
2026-02-04 13:29:35,571 [INFO]     NSE:BPCL-EQ | CVD=1004490 vs Ref=1362158 | Close=380.40 vs VAH=382.20
2026-02-04 13:29:35,803 [INFO]     NSE:NATIONALUM-EQ | CVD=-253255 vs Ref=35952 | Close=373.00 vs VAH=377.55
2026-02-04 13:29:36,036 [INFO]     NSE:EXIDEIND-EQ | CVD=718947 vs Ref=1572747 | Close=339.80 vs VAH=344.25
2026-02-04 13:29:36,261 [INFO]     NSE:ONGC-EQ | CVD=1371743 vs Ref=2488079 | Close=267.35 vs VAH=268.10
2026-02-04 13:29:36,520 [INFO]     NSE:ASHOKLEY-EQ | CVD=745302 vs Ref=931338 | Close=201.46 vs VAH=204.45
2026-02-04 13:29:36,790 [INFO]     NSE:IOC-EQ | CVD=4567786 vs Ref=5567212 | Close=171.76 vs VAH=173.20
2026-02-04 13:30:36,791 [INFO] 🔍 Scanning for alerts on 10 symbols (5min)...
2026-02-04 13:30:37,036 [INFO]     NSE:POLYCAB-EQ | CVD=10897 vs Ref=33384 | Close=7644.00 vs VAH=7626.00
2026-02-04 13:30:37,296 [INFO]     NSE:APLAPOLLO-EQ | CVD=-99427 vs Ref=94426 | Close=2173.00 vs VAH=2162.55
2026-02-04 13:30:37,550 [INFO]     NSE:HINDPETRO-EQ | CVD=1560997 vs Ref=1861852 | Close=458.25 vs VAH=463.95
2026-02-04 13:30:37,776 [INFO]     NSE:COALINDIA-EQ | CVD=340015 vs Ref=542308 | Close=433.00 vs VAH=440.30
2026-02-04 13:30:38,036 [INFO]     NSE:BPCL-EQ | CVD=1004490 vs Ref=1362158 | Close=380.40 vs VAH=382.20
2026-02-04 13:30:38,264 [INFO]     NSE:NATIONALUM-EQ | CVD=-253255 vs Ref=35952 | Close=373.00 vs VAH=377.55
2026-02-04 13:30:38,516 [INFO]     NSE:EXIDEIND-EQ | CVD=718947 vs Ref=1572747 | Close=339.80 vs VAH=344.25
2026-02-04 13:30:38,740 [INFO]     NSE:ONGC-EQ | CVD=1371743 vs Ref=2488079 | Close=267.35 vs VAH=268.10
2026-02-04 13:30:39,030 [INFO]     NSE:ASHOKLEY-EQ | CVD=745302 vs Ref=931338 | Close=201.46 vs VAH=204.45
2026-02-04 13:30:39,267 [INFO]     NSE:IOC-EQ | CVD=4567786 vs Ref=5567212 | Close=171.76 vs VAH=173.20
2026-02-04 13:31:39,270 [INFO] 🔍 Scanning for alerts on 10 symbols (5min)...
2026-02-04 13:31:39,538 [INFO]     NSE:POLYCAB-EQ | CVD=10658 vs Ref=33384 | Close=7648.00 vs VAH=7626.00
2026-02-04 13:31:39,779 [INFO]     NSE:APLAPOLLO-EQ | CVD=-100774 vs Ref=94426 | Close=2172.60 vs VAH=2162.55
2026-02-04 13:31:39,990 [INFO]     NSE:HINDPETRO-EQ | CVD=1569789 vs Ref=1861852 | Close=458.45 vs VAH=463.95
2026-02-04 13:31:40,237 [INFO]     NSE:COALINDIA-EQ | CVD=491202 vs Ref=542308 | Close=433.50 vs VAH=440.30
2026-02-04 13:31:40,475 [INFO]     NSE:BPCL-EQ | CVD=1036679 vs Ref=1362158 | Close=380.50 vs VAH=382.20
2026-02-04 13:31:40,698 [INFO]     NSE:NATIONALUM-EQ | CVD=-182286 vs Ref=35952 | Close=374.30 vs VAH=377.55
2026-02-04 13:31:40,922 [INFO]     NSE:EXIDEIND-EQ | CVD=719227 vs Ref=1572747 | Close=339.80 vs VAH=344.25
2026-02-04 13:31:41,140 [INFO]     NSE:ONGC-EQ | CVD=1589295 vs Ref=2488079 | Close=267.50 vs VAH=268.10
2026-02-04 13:31:41,370 [INFO]     NSE:ASHOKLEY-EQ | CVD=630407 vs Ref=931338 | Close=201.40 vs VAH=204.45
2026-02-04 13:31:41,620 [INFO]     NSE:IOC-EQ | CVD=4543325 vs Ref=5567212 | Close=171.70 vs VAH=173.20
2026-02-04 13:32:41,621 [INFO] 🔍 Scanning for alerts on 10 symbols (5min)...
2026-02-04 13:32:41,856 [INFO]     NSE:POLYCAB-EQ | CVD=10658 vs Ref=33384 | Close=7648.00 vs VAH=7626.00
2026-02-04 13:32:42,125 [INFO]     NSE:APLAPOLLO-EQ | CVD=-100774 vs Ref=94426 | Close=2172.60 vs VAH=2162.55
2026-02-04 13:32:42,356 [INFO]     NSE:HINDPETRO-EQ | CVD=1569789 vs Ref=1861852 | Close=458.45 vs VAH=463.95
2026-02-04 13:32:42,661 [INFO]     NSE:COALINDIA-EQ | CVD=491202 vs Ref=542308 | Close=433.50 vs VAH=440.30
2026-02-04 13:32:42,933 [INFO]     NSE:BPCL-EQ | CVD=1036679 vs Ref=1362158 | Close=380.50 vs VAH=382.20
2026-02-04 13:32:43,134 [INFO]     NSE:NATIONALUM-EQ | CVD=-182286 vs Ref=35952 | Close=374.30 vs VAH=377.55
2026-02-04 13:32:43,372 [INFO]     NSE:EXIDEIND-EQ | CVD=719227 vs Ref=1572747 | Close=339.80 vs VAH=344.25
2026-02-04 13:32:43,593 [INFO]     NSE:ONGC-EQ | CVD=1589295 vs Ref=2488079 | Close=267.50 vs VAH=268.10
2026-02-04 13:32:43,838 [INFO]     NSE:ASHOKLEY-EQ | CVD=630407 vs Ref=931338 | Close=201.40 vs VAH=204.45
2026-02-04 13:32:44,081 [INFO]     NSE:IOC-EQ | CVD=4543325 vs Ref=5567212 | Close=171.70 vs VAH=173.20
2026-02-04 13:33:44,083 [INFO] 🔍 Scanning for alerts on 10 symbols (5min)...
2026-02-04 13:33:44,329 [INFO]     NSE:POLYCAB-EQ | CVD=10658 vs Ref=33384 | Close=7648.00 vs VAH=7626.00
2026-02-04 13:33:44,563 [INFO]     NSE:APLAPOLLO-EQ | CVD=-100774 vs Ref=94426 | Close=2172.60 vs VAH=2162.55
2026-02-04 13:33:44,822 [INFO]     NSE:HINDPETRO-EQ | CVD=1569789 vs Ref=1861852 | Close=458.45 vs VAH=463.95
2026-02-04 13:33:45,940 [INFO]     NSE:COALINDIA-EQ | CVD=491202 vs Ref=542308 | Close=433.50 vs VAH=440.30
2026-02-04 13:33:46,184 [INFO]     NSE:BPCL-EQ | CVD=1036679 vs Ref=1362158 | Close=380.50 vs VAH=382.20
2026-02-04 13:33:46,456 [INFO]     NSE:NATIONALUM-EQ | CVD=-182286 vs Ref=35952 | Close=374.30 vs VAH=377.55
2026-02-04 13:33:46,727 [INFO]     NSE:EXIDEIND-EQ | CVD=719227 vs Ref=1572747 | Close=339.80 vs VAH=344.25
2026-02-04 13:33:46,985 [INFO]     NSE:ONGC-EQ | CVD=1589295 vs Ref=2488079 | Close=267.50 vs VAH=268.10
2026-02-04 13:33:47,285 [INFO]     NSE:ASHOKLEY-EQ | CVD=630407 vs Ref=931338 | Close=201.40 vs VAH=204.45
2026-02-04 13:33:47,527 [INFO]     NSE:IOC-EQ | CVD=4543325 vs Ref=5567212 | Close=171.70 vs VAH=173.20
2026-02-04 13:34:47,529 [INFO] 🔍 Scanning for alerts on 10 symbols (5min)...
2026-02-04 13:34:47,752 [INFO]     NSE:POLYCAB-EQ | CVD=10658 vs Ref=33384 | Close=7648.00 vs VAH=7626.00
2026-02-04 13:34:48,003 [INFO]     NSE:APLAPOLLO-EQ | CVD=-100774 vs Ref=94426 | Close=2172.60 vs VAH=2162.55
2026-02-04 13:34:48,275 [INFO]     NSE:HINDPETRO-EQ | CVD=1569789 vs Ref=1861852 | Close=458.45 vs VAH=463.95
2026-02-04 13:34:48,527 [INFO]     NSE:COALINDIA-EQ | CVD=491202 vs Ref=542308 | Close=433.50 vs VAH=440.30
2026-02-04 13:34:48,757 [INFO]     NSE:BPCL-EQ | CVD=1036679 vs Ref=1362158 | Close=380.50 vs VAH=382.20
2026-02-04 13:34:50,732 [INFO]     NSE:NATIONALUM-EQ | CVD=-182286 vs Ref=35952 | Close=374.30 vs VAH=377.55
2026-02-04 13:34:50,955 [INFO]     NSE:EXIDEIND-EQ | CVD=719227 vs Ref=1572747 | Close=339.80 vs VAH=344.25
2026-02-04 13:34:51,158 [INFO]     NSE:ONGC-EQ | CVD=1589295 vs Ref=2488079 | Close=267.50 vs VAH=268.10
2026-02-04 13:34:51,405 [INFO]     NSE:ASHOKLEY-EQ | CVD=630407 vs Ref=931338 | Close=201.40 vs VAH=204.45
2026-02-04 13:34:51,638 [INFO]     NSE:IOC-EQ | CVD=4543325 vs Ref=5567212 | Close=171.70 vs VAH=173.20
2026-02-04 13:35:51,640 [INFO] 🔍 Scanning for alerts on 10 symbols (5min)...
2026-02-04 13:35:51,872 [INFO]     NSE:POLYCAB-EQ | CVD=10658 vs Ref=33384 | Close=7648.00 vs VAH=7626.00
2026-02-04 13:35:53,936 [INFO]     NSE:APLAPOLLO-EQ | CVD=-100774 vs Ref=94426 | Close=2172.60 vs VAH=2162.55
2026-02-04 13:35:54,167 [INFO]     NSE:HINDPETRO-EQ | CVD=1569789 vs Ref=1861852 | Close=458.45 vs VAH=463.95
2026-02-04 13:35:54,420 [INFO]     NSE:COALINDIA-EQ | CVD=491202 vs Ref=542308 | Close=433.50 vs VAH=440.30
2026-02-04 13:35:54,651 [INFO]     NSE:BPCL-EQ | CVD=1036679 vs Ref=1362158 | Close=380.50 vs VAH=382.20
2026-02-04 13:35:54,912 [INFO]     NSE:NATIONALUM-EQ | CVD=-182286 vs Ref=35952 | Close=374.30 vs VAH=377.55
2026-02-04 13:35:55,213 [INFO]     NSE:EXIDEIND-EQ | CVD=719227 vs Ref=1572747 | Close=339.80 vs VAH=344.25
2026-02-04 13:35:55,436 [INFO]     NSE:ONGC-EQ | CVD=1589295 vs Ref=2488079 | Close=267.50 vs VAH=268.10
2026-02-04 13:35:55,674 [INFO]     NSE:ASHOKLEY-EQ | CVD=630407 vs Ref=931338 | Close=201.40 vs VAH=204.45
2026-02-04 13:35:55,919 [INFO]     NSE:IOC-EQ | CVD=4543325 vs Ref=5567212 | Close=171.70 vs VAH=173.20
2026-02-04 13:36:55,921 [INFO] 🔍 Scanning for alerts on 10 symbols (5min)...
2026-02-04 13:36:56,151 [INFO]     NSE:POLYCAB-EQ | CVD=9996 vs Ref=33384 | Close=7648.50 vs VAH=7626.00
2026-02-04 13:36:56,410 [INFO]     NSE:APLAPOLLO-EQ | CVD=-98597 vs Ref=94426 | Close=2173.30 vs VAH=2162.55
2026-02-04 13:36:58,432 [INFO]     NSE:HINDPETRO-EQ | CVD=1553161 vs Ref=1861852 | Close=458.00 vs VAH=463.95
2026-02-04 13:36:58,670 [INFO]     NSE:COALINDIA-EQ | CVD=518987 vs Ref=542308 | Close=433.70 vs VAH=440.30
2026-02-04 13:36:58,913 [INFO]     NSE:BPCL-EQ | CVD=983058 vs Ref=1362158 | Close=379.80 vs VAH=382.20
2026-02-04 13:36:59,141 [INFO]     NSE:NATIONALUM-EQ | CVD=-137977 vs Ref=35952 | Close=373.80 vs VAH=377.55
2026-02-04 13:36:59,392 [INFO]     NSE:EXIDEIND-EQ | CVD=712778 vs Ref=1572747 | Close=339.60 vs VAH=344.25
2026-02-04 13:36:59,615 [INFO]     NSE:ONGC-EQ | CVD=1573394 vs Ref=2488079 | Close=267.30 vs VAH=268.10
2026-02-04 13:36:59,857 [INFO]     NSE:ASHOKLEY-EQ | CVD=580905 vs Ref=931338 | Close=201.32 vs VAH=204.45
2026-02-04 13:37:00,105 [INFO]     NSE:IOC-EQ | CVD=4464028 vs Ref=5567212 | Close=171.36 vs VAH=173.20
2026-02-04 13:38:00,106 [INFO] 🔍 Scanning for alerts on 10 symbols (5min)...
2026-02-04 13:38:00,370 [INFO]     NSE:POLYCAB-EQ | CVD=9996 vs Ref=33384 | Close=7648.50 vs VAH=7626.00
2026-02-04 13:38:00,695 [INFO]     NSE:APLAPOLLO-EQ | CVD=-98597 vs Ref=94426 | Close=2173.30 vs VAH=2162.55
2026-02-04 13:38:01,011 [INFO]     NSE:HINDPETRO-EQ | CVD=1553161 vs Ref=1861852 | Close=458.00 vs VAH=463.95
2026-02-04 13:38:01,287 [INFO]     NSE:COALINDIA-EQ | CVD=518987 vs Ref=542308 | Close=433.70 vs VAH=440.30
2026-02-04 13:38:01,601 [INFO]     NSE:BPCL-EQ | CVD=983058 vs Ref=1362158 | Close=379.80 vs VAH=382.20
2026-02-04 13:38:01,902 [INFO]     NSE:NATIONALUM-EQ | CVD=-137977 vs Ref=35952 | Close=373.80 vs VAH=377.55
2026-02-04 13:38:02,201 [INFO]     NSE:EXIDEIND-EQ | CVD=712778 vs Ref=1572747 | Close=339.60 vs VAH=344.25
2026-02-04 13:38:02,480 [INFO]     NSE:ONGC-EQ | CVD=1573394 vs Ref=2488079 | Close=267.30 vs VAH=268.10
2026-02-04 13:38:02,829 [INFO]     NSE:ASHOKLEY-EQ | CVD=580905 vs Ref=931338 | Close=201.32 vs VAH=204.45
2026-02-04 13:38:03,121 [INFO]     NSE:IOC-EQ | CVD=4464028 vs Ref=5567212 | Close=171.36 vs VAH=173.20
2026-02-04 13:39:03,123 [INFO] 🔍 Scanning for alerts on 10 symbols (5min)...
2026-02-04 13:39:03,463 [INFO]     NSE:POLYCAB-EQ | CVD=9996 vs Ref=33384 | Close=7648.50 vs VAH=7626.00
2026-02-04 13:39:03,701 [INFO]     NSE:APLAPOLLO-EQ | CVD=-98597 vs Ref=94426 | Close=2173.30 vs VAH=2162.55
2026-02-04 13:39:04,032 [INFO]     NSE:HINDPETRO-EQ | CVD=1553161 vs Ref=1861852 | Close=458.00 vs VAH=463.95
2026-02-04 13:39:04,365 [INFO]     NSE:COALINDIA-EQ | CVD=518987 vs Ref=542308 | Close=433.70 vs VAH=440.30
2026-02-04 13:39:04,607 [INFO]     NSE:BPCL-EQ | CVD=983058 vs Ref=1362158 | Close=379.80 vs VAH=382.20
2026-02-04 13:39:04,870 [INFO]     NSE:NATIONALUM-EQ | CVD=-137977 vs Ref=35952 | Close=373.80 vs VAH=377.55
2026-02-04 13:39:05,108 [INFO]     NSE:EXIDEIND-EQ | CVD=712778 vs Ref=1572747 | Close=339.60 vs VAH=344.25
2026-02-04 13:39:05,338 [INFO]     NSE:ONGC-EQ | CVD=1573394 vs Ref=2488079 | Close=267.30 vs VAH=268.10
2026-02-04 13:39:05,647 [INFO]     NSE:ASHOKLEY-EQ | CVD=580905 vs Ref=931338 | Close=201.32 vs VAH=204.45
2026-02-04 13:39:05,924 [INFO]     NSE:IOC-EQ | CVD=4464028 vs Ref=5567212 | Close=171.36 vs VAH=173.20
2026-02-04 13:40:05,925 [INFO] 🔍 Scanning for alerts on 10 symbols (5min)...
2026-02-04 13:40:06,208 [INFO]     NSE:POLYCAB-EQ | CVD=9996 vs Ref=33384 | Close=7648.50 vs VAH=7626.00
2026-02-04 13:40:06,459 [INFO]     NSE:APLAPOLLO-EQ | CVD=-98597 vs Ref=94426 | Close=2173.30 vs VAH=2162.55
2026-02-04 13:40:06,689 [INFO]     NSE:HINDPETRO-EQ | CVD=1553161 vs Ref=1861852 | Close=458.00 vs VAH=463.95
2026-02-04 13:40:07,211 [INFO]     NSE:COALINDIA-EQ | CVD=518987 vs Ref=542308 | Close=433.70 vs VAH=440.30
2026-02-04 13:40:07,470 [INFO]     NSE:BPCL-EQ | CVD=983058 vs Ref=1362158 | Close=379.80 vs VAH=382.20
2026-02-04 13:40:07,715 [INFO]     NSE:NATIONALUM-EQ | CVD=-137977 vs Ref=35952 | Close=373.80 vs VAH=377.55
2026-02-04 13:40:07,938 [INFO]     NSE:EXIDEIND-EQ | CVD=712778 vs Ref=1572747 | Close=339.60 vs VAH=344.25
2026-02-04 13:40:08,238 [INFO]     NSE:ONGC-EQ | CVD=1573394 vs Ref=2488079 | Close=267.30 vs VAH=268.10
2026-02-04 13:40:08,484 [INFO]     NSE:ASHOKLEY-EQ | CVD=580905 vs Ref=931338 | Close=201.32 vs VAH=204.45
2026-02-04 13:40:08,753 [INFO]     NSE:IOC-EQ | CVD=4464028 vs Ref=5567212 | Close=171.36 vs VAH=173.20
2026-02-04 13:41:08,755 [INFO] 🔍 Scanning for alerts on 10 symbols (5min)...
2026-02-04 13:41:09,024 [INFO]     NSE:POLYCAB-EQ | CVD=11705 vs Ref=33384 | Close=7659.50 vs VAH=7626.00
2026-02-04 13:41:09,252 [INFO]     NSE:APLAPOLLO-EQ | CVD=-100199 vs Ref=94426 | Close=2174.90 vs VAH=2162.55
2026-02-04 13:41:09,486 [INFO]     NSE:HINDPETRO-EQ | CVD=1563709 vs Ref=1861852 | Close=458.50 vs VAH=463.95
2026-02-04 13:41:09,737 [INFO]     NSE:COALINDIA-EQ | CVD=581656 vs Ref=542308 | Close=434.05 vs VAH=440.30
2026-02-04 13:41:09,958 [INFO]     NSE:BPCL-EQ | CVD=1008041 vs Ref=1362158 | Close=380.15 vs VAH=382.20
2026-02-04 13:41:10,205 [INFO]     NSE:NATIONALUM-EQ | CVD=73937 vs Ref=35952 | Close=374.55 vs VAH=377.55
2026-02-04 13:41:10,566 [INFO]     NSE:EXIDEIND-EQ | CVD=736329 vs Ref=1572747 | Close=340.50 vs VAH=344.25
2026-02-04 13:41:10,855 [INFO]     NSE:ONGC-EQ | CVD=1571204 vs Ref=2488079 | Close=267.40 vs VAH=268.10
2026-02-04 13:41:11,131 [INFO]     NSE:ASHOKLEY-EQ | CVD=616371 vs Ref=931338 | Close=201.65 vs VAH=204.45
2026-02-04 13:41:11,398 [INFO]     NSE:IOC-EQ | CVD=4418973 vs Ref=5567212 | Close=171.52 vs VAH=173.20
2026-02-04 13:42:11,400 [INFO] 🔍 Scanning for alerts on 10 symbols (5min)...
2026-02-04 13:42:11,636 [INFO]     NSE:POLYCAB-EQ | CVD=11705 vs Ref=33384 | Close=7659.50 vs VAH=7626.00
2026-02-04 13:42:11,874 [INFO]     NSE:APLAPOLLO-EQ | CVD=-100199 vs Ref=94426 | Close=2174.90 vs VAH=2162.55
2026-02-04 13:42:12,114 [INFO]     NSE:HINDPETRO-EQ | CVD=1563709 vs Ref=1861852 | Close=458.50 vs VAH=463.95
2026-02-04 13:42:12,342 [INFO]     NSE:COALINDIA-EQ | CVD=581656 vs Ref=542308 | Close=434.05 vs VAH=440.30
2026-02-04 13:42:12,588 [INFO]     NSE:BPCL-EQ | CVD=1008041 vs Ref=1362158 | Close=380.15 vs VAH=382.20
2026-02-04 13:42:12,797 [INFO]     NSE:NATIONALUM-EQ | CVD=73937 vs Ref=35952 | Close=374.55 vs VAH=377.55
2026-02-04 13:42:13,028 [INFO]     NSE:EXIDEIND-EQ | CVD=736329 vs Ref=1572747 | Close=340.50 vs VAH=344.25
2026-02-04 13:42:13,250 [INFO]     NSE:ONGC-EQ | CVD=1571204 vs Ref=2488079 | Close=267.40 vs VAH=268.10
2026-02-04 13:42:13,558 [INFO]     NSE:ASHOKLEY-EQ | CVD=616371 vs Ref=931338 | Close=201.65 vs VAH=204.45
2026-02-04 13:42:13,801 [INFO]     NSE:IOC-EQ | CVD=4418973 vs Ref=5567212 | Close=171.52 vs VAH=173.20
2026-02-04 13:43:13,803 [INFO] 🔍 Scanning for alerts on 10 symbols (5min)...
2026-02-04 13:43:14,071 [INFO]     NSE:POLYCAB-EQ | CVD=11705 vs Ref=33384 | Close=7659.50 vs VAH=7626.00
2026-02-04 13:43:14,292 [INFO]     NSE:APLAPOLLO-EQ | CVD=-100199 vs Ref=94426 | Close=2174.90 vs VAH=2162.55
2026-02-04 13:43:14,513 [INFO]     NSE:HINDPETRO-EQ | CVD=1563709 vs Ref=1861852 | Close=458.50 vs VAH=463.95
2026-02-04 13:43:14,743 [INFO]     NSE:COALINDIA-EQ | CVD=581656 vs Ref=542308 | Close=434.05 vs VAH=440.30
2026-02-04 13:43:15,049 [INFO]     NSE:BPCL-EQ | CVD=1008041 vs Ref=1362158 | Close=380.15 vs VAH=382.20
2026-02-04 13:43:15,284 [INFO]     NSE:NATIONALUM-EQ | CVD=73937 vs Ref=35952 | Close=374.55 vs VAH=377.55
2026-02-04 13:43:15,534 [INFO]     NSE:EXIDEIND-EQ | CVD=736329 vs Ref=1572747 | Close=340.50 vs VAH=344.25
2026-02-04 13:43:15,804 [INFO]     NSE:ONGC-EQ | CVD=1571204 vs Ref=2488079 | Close=267.40 vs VAH=268.10
2026-02-04 13:43:16,047 [INFO]     NSE:ASHOKLEY-EQ | CVD=616371 vs Ref=931338 | Close=201.65 vs VAH=204.45
2026-02-04 13:43:16,313 [INFO]     NSE:IOC-EQ | CVD=4418973 vs Ref=5567212 | Close=171.52 vs VAH=173.20
2026-02-04 13:44:16,315 [INFO] 🔍 Scanning for alerts on 10 symbols (5min)...
2026-02-04 13:44:16,596 [INFO]     NSE:POLYCAB-EQ | CVD=11705 vs Ref=33384 | Close=7659.50 vs VAH=7626.00
2026-02-04 13:44:16,854 [INFO]     NSE:APLAPOLLO-EQ | CVD=-100199 vs Ref=94426 | Close=2174.90 vs VAH=2162.55
2026-02-04 13:44:17,069 [INFO]     NSE:HINDPETRO-EQ | CVD=1563709 vs Ref=1861852 | Close=458.50 vs VAH=463.95
2026-02-04 13:44:17,301 [INFO]     NSE:COALINDIA-EQ | CVD=581656 vs Ref=542308 | Close=434.05 vs VAH=440.30
2026-02-04 13:44:17,539 [INFO]     NSE:BPCL-EQ | CVD=1008041 vs Ref=1362158 | Close=380.15 vs VAH=382.20
2026-02-04 13:44:17,832 [INFO]     NSE:NATIONALUM-EQ | CVD=73937 vs Ref=35952 | Close=374.55 vs VAH=377.55
2026-02-04 13:44:18,066 [INFO]     NSE:EXIDEIND-EQ | CVD=736329 vs Ref=1572747 | Close=340.50 vs VAH=344.25
2026-02-04 13:44:18,312 [INFO]     NSE:ONGC-EQ | CVD=1571204 vs Ref=2488079 | Close=267.40 vs VAH=268.10
2026-02-04 13:44:18,562 [INFO]     NSE:ASHOKLEY-EQ | CVD=616371 vs Ref=931338 | Close=201.65 vs VAH=204.45
2026-02-04 13:44:18,810 [INFO]     NSE:IOC-EQ | CVD=4418973 vs Ref=5567212 | Close=171.52 vs VAH=173.20
2026-02-04 13:45:18,811 [INFO] 🔍 Scanning for alerts on 10 symbols (5min)...
2026-02-04 13:45:19,043 [INFO]     NSE:POLYCAB-EQ | CVD=11705 vs Ref=33384 | Close=7659.50 vs VAH=7626.00
2026-02-04 13:45:19,276 [INFO]     NSE:APLAPOLLO-EQ | CVD=-100199 vs Ref=94426 | Close=2174.90 vs VAH=2162.55
2026-02-04 13:45:19,544 [INFO]     NSE:HINDPETRO-EQ | CVD=1563709 vs Ref=1861852 | Close=458.50 vs VAH=463.95
2026-02-04 13:45:19,833 [INFO]     NSE:COALINDIA-EQ | CVD=581656 vs Ref=542308 | Close=434.05 vs VAH=440.30
2026-02-04 13:45:20,043 [INFO]     NSE:BPCL-EQ | CVD=1008041 vs Ref=1362158 | Close=380.15 vs VAH=382.20
2026-02-04 13:45:20,264 [INFO]     NSE:NATIONALUM-EQ | CVD=73937 vs Ref=35952 | Close=374.55 vs VAH=377.55
2026-02-04 13:45:20,496 [INFO]     NSE:EXIDEIND-EQ | CVD=736329 vs Ref=1572747 | Close=340.50 vs VAH=344.25
2026-02-04 13:45:20,722 [INFO]     NSE:ONGC-EQ | CVD=1571204 vs Ref=2488079 | Close=267.40 vs VAH=268.10
2026-02-04 13:45:20,953 [INFO]     NSE:ASHOKLEY-EQ | CVD=616371 vs Ref=931338 | Close=201.65 vs VAH=204.45
2026-02-04 13:45:21,233 [INFO]     NSE:IOC-EQ | CVD=4418973 vs Ref=5567212 | Close=171.52 vs VAH=173.20
2026-02-04 13:46:21,234 [INFO] 🔍 Scanning for alerts on 10 symbols (5min)...
2026-02-04 13:46:21,503 [INFO]     NSE:POLYCAB-EQ | CVD=11992 vs Ref=33384 | Close=7657.00 vs VAH=7626.00
2026-02-04 13:46:21,712 [INFO]     NSE:APLAPOLLO-EQ | CVD=-99348 vs Ref=94426 | Close=2173.00 vs VAH=2162.55
2026-02-04 13:46:21,920 [INFO]     NSE:HINDPETRO-EQ | CVD=1569593 vs Ref=1861852 | Close=458.55 vs VAH=463.95
2026-02-04 13:46:22,154 [INFO]     NSE:COALINDIA-EQ | CVD=583591 vs Ref=542308 | Close=433.70 vs VAH=440.30
2026-02-04 13:46:22,413 [INFO]     NSE:BPCL-EQ | CVD=964570 vs Ref=1362158 | Close=380.15 vs VAH=382.20
2026-02-04 13:46:22,693 [INFO]     NSE:NATIONALUM-EQ | CVD=341135 vs Ref=35952 | Close=374.25 vs VAH=377.55
2026-02-04 13:46:22,971 [INFO]     NSE:EXIDEIND-EQ | CVD=717176 vs Ref=1572747 | Close=340.00 vs VAH=344.25
2026-02-04 13:46:23,225 [INFO]     NSE:ONGC-EQ | CVD=1645316 vs Ref=2488079 | Close=267.75 vs VAH=268.10
2026-02-04 13:46:23,448 [INFO]     NSE:ASHOKLEY-EQ | CVD=607016 vs Ref=931338 | Close=201.75 vs VAH=204.45
2026-02-04 13:46:23,686 [INFO]     NSE:IOC-EQ | CVD=4351471 vs Ref=5567212 | Close=171.42 vs VAH=173.20
2026-02-04 13:47:23,687 [INFO] 🔍 Scanning for alerts on 10 symbols (5min)...
2026-02-04 13:47:23,947 [INFO]     NSE:POLYCAB-EQ | CVD=11992 vs Ref=33384 | Close=7657.00 vs VAH=7626.00
2026-02-04 13:47:24,283 [INFO]     NSE:APLAPOLLO-EQ | CVD=-99348 vs Ref=94426 | Close=2173.00 vs VAH=2162.55
2026-02-04 13:47:24,510 [INFO]     NSE:HINDPETRO-EQ | CVD=1569593 vs Ref=1861852 | Close=458.55 vs VAH=463.95
2026-02-04 13:47:24,750 [INFO]     NSE:COALINDIA-EQ | CVD=583591 vs Ref=542308 | Close=433.70 vs VAH=440.30
2026-02-04 13:47:24,981 [INFO]     NSE:BPCL-EQ | CVD=964570 vs Ref=1362158 | Close=380.15 vs VAH=382.20
2026-02-04 13:47:25,237 [INFO]     NSE:NATIONALUM-EQ | CVD=341135 vs Ref=35952 | Close=374.25 vs VAH=377.55
2026-02-04 13:47:25,476 [INFO]     NSE:EXIDEIND-EQ | CVD=717176 vs Ref=1572747 | Close=340.00 vs VAH=344.25
2026-02-04 13:47:25,698 [INFO]     NSE:ONGC-EQ | CVD=1645316 vs Ref=2488079 | Close=267.75 vs VAH=268.10
2026-02-04 13:47:26,019 [INFO]     NSE:ASHOKLEY-EQ | CVD=607016 vs Ref=931338 | Close=201.75 vs VAH=204.45
2026-02-04 13:47:26,328 [INFO]     NSE:IOC-EQ | CVD=4351471 vs Ref=5567212 | Close=171.42 vs VAH=173.20
2026-02-04 13:48:26,331 [INFO] 🔍 Scanning for alerts on 10 symbols (5min)...
2026-02-04 13:48:26,580 [INFO]     NSE:POLYCAB-EQ | CVD=11992 vs Ref=33384 | Close=7657.00 vs VAH=7626.00
2026-02-04 13:48:26,865 [INFO]     NSE:APLAPOLLO-EQ | CVD=-99348 vs Ref=94426 | Close=2173.00 vs VAH=2162.55
2026-02-04 13:48:27,119 [INFO]     NSE:HINDPETRO-EQ | CVD=1569593 vs Ref=1861852 | Close=458.55 vs VAH=463.95
2026-02-04 13:48:27,391 [INFO]     NSE:COALINDIA-EQ | CVD=583591 vs Ref=542308 | Close=433.70 vs VAH=440.30
2026-02-04 13:48:27,634 [INFO]     NSE:BPCL-EQ | CVD=964570 vs Ref=1362158 | Close=380.15 vs VAH=382.20
2026-02-04 13:48:27,909 [INFO]     NSE:NATIONALUM-EQ | CVD=341135 vs Ref=35952 | Close=374.25 vs VAH=377.55
2026-02-04 13:48:28,184 [INFO]     NSE:EXIDEIND-EQ | CVD=717176 vs Ref=1572747 | Close=340.00 vs VAH=344.25
2026-02-04 13:48:28,435 [INFO]     NSE:ONGC-EQ | CVD=1645316 vs Ref=2488079 | Close=267.75 vs VAH=268.10
2026-02-04 13:48:28,697 [INFO]     NSE:ASHOKLEY-EQ | CVD=607016 vs Ref=931338 | Close=201.75 vs VAH=204.45
2026-02-04 13:48:28,963 [INFO]     NSE:IOC-EQ | CVD=4351471 vs Ref=5567212 | Close=171.42 vs VAH=173.20
2026-02-04 13:49:28,965 [INFO] 🔍 Scanning for alerts on 10 symbols (5min)...
2026-02-04 13:49:29,249 [INFO]     NSE:POLYCAB-EQ | CVD=11992 vs Ref=33384 | Close=7657.00 vs VAH=7626.00
2026-02-04 13:49:29,630 [INFO]     NSE:APLAPOLLO-EQ | CVD=-99348 vs Ref=94426 | Close=2173.00 vs VAH=2162.55
2026-02-04 13:49:29,935 [INFO]     NSE:HINDPETRO-EQ | CVD=1569593 vs Ref=1861852 | Close=458.55 vs VAH=463.95
2026-02-04 13:49:30,188 [INFO]     NSE:COALINDIA-EQ | CVD=583591 vs Ref=542308 | Close=433.70 vs VAH=440.30
2026-02-04 13:49:30,433 [INFO]     NSE:BPCL-EQ | CVD=964570 vs Ref=1362158 | Close=380.15 vs VAH=382.20
2026-02-04 13:49:30,661 [INFO]     NSE:NATIONALUM-EQ | CVD=341135 vs Ref=35952 | Close=374.25 vs VAH=377.55
2026-02-04 13:49:30,911 [INFO]     NSE:EXIDEIND-EQ | CVD=717176 vs Ref=1572747 | Close=340.00 vs VAH=344.25
2026-02-04 13:49:31,179 [INFO]     NSE:ONGC-EQ | CVD=1645316 vs Ref=2488079 | Close=267.75 vs VAH=268.10
2026-02-04 13:49:31,411 [INFO]     NSE:ASHOKLEY-EQ | CVD=607016 vs Ref=931338 | Close=201.75 vs VAH=204.45
2026-02-04 13:49:31,641 [INFO]     NSE:IOC-EQ | CVD=4351471 vs Ref=5567212 | Close=171.42 vs VAH=173.20
2026-02-04 13:50:31,643 [INFO] 🔍 Scanning for alerts on 10 symbols (5min)...
2026-02-04 13:50:31,870 [INFO]     NSE:POLYCAB-EQ | CVD=11992 vs Ref=33384 | Close=7657.00 vs VAH=7626.00
2026-02-04 13:50:32,108 [INFO]     NSE:APLAPOLLO-EQ | CVD=-99348 vs Ref=94426 | Close=2173.00 vs VAH=2162.55
2026-02-04 13:50:32,339 [INFO]     NSE:HINDPETRO-EQ | CVD=1569593 vs Ref=1861852 | Close=458.55 vs VAH=463.95
2026-02-04 13:50:32,608 [INFO]     NSE:COALINDIA-EQ | CVD=583591 vs Ref=542308 | Close=433.70 vs VAH=440.30
2026-02-04 13:50:32,834 [INFO]     NSE:BPCL-EQ | CVD=964570 vs Ref=1362158 | Close=380.15 vs VAH=382.20
2026-02-04 13:50:33,078 [INFO]     NSE:NATIONALUM-EQ | CVD=341135 vs Ref=35952 | Close=374.25 vs VAH=377.55
2026-02-04 13:50:33,349 [INFO]     NSE:EXIDEIND-EQ | CVD=717176 vs Ref=1572747 | Close=340.00 vs VAH=344.25
2026-02-04 13:50:33,614 [INFO]     NSE:ONGC-EQ | CVD=1645316 vs Ref=2488079 | Close=267.75 vs VAH=268.10
2026-02-04 13:50:33,903 [INFO]     NSE:ASHOKLEY-EQ | CVD=607016 vs Ref=931338 | Close=201.75 vs VAH=204.45
2026-02-04 13:50:34,133 [INFO]     NSE:IOC-EQ | CVD=4351471 vs Ref=5567212 | Close=171.42 vs VAH=173.20
2026-02-04 13:51:34,135 [INFO] 🔍 Scanning for alerts on 10 symbols (5min)...
2026-02-04 13:51:34,418 [INFO]     NSE:POLYCAB-EQ | CVD=6752 vs Ref=33384 | Close=7631.00 vs VAH=7626.00
2026-02-04 13:51:34,638 [INFO]     NSE:APLAPOLLO-EQ | CVD=-100130 vs Ref=94426 | Close=2172.90 vs VAH=2162.55
2026-02-04 13:51:34,869 [INFO]     NSE:HINDPETRO-EQ | CVD=1554845 vs Ref=1861852 | Close=458.25 vs VAH=463.95
2026-02-04 13:51:35,094 [INFO]     NSE:COALINDIA-EQ | CVD=551298 vs Ref=542308 | Close=433.00 vs VAH=440.30
2026-02-04 13:51:35,331 [INFO]     NSE:BPCL-EQ | CVD=922488 vs Ref=1362158 | Close=379.75 vs VAH=382.20
2026-02-04 13:51:35,558 [INFO]     NSE:NATIONALUM-EQ | CVD=327993 vs Ref=35952 | Close=373.80 vs VAH=377.55
2026-02-04 13:51:35,794 [INFO]     NSE:EXIDEIND-EQ | CVD=713308 vs Ref=1572747 | Close=339.85 vs VAH=344.25
2026-02-04 13:51:36,019 [INFO]     NSE:ONGC-EQ | CVD=1687197 vs Ref=2488079 | Close=267.45 vs VAH=268.10
2026-02-04 13:51:36,253 [INFO]     NSE:ASHOKLEY-EQ | CVD=573524 vs Ref=931338 | Close=201.57 vs VAH=204.45
2026-02-04 13:51:36,540 [INFO]     NSE:IOC-EQ | CVD=4344359 vs Ref=5567212 | Close=171.34 vs VAH=173.20
2026-02-04 13:52:36,542 [INFO] 🔍 Scanning for alerts on 10 symbols (5min)...
2026-02-04 13:52:36,809 [INFO]     NSE:POLYCAB-EQ | CVD=6752 vs Ref=33384 | Close=7631.00 vs VAH=7626.00
2026-02-04 13:52:37,084 [INFO]     NSE:APLAPOLLO-EQ | CVD=-100130 vs Ref=94426 | Close=2172.90 vs VAH=2162.55
2026-02-04 13:52:37,317 [INFO]     NSE:HINDPETRO-EQ | CVD=1554845 vs Ref=1861852 | Close=458.25 vs VAH=463.95
2026-02-04 13:52:37,567 [INFO]     NSE:COALINDIA-EQ | CVD=551298 vs Ref=542308 | Close=433.00 vs VAH=440.30
2026-02-04 13:52:37,795 [INFO]     NSE:BPCL-EQ | CVD=922488 vs Ref=1362158 | Close=379.75 vs VAH=382.20
2026-02-04 13:52:38,024 [INFO]     NSE:NATIONALUM-EQ | CVD=327993 vs Ref=35952 | Close=373.80 vs VAH=377.55
2026-02-04 13:52:38,262 [INFO]     NSE:EXIDEIND-EQ | CVD=713308 vs Ref=1572747 | Close=339.85 vs VAH=344.25
2026-02-04 13:52:38,528 [INFO]     NSE:ONGC-EQ | CVD=1687197 vs Ref=2488079 | Close=267.45 vs VAH=268.10
2026-02-04 13:52:38,751 [INFO]     NSE:ASHOKLEY-EQ | CVD=573524 vs Ref=931338 | Close=201.57 vs VAH=204.45
2026-02-04 13:52:38,991 [INFO]     NSE:IOC-EQ | CVD=4344359 vs Ref=5567212 | Close=171.34 vs VAH=173.20
2026-02-04 13:53:38,993 [INFO] 🔍 Scanning for alerts on 10 symbols (5min)...
2026-02-04 13:53:39,260 [INFO]     NSE:POLYCAB-EQ | CVD=6752 vs Ref=33384 | Close=7631.00 vs VAH=7626.00
2026-02-04 13:53:39,473 [INFO]     NSE:APLAPOLLO-EQ | CVD=-100130 vs Ref=94426 | Close=2172.90 vs VAH=2162.55
2026-02-04 13:53:39,695 [INFO]     NSE:HINDPETRO-EQ | CVD=1554845 vs Ref=1861852 | Close=458.25 vs VAH=463.95
2026-02-04 13:53:39,920 [INFO]     NSE:COALINDIA-EQ | CVD=551298 vs Ref=542308 | Close=433.00 vs VAH=440.30
2026-02-04 13:53:40,162 [INFO]     NSE:BPCL-EQ | CVD=922488 vs Ref=1362158 | Close=379.75 vs VAH=382.20
2026-02-04 13:53:40,411 [INFO]     NSE:NATIONALUM-EQ | CVD=327993 vs Ref=35952 | Close=373.80 vs VAH=377.55
2026-02-04 13:53:40,656 [INFO]     NSE:EXIDEIND-EQ | CVD=713308 vs Ref=1572747 | Close=339.85 vs VAH=344.25
2026-02-04 13:53:40,916 [INFO]     NSE:ONGC-EQ | CVD=1687197 vs Ref=2488079 | Close=267.45 vs VAH=268.10
2026-02-04 13:53:41,196 [INFO]     NSE:ASHOKLEY-EQ | CVD=573524 vs Ref=931338 | Close=201.57 vs VAH=204.45
2026-02-04 13:53:41,436 [INFO]     NSE:IOC-EQ | CVD=4344359 vs Ref=5567212 | Close=171.34 vs VAH=173.20
2026-02-04 13:54:41,438 [INFO] 🔍 Scanning for alerts on 10 symbols (5min)...
2026-02-04 13:54:41,749 [INFO]     NSE:POLYCAB-EQ | CVD=6752 vs Ref=33384 | Close=7631.00 vs VAH=7626.00
2026-02-04 13:54:42,089 [INFO]     NSE:APLAPOLLO-EQ | CVD=-100130 vs Ref=94426 | Close=2172.90 vs VAH=2162.55
2026-02-04 13:54:42,322 [INFO]     NSE:HINDPETRO-EQ | CVD=1554845 vs Ref=1861852 | Close=458.25 vs VAH=463.95
2026-02-04 13:54:42,593 [INFO]     NSE:COALINDIA-EQ | CVD=551298 vs Ref=542308 | Close=433.00 vs VAH=440.30
2026-02-04 13:54:42,912 [INFO]     NSE:BPCL-EQ | CVD=922488 vs Ref=1362158 | Close=379.75 vs VAH=382.20
2026-02-04 13:54:43,175 [INFO]     NSE:NATIONALUM-EQ | CVD=327993 vs Ref=35952 | Close=373.80 vs VAH=377.55
2026-02-04 13:54:43,520 [INFO]     NSE:EXIDEIND-EQ | CVD=713308 vs Ref=1572747 | Close=339.85 vs VAH=344.25
2026-02-04 13:54:43,825 [INFO]     NSE:ONGC-EQ | CVD=1687197 vs Ref=2488079 | Close=267.45 vs VAH=268.10
2026-02-04 13:54:44,119 [INFO]     NSE:ASHOKLEY-EQ | CVD=573524 vs Ref=931338 | Close=201.57 vs VAH=204.45
2026-02-04 13:54:44,476 [INFO]     NSE:IOC-EQ | CVD=4344359 vs Ref=5567212 | Close=171.34 vs VAH=173.20
2026-02-04 13:55:44,478 [INFO] 🔍 Scanning for alerts on 10 symbols (5min)...
2026-02-04 13:55:44,771 [INFO]     NSE:POLYCAB-EQ | CVD=6752 vs Ref=33384 | Close=7631.00 vs VAH=7626.00
2026-02-04 13:55:46,078 [INFO]     NSE:APLAPOLLO-EQ | CVD=-100130 vs Ref=94426 | Close=2172.90 vs VAH=2162.55
2026-02-04 13:55:46,295 [INFO]     NSE:HINDPETRO-EQ | CVD=1554845 vs Ref=1861852 | Close=458.25 vs VAH=463.95
2026-02-04 13:55:46,582 [INFO]     NSE:COALINDIA-EQ | CVD=551298 vs Ref=542308 | Close=433.00 vs VAH=440.30
2026-02-04 13:55:46,844 [INFO]     NSE:BPCL-EQ | CVD=922488 vs Ref=1362158 | Close=379.75 vs VAH=382.20
2026-02-04 13:55:47,131 [INFO]     NSE:NATIONALUM-EQ | CVD=327993 vs Ref=35952 | Close=373.80 vs VAH=377.55
2026-02-04 13:55:47,426 [INFO]     NSE:EXIDEIND-EQ | CVD=713308 vs Ref=1572747 | Close=339.85 vs VAH=344.25
2026-02-04 13:55:47,672 [INFO]     NSE:ONGC-EQ | CVD=1687197 vs Ref=2488079 | Close=267.45 vs VAH=268.10
2026-02-04 13:55:47,930 [INFO]     NSE:ASHOKLEY-EQ | CVD=573524 vs Ref=931338 | Close=201.57 vs VAH=204.45
2026-02-04 13:55:48,168 [INFO]     NSE:IOC-EQ | CVD=4344359 vs Ref=5567212 | Close=171.34 vs VAH=173.20
2026-02-04 13:56:48,170 [INFO] 🔍 Scanning for alerts on 10 symbols (5min)...
2026-02-04 13:56:48,437 [INFO]     NSE:POLYCAB-EQ | CVD=4797 vs Ref=33384 | Close=7631.50 vs VAH=7626.00
2026-02-04 13:56:48,661 [INFO]     NSE:APLAPOLLO-EQ | CVD=-99180 vs Ref=94426 | Close=2175.00 vs VAH=2162.55
2026-02-04 13:56:48,902 [INFO]     NSE:HINDPETRO-EQ | CVD=1549029 vs Ref=1861852 | Close=458.60 vs VAH=463.95
2026-02-04 13:56:49,158 [INFO]     NSE:COALINDIA-EQ | CVD=636120 vs Ref=542308 | Close=434.05 vs VAH=440.30
2026-02-04 13:56:49,399 [INFO]     NSE:BPCL-EQ | CVD=950506 vs Ref=1362158 | Close=380.70 vs VAH=382.20
2026-02-04 13:56:49,637 [INFO]     NSE:NATIONALUM-EQ | CVD=341536 vs Ref=35952 | Close=374.00 vs VAH=377.55
2026-02-04 13:56:49,884 [INFO]     NSE:EXIDEIND-EQ | CVD=716362 vs Ref=1572747 | Close=339.90 vs VAH=344.25
2026-02-04 13:56:50,119 [INFO]     NSE:ONGC-EQ | CVD=1836697 vs Ref=2488079 | Close=268.25 vs VAH=268.10
2026-02-04 13:56:50,375 [INFO]     NSE:ASHOKLEY-EQ | CVD=515939 vs Ref=931338 | Close=201.67 vs VAH=204.45
2026-02-04 13:56:50,624 [INFO]     NSE:IOC-EQ | CVD=4292381 vs Ref=5567212 | Close=171.43 vs VAH=173.20
2026-02-04 13:57:50,626 [INFO] 🔍 Scanning for alerts on 10 symbols (5min)...
2026-02-04 13:57:51,204 [INFO]     NSE:POLYCAB-EQ | CVD=4797 vs Ref=33384 | Close=7631.50 vs VAH=7626.00
2026-02-04 13:57:52,082 [INFO]     NSE:APLAPOLLO-EQ | CVD=-99180 vs Ref=94426 | Close=2175.00 vs VAH=2162.55
2026-02-04 13:57:53,808 [INFO]     NSE:HINDPETRO-EQ | CVD=1549029 vs Ref=1861852 | Close=458.60 vs VAH=463.95
2026-02-04 13:57:54,226 [INFO]     NSE:COALINDIA-EQ | CVD=636120 vs Ref=542308 | Close=434.05 vs VAH=440.30
2026-02-04 13:57:54,827 [INFO]     NSE:BPCL-EQ | CVD=950506 vs Ref=1362158 | Close=380.70 vs VAH=382.20
2026-02-04 13:57:55,371 [INFO]     NSE:NATIONALUM-EQ | CVD=341536 vs Ref=35952 | Close=374.00 vs VAH=377.55
2026-02-04 13:57:55,731 [INFO]     NSE:EXIDEIND-EQ | CVD=716362 vs Ref=1572747 | Close=339.90 vs VAH=344.25
2026-02-04 13:57:56,069 [INFO]     NSE:ONGC-EQ | CVD=1836697 vs Ref=2488079 | Close=268.25 vs VAH=268.10
2026-02-04 13:57:56,396 [INFO]     NSE:ASHOKLEY-EQ | CVD=515939 vs Ref=931338 | Close=201.67 vs VAH=204.45
2026-02-04 13:57:56,736 [INFO]     NSE:IOC-EQ | CVD=4292381 vs Ref=5567212 | Close=171.43 vs VAH=173.20
2026-02-04 13:58:56,738 [INFO] 🔍 Scanning for alerts on 10 symbols (5min)...
2026-02-04 13:58:57,013 [INFO]     NSE:POLYCAB-EQ | CVD=4797 vs Ref=33384 | Close=7631.50 vs VAH=7626.00
2026-02-04 13:58:57,312 [INFO]     NSE:APLAPOLLO-EQ | CVD=-99180 vs Ref=94426 | Close=2175.00 vs VAH=2162.55
2026-02-04 13:58:57,560 [INFO]     NSE:HINDPETRO-EQ | CVD=1549029 vs Ref=1861852 | Close=458.60 vs VAH=463.95
2026-02-04 13:58:59,557 [INFO]     NSE:COALINDIA-EQ | CVD=636120 vs Ref=542308 | Close=434.05 vs VAH=440.30
2026-02-04 13:58:59,807 [INFO]     NSE:BPCL-EQ | CVD=950506 vs Ref=1362158 | Close=380.70 vs VAH=382.20
2026-02-04 13:59:00,095 [INFO]     NSE:NATIONALUM-EQ | CVD=341536 vs Ref=35952 | Close=374.00 vs VAH=377.55
2026-02-04 13:59:00,346 [INFO]     NSE:EXIDEIND-EQ | CVD=716362 vs Ref=1572747 | Close=339.90 vs VAH=344.25
2026-02-04 13:59:00,608 [INFO]     NSE:ONGC-EQ | CVD=1836697 vs Ref=2488079 | Close=268.25 vs VAH=268.10
2026-02-04 13:59:00,910 [INFO]     NSE:ASHOKLEY-EQ | CVD=515939 vs Ref=931338 | Close=201.67 vs VAH=204.45
2026-02-04 13:59:01,248 [INFO]     NSE:IOC-EQ | CVD=4292381 vs Ref=5567212 | Close=171.43 vs VAH=173.20
2026-02-04 14:00:01,250 [INFO] 🔍 Scanning for alerts on 10 symbols (5min)...
2026-02-04 14:00:02,437 [INFO]     NSE:POLYCAB-EQ | CVD=4797 vs Ref=33384 | Close=7631.50 vs VAH=7626.00
2026-02-04 14:00:02,762 [INFO]     NSE:APLAPOLLO-EQ | CVD=-99180 vs Ref=94426 | Close=2175.00 vs VAH=2162.55
2026-02-04 14:00:03,057 [INFO]     NSE:HINDPETRO-EQ | CVD=1549029 vs Ref=1861852 | Close=458.60 vs VAH=463.95
2026-02-04 14:00:03,387 [INFO]     NSE:COALINDIA-EQ | CVD=636120 vs Ref=542308 | Close=434.05 vs VAH=440.30
2026-02-04 14:00:03,709 [INFO]     NSE:BPCL-EQ | CVD=950506 vs Ref=1362158 | Close=380.70 vs VAH=382.20
2026-02-04 14:00:04,049 [INFO]     NSE:NATIONALUM-EQ | CVD=341536 vs Ref=35952 | Close=374.00 vs VAH=377.55
2026-02-04 14:00:04,391 [INFO]     NSE:EXIDEIND-EQ | CVD=716362 vs Ref=1572747 | Close=339.90 vs VAH=344.25
2026-02-04 14:00:04,641 [INFO]     NSE:ONGC-EQ | CVD=1836697 vs Ref=2488079 | Close=268.25 vs VAH=268.10
2026-02-04 14:00:04,924 [INFO]     NSE:ASHOKLEY-EQ | CVD=515939 vs Ref=931338 | Close=201.67 vs VAH=204.45
2026-02-04 14:00:05,187 [INFO]     NSE:IOC-EQ | CVD=4292381 vs Ref=5567212 | Close=171.43 vs VAH=173.20
2026-02-04 14:01:05,188 [INFO] 🔍 Scanning for alerts on 10 symbols (5min)...
2026-02-04 14:01:05,445 [INFO]     NSE:POLYCAB-EQ | CVD=2515 vs Ref=33384 | Close=7637.00 vs VAH=7626.00
2026-02-04 14:01:05,680 [INFO]     NSE:APLAPOLLO-EQ | CVD=-103321 vs Ref=94426 | Close=2173.00 vs VAH=2162.55
2026-02-04 14:01:05,914 [INFO]     NSE:HINDPETRO-EQ | CVD=1542724 vs Ref=1861852 | Close=458.45 vs VAH=463.95
2026-02-04 14:01:06,219 [INFO]     NSE:COALINDIA-EQ | CVD=631260 vs Ref=542308 | Close=433.80 vs VAH=440.30
2026-02-04 14:01:06,526 [INFO]     NSE:BPCL-EQ | CVD=964815 vs Ref=1362158 | Close=380.65 vs VAH=382.20
2026-02-04 14:01:06,762 [INFO]     NSE:NATIONALUM-EQ | CVD=422314 vs Ref=35952 | Close=374.05 vs VAH=377.55
2026-02-04 14:01:07,014 [INFO]     NSE:EXIDEIND-EQ | CVD=721662 vs Ref=1572747 | Close=340.35 vs VAH=344.25
2026-02-04 14:01:07,262 [INFO]     NSE:ONGC-EQ | CVD=1801012 vs Ref=2488079 | Close=268.10 vs VAH=268.10
2026-02-04 14:01:07,555 [INFO]     NSE:ASHOKLEY-EQ | CVD=466274 vs Ref=931338 | Close=201.57 vs VAH=204.45
2026-02-04 14:01:07,809 [INFO]     NSE:IOC-EQ | CVD=4277062 vs Ref=5567212 | Close=171.38 vs VAH=173.20
2026-02-04 14:02:07,811 [INFO] 🔍 Scanning for alerts on 10 symbols (5min)...
2026-02-04 14:02:08,119 [INFO]     NSE:POLYCAB-EQ | CVD=2515 vs Ref=33384 | Close=7637.00 vs VAH=7626.00
2026-02-04 14:02:08,370 [INFO]     NSE:APLAPOLLO-EQ | CVD=-103321 vs Ref=94426 | Close=2173.00 vs VAH=2162.55
2026-02-04 14:02:08,607 [INFO]     NSE:HINDPETRO-EQ | CVD=1542724 vs Ref=1861852 | Close=458.45 vs VAH=463.95
2026-02-04 14:02:08,870 [INFO]     NSE:COALINDIA-EQ | CVD=631260 vs Ref=542308 | Close=433.80 vs VAH=440.30
2026-02-04 14:02:09,107 [INFO]     NSE:BPCL-EQ | CVD=964815 vs Ref=1362158 | Close=380.65 vs VAH=382.20
2026-02-04 14:02:09,336 [INFO]     NSE:NATIONALUM-EQ | CVD=422314 vs Ref=35952 | Close=374.05 vs VAH=377.55
2026-02-04 14:02:09,578 [INFO]     NSE:EXIDEIND-EQ | CVD=721662 vs Ref=1572747 | Close=340.35 vs VAH=344.25
2026-02-04 14:02:09,819 [INFO]     NSE:ONGC-EQ | CVD=1801012 vs Ref=2488079 | Close=268.10 vs VAH=268.10
2026-02-04 14:02:10,062 [INFO]     NSE:ASHOKLEY-EQ | CVD=466274 vs Ref=931338 | Close=201.57 vs VAH=204.45
2026-02-04 14:02:10,307 [INFO]     NSE:IOC-EQ | CVD=4277062 vs Ref=5567212 | Close=171.38 vs VAH=173.20
2026-02-04 14:03:10,309 [INFO] 🔍 Scanning for alerts on 10 symbols (5min)...
2026-02-04 14:03:10,545 [INFO]     NSE:POLYCAB-EQ | CVD=2515 vs Ref=33384 | Close=7637.00 vs VAH=7626.00
2026-02-04 14:03:10,822 [INFO]     NSE:APLAPOLLO-EQ | CVD=-103321 vs Ref=94426 | Close=2173.00 vs VAH=2162.55
2026-02-04 14:03:11,089 [INFO]     NSE:HINDPETRO-EQ | CVD=1542724 vs Ref=1861852 | Close=458.45 vs VAH=463.95
2026-02-04 14:03:11,334 [INFO]     NSE:COALINDIA-EQ | CVD=631260 vs Ref=542308 | Close=433.80 vs VAH=440.30
2026-02-04 14:03:11,567 [INFO]     NSE:BPCL-EQ | CVD=964815 vs Ref=1362158 | Close=380.65 vs VAH=382.20
2026-02-04 14:03:11,815 [INFO]     NSE:NATIONALUM-EQ | CVD=422314 vs Ref=35952 | Close=374.05 vs VAH=377.55
2026-02-04 14:03:12,091 [INFO]     NSE:EXIDEIND-EQ | CVD=721662 vs Ref=1572747 | Close=340.35 vs VAH=344.25
2026-02-04 14:03:12,314 [INFO]     NSE:ONGC-EQ | CVD=1801012 vs Ref=2488079 | Close=268.10 vs VAH=268.10
2026-02-04 14:03:12,558 [INFO]     NSE:ASHOKLEY-EQ | CVD=466274 vs Ref=931338 | Close=201.57 vs VAH=204.45
2026-02-04 14:03:12,802 [INFO]     NSE:IOC-EQ | CVD=4277062 vs Ref=5567212 | Close=171.38 vs VAH=173.20
2026-02-04 14:04:12,804 [INFO] 🔍 Scanning for alerts on 10 symbols (5min)...
2026-02-04 14:04:13,074 [INFO]     NSE:POLYCAB-EQ | CVD=2515 vs Ref=33384 | Close=7637.00 vs VAH=7626.00
2026-02-04 14:04:13,311 [INFO]     NSE:APLAPOLLO-EQ | CVD=-103321 vs Ref=94426 | Close=2173.00 vs VAH=2162.55
2026-02-04 14:04:13,556 [INFO]     NSE:HINDPETRO-EQ | CVD=1542724 vs Ref=1861852 | Close=458.45 vs VAH=463.95
2026-02-04 14:04:13,789 [INFO]     NSE:COALINDIA-EQ | CVD=631260 vs Ref=542308 | Close=433.80 vs VAH=440.30
2026-02-04 14:04:14,040 [INFO]     NSE:BPCL-EQ | CVD=964815 vs Ref=1362158 | Close=380.65 vs VAH=382.20
2026-02-04 14:04:14,281 [INFO]     NSE:NATIONALUM-EQ | CVD=422314 vs Ref=35952 | Close=374.05 vs VAH=377.55
2026-02-04 14:04:14,561 [INFO]     NSE:EXIDEIND-EQ | CVD=721662 vs Ref=1572747 | Close=340.35 vs VAH=344.25
2026-02-04 14:04:14,794 [INFO]     NSE:ONGC-EQ | CVD=1801012 vs Ref=2488079 | Close=268.10 vs VAH=268.10
2026-02-04 14:04:15,087 [INFO]     NSE:ASHOKLEY-EQ | CVD=466274 vs Ref=931338 | Close=201.57 vs VAH=204.45
2026-02-04 14:04:15,340 [INFO]     NSE:IOC-EQ | CVD=4277062 vs Ref=5567212 | Close=171.38 vs VAH=173.20
2026-02-04 14:05:15,343 [INFO] 🔍 Scanning for alerts on 10 symbols (5min)...
2026-02-04 14:05:15,583 [INFO]     NSE:POLYCAB-EQ | CVD=2515 vs Ref=33384 | Close=7637.00 vs VAH=7626.00
2026-02-04 14:05:15,842 [INFO]     NSE:APLAPOLLO-EQ | CVD=-103321 vs Ref=94426 | Close=2173.00 vs VAH=2162.55
2026-02-04 14:05:16,131 [INFO]     NSE:HINDPETRO-EQ | CVD=1542724 vs Ref=1861852 | Close=458.45 vs VAH=463.95
2026-02-04 14:05:16,430 [INFO]     NSE:COALINDIA-EQ | CVD=631260 vs Ref=542308 | Close=433.80 vs VAH=440.30
2026-02-04 14:05:16,676 [INFO]     NSE:BPCL-EQ | CVD=964815 vs Ref=1362158 | Close=380.65 vs VAH=382.20
2026-02-04 14:05:16,888 [INFO]     NSE:NATIONALUM-EQ | CVD=422314 vs Ref=35952 | Close=374.05 vs VAH=377.55
2026-02-04 14:05:17,132 [INFO]     NSE:EXIDEIND-EQ | CVD=721662 vs Ref=1572747 | Close=340.35 vs VAH=344.25
2026-02-04 14:05:17,412 [INFO]     NSE:ONGC-EQ | CVD=1801012 vs Ref=2488079 | Close=268.10 vs VAH=268.10
2026-02-04 14:05:17,657 [INFO]     NSE:ASHOKLEY-EQ | CVD=466274 vs Ref=931338 | Close=201.57 vs VAH=204.45
2026-02-04 14:05:17,895 [INFO]     NSE:IOC-EQ | CVD=4277062 vs Ref=5567212 | Close=171.38 vs VAH=173.20
2026-02-04 14:06:17,898 [INFO] 🔍 Scanning for alerts on 10 symbols (5min)...
2026-02-04 14:06:18,139 [INFO]     NSE:POLYCAB-EQ | CVD=1999 vs Ref=33384 | Close=7639.50 vs VAH=7626.00
2026-02-04 14:06:18,401 [INFO]     NSE:APLAPOLLO-EQ | CVD=-93319 vs Ref=94426 | Close=2174.00 vs VAH=2162.55
2026-02-04 14:06:18,657 [INFO]     NSE:HINDPETRO-EQ | CVD=1533310 vs Ref=1861852 | Close=458.60 vs VAH=463.95
2026-02-04 14:06:18,925 [INFO]     NSE:COALINDIA-EQ | CVD=646228 vs Ref=542308 | Close=433.80 vs VAH=440.30
2026-02-04 14:06:19,168 [INFO]     NSE:BPCL-EQ | CVD=1007678 vs Ref=1362158 | Close=381.00 vs VAH=382.20
2026-02-04 14:06:19,444 [INFO]     NSE:NATIONALUM-EQ | CVD=413526 vs Ref=35952 | Close=373.90 vs VAH=377.55
2026-02-04 14:06:19,682 [INFO]     NSE:EXIDEIND-EQ | CVD=703641 vs Ref=1572747 | Close=340.35 vs VAH=344.25
2026-02-04 14:06:19,945 [INFO]     NSE:ONGC-EQ | CVD=1794050 vs Ref=2488079 | Close=268.15 vs VAH=268.10
2026-02-04 14:06:20,215 [INFO]     NSE:ASHOKLEY-EQ | CVD=382030 vs Ref=931338 | Close=201.17 vs VAH=204.45
2026-02-04 14:06:20,463 [INFO]     NSE:IOC-EQ | CVD=4294172 vs Ref=5567212 | Close=171.61 vs VAH=173.20
2026-02-04 14:07:20,465 [INFO] 🔍 Scanning for alerts on 10 symbols (5min)...
2026-02-04 14:07:20,725 [INFO]     NSE:POLYCAB-EQ | CVD=1999 vs Ref=33384 | Close=7639.50 vs VAH=7626.00
2026-02-04 14:07:20,973 [INFO]     NSE:APLAPOLLO-EQ | CVD=-93319 vs Ref=94426 | Close=2174.00 vs VAH=2162.55
2026-02-04 14:07:21,206 [INFO]     NSE:HINDPETRO-EQ | CVD=1533310 vs Ref=1861852 | Close=458.60 vs VAH=463.95
2026-02-04 14:07:21,478 [INFO]     NSE:COALINDIA-EQ | CVD=646228 vs Ref=542308 | Close=433.80 vs VAH=440.30
2026-02-04 14:07:21,753 [INFO]     NSE:BPCL-EQ | CVD=1007678 vs Ref=1362158 | Close=381.00 vs VAH=382.20
2026-02-04 14:07:21,996 [INFO]     NSE:NATIONALUM-EQ | CVD=413526 vs Ref=35952 | Close=373.90 vs VAH=377.55
2026-02-04 14:07:22,271 [INFO]     NSE:EXIDEIND-EQ | CVD=703641 vs Ref=1572747 | Close=340.35 vs VAH=344.25
2026-02-04 14:07:22,508 [INFO]     NSE:ONGC-EQ | CVD=1794050 vs Ref=2488079 | Close=268.15 vs VAH=268.10
2026-02-04 14:07:22,774 [INFO]     NSE:ASHOKLEY-EQ | CVD=382030 vs Ref=931338 | Close=201.17 vs VAH=204.45
2026-02-04 14:07:23,032 [INFO]     NSE:IOC-EQ | CVD=4294172 vs Ref=5567212 | Close=171.61 vs VAH=173.20
2026-02-04 14:08:23,035 [INFO] 🔍 Scanning for alerts on 10 symbols (5min)...
2026-02-04 14:08:23,273 [INFO]     NSE:POLYCAB-EQ | CVD=1999 vs Ref=33384 | Close=7639.50 vs VAH=7626.00
2026-02-04 14:08:23,519 [INFO]     NSE:APLAPOLLO-EQ | CVD=-93319 vs Ref=94426 | Close=2174.00 vs VAH=2162.55
2026-02-04 14:08:23,748 [INFO]     NSE:HINDPETRO-EQ | CVD=1533310 vs Ref=1861852 | Close=458.60 vs VAH=463.95
2026-02-04 14:08:24,006 [INFO]     NSE:COALINDIA-EQ | CVD=646228 vs Ref=542308 | Close=433.80 vs VAH=440.30
2026-02-04 14:08:24,215 [INFO]     NSE:BPCL-EQ | CVD=1007678 vs Ref=1362158 | Close=381.00 vs VAH=382.20
2026-02-04 14:08:24,454 [INFO]     NSE:NATIONALUM-EQ | CVD=413526 vs Ref=35952 | Close=373.90 vs VAH=377.55
2026-02-04 14:08:24,696 [INFO]     NSE:EXIDEIND-EQ | CVD=703641 vs Ref=1572747 | Close=340.35 vs VAH=344.25
2026-02-04 14:08:24,933 [INFO]     NSE:ONGC-EQ | CVD=1794050 vs Ref=2488079 | Close=268.15 vs VAH=268.10
2026-02-04 14:08:25,178 [INFO]     NSE:ASHOKLEY-EQ | CVD=382030 vs Ref=931338 | Close=201.17 vs VAH=204.45
2026-02-04 14:08:25,433 [INFO]     NSE:IOC-EQ | CVD=4294172 vs Ref=5567212 | Close=171.61 vs VAH=173.20
2026-02-04 14:09:25,434 [INFO] 🔍 Scanning for alerts on 10 symbols (5min)...
2026-02-04 14:09:25,704 [INFO]     NSE:POLYCAB-EQ | CVD=1999 vs Ref=33384 | Close=7639.50 vs VAH=7626.00
2026-02-04 14:09:25,915 [INFO]     NSE:APLAPOLLO-EQ | CVD=-93319 vs Ref=94426 | Close=2174.00 vs VAH=2162.55
2026-02-04 14:09:26,273 [INFO]     NSE:HINDPETRO-EQ | CVD=1533310 vs Ref=1861852 | Close=458.60 vs VAH=463.95
2026-02-04 14:09:26,565 [INFO]     NSE:COALINDIA-EQ | CVD=646228 vs Ref=542308 | Close=433.80 vs VAH=440.30
2026-02-04 14:09:26,808 [INFO]     NSE:BPCL-EQ | CVD=1007678 vs Ref=1362158 | Close=381.00 vs VAH=382.20
2026-02-04 14:09:27,044 [INFO]     NSE:NATIONALUM-EQ | CVD=413526 vs Ref=35952 | Close=373.90 vs VAH=377.55
2026-02-04 14:09:27,323 [INFO]     NSE:EXIDEIND-EQ | CVD=703641 vs Ref=1572747 | Close=340.35 vs VAH=344.25
2026-02-04 14:09:27,626 [INFO]     NSE:ONGC-EQ | CVD=1794050 vs Ref=2488079 | Close=268.15 vs VAH=268.10
2026-02-04 14:09:27,901 [INFO]     NSE:ASHOKLEY-EQ | CVD=382030 vs Ref=931338 | Close=201.17 vs VAH=204.45
2026-02-04 14:09:28,202 [INFO]     NSE:IOC-EQ | CVD=4294172 vs Ref=5567212 | Close=171.61 vs VAH=173.20
2026-02-04 14:10:28,204 [INFO] 🔍 Scanning for alerts on 10 symbols (5min)...
2026-02-04 14:10:28,477 [INFO]     NSE:POLYCAB-EQ | CVD=1999 vs Ref=33384 | Close=7639.50 vs VAH=7626.00
2026-02-04 14:10:28,767 [INFO]     NSE:APLAPOLLO-EQ | CVD=-93319 vs Ref=94426 | Close=2174.00 vs VAH=2162.55
2026-02-04 14:10:29,038 [INFO]     NSE:HINDPETRO-EQ | CVD=1533310 vs Ref=1861852 | Close=458.60 vs VAH=463.95
2026-02-04 14:10:29,307 [INFO]     NSE:COALINDIA-EQ | CVD=646228 vs Ref=542308 | Close=433.80 vs VAH=440.30
2026-02-04 14:10:29,637 [INFO]     NSE:BPCL-EQ | CVD=1007678 vs Ref=1362158 | Close=381.00 vs VAH=382.20
2026-02-04 14:10:29,902 [INFO]     NSE:NATIONALUM-EQ | CVD=413526 vs Ref=35952 | Close=373.90 vs VAH=377.55
2026-02-04 14:10:30,182 [INFO]     NSE:EXIDEIND-EQ | CVD=703641 vs Ref=1572747 | Close=340.35 vs VAH=344.25
2026-02-04 14:10:30,410 [INFO]     NSE:ONGC-EQ | CVD=1794050 vs Ref=2488079 | Close=268.15 vs VAH=268.10
2026-02-04 14:10:30,708 [INFO]     NSE:ASHOKLEY-EQ | CVD=382030 vs Ref=931338 | Close=201.17 vs VAH=204.45
2026-02-04 14:10:30,949 [INFO]     NSE:IOC-EQ | CVD=4294172 vs Ref=5567212 | Close=171.61 vs VAH=173.20
2026-02-04 14:11:30,951 [INFO] 🔍 Scanning for alerts on 10 symbols (5min)...
2026-02-04 14:11:31,186 [INFO]     NSE:POLYCAB-EQ | CVD=813 vs Ref=33384 | Close=7641.00 vs VAH=7626.00
2026-02-04 14:11:31,451 [INFO]     NSE:APLAPOLLO-EQ | CVD=-88655 vs Ref=94426 | Close=2173.90 vs VAH=2162.55
2026-02-04 14:11:31,665 [INFO]     NSE:HINDPETRO-EQ | CVD=1510440 vs Ref=1861852 | Close=458.45 vs VAH=463.95
2026-02-04 14:11:31,904 [INFO]     NSE:COALINDIA-EQ | CVD=679689 vs Ref=542308 | Close=434.05 vs VAH=440.30
2026-02-04 14:11:32,142 [INFO]     NSE:BPCL-EQ | CVD=996920 vs Ref=1362158 | Close=381.10 vs VAH=382.20
2026-02-04 14:11:32,381 [INFO]     NSE:NATIONALUM-EQ | CVD=393455 vs Ref=35952 | Close=373.90 vs VAH=377.55
2026-02-04 14:11:32,618 [INFO]     NSE:EXIDEIND-EQ | CVD=701362 vs Ref=1572747 | Close=340.15 vs VAH=344.25
2026-02-04 14:11:32,896 [INFO]     NSE:ONGC-EQ | CVD=1851851 vs Ref=2488079 | Close=268.20 vs VAH=268.10
2026-02-04 14:11:33,144 [INFO]     NSE:ASHOKLEY-EQ | CVD=330772 vs Ref=931338 | Close=201.10 vs VAH=204.45
2026-02-04 14:11:33,376 [INFO]     NSE:IOC-EQ | CVD=4369510 vs Ref=5567212 | Close=171.90 vs VAH=173.20
2026-02-04 14:12:33,378 [INFO] 🔍 Scanning for alerts on 10 symbols (5min)...
2026-02-04 14:12:33,646 [INFO]     NSE:POLYCAB-EQ | CVD=813 vs Ref=33384 | Close=7641.00 vs VAH=7626.00
2026-02-04 14:12:33,905 [INFO]     NSE:APLAPOLLO-EQ | CVD=-88655 vs Ref=94426 | Close=2173.90 vs VAH=2162.55
2026-02-04 14:12:34,150 [INFO]     NSE:HINDPETRO-EQ | CVD=1510440 vs Ref=1861852 | Close=458.45 vs VAH=463.95
2026-02-04 14:12:34,393 [INFO]     NSE:COALINDIA-EQ | CVD=679689 vs Ref=542308 | Close=434.05 vs VAH=440.30
2026-02-04 14:12:34,644 [INFO]     NSE:BPCL-EQ | CVD=996920 vs Ref=1362158 | Close=381.10 vs VAH=382.20
2026-02-04 14:12:34,880 [INFO]     NSE:NATIONALUM-EQ | CVD=393455 vs Ref=35952 | Close=373.90 vs VAH=377.55
2026-02-04 14:12:35,147 [INFO]     NSE:EXIDEIND-EQ | CVD=701362 vs Ref=1572747 | Close=340.15 vs VAH=344.25
2026-02-04 14:12:35,375 [INFO]     NSE:ONGC-EQ | CVD=1851851 vs Ref=2488079 | Close=268.20 vs VAH=268.10
2026-02-04 14:12:35,623 [INFO]     NSE:ASHOKLEY-EQ | CVD=330772 vs Ref=931338 | Close=201.10 vs VAH=204.45
2026-02-04 14:12:35,926 [INFO]     NSE:IOC-EQ | CVD=4369510 vs Ref=5567212 | Close=171.90 vs VAH=173.20
2026-02-04 14:13:35,929 [INFO] 🔍 Scanning for alerts on 10 symbols (5min)...
2026-02-04 14:13:36,178 [INFO]     NSE:POLYCAB-EQ | CVD=813 vs Ref=33384 | Close=7641.00 vs VAH=7626.00
2026-02-04 14:13:36,418 [INFO]     NSE:APLAPOLLO-EQ | CVD=-88655 vs Ref=94426 | Close=2173.90 vs VAH=2162.55
2026-02-04 14:13:36,648 [INFO]     NSE:HINDPETRO-EQ | CVD=1510440 vs Ref=1861852 | Close=458.45 vs VAH=463.95
2026-02-04 14:13:36,895 [INFO]     NSE:COALINDIA-EQ | CVD=679689 vs Ref=542308 | Close=434.05 vs VAH=440.30
2026-02-04 14:13:37,155 [INFO]     NSE:BPCL-EQ | CVD=996920 vs Ref=1362158 | Close=381.10 vs VAH=382.20
2026-02-04 14:13:37,421 [INFO]     NSE:NATIONALUM-EQ | CVD=393455 vs Ref=35952 | Close=373.90 vs VAH=377.55
2026-02-04 14:13:37,665 [INFO]     NSE:EXIDEIND-EQ | CVD=701362 vs Ref=1572747 | Close=340.15 vs VAH=344.25
2026-02-04 14:13:37,912 [INFO]     NSE:ONGC-EQ | CVD=1851851 vs Ref=2488079 | Close=268.20 vs VAH=268.10
2026-02-04 14:13:38,171 [INFO]     NSE:ASHOKLEY-EQ | CVD=330772 vs Ref=931338 | Close=201.10 vs VAH=204.45
2026-02-04 14:13:38,429 [INFO]     NSE:IOC-EQ | CVD=4369510 vs Ref=5567212 | Close=171.90 vs VAH=173.20
2026-02-04 14:14:38,430 [INFO] 🔍 Scanning for alerts on 10 symbols (5min)...
2026-02-04 14:14:38,655 [INFO]     NSE:POLYCAB-EQ | CVD=813 vs Ref=33384 | Close=7641.00 vs VAH=7626.00
2026-02-04 14:14:38,933 [INFO]     NSE:APLAPOLLO-EQ | CVD=-88655 vs Ref=94426 | Close=2173.90 vs VAH=2162.55
2026-02-04 14:14:39,146 [INFO]     NSE:HINDPETRO-EQ | CVD=1510440 vs Ref=1861852 | Close=458.45 vs VAH=463.95
2026-02-04 14:14:39,388 [INFO]     NSE:COALINDIA-EQ | CVD=679689 vs Ref=542308 | Close=434.05 vs VAH=440.30
2026-02-04 14:14:39,633 [INFO]     NSE:BPCL-EQ | CVD=996920 vs Ref=1362158 | Close=381.10 vs VAH=382.20
2026-02-04 14:14:39,861 [INFO]     NSE:NATIONALUM-EQ | CVD=393455 vs Ref=35952 | Close=373.90 vs VAH=377.55
2026-02-04 14:14:40,133 [INFO]     NSE:EXIDEIND-EQ | CVD=701362 vs Ref=1572747 | Close=340.15 vs VAH=344.25
2026-02-04 14:14:40,393 [INFO]     NSE:ONGC-EQ | CVD=1851851 vs Ref=2488079 | Close=268.20 vs VAH=268.10
2026-02-04 14:14:40,668 [INFO]     NSE:ASHOKLEY-EQ | CVD=330772 vs Ref=931338 | Close=201.10 vs VAH=204.45
2026-02-04 14:14:40,932 [INFO]     NSE:IOC-EQ | CVD=4369510 vs Ref=5567212 | Close=171.90 vs VAH=173.20
2026-02-04 14:15:40,933 [INFO] 🔍 Scanning for alerts on 10 symbols (5min)...
2026-02-04 14:15:41,159 [INFO]     NSE:POLYCAB-EQ | CVD=813 vs Ref=33384 | Close=7641.00 vs VAH=7626.00
2026-02-04 14:15:41,400 [INFO]     NSE:APLAPOLLO-EQ | CVD=-88655 vs Ref=94426 | Close=2173.90 vs VAH=2162.55
2026-02-04 14:15:41,631 [INFO]     NSE:HINDPETRO-EQ | CVD=1510440 vs Ref=1861852 | Close=458.45 vs VAH=463.95
2026-02-04 14:15:41,870 [INFO]     NSE:COALINDIA-EQ | CVD=679689 vs Ref=542308 | Close=434.05 vs VAH=440.30
2026-02-04 14:15:42,104 [INFO]     NSE:BPCL-EQ | CVD=996920 vs Ref=1362158 | Close=381.10 vs VAH=382.20
2026-02-04 14:15:42,338 [INFO]     NSE:NATIONALUM-EQ | CVD=393455 vs Ref=35952 | Close=373.90 vs VAH=377.55
2026-02-04 14:15:42,572 [INFO]     NSE:EXIDEIND-EQ | CVD=701362 vs Ref=1572747 | Close=340.15 vs VAH=344.25
2026-02-04 14:15:42,793 [INFO]     NSE:ONGC-EQ | CVD=1851851 vs Ref=2488079 | Close=268.20 vs VAH=268.10
2026-02-04 14:15:43,026 [INFO]     NSE:ASHOKLEY-EQ | CVD=330772 vs Ref=931338 | Close=201.10 vs VAH=204.45
2026-02-04 14:15:43,262 [INFO]     NSE:IOC-EQ | CVD=4369510 vs Ref=5567212 | Close=171.90 vs VAH=173.20
2026-02-04 14:16:43,264 [INFO] 🔍 Scanning for alerts on 10 symbols (5min)...
2026-02-04 14:16:43,496 [INFO]     NSE:POLYCAB-EQ | CVD=359 vs Ref=33384 | Close=7644.00 vs VAH=7626.00
2026-02-04 14:16:43,731 [INFO]     NSE:APLAPOLLO-EQ | CVD=-85651 vs Ref=94426 | Close=2174.10 vs VAH=2162.55
2026-02-04 14:16:43,961 [INFO]     NSE:HINDPETRO-EQ | CVD=1517866 vs Ref=1861852 | Close=458.90 vs VAH=463.95
2026-02-04 14:16:44,189 [INFO]     NSE:COALINDIA-EQ | CVD=725290 vs Ref=542308 | Close=434.80 vs VAH=440.30
2026-02-04 14:16:44,462 [INFO]     NSE:BPCL-EQ | CVD=992521 vs Ref=1362158 | Close=381.60 vs VAH=382.20
2026-02-04 14:16:44,695 [INFO]     NSE:NATIONALUM-EQ | CVD=451873 vs Ref=35952 | Close=374.65 vs VAH=377.55
2026-02-04 14:16:44,930 [INFO]     NSE:EXIDEIND-EQ | CVD=722854 vs Ref=1572747 | Close=340.80 vs VAH=344.25
2026-02-04 14:16:45,196 [INFO]     NSE:ONGC-EQ | CVD=1880969 vs Ref=2488079 | Close=268.70 vs VAH=268.10
2026-02-04 14:16:45,428 [INFO]     NSE:ASHOKLEY-EQ | CVD=337751 vs Ref=931338 | Close=201.20 vs VAH=204.45
2026-02-04 14:16:45,679 [INFO]     NSE:IOC-EQ | CVD=4601516 vs Ref=5567212 | Close=171.88 vs VAH=173.20
2026-02-04 14:17:45,681 [INFO] 🔍 Scanning for alerts on 10 symbols (5min)...
2026-02-04 14:17:45,914 [INFO]     NSE:POLYCAB-EQ | CVD=359 vs Ref=33384 | Close=7644.00 vs VAH=7626.00
2026-02-04 14:17:47,797 [INFO]     NSE:APLAPOLLO-EQ | CVD=-85651 vs Ref=94426 | Close=2174.10 vs VAH=2162.55
2026-02-04 14:17:48,065 [INFO]     NSE:HINDPETRO-EQ | CVD=1517866 vs Ref=1861852 | Close=458.90 vs VAH=463.95
2026-02-04 14:17:48,279 [INFO]     NSE:COALINDIA-EQ | CVD=725290 vs Ref=542308 | Close=434.80 vs VAH=440.30
2026-02-04 14:17:48,507 [INFO]     NSE:BPCL-EQ | CVD=992521 vs Ref=1362158 | Close=381.60 vs VAH=382.20
2026-02-04 14:17:48,762 [INFO]     NSE:NATIONALUM-EQ | CVD=451873 vs Ref=35952 | Close=374.65 vs VAH=377.55
2026-02-04 14:17:49,023 [INFO]     NSE:EXIDEIND-EQ | CVD=722854 vs Ref=1572747 | Close=340.80 vs VAH=344.25
2026-02-04 14:17:49,313 [INFO]     NSE:ONGC-EQ | CVD=1880969 vs Ref=2488079 | Close=268.70 vs VAH=268.10
2026-02-04 14:17:49,656 [INFO]     NSE:ASHOKLEY-EQ | CVD=337751 vs Ref=931338 | Close=201.20 vs VAH=204.45
2026-02-04 14:17:50,094 [INFO]     NSE:IOC-EQ | CVD=4601516 vs Ref=5567212 | Close=171.88 vs VAH=173.20
2026-02-04 14:18:50,095 [INFO] 🔍 Scanning for alerts on 10 symbols (5min)...
2026-02-04 14:18:50,366 [INFO]     NSE:POLYCAB-EQ | CVD=359 vs Ref=33384 | Close=7644.00 vs VAH=7626.00
2026-02-04 14:18:51,948 [INFO]     NSE:APLAPOLLO-EQ | CVD=-85651 vs Ref=94426 | Close=2174.10 vs VAH=2162.55
2026-02-04 14:18:52,169 [INFO]     NSE:HINDPETRO-EQ | CVD=1517866 vs Ref=1861852 | Close=458.90 vs VAH=463.95
2026-02-04 14:18:52,413 [INFO]     NSE:COALINDIA-EQ | CVD=725290 vs Ref=542308 | Close=434.80 vs VAH=440.30
2026-02-04 14:18:52,670 [INFO]     NSE:BPCL-EQ | CVD=992521 vs Ref=1362158 | Close=381.60 vs VAH=382.20
2026-02-04 14:18:52,896 [INFO]     NSE:NATIONALUM-EQ | CVD=451873 vs Ref=35952 | Close=374.65 vs VAH=377.55
2026-02-04 14:18:53,131 [INFO]     NSE:EXIDEIND-EQ | CVD=722854 vs Ref=1572747 | Close=340.80 vs VAH=344.25
2026-02-04 14:18:53,354 [INFO]     NSE:ONGC-EQ | CVD=1880969 vs Ref=2488079 | Close=268.70 vs VAH=268.10
2026-02-04 14:18:53,597 [INFO]     NSE:ASHOKLEY-EQ | CVD=337751 vs Ref=931338 | Close=201.20 vs VAH=204.45
2026-02-04 14:18:53,832 [INFO]     NSE:IOC-EQ | CVD=4601516 vs Ref=5567212 | Close=171.88 vs VAH=173.20
2026-02-04 14:19:53,833 [INFO] 🔍 Scanning for alerts on 10 symbols (5min)...
2026-02-04 14:19:54,119 [INFO]     NSE:POLYCAB-EQ | CVD=359 vs Ref=33384 | Close=7644.00 vs VAH=7626.00
2026-02-04 14:19:54,416 [INFO]     NSE:APLAPOLLO-EQ | CVD=-85651 vs Ref=94426 | Close=2174.10 vs VAH=2162.55
2026-02-04 14:19:54,662 [INFO]     NSE:HINDPETRO-EQ | CVD=1517866 vs Ref=1861852 | Close=458.90 vs VAH=463.95
2026-02-04 14:19:56,433 [INFO]     NSE:COALINDIA-EQ | CVD=725290 vs Ref=542308 | Close=434.80 vs VAH=440.30
2026-02-04 14:19:56,661 [INFO]     NSE:BPCL-EQ | CVD=992521 vs Ref=1362158 | Close=381.60 vs VAH=382.20
2026-02-04 14:19:56,896 [INFO]     NSE:NATIONALUM-EQ | CVD=451873 vs Ref=35952 | Close=374.65 vs VAH=377.55
2026-02-04 14:19:57,118 [INFO]     NSE:EXIDEIND-EQ | CVD=722854 vs Ref=1572747 | Close=340.80 vs VAH=344.25
2026-02-04 14:19:57,355 [INFO]     NSE:ONGC-EQ | CVD=1880969 vs Ref=2488079 | Close=268.70 vs VAH=268.10
2026-02-04 14:19:57,586 [INFO]     NSE:ASHOKLEY-EQ | CVD=337751 vs Ref=931338 | Close=201.20 vs VAH=204.45
2026-02-04 14:19:57,825 [INFO]     NSE:IOC-EQ | CVD=4601516 vs Ref=5567212 | Close=171.88 vs VAH=173.20
2026-02-04 14:20:57,826 [INFO] 🔍 Scanning for alerts on 10 symbols (5min)...
2026-02-04 14:20:58,053 [INFO]     NSE:POLYCAB-EQ | CVD=359 vs Ref=33384 | Close=7644.00 vs VAH=7626.00
2026-02-04 14:20:58,276 [INFO]     NSE:APLAPOLLO-EQ | CVD=-85651 vs Ref=94426 | Close=2174.10 vs VAH=2162.55
2026-02-04 14:20:58,504 [INFO]     NSE:HINDPETRO-EQ | CVD=1517866 vs Ref=1861852 | Close=458.90 vs VAH=463.95
2026-02-04 14:20:58,755 [INFO]     NSE:COALINDIA-EQ | CVD=725290 vs Ref=542308 | Close=434.80 vs VAH=440.30
2026-02-04 14:20:58,986 [INFO]     NSE:BPCL-EQ | CVD=992521 vs Ref=1362158 | Close=381.60 vs VAH=382.20
2026-02-04 14:21:01,089 [INFO]     NSE:NATIONALUM-EQ | CVD=451873 vs Ref=35952 | Close=374.65 vs VAH=377.55
2026-02-04 14:21:01,375 [INFO]     NSE:EXIDEIND-EQ | CVD=722854 vs Ref=1572747 | Close=340.80 vs VAH=344.25
2026-02-04 14:21:01,693 [INFO]     NSE:ONGC-EQ | CVD=2072936 vs Ref=2488079 | Close=269.70 vs VAH=268.10
2026-02-04 14:21:01,995 [INFO]     NSE:ASHOKLEY-EQ | CVD=433796 vs Ref=931338 | Close=201.33 vs VAH=204.45
2026-02-04 14:21:02,346 [INFO]     NSE:IOC-EQ | CVD=4618150 vs Ref=5567212 | Close=172.10 vs VAH=173.20
2026-02-04 14:22:02,347 [INFO] 🔍 Scanning for alerts on 10 symbols (5min)...
2026-02-04 14:22:02,851 [INFO]     NSE:POLYCAB-EQ | CVD=-26 vs Ref=33384 | Close=7643.50 vs VAH=7626.00
2026-02-04 14:22:03,166 [INFO]     NSE:APLAPOLLO-EQ | CVD=-89527 vs Ref=94426 | Close=2172.60 vs VAH=2162.55
2026-02-04 14:22:03,498 [INFO]     NSE:HINDPETRO-EQ | CVD=1511936 vs Ref=1861852 | Close=459.75 vs VAH=463.95
2026-02-04 14:22:03,869 [INFO]     NSE:COALINDIA-EQ | CVD=825621 vs Ref=542308 | Close=435.50 vs VAH=440.30
2026-02-04 14:22:04,131 [INFO]     NSE:BPCL-EQ | CVD=1055516 vs Ref=1362158 | Close=381.95 vs VAH=382.20
2026-02-04 14:22:04,477 [INFO]     NSE:NATIONALUM-EQ | CVD=461698 vs Ref=35952 | Close=375.15 vs VAH=377.55
2026-02-04 14:22:04,775 [INFO]     NSE:EXIDEIND-EQ | CVD=710827 vs Ref=1572747 | Close=340.75 vs VAH=344.25
2026-02-04 14:22:05,123 [INFO]     NSE:ONGC-EQ | CVD=2072936 vs Ref=2488079 | Close=269.70 vs VAH=268.10
2026-02-04 14:22:05,349 [INFO]     NSE:ASHOKLEY-EQ | CVD=433796 vs Ref=931338 | Close=201.33 vs VAH=204.45
2026-02-04 14:22:05,610 [INFO]     NSE:IOC-EQ | CVD=4618150 vs Ref=5567212 | Close=172.10 vs VAH=173.20
2026-02-04 14:23:05,611 [INFO] 🔍 Scanning for alerts on 10 symbols (5min)...
2026-02-04 14:23:05,841 [INFO]     NSE:POLYCAB-EQ | CVD=-26 vs Ref=33384 | Close=7643.50 vs VAH=7626.00
2026-02-04 14:23:06,147 [INFO]     NSE:APLAPOLLO-EQ | CVD=-89527 vs Ref=94426 | Close=2172.60 vs VAH=2162.55
2026-02-04 14:23:06,376 [INFO]     NSE:HINDPETRO-EQ | CVD=1511936 vs Ref=1861852 | Close=459.75 vs VAH=463.95
2026-02-04 14:23:06,629 [INFO]     NSE:COALINDIA-EQ | CVD=825621 vs Ref=542308 | Close=435.50 vs VAH=440.30
2026-02-04 14:23:06,847 [INFO]     NSE:BPCL-EQ | CVD=1055516 vs Ref=1362158 | Close=381.95 vs VAH=382.20
2026-02-04 14:23:07,076 [INFO]     NSE:NATIONALUM-EQ | CVD=461698 vs Ref=35952 | Close=375.15 vs VAH=377.55
2026-02-04 14:23:07,317 [INFO]     NSE:EXIDEIND-EQ | CVD=710827 vs Ref=1572747 | Close=340.75 vs VAH=344.25
2026-02-04 14:23:07,546 [INFO]     NSE:ONGC-EQ | CVD=2072936 vs Ref=2488079 | Close=269.70 vs VAH=268.10
2026-02-04 14:23:07,779 [INFO]     NSE:ASHOKLEY-EQ | CVD=433796 vs Ref=931338 | Close=201.33 vs VAH=204.45
2026-02-04 14:23:08,016 [INFO]     NSE:IOC-EQ | CVD=4618150 vs Ref=5567212 | Close=172.10 vs VAH=173.20
2026-02-04 14:24:08,018 [INFO] 🔍 Scanning for alerts on 10 symbols (5min)...
2026-02-04 14:24:08,268 [INFO]     NSE:POLYCAB-EQ | CVD=-26 vs Ref=33384 | Close=7643.50 vs VAH=7626.00
2026-02-04 14:24:08,546 [INFO]     NSE:APLAPOLLO-EQ | CVD=-89527 vs Ref=94426 | Close=2172.60 vs VAH=2162.55
2026-02-04 14:24:08,781 [INFO]     NSE:HINDPETRO-EQ | CVD=1511936 vs Ref=1861852 | Close=459.75 vs VAH=463.95
2026-02-04 14:24:09,013 [INFO]     NSE:COALINDIA-EQ | CVD=825621 vs Ref=542308 | Close=435.50 vs VAH=440.30
2026-02-04 14:24:09,246 [INFO]     NSE:BPCL-EQ | CVD=1055516 vs Ref=1362158 | Close=381.95 vs VAH=382.20
2026-02-04 14:24:09,458 [INFO]     NSE:NATIONALUM-EQ | CVD=461698 vs Ref=35952 | Close=375.15 vs VAH=377.55
2026-02-04 14:24:09,685 [INFO]     NSE:EXIDEIND-EQ | CVD=710827 vs Ref=1572747 | Close=340.75 vs VAH=344.25
2026-02-04 14:24:09,927 [INFO]     NSE:ONGC-EQ | CVD=2072936 vs Ref=2488079 | Close=269.70 vs VAH=268.10
2026-02-04 14:24:10,143 [INFO]     NSE:ASHOKLEY-EQ | CVD=433796 vs Ref=931338 | Close=201.33 vs VAH=204.45
2026-02-04 14:24:10,368 [INFO]     NSE:IOC-EQ | CVD=4618150 vs Ref=5567212 | Close=172.10 vs VAH=173.20
2026-02-04 14:25:10,370 [INFO] 🔍 Scanning for alerts on 10 symbols (5min)...
2026-02-04 14:25:10,635 [INFO]     NSE:POLYCAB-EQ | CVD=-26 vs Ref=33384 | Close=7643.50 vs VAH=7626.00
2026-02-04 14:25:10,875 [INFO]     NSE:APLAPOLLO-EQ | CVD=-89527 vs Ref=94426 | Close=2172.60 vs VAH=2162.55
2026-02-04 14:25:11,124 [INFO]     NSE:HINDPETRO-EQ | CVD=1511936 vs Ref=1861852 | Close=459.75 vs VAH=463.95
2026-02-04 14:25:11,361 [INFO]     NSE:COALINDIA-EQ | CVD=825621 vs Ref=542308 | Close=435.50 vs VAH=440.30
2026-02-04 14:25:11,600 [INFO]     NSE:BPCL-EQ | CVD=1055516 vs Ref=1362158 | Close=381.95 vs VAH=382.20
2026-02-04 14:25:11,817 [INFO]     NSE:NATIONALUM-EQ | CVD=461698 vs Ref=35952 | Close=375.15 vs VAH=377.55
2026-02-04 14:25:12,081 [INFO]     NSE:EXIDEIND-EQ | CVD=710827 vs Ref=1572747 | Close=340.75 vs VAH=344.25
2026-02-04 14:25:12,303 [INFO]     NSE:ONGC-EQ | CVD=2072936 vs Ref=2488079 | Close=269.70 vs VAH=268.10
2026-02-04 14:25:12,557 [INFO]     NSE:ASHOKLEY-EQ | CVD=433796 vs Ref=931338 | Close=201.33 vs VAH=204.45
2026-02-04 14:25:12,789 [INFO]     NSE:IOC-EQ | CVD=4618150 vs Ref=5567212 | Close=172.10 vs VAH=173.20
2026-02-04 14:26:12,791 [INFO] 🔍 Scanning for alerts on 10 symbols (5min)...
2026-02-04 14:26:13,028 [INFO]     NSE:POLYCAB-EQ | CVD=-1328 vs Ref=33384 | Close=7636.00 vs VAH=7626.00
2026-02-04 14:26:13,261 [INFO]     NSE:APLAPOLLO-EQ | CVD=-92011 vs Ref=94426 | Close=2173.50 vs VAH=2162.55
2026-02-04 14:26:13,502 [INFO]     NSE:HINDPETRO-EQ | CVD=1514598 vs Ref=1861852 | Close=459.50 vs VAH=463.95
2026-02-04 14:26:13,773 [INFO]     NSE:COALINDIA-EQ | CVD=833376 vs Ref=542308 | Close=435.15 vs VAH=440.30
2026-02-04 14:26:14,009 [INFO]     NSE:BPCL-EQ | CVD=1130101 vs Ref=1362158 | Close=382.05 vs VAH=382.20
2026-02-04 14:26:14,231 [INFO]     NSE:NATIONALUM-EQ | CVD=477115 vs Ref=35952 | Close=375.05 vs VAH=377.55
2026-02-04 14:26:14,463 [INFO]     NSE:EXIDEIND-EQ | CVD=782261 vs Ref=1572747 | Close=341.70 vs VAH=344.25
2026-02-04 14:26:14,687 [INFO]     NSE:ONGC-EQ | CVD=1973898 vs Ref=2488079 | Close=269.55 vs VAH=268.10
2026-02-04 14:26:14,923 [INFO]     NSE:ASHOKLEY-EQ | CVD=423365 vs Ref=931338 | Close=201.16 vs VAH=204.45
2026-02-04 14:26:15,167 [INFO]     NSE:IOC-EQ | CVD=4507451 vs Ref=5567212 | Close=172.06 vs VAH=173.20
2026-02-04 14:27:15,169 [INFO] 🔍 Scanning for alerts on 10 symbols (5min)...
2026-02-04 14:27:15,430 [INFO]     NSE:POLYCAB-EQ | CVD=-1328 vs Ref=33384 | Close=7636.00 vs VAH=7626.00
2026-02-04 14:27:15,661 [INFO]     NSE:APLAPOLLO-EQ | CVD=-92011 vs Ref=94426 | Close=2173.50 vs VAH=2162.55
2026-02-04 14:27:15,883 [INFO]     NSE:HINDPETRO-EQ | CVD=1514598 vs Ref=1861852 | Close=459.50 vs VAH=463.95
2026-02-04 14:27:16,121 [INFO]     NSE:COALINDIA-EQ | CVD=833376 vs Ref=542308 | Close=435.15 vs VAH=440.30
2026-02-04 14:27:16,414 [INFO]     NSE:BPCL-EQ | CVD=1130101 vs Ref=1362158 | Close=382.05 vs VAH=382.20
2026-02-04 14:27:16,639 [INFO]     NSE:NATIONALUM-EQ | CVD=477115 vs Ref=35952 | Close=375.05 vs VAH=377.55
2026-02-04 14:27:16,849 [INFO]     NSE:EXIDEIND-EQ | CVD=782261 vs Ref=1572747 | Close=341.70 vs VAH=344.25
2026-02-04 14:27:17,081 [INFO]     NSE:ONGC-EQ | CVD=1973898 vs Ref=2488079 | Close=269.55 vs VAH=268.10
2026-02-04 14:27:17,332 [INFO]     NSE:ASHOKLEY-EQ | CVD=423365 vs Ref=931338 | Close=201.16 vs VAH=204.45
2026-02-04 14:27:17,560 [INFO]     NSE:IOC-EQ | CVD=4507451 vs Ref=5567212 | Close=172.06 vs VAH=173.20
2026-02-04 14:28:17,563 [INFO] 🔍 Scanning for alerts on 10 symbols (5min)...
2026-02-04 14:28:17,809 [INFO]     NSE:POLYCAB-EQ | CVD=-1328 vs Ref=33384 | Close=7636.00 vs VAH=7626.00
2026-02-04 14:28:18,055 [INFO]     NSE:APLAPOLLO-EQ | CVD=-92011 vs Ref=94426 | Close=2173.50 vs VAH=2162.55
2026-02-04 14:28:18,310 [INFO]     NSE:HINDPETRO-EQ | CVD=1514598 vs Ref=1861852 | Close=459.50 vs VAH=463.95
2026-02-04 14:28:18,546 [INFO]     NSE:COALINDIA-EQ | CVD=833376 vs Ref=542308 | Close=435.15 vs VAH=440.30
2026-02-04 14:28:18,827 [INFO]     NSE:BPCL-EQ | CVD=1130101 vs Ref=1362158 | Close=382.05 vs VAH=382.20
2026-02-04 14:28:19,094 [INFO]     NSE:NATIONALUM-EQ | CVD=477115 vs Ref=35952 | Close=375.05 vs VAH=377.55
2026-02-04 14:28:19,377 [INFO]     NSE:EXIDEIND-EQ | CVD=782261 vs Ref=1572747 | Close=341.70 vs VAH=344.25
2026-02-04 14:28:19,598 [INFO]     NSE:ONGC-EQ | CVD=1973898 vs Ref=2488079 | Close=269.55 vs VAH=268.10
2026-02-04 14:28:19,849 [INFO]     NSE:ASHOKLEY-EQ | CVD=423365 vs Ref=931338 | Close=201.16 vs VAH=204.45
2026-02-04 14:28:20,124 [INFO]     NSE:IOC-EQ | CVD=4507451 vs Ref=5567212 | Close=172.06 vs VAH=173.20
2026-02-04 14:29:20,125 [INFO] 🔍 Scanning for alerts on 10 symbols (5min)...
2026-02-04 14:29:20,363 [INFO]     NSE:POLYCAB-EQ | CVD=-1328 vs Ref=33384 | Close=7636.00 vs VAH=7626.00
2026-02-04 14:29:20,590 [INFO]     NSE:APLAPOLLO-EQ | CVD=-92011 vs Ref=94426 | Close=2173.50 vs VAH=2162.55
2026-02-04 14:29:20,833 [INFO]     NSE:HINDPETRO-EQ | CVD=1514598 vs Ref=1861852 | Close=459.50 vs VAH=463.95
2026-02-04 14:29:21,085 [INFO]     NSE:COALINDIA-EQ | CVD=833376 vs Ref=542308 | Close=435.15 vs VAH=440.30
2026-02-04 14:29:21,304 [INFO]     NSE:BPCL-EQ | CVD=1130101 vs Ref=1362158 | Close=382.05 vs VAH=382.20
2026-02-04 14:29:21,518 [INFO]     NSE:NATIONALUM-EQ | CVD=477115 vs Ref=35952 | Close=375.05 vs VAH=377.55
2026-02-04 14:29:21,756 [INFO]     NSE:EXIDEIND-EQ | CVD=782261 vs Ref=1572747 | Close=341.70 vs VAH=344.25
2026-02-04 14:29:21,956 [INFO]     NSE:ONGC-EQ | CVD=1973898 vs Ref=2488079 | Close=269.55 vs VAH=268.10
2026-02-04 14:29:22,213 [INFO]     NSE:ASHOKLEY-EQ | CVD=423365 vs Ref=931338 | Close=201.16 vs VAH=204.45
2026-02-04 14:29:22,496 [INFO]     NSE:IOC-EQ | CVD=4507451 vs Ref=5567212 | Close=172.06 vs VAH=173.20
2026-02-04 14:30:22,498 [INFO] 🔍 Scanning for alerts on 10 symbols (5min)...
2026-02-04 14:30:22,732 [INFO]     NSE:POLYCAB-EQ | CVD=-1328 vs Ref=33384 | Close=7636.00 vs VAH=7626.00
2026-02-04 14:30:23,009 [INFO]     NSE:APLAPOLLO-EQ | CVD=-92011 vs Ref=94426 | Close=2173.50 vs VAH=2162.55
2026-02-04 14:30:23,233 [INFO]     NSE:HINDPETRO-EQ | CVD=1514598 vs Ref=1861852 | Close=459.50 vs VAH=463.95
2026-02-04 14:30:23,458 [INFO]     NSE:COALINDIA-EQ | CVD=833376 vs Ref=542308 | Close=435.15 vs VAH=440.30
2026-02-04 14:30:23,690 [INFO]     NSE:BPCL-EQ | CVD=1130101 vs Ref=1362158 | Close=382.05 vs VAH=382.20
2026-02-04 14:30:23,906 [INFO]     NSE:NATIONALUM-EQ | CVD=477115 vs Ref=35952 | Close=375.05 vs VAH=377.55
2026-02-04 14:30:24,136 [INFO]     NSE:EXIDEIND-EQ | CVD=782261 vs Ref=1572747 | Close=341.70 vs VAH=344.25
2026-02-04 14:30:24,373 [INFO]     NSE:ONGC-EQ | CVD=1973898 vs Ref=2488079 | Close=269.55 vs VAH=268.10
2026-02-04 14:30:24,631 [INFO]     NSE:ASHOKLEY-EQ | CVD=423365 vs Ref=931338 | Close=201.16 vs VAH=204.45
2026-02-04 14:30:24,886 [INFO]     NSE:IOC-EQ | CVD=4507451 vs Ref=5567212 | Close=172.06 vs VAH=173.20
2026-02-04 14:31:24,888 [INFO] 🔍 Scanning for alerts on 10 symbols (5min)...
2026-02-04 14:31:25,162 [INFO]     NSE:POLYCAB-EQ | CVD=-3644 vs Ref=33384 | Close=7640.00 vs VAH=7626.00
2026-02-04 14:31:25,389 [INFO]     NSE:APLAPOLLO-EQ | CVD=-85243 vs Ref=94426 | Close=2177.40 vs VAH=2162.55
2026-02-04 14:31:25,626 [INFO]     NSE:HINDPETRO-EQ | CVD=1503206 vs Ref=1861852 | Close=459.45 vs VAH=463.95
2026-02-04 14:31:25,882 [INFO]     NSE:COALINDIA-EQ | CVD=845717 vs Ref=542308 | Close=435.25 vs VAH=440.30
2026-02-04 14:31:26,294 [INFO]     NSE:BPCL-EQ | CVD=1136313 vs Ref=1362158 | Close=382.20 vs VAH=382.20
2026-02-04 14:31:26,638 [INFO]     NSE:NATIONALUM-EQ | CVD=409278 vs Ref=35952 | Close=374.00 vs VAH=377.55
2026-02-04 14:31:26,950 [INFO]     NSE:EXIDEIND-EQ | CVD=789847 vs Ref=1572747 | Close=341.75 vs VAH=344.25
2026-02-04 14:31:27,215 [INFO]     NSE:ONGC-EQ | CVD=1786460 vs Ref=2488079 | Close=269.00 vs VAH=268.10
2026-02-04 14:31:27,633 [INFO]     NSE:ASHOKLEY-EQ | CVD=468550 vs Ref=931338 | Close=201.20 vs VAH=204.45
2026-02-04 14:31:28,042 [INFO]     NSE:IOC-EQ | CVD=4626524 vs Ref=5567212 | Close=172.81 vs VAH=173.20
2026-02-04 14:32:28,043 [INFO] 🔍 Scanning for alerts on 10 symbols (5min)...
2026-02-04 14:32:28,325 [INFO]     NSE:POLYCAB-EQ | CVD=-3644 vs Ref=33384 | Close=7640.00 vs VAH=7626.00
2026-02-04 14:32:28,583 [INFO]     NSE:APLAPOLLO-EQ | CVD=-85243 vs Ref=94426 | Close=2177.40 vs VAH=2162.55
2026-02-04 14:32:28,827 [INFO]     NSE:HINDPETRO-EQ | CVD=1503206 vs Ref=1861852 | Close=459.45 vs VAH=463.95
2026-02-04 14:32:29,087 [INFO]     NSE:COALINDIA-EQ | CVD=845717 vs Ref=542308 | Close=435.25 vs VAH=440.30
2026-02-04 14:32:29,396 [INFO]     NSE:BPCL-EQ | CVD=1136313 vs Ref=1362158 | Close=382.20 vs VAH=382.20
2026-02-04 14:32:29,663 [INFO]     NSE:NATIONALUM-EQ | CVD=409278 vs Ref=35952 | Close=374.00 vs VAH=377.55
2026-02-04 14:32:29,947 [INFO]     NSE:EXIDEIND-EQ | CVD=789847 vs Ref=1572747 | Close=341.75 vs VAH=344.25
2026-02-04 14:32:30,190 [INFO]     NSE:ONGC-EQ | CVD=1786460 vs Ref=2488079 | Close=269.00 vs VAH=268.10
2026-02-04 14:32:30,473 [INFO]     NSE:ASHOKLEY-EQ | CVD=468550 vs Ref=931338 | Close=201.20 vs VAH=204.45
2026-02-04 14:32:30,777 [INFO]     NSE:IOC-EQ | CVD=4626524 vs Ref=5567212 | Close=172.81 vs VAH=173.20
2026-02-04 14:33:30,778 [INFO] 🔍 Scanning for alerts on 10 symbols (5min)...
2026-02-04 14:33:31,016 [INFO]     NSE:POLYCAB-EQ | CVD=-3644 vs Ref=33384 | Close=7640.00 vs VAH=7626.00
2026-02-04 14:33:31,265 [INFO]     NSE:APLAPOLLO-EQ | CVD=-85243 vs Ref=94426 | Close=2177.40 vs VAH=2162.55
2026-02-04 14:33:31,494 [INFO]     NSE:HINDPETRO-EQ | CVD=1503206 vs Ref=1861852 | Close=459.45 vs VAH=463.95
2026-02-04 14:33:31,735 [INFO]     NSE:COALINDIA-EQ | CVD=845717 vs Ref=542308 | Close=435.25 vs VAH=440.30
2026-02-04 14:33:31,988 [INFO]     NSE:BPCL-EQ | CVD=1136313 vs Ref=1362158 | Close=382.20 vs VAH=382.20
2026-02-04 14:33:32,214 [INFO]     NSE:NATIONALUM-EQ | CVD=409278 vs Ref=35952 | Close=374.00 vs VAH=377.55
2026-02-04 14:33:32,450 [INFO]     NSE:EXIDEIND-EQ | CVD=789847 vs Ref=1572747 | Close=341.75 vs VAH=344.25
2026-02-04 14:33:32,714 [INFO]     NSE:ONGC-EQ | CVD=1786460 vs Ref=2488079 | Close=269.00 vs VAH=268.10
2026-02-04 14:33:32,944 [INFO]     NSE:ASHOKLEY-EQ | CVD=468550 vs Ref=931338 | Close=201.20 vs VAH=204.45
2026-02-04 14:33:33,195 [INFO]     NSE:IOC-EQ | CVD=4626524 vs Ref=5567212 | Close=172.81 vs VAH=173.20
2026-02-04 14:34:33,198 [INFO] 🔍 Scanning for alerts on 10 symbols (5min)...
2026-02-04 14:34:33,426 [INFO]     NSE:POLYCAB-EQ | CVD=-3644 vs Ref=33384 | Close=7640.00 vs VAH=7626.00
2026-02-04 14:34:33,645 [INFO]     NSE:APLAPOLLO-EQ | CVD=-85243 vs Ref=94426 | Close=2177.40 vs VAH=2162.55
2026-02-04 14:34:33,851 [INFO]     NSE:HINDPETRO-EQ | CVD=1503206 vs Ref=1861852 | Close=459.45 vs VAH=463.95
2026-02-04 14:34:34,084 [INFO]     NSE:COALINDIA-EQ | CVD=845717 vs Ref=542308 | Close=435.25 vs VAH=440.30
2026-02-04 14:34:34,308 [INFO]     NSE:BPCL-EQ | CVD=1136313 vs Ref=1362158 | Close=382.20 vs VAH=382.20
2026-02-04 14:34:34,526 [INFO]     NSE:NATIONALUM-EQ | CVD=409278 vs Ref=35952 | Close=374.00 vs VAH=377.55
2026-02-04 14:34:34,765 [INFO]     NSE:EXIDEIND-EQ | CVD=789847 vs Ref=1572747 | Close=341.75 vs VAH=344.25
2026-02-04 14:34:34,993 [INFO]     NSE:ONGC-EQ | CVD=1786460 vs Ref=2488079 | Close=269.00 vs VAH=268.10
2026-02-04 14:34:35,232 [INFO]     NSE:ASHOKLEY-EQ | CVD=468550 vs Ref=931338 | Close=201.20 vs VAH=204.45
2026-02-04 14:34:35,467 [INFO]     NSE:IOC-EQ | CVD=4626524 vs Ref=5567212 | Close=172.81 vs VAH=173.20
2026-02-04 14:35:35,469 [INFO] 🔍 Scanning for alerts on 10 symbols (5min)...
2026-02-04 14:35:35,706 [INFO]     NSE:POLYCAB-EQ | CVD=-3644 vs Ref=33384 | Close=7640.00 vs VAH=7626.00
2026-02-04 14:35:35,958 [INFO]     NSE:APLAPOLLO-EQ | CVD=-85243 vs Ref=94426 | Close=2177.40 vs VAH=2162.55
2026-02-04 14:35:36,179 [INFO]     NSE:HINDPETRO-EQ | CVD=1503206 vs Ref=1861852 | Close=459.45 vs VAH=463.95
2026-02-04 14:35:36,439 [INFO]     NSE:COALINDIA-EQ | CVD=845717 vs Ref=542308 | Close=435.25 vs VAH=440.30
2026-02-04 14:35:36,715 [INFO]     NSE:BPCL-EQ | CVD=1136313 vs Ref=1362158 | Close=382.20 vs VAH=382.20
2026-02-04 14:35:36,993 [INFO]     NSE:NATIONALUM-EQ | CVD=409278 vs Ref=35952 | Close=374.00 vs VAH=377.55
2026-02-04 14:35:37,230 [INFO]     NSE:EXIDEIND-EQ | CVD=789847 vs Ref=1572747 | Close=341.75 vs VAH=344.25
2026-02-04 14:35:37,454 [INFO]     NSE:ONGC-EQ | CVD=1786460 vs Ref=2488079 | Close=269.00 vs VAH=268.10
2026-02-04 14:35:37,723 [INFO]     NSE:ASHOKLEY-EQ | CVD=468550 vs Ref=931338 | Close=201.20 vs VAH=204.45
2026-02-04 14:35:37,968 [INFO]     NSE:IOC-EQ | CVD=4626524 vs Ref=5567212 | Close=172.81 vs VAH=173.20
2026-02-04 14:36:37,971 [INFO] 🔍 Scanning for alerts on 10 symbols (5min)...
2026-02-04 14:36:38,204 [INFO]     NSE:POLYCAB-EQ | CVD=-1223 vs Ref=33384 | Close=7657.50 vs VAH=7626.00
2026-02-04 14:36:38,440 [INFO]     NSE:APLAPOLLO-EQ | CVD=-85961 vs Ref=94426 | Close=2179.80 vs VAH=2162.55
2026-02-04 14:36:38,682 [INFO]     NSE:HINDPETRO-EQ | CVD=1458646 vs Ref=1861852 | Close=459.80 vs VAH=463.95
2026-02-04 14:36:38,898 [INFO]     NSE:COALINDIA-EQ | CVD=814728 vs Ref=542308 | Close=435.15 vs VAH=440.30
2026-02-04 14:36:39,171 [INFO]     NSE:BPCL-EQ | CVD=1123135 vs Ref=1362158 | Close=382.25 vs VAH=382.20
2026-02-04 14:36:39,412 [INFO]     NSE:NATIONALUM-EQ | CVD=390737 vs Ref=35952 | Close=374.05 vs VAH=377.55
2026-02-04 14:36:39,637 [INFO]     NSE:EXIDEIND-EQ | CVD=808929 vs Ref=1572747 | Close=341.75 vs VAH=344.25
2026-02-04 14:36:39,853 [INFO]     NSE:ONGC-EQ | CVD=1643997 vs Ref=2488079 | Close=269.25 vs VAH=268.10
2026-02-04 14:36:40,103 [INFO]     NSE:ASHOKLEY-EQ | CVD=510148 vs Ref=931338 | Close=201.15 vs VAH=204.45
2026-02-04 14:36:40,339 [INFO]     NSE:IOC-EQ | CVD=4688441 vs Ref=5567212 | Close=172.77 vs VAH=173.20
2026-02-04 14:37:40,341 [INFO] 🔍 Scanning for alerts on 10 symbols (5min)...
2026-02-04 14:37:40,582 [INFO]     NSE:POLYCAB-EQ | CVD=-1223 vs Ref=33384 | Close=7657.50 vs VAH=7626.00
2026-02-04 14:37:42,045 [INFO]     NSE:APLAPOLLO-EQ | CVD=-85961 vs Ref=94426 | Close=2179.80 vs VAH=2162.55
2026-02-04 14:37:42,284 [INFO]     NSE:HINDPETRO-EQ | CVD=1458646 vs Ref=1861852 | Close=459.80 vs VAH=463.95
2026-02-04 14:37:42,521 [INFO]     NSE:COALINDIA-EQ | CVD=814728 vs Ref=542308 | Close=435.15 vs VAH=440.30
2026-02-04 14:37:42,760 [INFO]     NSE:BPCL-EQ | CVD=1123135 vs Ref=1362158 | Close=382.25 vs VAH=382.20
2026-02-04 14:37:42,998 [INFO]     NSE:NATIONALUM-EQ | CVD=390737 vs Ref=35952 | Close=374.05 vs VAH=377.55
2026-02-04 14:37:43,239 [INFO]     NSE:EXIDEIND-EQ | CVD=808929 vs Ref=1572747 | Close=341.75 vs VAH=344.25
2026-02-04 14:37:43,492 [INFO]     NSE:ONGC-EQ | CVD=1643997 vs Ref=2488079 | Close=269.25 vs VAH=268.10
2026-02-04 14:37:43,726 [INFO]     NSE:ASHOKLEY-EQ | CVD=510148 vs Ref=931338 | Close=201.15 vs VAH=204.45
2026-02-04 14:37:43,940 [INFO]     NSE:IOC-EQ | CVD=4688441 vs Ref=5567212 | Close=172.77 vs VAH=173.20
2026-02-04 14:38:43,941 [INFO] 🔍 Scanning for alerts on 10 symbols (5min)...
2026-02-04 14:38:44,214 [INFO]     NSE:POLYCAB-EQ | CVD=-1223 vs Ref=33384 | Close=7657.50 vs VAH=7626.00
2026-02-04 14:38:44,428 [INFO]     NSE:APLAPOLLO-EQ | CVD=-85961 vs Ref=94426 | Close=2179.80 vs VAH=2162.55
2026-02-04 14:38:44,724 [INFO]     NSE:HINDPETRO-EQ | CVD=1458646 vs Ref=1861852 | Close=459.80 vs VAH=463.95
2026-02-04 14:38:45,546 [INFO]     NSE:COALINDIA-EQ | CVD=814728 vs Ref=542308 | Close=435.15 vs VAH=440.30
2026-02-04 14:38:45,787 [INFO]     NSE:BPCL-EQ | CVD=1123135 vs Ref=1362158 | Close=382.25 vs VAH=382.20
2026-02-04 14:38:46,034 [INFO]     NSE:NATIONALUM-EQ | CVD=390737 vs Ref=35952 | Close=374.05 vs VAH=377.55
2026-02-04 14:38:46,251 [INFO]     NSE:EXIDEIND-EQ | CVD=808929 vs Ref=1572747 | Close=341.75 vs VAH=344.25
2026-02-04 14:38:46,469 [INFO]     NSE:ONGC-EQ | CVD=1643997 vs Ref=2488079 | Close=269.25 vs VAH=268.10
2026-02-04 14:38:46,700 [INFO]     NSE:ASHOKLEY-EQ | CVD=510148 vs Ref=931338 | Close=201.15 vs VAH=204.45
2026-02-04 14:38:46,945 [INFO]     NSE:IOC-EQ | CVD=4688441 vs Ref=5567212 | Close=172.77 vs VAH=173.20
2026-02-04 14:39:46,946 [INFO] 🔍 Scanning for alerts on 10 symbols (5min)...
2026-02-04 14:39:47,207 [INFO]     NSE:POLYCAB-EQ | CVD=-1223 vs Ref=33384 | Close=7657.50 vs VAH=7626.00
2026-02-04 14:39:48,974 [INFO]     NSE:APLAPOLLO-EQ | CVD=-85961 vs Ref=94426 | Close=2179.80 vs VAH=2162.55
2026-02-04 14:39:49,194 [INFO]     NSE:HINDPETRO-EQ | CVD=1458646 vs Ref=1861852 | Close=459.80 vs VAH=463.95
2026-02-04 14:39:49,426 [INFO]     NSE:COALINDIA-EQ | CVD=814728 vs Ref=542308 | Close=435.15 vs VAH=440.30
2026-02-04 14:39:49,684 [INFO]     NSE:BPCL-EQ | CVD=1123135 vs Ref=1362158 | Close=382.25 vs VAH=382.20
2026-02-04 14:39:49,969 [INFO]     NSE:NATIONALUM-EQ | CVD=390737 vs Ref=35952 | Close=374.05 vs VAH=377.55
2026-02-04 14:39:50,197 [INFO]     NSE:EXIDEIND-EQ | CVD=808929 vs Ref=1572747 | Close=341.75 vs VAH=344.25
2026-02-04 14:39:50,439 [INFO]     NSE:ONGC-EQ | CVD=1643997 vs Ref=2488079 | Close=269.25 vs VAH=268.10
2026-02-04 14:39:50,697 [INFO]     NSE:ASHOKLEY-EQ | CVD=510148 vs Ref=931338 | Close=201.15 vs VAH=204.45
2026-02-04 14:39:50,929 [INFO]     NSE:IOC-EQ | CVD=4688441 vs Ref=5567212 | Close=172.77 vs VAH=173.20
2026-02-04 14:40:50,930 [INFO] 🔍 Scanning for alerts on 10 symbols (5min)...
2026-02-04 14:40:51,197 [INFO]     NSE:POLYCAB-EQ | CVD=-1223 vs Ref=33384 | Close=7657.50 vs VAH=7626.00
2026-02-04 14:40:51,473 [INFO]     NSE:APLAPOLLO-EQ | CVD=-85961 vs Ref=94426 | Close=2179.80 vs VAH=2162.55
2026-02-04 14:40:53,489 [INFO]     NSE:HINDPETRO-EQ | CVD=1458646 vs Ref=1861852 | Close=459.80 vs VAH=463.95
2026-02-04 14:40:53,754 [INFO]     NSE:COALINDIA-EQ | CVD=814728 vs Ref=542308 | Close=435.15 vs VAH=440.30
2026-02-04 14:40:54,001 [INFO]     NSE:BPCL-EQ | CVD=1123135 vs Ref=1362158 | Close=382.25 vs VAH=382.20
2026-02-04 14:40:54,267 [INFO]     NSE:NATIONALUM-EQ | CVD=390737 vs Ref=35952 | Close=374.05 vs VAH=377.55
2026-02-04 14:40:54,487 [INFO]     NSE:EXIDEIND-EQ | CVD=808929 vs Ref=1572747 | Close=341.75 vs VAH=344.25
2026-02-04 14:40:54,704 [INFO]     NSE:ONGC-EQ | CVD=1643997 vs Ref=2488079 | Close=269.25 vs VAH=268.10
2026-02-04 14:40:54,932 [INFO]     NSE:ASHOKLEY-EQ | CVD=510148 vs Ref=931338 | Close=201.15 vs VAH=204.45
2026-02-04 14:40:55,168 [INFO]     NSE:IOC-EQ | CVD=4688441 vs Ref=5567212 | Close=172.77 vs VAH=173.20
2026-02-04 14:41:55,169 [INFO] 🔍 Scanning for alerts on 10 symbols (5min)...
2026-02-04 14:41:55,453 [INFO]     NSE:POLYCAB-EQ | CVD=-4592 vs Ref=33384 | Close=7650.00 vs VAH=7626.00
2026-02-04 14:41:55,668 [INFO]     NSE:APLAPOLLO-EQ | CVD=-86449 vs Ref=94426 | Close=2180.40 vs VAH=2162.55
2026-02-04 14:41:55,883 [INFO]     NSE:HINDPETRO-EQ | CVD=1421705 vs Ref=1861852 | Close=459.70 vs VAH=463.95
2026-02-04 14:41:56,133 [INFO]     NSE:COALINDIA-EQ | CVD=802754 vs Ref=542308 | Close=434.90 vs VAH=440.30
2026-02-04 14:41:57,993 [INFO]     NSE:BPCL-EQ | CVD=1083461 vs Ref=1362158 | Close=381.90 vs VAH=382.20
2026-02-04 14:41:58,217 [INFO]     NSE:NATIONALUM-EQ | CVD=396850 vs Ref=35952 | Close=373.85 vs VAH=377.55
2026-02-04 14:41:58,465 [INFO]     NSE:EXIDEIND-EQ | CVD=812086 vs Ref=1572747 | Close=341.90 vs VAH=344.25
2026-02-04 14:41:58,696 [INFO]     NSE:ONGC-EQ | CVD=1384358 vs Ref=2488079 | Close=268.70 vs VAH=268.10
2026-02-04 14:41:58,967 [INFO]     NSE:ASHOKLEY-EQ | CVD=312497 vs Ref=931338 | Close=200.90 vs VAH=204.45
2026-02-04 14:41:59,207 [INFO]     NSE:IOC-EQ | CVD=4695273 vs Ref=5567212 | Close=172.70 vs VAH=173.20
2026-02-04 14:42:59,208 [INFO] 🔍 Scanning for alerts on 10 symbols (5min)...
2026-02-04 14:42:59,442 [INFO]     NSE:POLYCAB-EQ | CVD=-4592 vs Ref=33384 | Close=7650.00 vs VAH=7626.00
2026-02-04 14:42:59,665 [INFO]     NSE:APLAPOLLO-EQ | CVD=-86449 vs Ref=94426 | Close=2180.40 vs VAH=2162.55
2026-02-04 14:42:59,952 [INFO]     NSE:HINDPETRO-EQ | CVD=1421705 vs Ref=1861852 | Close=459.70 vs VAH=463.95
2026-02-04 14:43:00,188 [INFO]     NSE:COALINDIA-EQ | CVD=802754 vs Ref=542308 | Close=434.90 vs VAH=440.30
2026-02-04 14:43:00,418 [INFO]     NSE:BPCL-EQ | CVD=1083461 vs Ref=1362158 | Close=381.90 vs VAH=382.20
2026-02-04 14:43:00,670 [INFO]     NSE:NATIONALUM-EQ | CVD=396850 vs Ref=35952 | Close=373.85 vs VAH=377.55
2026-02-04 14:43:02,548 [INFO]     NSE:EXIDEIND-EQ | CVD=812086 vs Ref=1572747 | Close=341.90 vs VAH=344.25
2026-02-04 14:43:02,879 [INFO]     NSE:ONGC-EQ | CVD=1384358 vs Ref=2488079 | Close=268.70 vs VAH=268.10
2026-02-04 14:43:03,257 [INFO]     NSE:ASHOKLEY-EQ | CVD=312497 vs Ref=931338 | Close=200.90 vs VAH=204.45
2026-02-04 14:43:03,498 [INFO]     NSE:IOC-EQ | CVD=4695273 vs Ref=5567212 | Close=172.70 vs VAH=173.20
2026-02-04 14:44:03,499 [INFO] 🔍 Scanning for alerts on 10 symbols (5min)...
2026-02-04 14:44:03,834 [INFO]     NSE:POLYCAB-EQ | CVD=-4592 vs Ref=33384 | Close=7650.00 vs VAH=7626.00
2026-02-04 14:44:04,137 [INFO]     NSE:APLAPOLLO-EQ | CVD=-86449 vs Ref=94426 | Close=2180.40 vs VAH=2162.55
2026-02-04 14:44:04,407 [INFO]     NSE:HINDPETRO-EQ | CVD=1421705 vs Ref=1861852 | Close=459.70 vs VAH=463.95
2026-02-04 14:44:04,696 [INFO]     NSE:COALINDIA-EQ | CVD=802754 vs Ref=542308 | Close=434.90 vs VAH=440.30
2026-02-04 14:44:05,000 [INFO]     NSE:BPCL-EQ | CVD=1083461 vs Ref=1362158 | Close=381.90 vs VAH=382.20
2026-02-04 14:44:05,249 [INFO]     NSE:NATIONALUM-EQ | CVD=396850 vs Ref=35952 | Close=373.85 vs VAH=377.55
2026-02-04 14:44:05,520 [INFO]     NSE:EXIDEIND-EQ | CVD=812086 vs Ref=1572747 | Close=341.90 vs VAH=344.25
2026-02-04 14:44:05,812 [INFO]     NSE:ONGC-EQ | CVD=1384358 vs Ref=2488079 | Close=268.70 vs VAH=268.10
2026-02-04 14:44:06,301 [INFO]     NSE:ASHOKLEY-EQ | CVD=312497 vs Ref=931338 | Close=200.90 vs VAH=204.45
2026-02-04 14:44:06,565 [INFO]     NSE:IOC-EQ | CVD=4695273 vs Ref=5567212 | Close=172.70 vs VAH=173.20
2026-02-04 14:45:06,566 [INFO] 🔍 Scanning for alerts on 10 symbols (5min)...
2026-02-04 14:45:06,817 [INFO]     NSE:POLYCAB-EQ | CVD=-4592 vs Ref=33384 | Close=7650.00 vs VAH=7626.00
2026-02-04 14:45:07,057 [INFO]     NSE:APLAPOLLO-EQ | CVD=-86449 vs Ref=94426 | Close=2180.40 vs VAH=2162.55
2026-02-04 14:45:07,279 [INFO]     NSE:HINDPETRO-EQ | CVD=1421705 vs Ref=1861852 | Close=459.70 vs VAH=463.95
2026-02-04 14:45:07,518 [INFO]     NSE:COALINDIA-EQ | CVD=802754 vs Ref=542308 | Close=434.90 vs VAH=440.30
2026-02-04 14:45:07,766 [INFO]     NSE:BPCL-EQ | CVD=1083461 vs Ref=1362158 | Close=381.90 vs VAH=382.20
2026-02-04 14:45:08,015 [INFO]     NSE:NATIONALUM-EQ | CVD=396850 vs Ref=35952 | Close=373.85 vs VAH=377.55
2026-02-04 14:45:08,254 [INFO]     NSE:EXIDEIND-EQ | CVD=812086 vs Ref=1572747 | Close=341.90 vs VAH=344.25
2026-02-04 14:45:08,478 [INFO]     NSE:ONGC-EQ | CVD=1384358 vs Ref=2488079 | Close=268.70 vs VAH=268.10
2026-02-04 14:45:08,724 [INFO]     NSE:ASHOKLEY-EQ | CVD=312497 vs Ref=931338 | Close=200.90 vs VAH=204.45
2026-02-04 14:45:08,967 [INFO]     NSE:IOC-EQ | CVD=4695273 vs Ref=5567212 | Close=172.70 vs VAH=173.20
2026-02-04 14:46:08,968 [INFO] 🔍 Scanning for alerts on 10 symbols (5min)...
2026-02-04 14:46:09,205 [INFO]     NSE:POLYCAB-EQ | CVD=-9390 vs Ref=33384 | Close=7630.00 vs VAH=7626.00
2026-02-04 14:46:09,423 [INFO]     NSE:APLAPOLLO-EQ | CVD=-84867 vs Ref=94426 | Close=2179.60 vs VAH=2162.55
2026-02-04 14:46:09,646 [INFO]     NSE:HINDPETRO-EQ | CVD=1379462 vs Ref=1861852 | Close=459.10 vs VAH=463.95
2026-02-04 14:46:09,882 [INFO]     NSE:COALINDIA-EQ | CVD=686999 vs Ref=542308 | Close=433.85 vs VAH=440.30
2026-02-04 14:46:10,137 [INFO]     NSE:BPCL-EQ | CVD=1009944 vs Ref=1362158 | Close=381.15 vs VAH=382.20
2026-02-04 14:46:10,403 [INFO]     NSE:NATIONALUM-EQ | CVD=400417 vs Ref=35952 | Close=373.75 vs VAH=377.55
2026-02-04 14:46:10,677 [INFO]     NSE:EXIDEIND-EQ | CVD=844835 vs Ref=1572747 | Close=341.75 vs VAH=344.25
2026-02-04 14:46:10,896 [INFO]     NSE:ONGC-EQ | CVD=1245369 vs Ref=2488079 | Close=268.30 vs VAH=268.10
2026-02-04 14:46:11,127 [INFO]     NSE:ASHOKLEY-EQ | CVD=360040 vs Ref=931338 | Close=200.90 vs VAH=204.45
2026-02-04 14:46:11,357 [INFO]     NSE:IOC-EQ | CVD=4402794 vs Ref=5567212 | Close=172.43 vs VAH=173.20
2026-02-04 14:47:11,359 [INFO] 🔍 Scanning for alerts on 10 symbols (5min)...
2026-02-04 14:47:11,591 [INFO]     NSE:POLYCAB-EQ | CVD=-9390 vs Ref=33384 | Close=7630.00 vs VAH=7626.00
2026-02-04 14:47:11,848 [INFO]     NSE:APLAPOLLO-EQ | CVD=-84867 vs Ref=94426 | Close=2179.60 vs VAH=2162.55
2026-02-04 14:47:12,124 [INFO]     NSE:HINDPETRO-EQ | CVD=1379462 vs Ref=1861852 | Close=459.10 vs VAH=463.95
2026-02-04 14:47:12,406 [INFO]     NSE:COALINDIA-EQ | CVD=686999 vs Ref=542308 | Close=433.85 vs VAH=440.30
2026-02-04 14:47:12,705 [INFO]     NSE:BPCL-EQ | CVD=1009944 vs Ref=1362158 | Close=381.15 vs VAH=382.20
2026-02-04 14:47:12,913 [INFO]     NSE:NATIONALUM-EQ | CVD=400417 vs Ref=35952 | Close=373.75 vs VAH=377.55
2026-02-04 14:47:13,146 [INFO]     NSE:EXIDEIND-EQ | CVD=844835 vs Ref=1572747 | Close=341.75 vs VAH=344.25
2026-02-04 14:47:13,369 [INFO]     NSE:ONGC-EQ | CVD=1245369 vs Ref=2488079 | Close=268.30 vs VAH=268.10
2026-02-04 14:47:13,636 [INFO]     NSE:ASHOKLEY-EQ | CVD=360040 vs Ref=931338 | Close=200.90 vs VAH=204.45
2026-02-04 14:47:13,853 [INFO]     NSE:IOC-EQ | CVD=4402794 vs Ref=5567212 | Close=172.43 vs VAH=173.20
2026-02-04 14:48:13,855 [INFO] 🔍 Scanning for alerts on 10 symbols (5min)...
2026-02-04 14:48:14,127 [INFO]     NSE:POLYCAB-EQ | CVD=-9390 vs Ref=33384 | Close=7630.00 vs VAH=7626.00
2026-02-04 14:48:14,357 [INFO]     NSE:APLAPOLLO-EQ | CVD=-84867 vs Ref=94426 | Close=2179.60 vs VAH=2162.55
2026-02-04 14:48:14,621 [INFO]     NSE:HINDPETRO-EQ | CVD=1379462 vs Ref=1861852 | Close=459.10 vs VAH=463.95
2026-02-04 14:48:14,833 [INFO]     NSE:COALINDIA-EQ | CVD=686999 vs Ref=542308 | Close=433.85 vs VAH=440.30
2026-02-04 14:48:15,116 [INFO]     NSE:BPCL-EQ | CVD=1009944 vs Ref=1362158 | Close=381.15 vs VAH=382.20
2026-02-04 14:48:15,330 [INFO]     NSE:NATIONALUM-EQ | CVD=400417 vs Ref=35952 | Close=373.75 vs VAH=377.55
2026-02-04 14:48:15,570 [INFO]     NSE:EXIDEIND-EQ | CVD=844835 vs Ref=1572747 | Close=341.75 vs VAH=344.25
2026-02-04 14:48:15,837 [INFO]     NSE:ONGC-EQ | CVD=1245369 vs Ref=2488079 | Close=268.30 vs VAH=268.10
2026-02-04 14:48:16,086 [INFO]     NSE:ASHOKLEY-EQ | CVD=360040 vs Ref=931338 | Close=200.90 vs VAH=204.45
2026-02-04 14:48:16,333 [INFO]     NSE:IOC-EQ | CVD=4402794 vs Ref=5567212 | Close=172.43 vs VAH=173.20
2026-02-04 14:49:16,334 [INFO] 🔍 Scanning for alerts on 10 symbols (5min)...
2026-02-04 14:49:16,560 [INFO]     NSE:POLYCAB-EQ | CVD=-9390 vs Ref=33384 | Close=7630.00 vs VAH=7626.00
2026-02-04 14:49:16,796 [INFO]     NSE:APLAPOLLO-EQ | CVD=-84867 vs Ref=94426 | Close=2179.60 vs VAH=2162.55
2026-02-04 14:49:17,026 [INFO]     NSE:HINDPETRO-EQ | CVD=1379462 vs Ref=1861852 | Close=459.10 vs VAH=463.95
2026-02-04 14:49:17,263 [INFO]     NSE:COALINDIA-EQ | CVD=686999 vs Ref=542308 | Close=433.85 vs VAH=440.30
2026-02-04 14:49:17,530 [INFO]     NSE:BPCL-EQ | CVD=1009944 vs Ref=1362158 | Close=381.15 vs VAH=382.20
2026-02-04 14:49:17,756 [INFO]     NSE:NATIONALUM-EQ | CVD=400417 vs Ref=35952 | Close=373.75 vs VAH=377.55
2026-02-04 14:49:18,030 [INFO]     NSE:EXIDEIND-EQ | CVD=844835 vs Ref=1572747 | Close=341.75 vs VAH=344.25
2026-02-04 14:49:18,259 [INFO]     NSE:ONGC-EQ | CVD=1245369 vs Ref=2488079 | Close=268.30 vs VAH=268.10
2026-02-04 14:49:18,518 [INFO]     NSE:ASHOKLEY-EQ | CVD=360040 vs Ref=931338 | Close=200.90 vs VAH=204.45
2026-02-04 14:49:18,788 [INFO]     NSE:IOC-EQ | CVD=4402794 vs Ref=5567212 | Close=172.43 vs VAH=173.20
2026-02-04 14:50:18,790 [INFO] 🔍 Scanning for alerts on 10 symbols (5min)...
2026-02-04 14:50:19,028 [INFO]     NSE:POLYCAB-EQ | CVD=-9390 vs Ref=33384 | Close=7630.00 vs VAH=7626.00
2026-02-04 14:50:19,274 [INFO]     NSE:APLAPOLLO-EQ | CVD=-84867 vs Ref=94426 | Close=2179.60 vs VAH=2162.55
2026-02-04 14:50:19,495 [INFO]     NSE:HINDPETRO-EQ | CVD=1379462 vs Ref=1861852 | Close=459.10 vs VAH=463.95
2026-02-04 14:50:19,761 [INFO]     NSE:COALINDIA-EQ | CVD=686999 vs Ref=542308 | Close=433.85 vs VAH=440.30
2026-02-04 14:50:20,034 [INFO]     NSE:BPCL-EQ | CVD=1009944 vs Ref=1362158 | Close=381.15 vs VAH=382.20
2026-02-04 14:50:20,257 [INFO]     NSE:NATIONALUM-EQ | CVD=400417 vs Ref=35952 | Close=373.75 vs VAH=377.55
2026-02-04 14:50:20,474 [INFO]     NSE:EXIDEIND-EQ | CVD=844835 vs Ref=1572747 | Close=341.75 vs VAH=344.25
2026-02-04 14:50:20,712 [INFO]     NSE:ONGC-EQ | CVD=1245369 vs Ref=2488079 | Close=268.30 vs VAH=268.10
2026-02-04 14:50:20,943 [INFO]     NSE:ASHOKLEY-EQ | CVD=360040 vs Ref=931338 | Close=200.90 vs VAH=204.45
2026-02-04 14:50:21,160 [INFO]     NSE:IOC-EQ | CVD=4402794 vs Ref=5567212 | Close=172.43 vs VAH=173.20
2026-02-04 14:51:21,161 [INFO] 🔍 Scanning for alerts on 10 symbols (5min)...
2026-02-04 14:51:21,402 [INFO]     NSE:POLYCAB-EQ | CVD=-13606 vs Ref=33384 | Close=7625.00 vs VAH=7626.00
2026-02-04 14:51:21,639 [INFO]     NSE:APLAPOLLO-EQ | CVD=-89211 vs Ref=94426 | Close=2177.60 vs VAH=2162.55
2026-02-04 14:51:21,911 [INFO]     NSE:HINDPETRO-EQ | CVD=1370496 vs Ref=1861852 | Close=459.35 vs VAH=463.95
2026-02-04 14:51:22,268 [INFO]     NSE:COALINDIA-EQ | CVD=763515 vs Ref=542308 | Close=434.10 vs VAH=440.30
2026-02-04 14:51:22,541 [INFO]     NSE:BPCL-EQ | CVD=1014843 vs Ref=1362158 | Close=381.30 vs VAH=382.20
2026-02-04 14:51:22,788 [INFO]     NSE:NATIONALUM-EQ | CVD=442863 vs Ref=35952 | Close=374.05 vs VAH=377.55
2026-02-04 14:51:23,062 [INFO]     NSE:EXIDEIND-EQ | CVD=871500 vs Ref=1572747 | Close=342.00 vs VAH=344.25
2026-02-04 14:51:23,325 [INFO]     NSE:ONGC-EQ | CVD=1271271 vs Ref=2488079 | Close=268.60 vs VAH=268.10
2026-02-04 14:51:23,636 [INFO]     NSE:ASHOKLEY-EQ | CVD=109224 vs Ref=931338 | Close=200.40 vs VAH=204.45
2026-02-04 14:51:24,019 [INFO]     NSE:IOC-EQ | CVD=4723699 vs Ref=5567212 | Close=172.75 vs VAH=173.20
2026-02-04 14:52:24,022 [INFO] 🔍 Scanning for alerts on 10 symbols (5min)...
2026-02-04 14:52:24,259 [INFO]     NSE:POLYCAB-EQ | CVD=-13606 vs Ref=33384 | Close=7625.00 vs VAH=7626.00
2026-02-04 14:52:24,513 [INFO]     NSE:APLAPOLLO-EQ | CVD=-89211 vs Ref=94426 | Close=2177.60 vs VAH=2162.55
2026-02-04 14:52:24,748 [INFO]     NSE:HINDPETRO-EQ | CVD=1370496 vs Ref=1861852 | Close=459.35 vs VAH=463.95
2026-02-04 14:52:25,004 [INFO]     NSE:COALINDIA-EQ | CVD=763515 vs Ref=542308 | Close=434.10 vs VAH=440.30
2026-02-04 14:52:25,245 [INFO]     NSE:BPCL-EQ | CVD=1014843 vs Ref=1362158 | Close=381.30 vs VAH=382.20
2026-02-04 14:52:25,480 [INFO]     NSE:NATIONALUM-EQ | CVD=442863 vs Ref=35952 | Close=374.05 vs VAH=377.55
2026-02-04 14:52:25,720 [INFO]     NSE:EXIDEIND-EQ | CVD=871500 vs Ref=1572747 | Close=342.00 vs VAH=344.25
2026-02-04 14:52:25,967 [INFO]     NSE:ONGC-EQ | CVD=1271271 vs Ref=2488079 | Close=268.60 vs VAH=268.10
2026-02-04 14:52:26,375 [INFO]     NSE:ASHOKLEY-EQ | CVD=109224 vs Ref=931338 | Close=200.40 vs VAH=204.45
2026-02-04 14:52:26,731 [INFO]     NSE:IOC-EQ | CVD=4723699 vs Ref=5567212 | Close=172.75 vs VAH=173.20
2026-02-04 14:53:26,733 [INFO] 🔍 Scanning for alerts on 10 symbols (5min)...
2026-02-04 14:53:27,069 [INFO]     NSE:POLYCAB-EQ | CVD=-13606 vs Ref=33384 | Close=7625.00 vs VAH=7626.00
2026-02-04 14:53:27,335 [INFO]     NSE:APLAPOLLO-EQ | CVD=-89211 vs Ref=94426 | Close=2177.60 vs VAH=2162.55
2026-02-04 14:53:27,576 [INFO]     NSE:HINDPETRO-EQ | CVD=1370496 vs Ref=1861852 | Close=459.35 vs VAH=463.95
2026-02-04 14:53:27,864 [INFO]     NSE:COALINDIA-EQ | CVD=763515 vs Ref=542308 | Close=434.10 vs VAH=440.30
2026-02-04 14:53:28,125 [INFO]     NSE:BPCL-EQ | CVD=1014843 vs Ref=1362158 | Close=381.30 vs VAH=382.20
2026-02-04 14:53:28,410 [INFO]     NSE:NATIONALUM-EQ | CVD=442863 vs Ref=35952 | Close=374.05 vs VAH=377.55
2026-02-04 14:53:28,683 [INFO]     NSE:EXIDEIND-EQ | CVD=871500 vs Ref=1572747 | Close=342.00 vs VAH=344.25
2026-02-04 14:53:28,984 [INFO]     NSE:ONGC-EQ | CVD=1271271 vs Ref=2488079 | Close=268.60 vs VAH=268.10
2026-02-04 14:53:29,266 [INFO]     NSE:ASHOKLEY-EQ | CVD=109224 vs Ref=931338 | Close=200.40 vs VAH=204.45
2026-02-04 14:53:29,544 [INFO]     NSE:IOC-EQ | CVD=4723699 vs Ref=5567212 | Close=172.75 vs VAH=173.20
2026-02-04 14:54:29,546 [INFO] 🔍 Scanning for alerts on 10 symbols (5min)...
2026-02-04 14:54:29,798 [INFO]     NSE:POLYCAB-EQ | CVD=-13606 vs Ref=33384 | Close=7625.00 vs VAH=7626.00
2026-02-04 14:54:30,076 [INFO]     NSE:APLAPOLLO-EQ | CVD=-89211 vs Ref=94426 | Close=2177.60 vs VAH=2162.55
2026-02-04 14:54:30,331 [INFO]     NSE:HINDPETRO-EQ | CVD=1370496 vs Ref=1861852 | Close=459.35 vs VAH=463.95
2026-02-04 14:54:30,573 [INFO]     NSE:COALINDIA-EQ | CVD=763515 vs Ref=542308 | Close=434.10 vs VAH=440.30
2026-02-04 14:54:30,920 [INFO]     NSE:BPCL-EQ | CVD=1014843 vs Ref=1362158 | Close=381.30 vs VAH=382.20
2026-02-04 14:54:31,147 [INFO]     NSE:NATIONALUM-EQ | CVD=442863 vs Ref=35952 | Close=374.05 vs VAH=377.55
2026-02-04 14:54:31,408 [INFO]     NSE:EXIDEIND-EQ | CVD=871500 vs Ref=1572747 | Close=342.00 vs VAH=344.25
2026-02-04 14:54:31,656 [INFO]     NSE:ONGC-EQ | CVD=1271271 vs Ref=2488079 | Close=268.60 vs VAH=268.10
2026-02-04 14:54:31,891 [INFO]     NSE:ASHOKLEY-EQ | CVD=109224 vs Ref=931338 | Close=200.40 vs VAH=204.45
2026-02-04 14:54:32,150 [INFO]     NSE:IOC-EQ | CVD=4723699 vs Ref=5567212 | Close=172.75 vs VAH=173.20
2026-02-04 14:55:32,151 [INFO] 🔍 Scanning for alerts on 10 symbols (5min)...
2026-02-04 14:55:32,413 [INFO]     NSE:POLYCAB-EQ | CVD=-13606 vs Ref=33384 | Close=7625.00 vs VAH=7626.00
2026-02-04 14:55:32,665 [INFO]     NSE:APLAPOLLO-EQ | CVD=-89211 vs Ref=94426 | Close=2177.60 vs VAH=2162.55
2026-02-04 14:55:32,871 [INFO]     NSE:HINDPETRO-EQ | CVD=1370496 vs Ref=1861852 | Close=459.35 vs VAH=463.95
2026-02-04 14:55:33,109 [INFO]     NSE:COALINDIA-EQ | CVD=763515 vs Ref=542308 | Close=434.10 vs VAH=440.30
2026-02-04 14:55:33,385 [INFO]     NSE:BPCL-EQ | CVD=1014843 vs Ref=1362158 | Close=381.30 vs VAH=382.20
2026-02-04 14:55:33,629 [INFO]     NSE:NATIONALUM-EQ | CVD=442863 vs Ref=35952 | Close=374.05 vs VAH=377.55
2026-02-04 14:55:33,877 [INFO]     NSE:EXIDEIND-EQ | CVD=871500 vs Ref=1572747 | Close=342.00 vs VAH=344.25
2026-02-04 14:55:34,109 [INFO]     NSE:ONGC-EQ | CVD=1271271 vs Ref=2488079 | Close=268.60 vs VAH=268.10
2026-02-04 14:55:34,358 [INFO]     NSE:ASHOKLEY-EQ | CVD=109224 vs Ref=931338 | Close=200.40 vs VAH=204.45
2026-02-04 14:55:34,590 [INFO]     NSE:IOC-EQ | CVD=4723699 vs Ref=5567212 | Close=172.75 vs VAH=173.20
2026-02-04 14:56:34,591 [INFO] 🔍 Scanning for alerts on 10 symbols (5min)...
2026-02-04 14:56:34,847 [INFO]     NSE:POLYCAB-EQ | CVD=-15422 vs Ref=33384 | Close=7620.50 vs VAH=7626.00
2026-02-04 14:56:35,099 [INFO]     NSE:APLAPOLLO-EQ | CVD=-91486 vs Ref=94426 | Close=2176.00 vs VAH=2162.55
2026-02-04 14:56:35,327 [INFO]     NSE:HINDPETRO-EQ | CVD=1385157 vs Ref=1861852 | Close=459.70 vs VAH=463.95
2026-02-04 14:56:35,564 [INFO]     NSE:COALINDIA-EQ | CVD=780661 vs Ref=542308 | Close=434.75 vs VAH=440.30
2026-02-04 14:56:35,817 [INFO]     NSE:BPCL-EQ | CVD=1071108 vs Ref=1362158 | Close=381.80 vs VAH=382.20
2026-02-04 14:56:36,111 [INFO]     NSE:NATIONALUM-EQ | CVD=443730 vs Ref=35952 | Close=374.10 vs VAH=377.55
2026-02-04 14:56:36,392 [INFO]     NSE:EXIDEIND-EQ | CVD=878319 vs Ref=1572747 | Close=342.00 vs VAH=344.25
2026-02-04 14:56:36,628 [INFO]     NSE:ONGC-EQ | CVD=1318074 vs Ref=2488079 | Close=268.80 vs VAH=268.10
2026-02-04 14:56:36,861 [INFO]     NSE:ASHOKLEY-EQ | CVD=207828 vs Ref=931338 | Close=200.63 vs VAH=204.45
2026-02-04 14:56:37,136 [INFO]     NSE:IOC-EQ | CVD=4989163 vs Ref=5567212 | Close=172.85 vs VAH=173.20
2026-02-04 14:57:37,137 [INFO] 🔍 Scanning for alerts on 10 symbols (5min)...
2026-02-04 14:57:37,379 [INFO]     NSE:POLYCAB-EQ | CVD=-15422 vs Ref=33384 | Close=7620.50 vs VAH=7626.00
2026-02-04 14:57:37,608 [INFO]     NSE:APLAPOLLO-EQ | CVD=-91486 vs Ref=94426 | Close=2176.00 vs VAH=2162.55
2026-02-04 14:57:37,833 [INFO]     NSE:HINDPETRO-EQ | CVD=1385157 vs Ref=1861852 | Close=459.70 vs VAH=463.95
2026-02-04 14:57:38,069 [INFO]     NSE:COALINDIA-EQ | CVD=780661 vs Ref=542308 | Close=434.75 vs VAH=440.30
2026-02-04 14:57:38,303 [INFO]     NSE:BPCL-EQ | CVD=1071108 vs Ref=1362158 | Close=381.80 vs VAH=382.20
2026-02-04 14:57:38,522 [INFO]     NSE:NATIONALUM-EQ | CVD=443730 vs Ref=35952 | Close=374.10 vs VAH=377.55
2026-02-04 14:57:38,757 [INFO]     NSE:EXIDEIND-EQ | CVD=878319 vs Ref=1572747 | Close=342.00 vs VAH=344.25
2026-02-04 14:57:38,983 [INFO]     NSE:ONGC-EQ | CVD=1318074 vs Ref=2488079 | Close=268.80 vs VAH=268.10
2026-02-04 14:57:39,222 [INFO]     NSE:ASHOKLEY-EQ | CVD=207828 vs Ref=931338 | Close=200.63 vs VAH=204.45
2026-02-04 14:57:39,496 [INFO]     NSE:IOC-EQ | CVD=4989163 vs Ref=5567212 | Close=172.85 vs VAH=173.20
2026-02-04 14:58:39,498 [INFO] 🔍 Scanning for alerts on 10 symbols (5min)...
2026-02-04 14:58:39,725 [INFO]     NSE:POLYCAB-EQ | CVD=-15422 vs Ref=33384 | Close=7620.50 vs VAH=7626.00
2026-02-04 14:58:39,938 [INFO]     NSE:APLAPOLLO-EQ | CVD=-91486 vs Ref=94426 | Close=2176.00 vs VAH=2162.55
2026-02-04 14:58:40,167 [INFO]     NSE:HINDPETRO-EQ | CVD=1385157 vs Ref=1861852 | Close=459.70 vs VAH=463.95
2026-02-04 14:58:40,408 [INFO]     NSE:COALINDIA-EQ | CVD=780661 vs Ref=542308 | Close=434.75 vs VAH=440.30
2026-02-04 14:58:40,669 [INFO]     NSE:BPCL-EQ | CVD=1071108 vs Ref=1362158 | Close=381.80 vs VAH=382.20
2026-02-04 14:58:40,885 [INFO]     NSE:NATIONALUM-EQ | CVD=443730 vs Ref=35952 | Close=374.10 vs VAH=377.55
2026-02-04 14:58:41,137 [INFO]     NSE:EXIDEIND-EQ | CVD=878319 vs Ref=1572747 | Close=342.00 vs VAH=344.25
2026-02-04 14:58:41,340 [INFO]     NSE:ONGC-EQ | CVD=1318074 vs Ref=2488079 | Close=268.80 vs VAH=268.10
2026-02-04 14:58:41,559 [INFO]     NSE:ASHOKLEY-EQ | CVD=207828 vs Ref=931338 | Close=200.63 vs VAH=204.45
2026-02-04 14:58:41,798 [INFO]     NSE:IOC-EQ | CVD=4989163 vs Ref=5567212 | Close=172.85 vs VAH=173.20
2026-02-04 14:59:41,800 [INFO] 🔍 Scanning for alerts on 10 symbols (5min)...
2026-02-04 14:59:42,086 [INFO]     NSE:POLYCAB-EQ | CVD=-15422 vs Ref=33384 | Close=7620.50 vs VAH=7626.00
2026-02-04 14:59:42,302 [INFO]     NSE:APLAPOLLO-EQ | CVD=-91486 vs Ref=94426 | Close=2176.00 vs VAH=2162.55
2026-02-04 14:59:42,534 [INFO]     NSE:HINDPETRO-EQ | CVD=1385157 vs Ref=1861852 | Close=459.70 vs VAH=463.95
2026-02-04 14:59:42,763 [INFO]     NSE:COALINDIA-EQ | CVD=780661 vs Ref=542308 | Close=434.75 vs VAH=440.30
2026-02-04 14:59:43,013 [INFO]     NSE:BPCL-EQ | CVD=1071108 vs Ref=1362158 | Close=381.80 vs VAH=382.20
2026-02-04 14:59:43,774 [INFO]     NSE:NATIONALUM-EQ | CVD=443730 vs Ref=35952 | Close=374.10 vs VAH=377.55
2026-02-04 14:59:44,073 [INFO]     NSE:EXIDEIND-EQ | CVD=878319 vs Ref=1572747 | Close=342.00 vs VAH=344.25
2026-02-04 14:59:44,278 [INFO]     NSE:ONGC-EQ | CVD=1318074 vs Ref=2488079 | Close=268.80 vs VAH=268.10
2026-02-04 14:59:44,505 [INFO]     NSE:ASHOKLEY-EQ | CVD=207828 vs Ref=931338 | Close=200.63 vs VAH=204.45
2026-02-04 14:59:44,734 [INFO]     NSE:IOC-EQ | CVD=4989163 vs Ref=5567212 | Close=172.85 vs VAH=173.20
2026-02-04 15:00:44,737 [INFO] 🔍 Scanning for alerts on 10 symbols (5min)...
2026-02-04 15:00:44,999 [INFO]     NSE:POLYCAB-EQ | CVD=-15422 vs Ref=33384 | Close=7620.50 vs VAH=7626.00
2026-02-04 15:00:45,249 [INFO]     NSE:APLAPOLLO-EQ | CVD=-91486 vs Ref=94426 | Close=2176.00 vs VAH=2162.55
2026-02-04 15:00:45,508 [INFO]     NSE:HINDPETRO-EQ | CVD=1385157 vs Ref=1861852 | Close=459.70 vs VAH=463.95
2026-02-04 15:00:47,198 [INFO]     NSE:COALINDIA-EQ | CVD=780661 vs Ref=542308 | Close=434.75 vs VAH=440.30
2026-02-04 15:00:47,451 [INFO]     NSE:BPCL-EQ | CVD=1071108 vs Ref=1362158 | Close=381.80 vs VAH=382.20
2026-02-04 15:00:47,692 [INFO]     NSE:NATIONALUM-EQ | CVD=443730 vs Ref=35952 | Close=374.10 vs VAH=377.55
2026-02-04 15:00:47,958 [INFO]     NSE:EXIDEIND-EQ | CVD=878319 vs Ref=1572747 | Close=342.00 vs VAH=344.25
2026-02-04 15:00:48,214 [INFO]     NSE:ONGC-EQ | CVD=1318074 vs Ref=2488079 | Close=268.80 vs VAH=268.10
2026-02-04 15:00:48,471 [INFO]     NSE:ASHOKLEY-EQ | CVD=207828 vs Ref=931338 | Close=200.63 vs VAH=204.45
2026-02-04 15:00:48,739 [INFO]     NSE:IOC-EQ | CVD=4989163 vs Ref=5567212 | Close=172.85 vs VAH=173.20
2026-02-04 15:01:48,741 [INFO] 🔍 Scanning for alerts on 10 symbols (5min)...
2026-02-04 15:01:48,970 [INFO]     NSE:POLYCAB-EQ | CVD=-16006 vs Ref=33384 | Close=7616.00 vs VAH=7626.00
2026-02-04 15:01:49,212 [INFO]     NSE:APLAPOLLO-EQ | CVD=-98048 vs Ref=94426 | Close=2174.20 vs VAH=2162.55
2026-02-04 15:01:49,465 [INFO]     NSE:HINDPETRO-EQ | CVD=1351673 vs Ref=1861852 | Close=458.85 vs VAH=463.95
2026-02-04 15:01:49,705 [INFO]     NSE:COALINDIA-EQ | CVD=816279 vs Ref=542308 | Close=434.80 vs VAH=440.30
2026-02-04 15:01:50,985 [INFO]     NSE:BPCL-EQ | CVD=1056746 vs Ref=1362158 | Close=381.65 vs VAH=382.20
2026-02-04 15:01:51,218 [INFO]     NSE:NATIONALUM-EQ | CVD=344345 vs Ref=35952 | Close=373.75 vs VAH=377.55
2026-02-04 15:01:51,482 [INFO]     NSE:EXIDEIND-EQ | CVD=879649 vs Ref=1572747 | Close=341.60 vs VAH=344.25
2026-02-04 15:01:51,731 [INFO]     NSE:ONGC-EQ | CVD=1160440 vs Ref=2488079 | Close=268.40 vs VAH=268.10
2026-02-04 15:01:51,986 [INFO]     NSE:ASHOKLEY-EQ | CVD=93173 vs Ref=931338 | Close=200.45 vs VAH=204.45
2026-02-04 15:01:52,252 [INFO]     NSE:IOC-EQ | CVD=5026555 vs Ref=5567212 | Close=172.74 vs VAH=173.20
2026-02-04 15:02:52,253 [INFO] 🔍 Scanning for alerts on 10 symbols (5min)...
2026-02-04 15:02:52,520 [INFO]     NSE:POLYCAB-EQ | CVD=-16006 vs Ref=33384 | Close=7616.00 vs VAH=7626.00
2026-02-04 15:02:54,427 [INFO]     NSE:APLAPOLLO-EQ | CVD=-98048 vs Ref=94426 | Close=2174.20 vs VAH=2162.55
2026-02-04 15:02:54,677 [INFO]     NSE:HINDPETRO-EQ | CVD=1351673 vs Ref=1861852 | Close=458.85 vs VAH=463.95
2026-02-04 15:02:54,963 [INFO]     NSE:COALINDIA-EQ | CVD=816279 vs Ref=542308 | Close=434.80 vs VAH=440.30
2026-02-04 15:02:55,199 [INFO]     NSE:BPCL-EQ | CVD=1056746 vs Ref=1362158 | Close=381.65 vs VAH=382.20
2026-02-04 15:02:55,483 [INFO]     NSE:NATIONALUM-EQ | CVD=344345 vs Ref=35952 | Close=373.75 vs VAH=377.55
2026-02-04 15:02:55,776 [INFO]     NSE:EXIDEIND-EQ | CVD=879649 vs Ref=1572747 | Close=341.60 vs VAH=344.25
2026-02-04 15:02:56,033 [INFO]     NSE:ONGC-EQ | CVD=1160440 vs Ref=2488079 | Close=268.40 vs VAH=268.10
2026-02-04 15:02:56,290 [INFO]     NSE:ASHOKLEY-EQ | CVD=93173 vs Ref=931338 | Close=200.45 vs VAH=204.45
2026-02-04 15:02:56,559 [INFO]     NSE:IOC-EQ | CVD=5026555 vs Ref=5567212 | Close=172.74 vs VAH=173.20
2026-02-04 15:03:56,561 [INFO] 🔍 Scanning for alerts on 10 symbols (5min)...
2026-02-04 15:03:56,804 [INFO]     NSE:POLYCAB-EQ | CVD=-16006 vs Ref=33384 | Close=7616.00 vs VAH=7626.00
2026-02-04 15:03:57,110 [INFO]     NSE:APLAPOLLO-EQ | CVD=-98048 vs Ref=94426 | Close=2174.20 vs VAH=2162.55
2026-02-04 15:03:58,929 [INFO]     NSE:HINDPETRO-EQ | CVD=1351673 vs Ref=1861852 | Close=458.85 vs VAH=463.95
2026-02-04 15:03:59,171 [INFO]     NSE:COALINDIA-EQ | CVD=816279 vs Ref=542308 | Close=434.80 vs VAH=440.30
2026-02-04 15:03:59,432 [INFO]     NSE:BPCL-EQ | CVD=1056746 vs Ref=1362158 | Close=381.65 vs VAH=382.20
2026-02-04 15:03:59,644 [INFO]     NSE:NATIONALUM-EQ | CVD=344345 vs Ref=35952 | Close=373.75 vs VAH=377.55
2026-02-04 15:03:59,881 [INFO]     NSE:EXIDEIND-EQ | CVD=879649 vs Ref=1572747 | Close=341.60 vs VAH=344.25
2026-02-04 15:04:00,165 [INFO]     NSE:ONGC-EQ | CVD=1160440 vs Ref=2488079 | Close=268.40 vs VAH=268.10
2026-02-04 15:04:00,391 [INFO]     NSE:ASHOKLEY-EQ | CVD=93173 vs Ref=931338 | Close=200.45 vs VAH=204.45
2026-02-04 15:04:00,675 [INFO]     NSE:IOC-EQ | CVD=5026555 vs Ref=5567212 | Close=172.74 vs VAH=173.20
2026-02-04 15:05:00,677 [INFO] 🔍 Scanning for alerts on 10 symbols (5min)...
2026-02-04 15:05:02,369 [INFO]     NSE:POLYCAB-EQ | CVD=-16006 vs Ref=33384 | Close=7616.00 vs VAH=7626.00
2026-02-04 15:05:02,723 [INFO]     NSE:APLAPOLLO-EQ | CVD=-98048 vs Ref=94426 | Close=2174.20 vs VAH=2162.55
2026-02-04 15:05:03,045 [INFO]     NSE:HINDPETRO-EQ | CVD=1351673 vs Ref=1861852 | Close=458.85 vs VAH=463.95
2026-02-04 15:05:03,387 [INFO]     NSE:COALINDIA-EQ | CVD=816279 vs Ref=542308 | Close=434.80 vs VAH=440.30
2026-02-04 15:05:03,721 [INFO]     NSE:BPCL-EQ | CVD=1056746 vs Ref=1362158 | Close=381.65 vs VAH=382.20
2026-02-04 15:05:04,068 [INFO]     NSE:NATIONALUM-EQ | CVD=344345 vs Ref=35952 | Close=373.75 vs VAH=377.55
2026-02-04 15:05:04,380 [INFO]     NSE:EXIDEIND-EQ | CVD=879649 vs Ref=1572747 | Close=341.60 vs VAH=344.25
2026-02-04 15:05:04,660 [INFO]     NSE:ONGC-EQ | CVD=1160440 vs Ref=2488079 | Close=268.40 vs VAH=268.10
2026-02-04 15:05:04,901 [INFO]     NSE:ASHOKLEY-EQ | CVD=93173 vs Ref=931338 | Close=200.45 vs VAH=204.45
2026-02-04 15:05:05,141 [INFO]     NSE:IOC-EQ | CVD=5026555 vs Ref=5567212 | Close=172.74 vs VAH=173.20
2026-02-04 15:06:05,144 [INFO] 🔍 Scanning for alerts on 10 symbols (5min)...
2026-02-04 15:06:05,424 [INFO]     NSE:POLYCAB-EQ | CVD=-15791 vs Ref=33384 | Close=7628.00 vs VAH=7626.00
2026-02-04 15:06:05,677 [INFO]     NSE:APLAPOLLO-EQ | CVD=-104244 vs Ref=94426 | Close=2174.40 vs VAH=2162.55
2026-02-04 15:06:05,914 [INFO]     NSE:HINDPETRO-EQ | CVD=1406361 vs Ref=1861852 | Close=459.00 vs VAH=463.95
2026-02-04 15:06:06,153 [INFO]     NSE:COALINDIA-EQ | CVD=862202 vs Ref=542308 | Close=435.15 vs VAH=440.30
2026-02-04 15:06:06,467 [INFO]     NSE:BPCL-EQ | CVD=1090325 vs Ref=1362158 | Close=381.80 vs VAH=382.20
2026-02-04 15:06:06,729 [INFO]     NSE:NATIONALUM-EQ | CVD=390853 vs Ref=35952 | Close=373.95 vs VAH=377.55
2026-02-04 15:06:06,987 [INFO]     NSE:EXIDEIND-EQ | CVD=860559 vs Ref=1572747 | Close=341.40 vs VAH=344.25
2026-02-04 15:06:07,261 [INFO]     NSE:ONGC-EQ | CVD=802768 vs Ref=2488079 | Close=268.20 vs VAH=268.10
2026-02-04 15:06:07,476 [INFO]     NSE:ASHOKLEY-EQ | CVD=110955 vs Ref=931338 | Close=200.92 vs VAH=204.45
2026-02-04 15:06:07,735 [INFO]     NSE:IOC-EQ | CVD=5293577 vs Ref=5567212 | Close=172.88 vs VAH=173.20
2026-02-04 15:07:07,737 [INFO] 🔍 Scanning for alerts on 10 symbols (5min)...
2026-02-04 15:07:08,055 [INFO]     NSE:POLYCAB-EQ | CVD=-15791 vs Ref=33384 | Close=7628.00 vs VAH=7626.00
2026-02-04 15:07:08,329 [INFO]     NSE:APLAPOLLO-EQ | CVD=-104244 vs Ref=94426 | Close=2174.40 vs VAH=2162.55
2026-02-04 15:07:08,596 [INFO]     NSE:HINDPETRO-EQ | CVD=1406361 vs Ref=1861852 | Close=459.00 vs VAH=463.95
2026-02-04 15:07:08,870 [INFO]     NSE:COALINDIA-EQ | CVD=862202 vs Ref=542308 | Close=435.15 vs VAH=440.30
2026-02-04 15:07:09,151 [INFO]     NSE:BPCL-EQ | CVD=1090325 vs Ref=1362158 | Close=381.80 vs VAH=382.20
2026-02-04 15:07:09,429 [INFO]     NSE:NATIONALUM-EQ | CVD=390853 vs Ref=35952 | Close=373.95 vs VAH=377.55
2026-02-04 15:07:09,683 [INFO]     NSE:EXIDEIND-EQ | CVD=860559 vs Ref=1572747 | Close=341.40 vs VAH=344.25
2026-02-04 15:07:09,923 [INFO]     NSE:ONGC-EQ | CVD=802768 vs Ref=2488079 | Close=268.20 vs VAH=268.10
2026-02-04 15:07:10,174 [INFO]     NSE:ASHOKLEY-EQ | CVD=110955 vs Ref=931338 | Close=200.92 vs VAH=204.45
2026-02-04 15:07:10,422 [INFO]     NSE:IOC-EQ | CVD=5293577 vs Ref=5567212 | Close=172.88 vs VAH=173.20
2026-02-04 15:08:10,423 [INFO] 🔍 Scanning for alerts on 10 symbols (5min)...
2026-02-04 15:08:10,724 [INFO]     NSE:POLYCAB-EQ | CVD=-15791 vs Ref=33384 | Close=7628.00 vs VAH=7626.00
2026-02-04 15:08:11,004 [INFO]     NSE:APLAPOLLO-EQ | CVD=-104244 vs Ref=94426 | Close=2174.40 vs VAH=2162.55
2026-02-04 15:08:11,232 [INFO]     NSE:HINDPETRO-EQ | CVD=1406361 vs Ref=1861852 | Close=459.00 vs VAH=463.95
2026-02-04 15:08:11,507 [INFO]     NSE:COALINDIA-EQ | CVD=862202 vs Ref=542308 | Close=435.15 vs VAH=440.30
2026-02-04 15:08:11,776 [INFO]     NSE:BPCL-EQ | CVD=1090325 vs Ref=1362158 | Close=381.80 vs VAH=382.20
2026-02-04 15:08:12,031 [INFO]     NSE:NATIONALUM-EQ | CVD=390853 vs Ref=35952 | Close=373.95 vs VAH=377.55
2026-02-04 15:08:12,306 [INFO]     NSE:EXIDEIND-EQ | CVD=860559 vs Ref=1572747 | Close=341.40 vs VAH=344.25
2026-02-04 15:08:12,553 [INFO]     NSE:ONGC-EQ | CVD=802768 vs Ref=2488079 | Close=268.20 vs VAH=268.10
2026-02-04 15:08:12,804 [INFO]     NSE:ASHOKLEY-EQ | CVD=110955 vs Ref=931338 | Close=200.92 vs VAH=204.45
2026-02-04 15:08:13,075 [INFO]     NSE:IOC-EQ | CVD=5293577 vs Ref=5567212 | Close=172.88 vs VAH=173.20
2026-02-04 15:09:13,077 [INFO] 🔍 Scanning for alerts on 10 symbols (5min)...
2026-02-04 15:09:13,315 [INFO]     NSE:POLYCAB-EQ | CVD=-15791 vs Ref=33384 | Close=7628.00 vs VAH=7626.00
2026-02-04 15:09:13,555 [INFO]     NSE:APLAPOLLO-EQ | CVD=-104244 vs Ref=94426 | Close=2174.40 vs VAH=2162.55
2026-02-04 15:09:13,824 [INFO]     NSE:HINDPETRO-EQ | CVD=1406361 vs Ref=1861852 | Close=459.00 vs VAH=463.95
2026-02-04 15:09:14,077 [INFO]     NSE:COALINDIA-EQ | CVD=862202 vs Ref=542308 | Close=435.15 vs VAH=440.30
2026-02-04 15:09:14,328 [INFO]     NSE:BPCL-EQ | CVD=1090325 vs Ref=1362158 | Close=381.80 vs VAH=382.20
2026-02-04 15:09:14,573 [INFO]     NSE:NATIONALUM-EQ | CVD=390853 vs Ref=35952 | Close=373.95 vs VAH=377.55
2026-02-04 15:09:14,821 [INFO]     NSE:EXIDEIND-EQ | CVD=860559 vs Ref=1572747 | Close=341.40 vs VAH=344.25
2026-02-04 15:09:15,092 [INFO]     NSE:ONGC-EQ | CVD=802768 vs Ref=2488079 | Close=268.20 vs VAH=268.10
2026-02-04 15:09:15,353 [INFO]     NSE:ASHOKLEY-EQ | CVD=110955 vs Ref=931338 | Close=200.92 vs VAH=204.45
2026-02-04 15:09:15,600 [INFO]     NSE:IOC-EQ | CVD=5293577 vs Ref=5567212 | Close=172.88 vs VAH=173.20
2026-02-04 15:10:15,602 [INFO] 🔍 Scanning for alerts on 10 symbols (5min)...
2026-02-04 15:10:15,838 [INFO]     NSE:POLYCAB-EQ | CVD=-15791 vs Ref=33384 | Close=7628.00 vs VAH=7626.00
2026-02-04 15:10:16,084 [INFO]     NSE:APLAPOLLO-EQ | CVD=-104244 vs Ref=94426 | Close=2174.40 vs VAH=2162.55
2026-02-04 15:10:16,446 [INFO]     NSE:HINDPETRO-EQ | CVD=1406361 vs Ref=1861852 | Close=459.00 vs VAH=463.95
2026-02-04 15:10:16,702 [INFO]     NSE:COALINDIA-EQ | CVD=862202 vs Ref=542308 | Close=435.15 vs VAH=440.30
2026-02-04 15:10:16,996 [INFO]     NSE:BPCL-EQ | CVD=1090325 vs Ref=1362158 | Close=381.80 vs VAH=382.20
2026-02-04 15:10:17,212 [INFO]     NSE:NATIONALUM-EQ | CVD=390853 vs Ref=35952 | Close=373.95 vs VAH=377.55
2026-02-04 15:10:17,467 [INFO]     NSE:EXIDEIND-EQ | CVD=860559 vs Ref=1572747 | Close=341.40 vs VAH=344.25
2026-02-04 15:10:17,709 [INFO]     NSE:ONGC-EQ | CVD=802768 vs Ref=2488079 | Close=268.20 vs VAH=268.10
2026-02-04 15:10:18,001 [INFO]     NSE:ASHOKLEY-EQ | CVD=110955 vs Ref=931338 | Close=200.92 vs VAH=204.45
2026-02-04 15:10:18,252 [INFO]     NSE:IOC-EQ | CVD=5293577 vs Ref=5567212 | Close=172.88 vs VAH=173.20
2026-02-04 15:11:18,254 [INFO] 🔍 Scanning for alerts on 10 symbols (5min)...
2026-02-04 15:11:18,513 [INFO]     NSE:POLYCAB-EQ | CVD=-21406 vs Ref=33384 | Close=7620.00 vs VAH=7626.00
2026-02-04 15:11:18,786 [INFO]     NSE:APLAPOLLO-EQ | CVD=-106789 vs Ref=94426 | Close=2171.60 vs VAH=2162.55
2026-02-04 15:11:19,035 [INFO]     NSE:HINDPETRO-EQ | CVD=1372455 vs Ref=1861852 | Close=459.00 vs VAH=463.95
2026-02-04 15:11:19,289 [INFO]     NSE:COALINDIA-EQ | CVD=852827 vs Ref=542308 | Close=435.50 vs VAH=440.30
2026-02-04 15:11:19,557 [INFO]     NSE:BPCL-EQ | CVD=1130012 vs Ref=1362158 | Close=381.90 vs VAH=382.20
2026-02-04 15:11:19,829 [INFO]     NSE:NATIONALUM-EQ | CVD=431543 vs Ref=35952 | Close=374.40 vs VAH=377.55
2026-02-04 15:11:20,083 [INFO]     NSE:EXIDEIND-EQ | CVD=871544 vs Ref=1572747 | Close=342.10 vs VAH=344.25
2026-02-04 15:11:20,351 [INFO]     NSE:ONGC-EQ | CVD=1025940 vs Ref=2488079 | Close=268.30 vs VAH=268.10
2026-02-04 15:11:20,602 [INFO]     NSE:ASHOKLEY-EQ | CVD=-240095 vs Ref=931338 | Close=200.87 vs VAH=204.45
2026-02-04 15:11:20,890 [INFO]     NSE:IOC-EQ | CVD=5355264 vs Ref=5567212 | Close=172.87 vs VAH=173.20
2026-02-04 15:12:20,891 [INFO] 🔍 Scanning for alerts on 10 symbols (5min)...
2026-02-04 15:12:21,132 [INFO]     NSE:POLYCAB-EQ | CVD=-21406 vs Ref=33384 | Close=7620.00 vs VAH=7626.00
2026-02-04 15:12:21,369 [INFO]     NSE:APLAPOLLO-EQ | CVD=-106789 vs Ref=94426 | Close=2171.60 vs VAH=2162.55
2026-02-04 15:12:21,666 [INFO]     NSE:HINDPETRO-EQ | CVD=1372455 vs Ref=1861852 | Close=459.00 vs VAH=463.95
2026-02-04 15:12:21,961 [INFO]     NSE:COALINDIA-EQ | CVD=852827 vs Ref=542308 | Close=435.50 vs VAH=440.30
2026-02-04 15:12:22,302 [INFO]     NSE:BPCL-EQ | CVD=1130012 vs Ref=1362158 | Close=381.90 vs VAH=382.20
2026-02-04 15:12:22,544 [INFO]     NSE:NATIONALUM-EQ | CVD=431543 vs Ref=35952 | Close=374.40 vs VAH=377.55
2026-02-04 15:12:22,825 [INFO]     NSE:EXIDEIND-EQ | CVD=871544 vs Ref=1572747 | Close=342.10 vs VAH=344.25
2026-02-04 15:12:23,120 [INFO]     NSE:ONGC-EQ | CVD=1025940 vs Ref=2488079 | Close=268.30 vs VAH=268.10
2026-02-04 15:12:23,392 [INFO]     NSE:ASHOKLEY-EQ | CVD=-240095 vs Ref=931338 | Close=200.87 vs VAH=204.45
2026-02-04 15:12:23,642 [INFO]     NSE:IOC-EQ | CVD=5355264 vs Ref=5567212 | Close=172.87 vs VAH=173.20
2026-02-04 15:13:23,643 [INFO] 🔍 Scanning for alerts on 10 symbols (5min)...
2026-02-04 15:13:23,908 [INFO]     NSE:POLYCAB-EQ | CVD=-21406 vs Ref=33384 | Close=7620.00 vs VAH=7626.00
2026-02-04 15:13:24,144 [INFO]     NSE:APLAPOLLO-EQ | CVD=-106789 vs Ref=94426 | Close=2171.60 vs VAH=2162.55
2026-02-04 15:13:24,389 [INFO]     NSE:HINDPETRO-EQ | CVD=1372455 vs Ref=1861852 | Close=459.00 vs VAH=463.95
2026-02-04 15:13:24,639 [INFO]     NSE:COALINDIA-EQ | CVD=852827 vs Ref=542308 | Close=435.50 vs VAH=440.30
2026-02-04 15:13:24,893 [INFO]     NSE:BPCL-EQ | CVD=1130012 vs Ref=1362158 | Close=381.90 vs VAH=382.20
2026-02-04 15:13:25,170 [INFO]     NSE:NATIONALUM-EQ | CVD=431543 vs Ref=35952 | Close=374.40 vs VAH=377.55
2026-02-04 15:13:25,415 [INFO]     NSE:EXIDEIND-EQ | CVD=871544 vs Ref=1572747 | Close=342.10 vs VAH=344.25
2026-02-04 15:13:25,668 [INFO]     NSE:ONGC-EQ | CVD=1025940 vs Ref=2488079 | Close=268.30 vs VAH=268.10
2026-02-04 15:13:26,004 [INFO]     NSE:ASHOKLEY-EQ | CVD=-240095 vs Ref=931338 | Close=200.87 vs VAH=204.45
2026-02-04 15:13:26,451 [INFO]     NSE:IOC-EQ | CVD=5355264 vs Ref=5567212 | Close=172.87 vs VAH=173.20
2026-02-04 15:14:26,453 [INFO] 🔍 Scanning for alerts on 10 symbols (5min)...
2026-02-04 15:14:26,764 [INFO]     NSE:POLYCAB-EQ | CVD=-21406 vs Ref=33384 | Close=7620.00 vs VAH=7626.00
2026-02-04 15:14:27,029 [INFO]     NSE:APLAPOLLO-EQ | CVD=-106789 vs Ref=94426 | Close=2171.60 vs VAH=2162.55
2026-02-04 15:14:27,317 [INFO]     NSE:HINDPETRO-EQ | CVD=1372455 vs Ref=1861852 | Close=459.00 vs VAH=463.95
2026-02-04 15:14:27,593 [INFO]     NSE:COALINDIA-EQ | CVD=852827 vs Ref=542308 | Close=435.50 vs VAH=440.30
2026-02-04 15:14:27,875 [INFO]     NSE:BPCL-EQ | CVD=1130012 vs Ref=1362158 | Close=381.90 vs VAH=382.20
2026-02-04 15:14:28,150 [INFO]     NSE:NATIONALUM-EQ | CVD=431543 vs Ref=35952 | Close=374.40 vs VAH=377.55
2026-02-04 15:14:28,431 [INFO]     NSE:EXIDEIND-EQ | CVD=871544 vs Ref=1572747 | Close=342.10 vs VAH=344.25
2026-02-04 15:14:28,718 [INFO]     NSE:ONGC-EQ | CVD=1025940 vs Ref=2488079 | Close=268.30 vs VAH=268.10
2026-02-04 15:14:28,997 [INFO]     NSE:ASHOKLEY-EQ | CVD=-240095 vs Ref=931338 | Close=200.87 vs VAH=204.45
2026-02-04 15:14:29,322 [INFO]     NSE:IOC-EQ | CVD=5355264 vs Ref=5567212 | Close=172.87 vs VAH=173.20
2026-02-04 15:15:29,325 [INFO] 🔍 Scanning for alerts on 10 symbols (5min)...
2026-02-04 15:15:29,615 [INFO]     NSE:POLYCAB-EQ | CVD=-21406 vs Ref=33384 | Close=7620.00 vs VAH=7626.00
2026-02-04 15:15:29,848 [INFO]     NSE:APLAPOLLO-EQ | CVD=-106789 vs Ref=94426 | Close=2171.60 vs VAH=2162.55
2026-02-04 15:15:30,123 [INFO]     NSE:HINDPETRO-EQ | CVD=1372455 vs Ref=1861852 | Close=459.00 vs VAH=463.95
2026-02-04 15:15:30,393 [INFO]     NSE:COALINDIA-EQ | CVD=852827 vs Ref=542308 | Close=435.50 vs VAH=440.30
2026-02-04 15:15:30,684 [INFO]     NSE:BPCL-EQ | CVD=1130012 vs Ref=1362158 | Close=381.90 vs VAH=382.20
2026-02-04 15:15:30,955 [INFO]     NSE:NATIONALUM-EQ | CVD=431543 vs Ref=35952 | Close=374.40 vs VAH=377.55
2026-02-04 15:15:31,208 [INFO]     NSE:EXIDEIND-EQ | CVD=871544 vs Ref=1572747 | Close=342.10 vs VAH=344.25
2026-02-04 15:15:31,487 [INFO]     NSE:ONGC-EQ | CVD=1025940 vs Ref=2488079 | Close=268.30 vs VAH=268.10
2026-02-04 15:15:31,760 [INFO]     NSE:ASHOKLEY-EQ | CVD=-240095 vs Ref=931338 | Close=200.87 vs VAH=204.45
2026-02-04 15:15:32,017 [INFO]     NSE:IOC-EQ | CVD=5355264 vs Ref=5567212 | Close=172.87 vs VAH=173.20
2026-02-04 15:16:32,019 [INFO] 🔍 Scanning for alerts on 10 symbols (5min)...
2026-02-04 15:16:32,257 [INFO]     NSE:POLYCAB-EQ | CVD=-18477 vs Ref=33384 | Close=7620.00 vs VAH=7626.00
2026-02-04 15:16:32,536 [INFO]     NSE:APLAPOLLO-EQ | CVD=-97510 vs Ref=94426 | Close=2176.70 vs VAH=2162.55
2026-02-04 15:16:32,818 [INFO]     NSE:HINDPETRO-EQ | CVD=1007787 vs Ref=1861852 | Close=458.05 vs VAH=463.95
2026-02-04 15:16:33,088 [INFO]     NSE:COALINDIA-EQ | CVD=883232 vs Ref=542308 | Close=435.45 vs VAH=440.30
2026-02-04 15:16:33,358 [INFO]     NSE:BPCL-EQ | CVD=1291274 vs Ref=1362158 | Close=382.45 vs VAH=382.20
2026-02-04 15:16:33,626 [INFO]     NSE:NATIONALUM-EQ | CVD=572505 vs Ref=35952 | Close=375.45 vs VAH=377.55
2026-02-04 15:16:33,917 [INFO]     NSE:EXIDEIND-EQ | CVD=841978 vs Ref=1572747 | Close=341.70 vs VAH=344.25
2026-02-04 15:16:34,167 [INFO]     NSE:ONGC-EQ | CVD=26845 vs Ref=2488079 | Close=267.10 vs VAH=268.10
2026-02-04 15:16:34,434 [INFO]     NSE:ASHOKLEY-EQ | CVD=-309221 vs Ref=931338 | Close=200.95 vs VAH=204.45
2026-02-04 15:16:34,700 [INFO]     NSE:IOC-EQ | CVD=5585019 vs Ref=5567212 | Close=172.89 vs VAH=173.20
2026-02-04 15:17:34,701 [INFO] 🔍 Scanning for alerts on 10 symbols (5min)...
2026-02-04 15:17:34,965 [INFO]     NSE:POLYCAB-EQ | CVD=-18477 vs Ref=33384 | Close=7620.00 vs VAH=7626.00
2026-02-04 15:17:35,200 [INFO]     NSE:APLAPOLLO-EQ | CVD=-97510 vs Ref=94426 | Close=2176.70 vs VAH=2162.55
2026-02-04 15:17:35,480 [INFO]     NSE:HINDPETRO-EQ | CVD=1007787 vs Ref=1861852 | Close=458.05 vs VAH=463.95
2026-02-04 15:17:35,711 [INFO]     NSE:COALINDIA-EQ | CVD=883232 vs Ref=542308 | Close=435.45 vs VAH=440.30
2026-02-04 15:17:35,964 [INFO]     NSE:BPCL-EQ | CVD=1291274 vs Ref=1362158 | Close=382.45 vs VAH=382.20
2026-02-04 15:17:36,238 [INFO]     NSE:NATIONALUM-EQ | CVD=572505 vs Ref=35952 | Close=375.45 vs VAH=377.55
2026-02-04 15:17:36,487 [INFO]     NSE:EXIDEIND-EQ | CVD=841978 vs Ref=1572747 | Close=341.70 vs VAH=344.25
2026-02-04 15:17:36,736 [INFO]     NSE:ONGC-EQ | CVD=26845 vs Ref=2488079 | Close=267.10 vs VAH=268.10
2026-02-04 15:17:36,991 [INFO]     NSE:ASHOKLEY-EQ | CVD=-309221 vs Ref=931338 | Close=200.95 vs VAH=204.45
2026-02-04 15:17:37,262 [INFO]     NSE:IOC-EQ | CVD=5585019 vs Ref=5567212 | Close=172.89 vs VAH=173.20
2026-02-04 15:18:37,264 [INFO] 🔍 Scanning for alerts on 10 symbols (5min)...
2026-02-04 15:18:37,514 [INFO]     NSE:POLYCAB-EQ | CVD=-18477 vs Ref=33384 | Close=7620.00 vs VAH=7626.00
2026-02-04 15:18:37,756 [INFO]     NSE:APLAPOLLO-EQ | CVD=-97510 vs Ref=94426 | Close=2176.70 vs VAH=2162.55
2026-02-04 15:18:38,020 [INFO]     NSE:HINDPETRO-EQ | CVD=1007787 vs Ref=1861852 | Close=458.05 vs VAH=463.95
2026-02-04 15:18:39,262 [INFO]     NSE:COALINDIA-EQ | CVD=883232 vs Ref=542308 | Close=435.45 vs VAH=440.30
2026-02-04 15:18:39,537 [INFO]     NSE:BPCL-EQ | CVD=1291274 vs Ref=1362158 | Close=382.45 vs VAH=382.20
2026-02-04 15:18:39,785 [INFO]     NSE:NATIONALUM-EQ | CVD=572505 vs Ref=35952 | Close=375.45 vs VAH=377.55
2026-02-04 15:18:40,084 [INFO]     NSE:EXIDEIND-EQ | CVD=841978 vs Ref=1572747 | Close=341.70 vs VAH=344.25
2026-02-04 15:18:40,326 [INFO]     NSE:ONGC-EQ | CVD=26845 vs Ref=2488079 | Close=267.10 vs VAH=268.10
2026-02-04 15:18:40,623 [INFO]     NSE:ASHOKLEY-EQ | CVD=-309221 vs Ref=931338 | Close=200.95 vs VAH=204.45
2026-02-04 15:18:40,941 [INFO]     NSE:IOC-EQ | CVD=5585019 vs Ref=5567212 | Close=172.89 vs VAH=173.20
2026-02-04 15:19:40,942 [INFO] 🔍 Scanning for alerts on 10 symbols (5min)...
2026-02-04 15:19:41,195 [INFO]     NSE:POLYCAB-EQ | CVD=-18477 vs Ref=33384 | Close=7620.00 vs VAH=7626.00
2026-02-04 15:19:41,456 [INFO]     NSE:APLAPOLLO-EQ | CVD=-97510 vs Ref=94426 | Close=2176.70 vs VAH=2162.55
2026-02-04 15:19:41,704 [INFO]     NSE:HINDPETRO-EQ | CVD=1007787 vs Ref=1861852 | Close=458.05 vs VAH=463.95
2026-02-04 15:19:41,981 [INFO]     NSE:COALINDIA-EQ | CVD=883232 vs Ref=542308 | Close=435.45 vs VAH=440.30
2026-02-04 15:19:42,235 [INFO]     NSE:BPCL-EQ | CVD=1291274 vs Ref=1362158 | Close=382.45 vs VAH=382.20
2026-02-04 15:19:42,506 [INFO]     NSE:NATIONALUM-EQ | CVD=572505 vs Ref=35952 | Close=375.45 vs VAH=377.55
2026-02-04 15:19:42,782 [INFO]     NSE:EXIDEIND-EQ | CVD=841978 vs Ref=1572747 | Close=341.70 vs VAH=344.25
2026-02-04 15:19:43,012 [INFO]     NSE:ONGC-EQ | CVD=26845 vs Ref=2488079 | Close=267.10 vs VAH=268.10
2026-02-04 15:19:43,275 [INFO]     NSE:ASHOKLEY-EQ | CVD=-309221 vs Ref=931338 | Close=200.95 vs VAH=204.45
2026-02-04 15:19:43,535 [INFO]     NSE:IOC-EQ | CVD=5585019 vs Ref=5567212 | Close=172.89 vs VAH=173.20
2026-02-04 15:20:43,536 [INFO] 🔍 Scanning for alerts on 10 symbols (5min)...
2026-02-04 15:20:43,760 [INFO]     NSE:POLYCAB-EQ | CVD=-18477 vs Ref=33384 | Close=7620.00 vs VAH=7626.00
2026-02-04 15:20:44,019 [INFO]     NSE:APLAPOLLO-EQ | CVD=-97510 vs Ref=94426 | Close=2176.70 vs VAH=2162.55
2026-02-04 15:20:44,252 [INFO]     NSE:HINDPETRO-EQ | CVD=1007787 vs Ref=1861852 | Close=458.05 vs VAH=463.95
2026-02-04 15:20:44,514 [INFO]     NSE:COALINDIA-EQ | CVD=883232 vs Ref=542308 | Close=435.45 vs VAH=440.30
2026-02-04 15:20:44,763 [INFO]     NSE:BPCL-EQ | CVD=1291274 vs Ref=1362158 | Close=382.45 vs VAH=382.20
2026-02-04 15:20:46,075 [INFO]     NSE:NATIONALUM-EQ | CVD=572505 vs Ref=35952 | Close=375.45 vs VAH=377.55
2026-02-04 15:20:46,351 [INFO]     NSE:EXIDEIND-EQ | CVD=841978 vs Ref=1572747 | Close=341.70 vs VAH=344.25
2026-02-04 15:20:46,610 [INFO]     NSE:ONGC-EQ | CVD=26845 vs Ref=2488079 | Close=267.10 vs VAH=268.10
2026-02-04 15:20:46,859 [INFO]     NSE:ASHOKLEY-EQ | CVD=-309221 vs Ref=931338 | Close=200.95 vs VAH=204.45
2026-02-04 15:20:47,140 [INFO]     NSE:IOC-EQ | CVD=5585019 vs Ref=5567212 | Close=172.89 vs VAH=173.20
2026-02-04 15:21:47,142 [INFO] 🔍 Scanning for alerts on 10 symbols (5min)...
2026-02-04 15:21:47,385 [INFO]     NSE:POLYCAB-EQ | CVD=-11374 vs Ref=33384 | Close=7639.50 vs VAH=7626.00
2026-02-04 15:21:49,306 [INFO]     NSE:APLAPOLLO-EQ | CVD=-103593 vs Ref=94426 | Close=2175.70 vs VAH=2162.55
2026-02-04 15:21:49,542 [INFO]     NSE:HINDPETRO-EQ | CVD=1558157 vs Ref=1861852 | Close=459.30 vs VAH=463.95
2026-02-04 15:21:49,807 [INFO]     NSE:COALINDIA-EQ | CVD=835003 vs Ref=542308 | Close=434.90 vs VAH=440.30
2026-02-04 15:21:50,071 [INFO]     NSE:BPCL-EQ | CVD=1293638 vs Ref=1362158 | Close=382.55 vs VAH=382.20
2026-02-04 15:21:50,316 [INFO]     NSE:NATIONALUM-EQ | CVD=583247 vs Ref=35952 | Close=375.20 vs VAH=377.55
2026-02-04 15:21:50,619 [INFO]     NSE:EXIDEIND-EQ | CVD=913720 vs Ref=1572747 | Close=341.55 vs VAH=344.25
2026-02-04 15:21:50,884 [INFO]     NSE:ONGC-EQ | CVD=-583074 vs Ref=2488079 | Close=266.70 vs VAH=268.10
2026-02-04 15:21:51,168 [INFO]     NSE:ASHOKLEY-EQ | CVD=-684215 vs Ref=931338 | Close=200.93 vs VAH=204.45
2026-02-04 15:21:51,421 [INFO]     NSE:IOC-EQ | CVD=5410487 vs Ref=5567212 | Close=172.80 vs VAH=173.20
2026-02-04 15:22:51,423 [INFO] 🔍 Scanning for alerts on 10 symbols (5min)...
2026-02-04 15:22:51,661 [INFO]     NSE:POLYCAB-EQ | CVD=-11374 vs Ref=33384 | Close=7639.50 vs VAH=7626.00
2026-02-04 15:22:51,937 [INFO]     NSE:APLAPOLLO-EQ | CVD=-103593 vs Ref=94426 | Close=2175.70 vs VAH=2162.55
2026-02-04 15:22:52,201 [INFO]     NSE:HINDPETRO-EQ | CVD=1558157 vs Ref=1861852 | Close=459.30 vs VAH=463.95
2026-02-04 15:22:52,458 [INFO]     NSE:COALINDIA-EQ | CVD=835003 vs Ref=542308 | Close=434.90 vs VAH=440.30
2026-02-04 15:22:52,701 [INFO]     NSE:BPCL-EQ | CVD=1293638 vs Ref=1362158 | Close=382.55 vs VAH=382.20
2026-02-04 15:22:52,949 [INFO]     NSE:NATIONALUM-EQ | CVD=583247 vs Ref=35952 | Close=375.20 vs VAH=377.55
2026-02-04 15:22:53,204 [INFO]     NSE:EXIDEIND-EQ | CVD=913720 vs Ref=1572747 | Close=341.55 vs VAH=344.25
2026-02-04 15:22:53,468 [INFO]     NSE:ONGC-EQ | CVD=-583074 vs Ref=2488079 | Close=266.70 vs VAH=268.10
2026-02-04 15:22:53,714 [INFO]     NSE:ASHOKLEY-EQ | CVD=-684215 vs Ref=931338 | Close=200.93 vs VAH=204.45
2026-02-04 15:22:54,007 [INFO]     NSE:IOC-EQ | CVD=5410487 vs Ref=5567212 | Close=172.80 vs VAH=173.20
2026-02-04 15:23:54,010 [INFO] 🔍 Scanning for alerts on 10 symbols (5min)...
2026-02-04 15:23:54,273 [INFO]     NSE:POLYCAB-EQ | CVD=-11374 vs Ref=33384 | Close=7639.50 vs VAH=7626.00
2026-02-04 15:23:54,549 [INFO]     NSE:APLAPOLLO-EQ | CVD=-103593 vs Ref=94426 | Close=2175.70 vs VAH=2162.55
2026-02-04 15:23:56,438 [INFO]     NSE:HINDPETRO-EQ | CVD=1558157 vs Ref=1861852 | Close=459.30 vs VAH=463.95
2026-02-04 15:23:56,683 [INFO]     NSE:COALINDIA-EQ | CVD=835003 vs Ref=542308 | Close=434.90 vs VAH=440.30
2026-02-04 15:23:56,958 [INFO]     NSE:BPCL-EQ | CVD=1293638 vs Ref=1362158 | Close=382.55 vs VAH=382.20
2026-02-04 15:23:57,253 [INFO]     NSE:NATIONALUM-EQ | CVD=583247 vs Ref=35952 | Close=375.20 vs VAH=377.55
2026-02-04 15:23:57,516 [INFO]     NSE:EXIDEIND-EQ | CVD=913720 vs Ref=1572747 | Close=341.55 vs VAH=344.25
2026-02-04 15:23:57,803 [INFO]     NSE:ONGC-EQ | CVD=-583074 vs Ref=2488079 | Close=266.70 vs VAH=268.10
2026-02-04 15:23:58,059 [INFO]     NSE:ASHOKLEY-EQ | CVD=-684215 vs Ref=931338 | Close=200.93 vs VAH=204.45
2026-02-04 15:23:58,323 [INFO]     NSE:IOC-EQ | CVD=5410487 vs Ref=5567212 | Close=172.80 vs VAH=173.20
2026-02-04 15:24:58,324 [INFO] 🔍 Scanning for alerts on 10 symbols (5min)...
2026-02-04 15:24:58,578 [INFO]     NSE:POLYCAB-EQ | CVD=-11374 vs Ref=33384 | Close=7639.50 vs VAH=7626.00
2026-02-04 15:24:58,820 [INFO]     NSE:APLAPOLLO-EQ | CVD=-103593 vs Ref=94426 | Close=2175.70 vs VAH=2162.55
2026-02-04 15:24:59,063 [INFO]     NSE:HINDPETRO-EQ | CVD=1558157 vs Ref=1861852 | Close=459.30 vs VAH=463.95
2026-02-04 15:25:01,028 [INFO]     NSE:COALINDIA-EQ | CVD=835003 vs Ref=542308 | Close=434.90 vs VAH=440.30
2026-02-04 15:25:01,279 [INFO]     NSE:BPCL-EQ | CVD=1293638 vs Ref=1362158 | Close=382.55 vs VAH=382.20
2026-02-04 15:25:01,588 [INFO]     NSE:NATIONALUM-EQ | CVD=583247 vs Ref=35952 | Close=375.20 vs VAH=377.55
2026-02-04 15:25:01,937 [INFO]     NSE:EXIDEIND-EQ | CVD=913720 vs Ref=1572747 | Close=341.55 vs VAH=344.25
2026-02-04 15:25:02,247 [INFO]     NSE:ONGC-EQ | CVD=-583074 vs Ref=2488079 | Close=266.70 vs VAH=268.10
2026-02-04 15:25:02,565 [INFO]     NSE:ASHOKLEY-EQ | CVD=-684215 vs Ref=931338 | Close=200.93 vs VAH=204.45
2026-02-04 15:25:02,884 [INFO]     NSE:IOC-EQ | CVD=5410487 vs Ref=5567212 | Close=172.80 vs VAH=173.20
2026-02-04 15:26:02,886 [INFO] 🔍 Scanning for alerts on 10 symbols (5min)...
2026-02-04 15:26:03,244 [INFO]     NSE:POLYCAB-EQ | CVD=-18434 vs Ref=33384 | Close=7627.00 vs VAH=7626.00
2026-02-04 15:26:03,588 [INFO]     NSE:APLAPOLLO-EQ | CVD=-105047 vs Ref=94426 | Close=2176.50 vs VAH=2162.55
2026-02-04 15:26:03,922 [INFO]     NSE:HINDPETRO-EQ | CVD=1558157 vs Ref=1861852 | Close=459.30 vs VAH=463.95
2026-02-04 15:26:04,254 [INFO]     NSE:COALINDIA-EQ | CVD=835003 vs Ref=542308 | Close=434.90 vs VAH=440.30
2026-02-04 15:26:04,512 [INFO] 📡 Sending order request for NSE:BPCL-EQ to http://localhost:4000/postOrder...
2026-02-04 15:26:04,559 [INFO] 📩 Server Response: 200 - {"message":"Order execution triggered","status":"success","receivedData":{"ticker":"NSE:BPCL-EQ","action":"BUY","close":382.95}}
2026-02-04 15:26:04,559 [INFO]     NSE:BPCL-EQ | CVD=1543323 vs Ref=1362158 | Close=382.95 vs VAH=382.20
2026-02-04 15:26:04,860 [INFO]     NSE:NATIONALUM-EQ | CVD=570621 vs Ref=35952 | Close=375.20 vs VAH=377.55
2026-02-04 15:26:05,178 [INFO]     NSE:EXIDEIND-EQ | CVD=887698 vs Ref=1572747 | Close=341.50 vs VAH=344.25
2026-02-04 15:26:05,417 [INFO]     NSE:ONGC-EQ | CVD=-223072 vs Ref=2488079 | Close=266.20 vs VAH=268.10
2026-02-04 15:26:05,683 [INFO]     NSE:ASHOKLEY-EQ | CVD=-733567 vs Ref=931338 | Close=200.97 vs VAH=204.45
2026-02-04 15:26:05,939 [INFO]     NSE:IOC-EQ | CVD=5288668 vs Ref=5567212 | Close=172.70 vs VAH=173.20
2026-02-04 15:27:05,940 [INFO] 🔍 Scanning for alerts on 9 symbols (5min)...
2026-02-04 15:27:06,192 [INFO]     NSE:POLYCAB-EQ | CVD=-18434 vs Ref=33384 | Close=7627.00 vs VAH=7626.00
2026-02-04 15:27:06,506 [INFO]     NSE:APLAPOLLO-EQ | CVD=-105047 vs Ref=94426 | Close=2176.50 vs VAH=2162.55
2026-02-04 15:27:06,749 [INFO]     NSE:HINDPETRO-EQ | CVD=1596020 vs Ref=1861852 | Close=460.20 vs VAH=463.95
2026-02-04 15:27:07,028 [INFO]     NSE:COALINDIA-EQ | CVD=683513 vs Ref=542308 | Close=434.05 vs VAH=440.30
2026-02-04 15:27:07,291 [INFO]     NSE:NATIONALUM-EQ | CVD=570621 vs Ref=35952 | Close=375.20 vs VAH=377.55
2026-02-04 15:27:07,570 [INFO]     NSE:EXIDEIND-EQ | CVD=887698 vs Ref=1572747 | Close=341.50 vs VAH=344.25
2026-02-04 15:27:07,825 [INFO]     NSE:ONGC-EQ | CVD=-223072 vs Ref=2488079 | Close=266.20 vs VAH=268.10
2026-02-04 15:27:08,101 [INFO]     NSE:ASHOKLEY-EQ | CVD=-733567 vs Ref=931338 | Close=200.97 vs VAH=204.45
2026-02-04 15:27:08,374 [INFO]     NSE:IOC-EQ | CVD=5288668 vs Ref=5567212 | Close=172.70 vs VAH=173.20
2026-02-04 15:28:08,375 [INFO] 🔍 Scanning for alerts on 9 symbols (5min)...
2026-02-04 15:28:08,619 [INFO]     NSE:POLYCAB-EQ | CVD=-18434 vs Ref=33384 | Close=7627.00 vs VAH=7626.00
2026-02-04 15:28:08,908 [INFO]     NSE:APLAPOLLO-EQ | CVD=-105047 vs Ref=94426 | Close=2176.50 vs VAH=2162.55
2026-02-04 15:28:09,141 [INFO]     NSE:HINDPETRO-EQ | CVD=1596020 vs Ref=1861852 | Close=460.20 vs VAH=463.95
2026-02-04 15:28:09,481 [INFO]     NSE:COALINDIA-EQ | CVD=683513 vs Ref=542308 | Close=434.05 vs VAH=440.30
2026-02-04 15:28:09,766 [INFO]     NSE:NATIONALUM-EQ | CVD=570621 vs Ref=35952 | Close=375.20 vs VAH=377.55
2026-02-04 15:28:10,051 [INFO]     NSE:EXIDEIND-EQ | CVD=887698 vs Ref=1572747 | Close=341.50 vs VAH=344.25
2026-02-04 15:28:10,339 [INFO]     NSE:ONGC-EQ | CVD=-223072 vs Ref=2488079 | Close=266.20 vs VAH=268.10
2026-02-04 15:28:10,603 [INFO]     NSE:ASHOKLEY-EQ | CVD=-733567 vs Ref=931338 | Close=200.97 vs VAH=204.45
2026-02-04 15:28:10,870 [INFO]     NSE:IOC-EQ | CVD=5288668 vs Ref=5567212 | Close=172.70 vs VAH=173.20
2026-02-04 15:29:10,871 [INFO] 🔍 Scanning for alerts on 9 symbols (5min)...
2026-02-04 15:29:11,129 [INFO]     NSE:POLYCAB-EQ | CVD=-18434 vs Ref=33384 | Close=7627.00 vs VAH=7626.00
2026-02-04 15:29:11,385 [INFO]     NSE:APLAPOLLO-EQ | CVD=-105047 vs Ref=94426 | Close=2176.50 vs VAH=2162.55
2026-02-04 15:29:11,642 [INFO]     NSE:HINDPETRO-EQ | CVD=1596020 vs Ref=1861852 | Close=460.20 vs VAH=463.95
2026-02-04 15:29:11,905 [INFO]     NSE:COALINDIA-EQ | CVD=683513 vs Ref=542308 | Close=434.05 vs VAH=440.30
2026-02-04 15:29:12,140 [INFO]     NSE:NATIONALUM-EQ | CVD=570621 vs Ref=35952 | Close=375.20 vs VAH=377.55
2026-02-04 15:29:12,415 [INFO]     NSE:EXIDEIND-EQ | CVD=887698 vs Ref=1572747 | Close=341.50 vs VAH=344.25
2026-02-04 15:29:12,656 [INFO]     NSE:ONGC-EQ | CVD=-223072 vs Ref=2488079 | Close=266.20 vs VAH=268.10
2026-02-04 15:29:12,902 [INFO]     NSE:ASHOKLEY-EQ | CVD=-733567 vs Ref=931338 | Close=200.97 vs VAH=204.45
2026-02-04 15:29:13,173 [INFO]     NSE:IOC-EQ | CVD=5288668 vs Ref=5567212 | Close=172.70 vs VAH=173.20
2026-02-04 15:30:13,174 [INFO] 🔍 Scanning for alerts on 9 symbols (5min)...
2026-02-04 15:30:13,444 [INFO]     NSE:POLYCAB-EQ | CVD=-18434 vs Ref=33384 | Close=7627.00 vs VAH=7626.00
2026-02-04 15:30:13,666 [INFO]     NSE:APLAPOLLO-EQ | CVD=-105047 vs Ref=94426 | Close=2176.50 vs VAH=2162.55
2026-02-04 15:30:13,925 [INFO]     NSE:HINDPETRO-EQ | CVD=1596020 vs Ref=1861852 | Close=460.20 vs VAH=463.95
2026-02-04 15:30:14,204 [INFO]     NSE:COALINDIA-EQ | CVD=683513 vs Ref=542308 | Close=434.05 vs VAH=440.30
2026-02-04 15:30:14,441 [INFO]     NSE:NATIONALUM-EQ | CVD=570621 vs Ref=35952 | Close=375.20 vs VAH=377.55
2026-02-04 15:30:14,689 [INFO]     NSE:EXIDEIND-EQ | CVD=887698 vs Ref=1572747 | Close=341.50 vs VAH=344.25
2026-02-04 15:30:14,942 [INFO]     NSE:ONGC-EQ | CVD=-223072 vs Ref=2488079 | Close=266.20 vs VAH=268.10
2026-02-04 15:30:15,227 [INFO]     NSE:ASHOKLEY-EQ | CVD=-733567 vs Ref=931338 | Close=200.97 vs VAH=204.45
2026-02-04 15:30:15,480 [INFO]     NSE:IOC-EQ | CVD=5288668 vs Ref=5567212 | Close=172.70 vs VAH=173.20
2026-02-04 15:31:15,483 [INFO] 🔍 Scanning for alerts on 9 symbols (5min)...
2026-02-04 15:31:15,777 [INFO]     NSE:POLYCAB-EQ | CVD=-18434 vs Ref=33384 | Close=7627.00 vs VAH=7626.00
2026-02-04 15:31:16,010 [INFO]     NSE:APLAPOLLO-EQ | CVD=-105047 vs Ref=94426 | Close=2176.50 vs VAH=2162.55
2026-02-04 15:31:16,299 [INFO]     NSE:HINDPETRO-EQ | CVD=1596020 vs Ref=1861852 | Close=460.20 vs VAH=463.95
2026-02-04 15:31:16,657 [INFO]     NSE:COALINDIA-EQ | CVD=683513 vs Ref=542308 | Close=434.05 vs VAH=440.30
2026-02-04 15:31:16,953 [INFO]     NSE:NATIONALUM-EQ | CVD=553366 vs Ref=35952 | Close=375.00 vs VAH=377.55
2026-02-04 15:31:17,237 [INFO]     NSE:EXIDEIND-EQ | CVD=825110 vs Ref=1572747 | Close=341.75 vs VAH=344.25
2026-02-04 15:31:17,512 [INFO]     NSE:ONGC-EQ | CVD=-543863 vs Ref=2488079 | Close=266.00 vs VAH=268.10
2026-02-04 15:31:17,831 [INFO]     NSE:ASHOKLEY-EQ | CVD=-423279 vs Ref=931338 | Close=201.00 vs VAH=204.45
2026-02-04 15:31:18,240 [INFO]     NSE:IOC-EQ | CVD=5195177 vs Ref=5567212 | Close=172.70 vs VAH=173.20
2026-02-04 15:32:18,243 [INFO] 🔍 Scanning for alerts on 9 symbols (5min)...
2026-02-04 15:32:18,509 [INFO]     NSE:POLYCAB-EQ | CVD=-18434 vs Ref=33384 | Close=7627.00 vs VAH=7626.00
2026-02-04 15:32:18,811 [INFO]     NSE:APLAPOLLO-EQ | CVD=-105047 vs Ref=94426 | Close=2176.50 vs VAH=2162.55
2026-02-04 15:32:20,653 [INFO]     NSE:HINDPETRO-EQ | CVD=1596020 vs Ref=1861852 | Close=460.20 vs VAH=463.95
2026-02-04 15:32:20,930 [INFO]     NSE:COALINDIA-EQ | CVD=567932 vs Ref=542308 | Close=434.00 vs VAH=440.30
2026-02-04 15:32:21,216 [INFO]     NSE:NATIONALUM-EQ | CVD=553366 vs Ref=35952 | Close=375.00 vs VAH=377.55
2026-02-04 15:32:21,491 [INFO]     NSE:EXIDEIND-EQ | CVD=825110 vs Ref=1572747 | Close=341.75 vs VAH=344.25
2026-02-04 15:32:21,761 [INFO]     NSE:ONGC-EQ | CVD=-543863 vs Ref=2488079 | Close=266.00 vs VAH=268.10
2026-02-04 15:32:22,009 [INFO]     NSE:ASHOKLEY-EQ | CVD=-423279 vs Ref=931338 | Close=201.00 vs VAH=204.45
2026-02-04 15:32:22,259 [INFO]     NSE:IOC-EQ | CVD=5195177 vs Ref=5567212 | Close=172.70 vs VAH=173.20
2026-02-04 15:33:22,262 [INFO] 🔍 Scanning for alerts on 9 symbols (5min)...
2026-02-04 15:33:22,845 [INFO]     NSE:POLYCAB-EQ | CVD=-19899 vs Ref=33384 | Close=7613.00 vs VAH=7626.00
2026-02-04 15:33:23,441 [INFO]     NSE:APLAPOLLO-EQ | CVD=-116549 vs Ref=94426 | Close=2171.80 vs VAH=2162.55
2026-02-04 15:33:23,979 [INFO]     NSE:HINDPETRO-EQ | CVD=1565324 vs Ref=1861852 | Close=460.00 vs VAH=463.95
2026-02-04 15:33:24,423 [INFO]     NSE:COALINDIA-EQ | CVD=567932 vs Ref=542308 | Close=434.00 vs VAH=440.30
2026-02-04 15:33:24,850 [INFO]     NSE:NATIONALUM-EQ | CVD=553366 vs Ref=35952 | Close=375.00 vs VAH=377.55
2026-02-04 15:33:25,842 [INFO]     NSE:EXIDEIND-EQ | CVD=825110 vs Ref=1572747 | Close=341.75 vs VAH=344.25
2026-02-04 15:33:27,062 [INFO]     NSE:ONGC-EQ | CVD=-543863 vs Ref=2488079 | Close=266.00 vs VAH=268.10
2026-02-04 15:33:27,999 [INFO]     NSE:ASHOKLEY-EQ | CVD=-423279 vs Ref=931338 | Close=201.00 vs VAH=204.45
2026-02-04 15:33:28,481 [INFO]     NSE:IOC-EQ | CVD=5195177 vs Ref=5567212 | Close=172.70 vs VAH=173.20
2026-02-04 15:33:32,695 [INFO] 👋  Buy Alert Monitoring stopped by user.
2026-02-04 19:10:52,191 [INFO] ==================================================
2026-02-04 19:10:52,228 [INFO] 🚀 INITIALIZING STRATEGY ALERTS (5min)
2026-02-04 19:10:52,228 [INFO] ==================================================
2026-02-04 19:10:52,229 [INFO] 📅 FRVP Configuration:
2026-02-04 19:10:52,229 [INFO]    • Range: 09:15 - 10:25
2026-02-04 19:10:52,229 [INFO]    • Rows: 24 | VA%: 70
2026-02-04 19:10:52,230 [INFO] 
🌊 CVD Configuration:
2026-02-04 19:10:52,230 [INFO]    • Anchor: D
2026-02-04 19:10:52,231 [INFO]    • Ref Candles: First 16 candles of the day
2026-02-04 19:10:52,231 [INFO] --------------------------------------------------
2026-02-04 19:10:52,232 [INFO] ⏳ calculating reference levels for all symbols...
2026-02-04 19:10:52,657 [INFO] ✅ NSE:POLYCAB-EQ       | CVD Ref (1st 16 c):    323 | FRVP VAH:      N/A
2026-02-04 19:10:52,989 [INFO] ✅ NSE:TRENT-EQ         | CVD Ref (1st 16 c): 112638 | FRVP VAH:      N/A
2026-02-04 19:10:53,575 [INFO] ✅ NSE:SIEMENS-EQ       | CVD Ref (1st 16 c):  59993 | FRVP VAH:      N/A
2026-02-04 19:10:53,967 [INFO] ✅ NSE:BSE-EQ           | CVD Ref (1st 16 c):  57120 | FRVP VAH:      N/A
2026-02-04 19:10:54,395 [INFO] ✅ NSE:HDFCAMC-EQ       | CVD Ref (1st 16 c): 167295 | FRVP VAH:      N/A
2026-02-04 19:10:54,804 [INFO] ✅ NSE:APLAPOLLO-EQ     | CVD Ref (1st 16 c):  47080 | FRVP VAH:      N/A
2026-02-04 19:10:55,065 [INFO] ✅ NSE:HINDPETRO-EQ     | CVD Ref (1st 16 c):  48821 | FRVP VAH:      N/A
2026-02-04 19:10:55,275 [INFO] ✅ NSE:COALINDIA-EQ     | CVD Ref (1st 16 c): 120581 | FRVP VAH:      N/A
2026-02-04 19:10:55,464 [INFO] ✅ NSE:BPCL-EQ          | CVD Ref (1st 16 c):      0 | FRVP VAH:      N/A
2026-02-04 19:10:55,633 [INFO] ✅ NSE:NATIONALUM-EQ    | CVD Ref (1st 16 c):  16144 | FRVP VAH:      N/A
2026-02-04 19:10:55,839 [INFO] ✅ NSE:TATAPOWER-EQ     | CVD Ref (1st 16 c): 110895 | FRVP VAH:      N/A
2026-02-04 19:10:56,051 [INFO] ✅ NSE:EXIDEIND-EQ      | CVD Ref (1st 16 c):      0 | FRVP VAH:      N/A
2026-02-04 19:10:56,251 [INFO] ✅ NSE:ONGC-EQ          | CVD Ref (1st 16 c): 597220 | FRVP VAH:      N/A
2026-02-04 19:10:56,513 [INFO] ✅ NSE:ASHOKLEY-EQ      | CVD Ref (1st 16 c): 398699 | FRVP VAH:      N/A
2026-02-04 19:10:56,676 [INFO] ✅ NSE:IOC-EQ           | CVD Ref (1st 16 c):      0 | FRVP VAH:      N/A
2026-02-04 19:10:56,859 [INFO] ✅ NSE:YESBANK-EQ       | CVD Ref (1st 16 c):  64427 | FRVP VAH:      N/A
2026-02-04 19:10:56,859 [INFO] ==================================================

2026-02-04 19:10:56,860 [INFO] 🚀 Buy Alert Monitoring Started...
2026-02-04 19:10:56,861 [INFO] 🔍 Scanning for alerts on 16 symbols (5min)...
2026-02-04 19:10:57,250 [INFO]     NSE:POLYCAB-EQ | CVD=-19899 vs Ref=33384 | Close=7613.00 vs VAH=7626.00
2026-02-04 19:10:57,253 [INFO] ⏭️  Skipping NSE:TRENT-EQ: Already present in DB for today.
2026-02-04 19:10:57,254 [INFO] ⏭️  Skipping NSE:SIEMENS-EQ: Already present in DB for today.
2026-02-04 19:10:57,256 [INFO] ⏭️  Skipping NSE:BSE-EQ: Already present in DB for today.
2026-02-04 19:10:57,258 [INFO] ⏭️  Skipping NSE:HDFCAMC-EQ: Already present in DB for today.
2026-02-04 19:10:57,548 [INFO]     NSE:APLAPOLLO-EQ | CVD=-116549 vs Ref=94426 | Close=2171.80 vs VAH=2162.55
2026-02-04 19:10:57,879 [INFO]     NSE:HINDPETRO-EQ | CVD=1565324 vs Ref=1861852 | Close=460.00 vs VAH=463.95
2026-02-04 19:10:58,237 [INFO]     NSE:COALINDIA-EQ | CVD=567932 vs Ref=542308 | Close=434.00 vs VAH=440.30
2026-02-04 19:10:58,238 [INFO] ⏭️  Skipping NSE:BPCL-EQ: Already present in DB for today.
2026-02-04 19:10:58,523 [INFO]     NSE:NATIONALUM-EQ | CVD=553366 vs Ref=35952 | Close=375.00 vs VAH=377.55
2026-02-04 19:10:58,525 [INFO] ⏭️  Skipping NSE:TATAPOWER-EQ: Already present in DB for today.
2026-02-04 19:10:58,815 [INFO]     NSE:EXIDEIND-EQ | CVD=825110 vs Ref=1572747 | Close=341.75 vs VAH=344.25
2026-02-04 19:10:59,120 [INFO]     NSE:ONGC-EQ | CVD=-543863 vs Ref=2488079 | Close=266.00 vs VAH=268.10
2026-02-04 19:10:59,406 [INFO]     NSE:ASHOKLEY-EQ | CVD=-423279 vs Ref=931338 | Close=201.00 vs VAH=204.45
2026-02-04 19:10:59,747 [INFO]     NSE:IOC-EQ | CVD=5195177 vs Ref=5567212 | Close=172.70 vs VAH=173.20
2026-02-04 19:10:59,749 [INFO] ⏭️  Skipping NSE:YESBANK-EQ: Already present in DB for today.
2026-02-04 19:11:00,759 [INFO] 👋  Buy Alert Monitoring stopped by user.
