2026-02-02 11:12:33,409 [INFO] ==================================================
2026-02-02 11:12:33,417 [INFO] 🚀 INITIALIZING SELL ALERTS (5min)
2026-02-02 11:12:33,420 [INFO] ==================================================
2026-02-02 11:12:33,425 [INFO] 📅 FRVP Configuration:
2026-02-02 11:12:33,428 [INFO]    • Range: 09:15 - 10:25
2026-02-02 11:12:33,431 [INFO]    • Rows: 24 | VA%: 70
2026-02-02 11:12:33,433 [INFO] 
🌊 CVD Configuration:
2026-02-02 11:12:33,443 [INFO]    • Anchor: D
2026-02-02 11:12:33,445 [INFO]    • Ref Candles: First 16 candles of the day
2026-02-02 11:12:33,455 [INFO] --------------------------------------------------
2026-02-02 11:12:33,477 [INFO] ⏳ calculating reference levels for all symbols...
2026-02-02 11:12:35,807 [ERROR] ❌ NSE:TORNTPHARM-EQ: Error (All arrays must be of the same length)
2026-02-02 11:12:37,813 [ERROR] ❌ NSE:KAYNES-EQ: Error (All arrays must be of the same length)
2026-02-02 11:12:38,900 [ERROR] ❌ NSE:PIIND-EQ: Error (All arrays must be of the same length)
2026-02-02 11:12:39,954 [ERROR] ❌ NSE:HINDUNILVR-EQ: Error (All arrays must be of the same length)
2026-02-02 11:12:40,897 [ERROR] ❌ NSE:CHOLAFIN-EQ: Error (All arrays must be of the same length)
2026-02-02 11:12:41,857 [ERROR] ❌ NSE:MAXHEALTH-EQ: Error (All arrays must be of the same length)
2026-02-02 11:12:42,872 [ERROR] ❌ NSE:LICHSGFIN-EQ: Error (All arrays must be of the same length)
2026-02-02 11:12:43,874 [ERROR] ❌ NSE:HUDCO-EQ: Error (All arrays must be of the same length)
2026-02-02 11:12:44,784 [ERROR] ❌ NSE:IDFCFIRSTB-EQ: Error (All arrays must be of the same length)
2026-02-02 11:12:44,786 [INFO] ==================================================

2026-02-02 11:12:44,788 [INFO] 🚀 SELL Alert Monitoring Started...
2026-02-02 11:12:44,791 [INFO] 🔍 Scanning for alerts on 9 symbols (5min)...
2026-02-02 11:12:46,357 [ERROR] Error processing NSE:TORNTPHARM-EQ: -2
2026-02-02 11:12:47,827 [ERROR] Error processing NSE:KAYNES-EQ: -2
2026-02-02 11:12:49,429 [ERROR] Error processing NSE:PIIND-EQ: -2
2026-02-02 11:12:51,057 [ERROR] Error processing NSE:HINDUNILVR-EQ: -2
2026-02-02 11:12:52,696 [ERROR] Error processing NSE:CHOLAFIN-EQ: -2
2026-02-02 11:12:54,300 [ERROR] Error processing NSE:MAXHEALTH-EQ: -2
2026-02-02 11:12:55,766 [ERROR] Error processing NSE:LICHSGFIN-EQ: -2
2026-02-02 11:12:57,200 [ERROR] Error processing NSE:HUDCO-EQ: -2
2026-02-02 11:12:58,876 [ERROR] Error processing NSE:IDFCFIRSTB-EQ: -2
2026-02-02 11:13:50,550 [INFO] 👋 Monitoring stopped by user.
2026-02-02 11:14:44,839 [INFO] ==================================================
2026-02-02 11:14:44,841 [INFO] 🚀 INITIALIZING SELL ALERTS (5min)
2026-02-02 11:14:44,842 [INFO] ==================================================
2026-02-02 11:14:44,843 [INFO] 📅 FRVP Configuration:
2026-02-02 11:14:44,845 [INFO]    • Range: 09:15 - 10:25
2026-02-02 11:14:44,846 [INFO]    • Rows: 24 | VA%: 70
2026-02-02 11:14:44,847 [INFO] 
🌊 CVD Configuration:
2026-02-02 11:14:44,849 [INFO]    • Anchor: D
2026-02-02 11:14:44,851 [INFO]    • Ref Candles: First 16 candles of the day
2026-02-02 11:14:44,852 [INFO] --------------------------------------------------
2026-02-02 11:14:44,853 [INFO] ⏳ calculating reference levels for all symbols...
2026-02-02 11:14:46,277 [ERROR] ❌ NSE:TORNTPHARM-EQ: Error (All arrays must be of the same length)
2026-02-02 11:14:47,384 [ERROR] ❌ NSE:KAYNES-EQ: Error (All arrays must be of the same length)
2026-02-02 11:14:48,374 [ERROR] ❌ NSE:PIIND-EQ: Error (All arrays must be of the same length)
2026-02-02 11:14:49,427 [ERROR] ❌ NSE:HINDUNILVR-EQ: Error (All arrays must be of the same length)
2026-02-02 11:14:50,527 [ERROR] ❌ NSE:CHOLAFIN-EQ: Error (All arrays must be of the same length)
2026-02-02 11:14:51,555 [ERROR] ❌ NSE:MAXHEALTH-EQ: Error (All arrays must be of the same length)
2026-02-02 11:14:53,089 [ERROR] ❌ NSE:LICHSGFIN-EQ: Error (All arrays must be of the same length)
2026-02-02 11:14:54,626 [ERROR] ❌ NSE:HUDCO-EQ: Error (All arrays must be of the same length)
2026-02-02 11:14:56,024 [ERROR] ❌ NSE:IDFCFIRSTB-EQ: Error (All arrays must be of the same length)
2026-02-02 11:14:56,027 [INFO] ==================================================

2026-02-02 11:14:56,029 [INFO] 🚀 SELL Alert Monitoring Started...
2026-02-02 11:14:56,032 [INFO] 🔍 Scanning for alerts on 9 symbols (5min)...
2026-02-02 11:14:58,639 [ERROR] Error processing NSE:TORNTPHARM-EQ: -2
2026-02-02 11:15:00,679 [ERROR] Error processing NSE:KAYNES-EQ: -2
2026-02-02 11:15:03,414 [ERROR] Error processing NSE:PIIND-EQ: -2
2026-02-02 11:15:05,407 [ERROR] Error processing NSE:HINDUNILVR-EQ: -2
2026-02-02 11:15:07,876 [ERROR] Error processing NSE:CHOLAFIN-EQ: -2
2026-02-02 11:15:09,743 [ERROR] Error processing NSE:MAXHEALTH-EQ: -2
2026-02-02 11:15:11,454 [ERROR] Error processing NSE:LICHSGFIN-EQ: -2
2026-02-02 11:15:13,214 [ERROR] Error processing NSE:HUDCO-EQ: -2
2026-02-02 11:15:15,335 [ERROR] Error processing NSE:IDFCFIRSTB-EQ: -2
2026-02-02 11:15:40,445 [INFO] 👋 Monitoring stopped by user.
2026-02-02 11:18:56,044 [INFO] ==================================================
2026-02-02 11:18:56,082 [INFO] 🚀 INITIALIZING SELL ALERTS (5min)
2026-02-02 11:18:56,086 [INFO] ==================================================
2026-02-02 11:18:56,088 [INFO] 📅 FRVP Configuration:
2026-02-02 11:18:56,094 [INFO]    • Range: 09:15 - 10:25
2026-02-02 11:18:56,098 [INFO]    • Rows: 24 | VA%: 70
2026-02-02 11:18:56,102 [INFO] 
🌊 CVD Configuration:
2026-02-02 11:18:56,112 [INFO]    • Anchor: D
2026-02-02 11:18:56,117 [INFO]    • Ref Candles: First 16 candles of the day
2026-02-02 11:18:56,123 [INFO] --------------------------------------------------
2026-02-02 11:18:56,128 [INFO] ⏳ calculating reference levels for all symbols...
2026-02-02 11:18:57,813 [ERROR] ❌ NSE:TORNTPHARM-EQ: Error (All arrays must be of the same length)
2026-02-02 11:18:59,220 [ERROR] ❌ NSE:KAYNES-EQ: Error (All arrays must be of the same length)
2026-02-02 11:19:00,426 [ERROR] ❌ NSE:PIIND-EQ: Error (All arrays must be of the same length)
2026-02-02 11:19:01,807 [ERROR] ❌ NSE:HINDUNILVR-EQ: Error (All arrays must be of the same length)
2026-02-02 11:19:03,504 [ERROR] ❌ NSE:CHOLAFIN-EQ: Error (All arrays must be of the same length)
2026-02-02 11:19:04,862 [ERROR] ❌ NSE:MAXHEALTH-EQ: Error (All arrays must be of the same length)
2026-02-02 11:19:06,378 [ERROR] ❌ NSE:LICHSGFIN-EQ: Error (All arrays must be of the same length)
2026-02-02 11:19:07,625 [ERROR] ❌ NSE:HUDCO-EQ: Error (All arrays must be of the same length)
2026-02-02 11:19:08,532 [ERROR] ❌ NSE:IDFCFIRSTB-EQ: Error (All arrays must be of the same length)
2026-02-02 11:19:08,535 [INFO] ==================================================

2026-02-02 11:19:08,537 [INFO] 🚀 SELL Alert Monitoring Started...
2026-02-02 11:19:08,539 [INFO] 🔍 Scanning for alerts on 9 symbols (5min)...
2026-02-02 11:19:09,961 [ERROR] Error processing NSE:TORNTPHARM-EQ: -2
2026-02-02 11:19:11,484 [ERROR] Error processing NSE:KAYNES-EQ: -2
2026-02-02 11:19:12,953 [ERROR] Error processing NSE:PIIND-EQ: -2
2026-02-02 11:19:14,439 [ERROR] Error processing NSE:HINDUNILVR-EQ: -2
2026-02-02 11:19:15,929 [ERROR] Error processing NSE:CHOLAFIN-EQ: -2
2026-02-02 11:19:17,371 [ERROR] Error processing NSE:MAXHEALTH-EQ: -2
2026-02-02 11:19:19,371 [ERROR] Error processing NSE:LICHSGFIN-EQ: -2
2026-02-02 11:19:21,032 [ERROR] Error processing NSE:HUDCO-EQ: -2
2026-02-02 11:19:24,425 [ERROR] Error processing NSE:IDFCFIRSTB-EQ: -2
2026-02-02 11:19:37,914 [INFO] 👋 Monitoring stopped by user.
2026-02-02 11:27:32,776 [INFO] ==================================================
2026-02-02 11:27:32,779 [INFO] 🚀 INITIALIZING SELL ALERTS (5min)
2026-02-02 11:27:32,781 [INFO] ==================================================
2026-02-02 11:27:32,782 [INFO] 📅 FRVP Configuration:
2026-02-02 11:27:32,784 [INFO]    • Range: 09:15 - 10:25
2026-02-02 11:27:32,785 [INFO]    • Rows: 24 | VA%: 70
2026-02-02 11:27:32,786 [INFO] 
🌊 CVD Configuration:
2026-02-02 11:27:32,788 [INFO]    • Anchor: D
2026-02-02 11:27:32,790 [INFO]    • Ref Candles: First 16 candles of the day
2026-02-02 11:27:32,792 [INFO] --------------------------------------------------
2026-02-02 11:27:32,794 [INFO] ⏳ calculating reference levels for all symbols...
2026-02-02 11:27:33,876 [ERROR] ❌ NSE:TORNTPHARM-EQ: Error (All arrays must be of the same length)
2026-02-02 11:27:34,859 [ERROR] ❌ NSE:KAYNES-EQ: Error (All arrays must be of the same length)
2026-02-02 11:27:35,907 [ERROR] ❌ NSE:PIIND-EQ: Error (All arrays must be of the same length)
2026-02-02 11:27:37,798 [ERROR] ❌ NSE:HINDUNILVR-EQ: Error (All arrays must be of the same length)
2026-02-02 11:27:38,959 [ERROR] ❌ NSE:CHOLAFIN-EQ: Error (All arrays must be of the same length)
2026-02-02 11:27:39,985 [ERROR] ❌ NSE:MAXHEALTH-EQ: Error (All arrays must be of the same length)
2026-02-02 11:27:40,995 [ERROR] ❌ NSE:LICHSGFIN-EQ: Error (All arrays must be of the same length)
2026-02-02 11:27:42,277 [ERROR] ❌ NSE:HUDCO-EQ: Error (All arrays must be of the same length)
2026-02-02 11:27:43,493 [ERROR] ❌ NSE:IDFCFIRSTB-EQ: Error (All arrays must be of the same length)
2026-02-02 11:27:43,496 [INFO] ==================================================

2026-02-02 11:27:43,499 [INFO] 🚀 SELL Alert Monitoring Started...
2026-02-02 11:27:43,502 [INFO] 🔍 Scanning for alerts on 9 symbols (5min)...
2026-02-02 11:27:44,975 [ERROR] Error processing NSE:TORNTPHARM-EQ: -2
2026-02-02 11:27:46,657 [ERROR] Error processing NSE:KAYNES-EQ: -2
2026-02-02 11:27:48,466 [ERROR] Error processing NSE:PIIND-EQ: -2
2026-02-02 11:27:51,581 [ERROR] Error processing NSE:HINDUNILVR-EQ: -2
2026-02-02 11:27:53,982 [ERROR] Error processing NSE:CHOLAFIN-EQ: -2
2026-02-02 11:27:55,884 [ERROR] Error processing NSE:MAXHEALTH-EQ: -2
2026-02-02 11:27:58,040 [ERROR] Error processing NSE:LICHSGFIN-EQ: -2
2026-02-02 11:28:00,130 [ERROR] Error processing NSE:HUDCO-EQ: -2
2026-02-02 11:28:02,275 [ERROR] Error processing NSE:IDFCFIRSTB-EQ: -2
2026-02-02 11:28:34,299 [INFO] 👋 Monitoring stopped by user.
2026-02-02 11:35:09,024 [INFO] ==================================================
2026-02-02 11:35:09,025 [INFO] 🚀 INITIALIZING SELL ALERTS (5min)
2026-02-02 11:35:09,030 [INFO] ==================================================
2026-02-02 11:35:09,032 [INFO] 📅 FRVP Configuration:
2026-02-02 11:35:09,033 [INFO]    • Range: 09:15 - 10:25
2026-02-02 11:35:09,035 [INFO]    • Rows: 24 | VA%: 70
2026-02-02 11:35:09,036 [INFO] 
🌊 CVD Configuration:
2026-02-02 11:35:09,037 [INFO]    • Anchor: D
2026-02-02 11:35:09,038 [INFO]    • Ref Candles: First 16 candles of the day
2026-02-02 11:35:09,039 [INFO] --------------------------------------------------
2026-02-02 11:35:09,040 [INFO] ⏳ calculating reference levels for all symbols...
2026-02-02 11:35:10,537 [INFO] ✅ NSE:TORNTPHARM-EQ    | CVD Ref (1st 16 c): -12212 | FRVP VAL:  3939.75
2026-02-02 11:35:11,995 [INFO] ✅ NSE:KAYNES-EQ        | CVD Ref (1st 16 c): -99061 | FRVP VAL:  3444.00
2026-02-02 11:35:13,439 [INFO] ✅ NSE:PIIND-EQ         | CVD Ref (1st 16 c): -17103 | FRVP VAL:  3049.50
2026-02-02 11:35:14,893 [INFO] ✅ NSE:HINDUNILVR-EQ    | CVD Ref (1st 16 c): -17753 | FRVP VAL:  2318.40
2026-02-02 11:35:16,375 [INFO] ✅ NSE:CHOLAFIN-EQ      | CVD Ref (1st 16 c): -79867 | FRVP VAL:  1526.80
2026-02-02 11:35:17,823 [INFO] ✅ NSE:MAXHEALTH-EQ     | CVD Ref (1st 16 c): -26629 | FRVP VAL:   947.00
2026-02-02 11:35:19,560 [INFO] ✅ NSE:LICHSGFIN-EQ     | CVD Ref (1st 16 c): -86113 | FRVP VAL:   499.25
2026-02-02 11:35:21,385 [INFO] ✅ NSE:HUDCO-EQ         | CVD Ref (1st 16 c): -1036236 | FRVP VAL:   184.80
2026-02-02 11:35:23,251 [INFO] ✅ NSE:IDFCFIRSTB-EQ    | CVD Ref (1st 16 c): -243483 | FRVP VAL:    79.70
2026-02-02 11:35:23,253 [INFO] ==================================================

2026-02-02 11:35:23,255 [INFO] 🚀 SELL Alert Monitoring Started...
2026-02-02 11:35:23,257 [INFO] 🔍 Scanning for alerts on 9 symbols (5min)...
2026-02-02 11:35:25,686 [INFO]     NSE:TORNTPHARM-EQ | CVD=-8016 vs Ref=-12212 | Close=3919.50 vs VAL=3939.75
2026-02-02 11:35:28,166 [INFO] 🚀 [SELL ALERT] NSE:KAYNES-EQ (5min) triggered at 11:25!
2026-02-02 11:35:28,169 [INFO]     ✅ Price: 3379.00 < FRVP VAL: 3444.00
2026-02-02 11:35:28,172 [INFO]     ✅ CVD:   -100345 < CVD Ref:  -99061
2026-02-02 11:35:28,174 [INFO]     ℹ️  FRVP Info: POC=3476.80, VAL=3444.00
2026-02-02 11:35:28,175 [INFO]     NSE:KAYNES-EQ | CVD=-100345 vs Ref=-99061 | Close=3379.00 vs VAL=3444.00
2026-02-02 11:35:30,876 [INFO]     NSE:PIIND-EQ | CVD=5371 vs Ref=-17103 | Close=3012.50 vs VAL=3049.50
2026-02-02 11:35:33,852 [INFO] 🚀 [SELL ALERT] NSE:HINDUNILVR-EQ (5min) triggered at 11:25!
2026-02-02 11:35:33,854 [INFO]     ✅ Price: 2309.40 < FRVP VAL: 2318.40
2026-02-02 11:35:33,856 [INFO]     ✅ CVD:   -43513 < CVD Ref:  -17753
2026-02-02 11:35:33,858 [INFO]     ℹ️  FRVP Info: POC=2322.60, VAL=2318.40
2026-02-02 11:35:33,861 [INFO]     NSE:HINDUNILVR-EQ | CVD=-43513 vs Ref=-17753 | Close=2309.40 vs VAL=2318.40
2026-02-02 11:35:36,417 [INFO]     NSE:CHOLAFIN-EQ | CVD=87388 vs Ref=-79867 | Close=1553.30 vs VAL=1526.80
2026-02-02 11:35:38,702 [INFO] 🚀 [SELL ALERT] NSE:MAXHEALTH-EQ (5min) triggered at 11:25!
2026-02-02 11:35:38,707 [INFO]     ✅ Price: 935.05 < FRVP VAL: 947.00
2026-02-02 11:35:38,710 [INFO]     ✅ CVD:   -80840 < CVD Ref:  -26629
2026-02-02 11:35:38,713 [INFO]     ℹ️  FRVP Info: POC=955.50, VAL=947.00
2026-02-02 11:35:38,717 [INFO]     NSE:MAXHEALTH-EQ | CVD=-80840 vs Ref=-26629 | Close=935.05 vs VAL=947.00
2026-02-02 11:35:40,754 [INFO] 🚀 [SELL ALERT] NSE:LICHSGFIN-EQ (5min) triggered at 11:25!
2026-02-02 11:35:40,755 [INFO]     ✅ Price: 493.60 < FRVP VAL: 499.25
2026-02-02 11:35:40,756 [INFO]     ✅ CVD:   -229592 < CVD Ref:  -86113
2026-02-02 11:35:40,757 [INFO]     ℹ️  FRVP Info: POC=502.75, VAL=499.25
2026-02-02 11:35:40,759 [INFO]     NSE:LICHSGFIN-EQ | CVD=-229592 vs Ref=-86113 | Close=493.60 vs VAL=499.25
2026-02-02 11:35:42,829 [INFO] 🚀 [SELL ALERT] NSE:HUDCO-EQ (5min) triggered at 11:25!
2026-02-02 11:35:42,831 [INFO]     ✅ Price: 181.64 < FRVP VAL: 184.80
2026-02-02 11:35:42,833 [INFO]     ✅ CVD:   -1362690 < CVD Ref:  -1036236
2026-02-02 11:35:42,834 [INFO]     ℹ️  FRVP Info: POC=186.00, VAL=184.80
2026-02-02 11:35:42,835 [INFO]     NSE:HUDCO-EQ | CVD=-1362690 vs Ref=-1036236 | Close=181.64 vs VAL=184.80
2026-02-02 11:35:45,062 [INFO]     NSE:IDFCFIRSTB-EQ | CVD=1210777 vs Ref=-243483 | Close=79.92 vs VAL=79.70
2026-02-02 11:36:45,066 [INFO] 🔍 Scanning for alerts on 4 symbols (5min)...
2026-02-02 11:36:47,841 [INFO]     NSE:TORNTPHARM-EQ | CVD=-7524 vs Ref=-12212 | Close=3925.90 vs VAL=3939.75
2026-02-02 11:36:50,292 [INFO]     NSE:PIIND-EQ | CVD=5231 vs Ref=-17103 | Close=3015.00 vs VAL=3049.50
2026-02-02 11:36:52,539 [INFO]     NSE:CHOLAFIN-EQ | CVD=102095 vs Ref=-79867 | Close=1560.70 vs VAL=1526.80
2026-02-02 11:36:54,662 [INFO]     NSE:IDFCFIRSTB-EQ | CVD=3093147 vs Ref=-243483 | Close=80.19 vs VAL=79.70
2026-02-02 11:37:54,665 [INFO] 🔍 Scanning for alerts on 4 symbols (5min)...
2026-02-02 11:37:58,235 [INFO]     NSE:TORNTPHARM-EQ | CVD=-7524 vs Ref=-12212 | Close=3925.90 vs VAL=3939.75
2026-02-02 11:38:00,684 [INFO]     NSE:PIIND-EQ | CVD=5231 vs Ref=-17103 | Close=3015.00 vs VAL=3049.50
2026-02-02 11:38:03,295 [INFO]     NSE:CHOLAFIN-EQ | CVD=102095 vs Ref=-79867 | Close=1560.70 vs VAL=1526.80
2026-02-02 11:38:05,535 [INFO]     NSE:IDFCFIRSTB-EQ | CVD=3093147 vs Ref=-243483 | Close=80.19 vs VAL=79.70
2026-02-02 11:39:05,543 [INFO] 🔍 Scanning for alerts on 4 symbols (5min)...
2026-02-02 11:39:08,540 [INFO]     NSE:TORNTPHARM-EQ | CVD=-7524 vs Ref=-12212 | Close=3925.90 vs VAL=3939.75
2026-02-02 11:39:10,941 [INFO]     NSE:PIIND-EQ | CVD=5231 vs Ref=-17103 | Close=3015.00 vs VAL=3049.50
2026-02-02 11:39:13,783 [INFO]     NSE:CHOLAFIN-EQ | CVD=102095 vs Ref=-79867 | Close=1560.70 vs VAL=1526.80
2026-02-02 11:39:15,874 [INFO]     NSE:IDFCFIRSTB-EQ | CVD=3093147 vs Ref=-243483 | Close=80.19 vs VAL=79.70
2026-02-02 11:40:11,295 [INFO] ==================================================
2026-02-02 11:40:11,297 [INFO] 🚀 INITIALIZING STRATEGY ALERTS (5min)
2026-02-02 11:40:11,298 [INFO] ==================================================
2026-02-02 11:40:11,299 [INFO] 📅 FRVP Configuration:
2026-02-02 11:40:11,301 [INFO]    • Range: 09:15 - 10:25
2026-02-02 11:40:11,306 [INFO]    • Rows: 24 | VA%: 70
2026-02-02 11:40:11,308 [INFO] 
🌊 CVD Configuration:
2026-02-02 11:40:11,313 [INFO]    • Anchor: D
2026-02-02 11:40:11,314 [INFO]    • Ref Candles: First 16 candles of the day
2026-02-02 11:40:11,316 [INFO] --------------------------------------------------
2026-02-02 11:40:11,317 [INFO] ⏳ calculating reference levels for all symbols...
2026-02-02 11:40:13,105 [INFO] ✅ NSE:POWERINDIA-EQ    | CVD Ref (1st 16 c):   1496 | FRVP VAH: 18564.00
2026-02-02 11:40:14,609 [INFO] ✅ NSE:MCX-EQ           | CVD Ref (1st 16 c):  58658 | FRVP VAH:  2234.40
2026-02-02 11:40:15,878 [INFO] 🔍 Scanning for alerts on 4 symbols (5min)...
2026-02-02 11:40:17,652 [INFO] ✅ NSE:HDFCAMC-EQ       | CVD Ref (1st 16 c):  25270 | FRVP VAH:  2495.90
2026-02-02 11:40:19,762 [INFO] ✅ NSE:GODREJPROP-EQ    | CVD Ref (1st 16 c):  25814 | FRVP VAH:  1540.80
2026-02-02 11:40:19,770 [INFO]     NSE:TORNTPHARM-EQ | CVD=-7524 vs Ref=-12212 | Close=3925.90 vs VAL=3939.75
2026-02-02 11:40:21,480 [INFO] ✅ NSE:JINDALSTEL-EQ    | CVD Ref (1st 16 c):   4003 | FRVP VAH:  1107.90
2026-02-02 11:40:22,583 [INFO]     NSE:PIIND-EQ | CVD=5231 vs Ref=-17103 | Close=3015.00 vs VAL=3049.50
2026-02-02 11:40:23,449 [INFO] ✅ NSE:HINDALCO-EQ      | CVD Ref (1st 16 c): 493502 | FRVP VAH:   913.80
2026-02-02 11:40:25,254 [INFO] ✅ NSE:INDIANB-EQ       | CVD Ref (1st 16 c):  95330 | FRVP VAH:   835.55
2026-02-02 11:40:25,381 [INFO]     NSE:CHOLAFIN-EQ | CVD=102095 vs Ref=-79867 | Close=1560.70 vs VAL=1526.80
2026-02-02 11:40:27,349 [INFO] ✅ NSE:DLF-EQ           | CVD Ref (1st 16 c):  49671 | FRVP VAH:   619.60
2026-02-02 11:40:28,463 [INFO]     NSE:IDFCFIRSTB-EQ | CVD=3093147 vs Ref=-243483 | Close=80.19 vs VAL=79.70
2026-02-02 11:40:29,148 [INFO] ✅ NSE:OIL-EQ           | CVD Ref (1st 16 c): 116885 | FRVP VAH:   480.90
2026-02-02 11:40:30,335 [INFO] ✅ NSE:COALINDIA-EQ     | CVD Ref (1st 16 c):   2495 | FRVP VAH:   417.80
2026-02-02 11:40:32,243 [INFO] ✅ NSE:JSWENERGY-EQ     | CVD Ref (1st 16 c):   3921 | FRVP VAH:   447.80
2026-02-02 11:40:34,112 [INFO] ✅ NSE:NATIONALUM-EQ    | CVD Ref (1st 16 c): 1364212 | FRVP VAH:   367.15
2026-02-02 11:40:36,061 [INFO] ✅ NSE:PFC-EQ           | CVD Ref (1st 16 c):      0 | FRVP VAH:   385.65
2026-02-02 11:40:37,923 [INFO] ✅ NSE:RECLTD-EQ        | CVD Ref (1st 16 c): 192310 | FRVP VAH:   366.00
2026-02-02 11:40:39,446 [INFO] ✅ NSE:TATAPOWER-EQ     | CVD Ref (1st 16 c):  22693 | FRVP VAH:   355.20
2026-02-02 11:40:40,715 [INFO] ✅ NSE:NTPC-EQ          | CVD Ref (1st 16 c): 510002 | FRVP VAH:   346.80
2026-02-02 11:40:41,914 [INFO] ✅ NSE:PETRONET-EQ      | CVD Ref (1st 16 c):  20161 | FRVP VAH:   285.10
2026-02-02 11:40:43,835 [INFO] ✅ NSE:MANAPPURAM-EQ    | CVD Ref (1st 16 c):  98130 | FRVP VAH:   269.55
2026-02-02 11:40:45,021 [INFO] ✅ NSE:LTF-EQ           | CVD Ref (1st 16 c):  98102 | FRVP VAH:   276.00
2026-02-02 11:40:46,186 [INFO] ✅ NSE:HUDCO-EQ         | CVD Ref (1st 16 c):   1361 | FRVP VAH:   186.90
2026-02-02 11:40:47,408 [INFO] ✅ NSE:GAIL-EQ          | CVD Ref (1st 16 c):   1741 | FRVP VAH:   161.40
2026-02-02 11:40:48,683 [INFO] ✅ NSE:CANBK-EQ         | CVD Ref (1st 16 c): 170019 | FRVP VAH:   140.80
2026-02-02 11:40:49,945 [INFO] ✅ NSE:SAMMAANCAP-EQ    | CVD Ref (1st 16 c): 597206 | FRVP VAH:   144.90
2026-02-02 11:40:49,946 [INFO] ==================================================

2026-02-02 11:40:49,950 [INFO] 🚀 Buy Alert Monitoring Started...
2026-02-02 11:40:49,951 [INFO] 🔍 Scanning for alerts on 23 symbols (5min)...
2026-02-02 11:40:51,967 [INFO]     NSE:POWERINDIA-EQ | CVD=-7010 vs Ref=1496 | Close=18476.00 vs VAH=18564.00
2026-02-02 11:40:53,680 [INFO]     NSE:MCX-EQ | CVD=-235729 vs Ref=58658 | Close=2230.00 vs VAH=2234.40
2026-02-02 11:40:56,688 [INFO] 🚀 [BUY ALERT] NSE:HDFCAMC-EQ (5min) triggered at 11:30!
2026-02-02 11:40:56,690 [INFO]     ✅ Price: 2498.20 > FRVP VAH: 2495.90
2026-02-02 11:40:56,691 [INFO]     ✅ CVD:   74886 > CVD Ref:  25270
2026-02-02 11:40:56,692 [INFO]     NSE:HDFCAMC-EQ | CVD=74886 vs Ref=25270 | Close=2498.20 vs VAH=2495.90
2026-02-02 11:40:58,680 [INFO]     NSE:GODREJPROP-EQ | CVD=-4612 vs Ref=25814 | Close=1532.90 vs VAH=1540.80
2026-02-02 11:41:00,387 [INFO]     NSE:JINDALSTEL-EQ | CVD=200544 vs Ref=4003 | Close=1091.20 vs VAH=1107.90
2026-02-02 11:41:02,825 [INFO]     NSE:HINDALCO-EQ | CVD=264011 vs Ref=493502 | Close=906.40 vs VAH=913.80
2026-02-02 11:41:04,974 [INFO]     NSE:INDIANB-EQ | CVD=18711 vs Ref=95330 | Close=813.85 vs VAH=835.55
2026-02-02 11:41:06,753 [INFO]     NSE:DLF-EQ | CVD=34201 vs Ref=49671 | Close=619.75 vs VAH=619.60
2026-02-02 11:41:08,382 [INFO]     NSE:OIL-EQ | CVD=22935 vs Ref=116885 | Close=478.55 vs VAH=480.90
2026-02-02 11:41:10,125 [INFO]     NSE:COALINDIA-EQ | CVD=414581 vs Ref=2495 | Close=416.30 vs VAH=417.80
2026-02-02 11:41:12,000 [INFO]     NSE:JSWENERGY-EQ | CVD=-152003 vs Ref=3921 | Close=444.65 vs VAH=447.80
2026-02-02 11:41:14,444 [INFO]     NSE:NATIONALUM-EQ | CVD=-297418 vs Ref=1364212 | Close=363.10 vs VAH=367.15
2026-02-02 11:41:18,124 [INFO]     NSE:PFC-EQ | CVD=-2240672 vs Ref=0 | Close=376.05 vs VAH=385.65
2026-02-02 11:41:21,008 [INFO]     NSE:RECLTD-EQ | CVD=-827536 vs Ref=192310 | Close=356.00 vs VAH=366.00
2026-02-02 11:41:23,960 [INFO]     NSE:TATAPOWER-EQ | CVD=-355019 vs Ref=22693 | Close=351.85 vs VAH=355.20
2026-02-02 11:41:27,158 [INFO]     NSE:NTPC-EQ | CVD=-9435 vs Ref=510002 | Close=344.70 vs VAH=346.80
2026-02-02 11:41:28,465 [INFO] 🔍 Scanning for alerts on 4 symbols (5min)...
2026-02-02 11:41:29,706 [INFO]     NSE:PETRONET-EQ | CVD=185879 vs Ref=20161 | Close=282.55 vs VAH=285.10
2026-02-02 11:41:31,291 [INFO]     NSE:TORNTPHARM-EQ | CVD=-7751 vs Ref=-12212 | Close=3927.00 vs VAL=3939.75
2026-02-02 11:41:32,995 [INFO]     NSE:MANAPPURAM-EQ | CVD=-169472 vs Ref=98130 | Close=265.70 vs VAH=269.55
2026-02-02 11:41:34,265 [INFO]     NSE:PIIND-EQ | CVD=5231 vs Ref=-17103 | Close=3015.00 vs VAL=3049.50
2026-02-02 11:41:35,929 [INFO]     NSE:LTF-EQ | CVD=-533143 vs Ref=98102 | Close=272.15 vs VAH=276.00
2026-02-02 11:41:38,028 [INFO]     NSE:CHOLAFIN-EQ | CVD=102095 vs Ref=-79867 | Close=1560.70 vs VAL=1526.80
2026-02-02 11:41:39,864 [INFO]     NSE:HUDCO-EQ | CVD=-1352725 vs Ref=1361 | Close=181.53 vs VAH=186.90
2026-02-02 11:41:40,732 [INFO]     NSE:IDFCFIRSTB-EQ | CVD=1518090 vs Ref=-243483 | Close=80.22 vs VAL=79.70
2026-02-02 11:41:42,123 [INFO]     NSE:GAIL-EQ | CVD=-1024112 vs Ref=1741 | Close=159.37 vs VAH=161.40
2026-02-02 11:41:43,805 [INFO]     NSE:CANBK-EQ | CVD=-89831 vs Ref=170019 | Close=141.79 vs VAH=140.80
2026-02-02 11:41:46,594 [INFO]     NSE:SAMMAANCAP-EQ | CVD=139980 vs Ref=597206 | Close=142.31 vs VAH=144.90
2026-02-02 11:42:40,735 [INFO] 🔍 Scanning for alerts on 4 symbols (5min)...
2026-02-02 11:42:42,317 [INFO]     NSE:TORNTPHARM-EQ | CVD=-7751 vs Ref=-12212 | Close=3927.00 vs VAL=3939.75
2026-02-02 11:42:44,094 [INFO]     NSE:PIIND-EQ | CVD=5231 vs Ref=-17103 | Close=3015.00 vs VAL=3049.50
2026-02-02 11:42:46,598 [INFO] 🔍 Scanning for alerts on 22 symbols (5min)...
lose=1560.70 vs VAL=1526.80
2026-02-02 11:42:49,519 [INFO]     NSE:IDFCFIRSTB-EQ | CVD=1518090 vs Ref=-243483 | Close=80.22 vs VAL=79.70
2026-02-02 11:42:49,532 [INFO]     NSE:POWERINDIA-EQ | CVD=-7010 vs Ref=1496 | Close=18476.00 vs VAH=18564.00
2026-02-02 11:42:51,652 [INFO]     NSE:MCX-EQ | CVD=-235763 vs Ref=58658 | Close=2231.10 vs VAH=2234.40
2026-02-02 11:42:53,605 [INFO]     NSE:GODREJPROP-EQ | CVD=-4827 vs Ref=25814 | Close=1532.10 vs VAH=1540.80
2026-02-02 11:42:55,513 [INFO]     NSE:JINDALSTEL-EQ | CVD=204111 vs Ref=4003 | Close=1090.20 vs VAH=1107.90
2026-02-02 11:42:58,218 [INFO]     NSE:HINDALCO-EQ | CVD=267214 vs Ref=493502 | Close=908.00 vs VAH=913.80
2026-02-02 11:43:00,445 [INFO]     NSE:INDIANB-EQ | CVD=18711 vs Ref=95330 | Close=813.85 vs VAH=835.55
2026-02-02 11:43:02,329 [INFO]     NSE:DLF-EQ | CVD=34201 vs Ref=49671 | Close=619.75 vs VAH=619.60
2026-02-02 11:43:02,661 [INFO] ==================================================
2026-02-02 11:43:02,663 [INFO] 🚀 INITIALIZING SELL ALERTS (5min)
2026-02-02 11:43:02,665 [INFO] ==================================================
2026-02-02 11:43:02,667 [INFO] 📅 FRVP Configuration:
2026-02-02 11:43:02,669 [INFO]    • Range: 09:15 - 10:25
2026-02-02 11:43:02,671 [INFO]    • Rows: 24 | VA%: 70
2026-02-02 11:43:02,672 [INFO] 
🌊 CVD Configuration:
2026-02-02 11:43:02,674 [INFO]    • Anchor: D
2026-02-02 11:43:02,676 [INFO]    • Ref Candles: First 16 candles of the day
2026-02-02 11:43:02,678 [INFO] --------------------------------------------------
2026-02-02 11:43:02,679 [INFO] ⏳ calculating reference levels for all symbols...
2026-02-02 11:43:04,095 [INFO] ✅ NSE:TORNTPHARM-EQ    | CVD Ref (1st 16 c): -12212 | FRVP VAL:  3939.75
2026-02-02 11:43:04,311 [INFO]     NSE:OIL-EQ | CVD=22935 vs Ref=116885 | Close=478.55 vs VAH=480.90
2026-02-02 11:43:05,343 [INFO] ✅ NSE:KAYNES-EQ        | CVD Ref (1st 16 c): -99061 | FRVP VAL:  3444.00
2026-02-02 11:43:06,161 [INFO]     NSE:COALINDIA-EQ | CVD=414581 vs Ref=2495 | Close=416.30 vs VAH=417.80
2026-02-02 11:43:06,491 [INFO] ✅ NSE:PIIND-EQ         | CVD Ref (1st 16 c): -17103 | FRVP VAL:  3049.50
2026-02-02 11:43:07,716 [INFO] ✅ NSE:HINDUNILVR-EQ    | CVD Ref (1st 16 c): -17753 | FRVP VAL:  2318.40
2026-02-02 11:43:07,961 [INFO]     NSE:JSWENERGY-EQ | CVD=-152003 vs Ref=3921 | Close=444.65 vs VAH=447.80
2026-02-02 11:43:08,885 [INFO] ✅ NSE:CHOLAFIN-EQ      | CVD Ref (1st 16 c): -79867 | FRVP VAL:  1526.80
2026-02-02 11:43:09,935 [INFO]     NSE:NATIONALUM-EQ | CVD=-297418 vs Ref=1364212 | Close=363.10 vs VAH=367.15
2026-02-02 11:43:10,278 [INFO] ✅ NSE:MAXHEALTH-EQ     | CVD Ref (1st 16 c): -26629 | FRVP VAL:   947.00
2026-02-02 11:43:11,601 [INFO] ✅ NSE:LICHSGFIN-EQ     | CVD Ref (1st 16 c): -86113 | FRVP VAL:   499.25
2026-02-02 11:43:11,856 [INFO]     NSE:PFC-EQ | CVD=-2240672 vs Ref=0 | Close=376.05 vs VAH=385.65
2026-02-02 11:43:12,998 [INFO] ✅ NSE:HUDCO-EQ         | CVD Ref (1st 16 c): -1036236 | FRVP VAL:   184.80
2026-02-02 11:43:13,799 [INFO]     NSE:RECLTD-EQ | CVD=-827536 vs Ref=192310 | Close=356.00 vs VAH=366.00
2026-02-02 11:43:14,336 [INFO] ✅ NSE:IDFCFIRSTB-EQ    | CVD Ref (1st 16 c): -243483 | FRVP VAL:    79.70
2026-02-02 11:43:14,339 [INFO] ==================================================

2026-02-02 11:43:14,344 [INFO] 🚀 SELL Alert Monitoring Started...
2026-02-02 11:43:14,346 [INFO] 🔍 Scanning for alerts on 9 symbols (5min)...
2026-02-02 11:43:15,844 [INFO]     NSE:TATAPOWER-EQ | CVD=-355019 vs Ref=22693 | Close=351.85 vs VAH=355.20
2026-02-02 11:43:16,340 [INFO]     NSE:TORNTPHARM-EQ | CVD=-7751 vs Ref=-12212 | Close=3927.00 vs VAL=3939.75
2026-02-02 11:43:17,620 [INFO]     NSE:NTPC-EQ | CVD=-9435 vs Ref=510002 | Close=344.70 vs VAH=346.80
2026-02-02 11:43:18,136 [INFO]     NSE:KAYNES-EQ | CVD=-53733 vs Ref=-99061 | Close=3414.10 vs VAL=3444.00
2026-02-02 11:43:19,518 [INFO]     NSE:PETRONET-EQ | CVD=185879 vs Ref=20161 | Close=282.55 vs VAH=285.10
2026-02-02 11:43:19,930 [INFO]     NSE:PIIND-EQ | CVD=5231 vs Ref=-17103 | Close=3015.00 vs VAL=3049.50
2026-02-02 11:43:21,240 [INFO]     NSE:MANAPPURAM-EQ | CVD=-169472 vs Ref=98130 | Close=265.70 vs VAH=269.55
2026-02-02 11:43:21,641 [INFO]     NSE:HINDUNILVR-EQ | CVD=-33630 vs Ref=-17753 | Close=2324.00 vs VAL=2318.40
2026-02-02 11:43:23,159 [INFO]     NSE:LTF-EQ | CVD=-533143 vs Ref=98102 | Close=272.15 vs VAH=276.00
2026-02-02 11:43:23,603 [INFO]     NSE:CHOLAFIN-EQ | CVD=102095 vs Ref=-79867 | Close=1560.70 vs VAL=1526.80
2026-02-02 11:43:25,134 [INFO]     NSE:HUDCO-EQ | CVD=-1352725 vs Ref=1361 | Close=181.53 vs VAH=186.90
2026-02-02 11:43:25,573 [INFO]     NSE:MAXHEALTH-EQ | CVD=25797 vs Ref=-26629 | Close=943.25 vs VAL=947.00
2026-02-02 11:43:27,702 [INFO]     NSE:GAIL-EQ | CVD=-1024112 vs Ref=1741 | Close=159.37 vs VAH=161.40
2026-02-02 11:43:28,214 [INFO] 🚀 [SELL ALERT] NSE:LICHSGFIN-EQ (5min) triggered at 11:30!
2026-02-02 11:43:28,218 [INFO]     ✅ Price: 496.00 < FRVP VAL: 499.25
2026-02-02 11:43:28,221 [INFO]     ✅ CVD:   -137741 < CVD Ref:  -86113
2026-02-02 11:43:28,224 [INFO]     ℹ️  FRVP Info: POC=502.75, VAL=499.25
2026-02-02 11:43:28,228 [INFO]     NSE:LICHSGFIN-EQ | CVD=-137741 vs Ref=-86113 | Close=496.00 vs VAL=499.25
2026-02-02 11:43:29,928 [INFO]     NSE:CANBK-EQ | CVD=-89831 vs Ref=170019 | Close=141.79 vs VAH=140.80
2026-02-02 11:43:30,337 [INFO] 🚀 [SELL ALERT] NSE:HUDCO-EQ (5min) triggered at 11:35!
2026-02-02 11:43:30,339 [INFO]     ✅ Price: 181.53 < FRVP VAL: 184.80
2026-02-02 11:43:30,343 [INFO]     ✅ CVD:   -1352725 < CVD Ref:  -1036236
2026-02-02 11:43:30,346 [INFO]     ℹ️  FRVP Info: POC=186.00, VAL=184.80
2026-02-02 11:43:30,348 [INFO]     NSE:HUDCO-EQ | CVD=-1352725 vs Ref=-1036236 | Close=181.53 vs VAL=184.80
2026-02-02 11:43:31,758 [INFO]     NSE:SAMMAANCAP-EQ | CVD=139980 vs Ref=597206 | Close=142.31 vs VAH=144.90
2026-02-02 11:43:32,088 [INFO]     NSE:IDFCFIRSTB-EQ | CVD=1518090 vs Ref=-243483 | Close=80.22 vs VAL=79.70
2026-02-02 11:43:49,522 [INFO] 🔍 Scanning for alerts on 4 symbols (5min)...
2026-02-02 11:43:51,091 [INFO]     NSE:TORNTPHARM-EQ | CVD=-7751 vs Ref=-12212 | Close=3927.00 vs VAL=3939.75
2026-02-02 11:43:52,748 [INFO]     NSE:PIIND-EQ | CVD=5231 vs Ref=-17103 | Close=3015.00 vs VAL=3049.50
2026-02-02 11:43:54,934 [INFO]     NSE:CHOLAFIN-EQ | CVD=102095 vs Ref=-79867 | Close=1560.70 vs VAL=1526.80
2026-02-02 11:43:56,797 [INFO]     NSE:IDFCFIRSTB-EQ | CVD=1518090 vs Ref=-243483 | Close=80.22 vs VAL=79.70
2026-02-02 11:44:31,762 [INFO] 🔍 Scanning for alerts on 22 symbols (5min)...
2026-02-02 11:44:32,091 [INFO] 🔍 Scanning for alerts on 7 symbols (5min)...
2026-02-02 11:44:33,814 [INFO]     NSE:POWERINDIA-EQ | CVD=-7010 vs Ref=1496 | Close=18476.00 vs VAH=18564.00
2026-02-02 11:44:34,166 [INFO]     NSE:TORNTPHARM-EQ | CVD=-7751 vs Ref=-12212 | Close=3927.00 vs VAL=3939.75
2026-02-02 11:44:36,440 [INFO]     NSE:MCX-EQ | CVD=-235763 vs Ref=58658 | Close=2231.10 vs VAH=2234.40
2026-02-02 11:44:37,618 [INFO]     NSE:KAYNES-EQ | CVD=-53733 vs Ref=-99061 | Close=3414.10 vs VAL=3444.00
2026-02-02 11:44:39,961 [INFO]     NSE:GODREJPROP-EQ | CVD=-4827 vs Ref=25814 | Close=1532.10 vs VAH=1540.80
2026-02-02 11:44:41,319 [INFO]     NSE:PIIND-EQ | CVD=5231 vs Ref=-17103 | Close=3015.00 vs VAL=3049.50
2026-02-02 11:44:43,035 [INFO]     NSE:JINDALSTEL-EQ | CVD=204111 vs Ref=4003 | Close=1090.20 vs VAH=1107.90
2026-02-02 11:44:44,980 [INFO]     NSE:HINDUNILVR-EQ | CVD=-33630 vs Ref=-17753 | Close=2324.00 vs VAL=2318.40
2026-02-02 11:44:45,732 [INFO]     NSE:HINDALCO-EQ | CVD=267214 vs Ref=493502 | Close=908.00 vs VAH=913.80
2026-02-02 11:44:47,206 [INFO]     NSE:CHOLAFIN-EQ | CVD=102095 vs Ref=-79867 | Close=1560.70 vs VAL=1526.80
2026-02-02 11:44:47,917 [INFO]     NSE:INDIANB-EQ | CVD=18711 vs Ref=95330 | Close=813.85 vs VAH=835.55
2026-02-02 11:44:48,979 [INFO]     NSE:MAXHEALTH-EQ | CVD=25797 vs Ref=-26629 | Close=943.25 vs VAL=947.00
2026-02-02 11:44:49,639 [INFO]     NSE:DLF-EQ | CVD=34201 vs Ref=49671 | Close=619.75 vs VAH=619.60
2026-02-02 11:44:50,638 [INFO]     NSE:IDFCFIRSTB-EQ | CVD=1518090 vs Ref=-243483 | Close=80.22 vs VAL=79.70
2026-02-02 11:44:51,273 [INFO]     NSE:OIL-EQ | CVD=22935 vs Ref=116885 | Close=478.55 vs VAH=480.90
2026-02-02 11:44:53,220 [INFO]     NSE:COALINDIA-EQ | CVD=414581 vs Ref=2495 | Close=416.30 vs VAH=417.80
2026-02-02 11:44:55,013 [INFO]     NSE:JSWENERGY-EQ | CVD=-152003 vs Ref=3921 | Close=444.65 vs VAH=447.80
2026-02-02 11:44:56,634 [INFO]     NSE:NATIONALUM-EQ | CVD=-297418 vs Ref=1364212 | Close=363.10 vs VAH=367.15
2026-02-02 11:44:56,799 [INFO] 🔍 Scanning for alerts on 4 symbols (5min)...
2026-02-02 11:44:58,483 [INFO]     NSE:PFC-EQ | CVD=-2240672 vs Ref=0 | Close=376.05 vs VAH=385.65
2026-02-02 11:44:58,678 [INFO]     NSE:TORNTPHARM-EQ | CVD=-7751 vs Ref=-12212 | Close=3927.00 vs VAL=3939.75
2026-02-02 11:45:00,196 [INFO]     NSE:RECLTD-EQ | CVD=-827536 vs Ref=192310 | Close=356.00 vs VAH=366.00
2026-02-02 11:45:00,516 [INFO]     NSE:PIIND-EQ | CVD=5231 vs Ref=-17103 | Close=3015.00 vs VAL=3049.50
2026-02-02 11:45:02,057 [INFO]     NSE:TATAPOWER-EQ | CVD=-355019 vs Ref=22693 | Close=351.85 vs VAH=355.20
2026-02-02 11:45:02,451 [INFO]     NSE:CHOLAFIN-EQ | CVD=102095 vs Ref=-79867 | Close=1560.70 vs VAL=1526.80
2026-02-02 11:45:03,849 [INFO]     NSE:NTPC-EQ | CVD=-9435 vs Ref=510002 | Close=344.70 vs VAH=346.80
2026-02-02 11:45:04,423 [INFO]     NSE:IDFCFIRSTB-EQ | CVD=1518090 vs Ref=-243483 | Close=80.22 vs VAL=79.70
2026-02-02 11:45:05,681 [INFO]     NSE:PETRONET-EQ | CVD=185879 vs Ref=20161 | Close=282.55 vs VAH=285.10
2026-02-02 11:45:07,410 [INFO]     NSE:MANAPPURAM-EQ | CVD=-169472 vs Ref=98130 | Close=265.70 vs VAH=269.55
2026-02-02 11:45:09,075 [INFO]     NSE:LTF-EQ | CVD=-533143 vs Ref=98102 | Close=272.15 vs VAH=276.00
2026-02-02 11:45:10,755 [INFO]     NSE:HUDCO-EQ | CVD=-1352725 vs Ref=1361 | Close=181.53 vs VAH=186.90
2026-02-02 11:45:12,237 [INFO]     NSE:GAIL-EQ | CVD=-1024112 vs Ref=1741 | Close=159.37 vs VAH=161.40
2026-02-02 11:45:13,855 [INFO]     NSE:CANBK-EQ | CVD=-89831 vs Ref=170019 | Close=141.79 vs VAH=140.80
2026-02-02 11:45:15,660 [INFO]     NSE:SAMMAANCAP-EQ | CVD=139980 vs Ref=597206 | Close=142.31 vs VAH=144.90
2026-02-02 11:45:50,642 [INFO] 🔍 Scanning for alerts on 7 symbols (5min)...
2026-02-02 11:45:52,782 [INFO]     NSE:TORNTPHARM-EQ | CVD=-7751 vs Ref=-12212 | Close=3927.00 vs VAL=3939.75
2026-02-02 11:45:55,117 [INFO]     NSE:KAYNES-EQ | CVD=-53733 vs Ref=-99061 | Close=3414.10 vs VAL=3444.00
2026-02-02 11:45:58,985 [INFO]     NSE:PIIND-EQ | CVD=5231 vs Ref=-17103 | Close=3015.00 vs VAL=3049.50
2026-02-02 11:46:02,419 [INFO]     NSE:HINDUNILVR-EQ | CVD=-33630 vs Ref=-17753 | Close=2324.00 vs VAL=2318.40
2026-02-02 11:46:04,433 [INFO] 🔍 Scanning for alerts on 4 symbols (5min)...
2026-02-02 11:46:06,418 [INFO]     NSE:CHOLAFIN-EQ | CVD=102095 vs Ref=-79867 | Close=1560.70 vs VAL=1526.80
2026-02-02 11:46:08,289 [INFO]     NSE:TORNTPHARM-EQ | CVD=-7751 vs Ref=-12212 | Close=3927.00 vs VAL=3939.75
2026-02-02 11:46:09,739 [INFO]     NSE:MAXHEALTH-EQ | CVD=25797 vs Ref=-26629 | Close=943.25 vs VAL=947.00
2026-02-02 11:46:12,329 [INFO]     NSE:PIIND-EQ | CVD=5231 vs Ref=-17103 | Close=3015.00 vs VAL=3049.50
2026-02-02 11:46:13,789 [INFO]     NSE:IDFCFIRSTB-EQ | CVD=1518090 vs Ref=-243483 | Close=80.22 vs VAL=79.70
2026-02-02 11:46:15,669 [INFO] 🔍 Scanning for alerts on 22 symbols (5min)...
2026-02-02 11:46:17,047 [INFO]     NSE:CHOLAFIN-EQ | CVD=102095 vs Ref=-79867 | Close=1560.70 vs VAL=1526.80
2026-02-02 11:46:19,866 [INFO]     NSE:POWERINDIA-EQ | CVD=-7010 vs Ref=1496 | Close=18476.00 vs VAH=18564.00
2026-02-02 11:46:20,824 [INFO]     NSE:IDFCFIRSTB-EQ | CVD=1518090 vs Ref=-243483 | Close=80.22 vs VAL=79.70
2026-02-02 11:46:23,422 [INFO]     NSE:MCX-EQ | CVD=-235763 vs Ref=58658 | Close=2231.10 vs VAH=2234.40
2026-02-02 11:46:26,434 [INFO]     NSE:GODREJPROP-EQ | CVD=-4827 vs Ref=25814 | Close=1532.10 vs VAH=1540.80
2026-02-02 11:46:30,043 [INFO]     NSE:JINDALSTEL-EQ | CVD=204111 vs Ref=4003 | Close=1090.20 vs VAH=1107.90
2026-02-02 11:46:32,710 [INFO]     NSE:HINDALCO-EQ | CVD=267214 vs Ref=493502 | Close=908.00 vs VAH=913.80
2026-02-02 11:46:34,996 [INFO]     NSE:INDIANB-EQ | CVD=18711 vs Ref=95330 | Close=813.85 vs VAH=835.55
2026-02-02 11:46:38,521 [INFO]     NSE:DLF-EQ | CVD=34201 vs Ref=49671 | Close=619.75 vs VAH=619.60
2026-02-02 11:46:41,587 [INFO]     NSE:OIL-EQ | CVD=22935 vs Ref=116885 | Close=478.55 vs VAH=480.90
2026-02-02 11:46:44,657 [INFO]     NSE:COALINDIA-EQ | CVD=414581 vs Ref=2495 | Close=416.30 vs VAH=417.80
2026-02-02 11:46:47,688 [INFO]     NSE:JSWENERGY-EQ | CVD=-152003 vs Ref=3921 | Close=444.65 vs VAH=447.80
2026-02-02 11:46:50,364 [INFO]     NSE:NATIONALUM-EQ | CVD=-297418 vs Ref=1364212 | Close=363.10 vs VAH=367.15
2026-02-02 11:46:52,616 [INFO]     NSE:PFC-EQ | CVD=-2240672 vs Ref=0 | Close=376.05 vs VAH=385.65
2026-02-02 11:46:54,725 [INFO]     NSE:RECLTD-EQ | CVD=-827536 vs Ref=192310 | Close=356.00 vs VAH=366.00
2026-02-02 11:46:56,692 [INFO]     NSE:TATAPOWER-EQ | CVD=-355019 vs Ref=22693 | Close=351.85 vs VAH=355.20
2026-02-02 11:46:58,613 [INFO]     NSE:NTPC-EQ | CVD=-9435 vs Ref=510002 | Close=344.70 vs VAH=346.80
2026-02-02 11:47:00,915 [INFO]     NSE:PETRONET-EQ | CVD=185879 vs Ref=20161 | Close=282.55 vs VAH=285.10
2026-02-02 11:47:03,270 [INFO]     NSE:MANAPPURAM-EQ | CVD=-169472 vs Ref=98130 | Close=265.70 vs VAH=269.55
2026-02-02 11:47:05,599 [INFO]     NSE:LTF-EQ | CVD=-533143 vs Ref=98102 | Close=272.15 vs VAH=276.00
2026-02-02 11:47:07,560 [INFO]     NSE:HUDCO-EQ | CVD=-1352725 vs Ref=1361 | Close=181.53 vs VAH=186.90
2026-02-02 11:47:09,664 [INFO]     NSE:GAIL-EQ | CVD=-1024112 vs Ref=1741 | Close=159.37 vs VAH=161.40
2026-02-02 11:47:11,154 [INFO] ==================================================
2026-02-02 11:47:11,157 [INFO] 🚀 INITIALIZING STRATEGY ALERTS (5min)
2026-02-02 11:47:11,161 [INFO] ==================================================
2026-02-02 11:47:11,164 [INFO] 📅 FRVP Configuration:
2026-02-02 11:47:11,169 [INFO]    • Range: 09:15 - 10:25
2026-02-02 11:47:11,171 [INFO]    • Rows: 24 | VA%: 70
2026-02-02 11:47:11,173 [INFO] 
🌊 CVD Configuration:
2026-02-02 11:47:11,180 [INFO]    • Anchor: D
2026-02-02 11:47:11,183 [INFO]    • Ref Candles: First 16 candles of the day
2026-02-02 11:47:11,185 [INFO] --------------------------------------------------
2026-02-02 11:47:11,186 [INFO] ⏳ calculating reference levels for all symbols...
2026-02-02 11:47:11,829 [INFO]     NSE:CANBK-EQ | CVD=-89831 vs Ref=170019 | Close=141.79 vs VAH=140.80
2026-02-02 11:47:13,000 [INFO] ✅ NSE:HINDZINC-EQ      | CVD Ref (1st 16 c): 1657045 | FRVP VAH:   590.25
2026-02-02 11:47:13,808 [INFO] 🔍 Scanning for alerts on 7 symbols (5min)...
2026-02-02 11:47:14,346 [INFO]     NSE:SAMMAANCAP-EQ | CVD=139980 vs Ref=597206 | Close=142.31 vs VAH=144.90
2026-02-02 11:47:14,572 [INFO] ✅ NSE:PETRONET-EQ      | CVD Ref (1st 16 c):  20161 | FRVP VAH:   285.10
2026-02-02 11:47:14,575 [INFO] ==================================================

2026-02-02 11:47:14,578 [INFO] 🚀 Buy Alert Monitoring Started...
2026-02-02 11:47:14,581 [INFO] 🔍 Scanning for alerts on 2 symbols (5min)...
2026-02-02 11:47:16,009 [INFO]     NSE:TORNTPHARM-EQ | CVD=-7751 vs Ref=-12212 | Close=3927.00 vs VAL=3939.75
2026-02-02 11:47:16,649 [INFO]     NSE:HINDZINC-EQ | CVD=821354 vs Ref=1657045 | Close=582.10 vs VAH=590.25
2026-02-02 11:47:18,783 [INFO]     NSE:KAYNES-EQ | CVD=-53733 vs Ref=-99061 | Close=3414.10 vs VAL=3444.00
2026-02-02 11:47:20,190 [INFO]     NSE:PETRONET-EQ | CVD=185879 vs Ref=20161 | Close=282.55 vs VAH=285.10
2026-02-02 11:47:20,864 [INFO] 🔍 Scanning for alerts on 4 symbols (5min)...
2026-02-02 11:47:25,232 [INFO]     NSE:PIIND-EQ | CVD=5231 vs Ref=-17103 | Close=3015.00 vs VAL=3049.50
2026-02-02 11:47:26,236 [INFO]     NSE:TORNTPHARM-EQ | CVD=-7751 vs Ref=-12212 | Close=3927.00 vs VAL=3939.75
2026-02-02 11:47:27,550 [INFO]     NSE:HINDUNILVR-EQ | CVD=-33630 vs Ref=-17753 | Close=2324.00 vs VAL=2318.40
2026-02-02 11:47:28,467 [INFO]     NSE:PIIND-EQ | CVD=5231 vs Ref=-17103 | Close=3015.00 vs VAL=3049.50
2026-02-02 11:47:29,748 [INFO]     NSE:CHOLAFIN-EQ | CVD=102095 vs Ref=-79867 | Close=1560.70 vs VAL=1526.80
2026-02-02 11:47:30,653 [INFO]     NSE:CHOLAFIN-EQ | CVD=102095 vs Ref=-79867 | Close=1560.70 vs VAL=1526.80
2026-02-02 11:47:31,752 [INFO]     NSE:MAXHEALTH-EQ | CVD=25797 vs Ref=-26629 | Close=943.25 vs VAL=947.00
2026-02-02 11:47:32,678 [INFO]     NSE:IDFCFIRSTB-EQ | CVD=1518090 vs Ref=-243483 | Close=80.22 vs VAL=79.70
2026-02-02 11:47:33,656 [INFO]     NSE:IDFCFIRSTB-EQ | CVD=1518090 vs Ref=-243483 | Close=80.22 vs VAL=79.70
2026-02-02 11:48:14,349 [INFO] 🔍 Scanning for alerts on 22 symbols (5min)...
2026-02-02 11:48:16,118 [INFO]     NSE:POWERINDIA-EQ | CVD=-7010 vs Ref=1496 | Close=18476.00 vs VAH=18564.00
2026-02-02 11:48:18,341 [INFO]     NSE:MCX-EQ | CVD=-235763 vs Ref=58658 | Close=2231.10 vs VAH=2234.40
2026-02-02 11:48:20,196 [INFO] 🔍 Scanning for alerts on 2 symbols (5min)...
2026-02-02 11:48:22,233 [INFO]     NSE:GODREJPROP-EQ | CVD=-4827 vs Ref=25814 | Close=1532.10 vs VAH=1540.80
2026-02-02 11:48:22,490 [INFO]     NSE:HINDZINC-EQ | CVD=821354 vs Ref=1657045 | Close=582.10 vs VAH=590.25
2026-02-02 11:48:24,884 [INFO]     NSE:JINDALSTEL-EQ | CVD=204111 vs Ref=4003 | Close=1090.20 vs VAH=1107.90
2026-02-02 11:48:25,168 [INFO]     NSE:PETRONET-EQ | CVD=185879 vs Ref=20161 | Close=282.55 vs VAH=285.10
2026-02-02 11:48:27,358 [INFO]     NSE:HINDALCO-EQ | CVD=267214 vs Ref=493502 | Close=908.00 vs VAH=913.80
2026-02-02 11:48:29,170 [INFO]     NSE:INDIANB-EQ | CVD=18711 vs Ref=95330 | Close=813.85 vs VAH=835.55
2026-02-02 11:48:30,833 [INFO]     NSE:DLF-EQ | CVD=34201 vs Ref=49671 | Close=619.75 vs VAH=619.60
2026-02-02 11:48:32,681 [INFO] 🔍 Scanning for alerts on 4 symbols (5min)...
2026-02-02 11:48:32,702 [INFO]     NSE:OIL-EQ | CVD=22935 vs Ref=116885 | Close=478.55 vs VAH=480.90
2026-02-02 11:48:33,661 [INFO] 🔍 Scanning for alerts on 7 symbols (5min)...
2026-02-02 11:48:34,883 [INFO]     NSE:TORNTPHARM-EQ | CVD=-7751 vs Ref=-12212 | Close=3927.00 vs VAL=3939.75
2026-02-02 11:48:35,027 [INFO]     NSE:COALINDIA-EQ | CVD=414581 vs Ref=2495 | Close=416.30 vs VAH=417.80
2026-02-02 11:48:36,379 [INFO]     NSE:TORNTPHARM-EQ | CVD=-7751 vs Ref=-12212 | Close=3927.00 vs VAL=3939.75
2026-02-02 11:48:37,521 [INFO]     NSE:JSWENERGY-EQ | CVD=-152003 vs Ref=3921 | Close=444.65 vs VAH=447.80
2026-02-02 11:48:37,597 [INFO]     NSE:PIIND-EQ | CVD=5231 vs Ref=-17103 | Close=3015.00 vs VAL=3049.50
2026-02-02 11:48:38,391 [INFO]     NSE:KAYNES-EQ | CVD=-53733 vs Ref=-99061 | Close=3414.10 vs VAL=3444.00
2026-02-02 11:48:39,556 [INFO]     NSE:NATIONALUM-EQ | CVD=-297418 vs Ref=1364212 | Close=363.10 vs VAH=367.15
2026-02-02 11:48:39,573 [INFO]     NSE:CHOLAFIN-EQ | CVD=102095 vs Ref=-79867 | Close=1560.70 vs VAL=1526.80
2026-02-02 11:48:40,444 [INFO]     NSE:PIIND-EQ | CVD=5231 vs Ref=-17103 | Close=3015.00 vs VAL=3049.50
2026-02-02 11:48:41,520 [INFO]     NSE:PFC-EQ | CVD=-2240672 vs Ref=0 | Close=376.05 vs VAH=385.65
2026-02-02 11:48:41,561 [INFO]     NSE:IDFCFIRSTB-EQ | CVD=1518090 vs Ref=-243483 | Close=80.22 vs VAL=79.70
2026-02-02 11:48:42,586 [INFO]     NSE:HINDUNILVR-EQ | CVD=-33630 vs Ref=-17753 | Close=2324.00 vs VAL=2318.40
2026-02-02 11:48:43,490 [INFO]     NSE:RECLTD-EQ | CVD=-827536 vs Ref=192310 | Close=356.00 vs VAH=366.00
2026-02-02 11:48:44,282 [INFO]     NSE:CHOLAFIN-EQ | CVD=102095 vs Ref=-79867 | Close=1560.70 vs VAL=1526.80
2026-02-02 11:48:45,235 [INFO]     NSE:TATAPOWER-EQ | CVD=-355019 vs Ref=22693 | Close=351.85 vs VAH=355.20
2026-02-02 11:48:46,195 [INFO]     NSE:MAXHEALTH-EQ | CVD=25797 vs Ref=-26629 | Close=943.25 vs VAL=947.00
2026-02-02 11:48:47,147 [INFO]     NSE:NTPC-EQ | CVD=-9435 vs Ref=510002 | Close=344.70 vs VAH=346.80
2026-02-02 11:48:48,204 [INFO]     NSE:IDFCFIRSTB-EQ | CVD=1518090 vs Ref=-243483 | Close=80.22 vs VAL=79.70
2026-02-02 11:48:49,004 [INFO]     NSE:PETRONET-EQ | CVD=185879 vs Ref=20161 | Close=282.55 vs VAH=285.10
2026-02-02 11:48:50,658 [INFO]     NSE:MANAPPURAM-EQ | CVD=-169472 vs Ref=98130 | Close=265.70 vs VAH=269.55
2026-02-02 11:48:52,264 [INFO]     NSE:LTF-EQ | CVD=-533143 vs Ref=98102 | Close=272.15 vs VAH=276.00
2026-02-02 11:48:53,942 [INFO]     NSE:HUDCO-EQ | CVD=-1352725 vs Ref=1361 | Close=181.53 vs VAH=186.90
2026-02-02 11:48:55,504 [INFO]     NSE:GAIL-EQ | CVD=-1024112 vs Ref=1741 | Close=159.37 vs VAH=161.40
2026-02-02 11:48:57,340 [INFO]     NSE:CANBK-EQ | CVD=-89831 vs Ref=170019 | Close=141.79 vs VAH=140.80
2026-02-02 11:48:59,449 [INFO]     NSE:SAMMAANCAP-EQ | CVD=139980 vs Ref=597206 | Close=142.31 vs VAH=144.90
2026-02-02 11:49:25,182 [INFO] 🔍 Scanning for alerts on 2 symbols (5min)...
2026-02-02 11:49:28,520 [INFO]     NSE:HINDZINC-EQ | CVD=821354 vs Ref=1657045 | Close=582.10 vs VAH=590.25
2026-02-02 11:49:32,294 [INFO]     NSE:PETRONET-EQ | CVD=185879 vs Ref=20161 | Close=282.55 vs VAH=285.10
2026-02-02 11:49:41,565 [INFO] 🔍 Scanning for alerts on 4 symbols (5min)...
2026-02-02 11:49:43,251 [INFO]     NSE:TORNTPHARM-EQ | CVD=-7751 vs Ref=-12212 | Close=3927.00 vs VAL=3939.75
2026-02-02 11:49:45,090 [INFO]     NSE:PIIND-EQ | CVD=5231 vs Ref=-17103 | Close=3015.00 vs VAL=3049.50
2026-02-02 11:49:46,750 [INFO]     NSE:CHOLAFIN-EQ | CVD=102095 vs Ref=-79867 | Close=1560.70 vs VAL=1526.80
2026-02-02 11:49:48,208 [INFO] 🔍 Scanning for alerts on 7 symbols (5min)...
2026-02-02 11:49:49,031 [INFO]     NSE:IDFCFIRSTB-EQ | CVD=1518090 vs Ref=-243483 | Close=80.22 vs VAL=79.70
2026-02-02 11:49:50,728 [INFO]     NSE:TORNTPHARM-EQ | CVD=-7751 vs Ref=-12212 | Close=3927.00 vs VAL=3939.75
2026-02-02 11:49:53,318 [INFO]     NSE:KAYNES-EQ | CVD=-53733 vs Ref=-99061 | Close=3414.10 vs VAL=3444.00
2026-02-02 11:49:59,095 [INFO]     NSE:PIIND-EQ | CVD=5231 vs Ref=-17103 | Close=3015.00 vs VAL=3049.50
2026-02-02 11:49:59,895 [INFO] 🔍 Scanning for alerts on 22 symbols (5min)...
2026-02-02 11:50:05,038 [INFO]     NSE:HINDUNILVR-EQ | CVD=-33630 vs Ref=-17753 | Close=2324.00 vs VAL=2318.40
2026-02-02 11:50:05,182 [INFO]     NSE:POWERINDIA-EQ | CVD=-7010 vs Ref=1496 | Close=18476.00 vs VAH=18564.00
2026-02-02 11:50:08,636 [INFO]     NSE:CHOLAFIN-EQ | CVD=102095 vs Ref=-79867 | Close=1560.70 vs VAL=1526.80
2026-02-02 11:50:09,152 [INFO]     NSE:MCX-EQ | CVD=-235763 vs Ref=58658 | Close=2231.10 vs VAH=2234.40
2026-02-02 11:50:11,748 [INFO]     NSE:MAXHEALTH-EQ | CVD=25797 vs Ref=-26629 | Close=943.25 vs VAL=947.00
2026-02-02 11:50:12,156 [INFO]     NSE:GODREJPROP-EQ | CVD=-4827 vs Ref=25814 | Close=1532.10 vs VAH=1540.80
2026-02-02 11:50:14,897 [INFO]     NSE:IDFCFIRSTB-EQ | CVD=1518090 vs Ref=-243483 | Close=80.22 vs VAL=79.70
2026-02-02 11:50:15,367 [INFO]     NSE:JINDALSTEL-EQ | CVD=204111 vs Ref=4003 | Close=1090.20 vs VAH=1107.90
2026-02-02 11:50:18,096 [INFO]     NSE:HINDALCO-EQ | CVD=267214 vs Ref=493502 | Close=908.00 vs VAH=913.80
2026-02-02 11:50:20,978 [INFO]     NSE:INDIANB-EQ | CVD=18711 vs Ref=95330 | Close=813.85 vs VAH=835.55
2026-02-02 11:50:23,502 [INFO]     NSE:DLF-EQ | CVD=34201 vs Ref=49671 | Close=619.75 vs VAH=619.60
2026-02-02 11:50:27,023 [INFO]     NSE:OIL-EQ | CVD=22935 vs Ref=116885 | Close=478.55 vs VAH=480.90
2026-02-02 11:50:32,605 [INFO] 🔍 Scanning for alerts on 2 symbols (5min)...
2026-02-02 11:50:32,850 [INFO]     NSE:COALINDIA-EQ | CVD=414581 vs Ref=2495 | Close=416.30 vs VAH=417.80
2026-02-02 11:50:42,321 [INFO]     NSE:JSWENERGY-EQ | CVD=-152003 vs Ref=3921 | Close=444.65 vs VAH=447.80
2026-02-02 11:50:43,501 [INFO]     NSE:HINDZINC-EQ | CVD=821354 vs Ref=1657045 | Close=582.10 vs VAH=590.25
2026-02-02 11:50:45,754 [INFO]     NSE:NATIONALUM-EQ | CVD=-297418 vs Ref=1364212 | Close=363.10 vs VAH=367.15
2026-02-02 11:50:47,042 [INFO]     NSE:PETRONET-EQ | CVD=185879 vs Ref=20161 | Close=282.55 vs VAH=285.10
2026-02-02 11:50:48,735 [INFO]     NSE:PFC-EQ | CVD=-2240672 vs Ref=0 | Close=376.05 vs VAH=385.65
2026-02-02 11:50:49,034 [INFO] 🔍 Scanning for alerts on 4 symbols (5min)...
2026-02-02 11:50:51,573 [INFO]     NSE:RECLTD-EQ | CVD=-827536 vs Ref=192310 | Close=356.00 vs VAH=366.00
2026-02-02 11:50:51,772 [INFO]     NSE:TORNTPHARM-EQ | CVD=-7751 vs Ref=-12212 | Close=3927.00 vs VAL=3939.75
2026-02-02 11:50:54,551 [INFO]     NSE:TATAPOWER-EQ | CVD=-355019 vs Ref=22693 | Close=351.85 vs VAH=355.20
2026-02-02 11:50:54,808 [INFO]     NSE:PIIND-EQ | CVD=5231 vs Ref=-17103 | Close=3015.00 vs VAL=3049.50
2026-02-02 11:50:57,965 [INFO]     NSE:CHOLAFIN-EQ | CVD=102095 vs Ref=-79867 | Close=1560.70 vs VAL=1526.80
2026-02-02 11:50:58,128 [INFO]     NSE:NTPC-EQ | CVD=-9435 vs Ref=510002 | Close=344.70 vs VAH=346.80
2026-02-02 11:51:00,756 [INFO]     NSE:IDFCFIRSTB-EQ | CVD=1518090 vs Ref=-243483 | Close=80.22 vs VAL=79.70
2026-02-02 11:51:00,960 [INFO]     NSE:PETRONET-EQ | CVD=185879 vs Ref=20161 | Close=282.55 vs VAH=285.10
2026-02-02 11:51:03,861 [INFO]     NSE:MANAPPURAM-EQ | CVD=-169472 vs Ref=98130 | Close=265.70 vs VAH=269.55
2026-02-02 11:51:07,022 [INFO]     NSE:LTF-EQ | CVD=-533143 vs Ref=98102 | Close=272.15 vs VAH=276.00
2026-02-02 11:51:09,720 [INFO]     NSE:HUDCO-EQ | CVD=-1352725 vs Ref=1361 | Close=181.53 vs VAH=186.90
2026-02-02 11:51:12,737 [INFO]     NSE:GAIL-EQ | CVD=-1024112 vs Ref=1741 | Close=159.37 vs VAH=161.40
2026-02-02 11:51:14,916 [INFO] 🔍 Scanning for alerts on 7 symbols (5min)...
2026-02-02 11:51:15,817 [INFO]     NSE:CANBK-EQ | CVD=-89831 vs Ref=170019 | Close=141.79 vs VAH=140.80
2026-02-02 11:51:18,069 [INFO]     NSE:TORNTPHARM-EQ | CVD=-7751 vs Ref=-12212 | Close=3927.00 vs VAL=3939.75
2026-02-02 11:51:19,188 [INFO]     NSE:SAMMAANCAP-EQ | CVD=139980 vs Ref=597206 | Close=142.31 vs VAH=144.90
2026-02-02 11:51:21,189 [INFO]     NSE:KAYNES-EQ | CVD=-53733 vs Ref=-99061 | Close=3414.10 vs VAL=3444.00
2026-02-02 11:51:24,717 [INFO]     NSE:PIIND-EQ | CVD=5231 vs Ref=-17103 | Close=3015.00 vs VAL=3049.50
2026-02-02 11:51:28,059 [INFO]     NSE:HINDUNILVR-EQ | CVD=-33630 vs Ref=-17753 | Close=2324.00 vs VAL=2318.40
2026-02-02 11:51:31,969 [INFO]     NSE:CHOLAFIN-EQ | CVD=102095 vs Ref=-79867 | Close=1560.70 vs VAL=1526.80
2026-02-02 11:51:35,101 [INFO]     NSE:MAXHEALTH-EQ | CVD=25797 vs Ref=-26629 | Close=943.25 vs VAL=947.00
2026-02-02 11:51:38,234 [INFO]     NSE:IDFCFIRSTB-EQ | CVD=1518090 vs Ref=-243483 | Close=80.22 vs VAL=79.70
2026-02-02 11:51:47,047 [INFO] 🔍 Scanning for alerts on 2 symbols (5min)...
2026-02-02 11:51:49,987 [INFO]     NSE:HINDZINC-EQ | CVD=821354 vs Ref=1657045 | Close=582.10 vs VAH=590.25
2026-02-02 11:51:53,060 [INFO]     NSE:PETRONET-EQ | CVD=185879 vs Ref=20161 | Close=282.55 vs VAH=285.10
2026-02-02 11:52:00,851 [INFO] 🔍 Scanning for alerts on 4 symbols (5min)...
2026-02-02 11:52:04,558 [INFO]     NSE:TORNTPHARM-EQ | CVD=-7751 vs Ref=-12212 | Close=3927.00 vs VAL=3939.75
2026-02-02 11:52:07,265 [INFO]     NSE:PIIND-EQ | CVD=5231 vs Ref=-17103 | Close=3015.00 vs VAL=3049.50
2026-02-02 11:52:09,702 [INFO]     NSE:CHOLAFIN-EQ | CVD=102095 vs Ref=-79867 | Close=1560.70 vs VAL=1526.80
2026-02-02 11:52:12,513 [INFO]     NSE:IDFCFIRSTB-EQ | CVD=1518090 vs Ref=-243483 | Close=80.22 vs VAL=79.70
2026-02-02 11:52:19,191 [INFO] 🔍 Scanning for alerts on 22 symbols (5min)...
2026-02-02 11:52:21,969 [INFO]     NSE:POWERINDIA-EQ | CVD=-7010 vs Ref=1496 | Close=18476.00 vs VAH=18564.00
2026-02-02 11:52:24,729 [INFO]     NSE:MCX-EQ | CVD=-235763 vs Ref=58658 | Close=2231.10 vs VAH=2234.40
2026-02-02 11:52:26,968 [INFO]     NSE:GODREJPROP-EQ | CVD=-4827 vs Ref=25814 | Close=1532.10 vs VAH=1540.80
2026-02-02 11:52:29,440 [INFO]     NSE:JINDALSTEL-EQ | CVD=204111 vs Ref=4003 | Close=1090.20 vs VAH=1107.90
2026-02-02 11:52:32,328 [INFO]     NSE:HINDALCO-EQ | CVD=267214 vs Ref=493502 | Close=908.00 vs VAH=913.80
2026-02-02 11:52:34,925 [INFO]     NSE:INDIANB-EQ | CVD=18711 vs Ref=95330 | Close=813.85 vs VAH=835.55
2026-02-02 11:52:37,600 [INFO]     NSE:DLF-EQ | CVD=34201 vs Ref=49671 | Close=619.75 vs VAH=619.60
2026-02-02 11:52:38,239 [INFO] 🔍 Scanning for alerts on 7 symbols (5min)...
2026-02-02 11:52:40,233 [INFO]     NSE:OIL-EQ | CVD=22935 vs Ref=116885 | Close=478.55 vs VAH=480.90
2026-02-02 11:52:40,860 [INFO]     NSE:TORNTPHARM-EQ | CVD=-7751 vs Ref=-12212 | Close=3927.00 vs VAL=3939.75
2026-02-02 11:52:44,102 [INFO]     NSE:COALINDIA-EQ | CVD=414581 vs Ref=2495 | Close=416.30 vs VAH=417.80
2026-02-02 11:52:44,524 [INFO]     NSE:KAYNES-EQ | CVD=-53733 vs Ref=-99061 | Close=3414.10 vs VAL=3444.00
2026-02-02 11:52:46,700 [INFO]     NSE:JSWENERGY-EQ | CVD=-152003 vs Ref=3921 | Close=444.65 vs VAH=447.80
2026-02-02 11:52:47,339 [INFO]     NSE:PIIND-EQ | CVD=5231 vs Ref=-17103 | Close=3015.00 vs VAL=3049.50
2026-02-02 11:52:49,172 [INFO]     NSE:NATIONALUM-EQ | CVD=-297418 vs Ref=1364212 | Close=363.10 vs VAH=367.15
2026-02-02 11:52:49,741 [INFO]     NSE:HINDUNILVR-EQ | CVD=-33630 vs Ref=-17753 | Close=2324.00 vs VAL=2318.40
2026-02-02 11:52:51,453 [INFO]     NSE:PFC-EQ | CVD=-2240672 vs Ref=0 | Close=376.05 vs VAH=385.65
2026-02-02 11:52:52,526 [INFO]     NSE:CHOLAFIN-EQ | CVD=102095 vs Ref=-79867 | Close=1560.70 vs VAL=1526.80
2026-02-02 11:52:53,067 [INFO] 🔍 Scanning for alerts on 2 symbols (5min)...
2026-02-02 11:52:53,993 [INFO]     NSE:RECLTD-EQ | CVD=-827536 vs Ref=192310 | Close=356.00 vs VAH=366.00
2026-02-02 11:52:55,118 [INFO]     NSE:MAXHEALTH-EQ | CVD=25797 vs Ref=-26629 | Close=943.25 vs VAL=947.00
2026-02-02 11:52:55,772 [INFO]     NSE:HINDZINC-EQ | CVD=821354 vs Ref=1657045 | Close=582.10 vs VAH=590.25
2026-02-02 11:52:56,556 [INFO]     NSE:TATAPOWER-EQ | CVD=-355019 vs Ref=22693 | Close=351.85 vs VAH=355.20
2026-02-02 11:52:57,663 [INFO]     NSE:IDFCFIRSTB-EQ | CVD=1518090 vs Ref=-243483 | Close=80.22 vs VAL=79.70
2026-02-02 11:52:58,427 [INFO]     NSE:PETRONET-EQ | CVD=185879 vs Ref=20161 | Close=282.55 vs VAH=285.10
2026-02-02 11:52:59,062 [INFO]     NSE:NTPC-EQ | CVD=-9435 vs Ref=510002 | Close=344.70 vs VAH=346.80
2026-02-02 11:53:01,859 [INFO]     NSE:PETRONET-EQ | CVD=185879 vs Ref=20161 | Close=282.55 vs VAH=285.10
2026-02-02 11:53:04,727 [INFO]     NSE:MANAPPURAM-EQ | CVD=-169472 vs Ref=98130 | Close=265.70 vs VAH=269.55
2026-02-02 11:53:07,360 [INFO]     NSE:LTF-EQ | CVD=-533143 vs Ref=98102 | Close=272.15 vs VAH=276.00
2026-02-02 11:53:09,886 [INFO]     NSE:HUDCO-EQ | CVD=-1352725 vs Ref=1361 | Close=181.53 vs VAH=186.90
2026-02-02 11:53:12,411 [INFO]     NSE:GAIL-EQ | CVD=-1024112 vs Ref=1741 | Close=159.37 vs VAH=161.40
2026-02-02 11:53:12,517 [INFO] 🔍 Scanning for alerts on 4 symbols (5min)...
2026-02-02 11:53:14,817 [INFO]     NSE:CANBK-EQ | CVD=-89831 vs Ref=170019 | Close=141.79 vs VAH=140.80
2026-02-02 11:53:14,953 [INFO]     NSE:TORNTPHARM-EQ | CVD=-7751 vs Ref=-12212 | Close=3927.00 vs VAL=3939.75
2026-02-02 11:53:17,358 [INFO]     NSE:SAMMAANCAP-EQ | CVD=139980 vs Ref=597206 | Close=142.31 vs VAH=144.90
2026-02-02 11:53:17,504 [INFO]     NSE:PIIND-EQ | CVD=5231 vs Ref=-17103 | Close=3015.00 vs VAL=3049.50
2026-02-02 11:53:20,095 [INFO]     NSE:CHOLAFIN-EQ | CVD=102095 vs Ref=-79867 | Close=1560.70 vs VAL=1526.80
2026-02-02 11:53:22,493 [INFO]     NSE:IDFCFIRSTB-EQ | CVD=1518090 vs Ref=-243483 | Close=80.22 vs VAL=79.70
2026-02-02 11:53:57,668 [INFO] 🔍 Scanning for alerts on 7 symbols (5min)...
2026-02-02 11:53:58,432 [INFO] 🔍 Scanning for alerts on 2 symbols (5min)...
2026-02-02 11:54:00,328 [INFO]     NSE:TORNTPHARM-EQ | CVD=-7751 vs Ref=-12212 | Close=3927.00 vs VAL=3939.75
2026-02-02 11:54:01,206 [INFO]     NSE:HINDZINC-EQ | CVD=821354 vs Ref=1657045 | Close=582.10 vs VAH=590.25
2026-02-02 11:54:03,836 [INFO]     NSE:PETRONET-EQ | CVD=185879 vs Ref=20161 | Close=282.55 vs VAH=285.10

2026-02-02 11:54:07,233 [INFO]     NSE:PIIND-EQ | CVD=5231 vs Ref=-17103 | Close=3015.00 vs VAL=3049.50
2026-02-02 11:54:09,843 [INFO]     NSE:HINDUNILVR-EQ | CVD=-33630 vs Ref=-17753 | Close=2324.00 vs VAL=2318.40
2026-02-02 11:54:12,314 [INFO]     NSE:CHOLAFIN-EQ | CVD=102095 vs Ref=-79867 | Close=1560.70 vs VAL=1526.80
2026-02-02 11:54:14,924 [INFO]     NSE:MAXHEALTH-EQ | CVD=25797 vs Ref=-26629 | Close=943.25 vs VAL=947.00
2026-02-02 11:54:17,363 [INFO] 🔍 Scanning for alerts on 22 symbols (5min)...
2026-02-02 11:54:17,602 [INFO]     NSE:IDFCFIRSTB-EQ | CVD=1518090 vs Ref=-243483 | Close=80.22 vs VAL=79.70
2026-02-02 11:54:20,019 [INFO]     NSE:POWERINDIA-EQ | CVD=-7010 vs Ref=1496 | Close=18476.00 vs VAH=18564.00
2026-02-02 11:54:22,520 [INFO] 🔍 Scanning for alerts on 4 symbols (5min)...
2026-02-02 11:54:23,109 [INFO]     NSE:MCX-EQ | CVD=-235763 vs Ref=58658 | Close=2231.10 vs VAH=2234.40
2026-02-02 11:54:25,263 [INFO]     NSE:TORNTPHARM-EQ | CVD=-7751 vs Ref=-12212 | Close=3927.00 vs VAL=3939.75
2026-02-02 11:54:25,935 [INFO]     NSE:GODREJPROP-EQ | CVD=-4827 vs Ref=25814 | Close=1532.10 vs VAH=1540.80
2026-02-02 11:54:28,813 [INFO]     NSE:JINDALSTEL-EQ | CVD=204111 vs Ref=4003 | Close=1090.20 vs VAH=1107.90
2026-02-02 11:54:28,847 [INFO]     NSE:PIIND-EQ | CVD=5231 vs Ref=-17103 | Close=3015.00 vs VAL=3049.50
2026-02-02 11:54:32,491 [INFO]     NSE:CHOLAFIN-EQ | CVD=102095 vs Ref=-79867 | Close=1560.70 vs VAL=1526.80
2026-02-02 11:54:32,502 [INFO]     NSE:HINDALCO-EQ | CVD=267214 vs Ref=493502 | Close=908.00 vs VAH=913.80
2026-02-02 11:54:34,854 [INFO]     NSE:IDFCFIRSTB-EQ | CVD=1518090 vs Ref=-243483 | Close=80.22 vs VAL=79.70
2026-02-02 11:54:35,249 [INFO]     NSE:INDIANB-EQ | CVD=18711 vs Ref=95330 | Close=813.85 vs VAH=835.55
2026-02-02 11:54:37,575 [INFO]     NSE:DLF-EQ | CVD=34201 vs Ref=49671 | Close=619.75 vs VAH=619.60
2026-02-02 11:54:40,136 [INFO]     NSE:OIL-EQ | CVD=22935 vs Ref=116885 | Close=478.55 vs VAH=480.90
2026-02-02 11:54:42,868 [INFO]     NSE:COALINDIA-EQ | CVD=414581 vs Ref=2495 | Close=416.30 vs VAH=417.80
2026-02-02 11:54:45,466 [INFO]     NSE:JSWENERGY-EQ | CVD=-152003 vs Ref=3921 | Close=444.65 vs VAH=447.80
2026-02-02 11:54:48,151 [INFO]     NSE:NATIONALUM-EQ | CVD=-297418 vs Ref=1364212 | Close=363.10 vs VAH=367.15
2026-02-02 11:54:50,801 [INFO]     NSE:PFC-EQ | CVD=-2240672 vs Ref=0 | Close=376.05 vs VAH=385.65
2026-02-02 11:54:53,414 [INFO]     NSE:RECLTD-EQ | CVD=-827536 vs Ref=192310 | Close=356.00 vs VAH=366.00
2026-02-02 11:54:56,096 [INFO]     NSE:TATAPOWER-EQ | CVD=-355019 vs Ref=22693 | Close=351.85 vs VAH=355.20
2026-02-02 11:54:59,031 [INFO]     NSE:NTPC-EQ | CVD=-9435 vs Ref=510002 | Close=344.70 vs VAH=346.80
2026-02-02 11:55:01,744 [INFO]     NSE:PETRONET-EQ | CVD=185879 vs Ref=20161 | Close=282.55 vs VAH=285.10
2026-02-02 11:55:04,510 [INFO]     NSE:MANAPPURAM-EQ | CVD=-169472 vs Ref=98130 | Close=265.70 vs VAH=269.55
2026-02-02 11:55:04,583 [INFO] 🔍 Scanning for alerts on 2 symbols (5min)...
2026-02-02 11:55:07,252 [INFO]     NSE:LTF-EQ | CVD=-533143 vs Ref=98102 | Close=272.15 vs VAH=276.00
2026-02-02 11:55:07,591 [INFO]     NSE:HINDZINC-EQ | CVD=821354 vs Ref=1657045 | Close=582.10 vs VAH=590.25
2026-02-02 11:55:09,858 [INFO]     NSE:HUDCO-EQ | CVD=-1352725 vs Ref=1361 | Close=181.53 vs VAH=186.90
2026-02-02 11:55:10,281 [INFO]     NSE:PETRONET-EQ | CVD=185879 vs Ref=20161 | Close=282.55 vs VAH=285.10
2026-02-02 11:55:12,380 [INFO]     NSE:GAIL-EQ | CVD=-1024112 vs Ref=1741 | Close=159.37 vs VAH=161.40
2026-02-02 11:55:15,338 [INFO]     NSE:CANBK-EQ | CVD=-89831 vs Ref=170019 | Close=141.79 vs VAH=140.80
2026-02-02 11:55:17,607 [INFO] 🔍 Scanning for alerts on 7 symbols (5min)...
2026-02-02 11:55:18,210 [INFO]     NSE:SAMMAANCAP-EQ | CVD=139980 vs Ref=597206 | Close=142.31 vs VAH=144.90
2026-02-02 11:55:20,285 [INFO]     NSE:TORNTPHARM-EQ | CVD=-7751 vs Ref=-12212 | Close=3927.00 vs VAL=3939.75
2026-02-02 11:55:22,977 [INFO]     NSE:KAYNES-EQ | CVD=-53733 vs Ref=-99061 | Close=3414.10 vs VAL=3444.00
2026-02-02 11:55:25,991 [INFO]     NSE:PIIND-EQ | CVD=5231 vs Ref=-17103 | Close=3015.00 vs VAL=3049.50
2026-02-02 11:55:29,178 [INFO]     NSE:HINDUNILVR-EQ | CVD=-33630 vs Ref=-17753 | Close=2324.00 vs VAL=2318.40
2026-02-02 11:55:31,931 [INFO]     NSE:CHOLAFIN-EQ | CVD=102095 vs Ref=-79867 | Close=1560.70 vs VAL=1526.80
2026-02-02 11:55:34,547 [INFO]     NSE:MAXHEALTH-EQ | CVD=25797 vs Ref=-26629 | Close=943.25 vs VAL=947.00
2026-02-02 11:55:34,857 [INFO] 🔍 Scanning for alerts on 4 symbols (5min)...
2026-02-02 11:55:37,113 [INFO]     NSE:IDFCFIRSTB-EQ | CVD=1518090 vs Ref=-243483 | Close=80.22 vs VAL=79.70
2026-02-02 11:55:37,395 [INFO]     NSE:TORNTPHARM-EQ | CVD=-7751 vs Ref=-12212 | Close=3927.00 vs VAL=3939.75
2026-02-02 11:55:40,036 [INFO]     NSE:PIIND-EQ | CVD=5231 vs Ref=-17103 | Close=3015.00 vs VAL=3049.50
2026-02-02 11:55:42,439 [INFO]     NSE:CHOLAFIN-EQ | CVD=102095 vs Ref=-79867 | Close=1560.70 vs VAL=1526.80
2026-02-02 11:55:45,068 [INFO]     NSE:IDFCFIRSTB-EQ | CVD=1518090 vs Ref=-243483 | Close=80.22 vs VAL=79.70
2026-02-02 11:56:10,285 [INFO] 🔍 Scanning for alerts on 2 symbols (5min)...
2026-02-02 11:56:12,459 [INFO]     NSE:HINDZINC-EQ | CVD=821354 vs Ref=1657045 | Close=582.10 vs VAH=590.25
2026-02-02 11:56:15,626 [INFO]     NSE:PETRONET-EQ | CVD=185879 vs Ref=20161 | Close=282.55 vs VAH=285.10
2026-02-02 11:56:18,215 [INFO] 🔍 Scanning for alerts on 22 symbols (5min)...
2026-02-02 11:56:20,084 [INFO]     NSE:POWERINDIA-EQ | CVD=-7010 vs Ref=1496 | Close=18476.00 vs VAH=18564.00
2026-02-02 11:56:22,001 [INFO]     NSE:MCX-EQ | CVD=-235763 vs Ref=58658 | Close=2231.10 vs VAH=2234.40
2026-02-02 11:56:24,021 [INFO]     NSE:GODREJPROP-EQ | CVD=-4827 vs Ref=25814 | Close=1532.10 vs VAH=1540.80
2026-02-02 11:56:25,939 [INFO]     NSE:JINDALSTEL-EQ | CVD=204111 vs Ref=4003 | Close=1090.20 vs VAH=1107.90
2026-02-02 11:56:28,249 [INFO]     NSE:HINDALCO-EQ | CVD=267214 vs Ref=493502 | Close=908.00 vs VAH=913.80
2026-02-02 11:56:30,535 [INFO]     NSE:INDIANB-EQ | CVD=18711 vs Ref=95330 | Close=813.85 vs VAH=835.55
2026-02-02 11:56:32,129 [INFO]     NSE:DLF-EQ | CVD=34201 vs Ref=49671 | Close=619.75 vs VAH=619.60
2026-02-02 11:56:33,706 [INFO]     NSE:OIL-EQ | CVD=22935 vs Ref=116885 | Close=478.55 vs VAH=480.90
2026-02-02 11:56:35,632 [INFO]     NSE:COALINDIA-EQ | CVD=414581 vs Ref=2495 | Close=416.30 vs VAH=417.80
2026-02-02 11:56:37,120 [INFO] 🔍 Scanning for alerts on 7 symbols (5min)...
2026-02-02 11:56:37,467 [INFO]     NSE:JSWENERGY-EQ | CVD=-152003 vs Ref=3921 | Close=444.65 vs VAH=447.80
2026-02-02 11:56:39,007 [INFO]     NSE:TORNTPHARM-EQ | CVD=-7751 vs Ref=-12212 | Close=3927.00 vs VAL=3939.75
2026-02-02 11:56:39,494 [INFO]     NSE:NATIONALUM-EQ | CVD=-297418 vs Ref=1364212 | Close=363.10 vs VAH=367.15
2026-02-02 11:56:41,139 [INFO]     NSE:KAYNES-EQ | CVD=-53733 vs Ref=-99061 | Close=3414.10 vs VAL=3444.00
2026-02-02 11:56:41,518 [INFO]     NSE:PFC-EQ | CVD=-2240672 vs Ref=0 | Close=376.05 vs VAH=385.65
2026-02-02 11:56:43,290 [INFO]     NSE:PIIND-EQ | CVD=5231 vs Ref=-17103 | Close=3015.00 vs VAL=3049.50
2026-02-02 11:56:43,567 [INFO]     NSE:RECLTD-EQ | CVD=-827536 vs Ref=192310 | Close=356.00 vs VAH=366.00
2026-02-02 11:56:45,070 [INFO] 🔍 Scanning for alerts on 4 symbols (5min)...
2026-02-02 11:56:45,235 [INFO]     NSE:HINDUNILVR-EQ | CVD=-33630 vs Ref=-17753 | Close=2324.00 vs VAL=2318.40
2026-02-02 11:56:45,585 [INFO]     NSE:TATAPOWER-EQ | CVD=-355019 vs Ref=22693 | Close=351.85 vs VAH=355.20
2026-02-02 11:56:47,012 [INFO]     NSE:TORNTPHARM-EQ | CVD=-7751 vs Ref=-12212 | Close=3927.00 vs VAL=3939.75
2026-02-02 11:56:47,198 [INFO]     NSE:CHOLAFIN-EQ | CVD=102095 vs Ref=-79867 | Close=1560.70 vs VAL=1526.80
2026-02-02 11:56:47,500 [INFO]     NSE:NTPC-EQ | CVD=-9435 vs Ref=510002 | Close=344.70 vs VAH=346.80
2026-02-02 11:56:49,173 [INFO]     NSE:PIIND-EQ | CVD=5231 vs Ref=-17103 | Close=3015.00 vs VAL=3049.50
2026-02-02 11:56:49,231 [INFO]     NSE:MAXHEALTH-EQ | CVD=25797 vs Ref=-26629 | Close=943.25 vs VAL=947.00
2026-02-02 11:56:49,776 [INFO]     NSE:PETRONET-EQ | CVD=185879 vs Ref=20161 | Close=282.55 vs VAH=285.10
2026-02-02 11:56:51,446 [INFO]     NSE:CHOLAFIN-EQ | CVD=102095 vs Ref=-79867 | Close=1560.70 vs VAL=1526.80
2026-02-02 11:56:51,456 [INFO]     NSE:IDFCFIRSTB-EQ | CVD=1518090 vs Ref=-243483 | Close=80.22 vs VAL=79.70
2026-02-02 11:56:51,964 [INFO]     NSE:MANAPPURAM-EQ | CVD=-169472 vs Ref=98130 | Close=265.70 vs VAH=269.55
2026-02-02 11:56:53,307 [INFO]     NSE:IDFCFIRSTB-EQ | CVD=1518090 vs Ref=-243483 | Close=80.22 vs VAL=79.70
2026-02-02 11:56:53,802 [INFO]     NSE:LTF-EQ | CVD=-533143 vs Ref=98102 | Close=272.15 vs VAH=276.00
2026-02-02 11:56:56,595 [INFO]     NSE:HUDCO-EQ | CVD=-1352725 vs Ref=1361 | Close=181.53 vs VAH=186.90
2026-02-02 11:56:59,172 [INFO]     NSE:GAIL-EQ | CVD=-1024112 vs Ref=1741 | Close=159.37 vs VAH=161.40
2026-02-02 11:57:01,646 [INFO]     NSE:CANBK-EQ | CVD=-89831 vs Ref=170019 | Close=141.79 vs VAH=140.80
2026-02-02 11:57:03,264 [INFO]     NSE:SAMMAANCAP-EQ | CVD=139980 vs Ref=597206 | Close=142.31 vs VAH=144.90
2026-02-02 11:57:15,636 [INFO] 🔍 Scanning for alerts on 2 symbols (5min)...
2026-02-02 11:57:18,024 [INFO]     NSE:HINDZINC-EQ | CVD=821354 vs Ref=1657045 | Close=582.10 vs VAH=590.25
2026-02-02 11:57:20,806 [INFO]     NSE:PETRONET-EQ | CVD=185879 vs Ref=20161 | Close=282.55 vs VAH=285.10
2026-02-02 11:57:51,460 [INFO] 🔍 Scanning for alerts on 7 symbols (5min)...
2026-02-02 11:57:53,309 [INFO] 🔍 Scanning for alerts on 4 symbols (5min)...
 Close=3927.00 vs VAL=3939.75
2026-02-02 11:57:56,208 [INFO]     NSE:TORNTPHARM-EQ | CVD=-7751 vs Ref=-12212 | Close=3927.00 vs VAL=3939.75
2026-02-02 11:57:56,275 [INFO]     NSE:KAYNES-EQ | CVD=-53733 vs Ref=-99061 | Close=3414.10 vs VAL=3444.00
2026-02-02 11:57:58,278 [INFO]     NSE:PIIND-EQ | CVD=5231 vs Ref=-17103 | Close=3015.00 vs VAL=3049.50
2026-02-02 11:57:58,430 [INFO]     NSE:PIIND-EQ | CVD=5231 vs Ref=-17103 | Close=3015.00 vs VAL=3049.50
2026-02-02 11:58:00,055 [INFO]     NSE:CHOLAFIN-EQ | CVD=102095 vs Ref=-79867 | Close=1560.70 vs VAL=1526.80
2026-02-02 11:58:00,117 [INFO]     NSE:HINDUNILVR-EQ | CVD=-33630 vs Ref=-17753 | Close=2324.00 vs VAL=2318.40
2026-02-02 11:58:01,916 [INFO]     NSE:IDFCFIRSTB-EQ | CVD=1518090 vs Ref=-243483 | Close=80.22 vs VAL=79.70
2026-02-02 11:58:02,019 [INFO]     NSE:CHOLAFIN-EQ | CVD=102095 vs Ref=-79867 | Close=1560.70 vs VAL=1526.80
2026-02-02 11:58:03,267 [INFO] 🔍 Scanning for alerts on 22 symbols (5min)...
2026-02-02 11:58:03,833 [INFO]     NSE:MAXHEALTH-EQ | CVD=25797 vs Ref=-26629 | Close=943.25 vs VAL=947.00
2026-02-02 11:58:05,190 [INFO]     NSE:POWERINDIA-EQ | CVD=-7010 vs Ref=1496 | Close=18476.00 vs VAH=18564.00
2026-02-02 11:58:05,659 [INFO]     NSE:IDFCFIRSTB-EQ | CVD=1518090 vs Ref=-243483 | Close=80.22 vs VAL=79.70
2026-02-02 11:58:06,800 [INFO]     NSE:MCX-EQ | CVD=-235763 vs Ref=58658 | Close=2231.10 vs VAH=2234.40
2026-02-02 11:58:08,581 [INFO]     NSE:GODREJPROP-EQ | CVD=-4827 vs Ref=25814 | Close=1532.10 vs VAH=1540.80
2026-02-02 11:58:10,223 [INFO]     NSE:JINDALSTEL-EQ | CVD=204111 vs Ref=4003 | Close=1090.20 vs VAH=1107.90
2026-02-02 11:58:11,817 [INFO]     NSE:HINDALCO-EQ | CVD=267214 vs Ref=493502 | Close=908.00 vs VAH=913.80
2026-02-02 11:58:13,465 [INFO]     NSE:INDIANB-EQ | CVD=18711 vs Ref=95330 | Close=813.85 vs VAH=835.55
2026-02-02 11:58:15,124 [INFO]     NSE:DLF-EQ | CVD=34201 vs Ref=49671 | Close=619.75 vs VAH=619.60
2026-02-02 11:58:16,765 [INFO]     NSE:OIL-EQ | CVD=22935 vs Ref=116885 | Close=478.55 vs VAH=480.90
2026-02-02 11:58:18,513 [INFO]     NSE:COALINDIA-EQ | CVD=414581 vs Ref=2495 | Close=416.30 vs VAH=417.80
2026-02-02 11:58:20,164 [INFO]     NSE:JSWENERGY-EQ | CVD=-152003 vs Ref=3921 | Close=444.65 vs VAH=447.80
2026-02-02 11:58:20,813 [INFO] 🔍 Scanning for alerts on 2 symbols (5min)...
2026-02-02 11:58:22,092 [INFO]     NSE:NATIONALUM-EQ | CVD=-297418 vs Ref=1364212 | Close=363.10 vs VAH=367.15
2026-02-02 11:58:22,902 [INFO]     NSE:HINDZINC-EQ | CVD=821354 vs Ref=1657045 | Close=582.10 vs VAH=590.25
2026-02-02 11:58:24,036 [INFO]     NSE:PFC-EQ | CVD=-2240672 vs Ref=0 | Close=376.05 vs VAH=385.65
2026-02-02 11:58:25,003 [INFO]     NSE:PETRONET-EQ | CVD=185879 vs Ref=20161 | Close=282.55 vs VAH=285.10
2026-02-02 11:58:25,905 [INFO]     NSE:RECLTD-EQ | CVD=-827536 vs Ref=192310 | Close=356.00 vs VAH=366.00
2026-02-02 11:58:27,656 [INFO]     NSE:TATAPOWER-EQ | CVD=-355019 vs Ref=22693 | Close=351.85 vs VAH=355.20
2026-02-02 11:58:29,285 [INFO]     NSE:NTPC-EQ | CVD=-9435 vs Ref=510002 | Close=344.70 vs VAH=346.80
2026-02-02 11:58:31,136 [INFO]     NSE:PETRONET-EQ | CVD=185879 vs Ref=20161 | Close=282.55 vs VAH=285.10
2026-02-02 11:58:32,894 [INFO]     NSE:MANAPPURAM-EQ | CVD=-169472 vs Ref=98130 | Close=265.70 vs VAH=269.55
2026-02-02 11:58:34,497 [INFO]     NSE:LTF-EQ | CVD=-533143 vs Ref=98102 | Close=272.15 vs VAH=276.00
2026-02-02 11:58:36,066 [INFO]     NSE:HUDCO-EQ | CVD=-1352725 vs Ref=1361 | Close=181.53 vs VAH=186.90
2026-02-02 11:58:37,612 [INFO]     NSE:GAIL-EQ | CVD=-1024112 vs Ref=1741 | Close=159.37 vs VAH=161.40
2026-02-02 11:58:39,285 [INFO]     NSE:CANBK-EQ | CVD=-89831 vs Ref=170019 | Close=141.79 vs VAH=140.80
2026-02-02 11:58:40,870 [INFO]     NSE:SAMMAANCAP-EQ | CVD=139980 vs Ref=597206 | Close=142.31 vs VAH=144.90
2026-02-02 11:59:01,919 [INFO] 🔍 Scanning for alerts on 4 symbols (5min)...
2026-02-02 11:59:03,489 [INFO]     NSE:TORNTPHARM-EQ | CVD=-7751 vs Ref=-12212 | Close=3927.00 vs VAL=3939.75
2026-02-02 11:59:05,274 [INFO]     NSE:PIIND-EQ | CVD=5231 vs Ref=-17103 | Close=3015.00 vs VAL=3049.50
2026-02-02 11:59:05,663 [INFO] 🔍 Scanning for alerts on 7 symbols (5min)...
2026-02-02 11:59:07,056 [INFO]     NSE:CHOLAFIN-EQ | CVD=102095 vs Ref=-79867 | Close=1560.70 vs VAL=1526.80
2026-02-02 11:59:07,357 [INFO]     NSE:TORNTPHARM-EQ | CVD=-7751 vs Ref=-12212 | Close=3927.00 vs VAL=3939.75
2026-02-02 11:59:08,909 [INFO]     NSE:IDFCFIRSTB-EQ | CVD=1518090 vs Ref=-243483 | Close=80.22 vs VAL=79.70
2026-02-02 11:59:09,255 [INFO]     NSE:KAYNES-EQ | CVD=-53733 vs Ref=-99061 | Close=3414.10 vs VAL=3444.00
2026-02-02 11:59:11,000 [INFO]     NSE:PIIND-EQ | CVD=5231 vs Ref=-17103 | Close=3015.00 vs VAL=3049.50
2026-02-02 11:59:12,631 [INFO]     NSE:HINDUNILVR-EQ | CVD=-33630 vs Ref=-17753 | Close=2324.00 vs VAL=2318.40
2026-02-02 11:59:14,174 [INFO]     NSE:CHOLAFIN-EQ | CVD=102095 vs Ref=-79867 | Close=1560.70 vs VAL=1526.80
2026-02-02 11:59:15,682 [INFO]     NSE:MAXHEALTH-EQ | CVD=25797 vs Ref=-26629 | Close=943.25 vs VAL=947.00
2026-02-02 11:59:17,374 [INFO]     NSE:IDFCFIRSTB-EQ | CVD=1518090 vs Ref=-243483 | Close=80.22 vs VAL=79.70
2026-02-02 11:59:25,007 [INFO] 🔍 Scanning for alerts on 2 symbols (5min)...
2026-02-02 11:59:26,635 [INFO]     NSE:HINDZINC-EQ | CVD=821354 vs Ref=1657045 | Close=582.10 vs VAH=590.25
2026-02-02 11:59:28,380 [INFO]     NSE:PETRONET-EQ | CVD=185879 vs Ref=20161 | Close=282.55 vs VAH=285.10
2026-02-02 11:59:40,874 [INFO] 🔍 Scanning for alerts on 22 symbols (5min)...
2026-02-02 11:59:42,576 [INFO]     NSE:POWERINDIA-EQ | CVD=-7010 vs Ref=1496 | Close=18476.00 vs VAH=18564.00
2026-02-02 11:59:44,534 [INFO]     NSE:MCX-EQ | CVD=-235763 vs Ref=58658 | Close=2231.10 vs VAH=2234.40
2026-02-02 11:59:46,136 [INFO]     NSE:GODREJPROP-EQ | CVD=-4827 vs Ref=25814 | Close=1532.10 vs VAH=1540.80
2026-02-02 11:59:47,812 [INFO]     NSE:JINDALSTEL-EQ | CVD=204111 vs Ref=4003 | Close=1090.20 vs VAH=1107.90
2026-02-02 11:59:49,789 [INFO]     NSE:HINDALCO-EQ | CVD=267214 vs Ref=493502 | Close=908.00 vs VAH=913.80
2026-02-02 11:59:51,595 [INFO]     NSE:INDIANB-EQ | CVD=18711 vs Ref=95330 | Close=813.85 vs VAH=835.55
2026-02-02 11:59:53,105 [INFO]     NSE:DLF-EQ | CVD=34201 vs Ref=49671 | Close=619.75 vs VAH=619.60
2026-02-02 11:59:54,664 [INFO]     NSE:OIL-EQ | CVD=22935 vs Ref=116885 | Close=478.55 vs VAH=480.90
2026-02-02 11:59:56,199 [INFO]     NSE:COALINDIA-EQ | CVD=414581 vs Ref=2495 | Close=416.30 vs VAH=417.80
2026-02-02 11:59:58,108 [INFO]     NSE:JSWENERGY-EQ | CVD=-152003 vs Ref=3921 | Close=444.65 vs VAH=447.80
2026-02-02 11:59:59,682 [INFO]     NSE:NATIONALUM-EQ | CVD=-297418 vs Ref=1364212 | Close=363.10 vs VAH=367.15
2026-02-02 12:00:01,269 [INFO]     NSE:PFC-EQ | CVD=-2240672 vs Ref=0 | Close=376.05 vs VAH=385.65
2026-02-02 12:00:02,963 [INFO]     NSE:RECLTD-EQ | CVD=-827536 vs Ref=192310 | Close=356.00 vs VAH=366.00
2026-02-02 12:00:04,712 [INFO]     NSE:TATAPOWER-EQ | CVD=-355019 vs Ref=22693 | Close=351.85 vs VAH=355.20
2026-02-02 12:00:06,218 [INFO]     NSE:NTPC-EQ | CVD=-9435 vs Ref=510002 | Close=344.70 vs VAH=346.80
2026-02-02 12:00:07,889 [INFO]     NSE:PETRONET-EQ | CVD=185879 vs Ref=20161 | Close=282.55 vs VAH=285.10
2026-02-02 12:00:08,915 [INFO] 🔍 Scanning for alerts on 4 symbols (5min)...
2026-02-02 12:00:09,781 [INFO]     NSE:MANAPPURAM-EQ | CVD=-169472 vs Ref=98130 | Close=265.70 vs VAH=269.55
2026-02-02 12:00:10,796 [INFO]     NSE:TORNTPHARM-EQ | CVD=-7751 vs Ref=-12212 | Close=3927.00 vs VAL=3939.75
2026-02-02 12:00:11,742 [INFO]     NSE:LTF-EQ | CVD=-533143 vs Ref=98102 | Close=272.15 vs VAH=276.00
2026-02-02 12:00:12,788 [INFO]     NSE:PIIND-EQ | CVD=5231 vs Ref=-17103 | Close=3015.00 vs VAL=3049.50
2026-02-02 12:00:13,596 [INFO]     NSE:HUDCO-EQ | CVD=-1352725 vs Ref=1361 | Close=181.53 vs VAH=186.90
2026-02-02 12:00:15,044 [INFO]     NSE:CHOLAFIN-EQ | CVD=102095 vs Ref=-79867 | Close=1560.70 vs VAL=1526.80
2026-02-02 12:00:15,836 [INFO]     NSE:GAIL-EQ | CVD=-1024112 vs Ref=1741 | Close=159.37 vs VAH=161.40
2026-02-02 12:00:16,933 [INFO]     NSE:IDFCFIRSTB-EQ | CVD=1518090 vs Ref=-243483 | Close=80.22 vs VAL=79.70
2026-02-02 12:00:17,378 [INFO] 🔍 Scanning for alerts on 7 symbols (5min)...
2026-02-02 12:00:17,663 [INFO]     NSE:CANBK-EQ | CVD=-89831 vs Ref=170019 | Close=141.79 vs VAH=140.80
2026-02-02 12:00:19,293 [INFO]     NSE:TORNTPHARM-EQ | CVD=-7751 vs Ref=-12212 | Close=3927.00 vs VAL=3939.75
2026-02-02 12:00:19,645 [INFO]     NSE:SAMMAANCAP-EQ | CVD=139980 vs Ref=597206 | Close=142.31 vs VAH=144.90
2026-02-02 12:00:21,040 [INFO]     NSE:KAYNES-EQ | CVD=-53733 vs Ref=-99061 | Close=3414.10 vs VAL=3444.00
2026-02-02 12:00:22,858 [INFO]     NSE:PIIND-EQ | CVD=5231 vs Ref=-17103 | Close=3015.00 vs VAL=3049.50
2026-02-02 12:00:24,920 [INFO]     NSE:HINDUNILVR-EQ | CVD=-33630 vs Ref=-17753 | Close=2324.00 vs VAL=2318.40
2026-02-02 12:00:26,606 [INFO]     NSE:CHOLAFIN-EQ | CVD=102095 vs Ref=-79867 | Close=1560.70 vs VAL=1526.80
2026-02-02 12:00:28,384 [INFO] 🔍 Scanning for alerts on 2 symbols (5min)...
2026-02-02 12:00:28,562 [INFO]     NSE:MAXHEALTH-EQ | CVD=25797 vs Ref=-26629 | Close=943.25 vs VAL=947.00
2026-02-02 12:00:30,358 [INFO]     NSE:HINDZINC-EQ | CVD=821354 vs Ref=1657045 | Close=582.10 vs VAH=590.25
2026-02-02 12:00:30,445 [INFO]     NSE:IDFCFIRSTB-EQ | CVD=1518090 vs Ref=-243483 | Close=80.22 vs VAL=79.70
2026-02-02 12:00:32,013 [INFO]     NSE:PETRONET-EQ | CVD=185879 vs Ref=20161 | Close=282.55 vs VAH=285.10
2026-02-02 12:01:16,936 [INFO] 🔍 Scanning for alerts on 4 symbols (5min)...
2026-02-02 12:01:18,480 [INFO]     NSE:TORNTPHARM-EQ | CVD=-7751 vs Ref=-12212 | Close=3927.00 vs VAL=3939.75
2026-02-02 12:01:19,648 [INFO] 🔍 Scanning for alerts on 22 symbols (5min)...
2026-02-02 12:01:20,360 [INFO]     NSE:PIIND-EQ | CVD=5231 vs Ref=-17103 | Close=3015.00 vs VAL=3049.50
2026-02-02 12:01:21,537 [INFO]     NSE:POWERINDIA-EQ | CVD=-7010 vs Ref=1496 | Close=18476.00 vs VAH=18564.00
2026-02-02 12:01:22,332 [INFO]     NSE:CHOLAFIN-EQ | CVD=102095 vs Ref=-79867 | Close=1560.70 vs VAL=1526.80
2026-02-02 12:01:25,115 [INFO]     NSE:IDFCFIRSTB-EQ | CVD=1518090 vs Ref=-243483 | Close=80.22 vs VAL=79.70
2026-02-02 12:01:27,212 [INFO]     NSE:GODREJPROP-EQ | CVD=-4827 vs Ref=25814 | Close=1532.10 vs VAH=1540.80
2026-02-02 12:01:29,086 [INFO]     NSE:JINDALSTEL-EQ | CVD=204111 vs Ref=4003 | Close=1090.20 vs VAH=1107.90
2026-02-02 12:01:30,450 [INFO] 🔍 Scanning for alerts on 7 symbols (5min)...
2026-02-02 12:01:31,337 [INFO]     NSE:HINDALCO-EQ | CVD=267214 vs Ref=493502 | Close=908.00 vs VAH=913.80
2026-02-02 12:01:32,017 [INFO] 🔍 Scanning for alerts on 2 symbols (5min)...
2026-02-02 12:01:32,723 [INFO]     NSE:TORNTPHARM-EQ | CVD=-7751 vs Ref=-12212 | Close=3927.00 vs VAL=3939.75
2026-02-02 12:01:33,677 [INFO]     NSE:INDIANB-EQ | CVD=18711 vs Ref=95330 | Close=813.85 vs VAH=835.55
2026-02-02 12:01:34,464 [INFO]     NSE:HINDZINC-EQ | CVD=821354 vs Ref=1657045 | Close=582.10 vs VAH=590.25
2026-02-02 12:01:35,011 [INFO]     NSE:KAYNES-EQ | CVD=-53733 vs Ref=-99061 | Close=3414.10 vs VAL=3444.00
2026-02-02 12:01:35,853 [INFO]     NSE:DLF-EQ | CVD=34201 vs Ref=49671 | Close=619.75 vs VAH=619.60
2026-02-02 12:01:36,879 [INFO]     NSE:PETRONET-EQ | CVD=185879 vs Ref=20161 | Close=282.55 vs VAH=285.10
2026-02-02 12:01:37,328 [INFO]     NSE:PIIND-EQ | CVD=5231 vs Ref=-17103 | Close=3015.00 vs VAL=3049.50
2026-02-02 12:01:38,169 [INFO]     NSE:OIL-EQ | CVD=22935 vs Ref=116885 | Close=478.55 vs VAH=480.90
2026-02-02 12:01:39,209 [INFO]     NSE:HINDUNILVR-EQ | CVD=-33630 vs Ref=-17753 | Close=2324.00 vs VAL=2318.40
2026-02-02 12:01:40,191 [INFO]     NSE:COALINDIA-EQ | CVD=414581 vs Ref=2495 | Close=416.30 vs VAH=417.80
2026-02-02 12:01:41,149 [INFO]     NSE:CHOLAFIN-EQ | CVD=102095 vs Ref=-79867 | Close=1560.70 vs VAL=1526.80
2026-02-02 12:01:41,917 [INFO]     NSE:JSWENERGY-EQ | CVD=-152003 vs Ref=3921 | Close=444.65 vs VAH=447.80
2026-02-02 12:01:42,882 [INFO]     NSE:MAXHEALTH-EQ | CVD=25797 vs Ref=-26629 | Close=943.25 vs VAL=947.00
2026-02-02 12:01:43,674 [INFO]     NSE:NATIONALUM-EQ | CVD=-297418 vs Ref=1364212 | Close=363.10 vs VAH=367.15
2026-02-02 12:01:44,590 [INFO]     NSE:IDFCFIRSTB-EQ | CVD=1518090 vs Ref=-243483 | Close=80.22 vs VAL=79.70
2026-02-02 12:01:45,243 [INFO]     NSE:PFC-EQ | CVD=-2240672 vs Ref=0 | Close=376.05 vs VAH=385.65
2026-02-02 12:01:46,966 [INFO]     NSE:RECLTD-EQ | CVD=-827536 vs Ref=192310 | Close=356.00 vs VAH=366.00
2026-02-02 12:01:48,647 [INFO]     NSE:TATAPOWER-EQ | CVD=-355019 vs Ref=22693 | Close=351.85 vs VAH=355.20
2026-02-02 12:01:50,280 [INFO]     NSE:NTPC-EQ | CVD=-9435 vs Ref=510002 | Close=344.70 vs VAH=346.80
2026-02-02 12:01:52,101 [INFO]     NSE:PETRONET-EQ | CVD=185879 vs Ref=20161 | Close=282.55 vs VAH=285.10
2026-02-02 12:01:53,727 [INFO]     NSE:MANAPPURAM-EQ | CVD=-169472 vs Ref=98130 | Close=265.70 vs VAH=269.55
2026-02-02 12:01:55,303 [INFO]     NSE:LTF-EQ | CVD=-533143 vs Ref=98102 | Close=272.15 vs VAH=276.00
2026-02-02 12:01:56,993 [INFO]     NSE:HUDCO-EQ | CVD=-1352725 vs Ref=1361 | Close=181.53 vs VAH=186.90
2026-02-02 12:01:58,512 [INFO]     NSE:GAIL-EQ | CVD=-1024112 vs Ref=1741 | Close=159.37 vs VAH=161.40
2026-02-02 12:02:00,213 [INFO]     NSE:CANBK-EQ | CVD=-89831 vs Ref=170019 | Close=141.79 vs VAH=140.80
2026-02-02 12:02:02,122 [INFO]     NSE:SAMMAANCAP-EQ | CVD=139980 vs Ref=597206 | Close=142.31 vs VAH=144.90
2026-02-02 12:02:25,266 [INFO] 🔍 Scanning for alerts on 4 symbols (5min)...
2026-02-02 12:02:27,033 [INFO]     NSE:TORNTPHARM-EQ | CVD=-7751 vs Ref=-12212 | Close=3927.00 vs VAL=3939.75
2026-02-02 12:02:29,036 [INFO]     NSE:PIIND-EQ | CVD=5231 vs Ref=-17103 | Close=3015.00 vs VAL=3049.50
2026-02-02 12:02:30,864 [INFO]     NSE:CHOLAFIN-EQ | CVD=102095 vs Ref=-79867 | Close=1560.70 vs VAL=1526.80
2026-02-02 12:02:32,518 [INFO]     NSE:IDFCFIRSTB-EQ | CVD=1518090 vs Ref=-243483 | Close=80.22 vs VAL=79.70
2026-02-02 12:02:36,884 [INFO] 🔍 Scanning for alerts on 2 symbols (5min)...
2026-02-02 12:02:38,594 [INFO]     NSE:HINDZINC-EQ | CVD=821354 vs Ref=1657045 | Close=582.10 vs VAH=590.25
2026-02-02 12:02:40,558 [INFO]     NSE:PETRONET-EQ | CVD=185879 vs Ref=20161 | Close=282.55 vs VAH=285.10
2026-02-02 12:02:44,594 [INFO] 🔍 Scanning for alerts on 7 symbols (5min)...
2026-02-02 12:02:46,364 [INFO]     NSE:TORNTPHARM-EQ | CVD=-7751 vs Ref=-12212 | Close=3927.00 vs VAL=3939.75
2026-02-02 12:02:48,155 [INFO]     NSE:KAYNES-EQ | CVD=-53733 vs Ref=-99061 | Close=3414.10 vs VAL=3444.00
2026-02-02 12:02:50,009 [INFO]     NSE:PIIND-EQ | CVD=5231 vs Ref=-17103 | Close=3015.00 vs VAL=3049.50
2026-02-02 12:02:52,035 [INFO]     NSE:HINDUNILVR-EQ | CVD=-33630 vs Ref=-17753 | Close=2324.00 vs VAL=2318.40
2026-02-02 12:02:53,678 [INFO]     NSE:CHOLAFIN-EQ | CVD=102095 vs Ref=-79867 | Close=1560.70 vs VAL=1526.80
2026-02-02 12:02:55,606 [INFO]     NSE:MAXHEALTH-EQ | CVD=25797 vs Ref=-26629 | Close=943.25 vs VAL=947.00
2026-02-02 12:02:57,719 [INFO]     NSE:IDFCFIRSTB-EQ | CVD=1518090 vs Ref=-243483 | Close=80.22 vs VAL=79.70
2026-02-02 12:03:02,128 [INFO] 🔍 Scanning for alerts on 22 symbols (5min)...
2026-02-02 12:03:04,099 [INFO]     NSE:POWERINDIA-EQ | CVD=-7010 vs Ref=1496 | Close=18476.00 vs VAH=18564.00
2026-02-02 12:03:06,224 [INFO]     NSE:MCX-EQ | CVD=-235763 vs Ref=58658 | Close=2231.10 vs VAH=2234.40
2026-02-02 12:03:08,129 [INFO]     NSE:GODREJPROP-EQ | CVD=-4827 vs Ref=25814 | Close=1532.10 vs VAH=1540.80
2026-02-02 12:03:10,044 [INFO]     NSE:JINDALSTEL-EQ | CVD=204111 vs Ref=4003 | Close=1090.20 vs VAH=1107.90
2026-02-02 12:03:11,716 [INFO]     NSE:HINDALCO-EQ | CVD=267214 vs Ref=493502 | Close=908.00 vs VAH=913.80
2026-02-02 12:03:13,345 [INFO]     NSE:INDIANB-EQ | CVD=18711 vs Ref=95330 | Close=813.85 vs VAH=835.55
2026-02-02 12:03:14,865 [INFO]     NSE:DLF-EQ | CVD=34201 vs Ref=49671 | Close=619.75 vs VAH=619.60
2026-02-02 12:03:16,446 [INFO]     NSE:OIL-EQ | CVD=22935 vs Ref=116885 | Close=478.55 vs VAH=480.90
2026-02-02 12:03:18,527 [INFO]     NSE:COALINDIA-EQ | CVD=414581 vs Ref=2495 | Close=416.30 vs VAH=417.80
2026-02-02 12:03:20,205 [INFO]     NSE:JSWENERGY-EQ | CVD=-152003 vs Ref=3921 | Close=444.65 vs VAH=447.80
2026-02-02 12:03:21,823 [INFO]     NSE:NATIONALUM-EQ | CVD=-297418 vs Ref=1364212 | Close=363.10 vs VAH=367.15
2026-02-02 12:03:24,124 [INFO]     NSE:PFC-EQ | CVD=-2240672 vs Ref=0 | Close=376.05 vs VAH=385.65
2026-02-02 12:03:26,415 [INFO]     NSE:RECLTD-EQ | CVD=-827536 vs Ref=192310 | Close=356.00 vs VAH=366.00
2026-02-02 12:03:28,259 [INFO]     NSE:TATAPOWER-EQ | CVD=-355019 vs Ref=22693 | Close=351.85 vs VAH=355.20
2026-02-02 12:03:29,840 [INFO]     NSE:NTPC-EQ | CVD=-9435 vs Ref=510002 | Close=344.70 vs VAH=346.80
2026-02-02 12:03:31,743 [INFO]     NSE:PETRONET-EQ | CVD=185879 vs Ref=20161 | Close=282.55 vs VAH=285.10
2026-02-02 12:03:32,521 [INFO] 🔍 Scanning for alerts on 4 symbols (5min)...
2026-02-02 12:03:33,401 [INFO]     NSE:MANAPPURAM-EQ | CVD=-169472 vs Ref=98130 | Close=265.70 vs VAH=269.55
2026-02-02 12:03:34,213 [INFO]     NSE:TORNTPHARM-EQ | CVD=-7751 vs Ref=-12212 | Close=3927.00 vs VAL=3939.75
2026-02-02 12:03:35,101 [INFO]     NSE:LTF-EQ | CVD=-533143 vs Ref=98102 | Close=272.15 vs VAH=276.00
2026-02-02 12:03:35,963 [INFO]     NSE:PIIND-EQ | CVD=5231 vs Ref=-17103 | Close=3015.00 vs VAL=3049.50
2026-02-02 12:03:37,307 [INFO]     NSE:HUDCO-EQ | CVD=-1352725 vs Ref=1361 | Close=181.53 vs VAH=186.90
2026-02-02 12:03:38,481 [INFO]     NSE:CHOLAFIN-EQ | CVD=102095 vs Ref=-79867 | Close=1560.70 vs VAL=1526.80
2026-02-02 12:03:39,300 [INFO]     NSE:GAIL-EQ | CVD=-1024112 vs Ref=1741 | Close=159.37 vs VAH=161.40
2026-02-02 12:03:40,296 [INFO]     NSE:IDFCFIRSTB-EQ | CVD=1518090 vs Ref=-243483 | Close=80.22 vs VAL=79.70
2026-02-02 12:03:40,562 [INFO] 🔍 Scanning for alerts on 2 symbols (5min)...
2026-02-02 12:03:41,034 [INFO]     NSE:CANBK-EQ | CVD=-89831 vs Ref=170019 | Close=141.79 vs VAH=140.80
2026-02-02 12:03:42,356 [INFO]     NSE:HINDZINC-EQ | CVD=821354 vs Ref=1657045 | Close=582.10 vs VAH=590.25
2026-02-02 12:03:42,788 [INFO]     NSE:SAMMAANCAP-EQ | CVD=139980 vs Ref=597206 | Close=142.31 vs VAH=144.90
2026-02-02 12:03:44,048 [INFO]     NSE:PETRONET-EQ | CVD=185879 vs Ref=20161 | Close=282.55 vs VAH=285.10
2026-02-02 12:03:57,729 [INFO] 🔍 Scanning for alerts on 7 symbols (5min)...
2026-02-02 12:03:59,343 [INFO]     NSE:TORNTPHARM-EQ | CVD=-7751 vs Ref=-12212 | Close=3927.00 vs VAL=3939.75
2026-02-02 12:04:00,925 [INFO]     NSE:KAYNES-EQ | CVD=-53733 vs Ref=-99061 | Close=3414.10 vs VAL=3444.00
2026-02-02 12:04:02,501 [INFO]     NSE:PIIND-EQ | CVD=5231 vs Ref=-17103 | Close=3015.00 vs VAL=3049.50
2026-02-02 12:04:04,062 [INFO]     NSE:HINDUNILVR-EQ | CVD=-33630 vs Ref=-17753 | Close=2324.00 vs VAL=2318.40
2026-02-02 12:04:06,266 [INFO]     NSE:CHOLAFIN-EQ | CVD=102095 vs Ref=-79867 | Close=1560.70 vs VAL=1526.80
2026-02-02 12:04:07,795 [INFO]     NSE:MAXHEALTH-EQ | CVD=25797 vs Ref=-26629 | Close=943.25 vs VAL=947.00
2026-02-02 12:04:09,384 [INFO]     NSE:IDFCFIRSTB-EQ | CVD=1518090 vs Ref=-243483 | Close=80.22 vs VAL=79.70
2026-02-02 12:04:40,299 [INFO] 🔍 Scanning for alerts on 4 symbols (5min)...
2026-02-02 12:04:41,807 [INFO]     NSE:TORNTPHARM-EQ | CVD=-7751 vs Ref=-12212 | Close=3927.00 vs VAL=3939.75
2026-02-02 12:04:42,794 [INFO] 🔍 Scanning for alerts on 22 symbols (5min)...
2026-02-02 12:04:43,612 [INFO]     NSE:PIIND-EQ | CVD=5231 vs Ref=-17103 | Close=3015.00 vs VAL=3049.50
2026-02-02 12:04:44,051 [INFO] 🔍 Scanning for alerts on 2 symbols (5min)...
2026-02-02 12:04:45,201 [INFO]     NSE:POWERINDIA-EQ | CVD=-7010 vs Ref=1496 | Close=18476.00 vs VAH=18564.00
2026-02-02 12:04:46,188 [INFO]     NSE:CHOLAFIN-EQ | CVD=102095 vs Ref=-79867 | Close=1560.70 vs VAL=1526.80
2026-02-02 12:04:46,620 [INFO]     NSE:HINDZINC-EQ | CVD=821354 vs Ref=1657045 | Close=582.10 vs VAH=590.25
2026-02-02 12:04:47,391 [INFO]     NSE:MCX-EQ | CVD=-235763 vs Ref=58658 | Close=2231.10 vs VAH=2234.40
2026-02-02 12:04:48,295 [INFO]     NSE:IDFCFIRSTB-EQ | CVD=1518090 vs Ref=-243483 | Close=80.22 vs VAL=79.70
2026-02-02 12:04:48,807 [INFO]     NSE:PETRONET-EQ | CVD=185879 vs Ref=20161 | Close=282.55 vs VAH=285.10
2026-02-02 12:04:49,212 [INFO]     NSE:GODREJPROP-EQ | CVD=-4827 vs Ref=25814 | Close=1532.10 vs VAH=1540.80
2026-02-02 12:04:50,789 [INFO]     NSE:JINDALSTEL-EQ | CVD=204111 vs Ref=4003 | Close=1090.20 vs VAH=1107.90
2026-02-02 12:04:52,317 [INFO]     NSE:HINDALCO-EQ | CVD=267214 vs Ref=493502 | Close=908.00 vs VAH=913.80
2026-02-02 12:04:53,900 [INFO]     NSE:INDIANB-EQ | CVD=18711 vs Ref=95330 | Close=813.85 vs VAH=835.55
2026-02-02 12:04:55,482 [INFO]     NSE:DLF-EQ | CVD=34201 vs Ref=49671 | Close=619.75 vs VAH=619.60
2026-02-02 12:04:57,111 [INFO]     NSE:OIL-EQ | CVD=22935 vs Ref=116885 | Close=478.55 vs VAH=480.90
2026-02-02 12:04:58,879 [INFO]     NSE:COALINDIA-EQ | CVD=414581 vs Ref=2495 | Close=416.30 vs VAH=417.80
2026-02-02 12:05:00,518 [INFO]     NSE:JSWENERGY-EQ | CVD=-152003 vs Ref=3921 | Close=444.65 vs VAH=447.80
2026-02-02 12:05:02,348 [INFO]     NSE:NATIONALUM-EQ | CVD=-297418 vs Ref=1364212 | Close=363.10 vs VAH=367.15
2026-02-02 12:05:03,892 [INFO]     NSE:PFC-EQ | CVD=-2240672 vs Ref=0 | Close=376.05 vs VAH=385.65
2026-02-02 12:05:05,519 [INFO]     NSE:RECLTD-EQ | CVD=-827536 vs Ref=192310 | Close=356.00 vs VAH=366.00
2026-02-02 12:05:07,135 [INFO]     NSE:TATAPOWER-EQ | CVD=-355019 vs Ref=22693 | Close=351.85 vs VAH=355.20
2026-02-02 12:05:08,706 [INFO]     NSE:NTPC-EQ | CVD=-9435 vs Ref=510002 | Close=344.70 vs VAH=346.80
2026-02-02 12:05:09,389 [INFO] 🔍 Scanning for alerts on 7 symbols (5min)...
2026-02-02 12:05:10,702 [INFO]     NSE:PETRONET-EQ | CVD=185879 vs Ref=20161 | Close=282.55 vs VAH=285.10
2026-02-02 12:05:11,366 [INFO]     NSE:TORNTPHARM-EQ | CVD=-7751 vs Ref=-12212 | Close=3927.00 vs VAL=3939.75
2026-02-02 12:05:12,865 [INFO]     NSE:MANAPPURAM-EQ | CVD=-169472 vs Ref=98130 | Close=265.70 vs VAH=269.55
2026-02-02 12:05:13,524 [INFO]     NSE:KAYNES-EQ | CVD=-53733 vs Ref=-99061 | Close=3414.10 vs VAL=3444.00
2026-02-02 12:05:14,974 [INFO]     NSE:LTF-EQ | CVD=-533143 vs Ref=98102 | Close=272.15 vs VAH=276.00
2026-02-02 12:05:15,929 [INFO]     NSE:PIIND-EQ | CVD=5231 vs Ref=-17103 | Close=3015.00 vs VAL=3049.50
2026-02-02 12:05:17,121 [INFO]     NSE:HUDCO-EQ | CVD=-1352725 vs Ref=1361 | Close=181.53 vs VAH=186.90
2026-02-02 12:05:17,791 [INFO]     NSE:HINDUNILVR-EQ | CVD=-33630 vs Ref=-17753 | Close=2324.00 vs VAL=2318.40
2026-02-02 12:05:18,875 [INFO]     NSE:GAIL-EQ | CVD=-1024112 vs Ref=1741 | Close=159.37 vs VAH=161.40
2026-02-02 12:05:19,630 [INFO]     NSE:CHOLAFIN-EQ | CVD=102095 vs Ref=-79867 | Close=1560.70 vs VAL=1526.80
2026-02-02 12:05:20,608 [INFO]     NSE:CANBK-EQ | CVD=-89831 vs Ref=170019 | Close=141.79 vs VAH=140.80
2026-02-02 12:05:21,355 [INFO]     NSE:MAXHEALTH-EQ | CVD=25797 vs Ref=-26629 | Close=943.25 vs VAL=947.00
2026-02-02 12:05:22,689 [INFO]     NSE:SAMMAANCAP-EQ | CVD=139980 vs Ref=597206 | Close=142.31 vs VAH=144.90
2026-02-02 12:05:23,749 [INFO]     NSE:IDFCFIRSTB-EQ | CVD=1518090 vs Ref=-243483 | Close=80.22 vs VAL=79.70
2026-02-02 12:05:48,298 [INFO] 🔍 Scanning for alerts on 4 symbols (5min)...
2026-02-02 12:05:48,811 [INFO] 🔍 Scanning for alerts on 2 symbols (5min)...
2026-02-02 12:05:50,258 [INFO]     NSE:TORNTPHARM-EQ | CVD=-7751 vs Ref=-12212 | Close=3927.00 vs VAL=3939.75
2026-02-02 12:05:50,838 [INFO]     NSE:HINDZINC-EQ | CVD=821354 vs Ref=1657045 | Close=582.10 vs VAH=590.25
2026-02-02 12:05:52,231 [INFO]     NSE:PIIND-EQ | CVD=5231 vs Ref=-17103 | Close=3015.00 vs VAL=3049.50
2026-02-02 12:05:52,814 [INFO]     NSE:PETRONET-EQ | CVD=185879 vs Ref=20161 | Close=282.55 vs VAH=285.10
2026-02-02 12:05:53,938 [INFO]     NSE:CHOLAFIN-EQ | CVD=102095 vs Ref=-79867 | Close=1560.70 vs VAL=1526.80
2026-02-02 12:05:55,650 [INFO]     NSE:IDFCFIRSTB-EQ | CVD=1518090 vs Ref=-243483 | Close=80.22 vs VAL=79.70
2026-02-02 12:06:22,695 [INFO] 🔍 Scanning for alerts on 22 symbols (5min)...
2026-02-02 12:06:23,754 [INFO] 🔍 Scanning for alerts on 7 symbols (5min)...
2026-02-02 12:06:25,096 [INFO]     NSE:POWERINDIA-EQ | CVD=-7010 vs Ref=1496 | Close=18476.00 vs VAH=18564.00
2026-02-02 12:06:26,036 [INFO]     NSE:TORNTPHARM-EQ | CVD=-7751 vs Ref=-12212 | Close=3927.00 vs VAL=3939.75
2026-02-02 12:06:27,349 [INFO]     NSE:MCX-EQ | CVD=-235763 vs Ref=58658 | Close=2231.10 vs VAH=2234.40
2026-02-02 12:06:28,276 [INFO]     NSE:KAYNES-EQ | CVD=-53733 vs Ref=-99061 | Close=3414.10 vs VAL=3444.00
2026-02-02 12:06:29,210 [INFO]     NSE:GODREJPROP-EQ | CVD=-4827 vs Ref=25814 | Close=1532.10 vs VAH=1540.80
2026-02-02 12:06:30,515 [INFO]     NSE:PIIND-EQ | CVD=5231 vs Ref=-17103 | Close=3015.00 vs VAL=3049.50
2026-02-02 12:06:31,440 [INFO]     NSE:JINDALSTEL-EQ | CVD=204111 vs Ref=4003 | Close=1090.20 vs VAH=1107.90
2026-02-02 12:06:32,442 [INFO]     NSE:HINDUNILVR-EQ | CVD=-33630 vs Ref=-17753 | Close=2324.00 vs VAL=2318.40
2026-02-02 12:06:33,265 [INFO]     NSE:HINDALCO-EQ | CVD=267214 vs Ref=493502 | Close=908.00 vs VAH=913.80
2026-02-02 12:06:34,194 [INFO]     NSE:CHOLAFIN-EQ | CVD=102095 vs Ref=-79867 | Close=1560.70 vs VAL=1526.80
2026-02-02 12:06:35,935 [INFO]     NSE:MAXHEALTH-EQ | CVD=25797 vs Ref=-26629 | Close=943.25 vs VAL=947.00
2026-02-02 12:06:38,167 [INFO]     NSE:DLF-EQ | CVD=34201 vs Ref=49671 | Close=619.75 vs VAH=619.60
2026-02-02 12:06:38,217 [INFO]     NSE:IDFCFIRSTB-EQ | CVD=1518090 vs Ref=-243483 | Close=80.22 vs VAL=79.70
2026-02-02 12:06:39,846 [INFO]     NSE:OIL-EQ | CVD=22935 vs Ref=116885 | Close=478.55 vs VAH=480.90
2026-02-02 12:06:41,615 [INFO]     NSE:COALINDIA-EQ | CVD=414581 vs Ref=2495 | Close=416.30 vs VAH=417.80
2026-02-02 12:06:43,289 [INFO]     NSE:JSWENERGY-EQ | CVD=-152003 vs Ref=3921 | Close=444.65 vs VAH=447.80
2026-02-02 12:06:44,989 [INFO]     NSE:NATIONALUM-EQ | CVD=-297418 vs Ref=1364212 | Close=363.10 vs VAH=367.15
2026-02-02 12:06:46,542 [INFO]     NSE:PFC-EQ | CVD=-2240672 vs Ref=0 | Close=376.05 vs VAH=385.65
2026-02-02 12:06:48,211 [INFO]     NSE:RECLTD-EQ | CVD=-827536 vs Ref=192310 | Close=356.00 vs VAH=366.00
2026-02-02 12:06:49,936 [INFO]     NSE:TATAPOWER-EQ | CVD=-355019 vs Ref=22693 | Close=351.85 vs VAH=355.20
2026-02-02 12:06:51,720 [INFO]     NSE:NTPC-EQ | CVD=-9435 vs Ref=510002 | Close=344.70 vs VAH=346.80
2026-02-02 12:06:52,819 [INFO] 🔍 Scanning for alerts on 2 symbols (5min)...
2026-02-02 12:06:53,412 [INFO]     NSE:PETRONET-EQ | CVD=185879 vs Ref=20161 | Close=282.55 vs VAH=285.10
2026-02-02 12:06:54,635 [INFO]     NSE:HINDZINC-EQ | CVD=821354 vs Ref=1657045 | Close=582.10 vs VAH=590.25
2026-02-02 12:06:55,251 [INFO]     NSE:MANAPPURAM-EQ | CVD=-169472 vs Ref=98130 | Close=265.70 vs VAH=269.55
2026-02-02 12:06:55,651 [INFO] 🔍 Scanning for alerts on 4 symbols (5min)...
2026-02-02 12:06:56,639 [INFO]     NSE:PETRONET-EQ | CVD=185879 vs Ref=20161 | Close=282.55 vs VAH=285.10
2026-02-02 12:06:57,297 [INFO]     NSE:LTF-EQ | CVD=-533143 vs Ref=98102 | Close=272.15 vs VAH=276.00
2026-02-02 12:06:57,744 [INFO]     NSE:TORNTPHARM-EQ | CVD=-7751 vs Ref=-12212 | Close=3927.00 vs VAL=3939.75
2026-02-02 12:06:59,433 [INFO]     NSE:HUDCO-EQ | CVD=-1352725 vs Ref=1361 | Close=181.53 vs VAH=186.90
2026-02-02 12:06:59,861 [INFO]     NSE:PIIND-EQ | CVD=5231 vs Ref=-17103 | Close=3015.00 vs VAL=3049.50
2026-02-02 12:07:01,688 [INFO]     NSE:GAIL-EQ | CVD=-1024112 vs Ref=1741 | Close=159.37 vs VAH=161.40
2026-02-02 12:07:02,230 [INFO]     NSE:CHOLAFIN-EQ | CVD=102095 vs Ref=-79867 | Close=1560.70 vs VAL=1526.80
2026-02-02 12:07:03,517 [INFO]     NSE:CANBK-EQ | CVD=-89831 vs Ref=170019 | Close=141.79 vs VAH=140.80
2026-02-02 12:07:04,081 [INFO]     NSE:IDFCFIRSTB-EQ | CVD=1518090 vs Ref=-243483 | Close=80.22 vs VAL=79.70
2026-02-02 12:07:05,693 [INFO]     NSE:SAMMAANCAP-EQ | CVD=139980 vs Ref=597206 | Close=142.31 vs VAH=144.90
2026-02-02 12:07:38,221 [INFO] 🔍 Scanning for alerts on 7 symbols (5min)...
2026-02-02 12:07:41,073 [INFO]     NSE:TORNTPHARM-EQ | CVD=-7751 vs Ref=-12212 | Close=3927.00 vs VAL=3939.75
2026-02-02 12:07:43,119 [INFO]     NSE:KAYNES-EQ | CVD=-53733 vs Ref=-99061 | Close=3414.10 vs VAL=3444.00
2026-02-02 12:07:44,788 [INFO]     NSE:PIIND-EQ | CVD=5877 vs Ref=-17103 | Close=3019.30 vs VAL=3049.50
2026-02-02 12:07:46,538 [INFO]     NSE:HINDUNILVR-EQ | CVD=-33630 vs Ref=-17753 | Close=2324.00 vs VAL=2318.40
2026-02-02 12:07:48,316 [INFO]     NSE:CHOLAFIN-EQ | CVD=89550 vs Ref=-79867 | Close=1556.80 vs VAL=1526.80
2026-02-02 12:07:50,022 [INFO]     NSE:MAXHEALTH-EQ | CVD=25797 vs Ref=-26629 | Close=943.25 vs VAL=947.00
2026-02-02 12:07:52,050 [INFO]     NSE:IDFCFIRSTB-EQ | CVD=1518090 vs Ref=-243483 | Close=80.22 vs VAL=79.70
2026-02-02 12:07:56,644 [INFO] 🔍 Scanning for alerts on 2 symbols (5min)...
2026-02-02 12:07:58,584 [INFO]     NSE:HINDZINC-EQ | CVD=821354 vs Ref=1657045 | Close=582.10 vs VAH=590.25
2026-02-02 12:08:00,425 [INFO]     NSE:PETRONET-EQ | CVD=318177 vs Ref=20161 | Close=283.40 vs VAH=285.10
2026-02-02 12:08:04,084 [INFO] 🔍 Scanning for alerts on 4 symbols (5min)...
2026-02-02 12:08:05,706 [INFO] 🔍 Scanning for alerts on 22 symbols (5min)...
2026-02-02 12:08:06,147 [INFO]     NSE:TORNTPHARM-EQ | CVD=-7775 vs Ref=-12212 | Close=3927.60 vs VAL=3939.75
2026-02-02 12:08:07,860 [INFO]     NSE:POWERINDIA-EQ | CVD=-5256 vs Ref=1496 | Close=18530.00 vs VAH=18564.00
2026-02-02 12:08:08,337 [INFO]     NSE:PIIND-EQ | CVD=6337 vs Ref=-17103 | Close=3019.60 vs VAL=3049.50
2026-02-02 12:08:09,738 [INFO]     NSE:MCX-EQ | CVD=-230238 vs Ref=58658 | Close=2235.70 vs VAH=2234.40
2026-02-02 12:08:10,210 [INFO]     NSE:CHOLAFIN-EQ | CVD=97337 vs Ref=-79867 | Close=1556.10 vs VAL=1526.80
2026-02-02 12:08:11,571 [INFO]     NSE:GODREJPROP-EQ | CVD=-1136 vs Ref=25814 | Close=1536.00 vs VAH=1540.80
2026-02-02 12:08:12,126 [INFO]     NSE:IDFCFIRSTB-EQ | CVD=1494280 vs Ref=-243483 | Close=80.52 vs VAL=79.70
2026-02-02 12:08:13,246 [INFO]     NSE:JINDALSTEL-EQ | CVD=204986 vs Ref=4003 | Close=1089.80 vs VAH=1107.90
2026-02-02 12:08:14,897 [INFO]     NSE:HINDALCO-EQ | CVD=272579 vs Ref=493502 | Close=909.00 vs VAH=913.80
2026-02-02 12:08:16,600 [INFO]     NSE:INDIANB-EQ | CVD=16539 vs Ref=95330 | Close=813.85 vs VAH=835.55
2026-02-02 12:08:18,231 [INFO]     NSE:DLF-EQ | CVD=45296 vs Ref=49671 | Close=621.10 vs VAH=619.60
2026-02-02 12:08:19,924 [INFO]     NSE:OIL-EQ | CVD=34194 vs Ref=116885 | Close=479.70 vs VAH=480.90
2026-02-02 12:08:21,841 [INFO]     NSE:COALINDIA-EQ | CVD=464163 vs Ref=2495 | Close=417.20 vs VAH=417.80
2026-02-02 12:08:24,344 [INFO]     NSE:JSWENERGY-EQ | CVD=-151767 vs Ref=3921 | Close=444.70 vs VAH=447.80
2026-02-02 12:08:26,646 [INFO]     NSE:NATIONALUM-EQ | CVD=-356968 vs Ref=1364212 | Close=362.85 vs VAH=367.15
2026-02-02 12:08:28,341 [INFO]     NSE:PFC-EQ | CVD=-2235072 vs Ref=0 | Close=375.10 vs VAH=385.65
2026-02-02 12:08:29,887 [INFO]     NSE:RECLTD-EQ | CVD=-833872 vs Ref=192310 | Close=356.10 vs VAH=366.00
2026-02-02 12:08:31,527 [INFO]     NSE:TATAPOWER-EQ | CVD=-354742 vs Ref=22693 | Close=352.05 vs VAH=355.20
2026-02-02 12:08:33,113 [INFO]     NSE:NTPC-EQ | CVD=13802 vs Ref=510002 | Close=344.70 vs VAH=346.80
2026-02-02 12:08:34,889 [INFO]     NSE:PETRONET-EQ | CVD=318662 vs Ref=20161 | Close=283.00 vs VAH=285.10
2026-02-02 12:08:36,627 [INFO]     NSE:MANAPPURAM-EQ | CVD=-201222 vs Ref=98130 | Close=265.25 vs VAH=269.55
2026-02-02 12:08:38,241 [INFO]     NSE:LTF-EQ | CVD=-510523 vs Ref=98102 | Close=272.70 vs VAH=276.00
2026-02-02 12:08:39,824 [INFO]     NSE:HUDCO-EQ | CVD=-1348266 vs Ref=1361 | Close=181.60 vs VAH=186.90
2026-02-02 12:08:41,470 [INFO]     NSE:GAIL-EQ | CVD=-986512 vs Ref=1741 | Close=159.90 vs VAH=161.40
2026-02-02 12:08:43,026 [INFO]     NSE:CANBK-EQ | CVD=-156047 vs Ref=170019 | Close=141.68 vs VAH=140.80
2026-02-02 12:08:44,816 [INFO]     NSE:SAMMAANCAP-EQ | CVD=146573 vs Ref=597206 | Close=142.40 vs VAH=144.90
2026-02-02 12:08:52,054 [INFO] 🔍 Scanning for alerts on 7 symbols (5min)...
2026-02-02 12:08:53,771 [INFO]     NSE:TORNTPHARM-EQ | CVD=-7775 vs Ref=-12212 | Close=3927.60 vs VAL=3939.75
2026-02-02 12:08:55,312 [INFO]     NSE:KAYNES-EQ | CVD=-34360 vs Ref=-99061 | Close=3429.30 vs VAL=3444.00
2026-02-02 12:08:57,008 [INFO]     NSE:PIIND-EQ | CVD=6337 vs Ref=-17103 | Close=3019.60 vs VAL=3049.50
2026-02-02 12:08:58,779 [INFO]     NSE:HINDUNILVR-EQ | CVD=-30733 vs Ref=-17753 | Close=2323.80 vs VAL=2318.40
2026-02-02 12:09:00,429 [INFO] 🔍 Scanning for alerts on 2 symbols (5min)...
2026-02-02 12:09:00,554 [INFO]     NSE:CHOLAFIN-EQ | CVD=97337 vs Ref=-79867 | Close=1556.10 vs VAL=1526.80
2026-02-02 12:09:03,303 [INFO]     NSE:MAXHEALTH-EQ | CVD=7461 vs Ref=-26629 | Close=943.60 vs VAL=947.00
2026-02-02 12:09:03,375 [INFO]     NSE:HINDZINC-EQ | CVD=875842 vs Ref=1657045 | Close=583.00 vs VAH=590.25
2026-02-02 12:09:05,545 [INFO]     NSE:IDFCFIRSTB-EQ | CVD=1494280 vs Ref=-243483 | Close=80.52 vs VAL=79.70
2026-02-02 12:09:05,756 [INFO]     NSE:PETRONET-EQ | CVD=318662 vs Ref=20161 | Close=283.00 vs VAH=285.10
2026-02-02 12:09:12,129 [INFO] 🔍 Scanning for alerts on 4 symbols (5min)...
2026-02-02 12:09:13,703 [INFO]     NSE:TORNTPHARM-EQ | CVD=-7775 vs Ref=-12212 | Close=3927.60 vs VAL=3939.75
2026-02-02 12:09:15,507 [INFO]     NSE:PIIND-EQ | CVD=6337 vs Ref=-17103 | Close=3019.60 vs VAL=3049.50
2026-02-02 12:09:17,377 [INFO]     NSE:CHOLAFIN-EQ | CVD=97337 vs Ref=-79867 | Close=1556.10 vs VAL=1526.80
2026-02-02 12:09:18,977 [INFO]     NSE:IDFCFIRSTB-EQ | CVD=1494280 vs Ref=-243483 | Close=80.52 vs VAL=79.70
2026-02-02 12:09:44,820 [INFO] 🔍 Scanning for alerts on 22 symbols (5min)...
2026-02-02 12:09:46,363 [INFO]     NSE:POWERINDIA-EQ | CVD=-5256 vs Ref=1496 | Close=18530.00 vs VAH=18564.00
2026-02-02 12:09:47,924 [INFO]     NSE:MCX-EQ | CVD=-230238 vs Ref=58658 | Close=2235.70 vs VAH=2234.40
2026-02-02 12:09:49,432 [INFO]     NSE:GODREJPROP-EQ | CVD=-1136 vs Ref=25814 | Close=1536.00 vs VAH=1540.80
2026-02-02 12:09:51,035 [INFO]     NSE:JINDALSTEL-EQ | CVD=204986 vs Ref=4003 | Close=1089.80 vs VAH=1107.90
2026-02-02 12:09:52,826 [INFO]     NSE:HINDALCO-EQ | CVD=272579 vs Ref=493502 | Close=909.00 vs VAH=913.80
2026-02-02 12:09:54,789 [INFO]     NSE:INDIANB-EQ | CVD=16539 vs Ref=95330 | Close=813.85 vs VAH=835.55
2026-02-02 12:09:56,605 [INFO]     NSE:DLF-EQ | CVD=45296 vs Ref=49671 | Close=621.10 vs VAH=619.60
2026-02-02 12:09:58,312 [INFO]     NSE:OIL-EQ | CVD=34194 vs Ref=116885 | Close=479.70 vs VAH=480.90
2026-02-02 12:09:59,928 [INFO]     NSE:COALINDIA-EQ | CVD=464163 vs Ref=2495 | Close=417.20 vs VAH=417.80
2026-02-02 12:10:01,740 [INFO]     NSE:JSWENERGY-EQ | CVD=-151767 vs Ref=3921 | Close=444.70 vs VAH=447.80
2026-02-02 12:10:04,112 [INFO]     NSE:NATIONALUM-EQ | CVD=-356968 vs Ref=1364212 | Close=362.85 vs VAH=367.15
2026-02-02 12:10:05,571 [INFO] 🔍 Scanning for alerts on 7 symbols (5min)...
2026-02-02 12:10:05,772 [INFO] 🔍 Scanning for alerts on 2 symbols (5min)...
2026-02-02 12:10:06,114 [INFO]     NSE:PFC-EQ | CVD=-2235072 vs Ref=0 | Close=375.10 vs VAH=385.65
2026-02-02 12:10:08,137 [INFO]     NSE:TORNTPHARM-EQ | CVD=-7775 vs Ref=-12212 | Close=3927.60 vs VAL=3939.75
2026-02-02 12:10:08,369 [INFO]     NSE:HINDZINC-EQ | CVD=875842 vs Ref=1657045 | Close=583.00 vs VAH=590.25
2026-02-02 12:10:08,587 [INFO]     NSE:RECLTD-EQ | CVD=-833872 vs Ref=192310 | Close=356.10 vs VAH=366.00
2026-02-02 12:10:10,576 [INFO]     NSE:KAYNES-EQ | CVD=-34360 vs Ref=-99061 | Close=3429.30 vs VAL=3444.00
2026-02-02 12:10:10,786 [INFO]     NSE:PETRONET-EQ | CVD=318662 vs Ref=20161 | Close=283.00 vs VAH=285.10
2026-02-02 12:10:10,903 [INFO]     NSE:TATAPOWER-EQ | CVD=-354742 vs Ref=22693 | Close=352.05 vs VAH=355.20
2026-02-02 12:10:12,600 [INFO]     NSE:PIIND-EQ | CVD=6337 vs Ref=-17103 | Close=3019.60 vs VAL=3049.50
2026-02-02 12:10:12,773 [INFO]     NSE:NTPC-EQ | CVD=13802 vs Ref=510002 | Close=344.70 vs VAH=346.80
2026-02-02 12:10:14,284 [INFO]     NSE:HINDUNILVR-EQ | CVD=-30733 vs Ref=-17753 | Close=2323.80 vs VAL=2318.40
2026-02-02 12:10:14,555 [INFO]     NSE:PETRONET-EQ | CVD=318662 vs Ref=20161 | Close=283.00 vs VAH=285.10
2026-02-02 12:10:15,990 [INFO]     NSE:CHOLAFIN-EQ | CVD=97337 vs Ref=-79867 | Close=1556.10 vs VAL=1526.80
2026-02-02 12:10:16,242 [INFO]     NSE:MANAPPURAM-EQ | CVD=-201222 vs Ref=98130 | Close=265.25 vs VAH=269.55
2026-02-02 12:10:17,993 [INFO]     NSE:MAXHEALTH-EQ | CVD=7461 vs Ref=-26629 | Close=943.60 vs VAL=947.00
2026-02-02 12:10:18,185 [INFO]     NSE:LTF-EQ | CVD=-510523 vs Ref=98102 | Close=272.70 vs VAH=276.00
2026-02-02 12:10:18,980 [INFO] 🔍 Scanning for alerts on 4 symbols (5min)...
2026-02-02 12:10:19,907 [INFO]     NSE:IDFCFIRSTB-EQ | CVD=1494280 vs Ref=-243483 | Close=80.52 vs VAL=79.70
2026-02-02 12:10:20,150 [INFO]     NSE:HUDCO-EQ | CVD=-1348266 vs Ref=1361 | Close=181.60 vs VAH=186.90
2026-02-02 12:10:20,982 [INFO]     NSE:TORNTPHARM-EQ | CVD=-7775 vs Ref=-12212 | Close=3927.60 vs VAL=3939.75
2026-02-02 12:10:22,153 [INFO]     NSE:GAIL-EQ | CVD=-986512 vs Ref=1741 | Close=159.90 vs VAH=161.40
2026-02-02 12:10:23,338 [INFO]     NSE:PIIND-EQ | CVD=6337 vs Ref=-17103 | Close=3019.60 vs VAL=3049.50
2026-02-02 12:10:24,692 [INFO]     NSE:CANBK-EQ | CVD=-156047 vs Ref=170019 | Close=141.68 vs VAH=140.80
2026-02-02 12:10:26,010 [INFO]     NSE:CHOLAFIN-EQ | CVD=97337 vs Ref=-79867 | Close=1556.10 vs VAL=1526.80
2026-02-02 12:10:27,037 [INFO]     NSE:SAMMAANCAP-EQ | CVD=146573 vs Ref=597206 | Close=142.40 vs VAH=144.90
2026-02-02 12:10:28,094 [INFO]     NSE:IDFCFIRSTB-EQ | CVD=1494280 vs Ref=-243483 | Close=80.52 vs VAL=79.70
2026-02-02 12:11:10,790 [INFO] 🔍 Scanning for alerts on 2 symbols (5min)...
2026-02-02 12:11:12,350 [INFO]     NSE:HINDZINC-EQ | CVD=-492825 vs Ref=1657045 | Close=573.20 vs VAH=590.25
2026-02-02 12:11:13,975 [INFO]     NSE:PETRONET-EQ | CVD=982853 vs Ref=20161 | Close=283.85 vs VAH=285.10
2026-02-02 12:11:19,912 [INFO] 🔍 Scanning for alerts on 7 symbols (5min)...
2026-02-02 12:11:21,878 [INFO]     NSE:TORNTPHARM-EQ | CVD=-11599 vs Ref=-12212 | Close=3926.00 vs VAL=3939.75
2026-02-02 12:11:24,136 [INFO]     NSE:KAYNES-EQ | CVD=131541 vs Ref=-99061 | Close=3433.30 vs VAL=3444.00
2026-02-02 12:11:26,328 [INFO]     NSE:PIIND-EQ | CVD=-3070 vs Ref=-17103 | Close=3018.80 vs VAL=3049.50
2026-02-02 12:11:27,043 [INFO] 🔍 Scanning for alerts on 22 symbols (5min)...
2026-02-02 12:11:28,097 [INFO] 🔍 Scanning for alerts on 4 symbols (5min)...
2026-02-02 12:11:28,104 [INFO]     NSE:HINDUNILVR-EQ | CVD=96998 vs Ref=-17753 | Close=2335.90 vs VAL=2318.40
2026-02-02 12:11:29,065 [INFO]     NSE:POWERINDIA-EQ | CVD=-12187 vs Ref=1496 | Close=18549.00 vs VAH=18564.00
2026-02-02 12:11:30,166 [INFO]     NSE:TORNTPHARM-EQ | CVD=-11599 vs Ref=-12212 | Close=3926.00 vs VAL=3939.75
2026-02-02 12:11:30,279 [INFO]     NSE:CHOLAFIN-EQ | CVD=174811 vs Ref=-79867 | Close=1554.40 vs VAL=1526.80
2026-02-02 12:11:31,319 [INFO]     NSE:MCX-EQ | CVD=-756893 vs Ref=58658 | Close=2181.90 vs VAH=2234.40
2026-02-02 12:11:32,414 [INFO]     NSE:PIIND-EQ | CVD=-3070 vs Ref=-17103 | Close=3018.80 vs VAL=3049.50
2026-02-02 12:11:32,432 [INFO]     NSE:MAXHEALTH-EQ | CVD=167394 vs Ref=-26629 | Close=947.50 vs VAL=947.00
2026-02-02 12:11:33,295 [INFO]     NSE:GODREJPROP-EQ | CVD=-25616 vs Ref=25814 | Close=1527.00 vs VAH=1540.80
2026-02-02 12:11:34,427 [INFO]     NSE:IDFCFIRSTB-EQ | CVD=4840904 vs Ref=-243483 | Close=79.50 vs VAL=79.70
2026-02-02 12:11:34,487 [INFO]     NSE:CHOLAFIN-EQ | CVD=174811 vs Ref=-79867 | Close=1554.40 vs VAL=1526.80
2026-02-02 12:11:35,222 [INFO]     NSE:JINDALSTEL-EQ | CVD=275745 vs Ref=4003 | Close=1090.90 vs VAH=1107.90
2026-02-02 12:11:36,391 [INFO]     NSE:IDFCFIRSTB-EQ | CVD=4840904 vs Ref=-243483 | Close=79.50 vs VAL=79.70
2026-02-02 12:11:37,154 [INFO]     NSE:HINDALCO-EQ | CVD=-25058 vs Ref=493502 | Close=905.00 vs VAH=913.80
2026-02-02 12:11:38,907 [INFO]     NSE:INDIANB-EQ | CVD=296603 vs Ref=95330 | Close=816.30 vs VAH=835.55
2026-02-02 12:11:40,483 [INFO]     NSE:DLF-EQ | CVD=114843 vs Ref=49671 | Close=617.50 vs VAH=619.60
2026-02-02 12:11:42,254 [INFO]     NSE:OIL-EQ | CVD=-75496 vs Ref=116885 | Close=477.90 vs VAH=480.90
2026-02-02 12:11:44,013 [INFO]     NSE:COALINDIA-EQ | CVD=1218073 vs Ref=2495 | Close=415.35 vs VAH=417.80
2026-02-02 12:11:45,575 [INFO]     NSE:JSWENERGY-EQ | CVD=-182383 vs Ref=3921 | Close=443.50 vs VAH=447.80
2026-02-02 12:11:47,316 [INFO]     NSE:NATIONALUM-EQ | CVD=1196170 vs Ref=1364212 | Close=357.65 vs VAH=367.15
2026-02-02 12:11:48,871 [INFO]     NSE:PFC-EQ | CVD=-948300 vs Ref=0 | Close=382.05 vs VAH=385.65
2026-02-02 12:11:50,457 [INFO]     NSE:RECLTD-EQ | CVD=696464 vs Ref=192310 | Close=358.75 vs VAH=366.00
2026-02-02 12:11:52,138 [INFO]     NSE:TATAPOWER-EQ | CVD=-288463 vs Ref=22693 | Close=350.55 vs VAH=355.20
2026-02-02 12:11:53,884 [INFO]     NSE:NTPC-EQ | CVD=605058 vs Ref=510002 | Close=345.95 vs VAH=346.80
2026-02-02 12:11:55,691 [INFO]     NSE:PETRONET-EQ | CVD=982853 vs Ref=20161 | Close=283.85 vs VAH=285.10
2026-02-02 12:11:57,504 [INFO]     NSE:MANAPPURAM-EQ | CVD=-413453 vs Ref=98130 | Close=261.85 vs VAH=269.55
2026-02-02 12:11:59,370 [INFO]     NSE:LTF-EQ | CVD=-200076 vs Ref=98102 | Close=270.60 vs VAH=276.00
2026-02-02 12:12:01,103 [INFO]     NSE:HUDCO-EQ | CVD=-695920 vs Ref=1361 | Close=179.80 vs VAH=186.90
2026-02-02 12:12:03,197 [INFO]     NSE:GAIL-EQ | CVD=-2149620 vs Ref=1741 | Close=159.56 vs VAH=161.40
2026-02-02 12:12:05,096 [INFO] 🚀 [BUY ALERT] NSE:CANBK-EQ (5min) triggered at 12:05!
2026-02-02 12:12:05,098 [INFO]     ✅ Price: 143.63 > FRVP VAH: 140.80
2026-02-02 12:12:05,100 [INFO]     ✅ CVD:   2732672 > CVD Ref:  170019
2026-02-02 12:12:05,102 [INFO]     NSE:CANBK-EQ | CVD=2732672 vs Ref=170019 | Close=143.63 vs VAH=140.80
2026-02-02 12:12:07,144 [INFO]     NSE:SAMMAANCAP-EQ | CVD=8472 vs Ref=597206 | Close=141.70 vs VAH=144.90
2026-02-02 12:12:13,979 [INFO] 🔍 Scanning for alerts on 2 symbols (5min)...
2026-02-02 12:12:15,649 [INFO]     NSE:HINDZINC-EQ | CVD=-492825 vs Ref=1657045 | Close=573.20 vs VAH=590.25
2026-02-02 12:12:17,293 [INFO]     NSE:PETRONET-EQ | CVD=982853 vs Ref=20161 | Close=283.85 vs VAH=285.10
2026-02-02 12:12:34,431 [INFO] 🔍 Scanning for alerts on 7 symbols (5min)...
2026-02-02 12:12:36,395 [INFO] 🔍 Scanning for alerts on 4 symbols (5min)...
2026-02-02 12:12:36,614 [INFO]     NSE:TORNTPHARM-EQ | CVD=-11599 vs Ref=-12212 | Close=3926.00 vs VAL=3939.75
2026-02-02 12:12:38,490 [INFO]     NSE:TORNTPHARM-EQ | CVD=-11599 vs Ref=-12212 | Close=3926.00 vs VAL=3939.75
2026-02-02 12:12:38,701 [INFO]     NSE:KAYNES-EQ | CVD=131541 vs Ref=-99061 | Close=3433.30 vs VAL=3444.00
2026-02-02 12:12:40,292 [INFO]     NSE:PIIND-EQ | CVD=-3070 vs Ref=-17103 | Close=3018.80 vs VAL=3049.50
2026-02-02 12:12:40,472 [INFO]     NSE:PIIND-EQ | CVD=-3070 vs Ref=-17103 | Close=3018.80 vs VAL=3049.50
2026-02-02 12:12:42,013 [INFO]     NSE:CHOLAFIN-EQ | CVD=174811 vs Ref=-79867 | Close=1554.40 vs VAL=1526.80
2026-02-02 12:12:42,147 [INFO]     NSE:HINDUNILVR-EQ | CVD=96998 vs Ref=-17753 | Close=2335.90 vs VAL=2318.40
2026-02-02 12:12:43,788 [INFO]     NSE:IDFCFIRSTB-EQ | CVD=4840904 vs Ref=-243483 | Close=79.50 vs VAL=79.70
2026-02-02 12:12:43,957 [INFO]     NSE:CHOLAFIN-EQ | CVD=174811 vs Ref=-79867 | Close=1554.40 vs VAL=1526.80
2026-02-02 12:12:45,563 [INFO]     NSE:MAXHEALTH-EQ | CVD=167394 vs Ref=-26629 | Close=947.50 vs VAL=947.00
2026-02-02 12:12:47,176 [INFO]     NSE:IDFCFIRSTB-EQ | CVD=4840904 vs Ref=-243483 | Close=79.50 vs VAL=79.70
2026-02-02 12:13:07,149 [INFO] 🔍 Scanning for alerts on 21 symbols (5min)...
2026-02-02 12:13:08,762 [INFO]     NSE:POWERINDIA-EQ | CVD=-12187 vs Ref=1496 | Close=18549.00 vs VAH=18564.00
2026-02-02 12:13:10,325 [INFO]     NSE:MCX-EQ | CVD=-756893 vs Ref=58658 | Close=2181.90 vs VAH=2234.40
2026-02-02 12:13:12,130 [INFO]     NSE:GODREJPROP-EQ | CVD=-25616 vs Ref=25814 | Close=1527.00 vs VAH=1540.80
2026-02-02 12:13:13,610 [INFO]     NSE:JINDALSTEL-EQ | CVD=275745 vs Ref=4003 | Close=1090.90 vs VAH=1107.90
2026-02-02 12:13:15,153 [INFO]     NSE:HINDALCO-EQ | CVD=-25058 vs Ref=493502 | Close=905.00 vs VAH=913.80
2026-02-02 12:13:17,084 [INFO]     NSE:INDIANB-EQ | CVD=296603 vs Ref=95330 | Close=816.30 vs VAH=835.55
2026-02-02 12:13:17,298 [INFO] 🔍 Scanning for alerts on 2 symbols (5min)...
2026-02-02 12:13:19,036 [INFO]     NSE:DLF-EQ | CVD=114843 vs Ref=49671 | Close=617.50 vs VAH=619.60
2026-02-02 12:13:19,339 [INFO]     NSE:HINDZINC-EQ | CVD=-492825 vs Ref=1657045 | Close=573.20 vs VAH=590.25
2026-02-02 12:13:20,776 [INFO]     NSE:OIL-EQ | CVD=-75496 vs Ref=116885 | Close=477.90 vs VAH=480.90
2026-02-02 12:13:21,171 [INFO]     NSE:PETRONET-EQ | CVD=982853 vs Ref=20161 | Close=283.85 vs VAH=285.10
2026-02-02 12:13:22,595 [INFO]     NSE:COALINDIA-EQ | CVD=1218073 vs Ref=2495 | Close=415.35 vs VAH=417.80
2026-02-02 12:13:24,990 [INFO]     NSE:JSWENERGY-EQ | CVD=-182383 vs Ref=3921 | Close=443.50 vs VAH=447.80
2026-02-02 12:13:26,888 [INFO]     NSE:NATIONALUM-EQ | CVD=1196170 vs Ref=1364212 | Close=357.65 vs VAH=367.15
2026-02-02 12:13:28,437 [INFO]     NSE:PFC-EQ | CVD=-948300 vs Ref=0 | Close=382.05 vs VAH=385.65
2026-02-02 12:13:30,255 [INFO]     NSE:RECLTD-EQ | CVD=696464 vs Ref=192310 | Close=358.75 vs VAH=366.00
2026-02-02 12:13:31,905 [INFO]     NSE:TATAPOWER-EQ | CVD=-288463 vs Ref=22693 | Close=350.55 vs VAH=355.20
2026-02-02 12:13:33,482 [INFO]     NSE:NTPC-EQ | CVD=605058 vs Ref=510002 | Close=345.95 vs VAH=346.80
2026-02-02 12:13:35,110 [INFO]     NSE:PETRONET-EQ | CVD=982853 vs Ref=20161 | Close=283.85 vs VAH=285.10
2026-02-02 12:13:36,684 [INFO]     NSE:MANAPPURAM-EQ | CVD=-413453 vs Ref=98130 | Close=261.85 vs VAH=269.55
2026-02-02 12:13:38,226 [INFO]     NSE:LTF-EQ | CVD=-200076 vs Ref=98102 | Close=270.60 vs VAH=276.00
2026-02-02 12:13:39,805 [INFO]     NSE:HUDCO-EQ | CVD=-695920 vs Ref=1361 | Close=179.80 vs VAH=186.90
2026-02-02 12:13:41,319 [INFO]     NSE:GAIL-EQ | CVD=-2149620 vs Ref=1741 | Close=159.56 vs VAH=161.40
2026-02-02 12:13:42,989 [INFO]     NSE:SAMMAANCAP-EQ | CVD=8472 vs Ref=597206 | Close=141.70 vs VAH=144.90
2026-02-02 12:13:43,792 [INFO] 🔍 Scanning for alerts on 4 symbols (5min)...
2026-02-02 12:13:45,702 [INFO]     NSE:TORNTPHARM-EQ | CVD=-11599 vs Ref=-12212 | Close=3926.00 vs VAL=3939.75
2026-02-02 12:13:47,180 [INFO] 🔍 Scanning for alerts on 7 symbols (5min)...
2026-02-02 12:13:47,486 [INFO]     NSE:PIIND-EQ | CVD=-3070 vs Ref=-17103 | Close=3018.80 vs VAL=3049.50
2026-02-02 12:13:48,884 [INFO]     NSE:TORNTPHARM-EQ | CVD=-11599 vs Ref=-12212 | Close=3926.00 vs VAL=3939.75
2026-02-02 12:13:49,171 [INFO]     NSE:CHOLAFIN-EQ | CVD=174811 vs Ref=-79867 | Close=1554.40 vs VAL=1526.80
2026-02-02 12:13:50,545 [INFO]     NSE:KAYNES-EQ | CVD=131541 vs Ref=-99061 | Close=3433.30 vs VAL=3444.00
2026-02-02 12:13:50,804 [INFO]     NSE:IDFCFIRSTB-EQ | CVD=4840904 vs Ref=-243483 | Close=79.50 vs VAL=79.70
2026-02-02 12:13:52,082 [INFO]     NSE:PIIND-EQ | CVD=-3070 vs Ref=-17103 | Close=3018.80 vs VAL=3049.50
2026-02-02 12:13:53,477 [INFO]     NSE:HINDUNILVR-EQ | CVD=96998 vs Ref=-17753 | Close=2335.90 vs VAL=2318.40
2026-02-02 12:13:54,987 [INFO]     NSE:CHOLAFIN-EQ | CVD=174811 vs Ref=-79867 | Close=1554.40 vs VAL=1526.80
2026-02-02 12:13:56,491 [INFO]     NSE:MAXHEALTH-EQ | CVD=167394 vs Ref=-26629 | Close=947.50 vs VAL=947.00
2026-02-02 12:13:58,005 [INFO]     NSE:IDFCFIRSTB-EQ | CVD=4840904 vs Ref=-243483 | Close=79.50 vs VAL=79.70
2026-02-02 12:14:21,176 [INFO] 🔍 Scanning for alerts on 2 symbols (5min)...
2026-02-02 12:14:23,049 [INFO]     NSE:HINDZINC-EQ | CVD=-492825 vs Ref=1657045 | Close=573.20 vs VAH=590.25
2026-02-02 12:14:25,604 [INFO]     NSE:PETRONET-EQ | CVD=982853 vs Ref=20161 | Close=283.85 vs VAH=285.10
2026-02-02 12:14:42,995 [INFO] 🔍 Scanning for alerts on 21 symbols (5min)...
2026-02-02 12:14:44,454 [INFO]     NSE:POWERINDIA-EQ | CVD=-12187 vs Ref=1496 | Close=18549.00 vs VAH=18564.00
2026-02-02 12:14:45,861 [INFO]     NSE:MCX-EQ | CVD=-756893 vs Ref=58658 | Close=2181.90 vs VAH=2234.40
2026-02-02 12:14:47,339 [INFO]     NSE:GODREJPROP-EQ | CVD=-25616 vs Ref=25814 | Close=1527.00 vs VAH=1540.80
2026-02-02 12:14:48,712 [INFO]     NSE:JINDALSTEL-EQ | CVD=275745 vs Ref=4003 | Close=1090.90 vs VAH=1107.90
2026-02-02 12:14:50,211 [INFO]     NSE:HINDALCO-EQ | CVD=-25058 vs Ref=493502 | Close=905.00 vs VAH=913.80
2026-02-02 12:14:50,807 [INFO] 🔍 Scanning for alerts on 4 symbols (5min)...
2026-02-02 12:14:51,768 [INFO]     NSE:INDIANB-EQ | CVD=296603 vs Ref=95330 | Close=816.30 vs VAH=835.55
2026-02-02 12:14:52,278 [INFO]     NSE:TORNTPHARM-EQ | CVD=-11599 vs Ref=-12212 | Close=3926.00 vs VAL=3939.75
2026-02-02 12:14:53,212 [INFO]     NSE:DLF-EQ | CVD=114843 vs Ref=49671 | Close=617.50 vs VAH=619.60
2026-02-02 12:14:53,836 [INFO]     NSE:PIIND-EQ | CVD=-3070 vs Ref=-17103 | Close=3018.80 vs VAL=3049.50
2026-02-02 12:14:54,802 [INFO]     NSE:OIL-EQ | CVD=-75496 vs Ref=116885 | Close=477.90 vs VAH=480.90
2026-02-02 12:14:55,462 [INFO]     NSE:CHOLAFIN-EQ | CVD=174811 vs Ref=-79867 | Close=1554.40 vs VAL=1526.80
2026-02-02 12:14:56,532 [INFO]     NSE:COALINDIA-EQ | CVD=1218073 vs Ref=2495 | Close=415.35 vs VAH=417.80
2026-02-02 12:14:57,186 [INFO]     NSE:IDFCFIRSTB-EQ | CVD=4840904 vs Ref=-243483 | Close=79.50 vs VAL=79.70
2026-02-02 12:14:58,009 [INFO] 🔍 Scanning for alerts on 7 symbols (5min)...
2026-02-02 12:14:58,178 [INFO]     NSE:JSWENERGY-EQ | CVD=-182383 vs Ref=3921 | Close=443.50 vs VAH=447.80
2026-02-02 12:14:59,527 [INFO]     NSE:TORNTPHARM-EQ | CVD=-11599 vs Ref=-12212 | Close=3926.00 vs VAL=3939.75
2026-02-02 12:14:59,779 [INFO]     NSE:NATIONALUM-EQ | CVD=1196170 vs Ref=1364212 | Close=357.65 vs VAH=367.15
2026-02-02 12:15:01,462 [INFO]     NSE:KAYNES-EQ | CVD=131541 vs Ref=-99061 | Close=3433.30 vs VAL=3444.00
2026-02-02 12:15:01,764 [INFO]     NSE:PFC-EQ | CVD=-948300 vs Ref=0 | Close=382.05 vs VAH=385.65
2026-02-02 12:15:03,700 [INFO]     NSE:PIIND-EQ | CVD=-3070 vs Ref=-17103 | Close=3018.80 vs VAL=3049.50
2026-02-02 12:15:03,734 [INFO]     NSE:RECLTD-EQ | CVD=696464 vs Ref=192310 | Close=358.75 vs VAH=366.00
2026-02-02 12:15:05,428 [INFO]     NSE:TATAPOWER-EQ | CVD=-288463 vs Ref=22693 | Close=350.55 vs VAH=355.20
2026-02-02 12:15:05,487 [INFO]     NSE:HINDUNILVR-EQ | CVD=96998 vs Ref=-17753 | Close=2335.90 vs VAL=2318.40
2026-02-02 12:15:07,652 [INFO]     NSE:NTPC-EQ | CVD=605058 vs Ref=510002 | Close=345.95 vs VAH=346.80
2026-02-02 12:15:07,929 [INFO]     NSE:CHOLAFIN-EQ | CVD=174811 vs Ref=-79867 | Close=1554.40 vs VAL=1526.80
2026-02-02 12:15:10,063 [INFO]     NSE:PETRONET-EQ | CVD=982853 vs Ref=20161 | Close=283.85 vs VAH=285.10
2026-02-02 12:15:10,227 [INFO]     NSE:MAXHEALTH-EQ | CVD=167394 vs Ref=-26629 | Close=947.50 vs VAL=947.00
2026-02-02 12:15:11,697 [INFO]     NSE:MANAPPURAM-EQ | CVD=-413453 vs Ref=98130 | Close=261.85 vs VAH=269.55
2026-02-02 12:15:11,784 [INFO]     NSE:IDFCFIRSTB-EQ | CVD=4840904 vs Ref=-243483 | Close=79.50 vs VAL=79.70
2026-02-02 12:15:13,213 [INFO]     NSE:LTF-EQ | CVD=-200076 vs Ref=98102 | Close=270.60 vs VAH=276.00
2026-02-02 12:15:14,748 [INFO]     NSE:HUDCO-EQ | CVD=-695920 vs Ref=1361 | Close=179.80 vs VAH=186.90
2026-02-02 12:15:16,105 [INFO]     NSE:GAIL-EQ | CVD=-2149620 vs Ref=1741 | Close=159.56 vs VAH=161.40
2026-02-02 12:15:17,618 [INFO]     NSE:SAMMAANCAP-EQ | CVD=8472 vs Ref=597206 | Close=141.70 vs VAH=144.90
2026-02-02 12:15:25,609 [INFO] 🔍 Scanning for alerts on 2 symbols (5min)...
2026-02-02 12:15:27,500 [INFO]     NSE:HINDZINC-EQ | CVD=-492825 vs Ref=1657045 | Close=573.20 vs VAH=590.25
2026-02-02 12:15:29,126 [INFO]     NSE:PETRONET-EQ | CVD=982853 vs Ref=20161 | Close=283.85 vs VAH=285.10
2026-02-02 12:15:57,189 [INFO] 🔍 Scanning for alerts on 4 symbols (5min)...
2026-02-02 12:15:58,600 [INFO]     NSE:TORNTPHARM-EQ | CVD=-11599 vs Ref=-12212 | Close=3926.00 vs VAL=3939.75
2026-02-02 12:16:00,179 [INFO]     NSE:PIIND-EQ | CVD=-3070 vs Ref=-17103 | Close=3018.80 vs VAL=3049.50
2026-02-02 12:16:02,201 [INFO]     NSE:CHOLAFIN-EQ | CVD=174811 vs Ref=-79867 | Close=1554.40 vs VAL=1526.80
2026-02-02 12:16:04,093 [INFO]     NSE:IDFCFIRSTB-EQ | CVD=4906557 vs Ref=-243483 | Close=79.50 vs VAL=79.70
2026-02-02 12:16:11,788 [INFO] 🔍 Scanning for alerts on 7 symbols (5min)...
2026-02-02 12:16:13,213 [INFO]     NSE:TORNTPHARM-EQ | CVD=-10714 vs Ref=-12212 | Close=3933.70 vs VAL=3939.75
2026-02-02 12:16:14,762 [INFO]     NSE:KAYNES-EQ | CVD=120576 vs Ref=-99061 | Close=3432.00 vs VAL=3444.00
2026-02-02 12:16:16,433 [INFO]     NSE:PIIND-EQ | CVD=-3109 vs Ref=-17103 | Close=3021.80 vs VAL=3049.50
2026-02-02 12:16:17,622 [INFO] 🔍 Scanning for alerts on 21 symbols (5min)...
2026-02-02 12:16:18,082 [INFO]     NSE:HINDUNILVR-EQ | CVD=101362 vs Ref=-17753 | Close=2342.00 vs VAL=2318.40
2026-02-02 12:16:19,341 [INFO]     NSE:POWERINDIA-EQ | CVD=-11994 vs Ref=1496 | Close=18574.00 vs VAH=18564.00
2026-02-02 12:16:19,793 [INFO]     NSE:CHOLAFIN-EQ | CVD=191296 vs Ref=-79867 | Close=1558.20 vs VAL=1526.80
2026-02-02 12:16:20,899 [INFO]     NSE:MCX-EQ | CVD=-708917 vs Ref=58658 | Close=2192.80 vs VAH=2234.40
2026-02-02 12:16:21,295 [INFO]     NSE:MAXHEALTH-EQ | CVD=166563 vs Ref=-26629 | Close=947.50 vs VAL=947.00
2026-02-02 12:16:22,360 [INFO]     NSE:GODREJPROP-EQ | CVD=-23220 vs Ref=25814 | Close=1529.70 vs VAH=1540.80
2026-02-02 12:16:23,147 [INFO]     NSE:IDFCFIRSTB-EQ | CVD=4906557 vs Ref=-243483 | Close=79.50 vs VAL=79.70
2026-02-02 12:16:24,917 [INFO]     NSE:JINDALSTEL-EQ | CVD=278519 vs Ref=4003 | Close=1094.40 vs VAH=1107.90
2026-02-02 12:16:27,432 [INFO]     NSE:HINDALCO-EQ | CVD=-29212 vs Ref=493502 | Close=905.30 vs VAH=913.80
2026-02-02 12:16:29,130 [INFO] 🔍 Scanning for alerts on 2 symbols (5min)...
2026-02-02 12:16:29,358 [INFO]     NSE:INDIANB-EQ | CVD=295832 vs Ref=95330 | Close=816.95 vs VAH=835.55
2026-02-02 12:16:31,071 [INFO]     NSE:HINDZINC-EQ | CVD=-679173 vs Ref=1657045 | Close=574.00 vs VAH=590.25
2026-02-02 12:16:31,168 [INFO] 🚀 [BUY ALERT] NSE:DLF-EQ (5min) triggered at 12:10!
2026-02-02 12:16:31,170 [INFO]     ✅ Price: 619.70 > FRVP VAH: 619.60
2026-02-02 12:16:31,171 [INFO]     ✅ CVD:   124312 > CVD Ref:  49671
2026-02-02 12:16:31,173 [INFO]     NSE:DLF-EQ | CVD=124312 vs Ref=49671 | Close=619.70 vs VAH=619.60
2026-02-02 12:16:33,310 [INFO]     NSE:OIL-EQ | CVD=-77878 vs Ref=116885 | Close=478.10 vs VAH=480.90
2026-02-02 12:16:33,398 [INFO]     NSE:PETRONET-EQ | CVD=981515 vs Ref=20161 | Close=284.90 vs VAH=285.10
2026-02-02 12:16:35,055 [INFO]     NSE:COALINDIA-EQ | CVD=1236129 vs Ref=2495 | Close=416.60 vs VAH=417.80
2026-02-02 12:16:36,599 [INFO]     NSE:JSWENERGY-EQ | CVD=-182439 vs Ref=3921 | Close=443.60 vs VAH=447.80
2026-02-02 12:16:38,097 [INFO]     NSE:NATIONALUM-EQ | CVD=1039635 vs Ref=1364212 | Close=356.45 vs VAH=367.15
2026-02-02 12:16:39,470 [INFO]     NSE:PFC-EQ | CVD=-1026543 vs Ref=0 | Close=381.20 vs VAH=385.65
2026-02-02 12:16:40,849 [INFO]     NSE:RECLTD-EQ | CVD=720065 vs Ref=192310 | Close=358.40 vs VAH=366.00
2026-02-02 12:16:42,401 [INFO]     NSE:TATAPOWER-EQ | CVD=-311039 vs Ref=22693 | Close=350.35 vs VAH=355.20
2026-02-02 12:16:43,791 [INFO]     NSE:NTPC-EQ | CVD=607688 vs Ref=510002 | Close=346.00 vs VAH=346.80
2026-02-02 12:16:45,324 [INFO]     NSE:PETRONET-EQ | CVD=981515 vs Ref=20161 | Close=284.90 vs VAH=285.10
2026-02-02 12:16:46,809 [INFO]     NSE:MANAPPURAM-EQ | CVD=-376028 vs Ref=98130 | Close=261.40 vs VAH=269.55
2026-02-02 12:16:48,251 [INFO]     NSE:LTF-EQ | CVD=-206274 vs Ref=98102 | Close=270.95 vs VAH=276.00
2026-02-02 12:16:49,686 [INFO]     NSE:HUDCO-EQ | CVD=-713346 vs Ref=1361 | Close=179.78 vs VAH=186.90
2026-02-02 12:16:51,092 [INFO]     NSE:GAIL-EQ | CVD=-2209744 vs Ref=1741 | Close=159.85 vs VAH=161.40
2026-02-02 12:16:52,566 [INFO]     NSE:SAMMAANCAP-EQ | CVD=11867 vs Ref=597206 | Close=141.68 vs VAH=144.90
2026-02-02 12:17:04,095 [INFO] 🔍 Scanning for alerts on 4 symbols (5min)...
2026-02-02 12:17:05,771 [INFO]     NSE:TORNTPHARM-EQ | CVD=-10714 vs Ref=-12212 | Close=3933.70 vs VAL=3939.75
2026-02-02 12:17:07,503 [INFO]     NSE:PIIND-EQ | CVD=-3109 vs Ref=-17103 | Close=3021.80 vs VAL=3049.50
2026-02-02 12:17:09,184 [INFO]     NSE:CHOLAFIN-EQ | CVD=191296 vs Ref=-79867 | Close=1558.20 vs VAL=1526.80
2026-02-02 12:17:11,077 [INFO]     NSE:IDFCFIRSTB-EQ | CVD=4906557 vs Ref=-243483 | Close=79.50 vs VAL=79.70
2026-02-02 12:17:23,152 [INFO] 🔍 Scanning for alerts on 7 symbols (5min)...
2026-02-02 12:17:25,507 [INFO]     NSE:TORNTPHARM-EQ | CVD=-10714 vs Ref=-12212 | Close=3933.70 vs VAL=3939.75
2026-02-02 12:17:27,582 [INFO]     NSE:KAYNES-EQ | CVD=120576 vs Ref=-99061 | Close=3432.00 vs VAL=3444.00
2026-02-02 12:17:29,336 [INFO]     NSE:PIIND-EQ | CVD=-3109 vs Ref=-17103 | Close=3021.80 vs VAL=3049.50
2026-02-02 12:17:30,866 [INFO]     NSE:HINDUNILVR-EQ | CVD=101362 vs Ref=-17753 | Close=2342.00 vs VAL=2318.40
2026-02-02 12:17:32,310 [INFO]     NSE:CHOLAFIN-EQ | CVD=191296 vs Ref=-79867 | Close=1558.20 vs VAL=1526.80
2026-02-02 12:17:33,402 [INFO] 🔍 Scanning for alerts on 2 symbols (5min)...
2026-02-02 12:17:33,750 [INFO]     NSE:MAXHEALTH-EQ | CVD=166563 vs Ref=-26629 | Close=947.50 vs VAL=947.00
2026-02-02 12:17:35,097 [INFO]     NSE:HINDZINC-EQ | CVD=-679173 vs Ref=1657045 | Close=574.00 vs VAH=590.25
2026-02-02 12:17:35,337 [INFO]     NSE:IDFCFIRSTB-EQ | CVD=4906557 vs Ref=-243483 | Close=79.50 vs VAL=79.70
2026-02-02 12:17:36,540 [INFO]     NSE:PETRONET-EQ | CVD=981515 vs Ref=20161 | Close=284.90 vs VAH=285.10
2026-02-02 12:17:52,570 [INFO] 🔍 Scanning for alerts on 20 symbols (5min)...
2026-02-02 12:17:53,960 [INFO]     NSE:POWERINDIA-EQ | CVD=-11994 vs Ref=1496 | Close=18574.00 vs VAH=18564.00
2026-02-02 12:17:55,370 [INFO]     NSE:MCX-EQ | CVD=-708917 vs Ref=58658 | Close=2192.80 vs VAH=2234.40
2026-02-02 12:17:56,823 [INFO]     NSE:GODREJPROP-EQ | CVD=-23220 vs Ref=25814 | Close=1529.70 vs VAH=1540.80
2026-02-02 12:17:58,193 [INFO]     NSE:JINDALSTEL-EQ | CVD=278519 vs Ref=4003 | Close=1094.40 vs VAH=1107.90
2026-02-02 12:17:59,654 [INFO]     NSE:HINDALCO-EQ | CVD=-29212 vs Ref=493502 | Close=905.30 vs VAH=913.80
2026-02-02 12:18:01,601 [INFO]     NSE:INDIANB-EQ | CVD=295832 vs Ref=95330 | Close=816.95 vs VAH=835.55
2026-02-02 12:18:03,923 [INFO]     NSE:OIL-EQ | CVD=-77878 vs Ref=116885 | Close=478.10 vs VAH=480.90
2026-02-02 12:18:06,212 [INFO]     NSE:COALINDIA-EQ | CVD=1236129 vs Ref=2495 | Close=416.60 vs VAH=417.80
2026-02-02 12:18:07,708 [INFO]     NSE:JSWENERGY-EQ | CVD=-182439 vs Ref=3921 | Close=443.60 vs VAH=447.80
2026-02-02 12:18:09,193 [INFO]     NSE:NATIONALUM-EQ | CVD=1039635 vs Ref=1364212 | Close=356.45 vs VAH=367.15
2026-02-02 12:18:10,722 [INFO]     NSE:PFC-EQ | CVD=-1026543 vs Ref=0 | Close=381.20 vs VAH=385.65
2026-02-02 12:18:11,079 [INFO] 🔍 Scanning for alerts on 4 symbols (5min)...
2026-02-02 12:18:12,422 [INFO]     NSE:RECLTD-EQ | CVD=720065 vs Ref=192310 | Close=358.40 vs VAH=366.00
2026-02-02 12:18:12,778 [INFO]     NSE:TORNTPHARM-EQ | CVD=-10714 vs Ref=-12212 | Close=3933.70 vs VAL=3939.75
2026-02-02 12:18:14,112 [INFO]     NSE:TATAPOWER-EQ | CVD=-311039 vs Ref=22693 | Close=350.35 vs VAH=355.20
2026-02-02 12:18:14,479 [INFO]     NSE:PIIND-EQ | CVD=-3109 vs Ref=-17103 | Close=3021.80 vs VAL=3049.50
2026-02-02 12:18:15,706 [INFO]     NSE:NTPC-EQ | CVD=607688 vs Ref=510002 | Close=346.00 vs VAH=346.80
2026-02-02 12:18:16,208 [INFO]     NSE:CHOLAFIN-EQ | CVD=191296 vs Ref=-79867 | Close=1558.20 vs VAL=1526.80
2026-02-02 12:18:17,518 [INFO]     NSE:PETRONET-EQ | CVD=981515 vs Ref=20161 | Close=284.90 vs VAH=285.10
2026-02-02 12:18:18,004 [INFO]     NSE:IDFCFIRSTB-EQ | CVD=4906557 vs Ref=-243483 | Close=79.50 vs VAL=79.70
2026-02-02 12:18:19,182 [INFO]     NSE:MANAPPURAM-EQ | CVD=-376028 vs Ref=98130 | Close=261.40 vs VAH=269.55
2026-02-02 12:18:20,755 [INFO]     NSE:LTF-EQ | CVD=-206274 vs Ref=98102 | Close=270.95 vs VAH=276.00
2026-02-02 12:18:22,262 [INFO]     NSE:HUDCO-EQ | CVD=-713346 vs Ref=1361 | Close=179.78 vs VAH=186.90
2026-02-02 12:18:24,480 [INFO]     NSE:GAIL-EQ | CVD=-2209744 vs Ref=1741 | Close=159.85 vs VAH=161.40
2026-02-02 12:18:26,697 [INFO]     NSE:SAMMAANCAP-EQ | CVD=11867 vs Ref=597206 | Close=141.68 vs VAH=144.90
2026-02-02 12:18:35,340 [INFO] 🔍 Scanning for alerts on 7 symbols (5min)...
2026-02-02 12:18:36,544 [INFO] 🔍 Scanning for alerts on 2 symbols (5min)...
2026-02-02 12:18:36,847 [INFO]     NSE:TORNTPHARM-EQ | CVD=-10714 vs Ref=-12212 | Close=3933.70 vs VAL=3939.75
2026-02-02 12:18:38,178 [INFO]     NSE:HINDZINC-EQ | CVD=-679173 vs Ref=1657045 | Close=574.00 vs VAH=590.25
2026-02-02 12:18:38,438 [INFO]     NSE:KAYNES-EQ | CVD=120576 vs Ref=-99061 | Close=3432.00 vs VAL=3444.00
2026-02-02 12:18:39,760 [INFO]     NSE:PETRONET-EQ | CVD=981515 vs Ref=20161 | Close=284.90 vs VAH=285.10
2026-02-02 12:18:40,035 [INFO]     NSE:PIIND-EQ | CVD=-3109 vs Ref=-17103 | Close=3021.80 vs VAL=3049.50
2026-02-02 12:18:41,464 [INFO]     NSE:HINDUNILVR-EQ | CVD=101362 vs Ref=-17753 | Close=2342.00 vs VAL=2318.40
2026-02-02 12:18:42,973 [INFO]     NSE:CHOLAFIN-EQ | CVD=191296 vs Ref=-79867 | Close=1558.20 vs VAL=1526.80
2026-02-02 12:18:44,703 [INFO]     NSE:MAXHEALTH-EQ | CVD=166563 vs Ref=-26629 | Close=947.50 vs VAL=947.00
2026-02-02 12:18:46,156 [INFO]     NSE:IDFCFIRSTB-EQ | CVD=4906557 vs Ref=-243483 | Close=79.50 vs VAL=79.70
2026-02-02 12:19:18,007 [INFO] 🔍 Scanning for alerts on 4 symbols (5min)...
2026-02-02 12:19:19,521 [INFO]     NSE:TORNTPHARM-EQ | CVD=-10714 vs Ref=-12212 | Close=3933.70 vs VAL=3939.75
2026-02-02 12:19:21,014 [INFO]     NSE:PIIND-EQ | CVD=-3109 vs Ref=-17103 | Close=3021.80 vs VAL=3049.50
2026-02-02 12:19:22,634 [INFO]     NSE:CHOLAFIN-EQ | CVD=191296 vs Ref=-79867 | Close=1558.20 vs VAL=1526.80
2026-02-02 12:19:25,033 [INFO]     NSE:IDFCFIRSTB-EQ | CVD=4906557 vs Ref=-243483 | Close=79.50 vs VAL=79.70
2026-02-02 12:19:26,702 [INFO] 🔍 Scanning for alerts on 20 symbols (5min)...
2026-02-02 12:19:28,414 [INFO]     NSE:POWERINDIA-EQ | CVD=-11994 vs Ref=1496 | Close=18574.00 vs VAH=18564.00
2026-02-02 12:19:29,960 [INFO]     NSE:MCX-EQ | CVD=-708917 vs Ref=58658 | Close=2192.80 vs VAH=2234.40
2026-02-02 12:19:31,632 [INFO]     NSE:GODREJPROP-EQ | CVD=-23220 vs Ref=25814 | Close=1529.70 vs VAH=1540.80
2026-02-02 12:19:33,228 [INFO]     NSE:JINDALSTEL-EQ | CVD=278519 vs Ref=4003 | Close=1094.40 vs VAH=1107.90
2026-02-02 12:19:34,752 [INFO]     NSE:HINDALCO-EQ | CVD=-29212 vs Ref=493502 | Close=905.30 vs VAH=913.80
2026-02-02 12:19:36,272 [INFO]     NSE:INDIANB-EQ | CVD=295832 vs Ref=95330 | Close=816.95 vs VAH=835.55
2026-02-02 12:19:37,780 [INFO]     NSE:OIL-EQ | CVD=-77878 vs Ref=116885 | Close=478.10 vs VAH=480.90
2026-02-02 12:19:39,310 [INFO]     NSE:COALINDIA-EQ | CVD=1236129 vs Ref=2495 | Close=416.60 vs VAH=417.80
2026-02-02 12:19:39,764 [INFO] 🔍 Scanning for alerts on 2 symbols (5min)...
2026-02-02 12:19:40,929 [INFO]     NSE:JSWENERGY-EQ | CVD=-182439 vs Ref=3921 | Close=443.60 vs VAH=447.80
2026-02-02 12:19:41,497 [INFO]     NSE:HINDZINC-EQ | CVD=-679173 vs Ref=1657045 | Close=574.00 vs VAH=590.25
2026-02-02 12:19:42,589 [INFO]     NSE:NATIONALUM-EQ | CVD=1039635 vs Ref=1364212 | Close=356.45 vs VAH=367.15
2026-02-02 12:19:43,083 [INFO]     NSE:PETRONET-EQ | CVD=981515 vs Ref=20161 | Close=284.90 vs VAH=285.10
2026-02-02 12:19:44,111 [INFO]     NSE:PFC-EQ | CVD=-1026543 vs Ref=0 | Close=381.20 vs VAH=385.65
2026-02-02 12:19:45,594 [INFO]     NSE:RECLTD-EQ | CVD=720065 vs Ref=192310 | Close=358.40 vs VAH=366.00
2026-02-02 12:19:46,160 [INFO] 🔍 Scanning for alerts on 7 symbols (5min)...
2026-02-02 12:19:47,083 [INFO]     NSE:TATAPOWER-EQ | CVD=-311039 vs Ref=22693 | Close=350.35 vs VAH=355.20
2026-02-02 12:19:47,634 [INFO]     NSE:TORNTPHARM-EQ | CVD=-10714 vs Ref=-12212 | Close=3933.70 vs VAL=3939.75
2026-02-02 12:19:48,592 [INFO]     NSE:NTPC-EQ | CVD=607688 vs Ref=510002 | Close=346.00 vs VAH=346.80
2026-02-02 12:19:49,227 [INFO]     NSE:KAYNES-EQ | CVD=120576 vs Ref=-99061 | Close=3432.00 vs VAL=3444.00
2026-02-02 12:19:50,278 [INFO]     NSE:PETRONET-EQ | CVD=981515 vs Ref=20161 | Close=284.90 vs VAH=285.10
2026-02-02 12:19:50,935 [INFO]     NSE:PIIND-EQ | CVD=-3109 vs Ref=-17103 | Close=3021.80 vs VAL=3049.50
2026-02-02 12:19:51,829 [INFO]     NSE:MANAPPURAM-EQ | CVD=-376028 vs Ref=98130 | Close=261.40 vs VAH=269.55
2026-02-02 12:19:52,392 [INFO]     NSE:HINDUNILVR-EQ | CVD=101362 vs Ref=-17753 | Close=2342.00 vs VAL=2318.40
2026-02-02 12:19:53,401 [INFO]     NSE:LTF-EQ | CVD=-206274 vs Ref=98102 | Close=270.95 vs VAH=276.00
2026-02-02 12:19:53,901 [INFO]     NSE:CHOLAFIN-EQ | CVD=191296 vs Ref=-79867 | Close=1558.20 vs VAL=1526.80
2026-02-02 12:19:54,940 [INFO]     NSE:HUDCO-EQ | CVD=-713346 vs Ref=1361 | Close=179.78 vs VAH=186.90
2026-02-02 12:19:55,340 [INFO]     NSE:MAXHEALTH-EQ | CVD=166563 vs Ref=-26629 | Close=947.50 vs VAL=947.00
2026-02-02 12:19:56,413 [INFO]     NSE:GAIL-EQ | CVD=-2209744 vs Ref=1741 | Close=159.85 vs VAH=161.40
2026-02-02 12:19:56,834 [INFO]     NSE:IDFCFIRSTB-EQ | CVD=4906557 vs Ref=-243483 | Close=79.50 vs VAL=79.70
2026-02-02 12:19:57,996 [INFO]     NSE:SAMMAANCAP-EQ | CVD=11867 vs Ref=597206 | Close=141.68 vs VAH=144.90
2026-02-02 12:20:25,038 [INFO] 🔍 Scanning for alerts on 4 symbols (5min)...
2026-02-02 12:20:26,687 [INFO]     NSE:TORNTPHARM-EQ | CVD=-10714 vs Ref=-12212 | Close=3933.70 vs VAL=3939.75
2026-02-02 12:20:28,433 [INFO]     NSE:PIIND-EQ | CVD=-3109 vs Ref=-17103 | Close=3021.80 vs VAL=3049.50
2026-02-02 12:20:30,240 [INFO]     NSE:CHOLAFIN-EQ | CVD=191296 vs Ref=-79867 | Close=1558.20 vs VAL=1526.80
2026-02-02 12:20:31,686 [INFO]     NSE:IDFCFIRSTB-EQ | CVD=4906557 vs Ref=-243483 | Close=79.50 vs VAL=79.70
2026-02-02 12:20:43,087 [INFO] 🔍 Scanning for alerts on 2 symbols (5min)...
2026-02-02 12:20:44,627 [INFO]     NSE:HINDZINC-EQ | CVD=-679173 vs Ref=1657045 | Close=574.00 vs VAH=590.25
2026-02-02 12:20:46,103 [INFO]     NSE:PETRONET-EQ | CVD=981515 vs Ref=20161 | Close=284.90 vs VAH=285.10
2026-02-02 12:20:56,838 [INFO] 🔍 Scanning for alerts on 7 symbols (5min)...
2026-02-02 12:20:58,000 [INFO] 🔍 Scanning for alerts on 20 symbols (5min)...
2026-02-02 12:20:58,494 [INFO]     NSE:TORNTPHARM-EQ | CVD=-10714 vs Ref=-12212 | Close=3933.70 vs VAL=3939.75
2026-02-02 12:20:59,642 [INFO]     NSE:POWERINDIA-EQ | CVD=-11994 vs Ref=1496 | Close=18574.00 vs VAH=18564.00
2026-02-02 12:21:00,094 [INFO]     NSE:KAYNES-EQ | CVD=120576 vs Ref=-99061 | Close=3432.00 vs VAL=3444.00
2026-02-02 12:21:01,320 [INFO]     NSE:MCX-EQ | CVD=-708917 vs Ref=58658 | Close=2192.80 vs VAH=2234.40
2026-02-02 12:21:02,145 [INFO]     NSE:PIIND-EQ | CVD=-3109 vs Ref=-17103 | Close=3021.80 vs VAL=3049.50
2026-02-02 12:21:03,370 [INFO]     NSE:GODREJPROP-EQ | CVD=-21002 vs Ref=25814 | Close=1528.40 vs VAH=1540.80
2026-02-02 12:21:04,096 [INFO]     NSE:HINDUNILVR-EQ | CVD=96605 vs Ref=-17753 | Close=2338.90 vs VAL=2318.40
2026-02-02 12:21:05,237 [INFO]     NSE:JINDALSTEL-EQ | CVD=277974 vs Ref=4003 | Close=1096.60 vs VAH=1107.90
2026-02-02 12:21:06,434 [INFO]     NSE:CHOLAFIN-EQ | CVD=197250 vs Ref=-79867 | Close=1560.10 vs VAL=1526.80
2026-02-02 12:21:07,429 [INFO]     NSE:HINDALCO-EQ | CVD=-310296 vs Ref=493502 | Close=900.05 vs VAH=913.80
2026-02-02 12:21:08,332 [INFO]     NSE:MAXHEALTH-EQ | CVD=191837 vs Ref=-26629 | Close=947.50 vs VAL=947.00
2026-02-02 12:21:09,049 [INFO]     NSE:INDIANB-EQ | CVD=308772 vs Ref=95330 | Close=817.05 vs VAH=835.55
2026-02-02 12:21:09,904 [INFO]     NSE:IDFCFIRSTB-EQ | CVD=4996107 vs Ref=-243483 | Close=79.49 vs VAL=79.70
2026-02-02 12:21:10,500 [INFO]     NSE:OIL-EQ | CVD=-83994 vs Ref=116885 | Close=477.95 vs VAH=480.90
2026-02-02 12:21:12,008 [INFO]     NSE:COALINDIA-EQ | CVD=1194271 vs Ref=2495 | Close=416.35 vs VAH=417.80
2026-02-02 12:21:13,398 [INFO]     NSE:JSWENERGY-EQ | CVD=-183960 vs Ref=3921 | Close=444.55 vs VAH=447.80
2026-02-02 12:21:14,813 [INFO]     NSE:NATIONALUM-EQ | CVD=1157195 vs Ref=1364212 | Close=358.45 vs VAH=367.15
2026-02-02 12:21:16,205 [INFO]     NSE:PFC-EQ | CVD=-1026642 vs Ref=0 | Close=380.70 vs VAH=385.65
2026-02-02 12:21:17,634 [INFO]     NSE:RECLTD-EQ | CVD=676641 vs Ref=192310 | Close=358.00 vs VAH=366.00
2026-02-02 12:21:19,142 [INFO]     NSE:TATAPOWER-EQ | CVD=-301630 vs Ref=22693 | Close=350.40 vs VAH=355.20
2026-02-02 12:21:20,746 [INFO]     NSE:NTPC-EQ | CVD=695260 vs Ref=510002 | Close=346.75 vs VAH=346.80
2026-02-02 12:21:22,555 [INFO]     NSE:PETRONET-EQ | CVD=960961 vs Ref=20161 | Close=284.80 vs VAH=285.10
2026-02-02 12:21:24,948 [INFO]     NSE:MANAPPURAM-EQ | CVD=-251802 vs Ref=98130 | Close=262.30 vs VAH=269.55
2026-02-02 12:21:26,742 [INFO]     NSE:LTF-EQ | CVD=-198821 vs Ref=98102 | Close=270.55 vs VAH=276.00
2026-02-02 12:21:28,303 [INFO]     NSE:HUDCO-EQ | CVD=-580930 vs Ref=1361 | Close=179.38 vs VAH=186.90
2026-02-02 12:21:29,759 [INFO]     NSE:GAIL-EQ | CVD=-2225814 vs Ref=1741 | Close=159.53 vs VAH=161.40
2026-02-02 12:21:31,255 [INFO]     NSE:SAMMAANCAP-EQ | CVD=9972 vs Ref=597206 | Close=141.84 vs VAH=144.90
2026-02-02 12:21:31,691 [INFO] 🔍 Scanning for alerts on 4 symbols (5min)...
2026-02-02 12:21:33,285 [INFO]     NSE:TORNTPHARM-EQ | CVD=-11491 vs Ref=-12212 | Close=3932.10 vs VAL=3939.75
2026-02-02 12:21:35,184 [INFO]     NSE:PIIND-EQ | CVD=-2388 vs Ref=-17103 | Close=3020.60 vs VAL=3049.50
2026-02-02 12:21:36,734 [INFO]     NSE:CHOLAFIN-EQ | CVD=197250 vs Ref=-79867 | Close=1560.10 vs VAL=1526.80
2026-02-02 12:21:38,136 [INFO]     NSE:IDFCFIRSTB-EQ | CVD=4996107 vs Ref=-243483 | Close=79.49 vs VAL=79.70
2026-02-02 12:21:46,106 [INFO] 🔍 Scanning for alerts on 2 symbols (5min)...
2026-02-02 12:21:47,604 [INFO]     NSE:HINDZINC-EQ | CVD=-732957 vs Ref=1657045 | Close=575.00 vs VAH=590.25
2026-02-02 12:21:49,101 [INFO]     NSE:PETRONET-EQ | CVD=960961 vs Ref=20161 | Close=284.80 vs VAH=285.10
2026-02-02 12:22:09,909 [INFO] 🔍 Scanning for alerts on 7 symbols (5min)...
2026-02-02 12:22:11,422 [INFO]     NSE:TORNTPHARM-EQ | CVD=-11491 vs Ref=-12212 | Close=3932.10 vs VAL=3939.75
2026-02-02 12:22:12,927 [INFO]     NSE:KAYNES-EQ | CVD=112066 vs Ref=-99061 | Close=3425.20 vs VAL=3444.00
2026-02-02 12:22:14,475 [INFO]     NSE:PIIND-EQ | CVD=-2388 vs Ref=-17103 | Close=3020.60 vs VAL=3049.50
2026-02-02 12:22:15,939 [INFO]     NSE:HINDUNILVR-EQ | CVD=96605 vs Ref=-17753 | Close=2338.90 vs VAL=2318.40
2026-02-02 12:22:17,422 [INFO]     NSE:CHOLAFIN-EQ | CVD=197250 vs Ref=-79867 | Close=1560.10 vs VAL=1526.80
2026-02-02 12:22:18,793 [INFO]     NSE:MAXHEALTH-EQ | CVD=191837 vs Ref=-26629 | Close=947.50 vs VAL=947.00
2026-02-02 12:22:20,149 [INFO]     NSE:IDFCFIRSTB-EQ | CVD=4996107 vs Ref=-243483 | Close=79.49 vs VAL=79.70
2026-02-02 12:22:31,261 [INFO] 🔍 Scanning for alerts on 20 symbols (5min)...
2026-02-02 12:22:32,676 [INFO]     NSE:POWERINDIA-EQ | CVD=-12303 vs Ref=1496 | Close=18567.00 vs VAH=18564.00
2026-02-02 12:22:34,201 [INFO]     NSE:MCX-EQ | CVD=-728556 vs Ref=58658 | Close=2188.80 vs VAH=2234.40
2026-02-02 12:22:35,772 [INFO]     NSE:GODREJPROP-EQ | CVD=-21002 vs Ref=25814 | Close=1528.40 vs VAH=1540.80
2026-02-02 12:22:37,566 [INFO]     NSE:JINDALSTEL-EQ | CVD=277974 vs Ref=4003 | Close=1096.60 vs VAH=1107.90
2026-02-02 12:22:38,140 [INFO] 🔍 Scanning for alerts on 4 symbols (5min)...
2026-02-02 12:22:39,171 [INFO]     NSE:HINDALCO-EQ | CVD=-310296 vs Ref=493502 | Close=900.05 vs VAH=913.80
2026-02-02 12:22:39,741 [INFO]     NSE:TORNTPHARM-EQ | CVD=-11491 vs Ref=-12212 | Close=3932.10 vs VAL=3939.75
2026-02-02 12:22:40,865 [INFO]     NSE:INDIANB-EQ | CVD=308772 vs Ref=95330 | Close=817.05 vs VAH=835.55
2026-02-02 12:22:41,400 [INFO]     NSE:PIIND-EQ | CVD=-2388 vs Ref=-17103 | Close=3020.60 vs VAL=3049.50
2026-02-02 12:22:42,326 [INFO]     NSE:OIL-EQ | CVD=-83994 vs Ref=116885 | Close=477.95 vs VAH=480.90
2026-02-02 12:22:42,907 [INFO]     NSE:CHOLAFIN-EQ | CVD=197250 vs Ref=-79867 | Close=1560.10 vs VAL=1526.80
2026-02-02 12:22:43,920 [INFO]     NSE:COALINDIA-EQ | CVD=1194271 vs Ref=2495 | Close=416.35 vs VAH=417.80
2026-02-02 12:22:44,572 [INFO]     NSE:IDFCFIRSTB-EQ | CVD=4996107 vs Ref=-243483 | Close=79.49 vs VAL=79.70
2026-02-02 12:22:45,416 [INFO]     NSE:JSWENERGY-EQ | CVD=-183960 vs Ref=3921 | Close=444.55 vs VAH=447.80
2026-02-02 12:22:46,868 [INFO]     NSE:NATIONALUM-EQ | CVD=1157195 vs Ref=1364212 | Close=358.45 vs VAH=367.15
2026-02-02 12:22:48,288 [INFO]     NSE:PFC-EQ | CVD=-1026642 vs Ref=0 | Close=380.70 vs VAH=385.65
2026-02-02 12:22:49,105 [INFO] 🔍 Scanning for alerts on 2 symbols (5min)...
2026-02-02 12:22:49,750 [INFO]     NSE:RECLTD-EQ | CVD=676641 vs Ref=192310 | Close=358.00 vs VAH=366.00
2026-02-02 12:22:50,683 [INFO]     NSE:HINDZINC-EQ | CVD=-732957 vs Ref=1657045 | Close=575.00 vs VAH=590.25
2026-02-02 12:22:51,332 [INFO]     NSE:TATAPOWER-EQ | CVD=-301630 vs Ref=22693 | Close=350.40 vs VAH=355.20
2026-02-02 12:22:52,332 [INFO]     NSE:PETRONET-EQ | CVD=960961 vs Ref=20161 | Close=284.80 vs VAH=285.10
2026-02-02 12:22:52,867 [INFO]     NSE:NTPC-EQ | CVD=695260 vs Ref=510002 | Close=346.75 vs VAH=346.80
2026-02-02 12:22:54,450 [INFO]     NSE:PETRONET-EQ | CVD=960961 vs Ref=20161 | Close=284.80 vs VAH=285.10
2026-02-02 12:22:55,975 [INFO]     NSE:MANAPPURAM-EQ | CVD=-251802 vs Ref=98130 | Close=262.30 vs VAH=269.55
2026-02-02 12:22:57,760 [INFO]     NSE:LTF-EQ | CVD=-198821 vs Ref=98102 | Close=270.55 vs VAH=276.00
2026-02-02 12:22:59,319 [INFO]     NSE:HUDCO-EQ | CVD=-580930 vs Ref=1361 | Close=179.38 vs VAH=186.90
2026-02-02 12:23:00,755 [INFO]     NSE:GAIL-EQ | CVD=-2225814 vs Ref=1741 | Close=159.53 vs VAH=161.40
2026-02-02 12:23:02,649 [INFO]     NSE:SAMMAANCAP-EQ | CVD=9972 vs Ref=597206 | Close=141.84 vs VAH=144.90
2026-02-02 12:23:20,153 [INFO] 🔍 Scanning for alerts on 7 symbols (5min)...
2026-02-02 12:23:21,549 [INFO]     NSE:TORNTPHARM-EQ | CVD=-11491 vs Ref=-12212 | Close=3932.10 vs VAL=3939.75
2026-02-02 12:23:23,545 [INFO]     NSE:KAYNES-EQ | CVD=112066 vs Ref=-99061 | Close=3425.20 vs VAL=3444.00
2026-02-02 12:23:26,143 [INFO]     NSE:PIIND-EQ | CVD=-2388 vs Ref=-17103 | Close=3020.60 vs VAL=3049.50
2026-02-02 12:23:27,917 [INFO]     NSE:HINDUNILVR-EQ | CVD=96605 vs Ref=-17753 | Close=2338.90 vs VAL=2318.40
2026-02-02 12:23:29,529 [INFO]     NSE:CHOLAFIN-EQ | CVD=197250 vs Ref=-79867 | Close=1560.10 vs VAL=1526.80
2026-02-02 12:23:31,029 [INFO]     NSE:MAXHEALTH-EQ | CVD=191837 vs Ref=-26629 | Close=947.50 vs VAL=947.00
2026-02-02 12:23:32,603 [INFO]     NSE:IDFCFIRSTB-EQ | CVD=4996107 vs Ref=-243483 | Close=79.49 vs VAL=79.70
2026-02-02 12:23:44,576 [INFO] 🔍 Scanning for alerts on 4 symbols (5min)...
2026-02-02 12:23:46,049 [INFO]     NSE:TORNTPHARM-EQ | CVD=-11491 vs Ref=-12212 | Close=3932.10 vs VAL=3939.75
2026-02-02 12:23:47,551 [INFO]     NSE:PIIND-EQ | CVD=-2388 vs Ref=-17103 | Close=3020.60 vs VAL=3049.50
2026-02-02 12:23:49,040 [INFO]     NSE:CHOLAFIN-EQ | CVD=197250 vs Ref=-79867 | Close=1560.10 vs VAL=1526.80
2026-02-02 12:23:50,479 [INFO]     NSE:IDFCFIRSTB-EQ | CVD=4996107 vs Ref=-243483 | Close=79.49 vs VAL=79.70
2026-02-02 12:23:52,336 [INFO] 🔍 Scanning for alerts on 2 symbols (5min)...
2026-02-02 12:23:53,860 [INFO]     NSE:HINDZINC-EQ | CVD=-732957 vs Ref=1657045 | Close=575.00 vs VAH=590.25
2026-02-02 12:23:55,455 [INFO]     NSE:PETRONET-EQ | CVD=960961 vs Ref=20161 | Close=284.80 vs VAH=285.10
2026-02-02 12:24:02,654 [INFO] 🔍 Scanning for alerts on 20 symbols (5min)...
2026-02-02 12:24:04,320 [INFO]     NSE:POWERINDIA-EQ | CVD=-12303 vs Ref=1496 | Close=18567.00 vs VAH=18564.00
2026-02-02 12:24:06,081 [INFO]     NSE:MCX-EQ | CVD=-728556 vs Ref=58658 | Close=2188.80 vs VAH=2234.40
2026-02-02 12:24:07,522 [INFO]     NSE:GODREJPROP-EQ | CVD=-21002 vs Ref=25814 | Close=1528.40 vs VAH=1540.80
2026-02-02 12:24:09,009 [INFO]     NSE:JINDALSTEL-EQ | CVD=277974 vs Ref=4003 | Close=1096.60 vs VAH=1107.90
2026-02-02 12:24:10,676 [INFO]     NSE:HINDALCO-EQ | CVD=-310296 vs Ref=493502 | Close=900.05 vs VAH=913.80
2026-02-02 12:24:12,200 [INFO]     NSE:INDIANB-EQ | CVD=308772 vs Ref=95330 | Close=817.05 vs VAH=835.55
2026-02-02 12:24:13,689 [INFO]     NSE:OIL-EQ | CVD=-83994 vs Ref=116885 | Close=477.95 vs VAH=480.90
2026-02-02 12:24:15,218 [INFO]     NSE:COALINDIA-EQ | CVD=1194271 vs Ref=2495 | Close=416.35 vs VAH=417.80
2026-02-02 12:24:16,635 [INFO]     NSE:JSWENERGY-EQ | CVD=-183960 vs Ref=3921 | Close=444.55 vs VAH=447.80
2026-02-02 12:24:18,115 [INFO]     NSE:NATIONALUM-EQ | CVD=1157195 vs Ref=1364212 | Close=358.45 vs VAH=367.15
2026-02-02 12:24:19,547 [INFO]     NSE:PFC-EQ | CVD=-1026642 vs Ref=0 | Close=380.70 vs VAH=385.65
2026-02-02 12:24:20,994 [INFO]     NSE:RECLTD-EQ | CVD=676641 vs Ref=192310 | Close=358.00 vs VAH=366.00
2026-02-02 12:24:22,650 [INFO]     NSE:TATAPOWER-EQ | CVD=-301630 vs Ref=22693 | Close=350.40 vs VAH=355.20
2026-02-02 12:24:25,054 [INFO]     NSE:NTPC-EQ | CVD=695260 vs Ref=510002 | Close=346.75 vs VAH=346.80
2026-02-02 12:24:27,575 [INFO]     NSE:PETRONET-EQ | CVD=960961 vs Ref=20161 | Close=284.80 vs VAH=285.10
2026-02-02 12:24:29,418 [INFO]     NSE:MANAPPURAM-EQ | CVD=-251802 vs Ref=98130 | Close=262.30 vs VAH=269.55
2026-02-02 12:24:31,077 [INFO]     NSE:LTF-EQ | CVD=-198821 vs Ref=98102 | Close=270.55 vs VAH=276.00
2026-02-02 12:24:32,607 [INFO] 🔍 Scanning for alerts on 7 symbols (5min)...
2026-02-02 12:24:32,625 [INFO]     NSE:HUDCO-EQ | CVD=-580930 vs Ref=1361 | Close=179.38 vs VAH=186.90
2026-02-02 12:24:34,264 [INFO]     NSE:GAIL-EQ | CVD=-2225814 vs Ref=1741 | Close=159.53 vs VAH=161.40
2026-02-02 12:24:34,286 [INFO]     NSE:TORNTPHARM-EQ | CVD=-11491 vs Ref=-12212 | Close=3932.10 vs VAL=3939.75
2026-02-02 12:24:35,970 [INFO]     NSE:SAMMAANCAP-EQ | CVD=9972 vs Ref=597206 | Close=141.84 vs VAH=144.90
2026-02-02 12:24:36,005 [INFO]     NSE:KAYNES-EQ | CVD=112066 vs Ref=-99061 | Close=3425.20 vs VAL=3444.00
2026-02-02 12:24:37,552 [INFO]     NSE:PIIND-EQ | CVD=-2388 vs Ref=-17103 | Close=3020.60 vs VAL=3049.50
2026-02-02 12:24:38,973 [INFO]     NSE:HINDUNILVR-EQ | CVD=96605 vs Ref=-17753 | Close=2338.90 vs VAL=2318.40
2026-02-02 12:24:40,405 [INFO]     NSE:CHOLAFIN-EQ | CVD=197250 vs Ref=-79867 | Close=1560.10 vs VAL=1526.80
2026-02-02 12:24:41,816 [INFO]     NSE:MAXHEALTH-EQ | CVD=191837 vs Ref=-26629 | Close=947.50 vs VAL=947.00
2026-02-02 12:24:43,239 [INFO]     NSE:IDFCFIRSTB-EQ | CVD=4996107 vs Ref=-243483 | Close=79.49 vs VAL=79.70
2026-02-02 12:24:50,481 [INFO] 🔍 Scanning for alerts on 4 symbols (5min)...
2026-02-02 12:24:52,056 [INFO]     NSE:TORNTPHARM-EQ | CVD=-11491 vs Ref=-12212 | Close=3932.10 vs VAL=3939.75
2026-02-02 12:24:53,663 [INFO]     NSE:PIIND-EQ | CVD=-2388 vs Ref=-17103 | Close=3020.60 vs VAL=3049.50
2026-02-02 12:24:55,209 [INFO]     NSE:CHOLAFIN-EQ | CVD=197250 vs Ref=-79867 | Close=1560.10 vs VAL=1526.80
2026-02-02 12:24:55,459 [INFO] 🔍 Scanning for alerts on 2 symbols (5min)...
2026-02-02 12:24:56,991 [INFO]     NSE:IDFCFIRSTB-EQ | CVD=4996107 vs Ref=-243483 | Close=79.49 vs VAL=79.70
2026-02-02 12:24:57,313 [INFO]     NSE:HINDZINC-EQ | CVD=-732957 vs Ref=1657045 | Close=575.00 vs VAH=590.25
2026-02-02 12:24:58,956 [INFO]     NSE:PETRONET-EQ | CVD=960961 vs Ref=20161 | Close=284.80 vs VAH=285.10
2026-02-02 12:25:35,975 [INFO] 🔍 Scanning for alerts on 20 symbols (5min)...
2026-02-02 12:25:37,359 [INFO]     NSE:POWERINDIA-EQ | CVD=-12303 vs Ref=1496 | Close=18567.00 vs VAH=18564.00
2026-02-02 12:25:38,837 [INFO]     NSE:MCX-EQ | CVD=-728556 vs Ref=58658 | Close=2188.80 vs VAH=2234.40
2026-02-02 12:25:40,280 [INFO]     NSE:GODREJPROP-EQ | CVD=-21002 vs Ref=25814 | Close=1528.40 vs VAH=1540.80
2026-02-02 12:25:41,833 [INFO]     NSE:JINDALSTEL-EQ | CVD=277974 vs Ref=4003 | Close=1096.60 vs VAH=1107.90
2026-02-02 12:25:43,244 [INFO] 🔍 Scanning for alerts on 7 symbols (5min)...
2026-02-02 12:25:43,271 [INFO]     NSE:HINDALCO-EQ | CVD=-310296 vs Ref=493502 | Close=900.05 vs VAH=913.80
2026-02-02 12:25:44,804 [INFO]     NSE:TORNTPHARM-EQ | CVD=-11491 vs Ref=-12212 | Close=3932.10 vs VAL=3939.75
2026-02-02 12:25:44,877 [INFO]     NSE:INDIANB-EQ | CVD=308772 vs Ref=95330 | Close=817.05 vs VAH=835.55
2026-02-02 12:25:46,444 [INFO]     NSE:OIL-EQ | CVD=-83994 vs Ref=116885 | Close=477.95 vs VAH=480.90
2026-02-02 12:25:46,560 [INFO]     NSE:KAYNES-EQ | CVD=112066 vs Ref=-99061 | Close=3425.20 vs VAL=3444.00
2026-02-02 12:25:48,087 [INFO]     NSE:COALINDIA-EQ | CVD=1194271 vs Ref=2495 | Close=416.35 vs VAH=417.80
2026-02-02 12:25:48,187 [INFO]     NSE:PIIND-EQ | CVD=-2388 vs Ref=-17103 | Close=3020.60 vs VAL=3049.50
2026-02-02 12:25:49,607 [INFO]     NSE:JSWENERGY-EQ | CVD=-183960 vs Ref=3921 | Close=444.55 vs VAH=447.80
2026-02-02 12:25:49,740 [INFO]     NSE:HINDUNILVR-EQ | CVD=96605 vs Ref=-17753 | Close=2338.90 vs VAL=2318.40
2026-02-02 12:25:51,119 [INFO]     NSE:NATIONALUM-EQ | CVD=1157195 vs Ref=1364212 | Close=358.45 vs VAH=367.15
2026-02-02 12:25:51,337 [INFO]     NSE:CHOLAFIN-EQ | CVD=197250 vs Ref=-79867 | Close=1560.10 vs VAL=1526.80
2026-02-02 12:25:52,539 [INFO]     NSE:PFC-EQ | CVD=-1026642 vs Ref=0 | Close=380.70 vs VAH=385.65
2026-02-02 12:25:52,803 [INFO]     NSE:MAXHEALTH-EQ | CVD=191837 vs Ref=-26629 | Close=947.50 vs VAL=947.00
2026-02-02 12:25:54,192 [INFO]     NSE:RECLTD-EQ | CVD=676641 vs Ref=192310 | Close=358.00 vs VAH=366.00
2026-02-02 12:25:54,477 [INFO]     NSE:IDFCFIRSTB-EQ | CVD=4996107 vs Ref=-243483 | Close=79.49 vs VAL=79.70
2026-02-02 12:25:55,804 [INFO]     NSE:TATAPOWER-EQ | CVD=-301630 vs Ref=22693 | Close=350.40 vs VAH=355.20
2026-02-02 12:25:56,994 [INFO] 🔍 Scanning for alerts on 4 symbols (5min)...
2026-02-02 12:25:57,294 [INFO]     NSE:NTPC-EQ | CVD=695260 vs Ref=510002 | Close=346.75 vs VAH=346.80
2026-02-02 12:25:58,484 [INFO]     NSE:TORNTPHARM-EQ | CVD=-11491 vs Ref=-12212 | Close=3932.10 vs VAL=3939.75
2026-02-02 12:25:58,960 [INFO] 🔍 Scanning for alerts on 2 symbols (5min)...
2026-02-02 12:25:59,014 [INFO]     NSE:PETRONET-EQ | CVD=960961 vs Ref=20161 | Close=284.80 vs VAH=285.10
2026-02-02 12:26:00,277 [INFO]     NSE:PIIND-EQ | CVD=-2388 vs Ref=-17103 | Close=3020.60 vs VAL=3049.50
2026-02-02 12:26:00,819 [INFO]     NSE:MANAPPURAM-EQ | CVD=-251802 vs Ref=98130 | Close=262.30 vs VAH=269.55
2026-02-02 12:26:00,837 [INFO]     NSE:HINDZINC-EQ | CVD=-732957 vs Ref=1657045 | Close=575.00 vs VAH=590.25
2026-02-02 12:26:02,516 [INFO]     NSE:CHOLAFIN-EQ | CVD=197250 vs Ref=-79867 | Close=1560.10 vs VAL=1526.80
2026-02-02 12:26:03,130 [INFO]     NSE:LTF-EQ | CVD=-198821 vs Ref=98102 | Close=270.55 vs VAH=276.00
2026-02-02 12:26:03,156 [INFO]     NSE:PETRONET-EQ | CVD=960961 vs Ref=20161 | Close=284.80 vs VAH=285.10
2026-02-02 12:26:04,300 [INFO]     NSE:IDFCFIRSTB-EQ | CVD=4996107 vs Ref=-243483 | Close=79.49 vs VAL=79.70
2026-02-02 12:26:04,834 [INFO]     NSE:HUDCO-EQ | CVD=-743324 vs Ref=1361 | Close=178.90 vs VAH=186.90
2026-02-02 12:26:06,738 [INFO]     NSE:GAIL-EQ | CVD=-2240069 vs Ref=1741 | Close=159.55 vs VAH=161.40
2026-02-02 12:26:08,658 [INFO]     NSE:SAMMAANCAP-EQ | CVD=16413 vs Ref=597206 | Close=141.58 vs VAH=144.90
2026-02-02 12:26:54,480 [INFO] 🔍 Scanning for alerts on 7 symbols (5min)...
2026-02-02 12:26:55,876 [INFO]     NSE:TORNTPHARM-EQ | CVD=-11250 vs Ref=-12212 | Close=3932.10 vs VAL=3939.75
2026-02-02 12:26:57,368 [INFO]     NSE:KAYNES-EQ | CVD=35712 vs Ref=-99061 | Close=3394.80 vs VAL=3444.00
2026-02-02 12:26:59,102 [INFO]     NSE:PIIND-EQ | CVD=-2971 vs Ref=-17103 | Close=3018.40 vs VAL=3049.50
2026-02-02 12:27:00,717 [INFO]     NSE:HINDUNILVR-EQ | CVD=99353 vs Ref=-17753 | Close=2342.00 vs VAL=2318.40
2026-02-02 12:27:03,164 [INFO] 🔍 Scanning for alerts on 2 symbols (5min)...
2026-02-02 12:27:04,303 [INFO] 🔍 Scanning for alerts on 4 symbols (5min)...
2026-02-02 12:27:04,383 [INFO]     NSE:CHOLAFIN-EQ | CVD=192950 vs Ref=-79867 | Close=1558.70 vs VAL=1526.80
2026-02-02 12:27:05,549 [INFO]     NSE:HINDZINC-EQ | CVD=-828173 vs Ref=1657045 | Close=574.95 vs VAH=590.25
2026-02-02 12:27:06,649 [INFO]     NSE:TORNTPHARM-EQ | CVD=-11250 vs Ref=-12212 | Close=3932.10 vs VAL=3939.75
2026-02-02 12:27:06,731 [INFO]     NSE:MAXHEALTH-EQ | CVD=175180 vs Ref=-26629 | Close=946.00 vs VAL=947.00
2026-02-02 12:27:08,026 [INFO]     NSE:PETRONET-EQ | CVD=956391 vs Ref=20161 | Close=284.80 vs VAH=285.10
2026-02-02 12:27:08,662 [INFO] 🔍 Scanning for alerts on 20 symbols (5min)...
2026-02-02 12:27:08,935 [INFO]     NSE:IDFCFIRSTB-EQ | CVD=4905182 vs Ref=-243483 | Close=79.50 vs VAL=79.70
2026-02-02 12:27:08,982 [INFO]     NSE:PIIND-EQ | CVD=-2971 vs Ref=-17103 | Close=3018.40 vs VAL=3049.50
2026-02-02 12:27:10,252 [INFO]     NSE:POWERINDIA-EQ | CVD=-12433 vs Ref=1496 | Close=18549.00 vs VAH=18564.00
2026-02-02 12:27:10,558 [INFO]     NSE:CHOLAFIN-EQ | CVD=192950 vs Ref=-79867 | Close=1558.70 vs VAL=1526.80
2026-02-02 12:27:12,030 [INFO]     NSE:MCX-EQ | CVD=-751828 vs Ref=58658 | Close=2188.50 vs VAH=2234.40
2026-02-02 12:27:12,308 [INFO]     NSE:IDFCFIRSTB-EQ | CVD=4905182 vs Ref=-243483 | Close=79.50 vs VAL=79.70
2026-02-02 12:27:13,632 [INFO]     NSE:GODREJPROP-EQ | CVD=-22535 vs Ref=25814 | Close=1528.40 vs VAH=1540.80
2026-02-02 12:27:15,061 [INFO]     NSE:JINDALSTEL-EQ | CVD=277531 vs Ref=4003 | Close=1093.70 vs VAH=1107.90
2026-02-02 12:27:16,546 [INFO]     NSE:HINDALCO-EQ | CVD=-623636 vs Ref=493502 | Close=898.20 vs VAH=913.80
2026-02-02 12:27:18,038 [INFO]     NSE:INDIANB-EQ | CVD=228642 vs Ref=95330 | Close=813.80 vs VAH=835.55
2026-02-02 12:27:19,519 [INFO]     NSE:OIL-EQ | CVD=-84807 vs Ref=116885 | Close=477.80 vs VAH=480.90
2026-02-02 12:27:20,899 [INFO]     NSE:COALINDIA-EQ | CVD=1165502 vs Ref=2495 | Close=416.30 vs VAH=417.80
2026-02-02 12:27:22,324 [INFO]     NSE:JSWENERGY-EQ | CVD=-184889 vs Ref=3921 | Close=444.25 vs VAH=447.80
2026-02-02 12:27:24,793 [INFO]     NSE:NATIONALUM-EQ | CVD=908776 vs Ref=1364212 | Close=356.25 vs VAH=367.15
2026-02-02 12:27:27,112 [INFO]     NSE:PFC-EQ | CVD=-1039592 vs Ref=0 | Close=381.00 vs VAH=385.65
2026-02-02 12:27:28,990 [INFO]     NSE:RECLTD-EQ | CVD=650542 vs Ref=192310 | Close=358.05 vs VAH=366.00
2026-02-02 12:27:30,509 [INFO]     NSE:TATAPOWER-EQ | CVD=-290372 vs Ref=22693 | Close=350.80 vs VAH=355.20
2026-02-02 12:27:32,080 [INFO] 🚀 [BUY ALERT] NSE:NTPC-EQ (5min) triggered at 12:20!
2026-02-02 12:27:32,081 [INFO]     ✅ Price: 347.70 > FRVP VAH: 346.80
2026-02-02 12:27:32,082 [INFO]     ✅ CVD:   810021 > CVD Ref:  510002
2026-02-02 12:27:32,084 [INFO]     NSE:NTPC-EQ | CVD=810021 vs Ref=510002 | Close=347.70 vs VAH=346.80
2026-02-02 12:27:33,624 [INFO]     NSE:PETRONET-EQ | CVD=956391 vs Ref=20161 | Close=284.80 vs VAH=285.10
2026-02-02 12:27:35,093 [INFO]     NSE:MANAPPURAM-EQ | CVD=-245085 vs Ref=98130 | Close=261.85 vs VAH=269.55
2026-02-02 12:27:36,578 [INFO]     NSE:LTF-EQ | CVD=-206797 vs Ref=98102 | Close=270.30 vs VAH=276.00
2026-02-02 12:27:38,096 [INFO]     NSE:HUDCO-EQ | CVD=-743324 vs Ref=1361 | Close=178.90 vs VAH=186.90
2026-02-02 12:27:39,617 [INFO]     NSE:GAIL-EQ | CVD=-2240069 vs Ref=1741 | Close=159.55 vs VAH=161.40
2026-02-02 12:27:41,285 [INFO]     NSE:SAMMAANCAP-EQ | CVD=16413 vs Ref=597206 | Close=141.58 vs VAH=144.90
2026-02-02 12:28:08,031 [INFO] 🔍 Scanning for alerts on 2 symbols (5min)...
2026-02-02 12:28:08,939 [INFO] 🔍 Scanning for alerts on 7 symbols (5min)...
2026-02-02 12:28:09,708 [INFO]     NSE:HINDZINC-EQ | CVD=-828173 vs Ref=1657045 | Close=574.95 vs VAH=590.25
2026-02-02 12:28:10,584 [INFO]     NSE:TORNTPHARM-EQ | CVD=-11250 vs Ref=-12212 | Close=3932.10 vs VAL=3939.75
2026-02-02 12:28:11,580 [INFO]     NSE:PETRONET-EQ | CVD=956391 vs Ref=20161 | Close=284.80 vs VAH=285.10
2026-02-02 12:28:12,313 [INFO] 🔍 Scanning for alerts on 4 symbols (5min)...
2026-02-02 12:28:12,394 [INFO]     NSE:KAYNES-EQ | CVD=35712 vs Ref=-99061 | Close=3394.80 vs VAL=3444.00
2026-02-02 12:28:13,794 [INFO]     NSE:TORNTPHARM-EQ | CVD=-11250 vs Ref=-12212 | Close=3932.10 vs VAL=3939.75
2026-02-02 12:28:13,985 [INFO]     NSE:PIIND-EQ | CVD=-2971 vs Ref=-17103 | Close=3018.40 vs VAL=3049.50
2026-02-02 12:28:15,493 [INFO]     NSE:PIIND-EQ | CVD=-2971 vs Ref=-17103 | Close=3018.40 vs VAL=3049.50
2026-02-02 12:28:15,576 [INFO]     NSE:HINDUNILVR-EQ | CVD=99353 vs Ref=-17753 | Close=2342.00 vs VAL=2318.40
2026-02-02 12:28:17,103 [INFO]     NSE:CHOLAFIN-EQ | CVD=192950 vs Ref=-79867 | Close=1558.70 vs VAL=1526.80
2026-02-02 12:28:17,148 [INFO]     NSE:CHOLAFIN-EQ | CVD=192950 vs Ref=-79867 | Close=1558.70 vs VAL=1526.80
2026-02-02 12:28:18,539 [INFO]     NSE:IDFCFIRSTB-EQ | CVD=4905182 vs Ref=-243483 | Close=79.50 vs VAL=79.70
2026-02-02 12:28:18,567 [INFO]     NSE:MAXHEALTH-EQ | CVD=175180 vs Ref=-26629 | Close=946.00 vs VAL=947.00
2026-02-02 12:28:19,987 [INFO]     NSE:IDFCFIRSTB-EQ | CVD=4905182 vs Ref=-243483 | Close=79.50 vs VAL=79.70
2026-02-02 12:28:41,290 [INFO] 🔍 Scanning for alerts on 19 symbols (5min)...
2026-02-02 12:28:42,729 [INFO]     NSE:POWERINDIA-EQ | CVD=-12433 vs Ref=1496 | Close=18549.00 vs VAH=18564.00
2026-02-02 12:28:44,264 [INFO]     NSE:MCX-EQ | CVD=-751828 vs Ref=58658 | Close=2188.50 vs VAH=2234.40
2026-02-02 12:28:45,704 [INFO]     NSE:GODREJPROP-EQ | CVD=-22535 vs Ref=25814 | Close=1528.40 vs VAH=1540.80
2026-02-02 12:28:47,084 [INFO]     NSE:JINDALSTEL-EQ | CVD=277531 vs Ref=4003 | Close=1093.70 vs VAH=1107.90
2026-02-02 12:28:48,531 [INFO]     NSE:HINDALCO-EQ | CVD=-623636 vs Ref=493502 | Close=898.20 vs VAH=913.80
2026-02-02 12:28:50,051 [INFO]     NSE:INDIANB-EQ | CVD=228642 vs Ref=95330 | Close=813.80 vs VAH=835.55
2026-02-02 12:28:51,488 [INFO]     NSE:OIL-EQ | CVD=-84807 vs Ref=116885 | Close=477.80 vs VAH=480.90
2026-02-02 12:28:52,954 [INFO]     NSE:COALINDIA-EQ | CVD=1165502 vs Ref=2495 | Close=416.30 vs VAH=417.80
2026-02-02 12:28:54,470 [INFO]     NSE:JSWENERGY-EQ | CVD=-184889 vs Ref=3921 | Close=444.25 vs VAH=447.80
2026-02-02 12:28:56,004 [INFO]     NSE:NATIONALUM-EQ | CVD=908776 vs Ref=1364212 | Close=356.25 vs VAH=367.15
2026-02-02 12:28:57,506 [INFO]     NSE:PFC-EQ | CVD=-1039592 vs Ref=0 | Close=381.00 vs VAH=385.65
2026-02-02 12:28:59,151 [INFO]     NSE:RECLTD-EQ | CVD=650542 vs Ref=192310 | Close=358.05 vs VAH=366.00
2026-02-02 12:29:00,696 [INFO]     NSE:TATAPOWER-EQ | CVD=-290372 vs Ref=22693 | Close=350.80 vs VAH=355.20
2026-02-02 12:29:02,702 [INFO]     NSE:PETRONET-EQ | CVD=956391 vs Ref=20161 | Close=284.80 vs VAH=285.10
2026-02-02 12:29:04,369 [INFO]     NSE:MANAPPURAM-EQ | CVD=-245085 vs Ref=98130 | Close=261.85 vs VAH=269.55
2026-02-02 12:29:06,517 [INFO]     NSE:LTF-EQ | CVD=-206797 vs Ref=98102 | Close=270.30 vs VAH=276.00
2026-02-02 12:29:08,279 [INFO]     NSE:HUDCO-EQ | CVD=-743324 vs Ref=1361 | Close=178.90 vs VAH=186.90
2026-02-02 12:29:09,688 [INFO]     NSE:GAIL-EQ | CVD=-2240069 vs Ref=1741 | Close=159.55 vs VAH=161.40
2026-02-02 12:29:11,108 [INFO]     NSE:SAMMAANCAP-EQ | CVD=16413 vs Ref=597206 | Close=141.58 vs VAH=144.90
2026-02-02 12:29:11,583 [INFO] 🔍 Scanning for alerts on 2 symbols (5min)...
2026-02-02 12:29:13,035 [INFO]     NSE:HINDZINC-EQ | CVD=-828173 vs Ref=1657045 | Close=574.95 vs VAH=590.25
2026-02-02 12:29:14,509 [INFO]     NSE:PETRONET-EQ | CVD=956391 vs Ref=20161 | Close=284.80 vs VAH=285.10
2026-02-02 12:29:18,543 [INFO] 🔍 Scanning for alerts on 4 symbols (5min)...
2026-02-02 12:29:19,991 [INFO] 🔍 Scanning for alerts on 7 symbols (5min)...
2026-02-02 12:29:20,138 [INFO]     NSE:TORNTPHARM-EQ | CVD=-11250 vs Ref=-12212 | Close=3932.10 vs VAL=3939.75
2026-02-02 12:29:21,657 [INFO]     NSE:TORNTPHARM-EQ | CVD=-11250 vs Ref=-12212 | Close=3932.10 vs VAL=3939.75
2026-02-02 12:29:21,859 [INFO]     NSE:PIIND-EQ | CVD=-2971 vs Ref=-17103 | Close=3018.40 vs VAL=3049.50
2026-02-02 12:29:23,618 [INFO]     NSE:KAYNES-EQ | CVD=35712 vs Ref=-99061 | Close=3394.80 vs VAL=3444.00
2026-02-02 12:29:24,156 [INFO]     NSE:CHOLAFIN-EQ | CVD=192950 vs Ref=-79867 | Close=1558.70 vs VAL=1526.80
2026-02-02 12:29:26,110 [INFO]     NSE:PIIND-EQ | CVD=-2971 vs Ref=-17103 | Close=3018.40 vs VAL=3049.50
2026-02-02 12:29:26,602 [INFO]     NSE:IDFCFIRSTB-EQ | CVD=4905182 vs Ref=-243483 | Close=79.50 vs VAL=79.70
2026-02-02 12:29:28,174 [INFO]     NSE:HINDUNILVR-EQ | CVD=99353 vs Ref=-17753 | Close=2342.00 vs VAL=2318.40
2026-02-02 12:29:29,761 [INFO]     NSE:CHOLAFIN-EQ | CVD=192950 vs Ref=-79867 | Close=1558.70 vs VAL=1526.80
2026-02-02 12:29:31,280 [INFO]     NSE:MAXHEALTH-EQ | CVD=175180 vs Ref=-26629 | Close=946.00 vs VAL=947.00
2026-02-02 12:29:32,875 [INFO]     NSE:IDFCFIRSTB-EQ | CVD=4905182 vs Ref=-243483 | Close=79.50 vs VAL=79.70
2026-02-02 12:30:11,113 [INFO] 🔍 Scanning for alerts on 19 symbols (5min)...
2026-02-02 12:30:12,540 [INFO]     NSE:POWERINDIA-EQ | CVD=-12433 vs Ref=1496 | Close=18549.00 vs VAH=18564.00
2026-02-02 12:30:13,980 [INFO]     NSE:MCX-EQ | CVD=-751828 vs Ref=58658 | Close=2188.50 vs VAH=2234.40
2026-02-02 12:30:14,513 [INFO] 🔍 Scanning for alerts on 2 symbols (5min)...
2026-02-02 12:30:15,422 [INFO]     NSE:GODREJPROP-EQ | CVD=-22535 vs Ref=25814 | Close=1528.40 vs VAH=1540.80
2026-02-02 12:30:16,063 [INFO]     NSE:HINDZINC-EQ | CVD=-828173 vs Ref=1657045 | Close=574.95 vs VAH=590.25
2026-02-02 12:30:16,858 [INFO]     NSE:JINDALSTEL-EQ | CVD=277531 vs Ref=4003 | Close=1093.70 vs VAH=1107.90
2026-02-02 12:30:17,578 [INFO]     NSE:PETRONET-EQ | CVD=956391 vs Ref=20161 | Close=284.80 vs VAH=285.10
2026-02-02 12:30:18,302 [INFO]     NSE:HINDALCO-EQ | CVD=-623636 vs Ref=493502 | Close=898.20 vs VAH=913.80
2026-02-02 12:30:19,732 [INFO]     NSE:INDIANB-EQ | CVD=228642 vs Ref=95330 | Close=813.80 vs VAH=835.55
2026-02-02 12:30:21,146 [INFO]     NSE:OIL-EQ | CVD=-84807 vs Ref=116885 | Close=477.80 vs VAH=480.90
2026-02-02 12:30:22,732 [INFO]     NSE:COALINDIA-EQ | CVD=1165502 vs Ref=2495 | Close=416.30 vs VAH=417.80
2026-02-02 12:30:25,015 [INFO]     NSE:JSWENERGY-EQ | CVD=-184889 vs Ref=3921 | Close=444.25 vs VAH=447.80
2026-02-02 12:30:26,604 [INFO] 🔍 Scanning for alerts on 4 symbols (5min)...
2026-02-02 12:30:27,337 [INFO]     NSE:NATIONALUM-EQ | CVD=908776 vs Ref=1364212 | Close=356.25 vs VAH=367.15
2026-02-02 12:30:28,855 [INFO]     NSE:TORNTPHARM-EQ | CVD=-11250 vs Ref=-12212 | Close=3932.10 vs VAL=3939.75
2026-02-02 12:30:29,352 [INFO]     NSE:PFC-EQ | CVD=-1039592 vs Ref=0 | Close=381.00 vs VAH=385.65
2026-02-02 12:30:30,840 [INFO]     NSE:PIIND-EQ | CVD=-2971 vs Ref=-17103 | Close=3018.40 vs VAL=3049.50
2026-02-02 12:30:31,383 [INFO]     NSE:RECLTD-EQ | CVD=650542 vs Ref=192310 | Close=358.05 vs VAH=366.00
2026-02-02 12:30:32,626 [INFO]     NSE:CHOLAFIN-EQ | CVD=192950 vs Ref=-79867 | Close=1558.70 vs VAL=1526.80
2026-02-02 12:30:32,882 [INFO] 🔍 Scanning for alerts on 7 symbols (5min)...
2026-02-02 12:30:33,245 [INFO]     NSE:TATAPOWER-EQ | CVD=-290372 vs Ref=22693 | Close=350.80 vs VAH=355.20
2026-02-02 12:30:34,628 [INFO]     NSE:IDFCFIRSTB-EQ | CVD=4905182 vs Ref=-243483 | Close=79.50 vs VAL=79.70
2026-02-02 12:30:34,991 [INFO]     NSE:TORNTPHARM-EQ | CVD=-11250 vs Ref=-12212 | Close=3932.10 vs VAL=3939.75
2026-02-02 12:30:35,432 [INFO]     NSE:PETRONET-EQ | CVD=956391 vs Ref=20161 | Close=284.80 vs VAH=285.10
2026-02-02 12:30:37,053 [INFO]     NSE:KAYNES-EQ | CVD=35712 vs Ref=-99061 | Close=3394.80 vs VAL=3444.00
2026-02-02 12:30:37,387 [INFO]     NSE:MANAPPURAM-EQ | CVD=-245085 vs Ref=98130 | Close=261.85 vs VAH=269.55
2026-02-02 12:30:38,579 [INFO]     NSE:PIIND-EQ | CVD=-2971 vs Ref=-17103 | Close=3018.40 vs VAL=3049.50
2026-02-02 12:30:38,864 [INFO]     NSE:LTF-EQ | CVD=-206797 vs Ref=98102 | Close=270.30 vs VAH=276.00
2026-02-02 12:30:40,054 [INFO]     NSE:HINDUNILVR-EQ | CVD=99353 vs Ref=-17753 | Close=2342.00 vs VAL=2318.40
2026-02-02 12:30:40,392 [INFO]     NSE:HUDCO-EQ | CVD=-743324 vs Ref=1361 | Close=178.90 vs VAH=186.90
2026-02-02 12:30:41,521 [INFO]     NSE:CHOLAFIN-EQ | CVD=192950 vs Ref=-79867 | Close=1558.70 vs VAL=1526.80
2026-02-02 12:30:41,758 [INFO]     NSE:GAIL-EQ | CVD=-2240069 vs Ref=1741 | Close=159.55 vs VAH=161.40
2026-02-02 12:30:42,980 [INFO]     NSE:MAXHEALTH-EQ | CVD=175180 vs Ref=-26629 | Close=946.00 vs VAL=947.00
2026-02-02 12:30:43,242 [INFO]     NSE:SAMMAANCAP-EQ | CVD=16413 vs Ref=597206 | Close=141.58 vs VAH=144.90
2026-02-02 12:30:44,529 [INFO]     NSE:IDFCFIRSTB-EQ | CVD=4905182 vs Ref=-243483 | Close=79.50 vs VAL=79.70
2026-02-02 12:31:17,582 [INFO] 🔍 Scanning for alerts on 2 symbols (5min)...
2026-02-02 12:31:19,056 [INFO]     NSE:HINDZINC-EQ | CVD=-777387 vs Ref=1657045 | Close=578.55 vs VAH=590.25
2026-02-02 12:31:20,494 [INFO]     NSE:PETRONET-EQ | CVD=956239 vs Ref=20161 | Close=284.60 vs VAH=285.10
2026-02-02 12:31:34,631 [INFO] 🔍 Scanning for alerts on 4 symbols (5min)...
2026-02-02 12:31:36,035 [INFO]     NSE:TORNTPHARM-EQ | CVD=-11483 vs Ref=-12212 | Close=3933.30 vs VAL=3939.75
2026-02-02 12:31:37,495 [INFO]     NSE:PIIND-EQ | CVD=-2982 vs Ref=-17103 | Close=3018.80 vs VAL=3049.50
2026-02-02 12:31:38,945 [INFO]     NSE:CHOLAFIN-EQ | CVD=187676 vs Ref=-79867 | Close=1560.50 vs VAL=1526.80
2026-02-02 12:31:40,392 [INFO]     NSE:IDFCFIRSTB-EQ | CVD=5033331 vs Ref=-243483 | Close=79.71 vs VAL=79.70
2026-02-02 12:31:43,247 [INFO] 🔍 Scanning for alerts on 19 symbols (5min)...
2026-02-02 12:31:44,534 [INFO] 🔍 Scanning for alerts on 7 symbols (5min)...
2026-02-02 12:31:44,657 [INFO]     NSE:POWERINDIA-EQ | CVD=-13169 vs Ref=1496 | Close=18519.00 vs VAH=18564.00
2026-02-02 12:31:46,034 [INFO]     NSE:TORNTPHARM-EQ | CVD=-11483 vs Ref=-12212 | Close=3933.30 vs VAL=3939.75
2026-02-02 12:31:46,260 [INFO]     NSE:MCX-EQ | CVD=-715558 vs Ref=58658 | Close=2205.20 vs VAH=2234.40
2026-02-02 12:31:47,803 [INFO]     NSE:KAYNES-EQ | CVD=27721 vs Ref=-99061 | Close=3380.20 vs VAL=3444.00
2026-02-02 12:31:48,002 [INFO]     NSE:GODREJPROP-EQ | CVD=-25921 vs Ref=25814 | Close=1524.40 vs VAH=1540.80
2026-02-02 12:31:49,583 [INFO]     NSE:PIIND-EQ | CVD=-2982 vs Ref=-17103 | Close=3018.80 vs VAL=3049.50
2026-02-02 12:31:49,662 [INFO]     NSE:JINDALSTEL-EQ | CVD=278027 vs Ref=4003 | Close=1094.80 vs VAH=1107.90
2026-02-02 12:31:51,075 [INFO]     NSE:HINDUNILVR-EQ | CVD=94202 vs Ref=-17753 | Close=2347.30 vs VAL=2318.40
2026-02-02 12:31:51,172 [INFO]     NSE:HINDALCO-EQ | CVD=-485196 vs Ref=493502 | Close=901.15 vs VAH=913.80
2026-02-02 12:31:52,776 [INFO]     NSE:CHOLAFIN-EQ | CVD=187676 vs Ref=-79867 | Close=1560.50 vs VAL=1526.80
2026-02-02 12:31:52,899 [INFO]     NSE:INDIANB-EQ | CVD=230348 vs Ref=95330 | Close=813.15 vs VAH=835.55
2026-02-02 12:31:54,480 [INFO]     NSE:MAXHEALTH-EQ | CVD=253789 vs Ref=-26629 | Close=948.30 vs VAL=947.00
2026-02-02 12:31:54,543 [INFO]     NSE:OIL-EQ | CVD=-105284 vs Ref=116885 | Close=477.30 vs VAH=480.90
2026-02-02 12:31:56,022 [INFO]     NSE:IDFCFIRSTB-EQ | CVD=5033331 vs Ref=-243483 | Close=79.71 vs VAL=79.70
2026-02-02 12:31:56,036 [INFO]     NSE:COALINDIA-EQ | CVD=991782 vs Ref=2495 | Close=415.60 vs VAH=417.80
2026-02-02 12:31:57,457 [INFO]     NSE:JSWENERGY-EQ | CVD=-184627 vs Ref=3921 | Close=444.10 vs VAH=447.80
2026-02-02 12:31:59,027 [INFO]     NSE:NATIONALUM-EQ | CVD=1332975 vs Ref=1364212 | Close=359.00 vs VAH=367.15
2026-02-02 12:32:00,415 [INFO]     NSE:PFC-EQ | CVD=-1041095 vs Ref=0 | Close=380.60 vs VAH=385.65
2026-02-02 12:32:02,268 [INFO]     NSE:RECLTD-EQ | CVD=598349 vs Ref=192310 | Close=357.50 vs VAH=366.00
2026-02-02 12:32:04,194 [INFO]     NSE:TATAPOWER-EQ | CVD=-276417 vs Ref=22693 | Close=350.75 vs VAH=355.20
2026-02-02 12:32:06,264 [INFO]     NSE:PETRONET-EQ | CVD=956239 vs Ref=20161 | Close=284.60 vs VAH=285.10
2026-02-02 12:32:07,878 [INFO]     NSE:MANAPPURAM-EQ | CVD=-176389 vs Ref=98130 | Close=262.85 vs VAH=269.55
2026-02-02 12:32:09,489 [INFO]     NSE:LTF-EQ | CVD=-168744 vs Ref=98102 | Close=270.85 vs VAH=276.00
2026-02-02 12:32:11,061 [INFO]     NSE:HUDCO-EQ | CVD=-690165 vs Ref=1361 | Close=179.34 vs VAH=186.90
2026-02-02 12:32:12,512 [INFO]     NSE:GAIL-EQ | CVD=-2285082 vs Ref=1741 | Close=159.34 vs VAH=161.40
2026-02-02 12:32:13,965 [INFO]     NSE:SAMMAANCAP-EQ | CVD=10169 vs Ref=597206 | Close=141.60 vs VAH=144.90
2026-02-02 12:32:20,498 [INFO] 🔍 Scanning for alerts on 2 symbols (5min)...
2026-02-02 12:32:21,989 [INFO]     NSE:HINDZINC-EQ | CVD=-777387 vs Ref=1657045 | Close=578.55 vs VAH=590.25
2026-02-02 12:32:24,189 [INFO]     NSE:PETRONET-EQ | CVD=956239 vs Ref=20161 | Close=284.60 vs VAH=285.10
2026-02-02 12:32:40,394 [INFO] 🔍 Scanning for alerts on 4 symbols (5min)...
2026-02-02 12:32:41,838 [INFO]     NSE:TORNTPHARM-EQ | CVD=-11483 vs Ref=-12212 | Close=3933.30 vs VAL=3939.75
2026-02-02 12:32:43,354 [INFO]     NSE:PIIND-EQ | CVD=-2982 vs Ref=-17103 | Close=3018.80 vs VAL=3049.50
2026-02-02 12:32:45,003 [INFO]     NSE:CHOLAFIN-EQ | CVD=187676 vs Ref=-79867 | Close=1560.50 vs VAL=1526.80
2026-02-02 12:32:46,484 [INFO]     NSE:IDFCFIRSTB-EQ | CVD=5033331 vs Ref=-243483 | Close=79.71 vs VAL=79.70
2026-02-02 12:32:56,027 [INFO] 🔍 Scanning for alerts on 7 symbols (5min)...
2026-02-02 12:32:57,543 [INFO]     NSE:TORNTPHARM-EQ | CVD=-11483 vs Ref=-12212 | Close=3933.30 vs VAL=3939.75
2026-02-02 12:32:59,066 [INFO]     NSE:KAYNES-EQ | CVD=27721 vs Ref=-99061 | Close=3380.20 vs VAL=3444.00
2026-02-02 12:33:00,536 [INFO]     NSE:PIIND-EQ | CVD=-2982 vs Ref=-17103 | Close=3018.80 vs VAL=3049.50
2026-02-02 12:33:02,318 [INFO]     NSE:HINDUNILVR-EQ | CVD=94202 vs Ref=-17753 | Close=2347.30 vs VAL=2318.40
2026-02-02 12:33:04,041 [INFO]     NSE:CHOLAFIN-EQ | CVD=187676 vs Ref=-79867 | Close=1560.50 vs VAL=1526.80
2026-02-02 12:33:05,623 [INFO]     NSE:MAXHEALTH-EQ | CVD=253789 vs Ref=-26629 | Close=948.30 vs VAL=947.00
2026-02-02 12:33:07,290 [INFO]     NSE:IDFCFIRSTB-EQ | CVD=5033331 vs Ref=-243483 | Close=79.71 vs VAL=79.70
2026-02-02 12:33:13,969 [INFO] 🔍 Scanning for alerts on 19 symbols (5min)...
2026-02-02 12:33:15,396 [INFO]     NSE:POWERINDIA-EQ | CVD=-13169 vs Ref=1496 | Close=18519.00 vs VAH=18564.00
2026-02-02 12:33:16,878 [INFO]     NSE:MCX-EQ | CVD=-715558 vs Ref=58658 | Close=2205.20 vs VAH=2234.40
2026-02-02 12:33:18,299 [INFO]     NSE:GODREJPROP-EQ | CVD=-25921 vs Ref=25814 | Close=1524.40 vs VAH=1540.80
2026-02-02 12:33:19,878 [INFO]     NSE:JINDALSTEL-EQ | CVD=278027 vs Ref=4003 | Close=1094.80 vs VAH=1107.90
2026-02-02 12:33:21,428 [INFO]     NSE:HINDALCO-EQ | CVD=-485196 vs Ref=493502 | Close=901.15 vs VAH=913.80
2026-02-02 12:33:23,385 [INFO]     NSE:INDIANB-EQ | CVD=230348 vs Ref=95330 | Close=813.15 vs VAH=835.55
2026-02-02 12:33:24,192 [INFO] 🔍 Scanning for alerts on 2 symbols (5min)...
2026-02-02 12:33:25,742 [INFO]     NSE:OIL-EQ | CVD=-105284 vs Ref=116885 | Close=477.30 vs VAH=480.90
2026-02-02 12:33:26,720 [INFO]     NSE:HINDZINC-EQ | CVD=-777387 vs Ref=1657045 | Close=578.55 vs VAH=590.25
2026-02-02 12:33:28,087 [INFO]     NSE:COALINDIA-EQ | CVD=991782 vs Ref=2495 | Close=415.60 vs VAH=417.80
2026-02-02 12:33:28,940 [INFO]     NSE:PETRONET-EQ | CVD=956239 vs Ref=20161 | Close=284.60 vs VAH=285.10
2026-02-02 12:33:29,831 [INFO]     NSE:JSWENERGY-EQ | CVD=-184627 vs Ref=3921 | Close=444.10 vs VAH=447.80
2026-02-02 12:33:31,468 [INFO]     NSE:NATIONALUM-EQ | CVD=1332975 vs Ref=1364212 | Close=359.00 vs VAH=367.15
2026-02-02 12:33:32,924 [INFO]     NSE:PFC-EQ | CVD=-1041095 vs Ref=0 | Close=380.60 vs VAH=385.65
2026-02-02 12:33:34,389 [INFO]     NSE:RECLTD-EQ | CVD=598349 vs Ref=192310 | Close=357.50 vs VAH=366.00
2026-02-02 12:33:35,941 [INFO]     NSE:TATAPOWER-EQ | CVD=-276417 vs Ref=22693 | Close=350.75 vs VAH=355.20
2026-02-02 12:33:37,607 [INFO]     NSE:PETRONET-EQ | CVD=956239 vs Ref=20161 | Close=284.60 vs VAH=285.10
2026-02-02 12:33:39,144 [INFO]     NSE:MANAPPURAM-EQ | CVD=-176389 vs Ref=98130 | Close=262.85 vs VAH=269.55
2026-02-02 12:33:40,658 [INFO]     NSE:LTF-EQ | CVD=-168744 vs Ref=98102 | Close=270.85 vs VAH=276.00
2026-02-02 12:33:42,102 [INFO]     NSE:HUDCO-EQ | CVD=-690165 vs Ref=1361 | Close=179.34 vs VAH=186.90
2026-02-02 12:33:43,434 [INFO]     NSE:GAIL-EQ | CVD=-2285082 vs Ref=1741 | Close=159.34 vs VAH=161.40
2026-02-02 12:33:44,885 [INFO]     NSE:SAMMAANCAP-EQ | CVD=10169 vs Ref=597206 | Close=141.60 vs VAH=144.90
2026-02-02 12:33:46,488 [INFO] 🔍 Scanning for alerts on 4 symbols (5min)...
2026-02-02 12:33:48,140 [INFO]     NSE:TORNTPHARM-EQ | CVD=-11483 vs Ref=-12212 | Close=3933.30 vs VAL=3939.75
2026-02-02 12:33:49,804 [INFO]     NSE:PIIND-EQ | CVD=-2982 vs Ref=-17103 | Close=3018.80 vs VAL=3049.50
2026-02-02 12:33:51,712 [INFO]     NSE:CHOLAFIN-EQ | CVD=187676 vs Ref=-79867 | Close=1560.50 vs VAL=1526.80
2026-02-02 12:33:53,288 [INFO]     NSE:IDFCFIRSTB-EQ | CVD=5033331 vs Ref=-243483 | Close=79.71 vs VAL=79.70
2026-02-02 12:34:07,296 [INFO] 🔍 Scanning for alerts on 7 symbols (5min)...
2026-02-02 12:34:08,759 [INFO]     NSE:TORNTPHARM-EQ | CVD=-11483 vs Ref=-12212 | Close=3933.30 vs VAL=3939.75
2026-02-02 12:34:10,248 [INFO]     NSE:KAYNES-EQ | CVD=27721 vs Ref=-99061 | Close=3380.20 vs VAL=3444.00
2026-02-02 12:34:11,799 [INFO]     NSE:PIIND-EQ | CVD=-2982 vs Ref=-17103 | Close=3018.80 vs VAL=3049.50
2026-02-02 12:34:13,248 [INFO]     NSE:HINDUNILVR-EQ | CVD=94202 vs Ref=-17753 | Close=2347.30 vs VAL=2318.40
2026-02-02 12:34:14,753 [INFO]     NSE:CHOLAFIN-EQ | CVD=187676 vs Ref=-79867 | Close=1560.50 vs VAL=1526.80
2026-02-02 12:34:16,185 [INFO]     NSE:MAXHEALTH-EQ | CVD=253789 vs Ref=-26629 | Close=948.30 vs VAL=947.00
2026-02-02 12:34:17,642 [INFO]     NSE:IDFCFIRSTB-EQ | CVD=5033331 vs Ref=-243483 | Close=79.71 vs VAL=79.70
2026-02-02 12:34:28,943 [INFO] 🔍 Scanning for alerts on 2 symbols (5min)...
2026-02-02 12:34:30,924 [INFO]     NSE:HINDZINC-EQ | CVD=-777387 vs Ref=1657045 | Close=578.55 vs VAH=590.25
2026-02-02 12:34:32,555 [INFO]     NSE:PETRONET-EQ | CVD=956239 vs Ref=20161 | Close=284.60 vs VAH=285.10
2026-02-02 12:34:44,889 [INFO] 🔍 Scanning for alerts on 19 symbols (5min)...
2026-02-02 12:34:46,271 [INFO]     NSE:POWERINDIA-EQ | CVD=-13169 vs Ref=1496 | Close=18519.00 vs VAH=18564.00
2026-02-02 12:34:47,683 [INFO]     NSE:MCX-EQ | CVD=-715558 vs Ref=58658 | Close=2205.20 vs VAH=2234.40
2026-02-02 12:34:49,059 [INFO]     NSE:GODREJPROP-EQ | CVD=-25921 vs Ref=25814 | Close=1524.40 vs VAH=1540.80
2026-02-02 12:34:50,425 [INFO]     NSE:JINDALSTEL-EQ | CVD=278027 vs Ref=4003 | Close=1094.80 vs VAH=1107.90
2026-02-02 12:34:51,899 [INFO]     NSE:HINDALCO-EQ | CVD=-485196 vs Ref=493502 | Close=901.15 vs VAH=913.80
2026-02-02 12:34:53,290 [INFO] 🔍 Scanning for alerts on 4 symbols (5min)...
2026-02-02 12:34:53,387 [INFO]     NSE:INDIANB-EQ | CVD=230348 vs Ref=95330 | Close=813.15 vs VAH=835.55
2026-02-02 12:34:54,824 [INFO]     NSE:TORNTPHARM-EQ | CVD=-11483 vs Ref=-12212 | Close=3933.30 vs VAL=3939.75
2026-02-02 12:34:54,965 [INFO]     NSE:OIL-EQ | CVD=-105284 vs Ref=116885 | Close=477.30 vs VAH=480.90
2026-02-02 12:34:56,528 [INFO]     NSE:PIIND-EQ | CVD=-2982 vs Ref=-17103 | Close=3018.80 vs VAL=3049.50
2026-02-02 12:34:56,591 [INFO]     NSE:COALINDIA-EQ | CVD=991782 vs Ref=2495 | Close=415.60 vs VAH=417.80
2026-02-02 12:34:58,370 [INFO]     NSE:JSWENERGY-EQ | CVD=-184627 vs Ref=3921 | Close=444.10 vs VAH=447.80
2026-02-02 12:34:58,422 [INFO]     NSE:CHOLAFIN-EQ | CVD=187676 vs Ref=-79867 | Close=1560.50 vs VAL=1526.80
2026-02-02 12:34:59,826 [INFO]     NSE:IDFCFIRSTB-EQ | CVD=5033331 vs Ref=-243483 | Close=79.71 vs VAL=79.70
2026-02-02 12:34:59,891 [INFO]     NSE:NATIONALUM-EQ | CVD=1332975 vs Ref=1364212 | Close=359.00 vs VAH=367.15
2026-02-02 12:35:01,605 [INFO]     NSE:PFC-EQ | CVD=-1041095 vs Ref=0 | Close=380.60 vs VAH=385.65
2026-02-02 12:35:03,410 [INFO]     NSE:RECLTD-EQ | CVD=598349 vs Ref=192310 | Close=357.50 vs VAH=366.00
2026-02-02 12:35:05,053 [INFO]     NSE:TATAPOWER-EQ | CVD=-276417 vs Ref=22693 | Close=350.75 vs VAH=355.20
2026-02-02 12:35:06,600 [INFO]     NSE:PETRONET-EQ | CVD=956239 vs Ref=20161 | Close=284.60 vs VAH=285.10
2026-02-02 12:35:08,477 [INFO]     NSE:MANAPPURAM-EQ | CVD=-176389 vs Ref=98130 | Close=262.85 vs VAH=269.55
2026-02-02 12:35:09,984 [INFO]     NSE:LTF-EQ | CVD=-168744 vs Ref=98102 | Close=270.85 vs VAH=276.00
2026-02-02 12:35:11,797 [INFO]     NSE:HUDCO-EQ | CVD=-690165 vs Ref=1361 | Close=179.34 vs VAH=186.90
2026-02-02 12:35:13,336 [INFO]     NSE:GAIL-EQ | CVD=-2285082 vs Ref=1741 | Close=159.34 vs VAH=161.40
2026-02-02 12:35:14,753 [INFO]     NSE:SAMMAANCAP-EQ | CVD=10169 vs Ref=597206 | Close=141.60 vs VAH=144.90
2026-02-02 12:35:17,648 [INFO] 🔍 Scanning for alerts on 7 symbols (5min)...
2026-02-02 12:35:19,111 [INFO]     NSE:TORNTPHARM-EQ | CVD=-11483 vs Ref=-12212 | Close=3933.30 vs VAL=3939.75
2026-02-02 12:35:20,554 [INFO]     NSE:KAYNES-EQ | CVD=27721 vs Ref=-99061 | Close=3380.20 vs VAL=3444.00
2026-02-02 12:35:22,073 [INFO]     NSE:PIIND-EQ | CVD=-2982 vs Ref=-17103 | Close=3018.80 vs VAL=3049.50
2026-02-02 12:35:24,278 [INFO]     NSE:HINDUNILVR-EQ | CVD=94202 vs Ref=-17753 | Close=2347.30 vs VAL=2318.40
2026-02-02 12:35:26,633 [INFO]     NSE:CHOLAFIN-EQ | CVD=187676 vs Ref=-79867 | Close=1560.50 vs VAL=1526.80
2026-02-02 12:35:28,301 [INFO]     NSE:MAXHEALTH-EQ | CVD=253789 vs Ref=-26629 | Close=948.30 vs VAL=947.00
2026-02-02 12:35:29,809 [INFO]     NSE:IDFCFIRSTB-EQ | CVD=5033331 vs Ref=-243483 | Close=79.71 vs VAL=79.70
2026-02-02 12:35:32,558 [INFO] 🔍 Scanning for alerts on 2 symbols (5min)...
2026-02-02 12:35:34,149 [INFO]     NSE:HINDZINC-EQ | CVD=-777387 vs Ref=1657045 | Close=578.55 vs VAH=590.25
2026-02-02 12:35:35,731 [INFO]     NSE:PETRONET-EQ | CVD=956239 vs Ref=20161 | Close=284.60 vs VAH=285.10
2026-02-02 12:35:59,829 [INFO] 🔍 Scanning for alerts on 4 symbols (5min)...
2026-02-02 12:36:01,571 [INFO]     NSE:TORNTPHARM-EQ | CVD=-11483 vs Ref=-12212 | Close=3933.30 vs VAL=3939.75
2026-02-02 12:36:03,642 [INFO]     NSE:PIIND-EQ | CVD=-2982 vs Ref=-17103 | Close=3018.80 vs VAL=3049.50
2026-02-02 12:36:05,402 [INFO]     NSE:CHOLAFIN-EQ | CVD=192232 vs Ref=-79867 | Close=1560.40 vs VAL=1526.80
2026-02-02 12:36:06,953 [INFO]     NSE:IDFCFIRSTB-EQ | CVD=5218815 vs Ref=-243483 | Close=79.79 vs VAL=79.70
2026-02-02 12:36:14,757 [INFO] 🔍 Scanning for alerts on 19 symbols (5min)...
2026-02-02 12:36:16,336 [INFO]     NSE:POWERINDIA-EQ | CVD=-13448 vs Ref=1496 | Close=18497.00 vs VAH=18564.00
2026-02-02 12:36:17,812 [INFO]     NSE:MCX-EQ | CVD=-726490 vs Ref=58658 | Close=2199.00 vs VAH=2234.40
2026-02-02 12:36:19,262 [INFO]     NSE:GODREJPROP-EQ | CVD=-26703 vs Ref=25814 | Close=1522.70 vs VAH=1540.80
2026-02-02 12:36:20,662 [INFO]     NSE:JINDALSTEL-EQ | CVD=271726 vs Ref=4003 | Close=1091.00 vs VAH=1107.90
2026-02-02 12:36:22,148 [INFO]     NSE:HINDALCO-EQ | CVD=-630001 vs Ref=493502 | Close=899.60 vs VAH=913.80
2026-02-02 12:36:24,459 [INFO]     NSE:INDIANB-EQ | CVD=241572 vs Ref=95330 | Close=814.10 vs VAH=835.55
2026-02-02 12:36:26,592 [INFO]     NSE:OIL-EQ | CVD=-99849 vs Ref=116885 | Close=477.25 vs VAH=480.90
2026-02-02 12:36:29,013 [INFO]     NSE:COALINDIA-EQ | CVD=947724 vs Ref=2495 | Close=415.05 vs VAH=417.80
2026-02-02 12:36:29,814 [INFO] 🔍 Scanning for alerts on 7 symbols (5min)...
2026-02-02 12:36:30,970 [INFO]     NSE:JSWENERGY-EQ | CVD=-188846 vs Ref=3921 | Close=443.10 vs VAH=447.80
2026-02-02 12:36:31,590 [INFO] 🚀 [SELL ALERT] NSE:TORNTPHARM-EQ (5min) triggered at 12:30!
2026-02-02 12:36:31,593 [INFO]     ✅ Price: 3931.10 < FRVP VAL: 3939.75
2026-02-02 12:36:31,595 [INFO]     ✅ CVD:   -12691 < CVD Ref:  -12212
2026-02-02 12:36:31,598 [INFO]     ℹ️  FRVP Info: POC=3957.75, VAL=3939.75
2026-02-02 12:36:31,601 [INFO]     NSE:TORNTPHARM-EQ | CVD=-12691 vs Ref=-12212 | Close=3931.10 vs VAL=3939.75
2026-02-02 12:36:32,676 [INFO]     NSE:NATIONALUM-EQ | CVD=1279570 vs Ref=1364212 | Close=358.65 vs VAH=367.15
2026-02-02 12:36:33,314 [INFO]     NSE:KAYNES-EQ | CVD=29838 vs Ref=-99061 | Close=3380.90 vs VAL=3444.00
2026-02-02 12:36:34,234 [INFO]     NSE:PFC-EQ | CVD=-1112023 vs Ref=0 | Close=380.30 vs VAH=385.65
2026-02-02 12:36:35,009 [INFO]     NSE:PIIND-EQ | CVD=-1259 vs Ref=-17103 | Close=3025.00 vs VAL=3049.50
2026-02-02 12:36:35,735 [INFO] 🔍 Scanning for alerts on 2 symbols (5min)...
2026-02-02 12:36:35,855 [INFO]     NSE:RECLTD-EQ | CVD=571363 vs Ref=192310 | Close=356.85 vs VAH=366.00
2026-02-02 12:36:36,837 [INFO]     NSE:HINDUNILVR-EQ | CVD=95346 vs Ref=-17753 | Close=2348.40 vs VAL=2318.40
2026-02-02 12:36:37,673 [INFO]     NSE:HINDZINC-EQ | CVD=-819420 vs Ref=1657045 | Close=578.65 vs VAH=590.25
2026-02-02 12:36:37,863 [INFO]     NSE:TATAPOWER-EQ | CVD=-289743 vs Ref=22693 | Close=350.45 vs VAH=355.20
2026-02-02 12:36:38,669 [INFO]     NSE:CHOLAFIN-EQ | CVD=192232 vs Ref=-79867 | Close=1560.40 vs VAL=1526.80
2026-02-02 12:36:39,289 [INFO] 🚀 [BUY ALERT] NSE:PETRONET-EQ (5min) triggered at 12:30!
2026-02-02 12:36:39,293 [INFO]     ✅ Price: 285.15 > FRVP VAH: 285.10
2026-02-02 12:36:39,295 [INFO]     ✅ CVD:   993705 > CVD Ref:  20161
2026-02-02 12:36:39,298 [INFO]     NSE:PETRONET-EQ | CVD=993705 vs Ref=20161 | Close=285.15 vs VAH=285.10
2026-02-02 12:36:39,531 [INFO] 🚀 [BUY ALERT] NSE:PETRONET-EQ (5min) triggered at 12:30!
2026-02-02 12:36:39,532 [INFO]     ✅ Price: 285.15 > FRVP VAH: 285.10
2026-02-02 12:36:39,533 [INFO]     ✅ CVD:   993705 > CVD Ref:  20161
2026-02-02 12:36:39,535 [INFO]     NSE:PETRONET-EQ | CVD=993705 vs Ref=20161 | Close=285.15 vs VAH=285.10
2026-02-02 12:36:40,191 [INFO]     NSE:MAXHEALTH-EQ | CVD=230130 vs Ref=-26629 | Close=946.65 vs VAL=947.00
2026-02-02 12:36:41,366 [INFO]     NSE:MANAPPURAM-EQ | CVD=-193394 vs Ref=98130 | Close=262.35 vs VAH=269.55
2026-02-02 12:36:41,929 [INFO]     NSE:IDFCFIRSTB-EQ | CVD=5218815 vs Ref=-243483 | Close=79.79 vs VAL=79.70
2026-02-02 12:36:42,928 [INFO]     NSE:LTF-EQ | CVD=-224484 vs Ref=98102 | Close=270.15 vs VAH=276.00
2026-02-02 12:36:44,482 [INFO]     NSE:HUDCO-EQ | CVD=-795753 vs Ref=1361 | Close=179.23 vs VAH=186.90
2026-02-02 12:36:45,860 [INFO]     NSE:GAIL-EQ | CVD=-2280035 vs Ref=1741 | Close=159.32 vs VAH=161.40
2026-02-02 12:36:47,331 [INFO]     NSE:SAMMAANCAP-EQ | CVD=83185 vs Ref=597206 | Close=141.84 vs VAH=144.90
2026-02-02 12:37:06,956 [INFO] 🔍 Scanning for alerts on 4 symbols (5min)...
2026-02-02 12:37:08,349 [INFO] 🚀 [SELL ALERT] NSE:TORNTPHARM-EQ (5min) triggered at 12:30!
2026-02-02 12:37:08,350 [INFO]     ✅ Price: 3931.10 < FRVP VAL: 3939.75
2026-02-02 12:37:08,351 [INFO]     ✅ CVD:   -12691 < CVD Ref:  -12212
2026-02-02 12:37:08,353 [INFO]     ℹ️  FRVP Info: POC=3957.75, VAL=3939.75
2026-02-02 12:37:08,353 [INFO]     NSE:TORNTPHARM-EQ | CVD=-12691 vs Ref=-12212 | Close=3931.10 vs VAL=3939.75
2026-02-02 12:37:11,525 [INFO]     NSE:PIIND-EQ | CVD=-1259 vs Ref=-17103 | Close=3025.00 vs VAL=3049.50
2026-02-02 12:37:15,740 [INFO]     NSE:CHOLAFIN-EQ | CVD=192232 vs Ref=-79867 | Close=1560.40 vs VAL=1526.80
2026-02-02 12:37:20,035 [INFO]     NSE:IDFCFIRSTB-EQ | CVD=5218815 vs Ref=-243483 | Close=79.79 vs VAL=79.70
2026-02-02 12:37:39,302 [INFO] 🔍 Scanning for alerts on 1 symbols (5min)...
2026-02-02 12:37:41,935 [INFO] 🔍 Scanning for alerts on 6 symbols (5min)...
2026-02-02 12:37:42,138 [INFO]     NSE:HINDZINC-EQ | CVD=-819420 vs Ref=1657045 | Close=578.65 vs VAH=590.25
2026-02-02 12:37:47,338 [INFO] 🔍 Scanning for alerts on 18 symbols (5min)...
2026-02-02 12:37:47,568 [INFO]     NSE:KAYNES-EQ | CVD=29838 vs Ref=-99061 | Close=3380.90 vs VAL=3444.00
2026-02-02 12:37:51,148 [INFO]     NSE:POWERINDIA-EQ | CVD=-13448 vs Ref=1496 | Close=18497.00 vs VAH=18564.00
2026-02-02 12:37:52,497 [INFO]     NSE:PIIND-EQ | CVD=-1259 vs Ref=-17103 | Close=3025.00 vs VAL=3049.50
2026-02-02 12:37:54,921 [INFO]     NSE:MCX-EQ | CVD=-726490 vs Ref=58658 | Close=2199.00 vs VAH=2234.40
2026-02-02 12:37:55,464 [INFO]     NSE:HINDUNILVR-EQ | CVD=95346 vs Ref=-17753 | Close=2348.40 vs VAL=2318.40
2026-02-02 12:37:57,165 [INFO]     NSE:GODREJPROP-EQ | CVD=-26703 vs Ref=25814 | Close=1522.70 vs VAH=1540.80
2026-02-02 12:37:57,795 [INFO]     NSE:CHOLAFIN-EQ | CVD=192232 vs Ref=-79867 | Close=1560.40 vs VAL=1526.80
2026-02-02 12:37:59,534 [INFO]     NSE:JINDALSTEL-EQ | CVD=271726 vs Ref=4003 | Close=1091.00 vs VAH=1107.90
2026-02-02 12:38:00,336 [INFO]     NSE:MAXHEALTH-EQ | CVD=230130 vs Ref=-26629 | Close=946.65 vs VAL=947.00
2026-02-02 12:38:02,112 [INFO]     NSE:HINDALCO-EQ | CVD=-630001 vs Ref=493502 | Close=899.60 vs VAH=913.80
2026-02-02 12:38:02,992 [INFO]     NSE:IDFCFIRSTB-EQ | CVD=5218815 vs Ref=-243483 | Close=79.79 vs VAL=79.70
2026-02-02 12:38:04,888 [INFO]     NSE:INDIANB-EQ | CVD=241572 vs Ref=95330 | Close=814.10 vs VAH=835.55
2026-02-02 12:38:07,443 [INFO]     NSE:OIL-EQ | CVD=-99849 vs Ref=116885 | Close=477.25 vs VAH=480.90
2026-02-02 12:38:10,096 [INFO]     NSE:COALINDIA-EQ | CVD=947724 vs Ref=2495 | Close=415.05 vs VAH=417.80
2026-02-02 12:38:12,725 [INFO]     NSE:JSWENERGY-EQ | CVD=-188846 vs Ref=3921 | Close=443.10 vs VAH=447.80
2026-02-02 12:38:14,804 [INFO]     NSE:NATIONALUM-EQ | CVD=1279570 vs Ref=1364212 | Close=358.65 vs VAH=367.15
2026-02-02 12:38:16,545 [INFO]     NSE:PFC-EQ | CVD=-1112023 vs Ref=0 | Close=380.30 vs VAH=385.65
2026-02-02 12:38:18,766 [INFO]     NSE:RECLTD-EQ | CVD=571363 vs Ref=192310 | Close=356.85 vs VAH=366.00
2026-02-02 12:38:20,044 [INFO] 🔍 Scanning for alerts on 3 symbols (5min)...
2026-02-02 12:38:20,868 [INFO]     NSE:TATAPOWER-EQ | CVD=-289743 vs Ref=22693 | Close=350.45 vs VAH=355.20
2026-02-02 12:38:22,019 [INFO]     NSE:PIIND-EQ | CVD=-1259 vs Ref=-17103 | Close=3025.00 vs VAL=3049.50
2026-02-02 12:38:22,888 [INFO]     NSE:MANAPPURAM-EQ | CVD=-193394 vs Ref=98130 | Close=262.35 vs VAH=269.55
2026-02-02 12:38:24,395 [INFO]     NSE:CHOLAFIN-EQ | CVD=192232 vs Ref=-79867 | Close=1560.40 vs VAL=1526.80
2026-02-02 12:38:26,443 [INFO]     NSE:LTF-EQ | CVD=-224484 vs Ref=98102 | Close=270.15 vs VAH=276.00
2026-02-02 12:38:27,091 [INFO]     NSE:IDFCFIRSTB-EQ | CVD=5218815 vs Ref=-243483 | Close=79.79 vs VAL=79.70
2026-02-02 12:38:28,972 [INFO]     NSE:HUDCO-EQ | CVD=-795753 vs Ref=1361 | Close=179.23 vs VAH=186.90
2026-02-02 12:38:30,901 [INFO]     NSE:GAIL-EQ | CVD=-2280035 vs Ref=1741 | Close=159.32 vs VAH=161.40
2026-02-02 12:38:32,877 [INFO]     NSE:SAMMAANCAP-EQ | CVD=83185 vs Ref=597206 | Close=141.84 vs VAH=144.90
2026-02-02 12:38:42,145 [INFO] 🔍 Scanning for alerts on 1 symbols (5min)...
2026-02-02 12:38:44,258 [INFO]     NSE:HINDZINC-EQ | CVD=-819420 vs Ref=1657045 | Close=578.65 vs VAH=590.25
2026-02-02 12:39:03,009 [INFO] 🔍 Scanning for alerts on 6 symbols (5min)...
2026-02-02 12:39:05,559 [INFO]     NSE:KAYNES-EQ | CVD=29838 vs Ref=-99061 | Close=3380.90 vs VAL=3444.00
2026-02-02 12:39:07,890 [INFO]     NSE:PIIND-EQ | CVD=-1259 vs Ref=-17103 | Close=3025.00 vs VAL=3049.50
2026-02-02 12:39:09,559 [INFO]     NSE:HINDUNILVR-EQ | CVD=95346 vs Ref=-17753 | Close=2348.40 vs VAL=2318.40
2026-02-02 12:39:11,181 [INFO]     NSE:CHOLAFIN-EQ | CVD=192232 vs Ref=-79867 | Close=1560.40 vs VAL=1526.80
2026-02-02 12:39:12,896 [INFO]     NSE:MAXHEALTH-EQ | CVD=230130 vs Ref=-26629 | Close=946.65 vs VAL=947.00
2026-02-02 12:39:14,491 [INFO]     NSE:IDFCFIRSTB-EQ | CVD=5218815 vs Ref=-243483 | Close=79.79 vs VAL=79.70
2026-02-02 12:39:27,095 [INFO] 🔍 Scanning for alerts on 3 symbols (5min)...
2026-02-02 12:39:29,583 [INFO]     NSE:PIIND-EQ | CVD=-1259 vs Ref=-17103 | Close=3025.00 vs VAL=3049.50
2026-02-02 12:39:32,168 [INFO]     NSE:CHOLAFIN-EQ | CVD=192232 vs Ref=-79867 | Close=1560.40 vs VAL=1526.80
2026-02-02 12:39:32,883 [INFO] 🔍 Scanning for alerts on 18 symbols (5min)...
2026-02-02 12:39:35,178 [INFO]     NSE:IDFCFIRSTB-EQ | CVD=5218815 vs Ref=-243483 | Close=79.79 vs VAL=79.70
2026-02-02 12:39:37,116 [INFO]     NSE:POWERINDIA-EQ | CVD=-13448 vs Ref=1496 | Close=18497.00 vs VAH=18564.00
2026-02-02 12:39:40,860 [INFO]     NSE:MCX-EQ | CVD=-726490 vs Ref=58658 | Close=2199.00 vs VAH=2234.40
2026-02-02 12:39:44,037 [INFO]     NSE:GODREJPROP-EQ | CVD=-26703 vs Ref=25814 | Close=1522.70 vs VAH=1540.80
2026-02-02 12:39:44,266 [INFO] 🔍 Scanning for alerts on 1 symbols (5min)...
2026-02-02 12:39:48,184 [INFO]     NSE:JINDALSTEL-EQ | CVD=271726 vs Ref=4003 | Close=1091.00 vs VAH=1107.90
2026-02-02 12:39:48,440 [INFO]     NSE:HINDZINC-EQ | CVD=-819420 vs Ref=1657045 | Close=578.65 vs VAH=590.25
2026-02-02 12:39:50,930 [INFO]     NSE:HINDALCO-EQ | CVD=-630001 vs Ref=493502 | Close=899.60 vs VAH=913.80
2026-02-02 12:39:53,088 [INFO]     NSE:INDIANB-EQ | CVD=241572 vs Ref=95330 | Close=814.10 vs VAH=835.55
2026-02-02 12:39:56,504 [INFO]     NSE:OIL-EQ | CVD=-99849 vs Ref=116885 | Close=477.25 vs VAH=480.90
2026-02-02 12:40:00,513 [INFO]     NSE:COALINDIA-EQ | CVD=947724 vs Ref=2495 | Close=415.05 vs VAH=417.80
2026-02-02 12:40:04,548 [INFO]     NSE:JSWENERGY-EQ | CVD=-188846 vs Ref=3921 | Close=443.10 vs VAH=447.80
2026-02-02 12:40:07,031 [INFO]     NSE:NATIONALUM-EQ | CVD=1279570 vs Ref=1364212 | Close=358.65 vs VAH=367.15
2026-02-02 12:40:10,803 [INFO]     NSE:PFC-EQ | CVD=-1112023 vs Ref=0 | Close=380.30 vs VAH=385.65
2026-02-02 12:40:14,418 [INFO]     NSE:RECLTD-EQ | CVD=571363 vs Ref=192310 | Close=356.85 vs VAH=366.00
2026-02-02 12:40:14,496 [INFO] 🔍 Scanning for alerts on 6 symbols (5min)...
2026-02-02 12:40:17,186 [INFO]     NSE:TATAPOWER-EQ | CVD=-289743 vs Ref=22693 | Close=350.45 vs VAH=355.20
2026-02-02 12:40:17,206 [INFO]     NSE:KAYNES-EQ | CVD=29838 vs Ref=-99061 | Close=3380.90 vs VAL=3444.00
2026-02-02 12:40:19,971 [INFO]     NSE:MANAPPURAM-EQ | CVD=-193394 vs Ref=98130 | Close=262.35 vs VAH=269.55
2026-02-02 12:40:20,083 [INFO]     NSE:PIIND-EQ | CVD=-1259 vs Ref=-17103 | Close=3025.00 vs VAL=3049.50
2026-02-02 12:40:22,851 [INFO]     NSE:HINDUNILVR-EQ | CVD=95346 vs Ref=-17753 | Close=2348.40 vs VAL=2318.40
2026-02-02 12:40:22,940 [INFO]     NSE:LTF-EQ | CVD=-224484 vs Ref=98102 | Close=270.15 vs VAH=276.00
2026-02-02 12:40:25,693 [INFO]     NSE:CHOLAFIN-EQ | CVD=192232 vs Ref=-79867 | Close=1560.40 vs VAL=1526.80
2026-02-02 12:40:25,761 [INFO]     NSE:HUDCO-EQ | CVD=-795753 vs Ref=1361 | Close=179.23 vs VAH=186.90
2026-02-02 12:40:28,009 [INFO]     NSE:GAIL-EQ | CVD=-2280035 vs Ref=1741 | Close=159.32 vs VAH=161.40
2026-02-02 12:40:28,118 [INFO]     NSE:MAXHEALTH-EQ | CVD=230130 vs Ref=-26629 | Close=946.65 vs VAL=947.00
2026-02-02 12:40:30,362 [INFO]     NSE:SAMMAANCAP-EQ | CVD=83185 vs Ref=597206 | Close=141.84 vs VAH=144.90
2026-02-02 12:40:30,437 [INFO]     NSE:IDFCFIRSTB-EQ | CVD=5218815 vs Ref=-243483 | Close=79.79 vs VAL=79.70
2026-02-02 12:40:35,182 [INFO] 🔍 Scanning for alerts on 3 symbols (5min)...
2026-02-02 12:40:37,561 [INFO]     NSE:PIIND-EQ | CVD=-1259 vs Ref=-17103 | Close=3025.00 vs VAL=3049.50
2026-02-02 12:40:39,223 [INFO]     NSE:CHOLAFIN-EQ | CVD=192232 vs Ref=-79867 | Close=1560.40 vs VAL=1526.80
2026-02-02 12:40:40,724 [INFO]     NSE:IDFCFIRSTB-EQ | CVD=5218815 vs Ref=-243483 | Close=79.79 vs VAL=79.70
2026-02-02 12:40:48,499 [INFO] 🔍 Scanning for alerts on 1 symbols (5min)...
2026-02-02 12:40:50,256 [INFO]     NSE:HINDZINC-EQ | CVD=-819420 vs Ref=1657045 | Close=578.65 vs VAH=590.25
2026-02-02 12:41:30,371 [INFO] 🔍 Scanning for alerts on 18 symbols (5min)...
2026-02-02 12:41:30,447 [INFO] 🔍 Scanning for alerts on 6 symbols (5min)...
2026-02-02 12:41:32,334 [INFO]     NSE:POWERINDIA-EQ | CVD=-13223 vs Ref=1496 | Close=18477.00 vs VAH=18564.00
2026-02-02 12:41:32,493 [INFO]     NSE:KAYNES-EQ | CVD=33324 vs Ref=-99061 | Close=3388.00 vs VAL=3444.00
2026-02-02 12:41:34,131 [INFO]     NSE:MCX-EQ | CVD=-702068 vs Ref=58658 | Close=2205.20 vs VAH=2234.40
2026-02-02 12:41:34,377 [INFO]     NSE:PIIND-EQ | CVD=4476 vs Ref=-17103 | Close=3032.40 vs VAL=3049.50
2026-02-02 12:41:35,778 [INFO]     NSE:GODREJPROP-EQ | CVD=-31404 vs Ref=25814 | Close=1520.10 vs VAH=1540.80
2026-02-02 12:41:36,092 [INFO]     NSE:HINDUNILVR-EQ | CVD=101922 vs Ref=-17753 | Close=2353.30 vs VAL=2318.40
2026-02-02 12:41:37,478 [INFO]     NSE:JINDALSTEL-EQ | CVD=271241 vs Ref=4003 | Close=1091.50 vs VAH=1107.90
2026-02-02 12:41:37,989 [INFO]     NSE:CHOLAFIN-EQ | CVD=193837 vs Ref=-79867 | Close=1563.50 vs VAL=1526.80
2026-02-02 12:41:39,759 [INFO]     NSE:HINDALCO-EQ | CVD=-679740 vs Ref=493502 | Close=902.80 vs VAH=913.80
2026-02-02 12:41:40,358 [INFO]     NSE:MAXHEALTH-EQ | CVD=234901 vs Ref=-26629 | Close=944.55 vs VAL=947.00
2026-02-02 12:41:40,727 [INFO] 🔍 Scanning for alerts on 3 symbols (5min)...
2026-02-02 12:41:41,980 [INFO]     NSE:INDIANB-EQ | CVD=246013 vs Ref=95330 | Close=813.45 vs VAH=835.55
2026-02-02 12:41:42,392 [INFO]     NSE:IDFCFIRSTB-EQ | CVD=5179124 vs Ref=-243483 | Close=79.82 vs VAL=79.70
2026-02-02 12:41:42,850 [INFO]     NSE:PIIND-EQ | CVD=4476 vs Ref=-17103 | Close=3032.40 vs VAL=3049.50
2026-02-02 12:41:43,900 [INFO]     NSE:OIL-EQ | CVD=-106976 vs Ref=116885 | Close=477.05 vs VAH=480.90
2026-02-02 12:41:45,100 [INFO]     NSE:CHOLAFIN-EQ | CVD=193837 vs Ref=-79867 | Close=1563.50 vs VAL=1526.80
2026-02-02 12:41:45,954 [INFO]     NSE:COALINDIA-EQ | CVD=939331 vs Ref=2495 | Close=414.70 vs VAH=417.80
2026-02-02 12:41:47,469 [INFO]     NSE:IDFCFIRSTB-EQ | CVD=5179124 vs Ref=-243483 | Close=79.82 vs VAL=79.70
2026-02-02 12:41:48,384 [INFO]     NSE:JSWENERGY-EQ | CVD=-191061 vs Ref=3921 | Close=441.45 vs VAH=447.80
2026-02-02 12:41:50,014 [INFO]     NSE:NATIONALUM-EQ | CVD=1469039 vs Ref=1364212 | Close=360.80 vs VAH=367.15
2026-02-02 12:41:50,260 [INFO] 🔍 Scanning for alerts on 1 symbols (5min)...
2026-02-02 12:41:51,671 [INFO]     NSE:PFC-EQ | CVD=-1142061 vs Ref=0 | Close=378.90 vs VAH=385.65
2026-02-02 12:41:52,103 [INFO]     NSE:HINDZINC-EQ | CVD=-751525 vs Ref=1657045 | Close=579.80 vs VAH=590.25
2026-02-02 12:41:53,829 [INFO]     NSE:RECLTD-EQ | CVD=536860 vs Ref=192310 | Close=356.70 vs VAH=366.00
2026-02-02 12:41:55,579 [INFO]     NSE:TATAPOWER-EQ | CVD=-302777 vs Ref=22693 | Close=350.25 vs VAH=355.20
2026-02-02 12:41:57,230 [INFO]     NSE:MANAPPURAM-EQ | CVD=-206661 vs Ref=98130 | Close=261.80 vs VAH=269.55
2026-02-02 12:41:59,457 [INFO]     NSE:LTF-EQ | CVD=-229365 vs Ref=98102 | Close=269.45 vs VAH=276.00
2026-02-02 12:42:01,511 [INFO]     NSE:HUDCO-EQ | CVD=-828622 vs Ref=1361 | Close=179.26 vs VAH=186.90
2026-02-02 12:42:03,605 [INFO]     NSE:GAIL-EQ | CVD=-2147273 vs Ref=1741 | Close=159.69 vs VAH=161.40
2026-02-02 12:42:05,672 [INFO]     NSE:SAMMAANCAP-EQ | CVD=78067 vs Ref=597206 | Close=141.69 vs VAH=144.90
2026-02-02 12:42:42,401 [INFO] 🔍 Scanning for alerts on 6 symbols (5min)...
2026-02-02 12:42:44,776 [INFO]     NSE:KAYNES-EQ | CVD=33324 vs Ref=-99061 | Close=3388.00 vs VAL=3444.00
2026-02-02 12:42:46,811 [INFO]     NSE:PIIND-EQ | CVD=4476 vs Ref=-17103 | Close=3032.40 vs VAL=3049.50
2026-02-02 12:42:47,476 [INFO] 🔍 Scanning for alerts on 3 symbols (5min)...
2026-02-02 12:42:48,508 [INFO]     NSE:HINDUNILVR-EQ | CVD=101922 vs Ref=-17753 | Close=2353.30 vs VAL=2318.40
2026-02-02 12:42:49,322 [INFO]     NSE:PIIND-EQ | CVD=4476 vs Ref=-17103 | Close=3032.40 vs VAL=3049.50
2026-02-02 12:42:50,337 [INFO]     NSE:CHOLAFIN-EQ | CVD=193837 vs Ref=-79867 | Close=1563.50 vs VAL=1526.80
2026-02-02 12:42:51,301 [INFO]     NSE:CHOLAFIN-EQ | CVD=193837 vs Ref=-79867 | Close=1563.50 vs VAL=1526.80
2026-02-02 12:42:52,107 [INFO] 🔍 Scanning for alerts on 1 symbols (5min)...
2026-02-02 12:42:53,301 [INFO]     NSE:MAXHEALTH-EQ | CVD=234901 vs Ref=-26629 | Close=944.55 vs VAL=947.00
2026-02-02 12:42:53,543 [INFO]     NSE:IDFCFIRSTB-EQ | CVD=5179124 vs Ref=-243483 | Close=79.82 vs VAL=79.70
2026-02-02 12:42:54,242 [INFO]     NSE:HINDZINC-EQ | CVD=-751525 vs Ref=1657045 | Close=579.80 vs VAH=590.25
2026-02-02 12:42:55,009 [INFO]     NSE:IDFCFIRSTB-EQ | CVD=5179124 vs Ref=-243483 | Close=79.82 vs VAL=79.70
2026-02-02 12:43:05,709 [INFO] 🔍 Scanning for alerts on 18 symbols (5min)...
2026-02-02 12:43:08,081 [INFO]     NSE:POWERINDIA-EQ | CVD=-13223 vs Ref=1496 | Close=18477.00 vs VAH=18564.00
2026-02-02 12:43:10,194 [INFO]     NSE:MCX-EQ | CVD=-702068 vs Ref=58658 | Close=2205.20 vs VAH=2234.40
2026-02-02 12:43:12,022 [INFO]     NSE:GODREJPROP-EQ | CVD=-31404 vs Ref=25814 | Close=1520.10 vs VAH=1540.80
2026-02-02 12:43:13,684 [INFO]     NSE:JINDALSTEL-EQ | CVD=271241 vs Ref=4003 | Close=1091.50 vs VAH=1107.90
2026-02-02 12:43:15,254 [INFO]     NSE:HINDALCO-EQ | CVD=-679740 vs Ref=493502 | Close=902.80 vs VAH=913.80
2026-02-02 12:43:16,897 [INFO]     NSE:INDIANB-EQ | CVD=246013 vs Ref=95330 | Close=813.45 vs VAH=835.55
2026-02-02 12:43:18,706 [INFO]     NSE:OIL-EQ | CVD=-106976 vs Ref=116885 | Close=477.05 vs VAH=480.90
2026-02-02 12:43:20,782 [INFO]     NSE:COALINDIA-EQ | CVD=939331 vs Ref=2495 | Close=414.70 vs VAH=417.80
2026-02-02 12:43:23,154 [INFO]     NSE:JSWENERGY-EQ | CVD=-191061 vs Ref=3921 | Close=441.45 vs VAH=447.80
2026-02-02 12:43:25,497 [INFO]     NSE:NATIONALUM-EQ | CVD=1469039 vs Ref=1364212 | Close=360.80 vs VAH=367.15
2026-02-02 12:43:27,159 [INFO]     NSE:PFC-EQ | CVD=-1142061 vs Ref=0 | Close=378.90 vs VAH=385.65
2026-02-02 12:43:28,714 [INFO]     NSE:RECLTD-EQ | CVD=536860 vs Ref=192310 | Close=356.70 vs VAH=366.00
2026-02-02 12:43:30,693 [INFO]     NSE:TATAPOWER-EQ | CVD=-302777 vs Ref=22693 | Close=350.25 vs VAH=355.20
2026-02-02 12:43:32,419 [INFO]     NSE:MANAPPURAM-EQ | CVD=-206661 vs Ref=98130 | Close=261.80 vs VAH=269.55
2026-02-02 12:43:34,200 [INFO]     NSE:LTF-EQ | CVD=-229365 vs Ref=98102 | Close=269.45 vs VAH=276.00
2026-02-02 12:43:36,529 [INFO]     NSE:HUDCO-EQ | CVD=-828622 vs Ref=1361 | Close=179.26 vs VAH=186.90
2026-02-02 12:43:38,421 [INFO]     NSE:GAIL-EQ | CVD=-2147273 vs Ref=1741 | Close=159.69 vs VAH=161.40
2026-02-02 12:43:40,002 [INFO]     NSE:SAMMAANCAP-EQ | CVD=78067 vs Ref=597206 | Close=141.69 vs VAH=144.90
2026-02-02 12:43:53,546 [INFO] 🔍 Scanning for alerts on 3 symbols (5min)...
2026-02-02 12:43:54,246 [INFO] 🔍 Scanning for alerts on 1 symbols (5min)...
2026-02-02 12:43:55,015 [INFO] 🔍 Scanning for alerts on 6 symbols (5min)...
2026-02-02 12:43:55,534 [INFO]     NSE:PIIND-EQ | CVD=4476 vs Ref=-17103 | Close=3032.40 vs VAL=3049.50
2026-02-02 12:43:56,356 [INFO]     NSE:HINDZINC-EQ | CVD=-751525 vs Ref=1657045 | Close=579.80 vs VAH=590.25
2026-02-02 12:43:57,141 [INFO]     NSE:KAYNES-EQ | CVD=33324 vs Ref=-99061 | Close=3388.00 vs VAL=3444.00
2026-02-02 12:43:57,799 [INFO]     NSE:CHOLAFIN-EQ | CVD=193837 vs Ref=-79867 | Close=1563.50 vs VAL=1526.80
2026-02-02 12:44:00,227 [INFO]     NSE:PIIND-EQ | CVD=4476 vs Ref=-17103 | Close=3032.40 vs VAL=3049.50
2026-02-02 12:44:00,789 [INFO]     NSE:IDFCFIRSTB-EQ | CVD=5179124 vs Ref=-243483 | Close=79.82 vs VAL=79.70
2026-02-02 12:44:02,720 [INFO]     NSE:HINDUNILVR-EQ | CVD=101922 vs Ref=-17753 | Close=2353.30 vs VAL=2318.40
2026-02-02 12:44:04,763 [INFO]     NSE:CHOLAFIN-EQ | CVD=193837 vs Ref=-79867 | Close=1563.50 vs VAL=1526.80
2026-02-02 12:44:06,751 [INFO]     NSE:MAXHEALTH-EQ | CVD=234901 vs Ref=-26629 | Close=944.55 vs VAL=947.00
2026-02-02 12:44:08,969 [INFO]     NSE:IDFCFIRSTB-EQ | CVD=5179124 vs Ref=-243483 | Close=79.82 vs VAL=79.70
2026-02-02 12:44:40,006 [INFO] 🔍 Scanning for alerts on 18 symbols (5min)...
2026-02-02 12:44:41,707 [INFO]     NSE:POWERINDIA-EQ | CVD=-13223 vs Ref=1496 | Close=18477.00 vs VAH=18564.00
2026-02-02 12:44:43,890 [INFO]     NSE:MCX-EQ | CVD=-702068 vs Ref=58658 | Close=2205.20 vs VAH=2234.40
2026-02-02 12:44:45,632 [INFO]     NSE:GODREJPROP-EQ | CVD=-31404 vs Ref=25814 | Close=1520.10 vs VAH=1540.80
2026-02-02 12:44:47,620 [INFO]     NSE:JINDALSTEL-EQ | CVD=271241 vs Ref=4003 | Close=1091.50 vs VAH=1107.90
2026-02-02 12:44:49,556 [INFO]     NSE:HINDALCO-EQ | CVD=-679740 vs Ref=493502 | Close=902.80 vs VAH=913.80
2026-02-02 12:44:51,320 [INFO]     NSE:INDIANB-EQ | CVD=246013 vs Ref=95330 | Close=813.45 vs VAH=835.55
2026-02-02 12:44:52,917 [INFO]     NSE:OIL-EQ | CVD=-106976 vs Ref=116885 | Close=477.05 vs VAH=480.90
2026-02-02 12:44:55,192 [INFO]     NSE:COALINDIA-EQ | CVD=939331 vs Ref=2495 | Close=414.70 vs VAH=417.80
2026-02-02 12:44:56,360 [INFO] 🔍 Scanning for alerts on 1 symbols (5min)...
2026-02-02 12:44:57,016 [INFO]     NSE:JSWENERGY-EQ | CVD=-191061 vs Ref=3921 | Close=441.45 vs VAH=447.80
2026-02-02 12:44:58,423 [INFO]     NSE:HINDZINC-EQ | CVD=-751525 vs Ref=1657045 | Close=579.80 vs VAH=590.25
2026-02-02 12:44:59,084 [INFO]     NSE:NATIONALUM-EQ | CVD=1469039 vs Ref=1364212 | Close=360.80 vs VAH=367.15
2026-02-02 12:45:00,795 [INFO] 🔍 Scanning for alerts on 3 symbols (5min)...
2026-02-02 12:45:01,667 [INFO]     NSE:PFC-EQ | CVD=-1142061 vs Ref=0 | Close=378.90 vs VAH=385.65
2026-02-02 12:45:03,895 [INFO]     NSE:PIIND-EQ | CVD=4476 vs Ref=-17103 | Close=3032.40 vs VAL=3049.50
2026-02-02 12:45:04,670 [INFO]     NSE:RECLTD-EQ | CVD=536860 vs Ref=192310 | Close=356.70 vs VAH=366.00
2026-02-02 12:45:06,070 [INFO]     NSE:CHOLAFIN-EQ | CVD=193837 vs Ref=-79867 | Close=1563.50 vs VAL=1526.80
2026-02-02 12:45:06,750 [INFO]     NSE:TATAPOWER-EQ | CVD=-302777 vs Ref=22693 | Close=350.25 vs VAH=355.20
2026-02-02 12:45:08,114 [INFO]     NSE:IDFCFIRSTB-EQ | CVD=5179124 vs Ref=-243483 | Close=79.82 vs VAL=79.70
2026-02-02 12:45:08,977 [INFO] 🔍 Scanning for alerts on 6 symbols (5min)...
2026-02-02 12:45:09,451 [INFO]     NSE:MANAPPURAM-EQ | CVD=-206661 vs Ref=98130 | Close=261.80 vs VAH=269.55
2026-02-02 12:45:11,474 [INFO]     NSE:KAYNES-EQ | CVD=33324 vs Ref=-99061 | Close=3388.00 vs VAL=3444.00
2026-02-02 12:45:11,805 [INFO]     NSE:LTF-EQ | CVD=-229365 vs Ref=98102 | Close=269.45 vs VAH=276.00
2026-02-02 12:45:13,435 [INFO]     NSE:PIIND-EQ | CVD=4476 vs Ref=-17103 | Close=3032.40 vs VAL=3049.50
2026-02-02 12:45:13,648 [INFO]     NSE:HUDCO-EQ | CVD=-828622 vs Ref=1361 | Close=179.26 vs VAH=186.90
2026-02-02 12:45:15,152 [INFO]     NSE:HINDUNILVR-EQ | CVD=101922 vs Ref=-17753 | Close=2353.30 vs VAL=2318.40
2026-02-02 12:45:15,345 [INFO]     NSE:GAIL-EQ | CVD=-2147273 vs Ref=1741 | Close=159.69 vs VAH=161.40
2026-02-02 12:45:16,991 [INFO]     NSE:CHOLAFIN-EQ | CVD=193837 vs Ref=-79867 | Close=1563.50 vs VAL=1526.80
2026-02-02 12:45:17,102 [INFO]     NSE:SAMMAANCAP-EQ | CVD=78067 vs Ref=597206 | Close=141.69 vs VAH=144.90
2026-02-02 12:45:18,608 [INFO]     NSE:MAXHEALTH-EQ | CVD=234901 vs Ref=-26629 | Close=944.55 vs VAL=947.00
2026-02-02 12:45:20,413 [INFO]     NSE:IDFCFIRSTB-EQ | CVD=5179124 vs Ref=-243483 | Close=79.82 vs VAL=79.70
2026-02-02 12:45:58,427 [INFO] 🔍 Scanning for alerts on 1 symbols (5min)...
2026-02-02 12:46:00,111 [INFO]     NSE:HINDZINC-EQ | CVD=-751525 vs Ref=1657045 | Close=579.80 vs VAH=590.25
2026-02-02 12:46:08,118 [INFO] 🔍 Scanning for alerts on 3 symbols (5min)...
2026-02-02 12:46:10,378 [INFO]     NSE:PIIND-EQ | CVD=3456 vs Ref=-17103 | Close=3030.20 vs VAL=3049.50
2026-02-02 12:46:12,417 [INFO]     NSE:CHOLAFIN-EQ | CVD=199348 vs Ref=-79867 | Close=1565.30 vs VAL=1526.80
2026-02-02 12:46:14,368 [INFO]     NSE:IDFCFIRSTB-EQ | CVD=5109230 vs Ref=-243483 | Close=79.74 vs VAL=79.70
2026-02-02 12:46:17,105 [INFO] 🔍 Scanning for alerts on 18 symbols (5min)...
2026-02-02 12:46:18,774 [INFO]     NSE:POWERINDIA-EQ | CVD=-12631 vs Ref=1496 | Close=18527.00 vs VAH=18564.00
2026-02-02 12:46:20,384 [INFO]     NSE:MCX-EQ | CVD=-651180 vs Ref=58658 | Close=2222.40 vs VAH=2234.40
2026-02-02 12:46:20,417 [INFO] 🔍 Scanning for alerts on 6 symbols (5min)...
2026-02-02 12:46:23,105 [INFO]     NSE:GODREJPROP-EQ | CVD=-27503 vs Ref=25814 | Close=1522.10 vs VAH=1540.80
2026-02-02 12:46:23,105 [INFO]     NSE:KAYNES-EQ | CVD=35483 vs Ref=-99061 | Close=3380.40 vs VAL=3444.00
2026-02-02 12:46:25,588 [INFO]     NSE:JINDALSTEL-EQ | CVD=273300 vs Ref=4003 | Close=1093.00 vs VAH=1107.90
2026-02-02 12:46:25,712 [INFO]     NSE:PIIND-EQ | CVD=3456 vs Ref=-17103 | Close=3030.20 vs VAL=3049.50
2026-02-02 12:46:28,024 [INFO]     NSE:HINDALCO-EQ | CVD=-636141 vs Ref=493502 | Close=904.50 vs VAH=913.80
2026-02-02 12:46:28,027 [INFO]     NSE:HINDUNILVR-EQ | CVD=98087 vs Ref=-17753 | Close=2348.10 vs VAL=2318.40
2026-02-02 12:46:30,346 [INFO]     NSE:INDIANB-EQ | CVD=250299 vs Ref=95330 | Close=815.00 vs VAH=835.55
2026-02-02 12:46:30,367 [INFO]     NSE:CHOLAFIN-EQ | CVD=199348 vs Ref=-79867 | Close=1565.30 vs VAL=1526.80
2026-02-02 12:46:32,203 [INFO]     NSE:OIL-EQ | CVD=-103573 vs Ref=116885 | Close=477.20 vs VAH=480.90
2026-02-02 12:46:32,272 [INFO]     NSE:MAXHEALTH-EQ | CVD=243397 vs Ref=-26629 | Close=946.05 vs VAL=947.00
2026-02-02 12:46:34,079 [INFO]     NSE:COALINDIA-EQ | CVD=942320 vs Ref=2495 | Close=414.75 vs VAH=417.80
2026-02-02 12:46:34,121 [INFO]     NSE:IDFCFIRSTB-EQ | CVD=5109230 vs Ref=-243483 | Close=79.74 vs VAL=79.70
2026-02-02 12:46:35,697 [INFO]     NSE:JSWENERGY-EQ | CVD=-191095 vs Ref=3921 | Close=442.10 vs VAH=447.80
2026-02-02 12:46:37,343 [INFO]     NSE:NATIONALUM-EQ | CVD=1478562 vs Ref=1364212 | Close=361.25 vs VAH=367.15
2026-02-02 12:46:38,989 [INFO]     NSE:PFC-EQ | CVD=-1136603 vs Ref=0 | Close=378.70 vs VAH=385.65
2026-02-02 12:46:40,713 [INFO]     NSE:RECLTD-EQ | CVD=476676 vs Ref=192310 | Close=356.25 vs VAH=366.00
2026-02-02 12:46:42,550 [INFO]     NSE:TATAPOWER-EQ | CVD=-302369 vs Ref=22693 | Close=350.15 vs VAH=355.20
2026-02-02 12:46:44,504 [INFO]     NSE:MANAPPURAM-EQ | CVD=-127512 vs Ref=98130 | Close=265.20 vs VAH=269.55
2026-02-02 12:46:46,519 [INFO]     NSE:LTF-EQ | CVD=-248558 vs Ref=98102 | Close=270.00 vs VAH=276.00
2026-02-02 12:46:49,166 [INFO]     NSE:HUDCO-EQ | CVD=-713373 vs Ref=1361 | Close=179.73 vs VAH=186.90
2026-02-02 12:46:50,883 [INFO]     NSE:GAIL-EQ | CVD=-2170067 vs Ref=1741 | Close=159.69 vs VAH=161.40
2026-02-02 12:46:52,604 [INFO]     NSE:SAMMAANCAP-EQ | CVD=136897 vs Ref=597206 | Close=142.77 vs VAH=144.90
2026-02-02 12:47:01,172 [INFO] 🔍 Scanning for alerts on 1 symbols (5min)...
2026-02-02 12:47:03,415 [INFO]     NSE:HINDZINC-EQ | CVD=-667187 vs Ref=1657045 | Close=579.90 vs VAH=590.25
2026-02-02 12:47:14,370 [INFO] 🔍 Scanning for alerts on 3 symbols (5min)...
2026-02-02 12:47:15,997 [INFO]     NSE:PIIND-EQ | CVD=3456 vs Ref=-17103 | Close=3030.20 vs VAL=3049.50
2026-02-02 12:47:17,738 [INFO]     NSE:CHOLAFIN-EQ | CVD=199348 vs Ref=-79867 | Close=1565.30 vs VAL=1526.80
2026-02-02 12:47:19,729 [INFO]     NSE:IDFCFIRSTB-EQ | CVD=5109230 vs Ref=-243483 | Close=79.74 vs VAL=79.70
2026-02-02 12:47:34,128 [INFO] 🔍 Scanning for alerts on 6 symbols (5min)...
2026-02-02 12:47:36,277 [INFO]     NSE:KAYNES-EQ | CVD=35483 vs Ref=-99061 | Close=3380.40 vs VAL=3444.00
2026-02-02 12:47:38,296 [INFO]     NSE:PIIND-EQ | CVD=3456 vs Ref=-17103 | Close=3030.20 vs VAL=3049.50
2026-02-02 12:47:39,875 [INFO]     NSE:HINDUNILVR-EQ | CVD=98087 vs Ref=-17753 | Close=2348.10 vs VAL=2318.40
2026-02-02 12:47:41,521 [INFO]     NSE:CHOLAFIN-EQ | CVD=199348 vs Ref=-79867 | Close=1565.30 vs VAL=1526.80
2026-02-02 12:47:43,397 [INFO]     NSE:MAXHEALTH-EQ | CVD=243397 vs Ref=-26629 | Close=946.05 vs VAL=947.00
2026-02-02 12:47:45,151 [INFO]     NSE:IDFCFIRSTB-EQ | CVD=5109230 vs Ref=-243483 | Close=79.74 vs VAL=79.70
2026-02-02 12:47:52,618 [INFO] 🔍 Scanning for alerts on 18 symbols (5min)...
2026-02-02 12:47:54,776 [INFO]     NSE:POWERINDIA-EQ | CVD=-12631 vs Ref=1496 | Close=18527.00 vs VAH=18564.00
2026-02-02 12:47:56,367 [INFO]     NSE:MCX-EQ | CVD=-651180 vs Ref=58658 | Close=2222.40 vs VAH=2234.40
2026-02-02 12:47:58,130 [INFO]     NSE:GODREJPROP-EQ | CVD=-27503 vs Ref=25814 | Close=1522.10 vs VAH=1540.80
2026-02-02 12:48:00,633 [INFO]     NSE:JINDALSTEL-EQ | CVD=273300 vs Ref=4003 | Close=1093.00 vs VAH=1107.90
2026-02-02 12:48:03,068 [INFO]     NSE:HINDALCO-EQ | CVD=-636141 vs Ref=493502 | Close=904.50 vs VAH=913.80
2026-02-02 12:48:03,419 [INFO] 🔍 Scanning for alerts on 1 symbols (5min)...
2026-02-02 12:48:05,362 [INFO]     NSE:INDIANB-EQ | CVD=250299 vs Ref=95330 | Close=815.00 vs VAH=835.55
2026-02-02 12:48:05,806 [INFO]     NSE:HINDZINC-EQ | CVD=-667187 vs Ref=1657045 | Close=579.90 vs VAH=590.25
2026-02-02 12:48:07,576 [INFO]     NSE:OIL-EQ | CVD=-103573 vs Ref=116885 | Close=477.20 vs VAH=480.90
2026-02-02 12:48:09,270 [INFO]     NSE:COALINDIA-EQ | CVD=942320 vs Ref=2495 | Close=414.75 vs VAH=417.80
2026-02-02 12:48:10,936 [INFO]     NSE:JSWENERGY-EQ | CVD=-191095 vs Ref=3921 | Close=442.10 vs VAH=447.80
2026-02-02 12:48:12,997 [INFO]     NSE:NATIONALUM-EQ | CVD=1478562 vs Ref=1364212 | Close=361.25 vs VAH=367.15
2026-02-02 12:48:15,202 [INFO]     NSE:PFC-EQ | CVD=-1136603 vs Ref=0 | Close=378.70 vs VAH=385.65
2026-02-02 12:48:16,986 [INFO]     NSE:RECLTD-EQ | CVD=476676 vs Ref=192310 | Close=356.25 vs VAH=366.00
2026-02-02 12:48:18,674 [INFO]     NSE:TATAPOWER-EQ | CVD=-302369 vs Ref=22693 | Close=350.15 vs VAH=355.20
2026-02-02 12:48:19,734 [INFO] 🔍 Scanning for alerts on 3 symbols (5min)...
2026-02-02 12:48:20,324 [INFO]     NSE:MANAPPURAM-EQ | CVD=-127512 vs Ref=98130 | Close=265.20 vs VAH=269.55
2026-02-02 12:48:21,619 [INFO]     NSE:PIIND-EQ | CVD=3456 vs Ref=-17103 | Close=3030.20 vs VAL=3049.50
2026-02-02 12:48:22,217 [INFO]     NSE:LTF-EQ | CVD=-248558 vs Ref=98102 | Close=270.00 vs VAH=276.00
2026-02-02 12:48:23,864 [INFO]     NSE:CHOLAFIN-EQ | CVD=199348 vs Ref=-79867 | Close=1565.30 vs VAL=1526.80
2026-02-02 12:48:24,657 [INFO]     NSE:HUDCO-EQ | CVD=-713373 vs Ref=1361 | Close=179.73 vs VAH=186.90
2026-02-02 12:48:26,554 [INFO]     NSE:IDFCFIRSTB-EQ | CVD=5109230 vs Ref=-243483 | Close=79.74 vs VAL=79.70
2026-02-02 12:48:27,524 [INFO]     NSE:GAIL-EQ | CVD=-2170067 vs Ref=1741 | Close=159.69 vs VAH=161.40
2026-02-02 12:48:29,930 [INFO]     NSE:SAMMAANCAP-EQ | CVD=136897 vs Ref=597206 | Close=142.77 vs VAH=144.90
2026-02-02 12:48:45,157 [INFO] 🔍 Scanning for alerts on 6 symbols (5min)...
2026-02-02 12:48:46,827 [INFO]     NSE:KAYNES-EQ | CVD=35483 vs Ref=-99061 | Close=3380.40 vs VAL=3444.00
2026-02-02 12:48:48,497 [INFO]     NSE:PIIND-EQ | CVD=3456 vs Ref=-17103 | Close=3030.20 vs VAL=3049.50
2026-02-02 12:48:50,968 [INFO]     NSE:HINDUNILVR-EQ | CVD=98087 vs Ref=-17753 | Close=2348.10 vs VAL=2318.40
2026-02-02 12:48:52,729 [INFO]     NSE:CHOLAFIN-EQ | CVD=199348 vs Ref=-79867 | Close=1565.30 vs VAL=1526.80
2026-02-02 12:48:54,478 [INFO]     NSE:MAXHEALTH-EQ | CVD=243397 vs Ref=-26629 | Close=946.05 vs VAL=947.00
2026-02-02 12:48:56,464 [INFO]     NSE:IDFCFIRSTB-EQ | CVD=5109230 vs Ref=-243483 | Close=79.74 vs VAL=79.70
2026-02-02 12:49:05,811 [INFO] 🔍 Scanning for alerts on 1 symbols (5min)...
2026-02-02 12:49:07,568 [INFO]     NSE:HINDZINC-EQ | CVD=-667187 vs Ref=1657045 | Close=579.90 vs VAH=590.25
2026-02-02 12:49:26,610 [INFO] 🔍 Scanning for alerts on 3 symbols (5min)...
2026-02-02 12:49:29,421 [INFO]     NSE:PIIND-EQ | CVD=3456 vs Ref=-17103 | Close=3030.20 vs VAL=3049.50
2026-02-02 12:49:29,933 [INFO] 🔍 Scanning for alerts on 18 symbols (5min)...
2026-02-02 12:49:31,261 [INFO]     NSE:CHOLAFIN-EQ | CVD=199348 vs Ref=-79867 | Close=1565.30 vs VAL=1526.80
2026-02-02 12:49:31,721 [INFO]     NSE:POWERINDIA-EQ | CVD=-12631 vs Ref=1496 | Close=18527.00 vs VAH=18564.00
2026-02-02 12:49:33,001 [INFO]     NSE:IDFCFIRSTB-EQ | CVD=5109230 vs Ref=-243483 | Close=79.74 vs VAL=79.70
2026-02-02 12:49:33,458 [INFO]     NSE:MCX-EQ | CVD=-651180 vs Ref=58658 | Close=2222.40 vs VAH=2234.40
2026-02-02 12:49:35,155 [INFO]     NSE:GODREJPROP-EQ | CVD=-27503 vs Ref=25814 | Close=1522.10 vs VAH=1540.80
2026-02-02 12:49:36,950 [INFO]     NSE:JINDALSTEL-EQ | CVD=273300 vs Ref=4003 | Close=1093.00 vs VAH=1107.90
2026-02-02 12:49:38,648 [INFO]     NSE:HINDALCO-EQ | CVD=-636141 vs Ref=493502 | Close=904.50 vs VAH=913.80
2026-02-02 12:49:40,903 [INFO]     NSE:INDIANB-EQ | CVD=250299 vs Ref=95330 | Close=815.00 vs VAH=835.55
2026-02-02 12:49:42,739 [INFO]     NSE:OIL-EQ | CVD=-103573 vs Ref=116885 | Close=477.20 vs VAH=480.90
2026-02-02 12:49:44,417 [INFO]     NSE:COALINDIA-EQ | CVD=942320 vs Ref=2495 | Close=414.75 vs VAH=417.80
2026-02-02 12:49:46,126 [INFO]     NSE:JSWENERGY-EQ | CVD=-191095 vs Ref=3921 | Close=442.10 vs VAH=447.80
2026-02-02 12:49:48,495 [INFO]     NSE:NATIONALUM-EQ | CVD=1478562 vs Ref=1364212 | Close=361.25 vs VAH=367.15
2026-02-02 12:49:50,470 [INFO]     NSE:PFC-EQ | CVD=-1136603 vs Ref=0 | Close=378.70 vs VAH=385.65
2026-02-02 12:49:52,446 [INFO]     NSE:RECLTD-EQ | CVD=476676 vs Ref=192310 | Close=356.25 vs VAH=366.00
2026-02-02 12:49:54,227 [INFO]     NSE:TATAPOWER-EQ | CVD=-302369 vs Ref=22693 | Close=350.15 vs VAH=355.20
2026-02-02 12:49:56,339 [INFO]     NSE:MANAPPURAM-EQ | CVD=-127512 vs Ref=98130 | Close=265.20 vs VAH=269.55
2026-02-02 12:49:56,472 [INFO] 🔍 Scanning for alerts on 6 symbols (5min)...
2026-02-02 12:49:58,591 [INFO]     NSE:KAYNES-EQ | CVD=35483 vs Ref=-99061 | Close=3380.40 vs VAL=3444.00
2026-02-02 12:49:58,616 [INFO]     NSE:LTF-EQ | CVD=-248558 vs Ref=98102 | Close=270.00 vs VAH=276.00
2026-02-02 12:50:00,464 [INFO]     NSE:PIIND-EQ | CVD=3456 vs Ref=-17103 | Close=3030.20 vs VAL=3049.50
2026-02-02 12:50:00,475 [INFO]     NSE:HUDCO-EQ | CVD=-713373 vs Ref=1361 | Close=179.73 vs VAH=186.90
2026-02-02 12:50:02,866 [INFO]     NSE:GAIL-EQ | CVD=-2170067 vs Ref=1741 | Close=159.69 vs VAH=161.40
2026-02-02 12:50:02,912 [INFO]     NSE:HINDUNILVR-EQ | CVD=98087 vs Ref=-17753 | Close=2348.10 vs VAL=2318.40
2026-02-02 12:50:05,805 [INFO]     NSE:SAMMAANCAP-EQ | CVD=136897 vs Ref=597206 | Close=142.77 vs VAH=144.90
2026-02-02 12:50:05,916 [INFO]     NSE:CHOLAFIN-EQ | CVD=199348 vs Ref=-79867 | Close=1565.30 vs VAL=1526.80
2026-02-02 12:50:07,578 [INFO] 🔍 Scanning for alerts on 1 symbols (5min)...
2026-02-02 12:50:09,204 [INFO]     NSE:MAXHEALTH-EQ | CVD=243397 vs Ref=-26629 | Close=946.05 vs VAL=947.00
2026-02-02 12:50:10,681 [INFO]     NSE:HINDZINC-EQ | CVD=-667187 vs Ref=1657045 | Close=579.90 vs VAH=590.25
2026-02-02 12:50:11,349 [INFO]     NSE:IDFCFIRSTB-EQ | CVD=5109230 vs Ref=-243483 | Close=79.74 vs VAL=79.70
2026-02-02 12:50:33,004 [INFO] 🔍 Scanning for alerts on 3 symbols (5min)...
2026-02-02 12:50:35,062 [INFO]     NSE:PIIND-EQ | CVD=3456 vs Ref=-17103 | Close=3030.20 vs VAL=3049.50
2026-02-02 12:50:36,704 [INFO]     NSE:CHOLAFIN-EQ | CVD=199348 vs Ref=-79867 | Close=1565.30 vs VAL=1526.80
2026-02-02 12:50:38,266 [INFO]     NSE:IDFCFIRSTB-EQ | CVD=5109230 vs Ref=-243483 | Close=79.74 vs VAL=79.70
2026-02-02 12:51:05,808 [INFO] 🔍 Scanning for alerts on 18 symbols (5min)...
2026-02-02 12:51:08,232 [INFO]     NSE:POWERINDIA-EQ | CVD=-12044 vs Ref=1496 | Close=18540.00 vs VAH=18564.00
2026-02-02 12:51:09,841 [INFO]     NSE:MCX-EQ | CVD=-642455 vs Ref=58658 | Close=2225.00 vs VAH=2234.40
2026-02-02 12:51:10,686 [INFO] 🔍 Scanning for alerts on 1 symbols (5min)...
2026-02-02 12:51:11,357 [INFO] 🔍 Scanning for alerts on 6 symbols (5min)...
2026-02-02 12:51:11,512 [INFO]     NSE:GODREJPROP-EQ | CVD=-27379 vs Ref=25814 | Close=1525.20 vs VAH=1540.80
2026-02-02 12:51:12,806 [INFO]     NSE:HINDZINC-EQ | CVD=-754248 vs Ref=1657045 | Close=579.50 vs VAH=590.25
2026-02-02 12:51:13,522 [INFO]     NSE:KAYNES-EQ | CVD=33261 vs Ref=-99061 | Close=3390.60 vs VAL=3444.00
2026-02-02 12:51:13,546 [INFO]     NSE:JINDALSTEL-EQ | CVD=277823 vs Ref=4003 | Close=1095.60 vs VAH=1107.90
2026-02-02 12:51:15,623 [INFO]     NSE:HINDALCO-EQ | CVD=-614407 vs Ref=493502 | Close=907.00 vs VAH=913.80
2026-02-02 12:51:15,675 [INFO]     NSE:PIIND-EQ | CVD=3793 vs Ref=-17103 | Close=3036.20 vs VAL=3049.50
2026-02-02 12:51:17,710 [INFO]     NSE:HINDUNILVR-EQ | CVD=96807 vs Ref=-17753 | Close=2349.00 vs VAL=2318.40
2026-02-02 12:51:17,762 [INFO]     NSE:INDIANB-EQ | CVD=220081 vs Ref=95330 | Close=813.80 vs VAH=835.55
2026-02-02 12:51:20,309 [INFO]     NSE:OIL-EQ | CVD=-96613 vs Ref=116885 | Close=477.40 vs VAH=480.90
2026-02-02 12:51:20,479 [INFO]     NSE:CHOLAFIN-EQ | CVD=198732 vs Ref=-79867 | Close=1567.50 vs VAL=1526.80
2026-02-02 12:51:22,735 [INFO]     NSE:COALINDIA-EQ | CVD=954117 vs Ref=2495 | Close=415.75 vs VAH=417.80
2026-02-02 12:51:22,862 [INFO]     NSE:MAXHEALTH-EQ | CVD=203826 vs Ref=-26629 | Close=946.65 vs VAL=947.00
2026-02-02 12:51:25,070 [INFO]     NSE:JSWENERGY-EQ | CVD=-191378 vs Ref=3921 | Close=442.75 vs VAH=447.80
2026-02-02 12:51:25,243 [INFO]     NSE:IDFCFIRSTB-EQ | CVD=5162897 vs Ref=-243483 | Close=79.84 vs VAL=79.70
2026-02-02 12:51:27,498 [INFO]     NSE:NATIONALUM-EQ | CVD=1496158 vs Ref=1364212 | Close=361.55 vs VAH=367.15
2026-02-02 12:51:29,385 [INFO]     NSE:PFC-EQ | CVD=-1124455 vs Ref=0 | Close=379.15 vs VAH=385.65
2026-02-02 12:51:31,325 [INFO]     NSE:RECLTD-EQ | CVD=732395 vs Ref=192310 | Close=356.70 vs VAH=366.00
2026-02-02 12:51:32,990 [INFO]     NSE:TATAPOWER-EQ | CVD=-290284 vs Ref=22693 | Close=350.95 vs VAH=355.20
2026-02-02 12:51:34,575 [INFO]     NSE:MANAPPURAM-EQ | CVD=-169621 vs Ref=98130 | Close=264.90 vs VAH=269.55
2026-02-02 12:51:36,242 [INFO]     NSE:LTF-EQ | CVD=-182021 vs Ref=98102 | Close=271.25 vs VAH=276.00
2026-02-02 12:51:38,235 [INFO]     NSE:HUDCO-EQ | CVD=-732388 vs Ref=1361 | Close=179.71 vs VAH=186.90
2026-02-02 12:51:38,268 [INFO] 🔍 Scanning for alerts on 3 symbols (5min)...
2026-02-02 12:51:40,087 [INFO]     NSE:GAIL-EQ | CVD=-2097378 vs Ref=1741 | Close=159.67 vs VAH=161.40
2026-02-02 12:51:40,338 [INFO]     NSE:PIIND-EQ | CVD=3793 vs Ref=-17103 | Close=3036.20 vs VAL=3049.50
2026-02-02 12:51:42,446 [INFO]     NSE:SAMMAANCAP-EQ | CVD=179654 vs Ref=597206 | Close=143.12 vs VAH=144.90
2026-02-02 12:51:42,728 [INFO]     NSE:CHOLAFIN-EQ | CVD=198732 vs Ref=-79867 | Close=1567.50 vs VAL=1526.80
2026-02-02 12:51:44,238 [INFO]     NSE:IDFCFIRSTB-EQ | CVD=5162897 vs Ref=-243483 | Close=79.84 vs VAL=79.70
2026-02-02 12:52:12,810 [INFO] 🔍 Scanning for alerts on 1 symbols (5min)...
2026-02-02 12:52:14,637 [INFO]     NSE:HINDZINC-EQ | CVD=-754248 vs Ref=1657045 | Close=579.50 vs VAH=590.25
2026-02-02 12:52:25,251 [INFO] 🔍 Scanning for alerts on 6 symbols (5min)...
2026-02-02 12:52:27,260 [INFO]     NSE:KAYNES-EQ | CVD=33261 vs Ref=-99061 | Close=3390.60 vs VAL=3444.00
2026-02-02 12:52:29,244 [INFO]     NSE:PIIND-EQ | CVD=3793 vs Ref=-17103 | Close=3036.20 vs VAL=3049.50
2026-02-02 12:52:31,085 [INFO]     NSE:HINDUNILVR-EQ | CVD=96807 vs Ref=-17753 | Close=2349.00 vs VAL=2318.40
2026-02-02 12:52:32,719 [INFO]     NSE:CHOLAFIN-EQ | CVD=198732 vs Ref=-79867 | Close=1567.50 vs VAL=1526.80
2026-02-02 12:52:34,454 [INFO]     NSE:MAXHEALTH-EQ | CVD=203826 vs Ref=-26629 | Close=946.65 vs VAL=947.00
2026-02-02 12:52:36,977 [INFO]     NSE:IDFCFIRSTB-EQ | CVD=5162897 vs Ref=-243483 | Close=79.84 vs VAL=79.70
2026-02-02 12:52:42,449 [INFO] 🔍 Scanning for alerts on 18 symbols (5min)...
2026-02-02 12:52:44,031 [INFO]     NSE:POWERINDIA-EQ | CVD=-12044 vs Ref=1496 | Close=18540.00 vs VAH=18564.00
2026-02-02 12:52:44,245 [INFO] 🔍 Scanning for alerts on 3 symbols (5min)...
2026-02-02 12:52:46,025 [INFO]     NSE:MCX-EQ | CVD=-642455 vs Ref=58658 | Close=2225.00 vs VAH=2234.40
2026-02-02 12:52:46,340 [INFO]     NSE:PIIND-EQ | CVD=3793 vs Ref=-17103 | Close=3036.20 vs VAL=3049.50
2026-02-02 12:52:47,998 [INFO]     NSE:GODREJPROP-EQ | CVD=-27379 vs Ref=25814 | Close=1525.20 vs VAH=1540.80
2026-02-02 12:52:48,464 [INFO]     NSE:CHOLAFIN-EQ | CVD=198732 vs Ref=-79867 | Close=1567.50 vs VAL=1526.80
2026-02-02 12:52:49,871 [INFO]     NSE:JINDALSTEL-EQ | CVD=277823 vs Ref=4003 | Close=1095.60 vs VAH=1107.90
2026-02-02 12:52:50,297 [INFO]     NSE:IDFCFIRSTB-EQ | CVD=5162897 vs Ref=-243483 | Close=79.84 vs VAL=79.70
2026-02-02 12:52:51,691 [INFO]     NSE:HINDALCO-EQ | CVD=-614407 vs Ref=493502 | Close=907.00 vs VAH=913.80
2026-02-02 12:52:53,462 [INFO]     NSE:INDIANB-EQ | CVD=220081 vs Ref=95330 | Close=813.80 vs VAH=835.55
2026-02-02 12:52:54,932 [INFO]     NSE:OIL-EQ | CVD=-96613 vs Ref=116885 | Close=477.40 vs VAH=480.90
2026-02-02 12:52:56,497 [INFO]     NSE:COALINDIA-EQ | CVD=954117 vs Ref=2495 | Close=415.75 vs VAH=417.80
2026-02-02 12:52:58,223 [INFO]     NSE:JSWENERGY-EQ | CVD=-191378 vs Ref=3921 | Close=442.75 vs VAH=447.80
2026-02-02 12:53:00,033 [INFO]     NSE:NATIONALUM-EQ | CVD=1496158 vs Ref=1364212 | Close=361.55 vs VAH=367.15
2026-02-02 12:53:02,201 [INFO]     NSE:PFC-EQ | CVD=-1124455 vs Ref=0 | Close=379.15 vs VAH=385.65
2026-02-02 12:53:04,183 [INFO]     NSE:RECLTD-EQ | CVD=732395 vs Ref=192310 | Close=356.70 vs VAH=366.00
2026-02-02 12:53:06,348 [INFO]     NSE:TATAPOWER-EQ | CVD=-290284 vs Ref=22693 | Close=350.95 vs VAH=355.20
2026-02-02 12:53:08,039 [INFO]     NSE:MANAPPURAM-EQ | CVD=-169621 vs Ref=98130 | Close=264.90 vs VAH=269.55
2026-02-02 12:53:09,717 [INFO]     NSE:LTF-EQ | CVD=-182021 vs Ref=98102 | Close=271.25 vs VAH=276.00
2026-02-02 12:53:11,304 [INFO]     NSE:HUDCO-EQ | CVD=-732388 vs Ref=1361 | Close=179.71 vs VAH=186.90
2026-02-02 12:53:13,271 [INFO]     NSE:GAIL-EQ | CVD=-2097378 vs Ref=1741 | Close=159.67 vs VAH=161.40
2026-02-02 12:53:14,639 [INFO] 🔍 Scanning for alerts on 1 symbols (5min)...
2026-02-02 12:53:15,197 [INFO]     NSE:SAMMAANCAP-EQ | CVD=179654 vs Ref=597206 | Close=143.12 vs VAH=144.90
2026-02-02 12:53:16,754 [INFO]     NSE:HINDZINC-EQ | CVD=-754248 vs Ref=1657045 | Close=579.50 vs VAH=590.25
2026-02-02 12:53:36,983 [INFO] 🔍 Scanning for alerts on 6 symbols (5min)...
2026-02-02 12:53:39,106 [INFO]     NSE:KAYNES-EQ | CVD=33261 vs Ref=-99061 | Close=3390.60 vs VAL=3444.00
2026-02-02 12:53:40,775 [INFO]     NSE:PIIND-EQ | CVD=3793 vs Ref=-17103 | Close=3036.20 vs VAL=3049.50
2026-02-02 12:53:42,525 [INFO]     NSE:HINDUNILVR-EQ | CVD=96807 vs Ref=-17753 | Close=2349.00 vs VAL=2318.40
2026-02-02 12:53:44,632 [INFO]     NSE:CHOLAFIN-EQ | CVD=198732 vs Ref=-79867 | Close=1567.50 vs VAL=1526.80
2026-02-02 12:53:46,267 [INFO]     NSE:MAXHEALTH-EQ | CVD=203826 vs Ref=-26629 | Close=946.65 vs VAL=947.00
2026-02-02 12:53:47,918 [INFO]     NSE:IDFCFIRSTB-EQ | CVD=5162897 vs Ref=-243483 | Close=79.84 vs VAL=79.70
2026-02-02 12:53:50,300 [INFO] 🔍 Scanning for alerts on 3 symbols (5min)...
2026-02-02 12:53:52,055 [INFO]     NSE:PIIND-EQ | CVD=3793 vs Ref=-17103 | Close=3036.20 vs VAL=3049.50
2026-02-02 12:53:53,791 [INFO]     NSE:CHOLAFIN-EQ | CVD=198732 vs Ref=-79867 | Close=1567.50 vs VAL=1526.80
2026-02-02 12:53:55,569 [INFO]     NSE:IDFCFIRSTB-EQ | CVD=5162897 vs Ref=-243483 | Close=79.84 vs VAL=79.70
2026-02-02 12:54:15,203 [INFO] 🔍 Scanning for alerts on 18 symbols (5min)...
2026-02-02 12:54:16,759 [INFO] 🔍 Scanning for alerts on 1 symbols (5min)...
2026-02-02 12:54:16,791 [INFO]     NSE:POWERINDIA-EQ | CVD=-12044 vs Ref=1496 | Close=18540.00 vs VAH=18564.00
2026-02-02 12:54:18,492 [INFO]     NSE:MCX-EQ | CVD=-642455 vs Ref=58658 | Close=2225.00 vs VAH=2234.40
2026-02-02 12:54:18,569 [INFO]     NSE:HINDZINC-EQ | CVD=-754248 vs Ref=1657045 | Close=579.50 vs VAH=590.25
2026-02-02 12:54:20,145 [INFO]     NSE:GODREJPROP-EQ | CVD=-27379 vs Ref=25814 | Close=1525.20 vs VAH=1540.80
2026-02-02 12:54:21,740 [INFO]     NSE:JINDALSTEL-EQ | CVD=277823 vs Ref=4003 | Close=1095.60 vs VAH=1107.90
2026-02-02 12:54:23,893 [INFO]     NSE:HINDALCO-EQ | CVD=-614407 vs Ref=493502 | Close=907.00 vs VAH=913.80
2026-02-02 12:54:26,681 [INFO]     NSE:INDIANB-EQ | CVD=220081 vs Ref=95330 | Close=813.80 vs VAH=835.55
2026-02-02 12:54:28,901 [INFO]     NSE:OIL-EQ | CVD=-96613 vs Ref=116885 | Close=477.40 vs VAH=480.90
2026-02-02 12:54:30,636 [INFO]     NSE:COALINDIA-EQ | CVD=954117 vs Ref=2495 | Close=415.75 vs VAH=417.80
2026-02-02 12:54:32,261 [INFO]     NSE:JSWENERGY-EQ | CVD=-191378 vs Ref=3921 | Close=442.75 vs VAH=447.80
2026-02-02 12:54:33,870 [INFO]     NSE:NATIONALUM-EQ | CVD=1496158 vs Ref=1364212 | Close=361.55 vs VAH=367.15
2026-02-02 12:54:35,559 [INFO]     NSE:PFC-EQ | CVD=-1124455 vs Ref=0 | Close=379.15 vs VAH=385.65
2026-02-02 12:54:37,540 [INFO]     NSE:RECLTD-EQ | CVD=732395 vs Ref=192310 | Close=356.70 vs VAH=366.00
2026-02-02 12:54:39,474 [INFO]     NSE:TATAPOWER-EQ | CVD=-290284 vs Ref=22693 | Close=350.95 vs VAH=355.20
2026-02-02 12:54:41,039 [INFO]     NSE:MANAPPURAM-EQ | CVD=-169621 vs Ref=98130 | Close=264.90 vs VAH=269.55
2026-02-02 12:54:42,673 [INFO]     NSE:LTF-EQ | CVD=-182021 vs Ref=98102 | Close=271.25 vs VAH=276.00
2026-02-02 12:54:44,328 [INFO]     NSE:HUDCO-EQ | CVD=-732388 vs Ref=1361 | Close=179.71 vs VAH=186.90
2026-02-02 12:54:45,989 [INFO]     NSE:GAIL-EQ | CVD=-2097378 vs Ref=1741 | Close=159.67 vs VAH=161.40
2026-02-02 12:54:47,587 [INFO]     NSE:SAMMAANCAP-EQ | CVD=179654 vs Ref=597206 | Close=143.12 vs VAH=144.90
2026-02-02 12:54:47,924 [INFO] 🔍 Scanning for alerts on 6 symbols (5min)...
2026-02-02 12:54:49,846 [INFO]     NSE:KAYNES-EQ | CVD=33261 vs Ref=-99061 | Close=3390.60 vs VAL=3444.00
2026-02-02 12:54:51,802 [INFO]     NSE:PIIND-EQ | CVD=3793 vs Ref=-17103 | Close=3036.20 vs VAL=3049.50
2026-02-02 12:54:53,293 [INFO]     NSE:HINDUNILVR-EQ | CVD=96807 vs Ref=-17753 | Close=2349.00 vs VAL=2318.40
2026-02-02 12:54:55,055 [INFO]     NSE:CHOLAFIN-EQ | CVD=198732 vs Ref=-79867 | Close=1567.50 vs VAL=1526.80
2026-02-02 12:54:55,572 [INFO] 🔍 Scanning for alerts on 3 symbols (5min)...
2026-02-02 12:54:57,117 [INFO]     NSE:MAXHEALTH-EQ | CVD=203826 vs Ref=-26629 | Close=946.65 vs VAL=947.00
2026-02-02 12:54:57,671 [INFO]     NSE:PIIND-EQ | CVD=3793 vs Ref=-17103 | Close=3036.20 vs VAL=3049.50
2026-02-02 12:54:58,850 [INFO]     NSE:IDFCFIRSTB-EQ | CVD=5162897 vs Ref=-243483 | Close=79.84 vs VAL=79.70
2026-02-02 12:54:59,495 [INFO]     NSE:CHOLAFIN-EQ | CVD=198732 vs Ref=-79867 | Close=1567.50 vs VAL=1526.80
2026-02-02 12:55:01,269 [INFO]     NSE:IDFCFIRSTB-EQ | CVD=5162897 vs Ref=-243483 | Close=79.84 vs VAL=79.70
2026-02-02 12:55:18,574 [INFO] 🔍 Scanning for alerts on 1 symbols (5min)...
2026-02-02 12:55:20,255 [INFO]     NSE:HINDZINC-EQ | CVD=-754248 vs Ref=1657045 | Close=579.50 vs VAH=590.25
2026-02-02 12:55:47,592 [INFO] 🔍 Scanning for alerts on 18 symbols (5min)...
2026-02-02 12:55:49,275 [INFO]     NSE:POWERINDIA-EQ | CVD=-12044 vs Ref=1496 | Close=18540.00 vs VAH=18564.00
2026-02-02 12:55:50,889 [INFO]     NSE:MCX-EQ | CVD=-642455 vs Ref=58658 | Close=2225.00 vs VAH=2234.40
2026-02-02 12:55:52,411 [INFO]     NSE:GODREJPROP-EQ | CVD=-27379 vs Ref=25814 | Close=1525.20 vs VAH=1540.80
2026-02-02 12:55:53,919 [INFO]     NSE:JINDALSTEL-EQ | CVD=277823 vs Ref=4003 | Close=1095.60 vs VAH=1107.90
2026-02-02 12:55:55,652 [INFO]     NSE:HINDALCO-EQ | CVD=-614407 vs Ref=493502 | Close=907.00 vs VAH=913.80
2026-02-02 12:55:57,470 [INFO]     NSE:INDIANB-EQ | CVD=220081 vs Ref=95330 | Close=813.80 vs VAH=835.55
2026-02-02 12:55:58,855 [INFO] 🔍 Scanning for alerts on 6 symbols (5min)...
2026-02-02 12:55:59,580 [INFO]     NSE:OIL-EQ | CVD=-96613 vs Ref=116885 | Close=477.40 vs VAH=480.90
2026-02-02 12:56:00,786 [INFO]     NSE:KAYNES-EQ | CVD=33261 vs Ref=-99061 | Close=3390.60 vs VAL=3444.00
2026-02-02 12:56:01,275 [INFO] 🔍 Scanning for alerts on 3 symbols (5min)...
2026-02-02 12:56:01,750 [INFO]     NSE:COALINDIA-EQ | CVD=954117 vs Ref=2495 | Close=415.75 vs VAH=417.80
2026-02-02 12:56:03,999 [INFO]     NSE:PIIND-EQ | CVD=3793 vs Ref=-17103 | Close=3036.20 vs VAL=3049.50
2026-02-02 12:56:04,437 [INFO]     NSE:JSWENERGY-EQ | CVD=-193847 vs Ref=3921 | Close=441.95 vs VAH=447.80
2026-02-02 12:56:04,517 [INFO]     NSE:PIIND-EQ | CVD=3793 vs Ref=-17103 | Close=3036.20 vs VAL=3049.50
2026-02-02 12:56:06,583 [INFO]     NSE:HINDUNILVR-EQ | CVD=85916 vs Ref=-17753 | Close=2346.70 vs VAL=2318.40
2026-02-02 12:56:07,086 [INFO]     NSE:NATIONALUM-EQ | CVD=1376642 vs Ref=1364212 | Close=360.00 vs VAH=367.15
2026-02-02 12:56:07,086 [INFO]     NSE:CHOLAFIN-EQ | CVD=203276 vs Ref=-79867 | Close=1567.80 vs VAL=1526.80
2026-02-02 12:56:09,187 [INFO]     NSE:CHOLAFIN-EQ | CVD=203276 vs Ref=-79867 | Close=1567.80 vs VAL=1526.80
2026-02-02 12:56:09,595 [INFO]     NSE:IDFCFIRSTB-EQ | CVD=4933426 vs Ref=-243483 | Close=79.69 vs VAL=79.70
2026-02-02 12:56:09,639 [INFO]     NSE:PFC-EQ | CVD=-1135098 vs Ref=0 | Close=378.65 vs VAH=385.65
2026-02-02 12:56:11,793 [INFO]     NSE:MAXHEALTH-EQ | CVD=192929 vs Ref=-26629 | Close=945.70 vs VAL=947.00
2026-02-02 12:56:12,027 [INFO]     NSE:RECLTD-EQ | CVD=711870 vs Ref=192310 | Close=355.70 vs VAH=366.00
2026-02-02 12:56:13,538 [INFO]     NSE:IDFCFIRSTB-EQ | CVD=4933426 vs Ref=-243483 | Close=79.69 vs VAL=79.70
2026-02-02 12:56:13,931 [INFO]     NSE:TATAPOWER-EQ | CVD=-304461 vs Ref=22693 | Close=350.45 vs VAH=355.20
2026-02-02 12:56:15,814 [INFO]     NSE:MANAPPURAM-EQ | CVD=-180625 vs Ref=98130 | Close=263.85 vs VAH=269.55
2026-02-02 12:56:17,486 [INFO]     NSE:LTF-EQ | CVD=-178857 vs Ref=98102 | Close=270.75 vs VAH=276.00
2026-02-02 12:56:19,156 [INFO]     NSE:HUDCO-EQ | CVD=-743920 vs Ref=1361 | Close=179.12 vs VAH=186.90
2026-02-02 12:56:20,258 [INFO] 🔍 Scanning for alerts on 1 symbols (5min)...
2026-02-02 12:56:20,854 [INFO]     NSE:GAIL-EQ | CVD=-2278270 vs Ref=1741 | Close=159.30 vs VAH=161.40
2026-02-02 12:56:22,183 [INFO]     NSE:HINDZINC-EQ | CVD=-790665 vs Ref=1657045 | Close=578.90 vs VAH=590.25
2026-02-02 12:56:22,954 [INFO]     NSE:SAMMAANCAP-EQ | CVD=162357 vs Ref=597206 | Close=142.70 vs VAH=144.90
2026-02-02 12:57:09,598 [INFO] 🔍 Scanning for alerts on 3 symbols (5min)...
2026-02-02 12:57:11,490 [INFO]     NSE:PIIND-EQ | CVD=3221 vs Ref=-17103 | Close=3033.80 vs VAL=3049.50
2026-02-02 12:57:13,547 [INFO] 🔍 Scanning for alerts on 6 symbols (5min)...
2026-02-02 12:57:13,736 [INFO]     NSE:CHOLAFIN-EQ | CVD=203276 vs Ref=-79867 | Close=1567.80 vs VAL=1526.80
2026-02-02 12:57:15,289 [INFO]     NSE:KAYNES-EQ | CVD=29146 vs Ref=-99061 | Close=3381.10 vs VAL=3444.00
2026-02-02 12:57:15,417 [INFO]     NSE:IDFCFIRSTB-EQ | CVD=4933426 vs Ref=-243483 | Close=79.69 vs VAL=79.70
2026-02-02 12:57:17,024 [INFO]     NSE:PIIND-EQ | CVD=3221 vs Ref=-17103 | Close=3033.80 vs VAL=3049.50
2026-02-02 12:57:18,848 [INFO]     NSE:HINDUNILVR-EQ | CVD=85916 vs Ref=-17753 | Close=2346.70 vs VAL=2318.40
2026-02-02 12:57:20,534 [INFO]     NSE:CHOLAFIN-EQ | CVD=203276 vs Ref=-79867 | Close=1567.80 vs VAL=1526.80
2026-02-02 12:57:22,187 [INFO] 🔍 Scanning for alerts on 1 symbols (5min)...
2026-02-02 12:57:22,231 [INFO]     NSE:MAXHEALTH-EQ | CVD=192929 vs Ref=-26629 | Close=945.70 vs VAL=947.00
2026-02-02 12:57:22,960 [INFO] 🔍 Scanning for alerts on 18 symbols (5min)...
2026-02-02 12:57:24,872 [INFO]     NSE:IDFCFIRSTB-EQ | CVD=4933426 vs Ref=-243483 | Close=79.69 vs VAL=79.70
2026-02-02 12:57:25,394 [INFO]     NSE:HINDZINC-EQ | CVD=-790665 vs Ref=1657045 | Close=578.90 vs VAH=590.25
2026-02-02 12:57:25,696 [INFO]     NSE:POWERINDIA-EQ | CVD=-11924 vs Ref=1496 | Close=18551.00 vs VAH=18564.00
2026-02-02 12:57:27,639 [INFO]     NSE:MCX-EQ | CVD=-675051 vs Ref=58658 | Close=2215.80 vs VAH=2234.40
2026-02-02 12:57:29,195 [INFO]     NSE:GODREJPROP-EQ | CVD=-28577 vs Ref=25814 | Close=1524.40 vs VAH=1540.80
2026-02-02 12:57:30,814 [INFO]     NSE:JINDALSTEL-EQ | CVD=280134 vs Ref=4003 | Close=1095.50 vs VAH=1107.90
2026-02-02 12:57:32,477 [INFO]     NSE:HINDALCO-EQ | CVD=-624075 vs Ref=493502 | Close=906.20 vs VAH=913.80
2026-02-02 12:57:34,213 [INFO]     NSE:INDIANB-EQ | CVD=208418 vs Ref=95330 | Close=812.05 vs VAH=835.55
2026-02-02 12:57:35,848 [INFO]     NSE:OIL-EQ | CVD=-107079 vs Ref=116885 | Close=476.75 vs VAH=480.90
2026-02-02 12:57:37,472 [INFO]     NSE:COALINDIA-EQ | CVD=865785 vs Ref=2495 | Close=414.15 vs VAH=417.80
2026-02-02 12:57:39,023 [INFO]     NSE:JSWENERGY-EQ | CVD=-193847 vs Ref=3921 | Close=441.95 vs VAH=447.80
2026-02-02 12:57:40,672 [INFO]     NSE:NATIONALUM-EQ | CVD=1376642 vs Ref=1364212 | Close=360.00 vs VAH=367.15
2026-02-02 12:57:42,348 [INFO]     NSE:PFC-EQ | CVD=-1135098 vs Ref=0 | Close=378.65 vs VAH=385.65
2026-02-02 12:57:44,043 [INFO]     NSE:RECLTD-EQ | CVD=711870 vs Ref=192310 | Close=355.70 vs VAH=366.00
2026-02-02 12:57:45,732 [INFO]     NSE:TATAPOWER-EQ | CVD=-304461 vs Ref=22693 | Close=350.45 vs VAH=355.20
2026-02-02 12:57:47,485 [INFO]     NSE:MANAPPURAM-EQ | CVD=-180625 vs Ref=98130 | Close=263.85 vs VAH=269.55
2026-02-02 12:57:49,128 [INFO]     NSE:LTF-EQ | CVD=-178857 vs Ref=98102 | Close=270.75 vs VAH=276.00
2026-02-02 12:57:50,747 [INFO]     NSE:HUDCO-EQ | CVD=-743920 vs Ref=1361 | Close=179.12 vs VAH=186.90
2026-02-02 12:57:52,235 [INFO]     NSE:GAIL-EQ | CVD=-2278270 vs Ref=1741 | Close=159.30 vs VAH=161.40
2026-02-02 12:57:53,967 [INFO]     NSE:SAMMAANCAP-EQ | CVD=162357 vs Ref=597206 | Close=142.70 vs VAH=144.90
2026-02-02 12:58:15,420 [INFO] 🔍 Scanning for alerts on 3 symbols (5min)...
2026-02-02 12:58:17,074 [INFO]     NSE:PIIND-EQ | CVD=3221 vs Ref=-17103 | Close=3033.80 vs VAL=3049.50
2026-02-02 12:58:18,693 [INFO]     NSE:CHOLAFIN-EQ | CVD=203276 vs Ref=-79867 | Close=1567.80 vs VAL=1526.80
2026-02-02 12:58:20,327 [INFO]     NSE:IDFCFIRSTB-EQ | CVD=4933426 vs Ref=-243483 | Close=79.69 vs VAL=79.70
2026-02-02 12:58:24,877 [INFO] 🔍 Scanning for alerts on 6 symbols (5min)...
2026-02-02 12:58:25,399 [INFO] 🔍 Scanning for alerts on 1 symbols (5min)...
2026-02-02 12:58:27,228 [INFO]     NSE:KAYNES-EQ | CVD=29146 vs Ref=-99061 | Close=3381.10 vs VAL=3444.00
2026-02-02 12:58:27,668 [INFO]     NSE:HINDZINC-EQ | CVD=-790665 vs Ref=1657045 | Close=578.90 vs VAH=590.25
2026-02-02 12:58:29,143 [INFO]     NSE:PIIND-EQ | CVD=3221 vs Ref=-17103 | Close=3033.80 vs VAL=3049.50
2026-02-02 12:58:30,710 [INFO]     NSE:HINDUNILVR-EQ | CVD=85916 vs Ref=-17753 | Close=2346.70 vs VAL=2318.40
2026-02-02 12:58:32,393 [INFO]     NSE:CHOLAFIN-EQ | CVD=203276 vs Ref=-79867 | Close=1567.80 vs VAL=1526.80
2026-02-02 12:58:34,005 [INFO]     NSE:MAXHEALTH-EQ | CVD=192929 vs Ref=-26629 | Close=945.70 vs VAL=947.00
2026-02-02 12:58:36,138 [INFO]     NSE:IDFCFIRSTB-EQ | CVD=4933426 vs Ref=-243483 | Close=79.69 vs VAL=79.70
2026-02-02 12:58:53,972 [INFO] 🔍 Scanning for alerts on 18 symbols (5min)...
2026-02-02 12:58:55,543 [INFO]     NSE:POWERINDIA-EQ | CVD=-11924 vs Ref=1496 | Close=18551.00 vs VAH=18564.00
2026-02-02 12:58:57,514 [INFO]     NSE:MCX-EQ | CVD=-675051 vs Ref=58658 | Close=2215.80 vs VAH=2234.40
2026-02-02 12:58:59,215 [INFO]     NSE:GODREJPROP-EQ | CVD=-28577 vs Ref=25814 | Close=1524.40 vs VAH=1540.80
2026-02-02 12:59:01,159 [INFO]     NSE:JINDALSTEL-EQ | CVD=280134 vs Ref=4003 | Close=1095.50 vs VAH=1107.90
2026-02-02 12:59:03,613 [INFO]     NSE:HINDALCO-EQ | CVD=-624075 vs Ref=493502 | Close=906.20 vs VAH=913.80
2026-02-02 12:59:06,005 [INFO]     NSE:INDIANB-EQ | CVD=208418 vs Ref=95330 | Close=812.05 vs VAH=835.55
2026-02-02 12:59:07,715 [INFO]     NSE:OIL-EQ | CVD=-107079 vs Ref=116885 | Close=476.75 vs VAH=480.90
2026-02-02 12:59:09,280 [INFO]     NSE:COALINDIA-EQ | CVD=865785 vs Ref=2495 | Close=414.15 vs VAH=417.80
2026-02-02 12:59:11,118 [INFO]     NSE:JSWENERGY-EQ | CVD=-193847 vs Ref=3921 | Close=441.95 vs VAH=447.80
2026-02-02 12:59:12,700 [INFO]     NSE:NATIONALUM-EQ | CVD=1376642 vs Ref=1364212 | Close=360.00 vs VAH=367.15
2026-02-02 12:59:14,298 [INFO]     NSE:PFC-EQ | CVD=-1135098 vs Ref=0 | Close=378.65 vs VAH=385.65
2026-02-02 12:59:15,813 [INFO]     NSE:RECLTD-EQ | CVD=711870 vs Ref=192310 | Close=355.70 vs VAH=366.00
2026-02-02 12:59:17,573 [INFO]     NSE:TATAPOWER-EQ | CVD=-304461 vs Ref=22693 | Close=350.45 vs VAH=355.20
2026-02-02 12:59:19,215 [INFO]     NSE:MANAPPURAM-EQ | CVD=-180625 vs Ref=98130 | Close=263.85 vs VAH=269.55
2026-02-02 12:59:20,331 [INFO] 🔍 Scanning for alerts on 3 symbols (5min)...
2026-02-02 12:59:20,917 [INFO]     NSE:LTF-EQ | CVD=-178857 vs Ref=98102 | Close=270.75 vs VAH=276.00
2026-02-02 12:59:22,346 [INFO]     NSE:PIIND-EQ | CVD=3221 vs Ref=-17103 | Close=3033.80 vs VAL=3049.50
2026-02-02 12:59:23,229 [INFO]     NSE:HUDCO-EQ | CVD=-743920 vs Ref=1361 | Close=179.12 vs VAH=186.90
2026-02-02 12:59:24,838 [INFO]     NSE:CHOLAFIN-EQ | CVD=203276 vs Ref=-79867 | Close=1567.80 vs VAL=1526.80
2026-02-02 12:59:25,593 [INFO]     NSE:GAIL-EQ | CVD=-2278270 vs Ref=1741 | Close=159.30 vs VAH=161.40
2026-02-02 12:59:26,922 [INFO]     NSE:IDFCFIRSTB-EQ | CVD=4933426 vs Ref=-243483 | Close=79.69 vs VAL=79.70
2026-02-02 12:59:27,581 [INFO]     NSE:SAMMAANCAP-EQ | CVD=162357 vs Ref=597206 | Close=142.70 vs VAH=144.90
2026-02-02 12:59:27,674 [INFO] 🔍 Scanning for alerts on 1 symbols (5min)...
2026-02-02 12:59:29,407 [INFO]     NSE:HINDZINC-EQ | CVD=-790665 vs Ref=1657045 | Close=578.90 vs VAH=590.25
2026-02-02 12:59:36,142 [INFO] 🔍 Scanning for alerts on 6 symbols (5min)...
2026-02-02 12:59:37,675 [INFO]     NSE:KAYNES-EQ | CVD=29146 vs Ref=-99061 | Close=3381.10 vs VAL=3444.00
2026-02-02 12:59:39,258 [INFO]     NSE:PIIND-EQ | CVD=3221 vs Ref=-17103 | Close=3033.80 vs VAL=3049.50
2026-02-02 12:59:40,863 [INFO]     NSE:HINDUNILVR-EQ | CVD=85916 vs Ref=-17753 | Close=2346.70 vs VAL=2318.40
2026-02-02 12:59:42,526 [INFO]     NSE:CHOLAFIN-EQ | CVD=203276 vs Ref=-79867 | Close=1567.80 vs VAL=1526.80
2026-02-02 12:59:44,321 [INFO]     NSE:MAXHEALTH-EQ | CVD=192929 vs Ref=-26629 | Close=945.70 vs VAL=947.00
2026-02-02 12:59:46,177 [INFO]     NSE:IDFCFIRSTB-EQ | CVD=4933426 vs Ref=-243483 | Close=79.69 vs VAL=79.70
2026-02-02 13:00:26,928 [INFO] 🔍 Scanning for alerts on 3 symbols (5min)...
2026-02-02 13:00:27,589 [INFO] 🔍 Scanning for alerts on 18 symbols (5min)...
2026-02-02 13:00:29,427 [INFO] 🔍 Scanning for alerts on 1 symbols (5min)...
2026-02-02 13:00:30,776 [INFO]     NSE:POWERINDIA-EQ | CVD=-11924 vs Ref=1496 | Close=18551.00 vs VAH=18564.00
2026-02-02 13:00:30,793 [INFO]     NSE:PIIND-EQ | CVD=3221 vs Ref=-17103 | Close=3033.80 vs VAL=3049.50
2026-02-02 13:00:32,682 [INFO]     NSE:HINDZINC-EQ | CVD=-790665 vs Ref=1657045 | Close=578.90 vs VAH=590.25
2026-02-02 13:00:33,575 [INFO]     NSE:MCX-EQ | CVD=-675051 vs Ref=58658 | Close=2215.80 vs VAH=2234.40
2026-02-02 13:00:33,642 [INFO]     NSE:CHOLAFIN-EQ | CVD=203276 vs Ref=-79867 | Close=1567.80 vs VAL=1526.80
2026-02-02 13:00:35,517 [INFO]     NSE:GODREJPROP-EQ | CVD=-28577 vs Ref=25814 | Close=1524.40 vs VAH=1540.80
2026-02-02 13:00:35,558 [INFO]     NSE:IDFCFIRSTB-EQ | CVD=4933426 vs Ref=-243483 | Close=79.69 vs VAL=79.70
2026-02-02 13:00:37,891 [INFO]     NSE:JINDALSTEL-EQ | CVD=280134 vs Ref=4003 | Close=1095.50 vs VAH=1107.90
2026-02-02 13:00:39,812 [INFO]     NSE:HINDALCO-EQ | CVD=-624075 vs Ref=493502 | Close=906.20 vs VAH=913.80
2026-02-02 13:00:41,662 [INFO]     NSE:INDIANB-EQ | CVD=208418 vs Ref=95330 | Close=812.05 vs VAH=835.55
2026-02-02 13:00:43,350 [INFO]     NSE:OIL-EQ | CVD=-107079 vs Ref=116885 | Close=476.75 vs VAH=480.90
2026-02-02 13:00:45,055 [INFO]     NSE:COALINDIA-EQ | CVD=865785 vs Ref=2495 | Close=414.15 vs VAH=417.80
2026-02-02 13:00:46,187 [INFO] 🔍 Scanning for alerts on 6 symbols (5min)...
2026-02-02 13:00:47,071 [INFO]     NSE:JSWENERGY-EQ | CVD=-193847 vs Ref=3921 | Close=441.95 vs VAH=447.80
2026-02-02 13:00:48,226 [INFO]     NSE:KAYNES-EQ | CVD=29146 vs Ref=-99061 | Close=3381.10 vs VAL=3444.00
2026-02-02 13:00:48,909 [INFO]     NSE:NATIONALUM-EQ | CVD=1376642 vs Ref=1364212 | Close=360.00 vs VAH=367.15
2026-02-02 13:00:50,017 [INFO]     NSE:PIIND-EQ | CVD=3221 vs Ref=-17103 | Close=3033.80 vs VAL=3049.50
2026-02-02 13:00:50,773 [INFO]     NSE:PFC-EQ | CVD=-1135098 vs Ref=0 | Close=378.65 vs VAH=385.65
2026-02-02 13:00:51,985 [INFO]     NSE:HINDUNILVR-EQ | CVD=85916 vs Ref=-17753 | Close=2346.70 vs VAL=2318.40
2026-02-02 13:00:52,612 [INFO]     NSE:RECLTD-EQ | CVD=711870 vs Ref=192310 | Close=355.70 vs VAH=366.00
2026-02-02 13:00:54,956 [INFO]     NSE:CHOLAFIN-EQ | CVD=203276 vs Ref=-79867 | Close=1567.80 vs VAL=1526.80
2026-02-02 13:00:55,994 [INFO]     NSE:TATAPOWER-EQ | CVD=-304461 vs Ref=22693 | Close=350.45 vs VAH=355.20
2026-02-02 13:00:57,455 [INFO]     NSE:MAXHEALTH-EQ | CVD=192929 vs Ref=-26629 | Close=945.70 vs VAL=947.00
2026-02-02 13:00:58,159 [INFO]     NSE:MANAPPURAM-EQ | CVD=-180625 vs Ref=98130 | Close=263.85 vs VAH=269.55
2026-02-02 13:01:00,177 [INFO]     NSE:IDFCFIRSTB-EQ | CVD=4933426 vs Ref=-243483 | Close=79.69 vs VAL=79.70
2026-02-02 13:01:01,268 [INFO]     NSE:LTF-EQ | CVD=-178857 vs Ref=98102 | Close=270.75 vs VAH=276.00
2026-02-02 13:01:04,059 [INFO]     NSE:HUDCO-EQ | CVD=-743920 vs Ref=1361 | Close=179.12 vs VAH=186.90
2026-02-02 13:01:06,268 [INFO]     NSE:GAIL-EQ | CVD=-2309534 vs Ref=1741 | Close=159.35 vs VAH=161.40
2026-02-02 13:01:08,929 [INFO]     NSE:SAMMAANCAP-EQ | CVD=182762 vs Ref=597206 | Close=143.13 vs VAH=144.90
2026-02-02 13:01:32,686 [INFO] 🔍 Scanning for alerts on 1 symbols (5min)...
2026-02-02 13:01:34,397 [INFO]     NSE:HINDZINC-EQ | CVD=-682169 vs Ref=1657045 | Close=581.30 vs VAH=590.25
2026-02-02 13:01:35,563 [INFO] 🔍 Scanning for alerts on 3 symbols (5min)...
2026-02-02 13:01:37,348 [INFO]     NSE:PIIND-EQ | CVD=13763 vs Ref=-17103 | Close=3038.00 vs VAL=3049.50
2026-02-02 13:01:39,032 [INFO]     NSE:CHOLAFIN-EQ | CVD=228002 vs Ref=-79867 | Close=1572.30 vs VAL=1526.80
2026-02-02 13:01:40,550 [INFO]     NSE:IDFCFIRSTB-EQ | CVD=5138287 vs Ref=-243483 | Close=79.89 vs VAL=79.70
2026-02-02 13:02:00,180 [INFO] 🔍 Scanning for alerts on 6 symbols (5min)...
2026-02-02 13:02:02,713 [INFO]     NSE:KAYNES-EQ | CVD=32432 vs Ref=-99061 | Close=3387.00 vs VAL=3444.00
2026-02-02 13:02:04,848 [INFO]     NSE:PIIND-EQ | CVD=13763 vs Ref=-17103 | Close=3038.00 vs VAL=3049.50
2026-02-02 13:02:07,494 [INFO]     NSE:HINDUNILVR-EQ | CVD=104930 vs Ref=-17753 | Close=2348.00 vs VAL=2318.40
2026-02-02 13:02:08,935 [INFO] 🔍 Scanning for alerts on 18 symbols (5min)...
2026-02-02 13:02:09,433 [INFO]     NSE:CHOLAFIN-EQ | CVD=228002 vs Ref=-79867 | Close=1572.30 vs VAL=1526.80
2026-02-02 13:02:10,669 [INFO]     NSE:POWERINDIA-EQ | CVD=-9587 vs Ref=1496 | Close=18630.00 vs VAH=18564.00
2026-02-02 13:02:11,135 [INFO]     NSE:MAXHEALTH-EQ | CVD=191478 vs Ref=-26629 | Close=946.20 vs VAL=947.00
2026-02-02 13:02:12,395 [INFO]     NSE:MCX-EQ | CVD=-650528 vs Ref=58658 | Close=2223.10 vs VAH=2234.40
2026-02-02 13:02:12,825 [INFO]     NSE:IDFCFIRSTB-EQ | CVD=5138287 vs Ref=-243483 | Close=79.89 vs VAL=79.70
2026-02-02 13:02:13,955 [INFO]     NSE:GODREJPROP-EQ | CVD=-27632 vs Ref=25814 | Close=1528.70 vs VAH=1540.80
2026-02-02 13:02:15,710 [INFO]     NSE:JINDALSTEL-EQ | CVD=282473 vs Ref=4003 | Close=1099.80 vs VAH=1107.90
2026-02-02 13:02:17,575 [INFO]     NSE:HINDALCO-EQ | CVD=-569145 vs Ref=493502 | Close=909.55 vs VAH=913.80
2026-02-02 13:02:19,293 [INFO]     NSE:INDIANB-EQ | CVD=214640 vs Ref=95330 | Close=814.10 vs VAH=835.55
2026-02-02 13:02:20,792 [INFO]     NSE:OIL-EQ | CVD=-99488 vs Ref=116885 | Close=477.25 vs VAH=480.90
2026-02-02 13:02:22,344 [INFO]     NSE:COALINDIA-EQ | CVD=860021 vs Ref=2495 | Close=414.95 vs VAH=417.80
2026-02-02 13:02:24,675 [INFO]     NSE:JSWENERGY-EQ | CVD=-191530 vs Ref=3921 | Close=443.45 vs VAH=447.80
2026-02-02 13:02:26,657 [INFO]     NSE:NATIONALUM-EQ | CVD=1449514 vs Ref=1364212 | Close=360.65 vs VAH=367.15
2026-02-02 13:02:28,524 [INFO]     NSE:PFC-EQ | CVD=-1077313 vs Ref=0 | Close=380.00 vs VAH=385.65
2026-02-02 13:02:30,664 [INFO]     NSE:RECLTD-EQ | CVD=726135 vs Ref=192310 | Close=356.50 vs VAH=366.00
2026-02-02 13:02:32,649 [INFO]     NSE:TATAPOWER-EQ | CVD=-306498 vs Ref=22693 | Close=351.70 vs VAH=355.20
2026-02-02 13:02:34,347 [INFO]     NSE:MANAPPURAM-EQ | CVD=-153721 vs Ref=98130 | Close=264.80 vs VAH=269.55
2026-02-02 13:02:34,402 [INFO] 🔍 Scanning for alerts on 1 symbols (5min)...
2026-02-02 13:02:36,268 [INFO]     NSE:LTF-EQ | CVD=-164156 vs Ref=98102 | Close=271.65 vs VAH=276.00
2026-02-02 13:02:36,332 [INFO]     NSE:HINDZINC-EQ | CVD=-682169 vs Ref=1657045 | Close=581.30 vs VAH=590.25
2026-02-02 13:02:38,070 [INFO]     NSE:HUDCO-EQ | CVD=-647523 vs Ref=1361 | Close=179.80 vs VAH=186.90
2026-02-02 13:02:39,671 [INFO]     NSE:GAIL-EQ | CVD=-2309534 vs Ref=1741 | Close=159.35 vs VAH=161.40
2026-02-02 13:02:40,553 [INFO] 🔍 Scanning for alerts on 3 symbols (5min)...
2026-02-02 13:02:41,532 [INFO]     NSE:SAMMAANCAP-EQ | CVD=182762 vs Ref=597206 | Close=143.13 vs VAH=144.90
2026-02-02 13:02:42,448 [INFO]     NSE:PIIND-EQ | CVD=13763 vs Ref=-17103 | Close=3038.00 vs VAL=3049.50
2026-02-02 13:02:44,371 [INFO]     NSE:CHOLAFIN-EQ | CVD=228002 vs Ref=-79867 | Close=1572.30 vs VAL=1526.80
2026-02-02 13:02:46,675 [INFO]     NSE:IDFCFIRSTB-EQ | CVD=5138287 vs Ref=-243483 | Close=79.89 vs VAL=79.70
2026-02-02 13:03:12,830 [INFO] 🔍 Scanning for alerts on 6 symbols (5min)...
2026-02-02 13:03:15,151 [INFO]     NSE:KAYNES-EQ | CVD=32432 vs Ref=-99061 | Close=3387.00 vs VAL=3444.00
2026-02-02 13:03:16,962 [INFO]     NSE:PIIND-EQ | CVD=13763 vs Ref=-17103 | Close=3038.00 vs VAL=3049.50
2026-02-02 13:03:18,494 [INFO]     NSE:HINDUNILVR-EQ | CVD=104930 vs Ref=-17753 | Close=2348.00 vs VAL=2318.40
2026-02-02 13:03:20,939 [INFO]     NSE:CHOLAFIN-EQ | CVD=228002 vs Ref=-79867 | Close=1572.30 vs VAL=1526.80
2026-02-02 13:03:22,722 [INFO]     NSE:MAXHEALTH-EQ | CVD=191478 vs Ref=-26629 | Close=946.20 vs VAL=947.00
2026-02-02 13:03:25,072 [INFO]     NSE:IDFCFIRSTB-EQ | CVD=5138287 vs Ref=-243483 | Close=79.89 vs VAL=79.70
2026-02-02 13:03:36,336 [INFO] 🔍 Scanning for alerts on 1 symbols (5min)...
2026-02-02 13:03:38,156 [INFO]     NSE:HINDZINC-EQ | CVD=-682169 vs Ref=1657045 | Close=581.30 vs VAH=590.25
2026-02-02 13:03:41,537 [INFO] 🔍 Scanning for alerts on 18 symbols (5min)...
2026-02-02 13:03:43,221 [INFO]     NSE:POWERINDIA-EQ | CVD=-9587 vs Ref=1496 | Close=18630.00 vs VAH=18564.00
2026-02-02 13:03:44,777 [INFO]     NSE:MCX-EQ | CVD=-650528 vs Ref=58658 | Close=2223.10 vs VAH=2234.40
2026-02-02 13:03:46,276 [INFO]     NSE:GODREJPROP-EQ | CVD=-27632 vs Ref=25814 | Close=1528.70 vs VAH=1540.80
2026-02-02 13:03:46,678 [INFO] 🔍 Scanning for alerts on 3 symbols (5min)...
2026-02-02 13:03:47,900 [INFO]     NSE:JINDALSTEL-EQ | CVD=282473 vs Ref=4003 | Close=1099.80 vs VAH=1107.90
2026-02-02 13:03:48,511 [INFO]     NSE:PIIND-EQ | CVD=13763 vs Ref=-17103 | Close=3038.00 vs VAL=3049.50
2026-02-02 13:03:50,042 [INFO]     NSE:HINDALCO-EQ | CVD=-569145 vs Ref=493502 | Close=909.55 vs VAH=913.80
2026-02-02 13:03:50,730 [INFO]     NSE:CHOLAFIN-EQ | CVD=228002 vs Ref=-79867 | Close=1572.30 vs VAL=1526.80
2026-02-02 13:03:52,176 [INFO]     NSE:INDIANB-EQ | CVD=214640 vs Ref=95330 | Close=814.10 vs VAH=835.55
2026-02-02 13:03:52,709 [INFO]     NSE:IDFCFIRSTB-EQ | CVD=5138287 vs Ref=-243483 | Close=79.89 vs VAL=79.70
2026-02-02 13:03:53,854 [INFO]     NSE:OIL-EQ | CVD=-99488 vs Ref=116885 | Close=477.25 vs VAH=480.90
2026-02-02 13:03:55,937 [INFO]     NSE:COALINDIA-EQ | CVD=860021 vs Ref=2495 | Close=414.95 vs VAH=417.80
2026-02-02 13:03:57,842 [INFO]     NSE:JSWENERGY-EQ | CVD=-191530 vs Ref=3921 | Close=443.45 vs VAH=447.80
2026-02-02 13:03:59,660 [INFO]     NSE:NATIONALUM-EQ | CVD=1449514 vs Ref=1364212 | Close=360.65 vs VAH=367.15
2026-02-02 13:04:01,877 [INFO]     NSE:PFC-EQ | CVD=-1077313 vs Ref=0 | Close=380.00 vs VAH=385.65
2026-02-02 13:04:04,454 [INFO]     NSE:RECLTD-EQ | CVD=726135 vs Ref=192310 | Close=356.50 vs VAH=366.00
2026-02-02 13:04:06,560 [INFO]     NSE:TATAPOWER-EQ | CVD=-306498 vs Ref=22693 | Close=351.70 vs VAH=355.20
2026-02-02 13:04:08,439 [INFO]     NSE:MANAPPURAM-EQ | CVD=-153721 vs Ref=98130 | Close=264.80 vs VAH=269.55
2026-02-02 13:04:10,169 [INFO]     NSE:LTF-EQ | CVD=-164156 vs Ref=98102 | Close=271.65 vs VAH=276.00
2026-02-02 13:04:11,841 [INFO]     NSE:HUDCO-EQ | CVD=-647523 vs Ref=1361 | Close=179.80 vs VAH=186.90
2026-02-02 13:04:13,376 [INFO]     NSE:GAIL-EQ | CVD=-2309534 vs Ref=1741 | Close=159.35 vs VAH=161.40
2026-02-02 13:04:15,164 [INFO]     NSE:SAMMAANCAP-EQ | CVD=182762 vs Ref=597206 | Close=143.13 vs VAH=144.90
2026-02-02 13:04:25,076 [INFO] 🔍 Scanning for alerts on 6 symbols (5min)...
2026-02-02 13:04:26,983 [INFO]     NSE:KAYNES-EQ | CVD=32432 vs Ref=-99061 | Close=3387.00 vs VAL=3444.00
2026-02-02 13:04:28,716 [INFO]     NSE:PIIND-EQ | CVD=13763 vs Ref=-17103 | Close=3038.00 vs VAL=3049.50
2026-02-02 13:04:30,561 [INFO]     NSE:HINDUNILVR-EQ | CVD=104930 vs Ref=-17753 | Close=2348.00 vs VAL=2318.40
2026-02-02 13:04:32,341 [INFO]     NSE:CHOLAFIN-EQ | CVD=228002 vs Ref=-79867 | Close=1572.30 vs VAL=1526.80
2026-02-02 13:04:34,226 [INFO]     NSE:MAXHEALTH-EQ | CVD=191478 vs Ref=-26629 | Close=946.20 vs VAL=947.00
2026-02-02 13:04:35,753 [INFO]     NSE:IDFCFIRSTB-EQ | CVD=5138287 vs Ref=-243483 | Close=79.89 vs VAL=79.70
2026-02-02 13:04:38,161 [INFO] 🔍 Scanning for alerts on 1 symbols (5min)...
2026-02-02 13:04:39,733 [INFO]     NSE:HINDZINC-EQ | CVD=-682169 vs Ref=1657045 | Close=581.30 vs VAH=590.25
2026-02-02 13:04:52,712 [INFO] 🔍 Scanning for alerts on 3 symbols (5min)...
2026-02-02 13:04:54,281 [INFO]     NSE:PIIND-EQ | CVD=13763 vs Ref=-17103 | Close=3038.00 vs VAL=3049.50
2026-02-02 13:04:56,156 [INFO]     NSE:CHOLAFIN-EQ | CVD=228002 vs Ref=-79867 | Close=1572.30 vs VAL=1526.80
2026-02-02 13:04:57,956 [INFO]     NSE:IDFCFIRSTB-EQ | CVD=5138287 vs Ref=-243483 | Close=79.89 vs VAL=79.70
2026-02-02 13:05:15,166 [INFO] 🔍 Scanning for alerts on 18 symbols (5min)...
2026-02-02 13:05:16,796 [INFO]     NSE:POWERINDIA-EQ | CVD=-9587 vs Ref=1496 | Close=18630.00 vs VAH=18564.00
2026-02-02 13:05:18,337 [INFO]     NSE:MCX-EQ | CVD=-650528 vs Ref=58658 | Close=2223.10 vs VAH=2234.40
2026-02-02 13:05:20,129 [INFO]     NSE:GODREJPROP-EQ | CVD=-27632 vs Ref=25814 | Close=1528.70 vs VAH=1540.80
2026-02-02 13:05:21,618 [INFO]     NSE:JINDALSTEL-EQ | CVD=282473 vs Ref=4003 | Close=1099.80 vs VAH=1107.90
2026-02-02 13:05:23,742 [INFO]     NSE:HINDALCO-EQ | CVD=-569145 vs Ref=493502 | Close=909.55 vs VAH=913.80
2026-02-02 13:05:26,246 [INFO]     NSE:INDIANB-EQ | CVD=214640 vs Ref=95330 | Close=814.10 vs VAH=835.55
2026-02-02 13:05:28,279 [INFO]     NSE:OIL-EQ | CVD=-99488 vs Ref=116885 | Close=477.25 vs VAH=480.90
2026-02-02 13:05:29,886 [INFO]     NSE:COALINDIA-EQ | CVD=860021 vs Ref=2495 | Close=414.95 vs VAH=417.80
2026-02-02 13:05:31,436 [INFO]     NSE:JSWENERGY-EQ | CVD=-191530 vs Ref=3921 | Close=443.45 vs VAH=447.80
2026-02-02 13:05:33,179 [INFO]     NSE:NATIONALUM-EQ | CVD=1449514 vs Ref=1364212 | Close=360.65 vs VAH=367.15
2026-02-02 13:05:34,767 [INFO]     NSE:PFC-EQ | CVD=-1077313 vs Ref=0 | Close=380.00 vs VAH=385.65
2026-02-02 13:05:35,756 [INFO] 🔍 Scanning for alerts on 6 symbols (5min)...
2026-02-02 13:05:36,488 [INFO]     NSE:RECLTD-EQ | CVD=726135 vs Ref=192310 | Close=356.50 vs VAH=366.00
2026-02-02 13:05:37,629 [INFO]     NSE:KAYNES-EQ | CVD=32432 vs Ref=-99061 | Close=3387.00 vs VAL=3444.00
2026-02-02 13:05:38,871 [INFO]     NSE:TATAPOWER-EQ | CVD=-306498 vs Ref=22693 | Close=351.70 vs VAH=355.20
2026-02-02 13:05:39,737 [INFO] 🔍 Scanning for alerts on 1 symbols (5min)...
2026-02-02 13:05:40,001 [INFO]     NSE:PIIND-EQ | CVD=13763 vs Ref=-17103 | Close=3038.00 vs VAL=3049.50
2026-02-02 13:05:40,899 [INFO]     NSE:MANAPPURAM-EQ | CVD=-153721 vs Ref=98130 | Close=264.80 vs VAH=269.55
2026-02-02 13:05:41,737 [INFO]     NSE:HINDZINC-EQ | CVD=-682169 vs Ref=1657045 | Close=581.30 vs VAH=590.25
2026-02-02 13:05:41,829 [INFO]     NSE:HINDUNILVR-EQ | CVD=104930 vs Ref=-17753 | Close=2348.00 vs VAL=2318.40
2026-02-02 13:05:42,823 [INFO]     NSE:LTF-EQ | CVD=-164156 vs Ref=98102 | Close=271.65 vs VAH=276.00
2026-02-02 13:05:43,621 [INFO]     NSE:CHOLAFIN-EQ | CVD=228002 vs Ref=-79867 | Close=1572.30 vs VAL=1526.80
2026-02-02 13:05:44,606 [INFO]     NSE:HUDCO-EQ | CVD=-647523 vs Ref=1361 | Close=179.80 vs VAH=186.90
2026-02-02 13:05:45,713 [INFO]     NSE:MAXHEALTH-EQ | CVD=191478 vs Ref=-26629 | Close=946.20 vs VAL=947.00
2026-02-02 13:05:46,634 [INFO]     NSE:GAIL-EQ | CVD=-2309534 vs Ref=1741 | Close=159.35 vs VAH=161.40
2026-02-02 13:05:47,478 [INFO]     NSE:IDFCFIRSTB-EQ | CVD=5138287 vs Ref=-243483 | Close=79.89 vs VAL=79.70
2026-02-02 13:05:48,452 [INFO]     NSE:SAMMAANCAP-EQ | CVD=182762 vs Ref=597206 | Close=143.13 vs VAH=144.90
2026-02-02 13:05:57,959 [INFO] 🔍 Scanning for alerts on 3 symbols (5min)...
2026-02-02 13:05:59,505 [INFO]     NSE:PIIND-EQ | CVD=13763 vs Ref=-17103 | Close=3038.00 vs VAL=3049.50
2026-02-02 13:06:01,681 [INFO]     NSE:CHOLAFIN-EQ | CVD=228002 vs Ref=-79867 | Close=1572.30 vs VAL=1526.80
2026-02-02 13:06:03,921 [INFO]     NSE:IDFCFIRSTB-EQ | CVD=5138287 vs Ref=-243483 | Close=79.89 vs VAL=79.70
2026-02-02 13:06:41,741 [INFO] 🔍 Scanning for alerts on 1 symbols (5min)...
2026-02-02 13:06:43,674 [INFO]     NSE:HINDZINC-EQ | CVD=-516147 vs Ref=1657045 | Close=583.25 vs VAH=590.25
2026-02-02 13:06:47,482 [INFO] 🔍 Scanning for alerts on 6 symbols (5min)...
2026-02-02 13:06:48,454 [INFO] 🔍 Scanning for alerts on 18 symbols (5min)...
2026-02-02 13:06:49,772 [INFO]     NSE:KAYNES-EQ | CVD=39915 vs Ref=-99061 | Close=3395.60 vs VAL=3444.00
2026-02-02 13:06:50,531 [INFO]     NSE:POWERINDIA-EQ | CVD=-9073 vs Ref=1496 | Close=18652.00 vs VAH=18564.00
2026-02-02 13:06:52,039 [INFO]     NSE:PIIND-EQ | CVD=11165 vs Ref=-17103 | Close=3035.30 vs VAL=3049.50
2026-02-02 13:06:52,653 [INFO]     NSE:MCX-EQ | CVD=-642976 vs Ref=58658 | Close=2220.00 vs VAH=2234.40
2026-02-02 13:06:53,804 [INFO]     NSE:HINDUNILVR-EQ | CVD=108177 vs Ref=-17753 | Close=2348.00 vs VAL=2318.40
2026-02-02 13:06:54,562 [INFO]     NSE:GODREJPROP-EQ | CVD=-24195 vs Ref=25814 | Close=1533.70 vs VAH=1540.80
2026-02-02 13:06:55,838 [INFO]     NSE:CHOLAFIN-EQ | CVD=164795 vs Ref=-79867 | Close=1573.80 vs VAL=1526.80
2026-02-02 13:06:56,241 [INFO]     NSE:JINDALSTEL-EQ | CVD=276351 vs Ref=4003 | Close=1098.40 vs VAH=1107.90
2026-02-02 13:06:57,696 [INFO]     NSE:MAXHEALTH-EQ | CVD=202994 vs Ref=-26629 | Close=949.15 vs VAL=947.00
2026-02-02 13:06:58,261 [INFO]     NSE:HINDALCO-EQ | CVD=-551434 vs Ref=493502 | Close=910.30 vs VAH=913.80
2026-02-02 13:06:59,770 [INFO]     NSE:IDFCFIRSTB-EQ | CVD=5296251 vs Ref=-243483 | Close=79.90 vs VAL=79.70
2026-02-02 13:07:00,413 [INFO]     NSE:INDIANB-EQ | CVD=216734 vs Ref=95330 | Close=814.55 vs VAH=835.55
2026-02-02 13:07:03,437 [INFO]     NSE:OIL-EQ | CVD=-94786 vs Ref=116885 | Close=477.80 vs VAH=480.90
2026-02-02 13:07:03,925 [INFO] 🔍 Scanning for alerts on 3 symbols (5min)...
2026-02-02 13:07:05,558 [INFO]     NSE:COALINDIA-EQ | CVD=877341 vs Ref=2495 | Close=415.50 vs VAH=417.80
2026-02-02 13:07:06,472 [INFO]     NSE:PIIND-EQ | CVD=11165 vs Ref=-17103 | Close=3035.30 vs VAL=3049.50
2026-02-02 13:07:07,664 [INFO]     NSE:JSWENERGY-EQ | CVD=-191678 vs Ref=3921 | Close=443.75 vs VAH=447.80
2026-02-02 13:07:08,393 [INFO]     NSE:CHOLAFIN-EQ | CVD=164795 vs Ref=-79867 | Close=1573.80 vs VAL=1526.80
2026-02-02 13:07:09,411 [INFO]     NSE:NATIONALUM-EQ | CVD=1427085 vs Ref=1364212 | Close=361.10 vs VAH=367.15
2026-02-02 13:07:10,075 [INFO]     NSE:IDFCFIRSTB-EQ | CVD=5296251 vs Ref=-243483 | Close=79.90 vs VAL=79.70
2026-02-02 13:07:11,038 [INFO]     NSE:PFC-EQ | CVD=-1073302 vs Ref=0 | Close=380.25 vs VAH=385.65
2026-02-02 13:07:12,881 [INFO]     NSE:RECLTD-EQ | CVD=726036 vs Ref=192310 | Close=356.70 vs VAH=366.00
2026-02-02 13:07:14,641 [INFO]     NSE:TATAPOWER-EQ | CVD=-299045 vs Ref=22693 | Close=351.80 vs VAH=355.20
2026-02-02 13:07:16,377 [INFO]     NSE:MANAPPURAM-EQ | CVD=-40178 vs Ref=98130 | Close=265.75 vs VAH=269.55
2026-02-02 13:07:18,179 [INFO]     NSE:LTF-EQ | CVD=-149327 vs Ref=98102 | Close=272.25 vs VAH=276.00
2026-02-02 13:07:19,904 [INFO]     NSE:HUDCO-EQ | CVD=-771819 vs Ref=1361 | Close=179.74 vs VAH=186.90
2026-02-02 13:07:21,589 [INFO]     NSE:GAIL-EQ | CVD=-2272788 vs Ref=1741 | Close=159.63 vs VAH=161.40
2026-02-02 13:07:23,682 [INFO]     NSE:SAMMAANCAP-EQ | CVD=170885 vs Ref=597206 | Close=142.99 vs VAH=144.90
2026-02-02 13:07:43,678 [INFO] 🔍 Scanning for alerts on 1 symbols (5min)...
2026-02-02 13:07:45,341 [INFO]     NSE:HINDZINC-EQ | CVD=-516147 vs Ref=1657045 | Close=583.25 vs VAH=590.25
2026-02-02 13:07:59,775 [INFO] 🔍 Scanning for alerts on 6 symbols (5min)...
2026-02-02 13:08:01,783 [INFO]     NSE:KAYNES-EQ | CVD=39915 vs Ref=-99061 | Close=3395.60 vs VAL=3444.00
2026-02-02 13:08:04,116 [INFO]     NSE:PIIND-EQ | CVD=11165 vs Ref=-17103 | Close=3035.30 vs VAL=3049.50
2026-02-02 13:08:06,646 [INFO]     NSE:HINDUNILVR-EQ | CVD=108177 vs Ref=-17753 | Close=2348.00 vs VAL=2318.40
2026-02-02 13:08:08,675 [INFO]     NSE:CHOLAFIN-EQ | CVD=164795 vs Ref=-79867 | Close=1573.80 vs VAL=1526.80
2026-02-02 13:08:10,078 [INFO] 🔍 Scanning for alerts on 3 symbols (5min)...
2026-02-02 13:08:10,265 [INFO]     NSE:MAXHEALTH-EQ | CVD=202994 vs Ref=-26629 | Close=949.15 vs VAL=947.00
2026-02-02 13:08:11,835 [INFO]     NSE:PIIND-EQ | CVD=11165 vs Ref=-17103 | Close=3035.30 vs VAL=3049.50
2026-02-02 13:08:11,972 [INFO]     NSE:IDFCFIRSTB-EQ | CVD=5296251 vs Ref=-243483 | Close=79.90 vs VAL=79.70
2026-02-02 13:08:13,898 [INFO]     NSE:CHOLAFIN-EQ | CVD=164795 vs Ref=-79867 | Close=1573.80 vs VAL=1526.80
2026-02-02 13:08:15,471 [INFO]     NSE:IDFCFIRSTB-EQ | CVD=5296251 vs Ref=-243483 | Close=79.90 vs VAL=79.70
2026-02-02 13:08:23,688 [INFO] 🔍 Scanning for alerts on 18 symbols (5min)...
2026-02-02 13:08:26,099 [INFO]     NSE:POWERINDIA-EQ | CVD=-9073 vs Ref=1496 | Close=18652.00 vs VAH=18564.00
2026-02-02 13:08:28,130 [INFO]     NSE:MCX-EQ | CVD=-642976 vs Ref=58658 | Close=2220.00 vs VAH=2234.40
2026-02-02 13:08:29,941 [INFO]     NSE:GODREJPROP-EQ | CVD=-24195 vs Ref=25814 | Close=1533.70 vs VAH=1540.80
2026-02-02 13:08:31,595 [INFO]     NSE:JINDALSTEL-EQ | CVD=276351 vs Ref=4003 | Close=1098.40 vs VAH=1107.90
2026-02-02 13:08:33,434 [INFO]     NSE:HINDALCO-EQ | CVD=-551434 vs Ref=493502 | Close=910.30 vs VAH=913.80
2026-02-02 13:08:35,097 [INFO]     NSE:INDIANB-EQ | CVD=216734 vs Ref=95330 | Close=814.55 vs VAH=835.55
2026-02-02 13:08:36,647 [INFO]     NSE:OIL-EQ | CVD=-94786 vs Ref=116885 | Close=477.80 vs VAH=480.90
2026-02-02 13:08:38,524 [INFO]     NSE:COALINDIA-EQ | CVD=877341 vs Ref=2495 | Close=415.50 vs VAH=417.80
2026-02-02 13:08:40,252 [INFO]     NSE:JSWENERGY-EQ | CVD=-191678 vs Ref=3921 | Close=443.75 vs VAH=447.80
2026-02-02 13:08:41,886 [INFO]     NSE:NATIONALUM-EQ | CVD=1427085 vs Ref=1364212 | Close=361.10 vs VAH=367.15
2026-02-02 13:08:43,500 [INFO]     NSE:PFC-EQ | CVD=-1073302 vs Ref=0 | Close=380.25 vs VAH=385.65
2026-02-02 13:08:45,345 [INFO] 🔍 Scanning for alerts on 1 symbols (5min)...
2026-02-02 13:08:45,441 [INFO]     NSE:RECLTD-EQ | CVD=726036 vs Ref=192310 | Close=356.70 vs VAH=366.00
2026-02-02 13:08:47,346 [INFO]     NSE:HINDZINC-EQ | CVD=-516147 vs Ref=1657045 | Close=583.25 vs VAH=590.25
2026-02-02 13:08:47,432 [INFO]     NSE:TATAPOWER-EQ | CVD=-299045 vs Ref=22693 | Close=351.80 vs VAH=355.20
2026-02-02 13:08:49,255 [INFO]     NSE:MANAPPURAM-EQ | CVD=-40178 vs Ref=98130 | Close=265.75 vs VAH=269.55
2026-02-02 13:08:51,871 [INFO]     NSE:LTF-EQ | CVD=-149327 vs Ref=98102 | Close=272.25 vs VAH=276.00
2026-02-02 13:08:53,722 [INFO]     NSE:HUDCO-EQ | CVD=-771819 vs Ref=1361 | Close=179.74 vs VAH=186.90
2026-02-02 13:08:55,305 [INFO]     NSE:GAIL-EQ | CVD=-2272788 vs Ref=1741 | Close=159.63 vs VAH=161.40
2026-02-02 13:08:56,933 [INFO]     NSE:SAMMAANCAP-EQ | CVD=170885 vs Ref=597206 | Close=142.99 vs VAH=144.90
2026-02-02 13:09:11,976 [INFO] 🔍 Scanning for alerts on 6 symbols (5min)...
2026-02-02 13:09:13,850 [INFO]     NSE:KAYNES-EQ | CVD=39915 vs Ref=-99061 | Close=3395.60 vs VAL=3444.00
2026-02-02 13:09:15,473 [INFO] 🔍 Scanning for alerts on 3 symbols (5min)...
2026-02-02 13:09:15,599 [INFO]     NSE:PIIND-EQ | CVD=11165 vs Ref=-17103 | Close=3035.30 vs VAL=3049.50
2026-02-02 13:09:17,258 [INFO]     NSE:HINDUNILVR-EQ | CVD=108177 vs Ref=-17753 | Close=2348.00 vs VAL=2318.40
2026-02-02 13:09:17,268 [INFO]     NSE:PIIND-EQ | CVD=11165 vs Ref=-17103 | Close=3035.30 vs VAL=3049.50
2026-02-02 13:09:19,097 [INFO]     NSE:CHOLAFIN-EQ | CVD=164795 vs Ref=-79867 | Close=1573.80 vs VAL=1526.80
2026-02-02 13:09:19,117 [INFO]     NSE:CHOLAFIN-EQ | CVD=164795 vs Ref=-79867 | Close=1573.80 vs VAL=1526.80
2026-02-02 13:09:20,963 [INFO]     NSE:MAXHEALTH-EQ | CVD=202994 vs Ref=-26629 | Close=949.15 vs VAL=947.00
2026-02-02 13:09:20,996 [INFO]     NSE:IDFCFIRSTB-EQ | CVD=5296251 vs Ref=-243483 | Close=79.90 vs VAL=79.70
2026-02-02 13:09:22,746 [INFO]     NSE:IDFCFIRSTB-EQ | CVD=5296251 vs Ref=-243483 | Close=79.90 vs VAL=79.70
2026-02-02 13:09:47,350 [INFO] 🔍 Scanning for alerts on 1 symbols (5min)...
2026-02-02 13:09:48,993 [INFO]     NSE:HINDZINC-EQ | CVD=-516147 vs Ref=1657045 | Close=583.25 vs VAH=590.25
2026-02-02 13:09:56,938 [INFO] 🔍 Scanning for alerts on 18 symbols (5min)...
2026-02-02 13:09:58,541 [INFO]     NSE:POWERINDIA-EQ | CVD=-9073 vs Ref=1496 | Close=18652.00 vs VAH=18564.00
2026-02-02 13:10:00,137 [INFO]     NSE:MCX-EQ | CVD=-642976 vs Ref=58658 | Close=2220.00 vs VAH=2234.40
2026-02-02 13:10:03,031 [INFO]     NSE:GODREJPROP-EQ | CVD=-24195 vs Ref=25814 | Close=1533.70 vs VAH=1540.80
2026-02-02 13:10:05,206 [INFO]     NSE:JINDALSTEL-EQ | CVD=276351 vs Ref=4003 | Close=1098.40 vs VAH=1107.90
2026-02-02 13:10:07,774 [INFO]     NSE:HINDALCO-EQ | CVD=-551434 vs Ref=493502 | Close=910.30 vs VAH=913.80
2026-02-02 13:10:09,658 [INFO]     NSE:INDIANB-EQ | CVD=216734 vs Ref=95330 | Close=814.55 vs VAH=835.55
2026-02-02 13:10:11,209 [INFO]     NSE:OIL-EQ | CVD=-94786 vs Ref=116885 | Close=477.80 vs VAH=480.90
2026-02-02 13:10:12,776 [INFO]     NSE:COALINDIA-EQ | CVD=877341 vs Ref=2495 | Close=415.50 vs VAH=417.80
2026-02-02 13:10:14,440 [INFO]     NSE:JSWENERGY-EQ | CVD=-191678 vs Ref=3921 | Close=443.75 vs VAH=447.80
2026-02-02 13:10:16,260 [INFO]     NSE:NATIONALUM-EQ | CVD=1427085 vs Ref=1364212 | Close=361.10 vs VAH=367.15
2026-02-02 13:10:18,043 [INFO]     NSE:PFC-EQ | CVD=-1073302 vs Ref=0 | Close=380.25 vs VAH=385.65
2026-02-02 13:10:19,801 [INFO]     NSE:RECLTD-EQ | CVD=726036 vs Ref=192310 | Close=356.70 vs VAH=366.00
2026-02-02 13:10:21,000 [INFO] 🔍 Scanning for alerts on 3 symbols (5min)...
2026-02-02 13:10:21,714 [INFO]     NSE:TATAPOWER-EQ | CVD=-299045 vs Ref=22693 | Close=351.80 vs VAH=355.20
2026-02-02 13:10:22,752 [INFO] 🔍 Scanning for alerts on 6 symbols (5min)...
2026-02-02 13:10:23,087 [INFO]     NSE:PIIND-EQ | CVD=11165 vs Ref=-17103 | Close=3035.30 vs VAL=3049.50
2026-02-02 13:10:24,075 [INFO]     NSE:MANAPPURAM-EQ | CVD=-40178 vs Ref=98130 | Close=265.75 vs VAH=269.55
2026-02-02 13:10:25,217 [INFO]     NSE:KAYNES-EQ | CVD=39915 vs Ref=-99061 | Close=3395.60 vs VAL=3444.00
2026-02-02 13:10:25,619 [INFO]     NSE:CHOLAFIN-EQ | CVD=164795 vs Ref=-79867 | Close=1573.80 vs VAL=1526.80
2026-02-02 13:10:26,520 [INFO]     NSE:LTF-EQ | CVD=-149327 vs Ref=98102 | Close=272.25 vs VAH=276.00
2026-02-02 13:10:27,671 [INFO]     NSE:PIIND-EQ | CVD=11165 vs Ref=-17103 | Close=3035.30 vs VAL=3049.50
2026-02-02 13:10:27,924 [INFO]     NSE:IDFCFIRSTB-EQ | CVD=5296251 vs Ref=-243483 | Close=79.90 vs VAL=79.70
2026-02-02 13:10:29,119 [INFO]     NSE:HUDCO-EQ | CVD=-771819 vs Ref=1361 | Close=179.74 vs VAH=186.90
2026-02-02 13:10:30,068 [INFO]     NSE:HINDUNILVR-EQ | CVD=108177 vs Ref=-17753 | Close=2348.00 vs VAL=2318.40
2026-02-02 13:10:31,274 [INFO]     NSE:GAIL-EQ | CVD=-2272788 vs Ref=1741 | Close=159.63 vs VAH=161.40
2026-02-02 13:10:32,293 [INFO]     NSE:CHOLAFIN-EQ | CVD=164795 vs Ref=-79867 | Close=1573.80 vs VAL=1526.80
2026-02-02 13:10:33,513 [INFO]     NSE:SAMMAANCAP-EQ | CVD=170885 vs Ref=597206 | Close=142.99 vs VAH=144.90
2026-02-02 13:10:34,313 [INFO]     NSE:MAXHEALTH-EQ | CVD=202994 vs Ref=-26629 | Close=949.15 vs VAL=947.00
2026-02-02 13:10:35,929 [INFO]     NSE:IDFCFIRSTB-EQ | CVD=5296251 vs Ref=-243483 | Close=79.90 vs VAL=79.70
2026-02-02 13:10:48,997 [INFO] 🔍 Scanning for alerts on 1 symbols (5min)...
2026-02-02 13:10:50,656 [INFO]     NSE:HINDZINC-EQ | CVD=-516147 vs Ref=1657045 | Close=583.25 vs VAH=590.25
2026-02-02 13:11:27,927 [INFO] 🔍 Scanning for alerts on 3 symbols (5min)...
2026-02-02 13:11:29,644 [INFO]     NSE:PIIND-EQ | CVD=-3972 vs Ref=-17103 | Close=3027.30 vs VAL=3049.50
2026-02-02 13:11:31,307 [INFO]     NSE:CHOLAFIN-EQ | CVD=160267 vs Ref=-79867 | Close=1574.30 vs VAL=1526.80
2026-02-02 13:11:32,806 [INFO]     NSE:IDFCFIRSTB-EQ | CVD=5479745 vs Ref=-243483 | Close=80.03 vs VAL=79.70
2026-02-02 13:11:33,519 [INFO] 🔍 Scanning for alerts on 18 symbols (5min)...
2026-02-02 13:11:35,224 [INFO]     NSE:POWERINDIA-EQ | CVD=-10697 vs Ref=1496 | Close=18662.00 vs VAH=18564.00
2026-02-02 13:11:35,934 [INFO] 🔍 Scanning for alerts on 6 symbols (5min)...
2026-02-02 13:11:36,931 [INFO]     NSE:MCX-EQ | CVD=-623541 vs Ref=58658 | Close=2225.20 vs VAH=2234.40
2026-02-02 13:11:37,784 [INFO]     NSE:KAYNES-EQ | CVD=45961 vs Ref=-99061 | Close=3398.90 vs VAL=3444.00
2026-02-02 13:11:38,812 [INFO]     NSE:GODREJPROP-EQ | CVD=-15297 vs Ref=25814 | Close=1540.00 vs VAH=1540.80
2026-02-02 13:11:39,999 [INFO]     NSE:PIIND-EQ | CVD=-3972 vs Ref=-17103 | Close=3027.30 vs VAL=3049.50
2026-02-02 13:11:40,770 [INFO]     NSE:JINDALSTEL-EQ | CVD=276303 vs Ref=4003 | Close=1099.50 vs VAH=1107.90
2026-02-02 13:11:41,758 [INFO]     NSE:HINDUNILVR-EQ | CVD=113210 vs Ref=-17753 | Close=2349.00 vs VAL=2318.40
2026-02-02 13:11:42,442 [INFO]     NSE:HINDALCO-EQ | CVD=-527032 vs Ref=493502 | Close=910.90 vs VAH=913.80
2026-02-02 13:11:43,666 [INFO]     NSE:CHOLAFIN-EQ | CVD=160267 vs Ref=-79867 | Close=1574.30 vs VAL=1526.80
2026-02-02 13:11:44,372 [INFO]     NSE:INDIANB-EQ | CVD=297313 vs Ref=95330 | Close=814.15 vs VAH=835.55
2026-02-02 13:11:45,570 [INFO]     NSE:MAXHEALTH-EQ | CVD=202619 vs Ref=-26629 | Close=949.95 vs VAL=947.00
2026-02-02 13:11:46,258 [INFO]     NSE:OIL-EQ | CVD=-88025 vs Ref=116885 | Close=477.65 vs VAH=480.90
2026-02-02 13:11:47,329 [INFO]     NSE:IDFCFIRSTB-EQ | CVD=5479745 vs Ref=-243483 | Close=80.03 vs VAL=79.70
2026-02-02 13:11:47,883 [INFO]     NSE:COALINDIA-EQ | CVD=928318 vs Ref=2495 | Close=416.20 vs VAH=417.80
2026-02-02 13:11:49,423 [INFO]     NSE:JSWENERGY-EQ | CVD=-184880 vs Ref=3921 | Close=445.75 vs VAH=447.80
2026-02-02 13:11:50,661 [INFO] 🔍 Scanning for alerts on 1 symbols (5min)...
2026-02-02 13:11:51,223 [INFO]     NSE:NATIONALUM-EQ | CVD=1586622 vs Ref=1364212 | Close=362.35 vs VAH=367.15
2026-02-02 13:11:53,065 [INFO]     NSE:HINDZINC-EQ | CVD=-415397 vs Ref=1657045 | Close=583.80 vs VAH=590.25
2026-02-02 13:11:53,426 [INFO]     NSE:PFC-EQ | CVD=-1084068 vs Ref=0 | Close=379.85 vs VAH=385.65
2026-02-02 13:11:55,064 [INFO]     NSE:RECLTD-EQ | CVD=703080 vs Ref=192310 | Close=356.80 vs VAH=366.00
2026-02-02 13:11:56,789 [INFO]     NSE:TATAPOWER-EQ | CVD=-253790 vs Ref=22693 | Close=352.40 vs VAH=355.20
2026-02-02 13:11:58,532 [INFO]     NSE:MANAPPURAM-EQ | CVD=-63549 vs Ref=98130 | Close=266.05 vs VAH=269.55
2026-02-02 13:12:00,190 [INFO]     NSE:LTF-EQ | CVD=-129368 vs Ref=98102 | Close=272.50 vs VAH=276.00
2026-02-02 13:12:02,394 [INFO]     NSE:HUDCO-EQ | CVD=-777432 vs Ref=1361 | Close=179.72 vs VAH=186.90
2026-02-02 13:12:04,397 [INFO]     NSE:GAIL-EQ | CVD=-1955989 vs Ref=1741 | Close=159.95 vs VAH=161.40
2026-02-02 13:12:07,253 [INFO]     NSE:SAMMAANCAP-EQ | CVD=246448 vs Ref=597206 | Close=143.55 vs VAH=144.90
2026-02-02 13:12:32,809 [INFO] 🔍 Scanning for alerts on 3 symbols (5min)...
2026-02-02 13:12:34,738 [INFO]     NSE:PIIND-EQ | CVD=-3972 vs Ref=-17103 | Close=3027.30 vs VAL=3049.50
2026-02-02 13:12:36,323 [INFO]     NSE:CHOLAFIN-EQ | CVD=160267 vs Ref=-79867 | Close=1574.30 vs VAL=1526.80
2026-02-02 13:12:37,962 [INFO]     NSE:IDFCFIRSTB-EQ | CVD=5479745 vs Ref=-243483 | Close=80.03 vs VAL=79.70
2026-02-02 13:12:47,333 [INFO] 🔍 Scanning for alerts on 6 symbols (5min)...
2026-02-02 13:12:48,960 [INFO]     NSE:KAYNES-EQ | CVD=45961 vs Ref=-99061 | Close=3398.90 vs VAL=3444.00
2026-02-02 13:12:50,532 [INFO]     NSE:PIIND-EQ | CVD=-3972 vs Ref=-17103 | Close=3027.30 vs VAL=3049.50
2026-02-02 13:12:52,154 [INFO]     NSE:HINDUNILVR-EQ | CVD=113210 vs Ref=-17753 | Close=2349.00 vs VAL=2318.40
2026-02-02 13:12:53,069 [INFO] 🔍 Scanning for alerts on 1 symbols (5min)...
2026-02-02 13:12:53,853 [INFO]     NSE:CHOLAFIN-EQ | CVD=160267 vs Ref=-79867 | Close=1574.30 vs VAL=1526.80
2026-02-02 13:12:54,880 [INFO]     NSE:HINDZINC-EQ | CVD=-415397 vs Ref=1657045 | Close=583.80 vs VAH=590.25
2026-02-02 13:12:55,516 [INFO]     NSE:MAXHEALTH-EQ | CVD=202619 vs Ref=-26629 | Close=949.95 vs VAL=947.00
2026-02-02 13:12:57,259 [INFO]     NSE:IDFCFIRSTB-EQ | CVD=5479745 vs Ref=-243483 | Close=80.03 vs VAL=79.70
2026-02-02 13:13:07,258 [INFO] 🔍 Scanning for alerts on 18 symbols (5min)...
2026-02-02 13:13:08,833 [INFO]     NSE:POWERINDIA-EQ | CVD=-10697 vs Ref=1496 | Close=18662.00 vs VAH=18564.00
2026-02-02 13:13:10,546 [INFO]     NSE:MCX-EQ | CVD=-623541 vs Ref=58658 | Close=2225.20 vs VAH=2234.40
2026-02-02 13:13:12,305 [INFO]     NSE:GODREJPROP-EQ | CVD=-15297 vs Ref=25814 | Close=1540.00 vs VAH=1540.80
2026-02-02 13:13:14,010 [INFO]     NSE:JINDALSTEL-EQ | CVD=276303 vs Ref=4003 | Close=1099.50 vs VAH=1107.90
2026-02-02 13:13:15,869 [INFO]     NSE:HINDALCO-EQ | CVD=-527032 vs Ref=493502 | Close=910.90 vs VAH=913.80
2026-02-02 13:13:17,455 [INFO]     NSE:INDIANB-EQ | CVD=297313 vs Ref=95330 | Close=814.15 vs VAH=835.55
2026-02-02 13:13:19,347 [INFO]     NSE:OIL-EQ | CVD=-88025 vs Ref=116885 | Close=477.65 vs VAH=480.90
2026-02-02 13:13:20,863 [INFO]     NSE:COALINDIA-EQ | CVD=928318 vs Ref=2495 | Close=416.20 vs VAH=417.80
2026-02-02 13:13:22,669 [INFO]     NSE:JSWENERGY-EQ | CVD=-184880 vs Ref=3921 | Close=445.75 vs VAH=447.80
2026-02-02 13:13:25,152 [INFO]     NSE:NATIONALUM-EQ | CVD=1586622 vs Ref=1364212 | Close=362.35 vs VAH=367.15
2026-02-02 13:13:26,971 [INFO]     NSE:PFC-EQ | CVD=-1084068 vs Ref=0 | Close=379.85 vs VAH=385.65
2026-02-02 13:13:28,706 [INFO]     NSE:RECLTD-EQ | CVD=703080 vs Ref=192310 | Close=356.80 vs VAH=366.00
2026-02-02 13:13:30,369 [INFO]     NSE:TATAPOWER-EQ | CVD=-253790 vs Ref=22693 | Close=352.40 vs VAH=355.20
2026-02-02 13:13:31,960 [INFO]     NSE:MANAPPURAM-EQ | CVD=-63549 vs Ref=98130 | Close=266.05 vs VAH=269.55
2026-02-02 13:13:34,152 [INFO]     NSE:LTF-EQ | CVD=-129368 vs Ref=98102 | Close=272.50 vs VAH=276.00
2026-02-02 13:13:36,565 [INFO]     NSE:HUDCO-EQ | CVD=-777432 vs Ref=1361 | Close=179.72 vs VAH=186.90
2026-02-02 13:13:37,965 [INFO] 🔍 Scanning for alerts on 3 symbols (5min)...
2026-02-02 13:13:38,429 [INFO]     NSE:GAIL-EQ | CVD=-1955989 vs Ref=1741 | Close=159.95 vs VAH=161.40
2026-02-02 13:13:40,368 [INFO]     NSE:PIIND-EQ | CVD=-3972 vs Ref=-17103 | Close=3027.30 vs VAL=3049.50
2026-02-02 13:13:41,247 [INFO]     NSE:SAMMAANCAP-EQ | CVD=246448 vs Ref=597206 | Close=143.55 vs VAH=144.90
2026-02-02 13:13:43,710 [INFO]     NSE:CHOLAFIN-EQ | CVD=160267 vs Ref=-79867 | Close=1574.30 vs VAL=1526.80
2026-02-02 13:13:46,107 [INFO]     NSE:IDFCFIRSTB-EQ | CVD=5479745 vs Ref=-243483 | Close=80.03 vs VAL=79.70
2026-02-02 13:13:54,884 [INFO] 🔍 Scanning for alerts on 1 symbols (5min)...
2026-02-02 13:13:57,042 [INFO]     NSE:HINDZINC-EQ | CVD=-415397 vs Ref=1657045 | Close=583.80 vs VAH=590.25
2026-02-02 13:13:57,264 [INFO] 🔍 Scanning for alerts on 6 symbols (5min)...
2026-02-02 13:13:58,870 [INFO]     NSE:KAYNES-EQ | CVD=45961 vs Ref=-99061 | Close=3398.90 vs VAL=3444.00
2026-02-02 13:14:00,442 [INFO]     NSE:PIIND-EQ | CVD=-3972 vs Ref=-17103 | Close=3027.30 vs VAL=3049.50
2026-02-02 13:14:02,444 [INFO]     NSE:HINDUNILVR-EQ | CVD=113210 vs Ref=-17753 | Close=2349.00 vs VAL=2318.40
2026-02-02 13:14:04,495 [INFO]     NSE:CHOLAFIN-EQ | CVD=160267 vs Ref=-79867 | Close=1574.30 vs VAL=1526.80
2026-02-02 13:14:06,429 [INFO]     NSE:MAXHEALTH-EQ | CVD=202619 vs Ref=-26629 | Close=949.95 vs VAL=947.00
2026-02-02 13:14:08,315 [INFO]     NSE:IDFCFIRSTB-EQ | CVD=5479745 vs Ref=-243483 | Close=80.03 vs VAL=79.70
2026-02-02 13:14:41,253 [INFO] 🔍 Scanning for alerts on 18 symbols (5min)...
2026-02-02 13:14:43,368 [INFO]     NSE:POWERINDIA-EQ | CVD=-10697 vs Ref=1496 | Close=18662.00 vs VAH=18564.00
2026-02-02 13:14:45,433 [INFO]     NSE:MCX-EQ | CVD=-623541 vs Ref=58658 | Close=2225.20 vs VAH=2234.40
2026-02-02 13:14:46,110 [INFO] 🔍 Scanning for alerts on 3 symbols (5min)...
2026-02-02 13:14:47,536 [INFO]     NSE:GODREJPROP-EQ | CVD=-15297 vs Ref=25814 | Close=1540.00 vs VAH=1540.80
2026-02-02 13:14:48,382 [INFO]     NSE:PIIND-EQ | CVD=-3972 vs Ref=-17103 | Close=3027.30 vs VAL=3049.50
2026-02-02 13:14:49,604 [INFO]     NSE:JINDALSTEL-EQ | CVD=276303 vs Ref=4003 | Close=1099.50 vs VAH=1107.90
2026-02-02 13:14:50,549 [INFO]     NSE:CHOLAFIN-EQ | CVD=160267 vs Ref=-79867 | Close=1574.30 vs VAL=1526.80
2026-02-02 13:14:51,714 [INFO]     NSE:HINDALCO-EQ | CVD=-527032 vs Ref=493502 | Close=910.90 vs VAH=913.80
2026-02-02 13:14:52,668 [INFO]     NSE:IDFCFIRSTB-EQ | CVD=5479745 vs Ref=-243483 | Close=80.03 vs VAL=79.70
2026-02-02 13:14:53,657 [INFO]     NSE:INDIANB-EQ | CVD=297313 vs Ref=95330 | Close=814.15 vs VAH=835.55
2026-02-02 13:14:55,397 [INFO]     NSE:OIL-EQ | CVD=-88025 vs Ref=116885 | Close=477.65 vs VAH=480.90
2026-02-02 13:14:56,982 [INFO]     NSE:COALINDIA-EQ | CVD=928318 vs Ref=2495 | Close=416.20 vs VAH=417.80
2026-02-02 13:14:57,046 [INFO] 🔍 Scanning for alerts on 1 symbols (5min)...
2026-02-02 13:14:59,118 [INFO]     NSE:JSWENERGY-EQ | CVD=-184880 vs Ref=3921 | Close=445.75 vs VAH=447.80
2026-02-02 13:14:59,271 [INFO]     NSE:HINDZINC-EQ | CVD=-415397 vs Ref=1657045 | Close=583.80 vs VAH=590.25
2026-02-02 13:15:01,358 [INFO]     NSE:NATIONALUM-EQ | CVD=1586622 vs Ref=1364212 | Close=362.35 vs VAH=367.15
2026-02-02 13:15:03,620 [INFO]     NSE:PFC-EQ | CVD=-1084068 vs Ref=0 | Close=379.85 vs VAH=385.65
2026-02-02 13:15:05,430 [INFO]     NSE:RECLTD-EQ | CVD=703080 vs Ref=192310 | Close=356.80 vs VAH=366.00
2026-02-02 13:15:07,500 [INFO]     NSE:TATAPOWER-EQ | CVD=-253790 vs Ref=22693 | Close=352.40 vs VAH=355.20
2026-02-02 13:15:08,321 [INFO] 🔍 Scanning for alerts on 6 symbols (5min)...
2026-02-02 13:15:09,377 [INFO]     NSE:MANAPPURAM-EQ | CVD=-63549 vs Ref=98130 | Close=266.05 vs VAH=269.55
2026-02-02 13:15:10,047 [INFO]     NSE:KAYNES-EQ | CVD=45961 vs Ref=-99061 | Close=3398.90 vs VAL=3444.00
2026-02-02 13:15:11,399 [INFO]     NSE:LTF-EQ | CVD=-129368 vs Ref=98102 | Close=272.50 vs VAH=276.00
2026-02-02 13:15:12,347 [INFO]     NSE:PIIND-EQ | CVD=-3972 vs Ref=-17103 | Close=3027.30 vs VAL=3049.50
2026-02-02 13:15:14,487 [INFO]     NSE:HUDCO-EQ | CVD=-777432 vs Ref=1361 | Close=179.72 vs VAH=186.90
2026-02-02 13:15:15,067 [INFO]     NSE:HINDUNILVR-EQ | CVD=113210 vs Ref=-17753 | Close=2349.00 vs VAL=2318.40
2026-02-02 13:15:16,724 [INFO]     NSE:GAIL-EQ | CVD=-1955989 vs Ref=1741 | Close=159.95 vs VAH=161.40
2026-02-02 13:15:17,377 [INFO]     NSE:CHOLAFIN-EQ | CVD=160267 vs Ref=-79867 | Close=1574.30 vs VAL=1526.80
2026-02-02 13:15:18,845 [INFO]     NSE:SAMMAANCAP-EQ | CVD=246448 vs Ref=597206 | Close=143.55 vs VAH=144.90
2026-02-02 13:15:19,396 [INFO]     NSE:MAXHEALTH-EQ | CVD=202619 vs Ref=-26629 | Close=949.95 vs VAL=947.00
2026-02-02 13:15:21,124 [INFO]     NSE:IDFCFIRSTB-EQ | CVD=5479745 vs Ref=-243483 | Close=80.03 vs VAL=79.70
2026-02-02 13:15:52,672 [INFO] 🔍 Scanning for alerts on 3 symbols (5min)...
2026-02-02 13:15:54,326 [INFO]     NSE:PIIND-EQ | CVD=-3972 vs Ref=-17103 | Close=3027.30 vs VAL=3049.50
2026-02-02 13:15:56,155 [INFO]     NSE:CHOLAFIN-EQ | CVD=160267 vs Ref=-79867 | Close=1574.30 vs VAL=1526.80
2026-02-02 13:15:57,821 [INFO]     NSE:IDFCFIRSTB-EQ | CVD=5479745 vs Ref=-243483 | Close=80.03 vs VAL=79.70
2026-02-02 13:15:59,276 [INFO] 🔍 Scanning for alerts on 1 symbols (5min)...
2026-02-02 13:16:01,035 [INFO]     NSE:HINDZINC-EQ | CVD=-415397 vs Ref=1657045 | Close=583.80 vs VAH=590.25
2026-02-02 13:16:18,851 [INFO] 🔍 Scanning for alerts on 18 symbols (5min)...
2026-02-02 13:16:20,434 [INFO]     NSE:POWERINDIA-EQ | CVD=-10398 vs Ref=1496 | Close=18688.00 vs VAH=18564.00
2026-02-02 13:16:21,129 [INFO] 🔍 Scanning for alerts on 6 symbols (5min)...
2026-02-02 13:16:22,315 [INFO]     NSE:MCX-EQ | CVD=-640936 vs Ref=58658 | Close=2217.10 vs VAH=2234.40
2026-02-02 13:16:23,333 [INFO]     NSE:KAYNES-EQ | CVD=5152 vs Ref=-99061 | Close=3389.20 vs VAL=3444.00
2026-02-02 13:16:25,559 [INFO]     NSE:GODREJPROP-EQ | CVD=-16898 vs Ref=25814 | Close=1540.30 vs VAH=1540.80
2026-02-02 13:16:26,506 [INFO]     NSE:PIIND-EQ | CVD=1394 vs Ref=-17103 | Close=3046.00 vs VAL=3049.50
2026-02-02 13:16:27,724 [INFO]     NSE:JINDALSTEL-EQ | CVD=286510 vs Ref=4003 | Close=1097.80 vs VAH=1107.90
2026-02-02 13:16:28,819 [INFO]     NSE:HINDUNILVR-EQ | CVD=114018 vs Ref=-17753 | Close=2348.30 vs VAL=2318.40
2026-02-02 13:16:29,965 [INFO]     NSE:HINDALCO-EQ | CVD=-521631 vs Ref=493502 | Close=910.45 vs VAH=913.80
2026-02-02 13:16:30,936 [INFO]     NSE:CHOLAFIN-EQ | CVD=151574 vs Ref=-79867 | Close=1574.10 vs VAL=1526.80
2026-02-02 13:16:31,875 [INFO]     NSE:INDIANB-EQ | CVD=286557 vs Ref=95330 | Close=811.95 vs VAH=835.55
2026-02-02 13:16:32,789 [INFO]     NSE:MAXHEALTH-EQ | CVD=196667 vs Ref=-26629 | Close=949.30 vs VAL=947.00
2026-02-02 13:16:33,706 [INFO]     NSE:OIL-EQ | CVD=-95414 vs Ref=116885 | Close=477.50 vs VAH=480.90
2026-02-02 13:16:34,698 [INFO]     NSE:IDFCFIRSTB-EQ | CVD=5786296 vs Ref=-243483 | Close=80.04 vs VAL=79.70
2026-02-02 13:16:35,561 [INFO]     NSE:COALINDIA-EQ | CVD=885213 vs Ref=2495 | Close=416.40 vs VAH=417.80
2026-02-02 13:16:37,300 [INFO]     NSE:JSWENERGY-EQ | CVD=-182065 vs Ref=3921 | Close=445.55 vs VAH=447.80
2026-02-02 13:16:38,906 [INFO]     NSE:NATIONALUM-EQ | CVD=1667084 vs Ref=1364212 | Close=362.25 vs VAH=367.15
2026-02-02 13:16:40,408 [INFO]     NSE:PFC-EQ | CVD=-1108170 vs Ref=0 | Close=379.15 vs VAH=385.65
2026-02-02 13:16:42,018 [INFO]     NSE:RECLTD-EQ | CVD=663774 vs Ref=192310 | Close=356.00 vs VAH=366.00
2026-02-02 13:16:43,647 [INFO]     NSE:TATAPOWER-EQ | CVD=-245890 vs Ref=22693 | Close=352.15 vs VAH=355.20
2026-02-02 13:16:45,264 [INFO]     NSE:MANAPPURAM-EQ | CVD=96778 vs Ref=98130 | Close=267.30 vs VAH=269.55
2026-02-02 13:16:47,136 [INFO]     NSE:LTF-EQ | CVD=-140266 vs Ref=98102 | Close=271.65 vs VAH=276.00
2026-02-02 13:16:48,921 [INFO]     NSE:HUDCO-EQ | CVD=-821064 vs Ref=1361 | Close=179.20 vs VAH=186.90
2026-02-02 13:16:51,017 [INFO]     NSE:GAIL-EQ | CVD=-2084345 vs Ref=1741 | Close=159.48 vs VAH=161.40
2026-02-02 13:16:52,780 [INFO]     NSE:SAMMAANCAP-EQ | CVD=248804 vs Ref=597206 | Close=143.31 vs VAH=144.90
2026-02-02 13:16:57,823 [INFO] 🔍 Scanning for alerts on 3 symbols (5min)...
2026-02-02 13:16:59,428 [INFO]     NSE:PIIND-EQ | CVD=1394 vs Ref=-17103 | Close=3046.00 vs VAL=3049.50
2026-02-02 13:17:01,040 [INFO] 🔍 Scanning for alerts on 1 symbols (5min)...
2026-02-02 13:17:02,235 [INFO]     NSE:CHOLAFIN-EQ | CVD=151574 vs Ref=-79867 | Close=1574.10 vs VAL=1526.80
2026-02-02 13:17:04,322 [INFO]     NSE:HINDZINC-EQ | CVD=-575562 vs Ref=1657045 | Close=582.20 vs VAH=590.25
2026-02-02 13:17:04,598 [INFO]     NSE:IDFCFIRSTB-EQ | CVD=5786296 vs Ref=-243483 | Close=80.04 vs VAL=79.70
2026-02-02 13:17:34,702 [INFO] 🔍 Scanning for alerts on 6 symbols (5min)...
2026-02-02 13:17:36,263 [INFO]     NSE:KAYNES-EQ | CVD=5152 vs Ref=-99061 | Close=3389.20 vs VAL=3444.00
2026-02-02 13:17:38,429 [INFO]     NSE:PIIND-EQ | CVD=1394 vs Ref=-17103 | Close=3046.00 vs VAL=3049.50
2026-02-02 13:17:39,971 [INFO]     NSE:HINDUNILVR-EQ | CVD=114018 vs Ref=-17753 | Close=2348.30 vs VAL=2318.40
2026-02-02 13:17:41,689 [INFO]     NSE:CHOLAFIN-EQ | CVD=151574 vs Ref=-79867 | Close=1574.10 vs VAL=1526.80
2026-02-02 13:17:43,449 [INFO]     NSE:MAXHEALTH-EQ | CVD=196667 vs Ref=-26629 | Close=949.30 vs VAL=947.00
2026-02-02 13:17:44,963 [INFO]     NSE:IDFCFIRSTB-EQ | CVD=5786296 vs Ref=-243483 | Close=80.04 vs VAL=79.70
2026-02-02 13:17:52,785 [INFO] 🔍 Scanning for alerts on 18 symbols (5min)...
2026-02-02 13:17:54,473 [INFO]     NSE:POWERINDIA-EQ | CVD=-10398 vs Ref=1496 | Close=18688.00 vs VAH=18564.00
2026-02-02 13:17:56,255 [INFO]     NSE:MCX-EQ | CVD=-640936 vs Ref=58658 | Close=2217.10 vs VAH=2234.40
2026-02-02 13:17:57,946 [INFO]     NSE:GODREJPROP-EQ | CVD=-16898 vs Ref=25814 | Close=1540.30 vs VAH=1540.80
2026-02-02 13:17:59,482 [INFO]     NSE:JINDALSTEL-EQ | CVD=286510 vs Ref=4003 | Close=1097.80 vs VAH=1107.90
2026-02-02 13:18:01,472 [INFO]     NSE:HINDALCO-EQ | CVD=-521631 vs Ref=493502 | Close=910.45 vs VAH=913.80
2026-02-02 13:18:04,197 [INFO]     NSE:INDIANB-EQ | CVD=286557 vs Ref=95330 | Close=811.95 vs VAH=835.55
2026-02-02 13:18:04,326 [INFO] 🔍 Scanning for alerts on 1 symbols (5min)...
2026-02-02 13:18:04,600 [INFO] 🔍 Scanning for alerts on 3 symbols (5min)...
2026-02-02 13:18:06,509 [INFO]     NSE:OIL-EQ | CVD=-95414 vs Ref=116885 | Close=477.50 vs VAH=480.90
2026-02-02 13:18:06,965 [INFO]     NSE:HINDZINC-EQ | CVD=-575562 vs Ref=1657045 | Close=582.20 vs VAH=590.25
2026-02-02 13:18:07,102 [INFO]     NSE:PIIND-EQ | CVD=1394 vs Ref=-17103 | Close=3046.00 vs VAL=3049.50
2026-02-02 13:18:08,541 [INFO]     NSE:COALINDIA-EQ | CVD=885213 vs Ref=2495 | Close=416.40 vs VAH=417.80
2026-02-02 13:18:09,216 [INFO]     NSE:CHOLAFIN-EQ | CVD=151574 vs Ref=-79867 | Close=1574.10 vs VAL=1526.80
2026-02-02 13:18:10,432 [INFO]     NSE:JSWENERGY-EQ | CVD=-182065 vs Ref=3921 | Close=445.55 vs VAH=447.80
2026-02-02 13:18:11,028 [INFO]     NSE:IDFCFIRSTB-EQ | CVD=5786296 vs Ref=-243483 | Close=80.04 vs VAL=79.70
2026-02-02 13:18:12,185 [INFO]     NSE:NATIONALUM-EQ | CVD=1667084 vs Ref=1364212 | Close=362.25 vs VAH=367.15
2026-02-02 13:18:14,192 [INFO]     NSE:PFC-EQ | CVD=-1108170 vs Ref=0 | Close=379.15 vs VAH=385.65
2026-02-02 13:18:16,146 [INFO]     NSE:RECLTD-EQ | CVD=663774 vs Ref=192310 | Close=356.00 vs VAH=366.00
2026-02-02 13:18:17,728 [INFO]     NSE:TATAPOWER-EQ | CVD=-245890 vs Ref=22693 | Close=352.15 vs VAH=355.20
2026-02-02 13:18:19,568 [INFO]     NSE:MANAPPURAM-EQ | CVD=96778 vs Ref=98130 | Close=267.30 vs VAH=269.55
2026-02-02 13:18:21,563 [INFO]     NSE:LTF-EQ | CVD=-140266 vs Ref=98102 | Close=271.65 vs VAH=276.00
2026-02-02 13:18:23,723 [INFO]     NSE:HUDCO-EQ | CVD=-821064 vs Ref=1361 | Close=179.20 vs VAH=186.90
2026-02-02 13:18:25,924 [INFO]     NSE:GAIL-EQ | CVD=-2084345 vs Ref=1741 | Close=159.48 vs VAH=161.40
2026-02-02 13:18:28,073 [INFO]     NSE:SAMMAANCAP-EQ | CVD=248804 vs Ref=597206 | Close=143.31 vs VAH=144.90
2026-02-02 13:18:44,967 [INFO] 🔍 Scanning for alerts on 6 symbols (5min)...
2026-02-02 13:18:46,559 [INFO]     NSE:KAYNES-EQ | CVD=5152 vs Ref=-99061 | Close=3389.20 vs VAL=3444.00
2026-02-02 13:18:48,206 [INFO]     NSE:PIIND-EQ | CVD=1394 vs Ref=-17103 | Close=3046.00 vs VAL=3049.50
2026-02-02 13:18:50,259 [INFO]     NSE:HINDUNILVR-EQ | CVD=114018 vs Ref=-17753 | Close=2348.30 vs VAL=2318.40
2026-02-02 13:18:51,900 [INFO]     NSE:CHOLAFIN-EQ | CVD=151574 vs Ref=-79867 | Close=1574.10 vs VAL=1526.80
2026-02-02 13:18:53,546 [INFO]     NSE:MAXHEALTH-EQ | CVD=196667 vs Ref=-26629 | Close=949.30 vs VAL=947.00
2026-02-02 13:18:55,080 [INFO]     NSE:IDFCFIRSTB-EQ | CVD=5786296 vs Ref=-243483 | Close=80.04 vs VAL=79.70
2026-02-02 13:19:06,970 [INFO] 🔍 Scanning for alerts on 1 symbols (5min)...
2026-02-02 13:19:09,084 [INFO]     NSE:HINDZINC-EQ | CVD=-575562 vs Ref=1657045 | Close=582.20 vs VAH=590.25
2026-02-02 13:19:11,031 [INFO] 🔍 Scanning for alerts on 3 symbols (5min)...
2026-02-02 13:19:12,769 [INFO]     NSE:PIIND-EQ | CVD=1394 vs Ref=-17103 | Close=3046.00 vs VAL=3049.50
2026-02-02 13:19:14,439 [INFO]     NSE:CHOLAFIN-EQ | CVD=151574 vs Ref=-79867 | Close=1574.10 vs VAL=1526.80
2026-02-02 13:19:16,168 [INFO]     NSE:IDFCFIRSTB-EQ | CVD=5786296 vs Ref=-243483 | Close=80.04 vs VAL=79.70
2026-02-02 13:19:28,077 [INFO] 🔍 Scanning for alerts on 18 symbols (5min)...
2026-02-02 13:19:30,024 [INFO]     NSE:POWERINDIA-EQ | CVD=-10398 vs Ref=1496 | Close=18688.00 vs VAH=18564.00
2026-02-02 13:19:31,956 [INFO]     NSE:MCX-EQ | CVD=-640936 vs Ref=58658 | Close=2217.10 vs VAH=2234.40
2026-02-02 13:19:33,482 [INFO]     NSE:GODREJPROP-EQ | CVD=-16898 vs Ref=25814 | Close=1540.30 vs VAH=1540.80
2026-02-02 13:19:35,010 [INFO]     NSE:JINDALSTEL-EQ | CVD=286510 vs Ref=4003 | Close=1097.80 vs VAH=1107.90
2026-02-02 13:19:36,583 [INFO]     NSE:HINDALCO-EQ | CVD=-521631 vs Ref=493502 | Close=910.45 vs VAH=913.80
2026-02-02 13:19:38,267 [INFO]     NSE:INDIANB-EQ | CVD=286557 vs Ref=95330 | Close=811.95 vs VAH=835.55
2026-02-02 13:19:39,990 [INFO]     NSE:OIL-EQ | CVD=-95414 vs Ref=116885 | Close=477.50 vs VAH=480.90
2026-02-02 13:19:41,474 [INFO]     NSE:COALINDIA-EQ | CVD=885213 vs Ref=2495 | Close=416.40 vs VAH=417.80
2026-02-02 13:19:43,104 [INFO]     NSE:JSWENERGY-EQ | CVD=-182065 vs Ref=3921 | Close=445.55 vs VAH=447.80
2026-02-02 13:19:44,970 [INFO]     NSE:NATIONALUM-EQ | CVD=1667084 vs Ref=1364212 | Close=362.25 vs VAH=367.15
2026-02-02 13:19:46,481 [INFO]     NSE:PFC-EQ | CVD=-1108170 vs Ref=0 | Close=379.15 vs VAH=385.65
2026-02-02 13:19:48,166 [INFO]     NSE:RECLTD-EQ | CVD=663774 vs Ref=192310 | Close=356.00 vs VAH=366.00
2026-02-02 13:19:50,108 [INFO]     NSE:TATAPOWER-EQ | CVD=-245890 vs Ref=22693 | Close=352.15 vs VAH=355.20
2026-02-02 13:19:51,957 [INFO]     NSE:MANAPPURAM-EQ | CVD=96778 vs Ref=98130 | Close=267.30 vs VAH=269.55
2026-02-02 13:19:53,568 [INFO]     NSE:LTF-EQ | CVD=-140266 vs Ref=98102 | Close=271.65 vs VAH=276.00
2026-02-02 13:19:55,084 [INFO] 🔍 Scanning for alerts on 6 symbols (5min)...
2026-02-02 13:19:55,303 [INFO]     NSE:HUDCO-EQ | CVD=-821064 vs Ref=1361 | Close=179.20 vs VAH=186.90
2026-02-02 13:19:57,280 [INFO]     NSE:KAYNES-EQ | CVD=5152 vs Ref=-99061 | Close=3389.20 vs VAL=3444.00
2026-02-02 13:19:57,512 [INFO]     NSE:GAIL-EQ | CVD=-2084345 vs Ref=1741 | Close=159.48 vs VAH=161.40
2026-02-02 13:19:59,488 [INFO]     NSE:PIIND-EQ | CVD=1394 vs Ref=-17103 | Close=3046.00 vs VAL=3049.50
2026-02-02 13:19:59,612 [INFO]     NSE:SAMMAANCAP-EQ | CVD=248804 vs Ref=597206 | Close=143.31 vs VAH=144.90
2026-02-02 13:20:01,420 [INFO]     NSE:HINDUNILVR-EQ | CVD=114018 vs Ref=-17753 | Close=2348.30 vs VAL=2318.40
2026-02-02 13:20:03,995 [INFO]     NSE:CHOLAFIN-EQ | CVD=151574 vs Ref=-79867 | Close=1574.10 vs VAL=1526.80
2026-02-02 13:20:06,018 [INFO]     NSE:MAXHEALTH-EQ | CVD=196667 vs Ref=-26629 | Close=949.30 vs VAL=947.00
2026-02-02 13:20:07,596 [INFO]     NSE:IDFCFIRSTB-EQ | CVD=5786296 vs Ref=-243483 | Close=80.04 vs VAL=79.70
2026-02-02 13:20:09,087 [INFO] 🔍 Scanning for alerts on 1 symbols (5min)...
2026-02-02 13:20:10,851 [INFO]     NSE:HINDZINC-EQ | CVD=-575562 vs Ref=1657045 | Close=582.20 vs VAH=590.25
2026-02-02 13:20:16,171 [INFO] 🔍 Scanning for alerts on 3 symbols (5min)...
2026-02-02 13:20:17,721 [INFO]     NSE:PIIND-EQ | CVD=1394 vs Ref=-17103 | Close=3046.00 vs VAL=3049.50
2026-02-02 13:20:19,389 [INFO]     NSE:CHOLAFIN-EQ | CVD=151574 vs Ref=-79867 | Close=1574.10 vs VAL=1526.80
2026-02-02 13:20:20,909 [INFO]     NSE:IDFCFIRSTB-EQ | CVD=5786296 vs Ref=-243483 | Close=80.04 vs VAL=79.70
2026-02-02 13:20:59,616 [INFO] 🔍 Scanning for alerts on 18 symbols (5min)...
2026-02-02 13:21:01,483 [INFO]     NSE:POWERINDIA-EQ | CVD=-10398 vs Ref=1496 | Close=18688.00 vs VAH=18564.00
2026-02-02 13:21:04,120 [INFO]     NSE:MCX-EQ | CVD=-637595 vs Ref=58658 | Close=2214.30 vs VAH=2234.40
2026-02-02 13:21:06,064 [INFO]     NSE:GODREJPROP-EQ | CVD=-16921 vs Ref=25814 | Close=1538.90 vs VAH=1540.80
2026-02-02 13:21:07,600 [INFO] 🔍 Scanning for alerts on 6 symbols (5min)...
2026-02-02 13:21:08,010 [INFO]     NSE:JINDALSTEL-EQ | CVD=285858 vs Ref=4003 | Close=1096.40 vs VAH=1107.90
2026-02-02 13:21:09,424 [INFO]     NSE:KAYNES-EQ | CVD=-15991 vs Ref=-99061 | Close=3379.70 vs VAL=3444.00
2026-02-02 13:21:09,811 [INFO]     NSE:HINDALCO-EQ | CVD=-579943 vs Ref=493502 | Close=907.80 vs VAH=913.80
2026-02-02 13:21:10,854 [INFO] 🔍 Scanning for alerts on 1 symbols (5min)...
2026-02-02 13:21:11,255 [INFO]     NSE:PIIND-EQ | CVD=6714 vs Ref=-17103 | Close=3048.30 vs VAL=3049.50
2026-02-02 13:21:11,833 [INFO]     NSE:INDIANB-EQ | CVD=189382 vs Ref=95330 | Close=809.10 vs VAH=835.55
2026-02-02 13:21:12,973 [INFO]     NSE:HINDZINC-EQ | CVD=-777871 vs Ref=1657045 | Close=580.80 vs VAH=590.25
2026-02-02 13:21:13,239 [INFO]     NSE:HINDUNILVR-EQ | CVD=115618 vs Ref=-17753 | Close=2345.80 vs VAL=2318.40
2026-02-02 13:21:13,678 [INFO]     NSE:OIL-EQ | CVD=-91516 vs Ref=116885 | Close=477.30 vs VAH=480.90
2026-02-02 13:21:15,069 [INFO]     NSE:CHOLAFIN-EQ | CVD=143163 vs Ref=-79867 | Close=1572.30 vs VAL=1526.80
2026-02-02 13:21:15,627 [INFO]     NSE:COALINDIA-EQ | CVD=875251 vs Ref=2495 | Close=415.45 vs VAH=417.80
2026-02-02 13:21:17,506 [INFO]     NSE:MAXHEALTH-EQ | CVD=230144 vs Ref=-26629 | Close=949.35 vs VAL=947.00
2026-02-02 13:21:17,829 [INFO]     NSE:JSWENERGY-EQ | CVD=-189961 vs Ref=3921 | Close=444.45 vs VAH=447.80
2026-02-02 13:21:19,645 [INFO]     NSE:IDFCFIRSTB-EQ | CVD=5920034 vs Ref=-243483 | Close=80.10 vs VAL=79.70
2026-02-02 13:21:20,064 [INFO]     NSE:NATIONALUM-EQ | CVD=1570325 vs Ref=1364212 | Close=360.25 vs VAH=367.15
2026-02-02 13:21:20,912 [INFO] 🔍 Scanning for alerts on 3 symbols (5min)...
2026-02-02 13:21:21,760 [INFO]     NSE:PFC-EQ | CVD=-1134289 vs Ref=0 | Close=378.55 vs VAH=385.65
2026-02-02 13:21:22,690 [INFO]     NSE:PIIND-EQ | CVD=6714 vs Ref=-17103 | Close=3048.30 vs VAL=3049.50
2026-02-02 13:21:23,853 [INFO]     NSE:RECLTD-EQ | CVD=707400 vs Ref=192310 | Close=355.35 vs VAH=366.00
2026-02-02 13:21:25,276 [INFO]     NSE:CHOLAFIN-EQ | CVD=143163 vs Ref=-79867 | Close=1572.30 vs VAL=1526.80
2026-02-02 13:21:26,217 [INFO]     NSE:TATAPOWER-EQ | CVD=-251096 vs Ref=22693 | Close=352.05 vs VAH=355.20
2026-02-02 13:21:27,545 [INFO]     NSE:IDFCFIRSTB-EQ | CVD=5920034 vs Ref=-243483 | Close=80.10 vs VAL=79.70
2026-02-02 13:21:28,201 [INFO]     NSE:MANAPPURAM-EQ | CVD=27623 vs Ref=98130 | Close=266.60 vs VAH=269.55
2026-02-02 13:21:29,841 [INFO]     NSE:LTF-EQ | CVD=-145805 vs Ref=98102 | Close=270.95 vs VAH=276.00
2026-02-02 13:21:32,051 [INFO]     NSE:HUDCO-EQ | CVD=-1076866 vs Ref=1361 | Close=178.44 vs VAH=186.90
2026-02-02 13:21:33,890 [INFO]     NSE:GAIL-EQ | CVD=-2169675 vs Ref=1741 | Close=159.10 vs VAH=161.40
2026-02-02 13:21:35,762 [INFO]     NSE:SAMMAANCAP-EQ | CVD=245592 vs Ref=597206 | Close=143.25 vs VAH=144.90
2026-02-02 13:22:12,979 [INFO] 🔍 Scanning for alerts on 1 symbols (5min)...
2026-02-02 13:22:14,858 [INFO]     NSE:HINDZINC-EQ | CVD=-777871 vs Ref=1657045 | Close=580.80 vs VAH=590.25
2026-02-02 13:22:19,653 [INFO] 🔍 Scanning for alerts on 6 symbols (5min)...
2026-02-02 13:22:21,647 [INFO]     NSE:KAYNES-EQ | CVD=-15991 vs Ref=-99061 | Close=3379.70 vs VAL=3444.00
2026-02-02 13:22:23,746 [INFO]     NSE:PIIND-EQ | CVD=6714 vs Ref=-17103 | Close=3048.30 vs VAL=3049.50
2026-02-02 13:22:25,918 [INFO]     NSE:HINDUNILVR-EQ | CVD=115618 vs Ref=-17753 | Close=2345.80 vs VAL=2318.40
2026-02-02 13:22:27,549 [INFO] 🔍 Scanning for alerts on 3 symbols (5min)...
2026-02-02 13:22:28,216 [INFO]     NSE:CHOLAFIN-EQ | CVD=143163 vs Ref=-79867 | Close=1572.30 vs VAL=1526.80
2026-02-02 13:22:29,785 [INFO]     NSE:PIIND-EQ | CVD=6714 vs Ref=-17103 | Close=3048.30 vs VAL=3049.50
2026-02-02 13:22:30,359 [INFO]     NSE:MAXHEALTH-EQ | CVD=230144 vs Ref=-26629 | Close=949.35 vs VAL=947.00
2026-02-02 13:22:31,937 [INFO]     NSE:CHOLAFIN-EQ | CVD=143163 vs Ref=-79867 | Close=1572.30 vs VAL=1526.80
2026-02-02 13:22:32,399 [INFO]     NSE:IDFCFIRSTB-EQ | CVD=5920034 vs Ref=-243483 | Close=80.10 vs VAL=79.70
2026-02-02 13:22:33,563 [INFO]     NSE:IDFCFIRSTB-EQ | CVD=5920034 vs Ref=-243483 | Close=80.10 vs VAL=79.70
2026-02-02 13:22:35,767 [INFO] 🔍 Scanning for alerts on 18 symbols (5min)...
2026-02-02 13:22:37,380 [INFO]     NSE:POWERINDIA-EQ | CVD=-8914 vs Ref=1496 | Close=18716.00 vs VAH=18564.00
2026-02-02 13:22:39,102 [INFO]     NSE:MCX-EQ | CVD=-637595 vs Ref=58658 | Close=2214.30 vs VAH=2234.40
2026-02-02 13:22:40,720 [INFO]     NSE:GODREJPROP-EQ | CVD=-16921 vs Ref=25814 | Close=1538.90 vs VAH=1540.80
2026-02-02 13:22:42,219 [INFO]     NSE:JINDALSTEL-EQ | CVD=285858 vs Ref=4003 | Close=1096.40 vs VAH=1107.90
2026-02-02 13:22:44,089 [INFO]     NSE:HINDALCO-EQ | CVD=-579943 vs Ref=493502 | Close=907.80 vs VAH=913.80
2026-02-02 13:22:45,995 [INFO]     NSE:INDIANB-EQ | CVD=189382 vs Ref=95330 | Close=809.10 vs VAH=835.55
2026-02-02 13:22:47,706 [INFO]     NSE:OIL-EQ | CVD=-91516 vs Ref=116885 | Close=477.30 vs VAH=480.90
2026-02-02 13:22:49,293 [INFO]     NSE:COALINDIA-EQ | CVD=875251 vs Ref=2495 | Close=415.45 vs VAH=417.80
2026-02-02 13:22:50,919 [INFO]     NSE:JSWENERGY-EQ | CVD=-189961 vs Ref=3921 | Close=444.45 vs VAH=447.80
2026-02-02 13:22:52,745 [INFO]     NSE:NATIONALUM-EQ | CVD=1570325 vs Ref=1364212 | Close=360.25 vs VAH=367.15
2026-02-02 13:22:54,348 [INFO]     NSE:PFC-EQ | CVD=-1134289 vs Ref=0 | Close=378.55 vs VAH=385.65
2026-02-02 13:22:55,933 [INFO]     NSE:RECLTD-EQ | CVD=707400 vs Ref=192310 | Close=355.35 vs VAH=366.00
2026-02-02 13:22:57,732 [INFO]     NSE:TATAPOWER-EQ | CVD=-251096 vs Ref=22693 | Close=352.05 vs VAH=355.20
2026-02-02 13:22:59,761 [INFO]     NSE:MANAPPURAM-EQ | CVD=27623 vs Ref=98130 | Close=266.60 vs VAH=269.55
2026-02-02 13:23:01,933 [INFO]     NSE:LTF-EQ | CVD=-145805 vs Ref=98102 | Close=270.95 vs VAH=276.00
2026-02-02 13:23:04,209 [INFO]     NSE:HUDCO-EQ | CVD=-1076866 vs Ref=1361 | Close=178.44 vs VAH=186.90
2026-02-02 13:23:06,401 [INFO]     NSE:GAIL-EQ | CVD=-2169675 vs Ref=1741 | Close=159.10 vs VAH=161.40
2026-02-02 13:23:08,360 [INFO]     NSE:SAMMAANCAP-EQ | CVD=245592 vs Ref=597206 | Close=143.25 vs VAH=144.90
2026-02-02 13:23:14,862 [INFO] 🔍 Scanning for alerts on 1 symbols (5min)...
2026-02-02 13:23:16,612 [INFO]     NSE:HINDZINC-EQ | CVD=-777871 vs Ref=1657045 | Close=580.80 vs VAH=590.25
2026-02-02 13:23:32,403 [INFO] 🔍 Scanning for alerts on 6 symbols (5min)...
2026-02-02 13:23:33,565 [INFO] 🔍 Scanning for alerts on 3 symbols (5min)...
2026-02-02 13:23:34,240 [INFO]     NSE:KAYNES-EQ | CVD=-15991 vs Ref=-99061 | Close=3379.70 vs VAL=3444.00
2026-02-02 13:23:35,358 [INFO]     NSE:PIIND-EQ | CVD=6714 vs Ref=-17103 | Close=3048.30 vs VAL=3049.50
2026-02-02 13:23:35,961 [INFO]     NSE:PIIND-EQ | CVD=6714 vs Ref=-17103 | Close=3048.30 vs VAL=3049.50
2026-02-02 13:23:37,134 [INFO]     NSE:CHOLAFIN-EQ | CVD=143163 vs Ref=-79867 | Close=1572.30 vs VAL=1526.80
2026-02-02 13:23:38,206 [INFO]     NSE:HINDUNILVR-EQ | CVD=115618 vs Ref=-17753 | Close=2345.80 vs VAL=2318.40
2026-02-02 13:23:39,424 [INFO]     NSE:IDFCFIRSTB-EQ | CVD=5920034 vs Ref=-243483 | Close=80.10 vs VAL=79.70
2026-02-02 13:23:40,020 [INFO]     NSE:CHOLAFIN-EQ | CVD=143163 vs Ref=-79867 | Close=1572.30 vs VAL=1526.80
2026-02-02 13:23:41,543 [INFO]     NSE:MAXHEALTH-EQ | CVD=230144 vs Ref=-26629 | Close=949.35 vs VAL=947.00
2026-02-02 13:23:43,085 [INFO]     NSE:IDFCFIRSTB-EQ | CVD=5920034 vs Ref=-243483 | Close=80.10 vs VAL=79.70
2026-02-02 13:24:08,364 [INFO] 🔍 Scanning for alerts on 18 symbols (5min)...
2026-02-02 13:24:09,888 [INFO]     NSE:POWERINDIA-EQ | CVD=-8914 vs Ref=1496 | Close=18716.00 vs VAH=18564.00
2026-02-02 13:24:11,719 [INFO]     NSE:MCX-EQ | CVD=-637595 vs Ref=58658 | Close=2214.30 vs VAH=2234.40
2026-02-02 13:24:13,951 [INFO]     NSE:GODREJPROP-EQ | CVD=-16921 vs Ref=25814 | Close=1538.90 vs VAH=1540.80
2026-02-02 13:24:15,537 [INFO]     NSE:JINDALSTEL-EQ | CVD=285858 vs Ref=4003 | Close=1096.40 vs VAH=1107.90
2026-02-02 13:24:16,616 [INFO] 🔍 Scanning for alerts on 1 symbols (5min)...
2026-02-02 13:24:17,072 [INFO]     NSE:HINDALCO-EQ | CVD=-579943 vs Ref=493502 | Close=907.80 vs VAH=913.80
2026-02-02 13:24:18,684 [INFO]     NSE:HINDZINC-EQ | CVD=-777871 vs Ref=1657045 | Close=580.80 vs VAH=590.25
2026-02-02 13:24:19,124 [INFO]     NSE:INDIANB-EQ | CVD=189382 vs Ref=95330 | Close=809.10 vs VAH=835.55
2026-02-02 13:24:20,632 [INFO]     NSE:OIL-EQ | CVD=-91516 vs Ref=116885 | Close=477.30 vs VAH=480.90
2026-02-02 13:24:22,208 [INFO]     NSE:COALINDIA-EQ | CVD=875251 vs Ref=2495 | Close=415.45 vs VAH=417.80
2026-02-02 13:24:24,533 [INFO]     NSE:JSWENERGY-EQ | CVD=-189961 vs Ref=3921 | Close=444.45 vs VAH=447.80
2026-02-02 13:24:26,622 [INFO]     NSE:NATIONALUM-EQ | CVD=1570325 vs Ref=1364212 | Close=360.25 vs VAH=367.15
2026-02-02 13:24:28,414 [INFO]     NSE:PFC-EQ | CVD=-1134289 vs Ref=0 | Close=378.55 vs VAH=385.65
2026-02-02 13:24:29,976 [INFO]     NSE:RECLTD-EQ | CVD=707400 vs Ref=192310 | Close=355.35 vs VAH=366.00
2026-02-02 13:24:31,545 [INFO]     NSE:TATAPOWER-EQ | CVD=-251096 vs Ref=22693 | Close=352.05 vs VAH=355.20
2026-02-02 13:24:33,206 [INFO]     NSE:MANAPPURAM-EQ | CVD=27623 vs Ref=98130 | Close=266.60 vs VAH=269.55
2026-02-02 13:24:34,947 [INFO]     NSE:LTF-EQ | CVD=-145805 vs Ref=98102 | Close=270.95 vs VAH=276.00
2026-02-02 13:24:36,767 [INFO]     NSE:HUDCO-EQ | CVD=-1076866 vs Ref=1361 | Close=178.44 vs VAH=186.90
2026-02-02 13:24:38,636 [INFO]     NSE:GAIL-EQ | CVD=-2169675 vs Ref=1741 | Close=159.10 vs VAH=161.40
2026-02-02 13:24:39,427 [INFO] 🔍 Scanning for alerts on 3 symbols (5min)...
2026-02-02 13:24:40,454 [INFO]     NSE:SAMMAANCAP-EQ | CVD=245592 vs Ref=597206 | Close=143.25 vs VAH=144.90
2026-02-02 13:24:41,157 [INFO]     NSE:PIIND-EQ | CVD=6714 vs Ref=-17103 | Close=3048.30 vs VAL=3049.50
2026-02-02 13:24:42,769 [INFO]     NSE:CHOLAFIN-EQ | CVD=143163 vs Ref=-79867 | Close=1572.30 vs VAL=1526.80
2026-02-02 13:24:43,088 [INFO] 🔍 Scanning for alerts on 6 symbols (5min)...
2026-02-02 13:24:44,442 [INFO]     NSE:IDFCFIRSTB-EQ | CVD=5920034 vs Ref=-243483 | Close=80.10 vs VAL=79.70
2026-02-02 13:24:44,836 [INFO]     NSE:KAYNES-EQ | CVD=-15991 vs Ref=-99061 | Close=3379.70 vs VAL=3444.00
2026-02-02 13:24:46,255 [INFO]     NSE:PIIND-EQ | CVD=6714 vs Ref=-17103 | Close=3048.30 vs VAL=3049.50
2026-02-02 13:24:47,740 [INFO]     NSE:HINDUNILVR-EQ | CVD=115618 vs Ref=-17753 | Close=2345.80 vs VAL=2318.40
2026-02-02 13:24:49,316 [INFO]     NSE:CHOLAFIN-EQ | CVD=143163 vs Ref=-79867 | Close=1572.30 vs VAL=1526.80
2026-02-02 13:24:50,786 [INFO]     NSE:MAXHEALTH-EQ | CVD=230144 vs Ref=-26629 | Close=949.35 vs VAL=947.00
2026-02-02 13:24:52,533 [INFO]     NSE:IDFCFIRSTB-EQ | CVD=5920034 vs Ref=-243483 | Close=80.10 vs VAL=79.70
2026-02-02 13:25:18,688 [INFO] 🔍 Scanning for alerts on 1 symbols (5min)...
2026-02-02 13:25:20,265 [INFO]     NSE:HINDZINC-EQ | CVD=-777871 vs Ref=1657045 | Close=580.80 vs VAH=590.25
2026-02-02 13:25:40,460 [INFO] 🔍 Scanning for alerts on 18 symbols (5min)...
2026-02-02 13:25:41,820 [INFO]     NSE:POWERINDIA-EQ | CVD=-8914 vs Ref=1496 | Close=18716.00 vs VAH=18564.00
2026-02-02 13:25:43,347 [INFO]     NSE:MCX-EQ | CVD=-637595 vs Ref=58658 | Close=2214.30 vs VAH=2234.40
2026-02-02 13:25:44,444 [INFO] 🔍 Scanning for alerts on 3 symbols (5min)...
2026-02-02 13:25:45,189 [INFO]     NSE:GODREJPROP-EQ | CVD=-16921 vs Ref=25814 | Close=1538.90 vs VAH=1540.80
2026-02-02 13:25:46,385 [INFO]     NSE:PIIND-EQ | CVD=6714 vs Ref=-17103 | Close=3048.30 vs VAL=3049.50
2026-02-02 13:25:47,090 [INFO]     NSE:JINDALSTEL-EQ | CVD=285858 vs Ref=4003 | Close=1096.40 vs VAH=1107.90
2026-02-02 13:25:48,322 [INFO]     NSE:CHOLAFIN-EQ | CVD=143163 vs Ref=-79867 | Close=1572.30 vs VAL=1526.80
2026-02-02 13:25:48,743 [INFO]     NSE:HINDALCO-EQ | CVD=-579943 vs Ref=493502 | Close=907.80 vs VAH=913.80
2026-02-02 13:25:49,778 [INFO]     NSE:IDFCFIRSTB-EQ | CVD=5920034 vs Ref=-243483 | Close=80.10 vs VAL=79.70
2026-02-02 13:25:50,253 [INFO]     NSE:INDIANB-EQ | CVD=189382 vs Ref=95330 | Close=809.10 vs VAH=835.55
2026-02-02 13:25:51,635 [INFO]     NSE:OIL-EQ | CVD=-91516 vs Ref=116885 | Close=477.30 vs VAH=480.90
2026-02-02 13:25:52,538 [INFO] 🔍 Scanning for alerts on 6 symbols (5min)...
2026-02-02 13:25:53,028 [INFO]     NSE:COALINDIA-EQ | CVD=875251 vs Ref=2495 | Close=415.45 vs VAH=417.80
2026-02-02 13:25:54,048 [INFO]     NSE:KAYNES-EQ | CVD=-15991 vs Ref=-99061 | Close=3379.70 vs VAL=3444.00
2026-02-02 13:25:54,508 [INFO]     NSE:JSWENERGY-EQ | CVD=-189961 vs Ref=3921 | Close=444.45 vs VAH=447.80
2026-02-02 13:25:55,612 [INFO]     NSE:PIIND-EQ | CVD=6714 vs Ref=-17103 | Close=3048.30 vs VAL=3049.50
2026-02-02 13:25:56,041 [INFO]     NSE:NATIONALUM-EQ | CVD=1570325 vs Ref=1364212 | Close=360.25 vs VAH=367.15
2026-02-02 13:25:57,143 [INFO]     NSE:HINDUNILVR-EQ | CVD=115618 vs Ref=-17753 | Close=2345.80 vs VAL=2318.40
2026-02-02 13:25:57,738 [INFO]     NSE:PFC-EQ | CVD=-1134289 vs Ref=0 | Close=378.55 vs VAH=385.65
2026-02-02 13:25:58,984 [INFO]     NSE:CHOLAFIN-EQ | CVD=143163 vs Ref=-79867 | Close=1572.30 vs VAL=1526.80
2026-02-02 13:25:59,428 [INFO]     NSE:RECLTD-EQ | CVD=707400 vs Ref=192310 | Close=355.35 vs VAH=366.00
2026-02-02 13:26:00,615 [INFO]     NSE:MAXHEALTH-EQ | CVD=230144 vs Ref=-26629 | Close=949.35 vs VAL=947.00
2026-02-02 13:26:01,255 [INFO]     NSE:TATAPOWER-EQ | CVD=-251096 vs Ref=22693 | Close=352.05 vs VAH=355.20
2026-02-02 13:26:02,733 [INFO]     NSE:IDFCFIRSTB-EQ | CVD=5920034 vs Ref=-243483 | Close=80.10 vs VAL=79.70
2026-02-02 13:26:03,438 [INFO]     NSE:MANAPPURAM-EQ | CVD=27623 vs Ref=98130 | Close=266.60 vs VAH=269.55
2026-02-02 13:26:05,422 [INFO]     NSE:LTF-EQ | CVD=-172528 vs Ref=98102 | Close=270.20 vs VAH=276.00
2026-02-02 13:26:07,090 [INFO]     NSE:HUDCO-EQ | CVD=-1095387 vs Ref=1361 | Close=178.40 vs VAH=186.90
2026-02-02 13:26:08,625 [INFO]     NSE:GAIL-EQ | CVD=-2323746 vs Ref=1741 | Close=159.00 vs VAH=161.40
2026-02-02 13:26:10,133 [INFO]     NSE:SAMMAANCAP-EQ | CVD=259543 vs Ref=597206 | Close=143.45 vs VAH=144.90
2026-02-02 13:26:20,268 [INFO] 🔍 Scanning for alerts on 1 symbols (5min)...
2026-02-02 13:26:21,791 [INFO]     NSE:HINDZINC-EQ | CVD=-625872 vs Ref=1657045 | Close=581.45 vs VAH=590.25
2026-02-02 13:26:49,781 [INFO] 🔍 Scanning for alerts on 3 symbols (5min)...
2026-02-02 13:26:51,259 [INFO]     NSE:PIIND-EQ | CVD=7151 vs Ref=-17103 | Close=3046.80 vs VAL=3049.50
2026-02-02 13:26:52,729 [INFO]     NSE:CHOLAFIN-EQ | CVD=147010 vs Ref=-79867 | Close=1572.40 vs VAL=1526.80
2026-02-02 13:26:54,113 [INFO]     NSE:IDFCFIRSTB-EQ | CVD=5908949 vs Ref=-243483 | Close=80.01 vs VAL=79.70
2026-02-02 13:27:02,737 [INFO] 🔍 Scanning for alerts on 6 symbols (5min)...
2026-02-02 13:27:04,385 [INFO]     NSE:KAYNES-EQ | CVD=-43798 vs Ref=-99061 | Close=3377.30 vs VAL=3444.00
2026-02-02 13:27:06,209 [INFO]     NSE:PIIND-EQ | CVD=7151 vs Ref=-17103 | Close=3046.80 vs VAL=3049.50
2026-02-02 13:27:07,693 [INFO]     NSE:HINDUNILVR-EQ | CVD=118037 vs Ref=-17753 | Close=2347.40 vs VAL=2318.40
2026-02-02 13:27:09,240 [INFO]     NSE:CHOLAFIN-EQ | CVD=147010 vs Ref=-79867 | Close=1572.40 vs VAL=1526.80
2026-02-02 13:27:10,137 [INFO] 🔍 Scanning for alerts on 18 symbols (5min)...
2026-02-02 13:27:10,728 [INFO]     NSE:MAXHEALTH-EQ | CVD=220865 vs Ref=-26629 | Close=949.20 vs VAL=947.00
2026-02-02 13:27:11,777 [INFO]     NSE:POWERINDIA-EQ | CVD=-15217 vs Ref=1496 | Close=18669.00 vs VAH=18564.00
2026-02-02 13:27:12,378 [INFO]     NSE:IDFCFIRSTB-EQ | CVD=5908949 vs Ref=-243483 | Close=80.01 vs VAL=79.70
2026-02-02 13:27:13,482 [INFO]     NSE:MCX-EQ | CVD=-665271 vs Ref=58658 | Close=2209.30 vs VAH=2234.40
2026-02-02 13:27:14,897 [INFO]     NSE:GODREJPROP-EQ | CVD=-33144 vs Ref=25814 | Close=1536.40 vs VAH=1540.80
2026-02-02 13:27:16,325 [INFO]     NSE:JINDALSTEL-EQ | CVD=285770 vs Ref=4003 | Close=1096.90 vs VAH=1107.90
2026-02-02 13:27:17,809 [INFO]     NSE:HINDALCO-EQ | CVD=-554734 vs Ref=493502 | Close=909.30 vs VAH=913.80
2026-02-02 13:27:19,293 [INFO]     NSE:INDIANB-EQ | CVD=198309 vs Ref=95330 | Close=808.70 vs VAH=835.55
2026-02-02 13:27:20,674 [INFO]     NSE:OIL-EQ | CVD=-92744 vs Ref=116885 | Close=477.80 vs VAH=480.90
2026-02-02 13:27:21,794 [INFO] 🔍 Scanning for alerts on 1 symbols (5min)...
2026-02-02 13:27:22,093 [INFO]     NSE:COALINDIA-EQ | CVD=854163 vs Ref=2495 | Close=415.05 vs VAH=417.80
2026-02-02 13:27:24,102 [INFO]     NSE:HINDZINC-EQ | CVD=-625872 vs Ref=1657045 | Close=581.45 vs VAH=590.25
2026-02-02 13:27:24,258 [INFO]     NSE:JSWENERGY-EQ | CVD=-190366 vs Ref=3921 | Close=444.00 vs VAH=447.80
2026-02-02 13:27:26,745 [INFO]     NSE:NATIONALUM-EQ | CVD=1485033 vs Ref=1364212 | Close=359.65 vs VAH=367.15
2026-02-02 13:27:28,507 [INFO]     NSE:PFC-EQ | CVD=-1179307 vs Ref=0 | Close=377.35 vs VAH=385.65
2026-02-02 13:27:30,473 [INFO]     NSE:RECLTD-EQ | CVD=747584 vs Ref=192310 | Close=355.65 vs VAH=366.00
2026-02-02 13:27:32,304 [INFO]     NSE:TATAPOWER-EQ | CVD=-262237 vs Ref=22693 | Close=351.60 vs VAH=355.20
2026-02-02 13:27:33,823 [INFO]     NSE:MANAPPURAM-EQ | CVD=44861 vs Ref=98130 | Close=266.80 vs VAH=269.55
2026-02-02 13:27:35,325 [INFO]     NSE:LTF-EQ | CVD=-172528 vs Ref=98102 | Close=270.20 vs VAH=276.00
2026-02-02 13:27:36,855 [INFO]     NSE:HUDCO-EQ | CVD=-1095387 vs Ref=1361 | Close=178.40 vs VAH=186.90
2026-02-02 13:27:38,339 [INFO]     NSE:GAIL-EQ | CVD=-2323746 vs Ref=1741 | Close=159.00 vs VAH=161.40
2026-02-02 13:27:39,814 [INFO]     NSE:SAMMAANCAP-EQ | CVD=259543 vs Ref=597206 | Close=143.45 vs VAH=144.90
2026-02-02 13:27:54,116 [INFO] 🔍 Scanning for alerts on 3 symbols (5min)...
2026-02-02 13:27:55,652 [INFO]     NSE:PIIND-EQ | CVD=7151 vs Ref=-17103 | Close=3046.80 vs VAL=3049.50
2026-02-02 13:27:57,208 [INFO]     NSE:CHOLAFIN-EQ | CVD=147010 vs Ref=-79867 | Close=1572.40 vs VAL=1526.80
2026-02-02 13:27:58,691 [INFO]     NSE:IDFCFIRSTB-EQ | CVD=5908949 vs Ref=-243483 | Close=80.01 vs VAL=79.70
2026-02-02 13:28:12,382 [INFO] 🔍 Scanning for alerts on 6 symbols (5min)...
2026-02-02 13:28:13,806 [INFO]     NSE:KAYNES-EQ | CVD=-43798 vs Ref=-99061 | Close=3377.30 vs VAL=3444.00
2026-02-02 13:28:15,198 [INFO]     NSE:PIIND-EQ | CVD=7151 vs Ref=-17103 | Close=3046.80 vs VAL=3049.50
2026-02-02 13:28:16,625 [INFO]     NSE:HINDUNILVR-EQ | CVD=118037 vs Ref=-17753 | Close=2347.40 vs VAL=2318.40
2026-02-02 13:28:18,084 [INFO]     NSE:CHOLAFIN-EQ | CVD=147010 vs Ref=-79867 | Close=1572.40 vs VAL=1526.80
2026-02-02 13:28:19,500 [INFO]     NSE:MAXHEALTH-EQ | CVD=220865 vs Ref=-26629 | Close=949.20 vs VAL=947.00
2026-02-02 13:28:20,939 [INFO]     NSE:IDFCFIRSTB-EQ | CVD=5908949 vs Ref=-243483 | Close=80.01 vs VAL=79.70
2026-02-02 13:28:24,107 [INFO] 🔍 Scanning for alerts on 1 symbols (5min)...
2026-02-02 13:28:26,424 [INFO]     NSE:HINDZINC-EQ | CVD=-625872 vs Ref=1657045 | Close=581.45 vs VAH=590.25
2026-02-02 13:28:39,819 [INFO] 🔍 Scanning for alerts on 18 symbols (5min)...
2026-02-02 13:28:41,313 [INFO]     NSE:POWERINDIA-EQ | CVD=-15217 vs Ref=1496 | Close=18669.00 vs VAH=18564.00
2026-02-02 13:28:42,888 [INFO]     NSE:MCX-EQ | CVD=-665271 vs Ref=58658 | Close=2209.30 vs VAH=2234.40
2026-02-02 13:28:44,302 [INFO]     NSE:GODREJPROP-EQ | CVD=-33144 vs Ref=25814 | Close=1536.40 vs VAH=1540.80
2026-02-02 13:28:45,688 [INFO]     NSE:JINDALSTEL-EQ | CVD=285770 vs Ref=4003 | Close=1096.90 vs VAH=1107.90
2026-02-02 13:28:47,124 [INFO]     NSE:HINDALCO-EQ | CVD=-554734 vs Ref=493502 | Close=909.30 vs VAH=913.80
2026-02-02 13:28:48,695 [INFO]     NSE:INDIANB-EQ | CVD=198309 vs Ref=95330 | Close=808.70 vs VAH=835.55
2026-02-02 13:28:50,094 [INFO]     NSE:OIL-EQ | CVD=-92744 vs Ref=116885 | Close=477.80 vs VAH=480.90
2026-02-02 13:28:51,484 [INFO]     NSE:COALINDIA-EQ | CVD=854163 vs Ref=2495 | Close=415.05 vs VAH=417.80
2026-02-02 13:28:52,922 [INFO]     NSE:JSWENERGY-EQ | CVD=-190366 vs Ref=3921 | Close=444.00 vs VAH=447.80
2026-02-02 13:28:54,445 [INFO]     NSE:NATIONALUM-EQ | CVD=1485033 vs Ref=1364212 | Close=359.65 vs VAH=367.15
2026-02-02 13:28:55,851 [INFO]     NSE:PFC-EQ | CVD=-1179307 vs Ref=0 | Close=377.35 vs VAH=385.65
2026-02-02 13:28:57,357 [INFO]     NSE:RECLTD-EQ | CVD=747584 vs Ref=192310 | Close=355.65 vs VAH=366.00
2026-02-02 13:28:58,693 [INFO] 🔍 Scanning for alerts on 3 symbols (5min)...
2026-02-02 13:28:58,962 [INFO]     NSE:TATAPOWER-EQ | CVD=-262237 vs Ref=22693 | Close=351.60 vs VAH=355.20
2026-02-02 13:29:00,568 [INFO]     NSE:PIIND-EQ | CVD=7151 vs Ref=-17103 | Close=3046.80 vs VAL=3049.50
2026-02-02 13:29:00,987 [INFO]     NSE:MANAPPURAM-EQ | CVD=44861 vs Ref=98130 | Close=266.80 vs VAH=269.55
2026-02-02 13:29:02,983 [INFO]     NSE:CHOLAFIN-EQ | CVD=147010 vs Ref=-79867 | Close=1572.40 vs VAL=1526.80
2026-02-02 13:29:03,313 [INFO]     NSE:LTF-EQ | CVD=-172528 vs Ref=98102 | Close=270.20 vs VAH=276.00
2026-02-02 13:29:04,632 [INFO]     NSE:IDFCFIRSTB-EQ | CVD=5908949 vs Ref=-243483 | Close=80.01 vs VAL=79.70
2026-02-02 13:29:05,110 [INFO]     NSE:HUDCO-EQ | CVD=-1095387 vs Ref=1361 | Close=178.40 vs VAH=186.90
2026-02-02 13:29:06,864 [INFO]     NSE:GAIL-EQ | CVD=-2323746 vs Ref=1741 | Close=159.00 vs VAH=161.40
2026-02-02 13:29:08,333 [INFO]     NSE:SAMMAANCAP-EQ | CVD=259543 vs Ref=597206 | Close=143.45 vs VAH=144.90
2026-02-02 13:29:20,944 [INFO] 🔍 Scanning for alerts on 6 symbols (5min)...
2026-02-02 13:29:22,557 [INFO]     NSE:KAYNES-EQ | CVD=-43798 vs Ref=-99061 | Close=3377.30 vs VAL=3444.00
2026-02-02 13:29:24,868 [INFO]     NSE:PIIND-EQ | CVD=7151 vs Ref=-17103 | Close=3046.80 vs VAL=3049.50
2026-02-02 13:29:26,429 [INFO] 🔍 Scanning for alerts on 1 symbols (5min)...
2026-02-02 13:29:27,333 [INFO]     NSE:HINDUNILVR-EQ | CVD=118037 vs Ref=-17753 | Close=2347.40 vs VAL=2318.40
2026-02-02 13:29:28,817 [INFO]     NSE:HINDZINC-EQ | CVD=-625872 vs Ref=1657045 | Close=581.45 vs VAH=590.25
2026-02-02 13:29:29,478 [INFO]     NSE:CHOLAFIN-EQ | CVD=147010 vs Ref=-79867 | Close=1572.40 vs VAL=1526.80
2026-02-02 13:29:30,997 [INFO]     NSE:MAXHEALTH-EQ | CVD=220865 vs Ref=-26629 | Close=949.20 vs VAL=947.00
2026-02-02 13:29:32,427 [INFO]     NSE:IDFCFIRSTB-EQ | CVD=5908949 vs Ref=-243483 | Close=80.01 vs VAL=79.70
2026-02-02 13:30:04,635 [INFO] 🔍 Scanning for alerts on 3 symbols (5min)...
2026-02-02 13:30:06,651 [INFO]     NSE:PIIND-EQ | CVD=7151 vs Ref=-17103 | Close=3046.80 vs VAL=3049.50
2026-02-02 13:30:08,338 [INFO] 🔍 Scanning for alerts on 18 symbols (5min)...
2026-02-02 13:30:08,386 [INFO]     NSE:CHOLAFIN-EQ | CVD=147010 vs Ref=-79867 | Close=1572.40 vs VAL=1526.80
2026-02-02 13:30:09,955 [INFO]     NSE:IDFCFIRSTB-EQ | CVD=5908949 vs Ref=-243483 | Close=80.01 vs VAL=79.70
2026-02-02 13:30:09,977 [INFO]     NSE:POWERINDIA-EQ | CVD=-15217 vs Ref=1496 | Close=18669.00 vs VAH=18564.00
2026-02-02 13:30:11,499 [INFO]     NSE:MCX-EQ | CVD=-665271 vs Ref=58658 | Close=2209.30 vs VAH=2234.40
2026-02-02 13:30:12,945 [INFO]     NSE:GODREJPROP-EQ | CVD=-33144 vs Ref=25814 | Close=1536.40 vs VAH=1540.80
2026-02-02 13:30:14,368 [INFO]     NSE:JINDALSTEL-EQ | CVD=285770 vs Ref=4003 | Close=1096.90 vs VAH=1107.90
2026-02-02 13:30:15,855 [INFO]     NSE:HINDALCO-EQ | CVD=-554734 vs Ref=493502 | Close=909.30 vs VAH=913.80
2026-02-02 13:30:17,319 [INFO]     NSE:INDIANB-EQ | CVD=198309 vs Ref=95330 | Close=808.70 vs VAH=835.55
2026-02-02 13:30:18,786 [INFO]     NSE:OIL-EQ | CVD=-92744 vs Ref=116885 | Close=477.80 vs VAH=480.90
2026-02-02 13:30:20,290 [INFO]     NSE:COALINDIA-EQ | CVD=854163 vs Ref=2495 | Close=415.05 vs VAH=417.80
2026-02-02 13:30:21,760 [INFO]     NSE:JSWENERGY-EQ | CVD=-190366 vs Ref=3921 | Close=444.00 vs VAH=447.80
2026-02-02 13:30:23,920 [INFO]     NSE:NATIONALUM-EQ | CVD=1485033 vs Ref=1364212 | Close=359.65 vs VAH=367.15
2026-02-02 13:30:26,288 [INFO]     NSE:PFC-EQ | CVD=-1179307 vs Ref=0 | Close=377.35 vs VAH=385.65
2026-02-02 13:30:28,496 [INFO]     NSE:RECLTD-EQ | CVD=747584 vs Ref=192310 | Close=355.65 vs VAH=366.00
2026-02-02 13:30:28,822 [INFO] 🔍 Scanning for alerts on 1 symbols (5min)...
2026-02-02 13:30:30,439 [INFO]     NSE:TATAPOWER-EQ | CVD=-262237 vs Ref=22693 | Close=351.60 vs VAH=355.20
2026-02-02 13:30:30,846 [INFO]     NSE:HINDZINC-EQ | CVD=-625872 vs Ref=1657045 | Close=581.45 vs VAH=590.25
2026-02-02 13:30:32,165 [INFO]     NSE:MANAPPURAM-EQ | CVD=44861 vs Ref=98130 | Close=266.80 vs VAH=269.55
2026-02-02 13:30:32,431 [INFO] 🔍 Scanning for alerts on 6 symbols (5min)...
2026-02-02 13:30:34,142 [INFO]     NSE:LTF-EQ | CVD=-172528 vs Ref=98102 | Close=270.20 vs VAH=276.00
2026-02-02 13:30:34,295 [INFO]     NSE:KAYNES-EQ | CVD=-43798 vs Ref=-99061 | Close=3377.30 vs VAL=3444.00
2026-02-02 13:30:35,922 [INFO]     NSE:HUDCO-EQ | CVD=-1095387 vs Ref=1361 | Close=178.40 vs VAH=186.90
2026-02-02 13:30:35,939 [INFO]     NSE:PIIND-EQ | CVD=7151 vs Ref=-17103 | Close=3046.80 vs VAL=3049.50
2026-02-02 13:30:37,580 [INFO]     NSE:HINDUNILVR-EQ | CVD=118037 vs Ref=-17753 | Close=2347.40 vs VAL=2318.40
2026-02-02 13:30:37,632 [INFO]     NSE:GAIL-EQ | CVD=-2323746 vs Ref=1741 | Close=159.00 vs VAH=161.40
2026-02-02 13:30:39,178 [INFO]     NSE:SAMMAANCAP-EQ | CVD=259543 vs Ref=597206 | Close=143.45 vs VAH=144.90
2026-02-02 13:30:39,216 [INFO]     NSE:CHOLAFIN-EQ | CVD=147010 vs Ref=-79867 | Close=1572.40 vs VAL=1526.80
2026-02-02 13:30:40,608 [INFO]     NSE:MAXHEALTH-EQ | CVD=220865 vs Ref=-26629 | Close=949.20 vs VAL=947.00
2026-02-02 13:30:42,080 [INFO]     NSE:IDFCFIRSTB-EQ | CVD=5908949 vs Ref=-243483 | Close=80.01 vs VAL=79.70
2026-02-02 13:31:09,958 [INFO] 🔍 Scanning for alerts on 3 symbols (5min)...
2026-02-02 13:31:11,417 [INFO]     NSE:PIIND-EQ | CVD=15562 vs Ref=-17103 | Close=3057.00 vs VAL=3049.50
2026-02-02 13:31:13,002 [INFO]     NSE:CHOLAFIN-EQ | CVD=152847 vs Ref=-79867 | Close=1573.30 vs VAL=1526.80
2026-02-02 13:31:14,535 [INFO]     NSE:IDFCFIRSTB-EQ | CVD=6136607 vs Ref=-243483 | Close=80.23 vs VAL=79.70
2026-02-02 13:31:30,850 [INFO] 🔍 Scanning for alerts on 1 symbols (5min)...
2026-02-02 13:31:32,430 [INFO]     NSE:HINDZINC-EQ | CVD=-571846 vs Ref=1657045 | Close=581.70 vs VAH=590.25
2026-02-02 13:31:39,183 [INFO] 🔍 Scanning for alerts on 18 symbols (5min)...
2026-02-02 13:31:40,729 [INFO]     NSE:POWERINDIA-EQ | CVD=-15177 vs Ref=1496 | Close=18675.00 vs VAH=18564.00
2026-02-02 13:31:42,084 [INFO] 🔍 Scanning for alerts on 6 symbols (5min)...
2026-02-02 13:31:42,333 [INFO]     NSE:MCX-EQ | CVD=-673083 vs Ref=58658 | Close=2208.70 vs VAH=2234.40
2026-02-02 13:31:43,608 [INFO]     NSE:KAYNES-EQ | CVD=-45665 vs Ref=-99061 | Close=3380.00 vs VAL=3444.00
2026-02-02 13:31:43,851 [INFO]     NSE:GODREJPROP-EQ | CVD=-33008 vs Ref=25814 | Close=1541.50 vs VAH=1540.80
2026-02-02 13:31:45,135 [INFO]     NSE:PIIND-EQ | CVD=15562 vs Ref=-17103 | Close=3057.00 vs VAL=3049.50
2026-02-02 13:31:45,307 [INFO]     NSE:JINDALSTEL-EQ | CVD=291123 vs Ref=4003 | Close=1100.00 vs VAH=1107.90
2026-02-02 13:31:46,619 [INFO]     NSE:HINDUNILVR-EQ | CVD=118845 vs Ref=-17753 | Close=2347.40 vs VAL=2318.40
2026-02-02 13:31:46,775 [INFO]     NSE:HINDALCO-EQ | CVD=-538710 vs Ref=493502 | Close=911.25 vs VAH=913.80
2026-02-02 13:31:48,157 [INFO]     NSE:CHOLAFIN-EQ | CVD=152847 vs Ref=-79867 | Close=1573.30 vs VAL=1526.80
2026-02-02 13:31:48,324 [INFO]     NSE:INDIANB-EQ | CVD=200542 vs Ref=95330 | Close=809.65 vs VAH=835.55
2026-02-02 13:31:49,639 [INFO]     NSE:MAXHEALTH-EQ | CVD=218614 vs Ref=-26629 | Close=949.05 vs VAL=947.00
2026-02-02 13:31:49,747 [INFO]     NSE:OIL-EQ | CVD=-89054 vs Ref=116885 | Close=478.20 vs VAH=480.90
2026-02-02 13:31:51,192 [INFO]     NSE:IDFCFIRSTB-EQ | CVD=6136607 vs Ref=-243483 | Close=80.23 vs VAL=79.70
2026-02-02 13:31:51,283 [INFO]     NSE:COALINDIA-EQ | CVD=829997 vs Ref=2495 | Close=415.35 vs VAH=417.80
2026-02-02 13:31:52,732 [INFO]     NSE:JSWENERGY-EQ | CVD=-187205 vs Ref=3921 | Close=444.30 vs VAH=447.80
2026-02-02 13:31:54,248 [INFO]     NSE:NATIONALUM-EQ | CVD=1475445 vs Ref=1364212 | Close=359.70 vs VAH=367.15
2026-02-02 13:31:55,764 [INFO]     NSE:PFC-EQ | CVD=-1189151 vs Ref=0 | Close=377.70 vs VAH=385.65
2026-02-02 13:31:57,320 [INFO]     NSE:RECLTD-EQ | CVD=800384 vs Ref=192310 | Close=356.05 vs VAH=366.00
2026-02-02 13:31:58,816 [INFO]     NSE:TATAPOWER-EQ | CVD=-232432 vs Ref=22693 | Close=353.05 vs VAH=355.20
2026-02-02 13:32:00,402 [INFO]     NSE:MANAPPURAM-EQ | CVD=48738 vs Ref=98130 | Close=266.55 vs VAH=269.55
2026-02-02 13:32:02,307 [INFO]     NSE:LTF-EQ | CVD=-82023 vs Ref=98102 | Close=270.90 vs VAH=276.00
2026-02-02 13:32:04,380 [INFO]     NSE:HUDCO-EQ | CVD=-1012835 vs Ref=1361 | Close=178.90 vs VAH=186.90
2026-02-02 13:32:06,518 [INFO]     NSE:GAIL-EQ | CVD=-2299351 vs Ref=1741 | Close=159.24 vs VAH=161.40
2026-02-02 13:32:08,069 [INFO]     NSE:SAMMAANCAP-EQ | CVD=273974 vs Ref=597206 | Close=143.65 vs VAH=144.90
2026-02-02 13:32:14,538 [INFO] 🔍 Scanning for alerts on 3 symbols (5min)...
2026-02-02 13:32:15,953 [INFO]     NSE:PIIND-EQ | CVD=15562 vs Ref=-17103 | Close=3057.00 vs VAL=3049.50
2026-02-02 13:32:17,467 [INFO]     NSE:CHOLAFIN-EQ | CVD=152847 vs Ref=-79867 | Close=1573.30 vs VAL=1526.80
2026-02-02 13:32:19,097 [INFO]     NSE:IDFCFIRSTB-EQ | CVD=6136607 vs Ref=-243483 | Close=80.23 vs VAL=79.70
2026-02-02 13:32:32,434 [INFO] 🔍 Scanning for alerts on 1 symbols (5min)...
2026-02-02 13:32:34,007 [INFO]     NSE:HINDZINC-EQ | CVD=-571846 vs Ref=1657045 | Close=581.70 vs VAH=590.25
2026-02-02 13:32:51,196 [INFO] 🔍 Scanning for alerts on 6 symbols (5min)...
2026-02-02 13:32:52,702 [INFO]     NSE:KAYNES-EQ | CVD=-45665 vs Ref=-99061 | Close=3380.00 vs VAL=3444.00
2026-02-02 13:32:54,135 [INFO]     NSE:PIIND-EQ | CVD=15562 vs Ref=-17103 | Close=3057.00 vs VAL=3049.50
2026-02-02 13:32:55,585 [INFO]     NSE:HINDUNILVR-EQ | CVD=118845 vs Ref=-17753 | Close=2347.40 vs VAL=2318.40
2026-02-02 13:32:57,173 [INFO]     NSE:CHOLAFIN-EQ | CVD=152847 vs Ref=-79867 | Close=1573.30 vs VAL=1526.80
2026-02-02 13:32:58,946 [INFO]     NSE:MAXHEALTH-EQ | CVD=218614 vs Ref=-26629 | Close=949.05 vs VAL=947.00
2026-02-02 13:33:00,456 [INFO]     NSE:IDFCFIRSTB-EQ | CVD=6136607 vs Ref=-243483 | Close=80.23 vs VAL=79.70
2026-02-02 13:33:08,074 [INFO] 🔍 Scanning for alerts on 18 symbols (5min)...
2026-02-02 13:33:09,554 [INFO]     NSE:POWERINDIA-EQ | CVD=-15177 vs Ref=1496 | Close=18675.00 vs VAH=18564.00
2026-02-02 13:33:11,094 [INFO]     NSE:MCX-EQ | CVD=-673083 vs Ref=58658 | Close=2208.70 vs VAH=2234.40
2026-02-02 13:33:12,625 [INFO]     NSE:GODREJPROP-EQ | CVD=-33008 vs Ref=25814 | Close=1541.50 vs VAH=1540.80
2026-02-02 13:33:13,977 [INFO]     NSE:JINDALSTEL-EQ | CVD=291123 vs Ref=4003 | Close=1100.00 vs VAH=1107.90
2026-02-02 13:33:15,446 [INFO]     NSE:HINDALCO-EQ | CVD=-538710 vs Ref=493502 | Close=911.25 vs VAH=913.80
2026-02-02 13:33:16,915 [INFO]     NSE:INDIANB-EQ | CVD=200542 vs Ref=95330 | Close=809.65 vs VAH=835.55
2026-02-02 13:33:18,253 [INFO]     NSE:OIL-EQ | CVD=-89054 vs Ref=116885 | Close=478.20 vs VAH=480.90
2026-02-02 13:33:19,100 [INFO] 🔍 Scanning for alerts on 3 symbols (5min)...
2026-02-02 13:33:19,853 [INFO]     NSE:COALINDIA-EQ | CVD=829997 vs Ref=2495 | Close=415.35 vs VAH=417.80
2026-02-02 13:33:20,787 [INFO]     NSE:PIIND-EQ | CVD=15562 vs Ref=-17103 | Close=3057.00 vs VAL=3049.50
2026-02-02 13:33:21,498 [INFO]     NSE:JSWENERGY-EQ | CVD=-187205 vs Ref=3921 | Close=444.30 vs VAH=447.80
2026-02-02 13:33:22,546 [INFO]     NSE:CHOLAFIN-EQ | CVD=152847 vs Ref=-79867 | Close=1573.30 vs VAL=1526.80
2026-02-02 13:33:23,821 [INFO]     NSE:NATIONALUM-EQ | CVD=1475445 vs Ref=1364212 | Close=359.70 vs VAH=367.15
2026-02-02 13:33:24,998 [INFO]     NSE:IDFCFIRSTB-EQ | CVD=6136607 vs Ref=-243483 | Close=80.23 vs VAL=79.70
2026-02-02 13:33:26,270 [INFO]     NSE:PFC-EQ | CVD=-1189151 vs Ref=0 | Close=377.70 vs VAH=385.65
2026-02-02 13:33:28,091 [INFO]     NSE:RECLTD-EQ | CVD=800384 vs Ref=192310 | Close=356.05 vs VAH=366.00
2026-02-02 13:33:29,862 [INFO]     NSE:TATAPOWER-EQ | CVD=-232432 vs Ref=22693 | Close=353.05 vs VAH=355.20
2026-02-02 13:33:31,557 [INFO]     NSE:MANAPPURAM-EQ | CVD=48738 vs Ref=98130 | Close=266.55 vs VAH=269.55
2026-02-02 13:33:33,078 [INFO]     NSE:LTF-EQ | CVD=-82023 vs Ref=98102 | Close=270.90 vs VAH=276.00
2026-02-02 13:33:34,012 [INFO] 🔍 Scanning for alerts on 1 symbols (5min)...
2026-02-02 13:33:34,742 [INFO]     NSE:HUDCO-EQ | CVD=-1012835 vs Ref=1361 | Close=178.90 vs VAH=186.90
2026-02-02 13:33:35,737 [INFO]     NSE:HINDZINC-EQ | CVD=-571846 vs Ref=1657045 | Close=581.70 vs VAH=590.25
2026-02-02 13:33:36,268 [INFO]     NSE:GAIL-EQ | CVD=-2299351 vs Ref=1741 | Close=159.24 vs VAH=161.40
2026-02-02 13:33:37,976 [INFO]     NSE:SAMMAANCAP-EQ | CVD=273974 vs Ref=597206 | Close=143.65 vs VAH=144.90
2026-02-02 13:34:00,460 [INFO] 🔍 Scanning for alerts on 6 symbols (5min)...
2026-02-02 13:34:02,419 [INFO]     NSE:KAYNES-EQ | CVD=-45665 vs Ref=-99061 | Close=3380.00 vs VAL=3444.00
2026-02-02 13:34:04,352 [INFO]     NSE:PIIND-EQ | CVD=15562 vs Ref=-17103 | Close=3057.00 vs VAL=3049.50
2026-02-02 13:34:06,180 [INFO]     NSE:HINDUNILVR-EQ | CVD=118845 vs Ref=-17753 | Close=2347.40 vs VAL=2318.40
2026-02-02 13:34:07,745 [INFO]     NSE:CHOLAFIN-EQ | CVD=152847 vs Ref=-79867 | Close=1573.30 vs VAL=1526.80
2026-02-02 13:34:09,134 [INFO]     NSE:MAXHEALTH-EQ | CVD=218614 vs Ref=-26629 | Close=949.05 vs VAL=947.00
2026-02-02 13:34:10,640 [INFO]     NSE:IDFCFIRSTB-EQ | CVD=6136607 vs Ref=-243483 | Close=80.23 vs VAL=79.70
2026-02-02 13:34:25,001 [INFO] 🔍 Scanning for alerts on 3 symbols (5min)...
2026-02-02 13:34:27,148 [INFO]     NSE:PIIND-EQ | CVD=15562 vs Ref=-17103 | Close=3057.00 vs VAL=3049.50
2026-02-02 13:34:28,992 [INFO]     NSE:CHOLAFIN-EQ | CVD=152847 vs Ref=-79867 | Close=1573.30 vs VAL=1526.80
2026-02-02 13:34:30,796 [INFO]     NSE:IDFCFIRSTB-EQ | CVD=6136607 vs Ref=-243483 | Close=80.23 vs VAL=79.70
2026-02-02 13:34:35,741 [INFO] 🔍 Scanning for alerts on 1 symbols (5min)...
2026-02-02 13:34:37,325 [INFO]     NSE:HINDZINC-EQ | CVD=-571846 vs Ref=1657045 | Close=581.70 vs VAH=590.25
2026-02-02 13:34:37,982 [INFO] 🔍 Scanning for alerts on 18 symbols (5min)...
2026-02-02 13:34:39,404 [INFO]     NSE:POWERINDIA-EQ | CVD=-15177 vs Ref=1496 | Close=18675.00 vs VAH=18564.00
2026-02-02 13:34:40,836 [INFO]     NSE:MCX-EQ | CVD=-673083 vs Ref=58658 | Close=2208.70 vs VAH=2234.40
2026-02-02 13:34:42,289 [INFO]     NSE:GODREJPROP-EQ | CVD=-33008 vs Ref=25814 | Close=1541.50 vs VAH=1540.80
2026-02-02 13:34:43,710 [INFO]     NSE:JINDALSTEL-EQ | CVD=291123 vs Ref=4003 | Close=1100.00 vs VAH=1107.90
2026-02-02 13:34:45,240 [INFO]     NSE:HINDALCO-EQ | CVD=-538710 vs Ref=493502 | Close=911.25 vs VAH=913.80
2026-02-02 13:34:46,689 [INFO]     NSE:INDIANB-EQ | CVD=200542 vs Ref=95330 | Close=809.65 vs VAH=835.55
2026-02-02 13:34:48,304 [INFO]     NSE:OIL-EQ | CVD=-89054 vs Ref=116885 | Close=478.20 vs VAH=480.90
2026-02-02 13:34:49,697 [INFO]     NSE:COALINDIA-EQ | CVD=829997 vs Ref=2495 | Close=415.35 vs VAH=417.80
2026-02-02 13:34:51,127 [INFO]     NSE:JSWENERGY-EQ | CVD=-187205 vs Ref=3921 | Close=444.30 vs VAH=447.80
2026-02-02 13:34:52,629 [INFO]     NSE:NATIONALUM-EQ | CVD=1475445 vs Ref=1364212 | Close=359.70 vs VAH=367.15
2026-02-02 13:34:53,997 [INFO]     NSE:PFC-EQ | CVD=-1189151 vs Ref=0 | Close=377.70 vs VAH=385.65
2026-02-02 13:34:55,504 [INFO]     NSE:RECLTD-EQ | CVD=800384 vs Ref=192310 | Close=356.05 vs VAH=366.00
2026-02-02 13:34:56,981 [INFO]     NSE:TATAPOWER-EQ | CVD=-232432 vs Ref=22693 | Close=353.05 vs VAH=355.20
2026-02-02 13:34:58,569 [INFO]     NSE:MANAPPURAM-EQ | CVD=48738 vs Ref=98130 | Close=266.55 vs VAH=269.55
2026-02-02 13:35:00,023 [INFO]     NSE:LTF-EQ | CVD=-82023 vs Ref=98102 | Close=270.90 vs VAH=276.00
2026-02-02 13:35:01,870 [INFO]     NSE:HUDCO-EQ | CVD=-1012835 vs Ref=1361 | Close=178.90 vs VAH=186.90
2026-02-02 13:35:03,765 [INFO]     NSE:GAIL-EQ | CVD=-2299351 vs Ref=1741 | Close=159.24 vs VAH=161.40
2026-02-02 13:35:05,441 [INFO]     NSE:SAMMAANCAP-EQ | CVD=273974 vs Ref=597206 | Close=143.65 vs VAH=144.90
2026-02-02 13:35:10,648 [INFO] 🔍 Scanning for alerts on 6 symbols (5min)...
2026-02-02 13:35:12,156 [INFO]     NSE:KAYNES-EQ | CVD=-45665 vs Ref=-99061 | Close=3380.00 vs VAL=3444.00
2026-02-02 13:35:13,525 [INFO]     NSE:PIIND-EQ | CVD=15562 vs Ref=-17103 | Close=3057.00 vs VAL=3049.50
2026-02-02 13:35:14,921 [INFO]     NSE:HINDUNILVR-EQ | CVD=118845 vs Ref=-17753 | Close=2347.40 vs VAL=2318.40
2026-02-02 13:35:16,358 [INFO]     NSE:CHOLAFIN-EQ | CVD=152847 vs Ref=-79867 | Close=1573.30 vs VAL=1526.80
2026-02-02 13:35:17,716 [INFO]     NSE:MAXHEALTH-EQ | CVD=218614 vs Ref=-26629 | Close=949.05 vs VAL=947.00
2026-02-02 13:35:19,164 [INFO]     NSE:IDFCFIRSTB-EQ | CVD=6136607 vs Ref=-243483 | Close=80.23 vs VAL=79.70
2026-02-02 13:35:30,799 [INFO] 🔍 Scanning for alerts on 3 symbols (5min)...
2026-02-02 13:35:32,321 [INFO]     NSE:PIIND-EQ | CVD=15562 vs Ref=-17103 | Close=3057.00 vs VAL=3049.50
2026-02-02 13:35:34,097 [INFO]     NSE:CHOLAFIN-EQ | CVD=152847 vs Ref=-79867 | Close=1573.30 vs VAL=1526.80
2026-02-02 13:35:35,622 [INFO]     NSE:IDFCFIRSTB-EQ | CVD=6136607 vs Ref=-243483 | Close=80.23 vs VAL=79.70
2026-02-02 13:35:37,328 [INFO] 🔍 Scanning for alerts on 1 symbols (5min)...
2026-02-02 13:35:38,839 [INFO]     NSE:HINDZINC-EQ | CVD=-571846 vs Ref=1657045 | Close=581.70 vs VAH=590.25
2026-02-02 13:36:05,446 [INFO] 🔍 Scanning for alerts on 18 symbols (5min)...
2026-02-02 13:36:07,207 [INFO]     NSE:POWERINDIA-EQ | CVD=-16608 vs Ref=1496 | Close=18590.00 vs VAH=18564.00
2026-02-02 13:36:08,746 [INFO]     NSE:MCX-EQ | CVD=-667048 vs Ref=58658 | Close=2210.30 vs VAH=2234.40
2026-02-02 13:36:10,261 [INFO]     NSE:GODREJPROP-EQ | CVD=-30440 vs Ref=25814 | Close=1542.00 vs VAH=1540.80
2026-02-02 13:36:11,761 [INFO]     NSE:JINDALSTEL-EQ | CVD=289466 vs Ref=4003 | Close=1099.80 vs VAH=1107.90
2026-02-02 13:36:13,350 [INFO]     NSE:HINDALCO-EQ | CVD=-494711 vs Ref=493502 | Close=910.90 vs VAH=913.80
2026-02-02 13:36:14,867 [INFO]     NSE:INDIANB-EQ | CVD=206366 vs Ref=95330 | Close=809.25 vs VAH=835.55
2026-02-02 13:36:16,282 [INFO]     NSE:OIL-EQ | CVD=-100960 vs Ref=116885 | Close=477.65 vs VAH=480.90
2026-02-02 13:36:17,668 [INFO]     NSE:COALINDIA-EQ | CVD=842178 vs Ref=2495 | Close=415.55 vs VAH=417.80
2026-02-02 13:36:19,090 [INFO]     NSE:JSWENERGY-EQ | CVD=-190804 vs Ref=3921 | Close=443.55 vs VAH=447.80
2026-02-02 13:36:19,169 [INFO] 🔍 Scanning for alerts on 6 symbols (5min)...
2026-02-02 13:36:20,664 [INFO]     NSE:KAYNES-EQ | CVD=-53504 vs Ref=-99061 | Close=3373.60 vs VAL=3444.00
2026-02-02 13:36:20,699 [INFO]     NSE:NATIONALUM-EQ | CVD=1453906 vs Ref=1364212 | Close=359.85 vs VAH=367.15
2026-02-02 13:36:22,155 [INFO]     NSE:PFC-EQ | CVD=-1190337 vs Ref=0 | Close=377.55 vs VAH=385.65
2026-02-02 13:36:22,169 [INFO]     NSE:PIIND-EQ | CVD=18163 vs Ref=-17103 | Close=3072.80 vs VAL=3049.50
2026-02-02 13:36:24,471 [INFO]     NSE:RECLTD-EQ | CVD=760947 vs Ref=192310 | Close=355.65 vs VAH=366.00
2026-02-02 13:36:24,471 [INFO]     NSE:HINDUNILVR-EQ | CVD=112386 vs Ref=-17753 | Close=2345.80 vs VAL=2318.40
2026-02-02 13:36:26,987 [INFO]     NSE:TATAPOWER-EQ | CVD=-230580 vs Ref=22693 | Close=352.95 vs VAH=355.20
2026-02-02 13:36:27,123 [INFO]     NSE:CHOLAFIN-EQ | CVD=153650 vs Ref=-79867 | Close=1574.50 vs VAL=1526.80
2026-02-02 13:36:29,576 [INFO]     NSE:MAXHEALTH-EQ | CVD=221010 vs Ref=-26629 | Close=949.10 vs VAL=947.00
2026-02-02 13:36:31,922 [INFO]     NSE:IDFCFIRSTB-EQ | CVD=6013445 vs Ref=-243483 | Close=80.20 vs VAL=79.70
2026-02-02 13:36:32,024 [INFO]     NSE:LTF-EQ | CVD=-200418 vs Ref=98102 | Close=269.70 vs VAH=276.00
2026-02-02 13:36:33,753 [INFO]     NSE:HUDCO-EQ | CVD=-1024669 vs Ref=1361 | Close=178.76 vs VAH=186.90
2026-02-02 13:36:35,201 [INFO]     NSE:GAIL-EQ | CVD=-2246161 vs Ref=1741 | Close=159.29 vs VAH=161.40
2026-02-02 13:36:35,624 [INFO] 🔍 Scanning for alerts on 3 symbols (5min)...
2026-02-02 13:36:36,874 [INFO]     NSE:SAMMAANCAP-EQ | CVD=266904 vs Ref=597206 | Close=143.60 vs VAH=144.90
2026-02-02 13:36:37,340 [INFO]     NSE:PIIND-EQ | CVD=18163 vs Ref=-17103 | Close=3072.80 vs VAL=3049.50
2026-02-02 13:36:38,829 [INFO]     NSE:CHOLAFIN-EQ | CVD=153650 vs Ref=-79867 | Close=1574.50 vs VAL=1526.80
2026-02-02 13:36:38,843 [INFO] 🔍 Scanning for alerts on 1 symbols (5min)...
2026-02-02 13:36:40,417 [INFO]     NSE:IDFCFIRSTB-EQ | CVD=6013445 vs Ref=-243483 | Close=80.20 vs VAL=79.70
2026-02-02 13:36:40,502 [INFO]     NSE:HINDZINC-EQ | CVD=-652062 vs Ref=1657045 | Close=584.25 vs VAH=590.25
2026-02-02 13:37:31,926 [INFO] 🔍 Scanning for alerts on 6 symbols (5min)...
2026-02-02 13:37:33,678 [INFO]     NSE:KAYNES-EQ | CVD=-53504 vs Ref=-99061 | Close=3373.60 vs VAL=3444.00
2026-02-02 13:37:35,394 [INFO]     NSE:PIIND-EQ | CVD=18163 vs Ref=-17103 | Close=3072.80 vs VAL=3049.50
2026-02-02 13:37:36,879 [INFO] 🔍 Scanning for alerts on 18 symbols (5min)...
2026-02-02 13:37:37,029 [INFO]     NSE:HINDUNILVR-EQ | CVD=112386 vs Ref=-17753 | Close=2345.80 vs VAL=2318.40
2026-02-02 13:37:38,529 [INFO]     NSE:POWERINDIA-EQ | CVD=-16608 vs Ref=1496 | Close=18590.00 vs VAH=18564.00
2026-02-02 13:37:38,812 [INFO]     NSE:CHOLAFIN-EQ | CVD=153650 vs Ref=-79867 | Close=1574.50 vs VAL=1526.80
2026-02-02 13:37:40,168 [INFO]     NSE:MCX-EQ | CVD=-667048 vs Ref=58658 | Close=2210.30 vs VAH=2234.40
2026-02-02 13:37:40,420 [INFO] 🔍 Scanning for alerts on 3 symbols (5min)...
2026-02-02 13:37:40,499 [INFO]     NSE:MAXHEALTH-EQ | CVD=221010 vs Ref=-26629 | Close=949.10 vs VAL=947.00
2026-02-02 13:37:40,506 [INFO] 🔍 Scanning for alerts on 1 symbols (5min)...
2026-02-02 13:37:42,168 [INFO]     NSE:GODREJPROP-EQ | CVD=-30440 vs Ref=25814 | Close=1542.00 vs VAH=1540.80
2026-02-02 13:37:42,427 [INFO]     NSE:PIIND-EQ | CVD=18163 vs Ref=-17103 | Close=3072.80 vs VAL=3049.50
2026-02-02 13:37:42,568 [INFO]     NSE:IDFCFIRSTB-EQ | CVD=6013445 vs Ref=-243483 | Close=80.20 vs VAL=79.70
2026-02-02 13:37:42,842 [INFO]     NSE:HINDZINC-EQ | CVD=-652062 vs Ref=1657045 | Close=584.25 vs VAH=590.25
2026-02-02 13:37:44,071 [INFO]     NSE:JINDALSTEL-EQ | CVD=289466 vs Ref=4003 | Close=1099.80 vs VAH=1107.90
2026-02-02 13:37:44,516 [INFO]     NSE:CHOLAFIN-EQ | CVD=153650 vs Ref=-79867 | Close=1574.50 vs VAL=1526.80
2026-02-02 13:37:45,941 [INFO]     NSE:HINDALCO-EQ | CVD=-494711 vs Ref=493502 | Close=910.90 vs VAH=913.80
2026-02-02 13:37:46,341 [INFO]     NSE:IDFCFIRSTB-EQ | CVD=6013445 vs Ref=-243483 | Close=80.20 vs VAL=79.70
2026-02-02 13:37:47,646 [INFO]     NSE:INDIANB-EQ | CVD=206366 vs Ref=95330 | Close=809.25 vs VAH=835.55
2026-02-02 13:37:49,052 [INFO]     NSE:OIL-EQ | CVD=-100960 vs Ref=116885 | Close=477.65 vs VAH=480.90
2026-02-02 13:37:50,484 [INFO]     NSE:COALINDIA-EQ | CVD=842178 vs Ref=2495 | Close=415.55 vs VAH=417.80
2026-02-02 13:37:51,955 [INFO]     NSE:JSWENERGY-EQ | CVD=-190804 vs Ref=3921 | Close=443.55 vs VAH=447.80
2026-02-02 13:37:53,475 [INFO]     NSE:NATIONALUM-EQ | CVD=1453906 vs Ref=1364212 | Close=359.85 vs VAH=367.15
2026-02-02 13:37:54,902 [INFO]     NSE:PFC-EQ | CVD=-1190337 vs Ref=0 | Close=377.55 vs VAH=385.65
2026-02-02 13:37:56,479 [INFO]     NSE:RECLTD-EQ | CVD=760947 vs Ref=192310 | Close=355.65 vs VAH=366.00
2026-02-02 13:37:58,254 [INFO]     NSE:TATAPOWER-EQ | CVD=-230580 vs Ref=22693 | Close=352.95 vs VAH=355.20
2026-02-02 13:37:59,939 [INFO]     NSE:MANAPPURAM-EQ | CVD=53227 vs Ref=98130 | Close=266.95 vs VAH=269.55
2026-02-02 13:38:01,850 [INFO]     NSE:LTF-EQ | CVD=-200418 vs Ref=98102 | Close=269.70 vs VAH=276.00
2026-02-02 13:38:04,030 [INFO]     NSE:HUDCO-EQ | CVD=-1024669 vs Ref=1361 | Close=178.76 vs VAH=186.90
2026-02-02 13:38:05,799 [INFO]     NSE:GAIL-EQ | CVD=-2246161 vs Ref=1741 | Close=159.29 vs VAH=161.40
2026-02-02 13:38:07,703 [INFO]     NSE:SAMMAANCAP-EQ | CVD=266904 vs Ref=597206 | Close=143.60 vs VAH=144.90
2026-02-02 13:38:42,572 [INFO] 🔍 Scanning for alerts on 6 symbols (5min)...
2026-02-02 13:38:42,847 [INFO] 🔍 Scanning for alerts on 1 symbols (5min)...
2026-02-02 13:38:44,142 [INFO]     NSE:KAYNES-EQ | CVD=-53504 vs Ref=-99061 | Close=3373.60 vs VAL=3444.00
2026-02-02 13:38:44,574 [INFO]     NSE:HINDZINC-EQ | CVD=-652062 vs Ref=1657045 | Close=584.25 vs VAH=590.25
2026-02-02 13:38:45,574 [INFO]     NSE:PIIND-EQ | CVD=18163 vs Ref=-17103 | Close=3072.80 vs VAL=3049.50
2026-02-02 13:38:46,344 [INFO] 🔍 Scanning for alerts on 3 symbols (5min)...
2026-02-02 13:38:47,026 [INFO]     NSE:HINDUNILVR-EQ | CVD=112386 vs Ref=-17753 | Close=2345.80 vs VAL=2318.40
2026-02-02 13:38:47,812 [INFO]     NSE:PIIND-EQ | CVD=18163 vs Ref=-17103 | Close=3072.80 vs VAL=3049.50
2026-02-02 13:38:48,549 [INFO]     NSE:CHOLAFIN-EQ | CVD=153650 vs Ref=-79867 | Close=1574.50 vs VAL=1526.80
2026-02-02 13:38:49,353 [INFO]     NSE:CHOLAFIN-EQ | CVD=153650 vs Ref=-79867 | Close=1574.50 vs VAL=1526.80
2026-02-02 13:38:50,023 [INFO]     NSE:MAXHEALTH-EQ | CVD=221010 vs Ref=-26629 | Close=949.10 vs VAL=947.00
2026-02-02 13:38:50,927 [INFO]     NSE:IDFCFIRSTB-EQ | CVD=6013445 vs Ref=-243483 | Close=80.20 vs VAL=79.70
2026-02-02 13:38:51,575 [INFO]     NSE:IDFCFIRSTB-EQ | CVD=6013445 vs Ref=-243483 | Close=80.20 vs VAL=79.70
2026-02-02 13:39:07,706 [INFO] 🔍 Scanning for alerts on 18 symbols (5min)...
2026-02-02 13:39:09,069 [INFO]     NSE:POWERINDIA-EQ | CVD=-16608 vs Ref=1496 | Close=18590.00 vs VAH=18564.00
2026-02-02 13:39:10,498 [INFO]     NSE:MCX-EQ | CVD=-667048 vs Ref=58658 | Close=2210.30 vs VAH=2234.40
2026-02-02 13:39:12,003 [INFO]     NSE:GODREJPROP-EQ | CVD=-30440 vs Ref=25814 | Close=1542.00 vs VAH=1540.80
2026-02-02 13:39:13,394 [INFO]     NSE:JINDALSTEL-EQ | CVD=289466 vs Ref=4003 | Close=1099.80 vs VAH=1107.90
2026-02-02 13:39:14,805 [INFO]     NSE:HINDALCO-EQ | CVD=-494711 vs Ref=493502 | Close=910.90 vs VAH=913.80
2026-02-02 13:39:16,305 [INFO]     NSE:INDIANB-EQ | CVD=206366 vs Ref=95330 | Close=809.25 vs VAH=835.55
2026-02-02 13:39:17,887 [INFO]     NSE:OIL-EQ | CVD=-100960 vs Ref=116885 | Close=477.65 vs VAH=480.90
2026-02-02 13:39:19,435 [INFO]     NSE:COALINDIA-EQ | CVD=842178 vs Ref=2495 | Close=415.55 vs VAH=417.80
2026-02-02 13:39:20,850 [INFO]     NSE:JSWENERGY-EQ | CVD=-190804 vs Ref=3921 | Close=443.55 vs VAH=447.80
2026-02-02 13:39:22,361 [INFO]     NSE:NATIONALUM-EQ | CVD=1453906 vs Ref=1364212 | Close=359.85 vs VAH=367.15
2026-02-02 13:39:24,733 [INFO]     NSE:PFC-EQ | CVD=-1190337 vs Ref=0 | Close=377.55 vs VAH=385.65
2026-02-02 13:39:26,860 [INFO]     NSE:RECLTD-EQ | CVD=760947 vs Ref=192310 | Close=355.65 vs VAH=366.00
2026-02-02 13:39:28,602 [INFO]     NSE:TATAPOWER-EQ | CVD=-230580 vs Ref=22693 | Close=352.95 vs VAH=355.20
2026-02-02 13:39:30,260 [INFO]     NSE:MANAPPURAM-EQ | CVD=53227 vs Ref=98130 | Close=266.95 vs VAH=269.55
2026-02-02 13:39:31,951 [INFO]     NSE:LTF-EQ | CVD=-200418 vs Ref=98102 | Close=269.70 vs VAH=276.00
2026-02-02 13:39:33,510 [INFO]     NSE:HUDCO-EQ | CVD=-1024669 vs Ref=1361 | Close=178.76 vs VAH=186.90
2026-02-02 13:39:35,081 [INFO]     NSE:GAIL-EQ | CVD=-2246161 vs Ref=1741 | Close=159.29 vs VAH=161.40
2026-02-02 13:39:36,604 [INFO]     NSE:SAMMAANCAP-EQ | CVD=266904 vs Ref=597206 | Close=143.60 vs VAH=144.90
2026-02-02 13:39:44,577 [INFO] 🔍 Scanning for alerts on 1 symbols (5min)...
2026-02-02 13:39:46,099 [INFO]     NSE:HINDZINC-EQ | CVD=-652062 vs Ref=1657045 | Close=584.25 vs VAH=590.25
2026-02-02 13:39:50,930 [INFO] 🔍 Scanning for alerts on 3 symbols (5min)...
2026-02-02 13:39:51,580 [INFO] 🔍 Scanning for alerts on 6 symbols (5min)...
2026-02-02 13:39:52,332 [INFO]     NSE:PIIND-EQ | CVD=18163 vs Ref=-17103 | Close=3072.80 vs VAL=3049.50
2026-02-02 13:39:53,165 [INFO]     NSE:KAYNES-EQ | CVD=-53504 vs Ref=-99061 | Close=3373.60 vs VAL=3444.00
2026-02-02 13:39:53,943 [INFO]     NSE:CHOLAFIN-EQ | CVD=153650 vs Ref=-79867 | Close=1574.50 vs VAL=1526.80
2026-02-02 13:39:54,779 [INFO]     NSE:PIIND-EQ | CVD=18163 vs Ref=-17103 | Close=3072.80 vs VAL=3049.50
2026-02-02 13:39:55,503 [INFO]     NSE:IDFCFIRSTB-EQ | CVD=6013445 vs Ref=-243483 | Close=80.20 vs VAL=79.70
2026-02-02 13:39:56,203 [INFO]     NSE:HINDUNILVR-EQ | CVD=112386 vs Ref=-17753 | Close=2345.80 vs VAL=2318.40
2026-02-02 13:39:57,731 [INFO]     NSE:CHOLAFIN-EQ | CVD=153650 vs Ref=-79867 | Close=1574.50 vs VAL=1526.80
2026-02-02 13:39:59,072 [INFO]     NSE:MAXHEALTH-EQ | CVD=221010 vs Ref=-26629 | Close=949.10 vs VAL=947.00
2026-02-02 13:40:00,438 [INFO]     NSE:IDFCFIRSTB-EQ | CVD=6013445 vs Ref=-243483 | Close=80.20 vs VAL=79.70
2026-02-02 13:40:36,609 [INFO] 🔍 Scanning for alerts on 18 symbols (5min)...
2026-02-02 13:40:38,160 [INFO]     NSE:POWERINDIA-EQ | CVD=-16608 vs Ref=1496 | Close=18590.00 vs VAH=18564.00
2026-02-02 13:40:40,073 [INFO]     NSE:MCX-EQ | CVD=-667048 vs Ref=58658 | Close=2210.30 vs VAH=2234.40
2026-02-02 13:40:41,483 [INFO]     NSE:GODREJPROP-EQ | CVD=-30440 vs Ref=25814 | Close=1542.00 vs VAH=1540.80
2026-02-02 13:40:42,855 [INFO]     NSE:JINDALSTEL-EQ | CVD=289466 vs Ref=4003 | Close=1099.80 vs VAH=1107.90
2026-02-02 13:40:44,415 [INFO]     NSE:HINDALCO-EQ | CVD=-494711 vs Ref=493502 | Close=910.90 vs VAH=913.80
2026-02-02 13:40:45,975 [INFO]     NSE:INDIANB-EQ | CVD=206366 vs Ref=95330 | Close=809.25 vs VAH=835.55
2026-02-02 13:40:46,103 [INFO] 🔍 Scanning for alerts on 1 symbols (5min)...
2026-02-02 13:40:47,526 [INFO]     NSE:OIL-EQ | CVD=-100960 vs Ref=116885 | Close=477.65 vs VAH=480.90
2026-02-02 13:40:47,738 [INFO]     NSE:HINDZINC-EQ | CVD=-652062 vs Ref=1657045 | Close=584.25 vs VAH=590.25
2026-02-02 13:40:48,903 [INFO]     NSE:COALINDIA-EQ | CVD=842178 vs Ref=2495 | Close=415.55 vs VAH=417.80
2026-02-02 13:40:50,302 [INFO]     NSE:JSWENERGY-EQ | CVD=-190804 vs Ref=3921 | Close=443.55 vs VAH=447.80
2026-02-02 13:40:51,876 [INFO]     NSE:NATIONALUM-EQ | CVD=1453906 vs Ref=1364212 | Close=359.85 vs VAH=367.15
2026-02-02 13:40:53,325 [INFO]     NSE:PFC-EQ | CVD=-1190337 vs Ref=0 | Close=377.55 vs VAH=385.65
2026-02-02 13:40:54,828 [INFO]     NSE:RECLTD-EQ | CVD=760947 vs Ref=192310 | Close=355.65 vs VAH=366.00
2026-02-02 13:40:55,506 [INFO] 🔍 Scanning for alerts on 3 symbols (5min)...
2026-02-02 13:40:56,331 [INFO]     NSE:TATAPOWER-EQ | CVD=-230580 vs Ref=22693 | Close=352.95 vs VAH=355.20
2026-02-02 13:40:57,025 [INFO]     NSE:PIIND-EQ | CVD=18163 vs Ref=-17103 | Close=3072.80 vs VAL=3049.50
2026-02-02 13:40:58,309 [INFO]     NSE:MANAPPURAM-EQ | CVD=53227 vs Ref=98130 | Close=266.95 vs VAH=269.55
2026-02-02 13:40:58,962 [INFO]     NSE:CHOLAFIN-EQ | CVD=153650 vs Ref=-79867 | Close=1574.50 vs VAL=1526.80
2026-02-02 13:41:00,176 [INFO]     NSE:LTF-EQ | CVD=-200418 vs Ref=98102 | Close=269.70 vs VAH=276.00
2026-02-02 13:41:00,442 [INFO] 🔍 Scanning for alerts on 6 symbols (5min)...
2026-02-02 13:41:00,873 [INFO]     NSE:IDFCFIRSTB-EQ | CVD=6013445 vs Ref=-243483 | Close=80.20 vs VAL=79.70
2026-02-02 13:41:02,530 [INFO]     NSE:HUDCO-EQ | CVD=-1024669 vs Ref=1361 | Close=178.76 vs VAH=186.90
2026-02-02 13:41:02,704 [INFO]     NSE:KAYNES-EQ | CVD=-53504 vs Ref=-99061 | Close=3373.60 vs VAL=3444.00
2026-02-02 13:41:04,204 [INFO]     NSE:GAIL-EQ | CVD=-2132470 vs Ref=1741 | Close=159.43 vs VAH=161.40
2026-02-02 13:41:04,318 [INFO]     NSE:PIIND-EQ | CVD=18163 vs Ref=-17103 | Close=3072.80 vs VAL=3049.50
2026-02-02 13:41:06,268 [INFO]     NSE:SAMMAANCAP-EQ | CVD=277102 vs Ref=597206 | Close=143.65 vs VAH=144.90
2026-02-02 13:41:06,358 [INFO]     NSE:HINDUNILVR-EQ | CVD=116763 vs Ref=-17753 | Close=2351.00 vs VAL=2318.40
2026-02-02 13:41:07,891 [INFO]     NSE:CHOLAFIN-EQ | CVD=161861 vs Ref=-79867 | Close=1576.80 vs VAL=1526.80
2026-02-02 13:41:09,254 [INFO]     NSE:MAXHEALTH-EQ | CVD=225336 vs Ref=-26629 | Close=950.40 vs VAL=947.00
2026-02-02 13:41:10,659 [INFO]     NSE:IDFCFIRSTB-EQ | CVD=6112365 vs Ref=-243483 | Close=80.30 vs VAL=79.70
2026-02-02 13:41:47,742 [INFO] 🔍 Scanning for alerts on 1 symbols (5min)...
2026-02-02 13:41:49,264 [INFO]     NSE:HINDZINC-EQ | CVD=-245342 vs Ref=1657045 | Close=589.10 vs VAH=590.25
2026-02-02 13:42:00,876 [INFO] 🔍 Scanning for alerts on 3 symbols (5min)...
2026-02-02 13:42:02,704 [INFO]     NSE:PIIND-EQ | CVD=18457 vs Ref=-17103 | Close=3073.70 vs VAL=3049.50
2026-02-02 13:42:04,843 [INFO]     NSE:CHOLAFIN-EQ | CVD=161861 vs Ref=-79867 | Close=1576.80 vs VAL=1526.80
2026-02-02 13:42:06,276 [INFO] 🔍 Scanning for alerts on 18 symbols (5min)...
2026-02-02 13:42:06,665 [INFO]     NSE:IDFCFIRSTB-EQ | CVD=6112365 vs Ref=-243483 | Close=80.30 vs VAL=79.70
2026-02-02 13:42:08,121 [INFO]     NSE:POWERINDIA-EQ | CVD=-15339 vs Ref=1496 | Close=18601.00 vs VAH=18564.00
2026-02-02 13:42:09,555 [INFO]     NSE:MCX-EQ | CVD=-682215 vs Ref=58658 | Close=2207.50 vs VAH=2234.40
2026-02-02 13:42:10,666 [INFO] 🔍 Scanning for alerts on 6 symbols (5min)...
2026-02-02 13:42:11,076 [INFO]     NSE:GODREJPROP-EQ | CVD=-42640 vs Ref=25814 | Close=1546.40 vs VAH=1540.80
2026-02-02 13:42:12,234 [INFO]     NSE:KAYNES-EQ | CVD=-46685 vs Ref=-99061 | Close=3382.00 vs VAL=3444.00
2026-02-02 13:42:12,505 [INFO]     NSE:JINDALSTEL-EQ | CVD=297489 vs Ref=4003 | Close=1100.00 vs VAH=1107.90
2026-02-02 13:42:13,680 [INFO]     NSE:PIIND-EQ | CVD=18457 vs Ref=-17103 | Close=3073.70 vs VAL=3049.50
2026-02-02 13:42:13,964 [INFO]     NSE:HINDALCO-EQ | CVD=-447406 vs Ref=493502 | Close=914.65 vs VAH=913.80
2026-02-02 13:42:15,168 [INFO]     NSE:HINDUNILVR-EQ | CVD=116763 vs Ref=-17753 | Close=2351.00 vs VAL=2318.40
2026-02-02 13:42:15,588 [INFO]     NSE:INDIANB-EQ | CVD=217683 vs Ref=95330 | Close=809.55 vs VAH=835.55
2026-02-02 13:42:16,765 [INFO]     NSE:CHOLAFIN-EQ | CVD=161861 vs Ref=-79867 | Close=1576.80 vs VAL=1526.80
2026-02-02 13:42:17,071 [INFO]     NSE:OIL-EQ | CVD=-90226 vs Ref=116885 | Close=479.05 vs VAH=480.90
2026-02-02 13:42:18,310 [INFO]     NSE:MAXHEALTH-EQ | CVD=225336 vs Ref=-26629 | Close=950.40 vs VAL=947.00
2026-02-02 13:42:18,682 [INFO]     NSE:COALINDIA-EQ | CVD=852027 vs Ref=2495 | Close=415.55 vs VAH=417.80
2026-02-02 13:42:19,985 [INFO]     NSE:IDFCFIRSTB-EQ | CVD=6112365 vs Ref=-243483 | Close=80.30 vs VAL=79.70
2026-02-02 13:42:20,255 [INFO]     NSE:JSWENERGY-EQ | CVD=-219313 vs Ref=3921 | Close=444.35 vs VAH=447.80
2026-02-02 13:42:21,719 [INFO]     NSE:NATIONALUM-EQ | CVD=1547018 vs Ref=1364212 | Close=361.70 vs VAH=367.15
2026-02-02 13:42:23,613 [INFO]     NSE:PFC-EQ | CVD=-1174776 vs Ref=0 | Close=377.60 vs VAH=385.65
2026-02-02 13:42:25,921 [INFO]     NSE:RECLTD-EQ | CVD=768822 vs Ref=192310 | Close=355.80 vs VAH=366.00
2026-02-02 13:42:27,777 [INFO]     NSE:TATAPOWER-EQ | CVD=-209383 vs Ref=22693 | Close=353.50 vs VAH=355.20
2026-02-02 13:42:29,461 [INFO] 🚀 [BUY ALERT] NSE:MANAPPURAM-EQ (5min) triggered at 13:35!
2026-02-02 13:42:29,464 [INFO]     ✅ Price: 269.65 > FRVP VAH: 269.55
2026-02-02 13:42:29,465 [INFO]     ✅ CVD:   197118 > CVD Ref:  98130
2026-02-02 13:42:29,467 [INFO]     NSE:MANAPPURAM-EQ | CVD=197118 vs Ref=98130 | Close=269.65 vs VAH=269.55
2026-02-02 13:42:31,279 [INFO]     NSE:LTF-EQ | CVD=-107890 vs Ref=98102 | Close=271.30 vs VAH=276.00
2026-02-02 13:42:32,903 [INFO]     NSE:HUDCO-EQ | CVD=-973135 vs Ref=1361 | Close=179.00 vs VAH=186.90
2026-02-02 13:42:34,304 [INFO]     NSE:GAIL-EQ | CVD=-2132470 vs Ref=1741 | Close=159.43 vs VAH=161.40
2026-02-02 13:42:35,787 [INFO]     NSE:SAMMAANCAP-EQ | CVD=277102 vs Ref=597206 | Close=143.65 vs VAH=144.90
2026-02-02 13:42:49,268 [INFO] 🔍 Scanning for alerts on 1 symbols (5min)...
2026-02-02 13:42:50,745 [INFO]     NSE:HINDZINC-EQ | CVD=-245342 vs Ref=1657045 | Close=589.10 vs VAH=590.25
2026-02-02 13:43:06,667 [INFO] 🔍 Scanning for alerts on 3 symbols (5min)...
2026-02-02 13:43:08,414 [INFO]     NSE:PIIND-EQ | CVD=18457 vs Ref=-17103 | Close=3073.70 vs VAL=3049.50
2026-02-02 13:43:10,501 [INFO]     NSE:CHOLAFIN-EQ | CVD=161861 vs Ref=-79867 | Close=1576.80 vs VAL=1526.80
2026-02-02 13:43:12,230 [INFO]     NSE:IDFCFIRSTB-EQ | CVD=6112365 vs Ref=-243483 | Close=80.30 vs VAL=79.70
2026-02-02 13:43:19,988 [INFO] 🔍 Scanning for alerts on 6 symbols (5min)...
2026-02-02 13:43:21,429 [INFO]     NSE:KAYNES-EQ | CVD=-46685 vs Ref=-99061 | Close=3382.00 vs VAL=3444.00
2026-02-02 13:43:23,194 [INFO]     NSE:PIIND-EQ | CVD=18457 vs Ref=-17103 | Close=3073.70 vs VAL=3049.50
2026-02-02 13:43:25,628 [INFO]     NSE:HINDUNILVR-EQ | CVD=116763 vs Ref=-17753 | Close=2351.00 vs VAL=2318.40
2026-02-02 13:43:27,525 [INFO]     NSE:CHOLAFIN-EQ | CVD=161861 vs Ref=-79867 | Close=1576.80 vs VAL=1526.80
2026-02-02 13:43:29,028 [INFO]     NSE:MAXHEALTH-EQ | CVD=225336 vs Ref=-26629 | Close=950.40 vs VAL=947.00
2026-02-02 13:43:30,576 [INFO]     NSE:IDFCFIRSTB-EQ | CVD=6112365 vs Ref=-243483 | Close=80.30 vs VAL=79.70
2026-02-02 13:43:35,790 [INFO] 🔍 Scanning for alerts on 17 symbols (5min)...
2026-02-02 13:43:37,593 [INFO]     NSE:POWERINDIA-EQ | CVD=-15339 vs Ref=1496 | Close=18601.00 vs VAH=18564.00
2026-02-02 13:43:39,134 [INFO]     NSE:MCX-EQ | CVD=-682215 vs Ref=58658 | Close=2207.50 vs VAH=2234.40
2026-02-02 13:43:40,551 [INFO]     NSE:GODREJPROP-EQ | CVD=-42640 vs Ref=25814 | Close=1546.40 vs VAH=1540.80
2026-02-02 13:43:41,919 [INFO]     NSE:JINDALSTEL-EQ | CVD=297489 vs Ref=4003 | Close=1100.00 vs VAH=1107.90
2026-02-02 13:43:43,457 [INFO]     NSE:HINDALCO-EQ | CVD=-447406 vs Ref=493502 | Close=914.65 vs VAH=913.80
2026-02-02 13:43:45,008 [INFO]     NSE:INDIANB-EQ | CVD=217683 vs Ref=95330 | Close=809.55 vs VAH=835.55
2026-02-02 13:43:46,402 [INFO]     NSE:OIL-EQ | CVD=-90226 vs Ref=116885 | Close=479.05 vs VAH=480.90
2026-02-02 13:43:47,938 [INFO]     NSE:COALINDIA-EQ | CVD=852027 vs Ref=2495 | Close=415.55 vs VAH=417.80
2026-02-02 13:43:49,439 [INFO]     NSE:JSWENERGY-EQ | CVD=-219313 vs Ref=3921 | Close=444.35 vs VAH=447.80
2026-02-02 13:43:50,749 [INFO] 🔍 Scanning for alerts on 1 symbols (5min)...
2026-02-02 13:43:51,136 [INFO]     NSE:NATIONALUM-EQ | CVD=1547018 vs Ref=1364212 | Close=361.70 vs VAH=367.15
2026-02-02 13:43:52,464 [INFO]     NSE:HINDZINC-EQ | CVD=-245342 vs Ref=1657045 | Close=589.10 vs VAH=590.25
2026-02-02 13:43:52,671 [INFO]     NSE:PFC-EQ | CVD=-1174776 vs Ref=0 | Close=377.60 vs VAH=385.65
2026-02-02 13:43:54,108 [INFO]     NSE:RECLTD-EQ | CVD=768822 vs Ref=192310 | Close=355.80 vs VAH=366.00
2026-02-02 13:43:55,531 [INFO]     NSE:TATAPOWER-EQ | CVD=-209383 vs Ref=22693 | Close=353.50 vs VAH=355.20
2026-02-02 13:43:57,114 [INFO]     NSE:LTF-EQ | CVD=-107890 vs Ref=98102 | Close=271.30 vs VAH=276.00
2026-02-02 13:43:58,753 [INFO]     NSE:HUDCO-EQ | CVD=-973135 vs Ref=1361 | Close=179.00 vs VAH=186.90
2026-02-02 13:44:00,135 [INFO]     NSE:GAIL-EQ | CVD=-2132470 vs Ref=1741 | Close=159.43 vs VAH=161.40
2026-02-02 13:44:02,026 [INFO]     NSE:SAMMAANCAP-EQ | CVD=277102 vs Ref=597206 | Close=143.65 vs VAH=144.90
2026-02-02 13:44:12,232 [INFO] 🔍 Scanning for alerts on 3 symbols (5min)...
2026-02-02 13:44:13,646 [INFO]     NSE:PIIND-EQ | CVD=18457 vs Ref=-17103 | Close=3073.70 vs VAL=3049.50
2026-02-02 13:44:15,090 [INFO]     NSE:CHOLAFIN-EQ | CVD=161861 vs Ref=-79867 | Close=1576.80 vs VAL=1526.80
2026-02-02 13:44:16,533 [INFO]     NSE:IDFCFIRSTB-EQ | CVD=6112365 vs Ref=-243483 | Close=80.30 vs VAL=79.70
2026-02-02 13:44:30,579 [INFO] 🔍 Scanning for alerts on 6 symbols (5min)...
2026-02-02 13:44:32,134 [INFO]     NSE:KAYNES-EQ | CVD=-46685 vs Ref=-99061 | Close=3382.00 vs VAL=3444.00
2026-02-02 13:44:33,534 [INFO]     NSE:PIIND-EQ | CVD=18457 vs Ref=-17103 | Close=3073.70 vs VAL=3049.50
2026-02-02 13:44:35,033 [INFO]     NSE:HINDUNILVR-EQ | CVD=116763 vs Ref=-17753 | Close=2351.00 vs VAL=2318.40
2026-02-02 13:44:36,521 [INFO]     NSE:CHOLAFIN-EQ | CVD=161861 vs Ref=-79867 | Close=1576.80 vs VAL=1526.80
2026-02-02 13:44:37,908 [INFO]     NSE:MAXHEALTH-EQ | CVD=225336 vs Ref=-26629 | Close=950.40 vs VAL=947.00
2026-02-02 13:44:39,320 [INFO]     NSE:IDFCFIRSTB-EQ | CVD=6112365 vs Ref=-243483 | Close=80.30 vs VAL=79.70
2026-02-02 13:44:52,468 [INFO] 🔍 Scanning for alerts on 1 symbols (5min)...
2026-02-02 13:44:53,993 [INFO]     NSE:HINDZINC-EQ | CVD=-245342 vs Ref=1657045 | Close=589.10 vs VAH=590.25
2026-02-02 13:45:02,031 [INFO] 🔍 Scanning for alerts on 17 symbols (5min)...
2026-02-02 13:45:03,719 [INFO]     NSE:POWERINDIA-EQ | CVD=-15339 vs Ref=1496 | Close=18601.00 vs VAH=18564.00
2026-02-02 13:45:05,291 [INFO]     NSE:MCX-EQ | CVD=-682215 vs Ref=58658 | Close=2207.50 vs VAH=2234.40
2026-02-02 13:45:07,158 [INFO]     NSE:GODREJPROP-EQ | CVD=-42640 vs Ref=25814 | Close=1546.40 vs VAH=1540.80
2026-02-02 13:45:08,612 [INFO]     NSE:JINDALSTEL-EQ | CVD=297489 vs Ref=4003 | Close=1100.00 vs VAH=1107.90
2026-02-02 13:45:10,190 [INFO]     NSE:HINDALCO-EQ | CVD=-447406 vs Ref=493502 | Close=914.65 vs VAH=913.80
2026-02-02 13:45:11,882 [INFO]     NSE:INDIANB-EQ | CVD=217683 vs Ref=95330 | Close=809.55 vs VAH=835.55
2026-02-02 13:45:13,254 [INFO]     NSE:OIL-EQ | CVD=-90226 vs Ref=116885 | Close=479.05 vs VAH=480.90
2026-02-02 13:45:14,735 [INFO]     NSE:COALINDIA-EQ | CVD=852027 vs Ref=2495 | Close=415.55 vs VAH=417.80
2026-02-02 13:45:16,133 [INFO]     NSE:JSWENERGY-EQ | CVD=-219313 vs Ref=3921 | Close=444.35 vs VAH=447.80
2026-02-02 13:45:16,536 [INFO] 🔍 Scanning for alerts on 3 symbols (5min)...
2026-02-02 13:45:17,662 [INFO]     NSE:NATIONALUM-EQ | CVD=1547018 vs Ref=1364212 | Close=361.70 vs VAH=367.15
2026-02-02 13:45:18,019 [INFO]     NSE:PIIND-EQ | CVD=18457 vs Ref=-17103 | Close=3073.70 vs VAL=3049.50
2026-02-02 13:45:19,180 [INFO]     NSE:PFC-EQ | CVD=-1174776 vs Ref=0 | Close=377.60 vs VAH=385.65
2026-02-02 13:45:19,521 [INFO]     NSE:CHOLAFIN-EQ | CVD=161861 vs Ref=-79867 | Close=1576.80 vs VAL=1526.80
2026-02-02 13:45:20,755 [INFO]     NSE:RECLTD-EQ | CVD=768822 vs Ref=192310 | Close=355.80 vs VAH=366.00
2026-02-02 13:45:21,141 [INFO]     NSE:IDFCFIRSTB-EQ | CVD=6112365 vs Ref=-243483 | Close=80.30 vs VAL=79.70
2026-02-02 13:45:22,494 [INFO]     NSE:TATAPOWER-EQ | CVD=-209383 vs Ref=22693 | Close=353.50 vs VAH=355.20
2026-02-02 13:45:25,039 [INFO]     NSE:LTF-EQ | CVD=-107890 vs Ref=98102 | Close=271.30 vs VAH=276.00
2026-02-02 13:45:27,502 [INFO]     NSE:HUDCO-EQ | CVD=-973135 vs Ref=1361 | Close=179.00 vs VAH=186.90
2026-02-02 13:45:29,197 [INFO]     NSE:GAIL-EQ | CVD=-2132470 vs Ref=1741 | Close=159.43 vs VAH=161.40
2026-02-02 13:45:30,865 [INFO]     NSE:SAMMAANCAP-EQ | CVD=277102 vs Ref=597206 | Close=143.65 vs VAH=144.90
2026-02-02 13:45:39,323 [INFO] 🔍 Scanning for alerts on 6 symbols (5min)...
2026-02-02 13:45:40,731 [INFO]     NSE:KAYNES-EQ | CVD=-46685 vs Ref=-99061 | Close=3382.00 vs VAL=3444.00
2026-02-02 13:45:42,098 [INFO]     NSE:PIIND-EQ | CVD=18457 vs Ref=-17103 | Close=3073.70 vs VAL=3049.50
2026-02-02 13:45:43,562 [INFO]     NSE:HINDUNILVR-EQ | CVD=116763 vs Ref=-17753 | Close=2351.00 vs VAL=2318.40
2026-02-02 13:45:45,058 [INFO]     NSE:CHOLAFIN-EQ | CVD=161861 vs Ref=-79867 | Close=1576.80 vs VAL=1526.80
2026-02-02 13:45:46,619 [INFO]     NSE:MAXHEALTH-EQ | CVD=225336 vs Ref=-26629 | Close=950.40 vs VAL=947.00
2026-02-02 13:45:48,088 [INFO]     NSE:IDFCFIRSTB-EQ | CVD=6112365 vs Ref=-243483 | Close=80.30 vs VAL=79.70
2026-02-02 13:45:53,997 [INFO] 🔍 Scanning for alerts on 1 symbols (5min)...
2026-02-02 13:45:55,512 [INFO]     NSE:HINDZINC-EQ | CVD=-245342 vs Ref=1657045 | Close=589.10 vs VAH=590.25
2026-02-02 13:46:21,144 [INFO] 🔍 Scanning for alerts on 3 symbols (5min)...
2026-02-02 13:46:22,818 [INFO]     NSE:PIIND-EQ | CVD=13334 vs Ref=-17103 | Close=3067.10 vs VAL=3049.50
2026-02-02 13:46:25,243 [INFO]     NSE:CHOLAFIN-EQ | CVD=158696 vs Ref=-79867 | Close=1575.30 vs VAL=1526.80
2026-02-02 13:46:27,548 [INFO]     NSE:IDFCFIRSTB-EQ | CVD=6301043 vs Ref=-243483 | Close=80.66 vs VAL=79.70
2026-02-02 13:46:30,868 [INFO] 🔍 Scanning for alerts on 17 symbols (5min)...
2026-02-02 13:46:32,367 [INFO]     NSE:POWERINDIA-EQ | CVD=-12773 vs Ref=1496 | Close=18636.00 vs VAH=18564.00
2026-02-02 13:46:33,942 [INFO]     NSE:MCX-EQ | CVD=-554974 vs Ref=58658 | Close=2245.70 vs VAH=2234.40
2026-02-02 13:46:35,573 [INFO]     NSE:GODREJPROP-EQ | CVD=-37231 vs Ref=25814 | Close=1550.30 vs VAH=1540.80
2026-02-02 13:46:37,246 [INFO]     NSE:JINDALSTEL-EQ | CVD=356817 vs Ref=4003 | Close=1106.80 vs VAH=1107.90
2026-02-02 13:46:38,712 [INFO]     NSE:HINDALCO-EQ | CVD=-408715 vs Ref=493502 | Close=917.00 vs VAH=913.80
2026-02-02 13:46:40,226 [INFO]     NSE:INDIANB-EQ | CVD=376396 vs Ref=95330 | Close=813.20 vs VAH=835.55
2026-02-02 13:46:41,840 [INFO]     NSE:OIL-EQ | CVD=-99035 vs Ref=116885 | Close=479.45 vs VAH=480.90
2026-02-02 13:46:43,268 [INFO]     NSE:COALINDIA-EQ | CVD=902339 vs Ref=2495 | Close=416.65 vs VAH=417.80
2026-02-02 13:46:44,646 [INFO]     NSE:JSWENERGY-EQ | CVD=-213283 vs Ref=3921 | Close=445.85 vs VAH=447.80
2026-02-02 13:46:46,169 [INFO]     NSE:NATIONALUM-EQ | CVD=1716524 vs Ref=1364212 | Close=363.55 vs VAH=367.15
2026-02-02 13:46:47,607 [INFO]     NSE:PFC-EQ | CVD=-1133808 vs Ref=0 | Close=379.95 vs VAH=385.65
2026-02-02 13:46:48,092 [INFO] 🔍 Scanning for alerts on 6 symbols (5min)...
2026-02-02 13:46:49,036 [INFO]     NSE:RECLTD-EQ | CVD=949038 vs Ref=192310 | Close=357.50 vs VAH=366.00
2026-02-02 13:46:49,672 [INFO]     NSE:KAYNES-EQ | CVD=-22362 vs Ref=-99061 | Close=3400.00 vs VAL=3444.00
2026-02-02 13:46:50,725 [INFO]     NSE:TATAPOWER-EQ | CVD=-200257 vs Ref=22693 | Close=354.75 vs VAH=355.20
2026-02-02 13:46:51,349 [INFO]     NSE:PIIND-EQ | CVD=13334 vs Ref=-17103 | Close=3067.10 vs VAL=3049.50
2026-02-02 13:46:52,590 [INFO]     NSE:LTF-EQ | CVD=-83474 vs Ref=98102 | Close=272.00 vs VAH=276.00
2026-02-02 13:46:53,105 [INFO]     NSE:HINDUNILVR-EQ | CVD=119163 vs Ref=-17753 | Close=2353.60 vs VAL=2318.40
2026-02-02 13:46:54,402 [INFO]     NSE:HUDCO-EQ | CVD=-656578 vs Ref=1361 | Close=180.85 vs VAH=186.90
2026-02-02 13:46:54,785 [INFO]     NSE:CHOLAFIN-EQ | CVD=158696 vs Ref=-79867 | Close=1575.30 vs VAL=1526.80
2026-02-02 13:46:55,517 [INFO] 🔍 Scanning for alerts on 1 symbols (5min)...
2026-02-02 13:46:55,921 [INFO]     NSE:GAIL-EQ | CVD=-2035397 vs Ref=1741 | Close=159.79 vs VAH=161.40
2026-02-02 13:46:56,285 [INFO]     NSE:MAXHEALTH-EQ | CVD=235593 vs Ref=-26629 | Close=952.55 vs VAL=947.00
2026-02-02 13:46:57,356 [INFO]     NSE:HINDZINC-EQ | CVD=31362 vs Ref=1657045 | Close=591.80 vs VAH=590.25
2026-02-02 13:46:57,670 [INFO]     NSE:SAMMAANCAP-EQ | CVD=343058 vs Ref=597206 | Close=144.08 vs VAH=144.90
2026-02-02 13:46:57,952 [INFO]     NSE:IDFCFIRSTB-EQ | CVD=6301043 vs Ref=-243483 | Close=80.66 vs VAL=79.70
2026-02-02 13:47:27,552 [INFO] 🔍 Scanning for alerts on 3 symbols (5min)...
2026-02-02 13:47:28,995 [INFO]     NSE:PIIND-EQ | CVD=13334 vs Ref=-17103 | Close=3067.10 vs VAL=3049.50
2026-02-02 13:47:30,635 [INFO]     NSE:CHOLAFIN-EQ | CVD=158696 vs Ref=-79867 | Close=1575.30 vs VAL=1526.80
2026-02-02 13:47:32,257 [INFO]     NSE:IDFCFIRSTB-EQ | CVD=6301043 vs Ref=-243483 | Close=80.66 vs VAL=79.70
2026-02-02 13:47:57,360 [INFO] 🔍 Scanning for alerts on 1 symbols (5min)...
2026-02-02 13:47:57,672 [INFO] 🔍 Scanning for alerts on 17 symbols (5min)...
2026-02-02 13:47:57,955 [INFO] 🔍 Scanning for alerts on 6 symbols (5min)...
2026-02-02 13:47:59,457 [INFO]     NSE:HINDZINC-EQ | CVD=31362 vs Ref=1657045 | Close=591.80 vs VAH=590.25
2026-02-02 13:47:59,702 [INFO]     NSE:POWERINDIA-EQ | CVD=-12773 vs Ref=1496 | Close=18636.00 vs VAH=18564.00
2026-02-02 13:47:59,911 [INFO]     NSE:KAYNES-EQ | CVD=-22362 vs Ref=-99061 | Close=3400.00 vs VAL=3444.00
2026-02-02 13:48:01,586 [INFO]     NSE:MCX-EQ | CVD=-554974 vs Ref=58658 | Close=2245.70 vs VAH=2234.40
2026-02-02 13:48:01,936 [INFO]     NSE:PIIND-EQ | CVD=13334 vs Ref=-17103 | Close=3067.10 vs VAL=3049.50
2026-02-02 13:48:03,780 [INFO]     NSE:GODREJPROP-EQ | CVD=-37231 vs Ref=25814 | Close=1550.30 vs VAH=1540.80
2026-02-02 13:48:04,037 [INFO]     NSE:HINDUNILVR-EQ | CVD=119163 vs Ref=-17753 | Close=2353.60 vs VAL=2318.40
2026-02-02 13:48:05,591 [INFO]     NSE:JINDALSTEL-EQ | CVD=356817 vs Ref=4003 | Close=1106.80 vs VAH=1107.90
2026-02-02 13:48:06,041 [INFO]     NSE:CHOLAFIN-EQ | CVD=158696 vs Ref=-79867 | Close=1575.30 vs VAL=1526.80
2026-02-02 13:48:07,339 [INFO]     NSE:HINDALCO-EQ | CVD=-408715 vs Ref=493502 | Close=917.00 vs VAH=913.80
2026-02-02 13:48:07,703 [INFO]     NSE:MAXHEALTH-EQ | CVD=235593 vs Ref=-26629 | Close=952.55 vs VAL=947.00
2026-02-02 13:48:08,875 [INFO]     NSE:INDIANB-EQ | CVD=376396 vs Ref=95330 | Close=813.20 vs VAH=835.55
2026-02-02 13:48:09,199 [INFO]     NSE:IDFCFIRSTB-EQ | CVD=6301043 vs Ref=-243483 | Close=80.66 vs VAL=79.70
2026-02-02 13:48:10,380 [INFO]     NSE:OIL-EQ | CVD=-99035 vs Ref=116885 | Close=479.45 vs VAH=480.90
2026-02-02 13:48:11,945 [INFO]     NSE:COALINDIA-EQ | CVD=902339 vs Ref=2495 | Close=416.65 vs VAH=417.80
2026-02-02 13:48:13,467 [INFO]     NSE:JSWENERGY-EQ | CVD=-213283 vs Ref=3921 | Close=445.85 vs VAH=447.80
2026-02-02 13:48:15,051 [INFO]     NSE:NATIONALUM-EQ | CVD=1716524 vs Ref=1364212 | Close=363.55 vs VAH=367.15
2026-02-02 13:48:16,702 [INFO]     NSE:PFC-EQ | CVD=-1133808 vs Ref=0 | Close=379.95 vs VAH=385.65
2026-02-02 13:48:18,251 [INFO]     NSE:RECLTD-EQ | CVD=949038 vs Ref=192310 | Close=357.50 vs VAH=366.00
2026-02-02 13:48:19,796 [INFO]     NSE:TATAPOWER-EQ | CVD=-200257 vs Ref=22693 | Close=354.75 vs VAH=355.20
2026-02-02 13:48:21,262 [INFO]     NSE:LTF-EQ | CVD=-83474 vs Ref=98102 | Close=272.00 vs VAH=276.00
2026-02-02 13:48:23,114 [INFO]     NSE:HUDCO-EQ | CVD=-656578 vs Ref=1361 | Close=180.85 vs VAH=186.90
2026-02-02 13:48:25,437 [INFO]     NSE:GAIL-EQ | CVD=-2035397 vs Ref=1741 | Close=159.79 vs VAH=161.40
2026-02-02 13:48:27,807 [INFO]     NSE:SAMMAANCAP-EQ | CVD=343058 vs Ref=597206 | Close=144.08 vs VAH=144.90
2026-02-02 13:48:32,260 [INFO] 🔍 Scanning for alerts on 3 symbols (5min)...
2026-02-02 13:48:33,722 [INFO]     NSE:PIIND-EQ | CVD=13334 vs Ref=-17103 | Close=3067.10 vs VAL=3049.50
2026-02-02 13:48:35,304 [INFO]     NSE:CHOLAFIN-EQ | CVD=158696 vs Ref=-79867 | Close=1575.30 vs VAL=1526.80
2026-02-02 13:48:36,740 [INFO]     NSE:IDFCFIRSTB-EQ | CVD=6301043 vs Ref=-243483 | Close=80.66 vs VAL=79.70
2026-02-02 13:48:59,462 [INFO] 🔍 Scanning for alerts on 1 symbols (5min)...
2026-02-02 13:49:01,215 [INFO]     NSE:HINDZINC-EQ | CVD=31362 vs Ref=1657045 | Close=591.80 vs VAH=590.25
2026-02-02 13:49:09,203 [INFO] 🔍 Scanning for alerts on 6 symbols (5min)...
2026-02-02 13:49:10,683 [INFO]     NSE:KAYNES-EQ | CVD=-22362 vs Ref=-99061 | Close=3400.00 vs VAL=3444.00
2026-02-02 13:49:12,204 [INFO]     NSE:PIIND-EQ | CVD=13334 vs Ref=-17103 | Close=3067.10 vs VAL=3049.50
2026-02-02 13:49:13,606 [INFO]     NSE:HINDUNILVR-EQ | CVD=119163 vs Ref=-17753 | Close=2353.60 vs VAL=2318.40
2026-02-02 13:49:15,064 [INFO]     NSE:CHOLAFIN-EQ | CVD=158696 vs Ref=-79867 | Close=1575.30 vs VAL=1526.80
2026-02-02 13:49:16,496 [INFO]     NSE:MAXHEALTH-EQ | CVD=235593 vs Ref=-26629 | Close=952.55 vs VAL=947.00
2026-02-02 13:49:17,947 [INFO]     NSE:IDFCFIRSTB-EQ | CVD=6301043 vs Ref=-243483 | Close=80.66 vs VAL=79.70
2026-02-02 13:49:27,809 [INFO] 🔍 Scanning for alerts on 17 symbols (5min)...
2026-02-02 13:49:29,488 [INFO]     NSE:POWERINDIA-EQ | CVD=-12773 vs Ref=1496 | Close=18636.00 vs VAH=18564.00
2026-02-02 13:49:31,232 [INFO]     NSE:MCX-EQ | CVD=-554974 vs Ref=58658 | Close=2245.70 vs VAH=2234.40
2026-02-02 13:49:32,732 [INFO]     NSE:GODREJPROP-EQ | CVD=-37231 vs Ref=25814 | Close=1550.30 vs VAH=1540.80
2026-02-02 13:49:34,191 [INFO]     NSE:JINDALSTEL-EQ | CVD=356817 vs Ref=4003 | Close=1106.80 vs VAH=1107.90
2026-02-02 13:49:35,725 [INFO]     NSE:HINDALCO-EQ | CVD=-408715 vs Ref=493502 | Close=917.00 vs VAH=913.80
2026-02-02 13:49:36,742 [INFO] 🔍 Scanning for alerts on 3 symbols (5min)...
2026-02-02 13:49:37,326 [INFO]     NSE:INDIANB-EQ | CVD=376396 vs Ref=95330 | Close=813.20 vs VAH=835.55
2026-02-02 13:49:38,238 [INFO]     NSE:PIIND-EQ | CVD=13334 vs Ref=-17103 | Close=3067.10 vs VAL=3049.50
2026-02-02 13:49:38,804 [INFO]     NSE:OIL-EQ | CVD=-99035 vs Ref=116885 | Close=479.45 vs VAH=480.90
2026-02-02 13:49:39,741 [INFO]     NSE:CHOLAFIN-EQ | CVD=158696 vs Ref=-79867 | Close=1575.30 vs VAL=1526.80
2026-02-02 13:49:40,248 [INFO]     NSE:COALINDIA-EQ | CVD=902339 vs Ref=2495 | Close=416.65 vs VAH=417.80
2026-02-02 13:49:41,300 [INFO]     NSE:IDFCFIRSTB-EQ | CVD=6301043 vs Ref=-243483 | Close=80.66 vs VAL=79.70
2026-02-02 13:49:41,829 [INFO]     NSE:JSWENERGY-EQ | CVD=-213283 vs Ref=3921 | Close=445.85 vs VAH=447.80
2026-02-02 13:49:43,660 [INFO]     NSE:NATIONALUM-EQ | CVD=1716524 vs Ref=1364212 | Close=363.55 vs VAH=367.15
2026-02-02 13:49:45,186 [INFO]     NSE:PFC-EQ | CVD=-1133808 vs Ref=0 | Close=379.95 vs VAH=385.65
2026-02-02 13:49:46,811 [INFO]     NSE:RECLTD-EQ | CVD=949038 vs Ref=192310 | Close=357.50 vs VAH=366.00
2026-02-02 13:49:48,345 [INFO]     NSE:TATAPOWER-EQ | CVD=-200257 vs Ref=22693 | Close=354.75 vs VAH=355.20
2026-02-02 13:49:49,846 [INFO]     NSE:LTF-EQ | CVD=-83474 vs Ref=98102 | Close=272.00 vs VAH=276.00
2026-02-02 13:49:51,535 [INFO]     NSE:HUDCO-EQ | CVD=-656578 vs Ref=1361 | Close=180.85 vs VAH=186.90
2026-02-02 13:49:52,907 [INFO]     NSE:GAIL-EQ | CVD=-2035397 vs Ref=1741 | Close=159.79 vs VAH=161.40
2026-02-02 13:49:54,330 [INFO]     NSE:SAMMAANCAP-EQ | CVD=343058 vs Ref=597206 | Close=144.08 vs VAH=144.90
2026-02-02 13:50:01,219 [INFO] 🔍 Scanning for alerts on 1 symbols (5min)...
2026-02-02 13:50:03,122 [INFO]     NSE:HINDZINC-EQ | CVD=31362 vs Ref=1657045 | Close=591.80 vs VAH=590.25
2026-02-02 13:50:17,952 [INFO] 🔍 Scanning for alerts on 6 symbols (5min)...
2026-02-02 13:50:19,534 [INFO]     NSE:KAYNES-EQ | CVD=-22362 vs Ref=-99061 | Close=3400.00 vs VAL=3444.00
2026-02-02 13:50:21,030 [INFO]     NSE:PIIND-EQ | CVD=13334 vs Ref=-17103 | Close=3067.10 vs VAL=3049.50
2026-02-02 13:50:22,740 [INFO]     NSE:HINDUNILVR-EQ | CVD=119163 vs Ref=-17753 | Close=2353.60 vs VAL=2318.40
2026-02-02 13:50:25,156 [INFO]     NSE:CHOLAFIN-EQ | CVD=158696 vs Ref=-79867 | Close=1575.30 vs VAL=1526.80
2026-02-02 13:50:27,289 [INFO]     NSE:MAXHEALTH-EQ | CVD=235593 vs Ref=-26629 | Close=952.55 vs VAL=947.00
2026-02-02 13:50:29,338 [INFO]     NSE:IDFCFIRSTB-EQ | CVD=6301043 vs Ref=-243483 | Close=80.66 vs VAL=79.70
2026-02-02 13:50:41,304 [INFO] 🔍 Scanning for alerts on 3 symbols (5min)...
2026-02-02 13:50:42,792 [INFO]     NSE:PIIND-EQ | CVD=13334 vs Ref=-17103 | Close=3067.10 vs VAL=3049.50
2026-02-02 13:50:44,569 [INFO]     NSE:CHOLAFIN-EQ | CVD=158696 vs Ref=-79867 | Close=1575.30 vs VAL=1526.80
2026-02-02 13:50:46,553 [INFO]     NSE:IDFCFIRSTB-EQ | CVD=6301043 vs Ref=-243483 | Close=80.66 vs VAL=79.70
2026-02-02 13:50:54,335 [INFO] 🔍 Scanning for alerts on 17 symbols (5min)...
2026-02-02 13:50:55,899 [INFO]     NSE:POWERINDIA-EQ | CVD=-12773 vs Ref=1496 | Close=18636.00 vs VAH=18564.00
2026-02-02 13:50:57,437 [INFO]     NSE:MCX-EQ | CVD=-554974 vs Ref=58658 | Close=2245.70 vs VAH=2234.40
2026-02-02 13:50:58,970 [INFO]     NSE:GODREJPROP-EQ | CVD=-37231 vs Ref=25814 | Close=1550.30 vs VAH=1540.80
2026-02-02 13:51:00,446 [INFO]     NSE:JINDALSTEL-EQ | CVD=356817 vs Ref=4003 | Close=1106.80 vs VAH=1107.90
2026-02-02 13:51:02,334 [INFO]     NSE:HINDALCO-EQ | CVD=-408715 vs Ref=493502 | Close=917.00 vs VAH=913.80
2026-02-02 13:51:03,126 [INFO] 🔍 Scanning for alerts on 1 symbols (5min)...
2026-02-02 13:51:04,155 [INFO]     NSE:INDIANB-EQ | CVD=391585 vs Ref=95330 | Close=813.65 vs VAH=835.55
2026-02-02 13:51:04,932 [INFO]     NSE:HINDZINC-EQ | CVD=127230 vs Ref=1657045 | Close=591.95 vs VAH=590.25
2026-02-02 13:51:06,029 [INFO]     NSE:OIL-EQ | CVD=-99281 vs Ref=116885 | Close=478.40 vs VAH=480.90
2026-02-02 13:51:07,729 [INFO]     NSE:COALINDIA-EQ | CVD=918192 vs Ref=2495 | Close=416.90 vs VAH=417.80
2026-02-02 13:51:09,258 [INFO]     NSE:JSWENERGY-EQ | CVD=-244384 vs Ref=3921 | Close=445.60 vs VAH=447.80
2026-02-02 13:51:10,828 [INFO]     NSE:NATIONALUM-EQ | CVD=1944877 vs Ref=1364212 | Close=365.00 vs VAH=367.15
2026-02-02 13:51:12,308 [INFO]     NSE:PFC-EQ | CVD=-1131469 vs Ref=0 | Close=379.95 vs VAH=385.65
2026-02-02 13:51:13,804 [INFO]     NSE:RECLTD-EQ | CVD=948590 vs Ref=192310 | Close=357.35 vs VAH=366.00
2026-02-02 13:51:15,297 [INFO]     NSE:TATAPOWER-EQ | CVD=-175671 vs Ref=22693 | Close=355.05 vs VAH=355.20
2026-02-02 13:51:16,933 [INFO]     NSE:LTF-EQ | CVD=-75581 vs Ref=98102 | Close=272.35 vs VAH=276.00
2026-02-02 13:51:18,653 [INFO]     NSE:HUDCO-EQ | CVD=-677540 vs Ref=1361 | Close=181.02 vs VAH=186.90
2026-02-02 13:51:20,152 [INFO]     NSE:GAIL-EQ | CVD=-2038340 vs Ref=1741 | Close=159.64 vs VAH=161.40
2026-02-02 13:51:21,658 [INFO]     NSE:SAMMAANCAP-EQ | CVD=344428 vs Ref=597206 | Close=144.09 vs VAH=144.90
2026-02-02 13:51:29,342 [INFO] 🔍 Scanning for alerts on 6 symbols (5min)...
2026-02-02 13:51:31,058 [INFO]     NSE:KAYNES-EQ | CVD=-20137 vs Ref=-99061 | Close=3399.30 vs VAL=3444.00
2026-02-02 13:51:32,508 [INFO]     NSE:PIIND-EQ | CVD=14056 vs Ref=-17103 | Close=3063.70 vs VAL=3049.50
2026-02-02 13:51:34,013 [INFO]     NSE:HINDUNILVR-EQ | CVD=118386 vs Ref=-17753 | Close=2350.80 vs VAL=2318.40
2026-02-02 13:51:35,594 [INFO]     NSE:CHOLAFIN-EQ | CVD=139346 vs Ref=-79867 | Close=1576.70 vs VAL=1526.80
2026-02-02 13:51:37,072 [INFO]     NSE:MAXHEALTH-EQ | CVD=233700 vs Ref=-26629 | Close=952.40 vs VAL=947.00
2026-02-02 13:51:38,533 [INFO]     NSE:IDFCFIRSTB-EQ | CVD=6533454 vs Ref=-243483 | Close=80.75 vs VAL=79.70
2026-02-02 13:51:46,557 [INFO] 🔍 Scanning for alerts on 3 symbols (5min)...
2026-02-02 13:51:48,013 [INFO]     NSE:PIIND-EQ | CVD=14056 vs Ref=-17103 | Close=3063.70 vs VAL=3049.50
2026-02-02 13:51:49,530 [INFO]     NSE:CHOLAFIN-EQ | CVD=139346 vs Ref=-79867 | Close=1576.70 vs VAL=1526.80
2026-02-02 13:51:51,100 [INFO]     NSE:IDFCFIRSTB-EQ | CVD=6533454 vs Ref=-243483 | Close=80.75 vs VAL=79.70
2026-02-02 13:52:04,940 [INFO] 🔍 Scanning for alerts on 1 symbols (5min)...
2026-02-02 13:52:07,650 [INFO]     NSE:HINDZINC-EQ | CVD=127230 vs Ref=1657045 | Close=591.95 vs VAH=590.25
2026-02-02 13:52:21,663 [INFO] 🔍 Scanning for alerts on 17 symbols (5min)...
2026-02-02 13:52:23,580 [INFO]     NSE:POWERINDIA-EQ | CVD=-14936 vs Ref=1496 | Close=18683.00 vs VAH=18564.00
2026-02-02 13:52:25,880 [INFO]     NSE:MCX-EQ | CVD=-533545 vs Ref=58658 | Close=2243.10 vs VAH=2234.40
2026-02-02 13:52:27,698 [INFO]     NSE:GODREJPROP-EQ | CVD=-31548 vs Ref=25814 | Close=1550.40 vs VAH=1540.80
2026-02-02 13:52:29,348 [INFO] 🚀 [BUY ALERT] NSE:JINDALSTEL-EQ (5min) triggered at 13:45!
2026-02-02 13:52:29,349 [INFO]     ✅ Price: 1108.70 > FRVP VAH: 1107.90
2026-02-02 13:52:29,350 [INFO]     ✅ CVD:   361805 > CVD Ref:  4003
2026-02-02 13:52:29,352 [INFO]     NSE:JINDALSTEL-EQ | CVD=361805 vs Ref=4003 | Close=1108.70 vs VAH=1107.90
2026-02-02 13:52:31,246 [INFO]     NSE:HINDALCO-EQ | CVD=-394102 vs Ref=493502 | Close=918.50 vs VAH=913.80
2026-02-02 13:52:33,477 [INFO]     NSE:INDIANB-EQ | CVD=391585 vs Ref=95330 | Close=813.65 vs VAH=835.55
2026-02-02 13:52:34,949 [INFO]     NSE:OIL-EQ | CVD=-99281 vs Ref=116885 | Close=478.40 vs VAH=480.90
2026-02-02 13:52:36,528 [INFO]     NSE:COALINDIA-EQ | CVD=918192 vs Ref=2495 | Close=416.90 vs VAH=417.80
2026-02-02 13:52:38,068 [INFO]     NSE:JSWENERGY-EQ | CVD=-244384 vs Ref=3921 | Close=445.60 vs VAH=447.80
2026-02-02 13:52:38,537 [INFO] 🔍 Scanning for alerts on 6 symbols (5min)...
2026-02-02 13:52:39,641 [INFO]     NSE:NATIONALUM-EQ | CVD=1944877 vs Ref=1364212 | Close=365.00 vs VAH=367.15
2026-02-02 13:52:40,084 [INFO]     NSE:KAYNES-EQ | CVD=-20137 vs Ref=-99061 | Close=3399.30 vs VAL=3444.00
2026-02-02 13:52:41,105 [INFO]     NSE:PFC-EQ | CVD=-1131469 vs Ref=0 | Close=379.95 vs VAH=385.65
2026-02-02 13:52:41,519 [INFO]     NSE:PIIND-EQ | CVD=14056 vs Ref=-17103 | Close=3063.70 vs VAL=3049.50
2026-02-02 13:52:42,592 [INFO]     NSE:RECLTD-EQ | CVD=948590 vs Ref=192310 | Close=357.35 vs VAH=366.00
2026-02-02 13:52:42,989 [INFO]     NSE:HINDUNILVR-EQ | CVD=118386 vs Ref=-17753 | Close=2350.80 vs VAL=2318.40
2026-02-02 13:52:44,238 [INFO]     NSE:TATAPOWER-EQ | CVD=-175671 vs Ref=22693 | Close=355.05 vs VAH=355.20
2026-02-02 13:52:44,841 [INFO]     NSE:CHOLAFIN-EQ | CVD=139346 vs Ref=-79867 | Close=1576.70 vs VAL=1526.80
2026-02-02 13:52:46,139 [INFO]     NSE:LTF-EQ | CVD=-75581 vs Ref=98102 | Close=272.35 vs VAH=276.00
2026-02-02 13:52:46,550 [INFO]     NSE:MAXHEALTH-EQ | CVD=233700 vs Ref=-26629 | Close=952.40 vs VAL=947.00
2026-02-02 13:52:47,846 [INFO]     NSE:HUDCO-EQ | CVD=-677540 vs Ref=1361 | Close=181.02 vs VAH=186.90
2026-02-02 13:52:48,195 [INFO]     NSE:IDFCFIRSTB-EQ | CVD=6533454 vs Ref=-243483 | Close=80.75 vs VAL=79.70
2026-02-02 13:52:49,261 [INFO]     NSE:GAIL-EQ | CVD=-2038340 vs Ref=1741 | Close=159.64 vs VAH=161.40
2026-02-02 13:52:50,716 [INFO]     NSE:SAMMAANCAP-EQ | CVD=344428 vs Ref=597206 | Close=144.09 vs VAH=144.90
2026-02-02 13:52:51,104 [INFO] 🔍 Scanning for alerts on 3 symbols (5min)...
2026-02-02 13:52:52,518 [INFO]     NSE:PIIND-EQ | CVD=14056 vs Ref=-17103 | Close=3063.70 vs VAL=3049.50
2026-02-02 13:52:54,155 [INFO]     NSE:CHOLAFIN-EQ | CVD=139346 vs Ref=-79867 | Close=1576.70 vs VAL=1526.80
2026-02-02 13:52:55,611 [INFO]     NSE:IDFCFIRSTB-EQ | CVD=6533454 vs Ref=-243483 | Close=80.75 vs VAL=79.70
2026-02-02 13:53:07,656 [INFO] 🔍 Scanning for alerts on 1 symbols (5min)...
2026-02-02 13:53:09,722 [INFO]     NSE:HINDZINC-EQ | CVD=127230 vs Ref=1657045 | Close=591.95 vs VAH=590.25
2026-02-02 13:53:48,202 [INFO] 🔍 Scanning for alerts on 6 symbols (5min)...
2026-02-02 13:53:49,677 [INFO]     NSE:KAYNES-EQ | CVD=-20137 vs Ref=-99061 | Close=3399.30 vs VAL=3444.00
2026-02-02 13:53:50,720 [INFO] 🔍 Scanning for alerts on 16 symbols (5min)...
2026-02-02 13:53:51,366 [INFO]     NSE:PIIND-EQ | CVD=14056 vs Ref=-17103 | Close=3063.70 vs VAL=3049.50
2026-02-02 13:53:52,454 [INFO]     NSE:POWERINDIA-EQ | CVD=-14936 vs Ref=1496 | Close=18683.00 vs VAH=18564.00
2026-02-02 13:53:53,007 [INFO]     NSE:HINDUNILVR-EQ | CVD=118386 vs Ref=-17753 | Close=2350.80 vs VAL=2318.40
2026-02-02 13:53:54,588 [INFO]     NSE:CHOLAFIN-EQ | CVD=139346 vs Ref=-79867 | Close=1576.70 vs VAL=1526.80
2026-02-02 13:53:57,490 [INFO]     NSE:PIIND-EQ | CVD=14056 vs Ref=-17103 | Close=3063.70 vs VAL=3049.50
2026-02-02 13:53:57,519 [INFO]     NSE:MAXHEALTH-EQ | CVD=233700 vs Ref=-26629 | Close=952.40 vs VAL=947.00
2026-02-02 13:53:57,587 [INFO]     NSE:GODREJPROP-EQ | CVD=-31548 vs Ref=25814 | Close=1550.40 vs VAH=1540.80
2026-02-02 13:53:59,269 [INFO]     NSE:IDFCFIRSTB-EQ | CVD=6533454 vs Ref=-243483 | Close=80.75 vs VAL=79.70
2026-02-02 13:53:59,272 [INFO]     NSE:HINDALCO-EQ | CVD=-394102 vs Ref=493502 | Close=918.50 vs VAH=913.80
2026-02-02 13:53:59,287 [INFO]     NSE:CHOLAFIN-EQ | CVD=139346 vs Ref=-79867 | Close=1576.70 vs VAL=1526.80
2026-02-02 13:54:00,875 [INFO]     NSE:IDFCFIRSTB-EQ | CVD=6533454 vs Ref=-243483 | Close=80.75 vs VAL=79.70
2026-02-02 13:54:01,103 [INFO]     NSE:INDIANB-EQ | CVD=391585 vs Ref=95330 | Close=813.65 vs VAH=835.55
2026-02-02 13:54:03,075 [INFO]     NSE:OIL-EQ | CVD=-99281 vs Ref=116885 | Close=478.40 vs VAH=480.90
2026-02-02 13:54:04,839 [INFO]     NSE:COALINDIA-EQ | CVD=918192 vs Ref=2495 | Close=416.90 vs VAH=417.80
2026-02-02 13:54:06,810 [INFO]     NSE:JSWENERGY-EQ | CVD=-244384 vs Ref=3921 | Close=445.60 vs VAH=447.80
2026-02-02 13:54:08,324 [INFO]     NSE:NATIONALUM-EQ | CVD=1944877 vs Ref=1364212 | Close=365.00 vs VAH=367.15
2026-02-02 13:54:09,727 [INFO] 🔍 Scanning for alerts on 1 symbols (5min)...
2026-02-02 13:54:09,740 [INFO]     NSE:PFC-EQ | CVD=-1131469 vs Ref=0 | Close=379.95 vs VAH=385.65
2026-02-02 13:54:11,202 [INFO]     NSE:RECLTD-EQ | CVD=948590 vs Ref=192310 | Close=357.35 vs VAH=366.00
2026-02-02 13:54:11,356 [INFO]     NSE:HINDZINC-EQ | CVD=127230 vs Ref=1657045 | Close=591.95 vs VAH=590.25
2026-02-02 13:54:12,667 [INFO]     NSE:TATAPOWER-EQ | CVD=-175671 vs Ref=22693 | Close=355.05 vs VAH=355.20
2026-02-02 13:54:14,185 [INFO]     NSE:LTF-EQ | CVD=-75581 vs Ref=98102 | Close=272.35 vs VAH=276.00
2026-02-02 13:54:15,702 [INFO]     NSE:HUDCO-EQ | CVD=-677540 vs Ref=1361 | Close=181.02 vs VAH=186.90
2026-02-02 13:54:17,233 [INFO]     NSE:GAIL-EQ | CVD=-2038340 vs Ref=1741 | Close=159.64 vs VAH=161.40
2026-02-02 13:54:19,028 [INFO]     NSE:SAMMAANCAP-EQ | CVD=344428 vs Ref=597206 | Close=144.09 vs VAH=144.90
2026-02-02 13:54:59,277 [INFO] 🔍 Scanning for alerts on 6 symbols (5min)...
2026-02-02 13:55:00,756 [INFO]     NSE:KAYNES-EQ | CVD=-20137 vs Ref=-99061 | Close=3399.30 vs VAL=3444.00
2026-02-02 13:55:00,878 [INFO] 🔍 Scanning for alerts on 3 symbols (5min)...
2026-02-02 13:55:02,791 [INFO]     NSE:PIIND-EQ | CVD=14056 vs Ref=-17103 | Close=3063.70 vs VAL=3049.50
2026-02-02 13:55:02,852 [INFO]     NSE:PIIND-EQ | CVD=14056 vs Ref=-17103 | Close=3063.70 vs VAL=3049.50
2026-02-02 13:55:05,012 [INFO]     NSE:HINDUNILVR-EQ | CVD=118386 vs Ref=-17753 | Close=2350.80 vs VAL=2318.40
2026-02-02 13:55:05,042 [INFO]     NSE:CHOLAFIN-EQ | CVD=139346 vs Ref=-79867 | Close=1576.70 vs VAL=1526.80
2026-02-02 13:55:07,030 [INFO]     NSE:IDFCFIRSTB-EQ | CVD=6533454 vs Ref=-243483 | Close=80.75 vs VAL=79.70
2026-02-02 13:55:07,053 [INFO]     NSE:CHOLAFIN-EQ | CVD=139346 vs Ref=-79867 | Close=1576.70 vs VAL=1526.80
2026-02-02 13:55:08,442 [INFO]     NSE:MAXHEALTH-EQ | CVD=233700 vs Ref=-26629 | Close=952.40 vs VAL=947.00
2026-02-02 13:55:09,891 [INFO]     NSE:IDFCFIRSTB-EQ | CVD=6533454 vs Ref=-243483 | Close=80.75 vs VAL=79.70
2026-02-02 13:55:11,359 [INFO] 🔍 Scanning for alerts on 1 symbols (5min)...
2026-02-02 13:55:12,834 [INFO]     NSE:HINDZINC-EQ | CVD=127230 vs Ref=1657045 | Close=591.95 vs VAH=590.25
2026-02-02 13:55:19,033 [INFO] 🔍 Scanning for alerts on 16 symbols (5min)...
2026-02-02 13:55:20,545 [INFO]     NSE:POWERINDIA-EQ | CVD=-14936 vs Ref=1496 | Close=18683.00 vs VAH=18564.00
2026-02-02 13:55:22,080 [INFO]     NSE:MCX-EQ | CVD=-533545 vs Ref=58658 | Close=2243.10 vs VAH=2234.40
2026-02-02 13:55:24,411 [INFO]     NSE:GODREJPROP-EQ | CVD=-31548 vs Ref=25814 | Close=1550.40 vs VAH=1540.80
2026-02-02 13:55:26,821 [INFO]     NSE:HINDALCO-EQ | CVD=-394102 vs Ref=493502 | Close=918.50 vs VAH=913.80
2026-02-02 13:55:28,879 [INFO]     NSE:INDIANB-EQ | CVD=391585 vs Ref=95330 | Close=813.65 vs VAH=835.55
2026-02-02 13:55:30,570 [INFO]     NSE:OIL-EQ | CVD=-99281 vs Ref=116885 | Close=478.40 vs VAH=480.90
2026-02-02 13:55:32,041 [INFO]     NSE:COALINDIA-EQ | CVD=918192 vs Ref=2495 | Close=416.90 vs VAH=417.80
2026-02-02 13:55:33,576 [INFO]     NSE:JSWENERGY-EQ | CVD=-244384 vs Ref=3921 | Close=445.60 vs VAH=447.80
2026-02-02 13:55:35,211 [INFO]     NSE:NATIONALUM-EQ | CVD=1944877 vs Ref=1364212 | Close=365.00 vs VAH=367.15
2026-02-02 13:55:36,853 [INFO]     NSE:PFC-EQ | CVD=-1131469 vs Ref=0 | Close=379.95 vs VAH=385.65
2026-02-02 13:55:38,434 [INFO]     NSE:RECLTD-EQ | CVD=948590 vs Ref=192310 | Close=357.35 vs VAH=366.00
2026-02-02 13:55:39,912 [INFO]     NSE:TATAPOWER-EQ | CVD=-175671 vs Ref=22693 | Close=355.05 vs VAH=355.20
2026-02-02 13:55:41,416 [INFO]     NSE:LTF-EQ | CVD=-75581 vs Ref=98102 | Close=272.35 vs VAH=276.00
2026-02-02 13:55:42,960 [INFO]     NSE:HUDCO-EQ | CVD=-677540 vs Ref=1361 | Close=181.02 vs VAH=186.90
2026-02-02 13:55:44,512 [INFO]     NSE:GAIL-EQ | CVD=-2038340 vs Ref=1741 | Close=159.64 vs VAH=161.40
2026-02-02 13:55:46,069 [INFO]     NSE:SAMMAANCAP-EQ | CVD=344428 vs Ref=597206 | Close=144.09 vs VAH=144.90
2026-02-02 13:56:07,033 [INFO] 🔍 Scanning for alerts on 3 symbols (5min)...
2026-02-02 13:56:08,460 [INFO]     NSE:PIIND-EQ | CVD=15889 vs Ref=-17103 | Close=3069.00 vs VAL=3049.50
2026-02-02 13:56:09,895 [INFO] 🔍 Scanning for alerts on 6 symbols (5min)...
2026-02-02 13:56:10,009 [INFO]     NSE:CHOLAFIN-EQ | CVD=123455 vs Ref=-79867 | Close=1572.70 vs VAL=1526.80
2026-02-02 13:56:11,471 [INFO]     NSE:KAYNES-EQ | CVD=-27245 vs Ref=-99061 | Close=3396.60 vs VAL=3444.00
2026-02-02 13:56:11,536 [INFO]     NSE:IDFCFIRSTB-EQ | CVD=6595388 vs Ref=-243483 | Close=80.76 vs VAL=79.70
2026-02-02 13:56:12,838 [INFO] 🔍 Scanning for alerts on 1 symbols (5min)...
2026-02-02 13:56:13,128 [INFO]     NSE:PIIND-EQ | CVD=15889 vs Ref=-17103 | Close=3069.00 vs VAL=3049.50
2026-02-02 13:56:14,491 [INFO]     NSE:HINDZINC-EQ | CVD=82853 vs Ref=1657045 | Close=591.45 vs VAH=590.25
2026-02-02 13:56:14,729 [INFO]     NSE:HINDUNILVR-EQ | CVD=122252 vs Ref=-17753 | Close=2349.70 vs VAL=2318.40
2026-02-02 13:56:16,412 [INFO]     NSE:CHOLAFIN-EQ | CVD=123455 vs Ref=-79867 | Close=1572.70 vs VAL=1526.80
2026-02-02 13:56:17,837 [INFO]     NSE:MAXHEALTH-EQ | CVD=233537 vs Ref=-26629 | Close=952.90 vs VAL=947.00
2026-02-02 13:56:19,352 [INFO]     NSE:IDFCFIRSTB-EQ | CVD=6595388 vs Ref=-243483 | Close=80.76 vs VAL=79.70
2026-02-02 13:56:46,074 [INFO] 🔍 Scanning for alerts on 16 symbols (5min)...
2026-02-02 13:56:47,484 [INFO]     NSE:POWERINDIA-EQ | CVD=-14658 vs Ref=1496 | Close=18750.00 vs VAH=18564.00
2026-02-02 13:56:49,058 [INFO]     NSE:MCX-EQ | CVD=-524702 vs Ref=58658 | Close=2244.50 vs VAH=2234.40
2026-02-02 13:56:50,600 [INFO]     NSE:GODREJPROP-EQ | CVD=-28076 vs Ref=25814 | Close=1551.60 vs VAH=1540.80
2026-02-02 13:56:52,054 [INFO]     NSE:HINDALCO-EQ | CVD=-376305 vs Ref=493502 | Close=918.30 vs VAH=913.80
2026-02-02 13:56:53,798 [INFO]     NSE:INDIANB-EQ | CVD=697429 vs Ref=95330 | Close=823.50 vs VAH=835.55
2026-02-02 13:56:55,316 [INFO]     NSE:OIL-EQ | CVD=-105906 vs Ref=116885 | Close=479.15 vs VAH=480.90
2026-02-02 13:56:57,143 [INFO] 🚀 [BUY ALERT] NSE:COALINDIA-EQ (5min) triggered at 13:50!
2026-02-02 13:56:57,146 [INFO]     ✅ Price: 417.80 > FRVP VAH: 417.80
2026-02-02 13:56:57,147 [INFO]     ✅ CVD:   932354 > CVD Ref:  2495
2026-02-02 13:56:57,148 [INFO]     NSE:COALINDIA-EQ | CVD=932354 vs Ref=2495 | Close=417.80 vs VAH=417.80
2026-02-02 13:56:58,737 [INFO]     NSE:JSWENERGY-EQ | CVD=-241184 vs Ref=3921 | Close=446.25 vs VAH=447.80
2026-02-02 13:57:00,249 [INFO]     NSE:NATIONALUM-EQ | CVD=1863639 vs Ref=1364212 | Close=364.20 vs VAH=367.15
2026-02-02 13:57:02,059 [INFO]     NSE:PFC-EQ | CVD=-1118834 vs Ref=0 | Close=379.90 vs VAH=385.65
2026-02-02 13:57:03,828 [INFO]     NSE:RECLTD-EQ | CVD=957831 vs Ref=192310 | Close=357.20 vs VAH=366.00
2026-02-02 13:57:05,888 [INFO]     NSE:TATAPOWER-EQ | CVD=-170192 vs Ref=22693 | Close=355.40 vs VAH=355.20
2026-02-02 13:57:07,764 [INFO]     NSE:LTF-EQ | CVD=-87303 vs Ref=98102 | Close=272.50 vs VAH=276.00
2026-02-02 13:57:09,484 [INFO]     NSE:HUDCO-EQ | CVD=-421045 vs Ref=1361 | Close=182.45 vs VAH=186.90
2026-02-02 13:57:11,023 [INFO]     NSE:GAIL-EQ | CVD=-1852810 vs Ref=1741 | Close=159.80 vs VAH=161.40
2026-02-02 13:57:11,539 [INFO] 🔍 Scanning for alerts on 3 symbols (5min)...
2026-02-02 13:57:13,010 [INFO]     NSE:SAMMAANCAP-EQ | CVD=375561 vs Ref=597206 | Close=144.12 vs VAH=144.90
2026-02-02 13:57:13,338 [INFO]     NSE:PIIND-EQ | CVD=15889 vs Ref=-17103 | Close=3069.00 vs VAL=3049.50
2026-02-02 13:57:14,495 [INFO] 🔍 Scanning for alerts on 1 symbols (5min)...
2026-02-02 13:57:14,851 [INFO]     NSE:CHOLAFIN-EQ | CVD=123455 vs Ref=-79867 | Close=1572.70 vs VAL=1526.80
2026-02-02 13:57:16,224 [INFO]     NSE:HINDZINC-EQ | CVD=82853 vs Ref=1657045 | Close=591.45 vs VAH=590.25
2026-02-02 13:57:16,482 [INFO]     NSE:IDFCFIRSTB-EQ | CVD=6595388 vs Ref=-243483 | Close=80.76 vs VAL=79.70
2026-02-02 13:57:19,358 [INFO] 🔍 Scanning for alerts on 6 symbols (5min)...
2026-02-02 13:57:20,867 [INFO]     NSE:KAYNES-EQ | CVD=-27245 vs Ref=-99061 | Close=3396.60 vs VAL=3444.00
2026-02-02 13:57:22,224 [INFO]     NSE:PIIND-EQ | CVD=15889 vs Ref=-17103 | Close=3069.00 vs VAL=3049.50
2026-02-02 13:57:24,535 [INFO]     NSE:HINDUNILVR-EQ | CVD=122252 vs Ref=-17753 | Close=2349.70 vs VAL=2318.40
2026-02-02 13:57:26,913 [INFO]     NSE:CHOLAFIN-EQ | CVD=123455 vs Ref=-79867 | Close=1572.70 vs VAL=1526.80
2026-02-02 13:57:28,609 [INFO]     NSE:MAXHEALTH-EQ | CVD=233537 vs Ref=-26629 | Close=952.90 vs VAL=947.00
2026-02-02 13:57:30,292 [INFO]     NSE:IDFCFIRSTB-EQ | CVD=6595388 vs Ref=-243483 | Close=80.76 vs VAL=79.70
2026-02-02 13:58:13,012 [INFO] 🔍 Scanning for alerts on 15 symbols (5min)...
2026-02-02 13:58:14,392 [INFO]     NSE:POWERINDIA-EQ | CVD=-14658 vs Ref=1496 | Close=18750.00 vs VAH=18564.00
2026-02-02 13:58:15,850 [INFO]     NSE:MCX-EQ | CVD=-524702 vs Ref=58658 | Close=2244.50 vs VAH=2234.40
2026-02-02 13:58:16,228 [INFO] 🔍 Scanning for alerts on 1 symbols (5min)...
2026-02-02 13:58:16,485 [INFO] 🔍 Scanning for alerts on 3 symbols (5min)...
2026-02-02 13:58:17,432 [INFO]     NSE:GODREJPROP-EQ | CVD=-28076 vs Ref=25814 | Close=1551.60 vs VAH=1540.80
2026-02-02 13:58:17,964 [INFO]     NSE:HINDZINC-EQ | CVD=82853 vs Ref=1657045 | Close=591.45 vs VAH=590.25
2026-02-02 13:58:18,035 [INFO]     NSE:PIIND-EQ | CVD=15889 vs Ref=-17103 | Close=3069.00 vs VAL=3049.50
2026-02-02 13:58:19,106 [INFO]     NSE:HINDALCO-EQ | CVD=-376305 vs Ref=493502 | Close=918.30 vs VAH=913.80
2026-02-02 13:58:19,692 [INFO]     NSE:CHOLAFIN-EQ | CVD=123455 vs Ref=-79867 | Close=1572.70 vs VAL=1526.80
2026-02-02 13:58:20,762 [INFO]     NSE:INDIANB-EQ | CVD=697429 vs Ref=95330 | Close=823.50 vs VAH=835.55
2026-02-02 13:58:21,455 [INFO]     NSE:IDFCFIRSTB-EQ | CVD=6595388 vs Ref=-243483 | Close=80.76 vs VAL=79.70
2026-02-02 13:58:22,577 [INFO]     NSE:OIL-EQ | CVD=-105906 vs Ref=116885 | Close=479.15 vs VAH=480.90
2026-02-02 13:58:24,985 [INFO]     NSE:JSWENERGY-EQ | CVD=-241184 vs Ref=3921 | Close=446.25 vs VAH=447.80
2026-02-02 13:58:27,323 [INFO]     NSE:NATIONALUM-EQ | CVD=1863639 vs Ref=1364212 | Close=364.20 vs VAH=367.15
2026-02-02 13:58:29,359 [INFO]     NSE:PFC-EQ | CVD=-1118834 vs Ref=0 | Close=379.90 vs VAH=385.65
2026-02-02 13:58:30,299 [INFO] 🔍 Scanning for alerts on 6 symbols (5min)...
2026-02-02 13:58:30,903 [INFO]     NSE:RECLTD-EQ | CVD=957831 vs Ref=192310 | Close=357.20 vs VAH=366.00
2026-02-02 13:58:31,988 [INFO]     NSE:KAYNES-EQ | CVD=-27245 vs Ref=-99061 | Close=3396.60 vs VAL=3444.00
2026-02-02 13:58:32,595 [INFO]     NSE:TATAPOWER-EQ | CVD=-170192 vs Ref=22693 | Close=355.40 vs VAH=355.20
2026-02-02 13:58:33,663 [INFO]     NSE:PIIND-EQ | CVD=15889 vs Ref=-17103 | Close=3069.00 vs VAL=3049.50
2026-02-02 13:58:34,346 [INFO]     NSE:LTF-EQ | CVD=-87303 vs Ref=98102 | Close=272.50 vs VAH=276.00
2026-02-02 13:58:35,400 [INFO]     NSE:HINDUNILVR-EQ | CVD=122252 vs Ref=-17753 | Close=2349.70 vs VAL=2318.40
2026-02-02 13:58:36,139 [INFO]     NSE:HUDCO-EQ | CVD=-421045 vs Ref=1361 | Close=182.45 vs VAH=186.90
2026-02-02 13:58:37,033 [INFO]     NSE:CHOLAFIN-EQ | CVD=123455 vs Ref=-79867 | Close=1572.70 vs VAL=1526.80
2026-02-02 13:58:37,731 [INFO]     NSE:GAIL-EQ | CVD=-1852810 vs Ref=1741 | Close=159.80 vs VAH=161.40
2026-02-02 13:58:38,555 [INFO]     NSE:MAXHEALTH-EQ | CVD=233537 vs Ref=-26629 | Close=952.90 vs VAL=947.00
2026-02-02 13:58:39,426 [INFO]     NSE:SAMMAANCAP-EQ | CVD=375561 vs Ref=597206 | Close=144.12 vs VAH=144.90
2026-02-02 13:58:40,131 [INFO]     NSE:IDFCFIRSTB-EQ | CVD=6595388 vs Ref=-243483 | Close=80.76 vs VAL=79.70
2026-02-02 13:59:17,968 [INFO] 🔍 Scanning for alerts on 1 symbols (5min)...
2026-02-02 13:59:19,506 [INFO]     NSE:HINDZINC-EQ | CVD=82853 vs Ref=1657045 | Close=591.45 vs VAH=590.25
2026-02-02 13:59:21,458 [INFO] 🔍 Scanning for alerts on 3 symbols (5min)...
2026-02-02 13:59:23,246 [INFO]     NSE:PIIND-EQ | CVD=15889 vs Ref=-17103 | Close=3069.00 vs VAL=3049.50
2026-02-02 13:59:25,729 [INFO]     NSE:CHOLAFIN-EQ | CVD=123455 vs Ref=-79867 | Close=1572.70 vs VAL=1526.80
2026-02-02 13:59:27,668 [INFO]     NSE:IDFCFIRSTB-EQ | CVD=6595388 vs Ref=-243483 | Close=80.76 vs VAL=79.70
2026-02-02 13:59:39,431 [INFO] 🔍 Scanning for alerts on 15 symbols (5min)...
2026-02-02 13:59:40,135 [INFO] 🔍 Scanning for alerts on 6 symbols (5min)...
2026-02-02 13:59:40,901 [INFO]     NSE:POWERINDIA-EQ | CVD=-14658 vs Ref=1496 | Close=18750.00 vs VAH=18564.00
2026-02-02 13:59:41,751 [INFO]     NSE:KAYNES-EQ | CVD=-27245 vs Ref=-99061 | Close=3396.60 vs VAL=3444.00
2026-02-02 13:59:42,460 [INFO]     NSE:MCX-EQ | CVD=-524702 vs Ref=58658 | Close=2244.50 vs VAH=2234.40
2026-02-02 13:59:43,276 [INFO]     NSE:PIIND-EQ | CVD=15889 vs Ref=-17103 | Close=3069.00 vs VAL=3049.50
2026-02-02 13:59:44,387 [INFO]     NSE:GODREJPROP-EQ | CVD=-28076 vs Ref=25814 | Close=1551.60 vs VAH=1540.80
2026-02-02 13:59:45,120 [INFO]     NSE:HINDUNILVR-EQ | CVD=122252 vs Ref=-17753 | Close=2349.70 vs VAL=2318.40
2026-02-02 13:59:45,942 [INFO]     NSE:HINDALCO-EQ | CVD=-376305 vs Ref=493502 | Close=918.30 vs VAH=913.80
2026-02-02 13:59:46,661 [INFO]     NSE:CHOLAFIN-EQ | CVD=123455 vs Ref=-79867 | Close=1572.70 vs VAL=1526.80
2026-02-02 13:59:47,418 [INFO]     NSE:INDIANB-EQ | CVD=697429 vs Ref=95330 | Close=823.50 vs VAH=835.55
2026-02-02 13:59:48,106 [INFO]     NSE:MAXHEALTH-EQ | CVD=233537 vs Ref=-26629 | Close=952.90 vs VAL=947.00
2026-02-02 13:59:48,966 [INFO]     NSE:OIL-EQ | CVD=-105906 vs Ref=116885 | Close=479.15 vs VAH=480.90
2026-02-02 13:59:49,859 [INFO]     NSE:IDFCFIRSTB-EQ | CVD=6595388 vs Ref=-243483 | Close=80.76 vs VAL=79.70
2026-02-02 13:59:50,598 [INFO]     NSE:JSWENERGY-EQ | CVD=-241184 vs Ref=3921 | Close=446.25 vs VAH=447.80
2026-02-02 13:59:52,206 [INFO]     NSE:NATIONALUM-EQ | CVD=1863639 vs Ref=1364212 | Close=364.20 vs VAH=367.15
2026-02-02 13:59:53,603 [INFO]     NSE:PFC-EQ | CVD=-1118834 vs Ref=0 | Close=379.90 vs VAH=385.65
2026-02-02 13:59:55,135 [INFO]     NSE:RECLTD-EQ | CVD=957831 vs Ref=192310 | Close=357.20 vs VAH=366.00
2026-02-02 13:59:56,713 [INFO]     NSE:TATAPOWER-EQ | CVD=-170192 vs Ref=22693 | Close=355.40 vs VAH=355.20
2026-02-02 13:59:58,539 [INFO]     NSE:LTF-EQ | CVD=-87303 vs Ref=98102 | Close=272.50 vs VAH=276.00
2026-02-02 14:00:00,124 [INFO]     NSE:HUDCO-EQ | CVD=-421045 vs Ref=1361 | Close=182.45 vs VAH=186.90
2026-02-02 14:00:02,261 [INFO]     NSE:GAIL-EQ | CVD=-1852810 vs Ref=1741 | Close=159.80 vs VAH=161.40
2026-02-02 14:00:04,411 [INFO]     NSE:SAMMAANCAP-EQ | CVD=375561 vs Ref=597206 | Close=144.12 vs VAH=144.90
2026-02-02 14:00:19,509 [INFO] 🔍 Scanning for alerts on 1 symbols (5min)...
2026-02-02 14:00:21,036 [INFO]     NSE:HINDZINC-EQ | CVD=82853 vs Ref=1657045 | Close=591.45 vs VAH=590.25
2026-02-02 14:00:27,670 [INFO] 🔍 Scanning for alerts on 3 symbols (5min)...
2026-02-02 14:00:29,560 [INFO]     NSE:PIIND-EQ | CVD=15889 vs Ref=-17103 | Close=3069.00 vs VAL=3049.50
2026-02-02 14:00:31,131 [INFO]     NSE:CHOLAFIN-EQ | CVD=123455 vs Ref=-79867 | Close=1572.70 vs VAL=1526.80
2026-02-02 14:00:32,508 [INFO]     NSE:IDFCFIRSTB-EQ | CVD=6595388 vs Ref=-243483 | Close=80.76 vs VAL=79.70
2026-02-02 14:00:49,862 [INFO] 🔍 Scanning for alerts on 6 symbols (5min)...
2026-02-02 14:00:51,364 [INFO]     NSE:KAYNES-EQ | CVD=-27245 vs Ref=-99061 | Close=3396.60 vs VAL=3444.00
2026-02-02 14:00:52,732 [INFO]     NSE:PIIND-EQ | CVD=15889 vs Ref=-17103 | Close=3069.00 vs VAL=3049.50
2026-02-02 14:00:54,132 [INFO]     NSE:HINDUNILVR-EQ | CVD=122252 vs Ref=-17753 | Close=2349.70 vs VAL=2318.40
2026-02-02 14:00:55,643 [INFO]     NSE:CHOLAFIN-EQ | CVD=123455 vs Ref=-79867 | Close=1572.70 vs VAL=1526.80
2026-02-02 14:00:57,008 [INFO]     NSE:MAXHEALTH-EQ | CVD=233537 vs Ref=-26629 | Close=952.90 vs VAL=947.00
2026-02-02 14:00:58,506 [INFO]     NSE:IDFCFIRSTB-EQ | CVD=6595388 vs Ref=-243483 | Close=80.76 vs VAL=79.70
2026-02-02 14:01:04,418 [INFO] 🔍 Scanning for alerts on 15 symbols (5min)...
2026-02-02 14:01:06,037 [INFO]     NSE:POWERINDIA-EQ | CVD=-14705 vs Ref=1496 | Close=18775.00 vs VAH=18564.00
2026-02-02 14:01:07,810 [INFO]     NSE:MCX-EQ | CVD=-519593 vs Ref=58658 | Close=2246.20 vs VAH=2234.40
2026-02-02 14:01:09,273 [INFO]     NSE:GODREJPROP-EQ | CVD=-24198 vs Ref=25814 | Close=1550.60 vs VAH=1540.80
2026-02-02 14:01:10,770 [INFO]     NSE:HINDALCO-EQ | CVD=-351582 vs Ref=493502 | Close=918.15 vs VAH=913.80
2026-02-02 14:01:12,339 [INFO]     NSE:INDIANB-EQ | CVD=660178 vs Ref=95330 | Close=822.40 vs VAH=835.55
2026-02-02 14:01:13,710 [INFO]     NSE:OIL-EQ | CVD=-107645 vs Ref=116885 | Close=478.80 vs VAH=480.90
2026-02-02 14:01:15,230 [INFO]     NSE:JSWENERGY-EQ | CVD=-233527 vs Ref=3921 | Close=446.00 vs VAH=447.80
2026-02-02 14:01:16,822 [INFO]     NSE:NATIONALUM-EQ | CVD=1577791 vs Ref=1364212 | Close=363.45 vs VAH=367.15
2026-02-02 14:01:18,233 [INFO]     NSE:PFC-EQ | CVD=-1102524 vs Ref=0 | Close=380.05 vs VAH=385.65
2026-02-02 14:01:19,714 [INFO]     NSE:RECLTD-EQ | CVD=1014341 vs Ref=192310 | Close=356.90 vs VAH=366.00
2026-02-02 14:01:21,043 [INFO] 🔍 Scanning for alerts on 1 symbols (5min)...
2026-02-02 14:01:21,221 [INFO]     NSE:TATAPOWER-EQ | CVD=-184183 vs Ref=22693 | Close=355.15 vs VAH=355.20
2026-02-02 14:01:22,765 [INFO]     NSE:HINDZINC-EQ | CVD=116029 vs Ref=1657045 | Close=591.85 vs VAH=590.25
2026-02-02 14:01:23,211 [INFO]     NSE:LTF-EQ | CVD=-85602 vs Ref=98102 | Close=272.45 vs VAH=276.00
2026-02-02 14:01:25,714 [INFO]     NSE:HUDCO-EQ | CVD=-513249 vs Ref=1361 | Close=181.84 vs VAH=186.90
2026-02-02 14:01:28,182 [INFO]     NSE:GAIL-EQ | CVD=-1789542 vs Ref=1741 | Close=159.54 vs VAH=161.40
2026-02-02 14:01:30,484 [INFO]     NSE:SAMMAANCAP-EQ | CVD=483326 vs Ref=597206 | Close=144.46 vs VAH=144.90
2026-02-02 14:01:32,511 [INFO] 🔍 Scanning for alerts on 3 symbols (5min)...
2026-02-02 14:01:34,005 [INFO]     NSE:PIIND-EQ | CVD=28371 vs Ref=-17103 | Close=3069.80 vs VAL=3049.50
2026-02-02 14:01:35,633 [INFO]     NSE:CHOLAFIN-EQ | CVD=116934 vs Ref=-79867 | Close=1572.20 vs VAL=1526.80
2026-02-02 14:01:37,129 [INFO]     NSE:IDFCFIRSTB-EQ | CVD=6505611 vs Ref=-243483 | Close=80.62 vs VAL=79.70
2026-02-02 14:01:58,510 [INFO] 🔍 Scanning for alerts on 6 symbols (5min)...
2026-02-02 14:01:59,991 [INFO]     NSE:KAYNES-EQ | CVD=-29903 vs Ref=-99061 | Close=3390.80 vs VAL=3444.00
2026-02-02 14:02:01,960 [INFO]     NSE:PIIND-EQ | CVD=28371 vs Ref=-17103 | Close=3069.80 vs VAL=3049.50
2026-02-02 14:02:03,876 [INFO]     NSE:HINDUNILVR-EQ | CVD=122331 vs Ref=-17753 | Close=2346.90 vs VAL=2318.40
2026-02-02 14:02:05,838 [INFO]     NSE:CHOLAFIN-EQ | CVD=116934 vs Ref=-79867 | Close=1572.20 vs VAL=1526.80
2026-02-02 14:02:07,424 [INFO]     NSE:MAXHEALTH-EQ | CVD=230351 vs Ref=-26629 | Close=951.55 vs VAL=947.00
2026-02-02 14:02:08,854 [INFO]     NSE:IDFCFIRSTB-EQ | CVD=6505611 vs Ref=-243483 | Close=80.62 vs VAL=79.70
2026-02-02 14:02:22,769 [INFO] 🔍 Scanning for alerts on 1 symbols (5min)...
2026-02-02 14:02:25,122 [INFO]     NSE:HINDZINC-EQ | CVD=116029 vs Ref=1657045 | Close=591.85 vs VAH=590.25
2026-02-02 14:02:30,489 [INFO] 🔍 Scanning for alerts on 15 symbols (5min)...
2026-02-02 14:02:32,087 [INFO]     NSE:POWERINDIA-EQ | CVD=-14705 vs Ref=1496 | Close=18775.00 vs VAH=18564.00
2026-02-02 14:02:33,771 [INFO]     NSE:MCX-EQ | CVD=-519593 vs Ref=58658 | Close=2246.20 vs VAH=2234.40
2026-02-02 14:02:35,409 [INFO]     NSE:GODREJPROP-EQ | CVD=-24198 vs Ref=25814 | Close=1550.60 vs VAH=1540.80
2026-02-02 14:02:36,958 [INFO]     NSE:HINDALCO-EQ | CVD=-351582 vs Ref=493502 | Close=918.15 vs VAH=913.80
2026-02-02 14:02:37,132 [INFO] 🔍 Scanning for alerts on 3 symbols (5min)...
2026-02-02 14:02:38,642 [INFO]     NSE:INDIANB-EQ | CVD=660178 vs Ref=95330 | Close=822.40 vs VAH=835.55
2026-02-02 14:02:38,735 [INFO]     NSE:PIIND-EQ | CVD=28371 vs Ref=-17103 | Close=3069.80 vs VAL=3049.50
2026-02-02 14:02:40,027 [INFO]     NSE:OIL-EQ | CVD=-107645 vs Ref=116885 | Close=478.80 vs VAH=480.90
2026-02-02 14:02:40,265 [INFO]     NSE:CHOLAFIN-EQ | CVD=116934 vs Ref=-79867 | Close=1572.20 vs VAL=1526.80
2026-02-02 14:02:41,483 [INFO]     NSE:JSWENERGY-EQ | CVD=-233527 vs Ref=3921 | Close=446.00 vs VAH=447.80
2026-02-02 14:02:41,782 [INFO]     NSE:IDFCFIRSTB-EQ | CVD=6505611 vs Ref=-243483 | Close=80.62 vs VAL=79.70
2026-02-02 14:02:43,030 [INFO]     NSE:NATIONALUM-EQ | CVD=1577791 vs Ref=1364212 | Close=363.45 vs VAH=367.15
2026-02-02 14:02:44,501 [INFO]     NSE:PFC-EQ | CVD=-1102524 vs Ref=0 | Close=380.05 vs VAH=385.65
2026-02-02 14:02:45,941 [INFO]     NSE:RECLTD-EQ | CVD=1014341 vs Ref=192310 | Close=356.90 vs VAH=366.00
2026-02-02 14:02:47,467 [INFO]     NSE:TATAPOWER-EQ | CVD=-184183 vs Ref=22693 | Close=355.15 vs VAH=355.20
2026-02-02 14:02:48,940 [INFO]     NSE:LTF-EQ | CVD=-85602 vs Ref=98102 | Close=272.45 vs VAH=276.00
2026-02-02 14:02:50,628 [INFO]     NSE:HUDCO-EQ | CVD=-513249 vs Ref=1361 | Close=181.84 vs VAH=186.90
2026-02-02 14:02:52,024 [INFO]     NSE:GAIL-EQ | CVD=-1789542 vs Ref=1741 | Close=159.54 vs VAH=161.40
2026-02-02 14:02:53,445 [INFO]     NSE:SAMMAANCAP-EQ | CVD=483326 vs Ref=597206 | Close=144.46 vs VAH=144.90
2026-02-02 14:03:08,859 [INFO] 🔍 Scanning for alerts on 6 symbols (5min)...
2026-02-02 14:03:10,329 [INFO]     NSE:KAYNES-EQ | CVD=-29903 vs Ref=-99061 | Close=3390.80 vs VAL=3444.00
2026-02-02 14:03:11,722 [INFO]     NSE:PIIND-EQ | CVD=28371 vs Ref=-17103 | Close=3069.80 vs VAL=3049.50
2026-02-02 14:03:13,107 [INFO]     NSE:HINDUNILVR-EQ | CVD=122331 vs Ref=-17753 | Close=2346.90 vs VAL=2318.40
2026-02-02 14:03:14,564 [INFO]     NSE:CHOLAFIN-EQ | CVD=116934 vs Ref=-79867 | Close=1572.20 vs VAL=1526.80
2026-02-02 14:03:16,009 [INFO]     NSE:MAXHEALTH-EQ | CVD=230351 vs Ref=-26629 | Close=951.55 vs VAL=947.00
2026-02-02 14:03:17,378 [INFO]     NSE:IDFCFIRSTB-EQ | CVD=6505611 vs Ref=-243483 | Close=80.62 vs VAL=79.70
2026-02-02 14:03:25,126 [INFO] 🔍 Scanning for alerts on 1 symbols (5min)...
2026-02-02 14:03:27,197 [INFO]     NSE:HINDZINC-EQ | CVD=116029 vs Ref=1657045 | Close=591.85 vs VAH=590.25
2026-02-02 14:03:41,784 [INFO] 🔍 Scanning for alerts on 3 symbols (5min)...
2026-02-02 14:03:43,272 [INFO]     NSE:PIIND-EQ | CVD=28371 vs Ref=-17103 | Close=3069.80 vs VAL=3049.50
2026-02-02 14:03:44,815 [INFO]     NSE:CHOLAFIN-EQ | CVD=116934 vs Ref=-79867 | Close=1572.20 vs VAL=1526.80
2026-02-02 14:03:46,212 [INFO]     NSE:IDFCFIRSTB-EQ | CVD=6505611 vs Ref=-243483 | Close=80.62 vs VAL=79.70
2026-02-02 14:03:53,448 [INFO] 🔍 Scanning for alerts on 15 symbols (5min)...
2026-02-02 14:03:54,895 [INFO]     NSE:POWERINDIA-EQ | CVD=-14705 vs Ref=1496 | Close=18775.00 vs VAH=18564.00
2026-02-02 14:03:56,417 [INFO]     NSE:MCX-EQ | CVD=-519593 vs Ref=58658 | Close=2246.20 vs VAH=2234.40
2026-02-02 14:03:58,310 [INFO]     NSE:GODREJPROP-EQ | CVD=-24198 vs Ref=25814 | Close=1550.60 vs VAH=1540.80
2026-02-02 14:03:59,782 [INFO]     NSE:HINDALCO-EQ | CVD=-351582 vs Ref=493502 | Close=918.15 vs VAH=913.80
2026-02-02 14:04:01,641 [INFO]     NSE:INDIANB-EQ | CVD=660178 vs Ref=95330 | Close=822.40 vs VAH=835.55
2026-02-02 14:04:03,517 [INFO]     NSE:OIL-EQ | CVD=-107645 vs Ref=116885 | Close=478.80 vs VAH=480.90
2026-02-02 14:04:05,551 [INFO]     NSE:JSWENERGY-EQ | CVD=-233527 vs Ref=3921 | Close=446.00 vs VAH=447.80
2026-02-02 14:04:07,195 [INFO]     NSE:NATIONALUM-EQ | CVD=1577791 vs Ref=1364212 | Close=363.45 vs VAH=367.15
2026-02-02 14:04:08,600 [INFO]     NSE:PFC-EQ | CVD=-1102524 vs Ref=0 | Close=380.05 vs VAH=385.65
2026-02-02 14:04:10,203 [INFO]     NSE:RECLTD-EQ | CVD=1014341 vs Ref=192310 | Close=356.90 vs VAH=366.00
2026-02-02 14:04:11,945 [INFO]     NSE:TATAPOWER-EQ | CVD=-184183 vs Ref=22693 | Close=355.15 vs VAH=355.20
2026-02-02 14:04:13,579 [INFO]     NSE:LTF-EQ | CVD=-85602 vs Ref=98102 | Close=272.45 vs VAH=276.00
2026-02-02 14:04:15,160 [INFO]     NSE:HUDCO-EQ | CVD=-513249 vs Ref=1361 | Close=181.84 vs VAH=186.90
2026-02-02 14:04:16,545 [INFO]     NSE:GAIL-EQ | CVD=-1789542 vs Ref=1741 | Close=159.54 vs VAH=161.40
2026-02-02 14:04:17,381 [INFO] 🔍 Scanning for alerts on 6 symbols (5min)...
2026-02-02 14:04:18,108 [INFO]     NSE:SAMMAANCAP-EQ | CVD=483326 vs Ref=597206 | Close=144.46 vs VAH=144.90
2026-02-02 14:04:19,123 [INFO]     NSE:KAYNES-EQ | CVD=-29903 vs Ref=-99061 | Close=3390.80 vs VAL=3444.00
2026-02-02 14:04:20,540 [INFO]     NSE:PIIND-EQ | CVD=28371 vs Ref=-17103 | Close=3069.80 vs VAL=3049.50
2026-02-02 14:04:21,972 [INFO]     NSE:HINDUNILVR-EQ | CVD=122331 vs Ref=-17753 | Close=2346.90 vs VAL=2318.40
2026-02-02 14:04:24,270 [INFO]     NSE:CHOLAFIN-EQ | CVD=116934 vs Ref=-79867 | Close=1572.20 vs VAL=1526.80
2026-02-02 14:04:26,532 [INFO]     NSE:MAXHEALTH-EQ | CVD=230351 vs Ref=-26629 | Close=951.55 vs VAL=947.00
2026-02-02 14:04:27,201 [INFO] 🔍 Scanning for alerts on 1 symbols (5min)...
2026-02-02 14:04:28,654 [INFO]     NSE:IDFCFIRSTB-EQ | CVD=6505611 vs Ref=-243483 | Close=80.62 vs VAL=79.70
2026-02-02 14:04:29,279 [INFO]     NSE:HINDZINC-EQ | CVD=116029 vs Ref=1657045 | Close=591.85 vs VAH=590.25
2026-02-02 14:04:46,215 [INFO] 🔍 Scanning for alerts on 3 symbols (5min)...
2026-02-02 14:04:47,589 [INFO]     NSE:PIIND-EQ | CVD=28371 vs Ref=-17103 | Close=3069.80 vs VAL=3049.50
2026-02-02 14:04:49,052 [INFO]     NSE:CHOLAFIN-EQ | CVD=116934 vs Ref=-79867 | Close=1572.20 vs VAL=1526.80
2026-02-02 14:04:50,455 [INFO]     NSE:IDFCFIRSTB-EQ | CVD=6505611 vs Ref=-243483 | Close=80.62 vs VAL=79.70
2026-02-02 14:05:18,112 [INFO] 🔍 Scanning for alerts on 15 symbols (5min)...
2026-02-02 14:05:19,659 [INFO]     NSE:POWERINDIA-EQ | CVD=-14705 vs Ref=1496 | Close=18775.00 vs VAH=18564.00
2026-02-02 14:05:21,154 [INFO]     NSE:MCX-EQ | CVD=-519593 vs Ref=58658 | Close=2246.20 vs VAH=2234.40
2026-02-02 14:05:22,975 [INFO]     NSE:GODREJPROP-EQ | CVD=-24198 vs Ref=25814 | Close=1550.60 vs VAH=1540.80
2026-02-02 14:05:25,296 [INFO]     NSE:HINDALCO-EQ | CVD=-351582 vs Ref=493502 | Close=918.15 vs VAH=913.80
2026-02-02 14:05:27,421 [INFO]     NSE:INDIANB-EQ | CVD=660178 vs Ref=95330 | Close=822.40 vs VAH=835.55
2026-02-02 14:05:28,659 [INFO] 🔍 Scanning for alerts on 6 symbols (5min)...
2026-02-02 14:05:29,059 [INFO]     NSE:OIL-EQ | CVD=-107645 vs Ref=116885 | Close=478.80 vs VAH=480.90
2026-02-02 14:05:29,282 [INFO] 🔍 Scanning for alerts on 1 symbols (5min)...
2026-02-02 14:05:30,668 [INFO]     NSE:KAYNES-EQ | CVD=-29903 vs Ref=-99061 | Close=3390.80 vs VAL=3444.00
2026-02-02 14:05:31,049 [INFO]     NSE:JSWENERGY-EQ | CVD=-233527 vs Ref=3921 | Close=446.00 vs VAH=447.80
2026-02-02 14:05:31,461 [INFO]     NSE:HINDZINC-EQ | CVD=116029 vs Ref=1657045 | Close=591.85 vs VAH=590.25
2026-02-02 14:05:32,515 [INFO]     NSE:PIIND-EQ | CVD=28371 vs Ref=-17103 | Close=3069.80 vs VAL=3049.50
2026-02-02 14:05:33,021 [INFO]     NSE:NATIONALUM-EQ | CVD=1577791 vs Ref=1364212 | Close=363.45 vs VAH=367.15
2026-02-02 14:05:34,315 [INFO]     NSE:HINDUNILVR-EQ | CVD=122331 vs Ref=-17753 | Close=2346.90 vs VAL=2318.40
2026-02-02 14:05:34,754 [INFO]     NSE:PFC-EQ | CVD=-1102524 vs Ref=0 | Close=380.05 vs VAH=385.65
2026-02-02 14:05:36,034 [INFO]     NSE:CHOLAFIN-EQ | CVD=116934 vs Ref=-79867 | Close=1572.20 vs VAL=1526.80
2026-02-02 14:05:36,655 [INFO]     NSE:RECLTD-EQ | CVD=1014341 vs Ref=192310 | Close=356.90 vs VAH=366.00
2026-02-02 14:05:37,843 [INFO]     NSE:MAXHEALTH-EQ | CVD=230351 vs Ref=-26629 | Close=951.55 vs VAL=947.00
2026-02-02 14:05:38,468 [INFO]     NSE:TATAPOWER-EQ | CVD=-184183 vs Ref=22693 | Close=355.15 vs VAH=355.20
2026-02-02 14:05:39,433 [INFO]     NSE:IDFCFIRSTB-EQ | CVD=6505611 vs Ref=-243483 | Close=80.62 vs VAL=79.70
2026-02-02 14:05:39,959 [INFO]     NSE:LTF-EQ | CVD=-85602 vs Ref=98102 | Close=272.45 vs VAH=276.00
2026-02-02 14:05:41,485 [INFO]     NSE:HUDCO-EQ | CVD=-513249 vs Ref=1361 | Close=181.84 vs VAH=186.90
2026-02-02 14:05:42,855 [INFO]     NSE:GAIL-EQ | CVD=-1789542 vs Ref=1741 | Close=159.54 vs VAH=161.40
2026-02-02 14:05:44,393 [INFO]     NSE:SAMMAANCAP-EQ | CVD=483326 vs Ref=597206 | Close=144.46 vs VAH=144.90
2026-02-02 14:05:50,457 [INFO] 🔍 Scanning for alerts on 3 symbols (5min)...
2026-02-02 14:05:51,999 [INFO]     NSE:PIIND-EQ | CVD=28371 vs Ref=-17103 | Close=3069.80 vs VAL=3049.50
2026-02-02 14:05:53,493 [INFO]     NSE:CHOLAFIN-EQ | CVD=116934 vs Ref=-79867 | Close=1572.20 vs VAL=1526.80
2026-02-02 14:05:54,918 [INFO]     NSE:IDFCFIRSTB-EQ | CVD=6505611 vs Ref=-243483 | Close=80.62 vs VAL=79.70
2026-02-02 14:06:31,465 [INFO] 🔍 Scanning for alerts on 1 symbols (5min)...
2026-02-02 14:06:33,080 [INFO]     NSE:HINDZINC-EQ | CVD=112313 vs Ref=1657045 | Close=592.25 vs VAH=590.25
2026-02-02 14:06:39,438 [INFO] 🔍 Scanning for alerts on 6 symbols (5min)...
2026-02-02 14:06:40,868 [INFO]     NSE:KAYNES-EQ | CVD=-35945 vs Ref=-99061 | Close=3388.20 vs VAL=3444.00
2026-02-02 14:06:42,273 [INFO]     NSE:PIIND-EQ | CVD=27527 vs Ref=-17103 | Close=3072.80 vs VAL=3049.50
2026-02-02 14:06:43,676 [INFO]     NSE:HINDUNILVR-EQ | CVD=121230 vs Ref=-17753 | Close=2347.10 vs VAL=2318.40
2026-02-02 14:06:44,397 [INFO] 🔍 Scanning for alerts on 15 symbols (5min)...
2026-02-02 14:06:45,200 [INFO]     NSE:CHOLAFIN-EQ | CVD=194869 vs Ref=-79867 | Close=1576.20 vs VAL=1526.80
2026-02-02 14:06:46,035 [INFO]     NSE:POWERINDIA-EQ | CVD=-15012 vs Ref=1496 | Close=18800.00 vs VAH=18564.00
2026-02-02 14:06:46,881 [INFO]     NSE:MAXHEALTH-EQ | CVD=214154 vs Ref=-26629 | Close=950.60 vs VAL=947.00
2026-02-02 14:06:47,729 [INFO]     NSE:MCX-EQ | CVD=-529905 vs Ref=58658 | Close=2251.60 vs VAH=2234.40
2026-02-02 14:06:48,323 [INFO]     NSE:IDFCFIRSTB-EQ | CVD=6397686 vs Ref=-243483 | Close=80.55 vs VAL=79.70
2026-02-02 14:06:49,160 [INFO]     NSE:GODREJPROP-EQ | CVD=-39057 vs Ref=25814 | Close=1544.90 vs VAH=1540.80
2026-02-02 14:06:50,633 [INFO]     NSE:HINDALCO-EQ | CVD=-318664 vs Ref=493502 | Close=920.15 vs VAH=913.80
2026-02-02 14:06:52,121 [INFO]     NSE:INDIANB-EQ | CVD=667250 vs Ref=95330 | Close=823.35 vs VAH=835.55
2026-02-02 14:06:53,509 [INFO]     NSE:OIL-EQ | CVD=-108908 vs Ref=116885 | Close=478.15 vs VAH=480.90
2026-02-02 14:06:54,905 [INFO]     NSE:JSWENERGY-EQ | CVD=-246661 vs Ref=3921 | Close=444.90 vs VAH=447.80
2026-02-02 14:06:54,921 [INFO] 🔍 Scanning for alerts on 3 symbols (5min)...
2026-02-02 14:06:56,530 [INFO]     NSE:PIIND-EQ | CVD=27527 vs Ref=-17103 | Close=3072.80 vs VAL=3049.50
2026-02-02 14:06:56,552 [INFO]     NSE:NATIONALUM-EQ | CVD=1676575 vs Ref=1364212 | Close=363.95 vs VAH=367.15
2026-02-02 14:06:58,139 [INFO]     NSE:CHOLAFIN-EQ | CVD=194869 vs Ref=-79867 | Close=1576.20 vs VAL=1526.80
2026-02-02 14:06:58,185 [INFO]     NSE:PFC-EQ | CVD=-1111271 vs Ref=0 | Close=379.60 vs VAH=385.65
2026-02-02 14:06:59,688 [INFO]     NSE:IDFCFIRSTB-EQ | CVD=6397686 vs Ref=-243483 | Close=80.55 vs VAL=79.70
2026-02-02 14:06:59,732 [INFO]     NSE:RECLTD-EQ | CVD=1076985 vs Ref=192310 | Close=357.15 vs VAH=366.00
2026-02-02 14:07:01,614 [INFO]     NSE:TATAPOWER-EQ | CVD=-181449 vs Ref=22693 | Close=355.30 vs VAH=355.20
2026-02-02 14:07:03,461 [INFO]     NSE:LTF-EQ | CVD=-58904 vs Ref=98102 | Close=272.85 vs VAH=276.00
2026-02-02 14:07:05,140 [INFO]     NSE:HUDCO-EQ | CVD=-435413 vs Ref=1361 | Close=182.54 vs VAH=186.90
2026-02-02 14:07:06,873 [INFO]     NSE:GAIL-EQ | CVD=-1847901 vs Ref=1741 | Close=159.61 vs VAH=161.40
2026-02-02 14:07:08,322 [INFO]     NSE:SAMMAANCAP-EQ | CVD=414792 vs Ref=597206 | Close=144.17 vs VAH=144.90
2026-02-02 14:07:33,084 [INFO] 🔍 Scanning for alerts on 1 symbols (5min)...
2026-02-02 14:07:34,630 [INFO]     NSE:HINDZINC-EQ | CVD=112313 vs Ref=1657045 | Close=592.25 vs VAH=590.25
2026-02-02 14:07:48,327 [INFO] 🔍 Scanning for alerts on 6 symbols (5min)...
2026-02-02 14:07:49,762 [INFO]     NSE:KAYNES-EQ | CVD=-35945 vs Ref=-99061 | Close=3388.20 vs VAL=3444.00
2026-02-02 14:07:51,213 [INFO]     NSE:PIIND-EQ | CVD=27527 vs Ref=-17103 | Close=3072.80 vs VAL=3049.50
2026-02-02 14:07:52,688 [INFO]     NSE:HINDUNILVR-EQ | CVD=121230 vs Ref=-17753 | Close=2347.10 vs VAL=2318.40
2026-02-02 14:07:54,128 [INFO]     NSE:CHOLAFIN-EQ | CVD=194869 vs Ref=-79867 | Close=1576.20 vs VAL=1526.80
2026-02-02 14:07:55,558 [INFO]     NSE:MAXHEALTH-EQ | CVD=214154 vs Ref=-26629 | Close=950.60 vs VAL=947.00
2026-02-02 14:07:57,403 [INFO]     NSE:IDFCFIRSTB-EQ | CVD=6397686 vs Ref=-243483 | Close=80.55 vs VAL=79.70
2026-02-02 14:07:59,691 [INFO] 🔍 Scanning for alerts on 3 symbols (5min)...
2026-02-02 14:08:01,655 [INFO]     NSE:PIIND-EQ | CVD=27527 vs Ref=-17103 | Close=3072.80 vs VAL=3049.50
2026-02-02 14:08:03,767 [INFO]     NSE:CHOLAFIN-EQ | CVD=194869 vs Ref=-79867 | Close=1576.20 vs VAL=1526.80
2026-02-02 14:08:05,766 [INFO]     NSE:IDFCFIRSTB-EQ | CVD=6397686 vs Ref=-243483 | Close=80.55 vs VAL=79.70
2026-02-02 14:08:08,328 [INFO] 🔍 Scanning for alerts on 15 symbols (5min)...
2026-02-02 14:08:10,434 [INFO]     NSE:POWERINDIA-EQ | CVD=-15012 vs Ref=1496 | Close=18800.00 vs VAH=18564.00
2026-02-02 14:08:12,391 [INFO]     NSE:MCX-EQ | CVD=-529905 vs Ref=58658 | Close=2251.60 vs VAH=2234.40
2026-02-02 14:08:13,869 [INFO]     NSE:GODREJPROP-EQ | CVD=-39057 vs Ref=25814 | Close=1544.90 vs VAH=1540.80
2026-02-02 14:08:15,512 [INFO]     NSE:HINDALCO-EQ | CVD=-318664 vs Ref=493502 | Close=920.15 vs VAH=913.80
2026-02-02 14:08:17,166 [INFO]     NSE:INDIANB-EQ | CVD=667250 vs Ref=95330 | Close=823.35 vs VAH=835.55
2026-02-02 14:08:18,616 [INFO]     NSE:OIL-EQ | CVD=-108908 vs Ref=116885 | Close=478.15 vs VAH=480.90
2026-02-02 14:08:20,137 [INFO]     NSE:JSWENERGY-EQ | CVD=-246661 vs Ref=3921 | Close=444.90 vs VAH=447.80
2026-02-02 14:08:21,785 [INFO]     NSE:NATIONALUM-EQ | CVD=1676575 vs Ref=1364212 | Close=363.95 vs VAH=367.15
2026-02-02 14:08:23,919 [INFO]     NSE:PFC-EQ | CVD=-1111271 vs Ref=0 | Close=379.60 vs VAH=385.65
2026-02-02 14:08:26,214 [INFO]     NSE:RECLTD-EQ | CVD=1076985 vs Ref=192310 | Close=357.15 vs VAH=366.00
2026-02-02 14:08:28,594 [INFO]     NSE:TATAPOWER-EQ | CVD=-181449 vs Ref=22693 | Close=355.30 vs VAH=355.20
2026-02-02 14:08:30,359 [INFO]     NSE:LTF-EQ | CVD=-58904 vs Ref=98102 | Close=272.85 vs VAH=276.00
2026-02-02 14:08:32,196 [INFO]     NSE:HUDCO-EQ | CVD=-435413 vs Ref=1361 | Close=182.54 vs VAH=186.90
2026-02-02 14:08:33,755 [INFO]     NSE:GAIL-EQ | CVD=-1847901 vs Ref=1741 | Close=159.61 vs VAH=161.40
2026-02-02 14:08:34,634 [INFO] 🔍 Scanning for alerts on 1 symbols (5min)...
2026-02-02 14:08:35,456 [INFO]     NSE:SAMMAANCAP-EQ | CVD=414792 vs Ref=597206 | Close=144.17 vs VAH=144.90
2026-02-02 14:08:36,455 [INFO]     NSE:HINDZINC-EQ | CVD=112313 vs Ref=1657045 | Close=592.25 vs VAH=590.25
2026-02-02 14:08:57,409 [INFO] 🔍 Scanning for alerts on 6 symbols (5min)...
2026-02-02 14:08:59,041 [INFO]     NSE:KAYNES-EQ | CVD=-35945 vs Ref=-99061 | Close=3388.20 vs VAL=3444.00
2026-02-02 14:09:00,576 [INFO]     NSE:PIIND-EQ | CVD=27527 vs Ref=-17103 | Close=3072.80 vs VAL=3049.50
2026-02-02 14:09:02,762 [INFO]     NSE:HINDUNILVR-EQ | CVD=121230 vs Ref=-17753 | Close=2347.10 vs VAL=2318.40
2026-02-02 14:09:04,703 [INFO]     NSE:CHOLAFIN-EQ | CVD=194869 vs Ref=-79867 | Close=1576.20 vs VAL=1526.80
2026-02-02 14:09:05,769 [INFO] 🔍 Scanning for alerts on 3 symbols (5min)...
2026-02-02 14:09:06,514 [INFO]     NSE:MAXHEALTH-EQ | CVD=214154 vs Ref=-26629 | Close=950.60 vs VAL=947.00
2026-02-02 14:09:07,426 [INFO]     NSE:PIIND-EQ | CVD=27527 vs Ref=-17103 | Close=3072.80 vs VAL=3049.50
2026-02-02 14:09:08,230 [INFO]     NSE:IDFCFIRSTB-EQ | CVD=6397686 vs Ref=-243483 | Close=80.55 vs VAL=79.70
2026-02-02 14:09:09,039 [INFO]     NSE:CHOLAFIN-EQ | CVD=194869 vs Ref=-79867 | Close=1576.20 vs VAL=1526.80
2026-02-02 14:09:10,506 [INFO]     NSE:IDFCFIRSTB-EQ | CVD=6397686 vs Ref=-243483 | Close=80.55 vs VAL=79.70
2026-02-02 14:09:35,463 [INFO] 🔍 Scanning for alerts on 15 symbols (5min)...
2026-02-02 14:09:36,459 [INFO] 🔍 Scanning for alerts on 1 symbols (5min)...
2026-02-02 14:09:36,964 [INFO]     NSE:POWERINDIA-EQ | CVD=-15012 vs Ref=1496 | Close=18800.00 vs VAH=18564.00
2026-02-02 14:09:38,100 [INFO]     NSE:HINDZINC-EQ | CVD=112313 vs Ref=1657045 | Close=592.25 vs VAH=590.25
2026-02-02 14:09:38,489 [INFO]     NSE:MCX-EQ | CVD=-529905 vs Ref=58658 | Close=2251.60 vs VAH=2234.40
2026-02-02 14:09:39,895 [INFO]     NSE:GODREJPROP-EQ | CVD=-39057 vs Ref=25814 | Close=1544.90 vs VAH=1540.80
2026-02-02 14:09:41,337 [INFO]     NSE:HINDALCO-EQ | CVD=-318664 vs Ref=493502 | Close=920.15 vs VAH=913.80
2026-02-02 14:09:42,825 [INFO]     NSE:INDIANB-EQ | CVD=667250 vs Ref=95330 | Close=823.35 vs VAH=835.55
2026-02-02 14:09:44,287 [INFO]     NSE:OIL-EQ | CVD=-108908 vs Ref=116885 | Close=478.15 vs VAH=480.90
2026-02-02 14:09:45,701 [INFO]     NSE:JSWENERGY-EQ | CVD=-246661 vs Ref=3921 | Close=444.90 vs VAH=447.80
2026-02-02 14:09:47,211 [INFO]     NSE:NATIONALUM-EQ | CVD=1676575 vs Ref=1364212 | Close=363.95 vs VAH=367.15
2026-02-02 14:09:48,667 [INFO]     NSE:PFC-EQ | CVD=-1111271 vs Ref=0 | Close=379.60 vs VAH=385.65
2026-02-02 14:09:50,071 [INFO]     NSE:RECLTD-EQ | CVD=1076985 vs Ref=192310 | Close=357.15 vs VAH=366.00
2026-02-02 14:09:51,536 [INFO]     NSE:TATAPOWER-EQ | CVD=-181449 vs Ref=22693 | Close=355.30 vs VAH=355.20
2026-02-02 14:09:53,035 [INFO]     NSE:LTF-EQ | CVD=-58904 vs Ref=98102 | Close=272.85 vs VAH=276.00
2026-02-02 14:09:54,632 [INFO]     NSE:HUDCO-EQ | CVD=-435413 vs Ref=1361 | Close=182.54 vs VAH=186.90
2026-02-02 14:09:56,064 [INFO]     NSE:GAIL-EQ | CVD=-1847901 vs Ref=1741 | Close=159.61 vs VAH=161.40
2026-02-02 14:09:57,530 [INFO]     NSE:SAMMAANCAP-EQ | CVD=414792 vs Ref=597206 | Close=144.17 vs VAH=144.90
2026-02-02 14:10:08,234 [INFO] 🔍 Scanning for alerts on 6 symbols (5min)...
2026-02-02 14:10:09,760 [INFO]     NSE:KAYNES-EQ | CVD=-35945 vs Ref=-99061 | Close=3388.20 vs VAL=3444.00
2026-02-02 14:10:10,508 [INFO] 🔍 Scanning for alerts on 3 symbols (5min)...
2026-02-02 14:10:11,359 [INFO]     NSE:PIIND-EQ | CVD=27527 vs Ref=-17103 | Close=3072.80 vs VAL=3049.50
2026-02-02 14:10:12,230 [INFO]     NSE:PIIND-EQ | CVD=27527 vs Ref=-17103 | Close=3072.80 vs VAL=3049.50
2026-02-02 14:10:12,861 [INFO]     NSE:HINDUNILVR-EQ | CVD=121230 vs Ref=-17753 | Close=2347.10 vs VAL=2318.40
2026-02-02 14:10:13,799 [INFO]     NSE:CHOLAFIN-EQ | CVD=194869 vs Ref=-79867 | Close=1576.20 vs VAL=1526.80
2026-02-02 14:10:14,410 [INFO]     NSE:CHOLAFIN-EQ | CVD=194869 vs Ref=-79867 | Close=1576.20 vs VAL=1526.80
2026-02-02 14:10:15,234 [INFO]     NSE:IDFCFIRSTB-EQ | CVD=6397686 vs Ref=-243483 | Close=80.55 vs VAL=79.70
2026-02-02 14:10:15,839 [INFO]     NSE:MAXHEALTH-EQ | CVD=214154 vs Ref=-26629 | Close=950.60 vs VAL=947.00
2026-02-02 14:10:17,223 [INFO]     NSE:IDFCFIRSTB-EQ | CVD=6397686 vs Ref=-243483 | Close=80.55 vs VAL=79.70
2026-02-02 14:10:38,104 [INFO] 🔍 Scanning for alerts on 1 symbols (5min)...
2026-02-02 14:10:39,621 [INFO]     NSE:HINDZINC-EQ | CVD=112313 vs Ref=1657045 | Close=592.25 vs VAH=590.25
2026-02-02 14:10:57,536 [INFO] 🔍 Scanning for alerts on 15 symbols (5min)...
2026-02-02 14:10:59,309 [INFO]     NSE:POWERINDIA-EQ | CVD=-15012 vs Ref=1496 | Close=18800.00 vs VAH=18564.00
2026-02-02 14:11:01,349 [INFO]     NSE:MCX-EQ | CVD=-529905 vs Ref=58658 | Close=2251.60 vs VAH=2234.40
2026-02-02 14:11:03,203 [INFO]     NSE:GODREJPROP-EQ | CVD=-39057 vs Ref=25814 | Close=1544.90 vs VAH=1540.80
2026-02-02 14:11:04,961 [INFO]     NSE:HINDALCO-EQ | CVD=-312789 vs Ref=493502 | Close=919.80 vs VAH=913.80
2026-02-02 14:11:06,700 [INFO]     NSE:INDIANB-EQ | CVD=665085 vs Ref=95330 | Close=823.55 vs VAH=835.55
2026-02-02 14:11:08,176 [INFO]     NSE:OIL-EQ | CVD=-106799 vs Ref=116885 | Close=478.50 vs VAH=480.90
2026-02-02 14:11:09,622 [INFO]     NSE:JSWENERGY-EQ | CVD=-246861 vs Ref=3921 | Close=444.65 vs VAH=447.80
2026-02-02 14:11:11,203 [INFO]     NSE:NATIONALUM-EQ | CVD=1516945 vs Ref=1364212 | Close=362.75 vs VAH=367.15
2026-02-02 14:11:12,784 [INFO]     NSE:PFC-EQ | CVD=-1117606 vs Ref=0 | Close=378.80 vs VAH=385.65
2026-02-02 14:11:14,227 [INFO]     NSE:RECLTD-EQ | CVD=1082307 vs Ref=192310 | Close=356.70 vs VAH=366.00
2026-02-02 14:11:15,236 [INFO] 🔍 Scanning for alerts on 3 symbols (5min)...
2026-02-02 14:11:15,732 [INFO]     NSE:TATAPOWER-EQ | CVD=-179318 vs Ref=22693 | Close=354.70 vs VAH=355.20
2026-02-02 14:11:16,726 [INFO]     NSE:PIIND-EQ | CVD=26835 vs Ref=-17103 | Close=3070.30 vs VAL=3049.50
2026-02-02 14:11:17,227 [INFO] 🔍 Scanning for alerts on 6 symbols (5min)...
2026-02-02 14:11:17,388 [INFO]     NSE:LTF-EQ | CVD=-96464 vs Ref=98102 | Close=272.75 vs VAH=276.00
2026-02-02 14:11:18,385 [INFO]     NSE:CHOLAFIN-EQ | CVD=149862 vs Ref=-79867 | Close=1573.20 vs VAL=1526.80
2026-02-02 14:11:18,952 [INFO]     NSE:KAYNES-EQ | CVD=-27706 vs Ref=-99061 | Close=3391.20 vs VAL=3444.00
2026-02-02 14:11:19,293 [INFO]     NSE:HUDCO-EQ | CVD=-389377 vs Ref=1361 | Close=182.41 vs VAH=186.90
2026-02-02 14:11:20,237 [INFO]     NSE:IDFCFIRSTB-EQ | CVD=6359576 vs Ref=-243483 | Close=80.51 vs VAL=79.70
2026-02-02 14:11:20,712 [INFO]     NSE:PIIND-EQ | CVD=26835 vs Ref=-17103 | Close=3070.30 vs VAL=3049.50
2026-02-02 14:11:20,968 [INFO]     NSE:GAIL-EQ | CVD=-1878808 vs Ref=1741 | Close=159.39 vs VAH=161.40
2026-02-02 14:11:22,470 [INFO]     NSE:HINDUNILVR-EQ | CVD=123506 vs Ref=-17753 | Close=2346.90 vs VAL=2318.40
2026-02-02 14:11:22,871 [INFO]     NSE:SAMMAANCAP-EQ | CVD=430180 vs Ref=597206 | Close=144.22 vs VAH=144.90
2026-02-02 14:11:24,961 [INFO]     NSE:CHOLAFIN-EQ | CVD=149862 vs Ref=-79867 | Close=1573.20 vs VAL=1526.80
2026-02-02 14:11:27,379 [INFO]     NSE:MAXHEALTH-EQ | CVD=212106 vs Ref=-26629 | Close=950.15 vs VAL=947.00
2026-02-02 14:11:29,145 [INFO]     NSE:IDFCFIRSTB-EQ | CVD=6359576 vs Ref=-243483 | Close=80.51 vs VAL=79.70
2026-02-02 14:11:39,624 [INFO] 🔍 Scanning for alerts on 1 symbols (5min)...
2026-02-02 14:11:41,134 [INFO]     NSE:HINDZINC-EQ | CVD=161587 vs Ref=1657045 | Close=591.70 vs VAH=590.25
2026-02-02 14:12:20,240 [INFO] 🔍 Scanning for alerts on 3 symbols (5min)...
2026-02-02 14:12:21,644 [INFO]     NSE:PIIND-EQ | CVD=26835 vs Ref=-17103 | Close=3070.30 vs VAL=3049.50
2026-02-02 14:12:22,893 [INFO] 🔍 Scanning for alerts on 15 symbols (5min)...
2026-02-02 14:12:23,898 [INFO]     NSE:CHOLAFIN-EQ | CVD=149862 vs Ref=-79867 | Close=1573.20 vs VAL=1526.80
2026-02-02 14:12:25,427 [INFO]     NSE:POWERINDIA-EQ | CVD=-15297 vs Ref=1496 | Close=18786.00 vs VAH=18564.00
2026-02-02 14:12:26,111 [INFO]     NSE:IDFCFIRSTB-EQ | CVD=6359576 vs Ref=-243483 | Close=80.51 vs VAL=79.70
2026-02-02 14:12:27,433 [INFO]     NSE:MCX-EQ | CVD=-518328 vs Ref=58658 | Close=2249.30 vs VAH=2234.40
2026-02-02 14:12:29,149 [INFO] 🔍 Scanning for alerts on 6 symbols (5min)...
2026-02-02 14:12:29,165 [INFO]     NSE:GODREJPROP-EQ | CVD=-38969 vs Ref=25814 | Close=1542.20 vs VAH=1540.80
2026-02-02 14:12:31,144 [INFO]     NSE:HINDALCO-EQ | CVD=-312789 vs Ref=493502 | Close=919.80 vs VAH=913.80
2026-02-02 14:12:31,150 [INFO]     NSE:KAYNES-EQ | CVD=-27706 vs Ref=-99061 | Close=3391.20 vs VAL=3444.00
2026-02-02 14:12:32,898 [INFO]     NSE:PIIND-EQ | CVD=26835 vs Ref=-17103 | Close=3070.30 vs VAL=3049.50
2026-02-02 14:12:33,031 [INFO]     NSE:INDIANB-EQ | CVD=665085 vs Ref=95330 | Close=823.55 vs VAH=835.55
2026-02-02 14:12:34,523 [INFO]     NSE:HINDUNILVR-EQ | CVD=123506 vs Ref=-17753 | Close=2346.90 vs VAL=2318.40
2026-02-02 14:12:34,565 [INFO]     NSE:OIL-EQ | CVD=-106799 vs Ref=116885 | Close=478.50 vs VAH=480.90
2026-02-02 14:12:36,164 [INFO]     NSE:CHOLAFIN-EQ | CVD=149862 vs Ref=-79867 | Close=1573.20 vs VAL=1526.80
2026-02-02 14:12:36,192 [INFO]     NSE:JSWENERGY-EQ | CVD=-246861 vs Ref=3921 | Close=444.65 vs VAH=447.80
2026-02-02 14:12:37,647 [INFO]     NSE:MAXHEALTH-EQ | CVD=212106 vs Ref=-26629 | Close=950.15 vs VAL=947.00
2026-02-02 14:12:37,743 [INFO]     NSE:NATIONALUM-EQ | CVD=1516945 vs Ref=1364212 | Close=362.75 vs VAH=367.15
2026-02-02 14:12:39,071 [INFO]     NSE:IDFCFIRSTB-EQ | CVD=6359576 vs Ref=-243483 | Close=80.51 vs VAL=79.70
2026-02-02 14:12:39,187 [INFO]     NSE:PFC-EQ | CVD=-1117606 vs Ref=0 | Close=378.80 vs VAH=385.65
2026-02-02 14:12:40,644 [INFO]     NSE:RECLTD-EQ | CVD=1082307 vs Ref=192310 | Close=356.70 vs VAH=366.00
2026-02-02 14:12:41,137 [INFO] 🔍 Scanning for alerts on 1 symbols (5min)...
2026-02-02 14:12:42,115 [INFO]     NSE:TATAPOWER-EQ | CVD=-179318 vs Ref=22693 | Close=354.70 vs VAH=355.20
2026-02-02 14:12:42,858 [INFO]     NSE:HINDZINC-EQ | CVD=161587 vs Ref=1657045 | Close=591.70 vs VAH=590.25
2026-02-02 14:12:43,848 [INFO]     NSE:LTF-EQ | CVD=-96464 vs Ref=98102 | Close=272.75 vs VAH=276.00
2026-02-02 14:12:45,607 [INFO]     NSE:HUDCO-EQ | CVD=-389377 vs Ref=1361 | Close=182.41 vs VAH=186.90
2026-02-02 14:12:47,036 [INFO]     NSE:GAIL-EQ | CVD=-1878808 vs Ref=1741 | Close=159.39 vs VAH=161.40
2026-02-02 14:12:48,485 [INFO]     NSE:SAMMAANCAP-EQ | CVD=430180 vs Ref=597206 | Close=144.22 vs VAH=144.90
2026-02-02 14:13:26,114 [INFO] 🔍 Scanning for alerts on 3 symbols (5min)...
2026-02-02 14:13:27,615 [INFO]     NSE:PIIND-EQ | CVD=26835 vs Ref=-17103 | Close=3070.30 vs VAL=3049.50
2026-02-02 14:13:29,161 [INFO]     NSE:CHOLAFIN-EQ | CVD=149862 vs Ref=-79867 | Close=1573.20 vs VAL=1526.80
2026-02-02 14:13:30,888 [INFO]     NSE:IDFCFIRSTB-EQ | CVD=6359576 vs Ref=-243483 | Close=80.51 vs VAL=79.70
2026-02-02 14:13:39,075 [INFO] 🔍 Scanning for alerts on 6 symbols (5min)...
2026-02-02 14:13:40,533 [INFO]     NSE:KAYNES-EQ | CVD=-27706 vs Ref=-99061 | Close=3391.20 vs VAL=3444.00
2026-02-02 14:13:41,900 [INFO]     NSE:PIIND-EQ | CVD=26835 vs Ref=-17103 | Close=3070.30 vs VAL=3049.50
2026-02-02 14:13:42,864 [INFO] 🔍 Scanning for alerts on 1 symbols (5min)...
2026-02-02 14:13:43,315 [INFO]     NSE:HINDUNILVR-EQ | CVD=123506 vs Ref=-17753 | Close=2346.90 vs VAL=2318.40
2026-02-02 14:13:44,635 [INFO]     NSE:HINDZINC-EQ | CVD=161587 vs Ref=1657045 | Close=591.70 vs VAH=590.25
2026-02-02 14:13:45,016 [INFO]     NSE:CHOLAFIN-EQ | CVD=149862 vs Ref=-79867 | Close=1573.20 vs VAL=1526.80
2026-02-02 14:13:46,404 [INFO]     NSE:MAXHEALTH-EQ | CVD=212106 vs Ref=-26629 | Close=950.15 vs VAL=947.00
2026-02-02 14:13:47,850 [INFO]     NSE:IDFCFIRSTB-EQ | CVD=6359576 vs Ref=-243483 | Close=80.51 vs VAL=79.70
2026-02-02 14:13:48,490 [INFO] 🔍 Scanning for alerts on 15 symbols (5min)...
2026-02-02 14:13:49,993 [INFO]     NSE:POWERINDIA-EQ | CVD=-15297 vs Ref=1496 | Close=18786.00 vs VAH=18564.00
2026-02-02 14:13:51,655 [INFO]     NSE:MCX-EQ | CVD=-518328 vs Ref=58658 | Close=2249.30 vs VAH=2234.40
2026-02-02 14:13:53,236 [INFO]     NSE:GODREJPROP-EQ | CVD=-38969 vs Ref=25814 | Close=1542.20 vs VAH=1540.80
2026-02-02 14:13:54,817 [INFO]     NSE:HINDALCO-EQ | CVD=-312789 vs Ref=493502 | Close=919.80 vs VAH=913.80
2026-02-02 14:13:56,303 [INFO]     NSE:INDIANB-EQ | CVD=665085 vs Ref=95330 | Close=823.55 vs VAH=835.55
2026-02-02 14:13:57,833 [INFO]     NSE:OIL-EQ | CVD=-106799 vs Ref=116885 | Close=478.50 vs VAH=480.90
2026-02-02 14:13:59,364 [INFO]     NSE:JSWENERGY-EQ | CVD=-246861 vs Ref=3921 | Close=444.65 vs VAH=447.80
2026-02-02 14:14:01,116 [INFO]     NSE:NATIONALUM-EQ | CVD=1516945 vs Ref=1364212 | Close=362.75 vs VAH=367.15
2026-02-02 14:14:03,161 [INFO]     NSE:PFC-EQ | CVD=-1117606 vs Ref=0 | Close=378.80 vs VAH=385.65
2026-02-02 14:14:04,941 [INFO]     NSE:RECLTD-EQ | CVD=1082307 vs Ref=192310 | Close=356.70 vs VAH=366.00
2026-02-02 14:14:06,970 [INFO]     NSE:TATAPOWER-EQ | CVD=-179318 vs Ref=22693 | Close=354.70 vs VAH=355.20
2026-02-02 14:14:08,520 [INFO]     NSE:LTF-EQ | CVD=-96464 vs Ref=98102 | Close=272.75 vs VAH=276.00
2026-02-02 14:14:10,016 [INFO]     NSE:HUDCO-EQ | CVD=-389377 vs Ref=1361 | Close=182.41 vs VAH=186.90
2026-02-02 14:14:11,470 [INFO]     NSE:GAIL-EQ | CVD=-1878808 vs Ref=1741 | Close=159.39 vs VAH=161.40
2026-02-02 14:14:13,054 [INFO]     NSE:SAMMAANCAP-EQ | CVD=430180 vs Ref=597206 | Close=144.22 vs VAH=144.90
2026-02-02 14:14:30,891 [INFO] 🔍 Scanning for alerts on 3 symbols (5min)...
2026-02-02 14:14:32,413 [INFO]     NSE:PIIND-EQ | CVD=26835 vs Ref=-17103 | Close=3070.30 vs VAL=3049.50
2026-02-02 14:14:33,911 [INFO]     NSE:CHOLAFIN-EQ | CVD=149862 vs Ref=-79867 | Close=1573.20 vs VAL=1526.80
2026-02-02 14:14:35,472 [INFO]     NSE:IDFCFIRSTB-EQ | CVD=6359576 vs Ref=-243483 | Close=80.51 vs VAL=79.70
2026-02-02 14:14:44,639 [INFO] 🔍 Scanning for alerts on 1 symbols (5min)...
2026-02-02 14:14:46,134 [INFO]     NSE:HINDZINC-EQ | CVD=161587 vs Ref=1657045 | Close=591.70 vs VAH=590.25
2026-02-02 14:14:47,853 [INFO] 🔍 Scanning for alerts on 6 symbols (5min)...
2026-02-02 14:14:49,256 [INFO]     NSE:KAYNES-EQ | CVD=-27706 vs Ref=-99061 | Close=3391.20 vs VAL=3444.00
2026-02-02 14:14:50,597 [INFO]     NSE:PIIND-EQ | CVD=26835 vs Ref=-17103 | Close=3070.30 vs VAL=3049.50
2026-02-02 14:14:51,980 [INFO]     NSE:HINDUNILVR-EQ | CVD=123506 vs Ref=-17753 | Close=2346.90 vs VAL=2318.40
2026-02-02 14:14:53,435 [INFO]     NSE:CHOLAFIN-EQ | CVD=149862 vs Ref=-79867 | Close=1573.20 vs VAL=1526.80
2026-02-02 14:14:54,864 [INFO]     NSE:MAXHEALTH-EQ | CVD=212106 vs Ref=-26629 | Close=950.15 vs VAL=947.00
2026-02-02 14:14:56,244 [INFO]     NSE:IDFCFIRSTB-EQ | CVD=6359576 vs Ref=-243483 | Close=80.51 vs VAL=79.70
2026-02-02 14:15:13,059 [INFO] 🔍 Scanning for alerts on 15 symbols (5min)...
2026-02-02 14:15:14,472 [INFO]     NSE:POWERINDIA-EQ | CVD=-15297 vs Ref=1496 | Close=18786.00 vs VAH=18564.00
2026-02-02 14:15:15,868 [INFO]     NSE:MCX-EQ | CVD=-518328 vs Ref=58658 | Close=2249.30 vs VAH=2234.40
2026-02-02 14:15:17,269 [INFO]     NSE:GODREJPROP-EQ | CVD=-38969 vs Ref=25814 | Close=1542.20 vs VAH=1540.80
2026-02-02 14:15:18,712 [INFO]     NSE:HINDALCO-EQ | CVD=-312789 vs Ref=493502 | Close=919.80 vs VAH=913.80
2026-02-02 14:15:20,257 [INFO]     NSE:INDIANB-EQ | CVD=665085 vs Ref=95330 | Close=823.55 vs VAH=835.55
2026-02-02 14:15:21,662 [INFO]     NSE:OIL-EQ | CVD=-106799 vs Ref=116885 | Close=478.50 vs VAH=480.90
2026-02-02 14:15:23,537 [INFO]     NSE:JSWENERGY-EQ | CVD=-246861 vs Ref=3921 | Close=444.65 vs VAH=447.80
2026-02-02 14:15:26,073 [INFO]     NSE:NATIONALUM-EQ | CVD=1516945 vs Ref=1364212 | Close=362.75 vs VAH=367.15
2026-02-02 14:15:28,193 [INFO]     NSE:PFC-EQ | CVD=-1117606 vs Ref=0 | Close=378.80 vs VAH=385.65
2026-02-02 14:15:30,047 [INFO]     NSE:RECLTD-EQ | CVD=1082307 vs Ref=192310 | Close=356.70 vs VAH=366.00
2026-02-02 14:15:31,658 [INFO]     NSE:TATAPOWER-EQ | CVD=-179318 vs Ref=22693 | Close=354.70 vs VAH=355.20
2026-02-02 14:15:33,379 [INFO]     NSE:LTF-EQ | CVD=-96464 vs Ref=98102 | Close=272.75 vs VAH=276.00
2026-02-02 14:15:35,001 [INFO]     NSE:HUDCO-EQ | CVD=-389377 vs Ref=1361 | Close=182.41 vs VAH=186.90
2026-02-02 14:15:35,474 [INFO] 🔍 Scanning for alerts on 3 symbols (5min)...
2026-02-02 14:15:36,556 [INFO]     NSE:GAIL-EQ | CVD=-1878808 vs Ref=1741 | Close=159.39 vs VAH=161.40
2026-02-02 14:15:37,098 [INFO]     NSE:PIIND-EQ | CVD=26835 vs Ref=-17103 | Close=3070.30 vs VAL=3049.50
2026-02-02 14:15:38,101 [INFO]     NSE:SAMMAANCAP-EQ | CVD=430180 vs Ref=597206 | Close=144.22 vs VAH=144.90
2026-02-02 14:15:38,602 [INFO]     NSE:CHOLAFIN-EQ | CVD=149862 vs Ref=-79867 | Close=1573.20 vs VAL=1526.80
2026-02-02 14:15:40,061 [INFO]     NSE:IDFCFIRSTB-EQ | CVD=6359576 vs Ref=-243483 | Close=80.51 vs VAL=79.70
2026-02-02 14:15:46,138 [INFO] 🔍 Scanning for alerts on 1 symbols (5min)...
2026-02-02 14:15:47,667 [INFO]     NSE:HINDZINC-EQ | CVD=161587 vs Ref=1657045 | Close=591.70 vs VAH=590.25
2026-02-02 14:15:56,247 [INFO] 🔍 Scanning for alerts on 6 symbols (5min)...
2026-02-02 14:15:57,848 [INFO]     NSE:KAYNES-EQ | CVD=-27706 vs Ref=-99061 | Close=3391.20 vs VAL=3444.00
2026-02-02 14:15:59,357 [INFO]     NSE:PIIND-EQ | CVD=26835 vs Ref=-17103 | Close=3070.30 vs VAL=3049.50
2026-02-02 14:16:00,972 [INFO]     NSE:HINDUNILVR-EQ | CVD=123506 vs Ref=-17753 | Close=2346.90 vs VAL=2318.40
2026-02-02 14:16:02,842 [INFO]     NSE:CHOLAFIN-EQ | CVD=149862 vs Ref=-79867 | Close=1573.20 vs VAL=1526.80
2026-02-02 14:16:04,304 [INFO]     NSE:MAXHEALTH-EQ | CVD=220820 vs Ref=-26629 | Close=951.55 vs VAL=947.00
2026-02-02 14:16:05,886 [INFO]     NSE:IDFCFIRSTB-EQ | CVD=6479667 vs Ref=-243483 | Close=80.64 vs VAL=79.70
2026-02-02 14:16:38,104 [INFO] 🔍 Scanning for alerts on 15 symbols (5min)...
2026-02-02 14:16:39,607 [INFO]     NSE:POWERINDIA-EQ | CVD=-15098 vs Ref=1496 | Close=18800.00 vs VAH=18564.00
2026-02-02 14:16:40,064 [INFO] 🔍 Scanning for alerts on 3 symbols (5min)...
2026-02-02 14:16:41,111 [INFO]     NSE:MCX-EQ | CVD=-492662 vs Ref=58658 | Close=2253.50 vs VAH=2234.40
2026-02-02 14:16:41,504 [INFO]     NSE:PIIND-EQ | CVD=27221 vs Ref=-17103 | Close=3071.60 vs VAL=3049.50
2026-02-02 14:16:42,582 [INFO]     NSE:GODREJPROP-EQ | CVD=-38190 vs Ref=25814 | Close=1542.90 vs VAH=1540.80
2026-02-02 14:16:43,046 [INFO]     NSE:CHOLAFIN-EQ | CVD=155541 vs Ref=-79867 | Close=1575.90 vs VAL=1526.80
2026-02-02 14:16:44,121 [INFO]     NSE:HINDALCO-EQ | CVD=-270761 vs Ref=493502 | Close=920.00 vs VAH=913.80
2026-02-02 14:16:44,590 [INFO]     NSE:IDFCFIRSTB-EQ | CVD=6479667 vs Ref=-243483 | Close=80.64 vs VAL=79.70
2026-02-02 14:16:45,691 [INFO]     NSE:INDIANB-EQ | CVD=688333 vs Ref=95330 | Close=825.00 vs VAH=835.55
2026-02-02 14:16:47,123 [INFO]     NSE:OIL-EQ | CVD=-108528 vs Ref=116885 | Close=478.50 vs VAH=480.90
2026-02-02 14:16:47,673 [INFO] 🔍 Scanning for alerts on 1 symbols (5min)...
2026-02-02 14:16:48,584 [INFO]     NSE:JSWENERGY-EQ | CVD=-245797 vs Ref=3921 | Close=444.95 vs VAH=447.80
2026-02-02 14:16:49,293 [INFO]     NSE:HINDZINC-EQ | CVD=289604 vs Ref=1657045 | Close=592.20 vs VAH=590.25
2026-02-02 14:16:50,112 [INFO]     NSE:NATIONALUM-EQ | CVD=1431298 vs Ref=1364212 | Close=363.15 vs VAH=367.15
2026-02-02 14:16:51,565 [INFO]     NSE:PFC-EQ | CVD=-1117517 vs Ref=0 | Close=379.60 vs VAH=385.65
2026-02-02 14:16:53,034 [INFO]     NSE:RECLTD-EQ | CVD=1070434 vs Ref=192310 | Close=357.15 vs VAH=366.00
2026-02-02 14:16:54,492 [INFO]     NSE:TATAPOWER-EQ | CVD=-175885 vs Ref=22693 | Close=354.55 vs VAH=355.20
2026-02-02 14:16:56,007 [INFO]     NSE:LTF-EQ | CVD=-88203 vs Ref=98102 | Close=273.05 vs VAH=276.00
2026-02-02 14:16:57,600 [INFO]     NSE:HUDCO-EQ | CVD=-300548 vs Ref=1361 | Close=183.13 vs VAH=186.90
2026-02-02 14:16:59,308 [INFO]     NSE:GAIL-EQ | CVD=-1874352 vs Ref=1741 | Close=159.45 vs VAH=161.40
2026-02-02 14:17:01,036 [INFO]     NSE:SAMMAANCAP-EQ | CVD=451310 vs Ref=597206 | Close=144.31 vs VAH=144.90
2026-02-02 14:17:05,889 [INFO] 🔍 Scanning for alerts on 6 symbols (5min)...
2026-02-02 14:17:07,644 [INFO]     NSE:KAYNES-EQ | CVD=-11776 vs Ref=-99061 | Close=3399.80 vs VAL=3444.00
2026-02-02 14:17:09,020 [INFO]     NSE:PIIND-EQ | CVD=27221 vs Ref=-17103 | Close=3071.60 vs VAL=3049.50
2026-02-02 14:17:10,421 [INFO]     NSE:HINDUNILVR-EQ | CVD=129289 vs Ref=-17753 | Close=2349.70 vs VAL=2318.40
2026-02-02 14:17:11,874 [INFO]     NSE:CHOLAFIN-EQ | CVD=155541 vs Ref=-79867 | Close=1575.90 vs VAL=1526.80
2026-02-02 14:17:13,268 [INFO]     NSE:MAXHEALTH-EQ | CVD=220820 vs Ref=-26629 | Close=951.55 vs VAL=947.00
2026-02-02 14:17:14,672 [INFO]     NSE:IDFCFIRSTB-EQ | CVD=6479667 vs Ref=-243483 | Close=80.64 vs VAL=79.70
2026-02-02 14:17:44,593 [INFO] 🔍 Scanning for alerts on 3 symbols (5min)...
2026-02-02 14:17:45,987 [INFO]     NSE:PIIND-EQ | CVD=27221 vs Ref=-17103 | Close=3071.60 vs VAL=3049.50
2026-02-02 14:17:47,412 [INFO]     NSE:CHOLAFIN-EQ | CVD=155541 vs Ref=-79867 | Close=1575.90 vs VAL=1526.80
2026-02-02 14:17:48,901 [INFO]     NSE:IDFCFIRSTB-EQ | CVD=6479667 vs Ref=-243483 | Close=80.64 vs VAL=79.70
2026-02-02 14:17:49,297 [INFO] 🔍 Scanning for alerts on 1 symbols (5min)...
2026-02-02 14:17:50,863 [INFO]     NSE:HINDZINC-EQ | CVD=289604 vs Ref=1657045 | Close=592.20 vs VAH=590.25
2026-02-02 14:18:01,041 [INFO] 🔍 Scanning for alerts on 15 symbols (5min)...
2026-02-02 14:18:03,010 [INFO]     NSE:POWERINDIA-EQ | CVD=-15098 vs Ref=1496 | Close=18800.00 vs VAH=18564.00
2026-02-02 14:18:04,643 [INFO]     NSE:MCX-EQ | CVD=-492662 vs Ref=58658 | Close=2253.50 vs VAH=2234.40
2026-02-02 14:18:06,378 [INFO]     NSE:GODREJPROP-EQ | CVD=-38190 vs Ref=25814 | Close=1542.90 vs VAH=1540.80
2026-02-02 14:18:08,411 [INFO]     NSE:HINDALCO-EQ | CVD=-270761 vs Ref=493502 | Close=920.00 vs VAH=913.80
2026-02-02 14:18:10,001 [INFO]     NSE:INDIANB-EQ | CVD=688333 vs Ref=95330 | Close=825.00 vs VAH=835.55
2026-02-02 14:18:11,408 [INFO]     NSE:OIL-EQ | CVD=-108528 vs Ref=116885 | Close=478.50 vs VAH=480.90
2026-02-02 14:18:12,982 [INFO]     NSE:JSWENERGY-EQ | CVD=-245797 vs Ref=3921 | Close=444.95 vs VAH=447.80
2026-02-02 14:18:14,598 [INFO]     NSE:NATIONALUM-EQ | CVD=1431298 vs Ref=1364212 | Close=363.15 vs VAH=367.15
2026-02-02 14:18:14,679 [INFO] 🔍 Scanning for alerts on 6 symbols (5min)...
2026-02-02 14:18:16,266 [INFO]     NSE:PFC-EQ | CVD=-1117517 vs Ref=0 | Close=379.60 vs VAH=385.65
2026-02-02 14:18:16,387 [INFO]     NSE:KAYNES-EQ | CVD=-11776 vs Ref=-99061 | Close=3399.80 vs VAL=3444.00
2026-02-02 14:18:17,828 [INFO]     NSE:RECLTD-EQ | CVD=1070434 vs Ref=192310 | Close=357.15 vs VAH=366.00
2026-02-02 14:18:17,998 [INFO]     NSE:PIIND-EQ | CVD=27221 vs Ref=-17103 | Close=3071.60 vs VAL=3049.50
2026-02-02 14:18:19,659 [INFO]     NSE:TATAPOWER-EQ | CVD=-175885 vs Ref=22693 | Close=354.55 vs VAH=355.20
2026-02-02 14:18:19,673 [INFO]     NSE:HINDUNILVR-EQ | CVD=129289 vs Ref=-17753 | Close=2349.70 vs VAL=2318.40
2026-02-02 14:18:21,485 [INFO]     NSE:LTF-EQ | CVD=-88203 vs Ref=98102 | Close=273.05 vs VAH=276.00
2026-02-02 14:18:21,497 [INFO]     NSE:CHOLAFIN-EQ | CVD=155541 vs Ref=-79867 | Close=1575.90 vs VAL=1526.80
2026-02-02 14:18:23,464 [INFO]     NSE:MAXHEALTH-EQ | CVD=220820 vs Ref=-26629 | Close=951.55 vs VAL=947.00
2026-02-02 14:18:23,667 [INFO]     NSE:HUDCO-EQ | CVD=-300548 vs Ref=1361 | Close=183.13 vs VAH=186.90
2026-02-02 14:18:25,776 [INFO]     NSE:IDFCFIRSTB-EQ | CVD=6479667 vs Ref=-243483 | Close=80.64 vs VAL=79.70
2026-02-02 14:18:25,984 [INFO]     NSE:GAIL-EQ | CVD=-1874352 vs Ref=1741 | Close=159.45 vs VAH=161.40
2026-02-02 14:18:28,234 [INFO]     NSE:SAMMAANCAP-EQ | CVD=451310 vs Ref=597206 | Close=144.31 vs VAH=144.90
2026-02-02 14:18:48,904 [INFO] 🔍 Scanning for alerts on 3 symbols (5min)...
2026-02-02 14:18:50,385 [INFO]     NSE:PIIND-EQ | CVD=27221 vs Ref=-17103 | Close=3071.60 vs VAL=3049.50
2026-02-02 14:18:50,868 [INFO] 🔍 Scanning for alerts on 1 symbols (5min)...
2026-02-02 14:18:51,830 [INFO]     NSE:CHOLAFIN-EQ | CVD=155541 vs Ref=-79867 | Close=1575.90 vs VAL=1526.80
2026-02-02 14:18:52,446 [INFO]     NSE:HINDZINC-EQ | CVD=289604 vs Ref=1657045 | Close=592.20 vs VAH=590.25
2026-02-02 14:18:53,432 [INFO]     NSE:IDFCFIRSTB-EQ | CVD=6479667 vs Ref=-243483 | Close=80.64 vs VAL=79.70
2026-02-02 14:19:25,783 [INFO] 🔍 Scanning for alerts on 6 symbols (5min)...
2026-02-02 14:19:27,821 [INFO]     NSE:KAYNES-EQ | CVD=-11776 vs Ref=-99061 | Close=3399.80 vs VAL=3444.00
2026-02-02 14:19:28,239 [INFO] 🔍 Scanning for alerts on 15 symbols (5min)...
2026-02-02 14:19:29,719 [INFO]     NSE:PIIND-EQ | CVD=27221 vs Ref=-17103 | Close=3071.60 vs VAL=3049.50
2026-02-02 14:19:30,309 [INFO]     NSE:POWERINDIA-EQ | CVD=-15098 vs Ref=1496 | Close=18800.00 vs VAH=18564.00
2026-02-02 14:19:31,608 [INFO]     NSE:HINDUNILVR-EQ | CVD=129289 vs Ref=-17753 | Close=2349.70 vs VAL=2318.40
2026-02-02 14:19:32,261 [INFO]     NSE:MCX-EQ | CVD=-492662 vs Ref=58658 | Close=2253.50 vs VAH=2234.40
2026-02-02 14:19:33,465 [INFO]     NSE:CHOLAFIN-EQ | CVD=155541 vs Ref=-79867 | Close=1575.90 vs VAL=1526.80
2026-02-02 14:19:34,001 [INFO]     NSE:GODREJPROP-EQ | CVD=-38190 vs Ref=25814 | Close=1542.90 vs VAH=1540.80
2026-02-02 14:19:35,213 [INFO]     NSE:MAXHEALTH-EQ | CVD=220820 vs Ref=-26629 | Close=951.55 vs VAL=947.00
2026-02-02 14:19:35,587 [INFO]     NSE:HINDALCO-EQ | CVD=-270761 vs Ref=493502 | Close=920.00 vs VAH=913.80
2026-02-02 14:19:36,930 [INFO]     NSE:IDFCFIRSTB-EQ | CVD=6479667 vs Ref=-243483 | Close=80.64 vs VAL=79.70
2026-02-02 14:19:37,361 [INFO]     NSE:INDIANB-EQ | CVD=688333 vs Ref=95330 | Close=825.00 vs VAH=835.55
2026-02-02 14:19:38,736 [INFO]     NSE:OIL-EQ | CVD=-108528 vs Ref=116885 | Close=478.50 vs VAH=480.90
2026-02-02 14:19:40,223 [INFO]     NSE:JSWENERGY-EQ | CVD=-245797 vs Ref=3921 | Close=444.95 vs VAH=447.80
2026-02-02 14:19:41,761 [INFO]     NSE:NATIONALUM-EQ | CVD=1431298 vs Ref=1364212 | Close=363.15 vs VAH=367.15
2026-02-02 14:19:43,279 [INFO]     NSE:PFC-EQ | CVD=-1117517 vs Ref=0 | Close=379.60 vs VAH=385.65
2026-02-02 14:19:44,953 [INFO]     NSE:RECLTD-EQ | CVD=1070434 vs Ref=192310 | Close=357.15 vs VAH=366.00
2026-02-02 14:19:46,443 [INFO]     NSE:TATAPOWER-EQ | CVD=-175885 vs Ref=22693 | Close=354.55 vs VAH=355.20
2026-02-02 14:19:47,970 [INFO]     NSE:LTF-EQ | CVD=-88203 vs Ref=98102 | Close=273.05 vs VAH=276.00
2026-02-02 14:19:49,538 [INFO]     NSE:HUDCO-EQ | CVD=-300548 vs Ref=1361 | Close=183.13 vs VAH=186.90
2026-02-02 14:19:51,026 [INFO]     NSE:GAIL-EQ | CVD=-1874352 vs Ref=1741 | Close=159.45 vs VAH=161.40
2026-02-02 14:19:52,449 [INFO] 🔍 Scanning for alerts on 1 symbols (5min)...
2026-02-02 14:19:52,546 [INFO]     NSE:SAMMAANCAP-EQ | CVD=451310 vs Ref=597206 | Close=144.31 vs VAH=144.90
2026-02-02 14:19:53,435 [INFO] 🔍 Scanning for alerts on 3 symbols (5min)...
2026-02-02 14:19:54,151 [INFO]     NSE:HINDZINC-EQ | CVD=289604 vs Ref=1657045 | Close=592.20 vs VAH=590.25
2026-02-02 14:19:55,075 [INFO]     NSE:PIIND-EQ | CVD=27221 vs Ref=-17103 | Close=3071.60 vs VAL=3049.50
2026-02-02 14:19:56,564 [INFO]     NSE:CHOLAFIN-EQ | CVD=155541 vs Ref=-79867 | Close=1575.90 vs VAL=1526.80
2026-02-02 14:19:58,278 [INFO]     NSE:IDFCFIRSTB-EQ | CVD=6479667 vs Ref=-243483 | Close=80.64 vs VAL=79.70
2026-02-02 14:20:36,937 [INFO] 🔍 Scanning for alerts on 6 symbols (5min)...
2026-02-02 14:20:38,399 [INFO]     NSE:KAYNES-EQ | CVD=-11776 vs Ref=-99061 | Close=3399.80 vs VAL=3444.00
2026-02-02 14:20:39,782 [INFO]     NSE:PIIND-EQ | CVD=27221 vs Ref=-17103 | Close=3071.60 vs VAL=3049.50
2026-02-02 14:20:41,145 [INFO]     NSE:HINDUNILVR-EQ | CVD=129289 vs Ref=-17753 | Close=2349.70 vs VAL=2318.40
2026-02-02 14:20:42,594 [INFO]     NSE:CHOLAFIN-EQ | CVD=155541 vs Ref=-79867 | Close=1575.90 vs VAL=1526.80
2026-02-02 14:20:43,973 [INFO]     NSE:MAXHEALTH-EQ | CVD=220820 vs Ref=-26629 | Close=951.55 vs VAL=947.00
2026-02-02 14:20:45,370 [INFO]     NSE:IDFCFIRSTB-EQ | CVD=6479667 vs Ref=-243483 | Close=80.64 vs VAL=79.70
2026-02-02 14:20:52,550 [INFO] 🔍 Scanning for alerts on 15 symbols (5min)...
2026-02-02 14:20:54,040 [INFO]     NSE:POWERINDIA-EQ | CVD=-15098 vs Ref=1496 | Close=18800.00 vs VAH=18564.00
2026-02-02 14:20:54,156 [INFO] 🔍 Scanning for alerts on 1 symbols (5min)...
2026-02-02 14:20:55,760 [INFO]     NSE:MCX-EQ | CVD=-492662 vs Ref=58658 | Close=2253.50 vs VAH=2234.40
2026-02-02 14:20:56,050 [INFO]     NSE:HINDZINC-EQ | CVD=289604 vs Ref=1657045 | Close=592.20 vs VAH=590.25
2026-02-02 14:20:57,274 [INFO]     NSE:GODREJPROP-EQ | CVD=-38190 vs Ref=25814 | Close=1542.90 vs VAH=1540.80
2026-02-02 14:20:58,282 [INFO] 🔍 Scanning for alerts on 3 symbols (5min)...
2026-02-02 14:20:58,903 [INFO]     NSE:HINDALCO-EQ | CVD=-270761 vs Ref=493502 | Close=920.00 vs VAH=913.80
2026-02-02 14:20:59,861 [INFO]     NSE:PIIND-EQ | CVD=27221 vs Ref=-17103 | Close=3071.60 vs VAL=3049.50
2026-02-02 14:21:00,718 [INFO]     NSE:INDIANB-EQ | CVD=688333 vs Ref=95330 | Close=825.00 vs VAH=835.55
2026-02-02 14:21:01,964 [INFO]     NSE:CHOLAFIN-EQ | CVD=155541 vs Ref=-79867 | Close=1575.90 vs VAL=1526.80
2026-02-02 14:21:02,951 [INFO]     NSE:OIL-EQ | CVD=-123344 vs Ref=116885 | Close=478.00 vs VAH=480.90
2026-02-02 14:21:04,327 [INFO]     NSE:IDFCFIRSTB-EQ | CVD=6479667 vs Ref=-243483 | Close=80.64 vs VAL=79.70
2026-02-02 14:21:05,028 [INFO]     NSE:JSWENERGY-EQ | CVD=-237803 vs Ref=3921 | Close=444.40 vs VAH=447.80
2026-02-02 14:21:06,690 [INFO]     NSE:NATIONALUM-EQ | CVD=1478817 vs Ref=1364212 | Close=363.70 vs VAH=367.15
2026-02-02 14:21:08,090 [INFO]     NSE:PFC-EQ | CVD=-1046058 vs Ref=0 | Close=380.25 vs VAH=385.65
2026-02-02 14:21:09,549 [INFO]     NSE:RECLTD-EQ | CVD=1102368 vs Ref=192310 | Close=357.00 vs VAH=366.00
2026-02-02 14:21:11,101 [INFO]     NSE:TATAPOWER-EQ | CVD=-172168 vs Ref=22693 | Close=354.45 vs VAH=355.20
2026-02-02 14:21:12,607 [INFO]     NSE:LTF-EQ | CVD=-169956 vs Ref=98102 | Close=272.15 vs VAH=276.00
2026-02-02 14:21:14,241 [INFO]     NSE:HUDCO-EQ | CVD=-259500 vs Ref=1361 | Close=183.19 vs VAH=186.90
2026-02-02 14:21:15,795 [INFO]     NSE:GAIL-EQ | CVD=-1941677 vs Ref=1741 | Close=159.22 vs VAH=161.40
2026-02-02 14:21:17,257 [INFO]     NSE:SAMMAANCAP-EQ | CVD=503187 vs Ref=597206 | Close=144.41 vs VAH=144.90
2026-02-02 14:21:45,375 [INFO] 🔍 Scanning for alerts on 6 symbols (5min)...
2026-02-02 14:21:46,780 [INFO]     NSE:KAYNES-EQ | CVD=-28539 vs Ref=-99061 | Close=3397.00 vs VAL=3444.00
2026-02-02 14:21:48,197 [INFO]     NSE:PIIND-EQ | CVD=27286 vs Ref=-17103 | Close=3071.30 vs VAL=3049.50
2026-02-02 14:21:49,662 [INFO]     NSE:HINDUNILVR-EQ | CVD=127464 vs Ref=-17753 | Close=2347.30 vs VAL=2318.40
2026-02-02 14:21:51,333 [INFO]     NSE:CHOLAFIN-EQ | CVD=149307 vs Ref=-79867 | Close=1575.80 vs VAL=1526.80
2026-02-02 14:21:52,749 [INFO]     NSE:MAXHEALTH-EQ | CVD=218274 vs Ref=-26629 | Close=951.10 vs VAL=947.00
2026-02-02 14:21:54,174 [INFO]     NSE:IDFCFIRSTB-EQ | CVD=6476101 vs Ref=-243483 | Close=80.51 vs VAL=79.70
2026-02-02 14:21:56,055 [INFO] 🔍 Scanning for alerts on 1 symbols (5min)...
2026-02-02 14:21:58,330 [INFO]     NSE:HINDZINC-EQ | CVD=446873 vs Ref=1657045 | Close=593.80 vs VAH=590.25
2026-02-02 14:22:04,330 [INFO] 🔍 Scanning for alerts on 3 symbols (5min)...
2026-02-02 14:22:06,479 [INFO]     NSE:PIIND-EQ | CVD=27286 vs Ref=-17103 | Close=3071.30 vs VAL=3049.50
2026-02-02 14:22:08,132 [INFO]     NSE:CHOLAFIN-EQ | CVD=149307 vs Ref=-79867 | Close=1575.80 vs VAL=1526.80
2026-02-02 14:22:09,513 [INFO]     NSE:IDFCFIRSTB-EQ | CVD=6476101 vs Ref=-243483 | Close=80.51 vs VAL=79.70
2026-02-02 14:22:17,262 [INFO] 🔍 Scanning for alerts on 15 symbols (5min)...
2026-02-02 14:22:18,835 [INFO]     NSE:POWERINDIA-EQ | CVD=-15314 vs Ref=1496 | Close=18785.00 vs VAH=18564.00
2026-02-02 14:22:20,428 [INFO]     NSE:MCX-EQ | CVD=-473873 vs Ref=58658 | Close=2250.40 vs VAH=2234.40
2026-02-02 14:22:21,896 [INFO]     NSE:GODREJPROP-EQ | CVD=-46608 vs Ref=25814 | Close=1539.10 vs VAH=1540.80
2026-02-02 14:22:24,180 [INFO]     NSE:HINDALCO-EQ | CVD=-266598 vs Ref=493502 | Close=917.95 vs VAH=913.80
2026-02-02 14:22:26,451 [INFO]     NSE:INDIANB-EQ | CVD=743871 vs Ref=95330 | Close=823.00 vs VAH=835.55
2026-02-02 14:22:28,045 [INFO]     NSE:OIL-EQ | CVD=-123344 vs Ref=116885 | Close=478.00 vs VAH=480.90
2026-02-02 14:22:29,695 [INFO]     NSE:JSWENERGY-EQ | CVD=-237803 vs Ref=3921 | Close=444.40 vs VAH=447.80
2026-02-02 14:22:31,445 [INFO]     NSE:NATIONALUM-EQ | CVD=1478817 vs Ref=1364212 | Close=363.70 vs VAH=367.15
2026-02-02 14:22:33,005 [INFO]     NSE:PFC-EQ | CVD=-1046058 vs Ref=0 | Close=380.25 vs VAH=385.65
2026-02-02 14:22:34,600 [INFO]     NSE:RECLTD-EQ | CVD=1102368 vs Ref=192310 | Close=357.00 vs VAH=366.00
2026-02-02 14:22:36,306 [INFO]     NSE:TATAPOWER-EQ | CVD=-172168 vs Ref=22693 | Close=354.45 vs VAH=355.20
2026-02-02 14:22:37,927 [INFO]     NSE:LTF-EQ | CVD=-169956 vs Ref=98102 | Close=272.15 vs VAH=276.00
2026-02-02 14:22:39,546 [INFO]     NSE:HUDCO-EQ | CVD=-259500 vs Ref=1361 | Close=183.19 vs VAH=186.90
2026-02-02 14:22:40,926 [INFO]     NSE:GAIL-EQ | CVD=-1941677 vs Ref=1741 | Close=159.22 vs VAH=161.40
2026-02-02 14:22:42,430 [INFO]     NSE:SAMMAANCAP-EQ | CVD=503187 vs Ref=597206 | Close=144.41 vs VAH=144.90
2026-02-02 14:22:54,180 [INFO] 🔍 Scanning for alerts on 6 symbols (5min)...
2026-02-02 14:22:55,727 [INFO]     NSE:KAYNES-EQ | CVD=-28539 vs Ref=-99061 | Close=3397.00 vs VAL=3444.00
2026-02-02 14:22:57,102 [INFO]     NSE:PIIND-EQ | CVD=27286 vs Ref=-17103 | Close=3071.30 vs VAL=3049.50
2026-02-02 14:22:58,335 [INFO] 🔍 Scanning for alerts on 1 symbols (5min)...
2026-02-02 14:22:58,559 [INFO]     NSE:HINDUNILVR-EQ | CVD=127464 vs Ref=-17753 | Close=2347.30 vs VAL=2318.40
2026-02-02 14:22:59,979 [INFO]     NSE:HINDZINC-EQ | CVD=446873 vs Ref=1657045 | Close=593.80 vs VAH=590.25
2026-02-02 14:23:00,135 [INFO]     NSE:CHOLAFIN-EQ | CVD=149307 vs Ref=-79867 | Close=1575.80 vs VAL=1526.80
2026-02-02 14:23:01,879 [INFO]     NSE:MAXHEALTH-EQ | CVD=218274 vs Ref=-26629 | Close=951.10 vs VAL=947.00
2026-02-02 14:23:03,616 [INFO]     NSE:IDFCFIRSTB-EQ | CVD=6476101 vs Ref=-243483 | Close=80.51 vs VAL=79.70
2026-02-02 14:23:09,515 [INFO] 🔍 Scanning for alerts on 3 symbols (5min)...
2026-02-02 14:23:11,008 [INFO]     NSE:PIIND-EQ | CVD=27286 vs Ref=-17103 | Close=3071.30 vs VAL=3049.50
2026-02-02 14:23:12,631 [INFO]     NSE:CHOLAFIN-EQ | CVD=149307 vs Ref=-79867 | Close=1575.80 vs VAL=1526.80
2026-02-02 14:23:14,195 [INFO]     NSE:IDFCFIRSTB-EQ | CVD=6476101 vs Ref=-243483 | Close=80.51 vs VAL=79.70
2026-02-02 14:23:42,435 [INFO] 🔍 Scanning for alerts on 15 symbols (5min)...
2026-02-02 14:23:44,156 [INFO]     NSE:POWERINDIA-EQ | CVD=-15314 vs Ref=1496 | Close=18785.00 vs VAH=18564.00
2026-02-02 14:23:45,885 [INFO]     NSE:MCX-EQ | CVD=-473873 vs Ref=58658 | Close=2250.40 vs VAH=2234.40
2026-02-02 14:23:47,459 [INFO]     NSE:GODREJPROP-EQ | CVD=-46608 vs Ref=25814 | Close=1539.10 vs VAH=1540.80
2026-02-02 14:23:49,094 [INFO]     NSE:HINDALCO-EQ | CVD=-266598 vs Ref=493502 | Close=917.95 vs VAH=913.80
2026-02-02 14:23:50,825 [INFO]     NSE:INDIANB-EQ | CVD=743871 vs Ref=95330 | Close=823.00 vs VAH=835.55
2026-02-02 14:23:52,289 [INFO]     NSE:OIL-EQ | CVD=-123344 vs Ref=116885 | Close=478.00 vs VAH=480.90
2026-02-02 14:23:53,979 [INFO]     NSE:JSWENERGY-EQ | CVD=-237803 vs Ref=3921 | Close=444.40 vs VAH=447.80
2026-02-02 14:23:55,674 [INFO]     NSE:NATIONALUM-EQ | CVD=1478817 vs Ref=1364212 | Close=363.70 vs VAH=367.15
2026-02-02 14:23:57,464 [INFO]     NSE:PFC-EQ | CVD=-1046058 vs Ref=0 | Close=380.25 vs VAH=385.65
2026-02-02 14:23:59,704 [INFO]     NSE:RECLTD-EQ | CVD=1102368 vs Ref=192310 | Close=357.00 vs VAH=366.00
2026-02-02 14:23:59,983 [INFO] 🔍 Scanning for alerts on 1 symbols (5min)...
2026-02-02 14:24:02,185 [INFO]     NSE:TATAPOWER-EQ | CVD=-172168 vs Ref=22693 | Close=354.45 vs VAH=355.20
2026-02-02 14:24:02,658 [INFO]     NSE:HINDZINC-EQ | CVD=446873 vs Ref=1657045 | Close=593.80 vs VAH=590.25
2026-02-02 14:24:03,620 [INFO] 🔍 Scanning for alerts on 6 symbols (5min)...
2026-02-02 14:24:04,677 [INFO]     NSE:LTF-EQ | CVD=-169956 vs Ref=98102 | Close=272.15 vs VAH=276.00
2026-02-02 14:24:05,754 [INFO]     NSE:KAYNES-EQ | CVD=-28539 vs Ref=-99061 | Close=3397.00 vs VAL=3444.00
2026-02-02 14:24:06,986 [INFO]     NSE:HUDCO-EQ | CVD=-259500 vs Ref=1361 | Close=183.19 vs VAH=186.90
2026-02-02 14:24:07,833 [INFO]     NSE:PIIND-EQ | CVD=27286 vs Ref=-17103 | Close=3071.30 vs VAL=3049.50
2026-02-02 14:24:08,834 [INFO]     NSE:GAIL-EQ | CVD=-1941677 vs Ref=1741 | Close=159.22 vs VAH=161.40
2026-02-02 14:24:09,578 [INFO]     NSE:HINDUNILVR-EQ | CVD=127464 vs Ref=-17753 | Close=2347.30 vs VAL=2318.40
2026-02-02 14:24:10,764 [INFO]     NSE:SAMMAANCAP-EQ | CVD=503187 vs Ref=597206 | Close=144.41 vs VAH=144.90
2026-02-02 14:24:11,406 [INFO]     NSE:CHOLAFIN-EQ | CVD=149307 vs Ref=-79867 | Close=1575.80 vs VAL=1526.80
2026-02-02 14:24:13,318 [INFO]     NSE:MAXHEALTH-EQ | CVD=218274 vs Ref=-26629 | Close=951.10 vs VAL=947.00
2026-02-02 14:24:14,201 [INFO] 🔍 Scanning for alerts on 3 symbols (5min)...
2026-02-02 14:24:15,228 [INFO]     NSE:IDFCFIRSTB-EQ | CVD=6476101 vs Ref=-243483 | Close=80.51 vs VAL=79.70
2026-02-02 14:24:16,155 [INFO]     NSE:PIIND-EQ | CVD=27286 vs Ref=-17103 | Close=3071.30 vs VAL=3049.50
2026-02-02 14:24:18,019 [INFO]     NSE:CHOLAFIN-EQ | CVD=149307 vs Ref=-79867 | Close=1575.80 vs VAL=1526.80
2026-02-02 14:24:20,093 [INFO]     NSE:IDFCFIRSTB-EQ | CVD=6476101 vs Ref=-243483 | Close=80.51 vs VAL=79.70
2026-02-02 14:25:02,665 [INFO] 🔍 Scanning for alerts on 1 symbols (5min)...
2026-02-02 14:25:04,308 [INFO]     NSE:HINDZINC-EQ | CVD=446873 vs Ref=1657045 | Close=593.80 vs VAH=590.25
2026-02-02 14:25:10,771 [INFO] 🔍 Scanning for alerts on 15 symbols (5min)...
2026-02-02 14:25:12,255 [INFO]     NSE:POWERINDIA-EQ | CVD=-15314 vs Ref=1496 | Close=18785.00 vs VAH=18564.00
2026-02-02 14:25:13,686 [INFO]     NSE:MCX-EQ | CVD=-473873 vs Ref=58658 | Close=2250.40 vs VAH=2234.40
2026-02-02 14:25:15,091 [INFO]     NSE:GODREJPROP-EQ | CVD=-46608 vs Ref=25814 | Close=1539.10 vs VAH=1540.80
2026-02-02 14:25:15,233 [INFO] 🔍 Scanning for alerts on 6 symbols (5min)...
2026-02-02 14:25:16,580 [INFO]     NSE:HINDALCO-EQ | CVD=-266598 vs Ref=493502 | Close=917.95 vs VAH=913.80
2026-02-02 14:25:16,770 [INFO]     NSE:KAYNES-EQ | CVD=-28539 vs Ref=-99061 | Close=3397.00 vs VAL=3444.00
2026-02-02 14:25:18,107 [INFO]     NSE:INDIANB-EQ | CVD=743871 vs Ref=95330 | Close=823.00 vs VAH=835.55
2026-02-02 14:25:18,194 [INFO]     NSE:PIIND-EQ | CVD=27286 vs Ref=-17103 | Close=3071.30 vs VAL=3049.50
2026-02-02 14:25:19,636 [INFO]     NSE:OIL-EQ | CVD=-123344 vs Ref=116885 | Close=478.00 vs VAH=480.90
2026-02-02 14:25:19,842 [INFO]     NSE:HINDUNILVR-EQ | CVD=127464 vs Ref=-17753 | Close=2347.30 vs VAL=2318.40
2026-02-02 14:25:20,096 [INFO] 🔍 Scanning for alerts on 3 symbols (5min)...
2026-02-02 14:25:21,558 [INFO]     NSE:JSWENERGY-EQ | CVD=-237803 vs Ref=3921 | Close=444.40 vs VAH=447.80
2026-02-02 14:25:21,869 [INFO]     NSE:CHOLAFIN-EQ | CVD=149307 vs Ref=-79867 | Close=1575.80 vs VAL=1526.80
2026-02-02 14:25:22,111 [INFO]     NSE:PIIND-EQ | CVD=27286 vs Ref=-17103 | Close=3071.30 vs VAL=3049.50
2026-02-02 14:25:24,111 [INFO]     NSE:NATIONALUM-EQ | CVD=1478817 vs Ref=1364212 | Close=363.70 vs VAH=367.15
2026-02-02 14:25:24,252 [INFO]     NSE:MAXHEALTH-EQ | CVD=218274 vs Ref=-26629 | Close=951.10 vs VAL=947.00
2026-02-02 14:25:24,636 [INFO]     NSE:CHOLAFIN-EQ | CVD=149307 vs Ref=-79867 | Close=1575.80 vs VAL=1526.80
2026-02-02 14:25:26,416 [INFO]     NSE:PFC-EQ | CVD=-1046058 vs Ref=0 | Close=380.25 vs VAH=385.65
2026-02-02 14:25:26,480 [INFO]     NSE:IDFCFIRSTB-EQ | CVD=6476101 vs Ref=-243483 | Close=80.51 vs VAL=79.70
2026-02-02 14:25:26,831 [INFO]     NSE:IDFCFIRSTB-EQ | CVD=6476101 vs Ref=-243483 | Close=80.51 vs VAL=79.70
2026-02-02 14:25:28,732 [INFO]     NSE:RECLTD-EQ | CVD=1102368 vs Ref=192310 | Close=357.00 vs VAH=366.00
2026-02-02 14:25:30,474 [INFO]     NSE:TATAPOWER-EQ | CVD=-172168 vs Ref=22693 | Close=354.45 vs VAH=355.20
2026-02-02 14:25:32,313 [INFO]     NSE:LTF-EQ | CVD=-169956 vs Ref=98102 | Close=272.15 vs VAH=276.00
2026-02-02 14:25:34,043 [INFO]     NSE:HUDCO-EQ | CVD=-259500 vs Ref=1361 | Close=183.19 vs VAH=186.90
2026-02-02 14:25:35,897 [INFO]     NSE:GAIL-EQ | CVD=-1941677 vs Ref=1741 | Close=159.22 vs VAH=161.40
2026-02-02 14:25:37,602 [INFO]     NSE:SAMMAANCAP-EQ | CVD=503187 vs Ref=597206 | Close=144.41 vs VAH=144.90
2026-02-02 14:26:04,311 [INFO] 🔍 Scanning for alerts on 1 symbols (5min)...
2026-02-02 14:26:06,014 [INFO]     NSE:HINDZINC-EQ | CVD=445886 vs Ref=1657045 | Close=595.45 vs VAH=590.25
2026-02-02 14:26:26,484 [INFO] 🔍 Scanning for alerts on 6 symbols (5min)...
2026-02-02 14:26:26,833 [INFO] 🔍 Scanning for alerts on 3 symbols (5min)...
2026-02-02 14:26:28,673 [INFO]     NSE:KAYNES-EQ | CVD=-26477 vs Ref=-99061 | Close=3401.90 vs VAL=3444.00
2026-02-02 14:26:28,949 [INFO]     NSE:PIIND-EQ | CVD=27935 vs Ref=-17103 | Close=3073.70 vs VAL=3049.50
2026-02-02 14:26:30,320 [INFO]     NSE:PIIND-EQ | CVD=27935 vs Ref=-17103 | Close=3073.70 vs VAL=3049.50
2026-02-02 14:26:30,677 [INFO]     NSE:CHOLAFIN-EQ | CVD=148093 vs Ref=-79867 | Close=1576.30 vs VAL=1526.80
2026-02-02 14:26:31,940 [INFO]     NSE:HINDUNILVR-EQ | CVD=128336 vs Ref=-17753 | Close=2347.40 vs VAL=2318.40
2026-02-02 14:26:32,362 [INFO]     NSE:IDFCFIRSTB-EQ | CVD=6457266 vs Ref=-243483 | Close=80.62 vs VAL=79.70
2026-02-02 14:26:33,605 [INFO]     NSE:CHOLAFIN-EQ | CVD=148093 vs Ref=-79867 | Close=1576.30 vs VAL=1526.80
2026-02-02 14:26:35,085 [INFO]     NSE:MAXHEALTH-EQ | CVD=225960 vs Ref=-26629 | Close=952.00 vs VAL=947.00
2026-02-02 14:26:36,533 [INFO]     NSE:IDFCFIRSTB-EQ | CVD=6457266 vs Ref=-243483 | Close=80.62 vs VAL=79.70
2026-02-02 14:26:37,606 [INFO] 🔍 Scanning for alerts on 15 symbols (5min)...
2026-02-02 14:26:39,167 [INFO]     NSE:POWERINDIA-EQ | CVD=-18552 vs Ref=1496 | Close=18745.00 vs VAH=18564.00
2026-02-02 14:26:40,844 [INFO]     NSE:MCX-EQ | CVD=-482836 vs Ref=58658 | Close=2251.50 vs VAH=2234.40
2026-02-02 14:26:42,409 [INFO]     NSE:GODREJPROP-EQ | CVD=-45598 vs Ref=25814 | Close=1539.80 vs VAH=1540.80
2026-02-02 14:26:43,957 [INFO]     NSE:HINDALCO-EQ | CVD=-236781 vs Ref=493502 | Close=920.50 vs VAH=913.80
2026-02-02 14:26:45,628 [INFO]     NSE:INDIANB-EQ | CVD=750288 vs Ref=95330 | Close=823.25 vs VAH=835.55
2026-02-02 14:26:47,021 [INFO]     NSE:OIL-EQ | CVD=-119633 vs Ref=116885 | Close=479.00 vs VAH=480.90
2026-02-02 14:26:48,426 [INFO]     NSE:JSWENERGY-EQ | CVD=-239229 vs Ref=3921 | Close=444.55 vs VAH=447.80
2026-02-02 14:26:49,937 [INFO]     NSE:NATIONALUM-EQ | CVD=1464208 vs Ref=1364212 | Close=364.65 vs VAH=367.15
2026-02-02 14:26:51,337 [INFO]     NSE:PFC-EQ | CVD=-986953 vs Ref=0 | Close=381.15 vs VAH=385.65
2026-02-02 14:26:52,848 [INFO]     NSE:RECLTD-EQ | CVD=1096942 vs Ref=192310 | Close=357.35 vs VAH=366.00
2026-02-02 14:26:54,408 [INFO]     NSE:TATAPOWER-EQ | CVD=-165288 vs Ref=22693 | Close=354.65 vs VAH=355.20
2026-02-02 14:26:56,041 [INFO]     NSE:LTF-EQ | CVD=-170083 vs Ref=98102 | Close=272.55 vs VAH=276.00
2026-02-02 14:26:57,760 [INFO]     NSE:HUDCO-EQ | CVD=-174881 vs Ref=1361 | Close=184.03 vs VAH=186.90
2026-02-02 14:26:59,242 [INFO]     NSE:GAIL-EQ | CVD=-1900114 vs Ref=1741 | Close=159.31 vs VAH=161.40
2026-02-02 14:27:00,826 [INFO]     NSE:SAMMAANCAP-EQ | CVD=605747 vs Ref=597206 | Close=144.87 vs VAH=144.90
2026-02-02 14:27:06,019 [INFO] 🔍 Scanning for alerts on 1 symbols (5min)...
2026-02-02 14:27:08,123 [INFO]     NSE:HINDZINC-EQ | CVD=445886 vs Ref=1657045 | Close=595.45 vs VAH=590.25
2026-02-02 14:27:32,365 [INFO] 🔍 Scanning for alerts on 3 symbols (5min)...
2026-02-02 14:27:33,830 [INFO]     NSE:PIIND-EQ | CVD=27935 vs Ref=-17103 | Close=3073.70 vs VAL=3049.50
2026-02-02 14:27:35,304 [INFO]     NSE:CHOLAFIN-EQ | CVD=148093 vs Ref=-79867 | Close=1576.30 vs VAL=1526.80
2026-02-02 14:27:36,537 [INFO] 🔍 Scanning for alerts on 6 symbols (5min)...
2026-02-02 14:27:36,786 [INFO]     NSE:IDFCFIRSTB-EQ | CVD=6457266 vs Ref=-243483 | Close=80.62 vs VAL=79.70
2026-02-02 14:27:38,043 [INFO]     NSE:KAYNES-EQ | CVD=-26477 vs Ref=-99061 | Close=3401.90 vs VAL=3444.00
2026-02-02 14:27:39,420 [INFO]     NSE:PIIND-EQ | CVD=27935 vs Ref=-17103 | Close=3073.70 vs VAL=3049.50
2026-02-02 14:27:40,869 [INFO]     NSE:HINDUNILVR-EQ | CVD=128336 vs Ref=-17753 | Close=2347.40 vs VAL=2318.40
2026-02-02 14:27:42,293 [INFO]     NSE:CHOLAFIN-EQ | CVD=148093 vs Ref=-79867 | Close=1576.30 vs VAL=1526.80
2026-02-02 14:27:43,721 [INFO]     NSE:MAXHEALTH-EQ | CVD=225960 vs Ref=-26629 | Close=952.00 vs VAL=947.00
2026-02-02 14:27:45,192 [INFO]     NSE:IDFCFIRSTB-EQ | CVD=6457266 vs Ref=-243483 | Close=80.62 vs VAL=79.70
2026-02-02 14:28:00,830 [INFO] 🔍 Scanning for alerts on 15 symbols (5min)...
2026-02-02 14:28:02,864 [INFO]     NSE:POWERINDIA-EQ | CVD=-18552 vs Ref=1496 | Close=18745.00 vs VAH=18564.00
2026-02-02 14:28:04,716 [INFO]     NSE:MCX-EQ | CVD=-482836 vs Ref=58658 | Close=2251.50 vs VAH=2234.40
2026-02-02 14:28:06,441 [INFO]     NSE:GODREJPROP-EQ | CVD=-45598 vs Ref=25814 | Close=1539.80 vs VAH=1540.80
2026-02-02 14:28:08,126 [INFO] 🔍 Scanning for alerts on 1 symbols (5min)...
2026-02-02 14:28:08,129 [INFO]     NSE:HINDALCO-EQ | CVD=-236781 vs Ref=493502 | Close=920.50 vs VAH=913.80
2026-02-02 14:28:09,696 [INFO]     NSE:HINDZINC-EQ | CVD=445886 vs Ref=1657045 | Close=595.45 vs VAH=590.25
2026-02-02 14:28:09,709 [INFO]     NSE:INDIANB-EQ | CVD=750288 vs Ref=95330 | Close=823.25 vs VAH=835.55
2026-02-02 14:28:11,186 [INFO]     NSE:OIL-EQ | CVD=-119633 vs Ref=116885 | Close=479.00 vs VAH=480.90
2026-02-02 14:28:12,694 [INFO]     NSE:JSWENERGY-EQ | CVD=-239229 vs Ref=3921 | Close=444.55 vs VAH=447.80
2026-02-02 14:28:14,167 [INFO]     NSE:NATIONALUM-EQ | CVD=1464208 vs Ref=1364212 | Close=364.65 vs VAH=367.15
2026-02-02 14:28:15,658 [INFO]     NSE:PFC-EQ | CVD=-986953 vs Ref=0 | Close=381.15 vs VAH=385.65
2026-02-02 14:28:17,176 [INFO]     NSE:RECLTD-EQ | CVD=1096942 vs Ref=192310 | Close=357.35 vs VAH=366.00
2026-02-02 14:28:18,657 [INFO]     NSE:TATAPOWER-EQ | CVD=-165288 vs Ref=22693 | Close=354.65 vs VAH=355.20
2026-02-02 14:28:20,225 [INFO]     NSE:LTF-EQ | CVD=-170083 vs Ref=98102 | Close=272.55 vs VAH=276.00
2026-02-02 14:28:21,741 [INFO]     NSE:HUDCO-EQ | CVD=-174881 vs Ref=1361 | Close=184.03 vs VAH=186.90
2026-02-02 14:28:23,785 [INFO]     NSE:GAIL-EQ | CVD=-1900114 vs Ref=1741 | Close=159.31 vs VAH=161.40
2026-02-02 14:28:26,161 [INFO]     NSE:SAMMAANCAP-EQ | CVD=605747 vs Ref=597206 | Close=144.87 vs VAH=144.90
2026-02-02 14:28:36,790 [INFO] 🔍 Scanning for alerts on 3 symbols (5min)...
2026-02-02 14:28:38,288 [INFO]     NSE:PIIND-EQ | CVD=27935 vs Ref=-17103 | Close=3073.70 vs VAL=3049.50
2026-02-02 14:28:39,742 [INFO]     NSE:CHOLAFIN-EQ | CVD=148093 vs Ref=-79867 | Close=1576.30 vs VAL=1526.80
2026-02-02 14:28:41,147 [INFO]     NSE:IDFCFIRSTB-EQ | CVD=6457266 vs Ref=-243483 | Close=80.62 vs VAL=79.70
2026-02-02 14:28:45,196 [INFO] 🔍 Scanning for alerts on 6 symbols (5min)...
2026-02-02 14:28:46,729 [INFO]     NSE:KAYNES-EQ | CVD=-26477 vs Ref=-99061 | Close=3401.90 vs VAL=3444.00
2026-02-02 14:28:48,092 [INFO]     NSE:PIIND-EQ | CVD=27935 vs Ref=-17103 | Close=3073.70 vs VAL=3049.50
2026-02-02 14:28:49,526 [INFO]     NSE:HINDUNILVR-EQ | CVD=128336 vs Ref=-17753 | Close=2347.40 vs VAL=2318.40
2026-02-02 14:28:51,045 [INFO]     NSE:CHOLAFIN-EQ | CVD=148093 vs Ref=-79867 | Close=1576.30 vs VAL=1526.80
2026-02-02 14:28:52,515 [INFO]     NSE:MAXHEALTH-EQ | CVD=225960 vs Ref=-26629 | Close=952.00 vs VAL=947.00
2026-02-02 14:28:54,026 [INFO]     NSE:IDFCFIRSTB-EQ | CVD=6457266 vs Ref=-243483 | Close=80.62 vs VAL=79.70
2026-02-02 14:29:09,701 [INFO] 🔍 Scanning for alerts on 1 symbols (5min)...
2026-02-02 14:29:11,217 [INFO]     NSE:HINDZINC-EQ | CVD=445886 vs Ref=1657045 | Close=595.45 vs VAH=590.25
2026-02-02 14:29:26,165 [INFO] 🔍 Scanning for alerts on 15 symbols (5min)...
2026-02-02 14:29:27,802 [INFO]     NSE:POWERINDIA-EQ | CVD=-18552 vs Ref=1496 | Close=18745.00 vs VAH=18564.00
2026-02-02 14:29:29,469 [INFO]     NSE:MCX-EQ | CVD=-482836 vs Ref=58658 | Close=2251.50 vs VAH=2234.40
2026-02-02 14:29:31,192 [INFO]     NSE:GODREJPROP-EQ | CVD=-45598 vs Ref=25814 | Close=1539.80 vs VAH=1540.80
2026-02-02 14:29:32,718 [INFO]     NSE:HINDALCO-EQ | CVD=-236781 vs Ref=493502 | Close=920.50 vs VAH=913.80
2026-02-02 14:29:34,350 [INFO]     NSE:INDIANB-EQ | CVD=750288 vs Ref=95330 | Close=823.25 vs VAH=835.55
2026-02-02 14:29:35,841 [INFO]     NSE:OIL-EQ | CVD=-119633 vs Ref=116885 | Close=479.00 vs VAH=480.90
2026-02-02 14:29:37,343 [INFO]     NSE:JSWENERGY-EQ | CVD=-239229 vs Ref=3921 | Close=444.55 vs VAH=447.80
2026-02-02 14:29:38,908 [INFO]     NSE:NATIONALUM-EQ | CVD=1464208 vs Ref=1364212 | Close=364.65 vs VAH=367.15
2026-02-02 14:29:40,394 [INFO]     NSE:PFC-EQ | CVD=-986953 vs Ref=0 | Close=381.15 vs VAH=385.65
2026-02-02 14:29:41,150 [INFO] 🔍 Scanning for alerts on 3 symbols (5min)...
2026-02-02 14:29:42,002 [INFO]     NSE:RECLTD-EQ | CVD=1096942 vs Ref=192310 | Close=357.35 vs VAH=366.00
2026-02-02 14:29:42,796 [INFO]     NSE:PIIND-EQ | CVD=27935 vs Ref=-17103 | Close=3073.70 vs VAL=3049.50
2026-02-02 14:29:43,720 [INFO]     NSE:TATAPOWER-EQ | CVD=-165288 vs Ref=22693 | Close=354.65 vs VAH=355.20
2026-02-02 14:29:44,589 [INFO]     NSE:CHOLAFIN-EQ | CVD=148093 vs Ref=-79867 | Close=1576.30 vs VAL=1526.80
2026-02-02 14:29:45,369 [INFO]     NSE:LTF-EQ | CVD=-170083 vs Ref=98102 | Close=272.55 vs VAH=276.00
2026-02-02 14:29:46,088 [INFO]     NSE:IDFCFIRSTB-EQ | CVD=6457266 vs Ref=-243483 | Close=80.62 vs VAL=79.70
2026-02-02 14:29:47,001 [INFO]     NSE:HUDCO-EQ | CVD=-174881 vs Ref=1361 | Close=184.03 vs VAH=186.90
2026-02-02 14:29:48,387 [INFO]     NSE:GAIL-EQ | CVD=-1900114 vs Ref=1741 | Close=159.31 vs VAH=161.40
2026-02-02 14:29:49,880 [INFO]     NSE:SAMMAANCAP-EQ | CVD=605747 vs Ref=597206 | Close=144.87 vs VAH=144.90
2026-02-02 14:29:54,031 [INFO] 🔍 Scanning for alerts on 6 symbols (5min)...
2026-02-02 14:29:55,659 [INFO]     NSE:KAYNES-EQ | CVD=-26477 vs Ref=-99061 | Close=3401.90 vs VAL=3444.00
2026-02-02 14:29:57,104 [INFO]     NSE:PIIND-EQ | CVD=27935 vs Ref=-17103 | Close=3073.70 vs VAL=3049.50
2026-02-02 14:29:58,582 [INFO]     NSE:HINDUNILVR-EQ | CVD=128336 vs Ref=-17753 | Close=2347.40 vs VAL=2318.40
2026-02-02 14:30:00,031 [INFO]     NSE:CHOLAFIN-EQ | CVD=148093 vs Ref=-79867 | Close=1576.30 vs VAL=1526.80
2026-02-02 14:30:01,754 [INFO]     NSE:MAXHEALTH-EQ | CVD=225960 vs Ref=-26629 | Close=952.00 vs VAL=947.00
2026-02-02 14:30:03,382 [INFO]     NSE:IDFCFIRSTB-EQ | CVD=6457266 vs Ref=-243483 | Close=80.62 vs VAL=79.70
2026-02-02 14:30:11,220 [INFO] 🔍 Scanning for alerts on 1 symbols (5min)...
2026-02-02 14:30:12,755 [INFO]     NSE:HINDZINC-EQ | CVD=445886 vs Ref=1657045 | Close=595.45 vs VAH=590.25
2026-02-02 14:30:46,091 [INFO] 🔍 Scanning for alerts on 3 symbols (5min)...
2026-02-02 14:30:47,564 [INFO]     NSE:PIIND-EQ | CVD=27935 vs Ref=-17103 | Close=3073.70 vs VAL=3049.50
2026-02-02 14:30:49,032 [INFO]     NSE:CHOLAFIN-EQ | CVD=148093 vs Ref=-79867 | Close=1576.30 vs VAL=1526.80
2026-02-02 14:30:49,883 [INFO] 🔍 Scanning for alerts on 15 symbols (5min)...
2026-02-02 14:30:50,430 [INFO]     NSE:IDFCFIRSTB-EQ | CVD=6457266 vs Ref=-243483 | Close=80.62 vs VAL=79.70
2026-02-02 14:30:51,435 [INFO]     NSE:POWERINDIA-EQ | CVD=-18552 vs Ref=1496 | Close=18745.00 vs VAH=18564.00
2026-02-02 14:30:53,007 [INFO]     NSE:MCX-EQ | CVD=-482836 vs Ref=58658 | Close=2251.50 vs VAH=2234.40
2026-02-02 14:30:54,441 [INFO]     NSE:GODREJPROP-EQ | CVD=-45598 vs Ref=25814 | Close=1539.80 vs VAH=1540.80
2026-02-02 14:30:57,211 [INFO]     NSE:HINDALCO-EQ | CVD=-236781 vs Ref=493502 | Close=920.50 vs VAH=913.80
2026-02-02 14:30:58,779 [INFO]     NSE:INDIANB-EQ | CVD=750288 vs Ref=95330 | Close=823.25 vs VAH=835.55
2026-02-02 14:31:00,203 [INFO]     NSE:OIL-EQ | CVD=-119633 vs Ref=116885 | Close=479.00 vs VAH=480.90
2026-02-02 14:31:02,161 [INFO]     NSE:JSWENERGY-EQ | CVD=-239229 vs Ref=3921 | Close=444.55 vs VAH=447.80
2026-02-02 14:31:03,386 [INFO] 🔍 Scanning for alerts on 6 symbols (5min)...
2026-02-02 14:31:03,994 [INFO]     NSE:NATIONALUM-EQ | CVD=1388042 vs Ref=1364212 | Close=365.90 vs VAH=367.15
2026-02-02 14:31:05,088 [INFO]     NSE:KAYNES-EQ | CVD=-10683 vs Ref=-99061 | Close=3421.00 vs VAL=3444.00
2026-02-02 14:31:05,693 [INFO]     NSE:PFC-EQ | CVD=-902097 vs Ref=0 | Close=381.40 vs VAH=385.65
2026-02-02 14:31:06,732 [INFO]     NSE:PIIND-EQ | CVD=27915 vs Ref=-17103 | Close=3076.00 vs VAL=3049.50
2026-02-02 14:31:07,598 [INFO]     NSE:RECLTD-EQ | CVD=1163785 vs Ref=192310 | Close=358.90 vs VAH=366.00
2026-02-02 14:31:08,752 [INFO]     NSE:HINDUNILVR-EQ | CVD=125508 vs Ref=-17753 | Close=2347.20 vs VAL=2318.40
2026-02-02 14:31:09,371 [INFO]     NSE:TATAPOWER-EQ | CVD=-162154 vs Ref=22693 | Close=355.10 vs VAH=355.20
2026-02-02 14:31:10,476 [INFO]     NSE:CHOLAFIN-EQ | CVD=152951 vs Ref=-79867 | Close=1576.40 vs VAL=1526.80
2026-02-02 14:31:11,075 [INFO]     NSE:LTF-EQ | CVD=107131 vs Ref=98102 | Close=273.45 vs VAH=276.00
2026-02-02 14:31:11,948 [INFO]     NSE:MAXHEALTH-EQ | CVD=216681 vs Ref=-26629 | Close=952.95 vs VAL=947.00
2026-02-02 14:31:12,754 [INFO]     NSE:HUDCO-EQ | CVD=-214327 vs Ref=1361 | Close=184.25 vs VAH=186.90
2026-02-02 14:31:12,759 [INFO] 🔍 Scanning for alerts on 1 symbols (5min)...
2026-02-02 14:31:13,732 [INFO]     NSE:IDFCFIRSTB-EQ | CVD=6512289 vs Ref=-243483 | Close=80.73 vs VAL=79.70
2026-02-02 14:31:14,507 [INFO]     NSE:GAIL-EQ | CVD=-1869730 vs Ref=1741 | Close=159.34 vs VAH=161.40
2026-02-02 14:31:14,612 [INFO]     NSE:HINDZINC-EQ | CVD=422282 vs Ref=1657045 | Close=595.90 vs VAH=590.25
2026-02-02 14:31:16,080 [INFO] 🚀 [BUY ALERT] NSE:SAMMAANCAP-EQ (5min) triggered at 14:25!
2026-02-02 14:31:16,081 [INFO]     ✅ Price: 145.07 > FRVP VAH: 144.90
2026-02-02 14:31:16,082 [INFO]     ✅ CVD:   637035 > CVD Ref:  597206
2026-02-02 14:31:16,083 [INFO]     NSE:SAMMAANCAP-EQ | CVD=637035 vs Ref=597206 | Close=145.07 vs VAH=144.90
2026-02-02 14:31:50,433 [INFO] 🔍 Scanning for alerts on 3 symbols (5min)...
2026-02-02 14:31:51,825 [INFO]     NSE:PIIND-EQ | CVD=27915 vs Ref=-17103 | Close=3076.00 vs VAL=3049.50
2026-02-02 14:31:53,310 [INFO]     NSE:CHOLAFIN-EQ | CVD=152951 vs Ref=-79867 | Close=1576.40 vs VAL=1526.80
2026-02-02 14:31:54,742 [INFO]     NSE:IDFCFIRSTB-EQ | CVD=6512289 vs Ref=-243483 | Close=80.73 vs VAL=79.70
2026-02-02 14:32:13,737 [INFO] 🔍 Scanning for alerts on 6 symbols (5min)...
2026-02-02 14:32:14,617 [INFO] 🔍 Scanning for alerts on 1 symbols (5min)...
2026-02-02 14:32:15,208 [INFO]     NSE:KAYNES-EQ | CVD=-10683 vs Ref=-99061 | Close=3421.00 vs VAL=3444.00
2026-02-02 14:32:16,086 [INFO] 🔍 Scanning for alerts on 14 symbols (5min)...
2026-02-02 14:32:16,136 [INFO]     NSE:HINDZINC-EQ | CVD=422282 vs Ref=1657045 | Close=595.90 vs VAH=590.25
2026-02-02 14:32:16,756 [INFO]     NSE:PIIND-EQ | CVD=27915 vs Ref=-17103 | Close=3076.00 vs VAL=3049.50
2026-02-02 14:32:17,662 [INFO]     NSE:POWERINDIA-EQ | CVD=-20576 vs Ref=1496 | Close=18745.00 vs VAH=18564.00
2026-02-02 14:32:18,307 [INFO]     NSE:HINDUNILVR-EQ | CVD=125508 vs Ref=-17753 | Close=2347.20 vs VAL=2318.40
2026-02-02 14:32:19,454 [INFO]     NSE:MCX-EQ | CVD=-353855 vs Ref=58658 | Close=2274.90 vs VAH=2234.40
2026-02-02 14:32:20,118 [INFO]     NSE:CHOLAFIN-EQ | CVD=152951 vs Ref=-79867 | Close=1576.40 vs VAL=1526.80
2026-02-02 14:32:21,079 [INFO]     NSE:GODREJPROP-EQ | CVD=-42698 vs Ref=25814 | Close=1544.10 vs VAH=1540.80
2026-02-02 14:32:21,652 [INFO]     NSE:MAXHEALTH-EQ | CVD=216681 vs Ref=-26629 | Close=952.95 vs VAL=947.00
2026-02-02 14:32:22,695 [INFO]     NSE:HINDALCO-EQ | CVD=-223994 vs Ref=493502 | Close=922.75 vs VAH=913.80
2026-02-02 14:32:23,631 [INFO]     NSE:IDFCFIRSTB-EQ | CVD=6512289 vs Ref=-243483 | Close=80.73 vs VAL=79.70
2026-02-02 14:32:25,092 [INFO]     NSE:INDIANB-EQ | CVD=761043 vs Ref=95330 | Close=824.60 vs VAH=835.55
2026-02-02 14:32:26,932 [INFO]     NSE:OIL-EQ | CVD=-110773 vs Ref=116885 | Close=478.90 vs VAH=480.90
2026-02-02 14:32:28,492 [INFO]     NSE:JSWENERGY-EQ | CVD=-232363 vs Ref=3921 | Close=445.80 vs VAH=447.80
2026-02-02 14:32:30,333 [INFO]     NSE:NATIONALUM-EQ | CVD=1388042 vs Ref=1364212 | Close=365.90 vs VAH=367.15
2026-02-02 14:32:32,147 [INFO]     NSE:PFC-EQ | CVD=-902097 vs Ref=0 | Close=381.40 vs VAH=385.65
2026-02-02 14:32:33,782 [INFO]     NSE:RECLTD-EQ | CVD=1163785 vs Ref=192310 | Close=358.90 vs VAH=366.00
2026-02-02 14:32:35,314 [INFO]     NSE:TATAPOWER-EQ | CVD=-162154 vs Ref=22693 | Close=355.10 vs VAH=355.20
2026-02-02 14:32:36,895 [INFO]     NSE:LTF-EQ | CVD=107131 vs Ref=98102 | Close=273.45 vs VAH=276.00
2026-02-02 14:32:38,436 [INFO]     NSE:HUDCO-EQ | CVD=-214327 vs Ref=1361 | Close=184.25 vs VAH=186.90
2026-02-02 14:32:39,855 [INFO]     NSE:GAIL-EQ | CVD=-1869730 vs Ref=1741 | Close=159.34 vs VAH=161.40
2026-02-02 14:32:54,744 [INFO] 🔍 Scanning for alerts on 3 symbols (5min)...
2026-02-02 14:32:56,118 [INFO]     NSE:PIIND-EQ | CVD=27915 vs Ref=-17103 | Close=3076.00 vs VAL=3049.50
2026-02-02 14:32:57,804 [INFO]     NSE:CHOLAFIN-EQ | CVD=152951 vs Ref=-79867 | Close=1576.40 vs VAL=1526.80
2026-02-02 14:32:59,294 [INFO]     NSE:IDFCFIRSTB-EQ | CVD=6512289 vs Ref=-243483 | Close=80.73 vs VAL=79.70
2026-02-02 14:33:16,140 [INFO] 🔍 Scanning for alerts on 1 symbols (5min)...
2026-02-02 14:33:17,634 [INFO]     NSE:HINDZINC-EQ | CVD=422282 vs Ref=1657045 | Close=595.90 vs VAH=590.25
2026-02-02 14:33:23,638 [INFO] 🔍 Scanning for alerts on 6 symbols (5min)...
2026-02-02 14:33:26,157 [INFO]     NSE:KAYNES-EQ | CVD=-10683 vs Ref=-99061 | Close=3421.00 vs VAL=3444.00
2026-02-02 14:33:27,749 [INFO]     NSE:PIIND-EQ | CVD=27915 vs Ref=-17103 | Close=3076.00 vs VAL=3049.50
2026-02-02 14:33:29,260 [INFO]     NSE:HINDUNILVR-EQ | CVD=125508 vs Ref=-17753 | Close=2347.20 vs VAL=2318.40
2026-02-02 14:33:30,951 [INFO]     NSE:CHOLAFIN-EQ | CVD=152951 vs Ref=-79867 | Close=1576.40 vs VAL=1526.80
2026-02-02 14:33:32,488 [INFO]     NSE:MAXHEALTH-EQ | CVD=216681 vs Ref=-26629 | Close=952.95 vs VAL=947.00
2026-02-02 14:33:34,150 [INFO]     NSE:IDFCFIRSTB-EQ | CVD=6512289 vs Ref=-243483 | Close=80.73 vs VAL=79.70
2026-02-02 14:33:39,859 [INFO] 🔍 Scanning for alerts on 14 symbols (5min)...
2026-02-02 14:33:41,260 [INFO]     NSE:POWERINDIA-EQ | CVD=-20576 vs Ref=1496 | Close=18745.00 vs VAH=18564.00
2026-02-02 14:33:42,675 [INFO]     NSE:MCX-EQ | CVD=-353855 vs Ref=58658 | Close=2274.90 vs VAH=2234.40
2026-02-02 14:33:44,093 [INFO]     NSE:GODREJPROP-EQ | CVD=-42698 vs Ref=25814 | Close=1544.10 vs VAH=1540.80
2026-02-02 14:33:45,495 [INFO]     NSE:HINDALCO-EQ | CVD=-223994 vs Ref=493502 | Close=922.75 vs VAH=913.80
2026-02-02 14:33:46,993 [INFO]     NSE:INDIANB-EQ | CVD=761043 vs Ref=95330 | Close=824.60 vs VAH=835.55
2026-02-02 14:33:48,359 [INFO]     NSE:OIL-EQ | CVD=-110773 vs Ref=116885 | Close=478.90 vs VAH=480.90
2026-02-02 14:33:49,828 [INFO]     NSE:JSWENERGY-EQ | CVD=-232363 vs Ref=3921 | Close=445.80 vs VAH=447.80
2026-02-02 14:33:51,636 [INFO]     NSE:NATIONALUM-EQ | CVD=1388042 vs Ref=1364212 | Close=365.90 vs VAH=367.15
2026-02-02 14:33:53,048 [INFO]     NSE:PFC-EQ | CVD=-902097 vs Ref=0 | Close=381.40 vs VAH=385.65
2026-02-02 14:33:54,451 [INFO]     NSE:RECLTD-EQ | CVD=1163785 vs Ref=192310 | Close=358.90 vs VAH=366.00
2026-02-02 14:33:55,877 [INFO]     NSE:TATAPOWER-EQ | CVD=-162154 vs Ref=22693 | Close=355.10 vs VAH=355.20
2026-02-02 14:33:57,372 [INFO]     NSE:LTF-EQ | CVD=107131 vs Ref=98102 | Close=273.45 vs VAH=276.00
2026-02-02 14:33:59,133 [INFO]     NSE:HUDCO-EQ | CVD=-214327 vs Ref=1361 | Close=184.25 vs VAH=186.90
2026-02-02 14:33:59,297 [INFO] 🔍 Scanning for alerts on 3 symbols (5min)...
2026-02-02 14:34:00,812 [INFO]     NSE:GAIL-EQ | CVD=-1869730 vs Ref=1741 | Close=159.34 vs VAH=161.40
2026-02-02 14:34:01,033 [INFO]     NSE:PIIND-EQ | CVD=27915 vs Ref=-17103 | Close=3076.00 vs VAL=3049.50
2026-02-02 14:34:03,375 [INFO]     NSE:CHOLAFIN-EQ | CVD=152951 vs Ref=-79867 | Close=1576.40 vs VAL=1526.80
2026-02-02 14:34:05,317 [INFO]     NSE:IDFCFIRSTB-EQ | CVD=6512289 vs Ref=-243483 | Close=80.73 vs VAL=79.70
2026-02-02 14:34:17,637 [INFO] 🔍 Scanning for alerts on 1 symbols (5min)...
2026-02-02 14:34:19,230 [INFO]     NSE:HINDZINC-EQ | CVD=422282 vs Ref=1657045 | Close=595.90 vs VAH=590.25
2026-02-02 14:34:34,154 [INFO] 🔍 Scanning for alerts on 6 symbols (5min)...
2026-02-02 14:34:35,681 [INFO]     NSE:KAYNES-EQ | CVD=-10683 vs Ref=-99061 | Close=3421.00 vs VAL=3444.00
2026-02-02 14:34:37,095 [INFO]     NSE:PIIND-EQ | CVD=27915 vs Ref=-17103 | Close=3076.00 vs VAL=3049.50
2026-02-02 14:34:38,504 [INFO]     NSE:HINDUNILVR-EQ | CVD=125508 vs Ref=-17753 | Close=2347.20 vs VAL=2318.40
2026-02-02 14:34:39,930 [INFO]     NSE:CHOLAFIN-EQ | CVD=152951 vs Ref=-79867 | Close=1576.40 vs VAL=1526.80
2026-02-02 14:34:41,296 [INFO]     NSE:MAXHEALTH-EQ | CVD=216681 vs Ref=-26629 | Close=952.95 vs VAL=947.00
2026-02-02 14:34:42,762 [INFO]     NSE:IDFCFIRSTB-EQ | CVD=6512289 vs Ref=-243483 | Close=80.73 vs VAL=79.70
2026-02-02 14:35:00,816 [INFO] 🔍 Scanning for alerts on 14 symbols (5min)...
2026-02-02 14:35:02,552 [INFO]     NSE:POWERINDIA-EQ | CVD=-20576 vs Ref=1496 | Close=18745.00 vs VAH=18564.00
2026-02-02 14:35:04,278 [INFO]     NSE:MCX-EQ | CVD=-353855 vs Ref=58658 | Close=2274.90 vs VAH=2234.40
2026-02-02 14:35:05,320 [INFO] 🔍 Scanning for alerts on 3 symbols (5min)...
2026-02-02 14:35:06,201 [INFO]     NSE:GODREJPROP-EQ | CVD=-42698 vs Ref=25814 | Close=1544.10 vs VAH=1540.80
2026-02-02 14:35:07,080 [INFO]     NSE:PIIND-EQ | CVD=27915 vs Ref=-17103 | Close=3076.00 vs VAL=3049.50
2026-02-02 14:35:07,958 [INFO]     NSE:HINDALCO-EQ | CVD=-223994 vs Ref=493502 | Close=922.75 vs VAH=913.80
2026-02-02 14:35:08,961 [INFO]     NSE:CHOLAFIN-EQ | CVD=152951 vs Ref=-79867 | Close=1576.40 vs VAL=1526.80
2026-02-02 14:35:09,996 [INFO]     NSE:INDIANB-EQ | CVD=761043 vs Ref=95330 | Close=824.60 vs VAH=835.55
2026-02-02 14:35:10,722 [INFO]     NSE:IDFCFIRSTB-EQ | CVD=6512289 vs Ref=-243483 | Close=80.73 vs VAL=79.70
2026-02-02 14:35:11,456 [INFO]     NSE:OIL-EQ | CVD=-110773 vs Ref=116885 | Close=478.90 vs VAH=480.90
2026-02-02 14:35:12,830 [INFO]     NSE:JSWENERGY-EQ | CVD=-232363 vs Ref=3921 | Close=445.80 vs VAH=447.80
2026-02-02 14:35:14,280 [INFO]     NSE:NATIONALUM-EQ | CVD=1388042 vs Ref=1364212 | Close=365.90 vs VAH=367.15
2026-02-02 14:35:15,682 [INFO]     NSE:PFC-EQ | CVD=-902097 vs Ref=0 | Close=381.40 vs VAH=385.65
2026-02-02 14:35:17,113 [INFO]     NSE:RECLTD-EQ | CVD=1163785 vs Ref=192310 | Close=358.90 vs VAH=366.00
2026-02-02 14:35:18,538 [INFO]     NSE:TATAPOWER-EQ | CVD=-162154 vs Ref=22693 | Close=355.10 vs VAH=355.20
2026-02-02 14:35:19,234 [INFO] 🔍 Scanning for alerts on 1 symbols (5min)...
2026-02-02 14:35:20,278 [INFO]     NSE:LTF-EQ | CVD=107131 vs Ref=98102 | Close=273.45 vs VAH=276.00
2026-02-02 14:35:20,979 [INFO]     NSE:HINDZINC-EQ | CVD=422282 vs Ref=1657045 | Close=595.90 vs VAH=590.25
2026-02-02 14:35:22,137 [INFO]     NSE:HUDCO-EQ | CVD=-214327 vs Ref=1361 | Close=184.25 vs VAH=186.90
2026-02-02 14:35:24,553 [INFO]     NSE:GAIL-EQ | CVD=-1869730 vs Ref=1741 | Close=159.34 vs VAH=161.40
2026-02-02 14:35:42,766 [INFO] 🔍 Scanning for alerts on 6 symbols (5min)...
2026-02-02 14:35:44,234 [INFO]     NSE:KAYNES-EQ | CVD=-10683 vs Ref=-99061 | Close=3421.00 vs VAL=3444.00
2026-02-02 14:35:45,599 [INFO]     NSE:PIIND-EQ | CVD=27915 vs Ref=-17103 | Close=3076.00 vs VAL=3049.50
2026-02-02 14:35:46,982 [INFO]     NSE:HINDUNILVR-EQ | CVD=125508 vs Ref=-17753 | Close=2347.20 vs VAL=2318.40
2026-02-02 14:35:48,455 [INFO]     NSE:CHOLAFIN-EQ | CVD=152951 vs Ref=-79867 | Close=1576.40 vs VAL=1526.80
2026-02-02 14:35:49,877 [INFO]     NSE:MAXHEALTH-EQ | CVD=216681 vs Ref=-26629 | Close=952.95 vs VAL=947.00
2026-02-02 14:35:51,320 [INFO]     NSE:IDFCFIRSTB-EQ | CVD=6512289 vs Ref=-243483 | Close=80.73 vs VAL=79.70
2026-02-02 14:36:10,724 [INFO] 🔍 Scanning for alerts on 3 symbols (5min)...
2026-02-02 14:36:12,400 [INFO]     NSE:PIIND-EQ | CVD=23286 vs Ref=-17103 | Close=3065.30 vs VAL=3049.50
2026-02-02 14:36:14,160 [INFO]     NSE:CHOLAFIN-EQ | CVD=187789 vs Ref=-79867 | Close=1576.10 vs VAL=1526.80
2026-02-02 14:36:15,686 [INFO]     NSE:IDFCFIRSTB-EQ | CVD=6387038 vs Ref=-243483 | Close=80.72 vs VAL=79.70
2026-02-02 14:36:20,983 [INFO] 🔍 Scanning for alerts on 1 symbols (5min)...
2026-02-02 14:36:22,591 [INFO]     NSE:HINDZINC-EQ | CVD=440729 vs Ref=1657045 | Close=597.70 vs VAH=590.25
2026-02-02 14:36:24,558 [INFO] 🔍 Scanning for alerts on 14 symbols (5min)...
2026-02-02 14:36:26,829 [INFO]     NSE:POWERINDIA-EQ | CVD=-20487 vs Ref=1496 | Close=18783.00 vs VAH=18564.00
2026-02-02 14:36:29,069 [INFO]     NSE:MCX-EQ | CVD=-342970 vs Ref=58658 | Close=2277.80 vs VAH=2234.40
2026-02-02 14:36:30,852 [INFO]     NSE:GODREJPROP-EQ | CVD=-46946 vs Ref=25814 | Close=1541.60 vs VAH=1540.80
2026-02-02 14:36:32,409 [INFO]     NSE:HINDALCO-EQ | CVD=-155778 vs Ref=493502 | Close=925.15 vs VAH=913.80
2026-02-02 14:36:34,004 [INFO]     NSE:INDIANB-EQ | CVD=755566 vs Ref=95330 | Close=824.70 vs VAH=835.55
2026-02-02 14:36:35,405 [INFO]     NSE:OIL-EQ | CVD=-118096 vs Ref=116885 | Close=478.35 vs VAH=480.90
2026-02-02 14:36:36,835 [INFO]     NSE:JSWENERGY-EQ | CVD=-241898 vs Ref=3921 | Close=445.75 vs VAH=447.80
2026-02-02 14:36:38,286 [INFO]     NSE:NATIONALUM-EQ | CVD=1457024 vs Ref=1364212 | Close=366.25 vs VAH=367.15
2026-02-02 14:36:39,693 [INFO]     NSE:PFC-EQ | CVD=-821691 vs Ref=0 | Close=381.30 vs VAH=385.65
2026-02-02 14:36:41,272 [INFO]     NSE:RECLTD-EQ | CVD=1188046 vs Ref=192310 | Close=359.05 vs VAH=366.00
2026-02-02 14:36:42,937 [INFO]     NSE:TATAPOWER-EQ | CVD=-144449 vs Ref=22693 | Close=355.15 vs VAH=355.20
2026-02-02 14:36:44,427 [INFO]     NSE:LTF-EQ | CVD=112941 vs Ref=98102 | Close=273.10 vs VAH=276.00
2026-02-02 14:36:45,942 [INFO]     NSE:HUDCO-EQ | CVD=-262326 vs Ref=1361 | Close=184.11 vs VAH=186.90
2026-02-02 14:36:47,367 [INFO]     NSE:GAIL-EQ | CVD=-1845122 vs Ref=1741 | Close=159.13 vs VAH=161.40
2026-02-02 14:36:51,324 [INFO] 🔍 Scanning for alerts on 6 symbols (5min)...
2026-02-02 14:36:52,759 [INFO]     NSE:KAYNES-EQ | CVD=6146 vs Ref=-99061 | Close=3417.00 vs VAL=3444.00
2026-02-02 14:36:54,210 [INFO]     NSE:PIIND-EQ | CVD=23286 vs Ref=-17103 | Close=3065.30 vs VAL=3049.50
2026-02-02 14:36:55,686 [INFO]     NSE:HINDUNILVR-EQ | CVD=117062 vs Ref=-17753 | Close=2340.40 vs VAL=2318.40
2026-02-02 14:36:57,124 [INFO]     NSE:CHOLAFIN-EQ | CVD=187789 vs Ref=-79867 | Close=1576.10 vs VAL=1526.80
2026-02-02 14:36:58,619 [INFO]     NSE:MAXHEALTH-EQ | CVD=173603 vs Ref=-26629 | Close=949.55 vs VAL=947.00
2026-02-02 14:37:00,014 [INFO]     NSE:IDFCFIRSTB-EQ | CVD=6387038 vs Ref=-243483 | Close=80.72 vs VAL=79.70
2026-02-02 14:37:15,688 [INFO] 🔍 Scanning for alerts on 3 symbols (5min)...
2026-02-02 14:37:17,197 [INFO]     NSE:PIIND-EQ | CVD=23286 vs Ref=-17103 | Close=3065.30 vs VAL=3049.50
2026-02-02 14:37:18,689 [INFO]     NSE:CHOLAFIN-EQ | CVD=187789 vs Ref=-79867 | Close=1576.10 vs VAL=1526.80
2026-02-02 14:37:20,153 [INFO]     NSE:IDFCFIRSTB-EQ | CVD=6387038 vs Ref=-243483 | Close=80.72 vs VAL=79.70
2026-02-02 14:37:22,598 [INFO] 🔍 Scanning for alerts on 1 symbols (5min)...
2026-02-02 14:37:25,100 [INFO]     NSE:HINDZINC-EQ | CVD=440729 vs Ref=1657045 | Close=597.70 vs VAH=590.25
2026-02-02 14:37:47,370 [INFO] 🔍 Scanning for alerts on 14 symbols (5min)...
2026-02-02 14:37:48,907 [INFO]     NSE:POWERINDIA-EQ | CVD=-20487 vs Ref=1496 | Close=18783.00 vs VAH=18564.00
2026-02-02 14:37:50,441 [INFO]     NSE:MCX-EQ | CVD=-342970 vs Ref=58658 | Close=2277.80 vs VAH=2234.40
2026-02-02 14:37:52,090 [INFO]     NSE:GODREJPROP-EQ | CVD=-46946 vs Ref=25814 | Close=1541.60 vs VAH=1540.80
2026-02-02 14:37:53,614 [INFO]     NSE:HINDALCO-EQ | CVD=-155778 vs Ref=493502 | Close=925.15 vs VAH=913.80
2026-02-02 14:37:55,099 [INFO]     NSE:INDIANB-EQ | CVD=755566 vs Ref=95330 | Close=824.70 vs VAH=835.55
2026-02-02 14:37:56,472 [INFO]     NSE:OIL-EQ | CVD=-118096 vs Ref=116885 | Close=478.35 vs VAH=480.90
2026-02-02 14:37:58,176 [INFO]     NSE:JSWENERGY-EQ | CVD=-241898 vs Ref=3921 | Close=445.75 vs VAH=447.80
2026-02-02 14:38:00,020 [INFO] 🔍 Scanning for alerts on 6 symbols (5min)...
2026-02-02 14:38:00,076 [INFO]     NSE:NATIONALUM-EQ | CVD=1457024 vs Ref=1364212 | Close=366.25 vs VAH=367.15
2026-02-02 14:38:02,190 [INFO]     NSE:KAYNES-EQ | CVD=6146 vs Ref=-99061 | Close=3417.00 vs VAL=3444.00
2026-02-02 14:38:02,244 [INFO]     NSE:PFC-EQ | CVD=-821691 vs Ref=0 | Close=381.30 vs VAH=385.65
2026-02-02 14:38:04,138 [INFO]     NSE:PIIND-EQ | CVD=23286 vs Ref=-17103 | Close=3065.30 vs VAL=3049.50
2026-02-02 14:38:04,171 [INFO]     NSE:RECLTD-EQ | CVD=1188046 vs Ref=192310 | Close=359.05 vs VAH=366.00
2026-02-02 14:38:06,233 [INFO]     NSE:HINDUNILVR-EQ | CVD=117062 vs Ref=-17753 | Close=2340.40 vs VAL=2318.40
2026-02-02 14:38:06,329 [INFO]     NSE:TATAPOWER-EQ | CVD=-144449 vs Ref=22693 | Close=355.15 vs VAH=355.20
2026-02-02 14:38:07,825 [INFO]     NSE:CHOLAFIN-EQ | CVD=187789 vs Ref=-79867 | Close=1576.10 vs VAL=1526.80
2026-02-02 14:38:08,001 [INFO]     NSE:LTF-EQ | CVD=112941 vs Ref=98102 | Close=273.10 vs VAH=276.00
2026-02-02 14:38:09,237 [INFO]     NSE:MAXHEALTH-EQ | CVD=173603 vs Ref=-26629 | Close=949.55 vs VAL=947.00
2026-02-02 14:38:09,620 [INFO]     NSE:HUDCO-EQ | CVD=-262326 vs Ref=1361 | Close=184.11 vs VAH=186.90
2026-02-02 14:38:10,774 [INFO]     NSE:IDFCFIRSTB-EQ | CVD=6387038 vs Ref=-243483 | Close=80.72 vs VAL=79.70
2026-02-02 14:38:11,108 [INFO]     NSE:GAIL-EQ | CVD=-1845122 vs Ref=1741 | Close=159.13 vs VAH=161.40
2026-02-02 14:38:20,155 [INFO] 🔍 Scanning for alerts on 3 symbols (5min)...
2026-02-02 14:38:21,659 [INFO]     NSE:PIIND-EQ | CVD=23286 vs Ref=-17103 | Close=3065.30 vs VAL=3049.50
2026-02-02 14:38:23,754 [INFO]     NSE:CHOLAFIN-EQ | CVD=187789 vs Ref=-79867 | Close=1576.10 vs VAL=1526.80
2026-02-02 14:38:25,105 [INFO] 🔍 Scanning for alerts on 1 symbols (5min)...
2026-02-02 14:38:26,085 [INFO]     NSE:IDFCFIRSTB-EQ | CVD=6387038 vs Ref=-243483 | Close=80.72 vs VAL=79.70
2026-02-02 14:38:27,517 [INFO]     NSE:HINDZINC-EQ | CVD=440729 vs Ref=1657045 | Close=597.70 vs VAH=590.25
2026-02-02 14:39:10,778 [INFO] 🔍 Scanning for alerts on 6 symbols (5min)...
2026-02-02 14:39:11,114 [INFO] 🔍 Scanning for alerts on 14 symbols (5min)...
2026-02-02 14:39:12,266 [INFO]     NSE:KAYNES-EQ | CVD=6146 vs Ref=-99061 | Close=3417.00 vs VAL=3444.00
2026-02-02 14:39:12,618 [INFO]     NSE:POWERINDIA-EQ | CVD=-20487 vs Ref=1496 | Close=18783.00 vs VAH=18564.00
2026-02-02 14:39:13,709 [INFO]     NSE:PIIND-EQ | CVD=23286 vs Ref=-17103 | Close=3065.30 vs VAL=3049.50
2026-02-02 14:39:14,157 [INFO]     NSE:MCX-EQ | CVD=-342970 vs Ref=58658 | Close=2277.80 vs VAH=2234.40
2026-02-02 14:39:15,178 [INFO]     NSE:HINDUNILVR-EQ | CVD=117062 vs Ref=-17753 | Close=2340.40 vs VAL=2318.40
2026-02-02 14:39:15,630 [INFO]     NSE:GODREJPROP-EQ | CVD=-46946 vs Ref=25814 | Close=1541.60 vs VAH=1540.80
2026-02-02 14:39:16,873 [INFO]     NSE:CHOLAFIN-EQ | CVD=187789 vs Ref=-79867 | Close=1576.10 vs VAL=1526.80
2026-02-02 14:39:17,475 [INFO]     NSE:HINDALCO-EQ | CVD=-155778 vs Ref=493502 | Close=925.15 vs VAH=913.80
2026-02-02 14:39:18,830 [INFO]     NSE:MAXHEALTH-EQ | CVD=173603 vs Ref=-26629 | Close=949.55 vs VAL=947.00
2026-02-02 14:39:19,464 [INFO]     NSE:INDIANB-EQ | CVD=755566 vs Ref=95330 | Close=824.70 vs VAH=835.55
2026-02-02 14:39:20,435 [INFO]     NSE:IDFCFIRSTB-EQ | CVD=6387038 vs Ref=-243483 | Close=80.72 vs VAL=79.70
2026-02-02 14:39:20,914 [INFO]     NSE:OIL-EQ | CVD=-118096 vs Ref=116885 | Close=478.35 vs VAH=480.90
2026-02-02 14:39:22,347 [INFO]     NSE:JSWENERGY-EQ | CVD=-241898 vs Ref=3921 | Close=445.75 vs VAH=447.80
2026-02-02 14:39:24,739 [INFO]     NSE:NATIONALUM-EQ | CVD=1457024 vs Ref=1364212 | Close=366.25 vs VAH=367.15
2026-02-02 14:39:26,088 [INFO] 🔍 Scanning for alerts on 3 symbols (5min)...
2026-02-02 14:39:27,045 [INFO]     NSE:PFC-EQ | CVD=-821691 vs Ref=0 | Close=381.30 vs VAH=385.65
2026-02-02 14:39:27,522 [INFO] 🔍 Scanning for alerts on 1 symbols (5min)...
2026-02-02 14:39:28,390 [INFO]     NSE:PIIND-EQ | CVD=23286 vs Ref=-17103 | Close=3065.30 vs VAL=3049.50
2026-02-02 14:39:29,228 [INFO]     NSE:RECLTD-EQ | CVD=1188046 vs Ref=192310 | Close=359.05 vs VAH=366.00
2026-02-02 14:39:29,791 [INFO]     NSE:HINDZINC-EQ | CVD=440729 vs Ref=1657045 | Close=597.70 vs VAH=590.25
2026-02-02 14:39:30,478 [INFO]     NSE:CHOLAFIN-EQ | CVD=187789 vs Ref=-79867 | Close=1576.10 vs VAL=1526.80
2026-02-02 14:39:31,437 [INFO]     NSE:TATAPOWER-EQ | CVD=-144449 vs Ref=22693 | Close=355.15 vs VAH=355.20
2026-02-02 14:39:32,551 [INFO]     NSE:IDFCFIRSTB-EQ | CVD=6387038 vs Ref=-243483 | Close=80.72 vs VAL=79.70
2026-02-02 14:39:33,418 [INFO]     NSE:LTF-EQ | CVD=112941 vs Ref=98102 | Close=273.10 vs VAH=276.00
2026-02-02 14:39:35,096 [INFO]     NSE:HUDCO-EQ | CVD=-262326 vs Ref=1361 | Close=184.11 vs VAH=186.90
2026-02-02 14:39:36,635 [INFO]     NSE:GAIL-EQ | CVD=-1845122 vs Ref=1741 | Close=159.13 vs VAH=161.40
2026-02-02 14:40:20,438 [INFO] 🔍 Scanning for alerts on 6 symbols (5min)...
2026-02-02 14:40:21,917 [INFO]     NSE:KAYNES-EQ | CVD=6146 vs Ref=-99061 | Close=3417.00 vs VAL=3444.00
2026-02-02 14:40:24,076 [INFO]     NSE:PIIND-EQ | CVD=23286 vs Ref=-17103 | Close=3065.30 vs VAL=3049.50
2026-02-02 14:40:26,820 [INFO]     NSE:HINDUNILVR-EQ | CVD=117062 vs Ref=-17753 | Close=2340.40 vs VAL=2318.40
2026-02-02 14:40:29,221 [INFO]     NSE:CHOLAFIN-EQ | CVD=187789 vs Ref=-79867 | Close=1576.10 vs VAL=1526.80
2026-02-02 14:40:29,796 [INFO] 🔍 Scanning for alerts on 1 symbols (5min)...
2026-02-02 14:40:31,131 [INFO]     NSE:MAXHEALTH-EQ | CVD=173603 vs Ref=-26629 | Close=949.55 vs VAL=947.00
2026-02-02 14:40:31,788 [INFO]     NSE:HINDZINC-EQ | CVD=440729 vs Ref=1657045 | Close=597.70 vs VAH=590.25
2026-02-02 14:40:32,553 [INFO] 🔍 Scanning for alerts on 3 symbols (5min)...
2026-02-02 14:40:32,881 [INFO]     NSE:IDFCFIRSTB-EQ | CVD=6387038 vs Ref=-243483 | Close=80.72 vs VAL=79.70
2026-02-02 14:40:34,090 [INFO]     NSE:PIIND-EQ | CVD=23286 vs Ref=-17103 | Close=3065.30 vs VAL=3049.50
2026-02-02 14:40:35,660 [INFO]     NSE:CHOLAFIN-EQ | CVD=187789 vs Ref=-79867 | Close=1576.10 vs VAL=1526.80
2026-02-02 14:40:36,639 [INFO] 🔍 Scanning for alerts on 14 symbols (5min)...
2026-02-02 14:40:37,284 [INFO]     NSE:IDFCFIRSTB-EQ | CVD=6387038 vs Ref=-243483 | Close=80.72 vs VAL=79.70
2026-02-02 14:40:38,286 [INFO]     NSE:POWERINDIA-EQ | CVD=-20487 vs Ref=1496 | Close=18783.00 vs VAH=18564.00
2026-02-02 14:40:39,875 [INFO]     NSE:MCX-EQ | CVD=-342970 vs Ref=58658 | Close=2277.80 vs VAH=2234.40
2026-02-02 14:40:41,365 [INFO]     NSE:GODREJPROP-EQ | CVD=-46946 vs Ref=25814 | Close=1541.60 vs VAH=1540.80
2026-02-02 14:40:42,820 [INFO]     NSE:HINDALCO-EQ | CVD=-155778 vs Ref=493502 | Close=925.15 vs VAH=913.80
2026-02-02 14:40:44,331 [INFO]     NSE:INDIANB-EQ | CVD=755566 vs Ref=95330 | Close=824.70 vs VAH=835.55
2026-02-02 14:40:45,692 [INFO]     NSE:OIL-EQ | CVD=-118096 vs Ref=116885 | Close=478.35 vs VAH=480.90
2026-02-02 14:40:47,060 [INFO]     NSE:JSWENERGY-EQ | CVD=-241898 vs Ref=3921 | Close=445.75 vs VAH=447.80
2026-02-02 14:40:48,518 [INFO]     NSE:NATIONALUM-EQ | CVD=1457024 vs Ref=1364212 | Close=366.25 vs VAH=367.15
2026-02-02 14:40:49,937 [INFO]     NSE:PFC-EQ | CVD=-821691 vs Ref=0 | Close=381.30 vs VAH=385.65
2026-02-02 14:40:51,636 [INFO]     NSE:RECLTD-EQ | CVD=1188046 vs Ref=192310 | Close=359.05 vs VAH=366.00
2026-02-02 14:40:53,222 [INFO]     NSE:TATAPOWER-EQ | CVD=-144449 vs Ref=22693 | Close=355.15 vs VAH=355.20
2026-02-02 14:40:54,705 [INFO]     NSE:LTF-EQ | CVD=112941 vs Ref=98102 | Close=273.10 vs VAH=276.00
2026-02-02 14:40:56,269 [INFO]     NSE:HUDCO-EQ | CVD=-262326 vs Ref=1361 | Close=184.11 vs VAH=186.90
2026-02-02 14:40:57,955 [INFO]     NSE:GAIL-EQ | CVD=-1845122 vs Ref=1741 | Close=159.13 vs VAH=161.40
2026-02-02 14:41:31,791 [INFO] 🔍 Scanning for alerts on 1 symbols (5min)...
2026-02-02 14:41:32,886 [INFO] 🔍 Scanning for alerts on 6 symbols (5min)...
2026-02-02 14:41:33,411 [INFO]     NSE:HINDZINC-EQ | CVD=700723 vs Ref=1657045 | Close=599.05 vs VAH=590.25
2026-02-02 14:41:34,496 [INFO]     NSE:KAYNES-EQ | CVD=8804 vs Ref=-99061 | Close=3415.70 vs VAL=3444.00
2026-02-02 14:41:35,907 [INFO]     NSE:PIIND-EQ | CVD=23186 vs Ref=-17103 | Close=3064.60 vs VAL=3049.50
2026-02-02 14:41:37,286 [INFO] 🔍 Scanning for alerts on 3 symbols (5min)...
2026-02-02 14:41:37,436 [INFO]     NSE:HINDUNILVR-EQ | CVD=123082 vs Ref=-17753 | Close=2346.60 vs VAL=2318.40
2026-02-02 14:41:38,742 [INFO]     NSE:PIIND-EQ | CVD=23186 vs Ref=-17103 | Close=3064.60 vs VAL=3049.50
2026-02-02 14:41:39,021 [INFO]     NSE:CHOLAFIN-EQ | CVD=193165 vs Ref=-79867 | Close=1575.70 vs VAL=1526.80
2026-02-02 14:41:40,380 [INFO]     NSE:CHOLAFIN-EQ | CVD=193165 vs Ref=-79867 | Close=1575.70 vs VAL=1526.80
2026-02-02 14:41:40,464 [INFO]     NSE:MAXHEALTH-EQ | CVD=196022 vs Ref=-26629 | Close=951.75 vs VAL=947.00
2026-02-02 14:41:41,864 [INFO]     NSE:IDFCFIRSTB-EQ | CVD=6258070 vs Ref=-243483 | Close=80.55 vs VAL=79.70
2026-02-02 14:41:42,005 [INFO]     NSE:IDFCFIRSTB-EQ | CVD=6258070 vs Ref=-243483 | Close=80.55 vs VAL=79.70
2026-02-02 14:41:57,960 [INFO] 🔍 Scanning for alerts on 14 symbols (5min)...
2026-02-02 14:41:59,845 [INFO]     NSE:POWERINDIA-EQ | CVD=-20492 vs Ref=1496 | Close=18791.00 vs VAH=18564.00
2026-02-02 14:42:01,678 [INFO]     NSE:MCX-EQ | CVD=-258237 vs Ref=58658 | Close=2281.00 vs VAH=2234.40
2026-02-02 14:42:03,584 [INFO]     NSE:GODREJPROP-EQ | CVD=-47884 vs Ref=25814 | Close=1542.80 vs VAH=1540.80
2026-02-02 14:42:05,187 [INFO]     NSE:HINDALCO-EQ | CVD=-154303 vs Ref=493502 | Close=925.45 vs VAH=913.80
2026-02-02 14:42:06,914 [INFO]     NSE:INDIANB-EQ | CVD=741503 vs Ref=95330 | Close=823.80 vs VAH=835.55
2026-02-02 14:42:08,708 [INFO]     NSE:OIL-EQ | CVD=-94373 vs Ref=116885 | Close=479.40 vs VAH=480.90
2026-02-02 14:42:10,368 [INFO]     NSE:JSWENERGY-EQ | CVD=-246455 vs Ref=3921 | Close=445.30 vs VAH=447.80
2026-02-02 14:42:12,703 [INFO]     NSE:NATIONALUM-EQ | CVD=1361730 vs Ref=1364212 | Close=366.20 vs VAH=367.15
2026-02-02 14:42:14,302 [INFO]     NSE:PFC-EQ | CVD=-906551 vs Ref=0 | Close=380.90 vs VAH=385.65
2026-02-02 14:42:15,780 [INFO]     NSE:RECLTD-EQ | CVD=1240931 vs Ref=192310 | Close=359.45 vs VAH=366.00
2026-02-02 14:42:17,228 [INFO]     NSE:TATAPOWER-EQ | CVD=-144523 vs Ref=22693 | Close=354.70 vs VAH=355.20
2026-02-02 14:42:18,796 [INFO]     NSE:LTF-EQ | CVD=120791 vs Ref=98102 | Close=273.15 vs VAH=276.00
2026-02-02 14:42:20,380 [INFO]     NSE:HUDCO-EQ | CVD=-127653 vs Ref=1361 | Close=185.17 vs VAH=186.90
2026-02-02 14:42:21,839 [INFO]     NSE:GAIL-EQ | CVD=-1742303 vs Ref=1741 | Close=159.30 vs VAH=161.40
2026-02-02 14:42:33,414 [INFO] 🔍 Scanning for alerts on 1 symbols (5min)...
2026-02-02 14:42:35,122 [INFO]     NSE:HINDZINC-EQ | CVD=700723 vs Ref=1657045 | Close=599.05 vs VAH=590.25
2026-02-02 14:42:41,867 [INFO] 🔍 Scanning for alerts on 3 symbols (5min)...
2026-02-02 14:42:42,009 [INFO] 🔍 Scanning for alerts on 6 symbols (5min)...
2026-02-02 14:42:43,621 [INFO]     NSE:PIIND-EQ | CVD=23186 vs Ref=-17103 | Close=3064.60 vs VAL=3049.50
2026-02-02 14:42:43,997 [INFO]     NSE:KAYNES-EQ | CVD=8804 vs Ref=-99061 | Close=3415.70 vs VAL=3444.00
2026-02-02 14:42:45,479 [INFO]     NSE:CHOLAFIN-EQ | CVD=193165 vs Ref=-79867 | Close=1575.70 vs VAL=1526.80
2026-02-02 14:42:45,734 [INFO]     NSE:PIIND-EQ | CVD=23186 vs Ref=-17103 | Close=3064.60 vs VAL=3049.50
2026-02-02 14:42:47,113 [INFO]     NSE:IDFCFIRSTB-EQ | CVD=6258070 vs Ref=-243483 | Close=80.55 vs VAL=79.70
2026-02-02 14:42:47,317 [INFO]     NSE:HINDUNILVR-EQ | CVD=123082 vs Ref=-17753 | Close=2346.60 vs VAL=2318.40
2026-02-02 14:42:49,123 [INFO]     NSE:CHOLAFIN-EQ | CVD=193165 vs Ref=-79867 | Close=1575.70 vs VAL=1526.80
2026-02-02 14:42:50,869 [INFO]     NSE:MAXHEALTH-EQ | CVD=196022 vs Ref=-26629 | Close=951.75 vs VAL=947.00
2026-02-02 14:42:52,368 [INFO]     NSE:IDFCFIRSTB-EQ | CVD=6258070 vs Ref=-243483 | Close=80.55 vs VAL=79.70
2026-02-02 14:43:21,841 [INFO] 🔍 Scanning for alerts on 14 symbols (5min)...
2026-02-02 14:43:23,961 [INFO]     NSE:POWERINDIA-EQ | CVD=-20492 vs Ref=1496 | Close=18791.00 vs VAH=18564.00
2026-02-02 14:43:26,226 [INFO]     NSE:MCX-EQ | CVD=-258237 vs Ref=58658 | Close=2281.00 vs VAH=2234.40
2026-02-02 14:43:28,048 [INFO]     NSE:GODREJPROP-EQ | CVD=-47884 vs Ref=25814 | Close=1542.80 vs VAH=1540.80
2026-02-02 14:43:29,865 [INFO]     NSE:HINDALCO-EQ | CVD=-154303 vs Ref=493502 | Close=925.45 vs VAH=913.80
2026-02-02 14:43:31,472 [INFO]     NSE:INDIANB-EQ | CVD=741503 vs Ref=95330 | Close=823.80 vs VAH=835.55
2026-02-02 14:43:32,982 [INFO]     NSE:OIL-EQ | CVD=-94373 vs Ref=116885 | Close=479.40 vs VAH=480.90
2026-02-02 14:43:34,624 [INFO]     NSE:JSWENERGY-EQ | CVD=-246455 vs Ref=3921 | Close=445.30 vs VAH=447.80
2026-02-02 14:43:35,126 [INFO] 🔍 Scanning for alerts on 1 symbols (5min)...
2026-02-02 14:43:36,298 [INFO]     NSE:NATIONALUM-EQ | CVD=1361730 vs Ref=1364212 | Close=366.20 vs VAH=367.15
2026-02-02 14:43:36,902 [INFO]     NSE:HINDZINC-EQ | CVD=700723 vs Ref=1657045 | Close=599.05 vs VAH=590.25
2026-02-02 14:43:37,826 [INFO]     NSE:PFC-EQ | CVD=-906551 vs Ref=0 | Close=380.90 vs VAH=385.65
2026-02-02 14:43:39,261 [INFO]     NSE:RECLTD-EQ | CVD=1240931 vs Ref=192310 | Close=359.45 vs VAH=366.00
2026-02-02 14:43:40,755 [INFO]     NSE:TATAPOWER-EQ | CVD=-144523 vs Ref=22693 | Close=354.70 vs VAH=355.20
2026-02-02 14:43:42,352 [INFO]     NSE:LTF-EQ | CVD=120791 vs Ref=98102 | Close=273.15 vs VAH=276.00
2026-02-02 14:43:43,917 [INFO]     NSE:HUDCO-EQ | CVD=-127653 vs Ref=1361 | Close=185.17 vs VAH=186.90
2026-02-02 14:43:45,423 [INFO]     NSE:GAIL-EQ | CVD=-1742303 vs Ref=1741 | Close=159.30 vs VAH=161.40
2026-02-02 14:43:47,116 [INFO] 🔍 Scanning for alerts on 3 symbols (5min)...
2026-02-02 14:43:48,552 [INFO]     NSE:PIIND-EQ | CVD=23186 vs Ref=-17103 | Close=3064.60 vs VAL=3049.50
2026-02-02 14:43:50,016 [INFO]     NSE:CHOLAFIN-EQ | CVD=193165 vs Ref=-79867 | Close=1575.70 vs VAL=1526.80
2026-02-02 14:43:51,452 [INFO]     NSE:IDFCFIRSTB-EQ | CVD=6258070 vs Ref=-243483 | Close=80.55 vs VAL=79.70
2026-02-02 14:43:52,371 [INFO] 🔍 Scanning for alerts on 6 symbols (5min)...
2026-02-02 14:43:53,831 [INFO]     NSE:KAYNES-EQ | CVD=8804 vs Ref=-99061 | Close=3415.70 vs VAL=3444.00
2026-02-02 14:43:55,283 [INFO]     NSE:PIIND-EQ | CVD=23186 vs Ref=-17103 | Close=3064.60 vs VAL=3049.50
2026-02-02 14:43:56,722 [INFO]     NSE:HINDUNILVR-EQ | CVD=123082 vs Ref=-17753 | Close=2346.60 vs VAL=2318.40
2026-02-02 14:43:58,279 [INFO]     NSE:CHOLAFIN-EQ | CVD=193165 vs Ref=-79867 | Close=1575.70 vs VAL=1526.80
2026-02-02 14:43:59,691 [INFO]     NSE:MAXHEALTH-EQ | CVD=196022 vs Ref=-26629 | Close=951.75 vs VAL=947.00
2026-02-02 14:44:01,303 [INFO]     NSE:IDFCFIRSTB-EQ | CVD=6258070 vs Ref=-243483 | Close=80.55 vs VAL=79.70
2026-02-02 14:44:36,906 [INFO] 🔍 Scanning for alerts on 1 symbols (5min)...
2026-02-02 14:44:38,510 [INFO]     NSE:HINDZINC-EQ | CVD=700723 vs Ref=1657045 | Close=599.05 vs VAH=590.25
2026-02-02 14:44:45,426 [INFO] 🔍 Scanning for alerts on 14 symbols (5min)...
2026-02-02 14:44:46,883 [INFO]     NSE:POWERINDIA-EQ | CVD=-20492 vs Ref=1496 | Close=18791.00 vs VAH=18564.00
2026-02-02 14:44:48,328 [INFO]     NSE:MCX-EQ | CVD=-258237 vs Ref=58658 | Close=2281.00 vs VAH=2234.40
2026-02-02 14:44:49,868 [INFO]     NSE:GODREJPROP-EQ | CVD=-47884 vs Ref=25814 | Close=1542.80 vs VAH=1540.80
2026-02-02 14:44:51,416 [INFO]     NSE:HINDALCO-EQ | CVD=-154303 vs Ref=493502 | Close=925.45 vs VAH=913.80
2026-02-02 14:44:51,456 [INFO] 🔍 Scanning for alerts on 3 symbols (5min)...
2026-02-02 14:44:53,121 [INFO]     NSE:INDIANB-EQ | CVD=741503 vs Ref=95330 | Close=823.80 vs VAH=835.55
2026-02-02 14:44:54,597 [INFO]     NSE:CHOLAFIN-EQ | CVD=193165 vs Ref=-79867 | Close=1575.70 vs VAL=1526.80
2026-02-02 14:44:54,604 [INFO]     NSE:OIL-EQ | CVD=-94373 vs Ref=116885 | Close=479.40 vs VAH=480.90
2026-02-02 14:44:56,014 [INFO]     NSE:IDFCFIRSTB-EQ | CVD=6258070 vs Ref=-243483 | Close=80.55 vs VAL=79.70
2026-02-02 14:44:56,057 [INFO]     NSE:JSWENERGY-EQ | CVD=-246455 vs Ref=3921 | Close=445.30 vs VAH=447.80
2026-02-02 14:44:57,680 [INFO]     NSE:NATIONALUM-EQ | CVD=1361730 vs Ref=1364212 | Close=366.20 vs VAH=367.15
2026-02-02 14:44:59,379 [INFO]     NSE:PFC-EQ | CVD=-906551 vs Ref=0 | Close=380.90 vs VAH=385.65
2026-02-02 14:45:01,232 [INFO]     NSE:RECLTD-EQ | CVD=1240931 vs Ref=192310 | Close=359.45 vs VAH=366.00
2026-02-02 14:45:01,307 [INFO] 🔍 Scanning for alerts on 6 symbols (5min)...
2026-02-02 14:45:03,419 [INFO]     NSE:TATAPOWER-EQ | CVD=-144523 vs Ref=22693 | Close=354.70 vs VAH=355.20
2026-02-02 14:45:03,451 [INFO]     NSE:KAYNES-EQ | CVD=8804 vs Ref=-99061 | Close=3415.70 vs VAL=3444.00
2026-02-02 14:45:05,195 [INFO]     NSE:PIIND-EQ | CVD=23186 vs Ref=-17103 | Close=3064.60 vs VAL=3049.50
2026-02-02 14:45:05,256 [INFO]     NSE:LTF-EQ | CVD=120791 vs Ref=98102 | Close=273.15 vs VAH=276.00
2026-02-02 14:45:07,115 [INFO]     NSE:HINDUNILVR-EQ | CVD=123082 vs Ref=-17753 | Close=2346.60 vs VAL=2318.40
2026-02-02 14:45:07,253 [INFO]     NSE:HUDCO-EQ | CVD=-127653 vs Ref=1361 | Close=185.17 vs VAH=186.90
2026-02-02 14:45:08,717 [INFO]     NSE:CHOLAFIN-EQ | CVD=193165 vs Ref=-79867 | Close=1575.70 vs VAL=1526.80
2026-02-02 14:45:08,790 [INFO]     NSE:GAIL-EQ | CVD=-1742303 vs Ref=1741 | Close=159.30 vs VAH=161.40
2026-02-02 14:45:10,160 [INFO]     NSE:MAXHEALTH-EQ | CVD=196022 vs Ref=-26629 | Close=951.75 vs VAL=947.00
2026-02-02 14:45:11,622 [INFO]     NSE:IDFCFIRSTB-EQ | CVD=6258070 vs Ref=-243483 | Close=80.55 vs VAL=79.70
2026-02-02 14:45:38,514 [INFO] 🔍 Scanning for alerts on 1 symbols (5min)...
2026-02-02 14:45:40,073 [INFO]     NSE:HINDZINC-EQ | CVD=700723 vs Ref=1657045 | Close=599.05 vs VAH=590.25
2026-02-02 14:45:56,017 [INFO] 🔍 Scanning for alerts on 3 symbols (5min)...
2026-02-02 14:45:57,404 [INFO]     NSE:PIIND-EQ | CVD=23186 vs Ref=-17103 | Close=3064.60 vs VAL=3049.50
2026-02-02 14:45:59,113 [INFO]     NSE:CHOLAFIN-EQ | CVD=193165 vs Ref=-79867 | Close=1575.70 vs VAL=1526.80
2026-02-02 14:46:00,675 [INFO]     NSE:IDFCFIRSTB-EQ | CVD=6258070 vs Ref=-243483 | Close=80.55 vs VAL=79.70
2026-02-02 14:46:08,792 [INFO] 🔍 Scanning for alerts on 14 symbols (5min)...
2026-02-02 14:46:10,381 [INFO]     NSE:POWERINDIA-EQ | CVD=-21104 vs Ref=1496 | Close=18774.00 vs VAH=18564.00
2026-02-02 14:46:11,630 [INFO] 🔍 Scanning for alerts on 6 symbols (5min)...
2026-02-02 14:46:11,913 [INFO]     NSE:MCX-EQ | CVD=-250164 vs Ref=58658 | Close=2278.10 vs VAH=2234.40
2026-02-02 14:46:13,285 [INFO]     NSE:KAYNES-EQ | CVD=9305 vs Ref=-99061 | Close=3421.20 vs VAL=3444.00
2026-02-02 14:46:13,531 [INFO]     NSE:GODREJPROP-EQ | CVD=-49183 vs Ref=25814 | Close=1542.70 vs VAH=1540.80
2026-02-02 14:46:14,776 [INFO]     NSE:PIIND-EQ | CVD=22860 vs Ref=-17103 | Close=3064.00 vs VAL=3049.50
2026-02-02 14:46:15,091 [INFO]     NSE:HINDALCO-EQ | CVD=-148464 vs Ref=493502 | Close=926.10 vs VAH=913.80
2026-02-02 14:46:16,450 [INFO]     NSE:HINDUNILVR-EQ | CVD=113027 vs Ref=-17753 | Close=2346.40 vs VAL=2318.40
2026-02-02 14:46:16,939 [INFO]     NSE:INDIANB-EQ | CVD=733208 vs Ref=95330 | Close=824.25 vs VAH=835.55
2026-02-02 14:46:18,289 [INFO]     NSE:CHOLAFIN-EQ | CVD=198954 vs Ref=-79867 | Close=1580.80 vs VAL=1526.80
2026-02-02 14:46:18,623 [INFO]     NSE:OIL-EQ | CVD=-118919 vs Ref=116885 | Close=477.50 vs VAH=480.90
2026-02-02 14:46:19,837 [INFO]     NSE:MAXHEALTH-EQ | CVD=188015 vs Ref=-26629 | Close=952.00 vs VAL=947.00
2026-02-02 14:46:20,130 [INFO]     NSE:JSWENERGY-EQ | CVD=-243630 vs Ref=3921 | Close=445.90 vs VAH=447.80
2026-02-02 14:46:21,676 [INFO]     NSE:IDFCFIRSTB-EQ | CVD=6405143 vs Ref=-243483 | Close=80.68 vs VAL=79.70
2026-02-02 14:46:22,001 [INFO]     NSE:NATIONALUM-EQ | CVD=1359584 vs Ref=1364212 | Close=366.65 vs VAH=367.15
2026-02-02 14:46:24,168 [INFO]     NSE:PFC-EQ | CVD=-875740 vs Ref=0 | Close=381.35 vs VAH=385.65
2026-02-02 14:46:26,498 [INFO]     NSE:RECLTD-EQ | CVD=1338047 vs Ref=192310 | Close=360.10 vs VAH=366.00
2026-02-02 14:46:28,696 [INFO]     NSE:TATAPOWER-EQ | CVD=-151213 vs Ref=22693 | Close=354.90 vs VAH=355.20
2026-02-02 14:46:30,497 [INFO]     NSE:LTF-EQ | CVD=75890 vs Ref=98102 | Close=273.45 vs VAH=276.00
2026-02-02 14:46:32,266 [INFO]     NSE:HUDCO-EQ | CVD=-92943 vs Ref=1361 | Close=185.30 vs VAH=186.90
2026-02-02 14:46:33,798 [INFO]     NSE:GAIL-EQ | CVD=-1760043 vs Ref=1741 | Close=159.45 vs VAH=161.40
2026-02-02 14:46:40,077 [INFO] 🔍 Scanning for alerts on 1 symbols (5min)...
2026-02-02 14:46:41,535 [INFO]     NSE:HINDZINC-EQ | CVD=936236 vs Ref=1657045 | Close=602.20 vs VAH=590.25
2026-02-02 14:47:00,678 [INFO] 🔍 Scanning for alerts on 3 symbols (5min)...
2026-02-02 14:47:02,620 [INFO]     NSE:PIIND-EQ | CVD=22860 vs Ref=-17103 | Close=3064.00 vs VAL=3049.50
2026-02-02 14:47:04,395 [INFO]     NSE:CHOLAFIN-EQ | CVD=198954 vs Ref=-79867 | Close=1580.80 vs VAL=1526.80
2026-02-02 14:47:05,983 [INFO]     NSE:IDFCFIRSTB-EQ | CVD=6405143 vs Ref=-243483 | Close=80.68 vs VAL=79.70
2026-02-02 14:47:21,679 [INFO] 🔍 Scanning for alerts on 6 symbols (5min)...
2026-02-02 14:47:23,861 [INFO]     NSE:KAYNES-EQ | CVD=9305 vs Ref=-99061 | Close=3421.20 vs VAL=3444.00
2026-02-02 14:47:26,244 [INFO]     NSE:PIIND-EQ | CVD=22860 vs Ref=-17103 | Close=3064.00 vs VAL=3049.50
2026-02-02 14:47:28,093 [INFO]     NSE:HINDUNILVR-EQ | CVD=113027 vs Ref=-17753 | Close=2346.40 vs VAL=2318.40
2026-02-02 14:47:29,660 [INFO]     NSE:CHOLAFIN-EQ | CVD=198954 vs Ref=-79867 | Close=1580.80 vs VAL=1526.80
2026-02-02 14:47:31,159 [INFO]     NSE:MAXHEALTH-EQ | CVD=188015 vs Ref=-26629 | Close=952.00 vs VAL=947.00
2026-02-02 14:47:32,630 [INFO]     NSE:IDFCFIRSTB-EQ | CVD=6405143 vs Ref=-243483 | Close=80.68 vs VAL=79.70
2026-02-02 14:47:33,800 [INFO] 🔍 Scanning for alerts on 14 symbols (5min)...
2026-02-02 14:47:35,478 [INFO]     NSE:POWERINDIA-EQ | CVD=-21104 vs Ref=1496 | Close=18774.00 vs VAH=18564.00
2026-02-02 14:47:37,007 [INFO]     NSE:MCX-EQ | CVD=-250164 vs Ref=58658 | Close=2278.10 vs VAH=2234.40
2026-02-02 14:47:38,480 [INFO]     NSE:GODREJPROP-EQ | CVD=-49183 vs Ref=25814 | Close=1542.70 vs VAH=1540.80
2026-02-02 14:47:39,916 [INFO]     NSE:HINDALCO-EQ | CVD=-148464 vs Ref=493502 | Close=926.10 vs VAH=913.80
2026-02-02 14:47:41,392 [INFO]     NSE:INDIANB-EQ | CVD=733208 vs Ref=95330 | Close=824.25 vs VAH=835.55
2026-02-02 14:47:41,539 [INFO] 🔍 Scanning for alerts on 1 symbols (5min)...
2026-02-02 14:47:42,826 [INFO]     NSE:OIL-EQ | CVD=-118919 vs Ref=116885 | Close=477.50 vs VAH=480.90
2026-02-02 14:47:43,154 [INFO]     NSE:HINDZINC-EQ | CVD=936236 vs Ref=1657045 | Close=602.20 vs VAH=590.25
2026-02-02 14:47:44,379 [INFO]     NSE:JSWENERGY-EQ | CVD=-243630 vs Ref=3921 | Close=445.90 vs VAH=447.80
2026-02-02 14:47:46,098 [INFO]     NSE:NATIONALUM-EQ | CVD=1359584 vs Ref=1364212 | Close=366.65 vs VAH=367.15
2026-02-02 14:47:47,594 [INFO]     NSE:PFC-EQ | CVD=-875740 vs Ref=0 | Close=381.35 vs VAH=385.65
2026-02-02 14:47:49,083 [INFO]     NSE:RECLTD-EQ | CVD=1338047 vs Ref=192310 | Close=360.10 vs VAH=366.00
2026-02-02 14:47:50,558 [INFO]     NSE:TATAPOWER-EQ | CVD=-151213 vs Ref=22693 | Close=354.90 vs VAH=355.20
2026-02-02 14:47:52,126 [INFO]     NSE:LTF-EQ | CVD=75890 vs Ref=98102 | Close=273.45 vs VAH=276.00
2026-02-02 14:47:53,638 [INFO]     NSE:HUDCO-EQ | CVD=-92943 vs Ref=1361 | Close=185.30 vs VAH=186.90
2026-02-02 14:47:55,011 [INFO]     NSE:GAIL-EQ | CVD=-1760043 vs Ref=1741 | Close=159.45 vs VAH=161.40
2026-02-02 14:48:05,986 [INFO] 🔍 Scanning for alerts on 3 symbols (5min)...
2026-02-02 14:48:07,436 [INFO]     NSE:PIIND-EQ | CVD=22860 vs Ref=-17103 | Close=3064.00 vs VAL=3049.50
2026-02-02 14:48:09,001 [INFO]     NSE:CHOLAFIN-EQ | CVD=198954 vs Ref=-79867 | Close=1580.80 vs VAL=1526.80
2026-02-02 14:48:10,378 [INFO]     NSE:IDFCFIRSTB-EQ | CVD=6405143 vs Ref=-243483 | Close=80.68 vs VAL=79.70
2026-02-02 14:48:32,635 [INFO] 🔍 Scanning for alerts on 6 symbols (5min)...
2026-02-02 14:48:34,128 [INFO]     NSE:KAYNES-EQ | CVD=9305 vs Ref=-99061 | Close=3421.20 vs VAL=3444.00
2026-02-02 14:48:35,541 [INFO]     NSE:PIIND-EQ | CVD=22860 vs Ref=-17103 | Close=3064.00 vs VAL=3049.50
2026-02-02 14:48:37,010 [INFO]     NSE:HINDUNILVR-EQ | CVD=113027 vs Ref=-17753 | Close=2346.40 vs VAL=2318.40
2026-02-02 14:48:38,459 [INFO]     NSE:CHOLAFIN-EQ | CVD=198954 vs Ref=-79867 | Close=1580.80 vs VAL=1526.80
2026-02-02 14:48:39,927 [INFO]     NSE:MAXHEALTH-EQ | CVD=188015 vs Ref=-26629 | Close=952.00 vs VAL=947.00
2026-02-02 14:48:41,447 [INFO]     NSE:IDFCFIRSTB-EQ | CVD=6405143 vs Ref=-243483 | Close=80.68 vs VAL=79.70
2026-02-02 14:48:43,158 [INFO] 🔍 Scanning for alerts on 1 symbols (5min)...
2026-02-02 14:48:44,780 [INFO]     NSE:HINDZINC-EQ | CVD=936236 vs Ref=1657045 | Close=602.20 vs VAH=590.25
2026-02-02 14:48:55,014 [INFO] 🔍 Scanning for alerts on 14 symbols (5min)...
2026-02-02 14:48:56,485 [INFO]     NSE:POWERINDIA-EQ | CVD=-21104 vs Ref=1496 | Close=18774.00 vs VAH=18564.00
2026-02-02 14:48:58,034 [INFO]     NSE:MCX-EQ | CVD=-250164 vs Ref=58658 | Close=2278.10 vs VAH=2234.40
2026-02-02 14:48:59,524 [INFO]     NSE:GODREJPROP-EQ | CVD=-49183 vs Ref=25814 | Close=1542.70 vs VAH=1540.80
2026-02-02 14:49:01,225 [INFO]     NSE:HINDALCO-EQ | CVD=-148464 vs Ref=493502 | Close=926.10 vs VAH=913.80
2026-02-02 14:49:03,323 [INFO]     NSE:INDIANB-EQ | CVD=733208 vs Ref=95330 | Close=824.25 vs VAH=835.55
2026-02-02 14:49:05,061 [INFO]     NSE:OIL-EQ | CVD=-118919 vs Ref=116885 | Close=477.50 vs VAH=480.90
2026-02-02 14:49:07,020 [INFO]     NSE:JSWENERGY-EQ | CVD=-243630 vs Ref=3921 | Close=445.90 vs VAH=447.80
2026-02-02 14:49:08,562 [INFO]     NSE:NATIONALUM-EQ | CVD=1359584 vs Ref=1364212 | Close=366.65 vs VAH=367.15
2026-02-02 14:49:10,029 [INFO]     NSE:PFC-EQ | CVD=-875740 vs Ref=0 | Close=381.35 vs VAH=385.65
2026-02-02 14:49:10,380 [INFO] 🔍 Scanning for alerts on 3 symbols (5min)...
2026-02-02 14:49:11,552 [INFO]     NSE:RECLTD-EQ | CVD=1338047 vs Ref=192310 | Close=360.10 vs VAH=366.00
2026-02-02 14:49:11,844 [INFO]     NSE:PIIND-EQ | CVD=22860 vs Ref=-17103 | Close=3064.00 vs VAL=3049.50
2026-02-02 14:49:13,276 [INFO]     NSE:TATAPOWER-EQ | CVD=-151213 vs Ref=22693 | Close=354.90 vs VAH=355.20
2026-02-02 14:49:13,513 [INFO]     NSE:CHOLAFIN-EQ | CVD=198954 vs Ref=-79867 | Close=1580.80 vs VAL=1526.80
2026-02-02 14:49:15,022 [INFO]     NSE:LTF-EQ | CVD=75890 vs Ref=98102 | Close=273.45 vs VAH=276.00
2026-02-02 14:49:15,129 [INFO]     NSE:IDFCFIRSTB-EQ | CVD=6405143 vs Ref=-243483 | Close=80.68 vs VAL=79.70
2026-02-02 14:49:16,623 [INFO]     NSE:HUDCO-EQ | CVD=-92943 vs Ref=1361 | Close=185.30 vs VAH=186.90
2026-02-02 14:49:18,122 [INFO]     NSE:GAIL-EQ | CVD=-1760043 vs Ref=1741 | Close=159.45 vs VAH=161.40
2026-02-02 14:49:41,451 [INFO] 🔍 Scanning for alerts on 6 symbols (5min)...
2026-02-02 14:49:42,957 [INFO]     NSE:KAYNES-EQ | CVD=9305 vs Ref=-99061 | Close=3421.20 vs VAL=3444.00
2026-02-02 14:49:44,550 [INFO]     NSE:PIIND-EQ | CVD=22860 vs Ref=-17103 | Close=3064.00 vs VAL=3049.50
2026-02-02 14:49:44,784 [INFO] 🔍 Scanning for alerts on 1 symbols (5min)...
2026-02-02 14:49:46,139 [INFO]     NSE:HINDUNILVR-EQ | CVD=113027 vs Ref=-17753 | Close=2346.40 vs VAL=2318.40
2026-02-02 14:49:46,460 [INFO]     NSE:HINDZINC-EQ | CVD=936236 vs Ref=1657045 | Close=602.20 vs VAH=590.25
2026-02-02 14:49:47,611 [INFO]     NSE:CHOLAFIN-EQ | CVD=198954 vs Ref=-79867 | Close=1580.80 vs VAL=1526.80
2026-02-02 14:49:49,018 [INFO]     NSE:MAXHEALTH-EQ | CVD=188015 vs Ref=-26629 | Close=952.00 vs VAL=947.00
2026-02-02 14:49:50,410 [INFO]     NSE:IDFCFIRSTB-EQ | CVD=6405143 vs Ref=-243483 | Close=80.68 vs VAL=79.70
2026-02-02 14:50:15,131 [INFO] 🔍 Scanning for alerts on 3 symbols (5min)...
2026-02-02 14:50:16,526 [INFO]     NSE:PIIND-EQ | CVD=22860 vs Ref=-17103 | Close=3064.00 vs VAL=3049.50
2026-02-02 14:50:17,959 [INFO]     NSE:CHOLAFIN-EQ | CVD=198954 vs Ref=-79867 | Close=1580.80 vs VAL=1526.80
2026-02-02 14:50:18,125 [INFO] 🔍 Scanning for alerts on 14 symbols (5min)...
2026-02-02 14:50:19,587 [INFO]     NSE:IDFCFIRSTB-EQ | CVD=6405143 vs Ref=-243483 | Close=80.68 vs VAL=79.70
2026-02-02 14:50:19,757 [INFO]     NSE:POWERINDIA-EQ | CVD=-21104 vs Ref=1496 | Close=18774.00 vs VAH=18564.00
2026-02-02 14:50:21,363 [INFO]     NSE:MCX-EQ | CVD=-250164 vs Ref=58658 | Close=2278.10 vs VAH=2234.40
2026-02-02 14:50:23,416 [INFO]     NSE:GODREJPROP-EQ | CVD=-49183 vs Ref=25814 | Close=1542.70 vs VAH=1540.80
2026-02-02 14:50:25,716 [INFO]     NSE:HINDALCO-EQ | CVD=-148464 vs Ref=493502 | Close=926.10 vs VAH=913.80
2026-02-02 14:50:28,122 [INFO]     NSE:INDIANB-EQ | CVD=733208 vs Ref=95330 | Close=824.25 vs VAH=835.55
2026-02-02 14:50:30,158 [INFO]     NSE:OIL-EQ | CVD=-118919 vs Ref=116885 | Close=477.50 vs VAH=480.90
2026-02-02 14:50:31,739 [INFO]     NSE:JSWENERGY-EQ | CVD=-243630 vs Ref=3921 | Close=445.90 vs VAH=447.80
2026-02-02 14:50:33,284 [INFO]     NSE:NATIONALUM-EQ | CVD=1359584 vs Ref=1364212 | Close=366.65 vs VAH=367.15
2026-02-02 14:50:34,757 [INFO]     NSE:PFC-EQ | CVD=-875740 vs Ref=0 | Close=381.35 vs VAH=385.65
2026-02-02 14:50:36,331 [INFO]     NSE:RECLTD-EQ | CVD=1338047 vs Ref=192310 | Close=360.10 vs VAH=366.00
2026-02-02 14:50:38,121 [INFO]     NSE:TATAPOWER-EQ | CVD=-151213 vs Ref=22693 | Close=354.90 vs VAH=355.20
2026-02-02 14:50:39,678 [INFO]     NSE:LTF-EQ | CVD=75890 vs Ref=98102 | Close=273.45 vs VAH=276.00
2026-02-02 14:50:41,571 [INFO]     NSE:HUDCO-EQ | CVD=-92943 vs Ref=1361 | Close=185.30 vs VAH=186.90
2026-02-02 14:50:43,416 [INFO]     NSE:GAIL-EQ | CVD=-1760043 vs Ref=1741 | Close=159.45 vs VAH=161.40
2026-02-02 14:50:46,464 [INFO] 🔍 Scanning for alerts on 1 symbols (5min)...
2026-02-02 14:50:48,091 [INFO]     NSE:HINDZINC-EQ | CVD=936236 vs Ref=1657045 | Close=602.20 vs VAH=590.25
2026-02-02 14:50:50,414 [INFO] 🔍 Scanning for alerts on 6 symbols (5min)...
2026-02-02 14:50:52,185 [INFO]     NSE:KAYNES-EQ | CVD=9305 vs Ref=-99061 | Close=3421.20 vs VAL=3444.00
2026-02-02 14:50:53,910 [INFO]     NSE:PIIND-EQ | CVD=22860 vs Ref=-17103 | Close=3064.00 vs VAL=3049.50
2026-02-02 14:50:55,703 [INFO]     NSE:HINDUNILVR-EQ | CVD=113027 vs Ref=-17753 | Close=2346.40 vs VAL=2318.40
2026-02-02 14:50:57,340 [INFO]     NSE:CHOLAFIN-EQ | CVD=198954 vs Ref=-79867 | Close=1580.80 vs VAL=1526.80
2026-02-02 14:50:58,846 [INFO]     NSE:MAXHEALTH-EQ | CVD=188015 vs Ref=-26629 | Close=952.00 vs VAL=947.00
2026-02-02 14:51:00,682 [INFO]     NSE:IDFCFIRSTB-EQ | CVD=6405143 vs Ref=-243483 | Close=80.68 vs VAL=79.70
2026-02-02 14:51:19,589 [INFO] 🔍 Scanning for alerts on 3 symbols (5min)...
2026-02-02 14:51:21,035 [INFO]     NSE:PIIND-EQ | CVD=23822 vs Ref=-17103 | Close=3072.70 vs VAL=3049.50
2026-02-02 14:51:22,600 [INFO]     NSE:CHOLAFIN-EQ | CVD=205760 vs Ref=-79867 | Close=1583.90 vs VAL=1526.80
2026-02-02 14:51:25,046 [INFO]     NSE:IDFCFIRSTB-EQ | CVD=6421265 vs Ref=-243483 | Close=80.71 vs VAL=79.70
2026-02-02 14:51:43,418 [INFO] 🔍 Scanning for alerts on 14 symbols (5min)...
2026-02-02 14:51:44,903 [INFO]     NSE:POWERINDIA-EQ | CVD=-20287 vs Ref=1496 | Close=18816.00 vs VAH=18564.00
2026-02-02 14:51:46,385 [INFO]     NSE:MCX-EQ | CVD=-213985 vs Ref=58658 | Close=2289.10 vs VAH=2234.40
2026-02-02 14:51:47,826 [INFO]     NSE:GODREJPROP-EQ | CVD=-46302 vs Ref=25814 | Close=1547.40 vs VAH=1540.80
2026-02-02 14:51:48,095 [INFO] 🔍 Scanning for alerts on 1 symbols (5min)...
2026-02-02 14:51:49,383 [INFO]     NSE:HINDALCO-EQ | CVD=13962 vs Ref=493502 | Close=929.40 vs VAH=913.80
2026-02-02 14:51:49,721 [INFO]     NSE:HINDZINC-EQ | CVD=978962 vs Ref=1657045 | Close=601.70 vs VAH=590.25
2026-02-02 14:51:50,970 [INFO]     NSE:INDIANB-EQ | CVD=832044 vs Ref=95330 | Close=826.10 vs VAH=835.55
2026-02-02 14:51:52,447 [INFO]     NSE:OIL-EQ | CVD=-98236 vs Ref=116885 | Close=479.70 vs VAH=480.90
2026-02-02 14:51:54,052 [INFO]     NSE:JSWENERGY-EQ | CVD=-226186 vs Ref=3921 | Close=447.80 vs VAH=447.80
2026-02-02 14:51:55,810 [INFO]     NSE:NATIONALUM-EQ | CVD=1358152 vs Ref=1364212 | Close=367.05 vs VAH=367.15
2026-02-02 14:51:57,406 [INFO]     NSE:PFC-EQ | CVD=-771191 vs Ref=0 | Close=382.00 vs VAH=385.65
2026-02-02 14:51:59,131 [INFO]     NSE:RECLTD-EQ | CVD=1432614 vs Ref=192310 | Close=360.85 vs VAH=366.00
2026-02-02 14:52:00,636 [INFO]     NSE:TATAPOWER-EQ | CVD=-123275 vs Ref=22693 | Close=356.15 vs VAH=355.20
2026-02-02 14:52:00,687 [INFO] 🔍 Scanning for alerts on 6 symbols (5min)...
2026-02-02 14:52:02,810 [INFO]     NSE:KAYNES-EQ | CVD=26332 vs Ref=-99061 | Close=3430.40 vs VAL=3444.00
2026-02-02 14:52:02,907 [INFO]     NSE:LTF-EQ | CVD=146110 vs Ref=98102 | Close=274.10 vs VAH=276.00
2026-02-02 14:52:04,394 [INFO]     NSE:PIIND-EQ | CVD=23822 vs Ref=-17103 | Close=3072.70 vs VAL=3049.50
2026-02-02 14:52:04,799 [INFO]     NSE:HUDCO-EQ | CVD=-138853 vs Ref=1361 | Close=185.43 vs VAH=186.90
2026-02-02 14:52:06,772 [INFO]     NSE:HINDUNILVR-EQ | CVD=121692 vs Ref=-17753 | Close=2350.70 vs VAL=2318.40
2026-02-02 14:52:07,161 [INFO]     NSE:GAIL-EQ | CVD=-1860261 vs Ref=1741 | Close=159.72 vs VAH=161.40
2026-02-02 14:52:08,499 [INFO]     NSE:CHOLAFIN-EQ | CVD=205760 vs Ref=-79867 | Close=1583.90 vs VAL=1526.80
2026-02-02 14:52:09,967 [INFO]     NSE:MAXHEALTH-EQ | CVD=195243 vs Ref=-26629 | Close=953.45 vs VAL=947.00
2026-02-02 14:52:11,466 [INFO]     NSE:IDFCFIRSTB-EQ | CVD=6421265 vs Ref=-243483 | Close=80.71 vs VAL=79.70
2026-02-02 14:52:25,048 [INFO] 🔍 Scanning for alerts on 3 symbols (5min)...
2026-02-02 14:52:26,668 [INFO]     NSE:PIIND-EQ | CVD=23822 vs Ref=-17103 | Close=3072.70 vs VAL=3049.50
2026-02-02 14:52:28,437 [INFO]     NSE:CHOLAFIN-EQ | CVD=205760 vs Ref=-79867 | Close=1583.90 vs VAL=1526.80
2026-02-02 14:52:30,073 [INFO]     NSE:IDFCFIRSTB-EQ | CVD=6421265 vs Ref=-243483 | Close=80.71 vs VAL=79.70
2026-02-02 14:52:49,724 [INFO] 🔍 Scanning for alerts on 1 symbols (5min)...
2026-02-02 14:52:51,296 [INFO]     NSE:HINDZINC-EQ | CVD=978962 vs Ref=1657045 | Close=601.70 vs VAH=590.25
2026-02-02 14:53:07,166 [INFO] 🔍 Scanning for alerts on 14 symbols (5min)...
2026-02-02 14:53:08,679 [INFO]     NSE:POWERINDIA-EQ | CVD=-20287 vs Ref=1496 | Close=18816.00 vs VAH=18564.00
2026-02-02 14:53:10,162 [INFO]     NSE:MCX-EQ | CVD=-213985 vs Ref=58658 | Close=2289.10 vs VAH=2234.40
2026-02-02 14:53:11,473 [INFO] 🔍 Scanning for alerts on 6 symbols (5min)...
2026-02-02 14:53:11,753 [INFO]     NSE:GODREJPROP-EQ | CVD=-46302 vs Ref=25814 | Close=1547.40 vs VAH=1540.80
2026-02-02 14:53:13,346 [INFO]     NSE:KAYNES-EQ | CVD=26332 vs Ref=-99061 | Close=3430.40 vs VAL=3444.00
2026-02-02 14:53:13,687 [INFO]     NSE:HINDALCO-EQ | CVD=13962 vs Ref=493502 | Close=929.40 vs VAH=913.80
2026-02-02 14:53:15,132 [INFO]     NSE:PIIND-EQ | CVD=23822 vs Ref=-17103 | Close=3072.70 vs VAL=3049.50
2026-02-02 14:53:15,570 [INFO]     NSE:INDIANB-EQ | CVD=832044 vs Ref=95330 | Close=826.10 vs VAH=835.55
2026-02-02 14:53:16,665 [INFO]     NSE:HINDUNILVR-EQ | CVD=121692 vs Ref=-17753 | Close=2350.70 vs VAL=2318.40
2026-02-02 14:53:17,039 [INFO]     NSE:OIL-EQ | CVD=-98236 vs Ref=116885 | Close=479.70 vs VAH=480.90
2026-02-02 14:53:18,226 [INFO]     NSE:CHOLAFIN-EQ | CVD=205760 vs Ref=-79867 | Close=1583.90 vs VAL=1526.80
2026-02-02 14:53:18,518 [INFO]     NSE:JSWENERGY-EQ | CVD=-226186 vs Ref=3921 | Close=447.80 vs VAH=447.80
2026-02-02 14:53:19,687 [INFO]     NSE:MAXHEALTH-EQ | CVD=195243 vs Ref=-26629 | Close=953.45 vs VAL=947.00
2026-02-02 14:53:20,088 [INFO]     NSE:NATIONALUM-EQ | CVD=1358152 vs Ref=1364212 | Close=367.05 vs VAH=367.15
2026-02-02 14:53:21,134 [INFO]     NSE:IDFCFIRSTB-EQ | CVD=6421265 vs Ref=-243483 | Close=80.71 vs VAL=79.70
2026-02-02 14:53:21,537 [INFO]     NSE:PFC-EQ | CVD=-771191 vs Ref=0 | Close=382.00 vs VAH=385.65
2026-02-02 14:53:23,490 [INFO]     NSE:RECLTD-EQ | CVD=1432614 vs Ref=192310 | Close=360.85 vs VAH=366.00
2026-02-02 14:53:25,944 [INFO]     NSE:TATAPOWER-EQ | CVD=-123275 vs Ref=22693 | Close=356.15 vs VAH=355.20
2026-02-02 14:53:28,004 [INFO]     NSE:LTF-EQ | CVD=146110 vs Ref=98102 | Close=274.10 vs VAH=276.00
2026-02-02 14:53:30,075 [INFO] 🔍 Scanning for alerts on 3 symbols (5min)...
2026-02-02 14:53:30,138 [INFO]     NSE:HUDCO-EQ | CVD=-138853 vs Ref=1361 | Close=185.43 vs VAH=186.90
2026-02-02 14:53:32,102 [INFO]     NSE:PIIND-EQ | CVD=23822 vs Ref=-17103 | Close=3072.70 vs VAL=3049.50
2026-02-02 14:53:32,208 [INFO]     NSE:GAIL-EQ | CVD=-1860261 vs Ref=1741 | Close=159.72 vs VAH=161.40
2026-02-02 14:53:34,371 [INFO]     NSE:CHOLAFIN-EQ | CVD=205760 vs Ref=-79867 | Close=1583.90 vs VAL=1526.80
2026-02-02 14:53:36,608 [INFO]     NSE:IDFCFIRSTB-EQ | CVD=6421265 vs Ref=-243483 | Close=80.71 vs VAL=79.70
2026-02-02 14:53:51,300 [INFO] 🔍 Scanning for alerts on 1 symbols (5min)...
2026-02-02 14:53:52,932 [INFO]     NSE:HINDZINC-EQ | CVD=978962 vs Ref=1657045 | Close=601.70 vs VAH=590.25
2026-02-02 14:54:21,137 [INFO] 🔍 Scanning for alerts on 6 symbols (5min)...
2026-02-02 14:54:23,044 [INFO]     NSE:KAYNES-EQ | CVD=26332 vs Ref=-99061 | Close=3430.40 vs VAL=3444.00
2026-02-02 14:54:25,272 [INFO]     NSE:PIIND-EQ | CVD=23822 vs Ref=-17103 | Close=3072.70 vs VAL=3049.50
2026-02-02 14:54:27,599 [INFO]     NSE:HINDUNILVR-EQ | CVD=121692 vs Ref=-17753 | Close=2350.70 vs VAL=2318.40
2026-02-02 14:54:29,367 [INFO]     NSE:CHOLAFIN-EQ | CVD=205760 vs Ref=-79867 | Close=1583.90 vs VAL=1526.80
2026-02-02 14:54:30,944 [INFO]     NSE:MAXHEALTH-EQ | CVD=195243 vs Ref=-26629 | Close=953.45 vs VAL=947.00
2026-02-02 14:54:32,211 [INFO] 🔍 Scanning for alerts on 14 symbols (5min)...
2026-02-02 14:54:32,673 [INFO]     NSE:IDFCFIRSTB-EQ | CVD=6421265 vs Ref=-243483 | Close=80.71 vs VAL=79.70
2026-02-02 14:54:33,813 [INFO]     NSE:POWERINDIA-EQ | CVD=-20287 vs Ref=1496 | Close=18816.00 vs VAH=18564.00
2026-02-02 14:54:35,520 [INFO]     NSE:MCX-EQ | CVD=-213985 vs Ref=58658 | Close=2289.10 vs VAH=2234.40
2026-02-02 14:54:36,611 [INFO] 🔍 Scanning for alerts on 3 symbols (5min)...
2026-02-02 14:54:37,217 [INFO]     NSE:GODREJPROP-EQ | CVD=-46302 vs Ref=25814 | Close=1547.40 vs VAH=1540.80
2026-02-02 14:54:38,188 [INFO]     NSE:PIIND-EQ | CVD=23822 vs Ref=-17103 | Close=3072.70 vs VAL=3049.50
2026-02-02 14:54:38,718 [INFO]     NSE:HINDALCO-EQ | CVD=13962 vs Ref=493502 | Close=929.40 vs VAH=913.80
2026-02-02 14:54:39,677 [INFO]     NSE:CHOLAFIN-EQ | CVD=205760 vs Ref=-79867 | Close=1583.90 vs VAL=1526.80
2026-02-02 14:54:40,367 [INFO]     NSE:INDIANB-EQ | CVD=832044 vs Ref=95330 | Close=826.10 vs VAH=835.55
2026-02-02 14:54:41,184 [INFO]     NSE:IDFCFIRSTB-EQ | CVD=6421265 vs Ref=-243483 | Close=80.71 vs VAL=79.70
2026-02-02 14:54:41,814 [INFO]     NSE:OIL-EQ | CVD=-98236 vs Ref=116885 | Close=479.70 vs VAH=480.90
2026-02-02 14:54:43,209 [INFO]     NSE:JSWENERGY-EQ | CVD=-226186 vs Ref=3921 | Close=447.80 vs VAH=447.80
2026-02-02 14:54:44,725 [INFO]     NSE:NATIONALUM-EQ | CVD=1358152 vs Ref=1364212 | Close=367.05 vs VAH=367.15
2026-02-02 14:54:46,216 [INFO]     NSE:PFC-EQ | CVD=-771191 vs Ref=0 | Close=382.00 vs VAH=385.65
2026-02-02 14:54:47,721 [INFO]     NSE:RECLTD-EQ | CVD=1432614 vs Ref=192310 | Close=360.85 vs VAH=366.00
2026-02-02 14:54:49,154 [INFO]     NSE:TATAPOWER-EQ | CVD=-123275 vs Ref=22693 | Close=356.15 vs VAH=355.20
2026-02-02 14:54:50,687 [INFO]     NSE:LTF-EQ | CVD=146110 vs Ref=98102 | Close=274.10 vs VAH=276.00
2026-02-02 14:54:52,245 [INFO]     NSE:HUDCO-EQ | CVD=-138853 vs Ref=1361 | Close=185.43 vs VAH=186.90
2026-02-02 14:54:52,936 [INFO] 🔍 Scanning for alerts on 1 symbols (5min)...
2026-02-02 14:54:53,729 [INFO]     NSE:GAIL-EQ | CVD=-1860261 vs Ref=1741 | Close=159.72 vs VAH=161.40
2026-02-02 14:54:54,533 [INFO]     NSE:HINDZINC-EQ | CVD=978962 vs Ref=1657045 | Close=601.70 vs VAH=590.25
2026-02-02 14:55:32,677 [INFO] 🔍 Scanning for alerts on 6 symbols (5min)...
2026-02-02 14:55:34,430 [INFO]     NSE:KAYNES-EQ | CVD=26332 vs Ref=-99061 | Close=3430.40 vs VAL=3444.00
2026-02-02 14:55:35,965 [INFO]     NSE:PIIND-EQ | CVD=23822 vs Ref=-17103 | Close=3072.70 vs VAL=3049.50
2026-02-02 14:55:37,484 [INFO]     NSE:HINDUNILVR-EQ | CVD=121692 vs Ref=-17753 | Close=2350.70 vs VAL=2318.40
2026-02-02 14:55:38,922 [INFO]     NSE:CHOLAFIN-EQ | CVD=205760 vs Ref=-79867 | Close=1583.90 vs VAL=1526.80
2026-02-02 14:55:40,303 [INFO]     NSE:MAXHEALTH-EQ | CVD=195243 vs Ref=-26629 | Close=953.45 vs VAL=947.00
2026-02-02 14:55:41,187 [INFO] 🔍 Scanning for alerts on 3 symbols (5min)...
2026-02-02 14:55:41,790 [INFO]     NSE:IDFCFIRSTB-EQ | CVD=6421265 vs Ref=-243483 | Close=80.71 vs VAL=79.70
2026-02-02 14:55:42,702 [INFO]     NSE:PIIND-EQ | CVD=23822 vs Ref=-17103 | Close=3072.70 vs VAL=3049.50
2026-02-02 14:55:44,398 [INFO]     NSE:CHOLAFIN-EQ | CVD=205760 vs Ref=-79867 | Close=1583.90 vs VAL=1526.80
2026-02-02 14:55:46,217 [INFO]     NSE:IDFCFIRSTB-EQ | CVD=6421265 vs Ref=-243483 | Close=80.71 vs VAL=79.70
2026-02-02 14:55:53,734 [INFO] 🔍 Scanning for alerts on 14 symbols (5min)...
2026-02-02 14:55:54,536 [INFO] 🔍 Scanning for alerts on 1 symbols (5min)...
2026-02-02 14:55:55,201 [INFO]     NSE:POWERINDIA-EQ | CVD=-20287 vs Ref=1496 | Close=18816.00 vs VAH=18564.00
2026-02-02 14:55:56,155 [INFO]     NSE:HINDZINC-EQ | CVD=978962 vs Ref=1657045 | Close=601.70 vs VAH=590.25
2026-02-02 14:55:56,711 [INFO]     NSE:MCX-EQ | CVD=-213985 vs Ref=58658 | Close=2289.10 vs VAH=2234.40
2026-02-02 14:55:58,225 [INFO]     NSE:GODREJPROP-EQ | CVD=-46302 vs Ref=25814 | Close=1547.40 vs VAH=1540.80
2026-02-02 14:55:59,751 [INFO]     NSE:HINDALCO-EQ | CVD=13962 vs Ref=493502 | Close=929.40 vs VAH=913.80
2026-02-02 14:56:01,683 [INFO]     NSE:INDIANB-EQ | CVD=832044 vs Ref=95330 | Close=826.10 vs VAH=835.55
2026-02-02 14:56:03,333 [INFO]     NSE:OIL-EQ | CVD=-164485 vs Ref=116885 | Close=479.80 vs VAH=480.90
2026-02-02 14:56:04,873 [INFO]     NSE:JSWENERGY-EQ | CVD=-222740 vs Ref=3921 | Close=448.45 vs VAH=447.80
2026-02-02 14:56:06,982 [INFO] 🚀 [BUY ALERT] NSE:NATIONALUM-EQ (5min) triggered at 14:50!
2026-02-02 14:56:06,984 [INFO]     ✅ Price: 367.80 > FRVP VAH: 367.15
2026-02-02 14:56:06,985 [INFO]     ✅ CVD:   1419851 > CVD Ref:  1364212
2026-02-02 14:56:06,986 [INFO]     NSE:NATIONALUM-EQ | CVD=1419851 vs Ref=1364212 | Close=367.80 vs VAH=367.15
2026-02-02 14:56:08,478 [INFO]     NSE:PFC-EQ | CVD=-845077 vs Ref=0 | Close=382.35 vs VAH=385.65
2026-02-02 14:56:10,060 [INFO]     NSE:RECLTD-EQ | CVD=1368969 vs Ref=192310 | Close=360.55 vs VAH=366.00
2026-02-02 14:56:11,809 [INFO]     NSE:TATAPOWER-EQ | CVD=-109086 vs Ref=22693 | Close=356.65 vs VAH=355.20
2026-02-02 14:56:13,761 [INFO]     NSE:LTF-EQ | CVD=306549 vs Ref=98102 | Close=274.75 vs VAH=276.00
2026-02-02 14:56:15,594 [INFO]     NSE:HUDCO-EQ | CVD=-95202 vs Ref=1361 | Close=185.69 vs VAH=186.90
2026-02-02 14:56:17,327 [INFO]     NSE:GAIL-EQ | CVD=-1816505 vs Ref=1741 | Close=159.89 vs VAH=161.40
2026-02-02 14:56:41,797 [INFO] 🔍 Scanning for alerts on 6 symbols (5min)...
2026-02-02 14:56:43,225 [INFO]     NSE:KAYNES-EQ | CVD=26337 vs Ref=-99061 | Close=3438.10 vs VAL=3444.00
2026-02-02 14:56:44,634 [INFO]     NSE:PIIND-EQ | CVD=23615 vs Ref=-17103 | Close=3072.60 vs VAL=3049.50
2026-02-02 14:56:46,072 [INFO]     NSE:HINDUNILVR-EQ | CVD=133783 vs Ref=-17753 | Close=2350.00 vs VAL=2318.40
2026-02-02 14:56:46,221 [INFO] 🔍 Scanning for alerts on 3 symbols (5min)...
2026-02-02 14:56:47,577 [INFO]     NSE:CHOLAFIN-EQ | CVD=226669 vs Ref=-79867 | Close=1584.40 vs VAL=1526.80
2026-02-02 14:56:47,750 [INFO]     NSE:PIIND-EQ | CVD=23615 vs Ref=-17103 | Close=3072.60 vs VAL=3049.50
2026-02-02 14:56:49,080 [INFO]     NSE:MAXHEALTH-EQ | CVD=221646 vs Ref=-26629 | Close=954.60 vs VAL=947.00
2026-02-02 14:56:49,297 [INFO]     NSE:CHOLAFIN-EQ | CVD=226669 vs Ref=-79867 | Close=1584.40 vs VAL=1526.80
2026-02-02 14:56:50,622 [INFO]     NSE:IDFCFIRSTB-EQ | CVD=6358738 vs Ref=-243483 | Close=80.72 vs VAL=79.70
2026-02-02 14:56:50,817 [INFO]     NSE:IDFCFIRSTB-EQ | CVD=6358738 vs Ref=-243483 | Close=80.72 vs VAL=79.70
2026-02-02 14:56:56,158 [INFO] 🔍 Scanning for alerts on 1 symbols (5min)...
2026-02-02 14:56:57,665 [INFO]     NSE:HINDZINC-EQ | CVD=1039983 vs Ref=1657045 | Close=602.60 vs VAH=590.25
2026-02-02 14:57:17,330 [INFO] 🔍 Scanning for alerts on 13 symbols (5min)...
2026-02-02 14:57:18,969 [INFO]     NSE:POWERINDIA-EQ | CVD=-19819 vs Ref=1496 | Close=18839.00 vs VAH=18564.00
2026-02-02 14:57:20,619 [INFO]     NSE:MCX-EQ | CVD=-230201 vs Ref=58658 | Close=2283.90 vs VAH=2234.40
2026-02-02 14:57:22,073 [INFO]     NSE:GODREJPROP-EQ | CVD=-46846 vs Ref=25814 | Close=1546.70 vs VAH=1540.80
2026-02-02 14:57:24,467 [INFO]     NSE:HINDALCO-EQ | CVD=82103 vs Ref=493502 | Close=932.25 vs VAH=913.80
2026-02-02 14:57:27,047 [INFO]     NSE:INDIANB-EQ | CVD=864248 vs Ref=95330 | Close=829.50 vs VAH=835.55
2026-02-02 14:57:28,985 [INFO]     NSE:OIL-EQ | CVD=-164485 vs Ref=116885 | Close=479.80 vs VAH=480.90
2026-02-02 14:57:30,748 [INFO]     NSE:JSWENERGY-EQ | CVD=-222740 vs Ref=3921 | Close=448.45 vs VAH=447.80
2026-02-02 14:57:32,367 [INFO]     NSE:PFC-EQ | CVD=-845077 vs Ref=0 | Close=382.35 vs VAH=385.65
2026-02-02 14:57:33,923 [INFO]     NSE:RECLTD-EQ | CVD=1368969 vs Ref=192310 | Close=360.55 vs VAH=366.00
2026-02-02 14:57:35,438 [INFO]     NSE:TATAPOWER-EQ | CVD=-109086 vs Ref=22693 | Close=356.65 vs VAH=355.20
2026-02-02 14:57:37,028 [INFO]     NSE:LTF-EQ | CVD=306549 vs Ref=98102 | Close=274.75 vs VAH=276.00
2026-02-02 14:57:38,582 [INFO]     NSE:HUDCO-EQ | CVD=-95202 vs Ref=1361 | Close=185.69 vs VAH=186.90
2026-02-02 14:57:40,057 [INFO]     NSE:GAIL-EQ | CVD=-1816505 vs Ref=1741 | Close=159.89 vs VAH=161.40
2026-02-02 14:57:50,625 [INFO] 🔍 Scanning for alerts on 6 symbols (5min)...
2026-02-02 14:57:50,820 [INFO] 🔍 Scanning for alerts on 3 symbols (5min)...
2026-02-02 14:57:52,221 [INFO]     NSE:KAYNES-EQ | CVD=26337 vs Ref=-99061 | Close=3438.10 vs VAL=3444.00
2026-02-02 14:57:52,353 [INFO]     NSE:PIIND-EQ | CVD=23615 vs Ref=-17103 | Close=3072.60 vs VAL=3049.50
2026-02-02 14:57:53,744 [INFO]     NSE:PIIND-EQ | CVD=23615 vs Ref=-17103 | Close=3072.60 vs VAL=3049.50
2026-02-02 14:57:53,866 [INFO]     NSE:CHOLAFIN-EQ | CVD=226669 vs Ref=-79867 | Close=1584.40 vs VAL=1526.80
2026-02-02 14:57:55,231 [INFO]     NSE:HINDUNILVR-EQ | CVD=133783 vs Ref=-17753 | Close=2350.00 vs VAL=2318.40
2026-02-02 14:57:55,412 [INFO]     NSE:IDFCFIRSTB-EQ | CVD=6358738 vs Ref=-243483 | Close=80.72 vs VAL=79.70
2026-02-02 14:57:56,858 [INFO]     NSE:CHOLAFIN-EQ | CVD=226669 vs Ref=-79867 | Close=1584.40 vs VAL=1526.80
2026-02-02 14:57:57,669 [INFO] 🔍 Scanning for alerts on 1 symbols (5min)...
2026-02-02 14:57:58,534 [INFO]     NSE:MAXHEALTH-EQ | CVD=221646 vs Ref=-26629 | Close=954.60 vs VAL=947.00
2026-02-02 14:57:59,508 [INFO]     NSE:HINDZINC-EQ | CVD=1039983 vs Ref=1657045 | Close=602.60 vs VAH=590.25
2026-02-02 14:58:00,083 [INFO]     NSE:IDFCFIRSTB-EQ | CVD=6358738 vs Ref=-243483 | Close=80.72 vs VAL=79.70
2026-02-02 14:58:40,060 [INFO] 🔍 Scanning for alerts on 13 symbols (5min)...
2026-02-02 14:58:41,528 [INFO]     NSE:POWERINDIA-EQ | CVD=-19819 vs Ref=1496 | Close=18839.00 vs VAH=18564.00
2026-02-02 14:58:43,023 [INFO]     NSE:MCX-EQ | CVD=-230201 vs Ref=58658 | Close=2283.90 vs VAH=2234.40
2026-02-02 14:58:44,576 [INFO]     NSE:GODREJPROP-EQ | CVD=-46846 vs Ref=25814 | Close=1546.70 vs VAH=1540.80
2026-02-02 14:58:46,021 [INFO]     NSE:HINDALCO-EQ | CVD=82103 vs Ref=493502 | Close=932.25 vs VAH=913.80
2026-02-02 14:58:47,869 [INFO]     NSE:INDIANB-EQ | CVD=864248 vs Ref=95330 | Close=829.50 vs VAH=835.55
2026-02-02 14:58:49,245 [INFO]     NSE:OIL-EQ | CVD=-164485 vs Ref=116885 | Close=479.80 vs VAH=480.90
2026-02-02 14:58:50,632 [INFO]     NSE:JSWENERGY-EQ | CVD=-222740 vs Ref=3921 | Close=448.45 vs VAH=447.80
2026-02-02 14:58:52,100 [INFO]     NSE:PFC-EQ | CVD=-845077 vs Ref=0 | Close=382.35 vs VAH=385.65
2026-02-02 14:58:54,120 [INFO]     NSE:RECLTD-EQ | CVD=1368969 vs Ref=192310 | Close=360.55 vs VAH=366.00
2026-02-02 14:58:55,415 [INFO] 🔍 Scanning for alerts on 3 symbols (5min)...
2026-02-02 14:58:55,617 [INFO]     NSE:TATAPOWER-EQ | CVD=-109086 vs Ref=22693 | Close=356.65 vs VAH=355.20
2026-02-02 14:58:56,839 [INFO]     NSE:PIIND-EQ | CVD=23615 vs Ref=-17103 | Close=3072.60 vs VAL=3049.50
2026-02-02 14:58:57,269 [INFO]     NSE:LTF-EQ | CVD=306549 vs Ref=98102 | Close=274.75 vs VAH=276.00
2026-02-02 14:58:58,778 [INFO]     NSE:CHOLAFIN-EQ | CVD=226669 vs Ref=-79867 | Close=1584.40 vs VAL=1526.80
2026-02-02 14:58:59,409 [INFO]     NSE:HUDCO-EQ | CVD=-95202 vs Ref=1361 | Close=185.69 vs VAH=186.90
2026-02-02 14:58:59,513 [INFO] 🔍 Scanning for alerts on 1 symbols (5min)...
2026-02-02 14:59:00,087 [INFO] 🔍 Scanning for alerts on 6 symbols (5min)...
2026-02-02 14:59:00,922 [INFO]     NSE:IDFCFIRSTB-EQ | CVD=6358738 vs Ref=-243483 | Close=80.72 vs VAL=79.70
2026-02-02 14:59:01,819 [INFO]     NSE:GAIL-EQ | CVD=-1816505 vs Ref=1741 | Close=159.89 vs VAH=161.40
2026-02-02 14:59:02,336 [INFO]     NSE:HINDZINC-EQ | CVD=1039983 vs Ref=1657045 | Close=602.60 vs VAH=590.25
2026-02-02 14:59:02,848 [INFO]     NSE:KAYNES-EQ | CVD=26337 vs Ref=-99061 | Close=3438.10 vs VAL=3444.00
2026-02-02 14:59:04,657 [INFO]     NSE:PIIND-EQ | CVD=23615 vs Ref=-17103 | Close=3072.60 vs VAL=3049.50
2026-02-02 14:59:06,429 [INFO]     NSE:HINDUNILVR-EQ | CVD=133783 vs Ref=-17753 | Close=2350.00 vs VAL=2318.40
2026-02-02 14:59:07,852 [INFO]     NSE:CHOLAFIN-EQ | CVD=226669 vs Ref=-79867 | Close=1584.40 vs VAL=1526.80
2026-02-02 14:59:09,239 [INFO]     NSE:MAXHEALTH-EQ | CVD=221646 vs Ref=-26629 | Close=954.60 vs VAL=947.00
2026-02-02 14:59:10,691 [INFO]     NSE:IDFCFIRSTB-EQ | CVD=6358738 vs Ref=-243483 | Close=80.72 vs VAL=79.70
2026-02-02 15:00:00,926 [INFO] 🔍 Scanning for alerts on 3 symbols (5min)...
2026-02-02 15:00:01,825 [INFO] 🔍 Scanning for alerts on 13 symbols (5min)...
2026-02-02 15:00:02,341 [INFO] 🔍 Scanning for alerts on 1 symbols (5min)...
2026-02-02 15:00:04,147 [INFO]     NSE:PIIND-EQ | CVD=23615 vs Ref=-17103 | Close=3072.60 vs VAL=3049.50
2026-02-02 15:00:04,162 [INFO]     NSE:POWERINDIA-EQ | CVD=-19819 vs Ref=1496 | Close=18839.00 vs VAH=18564.00
2026-02-02 15:00:04,823 [INFO]     NSE:HINDZINC-EQ | CVD=1039983 vs Ref=1657045 | Close=602.60 vs VAH=590.25
2026-02-02 15:00:06,355 [INFO]     NSE:CHOLAFIN-EQ | CVD=226669 vs Ref=-79867 | Close=1584.40 vs VAL=1526.80
2026-02-02 15:00:06,401 [INFO]     NSE:MCX-EQ | CVD=-230201 vs Ref=58658 | Close=2283.90 vs VAH=2234.40
2026-02-02 15:00:08,354 [INFO]     NSE:IDFCFIRSTB-EQ | CVD=6358738 vs Ref=-243483 | Close=80.72 vs VAL=79.70
2026-02-02 15:00:08,406 [INFO]     NSE:GODREJPROP-EQ | CVD=-46846 vs Ref=25814 | Close=1546.70 vs VAH=1540.80
2026-02-02 15:00:09,962 [INFO]     NSE:HINDALCO-EQ | CVD=82103 vs Ref=493502 | Close=932.25 vs VAH=913.80
2026-02-02 15:00:10,694 [INFO] 🔍 Scanning for alerts on 6 symbols (5min)...
2026-02-02 15:00:11,700 [INFO]     NSE:INDIANB-EQ | CVD=864248 vs Ref=95330 | Close=829.50 vs VAH=835.55
2026-02-02 15:00:12,236 [INFO]     NSE:KAYNES-EQ | CVD=26337 vs Ref=-99061 | Close=3438.10 vs VAL=3444.00
2026-02-02 15:00:13,212 [INFO]     NSE:OIL-EQ | CVD=-164485 vs Ref=116885 | Close=479.80 vs VAH=480.90
2026-02-02 15:00:13,702 [INFO]     NSE:PIIND-EQ | CVD=23615 vs Ref=-17103 | Close=3072.60 vs VAL=3049.50
2026-02-02 15:00:14,774 [INFO]     NSE:JSWENERGY-EQ | CVD=-222740 vs Ref=3921 | Close=448.45 vs VAH=447.80
2026-02-02 15:00:15,174 [INFO]     NSE:HINDUNILVR-EQ | CVD=133783 vs Ref=-17753 | Close=2350.00 vs VAL=2318.40
2026-02-02 15:00:16,273 [INFO]     NSE:PFC-EQ | CVD=-845077 vs Ref=0 | Close=382.35 vs VAH=385.65
2026-02-02 15:00:16,648 [INFO]     NSE:CHOLAFIN-EQ | CVD=226669 vs Ref=-79867 | Close=1584.40 vs VAL=1526.80
2026-02-02 15:00:17,784 [INFO]     NSE:RECLTD-EQ | CVD=1368969 vs Ref=192310 | Close=360.55 vs VAH=366.00
2026-02-02 15:00:18,147 [INFO]     NSE:MAXHEALTH-EQ | CVD=221646 vs Ref=-26629 | Close=954.60 vs VAL=947.00
2026-02-02 15:00:19,573 [INFO]     NSE:TATAPOWER-EQ | CVD=-109086 vs Ref=22693 | Close=356.65 vs VAH=355.20
2026-02-02 15:00:19,810 [INFO]     NSE:IDFCFIRSTB-EQ | CVD=6358738 vs Ref=-243483 | Close=80.72 vs VAL=79.70
2026-02-02 15:00:21,161 [INFO]     NSE:LTF-EQ | CVD=306549 vs Ref=98102 | Close=274.75 vs VAH=276.00
2026-02-02 15:00:23,118 [INFO]     NSE:HUDCO-EQ | CVD=-95202 vs Ref=1361 | Close=185.69 vs VAH=186.90
2026-02-02 15:00:25,348 [INFO]     NSE:GAIL-EQ | CVD=-1816505 vs Ref=1741 | Close=159.89 vs VAH=161.40
2026-02-02 15:01:04,828 [INFO] 🔍 Scanning for alerts on 1 symbols (5min)...
2026-02-02 15:01:06,682 [INFO]     NSE:HINDZINC-EQ | CVD=1057810 vs Ref=1657045 | Close=603.05 vs VAH=590.25
2026-02-02 15:01:08,357 [INFO] 🔍 Scanning for alerts on 3 symbols (5min)...
2026-02-02 15:01:09,766 [INFO]     NSE:PIIND-EQ | CVD=25049 vs Ref=-17103 | Close=3082.00 vs VAL=3049.50
2026-02-02 15:01:11,817 [INFO]     NSE:CHOLAFIN-EQ | CVD=230152 vs Ref=-79867 | Close=1583.20 vs VAL=1526.80
2026-02-02 15:01:13,371 [INFO]     NSE:IDFCFIRSTB-EQ | CVD=6354418 vs Ref=-243483 | Close=80.77 vs VAL=79.70
2026-02-02 15:01:19,814 [INFO] 🔍 Scanning for alerts on 6 symbols (5min)...
2026-02-02 15:01:21,260 [INFO]     NSE:KAYNES-EQ | CVD=49140 vs Ref=-99061 | Close=3453.30 vs VAL=3444.00
2026-02-02 15:01:23,001 [INFO]     NSE:PIIND-EQ | CVD=25049 vs Ref=-17103 | Close=3082.00 vs VAL=3049.50
2026-02-02 15:01:25,352 [INFO] 🔍 Scanning for alerts on 13 symbols (5min)...
2026-02-02 15:01:25,357 [INFO]     NSE:HINDUNILVR-EQ | CVD=141702 vs Ref=-17753 | Close=2350.90 vs VAL=2318.40
2026-02-02 15:01:27,765 [INFO]     NSE:POWERINDIA-EQ | CVD=-19117 vs Ref=1496 | Close=18866.00 vs VAH=18564.00
2026-02-02 15:01:27,792 [INFO]     NSE:CHOLAFIN-EQ | CVD=230152 vs Ref=-79867 | Close=1583.20 vs VAL=1526.80
2026-02-02 15:01:30,039 [INFO]     NSE:MAXHEALTH-EQ | CVD=240899 vs Ref=-26629 | Close=956.10 vs VAL=947.00
2026-02-02 15:01:30,166 [INFO]     NSE:MCX-EQ | CVD=-149914 vs Ref=58658 | Close=2298.00 vs VAH=2234.40
2026-02-02 15:01:31,886 [INFO]     NSE:IDFCFIRSTB-EQ | CVD=6354418 vs Ref=-243483 | Close=80.77 vs VAL=79.70
2026-02-02 15:01:31,947 [INFO]     NSE:GODREJPROP-EQ | CVD=-43279 vs Ref=25814 | Close=1550.00 vs VAH=1540.80
2026-02-02 15:01:33,646 [INFO]     NSE:HINDALCO-EQ | CVD=102903 vs Ref=493502 | Close=929.25 vs VAH=913.80
2026-02-02 15:01:35,477 [INFO]     NSE:INDIANB-EQ | CVD=864615 vs Ref=95330 | Close=830.25 vs VAH=835.55
2026-02-02 15:01:37,023 [INFO]     NSE:OIL-EQ | CVD=-166857 vs Ref=116885 | Close=479.90 vs VAH=480.90
2026-02-02 15:01:38,596 [INFO]     NSE:JSWENERGY-EQ | CVD=-217561 vs Ref=3921 | Close=449.65 vs VAH=447.80
2026-02-02 15:01:40,117 [INFO]     NSE:PFC-EQ | CVD=-838902 vs Ref=0 | Close=382.65 vs VAH=385.65
2026-02-02 15:01:41,534 [INFO]     NSE:RECLTD-EQ | CVD=1693286 vs Ref=192310 | Close=361.40 vs VAH=366.00
2026-02-02 15:01:43,005 [INFO]     NSE:TATAPOWER-EQ | CVD=-114784 vs Ref=22693 | Close=356.70 vs VAH=355.20
2026-02-02 15:01:44,611 [INFO]     NSE:LTF-EQ | CVD=390319 vs Ref=98102 | Close=275.15 vs VAH=276.00
2026-02-02 15:01:46,197 [INFO]     NSE:HUDCO-EQ | CVD=68658 vs Ref=1361 | Close=186.35 vs VAH=186.90
2026-02-02 15:01:47,701 [INFO]     NSE:GAIL-EQ | CVD=-1394761 vs Ref=1741 | Close=160.09 vs VAH=161.40
2026-02-02 15:02:06,685 [INFO] 🔍 Scanning for alerts on 1 symbols (5min)...
2026-02-02 15:02:08,178 [INFO]     NSE:HINDZINC-EQ | CVD=1057810 vs Ref=1657045 | Close=603.05 vs VAH=590.25
2026-02-02 15:02:13,373 [INFO] 🔍 Scanning for alerts on 3 symbols (5min)...
2026-02-02 15:02:14,731 [INFO]     NSE:PIIND-EQ | CVD=25049 vs Ref=-17103 | Close=3082.00 vs VAL=3049.50
2026-02-02 15:02:16,112 [INFO]     NSE:CHOLAFIN-EQ | CVD=230152 vs Ref=-79867 | Close=1583.20 vs VAL=1526.80
2026-02-02 15:02:18,093 [INFO]     NSE:IDFCFIRSTB-EQ | CVD=6354418 vs Ref=-243483 | Close=80.77 vs VAL=79.70
2026-02-02 15:02:31,890 [INFO] 🔍 Scanning for alerts on 6 symbols (5min)...
2026-02-02 15:02:33,379 [INFO]     NSE:KAYNES-EQ | CVD=49140 vs Ref=-99061 | Close=3453.30 vs VAL=3444.00
2026-02-02 15:02:34,895 [INFO]     NSE:PIIND-EQ | CVD=25049 vs Ref=-17103 | Close=3082.00 vs VAL=3049.50
2026-02-02 15:02:36,358 [INFO]     NSE:HINDUNILVR-EQ | CVD=141702 vs Ref=-17753 | Close=2350.90 vs VAL=2318.40
2026-02-02 15:02:37,846 [INFO]     NSE:CHOLAFIN-EQ | CVD=230152 vs Ref=-79867 | Close=1583.20 vs VAL=1526.80
2026-02-02 15:02:39,251 [INFO]     NSE:MAXHEALTH-EQ | CVD=240899 vs Ref=-26629 | Close=956.10 vs VAL=947.00
2026-02-02 15:02:40,660 [INFO]     NSE:IDFCFIRSTB-EQ | CVD=6354418 vs Ref=-243483 | Close=80.77 vs VAL=79.70
2026-02-02 15:02:47,706 [INFO] 🔍 Scanning for alerts on 13 symbols (5min)...
2026-02-02 15:02:49,132 [INFO]     NSE:POWERINDIA-EQ | CVD=-19117 vs Ref=1496 | Close=18866.00 vs VAH=18564.00
2026-02-02 15:02:50,618 [INFO]     NSE:MCX-EQ | CVD=-149914 vs Ref=58658 | Close=2298.00 vs VAH=2234.40
2026-02-02 15:02:52,193 [INFO]     NSE:GODREJPROP-EQ | CVD=-43279 vs Ref=25814 | Close=1550.00 vs VAH=1540.80
2026-02-02 15:02:53,676 [INFO]     NSE:HINDALCO-EQ | CVD=102903 vs Ref=493502 | Close=929.25 vs VAH=913.80
2026-02-02 15:02:55,213 [INFO]     NSE:INDIANB-EQ | CVD=864615 vs Ref=95330 | Close=830.25 vs VAH=835.55
2026-02-02 15:02:56,629 [INFO]     NSE:OIL-EQ | CVD=-166857 vs Ref=116885 | Close=479.90 vs VAH=480.90
2026-02-02 15:02:58,181 [INFO]     NSE:JSWENERGY-EQ | CVD=-217561 vs Ref=3921 | Close=449.65 vs VAH=447.80
2026-02-02 15:02:59,596 [INFO]     NSE:PFC-EQ | CVD=-838902 vs Ref=0 | Close=382.65 vs VAH=385.65
2026-02-02 15:03:01,643 [INFO]     NSE:RECLTD-EQ | CVD=1693286 vs Ref=192310 | Close=361.40 vs VAH=366.00
2026-02-02 15:03:03,598 [INFO]     NSE:TATAPOWER-EQ | CVD=-114784 vs Ref=22693 | Close=356.70 vs VAH=355.20
2026-02-02 15:03:05,463 [INFO]     NSE:LTF-EQ | CVD=390319 vs Ref=98102 | Close=275.15 vs VAH=276.00
2026-02-02 15:03:07,187 [INFO]     NSE:HUDCO-EQ | CVD=68658 vs Ref=1361 | Close=186.35 vs VAH=186.90
2026-02-02 15:03:08,182 [INFO] 🔍 Scanning for alerts on 1 symbols (5min)...
2026-02-02 15:03:08,652 [INFO]     NSE:GAIL-EQ | CVD=-1394761 vs Ref=1741 | Close=160.09 vs VAH=161.40
2026-02-02 15:03:09,760 [INFO]     NSE:HINDZINC-EQ | CVD=1057810 vs Ref=1657045 | Close=603.05 vs VAH=590.25
2026-02-02 15:03:18,096 [INFO] 🔍 Scanning for alerts on 3 symbols (5min)...
2026-02-02 15:03:19,530 [INFO]     NSE:PIIND-EQ | CVD=25049 vs Ref=-17103 | Close=3082.00 vs VAL=3049.50
2026-02-02 15:03:20,976 [INFO]     NSE:CHOLAFIN-EQ | CVD=230152 vs Ref=-79867 | Close=1583.20 vs VAL=1526.80
2026-02-02 15:03:22,519 [INFO]     NSE:IDFCFIRSTB-EQ | CVD=6354418 vs Ref=-243483 | Close=80.77 vs VAL=79.70
2026-02-02 15:03:40,664 [INFO] 🔍 Scanning for alerts on 6 symbols (5min)...
2026-02-02 15:03:42,100 [INFO]     NSE:KAYNES-EQ | CVD=49140 vs Ref=-99061 | Close=3453.30 vs VAL=3444.00
2026-02-02 15:03:43,554 [INFO]     NSE:PIIND-EQ | CVD=25049 vs Ref=-17103 | Close=3082.00 vs VAL=3049.50
2026-02-02 15:03:44,927 [INFO]     NSE:HINDUNILVR-EQ | CVD=141702 vs Ref=-17753 | Close=2350.90 vs VAL=2318.40
2026-02-02 15:03:46,384 [INFO]     NSE:CHOLAFIN-EQ | CVD=230152 vs Ref=-79867 | Close=1583.20 vs VAL=1526.80
2026-02-02 15:03:47,834 [INFO]     NSE:MAXHEALTH-EQ | CVD=240899 vs Ref=-26629 | Close=956.10 vs VAL=947.00
2026-02-02 15:03:49,350 [INFO]     NSE:IDFCFIRSTB-EQ | CVD=6354418 vs Ref=-243483 | Close=80.77 vs VAL=79.70
2026-02-02 15:04:08,655 [INFO] 🔍 Scanning for alerts on 13 symbols (5min)...
2026-02-02 15:04:09,764 [INFO] 🔍 Scanning for alerts on 1 symbols (5min)...
2026-02-02 15:04:10,479 [INFO]     NSE:POWERINDIA-EQ | CVD=-19117 vs Ref=1496 | Close=18866.00 vs VAH=18564.00
2026-02-02 15:04:11,406 [INFO]     NSE:HINDZINC-EQ | CVD=1057810 vs Ref=1657045 | Close=603.05 vs VAH=590.25
2026-02-02 15:04:12,093 [INFO]     NSE:MCX-EQ | CVD=-149914 vs Ref=58658 | Close=2298.00 vs VAH=2234.40
2026-02-02 15:04:13,500 [INFO]     NSE:GODREJPROP-EQ | CVD=-43279 vs Ref=25814 | Close=1550.00 vs VAH=1540.80
2026-02-02 15:04:15,060 [INFO]     NSE:HINDALCO-EQ | CVD=102903 vs Ref=493502 | Close=929.25 vs VAH=913.80
2026-02-02 15:04:16,640 [INFO]     NSE:INDIANB-EQ | CVD=864615 vs Ref=95330 | Close=830.25 vs VAH=835.55
2026-02-02 15:04:17,988 [INFO]     NSE:OIL-EQ | CVD=-166857 vs Ref=116885 | Close=479.90 vs VAH=480.90
2026-02-02 15:04:19,489 [INFO]     NSE:JSWENERGY-EQ | CVD=-217561 vs Ref=3921 | Close=449.65 vs VAH=447.80
2026-02-02 15:04:21,000 [INFO]     NSE:PFC-EQ | CVD=-838902 vs Ref=0 | Close=382.65 vs VAH=385.65
2026-02-02 15:04:22,525 [INFO] 🔍 Scanning for alerts on 3 symbols (5min)...
2026-02-02 15:04:22,541 [INFO]     NSE:RECLTD-EQ | CVD=1693286 vs Ref=192310 | Close=361.40 vs VAH=366.00
2026-02-02 15:04:24,765 [INFO]     NSE:PIIND-EQ | CVD=25049 vs Ref=-17103 | Close=3082.00 vs VAL=3049.50
2026-02-02 15:04:24,891 [INFO]     NSE:TATAPOWER-EQ | CVD=-114784 vs Ref=22693 | Close=356.70 vs VAH=355.20
2026-02-02 15:04:27,101 [INFO]     NSE:CHOLAFIN-EQ | CVD=230152 vs Ref=-79867 | Close=1583.20 vs VAL=1526.80
2026-02-02 15:04:27,233 [INFO]     NSE:LTF-EQ | CVD=390319 vs Ref=98102 | Close=275.15 vs VAH=276.00
2026-02-02 15:04:29,405 [INFO]     NSE:IDFCFIRSTB-EQ | CVD=6354418 vs Ref=-243483 | Close=80.77 vs VAL=79.70
2026-02-02 15:04:29,750 [INFO]     NSE:HUDCO-EQ | CVD=68658 vs Ref=1361 | Close=186.35 vs VAH=186.90
2026-02-02 15:04:31,471 [INFO]     NSE:GAIL-EQ | CVD=-1394761 vs Ref=1741 | Close=160.09 vs VAH=161.40
2026-02-02 15:04:49,354 [INFO] 🔍 Scanning for alerts on 6 symbols (5min)...
2026-02-02 15:04:50,831 [INFO]     NSE:KAYNES-EQ | CVD=49140 vs Ref=-99061 | Close=3453.30 vs VAL=3444.00
2026-02-02 15:04:52,242 [INFO]     NSE:PIIND-EQ | CVD=25049 vs Ref=-17103 | Close=3082.00 vs VAL=3049.50
2026-02-02 15:04:53,698 [INFO]     NSE:HINDUNILVR-EQ | CVD=141702 vs Ref=-17753 | Close=2350.90 vs VAL=2318.40
2026-02-02 15:04:55,210 [INFO]     NSE:CHOLAFIN-EQ | CVD=230152 vs Ref=-79867 | Close=1583.20 vs VAL=1526.80
2026-02-02 15:04:56,643 [INFO]     NSE:MAXHEALTH-EQ | CVD=240899 vs Ref=-26629 | Close=956.10 vs VAL=947.00
2026-02-02 15:04:58,157 [INFO]     NSE:IDFCFIRSTB-EQ | CVD=6354418 vs Ref=-243483 | Close=80.77 vs VAL=79.70
2026-02-02 15:05:11,411 [INFO] 🔍 Scanning for alerts on 1 symbols (5min)...
2026-02-02 15:05:12,912 [INFO]     NSE:HINDZINC-EQ | CVD=1057810 vs Ref=1657045 | Close=603.05 vs VAH=590.25
2026-02-02 15:05:29,408 [INFO] 🔍 Scanning for alerts on 3 symbols (5min)...
2026-02-02 15:05:31,002 [INFO]     NSE:PIIND-EQ | CVD=25049 vs Ref=-17103 | Close=3082.00 vs VAL=3049.50
2026-02-02 15:05:31,476 [INFO] 🔍 Scanning for alerts on 13 symbols (5min)...
2026-02-02 15:05:32,861 [INFO]     NSE:CHOLAFIN-EQ | CVD=230152 vs Ref=-79867 | Close=1583.20 vs VAL=1526.80
2026-02-02 15:05:33,451 [INFO]     NSE:POWERINDIA-EQ | CVD=-19117 vs Ref=1496 | Close=18866.00 vs VAH=18564.00
2026-02-02 15:05:34,871 [INFO]     NSE:IDFCFIRSTB-EQ | CVD=6354418 vs Ref=-243483 | Close=80.77 vs VAL=79.70
2026-02-02 15:05:35,441 [INFO]     NSE:MCX-EQ | CVD=-149914 vs Ref=58658 | Close=2298.00 vs VAH=2234.40
2026-02-02 15:05:37,022 [INFO]     NSE:GODREJPROP-EQ | CVD=-43279 vs Ref=25814 | Close=1550.00 vs VAH=1540.80
2026-02-02 15:05:38,582 [INFO]     NSE:HINDALCO-EQ | CVD=102903 vs Ref=493502 | Close=929.25 vs VAH=913.80
2026-02-02 15:05:40,098 [INFO]     NSE:INDIANB-EQ | CVD=864615 vs Ref=95330 | Close=830.25 vs VAH=835.55
2026-02-02 15:05:41,447 [INFO]     NSE:OIL-EQ | CVD=-166857 vs Ref=116885 | Close=479.90 vs VAH=480.90
2026-02-02 15:05:42,913 [INFO]     NSE:JSWENERGY-EQ | CVD=-217561 vs Ref=3921 | Close=449.65 vs VAH=447.80
2026-02-02 15:05:44,455 [INFO]     NSE:PFC-EQ | CVD=-838902 vs Ref=0 | Close=382.65 vs VAH=385.65
2026-02-02 15:05:45,860 [INFO]     NSE:RECLTD-EQ | CVD=1693286 vs Ref=192310 | Close=361.40 vs VAH=366.00
2026-02-02 15:05:47,351 [INFO]     NSE:TATAPOWER-EQ | CVD=-114784 vs Ref=22693 | Close=356.70 vs VAH=355.20
2026-02-02 15:05:48,951 [INFO]     NSE:LTF-EQ | CVD=390319 vs Ref=98102 | Close=275.15 vs VAH=276.00
2026-02-02 15:05:50,570 [INFO]     NSE:HUDCO-EQ | CVD=68658 vs Ref=1361 | Close=186.35 vs VAH=186.90
2026-02-02 15:05:52,008 [INFO]     NSE:GAIL-EQ | CVD=-1394761 vs Ref=1741 | Close=160.09 vs VAH=161.40
2026-02-02 15:05:58,161 [INFO] 🔍 Scanning for alerts on 6 symbols (5min)...
2026-02-02 15:05:59,652 [INFO]     NSE:KAYNES-EQ | CVD=49140 vs Ref=-99061 | Close=3453.30 vs VAL=3444.00
2026-02-02 15:06:01,352 [INFO]     NSE:PIIND-EQ | CVD=25049 vs Ref=-17103 | Close=3082.00 vs VAL=3049.50
2026-02-02 15:06:03,068 [INFO]     NSE:HINDUNILVR-EQ | CVD=154469 vs Ref=-17753 | Close=2355.40 vs VAL=2318.40
2026-02-02 15:06:04,613 [INFO]     NSE:CHOLAFIN-EQ | CVD=315608 vs Ref=-79867 | Close=1591.80 vs VAL=1526.80
2026-02-02 15:06:06,104 [INFO]     NSE:MAXHEALTH-EQ | CVD=271855 vs Ref=-26629 | Close=957.25 vs VAL=947.00
2026-02-02 15:06:07,752 [INFO]     NSE:IDFCFIRSTB-EQ | CVD=7002513 vs Ref=-243483 | Close=81.06 vs VAL=79.70
2026-02-02 15:06:12,915 [INFO] 🔍 Scanning for alerts on 1 symbols (5min)...
2026-02-02 15:06:14,433 [INFO] 🚀 [BUY ALERT] NSE:HINDZINC-EQ (5min) triggered at 15:00!
2026-02-02 15:06:14,436 [INFO]     ✅ Price: 607.75 > FRVP VAH: 590.25
2026-02-02 15:06:14,438 [INFO]     ✅ CVD:   1772590 > CVD Ref:  1657045
2026-02-02 15:06:14,440 [INFO]     NSE:HINDZINC-EQ | CVD=1772590 vs Ref=1657045 | Close=607.75 vs VAH=590.25
2026-02-02 15:06:34,874 [INFO] 🔍 Scanning for alerts on 3 symbols (5min)...
2026-02-02 15:06:36,347 [INFO]     NSE:PIIND-EQ | CVD=25746 vs Ref=-17103 | Close=3088.90 vs VAL=3049.50
2026-02-02 15:06:37,871 [INFO]     NSE:CHOLAFIN-EQ | CVD=315608 vs Ref=-79867 | Close=1591.80 vs VAL=1526.80
2026-02-02 15:06:39,369 [INFO]     NSE:IDFCFIRSTB-EQ | CVD=7002513 vs Ref=-243483 | Close=81.06 vs VAL=79.70
2026-02-02 15:06:52,011 [INFO] 🔍 Scanning for alerts on 13 symbols (5min)...
2026-02-02 15:06:53,433 [INFO]     NSE:POWERINDIA-EQ | CVD=-17131 vs Ref=1496 | Close=18931.00 vs VAH=18564.00
2026-02-02 15:06:55,073 [INFO]     NSE:MCX-EQ | CVD=-88561 vs Ref=58658 | Close=2306.40 vs VAH=2234.40
2026-02-02 15:06:56,589 [INFO]     NSE:GODREJPROP-EQ | CVD=-40162 vs Ref=25814 | Close=1551.90 vs VAH=1540.80
2026-02-02 15:06:58,293 [INFO]     NSE:HINDALCO-EQ | CVD=169492 vs Ref=493502 | Close=928.95 vs VAH=913.80
2026-02-02 15:06:59,833 [INFO]     NSE:INDIANB-EQ | CVD=889105 vs Ref=95330 | Close=830.90 vs VAH=835.55
2026-02-02 15:07:01,421 [INFO]     NSE:OIL-EQ | CVD=-182761 vs Ref=116885 | Close=480.95 vs VAH=480.90
2026-02-02 15:07:03,289 [INFO]     NSE:JSWENERGY-EQ | CVD=-206678 vs Ref=3921 | Close=450.05 vs VAH=447.80
2026-02-02 15:07:04,829 [INFO]     NSE:PFC-EQ | CVD=-889827 vs Ref=0 | Close=382.85 vs VAH=385.65
2026-02-02 15:07:06,836 [INFO]     NSE:RECLTD-EQ | CVD=1820314 vs Ref=192310 | Close=360.55 vs VAH=366.00
2026-02-02 15:07:07,756 [INFO] 🔍 Scanning for alerts on 6 symbols (5min)...
2026-02-02 15:07:08,673 [INFO]     NSE:TATAPOWER-EQ | CVD=-105880 vs Ref=22693 | Close=357.30 vs VAH=355.20
2026-02-02 15:07:09,618 [INFO]     NSE:KAYNES-EQ | CVD=63512 vs Ref=-99061 | Close=3463.40 vs VAL=3444.00
2026-02-02 15:07:10,562 [INFO] 🚀 [BUY ALERT] NSE:LTF-EQ (5min) triggered at 15:00!
2026-02-02 15:07:10,563 [INFO]     ✅ Price: 276.20 > FRVP VAH: 276.00
2026-02-02 15:07:10,565 [INFO]     ✅ CVD:   560401 > CVD Ref:  98102
2026-02-02 15:07:10,565 [INFO]     NSE:LTF-EQ | CVD=560401 vs Ref=98102 | Close=276.20 vs VAH=276.00
2026-02-02 15:07:11,417 [INFO]     NSE:PIIND-EQ | CVD=25746 vs Ref=-17103 | Close=3088.90 vs VAL=3049.50
2026-02-02 15:07:12,705 [INFO]     NSE:HUDCO-EQ | CVD=135674 vs Ref=1361 | Close=186.84 vs VAH=186.90
2026-02-02 15:07:13,245 [INFO]     NSE:HINDUNILVR-EQ | CVD=154469 vs Ref=-17753 | Close=2355.40 vs VAL=2318.40
2026-02-02 15:07:14,319 [INFO]     NSE:GAIL-EQ | CVD=-1542681 vs Ref=1741 | Close=160.16 vs VAH=161.40
2026-02-02 15:07:14,444 [INFO] 💤 All symbols alerted. Monitoring paused.
2026-02-02 15:07:14,963 [INFO]     NSE:CHOLAFIN-EQ | CVD=315608 vs Ref=-79867 | Close=1591.80 vs VAL=1526.80
2026-02-02 15:07:16,484 [INFO]     NSE:MAXHEALTH-EQ | CVD=271855 vs Ref=-26629 | Close=957.25 vs VAL=947.00
2026-02-02 15:07:18,160 [INFO]     NSE:IDFCFIRSTB-EQ | CVD=7002513 vs Ref=-243483 | Close=81.06 vs VAL=79.70
2026-02-02 15:07:39,370 [INFO] 🔍 Scanning for alerts on 3 symbols (5min)...
2026-02-02 15:07:40,828 [INFO]     NSE:PIIND-EQ | CVD=25746 vs Ref=-17103 | Close=3088.90 vs VAL=3049.50
2026-02-02 15:07:42,281 [INFO]     NSE:CHOLAFIN-EQ | CVD=315608 vs Ref=-79867 | Close=1591.80 vs VAL=1526.80
2026-02-02 15:07:43,688 [INFO]     NSE:IDFCFIRSTB-EQ | CVD=7002513 vs Ref=-243483 | Close=81.06 vs VAL=79.70
2026-02-02 15:08:14,324 [INFO] 🔍 Scanning for alerts on 12 symbols (5min)...
2026-02-02 15:08:14,447 [INFO] 💤 All symbols alerted. Monitoring paused.
2026-02-02 15:08:15,835 [INFO]     NSE:POWERINDIA-EQ | CVD=-17131 vs Ref=1496 | Close=18931.00 vs VAH=18564.00
2026-02-02 15:08:17,316 [INFO]     NSE:MCX-EQ | CVD=-88561 vs Ref=58658 | Close=2306.40 vs VAH=2234.40
2026-02-02 15:08:18,165 [INFO] 🔍 Scanning for alerts on 6 symbols (5min)...
2026-02-02 15:08:18,880 [INFO]     NSE:GODREJPROP-EQ | CVD=-40162 vs Ref=25814 | Close=1551.90 vs VAH=1540.80
2026-02-02 15:08:19,912 [INFO]     NSE:KAYNES-EQ | CVD=63512 vs Ref=-99061 | Close=3463.40 vs VAL=3444.00
2026-02-02 15:08:20,595 [INFO]     NSE:HINDALCO-EQ | CVD=169492 vs Ref=493502 | Close=928.95 vs VAH=913.80
2026-02-02 15:08:21,496 [INFO]     NSE:PIIND-EQ | CVD=25746 vs Ref=-17103 | Close=3088.90 vs VAL=3049.50
2026-02-02 15:08:22,237 [INFO]     NSE:INDIANB-EQ | CVD=889105 vs Ref=95330 | Close=830.90 vs VAH=835.55
2026-02-02 15:08:23,448 [INFO]     NSE:HINDUNILVR-EQ | CVD=154469 vs Ref=-17753 | Close=2355.40 vs VAL=2318.40
2026-02-02 15:08:24,427 [INFO]     NSE:OIL-EQ | CVD=-182761 vs Ref=116885 | Close=480.95 vs VAH=480.90
2026-02-02 15:08:25,713 [INFO]     NSE:CHOLAFIN-EQ | CVD=315608 vs Ref=-79867 | Close=1591.80 vs VAL=1526.80
2026-02-02 15:08:26,630 [INFO]     NSE:JSWENERGY-EQ | CVD=-206678 vs Ref=3921 | Close=450.05 vs VAH=447.80
2026-02-02 15:08:27,967 [INFO]     NSE:MAXHEALTH-EQ | CVD=271855 vs Ref=-26629 | Close=957.25 vs VAL=947.00
2026-02-02 15:08:29,145 [INFO]     NSE:PFC-EQ | CVD=-889827 vs Ref=0 | Close=382.85 vs VAH=385.65
2026-02-02 15:08:30,946 [INFO]     NSE:IDFCFIRSTB-EQ | CVD=7002513 vs Ref=-243483 | Close=81.06 vs VAL=79.70
2026-02-02 15:08:31,764 [INFO]     NSE:RECLTD-EQ | CVD=1820314 vs Ref=192310 | Close=360.55 vs VAH=366.00
2026-02-02 15:08:33,509 [INFO]     NSE:TATAPOWER-EQ | CVD=-105880 vs Ref=22693 | Close=357.30 vs VAH=355.20
2026-02-02 15:08:35,169 [INFO]     NSE:HUDCO-EQ | CVD=135674 vs Ref=1361 | Close=186.84 vs VAH=186.90
2026-02-02 15:08:36,679 [INFO]     NSE:GAIL-EQ | CVD=-1542681 vs Ref=1741 | Close=160.16 vs VAH=161.40
2026-02-02 15:08:43,691 [INFO] 🔍 Scanning for alerts on 3 symbols (5min)...
2026-02-02 15:08:45,250 [INFO]     NSE:PIIND-EQ | CVD=25746 vs Ref=-17103 | Close=3088.90 vs VAL=3049.50
2026-02-02 15:08:46,728 [INFO]     NSE:CHOLAFIN-EQ | CVD=315608 vs Ref=-79867 | Close=1591.80 vs VAL=1526.80
2026-02-02 15:08:48,184 [INFO]     NSE:IDFCFIRSTB-EQ | CVD=7002513 vs Ref=-243483 | Close=81.06 vs VAL=79.70
2026-02-02 15:09:14,451 [INFO] 💤 All symbols alerted. Monitoring paused.
2026-02-02 15:09:30,951 [INFO] 🔍 Scanning for alerts on 6 symbols (5min)...
2026-02-02 15:09:32,425 [INFO]     NSE:KAYNES-EQ | CVD=63512 vs Ref=-99061 | Close=3463.40 vs VAL=3444.00
2026-02-02 15:09:33,977 [INFO]     NSE:PIIND-EQ | CVD=25746 vs Ref=-17103 | Close=3088.90 vs VAL=3049.50
2026-02-02 15:09:35,428 [INFO]     NSE:HINDUNILVR-EQ | CVD=154469 vs Ref=-17753 | Close=2355.40 vs VAL=2318.40
2026-02-02 15:09:36,681 [INFO] 🔍 Scanning for alerts on 12 symbols (5min)...
2026-02-02 15:09:36,889 [INFO]     NSE:CHOLAFIN-EQ | CVD=315608 vs Ref=-79867 | Close=1591.80 vs VAL=1526.80
2026-02-02 15:09:38,505 [INFO]     NSE:POWERINDIA-EQ | CVD=-17131 vs Ref=1496 | Close=18931.00 vs VAH=18564.00
2026-02-02 15:09:38,604 [INFO]     NSE:MAXHEALTH-EQ | CVD=271855 vs Ref=-26629 | Close=957.25 vs VAL=947.00
2026-02-02 15:09:40,317 [INFO]     NSE:IDFCFIRSTB-EQ | CVD=7002513 vs Ref=-243483 | Close=81.06 vs VAL=79.70
2026-02-02 15:09:40,319 [INFO]     NSE:MCX-EQ | CVD=-88561 vs Ref=58658 | Close=2306.40 vs VAH=2234.40
2026-02-02 15:09:41,746 [INFO]     NSE:GODREJPROP-EQ | CVD=-40162 vs Ref=25814 | Close=1551.90 vs VAH=1540.80
2026-02-02 15:09:43,168 [INFO]     NSE:HINDALCO-EQ | CVD=169492 vs Ref=493502 | Close=928.95 vs VAH=913.80
2026-02-02 15:09:44,695 [INFO]     NSE:INDIANB-EQ | CVD=889105 vs Ref=95330 | Close=830.90 vs VAH=835.55
2026-02-02 15:09:46,020 [INFO]     NSE:OIL-EQ | CVD=-182761 vs Ref=116885 | Close=480.95 vs VAH=480.90
2026-02-02 15:09:47,378 [INFO]     NSE:JSWENERGY-EQ | CVD=-206678 vs Ref=3921 | Close=450.05 vs VAH=447.80
2026-02-02 15:09:48,187 [INFO] 🔍 Scanning for alerts on 3 symbols (5min)...
2026-02-02 15:09:49,215 [INFO]     NSE:PFC-EQ | CVD=-889827 vs Ref=0 | Close=382.85 vs VAH=385.65
2026-02-02 15:09:49,715 [INFO]     NSE:PIIND-EQ | CVD=25746 vs Ref=-17103 | Close=3088.90 vs VAL=3049.50
2026-02-02 15:09:50,745 [INFO]     NSE:RECLTD-EQ | CVD=1820314 vs Ref=192310 | Close=360.55 vs VAH=366.00
2026-02-02 15:09:51,382 [INFO]     NSE:CHOLAFIN-EQ | CVD=315608 vs Ref=-79867 | Close=1591.80 vs VAL=1526.80
2026-02-02 15:09:52,423 [INFO]     NSE:TATAPOWER-EQ | CVD=-105880 vs Ref=22693 | Close=357.30 vs VAH=355.20
2026-02-02 15:09:52,970 [INFO]     NSE:IDFCFIRSTB-EQ | CVD=7002513 vs Ref=-243483 | Close=81.06 vs VAL=79.70
2026-02-02 15:09:54,001 [INFO]     NSE:HUDCO-EQ | CVD=135674 vs Ref=1361 | Close=186.84 vs VAH=186.90
2026-02-02 15:09:55,396 [INFO]     NSE:GAIL-EQ | CVD=-1542681 vs Ref=1741 | Close=160.16 vs VAH=161.40
2026-02-02 15:10:14,454 [INFO] 💤 All symbols alerted. Monitoring paused.
2026-02-02 15:10:40,321 [INFO] 🔍 Scanning for alerts on 6 symbols (5min)...
2026-02-02 15:10:41,719 [INFO]     NSE:KAYNES-EQ | CVD=63512 vs Ref=-99061 | Close=3463.40 vs VAL=3444.00
2026-02-02 15:10:43,306 [INFO]     NSE:PIIND-EQ | CVD=25746 vs Ref=-17103 | Close=3088.90 vs VAL=3049.50
2026-02-02 15:10:44,758 [INFO]     NSE:HINDUNILVR-EQ | CVD=154469 vs Ref=-17753 | Close=2355.40 vs VAL=2318.40
2026-02-02 15:10:46,188 [INFO]     NSE:CHOLAFIN-EQ | CVD=315608 vs Ref=-79867 | Close=1591.80 vs VAL=1526.80
2026-02-02 15:10:47,639 [INFO]     NSE:MAXHEALTH-EQ | CVD=271855 vs Ref=-26629 | Close=957.25 vs VAL=947.00
2026-02-02 15:10:49,148 [INFO]     NSE:IDFCFIRSTB-EQ | CVD=7002513 vs Ref=-243483 | Close=81.06 vs VAL=79.70
2026-02-02 15:10:52,972 [INFO] 🔍 Scanning for alerts on 3 symbols (5min)...
2026-02-02 15:10:54,435 [INFO]     NSE:PIIND-EQ | CVD=25746 vs Ref=-17103 | Close=3088.90 vs VAL=3049.50
2026-02-02 15:10:55,400 [INFO] 🔍 Scanning for alerts on 12 symbols (5min)...
2026-02-02 15:10:56,154 [INFO]     NSE:CHOLAFIN-EQ | CVD=315608 vs Ref=-79867 | Close=1591.80 vs VAL=1526.80
2026-02-02 15:10:57,284 [INFO]     NSE:POWERINDIA-EQ | CVD=-17131 vs Ref=1496 | Close=18931.00 vs VAH=18564.00
2026-02-02 15:10:58,036 [INFO]     NSE:IDFCFIRSTB-EQ | CVD=7002513 vs Ref=-243483 | Close=81.06 vs VAL=79.70
2026-02-02 15:10:59,090 [INFO]     NSE:MCX-EQ | CVD=-88561 vs Ref=58658 | Close=2306.40 vs VAH=2234.40
2026-02-02 15:11:01,115 [INFO]     NSE:GODREJPROP-EQ | CVD=-40162 vs Ref=25814 | Close=1551.90 vs VAH=1540.80
2026-02-02 15:11:03,330 [INFO]     NSE:HINDALCO-EQ | CVD=201281 vs Ref=493502 | Close=931.00 vs VAH=913.80
2026-02-02 15:11:05,198 [INFO]     NSE:INDIANB-EQ | CVD=921005 vs Ref=95330 | Close=834.10 vs VAH=835.55
2026-02-02 15:11:06,874 [INFO]     NSE:OIL-EQ | CVD=-166064 vs Ref=116885 | Close=481.85 vs VAH=480.90
2026-02-02 15:11:08,395 [INFO]     NSE:JSWENERGY-EQ | CVD=-206565 vs Ref=3921 | Close=450.60 vs VAH=447.80
2026-02-02 15:11:09,943 [INFO]     NSE:PFC-EQ | CVD=-840547 vs Ref=0 | Close=383.65 vs VAH=385.65
2026-02-02 15:11:11,498 [INFO]     NSE:RECLTD-EQ | CVD=1876139 vs Ref=192310 | Close=361.45 vs VAH=366.00
2026-02-02 15:11:13,095 [INFO]     NSE:TATAPOWER-EQ | CVD=-57534 vs Ref=22693 | Close=358.20 vs VAH=355.20
2026-02-02 15:11:14,458 [INFO] 💤 All symbols alerted. Monitoring paused.
2026-02-02 15:11:14,736 [INFO] 🚀 [BUY ALERT] NSE:HUDCO-EQ (5min) triggered at 15:05!
2026-02-02 15:11:14,738 [INFO]     ✅ Price: 187.61 > FRVP VAH: 186.90
2026-02-02 15:11:14,739 [INFO]     ✅ CVD:   298225 > CVD Ref:  1361
2026-02-02 15:11:14,740 [INFO]     NSE:HUDCO-EQ | CVD=298225 vs Ref=1361 | Close=187.61 vs VAH=186.90
2026-02-02 15:11:16,591 [INFO]     NSE:GAIL-EQ | CVD=-1051448 vs Ref=1741 | Close=160.52 vs VAH=161.40
2026-02-02 15:11:49,152 [INFO] 🔍 Scanning for alerts on 6 symbols (5min)...
2026-02-02 15:11:50,690 [INFO]     NSE:KAYNES-EQ | CVD=73309 vs Ref=-99061 | Close=3469.00 vs VAL=3444.00
2026-02-02 15:11:52,132 [INFO]     NSE:PIIND-EQ | CVD=24338 vs Ref=-17103 | Close=3089.50 vs VAL=3049.50
2026-02-02 15:11:53,584 [INFO]     NSE:HINDUNILVR-EQ | CVD=167136 vs Ref=-17753 | Close=2356.80 vs VAL=2318.40
2026-02-02 15:11:55,059 [INFO]     NSE:CHOLAFIN-EQ | CVD=436342 vs Ref=-79867 | Close=1596.40 vs VAL=1526.80
2026-02-02 15:11:56,481 [INFO]     NSE:MAXHEALTH-EQ | CVD=303969 vs Ref=-26629 | Close=958.00 vs VAL=947.00
2026-02-02 15:11:57,963 [INFO]     NSE:IDFCFIRSTB-EQ | CVD=7204040 vs Ref=-243483 | Close=81.12 vs VAL=79.70
2026-02-02 15:11:58,039 [INFO] 🔍 Scanning for alerts on 3 symbols (5min)...
2026-02-02 15:11:59,447 [INFO]     NSE:PIIND-EQ | CVD=24338 vs Ref=-17103 | Close=3089.50 vs VAL=3049.50
2026-02-02 15:12:00,894 [INFO]     NSE:CHOLAFIN-EQ | CVD=436342 vs Ref=-79867 | Close=1596.40 vs VAL=1526.80
2026-02-02 15:12:04,111 [INFO]     NSE:IDFCFIRSTB-EQ | CVD=7204040 vs Ref=-243483 | Close=81.12 vs VAL=79.70
2026-02-02 15:12:14,460 [INFO] 💤 All symbols alerted. Monitoring paused.
2026-02-02 15:12:16,593 [INFO] 🔍 Scanning for alerts on 11 symbols (5min)...
2026-02-02 15:12:18,173 [INFO]     NSE:POWERINDIA-EQ | CVD=-16171 vs Ref=1496 | Close=18969.00 vs VAH=18564.00
2026-02-02 15:12:20,209 [INFO]     NSE:MCX-EQ | CVD=-42424 vs Ref=58658 | Close=2316.00 vs VAH=2234.40
2026-02-02 15:12:22,113 [INFO]     NSE:GODREJPROP-EQ | CVD=-26276 vs Ref=25814 | Close=1558.00 vs VAH=1540.80
2026-02-02 15:12:24,313 [INFO]     NSE:HINDALCO-EQ | CVD=201281 vs Ref=493502 | Close=931.00 vs VAH=913.80
2026-02-02 15:12:26,338 [INFO]     NSE:INDIANB-EQ | CVD=921005 vs Ref=95330 | Close=834.10 vs VAH=835.55
2026-02-02 15:12:27,997 [INFO]     NSE:OIL-EQ | CVD=-166064 vs Ref=116885 | Close=481.85 vs VAH=480.90
2026-02-02 15:12:29,770 [INFO]     NSE:JSWENERGY-EQ | CVD=-206565 vs Ref=3921 | Close=450.60 vs VAH=447.80
2026-02-02 15:12:31,455 [INFO]     NSE:PFC-EQ | CVD=-840547 vs Ref=0 | Close=383.65 vs VAH=385.65
2026-02-02 15:12:32,940 [INFO]     NSE:RECLTD-EQ | CVD=1876139 vs Ref=192310 | Close=361.45 vs VAH=366.00
2026-02-02 15:12:34,569 [INFO]     NSE:TATAPOWER-EQ | CVD=-57534 vs Ref=22693 | Close=358.20 vs VAH=355.20
2026-02-02 15:12:36,314 [INFO]     NSE:GAIL-EQ | CVD=-1051448 vs Ref=1741 | Close=160.52 vs VAH=161.40
2026-02-02 15:12:57,967 [INFO] 🔍 Scanning for alerts on 6 symbols (5min)...
2026-02-02 15:12:59,398 [INFO]     NSE:KAYNES-EQ | CVD=73309 vs Ref=-99061 | Close=3469.00 vs VAL=3444.00
2026-02-02 15:13:00,881 [INFO]     NSE:PIIND-EQ | CVD=24338 vs Ref=-17103 | Close=3089.50 vs VAL=3049.50
2026-02-02 15:13:02,848 [INFO]     NSE:HINDUNILVR-EQ | CVD=167136 vs Ref=-17753 | Close=2356.80 vs VAL=2318.40
2026-02-02 15:13:04,114 [INFO] 🔍 Scanning for alerts on 3 symbols (5min)...
2026-02-02 15:13:04,554 [INFO]     NSE:CHOLAFIN-EQ | CVD=436342 vs Ref=-79867 | Close=1596.40 vs VAL=1526.80
2026-02-02 15:13:05,636 [INFO]     NSE:PIIND-EQ | CVD=24338 vs Ref=-17103 | Close=3089.50 vs VAL=3049.50
2026-02-02 15:13:06,124 [INFO]     NSE:MAXHEALTH-EQ | CVD=303969 vs Ref=-26629 | Close=958.00 vs VAL=947.00
2026-02-02 15:13:07,303 [INFO]     NSE:CHOLAFIN-EQ | CVD=436342 vs Ref=-79867 | Close=1596.40 vs VAL=1526.80
2026-02-02 15:13:07,932 [INFO]     NSE:IDFCFIRSTB-EQ | CVD=7204040 vs Ref=-243483 | Close=81.12 vs VAL=79.70
2026-02-02 15:13:09,300 [INFO]     NSE:IDFCFIRSTB-EQ | CVD=7204040 vs Ref=-243483 | Close=81.12 vs VAL=79.70
2026-02-02 15:13:14,463 [INFO] 💤 All symbols alerted. Monitoring paused.
2026-02-02 15:13:36,317 [INFO] 🔍 Scanning for alerts on 11 symbols (5min)...
2026-02-02 15:13:37,789 [INFO]     NSE:POWERINDIA-EQ | CVD=-16171 vs Ref=1496 | Close=18969.00 vs VAH=18564.00
2026-02-02 15:13:39,309 [INFO]     NSE:MCX-EQ | CVD=-42424 vs Ref=58658 | Close=2316.00 vs VAH=2234.40
2026-02-02 15:13:40,817 [INFO]     NSE:GODREJPROP-EQ | CVD=-26276 vs Ref=25814 | Close=1558.00 vs VAH=1540.80
2026-02-02 15:13:42,292 [INFO]     NSE:HINDALCO-EQ | CVD=201281 vs Ref=493502 | Close=931.00 vs VAH=913.80
2026-02-02 15:13:43,853 [INFO]     NSE:INDIANB-EQ | CVD=921005 vs Ref=95330 | Close=834.10 vs VAH=835.55
2026-02-02 15:13:45,284 [INFO]     NSE:OIL-EQ | CVD=-166064 vs Ref=116885 | Close=481.85 vs VAH=480.90
2026-02-02 15:13:46,728 [INFO]     NSE:JSWENERGY-EQ | CVD=-206565 vs Ref=3921 | Close=450.60 vs VAH=447.80
2026-02-02 15:13:48,156 [INFO]     NSE:PFC-EQ | CVD=-840547 vs Ref=0 | Close=383.65 vs VAH=385.65
2026-02-02 15:13:49,633 [INFO]     NSE:RECLTD-EQ | CVD=1876139 vs Ref=192310 | Close=361.45 vs VAH=366.00
2026-02-02 15:13:51,267 [INFO]     NSE:TATAPOWER-EQ | CVD=-57534 vs Ref=22693 | Close=358.20 vs VAH=355.20
2026-02-02 15:13:52,667 [INFO]     NSE:GAIL-EQ | CVD=-1051448 vs Ref=1741 | Close=160.52 vs VAH=161.40
2026-02-02 15:14:07,939 [INFO] 🔍 Scanning for alerts on 6 symbols (5min)...
2026-02-02 15:14:09,302 [INFO] 🔍 Scanning for alerts on 3 symbols (5min)...
2026-02-02 15:14:09,569 [INFO]     NSE:KAYNES-EQ | CVD=73309 vs Ref=-99061 | Close=3469.00 vs VAL=3444.00
2026-02-02 15:14:10,966 [INFO]     NSE:PIIND-EQ | CVD=24338 vs Ref=-17103 | Close=3089.50 vs VAL=3049.50
2026-02-02 15:14:11,058 [INFO]     NSE:PIIND-EQ | CVD=24338 vs Ref=-17103 | Close=3089.50 vs VAL=3049.50
2026-02-02 15:14:12,761 [INFO]     NSE:CHOLAFIN-EQ | CVD=436342 vs Ref=-79867 | Close=1596.40 vs VAL=1526.80
2026-02-02 15:14:12,913 [INFO]     NSE:HINDUNILVR-EQ | CVD=167136 vs Ref=-17753 | Close=2356.80 vs VAL=2318.40
2026-02-02 15:14:14,456 [INFO]     NSE:IDFCFIRSTB-EQ | CVD=7204040 vs Ref=-243483 | Close=81.12 vs VAL=79.70
2026-02-02 15:14:14,467 [INFO] 💤 All symbols alerted. Monitoring paused.
2026-02-02 15:14:14,596 [INFO]     NSE:CHOLAFIN-EQ | CVD=436342 vs Ref=-79867 | Close=1596.40 vs VAL=1526.80
2026-02-02 15:14:15,986 [INFO]     NSE:MAXHEALTH-EQ | CVD=303969 vs Ref=-26629 | Close=958.00 vs VAL=947.00
2026-02-02 15:14:17,380 [INFO]     NSE:IDFCFIRSTB-EQ | CVD=7204040 vs Ref=-243483 | Close=81.12 vs VAL=79.70
2026-02-02 15:14:52,669 [INFO] 🔍 Scanning for alerts on 11 symbols (5min)...
2026-02-02 15:14:54,171 [INFO]     NSE:POWERINDIA-EQ | CVD=-16171 vs Ref=1496 | Close=18969.00 vs VAH=18564.00
2026-02-02 15:14:55,746 [INFO]     NSE:MCX-EQ | CVD=-42424 vs Ref=58658 | Close=2316.00 vs VAH=2234.40
2026-02-02 15:14:57,296 [INFO]     NSE:GODREJPROP-EQ | CVD=-26276 vs Ref=25814 | Close=1558.00 vs VAH=1540.80
2026-02-02 15:14:58,854 [INFO]     NSE:HINDALCO-EQ | CVD=201281 vs Ref=493502 | Close=931.00 vs VAH=913.80
2026-02-02 15:15:00,462 [INFO]     NSE:INDIANB-EQ | CVD=921005 vs Ref=95330 | Close=834.10 vs VAH=835.55
2026-02-02 15:15:02,457 [INFO]     NSE:OIL-EQ | CVD=-166064 vs Ref=116885 | Close=481.85 vs VAH=480.90
2026-02-02 15:15:04,040 [INFO]     NSE:JSWENERGY-EQ | CVD=-206565 vs Ref=3921 | Close=450.60 vs VAH=447.80
2026-02-02 15:15:05,764 [INFO]     NSE:PFC-EQ | CVD=-840547 vs Ref=0 | Close=383.65 vs VAH=385.65
2026-02-02 15:15:07,420 [INFO]     NSE:RECLTD-EQ | CVD=1876139 vs Ref=192310 | Close=361.45 vs VAH=366.00
2026-02-02 15:15:08,926 [INFO]     NSE:TATAPOWER-EQ | CVD=-57534 vs Ref=22693 | Close=358.20 vs VAH=355.20
2026-02-02 15:15:10,380 [INFO]     NSE:GAIL-EQ | CVD=-1051448 vs Ref=1741 | Close=160.52 vs VAH=161.40
2026-02-02 15:15:14,459 [INFO] 🔍 Scanning for alerts on 3 symbols (5min)...
2026-02-02 15:15:14,469 [INFO] 💤 All symbols alerted. Monitoring paused.
2026-02-02 15:15:15,874 [INFO]     NSE:PIIND-EQ | CVD=24338 vs Ref=-17103 | Close=3089.50 vs VAL=3049.50
2026-02-02 15:15:17,326 [INFO]     NSE:CHOLAFIN-EQ | CVD=436342 vs Ref=-79867 | Close=1596.40 vs VAL=1526.80
2026-02-02 15:15:17,384 [INFO] 🔍 Scanning for alerts on 6 symbols (5min)...
2026-02-02 15:15:18,882 [INFO]     NSE:IDFCFIRSTB-EQ | CVD=7204040 vs Ref=-243483 | Close=81.12 vs VAL=79.70
2026-02-02 15:15:18,927 [INFO]     NSE:KAYNES-EQ | CVD=73309 vs Ref=-99061 | Close=3469.00 vs VAL=3444.00
2026-02-02 15:15:20,341 [INFO]     NSE:PIIND-EQ | CVD=24338 vs Ref=-17103 | Close=3089.50 vs VAL=3049.50
2026-02-02 15:15:21,749 [INFO]     NSE:HINDUNILVR-EQ | CVD=167136 vs Ref=-17753 | Close=2356.80 vs VAL=2318.40
2026-02-02 15:15:23,835 [INFO]     NSE:CHOLAFIN-EQ | CVD=436342 vs Ref=-79867 | Close=1596.40 vs VAL=1526.80
2026-02-02 15:15:26,384 [INFO]     NSE:MAXHEALTH-EQ | CVD=303969 vs Ref=-26629 | Close=958.00 vs VAL=947.00
2026-02-02 15:15:28,295 [INFO]     NSE:IDFCFIRSTB-EQ | CVD=7204040 vs Ref=-243483 | Close=81.12 vs VAL=79.70
2026-02-02 15:16:10,382 [INFO] 🔍 Scanning for alerts on 11 symbols (5min)...
2026-02-02 15:16:11,974 [INFO]     NSE:POWERINDIA-EQ | CVD=-12353 vs Ref=1496 | Close=18996.00 vs VAH=18564.00
2026-02-02 15:16:13,690 [INFO]     NSE:MCX-EQ | CVD=34133 vs Ref=58658 | Close=2319.90 vs VAH=2234.40
2026-02-02 15:16:14,472 [INFO] 💤 All symbols alerted. Monitoring paused.
2026-02-02 15:16:15,340 [INFO]     NSE:GODREJPROP-EQ | CVD=-23140 vs Ref=25814 | Close=1557.70 vs VAH=1540.80
2026-02-02 15:16:16,855 [INFO]     NSE:HINDALCO-EQ | CVD=208956 vs Ref=493502 | Close=929.80 vs VAH=913.80
2026-02-02 15:16:18,436 [INFO]     NSE:INDIANB-EQ | CVD=923373 vs Ref=95330 | Close=833.90 vs VAH=835.55
2026-02-02 15:16:18,884 [INFO] 🔍 Scanning for alerts on 3 symbols (5min)...
2026-02-02 15:16:20,074 [INFO]     NSE:OIL-EQ | CVD=-57229 vs Ref=116885 | Close=483.00 vs VAH=480.90
2026-02-02 15:16:20,544 [INFO]     NSE:PIIND-EQ | CVD=22555 vs Ref=-17103 | Close=3091.40 vs VAL=3049.50
2026-02-02 15:16:21,691 [INFO]     NSE:JSWENERGY-EQ | CVD=-206434 vs Ref=3921 | Close=450.90 vs VAH=447.80
2026-02-02 15:16:22,195 [INFO]     NSE:CHOLAFIN-EQ | CVD=457466 vs Ref=-79867 | Close=1597.00 vs VAL=1526.80
2026-02-02 15:16:23,752 [INFO]     NSE:PFC-EQ | CVD=-713411 vs Ref=0 | Close=384.35 vs VAH=385.65
2026-02-02 15:16:24,529 [INFO]     NSE:IDFCFIRSTB-EQ | CVD=7738499 vs Ref=-243483 | Close=81.24 vs VAL=79.70
2026-02-02 15:16:26,010 [INFO]     NSE:RECLTD-EQ | CVD=2106096 vs Ref=192310 | Close=361.95 vs VAH=366.00
2026-02-02 15:16:28,299 [INFO] 🔍 Scanning for alerts on 6 symbols (5min)...
2026-02-02 15:16:28,657 [INFO]     NSE:TATAPOWER-EQ | CVD=-76764 vs Ref=22693 | Close=358.55 vs VAH=355.20
2026-02-02 15:16:30,779 [INFO]     NSE:KAYNES-EQ | CVD=81356 vs Ref=-99061 | Close=3473.30 vs VAL=3444.00
2026-02-02 15:16:31,017 [INFO]     NSE:GAIL-EQ | CVD=-1134948 vs Ref=1741 | Close=160.54 vs VAH=161.40
2026-02-02 15:16:32,536 [INFO]     NSE:PIIND-EQ | CVD=22555 vs Ref=-17103 | Close=3091.40 vs VAL=3049.50
2026-02-02 15:16:34,141 [INFO]     NSE:HINDUNILVR-EQ | CVD=172712 vs Ref=-17753 | Close=2357.30 vs VAL=2318.40
2026-02-02 15:16:35,672 [INFO]     NSE:CHOLAFIN-EQ | CVD=457466 vs Ref=-79867 | Close=1597.00 vs VAL=1526.80
2026-02-02 15:16:37,186 [INFO]     NSE:MAXHEALTH-EQ | CVD=333777 vs Ref=-26629 | Close=958.90 vs VAL=947.00
2026-02-02 15:16:38,617 [INFO]     NSE:IDFCFIRSTB-EQ | CVD=7738499 vs Ref=-243483 | Close=81.24 vs VAL=79.70
2026-02-02 15:17:14,475 [INFO] 💤 All symbols alerted. Monitoring paused.
2026-02-02 15:17:24,531 [INFO] 🔍 Scanning for alerts on 3 symbols (5min)...
2026-02-02 15:17:26,846 [INFO]     NSE:PIIND-EQ | CVD=22555 vs Ref=-17103 | Close=3091.40 vs VAL=3049.50
2026-02-02 15:17:28,672 [INFO]     NSE:CHOLAFIN-EQ | CVD=457466 vs Ref=-79867 | Close=1597.00 vs VAL=1526.80
2026-02-02 15:17:30,270 [INFO]     NSE:IDFCFIRSTB-EQ | CVD=7738499 vs Ref=-243483 | Close=81.24 vs VAL=79.70
2026-02-02 15:17:31,020 [INFO] 🔍 Scanning for alerts on 11 symbols (5min)...
2026-02-02 15:17:32,639 [INFO]     NSE:POWERINDIA-EQ | CVD=-12353 vs Ref=1496 | Close=18996.00 vs VAH=18564.00
2026-02-02 15:17:34,241 [INFO]     NSE:MCX-EQ | CVD=34133 vs Ref=58658 | Close=2319.90 vs VAH=2234.40
2026-02-02 15:17:35,924 [INFO]     NSE:GODREJPROP-EQ | CVD=-23140 vs Ref=25814 | Close=1557.70 vs VAH=1540.80
2026-02-02 15:17:37,690 [INFO]     NSE:HINDALCO-EQ | CVD=208956 vs Ref=493502 | Close=929.80 vs VAH=913.80
2026-02-02 15:17:38,620 [INFO] 🔍 Scanning for alerts on 6 symbols (5min)...
2026-02-02 15:17:39,317 [INFO]     NSE:INDIANB-EQ | CVD=923373 vs Ref=95330 | Close=833.90 vs VAH=835.55
2026-02-02 15:17:40,293 [INFO]     NSE:KAYNES-EQ | CVD=81356 vs Ref=-99061 | Close=3473.30 vs VAL=3444.00
2026-02-02 15:17:40,849 [INFO]     NSE:OIL-EQ | CVD=-57229 vs Ref=116885 | Close=483.00 vs VAH=480.90
2026-02-02 15:17:41,699 [INFO]     NSE:PIIND-EQ | CVD=22555 vs Ref=-17103 | Close=3091.40 vs VAL=3049.50
2026-02-02 15:17:42,322 [INFO]     NSE:JSWENERGY-EQ | CVD=-206434 vs Ref=3921 | Close=450.90 vs VAH=447.80
2026-02-02 15:17:43,417 [INFO]     NSE:HINDUNILVR-EQ | CVD=172712 vs Ref=-17753 | Close=2357.30 vs VAL=2318.40
2026-02-02 15:17:43,994 [INFO]     NSE:PFC-EQ | CVD=-713411 vs Ref=0 | Close=384.35 vs VAH=385.65
2026-02-02 15:17:45,036 [INFO]     NSE:CHOLAFIN-EQ | CVD=457466 vs Ref=-79867 | Close=1597.00 vs VAL=1526.80
2026-02-02 15:17:45,505 [INFO]     NSE:RECLTD-EQ | CVD=2106096 vs Ref=192310 | Close=361.95 vs VAH=366.00
2026-02-02 15:17:46,596 [INFO]     NSE:MAXHEALTH-EQ | CVD=333777 vs Ref=-26629 | Close=958.90 vs VAL=947.00
2026-02-02 15:17:47,161 [INFO]     NSE:TATAPOWER-EQ | CVD=-76764 vs Ref=22693 | Close=358.55 vs VAH=355.20
2026-02-02 15:17:48,329 [INFO]     NSE:IDFCFIRSTB-EQ | CVD=7738499 vs Ref=-243483 | Close=81.24 vs VAL=79.70
2026-02-02 15:17:48,834 [INFO]     NSE:GAIL-EQ | CVD=-1134948 vs Ref=1741 | Close=160.54 vs VAH=161.40
2026-02-02 15:18:14,478 [INFO] 💤 All symbols alerted. Monitoring paused.
2026-02-02 15:18:30,272 [INFO] 🔍 Scanning for alerts on 3 symbols (5min)...
2026-02-02 15:18:31,785 [INFO]     NSE:PIIND-EQ | CVD=22555 vs Ref=-17103 | Close=3091.40 vs VAL=3049.50
2026-02-02 15:18:33,281 [INFO]     NSE:CHOLAFIN-EQ | CVD=457466 vs Ref=-79867 | Close=1597.00 vs VAL=1526.80
2026-02-02 15:18:34,853 [INFO]     NSE:IDFCFIRSTB-EQ | CVD=7738499 vs Ref=-243483 | Close=81.24 vs VAL=79.70
2026-02-02 15:18:48,333 [INFO] 🔍 Scanning for alerts on 6 symbols (5min)...
2026-02-02 15:18:48,837 [INFO] 🔍 Scanning for alerts on 11 symbols (5min)...
2026-02-02 15:18:49,864 [INFO]     NSE:KAYNES-EQ | CVD=81356 vs Ref=-99061 | Close=3473.30 vs VAL=3444.00
2026-02-02 15:18:50,363 [INFO]     NSE:POWERINDIA-EQ | CVD=-12353 vs Ref=1496 | Close=18996.00 vs VAH=18564.00
2026-02-02 15:18:51,443 [INFO]     NSE:PIIND-EQ | CVD=22555 vs Ref=-17103 | Close=3091.40 vs VAL=3049.50
2026-02-02 15:18:51,990 [INFO]     NSE:MCX-EQ | CVD=34133 vs Ref=58658 | Close=2319.90 vs VAH=2234.40
2026-02-02 15:18:52,983 [INFO]     NSE:HINDUNILVR-EQ | CVD=172712 vs Ref=-17753 | Close=2357.30 vs VAL=2318.40
2026-02-02 15:18:53,698 [INFO]     NSE:GODREJPROP-EQ | CVD=-23140 vs Ref=25814 | Close=1557.70 vs VAH=1540.80
2026-02-02 15:18:54,769 [INFO]     NSE:CHOLAFIN-EQ | CVD=457466 vs Ref=-79867 | Close=1597.00 vs VAL=1526.80
2026-02-02 15:18:55,613 [INFO]     NSE:HINDALCO-EQ | CVD=208956 vs Ref=493502 | Close=929.80 vs VAH=913.80
2026-02-02 15:18:57,305 [INFO]     NSE:MAXHEALTH-EQ | CVD=333777 vs Ref=-26629 | Close=958.90 vs VAL=947.00
2026-02-02 15:18:58,484 [INFO]     NSE:INDIANB-EQ | CVD=923373 vs Ref=95330 | Close=833.90 vs VAH=835.55
2026-02-02 15:19:02,798 [INFO]     NSE:IDFCFIRSTB-EQ | CVD=7738499 vs Ref=-243483 | Close=81.24 vs VAL=79.70
2026-02-02 15:19:03,536 [INFO]     NSE:OIL-EQ | CVD=-57229 vs Ref=116885 | Close=483.00 vs VAH=480.90
2026-02-02 15:19:06,937 [INFO]     NSE:JSWENERGY-EQ | CVD=-206434 vs Ref=3921 | Close=450.90 vs VAH=447.80
2026-02-02 15:19:12,947 [INFO]     NSE:PFC-EQ | CVD=-713411 vs Ref=0 | Close=384.35 vs VAH=385.65
2026-02-02 15:19:14,483 [INFO] 💤 All symbols alerted. Monitoring paused.
2026-02-02 15:19:16,556 [INFO]     NSE:RECLTD-EQ | CVD=2106096 vs Ref=192310 | Close=361.95 vs VAH=366.00
2026-02-02 15:19:19,712 [INFO]     NSE:TATAPOWER-EQ | CVD=-76764 vs Ref=22693 | Close=358.55 vs VAH=355.20
2026-02-02 15:19:23,215 [INFO]     NSE:GAIL-EQ | CVD=-1134948 vs Ref=1741 | Close=160.54 vs VAH=161.40
2026-02-02 15:19:34,856 [INFO] 🔍 Scanning for alerts on 3 symbols (5min)...
2026-02-02 15:19:37,962 [INFO]     NSE:PIIND-EQ | CVD=22555 vs Ref=-17103 | Close=3091.40 vs VAL=3049.50
2026-02-02 15:19:41,360 [INFO]     NSE:CHOLAFIN-EQ | CVD=457466 vs Ref=-79867 | Close=1597.00 vs VAL=1526.80
2026-02-02 15:19:46,132 [INFO]     NSE:IDFCFIRSTB-EQ | CVD=7738499 vs Ref=-243483 | Close=81.24 vs VAL=79.70
2026-02-02 15:20:02,930 [INFO] 🔍 Scanning for alerts on 6 symbols (5min)...
2026-02-02 15:20:09,013 [INFO]     NSE:KAYNES-EQ | CVD=81356 vs Ref=-99061 | Close=3473.30 vs VAL=3444.00
2026-02-02 15:20:12,933 [INFO]     NSE:PIIND-EQ | CVD=22555 vs Ref=-17103 | Close=3091.40 vs VAL=3049.50
2026-02-02 15:20:14,511 [INFO] 💤 All symbols alerted. Monitoring paused.
2026-02-02 15:20:16,503 [INFO]     NSE:HINDUNILVR-EQ | CVD=172712 vs Ref=-17753 | Close=2357.30 vs VAL=2318.40
2026-02-02 15:20:20,519 [INFO]     NSE:CHOLAFIN-EQ | CVD=457466 vs Ref=-79867 | Close=1597.00 vs VAL=1526.80
2026-02-02 15:20:23,223 [INFO] 🔍 Scanning for alerts on 11 symbols (5min)...
2026-02-02 15:20:23,893 [INFO]     NSE:MAXHEALTH-EQ | CVD=333777 vs Ref=-26629 | Close=958.90 vs VAL=947.00
2026-02-02 15:20:27,583 [INFO]     NSE:IDFCFIRSTB-EQ | CVD=7738499 vs Ref=-243483 | Close=81.24 vs VAL=79.70
2026-02-02 15:20:29,389 [INFO]     NSE:POWERINDIA-EQ | CVD=-12353 vs Ref=1496 | Close=18996.00 vs VAH=18564.00
2026-02-02 15:20:34,042 [INFO]     NSE:MCX-EQ | CVD=34133 vs Ref=58658 | Close=2319.90 vs VAH=2234.40
2026-02-02 15:20:39,912 [INFO]     NSE:GODREJPROP-EQ | CVD=-23140 vs Ref=25814 | Close=1557.70 vs VAH=1540.80
2026-02-02 15:20:42,929 [INFO]     NSE:HINDALCO-EQ | CVD=208956 vs Ref=493502 | Close=929.80 vs VAH=913.80
2026-02-02 15:20:45,561 [INFO]     NSE:INDIANB-EQ | CVD=923373 vs Ref=95330 | Close=833.90 vs VAH=835.55
2026-02-02 15:20:46,138 [INFO] 🔍 Scanning for alerts on 3 symbols (5min)...
2026-02-02 15:20:48,274 [INFO]     NSE:OIL-EQ | CVD=-57229 vs Ref=116885 | Close=483.00 vs VAH=480.90
2026-02-02 15:20:49,115 [INFO]     NSE:PIIND-EQ | CVD=22555 vs Ref=-17103 | Close=3091.40 vs VAL=3049.50
2026-02-02 15:20:51,161 [INFO]     NSE:JSWENERGY-EQ | CVD=-206434 vs Ref=3921 | Close=450.90 vs VAH=447.80
2026-02-02 15:20:51,901 [INFO]     NSE:CHOLAFIN-EQ | CVD=457466 vs Ref=-79867 | Close=1597.00 vs VAL=1526.80
2026-02-02 15:20:53,702 [INFO]     NSE:PFC-EQ | CVD=-713411 vs Ref=0 | Close=384.35 vs VAH=385.65
2026-02-02 15:20:54,451 [INFO]     NSE:IDFCFIRSTB-EQ | CVD=7738499 vs Ref=-243483 | Close=81.24 vs VAL=79.70
2026-02-02 15:20:56,143 [INFO]     NSE:RECLTD-EQ | CVD=2106096 vs Ref=192310 | Close=361.95 vs VAH=366.00
2026-02-02 15:20:58,847 [INFO]     NSE:TATAPOWER-EQ | CVD=-76764 vs Ref=22693 | Close=358.55 vs VAH=355.20
2026-02-02 15:21:01,763 [INFO]     NSE:GAIL-EQ | CVD=-1134948 vs Ref=1741 | Close=160.54 vs VAH=161.40
2026-02-02 15:21:14,560 [INFO] 💤 All symbols alerted. Monitoring paused.
2026-02-02 15:21:27,885 [INFO] 🔍 Scanning for alerts on 6 symbols (5min)...
2026-02-02 15:21:30,313 [INFO]     NSE:KAYNES-EQ | CVD=98144 vs Ref=-99061 | Close=3474.70 vs VAL=3444.00
2026-02-02 15:21:32,535 [INFO]     NSE:PIIND-EQ | CVD=26547 vs Ref=-17103 | Close=3095.80 vs VAL=3049.50
2026-02-02 15:21:34,848 [INFO]     NSE:HINDUNILVR-EQ | CVD=183667 vs Ref=-17753 | Close=2357.80 vs VAL=2318.40
2026-02-02 15:21:37,215 [INFO]     NSE:CHOLAFIN-EQ | CVD=526050 vs Ref=-79867 | Close=1597.40 vs VAL=1526.80
2026-02-02 15:21:39,538 [INFO]     NSE:MAXHEALTH-EQ | CVD=383095 vs Ref=-26629 | Close=959.70 vs VAL=947.00
2026-02-02 15:21:42,033 [INFO]     NSE:IDFCFIRSTB-EQ | CVD=8073864 vs Ref=-243483 | Close=81.32 vs VAL=79.70
2026-02-02 15:21:54,454 [INFO] 🔍 Scanning for alerts on 3 symbols (5min)...
2026-02-02 15:21:56,667 [INFO]     NSE:PIIND-EQ | CVD=26547 vs Ref=-17103 | Close=3095.80 vs VAL=3049.50
2026-02-02 15:21:58,776 [INFO]     NSE:CHOLAFIN-EQ | CVD=526050 vs Ref=-79867 | Close=1597.40 vs VAL=1526.80
2026-02-02 15:22:00,958 [INFO]     NSE:IDFCFIRSTB-EQ | CVD=8073864 vs Ref=-243483 | Close=81.32 vs VAL=79.70
2026-02-02 15:22:01,769 [INFO] 🔍 Scanning for alerts on 11 symbols (5min)...
2026-02-02 15:22:04,498 [INFO]     NSE:POWERINDIA-EQ | CVD=-10877 vs Ref=1496 | Close=19023.00 vs VAH=18564.00
2026-02-02 15:22:07,194 [INFO] 🚀 [BUY ALERT] NSE:MCX-EQ (5min) triggered at 15:15!
2026-02-02 15:22:07,196 [INFO]     ✅ Price: 2329.70 > FRVP VAH: 2234.40
2026-02-02 15:22:07,198 [INFO]     ✅ CVD:   73113 > CVD Ref:  58658
2026-02-02 15:22:07,200 [INFO]     NSE:MCX-EQ | CVD=73113 vs Ref=58658 | Close=2329.70 vs VAH=2234.40
2026-02-02 15:22:10,095 [INFO]     NSE:GODREJPROP-EQ | CVD=-7856 vs Ref=25814 | Close=1562.00 vs VAH=1540.80
2026-02-02 15:22:13,261 [INFO]     NSE:HINDALCO-EQ | CVD=236681 vs Ref=493502 | Close=934.45 vs VAH=913.80
2026-02-02 15:22:14,579 [INFO] 💤 All symbols alerted. Monitoring paused.
2026-02-02 15:22:15,958 [INFO]     NSE:INDIANB-EQ | CVD=912848 vs Ref=95330 | Close=835.30 vs VAH=835.55
2026-02-02 15:22:17,831 [INFO]     NSE:OIL-EQ | CVD=8873 vs Ref=116885 | Close=484.95 vs VAH=480.90
2026-02-02 15:22:19,727 [INFO]     NSE:JSWENERGY-EQ | CVD=-178164 vs Ref=3921 | Close=452.20 vs VAH=447.80
2026-02-02 15:22:21,699 [INFO]     NSE:PFC-EQ | CVD=-185837 vs Ref=0 | Close=385.50 vs VAH=385.65
2026-02-02 15:22:24,179 [INFO]     NSE:RECLTD-EQ | CVD=2342396 vs Ref=192310 | Close=363.60 vs VAH=366.00
2026-02-02 15:22:27,011 [INFO]     NSE:TATAPOWER-EQ | CVD=-45807 vs Ref=22693 | Close=359.30 vs VAH=355.20
2026-02-02 15:22:30,111 [INFO]     NSE:GAIL-EQ | CVD=-1230017 vs Ref=1741 | Close=160.45 vs VAH=161.40
2026-02-02 15:22:42,038 [INFO] 🔍 Scanning for alerts on 6 symbols (5min)...
2026-02-02 15:22:44,086 [INFO]     NSE:KAYNES-EQ | CVD=98144 vs Ref=-99061 | Close=3474.70 vs VAL=3444.00
2026-02-02 15:22:46,154 [INFO]     NSE:PIIND-EQ | CVD=26547 vs Ref=-17103 | Close=3095.80 vs VAL=3049.50
2026-02-02 15:22:48,034 [INFO]     NSE:HINDUNILVR-EQ | CVD=183667 vs Ref=-17753 | Close=2357.80 vs VAL=2318.40
2026-02-02 15:22:49,956 [INFO]     NSE:CHOLAFIN-EQ | CVD=526050 vs Ref=-79867 | Close=1597.40 vs VAL=1526.80
2026-02-02 15:22:51,980 [INFO]     NSE:MAXHEALTH-EQ | CVD=383095 vs Ref=-26629 | Close=959.70 vs VAL=947.00
2026-02-02 15:22:54,149 [INFO]     NSE:IDFCFIRSTB-EQ | CVD=8073864 vs Ref=-243483 | Close=81.32 vs VAL=79.70
2026-02-02 15:23:00,960 [INFO] 🔍 Scanning for alerts on 3 symbols (5min)...
2026-02-02 15:23:03,787 [INFO]     NSE:PIIND-EQ | CVD=26547 vs Ref=-17103 | Close=3095.80 vs VAL=3049.50
2026-02-02 15:23:06,382 [INFO]     NSE:CHOLAFIN-EQ | CVD=526050 vs Ref=-79867 | Close=1597.40 vs VAL=1526.80
2026-02-02 15:23:08,909 [INFO]     NSE:IDFCFIRSTB-EQ | CVD=8073864 vs Ref=-243483 | Close=81.32 vs VAL=79.70
2026-02-02 15:23:14,582 [INFO] 💤 All symbols alerted. Monitoring paused.
2026-02-02 15:23:30,115 [INFO] 🔍 Scanning for alerts on 10 symbols (5min)...
2026-02-02 15:23:32,313 [INFO]     NSE:POWERINDIA-EQ | CVD=-10877 vs Ref=1496 | Close=19023.00 vs VAH=18564.00
2026-02-02 15:23:34,595 [INFO]     NSE:GODREJPROP-EQ | CVD=-7856 vs Ref=25814 | Close=1562.00 vs VAH=1540.80
2026-02-02 15:23:37,060 [INFO]     NSE:HINDALCO-EQ | CVD=236681 vs Ref=493502 | Close=934.45 vs VAH=913.80
2026-02-02 15:23:39,322 [INFO]     NSE:INDIANB-EQ | CVD=912848 vs Ref=95330 | Close=835.30 vs VAH=835.55
2026-02-02 15:23:41,230 [INFO]     NSE:OIL-EQ | CVD=8873 vs Ref=116885 | Close=484.95 vs VAH=480.90
2026-02-02 15:23:43,532 [INFO]     NSE:JSWENERGY-EQ | CVD=-178164 vs Ref=3921 | Close=452.20 vs VAH=447.80
2026-02-02 15:23:46,276 [INFO]     NSE:PFC-EQ | CVD=-185837 vs Ref=0 | Close=385.50 vs VAH=385.65
2026-02-02 15:23:49,485 [INFO]     NSE:RECLTD-EQ | CVD=2342396 vs Ref=192310 | Close=363.60 vs VAH=366.00
2026-02-02 15:23:52,827 [INFO]     NSE:TATAPOWER-EQ | CVD=-45807 vs Ref=22693 | Close=359.30 vs VAH=355.20
2026-02-02 15:23:54,155 [INFO] 🔍 Scanning for alerts on 6 symbols (5min)...
2026-02-02 15:23:55,405 [INFO]     NSE:GAIL-EQ | CVD=-1230017 vs Ref=1741 | Close=160.45 vs VAH=161.40
2026-02-02 15:23:57,128 [INFO]     NSE:KAYNES-EQ | CVD=98144 vs Ref=-99061 | Close=3474.70 vs VAL=3444.00
2026-02-02 15:24:00,437 [INFO]     NSE:PIIND-EQ | CVD=26547 vs Ref=-17103 | Close=3095.80 vs VAL=3049.50
2026-02-02 15:24:04,370 [INFO]     NSE:HINDUNILVR-EQ | CVD=183667 vs Ref=-17753 | Close=2357.80 vs VAL=2318.40
2026-02-02 15:24:07,978 [INFO]     NSE:CHOLAFIN-EQ | CVD=526050 vs Ref=-79867 | Close=1597.40 vs VAL=1526.80
2026-02-02 15:24:08,913 [INFO] 🔍 Scanning for alerts on 3 symbols (5min)...
2026-02-02 15:24:11,047 [INFO]     NSE:MAXHEALTH-EQ | CVD=383095 vs Ref=-26629 | Close=959.70 vs VAL=947.00
2026-02-02 15:24:11,910 [INFO]     NSE:PIIND-EQ | CVD=26547 vs Ref=-17103 | Close=3095.80 vs VAL=3049.50
2026-02-02 15:24:13,962 [INFO]     NSE:IDFCFIRSTB-EQ | CVD=8073864 vs Ref=-243483 | Close=81.32 vs VAL=79.70
2026-02-02 15:24:14,586 [INFO] 💤 All symbols alerted. Monitoring paused.
2026-02-02 15:24:14,944 [INFO]     NSE:CHOLAFIN-EQ | CVD=526050 vs Ref=-79867 | Close=1597.40 vs VAL=1526.80
2026-02-02 15:24:17,515 [INFO]     NSE:IDFCFIRSTB-EQ | CVD=8073864 vs Ref=-243483 | Close=81.32 vs VAL=79.70
2026-02-02 15:24:55,409 [INFO] 🔍 Scanning for alerts on 10 symbols (5min)...
2026-02-02 15:24:56,861 [INFO]     NSE:POWERINDIA-EQ | CVD=-10877 vs Ref=1496 | Close=19023.00 vs VAH=18564.00
2026-02-02 15:24:58,327 [INFO]     NSE:GODREJPROP-EQ | CVD=-7856 vs Ref=25814 | Close=1562.00 vs VAH=1540.80
2026-02-02 15:24:59,910 [INFO]     NSE:HINDALCO-EQ | CVD=236681 vs Ref=493502 | Close=934.45 vs VAH=913.80
2026-02-02 15:25:01,460 [INFO]     NSE:INDIANB-EQ | CVD=912848 vs Ref=95330 | Close=835.30 vs VAH=835.55
2026-02-02 15:25:04,266 [INFO]     NSE:OIL-EQ | CVD=8873 vs Ref=116885 | Close=484.95 vs VAH=480.90
2026-02-02 15:25:06,255 [INFO]     NSE:JSWENERGY-EQ | CVD=-178164 vs Ref=3921 | Close=452.20 vs VAH=447.80
2026-02-02 15:25:08,269 [INFO]     NSE:PFC-EQ | CVD=-185837 vs Ref=0 | Close=385.50 vs VAH=385.65
2026-02-02 15:25:09,719 [INFO]     NSE:RECLTD-EQ | CVD=2342396 vs Ref=192310 | Close=363.60 vs VAH=366.00
2026-02-02 15:25:11,176 [INFO]     NSE:TATAPOWER-EQ | CVD=-45807 vs Ref=22693 | Close=359.30 vs VAH=355.20
2026-02-02 15:25:12,622 [INFO]     NSE:GAIL-EQ | CVD=-1230017 vs Ref=1741 | Close=160.45 vs VAH=161.40
2026-02-02 15:25:13,966 [INFO] 🔍 Scanning for alerts on 6 symbols (5min)...
2026-02-02 15:25:14,591 [INFO] 💤 All symbols alerted. Monitoring paused.
2026-02-02 15:25:15,459 [INFO]     NSE:KAYNES-EQ | CVD=98144 vs Ref=-99061 | Close=3474.70 vs VAL=3444.00
2026-02-02 15:25:16,878 [INFO]     NSE:PIIND-EQ | CVD=26547 vs Ref=-17103 | Close=3095.80 vs VAL=3049.50
2026-02-02 15:25:17,519 [INFO] 🔍 Scanning for alerts on 3 symbols (5min)...
2026-02-02 15:25:18,321 [INFO]     NSE:HINDUNILVR-EQ | CVD=183667 vs Ref=-17753 | Close=2357.80 vs VAL=2318.40
2026-02-02 15:25:18,980 [INFO]     NSE:PIIND-EQ | CVD=26547 vs Ref=-17103 | Close=3095.80 vs VAL=3049.50
2026-02-02 15:25:19,831 [INFO]     NSE:CHOLAFIN-EQ | CVD=526050 vs Ref=-79867 | Close=1597.40 vs VAL=1526.80
2026-02-02 15:25:20,493 [INFO]     NSE:CHOLAFIN-EQ | CVD=526050 vs Ref=-79867 | Close=1597.40 vs VAL=1526.80
2026-02-02 15:25:21,337 [INFO]     NSE:MAXHEALTH-EQ | CVD=383095 vs Ref=-26629 | Close=959.70 vs VAL=947.00
2026-02-02 15:25:22,094 [INFO]     NSE:IDFCFIRSTB-EQ | CVD=8073864 vs Ref=-243483 | Close=81.32 vs VAL=79.70
2026-02-02 15:25:23,278 [INFO]     NSE:IDFCFIRSTB-EQ | CVD=8073864 vs Ref=-243483 | Close=81.32 vs VAL=79.70
2026-02-02 15:26:12,627 [INFO] 🔍 Scanning for alerts on 10 symbols (5min)...
2026-02-02 15:26:14,428 [INFO]     NSE:POWERINDIA-EQ | CVD=-14176 vs Ref=1496 | Close=19019.00 vs VAH=18564.00
2026-02-02 15:26:14,594 [INFO] 💤 All symbols alerted. Monitoring paused.
2026-02-02 15:26:15,946 [INFO]     NSE:GODREJPROP-EQ | CVD=-11382 vs Ref=25814 | Close=1562.80 vs VAH=1540.80
2026-02-02 15:26:17,429 [INFO]     NSE:HINDALCO-EQ | CVD=214502 vs Ref=493502 | Close=934.30 vs VAH=913.80
2026-02-02 15:26:19,178 [INFO] 🚀 [BUY ALERT] NSE:INDIANB-EQ (5min) triggered at 15:20!
2026-02-02 15:26:19,180 [INFO]     ✅ Price: 838.95 > FRVP VAH: 835.55
2026-02-02 15:26:19,182 [INFO]     ✅ CVD:   972974 > CVD Ref:  95330
2026-02-02 15:26:19,183 [INFO]     NSE:INDIANB-EQ | CVD=972974 vs Ref=95330 | Close=838.95 vs VAH=835.55
2026-02-02 15:26:20,715 [INFO]     NSE:OIL-EQ | CVD=-68181 vs Ref=116885 | Close=484.70 vs VAH=480.90
2026-02-02 15:26:22,098 [INFO] 🔍 Scanning for alerts on 3 symbols (5min)...
2026-02-02 15:26:22,132 [INFO]     NSE:JSWENERGY-EQ | CVD=-172042 vs Ref=3921 | Close=452.90 vs VAH=447.80
2026-02-02 15:26:23,284 [INFO] 🔍 Scanning for alerts on 6 symbols (5min)...
2026-02-02 15:26:24,315 [INFO]     NSE:PIIND-EQ | CVD=20928 vs Ref=-17103 | Close=3092.40 vs VAL=3049.50
2026-02-02 15:26:24,386 [INFO]     NSE:PFC-EQ | CVD=-140201 vs Ref=0 | Close=386.00 vs VAH=385.65
2026-02-02 15:26:25,642 [INFO]     NSE:KAYNES-EQ | CVD=98792 vs Ref=-99061 | Close=3478.10 vs VAL=3444.00
2026-02-02 15:26:26,860 [INFO]     NSE:CHOLAFIN-EQ | CVD=495041 vs Ref=-79867 | Close=1597.90 vs VAL=1526.80
2026-02-02 15:26:26,938 [INFO]     NSE:RECLTD-EQ | CVD=2681046 vs Ref=192310 | Close=364.50 vs VAH=366.00
2026-02-02 15:26:28,381 [INFO]     NSE:PIIND-EQ | CVD=20928 vs Ref=-17103 | Close=3092.40 vs VAL=3049.50
2026-02-02 15:26:29,456 [INFO]     NSE:IDFCFIRSTB-EQ | CVD=8533533 vs Ref=-243483 | Close=81.40 vs VAL=79.70
2026-02-02 15:26:29,618 [INFO]     NSE:TATAPOWER-EQ | CVD=-4101 vs Ref=22693 | Close=359.95 vs VAH=355.20
2026-02-02 15:26:30,824 [INFO]     NSE:HINDUNILVR-EQ | CVD=208561 vs Ref=-17753 | Close=2355.00 vs VAL=2318.40
2026-02-02 15:26:32,047 [INFO]     NSE:GAIL-EQ | CVD=-1435670 vs Ref=1741 | Close=160.35 vs VAH=161.40
2026-02-02 15:26:33,183 [INFO]     NSE:CHOLAFIN-EQ | CVD=495041 vs Ref=-79867 | Close=1597.90 vs VAL=1526.80
2026-02-02 15:26:34,801 [INFO]     NSE:MAXHEALTH-EQ | CVD=309633 vs Ref=-26629 | Close=957.70 vs VAL=947.00
2026-02-02 15:26:36,248 [INFO]     NSE:IDFCFIRSTB-EQ | CVD=8533533 vs Ref=-243483 | Close=81.40 vs VAL=79.70
2026-02-02 15:27:14,597 [INFO] 💤 All symbols alerted. Monitoring paused.
2026-02-02 15:27:29,460 [INFO] 🔍 Scanning for alerts on 3 symbols (5min)...
2026-02-02 15:27:31,353 [INFO]     NSE:PIIND-EQ | CVD=20928 vs Ref=-17103 | Close=3092.40 vs VAL=3049.50
2026-02-02 15:27:32,050 [INFO] 🔍 Scanning for alerts on 9 symbols (5min)...
2026-02-02 15:27:33,329 [INFO]     NSE:CHOLAFIN-EQ | CVD=495041 vs Ref=-79867 | Close=1597.90 vs VAL=1526.80
2026-02-02 15:27:34,067 [INFO]     NSE:POWERINDIA-EQ | CVD=-14176 vs Ref=1496 | Close=19019.00 vs VAH=18564.00
2026-02-02 15:27:35,363 [INFO]     NSE:IDFCFIRSTB-EQ | CVD=8533533 vs Ref=-243483 | Close=81.40 vs VAL=79.70
2026-02-02 15:27:36,170 [INFO]     NSE:GODREJPROP-EQ | CVD=-11382 vs Ref=25814 | Close=1562.80 vs VAH=1540.80
2026-02-02 15:27:36,251 [INFO] 🔍 Scanning for alerts on 6 symbols (5min)...
2026-02-02 15:27:38,117 [INFO]     NSE:KAYNES-EQ | CVD=98792 vs Ref=-99061 | Close=3478.10 vs VAL=3444.00
2026-02-02 15:27:38,124 [INFO]     NSE:HINDALCO-EQ | CVD=214502 vs Ref=493502 | Close=934.30 vs VAH=913.80
2026-02-02 15:27:39,840 [INFO]     NSE:OIL-EQ | CVD=-68181 vs Ref=116885 | Close=484.70 vs VAH=480.90
2026-02-02 15:27:39,913 [INFO]     NSE:PIIND-EQ | CVD=20928 vs Ref=-17103 | Close=3092.40 vs VAL=3049.50
2026-02-02 15:27:41,417 [INFO]     NSE:JSWENERGY-EQ | CVD=-172042 vs Ref=3921 | Close=452.90 vs VAH=447.80
2026-02-02 15:27:41,494 [INFO]     NSE:HINDUNILVR-EQ | CVD=208561 vs Ref=-17753 | Close=2355.00 vs VAL=2318.40
2026-02-02 15:27:43,076 [INFO]     NSE:PFC-EQ | CVD=-140201 vs Ref=0 | Close=386.00 vs VAH=385.65
2026-02-02 15:27:43,135 [INFO]     NSE:CHOLAFIN-EQ | CVD=495041 vs Ref=-79867 | Close=1597.90 vs VAL=1526.80
2026-02-02 15:27:44,672 [INFO]     NSE:RECLTD-EQ | CVD=2681046 vs Ref=192310 | Close=364.50 vs VAH=366.00
2026-02-02 15:27:44,771 [INFO]     NSE:MAXHEALTH-EQ | CVD=309633 vs Ref=-26629 | Close=957.70 vs VAL=947.00
2026-02-02 15:27:46,444 [INFO]     NSE:TATAPOWER-EQ | CVD=-4101 vs Ref=22693 | Close=359.95 vs VAH=355.20
2026-02-02 15:27:46,474 [INFO]     NSE:IDFCFIRSTB-EQ | CVD=8533533 vs Ref=-243483 | Close=81.40 vs VAL=79.70
2026-02-02 15:27:48,036 [INFO]     NSE:GAIL-EQ | CVD=-1435670 vs Ref=1741 | Close=160.35 vs VAH=161.40
2026-02-02 15:28:14,601 [INFO] 💤 All symbols alerted. Monitoring paused.
2026-02-02 15:28:35,367 [INFO] 🔍 Scanning for alerts on 3 symbols (5min)...
2026-02-02 15:28:36,998 [INFO]     NSE:PIIND-EQ | CVD=20928 vs Ref=-17103 | Close=3092.40 vs VAL=3049.50
2026-02-02 15:28:38,464 [INFO]     NSE:CHOLAFIN-EQ | CVD=495041 vs Ref=-79867 | Close=1597.90 vs VAL=1526.80
2026-02-02 15:28:39,878 [INFO]     NSE:IDFCFIRSTB-EQ | CVD=8533533 vs Ref=-243483 | Close=81.40 vs VAL=79.70
2026-02-02 15:28:46,478 [INFO] 🔍 Scanning for alerts on 6 symbols (5min)...
2026-02-02 15:28:47,891 [INFO]     NSE:KAYNES-EQ | CVD=98792 vs Ref=-99061 | Close=3478.10 vs VAL=3444.00
2026-02-02 15:28:48,042 [INFO] 🔍 Scanning for alerts on 9 symbols (5min)...
2026-02-02 15:28:49,322 [INFO]     NSE:PIIND-EQ | CVD=20928 vs Ref=-17103 | Close=3092.40 vs VAL=3049.50
2026-02-02 15:28:49,562 [INFO]     NSE:POWERINDIA-EQ | CVD=-14176 vs Ref=1496 | Close=19019.00 vs VAH=18564.00
2026-02-02 15:28:50,873 [INFO]     NSE:HINDUNILVR-EQ | CVD=208561 vs Ref=-17753 | Close=2355.00 vs VAL=2318.40
2026-02-02 15:28:51,096 [INFO]     NSE:GODREJPROP-EQ | CVD=-11382 vs Ref=25814 | Close=1562.80 vs VAH=1540.80
2026-02-02 15:28:52,379 [INFO]     NSE:CHOLAFIN-EQ | CVD=495041 vs Ref=-79867 | Close=1597.90 vs VAL=1526.80
2026-02-02 15:28:52,671 [INFO]     NSE:HINDALCO-EQ | CVD=214502 vs Ref=493502 | Close=934.30 vs VAH=913.80
2026-02-02 15:28:54,176 [INFO]     NSE:MAXHEALTH-EQ | CVD=309633 vs Ref=-26629 | Close=957.70 vs VAL=947.00
2026-02-02 15:28:54,340 [INFO]     NSE:OIL-EQ | CVD=-68181 vs Ref=116885 | Close=484.70 vs VAH=480.90
2026-02-02 15:28:55,665 [INFO]     NSE:IDFCFIRSTB-EQ | CVD=8533533 vs Ref=-243483 | Close=81.40 vs VAL=79.70
2026-02-02 15:28:55,823 [INFO]     NSE:JSWENERGY-EQ | CVD=-172042 vs Ref=3921 | Close=452.90 vs VAH=447.80
2026-02-02 15:28:57,336 [INFO]     NSE:PFC-EQ | CVD=-140201 vs Ref=0 | Close=386.00 vs VAH=385.65
2026-02-02 15:28:59,063 [INFO]     NSE:RECLTD-EQ | CVD=2681046 vs Ref=192310 | Close=364.50 vs VAH=366.00
2026-02-02 15:29:00,639 [INFO]     NSE:TATAPOWER-EQ | CVD=-4101 vs Ref=22693 | Close=359.95 vs VAH=355.20
2026-02-02 15:29:02,244 [INFO]     NSE:GAIL-EQ | CVD=-1435670 vs Ref=1741 | Close=160.35 vs VAH=161.40
2026-02-02 15:29:14,603 [INFO] 💤 All symbols alerted. Monitoring paused.
2026-02-02 15:29:39,880 [INFO] 🔍 Scanning for alerts on 3 symbols (5min)...
2026-02-02 15:29:41,289 [INFO]     NSE:PIIND-EQ | CVD=20928 vs Ref=-17103 | Close=3092.40 vs VAL=3049.50
2026-02-02 15:29:42,743 [INFO]     NSE:CHOLAFIN-EQ | CVD=495041 vs Ref=-79867 | Close=1597.90 vs VAL=1526.80
2026-02-02 15:29:44,237 [INFO]     NSE:IDFCFIRSTB-EQ | CVD=8533533 vs Ref=-243483 | Close=81.40 vs VAL=79.70
2026-02-02 15:29:55,670 [INFO] 🔍 Scanning for alerts on 6 symbols (5min)...
2026-02-02 15:29:57,126 [INFO]     NSE:KAYNES-EQ | CVD=98792 vs Ref=-99061 | Close=3478.10 vs VAL=3444.00
2026-02-02 15:29:58,619 [INFO]     NSE:PIIND-EQ | CVD=20928 vs Ref=-17103 | Close=3092.40 vs VAL=3049.50
2026-02-02 15:30:00,031 [INFO]     NSE:HINDUNILVR-EQ | CVD=208561 vs Ref=-17753 | Close=2355.00 vs VAL=2318.40
2026-02-02 15:30:01,720 [INFO]     NSE:CHOLAFIN-EQ | CVD=495041 vs Ref=-79867 | Close=1597.90 vs VAL=1526.80
2026-02-02 15:30:02,248 [INFO] 🔍 Scanning for alerts on 9 symbols (5min)...
2026-02-02 15:30:03,921 [INFO]     NSE:MAXHEALTH-EQ | CVD=309633 vs Ref=-26629 | Close=957.70 vs VAL=947.00
2026-02-02 15:30:04,865 [INFO]     NSE:POWERINDIA-EQ | CVD=-14176 vs Ref=1496 | Close=19019.00 vs VAH=18564.00
2026-02-02 15:30:05,971 [INFO]     NSE:IDFCFIRSTB-EQ | CVD=8533533 vs Ref=-243483 | Close=81.40 vs VAL=79.70
2026-02-02 15:30:06,510 [INFO]     NSE:GODREJPROP-EQ | CVD=-11382 vs Ref=25814 | Close=1562.80 vs VAH=1540.80
2026-02-02 15:30:08,168 [INFO]     NSE:HINDALCO-EQ | CVD=214502 vs Ref=493502 | Close=934.30 vs VAH=913.80
2026-02-02 15:30:09,726 [INFO]     NSE:OIL-EQ | CVD=-68181 vs Ref=116885 | Close=484.70 vs VAH=480.90
2026-02-02 15:30:11,534 [INFO]     NSE:JSWENERGY-EQ | CVD=-172042 vs Ref=3921 | Close=452.90 vs VAH=447.80
2026-02-02 15:30:12,941 [INFO]     NSE:PFC-EQ | CVD=-140201 vs Ref=0 | Close=386.00 vs VAH=385.65
2026-02-02 15:30:14,410 [INFO]     NSE:RECLTD-EQ | CVD=2681046 vs Ref=192310 | Close=364.50 vs VAH=366.00
2026-02-02 15:30:14,607 [INFO] 💤 All symbols alerted. Monitoring paused.
2026-02-02 15:30:16,074 [INFO]     NSE:TATAPOWER-EQ | CVD=-4101 vs Ref=22693 | Close=359.95 vs VAH=355.20
2026-02-02 15:30:17,586 [INFO]     NSE:GAIL-EQ | CVD=-1435670 vs Ref=1741 | Close=160.35 vs VAH=161.40
2026-02-02 15:30:44,241 [INFO] 🔍 Scanning for alerts on 3 symbols (5min)...
2026-02-02 15:30:45,608 [INFO]     NSE:PIIND-EQ | CVD=20928 vs Ref=-17103 | Close=3092.40 vs VAL=3049.50
2026-02-02 15:30:47,027 [INFO]     NSE:CHOLAFIN-EQ | CVD=495041 vs Ref=-79867 | Close=1597.90 vs VAL=1526.80
2026-02-02 15:30:48,449 [INFO]     NSE:IDFCFIRSTB-EQ | CVD=8533533 vs Ref=-243483 | Close=81.40 vs VAL=79.70
2026-02-02 15:31:05,975 [INFO] 🔍 Scanning for alerts on 6 symbols (5min)...
2026-02-02 15:31:07,482 [INFO]     NSE:KAYNES-EQ | CVD=98792 vs Ref=-99061 | Close=3478.10 vs VAL=3444.00
2026-02-02 15:31:09,245 [INFO]     NSE:PIIND-EQ | CVD=20928 vs Ref=-17103 | Close=3092.40 vs VAL=3049.50
2026-02-02 15:31:10,862 [INFO]     NSE:HINDUNILVR-EQ | CVD=223785 vs Ref=-17753 | Close=2351.00 vs VAL=2318.40
2026-02-02 15:31:12,524 [INFO]     NSE:CHOLAFIN-EQ | CVD=489153 vs Ref=-79867 | Close=1594.00 vs VAL=1526.80
2026-02-02 15:31:14,007 [INFO]     NSE:MAXHEALTH-EQ | CVD=327070 vs Ref=-26629 | Close=958.10 vs VAL=947.00
2026-02-02 15:31:14,611 [INFO] 💤 All symbols alerted. Monitoring paused.
2026-02-02 15:31:15,790 [INFO]     NSE:IDFCFIRSTB-EQ | CVD=8533533 vs Ref=-243483 | Close=81.40 vs VAL=79.70
2026-02-02 15:31:17,590 [INFO] 🔍 Scanning for alerts on 9 symbols (5min)...
2026-02-02 15:31:19,052 [INFO]     NSE:POWERINDIA-EQ | CVD=-12470 vs Ref=1496 | Close=19040.00 vs VAH=18564.00
2026-02-02 15:31:20,748 [INFO]     NSE:GODREJPROP-EQ | CVD=11394 vs Ref=25814 | Close=1566.20 vs VAH=1540.80
2026-02-02 15:31:22,362 [INFO]     NSE:HINDALCO-EQ | CVD=-1294529 vs Ref=493502 | Close=936.10 vs VAH=913.80
2026-02-02 15:31:24,691 [INFO]     NSE:OIL-EQ | CVD=-84774 vs Ref=116885 | Close=483.50 vs VAH=480.90
2026-02-02 15:31:27,074 [INFO]     NSE:JSWENERGY-EQ | CVD=-172677 vs Ref=3921 | Close=452.45 vs VAH=447.80
2026-02-02 15:31:29,174 [INFO]     NSE:PFC-EQ | CVD=-242826 vs Ref=0 | Close=386.25 vs VAH=385.65
2026-02-02 15:31:30,799 [INFO]     NSE:RECLTD-EQ | CVD=2067507 vs Ref=192310 | Close=364.30 vs VAH=366.00
2026-02-02 15:31:32,362 [INFO]     NSE:TATAPOWER-EQ | CVD=-20255 vs Ref=22693 | Close=359.05 vs VAH=355.20
2026-02-02 15:31:34,121 [INFO]     NSE:GAIL-EQ | CVD=-1361650 vs Ref=1741 | Close=160.50 vs VAH=161.40
2026-02-02 15:31:48,452 [INFO] 🔍 Scanning for alerts on 3 symbols (5min)...
2026-02-02 15:31:49,983 [INFO]     NSE:PIIND-EQ | CVD=23447 vs Ref=-17103 | Close=3100.00 vs VAL=3049.50
2026-02-02 15:31:51,493 [INFO]     NSE:CHOLAFIN-EQ | CVD=489153 vs Ref=-79867 | Close=1594.00 vs VAL=1526.80
2026-02-02 15:31:52,990 [INFO]     NSE:IDFCFIRSTB-EQ | CVD=8781836 vs Ref=-243483 | Close=81.41 vs VAL=79.70
2026-02-02 15:32:14,617 [INFO] 💤 All symbols alerted. Monitoring paused.
2026-02-02 15:32:15,794 [INFO] 🔍 Scanning for alerts on 6 symbols (5min)...
2026-02-02 15:32:17,256 [INFO]     NSE:KAYNES-EQ | CVD=81932 vs Ref=-99061 | Close=3479.20 vs VAL=3444.00
2026-02-02 15:32:18,647 [INFO]     NSE:PIIND-EQ | CVD=23447 vs Ref=-17103 | Close=3100.00 vs VAL=3049.50
2026-02-02 15:32:20,034 [INFO]     NSE:HINDUNILVR-EQ | CVD=223785 vs Ref=-17753 | Close=2351.00 vs VAL=2318.40
2026-02-02 15:32:21,441 [INFO]     NSE:CHOLAFIN-EQ | CVD=489153 vs Ref=-79867 | Close=1594.00 vs VAL=1526.80
2026-02-02 15:32:23,272 [INFO]     NSE:MAXHEALTH-EQ | CVD=327070 vs Ref=-26629 | Close=958.10 vs VAL=947.00
2026-02-02 15:32:25,740 [INFO]     NSE:IDFCFIRSTB-EQ | CVD=8781836 vs Ref=-243483 | Close=81.41 vs VAL=79.70
2026-02-02 15:32:34,124 [INFO] 🔍 Scanning for alerts on 9 symbols (5min)...
2026-02-02 15:32:36,046 [INFO]     NSE:POWERINDIA-EQ | CVD=-12470 vs Ref=1496 | Close=19040.00 vs VAH=18564.00
2026-02-02 15:32:37,620 [INFO]     NSE:GODREJPROP-EQ | CVD=11394 vs Ref=25814 | Close=1566.20 vs VAH=1540.80
2026-02-02 15:32:39,141 [INFO]     NSE:HINDALCO-EQ | CVD=-1294529 vs Ref=493502 | Close=936.10 vs VAH=913.80
2026-02-02 15:32:40,874 [INFO]     NSE:OIL-EQ | CVD=-84774 vs Ref=116885 | Close=483.50 vs VAH=480.90
2026-02-02 15:32:42,916 [INFO]     NSE:JSWENERGY-EQ | CVD=-172677 vs Ref=3921 | Close=452.45 vs VAH=447.80
2026-02-02 15:32:44,424 [INFO]     NSE:PFC-EQ | CVD=-242826 vs Ref=0 | Close=386.25 vs VAH=385.65
2026-02-02 15:32:46,088 [INFO]     NSE:RECLTD-EQ | CVD=2067507 vs Ref=192310 | Close=364.30 vs VAH=366.00
2026-02-02 15:32:47,613 [INFO]     NSE:TATAPOWER-EQ | CVD=-20255 vs Ref=22693 | Close=359.05 vs VAH=355.20
2026-02-02 15:32:49,051 [INFO]     NSE:GAIL-EQ | CVD=-1361650 vs Ref=1741 | Close=160.50 vs VAH=161.40
2026-02-02 15:32:52,992 [INFO] 🔍 Scanning for alerts on 3 symbols (5min)...
2026-02-02 15:32:54,503 [INFO]     NSE:PIIND-EQ | CVD=23447 vs Ref=-17103 | Close=3100.00 vs VAL=3049.50
2026-02-02 15:32:55,938 [INFO]     NSE:CHOLAFIN-EQ | CVD=489153 vs Ref=-79867 | Close=1594.00 vs VAL=1526.80
2026-02-02 15:32:57,630 [INFO]     NSE:IDFCFIRSTB-EQ | CVD=8781836 vs Ref=-243483 | Close=81.41 vs VAL=79.70
2026-02-02 15:33:14,620 [INFO] 💤 All symbols alerted. Monitoring paused.
2026-02-02 15:33:25,746 [INFO] 🔍 Scanning for alerts on 6 symbols (5min)...
2026-02-02 15:33:27,429 [INFO]     NSE:KAYNES-EQ | CVD=81932 vs Ref=-99061 | Close=3479.20 vs VAL=3444.00
2026-02-02 15:33:28,934 [INFO]     NSE:PIIND-EQ | CVD=23447 vs Ref=-17103 | Close=3100.00 vs VAL=3049.50
2026-02-02 15:33:30,510 [INFO]     NSE:HINDUNILVR-EQ | CVD=223785 vs Ref=-17753 | Close=2351.00 vs VAL=2318.40
2026-02-02 15:33:32,264 [INFO]     NSE:CHOLAFIN-EQ | CVD=489153 vs Ref=-79867 | Close=1594.00 vs VAL=1526.80
2026-02-02 15:33:33,794 [INFO]     NSE:MAXHEALTH-EQ | CVD=327070 vs Ref=-26629 | Close=958.10 vs VAL=947.00
2026-02-02 15:33:35,261 [INFO]     NSE:IDFCFIRSTB-EQ | CVD=8781836 vs Ref=-243483 | Close=81.41 vs VAL=79.70
2026-02-02 15:33:49,054 [INFO] 🔍 Scanning for alerts on 9 symbols (5min)...
2026-02-02 15:33:50,530 [INFO]     NSE:POWERINDIA-EQ | CVD=-12470 vs Ref=1496 | Close=19040.00 vs VAH=18564.00
2026-02-02 15:33:51,993 [INFO]     NSE:GODREJPROP-EQ | CVD=11394 vs Ref=25814 | Close=1566.20 vs VAH=1540.80
2026-02-02 15:33:53,482 [INFO]     NSE:HINDALCO-EQ | CVD=-1294529 vs Ref=493502 | Close=936.10 vs VAH=913.80
2026-02-02 15:33:54,866 [INFO]     NSE:OIL-EQ | CVD=-84774 vs Ref=116885 | Close=483.50 vs VAH=480.90
2026-02-02 15:33:56,288 [INFO]     NSE:JSWENERGY-EQ | CVD=-172677 vs Ref=3921 | Close=452.45 vs VAH=447.80
2026-02-02 15:33:57,635 [INFO] 🔍 Scanning for alerts on 3 symbols (5min)...
2026-02-02 15:33:57,880 [INFO]     NSE:PFC-EQ | CVD=-242826 vs Ref=0 | Close=386.25 vs VAH=385.65
2026-02-02 15:33:59,531 [INFO]     NSE:PIIND-EQ | CVD=23447 vs Ref=-17103 | Close=3100.00 vs VAL=3049.50
2026-02-02 15:33:59,762 [INFO]     NSE:RECLTD-EQ | CVD=2067507 vs Ref=192310 | Close=364.30 vs VAH=366.00
2026-02-02 15:34:01,049 [INFO]     NSE:CHOLAFIN-EQ | CVD=489153 vs Ref=-79867 | Close=1594.00 vs VAL=1526.80
2026-02-02 15:34:01,322 [INFO]     NSE:TATAPOWER-EQ | CVD=-20255 vs Ref=22693 | Close=359.05 vs VAH=355.20
2026-02-02 15:34:02,510 [INFO]     NSE:IDFCFIRSTB-EQ | CVD=8781836 vs Ref=-243483 | Close=81.41 vs VAL=79.70
2026-02-02 15:34:02,820 [INFO]     NSE:GAIL-EQ | CVD=-1361650 vs Ref=1741 | Close=160.50 vs VAH=161.40
2026-02-02 15:34:14,623 [INFO] 💤 All symbols alerted. Monitoring paused.
2026-02-02 15:34:35,264 [INFO] 🔍 Scanning for alerts on 6 symbols (5min)...
2026-02-02 15:34:36,746 [INFO]     NSE:KAYNES-EQ | CVD=81932 vs Ref=-99061 | Close=3479.20 vs VAL=3444.00
2026-02-02 15:34:38,187 [INFO]     NSE:PIIND-EQ | CVD=23447 vs Ref=-17103 | Close=3100.00 vs VAL=3049.50
2026-02-02 15:34:39,626 [INFO]     NSE:HINDUNILVR-EQ | CVD=223785 vs Ref=-17753 | Close=2351.00 vs VAL=2318.40
2026-02-02 15:34:41,036 [INFO]     NSE:CHOLAFIN-EQ | CVD=489153 vs Ref=-79867 | Close=1594.00 vs VAL=1526.80
2026-02-02 15:34:42,462 [INFO]     NSE:MAXHEALTH-EQ | CVD=327070 vs Ref=-26629 | Close=958.10 vs VAL=947.00
2026-02-02 15:34:43,954 [INFO]     NSE:IDFCFIRSTB-EQ | CVD=8781836 vs Ref=-243483 | Close=81.41 vs VAL=79.70
2026-02-02 15:35:02,512 [INFO] 🔍 Scanning for alerts on 3 symbols (5min)...
2026-02-02 15:35:02,825 [INFO] 🔍 Scanning for alerts on 9 symbols (5min)...
2026-02-02 15:35:04,248 [INFO]     NSE:PIIND-EQ | CVD=23447 vs Ref=-17103 | Close=3100.00 vs VAL=3049.50
2026-02-02 15:35:04,676 [INFO]     NSE:POWERINDIA-EQ | CVD=-12470 vs Ref=1496 | Close=19040.00 vs VAH=18564.00
2026-02-02 15:35:06,041 [INFO]     NSE:CHOLAFIN-EQ | CVD=489153 vs Ref=-79867 | Close=1594.00 vs VAL=1526.80
2026-02-02 15:35:06,452 [INFO]     NSE:GODREJPROP-EQ | CVD=11394 vs Ref=25814 | Close=1566.20 vs VAH=1540.80
2026-02-02 15:35:07,505 [INFO]     NSE:IDFCFIRSTB-EQ | CVD=8781836 vs Ref=-243483 | Close=81.41 vs VAL=79.70
2026-02-02 15:35:08,018 [INFO]     NSE:HINDALCO-EQ | CVD=-1294529 vs Ref=493502 | Close=936.10 vs VAH=913.80
2026-02-02 15:35:09,434 [INFO]     NSE:OIL-EQ | CVD=-84774 vs Ref=116885 | Close=483.50 vs VAH=480.90
2026-02-02 15:35:10,892 [INFO]     NSE:JSWENERGY-EQ | CVD=-172677 vs Ref=3921 | Close=452.45 vs VAH=447.80
2026-02-02 15:35:12,332 [INFO]     NSE:PFC-EQ | CVD=-242826 vs Ref=0 | Close=386.25 vs VAH=385.65
2026-02-02 15:35:13,822 [INFO]     NSE:RECLTD-EQ | CVD=2067507 vs Ref=192310 | Close=364.30 vs VAH=366.00
2026-02-02 15:35:14,626 [INFO] 💤 All symbols alerted. Monitoring paused.
2026-02-02 15:35:15,642 [INFO]     NSE:TATAPOWER-EQ | CVD=-20255 vs Ref=22693 | Close=359.05 vs VAH=355.20
2026-02-02 15:35:17,167 [INFO]     NSE:GAIL-EQ | CVD=-1361650 vs Ref=1741 | Close=160.50 vs VAH=161.40
2026-02-02 15:35:43,957 [INFO] 🔍 Scanning for alerts on 6 symbols (5min)...
2026-02-02 15:35:45,423 [INFO]     NSE:KAYNES-EQ | CVD=81932 vs Ref=-99061 | Close=3479.20 vs VAL=3444.00
2026-02-02 15:35:46,831 [INFO]     NSE:PIIND-EQ | CVD=23447 vs Ref=-17103 | Close=3100.00 vs VAL=3049.50
2026-02-02 15:35:48,261 [INFO]     NSE:HINDUNILVR-EQ | CVD=223785 vs Ref=-17753 | Close=2351.00 vs VAL=2318.40
2026-02-02 15:35:49,674 [INFO]     NSE:CHOLAFIN-EQ | CVD=489153 vs Ref=-79867 | Close=1594.00 vs VAL=1526.80
2026-02-02 15:35:51,146 [INFO]     NSE:MAXHEALTH-EQ | CVD=327070 vs Ref=-26629 | Close=958.10 vs VAL=947.00
2026-02-02 15:35:52,595 [INFO]     NSE:IDFCFIRSTB-EQ | CVD=8781836 vs Ref=-243483 | Close=81.41 vs VAL=79.70
2026-02-02 15:36:07,507 [INFO] 🔍 Scanning for alerts on 3 symbols (5min)...
2026-02-02 15:36:09,162 [INFO]     NSE:PIIND-EQ | CVD=23447 vs Ref=-17103 | Close=3100.00 vs VAL=3049.50
2026-02-02 15:36:10,745 [INFO]     NSE:CHOLAFIN-EQ | CVD=489153 vs Ref=-79867 | Close=1594.00 vs VAL=1526.80
2026-02-02 15:36:12,271 [INFO]     NSE:IDFCFIRSTB-EQ | CVD=8781836 vs Ref=-243483 | Close=81.41 vs VAL=79.70
2026-02-02 15:36:14,629 [INFO] 💤 All symbols alerted. Monitoring paused.
2026-02-02 15:36:17,169 [INFO] 🔍 Scanning for alerts on 9 symbols (5min)...
2026-02-02 15:36:18,697 [INFO]     NSE:POWERINDIA-EQ | CVD=-12470 vs Ref=1496 | Close=19040.00 vs VAH=18564.00
2026-02-02 15:36:20,326 [INFO]     NSE:GODREJPROP-EQ | CVD=11394 vs Ref=25814 | Close=1566.20 vs VAH=1540.80
2026-02-02 15:36:21,882 [INFO]     NSE:HINDALCO-EQ | CVD=-1294529 vs Ref=493502 | Close=936.10 vs VAH=913.80
2026-02-02 15:36:23,894 [INFO]     NSE:OIL-EQ | CVD=-84774 vs Ref=116885 | Close=483.50 vs VAH=480.90
2026-02-02 15:36:26,252 [INFO]     NSE:JSWENERGY-EQ | CVD=-172677 vs Ref=3921 | Close=452.45 vs VAH=447.80
2026-02-02 15:36:28,346 [INFO]     NSE:PFC-EQ | CVD=-242826 vs Ref=0 | Close=386.25 vs VAH=385.65
2026-02-02 15:36:29,968 [INFO]     NSE:RECLTD-EQ | CVD=2067507 vs Ref=192310 | Close=364.30 vs VAH=366.00
2026-02-02 15:36:31,645 [INFO]     NSE:TATAPOWER-EQ | CVD=-20255 vs Ref=22693 | Close=359.05 vs VAH=355.20
2026-02-02 15:36:33,550 [INFO]     NSE:GAIL-EQ | CVD=-1361650 vs Ref=1741 | Close=160.50 vs VAH=161.40
2026-02-02 15:36:52,599 [INFO] 🔍 Scanning for alerts on 6 symbols (5min)...
2026-02-02 15:36:54,586 [INFO]     NSE:KAYNES-EQ | CVD=81932 vs Ref=-99061 | Close=3479.20 vs VAL=3444.00
2026-02-02 15:36:56,352 [INFO]     NSE:PIIND-EQ | CVD=23447 vs Ref=-17103 | Close=3100.00 vs VAL=3049.50
2026-02-02 15:36:58,578 [INFO]     NSE:HINDUNILVR-EQ | CVD=223785 vs Ref=-17753 | Close=2351.00 vs VAL=2318.40
2026-02-02 15:37:02,377 [INFO]     NSE:CHOLAFIN-EQ | CVD=489153 vs Ref=-79867 | Close=1594.00 vs VAL=1526.80
2026-02-02 15:37:04,656 [INFO]     NSE:MAXHEALTH-EQ | CVD=327070 vs Ref=-26629 | Close=958.10 vs VAL=947.00
2026-02-02 15:37:06,134 [INFO]     NSE:IDFCFIRSTB-EQ | CVD=8781836 vs Ref=-243483 | Close=81.41 vs VAL=79.70
2026-02-02 15:37:12,275 [INFO] 🔍 Scanning for alerts on 3 symbols (5min)...
2026-02-02 15:37:13,717 [INFO]     NSE:PIIND-EQ | CVD=23447 vs Ref=-17103 | Close=3100.00 vs VAL=3049.50
2026-02-02 15:37:14,632 [INFO] 💤 All symbols alerted. Monitoring paused.
2026-02-02 15:37:15,194 [INFO]     NSE:CHOLAFIN-EQ | CVD=489153 vs Ref=-79867 | Close=1594.00 vs VAL=1526.80
2026-02-02 15:37:16,586 [INFO]     NSE:IDFCFIRSTB-EQ | CVD=8781836 vs Ref=-243483 | Close=81.41 vs VAL=79.70
2026-02-02 15:37:33,554 [INFO] 🔍 Scanning for alerts on 9 symbols (5min)...
2026-02-02 15:37:35,076 [INFO]     NSE:POWERINDIA-EQ | CVD=-12470 vs Ref=1496 | Close=19040.00 vs VAH=18564.00
2026-02-02 15:37:36,500 [INFO]     NSE:GODREJPROP-EQ | CVD=11394 vs Ref=25814 | Close=1566.20 vs VAH=1540.80
2026-02-02 15:37:38,107 [INFO]     NSE:HINDALCO-EQ | CVD=-1294529 vs Ref=493502 | Close=936.10 vs VAH=913.80
2026-02-02 15:37:39,787 [INFO]     NSE:OIL-EQ | CVD=-84774 vs Ref=116885 | Close=483.50 vs VAH=480.90
2026-02-02 15:37:41,276 [INFO]     NSE:JSWENERGY-EQ | CVD=-172677 vs Ref=3921 | Close=452.45 vs VAH=447.80
2026-02-02 15:37:42,717 [INFO]     NSE:PFC-EQ | CVD=-242826 vs Ref=0 | Close=386.25 vs VAH=385.65
2026-02-02 15:37:44,105 [INFO]     NSE:RECLTD-EQ | CVD=2067507 vs Ref=192310 | Close=364.30 vs VAH=366.00
2026-02-02 15:37:45,581 [INFO]     NSE:TATAPOWER-EQ | CVD=-20255 vs Ref=22693 | Close=359.05 vs VAH=355.20
2026-02-02 15:37:47,082 [INFO]     NSE:GAIL-EQ | CVD=-1361650 vs Ref=1741 | Close=160.50 vs VAH=161.40
2026-02-02 15:38:06,138 [INFO] 🔍 Scanning for alerts on 6 symbols (5min)...
2026-02-02 15:38:07,602 [INFO]     NSE:KAYNES-EQ | CVD=81932 vs Ref=-99061 | Close=3479.20 vs VAL=3444.00
2026-02-02 15:38:09,010 [INFO]     NSE:PIIND-EQ | CVD=23447 vs Ref=-17103 | Close=3100.00 vs VAL=3049.50
2026-02-02 15:38:10,425 [INFO]     NSE:HINDUNILVR-EQ | CVD=223785 vs Ref=-17753 | Close=2351.00 vs VAL=2318.40
2026-02-02 15:38:11,841 [INFO]     NSE:CHOLAFIN-EQ | CVD=489153 vs Ref=-79867 | Close=1594.00 vs VAL=1526.80
2026-02-02 15:38:13,237 [INFO]     NSE:MAXHEALTH-EQ | CVD=327070 vs Ref=-26629 | Close=958.10 vs VAL=947.00
2026-02-02 15:38:14,614 [INFO]     NSE:IDFCFIRSTB-EQ | CVD=8781836 vs Ref=-243483 | Close=81.41 vs VAL=79.70
2026-02-02 15:38:14,634 [INFO] 💤 All symbols alerted. Monitoring paused.
2026-02-02 15:38:16,588 [INFO] 🔍 Scanning for alerts on 3 symbols (5min)...
2026-02-02 15:38:17,994 [INFO]     NSE:PIIND-EQ | CVD=23447 vs Ref=-17103 | Close=3100.00 vs VAL=3049.50
2026-02-02 15:38:19,580 [INFO]     NSE:CHOLAFIN-EQ | CVD=489153 vs Ref=-79867 | Close=1594.00 vs VAL=1526.80
2026-02-02 15:38:20,991 [INFO]     NSE:IDFCFIRSTB-EQ | CVD=8781836 vs Ref=-243483 | Close=81.41 vs VAL=79.70
2026-02-02 15:38:47,084 [INFO] 🔍 Scanning for alerts on 9 symbols (5min)...
2026-02-02 15:38:48,488 [INFO]     NSE:POWERINDIA-EQ | CVD=-12470 vs Ref=1496 | Close=19040.00 vs VAH=18564.00
2026-02-02 15:38:49,913 [INFO]     NSE:GODREJPROP-EQ | CVD=11394 vs Ref=25814 | Close=1566.20 vs VAH=1540.80
2026-02-02 15:38:51,350 [INFO]     NSE:HINDALCO-EQ | CVD=-1294529 vs Ref=493502 | Close=936.10 vs VAH=913.80
2026-02-02 15:38:52,775 [INFO]     NSE:OIL-EQ | CVD=-84774 vs Ref=116885 | Close=483.50 vs VAH=480.90
2026-02-02 15:38:54,355 [INFO]     NSE:JSWENERGY-EQ | CVD=-172677 vs Ref=3921 | Close=452.45 vs VAH=447.80
2026-02-02 15:38:55,812 [INFO]     NSE:PFC-EQ | CVD=-242826 vs Ref=0 | Close=386.25 vs VAH=385.65
2026-02-02 15:38:57,263 [INFO]     NSE:RECLTD-EQ | CVD=2067507 vs Ref=192310 | Close=364.30 vs VAH=366.00
2026-02-02 15:38:58,878 [INFO]     NSE:TATAPOWER-EQ | CVD=-20255 vs Ref=22693 | Close=359.05 vs VAH=355.20
2026-02-02 15:39:00,328 [INFO]     NSE:GAIL-EQ | CVD=-1361650 vs Ref=1741 | Close=160.50 vs VAH=161.40
2026-02-02 15:39:14,618 [INFO] 🔍 Scanning for alerts on 6 symbols (5min)...
2026-02-02 15:39:14,638 [INFO] 💤 All symbols alerted. Monitoring paused.
2026-02-02 15:39:16,255 [INFO]     NSE:KAYNES-EQ | CVD=81932 vs Ref=-99061 | Close=3471.10 vs VAL=3444.00
2026-02-02 15:39:17,740 [INFO]     NSE:PIIND-EQ | CVD=23447 vs Ref=-17103 | Close=3100.00 vs VAL=3049.50
2026-02-02 15:39:19,224 [INFO]     NSE:HINDUNILVR-EQ | CVD=223785 vs Ref=-17753 | Close=2357.30 vs VAL=2318.40
2026-02-02 15:39:20,676 [INFO]     NSE:CHOLAFIN-EQ | CVD=489149 vs Ref=-79867 | Close=1594.30 vs VAL=1526.80
2026-02-02 15:39:20,994 [INFO] 🔍 Scanning for alerts on 3 symbols (5min)...
2026-02-02 15:39:22,172 [INFO]     NSE:MAXHEALTH-EQ | CVD=327364 vs Ref=-26629 | Close=958.10 vs VAL=947.00
2026-02-02 15:39:22,761 [INFO]     NSE:PIIND-EQ | CVD=23447 vs Ref=-17103 | Close=3100.00 vs VAL=3049.50
2026-02-02 15:39:24,496 [INFO]     NSE:IDFCFIRSTB-EQ | CVD=8782089 vs Ref=-243483 | Close=81.21 vs VAL=79.70
2026-02-02 15:39:25,237 [INFO]     NSE:CHOLAFIN-EQ | CVD=489149 vs Ref=-79867 | Close=1594.30 vs VAL=1526.80
2026-02-02 15:39:27,536 [INFO]     NSE:IDFCFIRSTB-EQ | CVD=8782089 vs Ref=-243483 | Close=81.21 vs VAL=79.70
2026-02-02 15:40:00,330 [INFO] 🔍 Scanning for alerts on 9 symbols (5min)...
2026-02-02 15:40:01,975 [INFO]     NSE:POWERINDIA-EQ | CVD=-12470 vs Ref=1496 | Close=18978.00 vs VAH=18564.00
2026-02-02 15:40:03,624 [INFO]     NSE:GODREJPROP-EQ | CVD=11505 vs Ref=25814 | Close=1560.10 vs VAH=1540.80
2026-02-02 15:40:05,372 [INFO]     NSE:HINDALCO-EQ | CVD=-1294529 vs Ref=493502 | Close=930.50 vs VAH=913.80
2026-02-02 15:40:07,040 [INFO]     NSE:OIL-EQ | CVD=-84782 vs Ref=116885 | Close=483.30 vs VAH=480.90
2026-02-02 15:40:08,713 [INFO]     NSE:JSWENERGY-EQ | CVD=-172696 vs Ref=3921 | Close=451.50 vs VAH=447.80
2026-02-02 15:40:10,201 [INFO]     NSE:PFC-EQ | CVD=-242474 vs Ref=0 | Close=385.65 vs VAH=385.65
2026-02-02 15:40:11,934 [INFO]     NSE:RECLTD-EQ | CVD=2067626 vs Ref=192310 | Close=363.10 vs VAH=366.00
2026-02-02 15:40:13,524 [INFO]     NSE:TATAPOWER-EQ | CVD=-20255 vs Ref=22693 | Close=358.80 vs VAH=355.20
2026-02-02 15:40:14,641 [INFO] 💤 All symbols alerted. Monitoring paused.
2026-02-02 15:40:15,015 [INFO]     NSE:GAIL-EQ | CVD=-1360814 vs Ref=1741 | Close=160.39 vs VAH=161.40
2026-02-02 15:40:24,507 [INFO] 🔍 Scanning for alerts on 6 symbols (5min)...
2026-02-02 15:40:26,841 [INFO]     NSE:KAYNES-EQ | CVD=81932 vs Ref=-99061 | Close=3471.10 vs VAL=3444.00
2026-02-02 15:40:27,543 [INFO] 🔍 Scanning for alerts on 3 symbols (5min)...
2026-02-02 15:40:29,484 [INFO]     NSE:PIIND-EQ | CVD=23447 vs Ref=-17103 | Close=3091.40 vs VAL=3049.50
2026-02-02 15:40:30,306 [INFO]     NSE:PIIND-EQ | CVD=23447 vs Ref=-17103 | Close=3091.40 vs VAL=3049.50
2026-02-02 15:40:31,934 [INFO]     NSE:HINDUNILVR-EQ | CVD=223785 vs Ref=-17753 | Close=2357.30 vs VAL=2318.40
2026-02-02 15:40:32,727 [INFO]     NSE:CHOLAFIN-EQ | CVD=489149 vs Ref=-79867 | Close=1594.30 vs VAL=1526.80
2026-02-02 15:40:33,902 [INFO]     NSE:CHOLAFIN-EQ | CVD=489149 vs Ref=-79867 | Close=1594.30 vs VAL=1526.80
2026-02-02 15:40:34,385 [INFO]     NSE:IDFCFIRSTB-EQ | CVD=8782089 vs Ref=-243483 | Close=81.21 vs VAL=79.70
2026-02-02 15:40:35,464 [INFO]     NSE:MAXHEALTH-EQ | CVD=327364 vs Ref=-26629 | Close=958.10 vs VAL=947.00
2026-02-02 15:40:36,934 [INFO]     NSE:IDFCFIRSTB-EQ | CVD=8782089 vs Ref=-243483 | Close=81.21 vs VAL=79.70
2026-02-02 15:41:14,644 [INFO] 💤 All symbols alerted. Monitoring paused.
2026-02-02 15:41:15,019 [INFO] 🔍 Scanning for alerts on 9 symbols (5min)...
2026-02-02 15:41:16,876 [INFO]     NSE:POWERINDIA-EQ | CVD=-12470 vs Ref=1496 | Close=18978.00 vs VAH=18564.00
2026-02-02 15:41:18,422 [INFO]     NSE:GODREJPROP-EQ | CVD=11505 vs Ref=25814 | Close=1560.10 vs VAH=1540.80
2026-02-02 15:41:20,323 [INFO]     NSE:HINDALCO-EQ | CVD=-1294529 vs Ref=493502 | Close=930.50 vs VAH=913.80
2026-02-02 15:41:21,911 [INFO]     NSE:OIL-EQ | CVD=-84782 vs Ref=116885 | Close=483.30 vs VAH=480.90
2026-02-02 15:41:24,108 [INFO]     NSE:JSWENERGY-EQ | CVD=-172696 vs Ref=3921 | Close=451.50 vs VAH=447.80
2026-02-02 15:41:26,561 [INFO]     NSE:PFC-EQ | CVD=-242474 vs Ref=0 | Close=385.65 vs VAH=385.65
2026-02-02 15:41:29,234 [INFO]     NSE:RECLTD-EQ | CVD=2067626 vs Ref=192310 | Close=363.10 vs VAH=366.00
2026-02-02 15:41:31,311 [INFO]     NSE:TATAPOWER-EQ | CVD=-20255 vs Ref=22693 | Close=358.80 vs VAH=355.20
2026-02-02 15:41:33,058 [INFO]     NSE:GAIL-EQ | CVD=-1360814 vs Ref=1741 | Close=160.39 vs VAH=161.40
2026-02-02 15:41:34,387 [INFO] 🔍 Scanning for alerts on 3 symbols (5min)...
2026-02-02 15:41:36,158 [INFO]     NSE:PIIND-EQ | CVD=23447 vs Ref=-17103 | Close=3091.40 vs VAL=3049.50
2026-02-02 15:41:36,938 [INFO] 🔍 Scanning for alerts on 6 symbols (5min)...
2026-02-02 15:41:37,857 [INFO]     NSE:CHOLAFIN-EQ | CVD=489149 vs Ref=-79867 | Close=1594.30 vs VAL=1526.80
2026-02-02 15:41:38,764 [INFO]     NSE:KAYNES-EQ | CVD=81932 vs Ref=-99061 | Close=3471.10 vs VAL=3444.00
2026-02-02 15:41:39,645 [INFO]     NSE:IDFCFIRSTB-EQ | CVD=8782089 vs Ref=-243483 | Close=81.21 vs VAL=79.70
2026-02-02 15:41:40,602 [INFO]     NSE:PIIND-EQ | CVD=23447 vs Ref=-17103 | Close=3091.40 vs VAL=3049.50
2026-02-02 15:41:42,070 [INFO]     NSE:HINDUNILVR-EQ | CVD=223785 vs Ref=-17753 | Close=2357.30 vs VAL=2318.40
2026-02-02 15:41:43,503 [INFO]     NSE:CHOLAFIN-EQ | CVD=489149 vs Ref=-79867 | Close=1594.30 vs VAL=1526.80
2026-02-02 15:41:44,929 [INFO]     NSE:MAXHEALTH-EQ | CVD=327364 vs Ref=-26629 | Close=958.10 vs VAL=947.00
2026-02-02 15:41:46,615 [INFO]     NSE:IDFCFIRSTB-EQ | CVD=8782089 vs Ref=-243483 | Close=81.21 vs VAL=79.70
2026-02-02 15:42:14,647 [INFO] 💤 All symbols alerted. Monitoring paused.
2026-02-02 15:42:33,061 [INFO] 🔍 Scanning for alerts on 9 symbols (5min)...
2026-02-02 15:42:34,637 [INFO]     NSE:POWERINDIA-EQ | CVD=-12470 vs Ref=1496 | Close=18978.00 vs VAH=18564.00
2026-02-02 15:42:36,249 [INFO]     NSE:GODREJPROP-EQ | CVD=11505 vs Ref=25814 | Close=1560.10 vs VAH=1540.80
2026-02-02 15:42:38,277 [INFO]     NSE:HINDALCO-EQ | CVD=-1294529 vs Ref=493502 | Close=930.50 vs VAH=913.80
2026-02-02 15:42:39,648 [INFO] 🔍 Scanning for alerts on 3 symbols (5min)...
2026-02-02 15:42:39,735 [INFO]     NSE:OIL-EQ | CVD=-84782 vs Ref=116885 | Close=483.30 vs VAH=480.90
2026-02-02 15:42:41,575 [INFO]     NSE:PIIND-EQ | CVD=23447 vs Ref=-17103 | Close=3091.40 vs VAL=3049.50
2026-02-02 15:42:41,787 [INFO]     NSE:JSWENERGY-EQ | CVD=-172696 vs Ref=3921 | Close=451.50 vs VAH=447.80
2026-02-02 15:42:43,806 [INFO]     NSE:CHOLAFIN-EQ | CVD=489149 vs Ref=-79867 | Close=1594.30 vs VAL=1526.80
2026-02-02 15:42:44,051 [INFO]     NSE:PFC-EQ | CVD=-242474 vs Ref=0 | Close=385.65 vs VAH=385.65
2026-02-02 15:42:45,886 [INFO]     NSE:IDFCFIRSTB-EQ | CVD=8782089 vs Ref=-243483 | Close=81.21 vs VAL=79.70
2026-02-02 15:42:46,028 [INFO]     NSE:RECLTD-EQ | CVD=2067626 vs Ref=192310 | Close=363.10 vs VAH=366.00
2026-02-02 15:42:46,619 [INFO] 🔍 Scanning for alerts on 6 symbols (5min)...
2026-02-02 15:42:47,595 [INFO]     NSE:TATAPOWER-EQ | CVD=-20255 vs Ref=22693 | Close=358.80 vs VAH=355.20
2026-02-02 15:42:48,172 [INFO]     NSE:KAYNES-EQ | CVD=81932 vs Ref=-99061 | Close=3471.10 vs VAL=3444.00
2026-02-02 15:42:49,219 [INFO]     NSE:GAIL-EQ | CVD=-1360814 vs Ref=1741 | Close=160.39 vs VAH=161.40
2026-02-02 15:42:49,658 [INFO]     NSE:PIIND-EQ | CVD=23447 vs Ref=-17103 | Close=3091.40 vs VAL=3049.50
2026-02-02 15:42:51,624 [INFO]     NSE:HINDUNILVR-EQ | CVD=223785 vs Ref=-17753 | Close=2357.30 vs VAL=2318.40
2026-02-02 15:42:53,252 [INFO]     NSE:CHOLAFIN-EQ | CVD=489149 vs Ref=-79867 | Close=1594.30 vs VAL=1526.80
2026-02-02 15:42:54,927 [INFO]     NSE:MAXHEALTH-EQ | CVD=327364 vs Ref=-26629 | Close=958.10 vs VAL=947.00
2026-02-02 15:42:56,448 [INFO]     NSE:IDFCFIRSTB-EQ | CVD=8782089 vs Ref=-243483 | Close=81.21 vs VAL=79.70
2026-02-02 15:43:14,650 [INFO] 💤 All symbols alerted. Monitoring paused.
2026-02-02 15:43:45,889 [INFO] 🔍 Scanning for alerts on 3 symbols (5min)...
2026-02-02 15:43:47,640 [INFO]     NSE:PIIND-EQ | CVD=23447 vs Ref=-17103 | Close=3091.40 vs VAL=3049.50
2026-02-02 15:43:49,200 [INFO]     NSE:CHOLAFIN-EQ | CVD=489149 vs Ref=-79867 | Close=1594.30 vs VAL=1526.80
2026-02-02 15:43:49,222 [INFO] 🔍 Scanning for alerts on 9 symbols (5min)...
2026-02-02 15:43:50,795 [INFO]     NSE:IDFCFIRSTB-EQ | CVD=8782089 vs Ref=-243483 | Close=81.21 vs VAL=79.70
2026-02-02 15:43:50,907 [INFO]     NSE:POWERINDIA-EQ | CVD=-12470 vs Ref=1496 | Close=18978.00 vs VAH=18564.00
2026-02-02 15:43:52,742 [INFO]     NSE:GODREJPROP-EQ | CVD=11505 vs Ref=25814 | Close=1560.10 vs VAH=1540.80
2026-02-02 15:43:54,244 [INFO]     NSE:HINDALCO-EQ | CVD=-1294529 vs Ref=493502 | Close=930.50 vs VAH=913.80
2026-02-02 15:43:55,659 [INFO]     NSE:OIL-EQ | CVD=-84782 vs Ref=116885 | Close=483.30 vs VAH=480.90
2026-02-02 15:43:56,452 [INFO] 🔍 Scanning for alerts on 6 symbols (5min)...
2026-02-02 15:43:57,119 [INFO]     NSE:JSWENERGY-EQ | CVD=-172696 vs Ref=3921 | Close=451.50 vs VAH=447.80
2026-02-02 15:43:58,494 [INFO]     NSE:KAYNES-EQ | CVD=81932 vs Ref=-99061 | Close=3471.10 vs VAL=3444.00
2026-02-02 15:43:59,343 [INFO]     NSE:PFC-EQ | CVD=-242474 vs Ref=0 | Close=385.65 vs VAH=385.65
2026-02-02 15:44:00,488 [INFO]     NSE:PIIND-EQ | CVD=23447 vs Ref=-17103 | Close=3091.40 vs VAL=3049.50
2026-02-02 15:44:01,270 [INFO]     NSE:RECLTD-EQ | CVD=2067626 vs Ref=192310 | Close=363.10 vs VAH=366.00
2026-02-02 15:44:02,441 [INFO]     NSE:HINDUNILVR-EQ | CVD=223785 vs Ref=-17753 | Close=2357.30 vs VAL=2318.40
2026-02-02 15:44:03,078 [INFO]     NSE:TATAPOWER-EQ | CVD=-20255 vs Ref=22693 | Close=358.80 vs VAH=355.20
2026-02-02 15:44:04,012 [INFO]     NSE:CHOLAFIN-EQ | CVD=489149 vs Ref=-79867 | Close=1594.30 vs VAL=1526.80
2026-02-02 15:44:04,701 [INFO]     NSE:GAIL-EQ | CVD=-1360814 vs Ref=1741 | Close=160.39 vs VAH=161.40
2026-02-02 15:44:05,573 [INFO]     NSE:MAXHEALTH-EQ | CVD=327364 vs Ref=-26629 | Close=958.10 vs VAL=947.00
2026-02-02 15:44:07,188 [INFO]     NSE:IDFCFIRSTB-EQ | CVD=8782089 vs Ref=-243483 | Close=81.21 vs VAL=79.70
2026-02-02 15:44:14,653 [INFO] 💤 All symbols alerted. Monitoring paused.
2026-02-02 15:44:50,798 [INFO] 🔍 Scanning for alerts on 3 symbols (5min)...
2026-02-02 15:44:52,253 [INFO]     NSE:PIIND-EQ | CVD=23447 vs Ref=-17103 | Close=3091.40 vs VAL=3049.50
2026-02-02 15:44:53,782 [INFO]     NSE:CHOLAFIN-EQ | CVD=489149 vs Ref=-79867 | Close=1594.30 vs VAL=1526.80
2026-02-02 15:44:55,400 [INFO]     NSE:IDFCFIRSTB-EQ | CVD=8782089 vs Ref=-243483 | Close=81.21 vs VAL=79.70
2026-02-02 15:45:04,704 [INFO] 🔍 Scanning for alerts on 9 symbols (5min)...
2026-02-02 15:45:07,192 [INFO] 🔍 Scanning for alerts on 6 symbols (5min)...
2026-02-02 15:45:07,251 [INFO]     NSE:POWERINDIA-EQ | CVD=-12470 vs Ref=1496 | Close=18978.00 vs VAH=18564.00
2026-02-02 15:45:11,358 [INFO]     NSE:GODREJPROP-EQ | CVD=11505 vs Ref=25814 | Close=1560.10 vs VAH=1540.80
2026-02-02 15:45:12,172 [INFO]     NSE:KAYNES-EQ | CVD=81932 vs Ref=-99061 | Close=3471.10 vs VAL=3444.00
2026-02-02 15:45:14,620 [INFO]     NSE:HINDALCO-EQ | CVD=-1294529 vs Ref=493502 | Close=930.50 vs VAH=913.80
2026-02-02 15:45:14,662 [INFO] 💤 All symbols alerted. Monitoring paused.
2026-02-02 15:45:15,307 [INFO]     NSE:PIIND-EQ | CVD=23447 vs Ref=-17103 | Close=3091.40 vs VAL=3049.50
2026-02-02 15:45:19,452 [INFO]     NSE:OIL-EQ | CVD=-84782 vs Ref=116885 | Close=483.30 vs VAH=480.90
2026-02-02 15:45:22,263 [INFO]     NSE:HINDUNILVR-EQ | CVD=223785 vs Ref=-17753 | Close=2357.30 vs VAL=2318.40
2026-02-02 15:45:24,398 [INFO]     NSE:JSWENERGY-EQ | CVD=-172696 vs Ref=3921 | Close=451.50 vs VAH=447.80
2026-02-02 15:45:26,646 [INFO]     NSE:CHOLAFIN-EQ | CVD=489149 vs Ref=-79867 | Close=1594.30 vs VAL=1526.80
2026-02-02 15:45:27,486 [INFO] 👋  Buy Alert Monitoring stopped by user.
2026-02-02 15:45:28,935 [INFO]     NSE:PFC-EQ | CVD=-242474 vs Ref=0 | Close=385.65 vs VAH=385.65
2026-02-02 15:45:30,585 [INFO]     NSE:MAXHEALTH-EQ | CVD=327364 vs Ref=-26629 | Close=958.10 vs VAL=947.00
2026-02-02 15:45:33,543 [INFO]     NSE:RECLTD-EQ | CVD=2067626 vs Ref=192310 | Close=363.10 vs VAH=366.00
2026-02-02 15:45:39,379 [INFO]     NSE:TATAPOWER-EQ | CVD=-20255 vs Ref=22693 | Close=358.80 vs VAH=355.20
2026-02-02 15:45:43,160 [INFO]     NSE:GAIL-EQ | CVD=-1360814 vs Ref=1741 | Close=160.39 vs VAH=161.40
