2026-01-28 10:51:54,604 [INFO] ==================================================
2026-01-28 10:51:54,605 [INFO] 🚀 INITIALIZING STRATEGY ALERTS (5min)
2026-01-28 10:51:54,605 [INFO] ==================================================
2026-01-28 10:51:54,605 [INFO] 📅 FRVP Configuration:
2026-01-28 10:51:54,606 [INFO]    • Range: 09:15 - 10:25
2026-01-28 10:51:54,608 [INFO]    • Rows: 5 | VA%: 70
2026-01-28 10:51:54,608 [INFO] 
🌊 CVD Configuration:
2026-01-28 10:51:54,609 [INFO]    • Anchor: D
2026-01-28 10:51:54,609 [INFO]    • Ref Candles: First 16 candles of the day
2026-01-28 10:51:54,610 [INFO] --------------------------------------------------
2026-01-28 10:51:54,610 [INFO] ⏳ calculating reference levels for all symbols...
2026-01-28 10:51:54,772 [INFO] ✅ NSE:ADANIPORTS-EQ    | CVD Ref (1st 16 c):  89338 | FRVP VAH:      N/A
2026-01-28 10:51:54,913 [INFO] ✅ NSE:HAVELLS-EQ       | CVD Ref (1st 16 c):  63957 | FRVP VAH:      N/A
2026-01-28 10:51:55,065 [INFO] ✅ NSE:PAYTM-EQ         | CVD Ref (1st 16 c): 135561 | FRVP VAH:      N/A
2026-01-28 10:51:55,214 [INFO] ✅ NSE:SHRIRAMFIN-EQ    | CVD Ref (1st 16 c): 268710 | FRVP VAH:      N/A
2026-01-28 10:51:55,352 [INFO] ✅ NSE:HINDALCO-EQ      | CVD Ref (1st 16 c):  56663 | FRVP VAH:      N/A
2026-01-28 10:51:55,518 [INFO] ✅ NSE:HDFCBANK-EQ      | CVD Ref (1st 16 c): 937650 | FRVP VAH:      N/A
2026-01-28 10:51:55,688 [INFO] ✅ NSE:LODHA-EQ         | CVD Ref (1st 16 c):  64620 | FRVP VAH:      N/A
2026-01-28 10:51:55,837 [INFO] ✅ NSE:SBICARD-EQ       | CVD Ref (1st 16 c):   2442 | FRVP VAH:      N/A
2026-01-28 10:51:55,997 [INFO] ✅ NSE:VEDL-EQ          | CVD Ref (1st 16 c): 287926 | FRVP VAH:      N/A
2026-01-28 10:51:56,172 [INFO] ✅ NSE:CAMS-EQ          | CVD Ref (1st 16 c):  66842 | FRVP VAH:      N/A
2026-01-28 10:51:56,335 [INFO] ✅ NSE:PGEL-EQ          | CVD Ref (1st 16 c):   2999 | FRVP VAH:      N/A
2026-01-28 10:51:56,445 [INFO] ✅ NSE:OIL-EQ           | CVD Ref (1st 16 c): 199675 | FRVP VAH:      N/A
2026-01-28 10:51:56,596 [INFO] ✅ NSE:HINDPETRO-EQ     | CVD Ref (1st 16 c):  28125 | FRVP VAH:      N/A
2026-01-28 10:51:56,839 [INFO] ✅ NSE:BEL-EQ           | CVD Ref (1st 16 c): 186020 | FRVP VAH:      N/A
2026-01-28 10:51:57,092 [INFO] ✅ NSE:NATIONALUM-EQ    | CVD Ref (1st 16 c):      0 | FRVP VAH:      N/A
2026-01-28 10:51:57,261 [INFO] ✅ NSE:KALYANKJIL-EQ    | CVD Ref (1st 16 c):  84478 | FRVP VAH:      N/A
2026-01-28 10:51:57,415 [INFO] ✅ NSE:NTPC-EQ          | CVD Ref (1st 16 c): 666698 | FRVP VAH:      N/A
2026-01-28 10:51:57,557 [INFO] ✅ NSE:ONGC-EQ          | CVD Ref (1st 16 c): 184151 | FRVP VAH:      N/A
2026-01-28 10:51:57,690 [INFO] ✅ NSE:JIOFIN-EQ        | CVD Ref (1st 16 c): 170695 | FRVP VAH:      N/A
2026-01-28 10:51:57,840 [INFO] ✅ NSE:WIPRO-EQ         | CVD Ref (1st 16 c):   6314 | FRVP VAH:      N/A
2026-01-28 10:51:57,987 [INFO] ✅ NSE:GAIL-EQ          | CVD Ref (1st 16 c): 152319 | FRVP VAH:      N/A
2026-01-28 10:51:58,148 [INFO] ✅ NSE:IOC-EQ           | CVD Ref (1st 16 c): 255977 | FRVP VAH:      N/A
2026-01-28 10:51:58,314 [INFO] ✅ NSE:INOXWIND-EQ      | CVD Ref (1st 16 c): 567775 | FRVP VAH:      N/A
2026-01-28 10:51:58,465 [INFO] ✅ NSE:NMDC-EQ          | CVD Ref (1st 16 c): 618884 | FRVP VAH:      N/A
2026-01-28 10:51:58,617 [INFO] ✅ NSE:SUZLON-EQ        | CVD Ref (1st 16 c): 2676129 | FRVP VAH:      N/A
2026-01-28 10:51:58,760 [INFO] ✅ NSE:YESBANK-EQ       | CVD Ref (1st 16 c): 1028896 | FRVP VAH:      N/A
2026-01-28 10:51:58,762 [INFO] ==================================================

2026-01-28 10:51:58,762 [INFO] 🚀 Strategy Alert Monitoring Started...
2026-01-28 10:51:58,762 [INFO] 🔍 Scanning for alerts on 26 symbols (5min)...
2026-01-28 10:51:58,962 [INFO]     NSE:ADANIPORTS-EQ | CVD=148869 vs Ref=233965 | VAH=1376.05
2026-01-28 10:51:59,145 [INFO]     NSE:HAVELLS-EQ | CVD=-93515 vs Ref=14748 | VAH=1291.50
2026-01-28 10:51:59,347 [INFO]     NSE:PAYTM-EQ | CVD=351105 vs Ref=378055 | VAH=1165.50
2026-01-28 10:51:59,525 [INFO]     NSE:SHRIRAMFIN-EQ | CVD=408137 vs Ref=556824 | VAH=1012.50
2026-01-28 10:51:59,707 [INFO] 🚀 [BUY ALERT] NSE:HINDALCO-EQ (5min) triggered at 10:50!
2026-01-28 10:51:59,708 [INFO]     ✅ Price: 993.70 > FRVP VAH: 980.40
2026-01-28 10:51:59,709 [INFO]     ✅ CVD:   1094399 > CVD Ref:  836264
2026-01-28 10:51:59,709 [INFO]     ℹ️  FRVP Info: POC=971.80, VAH=980.40
2026-01-28 10:51:59,710 [INFO]     NSE:HINDALCO-EQ | CVD=1094399 vs Ref=836264 | VAH=980.40
2026-01-28 10:51:59,904 [INFO] 🚀 [BUY ALERT] NSE:HDFCBANK-EQ (5min) triggered at 10:50!
2026-01-28 10:51:59,905 [INFO]     ✅ Price: 939.95 > FRVP VAH: 935.90
2026-01-28 10:51:59,906 [INFO]     ✅ CVD:   7904563 > CVD Ref:  6424492
2026-01-28 10:51:59,907 [INFO]     ℹ️  FRVP Info: POC=935.90, VAH=935.90
2026-01-28 10:51:59,908 [INFO]     NSE:HDFCBANK-EQ | CVD=7904563 vs Ref=6424492 | VAH=935.90
2026-01-28 10:52:00,079 [INFO]     NSE:LODHA-EQ | CVD=-110690 vs Ref=50573 | VAH=924.30
2026-01-28 10:52:00,283 [INFO]     NSE:SBICARD-EQ | CVD=5659 vs Ref=54892 | VAH=788.10
2026-01-28 10:52:00,485 [INFO] 🚀 [BUY ALERT] NSE:VEDL-EQ (5min) triggered at 10:50!
2026-01-28 10:52:00,485 [INFO]     ✅ Price: 737.35 > FRVP VAH: 729.00
2026-01-28 10:52:00,486 [INFO]     ✅ CVD:   3154539 > CVD Ref:  2883388
2026-01-28 10:52:00,487 [INFO]     ℹ️  FRVP Info: POC=720.00, VAH=729.00
2026-01-28 10:52:00,487 [INFO]     NSE:VEDL-EQ | CVD=3154539 vs Ref=2883388 | VAH=729.00
2026-01-28 10:52:00,648 [INFO]     NSE:CAMS-EQ | CVD=149481 vs Ref=166334 | VAH=705.60
2026-01-28 10:52:00,868 [INFO]     NSE:PGEL-EQ | CVD=1882 vs Ref=60181 | VAH=524.70
2026-01-28 10:52:01,117 [INFO]     NSE:OIL-EQ | CVD=297870 vs Ref=1883485 | VAH=488.40
2026-01-28 10:52:01,364 [INFO]     NSE:HINDPETRO-EQ | CVD=168105 vs Ref=322187 | VAH=427.85
2026-01-28 10:52:01,609 [INFO] 🚀 [BUY ALERT] NSE:BEL-EQ (5min) triggered at 10:50!
2026-01-28 10:52:01,609 [INFO]     ✅ Price: 427.75 > FRVP VAH: 423.15
2026-01-28 10:52:01,610 [INFO]     ✅ CVD:   2106733 > CVD Ref:  1339227
2026-01-28 10:52:01,610 [INFO]     ℹ️  FRVP Info: POC=423.15, VAH=423.15
2026-01-28 10:52:01,611 [INFO]     NSE:BEL-EQ | CVD=2106733 vs Ref=1339227 | VAH=423.15
2026-01-28 10:52:01,875 [INFO]     NSE:NATIONALUM-EQ | CVD=479917 vs Ref=481038 | VAH=391.50
2026-01-28 10:52:02,075 [INFO]     NSE:KALYANKJIL-EQ | CVD=-282521 vs Ref=119217 | VAH=373.95
2026-01-28 10:52:02,339 [INFO] 🚀 [BUY ALERT] NSE:NTPC-EQ (5min) triggered at 10:50!
2026-01-28 10:52:02,340 [INFO]     ✅ Price: 352.30 > FRVP VAH: 349.60
2026-01-28 10:52:02,342 [INFO]     ✅ CVD:   516481 > CVD Ref:  313626
2026-01-28 10:52:02,343 [INFO]     ℹ️  FRVP Info: POC=348.45, VAH=349.60
2026-01-28 10:52:02,344 [INFO]     NSE:NTPC-EQ | CVD=516481 vs Ref=313626 | VAH=349.60
2026-01-28 10:52:02,924 [INFO]     NSE:ONGC-EQ | CVD=9341743 vs Ref=11237625 | VAH=264.00
2026-01-28 10:52:03,545 [INFO]     NSE:JIOFIN-EQ | CVD=-600540 vs Ref=545350 | VAH=257.40
2026-01-28 10:52:03,900 [INFO]     NSE:WIPRO-EQ | CVD=336013 vs Ref=640617 | VAH=237.60
2026-01-28 10:52:04,132 [INFO]     NSE:GAIL-EQ | CVD=1334790 vs Ref=1350134 | VAH=164.05
2026-01-28 10:52:04,343 [INFO] 🚀 [BUY ALERT] NSE:IOC-EQ (5min) triggered at 10:50!
2026-01-28 10:52:04,344 [INFO]     ✅ Price: 163.24 > FRVP VAH: 162.00
2026-01-28 10:52:04,345 [INFO]     ✅ CVD:   2238727 > CVD Ref:  1369316
2026-01-28 10:52:04,345 [INFO]     ℹ️  FRVP Info: POC=161.25, VAH=162.00
2026-01-28 10:52:04,346 [INFO]     NSE:IOC-EQ | CVD=2238727 vs Ref=1369316 | VAH=162.00
2026-01-28 10:52:04,573 [INFO]     NSE:INOXWIND-EQ | CVD=541962 vs Ref=565416 | VAH=107.10
2026-01-28 10:52:04,773 [INFO] 🚀 [BUY ALERT] NSE:NMDC-EQ (5min) triggered at 10:50!
2026-01-28 10:52:04,774 [INFO]     ✅ Price: 80.36 > FRVP VAH: 79.25
2026-01-28 10:52:04,774 [INFO]     ✅ CVD:   351164 > CVD Ref:  249854
2026-01-28 10:52:04,776 [INFO]     ℹ️  FRVP Info: POC=79.25, VAH=79.25
2026-01-28 10:52:04,776 [INFO]     NSE:NMDC-EQ | CVD=351164 vs Ref=249854 | VAH=79.25
2026-01-28 10:52:04,970 [INFO]     NSE:SUZLON-EQ | CVD=1957970 vs Ref=4397034 | VAH=47.25
2026-01-28 10:52:05,179 [INFO]     NSE:YESBANK-EQ | CVD=5863389 vs Ref=7921551 | VAH=21.40
2026-01-28 10:53:05,180 [INFO] 🔍 Scanning for alerts on 19 symbols (5min)...
2026-01-28 10:53:05,384 [INFO]     NSE:ADANIPORTS-EQ | CVD=155105 vs Ref=233965 | VAH=1376.05
2026-01-28 10:53:05,578 [INFO]     NSE:HAVELLS-EQ | CVD=-94597 vs Ref=14748 | VAH=1291.50
2026-01-28 10:53:05,753 [INFO]     NSE:PAYTM-EQ | CVD=348596 vs Ref=378055 | VAH=1165.50
2026-01-28 10:53:05,954 [INFO]     NSE:SHRIRAMFIN-EQ | CVD=403591 vs Ref=556824 | VAH=1012.50
2026-01-28 10:53:06,113 [INFO]     NSE:LODHA-EQ | CVD=-111961 vs Ref=50573 | VAH=924.30
2026-01-28 10:53:06,297 [INFO]     NSE:SBICARD-EQ | CVD=6429 vs Ref=54892 | VAH=788.10
2026-01-28 10:53:06,547 [INFO]     NSE:CAMS-EQ | CVD=149385 vs Ref=166334 | VAH=705.60
2026-01-28 10:53:06,743 [INFO]     NSE:PGEL-EQ | CVD=-3255 vs Ref=60181 | VAH=524.70
2026-01-28 10:53:06,941 [INFO]     NSE:OIL-EQ | CVD=313148 vs Ref=1883485 | VAH=488.40
2026-01-28 10:53:07,200 [INFO]     NSE:HINDPETRO-EQ | CVD=182799 vs Ref=322187 | VAH=427.85
2026-01-28 10:53:07,484 [INFO]     NSE:NATIONALUM-EQ | CVD=479917 vs Ref=481038 | VAH=391.50
2026-01-28 10:53:07,786 [INFO]     NSE:KALYANKJIL-EQ | CVD=-294812 vs Ref=119217 | VAH=373.95
2026-01-28 10:53:07,967 [INFO]     NSE:ONGC-EQ | CVD=9155736 vs Ref=11237625 | VAH=264.00
2026-01-28 10:53:08,163 [INFO]     NSE:JIOFIN-EQ | CVD=-626724 vs Ref=545350 | VAH=257.40
2026-01-28 10:53:08,369 [INFO]     NSE:WIPRO-EQ | CVD=337260 vs Ref=640617 | VAH=237.60
2026-01-28 10:53:08,585 [INFO]     NSE:GAIL-EQ | CVD=1319894 vs Ref=1350134 | VAH=164.05
2026-01-28 10:53:08,794 [INFO]     NSE:INOXWIND-EQ | CVD=553167 vs Ref=565416 | VAH=107.10
2026-01-28 10:53:08,963 [INFO]     NSE:SUZLON-EQ | CVD=2058402 vs Ref=4397034 | VAH=47.25
2026-01-28 10:53:09,145 [INFO]     NSE:YESBANK-EQ | CVD=5818474 vs Ref=7921551 | VAH=21.40
2026-01-28 10:54:09,146 [INFO] 🔍 Scanning for alerts on 19 symbols (5min)...
2026-01-28 10:54:09,343 [INFO]     NSE:ADANIPORTS-EQ | CVD=168988 vs Ref=233965 | VAH=1376.05
2026-01-28 10:54:09,578 [INFO]     NSE:HAVELLS-EQ | CVD=-93381 vs Ref=14748 | VAH=1291.50
2026-01-28 10:54:09,781 [INFO]     NSE:PAYTM-EQ | CVD=348060 vs Ref=378055 | VAH=1165.50
2026-01-28 10:54:09,987 [INFO]     NSE:SHRIRAMFIN-EQ | CVD=409682 vs Ref=556824 | VAH=1012.50
2026-01-28 10:54:10,142 [INFO]     NSE:LODHA-EQ | CVD=-110968 vs Ref=50573 | VAH=924.30
2026-01-28 10:54:10,312 [INFO]     NSE:SBICARD-EQ | CVD=5896 vs Ref=54892 | VAH=788.10
2026-01-28 10:54:10,505 [INFO]     NSE:CAMS-EQ | CVD=149026 vs Ref=166334 | VAH=705.60
2026-01-28 10:54:10,706 [INFO]     NSE:PGEL-EQ | CVD=-2911 vs Ref=60181 | VAH=524.70
2026-01-28 10:54:10,856 [INFO]     NSE:OIL-EQ | CVD=333658 vs Ref=1883485 | VAH=488.40
2026-01-28 10:54:11,056 [INFO]     NSE:HINDPETRO-EQ | CVD=189537 vs Ref=322187 | VAH=427.85
2026-01-28 10:54:11,261 [INFO]     NSE:NATIONALUM-EQ | CVD=479917 vs Ref=481038 | VAH=391.50
2026-01-28 10:54:11,460 [INFO]     NSE:KALYANKJIL-EQ | CVD=-284573 vs Ref=119217 | VAH=373.95
2026-01-28 10:54:11,636 [INFO]     NSE:ONGC-EQ | CVD=9075080 vs Ref=11237625 | VAH=264.00
2026-01-28 10:54:11,813 [INFO]     NSE:JIOFIN-EQ | CVD=-552726 vs Ref=545350 | VAH=257.40
2026-01-28 10:54:12,013 [INFO]     NSE:WIPRO-EQ | CVD=326952 vs Ref=640617 | VAH=237.60
2026-01-28 10:54:12,208 [INFO]     NSE:GAIL-EQ | CVD=1324397 vs Ref=1350134 | VAH=164.05
2026-01-28 10:54:12,433 [INFO]     NSE:INOXWIND-EQ | CVD=551671 vs Ref=565416 | VAH=107.10
2026-01-28 10:54:12,607 [INFO]     NSE:SUZLON-EQ | CVD=2009967 vs Ref=4397034 | VAH=47.25
2026-01-28 10:54:12,784 [INFO]     NSE:YESBANK-EQ | CVD=5637851 vs Ref=7921551 | VAH=21.40
2026-01-28 10:55:12,786 [INFO] 🔍 Scanning for alerts on 19 symbols (5min)...
2026-01-28 10:55:13,007 [INFO]     NSE:ADANIPORTS-EQ | CVD=164305 vs Ref=233965 | VAH=1376.05
2026-01-28 10:55:13,219 [INFO]     NSE:HAVELLS-EQ | CVD=-92962 vs Ref=14748 | VAH=1291.50
2026-01-28 10:55:13,420 [INFO]     NSE:PAYTM-EQ | CVD=345396 vs Ref=378055 | VAH=1165.50
2026-01-28 10:55:13,624 [INFO]     NSE:SHRIRAMFIN-EQ | CVD=412466 vs Ref=556824 | VAH=1012.50
2026-01-28 10:55:13,827 [INFO]     NSE:LODHA-EQ | CVD=-114276 vs Ref=50573 | VAH=924.30
2026-01-28 10:55:13,999 [INFO]     NSE:SBICARD-EQ | CVD=6435 vs Ref=54892 | VAH=788.10
2026-01-28 10:55:14,194 [INFO]     NSE:CAMS-EQ | CVD=150991 vs Ref=166334 | VAH=705.60
2026-01-28 10:55:14,389 [INFO]     NSE:PGEL-EQ | CVD=988 vs Ref=60181 | VAH=524.70
2026-01-28 10:55:14,562 [INFO]     NSE:OIL-EQ | CVD=312142 vs Ref=1883485 | VAH=488.40
2026-01-28 10:55:14,739 [INFO]     NSE:HINDPETRO-EQ | CVD=184105 vs Ref=322187 | VAH=427.85
2026-01-28 10:55:14,978 [INFO]     NSE:NATIONALUM-EQ | CVD=479917 vs Ref=481038 | VAH=391.50
2026-01-28 10:55:15,223 [INFO]     NSE:KALYANKJIL-EQ | CVD=-270095 vs Ref=119217 | VAH=373.95
2026-01-28 10:55:15,583 [INFO]     NSE:ONGC-EQ | CVD=9135003 vs Ref=11237625 | VAH=264.00
2026-01-28 10:55:15,835 [INFO]     NSE:JIOFIN-EQ | CVD=-592411 vs Ref=545350 | VAH=257.40
2026-01-28 10:55:16,073 [INFO]     NSE:WIPRO-EQ | CVD=329631 vs Ref=640617 | VAH=237.60
2026-01-28 10:55:16,267 [INFO]     NSE:GAIL-EQ | CVD=1310900 vs Ref=1350134 | VAH=164.05
2026-01-28 10:55:16,483 [INFO] 🚀 [BUY ALERT] NSE:INOXWIND-EQ (5min) triggered at 10:50!
2026-01-28 10:55:16,484 [INFO]     ✅ Price: 107.69 > FRVP VAH: 107.10
2026-01-28 10:55:16,484 [INFO]     ✅ CVD:   576893 > CVD Ref:  565416
2026-01-28 10:55:16,485 [INFO]     ℹ️  FRVP Info: POC=107.10, VAH=107.10
2026-01-28 10:55:16,485 [INFO]     NSE:INOXWIND-EQ | CVD=576893 vs Ref=565416 | VAH=107.10
2026-01-28 10:55:16,673 [INFO]     NSE:SUZLON-EQ | CVD=2118042 vs Ref=4397034 | VAH=47.25
2026-01-28 10:55:16,847 [INFO]     NSE:YESBANK-EQ | CVD=5516620 vs Ref=7921551 | VAH=21.40
2026-01-28 10:56:16,849 [INFO] 🔍 Scanning for alerts on 18 symbols (5min)...
2026-01-28 10:56:17,031 [INFO]     NSE:ADANIPORTS-EQ | CVD=160509 vs Ref=233965 | VAH=1376.05
2026-01-28 10:56:17,252 [INFO]     NSE:HAVELLS-EQ | CVD=-94449 vs Ref=14748 | VAH=1291.50
2026-01-28 10:56:17,432 [INFO]     NSE:PAYTM-EQ | CVD=343868 vs Ref=378055 | VAH=1165.50
2026-01-28 10:56:17,611 [INFO]     NSE:SHRIRAMFIN-EQ | CVD=413081 vs Ref=556824 | VAH=1012.50
2026-01-28 10:56:17,765 [INFO]     NSE:LODHA-EQ | CVD=-117132 vs Ref=50573 | VAH=924.30
2026-01-28 10:56:17,966 [INFO]     NSE:SBICARD-EQ | CVD=6505 vs Ref=54892 | VAH=788.10
2026-01-28 10:56:18,164 [INFO]     NSE:CAMS-EQ | CVD=150730 vs Ref=166334 | VAH=705.60
2026-01-28 10:56:18,357 [INFO]     NSE:PGEL-EQ | CVD=-417 vs Ref=60181 | VAH=524.70
2026-01-28 10:56:18,676 [INFO]     NSE:OIL-EQ | CVD=288457 vs Ref=1883485 | VAH=488.40
2026-01-28 10:56:18,964 [INFO]     NSE:HINDPETRO-EQ | CVD=190289 vs Ref=322187 | VAH=427.85
2026-01-28 10:56:19,196 [INFO]     NSE:NATIONALUM-EQ | CVD=479917 vs Ref=481038 | VAH=391.50
2026-01-28 10:56:19,383 [INFO]     NSE:KALYANKJIL-EQ | CVD=-278375 vs Ref=119217 | VAH=373.95
2026-01-28 10:56:19,547 [INFO]     NSE:ONGC-EQ | CVD=9009497 vs Ref=11237625 | VAH=264.00
2026-01-28 10:56:19,791 [INFO]     NSE:JIOFIN-EQ | CVD=-623509 vs Ref=545350 | VAH=257.40
2026-01-28 10:56:20,019 [INFO]     NSE:WIPRO-EQ | CVD=333378 vs Ref=640617 | VAH=237.60
2026-01-28 10:56:20,213 [INFO]     NSE:GAIL-EQ | CVD=1294853 vs Ref=1350134 | VAH=164.05
2026-01-28 10:56:20,408 [INFO]     NSE:SUZLON-EQ | CVD=2165802 vs Ref=4397034 | VAH=47.25
2026-01-28 10:56:20,570 [INFO]     NSE:YESBANK-EQ | CVD=5079420 vs Ref=7921551 | VAH=21.40
2026-01-28 10:57:20,571 [INFO] 🔍 Scanning for alerts on 18 symbols (5min)...
2026-01-28 10:57:20,768 [INFO]     NSE:ADANIPORTS-EQ | CVD=163017 vs Ref=233965 | VAH=1376.05
2026-01-28 10:57:20,961 [INFO]     NSE:HAVELLS-EQ | CVD=-95301 vs Ref=14748 | VAH=1291.50
2026-01-28 10:57:21,127 [INFO]     NSE:PAYTM-EQ | CVD=344593 vs Ref=378055 | VAH=1165.50
2026-01-28 10:57:21,291 [INFO]     NSE:SHRIRAMFIN-EQ | CVD=444314 vs Ref=556824 | VAH=1012.50
2026-01-28 10:57:21,514 [INFO]     NSE:LODHA-EQ | CVD=-115499 vs Ref=50573 | VAH=924.30
2026-01-28 10:57:21,703 [INFO]     NSE:SBICARD-EQ | CVD=6569 vs Ref=54892 | VAH=788.10
2026-01-28 10:57:21,916 [INFO]     NSE:CAMS-EQ | CVD=148210 vs Ref=166334 | VAH=705.60
2026-01-28 10:57:22,103 [INFO]     NSE:PGEL-EQ | CVD=-979 vs Ref=60181 | VAH=524.70
2026-01-28 10:57:22,271 [INFO]     NSE:OIL-EQ | CVD=263376 vs Ref=1883485 | VAH=488.40
2026-01-28 10:57:22,454 [INFO]     NSE:HINDPETRO-EQ | CVD=198965 vs Ref=322187 | VAH=427.85
2026-01-28 10:57:22,669 [INFO]     NSE:NATIONALUM-EQ | CVD=479917 vs Ref=481038 | VAH=391.50
2026-01-28 10:57:22,865 [INFO]     NSE:KALYANKJIL-EQ | CVD=-274978 vs Ref=119217 | VAH=373.95
2026-01-28 10:57:23,057 [INFO]     NSE:ONGC-EQ | CVD=9086892 vs Ref=11237625 | VAH=264.00
2026-01-28 10:57:23,270 [INFO]     NSE:JIOFIN-EQ | CVD=-647382 vs Ref=545350 | VAH=257.40
2026-01-28 10:57:23,455 [INFO]     NSE:WIPRO-EQ | CVD=330008 vs Ref=640617 | VAH=237.60
2026-01-28 10:57:23,633 [INFO]     NSE:GAIL-EQ | CVD=1273808 vs Ref=1350134 | VAH=164.05
2026-01-28 10:57:23,826 [INFO]     NSE:SUZLON-EQ | CVD=2313443 vs Ref=4397034 | VAH=47.25
2026-01-28 10:57:24,024 [INFO]     NSE:YESBANK-EQ | CVD=5117092 vs Ref=7921551 | VAH=21.40
2026-01-28 10:58:24,026 [INFO] 🔍 Scanning for alerts on 18 symbols (5min)...
2026-01-28 10:58:24,222 [INFO]     NSE:ADANIPORTS-EQ | CVD=165671 vs Ref=233965 | VAH=1376.05
2026-01-28 10:58:24,400 [INFO]     NSE:HAVELLS-EQ | CVD=-94952 vs Ref=14748 | VAH=1291.50
2026-01-28 10:58:24,602 [INFO]     NSE:PAYTM-EQ | CVD=345196 vs Ref=378055 | VAH=1165.50
2026-01-28 10:58:24,804 [INFO]     NSE:SHRIRAMFIN-EQ | CVD=459340 vs Ref=556824 | VAH=1012.50
2026-01-28 10:58:24,995 [INFO]     NSE:LODHA-EQ | CVD=-115388 vs Ref=50573 | VAH=924.30
2026-01-28 10:58:25,163 [INFO]     NSE:SBICARD-EQ | CVD=6897 vs Ref=54892 | VAH=788.10
2026-01-28 10:58:25,365 [INFO]     NSE:CAMS-EQ | CVD=144204 vs Ref=166334 | VAH=705.60
2026-01-28 10:58:25,541 [INFO]     NSE:PGEL-EQ | CVD=751 vs Ref=60181 | VAH=524.70
2026-01-28 10:58:25,728 [INFO]     NSE:OIL-EQ | CVD=247095 vs Ref=1883485 | VAH=488.40
2026-01-28 10:58:25,881 [INFO]     NSE:HINDPETRO-EQ | CVD=203295 vs Ref=322187 | VAH=427.85
2026-01-28 10:58:26,086 [INFO]     NSE:NATIONALUM-EQ | CVD=479917 vs Ref=481038 | VAH=391.50
2026-01-28 10:58:26,287 [INFO]     NSE:KALYANKJIL-EQ | CVD=-281557 vs Ref=119217 | VAH=373.95
2026-01-28 10:58:26,462 [INFO]     NSE:ONGC-EQ | CVD=9132852 vs Ref=11237625 | VAH=264.00
2026-01-28 10:58:26,666 [INFO]     NSE:JIOFIN-EQ | CVD=-568799 vs Ref=545350 | VAH=257.40
2026-01-28 10:58:26,831 [INFO]     NSE:WIPRO-EQ | CVD=360539 vs Ref=640617 | VAH=237.60
2026-01-28 10:58:27,022 [INFO]     NSE:GAIL-EQ | CVD=1312184 vs Ref=1350134 | VAH=164.05
2026-01-28 10:58:27,242 [INFO]     NSE:SUZLON-EQ | CVD=2427782 vs Ref=4397034 | VAH=47.25
2026-01-28 10:58:27,441 [INFO]     NSE:YESBANK-EQ | CVD=5227011 vs Ref=7921551 | VAH=21.40
2026-01-28 10:59:27,442 [INFO] 🔍 Scanning for alerts on 18 symbols (5min)...
2026-01-28 10:59:27,633 [INFO]     NSE:ADANIPORTS-EQ | CVD=162728 vs Ref=233965 | VAH=1376.05
2026-01-28 10:59:27,826 [INFO]     NSE:HAVELLS-EQ | CVD=-94855 vs Ref=14748 | VAH=1291.50
2026-01-28 10:59:28,006 [INFO]     NSE:PAYTM-EQ | CVD=344186 vs Ref=378055 | VAH=1165.50
2026-01-28 10:59:28,203 [INFO]     NSE:SHRIRAMFIN-EQ | CVD=461281 vs Ref=556824 | VAH=1012.50
2026-01-28 10:59:28,348 [INFO]     NSE:LODHA-EQ | CVD=-114738 vs Ref=50573 | VAH=924.30
2026-01-28 10:59:28,514 [INFO]     NSE:SBICARD-EQ | CVD=7475 vs Ref=54892 | VAH=788.10
2026-01-28 10:59:28,719 [INFO]     NSE:CAMS-EQ | CVD=144726 vs Ref=166334 | VAH=705.60
2026-01-28 10:59:28,877 [INFO]     NSE:PGEL-EQ | CVD=831 vs Ref=60181 | VAH=524.70
2026-01-28 10:59:29,053 [INFO]     NSE:OIL-EQ | CVD=173341 vs Ref=1883485 | VAH=488.40
2026-01-28 10:59:29,243 [INFO]     NSE:HINDPETRO-EQ | CVD=209370 vs Ref=322187 | VAH=427.85
2026-01-28 10:59:29,420 [INFO]     NSE:NATIONALUM-EQ | CVD=479917 vs Ref=481038 | VAH=391.50
2026-01-28 10:59:29,599 [INFO]     NSE:KALYANKJIL-EQ | CVD=-275848 vs Ref=119217 | VAH=373.95
2026-01-28 10:59:29,779 [INFO]     NSE:ONGC-EQ | CVD=9094083 vs Ref=11237625 | VAH=264.00
2026-01-28 10:59:29,973 [INFO]     NSE:JIOFIN-EQ | CVD=-262116 vs Ref=545350 | VAH=257.40
2026-01-28 10:59:30,167 [INFO]     NSE:WIPRO-EQ | CVD=348252 vs Ref=640617 | VAH=237.60
2026-01-28 10:59:30,371 [INFO] 🚀 [BUY ALERT] NSE:GAIL-EQ (5min) triggered at 10:55!
2026-01-28 10:59:30,372 [INFO]     ✅ Price: 166.00 > FRVP VAH: 164.05
2026-01-28 10:59:30,372 [INFO]     ✅ CVD:   1393698 > CVD Ref:  1350134
2026-01-28 10:59:30,373 [INFO]     ℹ️  FRVP Info: POC=164.05, VAH=164.05
2026-01-28 10:59:30,373 [INFO]     NSE:GAIL-EQ | CVD=1393698 vs Ref=1350134 | VAH=164.05
2026-01-28 10:59:30,559 [INFO]     NSE:SUZLON-EQ | CVD=2677834 vs Ref=4397034 | VAH=47.25
2026-01-28 10:59:30,751 [INFO]     NSE:YESBANK-EQ | CVD=5252464 vs Ref=7921551 | VAH=21.40
2026-01-28 11:00:30,753 [INFO] 🔍 Scanning for alerts on 17 symbols (5min)...
2026-01-28 11:00:30,939 [INFO]     NSE:ADANIPORTS-EQ | CVD=160785 vs Ref=233965 | VAH=1376.05
2026-01-28 11:00:31,114 [INFO]     NSE:HAVELLS-EQ | CVD=-94606 vs Ref=14748 | VAH=1291.50
2026-01-28 11:00:31,288 [INFO]     NSE:PAYTM-EQ | CVD=336286 vs Ref=378055 | VAH=1165.50
2026-01-28 11:00:31,485 [INFO]     NSE:SHRIRAMFIN-EQ | CVD=455708 vs Ref=556824 | VAH=1012.50
2026-01-28 11:00:31,675 [INFO]     NSE:LODHA-EQ | CVD=-110286 vs Ref=50573 | VAH=924.30
2026-01-28 11:00:31,824 [INFO]     NSE:SBICARD-EQ | CVD=7359 vs Ref=54892 | VAH=788.10
2026-01-28 11:00:31,985 [INFO]     NSE:CAMS-EQ | CVD=149776 vs Ref=166334 | VAH=705.60
2026-01-28 11:00:32,185 [INFO]     NSE:PGEL-EQ | CVD=366 vs Ref=60181 | VAH=524.70
2026-01-28 11:00:32,349 [INFO]     NSE:OIL-EQ | CVD=248796 vs Ref=1883485 | VAH=488.40
2026-01-28 11:00:32,531 [INFO]     NSE:HINDPETRO-EQ | CVD=197958 vs Ref=322187 | VAH=427.85
2026-01-28 11:00:32,703 [INFO]     NSE:NATIONALUM-EQ | CVD=479917 vs Ref=481038 | VAH=391.50
2026-01-28 11:00:32,873 [INFO]     NSE:KALYANKJIL-EQ | CVD=-281478 vs Ref=119217 | VAH=373.95
2026-01-28 11:00:33,072 [INFO]     NSE:ONGC-EQ | CVD=9166074 vs Ref=11237625 | VAH=264.00
2026-01-28 11:00:33,252 [INFO]     NSE:JIOFIN-EQ | CVD=-61439 vs Ref=545350 | VAH=257.40
2026-01-28 11:00:33,409 [INFO]     NSE:WIPRO-EQ | CVD=340523 vs Ref=640617 | VAH=237.60
2026-01-28 11:00:33,578 [INFO]     NSE:SUZLON-EQ | CVD=2584779 vs Ref=4397034 | VAH=47.25
2026-01-28 11:00:33,758 [INFO]     NSE:YESBANK-EQ | CVD=5371765 vs Ref=7921551 | VAH=21.40
2026-01-28 11:01:33,760 [INFO] 🔍 Scanning for alerts on 17 symbols (5min)...
2026-01-28 11:01:33,945 [INFO]     NSE:ADANIPORTS-EQ | CVD=163330 vs Ref=233965 | VAH=1376.05
2026-01-28 11:01:34,092 [INFO]     NSE:HAVELLS-EQ | CVD=-94298 vs Ref=14748 | VAH=1291.50
2026-01-28 11:01:34,252 [INFO]     NSE:PAYTM-EQ | CVD=337136 vs Ref=378055 | VAH=1165.50
2026-01-28 11:01:34,431 [INFO]     NSE:SHRIRAMFIN-EQ | CVD=460818 vs Ref=556824 | VAH=1012.50
2026-01-28 11:01:34,600 [INFO]     NSE:LODHA-EQ | CVD=-110389 vs Ref=50573 | VAH=924.30
2026-01-28 11:01:34,785 [INFO]     NSE:SBICARD-EQ | CVD=8358 vs Ref=54892 | VAH=788.10
2026-01-28 11:01:34,959 [INFO]     NSE:CAMS-EQ | CVD=150338 vs Ref=166334 | VAH=705.60
2026-01-28 11:01:35,140 [INFO]     NSE:PGEL-EQ | CVD=1490 vs Ref=60181 | VAH=524.70
2026-01-28 11:01:35,339 [INFO]     NSE:OIL-EQ | CVD=274592 vs Ref=1883485 | VAH=488.40
2026-01-28 11:01:35,530 [INFO]     NSE:HINDPETRO-EQ | CVD=235888 vs Ref=322187 | VAH=427.85
2026-01-28 11:01:35,725 [INFO]     NSE:NATIONALUM-EQ | CVD=479917 vs Ref=481038 | VAH=391.50
2026-01-28 11:01:35,907 [INFO]     NSE:KALYANKJIL-EQ | CVD=-289015 vs Ref=119217 | VAH=373.95
2026-01-28 11:01:36,100 [INFO]     NSE:ONGC-EQ | CVD=9278210 vs Ref=11237625 | VAH=264.00
2026-01-28 11:01:36,314 [INFO]     NSE:JIOFIN-EQ | CVD=108293 vs Ref=545350 | VAH=257.40
2026-01-28 11:01:36,544 [INFO]     NSE:WIPRO-EQ | CVD=332424 vs Ref=640617 | VAH=237.60
2026-01-28 11:01:36,717 [INFO]     NSE:SUZLON-EQ | CVD=3180901 vs Ref=4397034 | VAH=47.25
2026-01-28 11:01:36,885 [INFO]     NSE:YESBANK-EQ | CVD=5428472 vs Ref=7921551 | VAH=21.40
2026-01-28 11:02:36,886 [INFO] 🔍 Scanning for alerts on 17 symbols (5min)...
2026-01-28 11:02:37,095 [INFO]     NSE:ADANIPORTS-EQ | CVD=159278 vs Ref=233965 | VAH=1376.05
2026-01-28 11:02:37,271 [INFO]     NSE:HAVELLS-EQ | CVD=-93103 vs Ref=14748 | VAH=1291.50
2026-01-28 11:02:37,463 [INFO]     NSE:PAYTM-EQ | CVD=342613 vs Ref=378055 | VAH=1165.50
2026-01-28 11:02:37,673 [INFO]     NSE:SHRIRAMFIN-EQ | CVD=458360 vs Ref=556824 | VAH=1012.50
2026-01-28 11:02:37,857 [INFO]     NSE:LODHA-EQ | CVD=-109237 vs Ref=50573 | VAH=924.30
2026-01-28 11:02:38,063 [INFO]     NSE:SBICARD-EQ | CVD=8553 vs Ref=54892 | VAH=788.10
2026-01-28 11:02:38,264 [INFO]     NSE:CAMS-EQ | CVD=150532 vs Ref=166334 | VAH=705.60
2026-01-28 11:02:38,436 [INFO]     NSE:PGEL-EQ | CVD=-371 vs Ref=60181 | VAH=524.70
2026-01-28 11:02:38,630 [INFO]     NSE:OIL-EQ | CVD=248259 vs Ref=1883485 | VAH=488.40
2026-01-28 11:02:38,825 [INFO]     NSE:HINDPETRO-EQ | CVD=241054 vs Ref=322187 | VAH=427.85
2026-01-28 11:02:39,044 [INFO]     NSE:NATIONALUM-EQ | CVD=479917 vs Ref=481038 | VAH=391.50
2026-01-28 11:02:39,229 [INFO]     NSE:KALYANKJIL-EQ | CVD=-285652 vs Ref=119217 | VAH=373.95
2026-01-28 11:02:39,391 [INFO]     NSE:ONGC-EQ | CVD=9318868 vs Ref=11237625 | VAH=264.00
2026-01-28 11:02:39,573 [INFO]     NSE:JIOFIN-EQ | CVD=149619 vs Ref=545350 | VAH=257.40
2026-01-28 11:02:39,749 [INFO]     NSE:WIPRO-EQ | CVD=326826 vs Ref=640617 | VAH=237.60
2026-01-28 11:02:39,925 [INFO]     NSE:SUZLON-EQ | CVD=3068840 vs Ref=4397034 | VAH=47.25
2026-01-28 11:02:40,113 [INFO]     NSE:YESBANK-EQ | CVD=5521577 vs Ref=7921551 | VAH=21.40
2026-01-28 11:03:40,115 [INFO] 🔍 Scanning for alerts on 17 symbols (5min)...
2026-01-28 11:03:40,321 [INFO]     NSE:ADANIPORTS-EQ | CVD=161753 vs Ref=233965 | VAH=1376.05
2026-01-28 11:03:40,519 [INFO]     NSE:HAVELLS-EQ | CVD=-92659 vs Ref=14748 | VAH=1291.50
2026-01-28 11:03:40,725 [INFO]     NSE:PAYTM-EQ | CVD=345104 vs Ref=378055 | VAH=1165.50
2026-01-28 11:03:40,919 [INFO]     NSE:SHRIRAMFIN-EQ | CVD=454163 vs Ref=556824 | VAH=1012.50
2026-01-28 11:03:41,085 [INFO]     NSE:LODHA-EQ | CVD=-111521 vs Ref=50573 | VAH=924.30
2026-01-28 11:03:41,291 [INFO]     NSE:SBICARD-EQ | CVD=7905 vs Ref=54892 | VAH=788.10
2026-01-28 11:03:41,465 [INFO]     NSE:CAMS-EQ | CVD=149254 vs Ref=166334 | VAH=705.60
2026-01-28 11:03:41,639 [INFO]     NSE:PGEL-EQ | CVD=-1810 vs Ref=60181 | VAH=524.70
2026-01-28 11:03:41,779 [INFO]     NSE:OIL-EQ | CVD=227590 vs Ref=1883485 | VAH=488.40
2026-01-28 11:03:41,938 [INFO]     NSE:HINDPETRO-EQ | CVD=247151 vs Ref=322187 | VAH=427.85
2026-01-28 11:03:42,148 [INFO]     NSE:NATIONALUM-EQ | CVD=479917 vs Ref=481038 | VAH=391.50
2026-01-28 11:03:42,365 [INFO]     NSE:KALYANKJIL-EQ | CVD=-295428 vs Ref=119217 | VAH=373.95
2026-01-28 11:03:42,560 [INFO]     NSE:ONGC-EQ | CVD=9377405 vs Ref=11237625 | VAH=264.00
2026-01-28 11:03:42,755 [INFO]     NSE:JIOFIN-EQ | CVD=263938 vs Ref=545350 | VAH=257.40
2026-01-28 11:03:42,930 [INFO]     NSE:WIPRO-EQ | CVD=323158 vs Ref=640617 | VAH=237.60
2026-01-28 11:03:43,098 [INFO]     NSE:SUZLON-EQ | CVD=3012892 vs Ref=4397034 | VAH=47.25
2026-01-28 11:03:43,281 [INFO]     NSE:YESBANK-EQ | CVD=5498771 vs Ref=7921551 | VAH=21.40
2026-01-28 11:04:43,285 [INFO] 🔍 Scanning for alerts on 17 symbols (5min)...
2026-01-28 11:04:43,745 [INFO]     NSE:ADANIPORTS-EQ | CVD=163599 vs Ref=233965 | VAH=1376.05
2026-01-28 11:04:44,182 [INFO]     NSE:HAVELLS-EQ | CVD=-92210 vs Ref=14748 | VAH=1291.50
2026-01-28 11:04:44,656 [INFO]     NSE:PAYTM-EQ | CVD=346308 vs Ref=378055 | VAH=1165.50
2026-01-28 11:04:45,068 [INFO]     NSE:SHRIRAMFIN-EQ | CVD=469589 vs Ref=556824 | VAH=1012.50
2026-01-28 11:04:45,385 [INFO]     NSE:LODHA-EQ | CVD=-107870 vs Ref=50573 | VAH=924.30
2026-01-28 11:04:45,749 [INFO]     NSE:SBICARD-EQ | CVD=7238 vs Ref=54892 | VAH=788.10
2026-01-28 11:04:46,123 [INFO]     NSE:CAMS-EQ | CVD=150308 vs Ref=166334 | VAH=705.60
2026-01-28 11:04:46,529 [INFO]     NSE:PGEL-EQ | CVD=-257 vs Ref=60181 | VAH=524.70
2026-01-28 11:04:46,834 [INFO]     NSE:OIL-EQ | CVD=175956 vs Ref=1883485 | VAH=488.40
2026-01-28 11:04:47,182 [INFO]     NSE:HINDPETRO-EQ | CVD=279135 vs Ref=322187 | VAH=427.85
2026-01-28 11:04:47,598 [INFO]     NSE:NATIONALUM-EQ | CVD=479917 vs Ref=481038 | VAH=391.50
2026-01-28 11:04:47,953 [INFO]     NSE:KALYANKJIL-EQ | CVD=-287056 vs Ref=119217 | VAH=373.95
2026-01-28 11:04:48,223 [INFO]     NSE:ONGC-EQ | CVD=9451015 vs Ref=11237625 | VAH=264.00
2026-01-28 11:04:48,481 [INFO]     NSE:JIOFIN-EQ | CVD=525087 vs Ref=545350 | VAH=257.40
2026-01-28 11:04:48,727 [INFO]     NSE:WIPRO-EQ | CVD=319324 vs Ref=640617 | VAH=237.60
2026-01-28 11:04:49,001 [INFO]     NSE:SUZLON-EQ | CVD=2941917 vs Ref=4397034 | VAH=47.25
2026-01-28 11:04:49,276 [INFO]     NSE:YESBANK-EQ | CVD=5674090 vs Ref=7921551 | VAH=21.40
2026-01-28 11:05:49,277 [INFO] 🔍 Scanning for alerts on 17 symbols (5min)...
2026-01-28 11:05:49,546 [INFO]     NSE:ADANIPORTS-EQ | CVD=167145 vs Ref=233965 | VAH=1376.05
2026-01-28 11:05:49,787 [INFO]     NSE:HAVELLS-EQ | CVD=-89462 vs Ref=14748 | VAH=1291.50
2026-01-28 11:05:50,058 [INFO]     NSE:PAYTM-EQ | CVD=327984 vs Ref=378055 | VAH=1165.50
2026-01-28 11:05:50,350 [INFO]     NSE:SHRIRAMFIN-EQ | CVD=477830 vs Ref=556824 | VAH=1012.50
2026-01-28 11:05:50,657 [INFO]     NSE:LODHA-EQ | CVD=-106719 vs Ref=50573 | VAH=924.30
2026-01-28 11:05:50,927 [INFO]     NSE:SBICARD-EQ | CVD=7347 vs Ref=54892 | VAH=788.10
2026-01-28 11:05:51,294 [INFO]     NSE:CAMS-EQ | CVD=150579 vs Ref=166334 | VAH=705.60
2026-01-28 11:05:51,709 [INFO]     NSE:PGEL-EQ | CVD=839 vs Ref=60181 | VAH=524.70
2026-01-28 11:05:52,039 [INFO]     NSE:OIL-EQ | CVD=203218 vs Ref=1883485 | VAH=488.40
2026-01-28 11:05:52,348 [INFO]     NSE:HINDPETRO-EQ | CVD=288261 vs Ref=322187 | VAH=427.85
2026-01-28 11:05:52,630 [INFO]     NSE:NATIONALUM-EQ | CVD=479917 vs Ref=481038 | VAH=391.50
2026-01-28 11:05:52,941 [INFO]     NSE:KALYANKJIL-EQ | CVD=-272906 vs Ref=119217 | VAH=373.95
2026-01-28 11:05:53,200 [INFO]     NSE:ONGC-EQ | CVD=9535585 vs Ref=11237625 | VAH=264.00
2026-01-28 11:05:53,546 [INFO]     NSE:JIOFIN-EQ | CVD=632936 vs Ref=545350 | VAH=257.40
2026-01-28 11:05:53,796 [INFO]     NSE:WIPRO-EQ | CVD=328359 vs Ref=640617 | VAH=237.60
2026-01-28 11:05:54,089 [INFO]     NSE:SUZLON-EQ | CVD=3038304 vs Ref=4397034 | VAH=47.25
2026-01-28 11:05:54,377 [INFO]     NSE:YESBANK-EQ | CVD=5849184 vs Ref=7921551 | VAH=21.40
2026-01-28 11:06:54,378 [INFO] 🔍 Scanning for alerts on 17 symbols (5min)...
2026-01-28 11:06:54,565 [INFO]     NSE:ADANIPORTS-EQ | CVD=170775 vs Ref=233965 | VAH=1376.05
2026-01-28 11:06:54,737 [INFO]     NSE:HAVELLS-EQ | CVD=-86812 vs Ref=14748 | VAH=1291.50
2026-01-28 11:06:54,933 [INFO]     NSE:PAYTM-EQ | CVD=320162 vs Ref=378055 | VAH=1165.50
2026-01-28 11:06:55,139 [INFO]     NSE:SHRIRAMFIN-EQ | CVD=485064 vs Ref=556824 | VAH=1012.50
2026-01-28 11:06:55,317 [INFO]     NSE:LODHA-EQ | CVD=-104732 vs Ref=50573 | VAH=924.30
2026-01-28 11:06:55,521 [INFO]     NSE:SBICARD-EQ | CVD=8439 vs Ref=54892 | VAH=788.10
2026-01-28 11:06:55,687 [INFO]     NSE:CAMS-EQ | CVD=150690 vs Ref=166334 | VAH=705.60
2026-01-28 11:06:55,859 [INFO]     NSE:PGEL-EQ | CVD=1431 vs Ref=60181 | VAH=524.70
2026-01-28 11:06:56,053 [INFO]     NSE:OIL-EQ | CVD=177598 vs Ref=1883485 | VAH=488.40
2026-01-28 11:06:56,241 [INFO]     NSE:HINDPETRO-EQ | CVD=298183 vs Ref=322187 | VAH=427.85
2026-01-28 11:06:56,448 [INFO]     NSE:NATIONALUM-EQ | CVD=479917 vs Ref=481038 | VAH=391.50
2026-01-28 11:06:56,654 [INFO]     NSE:KALYANKJIL-EQ | CVD=-165462 vs Ref=119217 | VAH=373.95
2026-01-28 11:06:56,802 [INFO]     NSE:ONGC-EQ | CVD=9385878 vs Ref=11237625 | VAH=264.00
2026-01-28 11:06:57,225 [INFO]     NSE:JIOFIN-EQ | CVD=536860 vs Ref=545350 | VAH=257.40
2026-01-28 11:06:57,456 [INFO]     NSE:WIPRO-EQ | CVD=338694 vs Ref=640617 | VAH=237.60
2026-01-28 11:06:57,655 [INFO]     NSE:SUZLON-EQ | CVD=3078599 vs Ref=4397034 | VAH=47.25
2026-01-28 11:06:57,831 [INFO]     NSE:YESBANK-EQ | CVD=5901690 vs Ref=7921551 | VAH=21.40
2026-01-28 11:07:57,833 [INFO] 🔍 Scanning for alerts on 17 symbols (5min)...
2026-01-28 11:07:58,039 [INFO]     NSE:ADANIPORTS-EQ | CVD=161346 vs Ref=233965 | VAH=1376.05
2026-01-28 11:07:58,207 [INFO]     NSE:HAVELLS-EQ | CVD=-88812 vs Ref=14748 | VAH=1291.50
2026-01-28 11:07:58,425 [INFO]     NSE:PAYTM-EQ | CVD=303884 vs Ref=378055 | VAH=1165.50
2026-01-28 11:07:58,617 [INFO]     NSE:SHRIRAMFIN-EQ | CVD=502591 vs Ref=556824 | VAH=1012.50
2026-01-28 11:07:58,803 [INFO]     NSE:LODHA-EQ | CVD=-104459 vs Ref=50573 | VAH=924.30
2026-01-28 11:07:58,980 [INFO]     NSE:SBICARD-EQ | CVD=8708 vs Ref=54892 | VAH=788.10
2026-01-28 11:07:59,204 [INFO]     NSE:CAMS-EQ | CVD=153409 vs Ref=166334 | VAH=705.60
2026-01-28 11:07:59,398 [INFO]     NSE:PGEL-EQ | CVD=3014 vs Ref=60181 | VAH=524.70
2026-01-28 11:07:59,615 [INFO]     NSE:OIL-EQ | CVD=147018 vs Ref=1883485 | VAH=488.40
2026-01-28 11:07:59,784 [INFO]     NSE:HINDPETRO-EQ | CVD=280428 vs Ref=322187 | VAH=427.85
2026-01-28 11:07:59,944 [INFO]     NSE:NATIONALUM-EQ | CVD=479917 vs Ref=481038 | VAH=391.50
2026-01-28 11:08:00,115 [INFO]     NSE:KALYANKJIL-EQ | CVD=-135332 vs Ref=119217 | VAH=373.95
2026-01-28 11:08:00,343 [INFO]     NSE:ONGC-EQ | CVD=9240960 vs Ref=11237625 | VAH=264.00
2026-01-28 11:08:00,553 [INFO]     NSE:JIOFIN-EQ | CVD=502596 vs Ref=545350 | VAH=257.40
2026-01-28 11:08:00,710 [INFO]     NSE:WIPRO-EQ | CVD=333398 vs Ref=640617 | VAH=237.60
2026-01-28 11:08:00,870 [INFO]     NSE:SUZLON-EQ | CVD=3222966 vs Ref=4397034 | VAH=47.25
2026-01-28 11:08:01,043 [INFO]     NSE:YESBANK-EQ | CVD=6061905 vs Ref=7921551 | VAH=21.40
2026-01-28 11:09:01,044 [INFO] 🔍 Scanning for alerts on 17 symbols (5min)...
2026-01-28 11:09:02,964 [INFO]     NSE:ADANIPORTS-EQ | CVD=157667 vs Ref=233965 | VAH=1376.05
2026-01-28 11:09:03,300 [INFO]     NSE:HAVELLS-EQ | CVD=-89582 vs Ref=14748 | VAH=1291.50
2026-01-28 11:09:03,585 [INFO]     NSE:PAYTM-EQ | CVD=312740 vs Ref=378055 | VAH=1165.50
2026-01-28 11:09:03,850 [INFO]     NSE:SHRIRAMFIN-EQ | CVD=491439 vs Ref=556824 | VAH=1012.50
2026-01-28 11:09:04,125 [INFO]     NSE:LODHA-EQ | CVD=-107911 vs Ref=50573 | VAH=924.30
2026-01-28 11:09:04,558 [INFO]     NSE:SBICARD-EQ | CVD=8051 vs Ref=54892 | VAH=788.10
2026-01-28 11:09:05,871 [INFO]     NSE:CAMS-EQ | CVD=155705 vs Ref=166334 | VAH=705.60
2026-01-28 11:09:07,322 [INFO]     NSE:PGEL-EQ | CVD=2302 vs Ref=60181 | VAH=524.70
2026-01-28 11:09:08,775 [INFO]     NSE:OIL-EQ | CVD=200972 vs Ref=1883485 | VAH=488.40
2026-01-28 11:09:09,919 [INFO]     NSE:HINDPETRO-EQ | CVD=296372 vs Ref=322187 | VAH=427.85
2026-01-28 11:09:11,127 [INFO]     NSE:NATIONALUM-EQ | CVD=479917 vs Ref=481038 | VAH=391.50
2026-01-28 11:09:12,229 [INFO]     NSE:KALYANKJIL-EQ | CVD=-42853 vs Ref=119217 | VAH=373.95
2026-01-28 11:09:13,346 [INFO]     NSE:ONGC-EQ | CVD=9138885 vs Ref=11237625 | VAH=264.00
2026-01-28 11:09:14,524 [INFO]     NSE:JIOFIN-EQ | CVD=566711 vs Ref=545350 | VAH=257.40
2026-01-28 11:09:15,735 [INFO]     NSE:WIPRO-EQ | CVD=275308 vs Ref=640617 | VAH=237.60
2026-01-28 11:09:16,893 [INFO]     NSE:SUZLON-EQ | CVD=3255387 vs Ref=4397034 | VAH=47.25
2026-01-28 11:09:18,047 [INFO]     NSE:YESBANK-EQ | CVD=6041614 vs Ref=7921551 | VAH=21.40
2026-01-28 11:10:18,052 [INFO] 🔍 Scanning for alerts on 17 symbols (5min)...
2026-01-28 11:10:18,238 [INFO]     NSE:ADANIPORTS-EQ | CVD=168036 vs Ref=233965 | VAH=1376.05
2026-01-28 11:10:18,434 [INFO]     NSE:HAVELLS-EQ | CVD=-90548 vs Ref=14748 | VAH=1291.50
2026-01-28 11:10:18,609 [INFO]     NSE:PAYTM-EQ | CVD=299020 vs Ref=378055 | VAH=1165.50
2026-01-28 11:10:18,808 [INFO]     NSE:SHRIRAMFIN-EQ | CVD=508504 vs Ref=556824 | VAH=1012.50
2026-01-28 11:10:19,011 [INFO]     NSE:LODHA-EQ | CVD=-106789 vs Ref=50573 | VAH=924.30
2026-01-28 11:10:19,202 [INFO]     NSE:SBICARD-EQ | CVD=9529 vs Ref=54892 | VAH=788.10
2026-01-28 11:10:19,374 [INFO]     NSE:CAMS-EQ | CVD=154340 vs Ref=166334 | VAH=705.60
2026-01-28 11:10:19,534 [INFO]     NSE:PGEL-EQ | CVD=142 vs Ref=60181 | VAH=524.70
2026-01-28 11:10:19,693 [INFO]     NSE:OIL-EQ | CVD=155911 vs Ref=1883485 | VAH=488.40
2026-01-28 11:10:19,895 [INFO]     NSE:HINDPETRO-EQ | CVD=287088 vs Ref=322187 | VAH=427.85
2026-01-28 11:10:20,099 [INFO]     NSE:NATIONALUM-EQ | CVD=479917 vs Ref=481038 | VAH=391.50
2026-01-28 11:10:20,297 [INFO]     NSE:KALYANKJIL-EQ | CVD=-66781 vs Ref=119217 | VAH=373.95
2026-01-28 11:10:20,516 [INFO]     NSE:ONGC-EQ | CVD=9062963 vs Ref=11237625 | VAH=264.00
2026-01-28 11:10:20,720 [INFO]     NSE:JIOFIN-EQ | CVD=534081 vs Ref=545350 | VAH=257.40
2026-01-28 11:10:20,890 [INFO]     NSE:WIPRO-EQ | CVD=266885 vs Ref=640617 | VAH=237.60
2026-01-28 11:10:21,052 [INFO]     NSE:SUZLON-EQ | CVD=3170984 vs Ref=4397034 | VAH=47.25
2026-01-28 11:10:21,251 [INFO]     NSE:YESBANK-EQ | CVD=5915011 vs Ref=7921551 | VAH=21.40
2026-01-28 11:11:21,252 [INFO] 🔍 Scanning for alerts on 17 symbols (5min)...
2026-01-28 11:11:21,548 [INFO]     NSE:ADANIPORTS-EQ | CVD=169927 vs Ref=233965 | VAH=1376.05
2026-01-28 11:11:21,727 [INFO]     NSE:HAVELLS-EQ | CVD=-90292 vs Ref=14748 | VAH=1291.50
2026-01-28 11:11:21,934 [INFO]     NSE:PAYTM-EQ | CVD=304486 vs Ref=378055 | VAH=1165.50
2026-01-28 11:11:22,103 [INFO]     NSE:SHRIRAMFIN-EQ | CVD=511759 vs Ref=556824 | VAH=1012.50
2026-01-28 11:11:22,276 [INFO]     NSE:LODHA-EQ | CVD=-104998 vs Ref=50573 | VAH=924.30
2026-01-28 11:11:22,666 [INFO]     NSE:SBICARD-EQ | CVD=10579 vs Ref=54892 | VAH=788.10
2026-01-28 11:11:22,968 [INFO]     NSE:CAMS-EQ | CVD=153105 vs Ref=166334 | VAH=705.60
2026-01-28 11:11:23,305 [INFO]     NSE:PGEL-EQ | CVD=2105 vs Ref=60181 | VAH=524.70
2026-01-28 11:11:23,608 [INFO]     NSE:OIL-EQ | CVD=6954 vs Ref=1883485 | VAH=488.40
2026-01-28 11:11:23,872 [INFO]     NSE:HINDPETRO-EQ | CVD=293722 vs Ref=322187 | VAH=427.85
2026-01-28 11:11:24,320 [INFO]     NSE:NATIONALUM-EQ | CVD=479917 vs Ref=481038 | VAH=391.50
2026-01-28 11:11:24,665 [INFO]     NSE:KALYANKJIL-EQ | CVD=-55265 vs Ref=119217 | VAH=373.95
2026-01-28 11:11:29,509 [INFO]     NSE:ONGC-EQ | CVD=8946354 vs Ref=11237625 | VAH=264.00
2026-01-28 11:11:31,157 [INFO]     NSE:JIOFIN-EQ | CVD=498786 vs Ref=545350 | VAH=257.40
2026-01-28 11:11:33,300 [INFO]     NSE:WIPRO-EQ | CVD=268855 vs Ref=640617 | VAH=237.60
2026-01-28 11:11:36,304 [INFO]     NSE:SUZLON-EQ | CVD=3047155 vs Ref=4397034 | VAH=47.25
2026-01-28 11:11:38,829 [INFO]     NSE:YESBANK-EQ | CVD=5855077 vs Ref=7921551 | VAH=21.40
2026-01-28 11:12:38,836 [INFO] 🔍 Scanning for alerts on 17 symbols (5min)...
2026-01-28 11:12:39,023 [INFO]     NSE:ADANIPORTS-EQ | CVD=174150 vs Ref=233965 | VAH=1376.05
2026-01-28 11:12:39,225 [INFO]     NSE:HAVELLS-EQ | CVD=-90674 vs Ref=14748 | VAH=1291.50
2026-01-28 11:12:39,425 [INFO]     NSE:PAYTM-EQ | CVD=298813 vs Ref=378055 | VAH=1165.50
2026-01-28 11:12:39,611 [INFO]     NSE:SHRIRAMFIN-EQ | CVD=491889 vs Ref=556824 | VAH=1012.50
2026-01-28 11:12:39,837 [INFO]     NSE:LODHA-EQ | CVD=-109009 vs Ref=50573 | VAH=924.30
2026-01-28 11:12:40,020 [INFO]     NSE:SBICARD-EQ | CVD=8545 vs Ref=54892 | VAH=788.10
2026-01-28 11:12:40,238 [INFO]     NSE:CAMS-EQ | CVD=153209 vs Ref=166334 | VAH=705.60
2026-01-28 11:12:40,435 [INFO]     NSE:PGEL-EQ | CVD=1696 vs Ref=60181 | VAH=524.70
2026-01-28 11:12:40,613 [INFO]     NSE:OIL-EQ | CVD=47224 vs Ref=1883485 | VAH=488.40
2026-01-28 11:12:40,813 [INFO]     NSE:HINDPETRO-EQ | CVD=300385 vs Ref=322187 | VAH=427.85
2026-01-28 11:12:41,019 [INFO]     NSE:NATIONALUM-EQ | CVD=479917 vs Ref=481038 | VAH=391.50
2026-01-28 11:12:41,204 [INFO]     NSE:KALYANKJIL-EQ | CVD=-65603 vs Ref=119217 | VAH=373.95
2026-01-28 11:12:41,379 [INFO]     NSE:ONGC-EQ | CVD=9181756 vs Ref=11237625 | VAH=264.00
2026-01-28 11:12:41,544 [INFO]     NSE:JIOFIN-EQ | CVD=464727 vs Ref=545350 | VAH=257.40
2026-01-28 11:12:41,739 [INFO]     NSE:WIPRO-EQ | CVD=272430 vs Ref=640617 | VAH=237.60
2026-01-28 11:12:41,936 [INFO]     NSE:SUZLON-EQ | CVD=2979177 vs Ref=4397034 | VAH=47.25
2026-01-28 11:12:42,130 [INFO]     NSE:YESBANK-EQ | CVD=5506490 vs Ref=7921551 | VAH=21.40
2026-01-28 11:13:42,131 [INFO] 🔍 Scanning for alerts on 17 symbols (5min)...
2026-01-28 11:13:42,299 [INFO]     NSE:ADANIPORTS-EQ | CVD=176461 vs Ref=233965 | VAH=1376.05
2026-01-28 11:13:42,455 [INFO]     NSE:HAVELLS-EQ | CVD=-91348 vs Ref=14748 | VAH=1291.50
2026-01-28 11:13:42,623 [INFO]     NSE:PAYTM-EQ | CVD=302804 vs Ref=378055 | VAH=1165.50
2026-01-28 11:13:42,800 [INFO]     NSE:SHRIRAMFIN-EQ | CVD=463691 vs Ref=556824 | VAH=1012.50
2026-01-28 11:13:42,995 [INFO]     NSE:LODHA-EQ | CVD=-108491 vs Ref=50573 | VAH=924.30
2026-01-28 11:13:43,163 [INFO]     NSE:SBICARD-EQ | CVD=7240 vs Ref=54892 | VAH=788.10
2026-01-28 11:13:43,589 [INFO]     NSE:CAMS-EQ | CVD=153518 vs Ref=166334 | VAH=705.60
2026-01-28 11:13:43,889 [INFO]     NSE:PGEL-EQ | CVD=1783 vs Ref=60181 | VAH=524.70
2026-01-28 11:13:44,195 [INFO]     NSE:OIL-EQ | CVD=60637 vs Ref=1883485 | VAH=488.40
2026-01-28 11:13:44,467 [INFO]     NSE:HINDPETRO-EQ | CVD=303234 vs Ref=322187 | VAH=427.85
2026-01-28 11:13:44,740 [INFO]     NSE:NATIONALUM-EQ | CVD=479917 vs Ref=481038 | VAH=391.50
2026-01-28 11:13:44,985 [INFO]     NSE:KALYANKJIL-EQ | CVD=-73496 vs Ref=119217 | VAH=373.95
2026-01-28 11:13:45,243 [INFO]     NSE:ONGC-EQ | CVD=8973204 vs Ref=11237625 | VAH=264.00
2026-01-28 11:13:45,727 [INFO]     NSE:JIOFIN-EQ | CVD=448044 vs Ref=545350 | VAH=257.40
2026-01-28 11:13:47,178 [INFO]     NSE:WIPRO-EQ | CVD=284719 vs Ref=640617 | VAH=237.60
2026-01-28 11:13:48,441 [INFO]     NSE:SUZLON-EQ | CVD=2901446 vs Ref=4397034 | VAH=47.25
2026-01-28 11:13:49,536 [INFO]     NSE:YESBANK-EQ | CVD=5441854 vs Ref=7921551 | VAH=21.40
2026-01-28 11:14:49,540 [INFO] 🔍 Scanning for alerts on 17 symbols (5min)...
2026-01-28 11:14:49,736 [INFO]     NSE:ADANIPORTS-EQ | CVD=179324 vs Ref=233965 | VAH=1376.05
2026-01-28 11:14:49,951 [INFO]     NSE:HAVELLS-EQ | CVD=-91532 vs Ref=14748 | VAH=1291.50
2026-01-28 11:14:50,116 [INFO]     NSE:PAYTM-EQ | CVD=304453 vs Ref=378055 | VAH=1165.50
2026-01-28 11:14:50,280 [INFO]     NSE:SHRIRAMFIN-EQ | CVD=477466 vs Ref=556824 | VAH=1012.50
2026-01-28 11:14:50,450 [INFO]     NSE:LODHA-EQ | CVD=-107178 vs Ref=50573 | VAH=924.30
2026-01-28 11:14:52,339 [INFO]     NSE:SBICARD-EQ | CVD=3635 vs Ref=54892 | VAH=788.10
2026-01-28 11:14:52,534 [INFO]     NSE:CAMS-EQ | CVD=153938 vs Ref=166334 | VAH=705.60
2026-01-28 11:14:52,702 [INFO]     NSE:PGEL-EQ | CVD=2937 vs Ref=60181 | VAH=524.70
2026-01-28 11:14:53,091 [INFO]     NSE:OIL-EQ | CVD=47003 vs Ref=1883485 | VAH=488.40
2026-01-28 11:14:53,460 [INFO] 🚀 [BUY ALERT] NSE:HINDPETRO-EQ (5min) triggered at 11:10!
2026-01-28 11:14:53,460 [INFO]     ✅ Price: 436.10 > FRVP VAH: 427.85
2026-01-28 11:14:53,461 [INFO]     ✅ CVD:   347328 > CVD Ref:  322187
2026-01-28 11:14:53,461 [INFO]     ℹ️  FRVP Info: POC=427.85, VAH=427.85
2026-01-28 11:14:53,462 [INFO]     NSE:HINDPETRO-EQ | CVD=347328 vs Ref=322187 | VAH=427.85
2026-01-28 11:14:53,712 [INFO]     NSE:NATIONALUM-EQ | CVD=479917 vs Ref=481038 | VAH=391.50
2026-01-28 11:14:53,948 [INFO]     NSE:KALYANKJIL-EQ | CVD=-70661 vs Ref=119217 | VAH=373.95
2026-01-28 11:14:54,186 [INFO]     NSE:ONGC-EQ | CVD=8837190 vs Ref=11237625 | VAH=264.00
2026-01-28 11:14:54,434 [INFO]     NSE:JIOFIN-EQ | CVD=432396 vs Ref=545350 | VAH=257.40
2026-01-28 11:14:54,663 [INFO]     NSE:WIPRO-EQ | CVD=290452 vs Ref=640617 | VAH=237.60
2026-01-28 11:14:54,917 [INFO]     NSE:SUZLON-EQ | CVD=2934682 vs Ref=4397034 | VAH=47.25
2026-01-28 11:14:56,024 [INFO]     NSE:YESBANK-EQ | CVD=5395058 vs Ref=7921551 | VAH=21.40
2026-01-28 11:15:56,029 [INFO] 🔍 Scanning for alerts on 16 symbols (5min)...
2026-01-28 11:15:56,464 [INFO]     NSE:ADANIPORTS-EQ | CVD=182307 vs Ref=233965 | VAH=1376.05
2026-01-28 11:15:58,327 [INFO]     NSE:HAVELLS-EQ | CVD=-92416 vs Ref=14748 | VAH=1291.50
2026-01-28 11:15:59,435 [INFO]     NSE:PAYTM-EQ | CVD=305523 vs Ref=378055 | VAH=1165.50
2026-01-28 11:16:00,728 [INFO]     NSE:SHRIRAMFIN-EQ | CVD=471315 vs Ref=556824 | VAH=1012.50
2026-01-28 11:16:02,083 [INFO]     NSE:LODHA-EQ | CVD=-105677 vs Ref=50573 | VAH=924.30
2026-01-28 11:16:04,067 [INFO]     NSE:SBICARD-EQ | CVD=5388 vs Ref=54892 | VAH=788.10
2026-01-28 11:16:06,437 [INFO]     NSE:CAMS-EQ | CVD=154405 vs Ref=166334 | VAH=705.60
2026-01-28 11:16:08,315 [INFO]     NSE:PGEL-EQ | CVD=5503 vs Ref=60181 | VAH=524.70
2026-01-28 11:16:10,014 [INFO]     NSE:OIL-EQ | CVD=70483 vs Ref=1883485 | VAH=488.40
2026-01-28 11:16:11,374 [INFO]     NSE:NATIONALUM-EQ | CVD=479917 vs Ref=481038 | VAH=391.50
2026-01-28 11:16:12,663 [INFO]     NSE:KALYANKJIL-EQ | CVD=-70308 vs Ref=119217 | VAH=373.95
2026-01-28 11:16:13,899 [INFO]     NSE:ONGC-EQ | CVD=8957607 vs Ref=11237625 | VAH=264.00
2026-01-28 11:16:15,140 [INFO]     NSE:JIOFIN-EQ | CVD=545015 vs Ref=545350 | VAH=257.40
2026-01-28 11:16:16,255 [INFO]     NSE:WIPRO-EQ | CVD=272741 vs Ref=640617 | VAH=237.60
2026-01-28 11:16:16,794 [INFO]     NSE:SUZLON-EQ | CVD=3218500 vs Ref=4397034 | VAH=47.25
2026-01-28 11:16:16,961 [INFO]     NSE:YESBANK-EQ | CVD=5510865 vs Ref=7921551 | VAH=21.40
2026-01-28 11:17:16,963 [INFO] 🔍 Scanning for alerts on 16 symbols (5min)...
2026-01-28 11:17:17,435 [INFO]     NSE:ADANIPORTS-EQ | CVD=181678 vs Ref=233965 | VAH=1376.05
2026-01-28 11:17:17,718 [INFO]     NSE:HAVELLS-EQ | CVD=-92451 vs Ref=14748 | VAH=1291.50
2026-01-28 11:17:17,978 [INFO]     NSE:PAYTM-EQ | CVD=301702 vs Ref=378055 | VAH=1165.50
2026-01-28 11:17:18,229 [INFO]     NSE:SHRIRAMFIN-EQ | CVD=480727 vs Ref=556824 | VAH=1012.50
2026-01-28 11:17:18,480 [INFO]     NSE:LODHA-EQ | CVD=-95734 vs Ref=50573 | VAH=924.30
2026-01-28 11:17:18,718 [INFO]     NSE:SBICARD-EQ | CVD=5777 vs Ref=54892 | VAH=788.10
2026-01-28 11:17:18,957 [INFO]     NSE:CAMS-EQ | CVD=153033 vs Ref=166334 | VAH=705.60
2026-01-28 11:17:19,176 [INFO]     NSE:PGEL-EQ | CVD=3480 vs Ref=60181 | VAH=524.70
2026-01-28 11:17:19,976 [INFO]     NSE:OIL-EQ | CVD=95614 vs Ref=1883485 | VAH=488.40
2026-01-28 11:17:21,355 [INFO]     NSE:NATIONALUM-EQ | CVD=479917 vs Ref=481038 | VAH=391.50
2026-01-28 11:17:22,472 [INFO]     NSE:KALYANKJIL-EQ | CVD=-57924 vs Ref=119217 | VAH=373.95
2026-01-28 11:17:23,741 [INFO]     NSE:ONGC-EQ | CVD=9011250 vs Ref=11237625 | VAH=264.00
2026-01-28 11:17:24,995 [INFO]     NSE:JIOFIN-EQ | CVD=640310 vs Ref=545350 | VAH=257.40
2026-01-28 11:17:26,124 [INFO]     NSE:WIPRO-EQ | CVD=261180 vs Ref=640617 | VAH=237.60
2026-01-28 11:17:27,308 [INFO]     NSE:SUZLON-EQ | CVD=3251411 vs Ref=4397034 | VAH=47.25
2026-01-28 11:17:28,428 [INFO]     NSE:YESBANK-EQ | CVD=5591731 vs Ref=7921551 | VAH=21.40
2026-01-28 11:18:28,432 [INFO] 🔍 Scanning for alerts on 16 symbols (5min)...
2026-01-28 11:18:28,599 [INFO]     NSE:ADANIPORTS-EQ | CVD=180479 vs Ref=233965 | VAH=1376.05
2026-01-28 11:18:28,799 [INFO]     NSE:HAVELLS-EQ | CVD=-94297 vs Ref=14748 | VAH=1291.50
2026-01-28 11:18:28,990 [INFO]     NSE:PAYTM-EQ | CVD=300019 vs Ref=378055 | VAH=1165.50
2026-01-28 11:18:29,172 [INFO]     NSE:SHRIRAMFIN-EQ | CVD=525358 vs Ref=556824 | VAH=1012.50
2026-01-28 11:18:29,347 [INFO]     NSE:LODHA-EQ | CVD=-80736 vs Ref=50573 | VAH=924.30
2026-01-28 11:18:29,545 [INFO]     NSE:SBICARD-EQ | CVD=2142 vs Ref=54892 | VAH=788.10
2026-01-28 11:18:29,759 [INFO]     NSE:CAMS-EQ | CVD=150225 vs Ref=166334 | VAH=705.60
2026-01-28 11:18:29,930 [INFO]     NSE:PGEL-EQ | CVD=2328 vs Ref=60181 | VAH=524.70
2026-01-28 11:18:30,083 [INFO]     NSE:OIL-EQ | CVD=228328 vs Ref=1883485 | VAH=488.40
2026-01-28 11:18:30,243 [INFO]     NSE:NATIONALUM-EQ | CVD=479917 vs Ref=481038 | VAH=391.50
2026-01-28 11:18:30,400 [INFO]     NSE:KALYANKJIL-EQ | CVD=-35584 vs Ref=119217 | VAH=373.95
2026-01-28 11:18:30,629 [INFO]     NSE:ONGC-EQ | CVD=9138465 vs Ref=11237625 | VAH=264.00
2026-01-28 11:18:30,821 [INFO]     NSE:JIOFIN-EQ | CVD=591989 vs Ref=545350 | VAH=257.40
2026-01-28 11:18:31,049 [INFO]     NSE:WIPRO-EQ | CVD=246639 vs Ref=640617 | VAH=237.60
2026-01-28 11:18:31,242 [INFO]     NSE:SUZLON-EQ | CVD=3146970 vs Ref=4397034 | VAH=47.25
2026-01-28 11:18:31,438 [INFO]     NSE:YESBANK-EQ | CVD=5394197 vs Ref=7921551 | VAH=21.40
2026-01-28 11:19:31,439 [INFO] 🔍 Scanning for alerts on 16 symbols (5min)...
2026-01-28 11:19:31,636 [INFO]     NSE:ADANIPORTS-EQ | CVD=178526 vs Ref=233965 | VAH=1376.05
2026-01-28 11:19:31,767 [INFO]     NSE:HAVELLS-EQ | CVD=-95504 vs Ref=14748 | VAH=1291.50
2026-01-28 11:19:31,982 [INFO]     NSE:PAYTM-EQ | CVD=327728 vs Ref=378055 | VAH=1165.50
2026-01-28 11:19:32,248 [INFO]     NSE:SHRIRAMFIN-EQ | CVD=523446 vs Ref=556824 | VAH=1012.50
2026-01-28 11:19:32,477 [INFO]     NSE:LODHA-EQ | CVD=-91240 vs Ref=50573 | VAH=924.30
2026-01-28 11:19:32,673 [INFO]     NSE:SBICARD-EQ | CVD=-918 vs Ref=54892 | VAH=788.10
2026-01-28 11:19:32,835 [INFO]     NSE:CAMS-EQ | CVD=147769 vs Ref=166334 | VAH=705.60
2026-01-28 11:19:33,051 [INFO]     NSE:PGEL-EQ | CVD=-45 vs Ref=60181 | VAH=524.70
2026-01-28 11:19:33,264 [INFO]     NSE:OIL-EQ | CVD=365068 vs Ref=1883485 | VAH=488.40
2026-01-28 11:19:33,457 [INFO]     NSE:NATIONALUM-EQ | CVD=479917 vs Ref=481038 | VAH=391.50
2026-01-28 11:19:33,642 [INFO]     NSE:KALYANKJIL-EQ | CVD=-45749 vs Ref=119217 | VAH=373.95
2026-01-28 11:19:33,832 [INFO]     NSE:ONGC-EQ | CVD=9042038 vs Ref=11237625 | VAH=264.00
2026-01-28 11:19:34,040 [INFO]     NSE:JIOFIN-EQ | CVD=532267 vs Ref=545350 | VAH=257.40
2026-01-28 11:19:34,237 [INFO]     NSE:WIPRO-EQ | CVD=237344 vs Ref=640617 | VAH=237.60
2026-01-28 11:19:34,437 [INFO]     NSE:SUZLON-EQ | CVD=3102842 vs Ref=4397034 | VAH=47.25
2026-01-28 11:19:34,567 [INFO]     NSE:YESBANK-EQ | CVD=5077125 vs Ref=7921551 | VAH=21.40
2026-01-28 11:20:34,568 [INFO] 🔍 Scanning for alerts on 16 symbols (5min)...
2026-01-28 11:20:34,765 [INFO]     NSE:ADANIPORTS-EQ | CVD=148155 vs Ref=233965 | VAH=1376.05
2026-01-28 11:20:34,966 [INFO]     NSE:HAVELLS-EQ | CVD=-95218 vs Ref=14748 | VAH=1291.50
2026-01-28 11:20:35,139 [INFO]     NSE:PAYTM-EQ | CVD=313719 vs Ref=378055 | VAH=1165.50
2026-01-28 11:20:35,300 [INFO]     NSE:SHRIRAMFIN-EQ | CVD=530850 vs Ref=556824 | VAH=1012.50
2026-01-28 11:20:35,479 [INFO]     NSE:LODHA-EQ | CVD=-87862 vs Ref=50573 | VAH=924.30
2026-01-28 11:20:35,678 [INFO]     NSE:SBICARD-EQ | CVD=441 vs Ref=54892 | VAH=788.10
2026-01-28 11:20:35,900 [INFO]     NSE:CAMS-EQ | CVD=148285 vs Ref=166334 | VAH=705.60
2026-01-28 11:20:36,098 [INFO]     NSE:PGEL-EQ | CVD=420 vs Ref=60181 | VAH=524.70
2026-01-28 11:20:36,326 [INFO]     NSE:OIL-EQ | CVD=639580 vs Ref=1883485 | VAH=488.40
2026-01-28 11:20:36,530 [INFO]     NSE:NATIONALUM-EQ | CVD=479917 vs Ref=481038 | VAH=391.50
2026-01-28 11:20:36,735 [INFO]     NSE:KALYANKJIL-EQ | CVD=-55860 vs Ref=119217 | VAH=373.95
2026-01-28 11:20:36,887 [INFO]     NSE:ONGC-EQ | CVD=9547122 vs Ref=11237625 | VAH=264.00
2026-01-28 11:20:37,095 [INFO]     NSE:JIOFIN-EQ | CVD=558937 vs Ref=545350 | VAH=257.40
2026-01-28 11:20:37,301 [INFO]     NSE:WIPRO-EQ | CVD=279054 vs Ref=640617 | VAH=237.60
2026-01-28 11:20:37,499 [INFO]     NSE:SUZLON-EQ | CVD=3164990 vs Ref=4397034 | VAH=47.25
2026-01-28 11:20:37,670 [INFO]     NSE:YESBANK-EQ | CVD=5240371 vs Ref=7921551 | VAH=21.40
2026-01-28 11:21:37,671 [INFO] 🔍 Scanning for alerts on 16 symbols (5min)...
2026-01-28 11:21:37,873 [INFO]     NSE:ADANIPORTS-EQ | CVD=151187 vs Ref=233965 | VAH=1376.05
2026-01-28 11:21:38,042 [INFO]     NSE:HAVELLS-EQ | CVD=-94378 vs Ref=14748 | VAH=1291.50
2026-01-28 11:21:38,197 [INFO]     NSE:PAYTM-EQ | CVD=315188 vs Ref=378055 | VAH=1165.50
2026-01-28 11:21:38,368 [INFO]     NSE:SHRIRAMFIN-EQ | CVD=531934 vs Ref=556824 | VAH=1012.50
2026-01-28 11:21:38,540 [INFO]     NSE:LODHA-EQ | CVD=-89832 vs Ref=50573 | VAH=924.30
2026-01-28 11:21:38,739 [INFO]     NSE:SBICARD-EQ | CVD=669 vs Ref=54892 | VAH=788.10
2026-01-28 11:21:38,889 [INFO]     NSE:CAMS-EQ | CVD=148379 vs Ref=166334 | VAH=705.60
2026-01-28 11:21:39,089 [INFO]     NSE:PGEL-EQ | CVD=-1010 vs Ref=60181 | VAH=524.70
2026-01-28 11:21:39,273 [INFO]     NSE:OIL-EQ | CVD=773604 vs Ref=1883485 | VAH=488.40
2026-01-28 11:21:39,473 [INFO]     NSE:NATIONALUM-EQ | CVD=479917 vs Ref=481038 | VAH=391.50
2026-01-28 11:21:39,670 [INFO]     NSE:KALYANKJIL-EQ | CVD=-59672 vs Ref=119217 | VAH=373.95
2026-01-28 11:21:39,855 [INFO]     NSE:ONGC-EQ | CVD=9645449 vs Ref=11237625 | VAH=264.00
2026-01-28 11:21:40,017 [INFO]     NSE:JIOFIN-EQ | CVD=542018 vs Ref=545350 | VAH=257.40
2026-01-28 11:21:40,170 [INFO]     NSE:WIPRO-EQ | CVD=277300 vs Ref=640617 | VAH=237.60
2026-01-28 11:21:40,341 [INFO]     NSE:SUZLON-EQ | CVD=3223208 vs Ref=4397034 | VAH=47.25
2026-01-28 11:21:40,534 [INFO]     NSE:YESBANK-EQ | CVD=5158162 vs Ref=7921551 | VAH=21.40
2026-01-28 11:22:40,535 [INFO] 🔍 Scanning for alerts on 16 symbols (5min)...
2026-01-28 11:22:40,731 [INFO]     NSE:ADANIPORTS-EQ | CVD=133950 vs Ref=233965 | VAH=1376.05
2026-01-28 11:22:40,933 [INFO]     NSE:HAVELLS-EQ | CVD=-94531 vs Ref=14748 | VAH=1291.50
2026-01-28 11:22:41,150 [INFO]     NSE:PAYTM-EQ | CVD=316603 vs Ref=378055 | VAH=1165.50
2026-01-28 11:22:41,346 [INFO]     NSE:SHRIRAMFIN-EQ | CVD=533953 vs Ref=556824 | VAH=1012.50
2026-01-28 11:22:41,541 [INFO]     NSE:LODHA-EQ | CVD=-86132 vs Ref=50573 | VAH=924.30
2026-01-28 11:22:41,736 [INFO]     NSE:SBICARD-EQ | CVD=513 vs Ref=54892 | VAH=788.10
2026-01-28 11:22:41,929 [INFO]     NSE:CAMS-EQ | CVD=147743 vs Ref=166334 | VAH=705.60
2026-01-28 11:22:42,125 [INFO]     NSE:PGEL-EQ | CVD=4895 vs Ref=60181 | VAH=524.70
2026-01-28 11:22:42,323 [INFO]     NSE:OIL-EQ | CVD=964354 vs Ref=1883485 | VAH=488.40
2026-01-28 11:22:42,511 [INFO]     NSE:NATIONALUM-EQ | CVD=479917 vs Ref=481038 | VAH=391.50
2026-01-28 11:22:42,683 [INFO]     NSE:KALYANKJIL-EQ | CVD=-102328 vs Ref=119217 | VAH=373.95
2026-01-28 11:22:42,883 [INFO]     NSE:ONGC-EQ | CVD=9458789 vs Ref=11237625 | VAH=264.00
2026-01-28 11:22:43,091 [INFO]     NSE:JIOFIN-EQ | CVD=532058 vs Ref=545350 | VAH=257.40
2026-01-28 11:22:43,288 [INFO]     NSE:WIPRO-EQ | CVD=232610 vs Ref=640617 | VAH=237.60
2026-01-28 11:22:43,484 [INFO]     NSE:SUZLON-EQ | CVD=3379006 vs Ref=4397034 | VAH=47.25
2026-01-28 11:22:43,683 [INFO]     NSE:YESBANK-EQ | CVD=5120324 vs Ref=7921551 | VAH=21.40
2026-01-28 11:23:43,685 [INFO] 🔍 Scanning for alerts on 16 symbols (5min)...
2026-01-28 11:23:43,884 [INFO]     NSE:ADANIPORTS-EQ | CVD=138264 vs Ref=233965 | VAH=1376.05
2026-01-28 11:23:44,087 [INFO]     NSE:HAVELLS-EQ | CVD=-94323 vs Ref=14748 | VAH=1291.50
2026-01-28 11:23:44,298 [INFO]     NSE:PAYTM-EQ | CVD=317410 vs Ref=378055 | VAH=1165.50
2026-01-28 11:23:44,474 [INFO]     NSE:SHRIRAMFIN-EQ | CVD=534574 vs Ref=556824 | VAH=1012.50
2026-01-28 11:23:44,673 [INFO]     NSE:LODHA-EQ | CVD=-88622 vs Ref=50573 | VAH=924.30
2026-01-28 11:23:44,867 [INFO]     NSE:SBICARD-EQ | CVD=560 vs Ref=54892 | VAH=788.10
2026-01-28 11:23:45,034 [INFO]     NSE:CAMS-EQ | CVD=147952 vs Ref=166334 | VAH=705.60
2026-01-28 11:23:45,191 [INFO]     NSE:PGEL-EQ | CVD=4102 vs Ref=60181 | VAH=524.70
2026-01-28 11:23:45,385 [INFO]     NSE:OIL-EQ | CVD=1352049 vs Ref=1883485 | VAH=488.40
2026-01-28 11:23:45,562 [INFO]     NSE:NATIONALUM-EQ | CVD=479917 vs Ref=481038 | VAH=391.50
2026-01-28 11:23:45,744 [INFO]     NSE:KALYANKJIL-EQ | CVD=-91788 vs Ref=119217 | VAH=373.95
2026-01-28 11:23:45,901 [INFO]     NSE:ONGC-EQ | CVD=9608380 vs Ref=11237625 | VAH=264.00
2026-01-28 11:23:46,073 [INFO]     NSE:JIOFIN-EQ | CVD=562342 vs Ref=545350 | VAH=257.40
2026-01-28 11:23:46,265 [INFO]     NSE:WIPRO-EQ | CVD=227727 vs Ref=640617 | VAH=237.60
2026-01-28 11:23:46,427 [INFO]     NSE:SUZLON-EQ | CVD=3457726 vs Ref=4397034 | VAH=47.25
2026-01-28 11:23:46,580 [INFO]     NSE:YESBANK-EQ | CVD=5207517 vs Ref=7921551 | VAH=21.40
2026-01-28 11:24:46,582 [INFO] 🔍 Scanning for alerts on 16 symbols (5min)...
2026-01-28 11:24:46,801 [INFO]     NSE:ADANIPORTS-EQ | CVD=148189 vs Ref=233965 | VAH=1376.05
2026-01-28 11:24:46,997 [INFO]     NSE:HAVELLS-EQ | CVD=-94067 vs Ref=14748 | VAH=1291.50
2026-01-28 11:24:47,195 [INFO]     NSE:PAYTM-EQ | CVD=314734 vs Ref=378055 | VAH=1165.50
2026-01-28 11:24:49,028 [INFO]     NSE:SHRIRAMFIN-EQ | CVD=535458 vs Ref=556824 | VAH=1012.50
2026-01-28 11:24:49,233 [INFO]     NSE:LODHA-EQ | CVD=-86009 vs Ref=50573 | VAH=924.30
2026-01-28 11:24:49,455 [INFO]     NSE:SBICARD-EQ | CVD=207 vs Ref=54892 | VAH=788.10
2026-01-28 11:24:49,653 [INFO]     NSE:CAMS-EQ | CVD=148564 vs Ref=166334 | VAH=705.60
2026-01-28 11:24:49,828 [INFO]     NSE:PGEL-EQ | CVD=4476 vs Ref=60181 | VAH=524.70
2026-01-28 11:24:49,955 [INFO]     NSE:OIL-EQ | CVD=1531652 vs Ref=1883485 | VAH=488.40
2026-01-28 11:24:50,123 [INFO]     NSE:NATIONALUM-EQ | CVD=479917 vs Ref=481038 | VAH=391.50
2026-01-28 11:24:50,333 [INFO]     NSE:KALYANKJIL-EQ | CVD=-86792 vs Ref=119217 | VAH=373.95
2026-01-28 11:24:50,535 [INFO]     NSE:ONGC-EQ | CVD=9475259 vs Ref=11237625 | VAH=264.00
2026-01-28 11:24:50,734 [INFO]     NSE:JIOFIN-EQ | CVD=585322 vs Ref=545350 | VAH=257.40
2026-01-28 11:24:50,931 [INFO]     NSE:WIPRO-EQ | CVD=224621 vs Ref=640617 | VAH=237.60
2026-01-28 11:24:51,133 [INFO]     NSE:SUZLON-EQ | CVD=3501715 vs Ref=4397034 | VAH=47.25
2026-01-28 11:24:51,336 [INFO]     NSE:YESBANK-EQ | CVD=5239347 vs Ref=7921551 | VAH=21.40
2026-01-28 11:25:51,338 [INFO] 🔍 Scanning for alerts on 16 symbols (5min)...
2026-01-28 11:25:51,538 [INFO]     NSE:ADANIPORTS-EQ | CVD=150227 vs Ref=233965 | VAH=1376.05
2026-01-28 11:25:53,351 [INFO]     NSE:HAVELLS-EQ | CVD=-94381 vs Ref=14748 | VAH=1291.50
2026-01-28 11:25:53,553 [INFO]     NSE:PAYTM-EQ | CVD=317430 vs Ref=378055 | VAH=1165.50
2026-01-28 11:25:53,790 [INFO]     NSE:SHRIRAMFIN-EQ | CVD=555028 vs Ref=556824 | VAH=1012.50
2026-01-28 11:25:53,995 [INFO]     NSE:LODHA-EQ | CVD=-89888 vs Ref=50573 | VAH=924.30
2026-01-28 11:25:54,165 [INFO]     NSE:SBICARD-EQ | CVD=355 vs Ref=54892 | VAH=788.10
2026-01-28 11:25:54,335 [INFO]     NSE:CAMS-EQ | CVD=149136 vs Ref=166334 | VAH=705.60
2026-01-28 11:25:54,533 [INFO]     NSE:PGEL-EQ | CVD=7737 vs Ref=60181 | VAH=524.70
2026-01-28 11:25:54,669 [INFO]     NSE:OIL-EQ | CVD=1450057 vs Ref=1883485 | VAH=488.40
2026-01-28 11:25:54,815 [INFO]     NSE:NATIONALUM-EQ | CVD=479917 vs Ref=481038 | VAH=391.50
2026-01-28 11:25:55,012 [INFO]     NSE:KALYANKJIL-EQ | CVD=-81203 vs Ref=119217 | VAH=373.95
2026-01-28 11:25:55,210 [INFO]     NSE:ONGC-EQ | CVD=9538954 vs Ref=11237625 | VAH=264.00
2026-01-28 11:25:55,402 [INFO]     NSE:JIOFIN-EQ | CVD=733490 vs Ref=545350 | VAH=257.40
2026-01-28 11:25:55,598 [INFO]     NSE:WIPRO-EQ | CVD=211387 vs Ref=640617 | VAH=237.60
2026-01-28 11:25:55,801 [INFO]     NSE:SUZLON-EQ | CVD=3807385 vs Ref=4397034 | VAH=47.25
2026-01-28 11:25:55,974 [INFO]     NSE:YESBANK-EQ | CVD=5699909 vs Ref=7921551 | VAH=21.40
2026-01-28 11:26:55,975 [INFO] 🔍 Scanning for alerts on 16 symbols (5min)...
2026-01-28 11:26:56,182 [INFO]     NSE:ADANIPORTS-EQ | CVD=155486 vs Ref=233965 | VAH=1376.05
2026-01-28 11:26:56,381 [INFO]     NSE:HAVELLS-EQ | CVD=-95466 vs Ref=14748 | VAH=1291.50
2026-01-28 11:26:56,549 [INFO]     NSE:PAYTM-EQ | CVD=311471 vs Ref=378055 | VAH=1165.50
2026-01-28 11:26:56,704 [INFO]     NSE:SHRIRAMFIN-EQ | CVD=549049 vs Ref=556824 | VAH=1012.50
2026-01-28 11:26:56,881 [INFO]     NSE:LODHA-EQ | CVD=-91338 vs Ref=50573 | VAH=924.30
2026-01-28 11:26:57,101 [INFO]     NSE:SBICARD-EQ | CVD=43 vs Ref=54892 | VAH=788.10
2026-01-28 11:26:57,314 [INFO]     NSE:CAMS-EQ | CVD=149107 vs Ref=166334 | VAH=705.60
2026-01-28 11:26:59,210 [INFO]     NSE:PGEL-EQ | CVD=6963 vs Ref=60181 | VAH=524.70
2026-01-28 11:26:59,352 [INFO]     NSE:OIL-EQ | CVD=1511825 vs Ref=1883485 | VAH=488.40
2026-01-28 11:26:59,583 [INFO]     NSE:NATIONALUM-EQ | CVD=479917 vs Ref=481038 | VAH=391.50
2026-01-28 11:26:59,784 [INFO]     NSE:KALYANKJIL-EQ | CVD=-85278 vs Ref=119217 | VAH=373.95
2026-01-28 11:26:59,975 [INFO]     NSE:ONGC-EQ | CVD=9786539 vs Ref=11237625 | VAH=264.00
2026-01-28 11:27:00,146 [INFO]     NSE:JIOFIN-EQ | CVD=693177 vs Ref=545350 | VAH=257.40
2026-01-28 11:27:00,305 [INFO]     NSE:WIPRO-EQ | CVD=205355 vs Ref=640617 | VAH=237.60
2026-01-28 11:27:00,462 [INFO]     NSE:SUZLON-EQ | CVD=3719172 vs Ref=4397034 | VAH=47.25
2026-01-28 11:27:00,659 [INFO]     NSE:YESBANK-EQ | CVD=5477601 vs Ref=7921551 | VAH=21.40
2026-01-28 11:28:00,660 [INFO] 🔍 Scanning for alerts on 16 symbols (5min)...
2026-01-28 11:28:00,861 [INFO]     NSE:ADANIPORTS-EQ | CVD=138033 vs Ref=233965 | VAH=1376.05
2026-01-28 11:28:02,789 [INFO]     NSE:HAVELLS-EQ | CVD=-95574 vs Ref=14748 | VAH=1291.50
2026-01-28 11:28:02,956 [INFO]     NSE:PAYTM-EQ | CVD=312711 vs Ref=378055 | VAH=1165.50
2026-01-28 11:28:03,146 [INFO]     NSE:SHRIRAMFIN-EQ | CVD=561085 vs Ref=556824 | VAH=1012.50
2026-01-28 11:28:03,623 [INFO]     NSE:LODHA-EQ | CVD=-87419 vs Ref=50573 | VAH=924.30
2026-01-28 11:28:03,986 [INFO]     NSE:SBICARD-EQ | CVD=-12 vs Ref=54892 | VAH=788.10
2026-01-28 11:28:04,265 [INFO]     NSE:CAMS-EQ | CVD=148608 vs Ref=166334 | VAH=705.60
2026-01-28 11:28:04,540 [INFO]     NSE:PGEL-EQ | CVD=3949 vs Ref=60181 | VAH=524.70
2026-01-28 11:28:04,806 [INFO]     NSE:OIL-EQ | CVD=1496442 vs Ref=1883485 | VAH=488.40
2026-01-28 11:28:05,089 [INFO]     NSE:NATIONALUM-EQ | CVD=479917 vs Ref=481038 | VAH=391.50
2026-01-28 11:28:05,343 [INFO]     NSE:KALYANKJIL-EQ | CVD=-79716 vs Ref=119217 | VAH=373.95
2026-01-28 11:28:06,292 [INFO]     NSE:ONGC-EQ | CVD=9489921 vs Ref=11237625 | VAH=264.00
2026-01-28 11:28:07,653 [INFO]     NSE:JIOFIN-EQ | CVD=710926 vs Ref=545350 | VAH=257.40
2026-01-28 11:28:09,107 [INFO]     NSE:WIPRO-EQ | CVD=210492 vs Ref=640617 | VAH=237.60
2026-01-28 11:28:09,332 [INFO]     NSE:SUZLON-EQ | CVD=3932997 vs Ref=4397034 | VAH=47.25
2026-01-28 11:28:09,523 [INFO]     NSE:YESBANK-EQ | CVD=5237965 vs Ref=7921551 | VAH=21.40
2026-01-28 11:29:09,524 [INFO] 🔍 Scanning for alerts on 16 symbols (5min)...
2026-01-28 11:29:09,697 [INFO]     NSE:ADANIPORTS-EQ | CVD=160850 vs Ref=233965 | VAH=1376.05
2026-01-28 11:29:09,894 [INFO]     NSE:HAVELLS-EQ | CVD=-93852 vs Ref=14748 | VAH=1291.50
2026-01-28 11:29:10,091 [INFO]     NSE:PAYTM-EQ | CVD=310586 vs Ref=378055 | VAH=1165.50
2026-01-28 11:29:10,289 [INFO]     NSE:SHRIRAMFIN-EQ | CVD=555149 vs Ref=556824 | VAH=1012.50
2026-01-28 11:29:10,458 [INFO]     NSE:LODHA-EQ | CVD=-86911 vs Ref=50573 | VAH=924.30
2026-01-28 11:29:10,586 [INFO]     NSE:SBICARD-EQ | CVD=-591 vs Ref=54892 | VAH=788.10
2026-01-28 11:29:10,749 [INFO]     NSE:CAMS-EQ | CVD=149377 vs Ref=166334 | VAH=705.60
2026-01-28 11:29:10,947 [INFO]     NSE:PGEL-EQ | CVD=1718 vs Ref=60181 | VAH=524.70
2026-01-28 11:29:11,141 [INFO]     NSE:OIL-EQ | CVD=1463219 vs Ref=1883485 | VAH=488.40
2026-01-28 11:29:11,342 [INFO]     NSE:NATIONALUM-EQ | CVD=479917 vs Ref=481038 | VAH=391.50
2026-01-28 11:29:11,541 [INFO]     NSE:KALYANKJIL-EQ | CVD=-70180 vs Ref=119217 | VAH=373.95
2026-01-28 11:29:11,735 [INFO]     NSE:ONGC-EQ | CVD=9392775 vs Ref=11237625 | VAH=264.00
2026-01-28 11:29:11,927 [INFO]     NSE:JIOFIN-EQ | CVD=678839 vs Ref=545350 | VAH=257.40
2026-01-28 11:29:12,148 [INFO]     NSE:WIPRO-EQ | CVD=200205 vs Ref=640617 | VAH=237.60
2026-01-28 11:29:12,343 [INFO]     NSE:SUZLON-EQ | CVD=3976410 vs Ref=4397034 | VAH=47.25
2026-01-28 11:29:12,512 [INFO]     NSE:YESBANK-EQ | CVD=5354225 vs Ref=7921551 | VAH=21.40
2026-01-28 11:30:12,514 [INFO] 🔍 Scanning for alerts on 16 symbols (5min)...
2026-01-28 11:30:12,684 [INFO]     NSE:ADANIPORTS-EQ | CVD=170376 vs Ref=233965 | VAH=1376.05
2026-01-28 11:30:12,891 [INFO]     NSE:HAVELLS-EQ | CVD=-94010 vs Ref=14748 | VAH=1291.50
2026-01-28 11:30:13,027 [INFO]     NSE:PAYTM-EQ | CVD=303548 vs Ref=378055 | VAH=1165.50
2026-01-28 11:30:13,251 [INFO]     NSE:SHRIRAMFIN-EQ | CVD=557743 vs Ref=556824 | VAH=1012.50
2026-01-28 11:30:13,423 [INFO]     NSE:LODHA-EQ | CVD=-88141 vs Ref=50573 | VAH=924.30
2026-01-28 11:30:13,554 [INFO]     NSE:SBICARD-EQ | CVD=-2233 vs Ref=54892 | VAH=788.10
2026-01-28 11:30:13,778 [INFO]     NSE:CAMS-EQ | CVD=148820 vs Ref=166334 | VAH=705.60
2026-01-28 11:30:13,977 [INFO]     NSE:PGEL-EQ | CVD=2098 vs Ref=60181 | VAH=524.70
2026-01-28 11:30:14,175 [INFO]     NSE:OIL-EQ | CVD=1419455 vs Ref=1883485 | VAH=488.40
2026-01-28 11:30:14,379 [INFO]     NSE:NATIONALUM-EQ | CVD=479917 vs Ref=481038 | VAH=391.50
2026-01-28 11:30:14,580 [INFO]     NSE:KALYANKJIL-EQ | CVD=-74087 vs Ref=119217 | VAH=373.95
2026-01-28 11:30:14,714 [INFO]     NSE:ONGC-EQ | CVD=9294529 vs Ref=11237625 | VAH=264.00
2026-01-28 11:30:14,916 [INFO]     NSE:JIOFIN-EQ | CVD=692634 vs Ref=545350 | VAH=257.40
2026-01-28 11:30:15,108 [INFO]     NSE:WIPRO-EQ | CVD=191794 vs Ref=640617 | VAH=237.60
2026-01-28 11:30:15,272 [INFO]     NSE:SUZLON-EQ | CVD=3925199 vs Ref=4397034 | VAH=47.25
2026-01-28 11:30:15,472 [INFO]     NSE:YESBANK-EQ | CVD=5201397 vs Ref=7921551 | VAH=21.40
2026-01-28 11:31:15,473 [INFO] 🔍 Scanning for alerts on 16 symbols (5min)...
2026-01-28 11:31:15,674 [INFO]     NSE:ADANIPORTS-EQ | CVD=163296 vs Ref=233965 | VAH=1376.05
2026-01-28 11:31:15,816 [INFO]     NSE:HAVELLS-EQ | CVD=-95429 vs Ref=14748 | VAH=1291.50
2026-01-28 11:31:16,017 [INFO]     NSE:PAYTM-EQ | CVD=281477 vs Ref=378055 | VAH=1165.50
2026-01-28 11:31:16,238 [INFO]     NSE:SHRIRAMFIN-EQ | CVD=555177 vs Ref=556824 | VAH=1012.50
2026-01-28 11:31:16,438 [INFO]     NSE:LODHA-EQ | CVD=-93098 vs Ref=50573 | VAH=924.30
2026-01-28 11:31:16,632 [INFO]     NSE:SBICARD-EQ | CVD=501 vs Ref=54892 | VAH=788.10
2026-01-28 11:31:16,829 [INFO]     NSE:CAMS-EQ | CVD=148367 vs Ref=166334 | VAH=705.60
2026-01-28 11:31:17,027 [INFO]     NSE:PGEL-EQ | CVD=2122 vs Ref=60181 | VAH=524.70
2026-01-28 11:31:17,222 [INFO]     NSE:OIL-EQ | CVD=1339981 vs Ref=1883485 | VAH=488.40
2026-01-28 11:31:17,430 [INFO]     NSE:NATIONALUM-EQ | CVD=479917 vs Ref=481038 | VAH=391.50
2026-01-28 11:31:17,624 [INFO]     NSE:KALYANKJIL-EQ | CVD=-71273 vs Ref=119217 | VAH=373.95
2026-01-28 11:31:17,794 [INFO]     NSE:ONGC-EQ | CVD=9355742 vs Ref=11237625 | VAH=264.00
2026-01-28 11:31:17,990 [INFO]     NSE:JIOFIN-EQ | CVD=676619 vs Ref=545350 | VAH=257.40
2026-01-28 11:31:18,198 [INFO]     NSE:WIPRO-EQ | CVD=198275 vs Ref=640617 | VAH=237.60
2026-01-28 11:31:18,406 [INFO]     NSE:SUZLON-EQ | CVD=4009376 vs Ref=4397034 | VAH=47.25
2026-01-28 11:31:18,605 [INFO]     NSE:YESBANK-EQ | CVD=5154568 vs Ref=7921551 | VAH=21.40
2026-01-28 11:32:18,607 [INFO] 🔍 Scanning for alerts on 16 symbols (5min)...
2026-01-28 11:32:18,808 [INFO]     NSE:ADANIPORTS-EQ | CVD=168320 vs Ref=233965 | VAH=1376.05
2026-01-28 11:32:19,012 [INFO]     NSE:HAVELLS-EQ | CVD=-95871 vs Ref=14748 | VAH=1291.50
2026-01-28 11:32:19,213 [INFO]     NSE:PAYTM-EQ | CVD=257295 vs Ref=378055 | VAH=1165.50
2026-01-28 11:32:19,412 [INFO]     NSE:SHRIRAMFIN-EQ | CVD=560393 vs Ref=556824 | VAH=1012.50
2026-01-28 11:32:19,613 [INFO]     NSE:LODHA-EQ | CVD=-94570 vs Ref=50573 | VAH=924.30
2026-01-28 11:32:19,817 [INFO]     NSE:SBICARD-EQ | CVD=224 vs Ref=54892 | VAH=788.10
2026-01-28 11:32:19,991 [INFO]     NSE:CAMS-EQ | CVD=146695 vs Ref=166334 | VAH=705.60
2026-01-28 11:32:20,169 [INFO]     NSE:PGEL-EQ | CVD=1616 vs Ref=60181 | VAH=524.70
2026-01-28 11:32:20,372 [INFO]     NSE:OIL-EQ | CVD=1306257 vs Ref=1883485 | VAH=488.40
2026-01-28 11:32:20,576 [INFO]     NSE:NATIONALUM-EQ | CVD=479917 vs Ref=481038 | VAH=391.50
2026-01-28 11:32:20,727 [INFO]     NSE:KALYANKJIL-EQ | CVD=-85961 vs Ref=119217 | VAH=373.95
2026-01-28 11:32:20,931 [INFO]     NSE:ONGC-EQ | CVD=9440485 vs Ref=11237625 | VAH=264.00
2026-01-28 11:32:21,131 [INFO]     NSE:JIOFIN-EQ | CVD=638768 vs Ref=545350 | VAH=257.40
2026-01-28 11:32:21,324 [INFO]     NSE:WIPRO-EQ | CVD=199931 vs Ref=640617 | VAH=237.60
2026-01-28 11:32:21,469 [INFO]     NSE:SUZLON-EQ | CVD=3898630 vs Ref=4397034 | VAH=47.25
2026-01-28 11:32:21,687 [INFO]     NSE:YESBANK-EQ | CVD=4951184 vs Ref=7921551 | VAH=21.40
2026-01-28 11:33:21,687 [INFO] 🔍 Scanning for alerts on 16 symbols (5min)...
2026-01-28 11:33:21,914 [INFO]     NSE:ADANIPORTS-EQ | CVD=172523 vs Ref=233965 | VAH=1376.05
2026-01-28 11:33:22,115 [INFO]     NSE:HAVELLS-EQ | CVD=-96566 vs Ref=14748 | VAH=1291.50
2026-01-28 11:33:22,317 [INFO]     NSE:PAYTM-EQ | CVD=259082 vs Ref=378055 | VAH=1165.50
2026-01-28 11:33:22,492 [INFO]     NSE:SHRIRAMFIN-EQ | CVD=562745 vs Ref=556824 | VAH=1012.50
2026-01-28 11:33:22,621 [INFO]     NSE:LODHA-EQ | CVD=-93985 vs Ref=50573 | VAH=924.30
2026-01-28 11:33:22,822 [INFO]     NSE:SBICARD-EQ | CVD=1456 vs Ref=54892 | VAH=788.10
2026-01-28 11:33:22,990 [INFO]     NSE:CAMS-EQ | CVD=147847 vs Ref=166334 | VAH=705.60
2026-01-28 11:33:23,145 [INFO]     NSE:PGEL-EQ | CVD=2240 vs Ref=60181 | VAH=524.70
2026-01-28 11:33:23,300 [INFO]     NSE:OIL-EQ | CVD=1351257 vs Ref=1883485 | VAH=488.40
2026-01-28 11:33:23,492 [INFO]     NSE:NATIONALUM-EQ | CVD=479917 vs Ref=481038 | VAH=391.50
2026-01-28 11:33:23,700 [INFO]     NSE:KALYANKJIL-EQ | CVD=-81452 vs Ref=119217 | VAH=373.95
2026-01-28 11:33:23,895 [INFO]     NSE:ONGC-EQ | CVD=9187496 vs Ref=11237625 | VAH=264.00
2026-01-28 11:33:24,058 [INFO]     NSE:JIOFIN-EQ | CVD=653714 vs Ref=545350 | VAH=257.40
2026-01-28 11:33:24,233 [INFO]     NSE:WIPRO-EQ | CVD=201614 vs Ref=640617 | VAH=237.60
2026-01-28 11:33:24,422 [INFO]     NSE:SUZLON-EQ | CVD=3986370 vs Ref=4397034 | VAH=47.25
2026-01-28 11:33:24,622 [INFO]     NSE:YESBANK-EQ | CVD=5006983 vs Ref=7921551 | VAH=21.40
2026-01-28 11:34:24,624 [INFO] 🔍 Scanning for alerts on 16 symbols (5min)...
2026-01-28 11:34:24,799 [INFO]     NSE:ADANIPORTS-EQ | CVD=174191 vs Ref=233965 | VAH=1376.05
2026-01-28 11:34:25,034 [INFO]     NSE:HAVELLS-EQ | CVD=-97349 vs Ref=14748 | VAH=1291.50
2026-01-28 11:34:25,232 [INFO]     NSE:PAYTM-EQ | CVD=256135 vs Ref=378055 | VAH=1165.50
2026-01-28 11:34:25,440 [INFO]     NSE:SHRIRAMFIN-EQ | CVD=559827 vs Ref=556824 | VAH=1012.50
2026-01-28 11:34:25,651 [INFO]     NSE:LODHA-EQ | CVD=-93341 vs Ref=50573 | VAH=924.30
2026-01-28 11:34:25,826 [INFO]     NSE:SBICARD-EQ | CVD=1692 vs Ref=54892 | VAH=788.10
2026-01-28 11:34:25,985 [INFO]     NSE:CAMS-EQ | CVD=147217 vs Ref=166334 | VAH=705.60
2026-01-28 11:34:26,185 [INFO]     NSE:PGEL-EQ | CVD=5085 vs Ref=60181 | VAH=524.70
2026-01-28 11:34:26,405 [INFO]     NSE:OIL-EQ | CVD=1311133 vs Ref=1883485 | VAH=488.40
2026-01-28 11:34:26,614 [INFO]     NSE:NATIONALUM-EQ | CVD=479917 vs Ref=481038 | VAH=391.50
2026-01-28 11:34:26,814 [INFO]     NSE:KALYANKJIL-EQ | CVD=-85852 vs Ref=119217 | VAH=373.95
2026-01-28 11:34:27,013 [INFO]     NSE:ONGC-EQ | CVD=8992937 vs Ref=11237625 | VAH=264.00
2026-01-28 11:34:27,219 [INFO]     NSE:JIOFIN-EQ | CVD=640513 vs Ref=545350 | VAH=257.40
2026-01-28 11:34:27,417 [INFO]     NSE:WIPRO-EQ | CVD=199550 vs Ref=640617 | VAH=237.60
2026-01-28 11:34:27,617 [INFO]     NSE:SUZLON-EQ | CVD=4188138 vs Ref=4397034 | VAH=47.25
2026-01-28 11:34:27,816 [INFO]     NSE:YESBANK-EQ | CVD=4939230 vs Ref=7921551 | VAH=21.40
2026-01-28 11:35:27,817 [INFO] 🔍 Scanning for alerts on 16 symbols (5min)...
2026-01-28 11:35:28,015 [INFO]     NSE:ADANIPORTS-EQ | CVD=176601 vs Ref=233965 | VAH=1376.05
2026-01-28 11:35:28,192 [INFO]     NSE:HAVELLS-EQ | CVD=-95787 vs Ref=14748 | VAH=1291.50
2026-01-28 11:35:28,369 [INFO]     NSE:PAYTM-EQ | CVD=257209 vs Ref=378055 | VAH=1165.50
2026-01-28 11:35:28,573 [INFO]     NSE:SHRIRAMFIN-EQ | CVD=555824 vs Ref=556824 | VAH=1012.50
2026-01-28 11:35:28,749 [INFO]     NSE:LODHA-EQ | CVD=-90903 vs Ref=50573 | VAH=924.30
2026-01-28 11:35:28,932 [INFO]     NSE:SBICARD-EQ | CVD=1596 vs Ref=54892 | VAH=788.10
2026-01-28 11:35:29,125 [INFO]     NSE:CAMS-EQ | CVD=147408 vs Ref=166334 | VAH=705.60
2026-01-28 11:35:29,356 [INFO]     NSE:PGEL-EQ | CVD=4100 vs Ref=60181 | VAH=524.70
2026-01-28 11:35:29,518 [INFO]     NSE:OIL-EQ | CVD=1263667 vs Ref=1883485 | VAH=488.40
2026-01-28 11:35:29,732 [INFO]     NSE:NATIONALUM-EQ | CVD=479917 vs Ref=481038 | VAH=391.50
2026-01-28 11:35:29,905 [INFO]     NSE:KALYANKJIL-EQ | CVD=-87250 vs Ref=119217 | VAH=373.95
2026-01-28 11:35:30,090 [INFO]     NSE:ONGC-EQ | CVD=8868555 vs Ref=11237625 | VAH=264.00
2026-01-28 11:35:30,247 [INFO]     NSE:JIOFIN-EQ | CVD=653555 vs Ref=545350 | VAH=257.40
2026-01-28 11:35:30,444 [INFO]     NSE:WIPRO-EQ | CVD=203607 vs Ref=640617 | VAH=237.60
2026-01-28 11:35:30,646 [INFO]     NSE:SUZLON-EQ | CVD=3980546 vs Ref=4397034 | VAH=47.25
2026-01-28 11:35:30,813 [INFO]     NSE:YESBANK-EQ | CVD=4902368 vs Ref=7921551 | VAH=21.40
2026-01-28 11:36:30,814 [INFO] 🔍 Scanning for alerts on 16 symbols (5min)...
2026-01-28 11:36:31,025 [INFO]     NSE:ADANIPORTS-EQ | CVD=174360 vs Ref=233965 | VAH=1376.05
2026-01-28 11:36:31,226 [INFO]     NSE:HAVELLS-EQ | CVD=-96488 vs Ref=14748 | VAH=1291.50
2026-01-28 11:36:31,425 [INFO]     NSE:PAYTM-EQ | CVD=258817 vs Ref=378055 | VAH=1165.50
2026-01-28 11:36:31,622 [INFO]     NSE:SHRIRAMFIN-EQ | CVD=552349 vs Ref=556824 | VAH=1012.50
2026-01-28 11:36:31,820 [INFO]     NSE:LODHA-EQ | CVD=-91585 vs Ref=50573 | VAH=924.30
2026-01-28 11:36:31,986 [INFO]     NSE:SBICARD-EQ | CVD=1538 vs Ref=54892 | VAH=788.10
2026-01-28 11:36:32,113 [INFO]     NSE:CAMS-EQ | CVD=146510 vs Ref=166334 | VAH=705.60
2026-01-28 11:36:32,317 [INFO]     NSE:PGEL-EQ | CVD=5670 vs Ref=60181 | VAH=524.70
2026-01-28 11:36:32,518 [INFO]     NSE:OIL-EQ | CVD=1164356 vs Ref=1883485 | VAH=488.40
2026-01-28 11:36:32,747 [INFO]     NSE:NATIONALUM-EQ | CVD=479917 vs Ref=481038 | VAH=391.50
2026-01-28 11:36:32,965 [INFO]     NSE:KALYANKJIL-EQ | CVD=-80334 vs Ref=119217 | VAH=373.95
2026-01-28 11:36:33,148 [INFO]     NSE:ONGC-EQ | CVD=8753680 vs Ref=11237625 | VAH=264.00
2026-01-28 11:36:33,326 [INFO]     NSE:JIOFIN-EQ | CVD=625541 vs Ref=545350 | VAH=257.40
2026-01-28 11:36:33,528 [INFO]     NSE:WIPRO-EQ | CVD=206126 vs Ref=640617 | VAH=237.60
2026-01-28 11:36:33,728 [INFO]     NSE:SUZLON-EQ | CVD=3926561 vs Ref=4397034 | VAH=47.25
2026-01-28 11:36:33,924 [INFO]     NSE:YESBANK-EQ | CVD=4756132 vs Ref=7921551 | VAH=21.40
2026-01-28 11:37:33,925 [INFO] 🔍 Scanning for alerts on 16 symbols (5min)...
2026-01-28 11:37:34,129 [INFO]     NSE:ADANIPORTS-EQ | CVD=171033 vs Ref=233965 | VAH=1376.05
2026-01-28 11:37:34,331 [INFO]     NSE:HAVELLS-EQ | CVD=-98279 vs Ref=14748 | VAH=1291.50
2026-01-28 11:37:34,531 [INFO]     NSE:PAYTM-EQ | CVD=258031 vs Ref=378055 | VAH=1165.50
2026-01-28 11:37:34,734 [INFO]     NSE:SHRIRAMFIN-EQ | CVD=544157 vs Ref=556824 | VAH=1012.50
2026-01-28 11:37:34,927 [INFO]     NSE:LODHA-EQ | CVD=-96268 vs Ref=50573 | VAH=924.30
2026-01-28 11:37:35,134 [INFO]     NSE:SBICARD-EQ | CVD=2061 vs Ref=54892 | VAH=788.10
2026-01-28 11:37:35,294 [INFO]     NSE:CAMS-EQ | CVD=145173 vs Ref=166334 | VAH=705.60
2026-01-28 11:37:35,497 [INFO]     NSE:PGEL-EQ | CVD=5889 vs Ref=60181 | VAH=524.70
2026-01-28 11:37:35,681 [INFO]     NSE:OIL-EQ | CVD=1203652 vs Ref=1883485 | VAH=488.40
2026-01-28 11:37:35,888 [INFO]     NSE:NATIONALUM-EQ | CVD=479917 vs Ref=481038 | VAH=391.50
2026-01-28 11:37:36,065 [INFO]     NSE:KALYANKJIL-EQ | CVD=-108849 vs Ref=119217 | VAH=373.95
2026-01-28 11:37:36,236 [INFO]     NSE:ONGC-EQ | CVD=8873442 vs Ref=11237625 | VAH=264.00
2026-01-28 11:37:36,399 [INFO]     NSE:JIOFIN-EQ | CVD=635971 vs Ref=545350 | VAH=257.40
2026-01-28 11:37:36,602 [INFO]     NSE:WIPRO-EQ | CVD=207705 vs Ref=640617 | VAH=237.60
2026-01-28 11:37:36,788 [INFO]     NSE:SUZLON-EQ | CVD=3853379 vs Ref=4397034 | VAH=47.25
2026-01-28 11:37:36,927 [INFO]     NSE:YESBANK-EQ | CVD=4799543 vs Ref=7921551 | VAH=21.40
2026-01-28 11:38:36,929 [INFO] 🔍 Scanning for alerts on 16 symbols (5min)...
2026-01-28 11:38:37,137 [INFO]     NSE:ADANIPORTS-EQ | CVD=168814 vs Ref=233965 | VAH=1376.05
2026-01-28 11:38:37,276 [INFO]     NSE:HAVELLS-EQ | CVD=-98841 vs Ref=14748 | VAH=1291.50
2026-01-28 11:38:37,463 [INFO]     NSE:PAYTM-EQ | CVD=255802 vs Ref=378055 | VAH=1165.50
2026-01-28 11:38:37,606 [INFO]     NSE:SHRIRAMFIN-EQ | CVD=541707 vs Ref=556824 | VAH=1012.50
2026-01-28 11:38:37,779 [INFO]     NSE:LODHA-EQ | CVD=-97684 vs Ref=50573 | VAH=924.30
2026-01-28 11:38:37,924 [INFO]     NSE:SBICARD-EQ | CVD=-667 vs Ref=54892 | VAH=788.10
2026-01-28 11:38:38,066 [INFO]     NSE:CAMS-EQ | CVD=144523 vs Ref=166334 | VAH=705.60
2026-01-28 11:38:38,241 [INFO]     NSE:PGEL-EQ | CVD=4916 vs Ref=60181 | VAH=524.70
2026-01-28 11:38:38,398 [INFO]     NSE:OIL-EQ | CVD=1261000 vs Ref=1883485 | VAH=488.40
2026-01-28 11:38:38,573 [INFO]     NSE:NATIONALUM-EQ | CVD=479917 vs Ref=481038 | VAH=391.50
2026-01-28 11:38:38,751 [INFO]     NSE:KALYANKJIL-EQ | CVD=-120865 vs Ref=119217 | VAH=373.95
2026-01-28 11:38:38,948 [INFO]     NSE:ONGC-EQ | CVD=8722911 vs Ref=11237625 | VAH=264.00
2026-01-28 11:38:39,121 [INFO]     NSE:JIOFIN-EQ | CVD=615104 vs Ref=545350 | VAH=257.40
2026-01-28 11:38:39,299 [INFO]     NSE:WIPRO-EQ | CVD=196650 vs Ref=640617 | VAH=237.60
2026-01-28 11:38:39,478 [INFO]     NSE:SUZLON-EQ | CVD=3920996 vs Ref=4397034 | VAH=47.25
2026-01-28 11:38:39,654 [INFO]     NSE:YESBANK-EQ | CVD=4760837 vs Ref=7921551 | VAH=21.40
2026-01-28 11:39:39,656 [INFO] 🔍 Scanning for alerts on 16 symbols (5min)...
2026-01-28 11:39:39,869 [INFO]     NSE:ADANIPORTS-EQ | CVD=150962 vs Ref=233965 | VAH=1376.05
2026-01-28 11:39:40,067 [INFO]     NSE:HAVELLS-EQ | CVD=-98473 vs Ref=14748 | VAH=1291.50
2026-01-28 11:39:40,242 [INFO]     NSE:PAYTM-EQ | CVD=253391 vs Ref=378055 | VAH=1165.50
2026-01-28 11:39:40,373 [INFO]     NSE:SHRIRAMFIN-EQ | CVD=555125 vs Ref=556824 | VAH=1012.50
2026-01-28 11:39:40,506 [INFO]     NSE:LODHA-EQ | CVD=-98566 vs Ref=50573 | VAH=924.30
2026-01-28 11:39:40,656 [INFO]     NSE:SBICARD-EQ | CVD=468 vs Ref=54892 | VAH=788.10
2026-01-28 11:39:40,802 [INFO]     NSE:CAMS-EQ | CVD=143222 vs Ref=166334 | VAH=705.60
2026-01-28 11:39:41,015 [INFO]     NSE:PGEL-EQ | CVD=1523 vs Ref=60181 | VAH=524.70
2026-01-28 11:39:41,191 [INFO]     NSE:OIL-EQ | CVD=1225614 vs Ref=1883485 | VAH=488.40
2026-01-28 11:39:41,371 [INFO]     NSE:NATIONALUM-EQ | CVD=479917 vs Ref=481038 | VAH=391.50
2026-01-28 11:39:41,572 [INFO]     NSE:KALYANKJIL-EQ | CVD=-128641 vs Ref=119217 | VAH=373.95
2026-01-28 11:39:41,784 [INFO]     NSE:ONGC-EQ | CVD=8846844 vs Ref=11237625 | VAH=264.00
2026-01-28 11:39:41,986 [INFO]     NSE:JIOFIN-EQ | CVD=601508 vs Ref=545350 | VAH=257.40
2026-01-28 11:39:42,181 [INFO]     NSE:WIPRO-EQ | CVD=187671 vs Ref=640617 | VAH=237.60
2026-01-28 11:39:42,385 [INFO]     NSE:SUZLON-EQ | CVD=4056832 vs Ref=4397034 | VAH=47.25
2026-01-28 11:39:42,587 [INFO]     NSE:YESBANK-EQ | CVD=4159217 vs Ref=7921551 | VAH=21.40
2026-01-28 11:40:42,589 [INFO] 🔍 Scanning for alerts on 16 symbols (5min)...
2026-01-28 11:40:42,818 [INFO]     NSE:ADANIPORTS-EQ | CVD=174499 vs Ref=233965 | VAH=1376.05
2026-01-28 11:40:43,028 [INFO]     NSE:HAVELLS-EQ | CVD=-98774 vs Ref=14748 | VAH=1291.50
2026-01-28 11:40:43,239 [INFO]     NSE:PAYTM-EQ | CVD=254227 vs Ref=378055 | VAH=1165.50
2026-01-28 11:40:43,439 [INFO]     NSE:SHRIRAMFIN-EQ | CVD=544486 vs Ref=556824 | VAH=1012.50
2026-01-28 11:40:43,648 [INFO]     NSE:LODHA-EQ | CVD=-100528 vs Ref=50573 | VAH=924.30
2026-01-28 11:40:43,798 [INFO]     NSE:SBICARD-EQ | CVD=251 vs Ref=54892 | VAH=788.10
2026-01-28 11:40:43,999 [INFO]     NSE:CAMS-EQ | CVD=144098 vs Ref=166334 | VAH=705.60
2026-01-28 11:40:44,160 [INFO]     NSE:PGEL-EQ | CVD=-34 vs Ref=60181 | VAH=524.70
2026-01-28 11:40:44,423 [INFO]     NSE:OIL-EQ | CVD=1196555 vs Ref=1883485 | VAH=488.40
2026-01-28 11:40:44,575 [INFO]     NSE:NATIONALUM-EQ | CVD=479917 vs Ref=481038 | VAH=391.50
2026-01-28 11:40:44,739 [INFO]     NSE:KALYANKJIL-EQ | CVD=-121186 vs Ref=119217 | VAH=373.95
2026-01-28 11:40:44,922 [INFO]     NSE:ONGC-EQ | CVD=8208619 vs Ref=11237625 | VAH=264.00
2026-01-28 11:40:45,123 [INFO]     NSE:JIOFIN-EQ | CVD=616168 vs Ref=545350 | VAH=257.40
2026-01-28 11:40:45,327 [INFO]     NSE:WIPRO-EQ | CVD=198101 vs Ref=640617 | VAH=237.60
2026-01-28 11:40:45,545 [INFO]     NSE:SUZLON-EQ | CVD=3843156 vs Ref=4397034 | VAH=47.25
2026-01-28 11:40:45,748 [INFO]     NSE:YESBANK-EQ | CVD=4004652 vs Ref=7921551 | VAH=21.40
2026-01-28 11:41:45,749 [INFO] 🔍 Scanning for alerts on 16 symbols (5min)...
2026-01-28 11:41:45,981 [INFO]     NSE:ADANIPORTS-EQ | CVD=155018 vs Ref=233965 | VAH=1376.05
2026-01-28 11:41:46,158 [INFO]     NSE:HAVELLS-EQ | CVD=-98606 vs Ref=14748 | VAH=1291.50
2026-01-28 11:41:46,358 [INFO]     NSE:PAYTM-EQ | CVD=255575 vs Ref=378055 | VAH=1165.50
2026-01-28 11:41:46,556 [INFO]     NSE:SHRIRAMFIN-EQ | CVD=540811 vs Ref=556824 | VAH=1012.50
2026-01-28 11:41:46,756 [INFO]     NSE:LODHA-EQ | CVD=-100879 vs Ref=50573 | VAH=924.30
2026-01-28 11:41:46,969 [INFO]     NSE:SBICARD-EQ | CVD=354 vs Ref=54892 | VAH=788.10
2026-01-28 11:41:47,170 [INFO]     NSE:CAMS-EQ | CVD=142888 vs Ref=166334 | VAH=705.60
2026-01-28 11:41:47,366 [INFO]     NSE:PGEL-EQ | CVD=-4410 vs Ref=60181 | VAH=524.70
2026-01-28 11:41:47,564 [INFO]     NSE:OIL-EQ | CVD=1170163 vs Ref=1883485 | VAH=488.40
2026-01-28 11:41:47,768 [INFO]     NSE:NATIONALUM-EQ | CVD=479917 vs Ref=481038 | VAH=391.50
2026-01-28 11:41:47,931 [INFO]     NSE:KALYANKJIL-EQ | CVD=-122851 vs Ref=119217 | VAH=373.95
2026-01-28 11:41:48,136 [INFO]     NSE:ONGC-EQ | CVD=7789662 vs Ref=11237625 | VAH=264.00
2026-01-28 11:41:48,316 [INFO]     NSE:JIOFIN-EQ | CVD=591769 vs Ref=545350 | VAH=257.40
2026-01-28 11:41:48,526 [INFO]     NSE:WIPRO-EQ | CVD=193253 vs Ref=640617 | VAH=237.60
2026-01-28 11:41:48,700 [INFO]     NSE:SUZLON-EQ | CVD=3480890 vs Ref=4397034 | VAH=47.25
2026-01-28 11:41:48,858 [INFO]     NSE:YESBANK-EQ | CVD=4062796 vs Ref=7921551 | VAH=21.40
2026-01-28 11:42:48,859 [INFO] 🔍 Scanning for alerts on 16 symbols (5min)...
2026-01-28 11:42:49,066 [INFO]     NSE:ADANIPORTS-EQ | CVD=155871 vs Ref=233965 | VAH=1376.05
2026-01-28 11:42:49,266 [INFO]     NSE:HAVELLS-EQ | CVD=-98401 vs Ref=14748 | VAH=1291.50
2026-01-28 11:42:51,137 [INFO]     NSE:PAYTM-EQ | CVD=256762 vs Ref=378055 | VAH=1165.50
2026-01-28 11:42:51,284 [INFO]     NSE:SHRIRAMFIN-EQ | CVD=545014 vs Ref=556824 | VAH=1012.50
2026-01-28 11:42:51,446 [INFO]     NSE:LODHA-EQ | CVD=-99421 vs Ref=50573 | VAH=924.30
2026-01-28 11:42:51,662 [INFO]     NSE:SBICARD-EQ | CVD=-101 vs Ref=54892 | VAH=788.10
2026-01-28 11:42:51,837 [INFO]     NSE:CAMS-EQ | CVD=142934 vs Ref=166334 | VAH=705.60
2026-01-28 11:42:51,969 [INFO]     NSE:PGEL-EQ | CVD=-4231 vs Ref=60181 | VAH=524.70
2026-01-28 11:42:52,133 [INFO]     NSE:OIL-EQ | CVD=1130064 vs Ref=1883485 | VAH=488.40
2026-01-28 11:42:52,278 [INFO]     NSE:NATIONALUM-EQ | CVD=479917 vs Ref=481038 | VAH=391.50
2026-01-28 11:42:52,479 [INFO]     NSE:KALYANKJIL-EQ | CVD=-126006 vs Ref=119217 | VAH=373.95
2026-01-28 11:42:52,684 [INFO]     NSE:ONGC-EQ | CVD=8031272 vs Ref=11237625 | VAH=264.00
2026-01-28 11:42:52,875 [INFO]     NSE:JIOFIN-EQ | CVD=605018 vs Ref=545350 | VAH=257.40
2026-01-28 11:42:53,034 [INFO]     NSE:WIPRO-EQ | CVD=191807 vs Ref=640617 | VAH=237.60
2026-01-28 11:42:53,237 [INFO]     NSE:SUZLON-EQ | CVD=3746642 vs Ref=4397034 | VAH=47.25
2026-01-28 11:42:53,453 [INFO]     NSE:YESBANK-EQ | CVD=4017866 vs Ref=7921551 | VAH=21.40
2026-01-28 11:43:53,454 [INFO] 🔍 Scanning for alerts on 16 symbols (5min)...
2026-01-28 11:43:53,677 [INFO]     NSE:ADANIPORTS-EQ | CVD=166608 vs Ref=233965 | VAH=1376.05
2026-01-28 11:43:55,674 [INFO]     NSE:HAVELLS-EQ | CVD=-98748 vs Ref=14748 | VAH=1291.50
2026-01-28 11:43:55,875 [INFO]     NSE:PAYTM-EQ | CVD=256284 vs Ref=378055 | VAH=1165.50
2026-01-28 11:43:56,075 [INFO]     NSE:SHRIRAMFIN-EQ | CVD=528560 vs Ref=556824 | VAH=1012.50
2026-01-28 11:43:56,220 [INFO]     NSE:LODHA-EQ | CVD=-103168 vs Ref=50573 | VAH=924.30
2026-01-28 11:43:56,422 [INFO]     NSE:SBICARD-EQ | CVD=-162 vs Ref=54892 | VAH=788.10
2026-01-28 11:43:56,622 [INFO]     NSE:CAMS-EQ | CVD=141625 vs Ref=166334 | VAH=705.60
2026-01-28 11:43:56,816 [INFO]     NSE:PGEL-EQ | CVD=-6844 vs Ref=60181 | VAH=524.70
2026-01-28 11:43:57,012 [INFO]     NSE:OIL-EQ | CVD=1052717 vs Ref=1883485 | VAH=488.40
2026-01-28 11:43:57,217 [INFO]     NSE:NATIONALUM-EQ | CVD=479917 vs Ref=481038 | VAH=391.50
2026-01-28 11:43:57,409 [INFO]     NSE:KALYANKJIL-EQ | CVD=-130359 vs Ref=119217 | VAH=373.95
2026-01-28 11:43:57,607 [INFO]     NSE:ONGC-EQ | CVD=7907436 vs Ref=11237625 | VAH=264.00
2026-01-28 11:43:57,774 [INFO]     NSE:JIOFIN-EQ | CVD=624113 vs Ref=545350 | VAH=257.40
2026-01-28 11:43:57,936 [INFO]     NSE:WIPRO-EQ | CVD=181222 vs Ref=640617 | VAH=237.60
2026-01-28 11:43:58,081 [INFO]     NSE:SUZLON-EQ | CVD=4176904 vs Ref=4397034 | VAH=47.25
2026-01-28 11:43:58,290 [INFO]     NSE:YESBANK-EQ | CVD=3991631 vs Ref=7921551 | VAH=21.40
2026-01-28 11:44:58,292 [INFO] 🔍 Scanning for alerts on 16 symbols (5min)...
2026-01-28 11:44:58,543 [INFO]     NSE:ADANIPORTS-EQ | CVD=172491 vs Ref=233965 | VAH=1376.05
2026-01-28 11:44:58,741 [INFO]     NSE:HAVELLS-EQ | CVD=-99276 vs Ref=14748 | VAH=1291.50
2026-01-28 11:44:58,916 [INFO]     NSE:PAYTM-EQ | CVD=253421 vs Ref=378055 | VAH=1165.50
2026-01-28 11:44:59,057 [INFO]     NSE:SHRIRAMFIN-EQ | CVD=526363 vs Ref=556824 | VAH=1012.50
2026-01-28 11:44:59,264 [INFO]     NSE:LODHA-EQ | CVD=-102823 vs Ref=50573 | VAH=924.30
2026-01-28 11:44:59,438 [INFO]     NSE:SBICARD-EQ | CVD=-1049 vs Ref=54892 | VAH=788.10
2026-01-28 11:44:59,571 [INFO]     NSE:CAMS-EQ | CVD=141359 vs Ref=166334 | VAH=705.60
2026-01-28 11:45:01,607 [INFO]     NSE:PGEL-EQ | CVD=-7221 vs Ref=60181 | VAH=524.70
2026-01-28 11:45:01,812 [INFO]     NSE:OIL-EQ | CVD=1090085 vs Ref=1883485 | VAH=488.40
2026-01-28 11:45:02,045 [INFO]     NSE:NATIONALUM-EQ | CVD=479917 vs Ref=481038 | VAH=391.50
2026-01-28 11:45:02,357 [INFO]     NSE:KALYANKJIL-EQ | CVD=-116594 vs Ref=119217 | VAH=373.95
2026-01-28 11:45:02,605 [INFO]     NSE:ONGC-EQ | CVD=7905531 vs Ref=11237625 | VAH=264.00
2026-01-28 11:45:02,802 [INFO]     NSE:JIOFIN-EQ | CVD=624197 vs Ref=545350 | VAH=257.40
2026-01-28 11:45:02,975 [INFO]     NSE:WIPRO-EQ | CVD=179141 vs Ref=640617 | VAH=237.60
2026-01-28 11:45:03,321 [INFO]     NSE:SUZLON-EQ | CVD=4402951 vs Ref=4397034 | VAH=47.25
2026-01-28 11:45:03,514 [INFO]     NSE:YESBANK-EQ | CVD=3934359 vs Ref=7921551 | VAH=21.40
2026-01-28 11:46:03,515 [INFO] 🔍 Scanning for alerts on 16 symbols (5min)...
2026-01-28 11:46:03,762 [INFO]     NSE:ADANIPORTS-EQ | CVD=173464 vs Ref=233965 | VAH=1376.05
2026-01-28 11:46:03,980 [INFO]     NSE:HAVELLS-EQ | CVD=-94032 vs Ref=14748 | VAH=1291.50
2026-01-28 11:46:04,256 [INFO]     NSE:PAYTM-EQ | CVD=245476 vs Ref=378055 | VAH=1165.50
2026-01-28 11:46:04,463 [INFO]     NSE:SHRIRAMFIN-EQ | CVD=530475 vs Ref=556824 | VAH=1012.50
2026-01-28 11:46:04,666 [INFO]     NSE:LODHA-EQ | CVD=-101684 vs Ref=50573 | VAH=924.30
2026-01-28 11:46:04,889 [INFO]     NSE:SBICARD-EQ | CVD=-1600 vs Ref=54892 | VAH=788.10
2026-01-28 11:46:05,032 [INFO]     NSE:CAMS-EQ | CVD=140601 vs Ref=166334 | VAH=705.60
2026-01-28 11:46:05,284 [INFO]     NSE:PGEL-EQ | CVD=-8955 vs Ref=60181 | VAH=524.70
2026-01-28 11:46:05,485 [INFO]     NSE:OIL-EQ | CVD=1092253 vs Ref=1883485 | VAH=488.40
2026-01-28 11:46:05,725 [INFO]     NSE:NATIONALUM-EQ | CVD=479917 vs Ref=481038 | VAH=391.50
2026-01-28 11:46:05,933 [INFO]     NSE:KALYANKJIL-EQ | CVD=-108880 vs Ref=119217 | VAH=373.95
2026-01-28 11:46:06,146 [INFO]     NSE:ONGC-EQ | CVD=8287931 vs Ref=11237625 | VAH=264.00
2026-01-28 11:46:06,350 [INFO]     NSE:JIOFIN-EQ | CVD=633334 vs Ref=545350 | VAH=257.40
2026-01-28 11:46:06,555 [INFO]     NSE:WIPRO-EQ | CVD=205531 vs Ref=640617 | VAH=237.60
2026-01-28 11:46:06,755 [INFO]     NSE:SUZLON-EQ | CVD=4419408 vs Ref=4397034 | VAH=47.25
2026-01-28 11:46:06,925 [INFO]     NSE:YESBANK-EQ | CVD=3978552 vs Ref=7921551 | VAH=21.40
2026-01-28 11:47:06,926 [INFO] 🔍 Scanning for alerts on 16 symbols (5min)...
2026-01-28 11:47:07,100 [INFO]     NSE:ADANIPORTS-EQ | CVD=178239 vs Ref=233965 | VAH=1376.05
2026-01-28 11:47:07,311 [INFO]     NSE:HAVELLS-EQ | CVD=-94533 vs Ref=14748 | VAH=1291.50
2026-01-28 11:47:07,455 [INFO]     NSE:PAYTM-EQ | CVD=244385 vs Ref=378055 | VAH=1165.50
2026-01-28 11:47:07,614 [INFO]     NSE:SHRIRAMFIN-EQ | CVD=523195 vs Ref=556824 | VAH=1012.50
2026-01-28 11:47:07,763 [INFO]     NSE:LODHA-EQ | CVD=-97275 vs Ref=50573 | VAH=924.30
2026-01-28 11:47:07,899 [INFO]     NSE:SBICARD-EQ | CVD=-1692 vs Ref=54892 | VAH=788.10
2026-01-28 11:47:08,041 [INFO]     NSE:CAMS-EQ | CVD=140855 vs Ref=166334 | VAH=705.60
2026-01-28 11:47:08,247 [INFO]     NSE:PGEL-EQ | CVD=-7707 vs Ref=60181 | VAH=524.70
2026-01-28 11:47:08,446 [INFO]     NSE:OIL-EQ | CVD=1062969 vs Ref=1883485 | VAH=488.40
2026-01-28 11:47:08,659 [INFO]     NSE:NATIONALUM-EQ | CVD=479917 vs Ref=481038 | VAH=391.50
2026-01-28 11:47:08,862 [INFO]     NSE:KALYANKJIL-EQ | CVD=-110727 vs Ref=119217 | VAH=373.95
2026-01-28 11:47:09,067 [INFO]     NSE:ONGC-EQ | CVD=8471098 vs Ref=11237625 | VAH=264.00
2026-01-28 11:47:09,248 [INFO]     NSE:JIOFIN-EQ | CVD=626324 vs Ref=545350 | VAH=257.40
2026-01-28 11:47:09,397 [INFO]     NSE:WIPRO-EQ | CVD=210737 vs Ref=640617 | VAH=237.60
2026-01-28 11:47:09,530 [INFO]     NSE:SUZLON-EQ | CVD=4473091 vs Ref=4397034 | VAH=47.25
2026-01-28 11:47:09,710 [INFO]     NSE:YESBANK-EQ | CVD=4045110 vs Ref=7921551 | VAH=21.40
2026-01-28 11:48:09,712 [INFO] 🔍 Scanning for alerts on 16 symbols (5min)...
2026-01-28 11:48:09,901 [INFO]     NSE:ADANIPORTS-EQ | CVD=182384 vs Ref=233965 | VAH=1376.05
2026-01-28 11:48:10,059 [INFO]     NSE:HAVELLS-EQ | CVD=-94927 vs Ref=14748 | VAH=1291.50
2026-01-28 11:48:10,232 [INFO]     NSE:PAYTM-EQ | CVD=246021 vs Ref=378055 | VAH=1165.50
2026-01-28 11:48:10,384 [INFO]     NSE:SHRIRAMFIN-EQ | CVD=529370 vs Ref=556824 | VAH=1012.50
2026-01-28 11:48:10,564 [INFO]     NSE:LODHA-EQ | CVD=-94063 vs Ref=50573 | VAH=924.30
2026-01-28 11:48:10,728 [INFO]     NSE:SBICARD-EQ | CVD=312 vs Ref=54892 | VAH=788.10
2026-01-28 11:48:10,932 [INFO]     NSE:CAMS-EQ | CVD=142714 vs Ref=166334 | VAH=705.60
2026-01-28 11:48:11,128 [INFO]     NSE:PGEL-EQ | CVD=-3539 vs Ref=60181 | VAH=524.70
2026-01-28 11:48:11,287 [INFO]     NSE:OIL-EQ | CVD=1097517 vs Ref=1883485 | VAH=488.40
2026-01-28 11:48:11,438 [INFO]     NSE:NATIONALUM-EQ | CVD=479917 vs Ref=481038 | VAH=391.50
2026-01-28 11:48:11,644 [INFO]     NSE:KALYANKJIL-EQ | CVD=-106272 vs Ref=119217 | VAH=373.95
2026-01-28 11:48:11,818 [INFO]     NSE:ONGC-EQ | CVD=8631649 vs Ref=11237625 | VAH=264.00
2026-01-28 11:48:12,010 [INFO]     NSE:JIOFIN-EQ | CVD=693678 vs Ref=545350 | VAH=257.40
2026-01-28 11:48:12,187 [INFO]     NSE:WIPRO-EQ | CVD=215361 vs Ref=640617 | VAH=237.60
2026-01-28 11:48:12,319 [INFO]     NSE:SUZLON-EQ | CVD=4648049 vs Ref=4397034 | VAH=47.25
2026-01-28 11:48:12,526 [INFO]     NSE:YESBANK-EQ | CVD=3955558 vs Ref=7921551 | VAH=21.40
2026-01-28 11:49:12,528 [INFO] 🔍 Scanning for alerts on 16 symbols (5min)...
2026-01-28 11:49:12,734 [INFO]     NSE:ADANIPORTS-EQ | CVD=219031 vs Ref=233965 | VAH=1376.05
2026-01-28 11:49:12,946 [INFO]     NSE:HAVELLS-EQ | CVD=-95603 vs Ref=14748 | VAH=1291.50
2026-01-28 11:49:13,157 [INFO]     NSE:PAYTM-EQ | CVD=244929 vs Ref=378055 | VAH=1165.50
2026-01-28 11:49:13,317 [INFO]     NSE:SHRIRAMFIN-EQ | CVD=525283 vs Ref=556824 | VAH=1012.50
2026-01-28 11:49:13,526 [INFO]     NSE:LODHA-EQ | CVD=-95112 vs Ref=50573 | VAH=924.30
2026-01-28 11:49:13,733 [INFO]     NSE:SBICARD-EQ | CVD=2361 vs Ref=54892 | VAH=788.10
2026-01-28 11:49:13,921 [INFO]     NSE:CAMS-EQ | CVD=143460 vs Ref=166334 | VAH=705.60
2026-01-28 11:49:14,130 [INFO]     NSE:PGEL-EQ | CVD=-2117 vs Ref=60181 | VAH=524.70
2026-01-28 11:49:14,335 [INFO]     NSE:OIL-EQ | CVD=1042736 vs Ref=1883485 | VAH=488.40
2026-01-28 11:49:14,543 [INFO]     NSE:NATIONALUM-EQ | CVD=479917 vs Ref=481038 | VAH=391.50
2026-01-28 11:49:14,740 [INFO]     NSE:KALYANKJIL-EQ | CVD=-116700 vs Ref=119217 | VAH=373.95
2026-01-28 11:49:14,959 [INFO]     NSE:ONGC-EQ | CVD=8531833 vs Ref=11237625 | VAH=264.00
2026-01-28 11:49:15,165 [INFO]     NSE:JIOFIN-EQ | CVD=704957 vs Ref=545350 | VAH=257.40
2026-01-28 11:49:15,341 [INFO]     NSE:WIPRO-EQ | CVD=173894 vs Ref=640617 | VAH=237.60
2026-01-28 11:49:15,500 [INFO]     NSE:SUZLON-EQ | CVD=4325784 vs Ref=4397034 | VAH=47.25
2026-01-28 11:49:15,678 [INFO]     NSE:YESBANK-EQ | CVD=4153145 vs Ref=7921551 | VAH=21.40
2026-01-28 11:50:15,680 [INFO] 🔍 Scanning for alerts on 16 symbols (5min)...
2026-01-28 11:50:15,875 [INFO]     NSE:ADANIPORTS-EQ | CVD=216905 vs Ref=233965 | VAH=1376.05
2026-01-28 11:50:16,080 [INFO]     NSE:HAVELLS-EQ | CVD=-96030 vs Ref=14748 | VAH=1291.50
2026-01-28 11:50:16,258 [INFO]     NSE:PAYTM-EQ | CVD=245237 vs Ref=378055 | VAH=1165.50
2026-01-28 11:50:16,420 [INFO]     NSE:SHRIRAMFIN-EQ | CVD=527483 vs Ref=556824 | VAH=1012.50
2026-01-28 11:50:16,598 [INFO]     NSE:LODHA-EQ | CVD=-95177 vs Ref=50573 | VAH=924.30
2026-01-28 11:50:16,788 [INFO]     NSE:SBICARD-EQ | CVD=2790 vs Ref=54892 | VAH=788.10
2026-01-28 11:50:16,996 [INFO]     NSE:CAMS-EQ | CVD=139777 vs Ref=166334 | VAH=705.60
2026-01-28 11:50:17,199 [INFO]     NSE:PGEL-EQ | CVD=-2129 vs Ref=60181 | VAH=524.70
2026-01-28 11:50:17,359 [INFO]     NSE:OIL-EQ | CVD=1093194 vs Ref=1883485 | VAH=488.40
2026-01-28 11:50:17,591 [INFO]     NSE:NATIONALUM-EQ | CVD=479917 vs Ref=481038 | VAH=391.50
2026-01-28 11:50:17,798 [INFO]     NSE:KALYANKJIL-EQ | CVD=-108468 vs Ref=119217 | VAH=373.95
2026-01-28 11:50:18,009 [INFO]     NSE:ONGC-EQ | CVD=9130410 vs Ref=11237625 | VAH=264.00
2026-01-28 11:50:18,188 [INFO]     NSE:JIOFIN-EQ | CVD=708858 vs Ref=545350 | VAH=257.40
2026-01-28 11:50:18,375 [INFO]     NSE:WIPRO-EQ | CVD=168440 vs Ref=640617 | VAH=237.60
2026-01-28 11:50:18,513 [INFO]     NSE:SUZLON-EQ | CVD=4265444 vs Ref=4397034 | VAH=47.25
2026-01-28 11:50:18,720 [INFO]     NSE:YESBANK-EQ | CVD=4055673 vs Ref=7921551 | VAH=21.40
2026-01-28 11:51:18,722 [INFO] 🔍 Scanning for alerts on 16 symbols (5min)...
2026-01-28 11:51:18,926 [INFO]     NSE:ADANIPORTS-EQ | CVD=218972 vs Ref=233965 | VAH=1376.05
2026-01-28 11:51:19,147 [INFO]     NSE:HAVELLS-EQ | CVD=-95946 vs Ref=14748 | VAH=1291.50
2026-01-28 11:51:19,360 [INFO]     NSE:PAYTM-EQ | CVD=244116 vs Ref=378055 | VAH=1165.50
2026-01-28 11:51:19,562 [INFO]     NSE:SHRIRAMFIN-EQ | CVD=522463 vs Ref=556824 | VAH=1012.50
2026-01-28 11:51:19,728 [INFO]     NSE:LODHA-EQ | CVD=-95827 vs Ref=50573 | VAH=924.30
2026-01-28 11:51:19,940 [INFO]     NSE:SBICARD-EQ | CVD=2386 vs Ref=54892 | VAH=788.10
2026-01-28 11:51:20,165 [INFO]     NSE:CAMS-EQ | CVD=139285 vs Ref=166334 | VAH=705.60
2026-01-28 11:51:20,377 [INFO]     NSE:PGEL-EQ | CVD=-2134 vs Ref=60181 | VAH=524.70
2026-01-28 11:51:20,569 [INFO]     NSE:OIL-EQ | CVD=1059379 vs Ref=1883485 | VAH=488.40
2026-01-28 11:51:20,768 [INFO]     NSE:NATIONALUM-EQ | CVD=479917 vs Ref=481038 | VAH=391.50
2026-01-28 11:51:20,965 [INFO]     NSE:KALYANKJIL-EQ | CVD=-127893 vs Ref=119217 | VAH=373.95
2026-01-28 11:51:21,171 [INFO]     NSE:ONGC-EQ | CVD=8899508 vs Ref=11237625 | VAH=264.00
2026-01-28 11:51:21,379 [INFO]     NSE:JIOFIN-EQ | CVD=699203 vs Ref=545350 | VAH=257.40
2026-01-28 11:51:21,577 [INFO]     NSE:WIPRO-EQ | CVD=155792 vs Ref=640617 | VAH=237.60
2026-01-28 11:51:21,781 [INFO]     NSE:SUZLON-EQ | CVD=4210925 vs Ref=4397034 | VAH=47.25
2026-01-28 11:51:21,959 [INFO]     NSE:YESBANK-EQ | CVD=4110876 vs Ref=7921551 | VAH=21.40
2026-01-28 11:52:21,961 [INFO] 🔍 Scanning for alerts on 16 symbols (5min)...
2026-01-28 11:52:22,170 [INFO] 🚀 [BUY ALERT] NSE:ADANIPORTS-EQ (5min) triggered at 11:50!
2026-01-28 11:52:22,170 [INFO]     ✅ Price: 1380.80 > FRVP VAH: 1376.05
2026-01-28 11:52:22,171 [INFO]     ✅ CVD:   247911 > CVD Ref:  233965
2026-01-28 11:52:22,171 [INFO]     ℹ️  FRVP Info: POC=1372.40, VAH=1376.05
2026-01-28 11:52:22,172 [INFO]     NSE:ADANIPORTS-EQ | CVD=247911 vs Ref=233965 | VAH=1376.05
2026-01-28 11:52:22,381 [INFO]     NSE:HAVELLS-EQ | CVD=-97266 vs Ref=14748 | VAH=1291.50
2026-01-28 11:52:22,586 [INFO]     NSE:PAYTM-EQ | CVD=246568 vs Ref=378055 | VAH=1165.50
2026-01-28 11:52:22,785 [INFO]     NSE:SHRIRAMFIN-EQ | CVD=524563 vs Ref=556824 | VAH=1012.50
2026-01-28 11:52:22,970 [INFO]     NSE:LODHA-EQ | CVD=-94154 vs Ref=50573 | VAH=924.30
2026-01-28 11:52:23,179 [INFO]     NSE:SBICARD-EQ | CVD=2367 vs Ref=54892 | VAH=788.10
2026-01-28 11:52:23,384 [INFO]     NSE:CAMS-EQ | CVD=136062 vs Ref=166334 | VAH=705.60
2026-01-28 11:52:23,559 [INFO]     NSE:PGEL-EQ | CVD=3931 vs Ref=60181 | VAH=524.70
2026-01-28 11:52:23,765 [INFO]     NSE:OIL-EQ | CVD=1095005 vs Ref=1883485 | VAH=488.40
2026-01-28 11:52:23,969 [INFO]     NSE:NATIONALUM-EQ | CVD=479917 vs Ref=481038 | VAH=391.50
2026-01-28 11:52:24,171 [INFO]     NSE:KALYANKJIL-EQ | CVD=-124674 vs Ref=119217 | VAH=373.95
2026-01-28 11:52:24,375 [INFO]     NSE:ONGC-EQ | CVD=9104232 vs Ref=11237625 | VAH=264.00
2026-01-28 11:52:24,534 [INFO]     NSE:JIOFIN-EQ | CVD=716486 vs Ref=545350 | VAH=257.40
2026-01-28 11:52:24,713 [INFO]     NSE:WIPRO-EQ | CVD=157123 vs Ref=640617 | VAH=237.60
2026-01-28 11:52:24,847 [INFO]     NSE:SUZLON-EQ | CVD=4167859 vs Ref=4397034 | VAH=47.25
2026-01-28 11:52:25,021 [INFO]     NSE:YESBANK-EQ | CVD=4152175 vs Ref=7921551 | VAH=21.40
2026-01-28 11:53:25,022 [INFO] 🔍 Scanning for alerts on 15 symbols (5min)...
2026-01-28 11:53:25,235 [INFO]     NSE:HAVELLS-EQ | CVD=-97576 vs Ref=14748 | VAH=1291.50
2026-01-28 11:53:25,416 [INFO]     NSE:PAYTM-EQ | CVD=249896 vs Ref=378055 | VAH=1165.50
2026-01-28 11:53:25,621 [INFO]     NSE:SHRIRAMFIN-EQ | CVD=522367 vs Ref=556824 | VAH=1012.50
2026-01-28 11:53:25,827 [INFO]     NSE:LODHA-EQ | CVD=-93142 vs Ref=50573 | VAH=924.30
2026-01-28 11:53:26,036 [INFO]     NSE:SBICARD-EQ | CVD=2347 vs Ref=54892 | VAH=788.10
2026-01-28 11:53:26,242 [INFO]     NSE:CAMS-EQ | CVD=135730 vs Ref=166334 | VAH=705.60
2026-01-28 11:53:26,434 [INFO]     NSE:PGEL-EQ | CVD=5750 vs Ref=60181 | VAH=524.70
2026-01-28 11:53:26,641 [INFO]     NSE:OIL-EQ | CVD=1045495 vs Ref=1883485 | VAH=488.40
2026-01-28 11:53:26,794 [INFO]     NSE:NATIONALUM-EQ | CVD=479917 vs Ref=481038 | VAH=391.50
2026-01-28 11:53:27,003 [INFO]     NSE:KALYANKJIL-EQ | CVD=-122584 vs Ref=119217 | VAH=373.95
2026-01-28 11:53:27,158 [INFO]     NSE:ONGC-EQ | CVD=9600101 vs Ref=11237625 | VAH=264.00
2026-01-28 11:53:27,381 [INFO]     NSE:JIOFIN-EQ | CVD=722087 vs Ref=545350 | VAH=257.40
2026-01-28 11:53:27,565 [INFO]     NSE:WIPRO-EQ | CVD=158331 vs Ref=640617 | VAH=237.60
2026-01-28 11:53:27,753 [INFO]     NSE:SUZLON-EQ | CVD=4319301 vs Ref=4397034 | VAH=47.25
2026-01-28 11:53:27,912 [INFO]     NSE:YESBANK-EQ | CVD=4122572 vs Ref=7921551 | VAH=21.40
2026-01-28 11:54:27,913 [INFO] 🔍 Scanning for alerts on 15 symbols (5min)...
2026-01-28 11:54:28,106 [INFO]     NSE:HAVELLS-EQ | CVD=-97891 vs Ref=14748 | VAH=1291.50
2026-01-28 11:54:28,306 [INFO]     NSE:PAYTM-EQ | CVD=247928 vs Ref=378055 | VAH=1165.50
2026-01-28 11:54:28,475 [INFO]     NSE:SHRIRAMFIN-EQ | CVD=520535 vs Ref=556824 | VAH=1012.50
2026-01-28 11:54:28,653 [INFO]     NSE:LODHA-EQ | CVD=-97007 vs Ref=50573 | VAH=924.30
2026-01-28 11:54:28,828 [INFO]     NSE:SBICARD-EQ | CVD=1707 vs Ref=54892 | VAH=788.10
2026-01-28 11:54:29,064 [INFO]     NSE:CAMS-EQ | CVD=135896 vs Ref=166334 | VAH=705.60
2026-01-28 11:54:29,235 [INFO]     NSE:PGEL-EQ | CVD=5066 vs Ref=60181 | VAH=524.70
2026-01-28 11:54:29,388 [INFO]     NSE:OIL-EQ | CVD=996006 vs Ref=1883485 | VAH=488.40
2026-01-28 11:54:29,569 [INFO]     NSE:NATIONALUM-EQ | CVD=479917 vs Ref=481038 | VAH=391.50
2026-01-28 11:54:29,774 [INFO]     NSE:KALYANKJIL-EQ | CVD=-124371 vs Ref=119217 | VAH=373.95
2026-01-28 11:54:29,962 [INFO]     NSE:ONGC-EQ | CVD=9730331 vs Ref=11237625 | VAH=264.00
2026-01-28 11:54:30,128 [INFO]     NSE:JIOFIN-EQ | CVD=711523 vs Ref=545350 | VAH=257.40
2026-01-28 11:54:30,300 [INFO]     NSE:WIPRO-EQ | CVD=151484 vs Ref=640617 | VAH=237.60
2026-01-28 11:54:30,496 [INFO]     NSE:SUZLON-EQ | CVD=4245593 vs Ref=4397034 | VAH=47.25
2026-01-28 11:54:30,686 [INFO]     NSE:YESBANK-EQ | CVD=4143551 vs Ref=7921551 | VAH=21.40
2026-01-28 11:55:30,688 [INFO] 🔍 Scanning for alerts on 15 symbols (5min)...
2026-01-28 11:55:30,866 [INFO]     NSE:HAVELLS-EQ | CVD=-98175 vs Ref=14748 | VAH=1291.50
2026-01-28 11:55:31,017 [INFO]     NSE:PAYTM-EQ | CVD=248769 vs Ref=378055 | VAH=1165.50
2026-01-28 11:55:31,226 [INFO]     NSE:SHRIRAMFIN-EQ | CVD=524448 vs Ref=556824 | VAH=1012.50
2026-01-28 11:55:31,424 [INFO]     NSE:LODHA-EQ | CVD=-91995 vs Ref=50573 | VAH=924.30
2026-01-28 11:55:31,626 [INFO]     NSE:SBICARD-EQ | CVD=4961 vs Ref=54892 | VAH=788.10
2026-01-28 11:55:31,806 [INFO]     NSE:CAMS-EQ | CVD=136224 vs Ref=166334 | VAH=705.60
2026-01-28 11:55:31,994 [INFO]     NSE:PGEL-EQ | CVD=5025 vs Ref=60181 | VAH=524.70
2026-01-28 11:55:32,153 [INFO]     NSE:OIL-EQ | CVD=1039114 vs Ref=1883485 | VAH=488.40
2026-01-28 11:55:32,353 [INFO]     NSE:NATIONALUM-EQ | CVD=479917 vs Ref=481038 | VAH=391.50
2026-01-28 11:55:32,532 [INFO]     NSE:KALYANKJIL-EQ | CVD=-110759 vs Ref=119217 | VAH=373.95
2026-01-28 11:55:32,760 [INFO]     NSE:ONGC-EQ | CVD=10016389 vs Ref=11237625 | VAH=264.00
2026-01-28 11:55:32,942 [INFO]     NSE:JIOFIN-EQ | CVD=728624 vs Ref=545350 | VAH=257.40
2026-01-28 11:55:33,122 [INFO]     NSE:WIPRO-EQ | CVD=679084 vs Ref=640617 | VAH=237.60
2026-01-28 11:55:33,331 [INFO]     NSE:SUZLON-EQ | CVD=4210857 vs Ref=4397034 | VAH=47.25
2026-01-28 11:55:33,518 [INFO]     NSE:YESBANK-EQ | CVD=4170409 vs Ref=7921551 | VAH=21.40
2026-01-28 11:56:33,520 [INFO] 🔍 Scanning for alerts on 15 symbols (5min)...
2026-01-28 11:56:33,703 [INFO]     NSE:HAVELLS-EQ | CVD=-98763 vs Ref=14748 | VAH=1291.50
2026-01-28 11:56:33,891 [INFO]     NSE:PAYTM-EQ | CVD=249189 vs Ref=378055 | VAH=1165.50
2026-01-28 11:56:34,081 [INFO]     NSE:SHRIRAMFIN-EQ | CVD=551756 vs Ref=556824 | VAH=1012.50
2026-01-28 11:56:34,274 [INFO]     NSE:LODHA-EQ | CVD=-93227 vs Ref=50573 | VAH=924.30
2026-01-28 11:56:34,449 [INFO]     NSE:SBICARD-EQ | CVD=9538 vs Ref=54892 | VAH=788.10
2026-01-28 11:56:34,633 [INFO]     NSE:CAMS-EQ | CVD=136541 vs Ref=166334 | VAH=705.60
2026-01-28 11:56:34,822 [INFO]     NSE:PGEL-EQ | CVD=7986 vs Ref=60181 | VAH=524.70
2026-01-28 11:56:35,030 [INFO]     NSE:OIL-EQ | CVD=997719 vs Ref=1883485 | VAH=488.40
2026-01-28 11:56:35,253 [INFO]     NSE:NATIONALUM-EQ | CVD=479917 vs Ref=481038 | VAH=391.50
2026-01-28 11:56:35,461 [INFO]     NSE:KALYANKJIL-EQ | CVD=-117623 vs Ref=119217 | VAH=373.95
2026-01-28 11:56:35,668 [INFO]     NSE:ONGC-EQ | CVD=10229864 vs Ref=11237625 | VAH=264.00
2026-01-28 11:56:35,814 [INFO]     NSE:JIOFIN-EQ | CVD=832197 vs Ref=545350 | VAH=257.40
2026-01-28 11:56:35,996 [INFO]     NSE:WIPRO-EQ | CVD=677444 vs Ref=640617 | VAH=237.60
2026-01-28 11:56:36,182 [INFO]     NSE:SUZLON-EQ | CVD=4150783 vs Ref=4397034 | VAH=47.25
2026-01-28 11:56:36,318 [INFO]     NSE:YESBANK-EQ | CVD=4007990 vs Ref=7921551 | VAH=21.40
2026-01-28 11:57:36,320 [INFO] 🔍 Scanning for alerts on 15 symbols (5min)...
2026-01-28 11:57:36,501 [INFO]     NSE:HAVELLS-EQ | CVD=-99017 vs Ref=14748 | VAH=1291.50
2026-01-28 11:57:36,710 [INFO]     NSE:PAYTM-EQ | CVD=246509 vs Ref=378055 | VAH=1165.50
2026-01-28 11:57:36,917 [INFO]     NSE:SHRIRAMFIN-EQ | CVD=560700 vs Ref=556824 | VAH=1012.50
2026-01-28 11:57:37,125 [INFO]     NSE:LODHA-EQ | CVD=-75556 vs Ref=50573 | VAH=924.30
2026-01-28 11:57:37,348 [INFO]     NSE:SBICARD-EQ | CVD=11542 vs Ref=54892 | VAH=788.10
2026-01-28 11:57:37,533 [INFO]     NSE:CAMS-EQ | CVD=135306 vs Ref=166334 | VAH=705.60
2026-01-28 11:57:37,685 [INFO]     NSE:PGEL-EQ | CVD=8076 vs Ref=60181 | VAH=524.70
2026-01-28 11:57:37,862 [INFO]     NSE:OIL-EQ | CVD=939120 vs Ref=1883485 | VAH=488.40
2026-01-28 11:57:37,999 [INFO]     NSE:NATIONALUM-EQ | CVD=479917 vs Ref=481038 | VAH=391.50
2026-01-28 11:57:38,156 [INFO]     NSE:KALYANKJIL-EQ | CVD=-120030 vs Ref=119217 | VAH=373.95
2026-01-28 11:57:38,318 [INFO]     NSE:ONGC-EQ | CVD=10019641 vs Ref=11237625 | VAH=264.00
2026-01-28 11:57:38,500 [INFO]     NSE:JIOFIN-EQ | CVD=869049 vs Ref=545350 | VAH=257.40
2026-01-28 11:57:38,694 [INFO]     NSE:WIPRO-EQ | CVD=698193 vs Ref=640617 | VAH=237.60
2026-01-28 11:57:38,899 [INFO]     NSE:SUZLON-EQ | CVD=4206667 vs Ref=4397034 | VAH=47.25
2026-01-28 11:57:39,109 [INFO]     NSE:YESBANK-EQ | CVD=4022533 vs Ref=7921551 | VAH=21.40
2026-01-28 11:58:39,110 [INFO] 🔍 Scanning for alerts on 15 symbols (5min)...
2026-01-28 11:58:39,293 [INFO]     NSE:HAVELLS-EQ | CVD=-99238 vs Ref=14748 | VAH=1291.50
2026-01-28 11:58:39,522 [INFO]     NSE:PAYTM-EQ | CVD=247967 vs Ref=378055 | VAH=1165.50
2026-01-28 11:58:39,728 [INFO]     NSE:SHRIRAMFIN-EQ | CVD=551270 vs Ref=556824 | VAH=1012.50
2026-01-28 11:58:39,940 [INFO]     NSE:LODHA-EQ | CVD=-74856 vs Ref=50573 | VAH=924.30
2026-01-28 11:58:40,154 [INFO]     NSE:SBICARD-EQ | CVD=11138 vs Ref=54892 | VAH=788.10
2026-01-28 11:58:40,343 [INFO]     NSE:CAMS-EQ | CVD=136258 vs Ref=166334 | VAH=705.60
2026-01-28 11:58:40,536 [INFO]     NSE:PGEL-EQ | CVD=5906 vs Ref=60181 | VAH=524.70
2026-01-28 11:58:40,734 [INFO]     NSE:OIL-EQ | CVD=901186 vs Ref=1883485 | VAH=488.40
2026-01-28 11:58:40,905 [INFO]     NSE:NATIONALUM-EQ | CVD=479917 vs Ref=481038 | VAH=391.50
2026-01-28 11:58:41,095 [INFO]     NSE:KALYANKJIL-EQ | CVD=-102365 vs Ref=119217 | VAH=373.95
2026-01-28 11:58:41,324 [INFO]     NSE:ONGC-EQ | CVD=9764276 vs Ref=11237625 | VAH=264.00
2026-01-28 11:58:41,534 [INFO]     NSE:JIOFIN-EQ | CVD=884992 vs Ref=545350 | VAH=257.40
2026-01-28 11:58:41,758 [INFO]     NSE:WIPRO-EQ | CVD=678032 vs Ref=640617 | VAH=237.60
2026-01-28 11:58:41,962 [INFO]     NSE:SUZLON-EQ | CVD=4164433 vs Ref=4397034 | VAH=47.25
2026-01-28 11:58:42,181 [INFO]     NSE:YESBANK-EQ | CVD=4096088 vs Ref=7921551 | VAH=21.40
2026-01-28 11:59:42,182 [INFO] 🔍 Scanning for alerts on 15 symbols (5min)...
2026-01-28 11:59:42,368 [INFO]     NSE:HAVELLS-EQ | CVD=-99463 vs Ref=14748 | VAH=1291.50
2026-01-28 11:59:42,597 [INFO]     NSE:PAYTM-EQ | CVD=256217 vs Ref=378055 | VAH=1165.50
2026-01-28 11:59:42,804 [INFO]     NSE:SHRIRAMFIN-EQ | CVD=549254 vs Ref=556824 | VAH=1012.50
2026-01-28 11:59:43,018 [INFO]     NSE:LODHA-EQ | CVD=-71699 vs Ref=50573 | VAH=924.30
2026-01-28 11:59:43,198 [INFO]     NSE:SBICARD-EQ | CVD=-6175 vs Ref=54892 | VAH=788.10
2026-01-28 11:59:43,363 [INFO]     NSE:CAMS-EQ | CVD=136799 vs Ref=166334 | VAH=705.60
2026-01-28 11:59:43,577 [INFO]     NSE:PGEL-EQ | CVD=16131 vs Ref=60181 | VAH=524.70
2026-01-28 11:59:43,749 [INFO]     NSE:OIL-EQ | CVD=829894 vs Ref=1883485 | VAH=488.40
2026-01-28 11:59:43,941 [INFO]     NSE:NATIONALUM-EQ | CVD=479917 vs Ref=481038 | VAH=391.50
2026-01-28 11:59:44,160 [INFO]     NSE:KALYANKJIL-EQ | CVD=-101612 vs Ref=119217 | VAH=373.95
2026-01-28 11:59:44,384 [INFO]     NSE:ONGC-EQ | CVD=9856858 vs Ref=11237625 | VAH=264.00
2026-01-28 11:59:44,577 [INFO]     NSE:JIOFIN-EQ | CVD=872169 vs Ref=545350 | VAH=257.40
2026-01-28 11:59:44,784 [INFO]     NSE:WIPRO-EQ | CVD=749697 vs Ref=640617 | VAH=237.60
2026-01-28 11:59:44,966 [INFO]     NSE:SUZLON-EQ | CVD=4111558 vs Ref=4397034 | VAH=47.25
2026-01-28 11:59:45,178 [INFO]     NSE:YESBANK-EQ | CVD=3818984 vs Ref=7921551 | VAH=21.40
2026-01-28 12:00:45,180 [INFO] 🔍 Scanning for alerts on 15 symbols (5min)...
2026-01-28 12:00:45,363 [INFO]     NSE:HAVELLS-EQ | CVD=-98047 vs Ref=14748 | VAH=1291.50
2026-01-28 12:00:45,574 [INFO]     NSE:PAYTM-EQ | CVD=252625 vs Ref=378055 | VAH=1165.50
2026-01-28 12:00:45,786 [INFO]     NSE:SHRIRAMFIN-EQ | CVD=551308 vs Ref=556824 | VAH=1012.50
2026-01-28 12:00:45,993 [INFO]     NSE:LODHA-EQ | CVD=-67831 vs Ref=50573 | VAH=924.30
2026-01-28 12:00:46,197 [INFO]     NSE:SBICARD-EQ | CVD=-5667 vs Ref=54892 | VAH=788.10
2026-01-28 12:00:46,375 [INFO]     NSE:CAMS-EQ | CVD=145252 vs Ref=166334 | VAH=705.60
2026-01-28 12:00:46,608 [INFO]     NSE:PGEL-EQ | CVD=24510 vs Ref=60181 | VAH=524.70
2026-01-28 12:00:46,787 [INFO]     NSE:OIL-EQ | CVD=801382 vs Ref=1883485 | VAH=488.40
2026-01-28 12:00:46,946 [INFO]     NSE:NATIONALUM-EQ | CVD=479917 vs Ref=481038 | VAH=391.50
2026-01-28 12:00:47,125 [INFO]     NSE:KALYANKJIL-EQ | CVD=-92687 vs Ref=119217 | VAH=373.95
2026-01-28 12:00:47,315 [INFO]     NSE:ONGC-EQ | CVD=9995845 vs Ref=11237625 | VAH=264.00
2026-01-28 12:00:47,514 [INFO]     NSE:JIOFIN-EQ | CVD=849952 vs Ref=545350 | VAH=257.40
2026-01-28 12:00:47,712 [INFO]     NSE:WIPRO-EQ | CVD=1141772 vs Ref=640617 | VAH=237.60
2026-01-28 12:00:47,880 [INFO] 🚀 [BUY ALERT] NSE:SUZLON-EQ (5min) triggered at 11:55!
2026-01-28 12:00:47,881 [INFO]     ✅ Price: 47.28 > FRVP VAH: 47.25
2026-01-28 12:00:47,881 [INFO]     ✅ CVD:   4514171 > CVD Ref:  4397034
2026-01-28 12:00:47,882 [INFO]     ℹ️  FRVP Info: POC=47.00, VAH=47.25
2026-01-28 12:00:47,882 [INFO]     NSE:SUZLON-EQ | CVD=4514171 vs Ref=4397034 | VAH=47.25
2026-01-28 12:00:48,068 [INFO]     NSE:YESBANK-EQ | CVD=3871374 vs Ref=7921551 | VAH=21.40
2026-01-28 12:01:48,071 [INFO] 🔍 Scanning for alerts on 14 symbols (5min)...
2026-01-28 12:01:48,283 [INFO]     NSE:HAVELLS-EQ | CVD=-98507 vs Ref=14748 | VAH=1291.50
2026-01-28 12:01:48,491 [INFO]     NSE:PAYTM-EQ | CVD=263581 vs Ref=378055 | VAH=1165.50
2026-01-28 12:01:48,667 [INFO]     NSE:SHRIRAMFIN-EQ | CVD=545373 vs Ref=556824 | VAH=1012.50
2026-01-28 12:01:48,862 [INFO]     NSE:LODHA-EQ | CVD=-63336 vs Ref=50573 | VAH=924.30
2026-01-28 12:01:49,072 [INFO]     NSE:SBICARD-EQ | CVD=-4644 vs Ref=54892 | VAH=788.10
2026-01-28 12:01:49,275 [INFO]     NSE:CAMS-EQ | CVD=151823 vs Ref=166334 | VAH=705.60
2026-01-28 12:01:49,487 [INFO]     NSE:PGEL-EQ | CVD=35063 vs Ref=60181 | VAH=524.70
2026-01-28 12:01:49,659 [INFO]     NSE:OIL-EQ | CVD=776445 vs Ref=1883485 | VAH=488.40
2026-01-28 12:01:49,843 [INFO]     NSE:NATIONALUM-EQ | CVD=479917 vs Ref=481038 | VAH=391.50
2026-01-28 12:01:50,031 [INFO]     NSE:KALYANKJIL-EQ | CVD=-72471 vs Ref=119217 | VAH=373.95
2026-01-28 12:01:50,230 [INFO]     NSE:ONGC-EQ | CVD=10085340 vs Ref=11237625 | VAH=264.00
2026-01-28 12:01:50,425 [INFO]     NSE:JIOFIN-EQ | CVD=788328 vs Ref=545350 | VAH=257.40
2026-01-28 12:01:50,626 [INFO]     NSE:WIPRO-EQ | CVD=1159811 vs Ref=640617 | VAH=237.60
2026-01-28 12:01:50,829 [INFO]     NSE:YESBANK-EQ | CVD=3940232 vs Ref=7921551 | VAH=21.40
2026-01-28 12:02:50,831 [INFO] 🔍 Scanning for alerts on 14 symbols (5min)...
2026-01-28 12:02:51,017 [INFO]     NSE:HAVELLS-EQ | CVD=-98973 vs Ref=14748 | VAH=1291.50
2026-01-28 12:02:51,237 [INFO]     NSE:PAYTM-EQ | CVD=280484 vs Ref=378055 | VAH=1165.50
2026-01-28 12:02:51,452 [INFO]     NSE:SHRIRAMFIN-EQ | CVD=528396 vs Ref=556824 | VAH=1012.50
2026-01-28 12:02:53,440 [INFO]     NSE:LODHA-EQ | CVD=-66499 vs Ref=50573 | VAH=924.30
2026-01-28 12:02:53,653 [INFO]     NSE:SBICARD-EQ | CVD=-5047 vs Ref=54892 | VAH=788.10
2026-01-28 12:02:53,859 [INFO]     NSE:CAMS-EQ | CVD=150895 vs Ref=166334 | VAH=705.60
2026-01-28 12:02:54,070 [INFO]     NSE:PGEL-EQ | CVD=32495 vs Ref=60181 | VAH=524.70
2026-01-28 12:02:54,273 [INFO]     NSE:OIL-EQ | CVD=745484 vs Ref=1883485 | VAH=488.40
2026-01-28 12:02:54,452 [INFO]     NSE:NATIONALUM-EQ | CVD=479917 vs Ref=481038 | VAH=391.50
2026-01-28 12:02:54,639 [INFO]     NSE:KALYANKJIL-EQ | CVD=-99325 vs Ref=119217 | VAH=373.95
2026-01-28 12:02:54,769 [INFO]     NSE:ONGC-EQ | CVD=11138524 vs Ref=11237625 | VAH=264.00
2026-01-28 12:02:54,936 [INFO]     NSE:JIOFIN-EQ | CVD=713906 vs Ref=545350 | VAH=257.40
2026-01-28 12:02:55,118 [INFO]     NSE:WIPRO-EQ | CVD=1153062 vs Ref=640617 | VAH=237.60
2026-01-28 12:02:55,308 [INFO]     NSE:YESBANK-EQ | CVD=4087387 vs Ref=7921551 | VAH=21.40
2026-01-28 12:03:55,310 [INFO] 🔍 Scanning for alerts on 14 symbols (5min)...
2026-01-28 12:03:55,488 [INFO]     NSE:HAVELLS-EQ | CVD=-100085 vs Ref=14748 | VAH=1291.50
2026-01-28 12:03:55,698 [INFO]     NSE:PAYTM-EQ | CVD=266448 vs Ref=378055 | VAH=1165.50
2026-01-28 12:03:55,913 [INFO]     NSE:SHRIRAMFIN-EQ | CVD=530181 vs Ref=556824 | VAH=1012.50
2026-01-28 12:03:57,940 [INFO]     NSE:LODHA-EQ | CVD=-63544 vs Ref=50573 | VAH=924.30
2026-01-28 12:03:58,145 [INFO]     NSE:SBICARD-EQ | CVD=-4303 vs Ref=54892 | VAH=788.10
2026-01-28 12:03:58,323 [INFO]     NSE:CAMS-EQ | CVD=150655 vs Ref=166334 | VAH=705.60
2026-01-28 12:03:58,561 [INFO]     NSE:PGEL-EQ | CVD=32218 vs Ref=60181 | VAH=524.70
2026-01-28 12:03:58,751 [INFO]     NSE:OIL-EQ | CVD=775414 vs Ref=1883485 | VAH=488.40
2026-01-28 12:03:58,931 [INFO]     NSE:NATIONALUM-EQ | CVD=479917 vs Ref=481038 | VAH=391.50
2026-01-28 12:03:59,143 [INFO]     NSE:KALYANKJIL-EQ | CVD=-96109 vs Ref=119217 | VAH=373.95
2026-01-28 12:03:59,346 [INFO] 🚀 [BUY ALERT] NSE:ONGC-EQ (5min) triggered at 12:00!
2026-01-28 12:03:59,347 [INFO]     ✅ Price: 265.00 > FRVP VAH: 264.00
2026-01-28 12:03:59,347 [INFO]     ✅ CVD:   11615500 > CVD Ref:  11237625
2026-01-28 12:03:59,348 [INFO]     ℹ️  FRVP Info: POC=260.70, VAH=264.00
2026-01-28 12:03:59,349 [INFO]     NSE:ONGC-EQ | CVD=11615500 vs Ref=11237625 | VAH=264.00
2026-01-28 12:03:59,499 [INFO]     NSE:JIOFIN-EQ | CVD=638384 vs Ref=545350 | VAH=257.40
2026-01-28 12:03:59,742 [INFO]     NSE:WIPRO-EQ | CVD=1163210 vs Ref=640617 | VAH=237.60
2026-01-28 12:03:59,943 [INFO]     NSE:YESBANK-EQ | CVD=4134661 vs Ref=7921551 | VAH=21.40
2026-01-28 12:04:59,944 [INFO] 🔍 Scanning for alerts on 13 symbols (5min)...
2026-01-28 12:05:00,167 [INFO]     NSE:HAVELLS-EQ | CVD=-97442 vs Ref=14748 | VAH=1291.50
2026-01-28 12:05:00,333 [INFO]     NSE:PAYTM-EQ | CVD=260286 vs Ref=378055 | VAH=1165.50
2026-01-28 12:05:00,473 [INFO]     NSE:SHRIRAMFIN-EQ | CVD=534688 vs Ref=556824 | VAH=1012.50
2026-01-28 12:05:02,595 [INFO]     NSE:LODHA-EQ | CVD=-56699 vs Ref=50573 | VAH=924.30
2026-01-28 12:05:02,941 [INFO]     NSE:SBICARD-EQ | CVD=-4850 vs Ref=54892 | VAH=788.10
2026-01-28 12:05:03,189 [INFO]     NSE:CAMS-EQ | CVD=151455 vs Ref=166334 | VAH=705.60
2026-01-28 12:05:03,396 [INFO]     NSE:PGEL-EQ | CVD=37886 vs Ref=60181 | VAH=524.70
2026-01-28 12:05:03,676 [INFO]     NSE:OIL-EQ | CVD=787635 vs Ref=1883485 | VAH=488.40
2026-01-28 12:05:03,909 [INFO]     NSE:NATIONALUM-EQ | CVD=479917 vs Ref=481038 | VAH=391.50
2026-01-28 12:05:04,174 [INFO]     NSE:KALYANKJIL-EQ | CVD=-77266 vs Ref=119217 | VAH=373.95
2026-01-28 12:05:04,442 [INFO]     NSE:JIOFIN-EQ | CVD=458080 vs Ref=545350 | VAH=257.40
2026-01-28 12:05:04,702 [INFO]     NSE:WIPRO-EQ | CVD=1155001 vs Ref=640617 | VAH=237.60
2026-01-28 12:05:04,966 [INFO]     NSE:YESBANK-EQ | CVD=4083083 vs Ref=7921551 | VAH=21.40
2026-01-28 12:06:04,967 [INFO] 🔍 Scanning for alerts on 13 symbols (5min)...
2026-01-28 12:06:05,188 [INFO]     NSE:HAVELLS-EQ | CVD=-98142 vs Ref=14748 | VAH=1291.50
2026-01-28 12:06:05,330 [INFO]     NSE:PAYTM-EQ | CVD=266380 vs Ref=378055 | VAH=1165.50
2026-01-28 12:06:05,532 [INFO]     NSE:SHRIRAMFIN-EQ | CVD=534737 vs Ref=556824 | VAH=1012.50
2026-01-28 12:06:05,744 [INFO]     NSE:LODHA-EQ | CVD=-57571 vs Ref=50573 | VAH=924.30
2026-01-28 12:06:05,951 [INFO]     NSE:SBICARD-EQ | CVD=-50257 vs Ref=54892 | VAH=788.10
2026-01-28 12:06:06,145 [INFO]     NSE:CAMS-EQ | CVD=151485 vs Ref=166334 | VAH=705.60
2026-01-28 12:06:06,326 [INFO]     NSE:PGEL-EQ | CVD=40886 vs Ref=60181 | VAH=524.70
2026-01-28 12:06:06,557 [INFO]     NSE:OIL-EQ | CVD=833893 vs Ref=1883485 | VAH=488.40
2026-01-28 12:06:06,745 [INFO]     NSE:NATIONALUM-EQ | CVD=479917 vs Ref=481038 | VAH=391.50
2026-01-28 12:06:06,912 [INFO]     NSE:KALYANKJIL-EQ | CVD=-80884 vs Ref=119217 | VAH=373.95
2026-01-28 12:06:07,057 [INFO]     NSE:JIOFIN-EQ | CVD=541734 vs Ref=545350 | VAH=257.40
2026-01-28 12:06:07,235 [INFO]     NSE:WIPRO-EQ | CVD=1205784 vs Ref=640617 | VAH=237.60
2026-01-28 12:06:07,412 [INFO]     NSE:YESBANK-EQ | CVD=4117052 vs Ref=7921551 | VAH=21.40
2026-01-28 12:07:07,414 [INFO] 🔍 Scanning for alerts on 13 symbols (5min)...
2026-01-28 12:07:07,595 [INFO]     NSE:HAVELLS-EQ | CVD=-95779 vs Ref=14748 | VAH=1291.50
2026-01-28 12:07:07,765 [INFO]     NSE:PAYTM-EQ | CVD=275793 vs Ref=378055 | VAH=1165.50
2026-01-28 12:07:07,943 [INFO]     NSE:SHRIRAMFIN-EQ | CVD=545641 vs Ref=556824 | VAH=1012.50
2026-01-28 12:07:08,139 [INFO]     NSE:LODHA-EQ | CVD=-57626 vs Ref=50573 | VAH=924.30
2026-01-28 12:07:08,302 [INFO]     NSE:SBICARD-EQ | CVD=-47092 vs Ref=54892 | VAH=788.10
2026-01-28 12:07:08,477 [INFO]     NSE:CAMS-EQ | CVD=155179 vs Ref=166334 | VAH=705.60
2026-01-28 12:07:08,644 [INFO]     NSE:PGEL-EQ | CVD=43067 vs Ref=60181 | VAH=524.70
2026-01-28 12:07:08,826 [INFO]     NSE:OIL-EQ | CVD=872574 vs Ref=1883485 | VAH=488.40
2026-01-28 12:07:09,053 [INFO]     NSE:NATIONALUM-EQ | CVD=479917 vs Ref=481038 | VAH=391.50
2026-01-28 12:07:09,284 [INFO]     NSE:KALYANKJIL-EQ | CVD=-76754 vs Ref=119217 | VAH=373.95
2026-01-28 12:07:09,497 [INFO]     NSE:JIOFIN-EQ | CVD=707603 vs Ref=545350 | VAH=257.40
2026-01-28 12:07:09,642 [INFO]     NSE:WIPRO-EQ | CVD=1215119 vs Ref=640617 | VAH=237.60
2026-01-28 12:07:09,821 [INFO]     NSE:YESBANK-EQ | CVD=4168801 vs Ref=7921551 | VAH=21.40
2026-01-28 12:08:09,822 [INFO] 🔍 Scanning for alerts on 13 symbols (5min)...
2026-01-28 12:08:10,001 [INFO]     NSE:HAVELLS-EQ | CVD=-96141 vs Ref=14748 | VAH=1291.50
2026-01-28 12:08:10,214 [INFO]     NSE:PAYTM-EQ | CVD=283874 vs Ref=378055 | VAH=1165.50
2026-01-28 12:08:10,421 [INFO]     NSE:SHRIRAMFIN-EQ | CVD=553061 vs Ref=556824 | VAH=1012.50
2026-01-28 12:08:10,631 [INFO]     NSE:LODHA-EQ | CVD=-57875 vs Ref=50573 | VAH=924.30
2026-01-28 12:08:10,851 [INFO]     NSE:SBICARD-EQ | CVD=-45386 vs Ref=54892 | VAH=788.10
2026-01-28 12:08:11,063 [INFO]     NSE:CAMS-EQ | CVD=157980 vs Ref=166334 | VAH=705.60
2026-01-28 12:08:11,229 [INFO]     NSE:PGEL-EQ | CVD=44037 vs Ref=60181 | VAH=524.70
2026-01-28 12:08:11,440 [INFO]     NSE:OIL-EQ | CVD=823348 vs Ref=1883485 | VAH=488.40
2026-01-28 12:08:11,586 [INFO]     NSE:NATIONALUM-EQ | CVD=479917 vs Ref=481038 | VAH=391.50
2026-01-28 12:08:11,794 [INFO]     NSE:KALYANKJIL-EQ | CVD=-78874 vs Ref=119217 | VAH=373.95
2026-01-28 12:08:12,005 [INFO]     NSE:JIOFIN-EQ | CVD=637610 vs Ref=545350 | VAH=257.40
2026-01-28 12:08:12,184 [INFO]     NSE:WIPRO-EQ | CVD=1226339 vs Ref=640617 | VAH=237.60
2026-01-28 12:08:12,356 [INFO]     NSE:YESBANK-EQ | CVD=4072927 vs Ref=7921551 | VAH=21.40
2026-01-28 12:09:12,357 [INFO] 🔍 Scanning for alerts on 13 symbols (5min)...
2026-01-28 12:09:12,534 [INFO]     NSE:HAVELLS-EQ | CVD=-97840 vs Ref=14748 | VAH=1291.50
2026-01-28 12:09:12,748 [INFO]     NSE:PAYTM-EQ | CVD=272277 vs Ref=378055 | VAH=1165.50
2026-01-28 12:09:12,898 [INFO]     NSE:SHRIRAMFIN-EQ | CVD=556564 vs Ref=556824 | VAH=1012.50
2026-01-28 12:09:13,085 [INFO]     NSE:LODHA-EQ | CVD=-55864 vs Ref=50573 | VAH=924.30
2026-01-28 12:09:13,264 [INFO]     NSE:SBICARD-EQ | CVD=-48382 vs Ref=54892 | VAH=788.10
2026-01-28 12:09:13,411 [INFO]     NSE:CAMS-EQ | CVD=157115 vs Ref=166334 | VAH=705.60
2026-01-28 12:09:13,612 [INFO]     NSE:PGEL-EQ | CVD=43375 vs Ref=60181 | VAH=524.70
2026-01-28 12:09:13,821 [INFO]     NSE:OIL-EQ | CVD=855045 vs Ref=1883485 | VAH=488.40
2026-01-28 12:09:14,019 [INFO]     NSE:NATIONALUM-EQ | CVD=479917 vs Ref=481038 | VAH=391.50
2026-01-28 12:09:14,216 [INFO]     NSE:KALYANKJIL-EQ | CVD=-95242 vs Ref=119217 | VAH=373.95
2026-01-28 12:09:14,419 [INFO]     NSE:JIOFIN-EQ | CVD=558400 vs Ref=545350 | VAH=257.40
2026-01-28 12:09:14,601 [INFO]     NSE:WIPRO-EQ | CVD=1235890 vs Ref=640617 | VAH=237.60
2026-01-28 12:09:14,812 [INFO]     NSE:YESBANK-EQ | CVD=4261121 vs Ref=7921551 | VAH=21.40
2026-01-28 12:10:14,815 [INFO] 🔍 Scanning for alerts on 13 symbols (5min)...
2026-01-28 12:10:15,986 [INFO]     NSE:HAVELLS-EQ | CVD=-98598 vs Ref=14748 | VAH=1291.50
2026-01-28 12:10:17,200 [INFO]     NSE:PAYTM-EQ | CVD=283990 vs Ref=378055 | VAH=1165.50
2026-01-28 12:10:18,408 [INFO]     NSE:SHRIRAMFIN-EQ | CVD=553002 vs Ref=556824 | VAH=1012.50
2026-01-28 12:10:19,613 [INFO]     NSE:LODHA-EQ | CVD=-52309 vs Ref=50573 | VAH=924.30
2026-01-28 12:10:20,776 [INFO]     NSE:SBICARD-EQ | CVD=-51247 vs Ref=54892 | VAH=788.10
2026-01-28 12:10:21,937 [INFO]     NSE:CAMS-EQ | CVD=156566 vs Ref=166334 | VAH=705.60
2026-01-28 12:10:23,217 [INFO]     NSE:PGEL-EQ | CVD=45325 vs Ref=60181 | VAH=524.70
2026-01-28 12:10:24,626 [INFO]     NSE:OIL-EQ | CVD=820219 vs Ref=1883485 | VAH=488.40
2026-01-28 12:10:25,815 [INFO]     NSE:NATIONALUM-EQ | CVD=479917 vs Ref=481038 | VAH=391.50
2026-01-28 12:10:27,004 [INFO]     NSE:KALYANKJIL-EQ | CVD=-100530 vs Ref=119217 | VAH=373.95
2026-01-28 12:10:28,139 [INFO]     NSE:JIOFIN-EQ | CVD=661873 vs Ref=545350 | VAH=257.40
2026-01-28 12:10:29,324 [INFO]     NSE:WIPRO-EQ | CVD=1260991 vs Ref=640617 | VAH=237.60
2026-01-28 12:10:30,506 [INFO]     NSE:YESBANK-EQ | CVD=4153700 vs Ref=7921551 | VAH=21.40
2026-01-28 12:11:30,509 [INFO] 🔍 Scanning for alerts on 13 symbols (5min)...
2026-01-28 12:11:30,735 [INFO]     NSE:HAVELLS-EQ | CVD=-100514 vs Ref=14748 | VAH=1291.50
2026-01-28 12:11:30,962 [INFO]     NSE:PAYTM-EQ | CVD=341316 vs Ref=378055 | VAH=1165.50
2026-01-28 12:11:31,173 [INFO]     NSE:SHRIRAMFIN-EQ | CVD=551066 vs Ref=556824 | VAH=1012.50
2026-01-28 12:11:31,377 [INFO]     NSE:LODHA-EQ | CVD=-52362 vs Ref=50573 | VAH=924.30
2026-01-28 12:11:31,587 [INFO]     NSE:SBICARD-EQ | CVD=-61769 vs Ref=54892 | VAH=788.10
2026-01-28 12:11:31,769 [INFO] 🚀 [BUY ALERT] NSE:CAMS-EQ (5min) triggered at 12:10!
2026-01-28 12:11:31,770 [INFO]     ✅ Price: 707.10 > FRVP VAH: 705.60
2026-01-28 12:11:31,770 [INFO]     ✅ CVD:   166827 > CVD Ref:  166334
2026-01-28 12:11:31,771 [INFO]     ℹ️  FRVP Info: POC=705.60, VAH=705.60
2026-01-28 12:11:31,771 [INFO]     NSE:CAMS-EQ | CVD=166827 vs Ref=166334 | VAH=705.60
2026-01-28 12:11:31,955 [INFO]     NSE:PGEL-EQ | CVD=41814 vs Ref=60181 | VAH=524.70
2026-01-28 12:11:32,157 [INFO]     NSE:OIL-EQ | CVD=767571 vs Ref=1883485 | VAH=488.40
2026-01-28 12:11:32,329 [INFO]     NSE:NATIONALUM-EQ | CVD=479917 vs Ref=481038 | VAH=391.50
2026-01-28 12:11:32,534 [INFO]     NSE:KALYANKJIL-EQ | CVD=-102115 vs Ref=119217 | VAH=373.95
2026-01-28 12:11:32,763 [INFO]     NSE:JIOFIN-EQ | CVD=590680 vs Ref=545350 | VAH=257.40
2026-01-28 12:11:32,972 [INFO]     NSE:WIPRO-EQ | CVD=1215154 vs Ref=640617 | VAH=237.60
2026-01-28 12:11:33,198 [INFO]     NSE:YESBANK-EQ | CVD=4102096 vs Ref=7921551 | VAH=21.40
2026-01-28 12:12:33,200 [INFO] 🔍 Scanning for alerts on 12 symbols (5min)...
2026-01-28 12:12:33,439 [INFO]     NSE:HAVELLS-EQ | CVD=-102987 vs Ref=14748 | VAH=1291.50
2026-01-28 12:12:33,587 [INFO]     NSE:PAYTM-EQ | CVD=350067 vs Ref=378055 | VAH=1165.50
2026-01-28 12:12:33,860 [INFO]     NSE:SHRIRAMFIN-EQ | CVD=548745 vs Ref=556824 | VAH=1012.50
2026-01-28 12:12:34,064 [INFO]     NSE:LODHA-EQ | CVD=-51681 vs Ref=50573 | VAH=924.30
2026-01-28 12:12:34,253 [INFO]     NSE:SBICARD-EQ | CVD=-76884 vs Ref=54892 | VAH=788.10
2026-01-28 12:12:34,417 [INFO]     NSE:PGEL-EQ | CVD=38517 vs Ref=60181 | VAH=524.70
2026-01-28 12:12:34,568 [INFO]     NSE:OIL-EQ | CVD=812364 vs Ref=1883485 | VAH=488.40
2026-01-28 12:12:34,734 [INFO]     NSE:NATIONALUM-EQ | CVD=479917 vs Ref=481038 | VAH=391.50
2026-01-28 12:12:34,913 [INFO]     NSE:KALYANKJIL-EQ | CVD=-99597 vs Ref=119217 | VAH=373.95
2026-01-28 12:12:35,128 [INFO]     NSE:JIOFIN-EQ | CVD=555869 vs Ref=545350 | VAH=257.40
2026-01-28 12:12:35,335 [INFO]     NSE:WIPRO-EQ | CVD=1205022 vs Ref=640617 | VAH=237.60
2026-01-28 12:12:35,546 [INFO]     NSE:YESBANK-EQ | CVD=4118088 vs Ref=7921551 | VAH=21.40
2026-01-28 12:13:35,547 [INFO] 🔍 Scanning for alerts on 12 symbols (5min)...
2026-01-28 12:13:35,734 [INFO]     NSE:HAVELLS-EQ | CVD=-103667 vs Ref=14748 | VAH=1291.50
2026-01-28 12:13:35,961 [INFO]     NSE:PAYTM-EQ | CVD=371244 vs Ref=378055 | VAH=1165.50
2026-01-28 12:13:36,165 [INFO]     NSE:SHRIRAMFIN-EQ | CVD=544159 vs Ref=556824 | VAH=1012.50
2026-01-28 12:13:36,320 [INFO]     NSE:LODHA-EQ | CVD=-52429 vs Ref=50573 | VAH=924.30
2026-01-28 12:13:36,475 [INFO]     NSE:SBICARD-EQ | CVD=-71318 vs Ref=54892 | VAH=788.10
2026-01-28 12:13:36,708 [INFO]     NSE:PGEL-EQ | CVD=39903 vs Ref=60181 | VAH=524.70
2026-01-28 12:13:36,922 [INFO]     NSE:OIL-EQ | CVD=860899 vs Ref=1883485 | VAH=488.40
2026-01-28 12:13:37,134 [INFO]     NSE:NATIONALUM-EQ | CVD=479917 vs Ref=481038 | VAH=391.50
2026-01-28 12:13:37,320 [INFO]     NSE:KALYANKJIL-EQ | CVD=-98832 vs Ref=119217 | VAH=373.95
2026-01-28 12:13:37,491 [INFO]     NSE:JIOFIN-EQ | CVD=542126 vs Ref=545350 | VAH=257.40
2026-01-28 12:13:37,663 [INFO]     NSE:WIPRO-EQ | CVD=1194688 vs Ref=640617 | VAH=237.60
2026-01-28 12:13:37,858 [INFO]     NSE:YESBANK-EQ | CVD=4082495 vs Ref=7921551 | VAH=21.40
2026-01-28 12:14:37,860 [INFO] 🔍 Scanning for alerts on 12 symbols (5min)...
2026-01-28 12:14:38,044 [INFO]     NSE:HAVELLS-EQ | CVD=-104007 vs Ref=14748 | VAH=1291.50
2026-01-28 12:14:38,241 [INFO]     NSE:PAYTM-EQ | CVD=317316 vs Ref=378055 | VAH=1165.50
2026-01-28 12:14:38,471 [INFO]     NSE:SHRIRAMFIN-EQ | CVD=548422 vs Ref=556824 | VAH=1012.50
2026-01-28 12:14:38,689 [INFO]     NSE:LODHA-EQ | CVD=-54602 vs Ref=50573 | VAH=924.30
2026-01-28 12:14:38,912 [INFO]     NSE:SBICARD-EQ | CVD=-66772 vs Ref=54892 | VAH=788.10
2026-01-28 12:14:39,097 [INFO]     NSE:PGEL-EQ | CVD=39687 vs Ref=60181 | VAH=524.70
2026-01-28 12:14:39,286 [INFO]     NSE:OIL-EQ | CVD=815948 vs Ref=1883485 | VAH=488.40
2026-01-28 12:14:39,439 [INFO]     NSE:NATIONALUM-EQ | CVD=479917 vs Ref=481038 | VAH=391.50
2026-01-28 12:14:39,649 [INFO]     NSE:KALYANKJIL-EQ | CVD=-93201 vs Ref=119217 | VAH=373.95
2026-01-28 12:14:39,857 [INFO]     NSE:JIOFIN-EQ | CVD=524364 vs Ref=545350 | VAH=257.40
2026-01-28 12:14:40,020 [INFO]     NSE:WIPRO-EQ | CVD=1183482 vs Ref=640617 | VAH=237.60
2026-01-28 12:14:40,236 [INFO]     NSE:YESBANK-EQ | CVD=4101136 vs Ref=7921551 | VAH=21.40
2026-01-28 12:15:40,237 [INFO] 🔍 Scanning for alerts on 12 symbols (5min)...
2026-01-28 12:15:40,480 [INFO]     NSE:HAVELLS-EQ | CVD=-106895 vs Ref=14748 | VAH=1291.50
2026-01-28 12:15:40,689 [INFO]     NSE:PAYTM-EQ | CVD=307378 vs Ref=378055 | VAH=1165.50
2026-01-28 12:15:40,871 [INFO]     NSE:SHRIRAMFIN-EQ | CVD=550202 vs Ref=556824 | VAH=1012.50
2026-01-28 12:15:41,093 [INFO]     NSE:LODHA-EQ | CVD=-53697 vs Ref=50573 | VAH=924.30
2026-01-28 12:15:41,308 [INFO]     NSE:SBICARD-EQ | CVD=-78563 vs Ref=54892 | VAH=788.10
2026-01-28 12:15:41,513 [INFO]     NSE:PGEL-EQ | CVD=42600 vs Ref=60181 | VAH=524.70
2026-01-28 12:15:41,704 [INFO]     NSE:OIL-EQ | CVD=858978 vs Ref=1883485 | VAH=488.40
2026-01-28 12:15:41,916 [INFO]     NSE:NATIONALUM-EQ | CVD=479917 vs Ref=481038 | VAH=391.50
2026-01-28 12:15:42,114 [INFO]     NSE:KALYANKJIL-EQ | CVD=-96110 vs Ref=119217 | VAH=373.95
2026-01-28 12:15:42,280 [INFO]     NSE:JIOFIN-EQ | CVD=499955 vs Ref=545350 | VAH=257.40
2026-01-28 12:15:42,448 [INFO]     NSE:WIPRO-EQ | CVD=1174115 vs Ref=640617 | VAH=237.60
2026-01-28 12:15:42,629 [INFO]     NSE:YESBANK-EQ | CVD=4285630 vs Ref=7921551 | VAH=21.40
2026-01-28 12:16:42,631 [INFO] 🔍 Scanning for alerts on 12 symbols (5min)...
2026-01-28 12:16:42,816 [INFO]     NSE:HAVELLS-EQ | CVD=-107430 vs Ref=14748 | VAH=1291.50
2026-01-28 12:16:43,028 [INFO]     NSE:PAYTM-EQ | CVD=302646 vs Ref=378055 | VAH=1165.50
2026-01-28 12:16:43,243 [INFO]     NSE:SHRIRAMFIN-EQ | CVD=566116 vs Ref=556824 | VAH=1012.50
2026-01-28 12:16:43,426 [INFO]     NSE:LODHA-EQ | CVD=-51803 vs Ref=50573 | VAH=924.30
2026-01-28 12:16:43,642 [INFO]     NSE:SBICARD-EQ | CVD=-86159 vs Ref=54892 | VAH=788.10
2026-01-28 12:16:43,825 [INFO]     NSE:PGEL-EQ | CVD=40625 vs Ref=60181 | VAH=524.70
2026-01-28 12:16:44,055 [INFO]     NSE:OIL-EQ | CVD=934937 vs Ref=1883485 | VAH=488.40
2026-01-28 12:16:44,257 [INFO]     NSE:NATIONALUM-EQ | CVD=479917 vs Ref=481038 | VAH=391.50
2026-01-28 12:16:44,431 [INFO]     NSE:KALYANKJIL-EQ | CVD=-110060 vs Ref=119217 | VAH=373.95
2026-01-28 12:16:44,579 [INFO]     NSE:JIOFIN-EQ | CVD=564499 vs Ref=545350 | VAH=257.40
2026-01-28 12:16:44,754 [INFO]     NSE:WIPRO-EQ | CVD=1158429 vs Ref=640617 | VAH=237.60
2026-01-28 12:16:44,966 [INFO]     NSE:YESBANK-EQ | CVD=4459292 vs Ref=7921551 | VAH=21.40
2026-01-28 12:17:44,968 [INFO] 🔍 Scanning for alerts on 12 symbols (5min)...
2026-01-28 12:17:45,191 [INFO]     NSE:HAVELLS-EQ | CVD=-106743 vs Ref=14748 | VAH=1291.50
2026-01-28 12:17:45,404 [INFO]     NSE:PAYTM-EQ | CVD=307154 vs Ref=378055 | VAH=1165.50
2026-01-28 12:17:45,580 [INFO]     NSE:SHRIRAMFIN-EQ | CVD=570776 vs Ref=556824 | VAH=1012.50
2026-01-28 12:17:45,813 [INFO]     NSE:LODHA-EQ | CVD=-51240 vs Ref=50573 | VAH=924.30
2026-01-28 12:17:47,065 [INFO]     NSE:SBICARD-EQ | CVD=-89695 vs Ref=54892 | VAH=788.10
2026-01-28 12:17:47,320 [INFO]     NSE:PGEL-EQ | CVD=42289 vs Ref=60181 | VAH=524.70
2026-01-28 12:17:47,534 [INFO]     NSE:OIL-EQ | CVD=891902 vs Ref=1883485 | VAH=488.40
2026-01-28 12:17:47,722 [INFO]     NSE:NATIONALUM-EQ | CVD=479917 vs Ref=481038 | VAH=391.50
2026-01-28 12:17:47,928 [INFO]     NSE:KALYANKJIL-EQ | CVD=-112558 vs Ref=119217 | VAH=373.95
2026-01-28 12:17:48,141 [INFO]     NSE:JIOFIN-EQ | CVD=552613 vs Ref=545350 | VAH=257.40
2026-01-28 12:17:48,347 [INFO]     NSE:WIPRO-EQ | CVD=1052964 vs Ref=640617 | VAH=237.60
2026-01-28 12:17:48,541 [INFO]     NSE:YESBANK-EQ | CVD=4496161 vs Ref=7921551 | VAH=21.40
2026-01-28 12:18:48,544 [INFO] 🔍 Scanning for alerts on 12 symbols (5min)...
2026-01-28 12:18:48,766 [INFO]     NSE:HAVELLS-EQ | CVD=-105825 vs Ref=14748 | VAH=1291.50
2026-01-28 12:18:48,988 [INFO]     NSE:PAYTM-EQ | CVD=310336 vs Ref=378055 | VAH=1165.50
2026-01-28 12:18:49,141 [INFO]     NSE:SHRIRAMFIN-EQ | CVD=566207 vs Ref=556824 | VAH=1012.50
2026-01-28 12:18:49,350 [INFO]     NSE:LODHA-EQ | CVD=-51466 vs Ref=50573 | VAH=924.30
2026-01-28 12:18:49,530 [INFO]     NSE:SBICARD-EQ | CVD=-87787 vs Ref=54892 | VAH=788.10
2026-01-28 12:18:49,765 [INFO]     NSE:PGEL-EQ | CVD=36033 vs Ref=60181 | VAH=524.70
2026-01-28 12:18:50,700 [INFO]     NSE:OIL-EQ | CVD=851115 vs Ref=1883485 | VAH=488.40
2026-01-28 12:18:50,876 [INFO]     NSE:NATIONALUM-EQ | CVD=479917 vs Ref=481038 | VAH=391.50
2026-01-28 12:18:51,108 [INFO]     NSE:KALYANKJIL-EQ | CVD=-108050 vs Ref=119217 | VAH=373.95
2026-01-28 12:18:51,317 [INFO]     NSE:JIOFIN-EQ | CVD=538716 vs Ref=545350 | VAH=257.40
2026-01-28 12:18:51,466 [INFO]     NSE:WIPRO-EQ | CVD=1071313 vs Ref=640617 | VAH=237.60
2026-01-28 12:18:51,612 [INFO]     NSE:YESBANK-EQ | CVD=4547579 vs Ref=7921551 | VAH=21.40
2026-01-28 12:19:51,614 [INFO] 🔍 Scanning for alerts on 12 symbols (5min)...
2026-01-28 12:19:51,856 [INFO]     NSE:HAVELLS-EQ | CVD=-106158 vs Ref=14748 | VAH=1291.50
2026-01-28 12:19:52,067 [INFO]     NSE:PAYTM-EQ | CVD=302901 vs Ref=378055 | VAH=1165.50
2026-01-28 12:19:52,280 [INFO]     NSE:SHRIRAMFIN-EQ | CVD=564133 vs Ref=556824 | VAH=1012.50
2026-01-28 12:19:52,459 [INFO]     NSE:LODHA-EQ | CVD=-51679 vs Ref=50573 | VAH=924.30
2026-01-28 12:19:54,441 [INFO]     NSE:SBICARD-EQ | CVD=-89188 vs Ref=54892 | VAH=788.10
2026-01-28 12:19:54,675 [INFO]     NSE:PGEL-EQ | CVD=39302 vs Ref=60181 | VAH=524.70
2026-01-28 12:19:54,891 [INFO]     NSE:OIL-EQ | CVD=816404 vs Ref=1883485 | VAH=488.40
2026-01-28 12:19:55,100 [INFO]     NSE:NATIONALUM-EQ | CVD=479917 vs Ref=481038 | VAH=391.50
2026-01-28 12:19:55,299 [INFO]     NSE:KALYANKJIL-EQ | CVD=-123503 vs Ref=119217 | VAH=373.95
2026-01-28 12:19:55,506 [INFO]     NSE:JIOFIN-EQ | CVD=554033 vs Ref=545350 | VAH=257.40
2026-01-28 12:19:55,712 [INFO]     NSE:WIPRO-EQ | CVD=1064002 vs Ref=640617 | VAH=237.60
2026-01-28 12:19:55,917 [INFO]     NSE:YESBANK-EQ | CVD=4608804 vs Ref=7921551 | VAH=21.40
2026-01-28 12:20:55,919 [INFO] 🔍 Scanning for alerts on 12 symbols (5min)...
2026-01-28 12:20:56,127 [INFO]     NSE:HAVELLS-EQ | CVD=-106803 vs Ref=14748 | VAH=1291.50
2026-01-28 12:20:56,277 [INFO]     NSE:PAYTM-EQ | CVD=325076 vs Ref=378055 | VAH=1165.50
2026-01-28 12:20:56,462 [INFO]     NSE:SHRIRAMFIN-EQ | CVD=569000 vs Ref=556824 | VAH=1012.50
2026-01-28 12:20:56,626 [INFO]     NSE:LODHA-EQ | CVD=-50023 vs Ref=50573 | VAH=924.30
2026-01-28 12:20:56,792 [INFO]     NSE:SBICARD-EQ | CVD=-87889 vs Ref=54892 | VAH=788.10
2026-01-28 12:20:56,979 [INFO]     NSE:PGEL-EQ | CVD=38069 vs Ref=60181 | VAH=524.70
2026-01-28 12:20:58,943 [INFO]     NSE:OIL-EQ | CVD=773317 vs Ref=1883485 | VAH=488.40
2026-01-28 12:20:59,152 [INFO]     NSE:NATIONALUM-EQ | CVD=479917 vs Ref=481038 | VAH=391.50
2026-01-28 12:20:59,353 [INFO]     NSE:KALYANKJIL-EQ | CVD=-144969 vs Ref=119217 | VAH=373.95
2026-01-28 12:20:59,580 [INFO]     NSE:JIOFIN-EQ | CVD=566372 vs Ref=545350 | VAH=257.40
2026-01-28 12:20:59,785 [INFO]     NSE:WIPRO-EQ | CVD=1054920 vs Ref=640617 | VAH=237.60
2026-01-28 12:20:59,951 [INFO]     NSE:YESBANK-EQ | CVD=4500945 vs Ref=7921551 | VAH=21.40
2026-01-28 12:21:59,953 [INFO] 🔍 Scanning for alerts on 12 symbols (5min)...
2026-01-28 12:22:00,186 [INFO]     NSE:HAVELLS-EQ | CVD=-107100 vs Ref=14748 | VAH=1291.50
2026-01-28 12:22:02,165 [INFO]     NSE:PAYTM-EQ | CVD=335552 vs Ref=378055 | VAH=1165.50
2026-01-28 12:22:02,465 [INFO]     NSE:SHRIRAMFIN-EQ | CVD=566220 vs Ref=556824 | VAH=1012.50
2026-01-28 12:22:02,738 [INFO]     NSE:LODHA-EQ | CVD=-49843 vs Ref=50573 | VAH=924.30
2026-01-28 12:22:02,937 [INFO]     NSE:SBICARD-EQ | CVD=-86362 vs Ref=54892 | VAH=788.10
2026-01-28 12:22:03,128 [INFO]     NSE:PGEL-EQ | CVD=38665 vs Ref=60181 | VAH=524.70
2026-01-28 12:22:03,346 [INFO]     NSE:OIL-EQ | CVD=863351 vs Ref=1883485 | VAH=488.40
2026-01-28 12:22:03,516 [INFO]     NSE:NATIONALUM-EQ | CVD=479917 vs Ref=481038 | VAH=391.50
2026-01-28 12:22:03,758 [INFO]     NSE:KALYANKJIL-EQ | CVD=-141288 vs Ref=119217 | VAH=373.95
2026-01-28 12:22:03,946 [INFO]     NSE:JIOFIN-EQ | CVD=539188 vs Ref=545350 | VAH=257.40
2026-01-28 12:22:04,188 [INFO]     NSE:WIPRO-EQ | CVD=1063908 vs Ref=640617 | VAH=237.60
2026-01-28 12:22:04,417 [INFO]     NSE:YESBANK-EQ | CVD=4593942 vs Ref=7921551 | VAH=21.40
2026-01-28 12:23:04,419 [INFO] 🔍 Scanning for alerts on 12 symbols (5min)...
2026-01-28 12:23:04,694 [INFO]     NSE:HAVELLS-EQ | CVD=-107728 vs Ref=14748 | VAH=1291.50
2026-01-28 12:23:04,975 [INFO]     NSE:PAYTM-EQ | CVD=313334 vs Ref=378055 | VAH=1165.50
2026-01-28 12:23:05,231 [INFO]     NSE:SHRIRAMFIN-EQ | CVD=567247 vs Ref=556824 | VAH=1012.50
2026-01-28 12:23:05,449 [INFO]     NSE:LODHA-EQ | CVD=-48187 vs Ref=50573 | VAH=924.30
2026-01-28 12:23:05,597 [INFO]     NSE:SBICARD-EQ | CVD=-57418 vs Ref=54892 | VAH=788.10
2026-01-28 12:23:05,833 [INFO]     NSE:PGEL-EQ | CVD=36373 vs Ref=60181 | VAH=524.70
2026-01-28 12:23:06,027 [INFO]     NSE:OIL-EQ | CVD=828118 vs Ref=1883485 | VAH=488.40
2026-01-28 12:23:06,209 [INFO]     NSE:NATIONALUM-EQ | CVD=479917 vs Ref=481038 | VAH=391.50
2026-01-28 12:23:06,384 [INFO]     NSE:KALYANKJIL-EQ | CVD=-140723 vs Ref=119217 | VAH=373.95
2026-01-28 12:23:06,542 [INFO]     NSE:JIOFIN-EQ | CVD=488253 vs Ref=545350 | VAH=257.40
2026-01-28 12:23:06,708 [INFO]     NSE:WIPRO-EQ | CVD=1075039 vs Ref=640617 | VAH=237.60
2026-01-28 12:23:06,868 [INFO]     NSE:YESBANK-EQ | CVD=4577454 vs Ref=7921551 | VAH=21.40
2026-01-28 12:24:06,869 [INFO] 🔍 Scanning for alerts on 12 symbols (5min)...
2026-01-28 12:24:07,086 [INFO]     NSE:HAVELLS-EQ | CVD=-107568 vs Ref=14748 | VAH=1291.50
2026-01-28 12:24:07,232 [INFO]     NSE:PAYTM-EQ | CVD=306399 vs Ref=378055 | VAH=1165.50
2026-01-28 12:24:07,426 [INFO]     NSE:SHRIRAMFIN-EQ | CVD=572264 vs Ref=556824 | VAH=1012.50
2026-01-28 12:24:07,588 [INFO]     NSE:LODHA-EQ | CVD=-48187 vs Ref=50573 | VAH=924.30
2026-01-28 12:24:07,777 [INFO]     NSE:SBICARD-EQ | CVD=-52213 vs Ref=54892 | VAH=788.10
2026-01-28 12:24:08,018 [INFO]     NSE:PGEL-EQ | CVD=40324 vs Ref=60181 | VAH=524.70
2026-01-28 12:24:08,233 [INFO]     NSE:OIL-EQ | CVD=856494 vs Ref=1883485 | VAH=488.40
2026-01-28 12:24:08,395 [INFO]     NSE:NATIONALUM-EQ | CVD=479917 vs Ref=481038 | VAH=391.50
2026-01-28 12:24:08,573 [INFO]     NSE:KALYANKJIL-EQ | CVD=-126564 vs Ref=119217 | VAH=373.95
2026-01-28 12:24:08,782 [INFO]     NSE:JIOFIN-EQ | CVD=470642 vs Ref=545350 | VAH=257.40
2026-01-28 12:24:08,961 [INFO]     NSE:WIPRO-EQ | CVD=1084067 vs Ref=640617 | VAH=237.60
2026-01-28 12:24:09,182 [INFO]     NSE:YESBANK-EQ | CVD=4511116 vs Ref=7921551 | VAH=21.40
2026-01-28 12:25:09,184 [INFO] 🔍 Scanning for alerts on 12 symbols (5min)...
2026-01-28 12:25:09,386 [INFO]     NSE:HAVELLS-EQ | CVD=-108016 vs Ref=14748 | VAH=1291.50
2026-01-28 12:25:09,571 [INFO]     NSE:PAYTM-EQ | CVD=306399 vs Ref=378055 | VAH=1165.50
2026-01-28 12:25:09,737 [INFO]     NSE:SHRIRAMFIN-EQ | CVD=570058 vs Ref=556824 | VAH=1012.50
2026-01-28 12:25:09,923 [INFO]     NSE:LODHA-EQ | CVD=-48187 vs Ref=50573 | VAH=924.30
2026-01-28 12:25:10,124 [INFO]     NSE:SBICARD-EQ | CVD=-52849 vs Ref=54892 | VAH=788.10
2026-01-28 12:25:10,343 [INFO]     NSE:PGEL-EQ | CVD=38513 vs Ref=60181 | VAH=524.70
2026-01-28 12:25:10,558 [INFO]     NSE:OIL-EQ | CVD=895808 vs Ref=1883485 | VAH=488.40
2026-01-28 12:25:10,768 [INFO]     NSE:NATIONALUM-EQ | CVD=479917 vs Ref=481038 | VAH=391.50
2026-01-28 12:25:10,982 [INFO]     NSE:KALYANKJIL-EQ | CVD=-129994 vs Ref=119217 | VAH=373.95
2026-01-28 12:25:11,187 [INFO]     NSE:JIOFIN-EQ | CVD=478513 vs Ref=545350 | VAH=257.40
2026-01-28 12:25:11,392 [INFO]     NSE:WIPRO-EQ | CVD=1059542 vs Ref=640617 | VAH=237.60
2026-01-28 12:25:11,542 [INFO]     NSE:YESBANK-EQ | CVD=4452112 vs Ref=7921551 | VAH=21.40
2026-01-28 12:26:11,544 [INFO] 🔍 Scanning for alerts on 12 symbols (5min)...
2026-01-28 12:26:11,726 [INFO]     NSE:HAVELLS-EQ | CVD=-108016 vs Ref=14748 | VAH=1291.50
2026-01-28 12:26:11,908 [INFO]     NSE:PAYTM-EQ | CVD=306399 vs Ref=378055 | VAH=1165.50
2026-01-28 12:26:12,075 [INFO]     NSE:SHRIRAMFIN-EQ | CVD=570058 vs Ref=556824 | VAH=1012.50
2026-01-28 12:26:12,253 [INFO]     NSE:LODHA-EQ | CVD=-48187 vs Ref=50573 | VAH=924.30
2026-01-28 12:26:12,423 [INFO]     NSE:SBICARD-EQ | CVD=-58073 vs Ref=54892 | VAH=788.10
2026-01-28 12:26:12,607 [INFO]     NSE:PGEL-EQ | CVD=38513 vs Ref=60181 | VAH=524.70
2026-01-28 12:26:12,748 [INFO]     NSE:OIL-EQ | CVD=862962 vs Ref=1883485 | VAH=488.40
2026-01-28 12:26:12,915 [INFO]     NSE:NATIONALUM-EQ | CVD=479917 vs Ref=481038 | VAH=391.50
2026-01-28 12:26:13,092 [INFO]     NSE:KALYANKJIL-EQ | CVD=-148862 vs Ref=119217 | VAH=373.95
2026-01-28 12:26:13,283 [INFO]     NSE:JIOFIN-EQ | CVD=478513 vs Ref=545350 | VAH=257.40
2026-01-28 12:26:13,480 [INFO]     NSE:WIPRO-EQ | CVD=1050491 vs Ref=640617 | VAH=237.60
2026-01-28 12:26:13,677 [INFO]     NSE:YESBANK-EQ | CVD=4312528 vs Ref=7921551 | VAH=21.40
2026-01-28 12:27:13,679 [INFO] 🔍 Scanning for alerts on 12 symbols (5min)...
2026-01-28 12:27:13,900 [INFO]     NSE:HAVELLS-EQ | CVD=-108016 vs Ref=14748 | VAH=1291.50
2026-01-28 12:27:14,114 [INFO]     NSE:PAYTM-EQ | CVD=306399 vs Ref=378055 | VAH=1165.50
2026-01-28 12:27:14,321 [INFO]     NSE:SHRIRAMFIN-EQ | CVD=570058 vs Ref=556824 | VAH=1012.50
2026-01-28 12:27:14,528 [INFO]     NSE:LODHA-EQ | CVD=-48187 vs Ref=50573 | VAH=924.30
2026-01-28 12:27:14,738 [INFO]     NSE:SBICARD-EQ | CVD=-57203 vs Ref=54892 | VAH=788.10
2026-01-28 12:27:14,930 [INFO]     NSE:PGEL-EQ | CVD=38513 vs Ref=60181 | VAH=524.70
2026-01-28 12:27:15,145 [INFO]     NSE:OIL-EQ | CVD=862962 vs Ref=1883485 | VAH=488.40
2026-01-28 12:27:15,348 [INFO]     NSE:NATIONALUM-EQ | CVD=479917 vs Ref=481038 | VAH=391.50
2026-01-28 12:27:15,529 [INFO]     NSE:KALYANKJIL-EQ | CVD=-148862 vs Ref=119217 | VAH=373.95
2026-01-28 12:27:15,708 [INFO]     NSE:JIOFIN-EQ | CVD=478513 vs Ref=545350 | VAH=257.40
2026-01-28 12:27:15,922 [INFO]     NSE:WIPRO-EQ | CVD=1060156 vs Ref=640617 | VAH=237.60
2026-01-28 12:27:16,101 [INFO]     NSE:YESBANK-EQ | CVD=4523136 vs Ref=7921551 | VAH=21.40
2026-01-28 12:28:16,102 [INFO] 🔍 Scanning for alerts on 12 symbols (5min)...
2026-01-28 12:28:16,339 [INFO]     NSE:HAVELLS-EQ | CVD=-108016 vs Ref=14748 | VAH=1291.50
2026-01-28 12:28:16,532 [INFO]     NSE:PAYTM-EQ | CVD=306399 vs Ref=378055 | VAH=1165.50
2026-01-28 12:28:16,749 [INFO]     NSE:SHRIRAMFIN-EQ | CVD=570058 vs Ref=556824 | VAH=1012.50
2026-01-28 12:28:16,965 [INFO]     NSE:LODHA-EQ | CVD=-48187 vs Ref=50573 | VAH=924.30
2026-01-28 12:28:17,180 [INFO]     NSE:SBICARD-EQ | CVD=-57880 vs Ref=54892 | VAH=788.10
2026-01-28 12:28:17,377 [INFO]     NSE:PGEL-EQ | CVD=38513 vs Ref=60181 | VAH=524.70
2026-01-28 12:28:17,581 [INFO]     NSE:OIL-EQ | CVD=862962 vs Ref=1883485 | VAH=488.40
2026-01-28 12:28:17,761 [INFO]     NSE:NATIONALUM-EQ | CVD=479917 vs Ref=481038 | VAH=391.50
2026-01-28 12:28:17,948 [INFO]     NSE:KALYANKJIL-EQ | CVD=-148862 vs Ref=119217 | VAH=373.95
2026-01-28 12:28:18,088 [INFO]     NSE:JIOFIN-EQ | CVD=478513 vs Ref=545350 | VAH=257.40
2026-01-28 12:28:18,261 [INFO]     NSE:WIPRO-EQ | CVD=1060156 vs Ref=640617 | VAH=237.60
2026-01-28 12:28:18,405 [INFO]     NSE:YESBANK-EQ | CVD=4523136 vs Ref=7921551 | VAH=21.40
2026-01-28 12:29:18,406 [INFO] 🔍 Scanning for alerts on 12 symbols (5min)...
2026-01-28 12:29:18,634 [INFO]     NSE:HAVELLS-EQ | CVD=-108016 vs Ref=14748 | VAH=1291.50
2026-01-28 12:29:18,784 [INFO]     NSE:PAYTM-EQ | CVD=306399 vs Ref=378055 | VAH=1165.50
2026-01-28 12:29:18,962 [INFO]     NSE:SHRIRAMFIN-EQ | CVD=570058 vs Ref=556824 | VAH=1012.50
2026-01-28 12:29:19,125 [INFO]     NSE:LODHA-EQ | CVD=-48187 vs Ref=50573 | VAH=924.30
2026-01-28 12:29:19,332 [INFO]     NSE:SBICARD-EQ | CVD=-57880 vs Ref=54892 | VAH=788.10
2026-01-28 12:29:19,524 [INFO]     NSE:PGEL-EQ | CVD=38513 vs Ref=60181 | VAH=524.70
2026-01-28 12:29:19,765 [INFO]     NSE:OIL-EQ | CVD=862962 vs Ref=1883485 | VAH=488.40
2026-01-28 12:29:19,976 [INFO]     NSE:NATIONALUM-EQ | CVD=479917 vs Ref=481038 | VAH=391.50
2026-01-28 12:29:20,187 [INFO]     NSE:KALYANKJIL-EQ | CVD=-148862 vs Ref=119217 | VAH=373.95
2026-01-28 12:29:20,382 [INFO]     NSE:JIOFIN-EQ | CVD=478513 vs Ref=545350 | VAH=257.40
2026-01-28 12:29:20,597 [INFO]     NSE:WIPRO-EQ | CVD=1060156 vs Ref=640617 | VAH=237.60
2026-01-28 12:29:20,812 [INFO]     NSE:YESBANK-EQ | CVD=4523136 vs Ref=7921551 | VAH=21.40
2026-01-28 12:30:20,814 [INFO] 🔍 Scanning for alerts on 12 symbols (5min)...
2026-01-28 12:30:21,033 [INFO]     NSE:HAVELLS-EQ | CVD=-108016 vs Ref=14748 | VAH=1291.50
2026-01-28 12:30:21,238 [INFO]     NSE:PAYTM-EQ | CVD=306399 vs Ref=378055 | VAH=1165.50
2026-01-28 12:30:21,408 [INFO]     NSE:SHRIRAMFIN-EQ | CVD=570058 vs Ref=556824 | VAH=1012.50
2026-01-28 12:30:21,559 [INFO]     NSE:LODHA-EQ | CVD=-48187 vs Ref=50573 | VAH=924.30
2026-01-28 12:30:21,732 [INFO]     NSE:SBICARD-EQ | CVD=-57880 vs Ref=54892 | VAH=788.10
2026-01-28 12:30:21,892 [INFO]     NSE:PGEL-EQ | CVD=38513 vs Ref=60181 | VAH=524.70
2026-01-28 12:30:22,067 [INFO]     NSE:OIL-EQ | CVD=862962 vs Ref=1883485 | VAH=488.40
2026-01-28 12:30:22,254 [INFO]     NSE:NATIONALUM-EQ | CVD=479917 vs Ref=481038 | VAH=391.50
2026-01-28 12:30:22,466 [INFO]     NSE:KALYANKJIL-EQ | CVD=-148862 vs Ref=119217 | VAH=373.95
2026-01-28 12:30:22,683 [INFO]     NSE:JIOFIN-EQ | CVD=478513 vs Ref=545350 | VAH=257.40
2026-01-28 12:30:22,840 [INFO]     NSE:WIPRO-EQ | CVD=1060156 vs Ref=640617 | VAH=237.60
2026-01-28 12:30:23,014 [INFO]     NSE:YESBANK-EQ | CVD=4523136 vs Ref=7921551 | VAH=21.40
2026-01-28 12:31:23,015 [INFO] 🔍 Scanning for alerts on 12 symbols (5min)...
2026-01-28 12:31:23,200 [INFO]     NSE:HAVELLS-EQ | CVD=-108016 vs Ref=14748 | VAH=1291.50
2026-01-28 12:31:23,485 [INFO]     NSE:PAYTM-EQ | CVD=306399 vs Ref=378055 | VAH=1165.50
2026-01-28 12:31:23,682 [INFO]     NSE:SHRIRAMFIN-EQ | CVD=570058 vs Ref=556824 | VAH=1012.50
2026-01-28 12:31:23,895 [INFO]     NSE:LODHA-EQ | CVD=-48187 vs Ref=50573 | VAH=924.30
2026-01-28 12:31:24,079 [INFO]     NSE:SBICARD-EQ | CVD=-57880 vs Ref=54892 | VAH=788.10
2026-01-28 12:31:24,246 [INFO]     NSE:PGEL-EQ | CVD=38513 vs Ref=60181 | VAH=524.70
2026-01-28 12:31:24,426 [INFO]     NSE:OIL-EQ | CVD=862962 vs Ref=1883485 | VAH=488.40
2026-01-28 12:31:24,575 [INFO]     NSE:NATIONALUM-EQ | CVD=479917 vs Ref=481038 | VAH=391.50
2026-01-28 12:31:24,788 [INFO]     NSE:KALYANKJIL-EQ | CVD=-148862 vs Ref=119217 | VAH=373.95
2026-01-28 12:31:24,996 [INFO]     NSE:JIOFIN-EQ | CVD=478513 vs Ref=545350 | VAH=257.40
2026-01-28 12:31:25,169 [INFO]     NSE:WIPRO-EQ | CVD=1060156 vs Ref=640617 | VAH=237.60
2026-01-28 12:31:25,335 [INFO]     NSE:YESBANK-EQ | CVD=4523136 vs Ref=7921551 | VAH=21.40
2026-01-28 12:32:25,337 [INFO] 🔍 Scanning for alerts on 12 symbols (5min)...
2026-01-28 12:32:25,524 [INFO]     NSE:HAVELLS-EQ | CVD=-108016 vs Ref=14748 | VAH=1291.50
2026-01-28 12:32:25,708 [INFO]     NSE:PAYTM-EQ | CVD=306399 vs Ref=378055 | VAH=1165.50
2026-01-28 12:32:25,922 [INFO]     NSE:SHRIRAMFIN-EQ | CVD=570058 vs Ref=556824 | VAH=1012.50
2026-01-28 12:32:26,131 [INFO]     NSE:LODHA-EQ | CVD=-48187 vs Ref=50573 | VAH=924.30
2026-01-28 12:32:26,346 [INFO]     NSE:SBICARD-EQ | CVD=-57880 vs Ref=54892 | VAH=788.10
2026-01-28 12:32:26,531 [INFO]     NSE:PGEL-EQ | CVD=38513 vs Ref=60181 | VAH=524.70
2026-01-28 12:32:26,695 [INFO]     NSE:OIL-EQ | CVD=862962 vs Ref=1883485 | VAH=488.40
2026-01-28 12:32:26,873 [INFO]     NSE:NATIONALUM-EQ | CVD=479917 vs Ref=481038 | VAH=391.50
2026-01-28 12:32:27,091 [INFO]     NSE:KALYANKJIL-EQ | CVD=-148862 vs Ref=119217 | VAH=373.95
2026-01-28 12:32:27,277 [INFO]     NSE:JIOFIN-EQ | CVD=478513 vs Ref=545350 | VAH=257.40
2026-01-28 12:32:27,494 [INFO]     NSE:WIPRO-EQ | CVD=1060156 vs Ref=640617 | VAH=237.60
2026-01-28 12:32:27,711 [INFO]     NSE:YESBANK-EQ | CVD=4523136 vs Ref=7921551 | VAH=21.40
2026-01-28 12:33:27,713 [INFO] 🔍 Scanning for alerts on 12 symbols (5min)...
2026-01-28 12:33:27,903 [INFO]     NSE:HAVELLS-EQ | CVD=-108016 vs Ref=14748 | VAH=1291.50
2026-01-28 12:33:28,116 [INFO]     NSE:PAYTM-EQ | CVD=306399 vs Ref=378055 | VAH=1165.50
2026-01-28 12:33:28,325 [INFO]     NSE:SHRIRAMFIN-EQ | CVD=570058 vs Ref=556824 | VAH=1012.50
2026-01-28 12:33:28,533 [INFO]     NSE:LODHA-EQ | CVD=-48187 vs Ref=50573 | VAH=924.30
2026-01-28 12:33:28,740 [INFO]     NSE:SBICARD-EQ | CVD=-57880 vs Ref=54892 | VAH=788.10
2026-01-28 12:33:28,931 [INFO]     NSE:PGEL-EQ | CVD=38513 vs Ref=60181 | VAH=524.70
2026-01-28 12:33:29,144 [INFO]     NSE:OIL-EQ | CVD=862962 vs Ref=1883485 | VAH=488.40
2026-01-28 12:33:29,348 [INFO]     NSE:NATIONALUM-EQ | CVD=479917 vs Ref=481038 | VAH=391.50
2026-01-28 12:33:29,500 [INFO]     NSE:KALYANKJIL-EQ | CVD=-148862 vs Ref=119217 | VAH=373.95
2026-01-28 12:33:29,713 [INFO]     NSE:JIOFIN-EQ | CVD=478513 vs Ref=545350 | VAH=257.40
2026-01-28 12:33:29,928 [INFO]     NSE:WIPRO-EQ | CVD=1060156 vs Ref=640617 | VAH=237.60
2026-01-28 12:33:30,139 [INFO]     NSE:YESBANK-EQ | CVD=4523136 vs Ref=7921551 | VAH=21.40
2026-01-28 12:34:30,140 [INFO] 🔍 Scanning for alerts on 12 symbols (5min)...
2026-01-28 12:34:30,360 [INFO]     NSE:HAVELLS-EQ | CVD=-108016 vs Ref=14748 | VAH=1291.50
2026-01-28 12:34:30,546 [INFO]     NSE:PAYTM-EQ | CVD=306399 vs Ref=378055 | VAH=1165.50
2026-01-28 12:34:30,711 [INFO]     NSE:SHRIRAMFIN-EQ | CVD=570058 vs Ref=556824 | VAH=1012.50
2026-01-28 12:34:30,886 [INFO]     NSE:LODHA-EQ | CVD=-48187 vs Ref=50573 | VAH=924.30
2026-01-28 12:34:31,111 [INFO]     NSE:SBICARD-EQ | CVD=-57880 vs Ref=54892 | VAH=788.10
2026-01-28 12:34:31,302 [INFO]     NSE:PGEL-EQ | CVD=38513 vs Ref=60181 | VAH=524.70
2026-01-28 12:34:31,494 [INFO]     NSE:OIL-EQ | CVD=862962 vs Ref=1883485 | VAH=488.40
2026-01-28 12:34:31,681 [INFO]     NSE:NATIONALUM-EQ | CVD=479917 vs Ref=481038 | VAH=391.50
2026-01-28 12:34:31,841 [INFO]     NSE:KALYANKJIL-EQ | CVD=-148862 vs Ref=119217 | VAH=373.95
2026-01-28 12:34:32,013 [INFO]     NSE:JIOFIN-EQ | CVD=478513 vs Ref=545350 | VAH=257.40
2026-01-28 12:34:32,161 [INFO]     NSE:WIPRO-EQ | CVD=1060156 vs Ref=640617 | VAH=237.60
2026-01-28 12:34:32,339 [INFO]     NSE:YESBANK-EQ | CVD=4523136 vs Ref=7921551 | VAH=21.40
2026-01-28 12:35:32,342 [INFO] 🔍 Scanning for alerts on 12 symbols (5min)...
2026-01-28 12:35:32,578 [INFO]     NSE:HAVELLS-EQ | CVD=-108016 vs Ref=14748 | VAH=1291.50
2026-01-28 12:35:32,790 [INFO]     NSE:PAYTM-EQ | CVD=306399 vs Ref=378055 | VAH=1165.50
2026-01-28 12:35:32,998 [INFO]     NSE:SHRIRAMFIN-EQ | CVD=570058 vs Ref=556824 | VAH=1012.50
2026-01-28 12:35:33,206 [INFO]     NSE:LODHA-EQ | CVD=-48187 vs Ref=50573 | VAH=924.30
2026-01-28 12:35:33,408 [INFO]     NSE:SBICARD-EQ | CVD=-57880 vs Ref=54892 | VAH=788.10
2026-01-28 12:35:33,624 [INFO]     NSE:PGEL-EQ | CVD=38513 vs Ref=60181 | VAH=524.70
2026-01-28 12:35:33,840 [INFO]     NSE:OIL-EQ | CVD=862962 vs Ref=1883485 | VAH=488.40
2026-01-28 12:35:34,051 [INFO]     NSE:NATIONALUM-EQ | CVD=479917 vs Ref=481038 | VAH=391.50
2026-01-28 12:35:34,233 [INFO]     NSE:KALYANKJIL-EQ | CVD=-148862 vs Ref=119217 | VAH=373.95
2026-01-28 12:35:34,381 [INFO]     NSE:JIOFIN-EQ | CVD=478513 vs Ref=545350 | VAH=257.40
2026-01-28 12:35:34,570 [INFO]     NSE:WIPRO-EQ | CVD=1060156 vs Ref=640617 | VAH=237.60
2026-01-28 12:35:34,783 [INFO]     NSE:YESBANK-EQ | CVD=4523136 vs Ref=7921551 | VAH=21.40
2026-01-28 12:36:34,785 [INFO] 🔍 Scanning for alerts on 12 symbols (5min)...
2026-01-28 12:36:35,028 [INFO]     NSE:HAVELLS-EQ | CVD=-108016 vs Ref=14748 | VAH=1291.50
2026-01-28 12:36:35,211 [INFO]     NSE:PAYTM-EQ | CVD=306399 vs Ref=378055 | VAH=1165.50
2026-01-28 12:36:35,378 [INFO]     NSE:SHRIRAMFIN-EQ | CVD=570058 vs Ref=556824 | VAH=1012.50
2026-01-28 12:36:35,561 [INFO]     NSE:LODHA-EQ | CVD=-48187 vs Ref=50573 | VAH=924.30
2026-01-28 12:36:35,751 [INFO]     NSE:SBICARD-EQ | CVD=-57880 vs Ref=54892 | VAH=788.10
2026-01-28 12:36:35,918 [INFO]     NSE:PGEL-EQ | CVD=38513 vs Ref=60181 | VAH=524.70
2026-01-28 12:36:36,094 [INFO]     NSE:OIL-EQ | CVD=862962 vs Ref=1883485 | VAH=488.40
2026-01-28 12:36:36,282 [INFO]     NSE:NATIONALUM-EQ | CVD=479917 vs Ref=481038 | VAH=391.50
2026-01-28 12:36:36,500 [INFO]     NSE:KALYANKJIL-EQ | CVD=-148862 vs Ref=119217 | VAH=373.95
2026-01-28 12:36:36,713 [INFO]     NSE:JIOFIN-EQ | CVD=478513 vs Ref=545350 | VAH=257.40
2026-01-28 12:36:36,926 [INFO]     NSE:WIPRO-EQ | CVD=1060156 vs Ref=640617 | VAH=237.60
2026-01-28 12:36:37,154 [INFO]     NSE:YESBANK-EQ | CVD=4523136 vs Ref=7921551 | VAH=21.40
2026-01-28 12:37:37,157 [INFO] 🔍 Scanning for alerts on 12 symbols (5min)...
2026-01-28 12:37:37,655 [INFO]     NSE:HAVELLS-EQ | CVD=-108016 vs Ref=14748 | VAH=1291.50
2026-01-28 12:37:38,034 [INFO]     NSE:PAYTM-EQ | CVD=306399 vs Ref=378055 | VAH=1165.50
2026-01-28 12:37:38,314 [INFO]     NSE:SHRIRAMFIN-EQ | CVD=570058 vs Ref=556824 | VAH=1012.50
2026-01-28 12:37:38,541 [INFO]     NSE:LODHA-EQ | CVD=-48187 vs Ref=50573 | VAH=924.30
2026-01-28 12:37:38,737 [INFO]     NSE:SBICARD-EQ | CVD=-57880 vs Ref=54892 | VAH=788.10
2026-01-28 12:37:39,022 [INFO]     NSE:PGEL-EQ | CVD=38513 vs Ref=60181 | VAH=524.70
2026-01-28 12:37:39,316 [INFO]     NSE:OIL-EQ | CVD=862962 vs Ref=1883485 | VAH=488.40
2026-01-28 12:37:39,588 [INFO]     NSE:NATIONALUM-EQ | CVD=479917 vs Ref=481038 | VAH=391.50
2026-01-28 12:37:39,779 [INFO]     NSE:KALYANKJIL-EQ | CVD=-148862 vs Ref=119217 | VAH=373.95
2026-01-28 12:37:39,968 [INFO]     NSE:JIOFIN-EQ | CVD=478513 vs Ref=545350 | VAH=257.40
2026-01-28 12:37:40,179 [INFO]     NSE:WIPRO-EQ | CVD=1060156 vs Ref=640617 | VAH=237.60
2026-01-28 12:37:40,456 [INFO]     NSE:YESBANK-EQ | CVD=4523136 vs Ref=7921551 | VAH=21.40
2026-01-28 12:38:40,457 [INFO] 🔍 Scanning for alerts on 12 symbols (5min)...
2026-01-28 12:38:40,727 [INFO]     NSE:HAVELLS-EQ | CVD=-108016 vs Ref=14748 | VAH=1291.50
2026-01-28 12:38:40,980 [INFO]     NSE:PAYTM-EQ | CVD=306399 vs Ref=378055 | VAH=1165.50
2026-01-28 12:38:41,512 [INFO]     NSE:SHRIRAMFIN-EQ | CVD=570058 vs Ref=556824 | VAH=1012.50
2026-01-28 12:38:41,944 [INFO]     NSE:LODHA-EQ | CVD=-48187 vs Ref=50573 | VAH=924.30
2026-01-28 12:38:42,439 [INFO]     NSE:SBICARD-EQ | CVD=-57880 vs Ref=54892 | VAH=788.10
2026-01-28 12:38:42,861 [INFO]     NSE:PGEL-EQ | CVD=38513 vs Ref=60181 | VAH=524.70
2026-01-28 12:38:43,444 [INFO]     NSE:OIL-EQ | CVD=862962 vs Ref=1883485 | VAH=488.40
2026-01-28 12:38:43,655 [INFO]     NSE:NATIONALUM-EQ | CVD=479917 vs Ref=481038 | VAH=391.50
2026-01-28 12:38:43,926 [INFO]     NSE:KALYANKJIL-EQ | CVD=-148862 vs Ref=119217 | VAH=373.95
2026-01-28 12:38:44,155 [INFO]     NSE:JIOFIN-EQ | CVD=478513 vs Ref=545350 | VAH=257.40
2026-01-28 12:38:44,409 [INFO]     NSE:WIPRO-EQ | CVD=1060156 vs Ref=640617 | VAH=237.60
2026-01-28 12:38:44,697 [INFO]     NSE:YESBANK-EQ | CVD=4523136 vs Ref=7921551 | VAH=21.40
2026-01-28 12:39:44,697 [INFO] 🔍 Scanning for alerts on 12 symbols (5min)...
2026-01-28 12:39:44,916 [INFO]     NSE:HAVELLS-EQ | CVD=-108016 vs Ref=14748 | VAH=1291.50
2026-01-28 12:39:45,136 [INFO]     NSE:PAYTM-EQ | CVD=306399 vs Ref=378055 | VAH=1165.50
2026-01-28 12:39:45,339 [INFO]     NSE:SHRIRAMFIN-EQ | CVD=570058 vs Ref=556824 | VAH=1012.50
2026-01-28 12:39:45,654 [INFO]     NSE:LODHA-EQ | CVD=-48187 vs Ref=50573 | VAH=924.30
2026-01-28 12:39:45,890 [INFO]     NSE:SBICARD-EQ | CVD=-57880 vs Ref=54892 | VAH=788.10
2026-01-28 12:39:46,125 [INFO]     NSE:PGEL-EQ | CVD=38513 vs Ref=60181 | VAH=524.70
2026-01-28 12:39:46,340 [INFO]     NSE:OIL-EQ | CVD=862962 vs Ref=1883485 | VAH=488.40
2026-01-28 12:39:46,639 [INFO]     NSE:NATIONALUM-EQ | CVD=479917 vs Ref=481038 | VAH=391.50
2026-01-28 12:39:46,902 [INFO]     NSE:KALYANKJIL-EQ | CVD=-148862 vs Ref=119217 | VAH=373.95
2026-01-28 12:39:47,118 [INFO]     NSE:JIOFIN-EQ | CVD=478513 vs Ref=545350 | VAH=257.40
2026-01-28 12:39:47,344 [INFO]     NSE:WIPRO-EQ | CVD=1060156 vs Ref=640617 | VAH=237.60
2026-01-28 12:39:47,558 [INFO]     NSE:YESBANK-EQ | CVD=4523136 vs Ref=7921551 | VAH=21.40
2026-01-28 12:40:47,561 [INFO] 🔍 Scanning for alerts on 12 symbols (5min)...
2026-01-28 12:40:47,743 [INFO]     NSE:HAVELLS-EQ | CVD=-108016 vs Ref=14748 | VAH=1291.50
2026-01-28 12:40:47,931 [INFO]     NSE:PAYTM-EQ | CVD=306399 vs Ref=378055 | VAH=1165.50
2026-01-28 12:40:48,117 [INFO]     NSE:SHRIRAMFIN-EQ | CVD=570058 vs Ref=556824 | VAH=1012.50
2026-01-28 12:40:48,324 [INFO]     NSE:LODHA-EQ | CVD=-48187 vs Ref=50573 | VAH=924.30
2026-01-28 12:40:48,548 [INFO]     NSE:SBICARD-EQ | CVD=-57880 vs Ref=54892 | VAH=788.10
2026-01-28 12:40:48,744 [INFO]     NSE:PGEL-EQ | CVD=38513 vs Ref=60181 | VAH=524.70
2026-01-28 12:40:48,953 [INFO]     NSE:OIL-EQ | CVD=862962 vs Ref=1883485 | VAH=488.40
2026-01-28 12:40:49,161 [INFO]     NSE:NATIONALUM-EQ | CVD=479917 vs Ref=481038 | VAH=391.50
2026-01-28 12:40:49,369 [INFO]     NSE:KALYANKJIL-EQ | CVD=-148862 vs Ref=119217 | VAH=373.95
2026-01-28 12:40:49,577 [INFO]     NSE:JIOFIN-EQ | CVD=478513 vs Ref=545350 | VAH=257.40
2026-01-28 12:40:49,825 [INFO]     NSE:WIPRO-EQ | CVD=1060156 vs Ref=640617 | VAH=237.60
2026-01-28 12:40:50,054 [INFO]     NSE:YESBANK-EQ | CVD=4523136 vs Ref=7921551 | VAH=21.40
2026-01-28 12:41:50,055 [INFO] 🔍 Scanning for alerts on 12 symbols (5min)...
2026-01-28 12:41:50,237 [INFO]     NSE:HAVELLS-EQ | CVD=-108016 vs Ref=14748 | VAH=1291.50
2026-01-28 12:41:50,427 [INFO]     NSE:PAYTM-EQ | CVD=306399 vs Ref=378055 | VAH=1165.50
2026-01-28 12:41:50,642 [INFO]     NSE:SHRIRAMFIN-EQ | CVD=570058 vs Ref=556824 | VAH=1012.50
2026-01-28 12:41:50,857 [INFO]     NSE:LODHA-EQ | CVD=-48187 vs Ref=50573 | VAH=924.30
2026-01-28 12:41:51,067 [INFO]     NSE:SBICARD-EQ | CVD=-57880 vs Ref=54892 | VAH=788.10
2026-01-28 12:41:51,279 [INFO]     NSE:PGEL-EQ | CVD=38513 vs Ref=60181 | VAH=524.70
2026-01-28 12:41:51,490 [INFO]     NSE:OIL-EQ | CVD=862962 vs Ref=1883485 | VAH=488.40
2026-01-28 12:41:51,752 [INFO]     NSE:NATIONALUM-EQ | CVD=479917 vs Ref=481038 | VAH=391.50
2026-01-28 12:41:51,947 [INFO]     NSE:KALYANKJIL-EQ | CVD=-148862 vs Ref=119217 | VAH=373.95
2026-01-28 12:41:52,161 [INFO]     NSE:JIOFIN-EQ | CVD=478513 vs Ref=545350 | VAH=257.40
2026-01-28 12:41:52,386 [INFO]     NSE:WIPRO-EQ | CVD=1060156 vs Ref=640617 | VAH=237.60
2026-01-28 12:41:52,607 [INFO]     NSE:YESBANK-EQ | CVD=4523136 vs Ref=7921551 | VAH=21.40
2026-01-28 12:42:52,610 [INFO] 🔍 Scanning for alerts on 12 symbols (5min)...
2026-01-28 12:42:52,778 [INFO]     NSE:HAVELLS-EQ | CVD=-108016 vs Ref=14748 | VAH=1291.50
2026-01-28 12:42:52,961 [INFO]     NSE:PAYTM-EQ | CVD=306399 vs Ref=378055 | VAH=1165.50
2026-01-28 12:42:53,149 [INFO]     NSE:SHRIRAMFIN-EQ | CVD=570058 vs Ref=556824 | VAH=1012.50
2026-01-28 12:42:53,333 [INFO]     NSE:LODHA-EQ | CVD=-48187 vs Ref=50573 | VAH=924.30
2026-01-28 12:42:55,295 [INFO]     NSE:SBICARD-EQ | CVD=-57880 vs Ref=54892 | VAH=788.10
2026-01-28 12:42:55,447 [INFO]     NSE:PGEL-EQ | CVD=38513 vs Ref=60181 | VAH=524.70
2026-01-28 12:42:55,670 [INFO]     NSE:OIL-EQ | CVD=862962 vs Ref=1883485 | VAH=488.40
2026-01-28 12:42:55,877 [INFO]     NSE:NATIONALUM-EQ | CVD=479917 vs Ref=481038 | VAH=391.50
2026-01-28 12:42:56,091 [INFO]     NSE:KALYANKJIL-EQ | CVD=-148862 vs Ref=119217 | VAH=373.95
2026-01-28 12:42:56,300 [INFO]     NSE:JIOFIN-EQ | CVD=478513 vs Ref=545350 | VAH=257.40
2026-01-28 12:42:56,498 [INFO]     NSE:WIPRO-EQ | CVD=1060156 vs Ref=640617 | VAH=237.60
2026-01-28 12:42:56,700 [INFO]     NSE:YESBANK-EQ | CVD=4523136 vs Ref=7921551 | VAH=21.40
2026-01-28 12:43:56,702 [INFO] 🔍 Scanning for alerts on 12 symbols (5min)...
2026-01-28 12:43:56,882 [INFO]     NSE:HAVELLS-EQ | CVD=-108016 vs Ref=14748 | VAH=1291.50
2026-01-28 12:43:57,044 [INFO]     NSE:PAYTM-EQ | CVD=306399 vs Ref=378055 | VAH=1165.50
2026-01-28 12:43:57,220 [INFO]     NSE:SHRIRAMFIN-EQ | CVD=570058 vs Ref=556824 | VAH=1012.50
2026-01-28 12:43:57,389 [INFO]     NSE:LODHA-EQ | CVD=-48187 vs Ref=50573 | VAH=924.30
2026-01-28 12:43:57,564 [INFO]     NSE:SBICARD-EQ | CVD=-57880 vs Ref=54892 | VAH=788.10
2026-01-28 12:43:57,777 [INFO]     NSE:PGEL-EQ | CVD=38513 vs Ref=60181 | VAH=524.70
2026-01-28 12:43:57,979 [INFO]     NSE:OIL-EQ | CVD=862962 vs Ref=1883485 | VAH=488.40
2026-01-28 12:43:59,798 [INFO]     NSE:NATIONALUM-EQ | CVD=479917 vs Ref=481038 | VAH=391.50
2026-01-28 12:43:59,985 [INFO]     NSE:KALYANKJIL-EQ | CVD=-148862 vs Ref=119217 | VAH=373.95
2026-01-28 12:44:00,174 [INFO]     NSE:JIOFIN-EQ | CVD=478513 vs Ref=545350 | VAH=257.40
2026-01-28 12:44:00,378 [INFO]     NSE:WIPRO-EQ | CVD=1060156 vs Ref=640617 | VAH=237.60
2026-01-28 12:44:00,601 [INFO]     NSE:YESBANK-EQ | CVD=4523136 vs Ref=7921551 | VAH=21.40
2026-01-28 12:45:00,603 [INFO] 🔍 Scanning for alerts on 12 symbols (5min)...
2026-01-28 12:45:00,812 [INFO]     NSE:HAVELLS-EQ | CVD=-108016 vs Ref=14748 | VAH=1291.50
2026-01-28 12:45:02,796 [INFO]     NSE:PAYTM-EQ | CVD=306399 vs Ref=378055 | VAH=1165.50
2026-01-28 12:45:03,101 [INFO]     NSE:SHRIRAMFIN-EQ | CVD=570058 vs Ref=556824 | VAH=1012.50
2026-01-28 12:45:03,369 [INFO]     NSE:LODHA-EQ | CVD=-48187 vs Ref=50573 | VAH=924.30
2026-01-28 12:45:03,646 [INFO]     NSE:SBICARD-EQ | CVD=-57880 vs Ref=54892 | VAH=788.10
2026-01-28 12:45:03,897 [INFO]     NSE:PGEL-EQ | CVD=38513 vs Ref=60181 | VAH=524.70
2026-01-28 12:45:04,161 [INFO]     NSE:OIL-EQ | CVD=862962 vs Ref=1883485 | VAH=488.40
2026-01-28 12:45:04,408 [INFO]     NSE:NATIONALUM-EQ | CVD=479917 vs Ref=481038 | VAH=391.50
2026-01-28 12:45:04,703 [INFO]     NSE:KALYANKJIL-EQ | CVD=-148862 vs Ref=119217 | VAH=373.95
2026-01-28 12:45:04,977 [INFO]     NSE:JIOFIN-EQ | CVD=478513 vs Ref=545350 | VAH=257.40
2026-01-28 12:45:05,210 [INFO]     NSE:WIPRO-EQ | CVD=1060156 vs Ref=640617 | VAH=237.60
2026-01-28 12:45:05,455 [INFO]     NSE:YESBANK-EQ | CVD=4523136 vs Ref=7921551 | VAH=21.40
2026-01-28 12:46:05,457 [INFO] 🔍 Scanning for alerts on 12 symbols (5min)...
2026-01-28 12:46:05,669 [INFO]     NSE:HAVELLS-EQ | CVD=-108016 vs Ref=14748 | VAH=1291.50
2026-01-28 12:46:05,850 [INFO]     NSE:PAYTM-EQ | CVD=306399 vs Ref=378055 | VAH=1165.50
2026-01-28 12:46:06,065 [INFO]     NSE:SHRIRAMFIN-EQ | CVD=570058 vs Ref=556824 | VAH=1012.50
2026-01-28 12:46:06,266 [INFO]     NSE:LODHA-EQ | CVD=-48187 vs Ref=50573 | VAH=924.30
2026-01-28 12:46:06,503 [INFO]     NSE:SBICARD-EQ | CVD=-57880 vs Ref=54892 | VAH=788.10
2026-01-28 12:46:06,750 [INFO]     NSE:PGEL-EQ | CVD=38513 vs Ref=60181 | VAH=524.70
2026-01-28 12:46:06,957 [INFO]     NSE:OIL-EQ | CVD=862962 vs Ref=1883485 | VAH=488.40
2026-01-28 12:46:07,263 [INFO]     NSE:NATIONALUM-EQ | CVD=479917 vs Ref=481038 | VAH=391.50
2026-01-28 12:46:07,538 [INFO]     NSE:KALYANKJIL-EQ | CVD=-148862 vs Ref=119217 | VAH=373.95
2026-01-28 12:46:07,772 [INFO]     NSE:JIOFIN-EQ | CVD=478513 vs Ref=545350 | VAH=257.40
2026-01-28 12:46:07,987 [INFO]     NSE:WIPRO-EQ | CVD=1060156 vs Ref=640617 | VAH=237.60
2026-01-28 12:46:08,163 [INFO]     NSE:YESBANK-EQ | CVD=4523136 vs Ref=7921551 | VAH=21.40
2026-01-28 12:47:08,164 [INFO] 🔍 Scanning for alerts on 12 symbols (5min)...
2026-01-28 12:47:08,384 [INFO]     NSE:HAVELLS-EQ | CVD=-108016 vs Ref=14748 | VAH=1291.50
2026-01-28 12:47:08,591 [INFO]     NSE:PAYTM-EQ | CVD=306399 vs Ref=378055 | VAH=1165.50
2026-01-28 12:47:08,774 [INFO]     NSE:SHRIRAMFIN-EQ | CVD=570058 vs Ref=556824 | VAH=1012.50
2026-01-28 12:47:08,958 [INFO]     NSE:LODHA-EQ | CVD=-48187 vs Ref=50573 | VAH=924.30
2026-01-28 12:47:09,185 [INFO]     NSE:SBICARD-EQ | CVD=-57880 vs Ref=54892 | VAH=788.10
2026-01-28 12:47:09,419 [INFO]     NSE:PGEL-EQ | CVD=38513 vs Ref=60181 | VAH=524.70
2026-01-28 12:47:09,652 [INFO]     NSE:OIL-EQ | CVD=862962 vs Ref=1883485 | VAH=488.40
2026-01-28 12:47:09,863 [INFO]     NSE:NATIONALUM-EQ | CVD=479917 vs Ref=481038 | VAH=391.50
2026-01-28 12:47:10,068 [INFO]     NSE:KALYANKJIL-EQ | CVD=-148862 vs Ref=119217 | VAH=373.95
2026-01-28 12:47:10,266 [INFO]     NSE:JIOFIN-EQ | CVD=478513 vs Ref=545350 | VAH=257.40
2026-01-28 12:47:10,489 [INFO]     NSE:WIPRO-EQ | CVD=1060156 vs Ref=640617 | VAH=237.60
2026-01-28 12:47:10,718 [INFO]     NSE:YESBANK-EQ | CVD=4523136 vs Ref=7921551 | VAH=21.40
2026-01-28 12:48:10,720 [INFO] 🔍 Scanning for alerts on 12 symbols (5min)...
2026-01-28 12:48:10,922 [INFO]     NSE:HAVELLS-EQ | CVD=-108016 vs Ref=14748 | VAH=1291.50
2026-01-28 12:48:11,196 [INFO]     NSE:PAYTM-EQ | CVD=306399 vs Ref=378055 | VAH=1165.50
2026-01-28 12:48:11,540 [INFO]     NSE:SHRIRAMFIN-EQ | CVD=570058 vs Ref=556824 | VAH=1012.50
2026-01-28 12:48:11,811 [INFO]     NSE:LODHA-EQ | CVD=-48187 vs Ref=50573 | VAH=924.30
2026-01-28 12:48:12,073 [INFO]     NSE:SBICARD-EQ | CVD=-57880 vs Ref=54892 | VAH=788.10
2026-01-28 12:48:12,422 [INFO]     NSE:PGEL-EQ | CVD=38513 vs Ref=60181 | VAH=524.70
2026-01-28 12:48:13,251 [INFO]     NSE:OIL-EQ | CVD=862962 vs Ref=1883485 | VAH=488.40
2026-01-28 12:48:13,913 [INFO]     NSE:NATIONALUM-EQ | CVD=479917 vs Ref=481038 | VAH=391.50
2026-01-28 12:48:14,376 [INFO]     NSE:KALYANKJIL-EQ | CVD=-148862 vs Ref=119217 | VAH=373.95
2026-01-28 12:48:14,683 [INFO]     NSE:JIOFIN-EQ | CVD=478513 vs Ref=545350 | VAH=257.40
2026-01-28 12:48:15,072 [INFO]     NSE:WIPRO-EQ | CVD=1060156 vs Ref=640617 | VAH=237.60
2026-01-28 12:48:15,368 [INFO]     NSE:YESBANK-EQ | CVD=4523136 vs Ref=7921551 | VAH=21.40
2026-01-28 12:49:15,370 [INFO] 🔍 Scanning for alerts on 12 symbols (5min)...
2026-01-28 12:49:15,607 [INFO]     NSE:HAVELLS-EQ | CVD=-108016 vs Ref=14748 | VAH=1291.50
2026-01-28 12:49:15,821 [INFO]     NSE:PAYTM-EQ | CVD=306399 vs Ref=378055 | VAH=1165.50
2026-01-28 12:49:16,061 [INFO]     NSE:SHRIRAMFIN-EQ | CVD=570058 vs Ref=556824 | VAH=1012.50
2026-01-28 12:49:16,262 [INFO]     NSE:LODHA-EQ | CVD=-48187 vs Ref=50573 | VAH=924.30
2026-01-28 12:49:16,553 [INFO]     NSE:SBICARD-EQ | CVD=-57880 vs Ref=54892 | VAH=788.10
2026-01-28 12:49:16,849 [INFO]     NSE:PGEL-EQ | CVD=38513 vs Ref=60181 | VAH=524.70
2026-01-28 12:49:17,049 [INFO]     NSE:OIL-EQ | CVD=862962 vs Ref=1883485 | VAH=488.40
2026-01-28 12:49:17,259 [INFO]     NSE:NATIONALUM-EQ | CVD=479917 vs Ref=481038 | VAH=391.50
2026-01-28 12:49:17,451 [INFO]     NSE:KALYANKJIL-EQ | CVD=-148862 vs Ref=119217 | VAH=373.95
2026-01-28 12:49:17,672 [INFO]     NSE:JIOFIN-EQ | CVD=478513 vs Ref=545350 | VAH=257.40
2026-01-28 12:49:18,038 [INFO]     NSE:WIPRO-EQ | CVD=1060156 vs Ref=640617 | VAH=237.60
2026-01-28 12:49:18,271 [INFO]     NSE:YESBANK-EQ | CVD=4523136 vs Ref=7921551 | VAH=21.40
2026-01-28 12:50:18,273 [INFO] 🔍 Scanning for alerts on 12 symbols (5min)...
2026-01-28 12:50:18,585 [INFO]     NSE:HAVELLS-EQ | CVD=-108016 vs Ref=14748 | VAH=1291.50
2026-01-28 12:50:18,901 [INFO]     NSE:PAYTM-EQ | CVD=306399 vs Ref=378055 | VAH=1165.50
2026-01-28 12:50:19,229 [INFO]     NSE:SHRIRAMFIN-EQ | CVD=570058 vs Ref=556824 | VAH=1012.50
2026-01-28 12:50:19,516 [INFO]     NSE:LODHA-EQ | CVD=-48187 vs Ref=50573 | VAH=924.30
2026-01-28 12:50:19,915 [INFO]     NSE:SBICARD-EQ | CVD=-57880 vs Ref=54892 | VAH=788.10
2026-01-28 12:50:20,272 [INFO]     NSE:PGEL-EQ | CVD=38513 vs Ref=60181 | VAH=524.70
2026-01-28 12:50:20,627 [INFO]     NSE:OIL-EQ | CVD=862962 vs Ref=1883485 | VAH=488.40
2026-01-28 12:50:20,939 [INFO]     NSE:NATIONALUM-EQ | CVD=479917 vs Ref=481038 | VAH=391.50
2026-01-28 12:50:21,384 [INFO]     NSE:KALYANKJIL-EQ | CVD=-148862 vs Ref=119217 | VAH=373.95
2026-01-28 12:50:21,737 [INFO]     NSE:JIOFIN-EQ | CVD=478513 vs Ref=545350 | VAH=257.40
2026-01-28 12:50:22,058 [INFO]     NSE:WIPRO-EQ | CVD=1060156 vs Ref=640617 | VAH=237.60
2026-01-28 12:50:22,519 [INFO]     NSE:YESBANK-EQ | CVD=4523136 vs Ref=7921551 | VAH=21.40
2026-01-28 12:51:22,524 [INFO] 🔍 Scanning for alerts on 12 symbols (5min)...
2026-01-28 12:51:22,788 [INFO]     NSE:HAVELLS-EQ | CVD=-108016 vs Ref=14748 | VAH=1291.50
2026-01-28 12:51:22,980 [INFO]     NSE:PAYTM-EQ | CVD=306399 vs Ref=378055 | VAH=1165.50
2026-01-28 12:51:23,235 [INFO]     NSE:SHRIRAMFIN-EQ | CVD=570058 vs Ref=556824 | VAH=1012.50
2026-01-28 12:51:23,492 [INFO]     NSE:LODHA-EQ | CVD=-48187 vs Ref=50573 | VAH=924.30
2026-01-28 12:51:23,687 [INFO]     NSE:SBICARD-EQ | CVD=-57880 vs Ref=54892 | VAH=788.10
2026-01-28 12:51:23,905 [INFO]     NSE:PGEL-EQ | CVD=38513 vs Ref=60181 | VAH=524.70
2026-01-28 12:51:24,111 [INFO]     NSE:OIL-EQ | CVD=862962 vs Ref=1883485 | VAH=488.40
2026-01-28 12:51:24,312 [INFO]     NSE:NATIONALUM-EQ | CVD=479917 vs Ref=481038 | VAH=391.50
2026-01-28 12:51:24,563 [INFO]     NSE:KALYANKJIL-EQ | CVD=-148862 vs Ref=119217 | VAH=373.95
2026-01-28 12:51:24,770 [INFO]     NSE:JIOFIN-EQ | CVD=478513 vs Ref=545350 | VAH=257.40
2026-01-28 12:51:24,988 [INFO]     NSE:WIPRO-EQ | CVD=1060156 vs Ref=640617 | VAH=237.60
2026-01-28 12:51:25,311 [INFO]     NSE:YESBANK-EQ | CVD=4523136 vs Ref=7921551 | VAH=21.40
2026-01-28 12:52:25,313 [INFO] 🔍 Scanning for alerts on 12 symbols (5min)...
2026-01-28 12:52:25,535 [INFO]     NSE:HAVELLS-EQ | CVD=-108016 vs Ref=14748 | VAH=1291.50
2026-01-28 12:52:25,743 [INFO]     NSE:PAYTM-EQ | CVD=306399 vs Ref=378055 | VAH=1165.50
2026-01-28 12:52:25,947 [INFO]     NSE:SHRIRAMFIN-EQ | CVD=570058 vs Ref=556824 | VAH=1012.50
2026-01-28 12:52:26,117 [INFO]     NSE:LODHA-EQ | CVD=-48187 vs Ref=50573 | VAH=924.30
2026-01-28 12:52:26,318 [INFO]     NSE:SBICARD-EQ | CVD=-57880 vs Ref=54892 | VAH=788.10
2026-01-28 12:52:26,516 [INFO]     NSE:PGEL-EQ | CVD=38513 vs Ref=60181 | VAH=524.70
2026-01-28 12:52:26,740 [INFO]     NSE:OIL-EQ | CVD=862962 vs Ref=1883485 | VAH=488.40
2026-01-28 12:52:26,935 [INFO]     NSE:NATIONALUM-EQ | CVD=479917 vs Ref=481038 | VAH=391.50
2026-01-28 12:52:27,132 [INFO]     NSE:KALYANKJIL-EQ | CVD=-148862 vs Ref=119217 | VAH=373.95
2026-01-28 12:52:27,351 [INFO]     NSE:JIOFIN-EQ | CVD=478513 vs Ref=545350 | VAH=257.40
2026-01-28 12:52:27,567 [INFO]     NSE:WIPRO-EQ | CVD=1060156 vs Ref=640617 | VAH=237.60
2026-01-28 12:52:27,769 [INFO]     NSE:YESBANK-EQ | CVD=4523136 vs Ref=7921551 | VAH=21.40
2026-01-28 12:53:27,771 [INFO] 🔍 Scanning for alerts on 12 symbols (5min)...
2026-01-28 12:53:27,983 [INFO]     NSE:HAVELLS-EQ | CVD=-108016 vs Ref=14748 | VAH=1291.50
2026-01-28 12:53:28,166 [INFO]     NSE:PAYTM-EQ | CVD=306399 vs Ref=378055 | VAH=1165.50
2026-01-28 12:53:28,428 [INFO]     NSE:SHRIRAMFIN-EQ | CVD=570058 vs Ref=556824 | VAH=1012.50
2026-01-28 12:53:28,642 [INFO]     NSE:LODHA-EQ | CVD=-48187 vs Ref=50573 | VAH=924.30
2026-01-28 12:53:28,847 [INFO]     NSE:SBICARD-EQ | CVD=-57880 vs Ref=54892 | VAH=788.10
2026-01-28 12:53:29,073 [INFO]     NSE:PGEL-EQ | CVD=38513 vs Ref=60181 | VAH=524.70
2026-01-28 12:53:29,296 [INFO]     NSE:OIL-EQ | CVD=862962 vs Ref=1883485 | VAH=488.40
2026-01-28 12:53:29,712 [INFO]     NSE:NATIONALUM-EQ | CVD=479917 vs Ref=481038 | VAH=391.50
2026-01-28 12:53:29,959 [INFO]     NSE:KALYANKJIL-EQ | CVD=-148862 vs Ref=119217 | VAH=373.95
2026-01-28 12:53:30,417 [INFO]     NSE:JIOFIN-EQ | CVD=478513 vs Ref=545350 | VAH=257.40
2026-01-28 12:53:30,830 [INFO]     NSE:WIPRO-EQ | CVD=1060156 vs Ref=640617 | VAH=237.60
2026-01-28 12:53:31,220 [INFO]     NSE:YESBANK-EQ | CVD=4523136 vs Ref=7921551 | VAH=21.40
2026-01-28 12:54:31,222 [INFO] 🔍 Scanning for alerts on 12 symbols (5min)...
2026-01-28 12:54:31,442 [INFO]     NSE:HAVELLS-EQ | CVD=-108016 vs Ref=14748 | VAH=1291.50
2026-01-28 12:54:31,625 [INFO]     NSE:PAYTM-EQ | CVD=306399 vs Ref=378055 | VAH=1165.50
2026-01-28 12:54:31,811 [INFO]     NSE:SHRIRAMFIN-EQ | CVD=570058 vs Ref=556824 | VAH=1012.50
2026-01-28 12:54:32,037 [INFO]     NSE:LODHA-EQ | CVD=-48187 vs Ref=50573 | VAH=924.30
2026-01-28 12:54:32,197 [INFO]     NSE:SBICARD-EQ | CVD=-57880 vs Ref=54892 | VAH=788.10
2026-01-28 12:54:32,410 [INFO]     NSE:PGEL-EQ | CVD=38513 vs Ref=60181 | VAH=524.70
2026-01-28 12:54:32,626 [INFO]     NSE:OIL-EQ | CVD=862962 vs Ref=1883485 | VAH=488.40
2026-01-28 12:54:32,806 [INFO]     NSE:NATIONALUM-EQ | CVD=479917 vs Ref=481038 | VAH=391.50
2026-01-28 12:54:33,003 [INFO]     NSE:KALYANKJIL-EQ | CVD=-148862 vs Ref=119217 | VAH=373.95
2026-01-28 12:54:33,219 [INFO]     NSE:JIOFIN-EQ | CVD=478513 vs Ref=545350 | VAH=257.40
2026-01-28 12:54:33,404 [INFO]     NSE:WIPRO-EQ | CVD=1060156 vs Ref=640617 | VAH=237.60
2026-01-28 12:54:33,617 [INFO]     NSE:YESBANK-EQ | CVD=4523136 vs Ref=7921551 | VAH=21.40
2026-01-28 12:55:33,619 [INFO] 🔍 Scanning for alerts on 12 symbols (5min)...
2026-01-28 12:55:33,855 [INFO]     NSE:HAVELLS-EQ | CVD=-108016 vs Ref=14748 | VAH=1291.50
2026-01-28 12:55:34,039 [INFO]     NSE:PAYTM-EQ | CVD=306399 vs Ref=378055 | VAH=1165.50
2026-01-28 12:55:34,219 [INFO]     NSE:SHRIRAMFIN-EQ | CVD=570058 vs Ref=556824 | VAH=1012.50
2026-01-28 12:55:34,401 [INFO]     NSE:LODHA-EQ | CVD=-48187 vs Ref=50573 | VAH=924.30
2026-01-28 12:55:34,578 [INFO]     NSE:SBICARD-EQ | CVD=-57880 vs Ref=54892 | VAH=788.10
2026-01-28 12:55:34,794 [INFO]     NSE:PGEL-EQ | CVD=38513 vs Ref=60181 | VAH=524.70
2026-01-28 12:55:34,997 [INFO]     NSE:OIL-EQ | CVD=862962 vs Ref=1883485 | VAH=488.40
2026-01-28 12:55:35,204 [INFO]     NSE:NATIONALUM-EQ | CVD=479917 vs Ref=481038 | VAH=391.50
2026-01-28 12:55:35,408 [INFO]     NSE:KALYANKJIL-EQ | CVD=-148862 vs Ref=119217 | VAH=373.95
2026-01-28 12:55:35,581 [INFO]     NSE:JIOFIN-EQ | CVD=478513 vs Ref=545350 | VAH=257.40
2026-01-28 12:55:35,793 [INFO]     NSE:WIPRO-EQ | CVD=1060156 vs Ref=640617 | VAH=237.60
2026-01-28 12:55:36,011 [INFO]     NSE:YESBANK-EQ | CVD=4523136 vs Ref=7921551 | VAH=21.40
2026-01-28 12:56:36,012 [INFO] 🔍 Scanning for alerts on 12 symbols (5min)...
2026-01-28 12:56:36,235 [INFO]     NSE:HAVELLS-EQ | CVD=-108016 vs Ref=14748 | VAH=1291.50
2026-01-28 12:56:36,448 [INFO]     NSE:PAYTM-EQ | CVD=306399 vs Ref=378055 | VAH=1165.50
2026-01-28 12:56:36,621 [INFO]     NSE:SHRIRAMFIN-EQ | CVD=570058 vs Ref=556824 | VAH=1012.50
2026-01-28 12:56:36,837 [INFO]     NSE:LODHA-EQ | CVD=-48187 vs Ref=50573 | VAH=924.30
2026-01-28 12:56:37,043 [INFO]     NSE:SBICARD-EQ | CVD=-57880 vs Ref=54892 | VAH=788.10
2026-01-28 12:56:37,259 [INFO]     NSE:PGEL-EQ | CVD=38513 vs Ref=60181 | VAH=524.70
2026-01-28 12:56:37,471 [INFO]     NSE:OIL-EQ | CVD=862962 vs Ref=1883485 | VAH=488.40
2026-01-28 12:56:37,643 [INFO]     NSE:NATIONALUM-EQ | CVD=479917 vs Ref=481038 | VAH=391.50
2026-01-28 12:56:37,827 [INFO]     NSE:KALYANKJIL-EQ | CVD=-148862 vs Ref=119217 | VAH=373.95
2026-01-28 12:56:38,011 [INFO]     NSE:JIOFIN-EQ | CVD=478513 vs Ref=545350 | VAH=257.40
2026-01-28 12:56:38,190 [INFO]     NSE:WIPRO-EQ | CVD=1060156 vs Ref=640617 | VAH=237.60
2026-01-28 12:56:38,353 [INFO]     NSE:YESBANK-EQ | CVD=4523136 vs Ref=7921551 | VAH=21.40
2026-01-28 12:57:38,354 [INFO] 🔍 Scanning for alerts on 12 symbols (5min)...
2026-01-28 12:57:38,545 [INFO]     NSE:HAVELLS-EQ | CVD=-108016 vs Ref=14748 | VAH=1291.50
2026-01-28 12:57:38,684 [INFO]     NSE:PAYTM-EQ | CVD=306399 vs Ref=378055 | VAH=1165.50
2026-01-28 12:57:38,833 [INFO]     NSE:SHRIRAMFIN-EQ | CVD=570058 vs Ref=556824 | VAH=1012.50
2026-01-28 12:57:39,009 [INFO]     NSE:LODHA-EQ | CVD=-48187 vs Ref=50573 | VAH=924.30
2026-01-28 12:57:39,188 [INFO]     NSE:SBICARD-EQ | CVD=-57880 vs Ref=54892 | VAH=788.10
2026-01-28 12:57:39,381 [INFO]     NSE:PGEL-EQ | CVD=38513 vs Ref=60181 | VAH=524.70
2026-01-28 12:57:39,564 [INFO]     NSE:OIL-EQ | CVD=862962 vs Ref=1883485 | VAH=488.40
2026-01-28 12:57:39,747 [INFO]     NSE:NATIONALUM-EQ | CVD=479917 vs Ref=481038 | VAH=391.50
2026-01-28 12:57:39,913 [INFO]     NSE:KALYANKJIL-EQ | CVD=-148862 vs Ref=119217 | VAH=373.95
2026-01-28 12:57:40,105 [INFO]     NSE:JIOFIN-EQ | CVD=478513 vs Ref=545350 | VAH=257.40
2026-01-28 12:57:40,318 [INFO]     NSE:WIPRO-EQ | CVD=1060156 vs Ref=640617 | VAH=237.60
2026-01-28 12:57:40,503 [INFO]     NSE:YESBANK-EQ | CVD=4523136 vs Ref=7921551 | VAH=21.40
2026-01-28 12:58:40,505 [INFO] 🔍 Scanning for alerts on 12 symbols (5min)...
2026-01-28 12:58:40,708 [INFO]     NSE:HAVELLS-EQ | CVD=-108016 vs Ref=14748 | VAH=1291.50
2026-01-28 12:58:40,876 [INFO]     NSE:PAYTM-EQ | CVD=306399 vs Ref=378055 | VAH=1165.50
2026-01-28 12:58:41,052 [INFO]     NSE:SHRIRAMFIN-EQ | CVD=570058 vs Ref=556824 | VAH=1012.50
2026-01-28 12:58:41,236 [INFO]     NSE:LODHA-EQ | CVD=-48187 vs Ref=50573 | VAH=924.30
2026-01-28 12:58:41,421 [INFO]     NSE:SBICARD-EQ | CVD=-57880 vs Ref=54892 | VAH=788.10
2026-01-28 12:58:41,582 [INFO]     NSE:PGEL-EQ | CVD=38513 vs Ref=60181 | VAH=524.70
2026-01-28 12:58:41,796 [INFO]     NSE:OIL-EQ | CVD=862962 vs Ref=1883485 | VAH=488.40
2026-01-28 12:58:42,003 [INFO]     NSE:NATIONALUM-EQ | CVD=479917 vs Ref=481038 | VAH=391.50
2026-01-28 12:58:42,217 [INFO]     NSE:KALYANKJIL-EQ | CVD=-148862 vs Ref=119217 | VAH=373.95
2026-01-28 12:58:42,462 [INFO]     NSE:JIOFIN-EQ | CVD=478513 vs Ref=545350 | VAH=257.40
2026-01-28 12:58:42,619 [INFO]     NSE:WIPRO-EQ | CVD=1060156 vs Ref=640617 | VAH=237.60
2026-01-28 12:58:42,798 [INFO]     NSE:YESBANK-EQ | CVD=4523136 vs Ref=7921551 | VAH=21.40
2026-01-28 12:59:42,799 [INFO] 🔍 Scanning for alerts on 12 symbols (5min)...
2026-01-28 12:59:43,028 [INFO]     NSE:HAVELLS-EQ | CVD=-108016 vs Ref=14748 | VAH=1291.50
2026-01-28 12:59:43,242 [INFO]     NSE:PAYTM-EQ | CVD=306399 vs Ref=378055 | VAH=1165.50
2026-01-28 12:59:43,434 [INFO]     NSE:SHRIRAMFIN-EQ | CVD=570058 vs Ref=556824 | VAH=1012.50
2026-01-28 12:59:43,603 [INFO]     NSE:LODHA-EQ | CVD=-48187 vs Ref=50573 | VAH=924.30
2026-01-28 12:59:43,785 [INFO]     NSE:SBICARD-EQ | CVD=-57880 vs Ref=54892 | VAH=788.10
2026-01-28 12:59:43,938 [INFO]     NSE:PGEL-EQ | CVD=38513 vs Ref=60181 | VAH=524.70
2026-01-28 12:59:44,153 [INFO]     NSE:OIL-EQ | CVD=862962 vs Ref=1883485 | VAH=488.40
2026-01-28 12:59:44,362 [INFO]     NSE:NATIONALUM-EQ | CVD=479917 vs Ref=481038 | VAH=391.50
2026-01-28 12:59:44,546 [INFO]     NSE:KALYANKJIL-EQ | CVD=-148862 vs Ref=119217 | VAH=373.95
2026-01-28 12:59:44,728 [INFO]     NSE:JIOFIN-EQ | CVD=478513 vs Ref=545350 | VAH=257.40
2026-01-28 12:59:44,903 [INFO]     NSE:WIPRO-EQ | CVD=1060156 vs Ref=640617 | VAH=237.60
2026-01-28 12:59:45,057 [INFO]     NSE:YESBANK-EQ | CVD=4523136 vs Ref=7921551 | VAH=21.40
2026-01-28 13:00:45,058 [INFO] 🔍 Scanning for alerts on 12 symbols (5min)...
2026-01-28 13:00:45,248 [INFO]     NSE:HAVELLS-EQ | CVD=-108016 vs Ref=14748 | VAH=1291.50
2026-01-28 13:00:45,463 [INFO]     NSE:PAYTM-EQ | CVD=306399 vs Ref=378055 | VAH=1165.50
2026-01-28 13:00:45,669 [INFO]     NSE:SHRIRAMFIN-EQ | CVD=570058 vs Ref=556824 | VAH=1012.50
2026-01-28 13:00:45,875 [INFO]     NSE:LODHA-EQ | CVD=-48187 vs Ref=50573 | VAH=924.30
2026-01-28 13:00:46,081 [INFO]     NSE:SBICARD-EQ | CVD=-57880 vs Ref=54892 | VAH=788.10
2026-01-28 13:00:47,459 [INFO]     NSE:PGEL-EQ | CVD=38513 vs Ref=60181 | VAH=524.70
2026-01-28 13:00:47,642 [INFO]     NSE:OIL-EQ | CVD=862962 vs Ref=1883485 | VAH=488.40
2026-01-28 13:00:47,851 [INFO]     NSE:NATIONALUM-EQ | CVD=479917 vs Ref=481038 | VAH=391.50
2026-01-28 13:00:48,090 [INFO]     NSE:KALYANKJIL-EQ | CVD=-148862 vs Ref=119217 | VAH=373.95
2026-01-28 13:00:48,307 [INFO]     NSE:JIOFIN-EQ | CVD=478513 vs Ref=545350 | VAH=257.40
2026-01-28 13:00:48,520 [INFO]     NSE:WIPRO-EQ | CVD=1060156 vs Ref=640617 | VAH=237.60
2026-01-28 13:00:48,702 [INFO]     NSE:YESBANK-EQ | CVD=4523136 vs Ref=7921551 | VAH=21.40
2026-01-28 13:01:48,703 [INFO] 🔍 Scanning for alerts on 12 symbols (5min)...
2026-01-28 13:01:48,928 [INFO]     NSE:HAVELLS-EQ | CVD=-108016 vs Ref=14748 | VAH=1291.50
2026-01-28 13:01:49,143 [INFO]     NSE:PAYTM-EQ | CVD=306399 vs Ref=378055 | VAH=1165.50
2026-01-28 13:01:49,306 [INFO]     NSE:SHRIRAMFIN-EQ | CVD=570058 vs Ref=556824 | VAH=1012.50
2026-01-28 13:01:49,489 [INFO]     NSE:LODHA-EQ | CVD=-48187 vs Ref=50573 | VAH=924.30
2026-01-28 13:01:49,666 [INFO]     NSE:SBICARD-EQ | CVD=-57880 vs Ref=54892 | VAH=788.10
2026-01-28 13:01:49,859 [INFO]     NSE:PGEL-EQ | CVD=38513 vs Ref=60181 | VAH=524.70
2026-01-28 13:01:50,071 [INFO]     NSE:OIL-EQ | CVD=862962 vs Ref=1883485 | VAH=488.40
2026-01-28 13:01:51,634 [INFO]     NSE:NATIONALUM-EQ | CVD=479917 vs Ref=481038 | VAH=391.50
2026-01-28 13:01:51,843 [INFO]     NSE:KALYANKJIL-EQ | CVD=-148862 vs Ref=119217 | VAH=373.95
2026-01-28 13:01:52,014 [INFO]     NSE:JIOFIN-EQ | CVD=478513 vs Ref=545350 | VAH=257.40
2026-01-28 13:01:52,198 [INFO]     NSE:WIPRO-EQ | CVD=1060156 vs Ref=640617 | VAH=237.60
2026-01-28 13:01:52,411 [INFO]     NSE:YESBANK-EQ | CVD=4523136 vs Ref=7921551 | VAH=21.40
2026-01-28 13:02:52,413 [INFO] 🔍 Scanning for alerts on 12 symbols (5min)...
2026-01-28 13:02:52,633 [INFO]     NSE:HAVELLS-EQ | CVD=-108016 vs Ref=14748 | VAH=1291.50
2026-01-28 13:02:52,850 [INFO]     NSE:PAYTM-EQ | CVD=306399 vs Ref=378055 | VAH=1165.50
2026-01-28 13:02:54,829 [INFO]     NSE:SHRIRAMFIN-EQ | CVD=570058 vs Ref=556824 | VAH=1012.50
2026-01-28 13:02:55,039 [INFO]     NSE:LODHA-EQ | CVD=-48187 vs Ref=50573 | VAH=924.30
2026-01-28 13:02:55,243 [INFO]     NSE:SBICARD-EQ | CVD=-57880 vs Ref=54892 | VAH=788.10
2026-01-28 13:02:55,436 [INFO]     NSE:PGEL-EQ | CVD=38513 vs Ref=60181 | VAH=524.70
2026-01-28 13:02:55,625 [INFO]     NSE:OIL-EQ | CVD=862962 vs Ref=1883485 | VAH=488.40
2026-01-28 13:02:55,833 [INFO]     NSE:NATIONALUM-EQ | CVD=479917 vs Ref=481038 | VAH=391.50
2026-01-28 13:02:56,009 [INFO]     NSE:KALYANKJIL-EQ | CVD=-148862 vs Ref=119217 | VAH=373.95
2026-01-28 13:02:56,187 [INFO]     NSE:JIOFIN-EQ | CVD=478513 vs Ref=545350 | VAH=257.40
2026-01-28 13:02:56,399 [INFO]     NSE:WIPRO-EQ | CVD=1060156 vs Ref=640617 | VAH=237.60
2026-01-28 13:02:56,637 [INFO]     NSE:YESBANK-EQ | CVD=4523136 vs Ref=7921551 | VAH=21.40
2026-01-28 13:03:56,638 [INFO] 🔍 Scanning for alerts on 12 symbols (5min)...
2026-01-28 13:03:56,825 [INFO]     NSE:HAVELLS-EQ | CVD=-108016 vs Ref=14748 | VAH=1291.50
2026-01-28 13:03:56,998 [INFO]     NSE:PAYTM-EQ | CVD=306399 vs Ref=378055 | VAH=1165.50
2026-01-28 13:03:57,233 [INFO]     NSE:SHRIRAMFIN-EQ | CVD=570058 vs Ref=556824 | VAH=1012.50
2026-01-28 13:03:57,433 [INFO]     NSE:LODHA-EQ | CVD=-48187 vs Ref=50573 | VAH=924.30
2026-01-28 13:03:59,338 [INFO]     NSE:SBICARD-EQ | CVD=-57880 vs Ref=54892 | VAH=788.10
2026-01-28 13:03:59,587 [INFO]     NSE:PGEL-EQ | CVD=38513 vs Ref=60181 | VAH=524.70
2026-01-28 13:03:59,804 [INFO]     NSE:OIL-EQ | CVD=862962 vs Ref=1883485 | VAH=488.40
2026-01-28 13:03:59,965 [INFO]     NSE:NATIONALUM-EQ | CVD=479917 vs Ref=481038 | VAH=391.50
2026-01-28 13:04:00,137 [INFO]     NSE:KALYANKJIL-EQ | CVD=-148862 vs Ref=119217 | VAH=373.95
2026-01-28 13:04:00,358 [INFO]     NSE:JIOFIN-EQ | CVD=478513 vs Ref=545350 | VAH=257.40
2026-01-28 13:04:00,576 [INFO]     NSE:WIPRO-EQ | CVD=1060156 vs Ref=640617 | VAH=237.60
2026-01-28 13:04:00,779 [INFO]     NSE:YESBANK-EQ | CVD=4523136 vs Ref=7921551 | VAH=21.40
2026-01-28 13:05:00,780 [INFO] 🔍 Scanning for alerts on 12 symbols (5min)...
2026-01-28 13:05:02,730 [INFO]     NSE:HAVELLS-EQ | CVD=-108016 vs Ref=14748 | VAH=1291.50
2026-01-28 13:05:02,936 [INFO]     NSE:PAYTM-EQ | CVD=306399 vs Ref=378055 | VAH=1165.50
2026-01-28 13:05:03,115 [INFO]     NSE:SHRIRAMFIN-EQ | CVD=570058 vs Ref=556824 | VAH=1012.50
2026-01-28 13:05:03,313 [INFO]     NSE:LODHA-EQ | CVD=-48187 vs Ref=50573 | VAH=924.30
2026-01-28 13:05:03,554 [INFO]     NSE:SBICARD-EQ | CVD=-57880 vs Ref=54892 | VAH=788.10
2026-01-28 13:05:03,799 [INFO]     NSE:PGEL-EQ | CVD=38513 vs Ref=60181 | VAH=524.70
2026-01-28 13:05:04,015 [INFO]     NSE:OIL-EQ | CVD=862962 vs Ref=1883485 | VAH=488.40
2026-01-28 13:05:04,250 [INFO]     NSE:NATIONALUM-EQ | CVD=479917 vs Ref=481038 | VAH=391.50
2026-01-28 13:05:04,475 [INFO]     NSE:KALYANKJIL-EQ | CVD=-148862 vs Ref=119217 | VAH=373.95
2026-01-28 13:05:04,689 [INFO]     NSE:JIOFIN-EQ | CVD=478513 vs Ref=545350 | VAH=257.40
2026-01-28 13:05:04,899 [INFO]     NSE:WIPRO-EQ | CVD=1060156 vs Ref=640617 | VAH=237.60
2026-01-28 13:05:05,183 [INFO]     NSE:YESBANK-EQ | CVD=4523136 vs Ref=7921551 | VAH=21.40
2026-01-28 13:06:05,185 [INFO] 🔍 Scanning for alerts on 12 symbols (5min)...
2026-01-28 13:06:05,517 [INFO]     NSE:HAVELLS-EQ | CVD=-108016 vs Ref=14748 | VAH=1291.50
2026-01-28 13:06:05,734 [INFO]     NSE:PAYTM-EQ | CVD=306399 vs Ref=378055 | VAH=1165.50
2026-01-28 13:06:05,942 [INFO]     NSE:SHRIRAMFIN-EQ | CVD=570058 vs Ref=556824 | VAH=1012.50
2026-01-28 13:06:06,169 [INFO]     NSE:LODHA-EQ | CVD=-48187 vs Ref=50573 | VAH=924.30
2026-01-28 13:06:06,349 [INFO]     NSE:SBICARD-EQ | CVD=-57880 vs Ref=54892 | VAH=788.10
2026-01-28 13:06:06,561 [INFO]     NSE:PGEL-EQ | CVD=38513 vs Ref=60181 | VAH=524.70
2026-01-28 13:06:06,759 [INFO]     NSE:OIL-EQ | CVD=862962 vs Ref=1883485 | VAH=488.40
2026-01-28 13:06:06,959 [INFO]     NSE:NATIONALUM-EQ | CVD=479917 vs Ref=481038 | VAH=391.50
2026-01-28 13:06:07,470 [INFO]     NSE:KALYANKJIL-EQ | CVD=-148862 vs Ref=119217 | VAH=373.95
2026-01-28 13:06:07,771 [INFO]     NSE:JIOFIN-EQ | CVD=478513 vs Ref=545350 | VAH=257.40
2026-01-28 13:06:07,997 [INFO]     NSE:WIPRO-EQ | CVD=1060156 vs Ref=640617 | VAH=237.60
2026-01-28 13:06:08,215 [INFO]     NSE:YESBANK-EQ | CVD=4523136 vs Ref=7921551 | VAH=21.40
2026-01-28 13:07:08,217 [INFO] 🔍 Scanning for alerts on 12 symbols (5min)...
2026-01-28 13:07:08,399 [INFO]     NSE:HAVELLS-EQ | CVD=-108016 vs Ref=14748 | VAH=1291.50
2026-01-28 13:07:08,579 [INFO]     NSE:PAYTM-EQ | CVD=306399 vs Ref=378055 | VAH=1165.50
2026-01-28 13:07:08,790 [INFO]     NSE:SHRIRAMFIN-EQ | CVD=570058 vs Ref=556824 | VAH=1012.50
2026-01-28 13:07:09,005 [INFO]     NSE:LODHA-EQ | CVD=-48187 vs Ref=50573 | VAH=924.30
2026-01-28 13:07:09,216 [INFO]     NSE:SBICARD-EQ | CVD=-57880 vs Ref=54892 | VAH=788.10
2026-01-28 13:07:09,378 [INFO]     NSE:PGEL-EQ | CVD=38513 vs Ref=60181 | VAH=524.70
2026-01-28 13:07:09,593 [INFO]     NSE:OIL-EQ | CVD=862962 vs Ref=1883485 | VAH=488.40
2026-01-28 13:07:09,793 [INFO]     NSE:NATIONALUM-EQ | CVD=479917 vs Ref=481038 | VAH=391.50
2026-01-28 13:07:10,019 [INFO]     NSE:KALYANKJIL-EQ | CVD=-148862 vs Ref=119217 | VAH=373.95
2026-01-28 13:07:10,233 [INFO]     NSE:JIOFIN-EQ | CVD=478513 vs Ref=545350 | VAH=257.40
2026-01-28 13:07:10,429 [INFO]     NSE:WIPRO-EQ | CVD=1060156 vs Ref=640617 | VAH=237.60
2026-01-28 13:07:10,643 [INFO]     NSE:YESBANK-EQ | CVD=4523136 vs Ref=7921551 | VAH=21.40
2026-01-28 13:08:10,645 [INFO] 🔍 Scanning for alerts on 12 symbols (5min)...
2026-01-28 13:08:11,891 [INFO]     NSE:HAVELLS-EQ | CVD=-108016 vs Ref=14748 | VAH=1291.50
2026-01-28 13:08:13,223 [INFO]     NSE:PAYTM-EQ | CVD=306399 vs Ref=378055 | VAH=1165.50
2026-01-28 13:08:14,436 [INFO]     NSE:SHRIRAMFIN-EQ | CVD=570058 vs Ref=556824 | VAH=1012.50
2026-01-28 13:08:15,676 [INFO]     NSE:LODHA-EQ | CVD=-48187 vs Ref=50573 | VAH=924.30
2026-01-28 13:08:16,932 [INFO]     NSE:SBICARD-EQ | CVD=-57880 vs Ref=54892 | VAH=788.10
2026-01-28 13:08:18,157 [INFO]     NSE:PGEL-EQ | CVD=38513 vs Ref=60181 | VAH=524.70
2026-01-28 13:08:19,405 [INFO]     NSE:OIL-EQ | CVD=862962 vs Ref=1883485 | VAH=488.40
2026-01-28 13:08:20,616 [INFO]     NSE:NATIONALUM-EQ | CVD=479917 vs Ref=481038 | VAH=391.50
2026-01-28 13:08:21,815 [INFO]     NSE:KALYANKJIL-EQ | CVD=-148862 vs Ref=119217 | VAH=373.95
2026-01-28 13:08:23,090 [INFO]     NSE:JIOFIN-EQ | CVD=478513 vs Ref=545350 | VAH=257.40
2026-01-28 13:08:24,365 [INFO]     NSE:WIPRO-EQ | CVD=1060156 vs Ref=640617 | VAH=237.60
2026-01-28 13:08:25,639 [INFO]     NSE:YESBANK-EQ | CVD=4523136 vs Ref=7921551 | VAH=21.40
2026-01-28 13:09:25,642 [INFO] 🔍 Scanning for alerts on 12 symbols (5min)...
2026-01-28 13:09:25,824 [INFO]     NSE:HAVELLS-EQ | CVD=-108016 vs Ref=14748 | VAH=1291.50
2026-01-28 13:09:26,041 [INFO]     NSE:PAYTM-EQ | CVD=306399 vs Ref=378055 | VAH=1165.50
2026-01-28 13:09:26,247 [INFO]     NSE:SHRIRAMFIN-EQ | CVD=570058 vs Ref=556824 | VAH=1012.50
2026-01-28 13:09:26,453 [INFO]     NSE:LODHA-EQ | CVD=-48187 vs Ref=50573 | VAH=924.30
2026-01-28 13:09:26,667 [INFO]     NSE:SBICARD-EQ | CVD=-57880 vs Ref=54892 | VAH=788.10
2026-01-28 13:09:26,881 [INFO]     NSE:PGEL-EQ | CVD=38513 vs Ref=60181 | VAH=524.70
2026-01-28 13:09:27,095 [INFO]     NSE:OIL-EQ | CVD=862962 vs Ref=1883485 | VAH=488.40
2026-01-28 13:09:27,293 [INFO]     NSE:NATIONALUM-EQ | CVD=479917 vs Ref=481038 | VAH=391.50
2026-01-28 13:09:27,494 [INFO]     NSE:KALYANKJIL-EQ | CVD=-148862 vs Ref=119217 | VAH=373.95
2026-01-28 13:09:27,689 [INFO]     NSE:JIOFIN-EQ | CVD=478513 vs Ref=545350 | VAH=257.40
2026-01-28 13:09:27,883 [INFO]     NSE:WIPRO-EQ | CVD=1060156 vs Ref=640617 | VAH=237.60
2026-01-28 13:09:28,069 [INFO]     NSE:YESBANK-EQ | CVD=4523136 vs Ref=7921551 | VAH=21.40
2026-01-28 13:10:28,070 [INFO] 🔍 Scanning for alerts on 12 symbols (5min)...
2026-01-28 13:10:28,288 [INFO]     NSE:HAVELLS-EQ | CVD=-108016 vs Ref=14748 | VAH=1291.50
2026-01-28 13:10:28,508 [INFO]     NSE:PAYTM-EQ | CVD=306399 vs Ref=378055 | VAH=1165.50
2026-01-28 13:10:28,693 [INFO]     NSE:SHRIRAMFIN-EQ | CVD=570058 vs Ref=556824 | VAH=1012.50
2026-01-28 13:10:28,857 [INFO]     NSE:LODHA-EQ | CVD=-48187 vs Ref=50573 | VAH=924.30
2026-01-28 13:10:29,035 [INFO]     NSE:SBICARD-EQ | CVD=-57880 vs Ref=54892 | VAH=788.10
2026-01-28 13:10:29,280 [INFO]     NSE:PGEL-EQ | CVD=38513 vs Ref=60181 | VAH=524.70
2026-01-28 13:10:29,493 [INFO]     NSE:OIL-EQ | CVD=862962 vs Ref=1883485 | VAH=488.40
2026-01-28 13:10:29,680 [INFO]     NSE:NATIONALUM-EQ | CVD=479917 vs Ref=481038 | VAH=391.50
2026-01-28 13:10:29,858 [INFO]     NSE:KALYANKJIL-EQ | CVD=-148862 vs Ref=119217 | VAH=373.95
2026-01-28 13:10:30,097 [INFO]     NSE:JIOFIN-EQ | CVD=478513 vs Ref=545350 | VAH=257.40
2026-01-28 13:10:30,302 [INFO]     NSE:WIPRO-EQ | CVD=1060156 vs Ref=640617 | VAH=237.60
2026-01-28 13:10:30,503 [INFO]     NSE:YESBANK-EQ | CVD=4523136 vs Ref=7921551 | VAH=21.40
2026-01-28 13:11:30,505 [INFO] 🔍 Scanning for alerts on 12 symbols (5min)...
2026-01-28 13:11:30,721 [INFO]     NSE:HAVELLS-EQ | CVD=-108016 vs Ref=14748 | VAH=1291.50
2026-01-28 13:11:30,934 [INFO]     NSE:PAYTM-EQ | CVD=306399 vs Ref=378055 | VAH=1165.50
2026-01-28 13:11:31,149 [INFO]     NSE:SHRIRAMFIN-EQ | CVD=570058 vs Ref=556824 | VAH=1012.50
2026-01-28 13:11:31,365 [INFO]     NSE:LODHA-EQ | CVD=-48187 vs Ref=50573 | VAH=924.30
2026-01-28 13:11:31,569 [INFO]     NSE:SBICARD-EQ | CVD=-57880 vs Ref=54892 | VAH=788.10
2026-01-28 13:11:31,769 [INFO]     NSE:PGEL-EQ | CVD=38513 vs Ref=60181 | VAH=524.70
2026-01-28 13:11:31,937 [INFO]     NSE:OIL-EQ | CVD=862962 vs Ref=1883485 | VAH=488.40
2026-01-28 13:11:32,102 [INFO]     NSE:NATIONALUM-EQ | CVD=479917 vs Ref=481038 | VAH=391.50
2026-01-28 13:11:32,319 [INFO]     NSE:KALYANKJIL-EQ | CVD=-148862 vs Ref=119217 | VAH=373.95
2026-01-28 13:11:32,502 [INFO]     NSE:JIOFIN-EQ | CVD=478513 vs Ref=545350 | VAH=257.40
2026-01-28 13:11:32,673 [INFO]     NSE:WIPRO-EQ | CVD=1060156 vs Ref=640617 | VAH=237.60
2026-01-28 13:11:32,831 [INFO]     NSE:YESBANK-EQ | CVD=4523136 vs Ref=7921551 | VAH=21.40
2026-01-28 13:12:32,833 [INFO] 🔍 Scanning for alerts on 12 symbols (5min)...
2026-01-28 13:12:33,014 [INFO]     NSE:HAVELLS-EQ | CVD=-108016 vs Ref=14748 | VAH=1291.50
2026-01-28 13:12:33,236 [INFO]     NSE:PAYTM-EQ | CVD=306399 vs Ref=378055 | VAH=1165.50
2026-01-28 13:12:33,429 [INFO]     NSE:SHRIRAMFIN-EQ | CVD=570058 vs Ref=556824 | VAH=1012.50
2026-01-28 13:12:33,626 [INFO]     NSE:LODHA-EQ | CVD=-48187 vs Ref=50573 | VAH=924.30
2026-01-28 13:12:33,775 [INFO]     NSE:SBICARD-EQ | CVD=-57880 vs Ref=54892 | VAH=788.10
2026-01-28 13:12:34,026 [INFO]     NSE:PGEL-EQ | CVD=38513 vs Ref=60181 | VAH=524.70
2026-01-28 13:12:34,238 [INFO]     NSE:OIL-EQ | CVD=862962 vs Ref=1883485 | VAH=488.40
2026-01-28 13:12:34,437 [INFO]     NSE:NATIONALUM-EQ | CVD=479917 vs Ref=481038 | VAH=391.50
2026-01-28 13:12:34,669 [INFO]     NSE:KALYANKJIL-EQ | CVD=-148862 vs Ref=119217 | VAH=373.95
2026-01-28 13:12:34,885 [INFO]     NSE:JIOFIN-EQ | CVD=478513 vs Ref=545350 | VAH=257.40
2026-01-28 13:12:35,092 [INFO]     NSE:WIPRO-EQ | CVD=1060156 vs Ref=640617 | VAH=237.60
2026-01-28 13:12:35,282 [INFO]     NSE:YESBANK-EQ | CVD=4523136 vs Ref=7921551 | VAH=21.40
2026-01-28 13:13:35,283 [INFO] 🔍 Scanning for alerts on 12 symbols (5min)...
2026-01-28 13:13:35,494 [INFO]     NSE:HAVELLS-EQ | CVD=-108016 vs Ref=14748 | VAH=1291.50
2026-01-28 13:13:35,703 [INFO]     NSE:PAYTM-EQ | CVD=306399 vs Ref=378055 | VAH=1165.50
2026-01-28 13:13:35,910 [INFO]     NSE:SHRIRAMFIN-EQ | CVD=570058 vs Ref=556824 | VAH=1012.50
2026-01-28 13:13:36,092 [INFO]     NSE:LODHA-EQ | CVD=-48187 vs Ref=50573 | VAH=924.30
2026-01-28 13:13:36,259 [INFO]     NSE:SBICARD-EQ | CVD=-57880 vs Ref=54892 | VAH=788.10
2026-01-28 13:13:36,440 [INFO]     NSE:PGEL-EQ | CVD=38513 vs Ref=60181 | VAH=524.70
2026-01-28 13:13:36,628 [INFO]     NSE:OIL-EQ | CVD=862962 vs Ref=1883485 | VAH=488.40
2026-01-28 13:13:36,811 [INFO]     NSE:NATIONALUM-EQ | CVD=479917 vs Ref=481038 | VAH=391.50
2026-01-28 13:13:37,027 [INFO]     NSE:KALYANKJIL-EQ | CVD=-148862 vs Ref=119217 | VAH=373.95
2026-01-28 13:13:37,241 [INFO]     NSE:JIOFIN-EQ | CVD=478513 vs Ref=545350 | VAH=257.40
2026-01-28 13:13:37,390 [INFO]     NSE:WIPRO-EQ | CVD=1060156 vs Ref=640617 | VAH=237.60
2026-01-28 13:13:37,537 [INFO]     NSE:YESBANK-EQ | CVD=4523136 vs Ref=7921551 | VAH=21.40
2026-01-28 13:14:37,539 [INFO] 🔍 Scanning for alerts on 12 symbols (5min)...
2026-01-28 13:14:37,768 [INFO]     NSE:HAVELLS-EQ | CVD=-108016 vs Ref=14748 | VAH=1291.50
2026-01-28 13:14:37,984 [INFO]     NSE:PAYTM-EQ | CVD=306399 vs Ref=378055 | VAH=1165.50
2026-01-28 13:14:38,193 [INFO]     NSE:SHRIRAMFIN-EQ | CVD=570058 vs Ref=556824 | VAH=1012.50
2026-01-28 13:14:38,406 [INFO]     NSE:LODHA-EQ | CVD=-48187 vs Ref=50573 | VAH=924.30
2026-01-28 13:14:38,597 [INFO]     NSE:SBICARD-EQ | CVD=-57880 vs Ref=54892 | VAH=788.10
2026-01-28 13:14:38,816 [INFO]     NSE:PGEL-EQ | CVD=38513 vs Ref=60181 | VAH=524.70
2026-01-28 13:14:39,025 [INFO]     NSE:OIL-EQ | CVD=862962 vs Ref=1883485 | VAH=488.40
2026-01-28 13:14:39,207 [INFO]     NSE:NATIONALUM-EQ | CVD=479917 vs Ref=481038 | VAH=391.50
2026-01-28 13:14:39,389 [INFO]     NSE:KALYANKJIL-EQ | CVD=-148862 vs Ref=119217 | VAH=373.95
2026-01-28 13:14:39,572 [INFO]     NSE:JIOFIN-EQ | CVD=478513 vs Ref=545350 | VAH=257.40
2026-01-28 13:14:39,765 [INFO]     NSE:WIPRO-EQ | CVD=1060156 vs Ref=640617 | VAH=237.60
2026-01-28 13:14:39,968 [INFO]     NSE:YESBANK-EQ | CVD=4523136 vs Ref=7921551 | VAH=21.40
2026-01-28 13:15:39,970 [INFO] 🔍 Scanning for alerts on 12 symbols (5min)...
2026-01-28 13:15:40,157 [INFO]     NSE:HAVELLS-EQ | CVD=-108016 vs Ref=14748 | VAH=1291.50
2026-01-28 13:15:40,295 [INFO]     NSE:PAYTM-EQ | CVD=306399 vs Ref=378055 | VAH=1165.50
2026-01-28 13:15:40,511 [INFO]     NSE:SHRIRAMFIN-EQ | CVD=570058 vs Ref=556824 | VAH=1012.50
2026-01-28 13:15:40,686 [INFO]     NSE:LODHA-EQ | CVD=-48187 vs Ref=50573 | VAH=924.30
2026-01-28 13:15:40,872 [INFO]     NSE:SBICARD-EQ | CVD=-57880 vs Ref=54892 | VAH=788.10
2026-01-28 13:15:41,066 [INFO]     NSE:PGEL-EQ | CVD=38513 vs Ref=60181 | VAH=524.70
2026-01-28 13:15:41,224 [INFO]     NSE:OIL-EQ | CVD=862962 vs Ref=1883485 | VAH=488.40
2026-01-28 13:15:41,393 [INFO]     NSE:NATIONALUM-EQ | CVD=479917 vs Ref=481038 | VAH=391.50
2026-01-28 13:15:41,575 [INFO]     NSE:KALYANKJIL-EQ | CVD=-148862 vs Ref=119217 | VAH=373.95
2026-01-28 13:15:41,787 [INFO]     NSE:JIOFIN-EQ | CVD=478513 vs Ref=545350 | VAH=257.40
2026-01-28 13:15:41,999 [INFO]     NSE:WIPRO-EQ | CVD=1060156 vs Ref=640617 | VAH=237.60
2026-01-28 13:15:42,206 [INFO]     NSE:YESBANK-EQ | CVD=4523136 vs Ref=7921551 | VAH=21.40
2026-01-28 13:16:42,208 [INFO] 🔍 Scanning for alerts on 12 symbols (5min)...
2026-01-28 13:16:42,394 [INFO]     NSE:HAVELLS-EQ | CVD=-108016 vs Ref=14748 | VAH=1291.50
2026-01-28 13:16:42,609 [INFO]     NSE:PAYTM-EQ | CVD=306399 vs Ref=378055 | VAH=1165.50
2026-01-28 13:16:42,809 [INFO]     NSE:SHRIRAMFIN-EQ | CVD=570058 vs Ref=556824 | VAH=1012.50
2026-01-28 13:16:42,995 [INFO]     NSE:LODHA-EQ | CVD=-48187 vs Ref=50573 | VAH=924.30
2026-01-28 13:16:43,210 [INFO]     NSE:SBICARD-EQ | CVD=-57880 vs Ref=54892 | VAH=788.10
2026-01-28 13:16:43,449 [INFO]     NSE:PGEL-EQ | CVD=38513 vs Ref=60181 | VAH=524.70
2026-01-28 13:16:43,630 [INFO]     NSE:OIL-EQ | CVD=862962 vs Ref=1883485 | VAH=488.40
2026-01-28 13:16:43,840 [INFO]     NSE:NATIONALUM-EQ | CVD=479917 vs Ref=481038 | VAH=391.50
2026-01-28 13:16:44,066 [INFO]     NSE:KALYANKJIL-EQ | CVD=-148862 vs Ref=119217 | VAH=373.95
2026-01-28 13:16:44,243 [INFO]     NSE:JIOFIN-EQ | CVD=478513 vs Ref=545350 | VAH=257.40
2026-01-28 13:16:44,435 [INFO]     NSE:WIPRO-EQ | CVD=1060156 vs Ref=640617 | VAH=237.60
2026-01-28 13:16:44,600 [INFO]     NSE:YESBANK-EQ | CVD=4523136 vs Ref=7921551 | VAH=21.40
2026-01-28 13:17:44,601 [INFO] 🔍 Scanning for alerts on 12 symbols (5min)...
2026-01-28 13:17:44,846 [INFO]     NSE:HAVELLS-EQ | CVD=-108016 vs Ref=14748 | VAH=1291.50
2026-01-28 13:17:44,988 [INFO]     NSE:PAYTM-EQ | CVD=306399 vs Ref=378055 | VAH=1165.50
2026-01-28 13:17:45,201 [INFO]     NSE:SHRIRAMFIN-EQ | CVD=570058 vs Ref=556824 | VAH=1012.50
2026-01-28 13:17:45,372 [INFO]     NSE:LODHA-EQ | CVD=-48187 vs Ref=50573 | VAH=924.30
2026-01-28 13:17:45,548 [INFO]     NSE:SBICARD-EQ | CVD=-57880 vs Ref=54892 | VAH=788.10
2026-01-28 13:17:45,722 [INFO]     NSE:PGEL-EQ | CVD=38513 vs Ref=60181 | VAH=524.70
2026-01-28 13:17:45,897 [INFO]     NSE:OIL-EQ | CVD=862962 vs Ref=1883485 | VAH=488.40
2026-01-28 13:17:46,075 [INFO]     NSE:NATIONALUM-EQ | CVD=479917 vs Ref=481038 | VAH=391.50
2026-01-28 13:17:46,218 [INFO]     NSE:KALYANKJIL-EQ | CVD=-148862 vs Ref=119217 | VAH=373.95
2026-01-28 13:17:46,393 [INFO]     NSE:JIOFIN-EQ | CVD=478513 vs Ref=545350 | VAH=257.40
2026-01-28 13:17:46,584 [INFO]     NSE:WIPRO-EQ | CVD=1060156 vs Ref=640617 | VAH=237.60
2026-01-28 13:17:46,799 [INFO]     NSE:YESBANK-EQ | CVD=4523136 vs Ref=7921551 | VAH=21.40
2026-01-28 13:18:46,801 [INFO] 🔍 Scanning for alerts on 12 symbols (5min)...
2026-01-28 13:18:47,041 [INFO]     NSE:HAVELLS-EQ | CVD=-108016 vs Ref=14748 | VAH=1291.50
2026-01-28 13:18:47,226 [INFO]     NSE:PAYTM-EQ | CVD=306399 vs Ref=378055 | VAH=1165.50
2026-01-28 13:18:47,439 [INFO]     NSE:SHRIRAMFIN-EQ | CVD=570058 vs Ref=556824 | VAH=1012.50
2026-01-28 13:18:47,645 [INFO]     NSE:LODHA-EQ | CVD=-48187 vs Ref=50573 | VAH=924.30
2026-01-28 13:18:47,860 [INFO]     NSE:SBICARD-EQ | CVD=-57880 vs Ref=54892 | VAH=788.10
2026-01-28 13:18:48,003 [INFO]     NSE:PGEL-EQ | CVD=38513 vs Ref=60181 | VAH=524.70
2026-01-28 13:18:48,179 [INFO]     NSE:OIL-EQ | CVD=862962 vs Ref=1883485 | VAH=488.40
2026-01-28 13:18:48,338 [INFO]     NSE:NATIONALUM-EQ | CVD=479917 vs Ref=481038 | VAH=391.50
2026-01-28 13:18:48,513 [INFO]     NSE:KALYANKJIL-EQ | CVD=-148862 vs Ref=119217 | VAH=373.95
2026-01-28 13:18:48,728 [INFO]     NSE:JIOFIN-EQ | CVD=478513 vs Ref=545350 | VAH=257.40
2026-01-28 13:18:48,898 [INFO]     NSE:WIPRO-EQ | CVD=1060156 vs Ref=640617 | VAH=237.60
2026-01-28 13:18:49,111 [INFO]     NSE:YESBANK-EQ | CVD=4523136 vs Ref=7921551 | VAH=21.40
2026-01-28 13:19:49,113 [INFO] 🔍 Scanning for alerts on 12 symbols (5min)...
2026-01-28 13:19:49,299 [INFO]     NSE:HAVELLS-EQ | CVD=-108016 vs Ref=14748 | VAH=1291.50
2026-01-28 13:19:51,299 [INFO]     NSE:PAYTM-EQ | CVD=306399 vs Ref=378055 | VAH=1165.50
2026-01-28 13:19:51,463 [INFO]     NSE:SHRIRAMFIN-EQ | CVD=570058 vs Ref=556824 | VAH=1012.50
2026-01-28 13:19:51,682 [INFO]     NSE:LODHA-EQ | CVD=-48187 vs Ref=50573 | VAH=924.30
2026-01-28 13:19:51,884 [INFO]     NSE:SBICARD-EQ | CVD=-57880 vs Ref=54892 | VAH=788.10
2026-01-28 13:19:52,097 [INFO]     NSE:PGEL-EQ | CVD=38513 vs Ref=60181 | VAH=524.70
2026-01-28 13:19:52,307 [INFO]     NSE:OIL-EQ | CVD=862962 vs Ref=1883485 | VAH=488.40
2026-01-28 13:19:52,487 [INFO]     NSE:NATIONALUM-EQ | CVD=479917 vs Ref=481038 | VAH=391.50
2026-01-28 13:19:52,698 [INFO]     NSE:KALYANKJIL-EQ | CVD=-148862 vs Ref=119217 | VAH=373.95
2026-01-28 13:19:52,908 [INFO]     NSE:JIOFIN-EQ | CVD=478513 vs Ref=545350 | VAH=257.40
2026-01-28 13:19:53,114 [INFO]     NSE:WIPRO-EQ | CVD=1060156 vs Ref=640617 | VAH=237.60
2026-01-28 13:19:53,318 [INFO]     NSE:YESBANK-EQ | CVD=4523136 vs Ref=7921551 | VAH=21.40
2026-01-28 13:20:53,321 [INFO] 🔍 Scanning for alerts on 12 symbols (5min)...
2026-01-28 13:20:53,533 [INFO]     NSE:HAVELLS-EQ | CVD=-108016 vs Ref=14748 | VAH=1291.50
2026-01-28 13:20:53,743 [INFO]     NSE:PAYTM-EQ | CVD=306399 vs Ref=378055 | VAH=1165.50
2026-01-28 13:20:53,952 [INFO]     NSE:SHRIRAMFIN-EQ | CVD=570058 vs Ref=556824 | VAH=1012.50
2026-01-28 13:20:55,812 [INFO]     NSE:LODHA-EQ | CVD=-48187 vs Ref=50573 | VAH=924.30
2026-01-28 13:20:56,015 [INFO]     NSE:SBICARD-EQ | CVD=-57880 vs Ref=54892 | VAH=788.10
2026-01-28 13:20:56,234 [INFO]     NSE:PGEL-EQ | CVD=38513 vs Ref=60181 | VAH=524.70
2026-01-28 13:20:56,447 [INFO]     NSE:OIL-EQ | CVD=862962 vs Ref=1883485 | VAH=488.40
2026-01-28 13:20:56,592 [INFO]     NSE:NATIONALUM-EQ | CVD=479917 vs Ref=481038 | VAH=391.50
2026-01-28 13:20:56,820 [INFO]     NSE:KALYANKJIL-EQ | CVD=-148862 vs Ref=119217 | VAH=373.95
2026-01-28 13:20:57,031 [INFO]     NSE:JIOFIN-EQ | CVD=478513 vs Ref=545350 | VAH=257.40
2026-01-28 13:20:57,206 [INFO]     NSE:WIPRO-EQ | CVD=1060156 vs Ref=640617 | VAH=237.60
2026-01-28 13:20:57,391 [INFO]     NSE:YESBANK-EQ | CVD=4523136 vs Ref=7921551 | VAH=21.40
2026-01-28 13:21:57,392 [INFO] 🔍 Scanning for alerts on 12 symbols (5min)...
2026-01-28 13:21:57,577 [INFO]     NSE:HAVELLS-EQ | CVD=-108016 vs Ref=14748 | VAH=1291.50
2026-01-28 13:21:57,762 [INFO]     NSE:PAYTM-EQ | CVD=306399 vs Ref=378055 | VAH=1165.50
2026-01-28 13:21:57,948 [INFO]     NSE:SHRIRAMFIN-EQ | CVD=570058 vs Ref=556824 | VAH=1012.50
2026-01-28 13:21:58,094 [INFO]     NSE:LODHA-EQ | CVD=-48187 vs Ref=50573 | VAH=924.30
2026-01-28 13:21:58,315 [INFO]     NSE:SBICARD-EQ | CVD=-57880 vs Ref=54892 | VAH=788.10
2026-01-28 13:22:00,309 [INFO]     NSE:PGEL-EQ | CVD=38513 vs Ref=60181 | VAH=524.70
2026-01-28 13:22:00,521 [INFO]     NSE:OIL-EQ | CVD=862962 vs Ref=1883485 | VAH=488.40
2026-01-28 13:22:00,736 [INFO]     NSE:NATIONALUM-EQ | CVD=479917 vs Ref=481038 | VAH=391.50
2026-01-28 13:22:00,949 [INFO]     NSE:KALYANKJIL-EQ | CVD=-148862 vs Ref=119217 | VAH=373.95
2026-01-28 13:22:01,219 [INFO]     NSE:JIOFIN-EQ | CVD=478513 vs Ref=545350 | VAH=257.40
2026-01-28 13:22:01,491 [INFO]     NSE:WIPRO-EQ | CVD=1060156 vs Ref=640617 | VAH=237.60
2026-01-28 13:22:01,759 [INFO]     NSE:YESBANK-EQ | CVD=4523136 vs Ref=7921551 | VAH=21.40
2026-01-28 13:23:01,760 [INFO] 🔍 Scanning for alerts on 12 symbols (5min)...
2026-01-28 13:23:03,053 [INFO]     NSE:HAVELLS-EQ | CVD=-108016 vs Ref=14748 | VAH=1291.50
2026-01-28 13:23:03,405 [INFO]     NSE:PAYTM-EQ | CVD=306399 vs Ref=378055 | VAH=1165.50
2026-01-28 13:23:03,643 [INFO]     NSE:SHRIRAMFIN-EQ | CVD=570058 vs Ref=556824 | VAH=1012.50
2026-01-28 13:23:03,897 [INFO]     NSE:LODHA-EQ | CVD=-48187 vs Ref=50573 | VAH=924.30
2026-01-28 13:23:04,129 [INFO]     NSE:SBICARD-EQ | CVD=-57880 vs Ref=54892 | VAH=788.10
2026-01-28 13:23:04,386 [INFO]     NSE:PGEL-EQ | CVD=38513 vs Ref=60181 | VAH=524.70
2026-01-28 13:23:04,666 [INFO]     NSE:OIL-EQ | CVD=862962 vs Ref=1883485 | VAH=488.40
2026-01-28 13:23:04,982 [INFO]     NSE:NATIONALUM-EQ | CVD=479917 vs Ref=481038 | VAH=391.50
2026-01-28 13:23:05,199 [INFO]     NSE:KALYANKJIL-EQ | CVD=-148862 vs Ref=119217 | VAH=373.95
2026-01-28 13:23:05,578 [INFO]     NSE:JIOFIN-EQ | CVD=478513 vs Ref=545350 | VAH=257.40
2026-01-28 13:23:05,834 [INFO]     NSE:WIPRO-EQ | CVD=1060156 vs Ref=640617 | VAH=237.60
2026-01-28 13:23:06,077 [INFO]     NSE:YESBANK-EQ | CVD=4523136 vs Ref=7921551 | VAH=21.40
2026-01-28 13:24:06,078 [INFO] 🔍 Scanning for alerts on 12 symbols (5min)...
2026-01-28 13:24:06,365 [INFO]     NSE:HAVELLS-EQ | CVD=-108016 vs Ref=14748 | VAH=1291.50
2026-01-28 13:24:06,534 [INFO]     NSE:PAYTM-EQ | CVD=306399 vs Ref=378055 | VAH=1165.50
2026-01-28 13:24:06,740 [INFO]     NSE:SHRIRAMFIN-EQ | CVD=570058 vs Ref=556824 | VAH=1012.50
2026-01-28 13:24:06,932 [INFO]     NSE:LODHA-EQ | CVD=-48187 vs Ref=50573 | VAH=924.30
2026-01-28 13:24:07,129 [INFO]     NSE:SBICARD-EQ | CVD=-57880 vs Ref=54892 | VAH=788.10
2026-01-28 13:24:07,355 [INFO]     NSE:PGEL-EQ | CVD=38513 vs Ref=60181 | VAH=524.70
2026-01-28 13:24:07,576 [INFO]     NSE:OIL-EQ | CVD=862962 vs Ref=1883485 | VAH=488.40
2026-01-28 13:24:07,784 [INFO]     NSE:NATIONALUM-EQ | CVD=479917 vs Ref=481038 | VAH=391.50
2026-01-28 13:24:07,997 [INFO]     NSE:KALYANKJIL-EQ | CVD=-148862 vs Ref=119217 | VAH=373.95
2026-01-28 13:24:08,213 [INFO]     NSE:JIOFIN-EQ | CVD=478513 vs Ref=545350 | VAH=257.40
2026-01-28 13:24:08,419 [INFO]     NSE:WIPRO-EQ | CVD=1060156 vs Ref=640617 | VAH=237.60
2026-01-28 13:24:08,618 [INFO]     NSE:YESBANK-EQ | CVD=4523136 vs Ref=7921551 | VAH=21.40
2026-01-28 13:25:08,620 [INFO] 🔍 Scanning for alerts on 12 symbols (5min)...
2026-01-28 13:25:08,800 [INFO]     NSE:HAVELLS-EQ | CVD=-108016 vs Ref=14748 | VAH=1291.50
2026-01-28 13:25:08,986 [INFO]     NSE:PAYTM-EQ | CVD=306399 vs Ref=378055 | VAH=1165.50
2026-01-28 13:25:09,180 [INFO]     NSE:SHRIRAMFIN-EQ | CVD=570058 vs Ref=556824 | VAH=1012.50
2026-01-28 13:25:09,369 [INFO]     NSE:LODHA-EQ | CVD=-48187 vs Ref=50573 | VAH=924.30
2026-01-28 13:25:09,556 [INFO]     NSE:SBICARD-EQ | CVD=-57880 vs Ref=54892 | VAH=788.10
2026-01-28 13:25:09,771 [INFO]     NSE:PGEL-EQ | CVD=38513 vs Ref=60181 | VAH=524.70
2026-01-28 13:25:09,969 [INFO]     NSE:OIL-EQ | CVD=862962 vs Ref=1883485 | VAH=488.40
2026-01-28 13:25:10,178 [INFO]     NSE:NATIONALUM-EQ | CVD=479917 vs Ref=481038 | VAH=391.50
2026-01-28 13:25:10,384 [INFO]     NSE:KALYANKJIL-EQ | CVD=-148862 vs Ref=119217 | VAH=373.95
2026-01-28 13:25:10,569 [INFO]     NSE:JIOFIN-EQ | CVD=478513 vs Ref=545350 | VAH=257.40
2026-01-28 13:25:10,788 [INFO]     NSE:WIPRO-EQ | CVD=1060156 vs Ref=640617 | VAH=237.60
2026-01-28 13:25:10,958 [INFO]     NSE:YESBANK-EQ | CVD=4523136 vs Ref=7921551 | VAH=21.40
2026-01-28 13:26:10,959 [INFO] 🔍 Scanning for alerts on 12 symbols (5min)...
2026-01-28 13:26:11,188 [INFO]     NSE:HAVELLS-EQ | CVD=-108016 vs Ref=14748 | VAH=1291.50
2026-01-28 13:26:11,429 [INFO]     NSE:PAYTM-EQ | CVD=306399 vs Ref=378055 | VAH=1165.50
2026-01-28 13:26:11,614 [INFO]     NSE:SHRIRAMFIN-EQ | CVD=570058 vs Ref=556824 | VAH=1012.50
2026-01-28 13:26:11,820 [INFO]     NSE:LODHA-EQ | CVD=-48187 vs Ref=50573 | VAH=924.30
2026-01-28 13:26:11,970 [INFO]     NSE:SBICARD-EQ | CVD=-57880 vs Ref=54892 | VAH=788.10
2026-01-28 13:26:12,128 [INFO]     NSE:PGEL-EQ | CVD=38513 vs Ref=60181 | VAH=524.70
2026-01-28 13:26:12,312 [INFO]     NSE:OIL-EQ | CVD=862962 vs Ref=1883485 | VAH=488.40
2026-01-28 13:26:12,472 [INFO]     NSE:NATIONALUM-EQ | CVD=479917 vs Ref=481038 | VAH=391.50
2026-01-28 13:26:12,615 [INFO]     NSE:KALYANKJIL-EQ | CVD=-148862 vs Ref=119217 | VAH=373.95
2026-01-28 13:26:12,789 [INFO]     NSE:JIOFIN-EQ | CVD=478513 vs Ref=545350 | VAH=257.40
2026-01-28 13:26:12,972 [INFO]     NSE:WIPRO-EQ | CVD=1060156 vs Ref=640617 | VAH=237.60
2026-01-28 13:26:13,165 [INFO]     NSE:YESBANK-EQ | CVD=4523136 vs Ref=7921551 | VAH=21.40
2026-01-28 13:27:13,166 [INFO] 🔍 Scanning for alerts on 12 symbols (5min)...
2026-01-28 13:27:13,385 [INFO]     NSE:HAVELLS-EQ | CVD=-108016 vs Ref=14748 | VAH=1291.50
2026-01-28 13:27:13,597 [INFO]     NSE:PAYTM-EQ | CVD=306399 vs Ref=378055 | VAH=1165.50
2026-01-28 13:27:13,820 [INFO]     NSE:SHRIRAMFIN-EQ | CVD=570058 vs Ref=556824 | VAH=1012.50
2026-01-28 13:27:14,034 [INFO]     NSE:LODHA-EQ | CVD=-48187 vs Ref=50573 | VAH=924.30
2026-01-28 13:27:14,247 [INFO]     NSE:SBICARD-EQ | CVD=-57880 vs Ref=54892 | VAH=788.10
2026-01-28 13:27:14,489 [INFO]     NSE:PGEL-EQ | CVD=38513 vs Ref=60181 | VAH=524.70
2026-01-28 13:27:14,718 [INFO]     NSE:OIL-EQ | CVD=862962 vs Ref=1883485 | VAH=488.40
2026-01-28 13:27:14,860 [INFO]     NSE:NATIONALUM-EQ | CVD=479917 vs Ref=481038 | VAH=391.50
2026-01-28 13:27:15,020 [INFO]     NSE:KALYANKJIL-EQ | CVD=-148862 vs Ref=119217 | VAH=373.95
2026-01-28 13:27:15,242 [INFO]     NSE:JIOFIN-EQ | CVD=478513 vs Ref=545350 | VAH=257.40
2026-01-28 13:27:15,457 [INFO]     NSE:WIPRO-EQ | CVD=1060156 vs Ref=640617 | VAH=237.60
2026-01-28 13:27:15,661 [INFO]     NSE:YESBANK-EQ | CVD=4523136 vs Ref=7921551 | VAH=21.40
2026-01-28 13:28:15,663 [INFO] 🔍 Scanning for alerts on 12 symbols (5min)...
2026-01-28 13:28:15,846 [INFO]     NSE:HAVELLS-EQ | CVD=-108016 vs Ref=14748 | VAH=1291.50
2026-01-28 13:28:16,041 [INFO]     NSE:PAYTM-EQ | CVD=306399 vs Ref=378055 | VAH=1165.50
2026-01-28 13:28:16,250 [INFO]     NSE:SHRIRAMFIN-EQ | CVD=570058 vs Ref=556824 | VAH=1012.50
2026-01-28 13:28:16,424 [INFO]     NSE:LODHA-EQ | CVD=-48187 vs Ref=50573 | VAH=924.30
2026-01-28 13:28:16,863 [INFO]     NSE:SBICARD-EQ | CVD=-57880 vs Ref=54892 | VAH=788.10
2026-01-28 13:28:17,292 [INFO]     NSE:PGEL-EQ | CVD=38513 vs Ref=60181 | VAH=524.70
2026-01-28 13:28:17,594 [INFO]     NSE:OIL-EQ | CVD=862962 vs Ref=1883485 | VAH=488.40
2026-01-28 13:28:17,916 [INFO]     NSE:NATIONALUM-EQ | CVD=479917 vs Ref=481038 | VAH=391.50
2026-01-28 13:28:18,232 [INFO]     NSE:KALYANKJIL-EQ | CVD=-148862 vs Ref=119217 | VAH=373.95
2026-01-28 13:28:18,546 [INFO]     NSE:JIOFIN-EQ | CVD=478513 vs Ref=545350 | VAH=257.40
2026-01-28 13:28:19,469 [INFO]     NSE:WIPRO-EQ | CVD=1060156 vs Ref=640617 | VAH=237.60
2026-01-28 13:28:20,649 [INFO]     NSE:YESBANK-EQ | CVD=4523136 vs Ref=7921551 | VAH=21.40
2026-01-28 13:29:20,654 [INFO] 🔍 Scanning for alerts on 12 symbols (5min)...
2026-01-28 13:29:20,847 [INFO]     NSE:HAVELLS-EQ | CVD=-108016 vs Ref=14748 | VAH=1291.50
2026-01-28 13:29:21,074 [INFO]     NSE:PAYTM-EQ | CVD=306399 vs Ref=378055 | VAH=1165.50
2026-01-28 13:29:21,245 [INFO]     NSE:SHRIRAMFIN-EQ | CVD=570058 vs Ref=556824 | VAH=1012.50
2026-01-28 13:29:21,459 [INFO]     NSE:LODHA-EQ | CVD=-48187 vs Ref=50573 | VAH=924.30
2026-01-28 13:29:21,668 [INFO]     NSE:SBICARD-EQ | CVD=-57880 vs Ref=54892 | VAH=788.10
2026-01-28 13:29:21,912 [INFO]     NSE:PGEL-EQ | CVD=38513 vs Ref=60181 | VAH=524.70
2026-01-28 13:29:22,125 [INFO]     NSE:OIL-EQ | CVD=862962 vs Ref=1883485 | VAH=488.40
2026-01-28 13:29:22,324 [INFO]     NSE:NATIONALUM-EQ | CVD=479917 vs Ref=481038 | VAH=391.50
2026-01-28 13:29:22,539 [INFO]     NSE:KALYANKJIL-EQ | CVD=-148862 vs Ref=119217 | VAH=373.95
2026-01-28 13:29:22,754 [INFO]     NSE:JIOFIN-EQ | CVD=478513 vs Ref=545350 | VAH=257.40
2026-01-28 13:29:22,966 [INFO]     NSE:WIPRO-EQ | CVD=1060156 vs Ref=640617 | VAH=237.60
2026-01-28 13:29:23,159 [INFO]     NSE:YESBANK-EQ | CVD=4523136 vs Ref=7921551 | VAH=21.40
2026-01-28 13:30:23,161 [INFO] 🔍 Scanning for alerts on 12 symbols (5min)...
2026-01-28 13:30:23,362 [INFO]     NSE:HAVELLS-EQ | CVD=-108016 vs Ref=14748 | VAH=1291.50
2026-01-28 13:30:23,566 [INFO]     NSE:PAYTM-EQ | CVD=306399 vs Ref=378055 | VAH=1165.50
2026-01-28 13:30:23,781 [INFO]     NSE:SHRIRAMFIN-EQ | CVD=570058 vs Ref=556824 | VAH=1012.50
2026-01-28 13:30:23,967 [INFO]     NSE:LODHA-EQ | CVD=-48187 vs Ref=50573 | VAH=924.30
2026-01-28 13:30:24,136 [INFO]     NSE:SBICARD-EQ | CVD=-57880 vs Ref=54892 | VAH=788.10
2026-01-28 13:30:24,352 [INFO]     NSE:PGEL-EQ | CVD=38513 vs Ref=60181 | VAH=524.70
2026-01-28 13:30:24,566 [INFO]     NSE:OIL-EQ | CVD=862962 vs Ref=1883485 | VAH=488.40
2026-01-28 13:30:24,775 [INFO]     NSE:NATIONALUM-EQ | CVD=479917 vs Ref=481038 | VAH=391.50
2026-01-28 13:30:24,979 [INFO]     NSE:KALYANKJIL-EQ | CVD=-148862 vs Ref=119217 | VAH=373.95
2026-01-28 13:30:25,193 [INFO]     NSE:JIOFIN-EQ | CVD=478513 vs Ref=545350 | VAH=257.40
2026-01-28 13:30:25,333 [INFO]     NSE:WIPRO-EQ | CVD=1060156 vs Ref=640617 | VAH=237.60
2026-01-28 13:30:25,546 [INFO]     NSE:YESBANK-EQ | CVD=4523136 vs Ref=7921551 | VAH=21.40
2026-01-28 13:31:25,547 [INFO] 🔍 Scanning for alerts on 12 symbols (5min)...
2026-01-28 13:31:25,764 [INFO]     NSE:HAVELLS-EQ | CVD=-108016 vs Ref=14748 | VAH=1291.50
2026-01-28 13:31:25,950 [INFO]     NSE:PAYTM-EQ | CVD=306399 vs Ref=378055 | VAH=1165.50
2026-01-28 13:31:26,127 [INFO]     NSE:SHRIRAMFIN-EQ | CVD=570058 vs Ref=556824 | VAH=1012.50
2026-01-28 13:31:26,294 [INFO]     NSE:LODHA-EQ | CVD=-48187 vs Ref=50573 | VAH=924.30
2026-01-28 13:31:26,453 [INFO]     NSE:SBICARD-EQ | CVD=-57880 vs Ref=54892 | VAH=788.10
2026-01-28 13:31:26,593 [INFO]     NSE:PGEL-EQ | CVD=38513 vs Ref=60181 | VAH=524.70
2026-01-28 13:31:26,764 [INFO]     NSE:OIL-EQ | CVD=862962 vs Ref=1883485 | VAH=488.40
2026-01-28 13:31:26,943 [INFO]     NSE:NATIONALUM-EQ | CVD=479917 vs Ref=481038 | VAH=391.50
2026-01-28 13:31:27,124 [INFO]     NSE:KALYANKJIL-EQ | CVD=-148862 vs Ref=119217 | VAH=373.95
2026-01-28 13:31:27,315 [INFO]     NSE:JIOFIN-EQ | CVD=478513 vs Ref=545350 | VAH=257.40
2026-01-28 13:31:27,511 [INFO]     NSE:WIPRO-EQ | CVD=1060156 vs Ref=640617 | VAH=237.60
2026-01-28 13:31:27,711 [INFO]     NSE:YESBANK-EQ | CVD=4523136 vs Ref=7921551 | VAH=21.40
2026-01-28 13:32:27,713 [INFO] 🔍 Scanning for alerts on 12 symbols (5min)...
2026-01-28 13:32:27,901 [INFO]     NSE:HAVELLS-EQ | CVD=-108016 vs Ref=14748 | VAH=1291.50
2026-01-28 13:32:28,114 [INFO]     NSE:PAYTM-EQ | CVD=306399 vs Ref=378055 | VAH=1165.50
2026-01-28 13:32:28,323 [INFO]     NSE:SHRIRAMFIN-EQ | CVD=570058 vs Ref=556824 | VAH=1012.50
2026-01-28 13:32:28,529 [INFO]     NSE:LODHA-EQ | CVD=-48187 vs Ref=50573 | VAH=924.30
2026-01-28 13:32:28,729 [INFO]     NSE:SBICARD-EQ | CVD=-57880 vs Ref=54892 | VAH=788.10
2026-01-28 13:32:28,909 [INFO]     NSE:PGEL-EQ | CVD=38513 vs Ref=60181 | VAH=524.70
2026-01-28 13:32:29,072 [INFO]     NSE:OIL-EQ | CVD=862962 vs Ref=1883485 | VAH=488.40
2026-01-28 13:32:29,311 [INFO]     NSE:NATIONALUM-EQ | CVD=479917 vs Ref=481038 | VAH=391.50
2026-01-28 13:32:29,489 [INFO]     NSE:KALYANKJIL-EQ | CVD=-148862 vs Ref=119217 | VAH=373.95
2026-01-28 13:32:29,678 [INFO]     NSE:JIOFIN-EQ | CVD=478513 vs Ref=545350 | VAH=257.40
2026-01-28 13:32:29,902 [INFO]     NSE:WIPRO-EQ | CVD=1060156 vs Ref=640617 | VAH=237.60
2026-01-28 13:32:30,115 [INFO]     NSE:YESBANK-EQ | CVD=4523136 vs Ref=7921551 | VAH=21.40
2026-01-28 13:33:30,116 [INFO] 🔍 Scanning for alerts on 12 symbols (5min)...
2026-01-28 13:33:30,305 [INFO]     NSE:HAVELLS-EQ | CVD=-108016 vs Ref=14748 | VAH=1291.50
2026-01-28 13:33:30,736 [INFO]     NSE:PAYTM-EQ | CVD=306399 vs Ref=378055 | VAH=1165.50
2026-01-28 13:33:31,113 [INFO]     NSE:SHRIRAMFIN-EQ | CVD=570058 vs Ref=556824 | VAH=1012.50
2026-01-28 13:33:31,382 [INFO]     NSE:LODHA-EQ | CVD=-48187 vs Ref=50573 | VAH=924.30
2026-01-28 13:33:31,650 [INFO]     NSE:SBICARD-EQ | CVD=-57880 vs Ref=54892 | VAH=788.10
2026-01-28 13:33:31,916 [INFO]     NSE:PGEL-EQ | CVD=38513 vs Ref=60181 | VAH=524.70
2026-01-28 13:33:32,185 [INFO]     NSE:OIL-EQ | CVD=862962 vs Ref=1883485 | VAH=488.40
2026-01-28 13:33:32,452 [INFO]     NSE:NATIONALUM-EQ | CVD=479917 vs Ref=481038 | VAH=391.50
2026-01-28 13:33:33,243 [INFO]     NSE:KALYANKJIL-EQ | CVD=-148862 vs Ref=119217 | VAH=373.95
2026-01-28 13:33:34,505 [INFO]     NSE:JIOFIN-EQ | CVD=478513 vs Ref=545350 | VAH=257.40
2026-01-28 13:33:35,757 [INFO]     NSE:WIPRO-EQ | CVD=1060156 vs Ref=640617 | VAH=237.60
2026-01-28 13:33:36,763 [INFO]     NSE:YESBANK-EQ | CVD=4523136 vs Ref=7921551 | VAH=21.40
2026-01-28 13:34:36,765 [INFO] 🔍 Scanning for alerts on 12 symbols (5min)...
2026-01-28 13:34:36,973 [INFO]     NSE:HAVELLS-EQ | CVD=-108016 vs Ref=14748 | VAH=1291.50
2026-01-28 13:34:37,157 [INFO]     NSE:PAYTM-EQ | CVD=306399 vs Ref=378055 | VAH=1165.50
2026-01-28 13:34:37,307 [INFO]     NSE:SHRIRAMFIN-EQ | CVD=570058 vs Ref=556824 | VAH=1012.50
2026-01-28 13:34:37,513 [INFO]     NSE:LODHA-EQ | CVD=-48187 vs Ref=50573 | VAH=924.30
2026-01-28 13:34:37,694 [INFO]     NSE:SBICARD-EQ | CVD=-57880 vs Ref=54892 | VAH=788.10
2026-01-28 13:34:37,922 [INFO]     NSE:PGEL-EQ | CVD=38513 vs Ref=60181 | VAH=524.70
2026-01-28 13:34:38,136 [INFO]     NSE:OIL-EQ | CVD=862962 vs Ref=1883485 | VAH=488.40
2026-01-28 13:34:38,321 [INFO]     NSE:NATIONALUM-EQ | CVD=479917 vs Ref=481038 | VAH=391.50
2026-01-28 13:34:38,510 [INFO]     NSE:KALYANKJIL-EQ | CVD=-148862 vs Ref=119217 | VAH=373.95
2026-01-28 13:34:38,727 [INFO]     NSE:JIOFIN-EQ | CVD=478513 vs Ref=545350 | VAH=257.40
2026-01-28 13:34:38,923 [INFO]     NSE:WIPRO-EQ | CVD=1060156 vs Ref=640617 | VAH=237.60
2026-01-28 13:34:39,129 [INFO]     NSE:YESBANK-EQ | CVD=4523136 vs Ref=7921551 | VAH=21.40
2026-01-28 13:35:39,131 [INFO] 🔍 Scanning for alerts on 12 symbols (5min)...
2026-01-28 13:35:39,324 [INFO]     NSE:HAVELLS-EQ | CVD=-108016 vs Ref=14748 | VAH=1291.50
2026-01-28 13:35:39,544 [INFO]     NSE:PAYTM-EQ | CVD=306399 vs Ref=378055 | VAH=1165.50
2026-01-28 13:35:39,757 [INFO]     NSE:SHRIRAMFIN-EQ | CVD=570058 vs Ref=556824 | VAH=1012.50
2026-01-28 13:35:39,967 [INFO]     NSE:LODHA-EQ | CVD=-48187 vs Ref=50573 | VAH=924.30
2026-01-28 13:35:40,174 [INFO]     NSE:SBICARD-EQ | CVD=-57880 vs Ref=54892 | VAH=788.10
2026-01-28 13:35:40,358 [INFO]     NSE:PGEL-EQ | CVD=38513 vs Ref=60181 | VAH=524.70
2026-01-28 13:35:40,551 [INFO]     NSE:OIL-EQ | CVD=862962 vs Ref=1883485 | VAH=488.40
2026-01-28 13:35:40,745 [INFO]     NSE:NATIONALUM-EQ | CVD=479917 vs Ref=481038 | VAH=391.50
2026-01-28 13:35:40,941 [INFO]     NSE:KALYANKJIL-EQ | CVD=-148862 vs Ref=119217 | VAH=373.95
2026-01-28 13:35:41,138 [INFO]     NSE:JIOFIN-EQ | CVD=478513 vs Ref=545350 | VAH=257.40
2026-01-28 13:35:41,339 [INFO]     NSE:WIPRO-EQ | CVD=1060156 vs Ref=640617 | VAH=237.60
2026-01-28 13:35:41,542 [INFO]     NSE:YESBANK-EQ | CVD=4523136 vs Ref=7921551 | VAH=21.40
2026-01-28 13:36:41,545 [INFO] 🔍 Scanning for alerts on 12 symbols (5min)...
2026-01-28 13:36:41,746 [INFO]     NSE:HAVELLS-EQ | CVD=-108016 vs Ref=14748 | VAH=1291.50
2026-01-28 13:36:41,962 [INFO]     NSE:PAYTM-EQ | CVD=306399 vs Ref=378055 | VAH=1165.50
2026-01-28 13:36:42,175 [INFO]     NSE:SHRIRAMFIN-EQ | CVD=570058 vs Ref=556824 | VAH=1012.50
2026-01-28 13:36:42,429 [INFO]     NSE:LODHA-EQ | CVD=-48187 vs Ref=50573 | VAH=924.30
2026-01-28 13:36:42,654 [INFO]     NSE:SBICARD-EQ | CVD=-57880 vs Ref=54892 | VAH=788.10
2026-01-28 13:36:42,860 [INFO]     NSE:PGEL-EQ | CVD=38513 vs Ref=60181 | VAH=524.70
2026-01-28 13:36:43,054 [INFO]     NSE:OIL-EQ | CVD=862962 vs Ref=1883485 | VAH=488.40
2026-01-28 13:36:43,251 [INFO]     NSE:NATIONALUM-EQ | CVD=479917 vs Ref=481038 | VAH=391.50
2026-01-28 13:36:43,441 [INFO]     NSE:KALYANKJIL-EQ | CVD=-148862 vs Ref=119217 | VAH=373.95
2026-01-28 13:36:43,642 [INFO]     NSE:JIOFIN-EQ | CVD=478513 vs Ref=545350 | VAH=257.40
2026-01-28 13:36:43,842 [INFO]     NSE:WIPRO-EQ | CVD=1060156 vs Ref=640617 | VAH=237.60
2026-01-28 13:36:44,015 [INFO]     NSE:YESBANK-EQ | CVD=4523136 vs Ref=7921551 | VAH=21.40
2026-01-28 13:37:44,016 [INFO] 🔍 Scanning for alerts on 12 symbols (5min)...
2026-01-28 13:37:44,238 [INFO]     NSE:HAVELLS-EQ | CVD=-108016 vs Ref=14748 | VAH=1291.50
2026-01-28 13:37:44,432 [INFO]     NSE:PAYTM-EQ | CVD=306399 vs Ref=378055 | VAH=1165.50
2026-01-28 13:37:44,602 [INFO]     NSE:SHRIRAMFIN-EQ | CVD=570058 vs Ref=556824 | VAH=1012.50
2026-01-28 13:37:44,760 [INFO]     NSE:LODHA-EQ | CVD=-48187 vs Ref=50573 | VAH=924.30
2026-01-28 13:37:44,954 [INFO]     NSE:SBICARD-EQ | CVD=-57880 vs Ref=54892 | VAH=788.10
2026-01-28 13:37:45,193 [INFO]     NSE:PGEL-EQ | CVD=38513 vs Ref=60181 | VAH=524.70
2026-01-28 13:37:45,418 [INFO]     NSE:OIL-EQ | CVD=862962 vs Ref=1883485 | VAH=488.40
2026-01-28 13:37:45,615 [INFO]     NSE:NATIONALUM-EQ | CVD=479917 vs Ref=481038 | VAH=391.50
2026-01-28 13:37:45,867 [INFO]     NSE:KALYANKJIL-EQ | CVD=-148862 vs Ref=119217 | VAH=373.95
2026-01-28 13:37:46,041 [INFO]     NSE:JIOFIN-EQ | CVD=478513 vs Ref=545350 | VAH=257.40
2026-01-28 13:37:46,220 [INFO]     NSE:WIPRO-EQ | CVD=1060156 vs Ref=640617 | VAH=237.60
2026-01-28 13:37:46,373 [INFO]     NSE:YESBANK-EQ | CVD=4523136 vs Ref=7921551 | VAH=21.40
2026-01-28 13:38:46,374 [INFO] 🔍 Scanning for alerts on 12 symbols (5min)...
2026-01-28 13:38:46,554 [INFO]     NSE:HAVELLS-EQ | CVD=-108016 vs Ref=14748 | VAH=1291.50
2026-01-28 13:38:46,769 [INFO]     NSE:PAYTM-EQ | CVD=306399 vs Ref=378055 | VAH=1165.50
2026-01-28 13:38:46,971 [INFO]     NSE:SHRIRAMFIN-EQ | CVD=570058 vs Ref=556824 | VAH=1012.50
2026-01-28 13:38:47,206 [INFO]     NSE:LODHA-EQ | CVD=-48187 vs Ref=50573 | VAH=924.30
2026-01-28 13:38:47,390 [INFO]     NSE:SBICARD-EQ | CVD=-57880 vs Ref=54892 | VAH=788.10
2026-01-28 13:38:47,574 [INFO]     NSE:PGEL-EQ | CVD=38513 vs Ref=60181 | VAH=524.70
2026-01-28 13:38:48,680 [INFO]     NSE:OIL-EQ | CVD=862962 vs Ref=1883485 | VAH=488.40
2026-01-28 13:38:48,888 [INFO]     NSE:NATIONALUM-EQ | CVD=479917 vs Ref=481038 | VAH=391.50
2026-01-28 13:38:49,088 [INFO]     NSE:KALYANKJIL-EQ | CVD=-148862 vs Ref=119217 | VAH=373.95
2026-01-28 13:38:49,320 [INFO]     NSE:JIOFIN-EQ | CVD=478513 vs Ref=545350 | VAH=257.40
2026-01-28 13:38:49,550 [INFO]     NSE:WIPRO-EQ | CVD=1060156 vs Ref=640617 | VAH=237.60
2026-01-28 13:38:49,740 [INFO]     NSE:YESBANK-EQ | CVD=4523136 vs Ref=7921551 | VAH=21.40
2026-01-28 13:39:49,741 [INFO] 🔍 Scanning for alerts on 12 symbols (5min)...
2026-01-28 13:39:49,943 [INFO]     NSE:HAVELLS-EQ | CVD=-108016 vs Ref=14748 | VAH=1291.50
2026-01-28 13:39:50,156 [INFO]     NSE:PAYTM-EQ | CVD=306399 vs Ref=378055 | VAH=1165.50
2026-01-28 13:39:50,374 [INFO]     NSE:SHRIRAMFIN-EQ | CVD=570058 vs Ref=556824 | VAH=1012.50
2026-01-28 13:39:50,582 [INFO]     NSE:LODHA-EQ | CVD=-48187 vs Ref=50573 | VAH=924.30
2026-01-28 13:39:50,767 [INFO]     NSE:SBICARD-EQ | CVD=-57880 vs Ref=54892 | VAH=788.10
2026-01-28 13:39:50,943 [INFO]     NSE:PGEL-EQ | CVD=38513 vs Ref=60181 | VAH=524.70
2026-01-28 13:39:51,126 [INFO]     NSE:OIL-EQ | CVD=862962 vs Ref=1883485 | VAH=488.40
2026-01-28 13:39:51,349 [INFO]     NSE:NATIONALUM-EQ | CVD=479917 vs Ref=481038 | VAH=391.50
2026-01-28 13:39:51,567 [INFO]     NSE:KALYANKJIL-EQ | CVD=-148862 vs Ref=119217 | VAH=373.95
2026-01-28 13:39:51,802 [INFO]     NSE:JIOFIN-EQ | CVD=478513 vs Ref=545350 | VAH=257.40
2026-01-28 13:39:52,017 [INFO]     NSE:WIPRO-EQ | CVD=1060156 vs Ref=640617 | VAH=237.60
2026-01-28 13:39:52,230 [INFO]     NSE:YESBANK-EQ | CVD=4523136 vs Ref=7921551 | VAH=21.40
2026-01-28 13:40:52,231 [INFO] 🔍 Scanning for alerts on 12 symbols (5min)...
2026-01-28 13:40:52,451 [INFO]     NSE:HAVELLS-EQ | CVD=-108016 vs Ref=14748 | VAH=1291.50
2026-01-28 13:40:52,619 [INFO]     NSE:PAYTM-EQ | CVD=306399 vs Ref=378055 | VAH=1165.50
2026-01-28 13:40:52,815 [INFO]     NSE:SHRIRAMFIN-EQ | CVD=570058 vs Ref=556824 | VAH=1012.50
2026-01-28 13:40:52,957 [INFO]     NSE:LODHA-EQ | CVD=-48187 vs Ref=50573 | VAH=924.30
2026-01-28 13:40:54,912 [INFO]     NSE:SBICARD-EQ | CVD=-57880 vs Ref=54892 | VAH=788.10
2026-01-28 13:40:55,131 [INFO]     NSE:PGEL-EQ | CVD=38513 vs Ref=60181 | VAH=524.70
2026-01-28 13:40:55,351 [INFO]     NSE:OIL-EQ | CVD=862962 vs Ref=1883485 | VAH=488.40
2026-01-28 13:40:55,501 [INFO]     NSE:NATIONALUM-EQ | CVD=479917 vs Ref=481038 | VAH=391.50
2026-01-28 13:40:55,717 [INFO]     NSE:KALYANKJIL-EQ | CVD=-148862 vs Ref=119217 | VAH=373.95
2026-01-28 13:40:55,909 [INFO]     NSE:JIOFIN-EQ | CVD=478513 vs Ref=545350 | VAH=257.40
2026-01-28 13:40:56,110 [INFO]     NSE:WIPRO-EQ | CVD=1060156 vs Ref=640617 | VAH=237.60
2026-01-28 13:40:56,310 [INFO]     NSE:YESBANK-EQ | CVD=4523136 vs Ref=7921551 | VAH=21.40
2026-01-28 13:41:56,313 [INFO] 🔍 Scanning for alerts on 12 symbols (5min)...
2026-01-28 13:41:56,492 [INFO]     NSE:HAVELLS-EQ | CVD=-108016 vs Ref=14748 | VAH=1291.50
2026-01-28 13:41:56,701 [INFO]     NSE:PAYTM-EQ | CVD=306399 vs Ref=378055 | VAH=1165.50
2026-01-28 13:41:56,923 [INFO]     NSE:SHRIRAMFIN-EQ | CVD=570058 vs Ref=556824 | VAH=1012.50
2026-01-28 13:41:57,138 [INFO]     NSE:LODHA-EQ | CVD=-48187 vs Ref=50573 | VAH=924.30
2026-01-28 13:41:57,307 [INFO]     NSE:SBICARD-EQ | CVD=-57880 vs Ref=54892 | VAH=788.10
2026-01-28 13:41:57,485 [INFO]     NSE:PGEL-EQ | CVD=38513 vs Ref=60181 | VAH=524.70
2026-01-28 13:41:57,654 [INFO]     NSE:OIL-EQ | CVD=862962 vs Ref=1883485 | VAH=488.40
2026-01-28 13:41:57,881 [INFO]     NSE:NATIONALUM-EQ | CVD=479917 vs Ref=481038 | VAH=391.50
2026-01-28 13:41:58,063 [INFO]     NSE:KALYANKJIL-EQ | CVD=-148862 vs Ref=119217 | VAH=373.95
2026-01-28 13:41:58,239 [INFO]     NSE:JIOFIN-EQ | CVD=478513 vs Ref=545350 | VAH=257.40
2026-01-28 13:41:58,447 [INFO]     NSE:WIPRO-EQ | CVD=1060156 vs Ref=640617 | VAH=237.60
2026-01-28 13:41:58,661 [INFO]     NSE:YESBANK-EQ | CVD=4523136 vs Ref=7921551 | VAH=21.40
2026-01-28 13:42:58,663 [INFO] 🔍 Scanning for alerts on 12 symbols (5min)...
2026-01-28 13:42:58,907 [INFO]     NSE:HAVELLS-EQ | CVD=-108016 vs Ref=14748 | VAH=1291.50
2026-01-28 13:43:00,714 [INFO]     NSE:PAYTM-EQ | CVD=306399 vs Ref=378055 | VAH=1165.50
2026-01-28 13:43:00,863 [INFO]     NSE:SHRIRAMFIN-EQ | CVD=570058 vs Ref=556824 | VAH=1012.50
2026-01-28 13:43:01,104 [INFO]     NSE:LODHA-EQ | CVD=-48187 vs Ref=50573 | VAH=924.30
2026-01-28 13:43:01,253 [INFO]     NSE:SBICARD-EQ | CVD=-57880 vs Ref=54892 | VAH=788.10
2026-01-28 13:43:01,521 [INFO]     NSE:PGEL-EQ | CVD=38513 vs Ref=60181 | VAH=524.70
2026-01-28 13:43:01,783 [INFO]     NSE:OIL-EQ | CVD=862962 vs Ref=1883485 | VAH=488.40
2026-01-28 13:43:01,974 [INFO]     NSE:NATIONALUM-EQ | CVD=479917 vs Ref=481038 | VAH=391.50
2026-01-28 13:43:02,204 [INFO]     NSE:KALYANKJIL-EQ | CVD=-148862 vs Ref=119217 | VAH=373.95
2026-01-28 13:43:02,499 [INFO]     NSE:JIOFIN-EQ | CVD=478513 vs Ref=545350 | VAH=257.40
2026-01-28 13:43:02,780 [INFO]     NSE:WIPRO-EQ | CVD=1060156 vs Ref=640617 | VAH=237.60
2026-01-28 13:43:03,005 [INFO]     NSE:YESBANK-EQ | CVD=4523136 vs Ref=7921551 | VAH=21.40
2026-01-28 13:44:03,006 [INFO] 🔍 Scanning for alerts on 12 symbols (5min)...
2026-01-28 13:44:03,271 [INFO]     NSE:HAVELLS-EQ | CVD=-108016 vs Ref=14748 | VAH=1291.50
2026-01-28 13:44:03,511 [INFO]     NSE:PAYTM-EQ | CVD=306399 vs Ref=378055 | VAH=1165.50
2026-01-28 13:44:03,701 [INFO]     NSE:SHRIRAMFIN-EQ | CVD=570058 vs Ref=556824 | VAH=1012.50
2026-01-28 13:44:03,927 [INFO]     NSE:LODHA-EQ | CVD=-48187 vs Ref=50573 | VAH=924.30
2026-01-28 13:44:04,097 [INFO]     NSE:SBICARD-EQ | CVD=-57880 vs Ref=54892 | VAH=788.10
2026-01-28 13:44:04,284 [INFO]     NSE:PGEL-EQ | CVD=38513 vs Ref=60181 | VAH=524.70
2026-01-28 13:44:04,505 [INFO]     NSE:OIL-EQ | CVD=862962 vs Ref=1883485 | VAH=488.40
2026-01-28 13:44:04,707 [INFO]     NSE:NATIONALUM-EQ | CVD=479917 vs Ref=481038 | VAH=391.50
2026-01-28 13:44:04,955 [INFO]     NSE:KALYANKJIL-EQ | CVD=-148862 vs Ref=119217 | VAH=373.95
2026-01-28 13:44:05,204 [INFO]     NSE:JIOFIN-EQ | CVD=478513 vs Ref=545350 | VAH=257.40
2026-01-28 13:44:05,401 [INFO]     NSE:WIPRO-EQ | CVD=1060156 vs Ref=640617 | VAH=237.60
2026-01-28 13:44:05,606 [INFO]     NSE:YESBANK-EQ | CVD=4523136 vs Ref=7921551 | VAH=21.40
2026-01-28 13:45:05,607 [INFO] 🔍 Scanning for alerts on 12 symbols (5min)...
2026-01-28 13:45:05,813 [INFO]     NSE:HAVELLS-EQ | CVD=-108016 vs Ref=14748 | VAH=1291.50
2026-01-28 13:45:05,991 [INFO]     NSE:PAYTM-EQ | CVD=306399 vs Ref=378055 | VAH=1165.50
2026-01-28 13:45:06,212 [INFO]     NSE:SHRIRAMFIN-EQ | CVD=570058 vs Ref=556824 | VAH=1012.50
2026-01-28 13:45:06,407 [INFO]     NSE:LODHA-EQ | CVD=-48187 vs Ref=50573 | VAH=924.30
2026-01-28 13:45:06,639 [INFO]     NSE:SBICARD-EQ | CVD=-57880 vs Ref=54892 | VAH=788.10
2026-01-28 13:45:06,817 [INFO]     NSE:PGEL-EQ | CVD=38513 vs Ref=60181 | VAH=524.70
2026-01-28 13:45:07,003 [INFO]     NSE:OIL-EQ | CVD=862962 vs Ref=1883485 | VAH=488.40
2026-01-28 13:45:07,172 [INFO]     NSE:NATIONALUM-EQ | CVD=479917 vs Ref=481038 | VAH=391.50
2026-01-28 13:45:07,354 [INFO]     NSE:KALYANKJIL-EQ | CVD=-148862 vs Ref=119217 | VAH=373.95
2026-01-28 13:45:07,543 [INFO]     NSE:JIOFIN-EQ | CVD=478513 vs Ref=545350 | VAH=257.40
2026-01-28 13:45:07,734 [INFO]     NSE:WIPRO-EQ | CVD=1060156 vs Ref=640617 | VAH=237.60
2026-01-28 13:45:07,951 [INFO]     NSE:YESBANK-EQ | CVD=4523136 vs Ref=7921551 | VAH=21.40
2026-01-28 13:46:07,953 [INFO] 🔍 Scanning for alerts on 12 symbols (5min)...
2026-01-28 13:46:08,135 [INFO]     NSE:HAVELLS-EQ | CVD=-108016 vs Ref=14748 | VAH=1291.50
2026-01-28 13:46:08,372 [INFO]     NSE:PAYTM-EQ | CVD=306399 vs Ref=378055 | VAH=1165.50
2026-01-28 13:46:08,576 [INFO]     NSE:SHRIRAMFIN-EQ | CVD=570058 vs Ref=556824 | VAH=1012.50
2026-01-28 13:46:08,743 [INFO]     NSE:LODHA-EQ | CVD=-48187 vs Ref=50573 | VAH=924.30
2026-01-28 13:46:08,958 [INFO]     NSE:SBICARD-EQ | CVD=-57880 vs Ref=54892 | VAH=788.10
2026-01-28 13:46:09,176 [INFO]     NSE:PGEL-EQ | CVD=38513 vs Ref=60181 | VAH=524.70
2026-01-28 13:46:09,395 [INFO]     NSE:OIL-EQ | CVD=862962 vs Ref=1883485 | VAH=488.40
2026-01-28 13:46:09,585 [INFO]     NSE:NATIONALUM-EQ | CVD=479917 vs Ref=481038 | VAH=391.50
2026-01-28 13:46:09,798 [INFO]     NSE:KALYANKJIL-EQ | CVD=-148862 vs Ref=119217 | VAH=373.95
2026-01-28 13:46:10,004 [INFO]     NSE:JIOFIN-EQ | CVD=478513 vs Ref=545350 | VAH=257.40
2026-01-28 13:46:10,186 [INFO]     NSE:WIPRO-EQ | CVD=1060156 vs Ref=640617 | VAH=237.60
2026-01-28 13:46:10,398 [INFO]     NSE:YESBANK-EQ | CVD=4523136 vs Ref=7921551 | VAH=21.40
2026-01-28 13:47:10,398 [INFO] 🔍 Scanning for alerts on 12 symbols (5min)...
2026-01-28 13:47:10,579 [INFO]     NSE:HAVELLS-EQ | CVD=-108016 vs Ref=14748 | VAH=1291.50
2026-01-28 13:47:10,727 [INFO]     NSE:PAYTM-EQ | CVD=306399 vs Ref=378055 | VAH=1165.50
2026-01-28 13:47:10,941 [INFO]     NSE:SHRIRAMFIN-EQ | CVD=570058 vs Ref=556824 | VAH=1012.50
2026-01-28 13:47:11,148 [INFO]     NSE:LODHA-EQ | CVD=-48187 vs Ref=50573 | VAH=924.30
2026-01-28 13:47:11,307 [INFO]     NSE:SBICARD-EQ | CVD=-57880 vs Ref=54892 | VAH=788.10
2026-01-28 13:47:11,565 [INFO]     NSE:PGEL-EQ | CVD=38513 vs Ref=60181 | VAH=524.70
2026-01-28 13:47:11,786 [INFO]     NSE:OIL-EQ | CVD=862962 vs Ref=1883485 | VAH=488.40
2026-01-28 13:47:12,007 [INFO]     NSE:NATIONALUM-EQ | CVD=479917 vs Ref=481038 | VAH=391.50
2026-01-28 13:47:12,219 [INFO]     NSE:KALYANKJIL-EQ | CVD=-148862 vs Ref=119217 | VAH=373.95
2026-01-28 13:47:12,431 [INFO]     NSE:JIOFIN-EQ | CVD=478513 vs Ref=545350 | VAH=257.40
2026-01-28 13:47:12,648 [INFO]     NSE:WIPRO-EQ | CVD=1060156 vs Ref=640617 | VAH=237.60
2026-01-28 13:47:12,826 [INFO]     NSE:YESBANK-EQ | CVD=4523136 vs Ref=7921551 | VAH=21.40
2026-01-28 13:48:12,828 [INFO] 🔍 Scanning for alerts on 12 symbols (5min)...
2026-01-28 13:48:13,049 [INFO]     NSE:HAVELLS-EQ | CVD=-108016 vs Ref=14748 | VAH=1291.50
2026-01-28 13:48:13,234 [INFO]     NSE:PAYTM-EQ | CVD=306399 vs Ref=378055 | VAH=1165.50
2026-01-28 13:48:13,451 [INFO]     NSE:SHRIRAMFIN-EQ | CVD=570058 vs Ref=556824 | VAH=1012.50
2026-01-28 13:48:13,664 [INFO]     NSE:LODHA-EQ | CVD=-48187 vs Ref=50573 | VAH=924.30
2026-01-28 13:48:13,840 [INFO]     NSE:SBICARD-EQ | CVD=-57880 vs Ref=54892 | VAH=788.10
2026-01-28 13:48:14,023 [INFO]     NSE:PGEL-EQ | CVD=38513 vs Ref=60181 | VAH=524.70
2026-01-28 13:48:14,236 [INFO]     NSE:OIL-EQ | CVD=862962 vs Ref=1883485 | VAH=488.40
2026-01-28 13:48:14,448 [INFO]     NSE:NATIONALUM-EQ | CVD=479917 vs Ref=481038 | VAH=391.50
2026-01-28 13:48:14,661 [INFO]     NSE:KALYANKJIL-EQ | CVD=-148862 vs Ref=119217 | VAH=373.95
2026-01-28 13:48:14,876 [INFO]     NSE:JIOFIN-EQ | CVD=478513 vs Ref=545350 | VAH=257.40
2026-01-28 13:48:15,091 [INFO]     NSE:WIPRO-EQ | CVD=1060156 vs Ref=640617 | VAH=237.60
2026-01-28 13:48:15,266 [INFO]     NSE:YESBANK-EQ | CVD=4523136 vs Ref=7921551 | VAH=21.40
2026-01-28 13:49:15,268 [INFO] 🔍 Scanning for alerts on 12 symbols (5min)...
2026-01-28 13:49:15,513 [INFO]     NSE:HAVELLS-EQ | CVD=-108016 vs Ref=14748 | VAH=1291.50
2026-01-28 13:49:15,732 [INFO]     NSE:PAYTM-EQ | CVD=306399 vs Ref=378055 | VAH=1165.50
2026-01-28 13:49:15,969 [INFO]     NSE:SHRIRAMFIN-EQ | CVD=570058 vs Ref=556824 | VAH=1012.50
2026-01-28 13:49:16,183 [INFO]     NSE:LODHA-EQ | CVD=-48187 vs Ref=50573 | VAH=924.30
2026-01-28 13:49:16,436 [INFO]     NSE:SBICARD-EQ | CVD=-57880 vs Ref=54892 | VAH=788.10
2026-01-28 13:49:16,601 [INFO]     NSE:PGEL-EQ | CVD=38513 vs Ref=60181 | VAH=524.70
2026-01-28 13:49:16,782 [INFO]     NSE:OIL-EQ | CVD=862962 vs Ref=1883485 | VAH=488.40
2026-01-28 13:49:16,957 [INFO]     NSE:NATIONALUM-EQ | CVD=479917 vs Ref=481038 | VAH=391.50
2026-01-28 13:49:17,145 [INFO]     NSE:KALYANKJIL-EQ | CVD=-148862 vs Ref=119217 | VAH=373.95
2026-01-28 13:49:17,359 [INFO]     NSE:JIOFIN-EQ | CVD=478513 vs Ref=545350 | VAH=257.40
2026-01-28 13:49:17,535 [INFO]     NSE:WIPRO-EQ | CVD=1060156 vs Ref=640617 | VAH=237.60
2026-01-28 13:49:17,699 [INFO]     NSE:YESBANK-EQ | CVD=4523136 vs Ref=7921551 | VAH=21.40
2026-01-28 13:50:17,702 [INFO] 🔍 Scanning for alerts on 12 symbols (5min)...
2026-01-28 13:50:17,910 [INFO]     NSE:HAVELLS-EQ | CVD=-108016 vs Ref=14748 | VAH=1291.50
2026-01-28 13:50:18,063 [INFO]     NSE:PAYTM-EQ | CVD=306399 vs Ref=378055 | VAH=1165.50
2026-01-28 13:50:18,256 [INFO]     NSE:SHRIRAMFIN-EQ | CVD=570058 vs Ref=556824 | VAH=1012.50
2026-01-28 13:50:18,473 [INFO]     NSE:LODHA-EQ | CVD=-48187 vs Ref=50573 | VAH=924.30
2026-01-28 13:50:18,661 [INFO]     NSE:SBICARD-EQ | CVD=-57880 vs Ref=54892 | VAH=788.10
2026-01-28 13:50:18,875 [INFO]     NSE:PGEL-EQ | CVD=38513 vs Ref=60181 | VAH=524.70
2026-01-28 13:50:19,093 [INFO]     NSE:OIL-EQ | CVD=862962 vs Ref=1883485 | VAH=488.40
2026-01-28 13:50:19,247 [INFO]     NSE:NATIONALUM-EQ | CVD=479917 vs Ref=481038 | VAH=391.50
2026-01-28 13:50:19,471 [INFO]     NSE:KALYANKJIL-EQ | CVD=-148862 vs Ref=119217 | VAH=373.95
2026-01-28 13:50:19,654 [INFO]     NSE:JIOFIN-EQ | CVD=478513 vs Ref=545350 | VAH=257.40
2026-01-28 13:50:19,840 [INFO]     NSE:WIPRO-EQ | CVD=1060156 vs Ref=640617 | VAH=237.60
2026-01-28 13:50:20,022 [INFO]     NSE:YESBANK-EQ | CVD=4523136 vs Ref=7921551 | VAH=21.40
2026-01-28 13:51:20,024 [INFO] 🔍 Scanning for alerts on 12 symbols (5min)...
2026-01-28 13:51:20,243 [INFO]     NSE:HAVELLS-EQ | CVD=-108016 vs Ref=14748 | VAH=1291.50
2026-01-28 13:51:20,457 [INFO]     NSE:PAYTM-EQ | CVD=306399 vs Ref=378055 | VAH=1165.50
2026-01-28 13:51:20,668 [INFO]     NSE:SHRIRAMFIN-EQ | CVD=570058 vs Ref=556824 | VAH=1012.50
2026-01-28 13:51:20,876 [INFO]     NSE:LODHA-EQ | CVD=-48187 vs Ref=50573 | VAH=924.30
2026-01-28 13:51:21,081 [INFO]     NSE:SBICARD-EQ | CVD=-57880 vs Ref=54892 | VAH=788.10
2026-01-28 13:51:21,258 [INFO]     NSE:PGEL-EQ | CVD=38513 vs Ref=60181 | VAH=524.70
2026-01-28 13:51:21,448 [INFO]     NSE:OIL-EQ | CVD=862962 vs Ref=1883485 | VAH=488.40
2026-01-28 13:51:21,639 [INFO]     NSE:NATIONALUM-EQ | CVD=479917 vs Ref=481038 | VAH=391.50
2026-01-28 13:51:21,832 [INFO]     NSE:KALYANKJIL-EQ | CVD=-148862 vs Ref=119217 | VAH=373.95
2026-01-28 13:51:22,007 [INFO]     NSE:JIOFIN-EQ | CVD=478513 vs Ref=545350 | VAH=257.40
2026-01-28 13:51:22,205 [INFO]     NSE:WIPRO-EQ | CVD=1060156 vs Ref=640617 | VAH=237.60
2026-01-28 13:51:22,459 [INFO]     NSE:YESBANK-EQ | CVD=4523136 vs Ref=7921551 | VAH=21.40
2026-01-28 13:52:22,461 [INFO] 🔍 Scanning for alerts on 12 symbols (5min)...
2026-01-28 13:52:22,649 [INFO]     NSE:HAVELLS-EQ | CVD=-108016 vs Ref=14748 | VAH=1291.50
2026-01-28 13:52:22,864 [INFO]     NSE:PAYTM-EQ | CVD=306399 vs Ref=378055 | VAH=1165.50
2026-01-28 13:52:23,041 [INFO]     NSE:SHRIRAMFIN-EQ | CVD=570058 vs Ref=556824 | VAH=1012.50
2026-01-28 13:52:23,218 [INFO]     NSE:LODHA-EQ | CVD=-48187 vs Ref=50573 | VAH=924.30
2026-01-28 13:52:23,403 [INFO]     NSE:SBICARD-EQ | CVD=-57880 vs Ref=54892 | VAH=788.10
2026-01-28 13:52:23,576 [INFO]     NSE:PGEL-EQ | CVD=38513 vs Ref=60181 | VAH=524.70
2026-01-28 13:52:23,761 [INFO]     NSE:OIL-EQ | CVD=862962 vs Ref=1883485 | VAH=488.40
2026-01-28 13:52:23,939 [INFO]     NSE:NATIONALUM-EQ | CVD=479917 vs Ref=481038 | VAH=391.50
2026-01-28 13:52:24,128 [INFO]     NSE:KALYANKJIL-EQ | CVD=-148862 vs Ref=119217 | VAH=373.95
2026-01-28 13:52:24,284 [INFO]     NSE:JIOFIN-EQ | CVD=478513 vs Ref=545350 | VAH=257.40
2026-01-28 13:52:24,499 [INFO]     NSE:WIPRO-EQ | CVD=1060156 vs Ref=640617 | VAH=237.60
2026-01-28 13:52:24,702 [INFO]     NSE:YESBANK-EQ | CVD=4523136 vs Ref=7921551 | VAH=21.40
2026-01-28 13:53:24,703 [INFO] 🔍 Scanning for alerts on 12 symbols (5min)...
2026-01-28 13:53:24,890 [INFO]     NSE:HAVELLS-EQ | CVD=-108016 vs Ref=14748 | VAH=1291.50
2026-01-28 13:53:25,106 [INFO]     NSE:PAYTM-EQ | CVD=306399 vs Ref=378055 | VAH=1165.50
2026-01-28 13:53:25,310 [INFO]     NSE:SHRIRAMFIN-EQ | CVD=570058 vs Ref=556824 | VAH=1012.50
2026-01-28 13:53:25,465 [INFO]     NSE:LODHA-EQ | CVD=-48187 vs Ref=50573 | VAH=924.30
2026-01-28 13:53:25,661 [INFO]     NSE:SBICARD-EQ | CVD=-57880 vs Ref=54892 | VAH=788.10
2026-01-28 13:53:25,876 [INFO]     NSE:PGEL-EQ | CVD=38513 vs Ref=60181 | VAH=524.70
2026-01-28 13:53:26,045 [INFO]     NSE:OIL-EQ | CVD=862962 vs Ref=1883485 | VAH=488.40
2026-01-28 13:53:26,258 [INFO]     NSE:NATIONALUM-EQ | CVD=479917 vs Ref=481038 | VAH=391.50
2026-01-28 13:53:26,459 [INFO]     NSE:KALYANKJIL-EQ | CVD=-148862 vs Ref=119217 | VAH=373.95
2026-01-28 13:53:26,673 [INFO]     NSE:JIOFIN-EQ | CVD=478513 vs Ref=545350 | VAH=257.40
2026-01-28 13:53:26,899 [INFO]     NSE:WIPRO-EQ | CVD=1060156 vs Ref=640617 | VAH=237.60
2026-01-28 13:53:27,112 [INFO]     NSE:YESBANK-EQ | CVD=4523136 vs Ref=7921551 | VAH=21.40
2026-01-28 13:54:27,114 [INFO] 🔍 Scanning for alerts on 12 symbols (5min)...
2026-01-28 13:54:27,391 [INFO]     NSE:HAVELLS-EQ | CVD=-108016 vs Ref=14748 | VAH=1291.50
2026-01-28 13:54:27,677 [INFO]     NSE:PAYTM-EQ | CVD=306399 vs Ref=378055 | VAH=1165.50
2026-01-28 13:54:27,969 [INFO]     NSE:SHRIRAMFIN-EQ | CVD=570058 vs Ref=556824 | VAH=1012.50
2026-01-28 13:54:28,299 [INFO]     NSE:LODHA-EQ | CVD=-48187 vs Ref=50573 | VAH=924.30
2026-01-28 13:54:28,587 [INFO]     NSE:SBICARD-EQ | CVD=-57880 vs Ref=54892 | VAH=788.10
2026-01-28 13:54:28,847 [INFO]     NSE:PGEL-EQ | CVD=38513 vs Ref=60181 | VAH=524.70
2026-01-28 13:54:29,119 [INFO]     NSE:OIL-EQ | CVD=862962 vs Ref=1883485 | VAH=488.40
2026-01-28 13:54:29,386 [INFO]     NSE:NATIONALUM-EQ | CVD=479917 vs Ref=481038 | VAH=391.50
2026-01-28 13:54:29,653 [INFO]     NSE:KALYANKJIL-EQ | CVD=-148862 vs Ref=119217 | VAH=373.95
2026-01-28 13:54:29,924 [INFO]     NSE:JIOFIN-EQ | CVD=478513 vs Ref=545350 | VAH=257.40
2026-01-28 13:54:30,195 [INFO]     NSE:WIPRO-EQ | CVD=1060156 vs Ref=640617 | VAH=237.60
2026-01-28 13:54:30,514 [INFO]     NSE:YESBANK-EQ | CVD=4523136 vs Ref=7921551 | VAH=21.40
2026-01-28 13:55:30,516 [INFO] 🔍 Scanning for alerts on 12 symbols (5min)...
2026-01-28 13:55:30,736 [INFO]     NSE:HAVELLS-EQ | CVD=-108016 vs Ref=14748 | VAH=1291.50
2026-01-28 13:55:30,947 [INFO]     NSE:PAYTM-EQ | CVD=306399 vs Ref=378055 | VAH=1165.50
2026-01-28 13:55:31,144 [INFO]     NSE:SHRIRAMFIN-EQ | CVD=570058 vs Ref=556824 | VAH=1012.50
2026-01-28 13:55:31,358 [INFO]     NSE:LODHA-EQ | CVD=-48187 vs Ref=50573 | VAH=924.30
2026-01-28 13:55:31,516 [INFO]     NSE:SBICARD-EQ | CVD=-57880 vs Ref=54892 | VAH=788.10
2026-01-28 13:55:31,690 [INFO]     NSE:PGEL-EQ | CVD=38513 vs Ref=60181 | VAH=524.70
2026-01-28 13:55:31,905 [INFO]     NSE:OIL-EQ | CVD=862962 vs Ref=1883485 | VAH=488.40
2026-01-28 13:55:32,107 [INFO]     NSE:NATIONALUM-EQ | CVD=479917 vs Ref=481038 | VAH=391.50
2026-01-28 13:55:32,305 [INFO]     NSE:KALYANKJIL-EQ | CVD=-148862 vs Ref=119217 | VAH=373.95
2026-01-28 13:55:32,506 [INFO]     NSE:JIOFIN-EQ | CVD=478513 vs Ref=545350 | VAH=257.40
2026-01-28 13:55:32,709 [INFO]     NSE:WIPRO-EQ | CVD=1060156 vs Ref=640617 | VAH=237.60
2026-01-28 13:55:32,907 [INFO]     NSE:YESBANK-EQ | CVD=4523136 vs Ref=7921551 | VAH=21.40
2026-01-28 13:56:32,909 [INFO] 🔍 Scanning for alerts on 12 symbols (5min)...
2026-01-28 13:56:33,097 [INFO]     NSE:HAVELLS-EQ | CVD=-108016 vs Ref=14748 | VAH=1291.50
2026-01-28 13:56:33,331 [INFO]     NSE:PAYTM-EQ | CVD=306399 vs Ref=378055 | VAH=1165.50
2026-01-28 13:56:33,532 [INFO]     NSE:SHRIRAMFIN-EQ | CVD=570058 vs Ref=556824 | VAH=1012.50
2026-01-28 13:56:33,705 [INFO]     NSE:LODHA-EQ | CVD=-48187 vs Ref=50573 | VAH=924.30
2026-01-28 13:56:33,911 [INFO]     NSE:SBICARD-EQ | CVD=-57880 vs Ref=54892 | VAH=788.10
2026-01-28 13:56:34,078 [INFO]     NSE:PGEL-EQ | CVD=38513 vs Ref=60181 | VAH=524.70
2026-01-28 13:56:34,254 [INFO]     NSE:OIL-EQ | CVD=862962 vs Ref=1883485 | VAH=488.40
2026-01-28 13:56:34,485 [INFO]     NSE:NATIONALUM-EQ | CVD=479917 vs Ref=481038 | VAH=391.50
2026-01-28 13:56:34,678 [INFO]     NSE:KALYANKJIL-EQ | CVD=-148862 vs Ref=119217 | VAH=373.95
2026-01-28 13:56:34,877 [INFO]     NSE:JIOFIN-EQ | CVD=478513 vs Ref=545350 | VAH=257.40
2026-01-28 13:56:35,088 [INFO]     NSE:WIPRO-EQ | CVD=1060156 vs Ref=640617 | VAH=237.60
2026-01-28 13:56:35,301 [INFO]     NSE:YESBANK-EQ | CVD=4523136 vs Ref=7921551 | VAH=21.40
2026-01-28 13:57:35,303 [INFO] 🔍 Scanning for alerts on 12 symbols (5min)...
2026-01-28 13:57:35,495 [INFO]     NSE:HAVELLS-EQ | CVD=-108016 vs Ref=14748 | VAH=1291.50
2026-01-28 13:57:35,686 [INFO]     NSE:PAYTM-EQ | CVD=306399 vs Ref=378055 | VAH=1165.50
2026-01-28 13:57:35,844 [INFO]     NSE:SHRIRAMFIN-EQ | CVD=570058 vs Ref=556824 | VAH=1012.50
2026-01-28 13:57:36,032 [INFO]     NSE:LODHA-EQ | CVD=-48187 vs Ref=50573 | VAH=924.30
2026-01-28 13:57:36,212 [INFO]     NSE:SBICARD-EQ | CVD=-57880 vs Ref=54892 | VAH=788.10
2026-01-28 13:57:36,388 [INFO]     NSE:PGEL-EQ | CVD=38513 vs Ref=60181 | VAH=524.70
2026-01-28 13:57:36,599 [INFO]     NSE:OIL-EQ | CVD=862962 vs Ref=1883485 | VAH=488.40
2026-01-28 13:57:36,811 [INFO]     NSE:NATIONALUM-EQ | CVD=479917 vs Ref=481038 | VAH=391.50
2026-01-28 13:57:37,018 [INFO]     NSE:KALYANKJIL-EQ | CVD=-148862 vs Ref=119217 | VAH=373.95
2026-01-28 13:57:37,258 [INFO]     NSE:JIOFIN-EQ | CVD=478513 vs Ref=545350 | VAH=257.40
2026-01-28 13:57:37,429 [INFO]     NSE:WIPRO-EQ | CVD=1060156 vs Ref=640617 | VAH=237.60
2026-01-28 13:57:37,659 [INFO]     NSE:YESBANK-EQ | CVD=4523136 vs Ref=7921551 | VAH=21.40
2026-01-28 13:58:37,661 [INFO] 🔍 Scanning for alerts on 12 symbols (5min)...
2026-01-28 13:58:37,882 [INFO]     NSE:HAVELLS-EQ | CVD=-108016 vs Ref=14748 | VAH=1291.50
2026-01-28 13:58:38,069 [INFO]     NSE:PAYTM-EQ | CVD=306399 vs Ref=378055 | VAH=1165.50
2026-01-28 13:58:38,236 [INFO]     NSE:SHRIRAMFIN-EQ | CVD=570058 vs Ref=556824 | VAH=1012.50
2026-01-28 13:58:38,408 [INFO]     NSE:LODHA-EQ | CVD=-48187 vs Ref=50573 | VAH=924.30
2026-01-28 13:58:38,596 [INFO]     NSE:SBICARD-EQ | CVD=-57880 vs Ref=54892 | VAH=788.10
2026-01-28 13:58:38,788 [INFO]     NSE:PGEL-EQ | CVD=38513 vs Ref=60181 | VAH=524.70
2026-01-28 13:58:38,990 [INFO]     NSE:OIL-EQ | CVD=862962 vs Ref=1883485 | VAH=488.40
2026-01-28 13:58:39,199 [INFO]     NSE:NATIONALUM-EQ | CVD=479917 vs Ref=481038 | VAH=391.50
2026-01-28 13:58:39,413 [INFO]     NSE:KALYANKJIL-EQ | CVD=-148862 vs Ref=119217 | VAH=373.95
2026-01-28 13:58:39,595 [INFO]     NSE:JIOFIN-EQ | CVD=478513 vs Ref=545350 | VAH=257.40
2026-01-28 13:58:39,770 [INFO]     NSE:WIPRO-EQ | CVD=1060156 vs Ref=640617 | VAH=237.60
2026-01-28 13:58:40,008 [INFO]     NSE:YESBANK-EQ | CVD=4523136 vs Ref=7921551 | VAH=21.40
2026-01-28 13:59:40,011 [INFO] 🔍 Scanning for alerts on 12 symbols (5min)...
2026-01-28 13:59:40,230 [INFO]     NSE:HAVELLS-EQ | CVD=-108016 vs Ref=14748 | VAH=1291.50
2026-01-28 13:59:40,439 [INFO]     NSE:PAYTM-EQ | CVD=306399 vs Ref=378055 | VAH=1165.50
2026-01-28 13:59:40,595 [INFO]     NSE:SHRIRAMFIN-EQ | CVD=570058 vs Ref=556824 | VAH=1012.50
2026-01-28 13:59:40,772 [INFO]     NSE:LODHA-EQ | CVD=-48187 vs Ref=50573 | VAH=924.30
2026-01-28 13:59:40,953 [INFO]     NSE:SBICARD-EQ | CVD=-57880 vs Ref=54892 | VAH=788.10
2026-01-28 13:59:41,102 [INFO]     NSE:PGEL-EQ | CVD=38513 vs Ref=60181 | VAH=524.70
2026-01-28 13:59:41,285 [INFO]     NSE:OIL-EQ | CVD=862962 vs Ref=1883485 | VAH=488.40
2026-01-28 13:59:41,436 [INFO]     NSE:NATIONALUM-EQ | CVD=479917 vs Ref=481038 | VAH=391.50
2026-01-28 13:59:41,620 [INFO]     NSE:KALYANKJIL-EQ | CVD=-148862 vs Ref=119217 | VAH=373.95
2026-01-28 13:59:41,797 [INFO]     NSE:JIOFIN-EQ | CVD=478513 vs Ref=545350 | VAH=257.40
2026-01-28 13:59:41,983 [INFO]     NSE:WIPRO-EQ | CVD=1060156 vs Ref=640617 | VAH=237.60
2026-01-28 13:59:42,177 [INFO]     NSE:YESBANK-EQ | CVD=4523136 vs Ref=7921551 | VAH=21.40
2026-01-28 14:00:42,178 [INFO] 🔍 Scanning for alerts on 12 symbols (5min)...
2026-01-28 14:00:42,404 [INFO]     NSE:HAVELLS-EQ | CVD=-108016 vs Ref=14748 | VAH=1291.50
2026-01-28 14:00:42,633 [INFO]     NSE:PAYTM-EQ | CVD=306399 vs Ref=378055 | VAH=1165.50
2026-01-28 14:00:42,870 [INFO]     NSE:SHRIRAMFIN-EQ | CVD=570058 vs Ref=556824 | VAH=1012.50
2026-01-28 14:00:43,145 [INFO]     NSE:LODHA-EQ | CVD=-48187 vs Ref=50573 | VAH=924.30
2026-01-28 14:00:43,448 [INFO]     NSE:SBICARD-EQ | CVD=-57880 vs Ref=54892 | VAH=788.10
2026-01-28 14:00:43,720 [INFO]     NSE:PGEL-EQ | CVD=38513 vs Ref=60181 | VAH=524.70
2026-01-28 14:00:43,996 [INFO]     NSE:OIL-EQ | CVD=862962 vs Ref=1883485 | VAH=488.40
2026-01-28 14:00:44,210 [INFO]     NSE:NATIONALUM-EQ | CVD=479917 vs Ref=481038 | VAH=391.50
2026-01-28 14:00:44,418 [INFO]     NSE:KALYANKJIL-EQ | CVD=-148862 vs Ref=119217 | VAH=373.95
2026-01-28 14:00:44,625 [INFO]     NSE:JIOFIN-EQ | CVD=478513 vs Ref=545350 | VAH=257.40
2026-01-28 14:00:44,839 [INFO]     NSE:WIPRO-EQ | CVD=1060156 vs Ref=640617 | VAH=237.60
2026-01-28 14:00:45,057 [INFO]     NSE:YESBANK-EQ | CVD=4523136 vs Ref=7921551 | VAH=21.40
2026-01-28 14:01:45,058 [INFO] 🔍 Scanning for alerts on 12 symbols (5min)...
2026-01-28 14:01:45,309 [INFO]     NSE:HAVELLS-EQ | CVD=-108016 vs Ref=14748 | VAH=1291.50
2026-01-28 14:01:45,533 [INFO]     NSE:PAYTM-EQ | CVD=306399 vs Ref=378055 | VAH=1165.50
2026-01-28 14:01:45,757 [INFO]     NSE:SHRIRAMFIN-EQ | CVD=570058 vs Ref=556824 | VAH=1012.50
2026-01-28 14:01:45,982 [INFO]     NSE:LODHA-EQ | CVD=-48187 vs Ref=50573 | VAH=924.30
2026-01-28 14:01:46,193 [INFO]     NSE:SBICARD-EQ | CVD=-57880 vs Ref=54892 | VAH=788.10
2026-01-28 14:01:46,404 [INFO]     NSE:PGEL-EQ | CVD=38513 vs Ref=60181 | VAH=524.70
2026-01-28 14:01:46,596 [INFO]     NSE:OIL-EQ | CVD=862962 vs Ref=1883485 | VAH=488.40
2026-01-28 14:01:46,772 [INFO]     NSE:NATIONALUM-EQ | CVD=479917 vs Ref=481038 | VAH=391.50
2026-01-28 14:01:46,996 [INFO]     NSE:KALYANKJIL-EQ | CVD=-148862 vs Ref=119217 | VAH=373.95
2026-01-28 14:01:47,224 [INFO]     NSE:JIOFIN-EQ | CVD=478513 vs Ref=545350 | VAH=257.40
2026-01-28 14:01:47,408 [INFO]     NSE:WIPRO-EQ | CVD=1060156 vs Ref=640617 | VAH=237.60
2026-01-28 14:01:47,597 [INFO]     NSE:YESBANK-EQ | CVD=4523136 vs Ref=7921551 | VAH=21.40
2026-01-28 14:02:47,599 [INFO] 🔍 Scanning for alerts on 12 symbols (5min)...
2026-01-28 14:02:47,821 [INFO]     NSE:HAVELLS-EQ | CVD=-108016 vs Ref=14748 | VAH=1291.50
2026-01-28 14:02:48,019 [INFO]     NSE:PAYTM-EQ | CVD=306399 vs Ref=378055 | VAH=1165.50
2026-01-28 14:02:49,621 [INFO]     NSE:SHRIRAMFIN-EQ | CVD=570058 vs Ref=556824 | VAH=1012.50
2026-01-28 14:02:49,779 [INFO]     NSE:LODHA-EQ | CVD=-48187 vs Ref=50573 | VAH=924.30
2026-01-28 14:02:49,999 [INFO]     NSE:SBICARD-EQ | CVD=-57880 vs Ref=54892 | VAH=788.10
2026-01-28 14:02:50,173 [INFO]     NSE:PGEL-EQ | CVD=38513 vs Ref=60181 | VAH=524.70
2026-01-28 14:02:50,335 [INFO]     NSE:OIL-EQ | CVD=862962 vs Ref=1883485 | VAH=488.40
2026-01-28 14:02:50,518 [INFO]     NSE:NATIONALUM-EQ | CVD=479917 vs Ref=481038 | VAH=391.50
2026-01-28 14:02:50,710 [INFO]     NSE:KALYANKJIL-EQ | CVD=-148862 vs Ref=119217 | VAH=373.95
2026-01-28 14:02:50,881 [INFO]     NSE:JIOFIN-EQ | CVD=478513 vs Ref=545350 | VAH=257.40
2026-01-28 14:02:51,041 [INFO]     NSE:WIPRO-EQ | CVD=1060156 vs Ref=640617 | VAH=237.60
2026-01-28 14:02:51,235 [INFO]     NSE:YESBANK-EQ | CVD=4523136 vs Ref=7921551 | VAH=21.40
2026-01-28 14:03:51,237 [INFO] 🔍 Scanning for alerts on 12 symbols (5min)...
2026-01-28 14:03:51,450 [INFO]     NSE:HAVELLS-EQ | CVD=-108016 vs Ref=14748 | VAH=1291.50
2026-01-28 14:03:51,644 [INFO]     NSE:PAYTM-EQ | CVD=306399 vs Ref=378055 | VAH=1165.50
2026-01-28 14:03:51,797 [INFO]     NSE:SHRIRAMFIN-EQ | CVD=570058 vs Ref=556824 | VAH=1012.50
2026-01-28 14:03:52,030 [INFO]     NSE:LODHA-EQ | CVD=-48187 vs Ref=50573 | VAH=924.30
2026-01-28 14:03:52,217 [INFO]     NSE:SBICARD-EQ | CVD=-57880 vs Ref=54892 | VAH=788.10
2026-01-28 14:03:54,138 [INFO]     NSE:PGEL-EQ | CVD=38513 vs Ref=60181 | VAH=524.70
2026-01-28 14:03:54,360 [INFO]     NSE:OIL-EQ | CVD=862962 vs Ref=1883485 | VAH=488.40
2026-01-28 14:03:54,567 [INFO]     NSE:NATIONALUM-EQ | CVD=479917 vs Ref=481038 | VAH=391.50
2026-01-28 14:03:54,761 [INFO]     NSE:KALYANKJIL-EQ | CVD=-148862 vs Ref=119217 | VAH=373.95
2026-01-28 14:03:54,960 [INFO]     NSE:JIOFIN-EQ | CVD=478513 vs Ref=545350 | VAH=257.40
2026-01-28 14:03:55,159 [INFO]     NSE:WIPRO-EQ | CVD=1060156 vs Ref=640617 | VAH=237.60
2026-01-28 14:03:55,383 [INFO]     NSE:YESBANK-EQ | CVD=4523136 vs Ref=7921551 | VAH=21.40
2026-01-28 14:04:55,385 [INFO] 🔍 Scanning for alerts on 12 symbols (5min)...
2026-01-28 14:04:55,597 [INFO]     NSE:HAVELLS-EQ | CVD=-108016 vs Ref=14748 | VAH=1291.50
2026-01-28 14:04:55,765 [INFO]     NSE:PAYTM-EQ | CVD=306399 vs Ref=378055 | VAH=1165.50
2026-01-28 14:04:55,949 [INFO]     NSE:SHRIRAMFIN-EQ | CVD=570058 vs Ref=556824 | VAH=1012.50
2026-01-28 14:04:56,127 [INFO]     NSE:LODHA-EQ | CVD=-48187 vs Ref=50573 | VAH=924.30
2026-01-28 14:04:56,311 [INFO]     NSE:SBICARD-EQ | CVD=-57880 vs Ref=54892 | VAH=788.10
2026-01-28 14:04:56,503 [INFO]     NSE:PGEL-EQ | CVD=38513 vs Ref=60181 | VAH=524.70
2026-01-28 14:04:56,696 [INFO]     NSE:OIL-EQ | CVD=862962 vs Ref=1883485 | VAH=488.40
2026-01-28 14:04:58,582 [INFO]     NSE:NATIONALUM-EQ | CVD=479917 vs Ref=481038 | VAH=391.50
2026-01-28 14:04:58,744 [INFO]     NSE:KALYANKJIL-EQ | CVD=-148862 vs Ref=119217 | VAH=373.95
2026-01-28 14:04:58,962 [INFO]     NSE:JIOFIN-EQ | CVD=478513 vs Ref=545350 | VAH=257.40
2026-01-28 14:04:59,179 [INFO]     NSE:WIPRO-EQ | CVD=1060156 vs Ref=640617 | VAH=237.60
2026-01-28 14:04:59,350 [INFO]     NSE:YESBANK-EQ | CVD=4523136 vs Ref=7921551 | VAH=21.40
2026-01-28 14:05:59,351 [INFO] 🔍 Scanning for alerts on 12 symbols (5min)...
2026-01-28 14:05:59,534 [INFO]     NSE:HAVELLS-EQ | CVD=-108016 vs Ref=14748 | VAH=1291.50
2026-01-28 14:05:59,705 [INFO]     NSE:PAYTM-EQ | CVD=306399 vs Ref=378055 | VAH=1165.50
2026-01-28 14:05:59,870 [INFO]     NSE:SHRIRAMFIN-EQ | CVD=570058 vs Ref=556824 | VAH=1012.50
2026-01-28 14:06:01,868 [INFO]     NSE:LODHA-EQ | CVD=-48187 vs Ref=50573 | VAH=924.30
2026-01-28 14:06:02,136 [INFO]     NSE:SBICARD-EQ | CVD=-57880 vs Ref=54892 | VAH=788.10
2026-01-28 14:06:02,477 [INFO]     NSE:PGEL-EQ | CVD=38513 vs Ref=60181 | VAH=524.70
2026-01-28 14:06:02,765 [INFO]     NSE:OIL-EQ | CVD=862962 vs Ref=1883485 | VAH=488.40
2026-01-28 14:06:02,989 [INFO]     NSE:NATIONALUM-EQ | CVD=479917 vs Ref=481038 | VAH=391.50
2026-01-28 14:06:03,193 [INFO]     NSE:KALYANKJIL-EQ | CVD=-148862 vs Ref=119217 | VAH=373.95
2026-01-28 14:06:03,420 [INFO]     NSE:JIOFIN-EQ | CVD=478513 vs Ref=545350 | VAH=257.40
2026-01-28 14:06:03,652 [INFO]     NSE:WIPRO-EQ | CVD=1060156 vs Ref=640617 | VAH=237.60
2026-01-28 14:06:03,876 [INFO]     NSE:YESBANK-EQ | CVD=4523136 vs Ref=7921551 | VAH=21.40
2026-01-28 14:07:03,877 [INFO] 🔍 Scanning for alerts on 12 symbols (5min)...
2026-01-28 14:07:04,154 [INFO]     NSE:HAVELLS-EQ | CVD=-108016 vs Ref=14748 | VAH=1291.50
2026-01-28 14:07:04,366 [INFO]     NSE:PAYTM-EQ | CVD=306399 vs Ref=378055 | VAH=1165.50
2026-01-28 14:07:04,593 [INFO]     NSE:SHRIRAMFIN-EQ | CVD=570058 vs Ref=556824 | VAH=1012.50
2026-01-28 14:07:04,800 [INFO]     NSE:LODHA-EQ | CVD=-48187 vs Ref=50573 | VAH=924.30
2026-01-28 14:07:05,055 [INFO]     NSE:SBICARD-EQ | CVD=-57880 vs Ref=54892 | VAH=788.10
2026-01-28 14:07:05,281 [INFO]     NSE:PGEL-EQ | CVD=38513 vs Ref=60181 | VAH=524.70
2026-01-28 14:07:05,449 [INFO]     NSE:OIL-EQ | CVD=862962 vs Ref=1883485 | VAH=488.40
2026-01-28 14:07:05,626 [INFO]     NSE:NATIONALUM-EQ | CVD=479917 vs Ref=481038 | VAH=391.50
2026-01-28 14:07:05,790 [INFO]     NSE:KALYANKJIL-EQ | CVD=-148862 vs Ref=119217 | VAH=373.95
2026-01-28 14:07:06,003 [INFO]     NSE:JIOFIN-EQ | CVD=478513 vs Ref=545350 | VAH=257.40
2026-01-28 14:07:06,208 [INFO]     NSE:WIPRO-EQ | CVD=1060156 vs Ref=640617 | VAH=237.60
2026-01-28 14:07:06,434 [INFO]     NSE:YESBANK-EQ | CVD=4523136 vs Ref=7921551 | VAH=21.40
2026-01-28 14:08:06,436 [INFO] 🔍 Scanning for alerts on 12 symbols (5min)...
2026-01-28 14:08:06,650 [INFO]     NSE:HAVELLS-EQ | CVD=-108016 vs Ref=14748 | VAH=1291.50
2026-01-28 14:08:06,838 [INFO]     NSE:PAYTM-EQ | CVD=306399 vs Ref=378055 | VAH=1165.50
2026-01-28 14:08:07,015 [INFO]     NSE:SHRIRAMFIN-EQ | CVD=570058 vs Ref=556824 | VAH=1012.50
2026-01-28 14:08:07,206 [INFO]     NSE:LODHA-EQ | CVD=-48187 vs Ref=50573 | VAH=924.30
2026-01-28 14:08:07,446 [INFO]     NSE:SBICARD-EQ | CVD=-57880 vs Ref=54892 | VAH=788.10
2026-01-28 14:08:07,640 [INFO]     NSE:PGEL-EQ | CVD=38513 vs Ref=60181 | VAH=524.70
2026-01-28 14:08:07,880 [INFO]     NSE:OIL-EQ | CVD=862962 vs Ref=1883485 | VAH=488.40
2026-01-28 14:08:08,088 [INFO]     NSE:NATIONALUM-EQ | CVD=479917 vs Ref=481038 | VAH=391.50
2026-01-28 14:08:08,266 [INFO]     NSE:KALYANKJIL-EQ | CVD=-148862 vs Ref=119217 | VAH=373.95
2026-01-28 14:08:08,441 [INFO]     NSE:JIOFIN-EQ | CVD=478513 vs Ref=545350 | VAH=257.40
2026-01-28 14:08:08,591 [INFO]     NSE:WIPRO-EQ | CVD=1060156 vs Ref=640617 | VAH=237.60
2026-01-28 14:08:08,810 [INFO]     NSE:YESBANK-EQ | CVD=4523136 vs Ref=7921551 | VAH=21.40
2026-01-28 14:09:08,811 [INFO] 🔍 Scanning for alerts on 12 symbols (5min)...
2026-01-28 14:09:08,999 [INFO]     NSE:HAVELLS-EQ | CVD=-108016 vs Ref=14748 | VAH=1291.50
2026-01-28 14:09:09,221 [INFO]     NSE:PAYTM-EQ | CVD=306399 vs Ref=378055 | VAH=1165.50
2026-01-28 14:09:09,457 [INFO]     NSE:SHRIRAMFIN-EQ | CVD=570058 vs Ref=556824 | VAH=1012.50
2026-01-28 14:09:09,613 [INFO]     NSE:LODHA-EQ | CVD=-48187 vs Ref=50573 | VAH=924.30
2026-01-28 14:09:09,794 [INFO]     NSE:SBICARD-EQ | CVD=-57880 vs Ref=54892 | VAH=788.10
2026-01-28 14:09:10,038 [INFO]     NSE:PGEL-EQ | CVD=38513 vs Ref=60181 | VAH=524.70
2026-01-28 14:09:10,252 [INFO]     NSE:OIL-EQ | CVD=862962 vs Ref=1883485 | VAH=488.40
2026-01-28 14:09:10,453 [INFO]     NSE:NATIONALUM-EQ | CVD=479917 vs Ref=481038 | VAH=391.50
2026-01-28 14:09:10,658 [INFO]     NSE:KALYANKJIL-EQ | CVD=-148862 vs Ref=119217 | VAH=373.95
2026-01-28 14:09:10,840 [INFO]     NSE:JIOFIN-EQ | CVD=478513 vs Ref=545350 | VAH=257.40
2026-01-28 14:09:11,055 [INFO]     NSE:WIPRO-EQ | CVD=1060156 vs Ref=640617 | VAH=237.60
2026-01-28 14:09:11,268 [INFO]     NSE:YESBANK-EQ | CVD=4523136 vs Ref=7921551 | VAH=21.40
2026-01-28 14:10:11,269 [INFO] 🔍 Scanning for alerts on 12 symbols (5min)...
2026-01-28 14:10:11,484 [INFO]     NSE:HAVELLS-EQ | CVD=-108016 vs Ref=14748 | VAH=1291.50
2026-01-28 14:10:11,659 [INFO]     NSE:PAYTM-EQ | CVD=306399 vs Ref=378055 | VAH=1165.50
2026-01-28 14:10:11,830 [INFO]     NSE:SHRIRAMFIN-EQ | CVD=570058 vs Ref=556824 | VAH=1012.50
2026-01-28 14:10:12,014 [INFO]     NSE:LODHA-EQ | CVD=-48187 vs Ref=50573 | VAH=924.30
2026-01-28 14:10:12,199 [INFO]     NSE:SBICARD-EQ | CVD=-57880 vs Ref=54892 | VAH=788.10
2026-01-28 14:10:12,409 [INFO]     NSE:PGEL-EQ | CVD=38513 vs Ref=60181 | VAH=524.70
2026-01-28 14:10:12,626 [INFO]     NSE:OIL-EQ | CVD=862962 vs Ref=1883485 | VAH=488.40
2026-01-28 14:10:12,832 [INFO]     NSE:NATIONALUM-EQ | CVD=479917 vs Ref=481038 | VAH=391.50
2026-01-28 14:10:13,042 [INFO]     NSE:KALYANKJIL-EQ | CVD=-148862 vs Ref=119217 | VAH=373.95
2026-01-28 14:10:13,214 [INFO]     NSE:JIOFIN-EQ | CVD=478513 vs Ref=545350 | VAH=257.40
2026-01-28 14:10:13,389 [INFO]     NSE:WIPRO-EQ | CVD=1060156 vs Ref=640617 | VAH=237.60
2026-01-28 14:10:13,570 [INFO]     NSE:YESBANK-EQ | CVD=4523136 vs Ref=7921551 | VAH=21.40
2026-01-28 14:11:13,572 [INFO] 🔍 Scanning for alerts on 12 symbols (5min)...
2026-01-28 14:11:13,777 [INFO]     NSE:HAVELLS-EQ | CVD=-108016 vs Ref=14748 | VAH=1291.50
2026-01-28 14:11:13,966 [INFO]     NSE:PAYTM-EQ | CVD=306399 vs Ref=378055 | VAH=1165.50
2026-01-28 14:11:14,154 [INFO]     NSE:SHRIRAMFIN-EQ | CVD=570058 vs Ref=556824 | VAH=1012.50
2026-01-28 14:11:14,375 [INFO]     NSE:LODHA-EQ | CVD=-48187 vs Ref=50573 | VAH=924.30
2026-01-28 14:11:14,569 [INFO]     NSE:SBICARD-EQ | CVD=-57880 vs Ref=54892 | VAH=788.10
2026-01-28 14:11:14,731 [INFO]     NSE:PGEL-EQ | CVD=38513 vs Ref=60181 | VAH=524.70
2026-01-28 14:11:14,945 [INFO]     NSE:OIL-EQ | CVD=862962 vs Ref=1883485 | VAH=488.40
2026-01-28 14:11:15,130 [INFO]     NSE:NATIONALUM-EQ | CVD=479917 vs Ref=481038 | VAH=391.50
2026-01-28 14:11:15,356 [INFO]     NSE:KALYANKJIL-EQ | CVD=-148862 vs Ref=119217 | VAH=373.95
2026-01-28 14:11:15,514 [INFO]     NSE:JIOFIN-EQ | CVD=478513 vs Ref=545350 | VAH=257.40
2026-01-28 14:11:15,745 [INFO]     NSE:WIPRO-EQ | CVD=1060156 vs Ref=640617 | VAH=237.60
2026-01-28 14:11:15,957 [INFO]     NSE:YESBANK-EQ | CVD=4523136 vs Ref=7921551 | VAH=21.40
2026-01-28 14:12:15,959 [INFO] 🔍 Scanning for alerts on 12 symbols (5min)...
2026-01-28 14:12:16,142 [INFO]     NSE:HAVELLS-EQ | CVD=-108016 vs Ref=14748 | VAH=1291.50
2026-01-28 14:12:16,325 [INFO]     NSE:PAYTM-EQ | CVD=306399 vs Ref=378055 | VAH=1165.50
2026-01-28 14:12:16,571 [INFO]     NSE:SHRIRAMFIN-EQ | CVD=570058 vs Ref=556824 | VAH=1012.50
2026-01-28 14:12:16,758 [INFO]     NSE:LODHA-EQ | CVD=-48187 vs Ref=50573 | VAH=924.30
2026-01-28 14:12:16,928 [INFO]     NSE:SBICARD-EQ | CVD=-57880 vs Ref=54892 | VAH=788.10
2026-01-28 14:12:17,120 [INFO]     NSE:PGEL-EQ | CVD=38513 vs Ref=60181 | VAH=524.70
2026-01-28 14:12:17,291 [INFO]     NSE:OIL-EQ | CVD=862962 vs Ref=1883485 | VAH=488.40
2026-01-28 14:12:17,464 [INFO]     NSE:NATIONALUM-EQ | CVD=479917 vs Ref=481038 | VAH=391.50
2026-01-28 14:12:17,615 [INFO]     NSE:KALYANKJIL-EQ | CVD=-148862 vs Ref=119217 | VAH=373.95
2026-01-28 14:12:17,773 [INFO]     NSE:JIOFIN-EQ | CVD=478513 vs Ref=545350 | VAH=257.40
2026-01-28 14:12:17,952 [INFO]     NSE:WIPRO-EQ | CVD=1060156 vs Ref=640617 | VAH=237.60
2026-01-28 14:12:18,136 [INFO]     NSE:YESBANK-EQ | CVD=4523136 vs Ref=7921551 | VAH=21.40
2026-01-28 14:13:18,137 [INFO] 🔍 Scanning for alerts on 12 symbols (5min)...
2026-01-28 14:13:18,349 [INFO]     NSE:HAVELLS-EQ | CVD=-108016 vs Ref=14748 | VAH=1291.50
2026-01-28 14:13:18,563 [INFO]     NSE:PAYTM-EQ | CVD=306399 vs Ref=378055 | VAH=1165.50
2026-01-28 14:13:18,784 [INFO]     NSE:SHRIRAMFIN-EQ | CVD=570058 vs Ref=556824 | VAH=1012.50
2026-01-28 14:13:18,942 [INFO]     NSE:LODHA-EQ | CVD=-48187 vs Ref=50573 | VAH=924.30
2026-01-28 14:13:19,131 [INFO]     NSE:SBICARD-EQ | CVD=-57880 vs Ref=54892 | VAH=788.10
2026-01-28 14:13:19,319 [INFO]     NSE:PGEL-EQ | CVD=38513 vs Ref=60181 | VAH=524.70
2026-01-28 14:13:19,500 [INFO]     NSE:OIL-EQ | CVD=862962 vs Ref=1883485 | VAH=488.40
2026-01-28 14:13:19,681 [INFO]     NSE:NATIONALUM-EQ | CVD=479917 vs Ref=481038 | VAH=391.50
2026-01-28 14:13:19,850 [INFO]     NSE:KALYANKJIL-EQ | CVD=-148862 vs Ref=119217 | VAH=373.95
2026-01-28 14:13:20,004 [INFO]     NSE:JIOFIN-EQ | CVD=478513 vs Ref=545350 | VAH=257.40
2026-01-28 14:13:20,182 [INFO]     NSE:WIPRO-EQ | CVD=1060156 vs Ref=640617 | VAH=237.60
2026-01-28 14:13:20,333 [INFO]     NSE:YESBANK-EQ | CVD=4523136 vs Ref=7921551 | VAH=21.40
2026-01-28 14:14:20,335 [INFO] 🔍 Scanning for alerts on 12 symbols (5min)...
2026-01-28 14:14:20,515 [INFO]     NSE:HAVELLS-EQ | CVD=-108016 vs Ref=14748 | VAH=1291.50
2026-01-28 14:14:20,702 [INFO]     NSE:PAYTM-EQ | CVD=306399 vs Ref=378055 | VAH=1165.50
2026-01-28 14:14:20,916 [INFO]     NSE:SHRIRAMFIN-EQ | CVD=570058 vs Ref=556824 | VAH=1012.50
2026-01-28 14:14:21,122 [INFO]     NSE:LODHA-EQ | CVD=-48187 vs Ref=50573 | VAH=924.30
2026-01-28 14:14:21,331 [INFO]     NSE:SBICARD-EQ | CVD=-57880 vs Ref=54892 | VAH=788.10
2026-01-28 14:14:21,539 [INFO]     NSE:PGEL-EQ | CVD=38513 vs Ref=60181 | VAH=524.70
2026-01-28 14:14:21,748 [INFO]     NSE:OIL-EQ | CVD=862962 vs Ref=1883485 | VAH=488.40
2026-01-28 14:14:21,945 [INFO]     NSE:NATIONALUM-EQ | CVD=479917 vs Ref=481038 | VAH=391.50
2026-01-28 14:14:22,112 [INFO]     NSE:KALYANKJIL-EQ | CVD=-148862 vs Ref=119217 | VAH=373.95
2026-01-28 14:14:22,261 [INFO]     NSE:JIOFIN-EQ | CVD=478513 vs Ref=545350 | VAH=257.40
2026-01-28 14:14:22,411 [INFO]     NSE:WIPRO-EQ | CVD=1060156 vs Ref=640617 | VAH=237.60
2026-01-28 14:14:22,619 [INFO]     NSE:YESBANK-EQ | CVD=4523136 vs Ref=7921551 | VAH=21.40
2026-01-28 14:15:22,620 [INFO] 🔍 Scanning for alerts on 12 symbols (5min)...
2026-01-28 14:15:22,833 [INFO]     NSE:HAVELLS-EQ | CVD=-108016 vs Ref=14748 | VAH=1291.50
2026-01-28 14:15:23,032 [INFO]     NSE:PAYTM-EQ | CVD=306399 vs Ref=378055 | VAH=1165.50
2026-01-28 14:15:23,215 [INFO]     NSE:SHRIRAMFIN-EQ | CVD=570058 vs Ref=556824 | VAH=1012.50
2026-01-28 14:15:23,414 [INFO]     NSE:LODHA-EQ | CVD=-48187 vs Ref=50573 | VAH=924.30
2026-01-28 14:15:23,622 [INFO]     NSE:SBICARD-EQ | CVD=-57880 vs Ref=54892 | VAH=788.10
2026-01-28 14:15:23,791 [INFO]     NSE:PGEL-EQ | CVD=38513 vs Ref=60181 | VAH=524.70
2026-01-28 14:15:23,946 [INFO]     NSE:OIL-EQ | CVD=862962 vs Ref=1883485 | VAH=488.40
2026-01-28 14:15:24,115 [INFO]     NSE:NATIONALUM-EQ | CVD=479917 vs Ref=481038 | VAH=391.50
2026-01-28 14:15:24,344 [INFO]     NSE:KALYANKJIL-EQ | CVD=-148862 vs Ref=119217 | VAH=373.95
2026-01-28 14:15:24,502 [INFO]     NSE:JIOFIN-EQ | CVD=478513 vs Ref=545350 | VAH=257.40
2026-01-28 14:15:24,716 [INFO]     NSE:WIPRO-EQ | CVD=1060156 vs Ref=640617 | VAH=237.60
2026-01-28 14:15:24,928 [INFO]     NSE:YESBANK-EQ | CVD=4523136 vs Ref=7921551 | VAH=21.40
2026-01-28 14:16:24,930 [INFO] 🔍 Scanning for alerts on 12 symbols (5min)...
2026-01-28 14:16:25,117 [INFO]     NSE:HAVELLS-EQ | CVD=-108016 vs Ref=14748 | VAH=1291.50
2026-01-28 14:16:25,329 [INFO]     NSE:PAYTM-EQ | CVD=306399 vs Ref=378055 | VAH=1165.50
2026-01-28 14:16:25,510 [INFO]     NSE:SHRIRAMFIN-EQ | CVD=570058 vs Ref=556824 | VAH=1012.50
2026-01-28 14:16:25,694 [INFO]     NSE:LODHA-EQ | CVD=-48187 vs Ref=50573 | VAH=924.30
2026-01-28 14:16:25,909 [INFO]     NSE:SBICARD-EQ | CVD=-57880 vs Ref=54892 | VAH=788.10
2026-01-28 14:16:26,105 [INFO]     NSE:PGEL-EQ | CVD=38513 vs Ref=60181 | VAH=524.70
2026-01-28 14:16:26,274 [INFO]     NSE:OIL-EQ | CVD=862962 vs Ref=1883485 | VAH=488.40
2026-01-28 14:16:26,421 [INFO]     NSE:NATIONALUM-EQ | CVD=479917 vs Ref=481038 | VAH=391.50
2026-01-28 14:16:26,602 [INFO]     NSE:KALYANKJIL-EQ | CVD=-148862 vs Ref=119217 | VAH=373.95
2026-01-28 14:16:26,845 [INFO]     NSE:JIOFIN-EQ | CVD=478513 vs Ref=545350 | VAH=257.40
2026-01-28 14:16:27,060 [INFO]     NSE:WIPRO-EQ | CVD=1060156 vs Ref=640617 | VAH=237.60
2026-01-28 14:16:27,214 [INFO]     NSE:YESBANK-EQ | CVD=4523136 vs Ref=7921551 | VAH=21.40
2026-01-28 14:17:27,215 [INFO] 🔍 Scanning for alerts on 12 symbols (5min)...
2026-01-28 14:17:27,445 [INFO]     NSE:HAVELLS-EQ | CVD=-108016 vs Ref=14748 | VAH=1291.50
2026-01-28 14:17:27,588 [INFO]     NSE:PAYTM-EQ | CVD=306399 vs Ref=378055 | VAH=1165.50
2026-01-28 14:17:27,804 [INFO]     NSE:SHRIRAMFIN-EQ | CVD=570058 vs Ref=556824 | VAH=1012.50
2026-01-28 14:17:28,015 [INFO]     NSE:LODHA-EQ | CVD=-48187 vs Ref=50573 | VAH=924.30
2026-01-28 14:17:28,230 [INFO]     NSE:SBICARD-EQ | CVD=-57880 vs Ref=54892 | VAH=788.10
2026-01-28 14:17:28,391 [INFO]     NSE:PGEL-EQ | CVD=38513 vs Ref=60181 | VAH=524.70
2026-01-28 14:17:28,603 [INFO]     NSE:OIL-EQ | CVD=862962 vs Ref=1883485 | VAH=488.40
2026-01-28 14:17:28,821 [INFO]     NSE:NATIONALUM-EQ | CVD=479917 vs Ref=481038 | VAH=391.50
2026-01-28 14:17:29,005 [INFO]     NSE:KALYANKJIL-EQ | CVD=-148862 vs Ref=119217 | VAH=373.95
2026-01-28 14:17:29,239 [INFO]     NSE:JIOFIN-EQ | CVD=478513 vs Ref=545350 | VAH=257.40
2026-01-28 14:17:29,451 [INFO]     NSE:WIPRO-EQ | CVD=1060156 vs Ref=640617 | VAH=237.60
2026-01-28 14:17:29,624 [INFO]     NSE:YESBANK-EQ | CVD=4523136 vs Ref=7921551 | VAH=21.40
2026-01-28 14:18:29,625 [INFO] 🔍 Scanning for alerts on 12 symbols (5min)...
2026-01-28 14:18:29,822 [INFO]     NSE:HAVELLS-EQ | CVD=-108016 vs Ref=14748 | VAH=1291.50
2026-01-28 14:18:30,002 [INFO]     NSE:PAYTM-EQ | CVD=306399 vs Ref=378055 | VAH=1165.50
2026-01-28 14:18:30,230 [INFO]     NSE:SHRIRAMFIN-EQ | CVD=570058 vs Ref=556824 | VAH=1012.50
2026-01-28 14:18:30,448 [INFO]     NSE:LODHA-EQ | CVD=-48187 vs Ref=50573 | VAH=924.30
2026-01-28 14:18:30,648 [INFO]     NSE:SBICARD-EQ | CVD=-57880 vs Ref=54892 | VAH=788.10
2026-01-28 14:18:30,834 [INFO]     NSE:PGEL-EQ | CVD=38513 vs Ref=60181 | VAH=524.70
2026-01-28 14:18:31,053 [INFO]     NSE:OIL-EQ | CVD=862962 vs Ref=1883485 | VAH=488.40
2026-01-28 14:18:31,236 [INFO]     NSE:NATIONALUM-EQ | CVD=479917 vs Ref=481038 | VAH=391.50
2026-01-28 14:18:31,465 [INFO]     NSE:KALYANKJIL-EQ | CVD=-148862 vs Ref=119217 | VAH=373.95
2026-01-28 14:18:31,680 [INFO]     NSE:JIOFIN-EQ | CVD=478513 vs Ref=545350 | VAH=257.40
2026-01-28 14:18:31,889 [INFO]     NSE:WIPRO-EQ | CVD=1060156 vs Ref=640617 | VAH=237.60
2026-01-28 14:18:32,108 [INFO]     NSE:YESBANK-EQ | CVD=4523136 vs Ref=7921551 | VAH=21.40
2026-01-28 14:19:32,110 [INFO] 🔍 Scanning for alerts on 12 symbols (5min)...
2026-01-28 14:19:32,337 [INFO]     NSE:HAVELLS-EQ | CVD=-108016 vs Ref=14748 | VAH=1291.50
2026-01-28 14:19:32,552 [INFO]     NSE:PAYTM-EQ | CVD=306399 vs Ref=378055 | VAH=1165.50
2026-01-28 14:19:32,780 [INFO]     NSE:SHRIRAMFIN-EQ | CVD=570058 vs Ref=556824 | VAH=1012.50
2026-01-28 14:19:32,993 [INFO]     NSE:LODHA-EQ | CVD=-48187 vs Ref=50573 | VAH=924.30
2026-01-28 14:19:33,172 [INFO]     NSE:SBICARD-EQ | CVD=-57880 vs Ref=54892 | VAH=788.10
2026-01-28 14:19:33,376 [INFO]     NSE:PGEL-EQ | CVD=38513 vs Ref=60181 | VAH=524.70
2026-01-28 14:19:33,587 [INFO]     NSE:OIL-EQ | CVD=862962 vs Ref=1883485 | VAH=488.40
2026-01-28 14:19:33,744 [INFO]     NSE:NATIONALUM-EQ | CVD=479917 vs Ref=481038 | VAH=391.50
2026-01-28 14:19:33,949 [INFO]     NSE:KALYANKJIL-EQ | CVD=-148862 vs Ref=119217 | VAH=373.95
2026-01-28 14:19:34,135 [INFO]     NSE:JIOFIN-EQ | CVD=478513 vs Ref=545350 | VAH=257.40
2026-01-28 14:19:34,325 [INFO]     NSE:WIPRO-EQ | CVD=1060156 vs Ref=640617 | VAH=237.60
2026-01-28 14:19:34,476 [INFO]     NSE:YESBANK-EQ | CVD=4523136 vs Ref=7921551 | VAH=21.40
2026-01-28 14:20:34,479 [INFO] 🔍 Scanning for alerts on 12 symbols (5min)...
2026-01-28 14:20:34,713 [INFO]     NSE:HAVELLS-EQ | CVD=-108016 vs Ref=14748 | VAH=1291.50
2026-01-28 14:20:34,932 [INFO]     NSE:PAYTM-EQ | CVD=306399 vs Ref=378055 | VAH=1165.50
2026-01-28 14:20:35,078 [INFO]     NSE:SHRIRAMFIN-EQ | CVD=570058 vs Ref=556824 | VAH=1012.50
2026-01-28 14:20:35,261 [INFO]     NSE:LODHA-EQ | CVD=-48187 vs Ref=50573 | VAH=924.30
2026-01-28 14:20:35,406 [INFO]     NSE:SBICARD-EQ | CVD=-57880 vs Ref=54892 | VAH=788.10
2026-01-28 14:20:35,581 [INFO]     NSE:PGEL-EQ | CVD=38513 vs Ref=60181 | VAH=524.70
2026-01-28 14:20:35,759 [INFO]     NSE:OIL-EQ | CVD=862962 vs Ref=1883485 | VAH=488.40
2026-01-28 14:20:35,948 [INFO]     NSE:NATIONALUM-EQ | CVD=479917 vs Ref=481038 | VAH=391.50
2026-01-28 14:20:36,167 [INFO]     NSE:KALYANKJIL-EQ | CVD=-148862 vs Ref=119217 | VAH=373.95
2026-01-28 14:20:36,366 [INFO]     NSE:JIOFIN-EQ | CVD=478513 vs Ref=545350 | VAH=257.40
2026-01-28 14:20:36,579 [INFO]     NSE:WIPRO-EQ | CVD=1060156 vs Ref=640617 | VAH=237.60
2026-01-28 14:20:36,786 [INFO]     NSE:YESBANK-EQ | CVD=4523136 vs Ref=7921551 | VAH=21.40
2026-01-28 14:21:36,788 [INFO] 🔍 Scanning for alerts on 12 symbols (5min)...
2026-01-28 14:21:36,982 [INFO]     NSE:HAVELLS-EQ | CVD=-108016 vs Ref=14748 | VAH=1291.50
2026-01-28 14:21:37,170 [INFO]     NSE:PAYTM-EQ | CVD=306399 vs Ref=378055 | VAH=1165.50
2026-01-28 14:21:37,383 [INFO]     NSE:SHRIRAMFIN-EQ | CVD=570058 vs Ref=556824 | VAH=1012.50
2026-01-28 14:21:37,577 [INFO]     NSE:LODHA-EQ | CVD=-48187 vs Ref=50573 | VAH=924.30
2026-01-28 14:21:37,800 [INFO]     NSE:SBICARD-EQ | CVD=-57880 vs Ref=54892 | VAH=788.10
2026-01-28 14:21:38,018 [INFO]     NSE:PGEL-EQ | CVD=38513 vs Ref=60181 | VAH=524.70
2026-01-28 14:21:38,234 [INFO]     NSE:OIL-EQ | CVD=862962 vs Ref=1883485 | VAH=488.40
2026-01-28 14:21:38,444 [INFO]     NSE:NATIONALUM-EQ | CVD=479917 vs Ref=481038 | VAH=391.50
2026-01-28 14:21:38,651 [INFO]     NSE:KALYANKJIL-EQ | CVD=-148862 vs Ref=119217 | VAH=373.95
2026-01-28 14:21:38,829 [INFO]     NSE:JIOFIN-EQ | CVD=478513 vs Ref=545350 | VAH=257.40
2026-01-28 14:21:39,003 [INFO]     NSE:WIPRO-EQ | CVD=1060156 vs Ref=640617 | VAH=237.60
2026-01-28 14:21:39,190 [INFO]     NSE:YESBANK-EQ | CVD=4523136 vs Ref=7921551 | VAH=21.40
2026-01-28 14:22:39,192 [INFO] 🔍 Scanning for alerts on 12 symbols (5min)...
2026-01-28 14:22:39,380 [INFO]     NSE:HAVELLS-EQ | CVD=-108016 vs Ref=14748 | VAH=1291.50
2026-01-28 14:22:39,614 [INFO]     NSE:PAYTM-EQ | CVD=306399 vs Ref=378055 | VAH=1165.50
2026-01-28 14:22:39,768 [INFO]     NSE:SHRIRAMFIN-EQ | CVD=570058 vs Ref=556824 | VAH=1012.50
2026-01-28 14:22:39,985 [INFO]     NSE:LODHA-EQ | CVD=-48187 vs Ref=50573 | VAH=924.30
2026-01-28 14:22:40,172 [INFO]     NSE:SBICARD-EQ | CVD=-57880 vs Ref=54892 | VAH=788.10
2026-01-28 14:22:40,367 [INFO]     NSE:PGEL-EQ | CVD=38513 vs Ref=60181 | VAH=524.70
2026-01-28 14:22:40,522 [INFO]     NSE:OIL-EQ | CVD=862962 vs Ref=1883485 | VAH=488.40
2026-01-28 14:22:40,674 [INFO]     NSE:NATIONALUM-EQ | CVD=479917 vs Ref=481038 | VAH=391.50
2026-01-28 14:22:40,832 [INFO]     NSE:KALYANKJIL-EQ | CVD=-148862 vs Ref=119217 | VAH=373.95
2026-01-28 14:22:41,030 [INFO]     NSE:JIOFIN-EQ | CVD=478513 vs Ref=545350 | VAH=257.40
2026-01-28 14:22:41,219 [INFO]     NSE:WIPRO-EQ | CVD=1060156 vs Ref=640617 | VAH=237.60
2026-01-28 14:22:41,395 [INFO]     NSE:YESBANK-EQ | CVD=4523136 vs Ref=7921551 | VAH=21.40
2026-01-28 14:23:41,396 [INFO] 🔍 Scanning for alerts on 12 symbols (5min)...
2026-01-28 14:23:41,616 [INFO]     NSE:HAVELLS-EQ | CVD=-108016 vs Ref=14748 | VAH=1291.50
2026-01-28 14:23:41,794 [INFO]     NSE:PAYTM-EQ | CVD=306399 vs Ref=378055 | VAH=1165.50
2026-01-28 14:23:41,962 [INFO]     NSE:SHRIRAMFIN-EQ | CVD=570058 vs Ref=556824 | VAH=1012.50
2026-01-28 14:23:42,128 [INFO]     NSE:LODHA-EQ | CVD=-48187 vs Ref=50573 | VAH=924.30
2026-01-28 14:23:42,344 [INFO]     NSE:SBICARD-EQ | CVD=-57880 vs Ref=54892 | VAH=788.10
2026-01-28 14:23:42,547 [INFO]     NSE:PGEL-EQ | CVD=38513 vs Ref=60181 | VAH=524.70
2026-01-28 14:23:42,724 [INFO]     NSE:OIL-EQ | CVD=862962 vs Ref=1883485 | VAH=488.40
2026-01-28 14:23:42,931 [INFO]     NSE:NATIONALUM-EQ | CVD=479917 vs Ref=481038 | VAH=391.50
2026-01-28 14:23:43,132 [INFO]     NSE:KALYANKJIL-EQ | CVD=-148862 vs Ref=119217 | VAH=373.95
2026-01-28 14:23:43,304 [INFO]     NSE:JIOFIN-EQ | CVD=478513 vs Ref=545350 | VAH=257.40
2026-01-28 14:23:43,487 [INFO]     NSE:WIPRO-EQ | CVD=1060156 vs Ref=640617 | VAH=237.60
2026-01-28 14:23:43,687 [INFO]     NSE:YESBANK-EQ | CVD=4523136 vs Ref=7921551 | VAH=21.40
2026-01-28 14:24:43,689 [INFO] 🔍 Scanning for alerts on 12 symbols (5min)...
2026-01-28 14:24:43,896 [INFO]     NSE:HAVELLS-EQ | CVD=-108016 vs Ref=14748 | VAH=1291.50
2026-01-28 14:24:44,112 [INFO]     NSE:PAYTM-EQ | CVD=306399 vs Ref=378055 | VAH=1165.50
2026-01-28 14:24:44,318 [INFO]     NSE:SHRIRAMFIN-EQ | CVD=570058 vs Ref=556824 | VAH=1012.50
2026-01-28 14:24:44,544 [INFO]     NSE:LODHA-EQ | CVD=-48187 vs Ref=50573 | VAH=924.30
2026-01-28 14:24:44,715 [INFO]     NSE:SBICARD-EQ | CVD=-57880 vs Ref=54892 | VAH=788.10
2026-01-28 14:24:44,920 [INFO]     NSE:PGEL-EQ | CVD=38513 vs Ref=60181 | VAH=524.70
2026-01-28 14:24:46,356 [INFO]     NSE:OIL-EQ | CVD=862962 vs Ref=1883485 | VAH=488.40
2026-01-28 14:24:46,550 [INFO]     NSE:NATIONALUM-EQ | CVD=479917 vs Ref=481038 | VAH=391.50
2026-01-28 14:24:46,792 [INFO]     NSE:KALYANKJIL-EQ | CVD=-148862 vs Ref=119217 | VAH=373.95
2026-01-28 14:24:47,010 [INFO]     NSE:JIOFIN-EQ | CVD=478513 vs Ref=545350 | VAH=257.40
2026-01-28 14:24:47,206 [INFO]     NSE:WIPRO-EQ | CVD=1060156 vs Ref=640617 | VAH=237.60
2026-01-28 14:24:47,356 [INFO]     NSE:YESBANK-EQ | CVD=4523136 vs Ref=7921551 | VAH=21.40
2026-01-28 14:25:47,358 [INFO] 🔍 Scanning for alerts on 12 symbols (5min)...
2026-01-28 14:25:47,586 [INFO]     NSE:HAVELLS-EQ | CVD=-108016 vs Ref=14748 | VAH=1291.50
2026-01-28 14:25:49,428 [INFO]     NSE:PAYTM-EQ | CVD=306399 vs Ref=378055 | VAH=1165.50
2026-01-28 14:25:49,643 [INFO]     NSE:SHRIRAMFIN-EQ | CVD=570058 vs Ref=556824 | VAH=1012.50
2026-01-28 14:25:49,863 [INFO]     NSE:LODHA-EQ | CVD=-48187 vs Ref=50573 | VAH=924.30
2026-01-28 14:25:50,076 [INFO]     NSE:SBICARD-EQ | CVD=-57880 vs Ref=54892 | VAH=788.10
2026-01-28 14:25:50,324 [INFO]     NSE:PGEL-EQ | CVD=38513 vs Ref=60181 | VAH=524.70
2026-01-28 14:25:50,537 [INFO]     NSE:OIL-EQ | CVD=862962 vs Ref=1883485 | VAH=488.40
2026-01-28 14:25:50,715 [INFO]     NSE:NATIONALUM-EQ | CVD=479917 vs Ref=481038 | VAH=391.50
2026-01-28 14:25:50,929 [INFO]     NSE:KALYANKJIL-EQ | CVD=-148862 vs Ref=119217 | VAH=373.95
2026-01-28 14:25:51,106 [INFO]     NSE:JIOFIN-EQ | CVD=478513 vs Ref=545350 | VAH=257.40
2026-01-28 14:25:51,264 [INFO]     NSE:WIPRO-EQ | CVD=1060156 vs Ref=640617 | VAH=237.60
2026-01-28 14:25:51,460 [INFO]     NSE:YESBANK-EQ | CVD=4523136 vs Ref=7921551 | VAH=21.40
2026-01-28 14:26:51,461 [INFO] 🔍 Scanning for alerts on 12 symbols (5min)...
2026-01-28 14:26:51,648 [INFO]     NSE:HAVELLS-EQ | CVD=-108016 vs Ref=14748 | VAH=1291.50
2026-01-28 14:26:51,831 [INFO]     NSE:PAYTM-EQ | CVD=306399 vs Ref=378055 | VAH=1165.50
2026-01-28 14:26:52,014 [INFO]     NSE:SHRIRAMFIN-EQ | CVD=570058 vs Ref=556824 | VAH=1012.50
2026-01-28 14:26:53,092 [INFO]     NSE:LODHA-EQ | CVD=-48187 vs Ref=50573 | VAH=924.30
2026-01-28 14:26:53,298 [INFO]     NSE:SBICARD-EQ | CVD=-57880 vs Ref=54892 | VAH=788.10
2026-01-28 14:26:53,485 [INFO]     NSE:PGEL-EQ | CVD=38513 vs Ref=60181 | VAH=524.70
2026-01-28 14:26:53,707 [INFO]     NSE:OIL-EQ | CVD=862962 vs Ref=1883485 | VAH=488.40
2026-01-28 14:26:53,886 [INFO]     NSE:NATIONALUM-EQ | CVD=479917 vs Ref=481038 | VAH=391.50
2026-01-28 14:26:54,068 [INFO]     NSE:KALYANKJIL-EQ | CVD=-148862 vs Ref=119217 | VAH=373.95
2026-01-28 14:26:54,282 [INFO]     NSE:JIOFIN-EQ | CVD=478513 vs Ref=545350 | VAH=257.40
2026-01-28 14:26:54,497 [INFO]     NSE:WIPRO-EQ | CVD=1060156 vs Ref=640617 | VAH=237.60
2026-01-28 14:26:54,717 [INFO]     NSE:YESBANK-EQ | CVD=4523136 vs Ref=7921551 | VAH=21.40
2026-01-28 14:27:54,719 [INFO] 🔍 Scanning for alerts on 12 symbols (5min)...
2026-01-28 14:27:54,939 [INFO]     NSE:HAVELLS-EQ | CVD=-108016 vs Ref=14748 | VAH=1291.50
2026-01-28 14:27:55,153 [INFO]     NSE:PAYTM-EQ | CVD=306399 vs Ref=378055 | VAH=1165.50
2026-01-28 14:27:55,349 [INFO]     NSE:SHRIRAMFIN-EQ | CVD=570058 vs Ref=556824 | VAH=1012.50
2026-01-28 14:27:55,544 [INFO]     NSE:LODHA-EQ | CVD=-48187 vs Ref=50573 | VAH=924.30
2026-01-28 14:27:55,759 [INFO]     NSE:SBICARD-EQ | CVD=-57880 vs Ref=54892 | VAH=788.10
2026-01-28 14:27:55,938 [INFO]     NSE:PGEL-EQ | CVD=38513 vs Ref=60181 | VAH=524.70
2026-01-28 14:27:56,121 [INFO]     NSE:OIL-EQ | CVD=862962 vs Ref=1883485 | VAH=488.40
2026-01-28 14:27:57,989 [INFO]     NSE:NATIONALUM-EQ | CVD=479917 vs Ref=481038 | VAH=391.50
2026-01-28 14:27:58,155 [INFO]     NSE:KALYANKJIL-EQ | CVD=-148862 vs Ref=119217 | VAH=373.95
2026-01-28 14:27:58,389 [INFO]     NSE:JIOFIN-EQ | CVD=478513 vs Ref=545350 | VAH=257.40
2026-01-28 14:27:58,585 [INFO]     NSE:WIPRO-EQ | CVD=1060156 vs Ref=640617 | VAH=237.60
2026-01-28 14:27:58,745 [INFO]     NSE:YESBANK-EQ | CVD=4523136 vs Ref=7921551 | VAH=21.40
2026-01-28 14:28:58,746 [INFO] 🔍 Scanning for alerts on 12 symbols (5min)...
2026-01-28 14:28:58,967 [INFO]     NSE:HAVELLS-EQ | CVD=-108016 vs Ref=14748 | VAH=1291.50
2026-01-28 14:28:59,180 [INFO]     NSE:PAYTM-EQ | CVD=306399 vs Ref=378055 | VAH=1165.50
2026-01-28 14:29:01,228 [INFO]     NSE:SHRIRAMFIN-EQ | CVD=570058 vs Ref=556824 | VAH=1012.50
2026-01-28 14:29:01,453 [INFO]     NSE:LODHA-EQ | CVD=-48187 vs Ref=50573 | VAH=924.30
2026-01-28 14:29:01,644 [INFO]     NSE:SBICARD-EQ | CVD=-57880 vs Ref=54892 | VAH=788.10
2026-01-28 14:29:01,838 [INFO]     NSE:PGEL-EQ | CVD=38513 vs Ref=60181 | VAH=524.70
2026-01-28 14:29:02,100 [INFO]     NSE:OIL-EQ | CVD=862962 vs Ref=1883485 | VAH=488.40
2026-01-28 14:29:02,448 [INFO]     NSE:NATIONALUM-EQ | CVD=479917 vs Ref=481038 | VAH=391.50
2026-01-28 14:29:02,744 [INFO]     NSE:KALYANKJIL-EQ | CVD=-148862 vs Ref=119217 | VAH=373.95
2026-01-28 14:29:02,959 [INFO]     NSE:JIOFIN-EQ | CVD=478513 vs Ref=545350 | VAH=257.40
2026-01-28 14:29:03,161 [INFO]     NSE:WIPRO-EQ | CVD=1060156 vs Ref=640617 | VAH=237.60
2026-01-28 14:29:03,381 [INFO]     NSE:YESBANK-EQ | CVD=4523136 vs Ref=7921551 | VAH=21.40
2026-01-28 14:30:03,383 [INFO] 🔍 Scanning for alerts on 12 symbols (5min)...
2026-01-28 14:30:03,669 [INFO]     NSE:HAVELLS-EQ | CVD=-108016 vs Ref=14748 | VAH=1291.50
2026-01-28 14:30:03,897 [INFO]     NSE:PAYTM-EQ | CVD=306399 vs Ref=378055 | VAH=1165.50
2026-01-28 14:30:04,137 [INFO]     NSE:SHRIRAMFIN-EQ | CVD=570058 vs Ref=556824 | VAH=1012.50
2026-01-28 14:30:04,351 [INFO]     NSE:LODHA-EQ | CVD=-48187 vs Ref=50573 | VAH=924.30
2026-01-28 14:30:04,552 [INFO]     NSE:SBICARD-EQ | CVD=-57880 vs Ref=54892 | VAH=788.10
2026-01-28 14:30:04,761 [INFO]     NSE:PGEL-EQ | CVD=38513 vs Ref=60181 | VAH=524.70
2026-01-28 14:30:04,969 [INFO]     NSE:OIL-EQ | CVD=862962 vs Ref=1883485 | VAH=488.40
2026-01-28 14:30:05,171 [INFO]     NSE:NATIONALUM-EQ | CVD=479917 vs Ref=481038 | VAH=391.50
2026-01-28 14:30:05,361 [INFO]     NSE:KALYANKJIL-EQ | CVD=-148862 vs Ref=119217 | VAH=373.95
2026-01-28 14:30:05,549 [INFO]     NSE:JIOFIN-EQ | CVD=478513 vs Ref=545350 | VAH=257.40
2026-01-28 14:30:05,809 [INFO]     NSE:WIPRO-EQ | CVD=1060156 vs Ref=640617 | VAH=237.60
2026-01-28 14:30:06,015 [INFO]     NSE:YESBANK-EQ | CVD=4523136 vs Ref=7921551 | VAH=21.40
2026-01-28 14:31:06,016 [INFO] 🔍 Scanning for alerts on 12 symbols (5min)...
2026-01-28 14:31:06,267 [INFO]     NSE:HAVELLS-EQ | CVD=-108016 vs Ref=14748 | VAH=1291.50
2026-01-28 14:31:06,478 [INFO]     NSE:PAYTM-EQ | CVD=306399 vs Ref=378055 | VAH=1165.50
2026-01-28 14:31:06,698 [INFO]     NSE:SHRIRAMFIN-EQ | CVD=570058 vs Ref=556824 | VAH=1012.50
2026-01-28 14:31:06,880 [INFO]     NSE:LODHA-EQ | CVD=-48187 vs Ref=50573 | VAH=924.30
2026-01-28 14:31:07,065 [INFO]     NSE:SBICARD-EQ | CVD=-57880 vs Ref=54892 | VAH=788.10
2026-01-28 14:31:07,258 [INFO]     NSE:PGEL-EQ | CVD=38513 vs Ref=60181 | VAH=524.70
2026-01-28 14:31:07,421 [INFO]     NSE:OIL-EQ | CVD=862962 vs Ref=1883485 | VAH=488.40
2026-01-28 14:31:07,638 [INFO]     NSE:NATIONALUM-EQ | CVD=479917 vs Ref=481038 | VAH=391.50
2026-01-28 14:31:07,881 [INFO]     NSE:KALYANKJIL-EQ | CVD=-148862 vs Ref=119217 | VAH=373.95
2026-01-28 14:31:08,097 [INFO]     NSE:JIOFIN-EQ | CVD=478513 vs Ref=545350 | VAH=257.40
2026-01-28 14:31:08,274 [INFO]     NSE:WIPRO-EQ | CVD=1060156 vs Ref=640617 | VAH=237.60
2026-01-28 14:31:08,461 [INFO]     NSE:YESBANK-EQ | CVD=4523136 vs Ref=7921551 | VAH=21.40
2026-01-28 14:32:08,464 [INFO] 🔍 Scanning for alerts on 12 symbols (5min)...
2026-01-28 14:32:08,680 [INFO]     NSE:HAVELLS-EQ | CVD=-108016 vs Ref=14748 | VAH=1291.50
2026-01-28 14:32:08,892 [INFO]     NSE:PAYTM-EQ | CVD=306399 vs Ref=378055 | VAH=1165.50
2026-01-28 14:32:09,065 [INFO]     NSE:SHRIRAMFIN-EQ | CVD=570058 vs Ref=556824 | VAH=1012.50
2026-01-28 14:32:09,249 [INFO]     NSE:LODHA-EQ | CVD=-48187 vs Ref=50573 | VAH=924.30
2026-01-28 14:32:09,409 [INFO]     NSE:SBICARD-EQ | CVD=-57880 vs Ref=54892 | VAH=788.10
2026-01-28 14:32:09,627 [INFO]     NSE:PGEL-EQ | CVD=38513 vs Ref=60181 | VAH=524.70
2026-01-28 14:32:09,830 [INFO]     NSE:OIL-EQ | CVD=862962 vs Ref=1883485 | VAH=488.40
2026-01-28 14:32:10,030 [INFO]     NSE:NATIONALUM-EQ | CVD=479917 vs Ref=481038 | VAH=391.50
2026-01-28 14:32:10,236 [INFO]     NSE:KALYANKJIL-EQ | CVD=-148862 vs Ref=119217 | VAH=373.95
2026-01-28 14:32:10,450 [INFO]     NSE:JIOFIN-EQ | CVD=478513 vs Ref=545350 | VAH=257.40
2026-01-28 14:32:10,658 [INFO]     NSE:WIPRO-EQ | CVD=1060156 vs Ref=640617 | VAH=237.60
2026-01-28 14:32:10,862 [INFO]     NSE:YESBANK-EQ | CVD=4523136 vs Ref=7921551 | VAH=21.40
2026-01-28 14:33:10,864 [INFO] 🔍 Scanning for alerts on 12 symbols (5min)...
2026-01-28 14:33:11,077 [INFO]     NSE:HAVELLS-EQ | CVD=-108016 vs Ref=14748 | VAH=1291.50
2026-01-28 14:33:11,299 [INFO]     NSE:PAYTM-EQ | CVD=306399 vs Ref=378055 | VAH=1165.50
2026-01-28 14:33:11,513 [INFO]     NSE:SHRIRAMFIN-EQ | CVD=570058 vs Ref=556824 | VAH=1012.50
2026-01-28 14:33:11,729 [INFO]     NSE:LODHA-EQ | CVD=-48187 vs Ref=50573 | VAH=924.30
2026-01-28 14:33:11,914 [INFO]     NSE:SBICARD-EQ | CVD=-57880 vs Ref=54892 | VAH=788.10
2026-01-28 14:33:12,085 [INFO]     NSE:PGEL-EQ | CVD=38513 vs Ref=60181 | VAH=524.70
2026-01-28 14:33:12,301 [INFO]     NSE:OIL-EQ | CVD=862962 vs Ref=1883485 | VAH=488.40
2026-01-28 14:33:12,510 [INFO]     NSE:NATIONALUM-EQ | CVD=479917 vs Ref=481038 | VAH=391.50
2026-01-28 14:33:12,686 [INFO]     NSE:KALYANKJIL-EQ | CVD=-148862 vs Ref=119217 | VAH=373.95
2026-01-28 14:33:12,905 [INFO]     NSE:JIOFIN-EQ | CVD=478513 vs Ref=545350 | VAH=257.40
2026-01-28 14:33:13,116 [INFO]     NSE:WIPRO-EQ | CVD=1060156 vs Ref=640617 | VAH=237.60
2026-01-28 14:33:13,324 [INFO]     NSE:YESBANK-EQ | CVD=4523136 vs Ref=7921551 | VAH=21.40
2026-01-28 14:34:13,326 [INFO] 🔍 Scanning for alerts on 12 symbols (5min)...
2026-01-28 14:34:13,555 [INFO]     NSE:HAVELLS-EQ | CVD=-108016 vs Ref=14748 | VAH=1291.50
2026-01-28 14:34:13,770 [INFO]     NSE:PAYTM-EQ | CVD=306399 vs Ref=378055 | VAH=1165.50
2026-01-28 14:34:13,986 [INFO]     NSE:SHRIRAMFIN-EQ | CVD=570058 vs Ref=556824 | VAH=1012.50
2026-01-28 14:34:14,171 [INFO]     NSE:LODHA-EQ | CVD=-48187 vs Ref=50573 | VAH=924.30
2026-01-28 14:34:14,338 [INFO]     NSE:SBICARD-EQ | CVD=-57880 vs Ref=54892 | VAH=788.10
2026-01-28 14:34:14,525 [INFO]     NSE:PGEL-EQ | CVD=38513 vs Ref=60181 | VAH=524.70
2026-01-28 14:34:14,723 [INFO]     NSE:OIL-EQ | CVD=862962 vs Ref=1883485 | VAH=488.40
2026-01-28 14:34:14,915 [INFO]     NSE:NATIONALUM-EQ | CVD=479917 vs Ref=481038 | VAH=391.50
2026-01-28 14:34:15,110 [INFO]     NSE:KALYANKJIL-EQ | CVD=-148862 vs Ref=119217 | VAH=373.95
2026-01-28 14:34:15,312 [INFO]     NSE:JIOFIN-EQ | CVD=478513 vs Ref=545350 | VAH=257.40
2026-01-28 14:34:15,510 [INFO]     NSE:WIPRO-EQ | CVD=1060156 vs Ref=640617 | VAH=237.60
2026-01-28 14:34:15,718 [INFO]     NSE:YESBANK-EQ | CVD=4523136 vs Ref=7921551 | VAH=21.40
2026-01-28 14:35:15,719 [INFO] 🔍 Scanning for alerts on 12 symbols (5min)...
2026-01-28 14:35:15,940 [INFO]     NSE:HAVELLS-EQ | CVD=-108016 vs Ref=14748 | VAH=1291.50
2026-01-28 14:35:16,153 [INFO]     NSE:PAYTM-EQ | CVD=306399 vs Ref=378055 | VAH=1165.50
2026-01-28 14:35:16,364 [INFO]     NSE:SHRIRAMFIN-EQ | CVD=570058 vs Ref=556824 | VAH=1012.50
2026-01-28 14:35:16,591 [INFO]     NSE:LODHA-EQ | CVD=-48187 vs Ref=50573 | VAH=924.30
2026-01-28 14:35:16,788 [INFO]     NSE:SBICARD-EQ | CVD=-57880 vs Ref=54892 | VAH=788.10
2026-01-28 14:35:16,985 [INFO]     NSE:PGEL-EQ | CVD=38513 vs Ref=60181 | VAH=524.70
2026-01-28 14:35:17,203 [INFO]     NSE:OIL-EQ | CVD=862962 vs Ref=1883485 | VAH=488.40
2026-01-28 14:35:17,361 [INFO]     NSE:NATIONALUM-EQ | CVD=479917 vs Ref=481038 | VAH=391.50
2026-01-28 14:35:17,577 [INFO]     NSE:KALYANKJIL-EQ | CVD=-148862 vs Ref=119217 | VAH=373.95
2026-01-28 14:35:17,787 [INFO]     NSE:JIOFIN-EQ | CVD=478513 vs Ref=545350 | VAH=257.40
2026-01-28 14:35:17,973 [INFO]     NSE:WIPRO-EQ | CVD=1060156 vs Ref=640617 | VAH=237.60
2026-01-28 14:35:18,159 [INFO]     NSE:YESBANK-EQ | CVD=4523136 vs Ref=7921551 | VAH=21.40
2026-01-28 14:36:18,160 [INFO] 🔍 Scanning for alerts on 12 symbols (5min)...
2026-01-28 14:36:18,393 [INFO]     NSE:HAVELLS-EQ | CVD=-108016 vs Ref=14748 | VAH=1291.50
2026-01-28 14:36:18,606 [INFO]     NSE:PAYTM-EQ | CVD=306399 vs Ref=378055 | VAH=1165.50
2026-01-28 14:36:18,826 [INFO]     NSE:SHRIRAMFIN-EQ | CVD=570058 vs Ref=556824 | VAH=1012.50
2026-01-28 14:36:19,040 [INFO]     NSE:LODHA-EQ | CVD=-48187 vs Ref=50573 | VAH=924.30
2026-01-28 14:36:19,220 [INFO]     NSE:SBICARD-EQ | CVD=-57880 vs Ref=54892 | VAH=788.10
2026-01-28 14:36:19,376 [INFO]     NSE:PGEL-EQ | CVD=38513 vs Ref=60181 | VAH=524.70
2026-01-28 14:36:19,594 [INFO]     NSE:OIL-EQ | CVD=862962 vs Ref=1883485 | VAH=488.40
2026-01-28 14:36:19,797 [INFO]     NSE:NATIONALUM-EQ | CVD=479917 vs Ref=481038 | VAH=391.50
2026-01-28 14:36:20,011 [INFO]     NSE:KALYANKJIL-EQ | CVD=-148862 vs Ref=119217 | VAH=373.95
2026-01-28 14:36:20,226 [INFO]     NSE:JIOFIN-EQ | CVD=478513 vs Ref=545350 | VAH=257.40
2026-01-28 14:36:20,439 [INFO]     NSE:WIPRO-EQ | CVD=1060156 vs Ref=640617 | VAH=237.60
2026-01-28 14:36:20,648 [INFO]     NSE:YESBANK-EQ | CVD=4523136 vs Ref=7921551 | VAH=21.40
2026-01-28 14:37:20,651 [INFO] 🔍 Scanning for alerts on 12 symbols (5min)...
2026-01-28 14:37:20,840 [INFO]     NSE:HAVELLS-EQ | CVD=-108016 vs Ref=14748 | VAH=1291.50
2026-01-28 14:37:21,023 [INFO]     NSE:PAYTM-EQ | CVD=306399 vs Ref=378055 | VAH=1165.50
2026-01-28 14:37:21,210 [INFO]     NSE:SHRIRAMFIN-EQ | CVD=570058 vs Ref=556824 | VAH=1012.50
2026-01-28 14:37:21,382 [INFO]     NSE:LODHA-EQ | CVD=-48187 vs Ref=50573 | VAH=924.30
2026-01-28 14:37:21,550 [INFO]     NSE:SBICARD-EQ | CVD=-57880 vs Ref=54892 | VAH=788.10
2026-01-28 14:37:21,701 [INFO]     NSE:PGEL-EQ | CVD=38513 vs Ref=60181 | VAH=524.70
2026-01-28 14:37:21,853 [INFO]     NSE:OIL-EQ | CVD=862962 vs Ref=1883485 | VAH=488.40
2026-01-28 14:37:22,000 [INFO]     NSE:NATIONALUM-EQ | CVD=479917 vs Ref=481038 | VAH=391.50
2026-01-28 14:37:22,176 [INFO]     NSE:KALYANKJIL-EQ | CVD=-148862 vs Ref=119217 | VAH=373.95
2026-01-28 14:37:22,357 [INFO]     NSE:JIOFIN-EQ | CVD=478513 vs Ref=545350 | VAH=257.40
2026-01-28 14:37:22,576 [INFO]     NSE:WIPRO-EQ | CVD=1060156 vs Ref=640617 | VAH=237.60
2026-01-28 14:37:22,751 [INFO]     NSE:YESBANK-EQ | CVD=4523136 vs Ref=7921551 | VAH=21.40
2026-01-28 14:38:22,753 [INFO] 🔍 Scanning for alerts on 12 symbols (5min)...
2026-01-28 14:38:22,943 [INFO]     NSE:HAVELLS-EQ | CVD=-108016 vs Ref=14748 | VAH=1291.50
2026-01-28 14:38:23,158 [INFO]     NSE:PAYTM-EQ | CVD=306399 vs Ref=378055 | VAH=1165.50
2026-01-28 14:38:23,404 [INFO]     NSE:SHRIRAMFIN-EQ | CVD=570058 vs Ref=556824 | VAH=1012.50
2026-01-28 14:38:23,570 [INFO]     NSE:LODHA-EQ | CVD=-48187 vs Ref=50573 | VAH=924.30
2026-01-28 14:38:23,792 [INFO]     NSE:SBICARD-EQ | CVD=-57880 vs Ref=54892 | VAH=788.10
2026-01-28 14:38:23,972 [INFO]     NSE:PGEL-EQ | CVD=38513 vs Ref=60181 | VAH=524.70
2026-01-28 14:38:24,157 [INFO]     NSE:OIL-EQ | CVD=862962 vs Ref=1883485 | VAH=488.40
2026-01-28 14:38:24,326 [INFO]     NSE:NATIONALUM-EQ | CVD=479917 vs Ref=481038 | VAH=391.50
2026-01-28 14:38:24,502 [INFO]     NSE:KALYANKJIL-EQ | CVD=-148862 vs Ref=119217 | VAH=373.95
2026-01-28 14:38:24,731 [INFO]     NSE:JIOFIN-EQ | CVD=478513 vs Ref=545350 | VAH=257.40
2026-01-28 14:38:24,949 [INFO]     NSE:WIPRO-EQ | CVD=1060156 vs Ref=640617 | VAH=237.60
2026-01-28 14:38:25,171 [INFO]     NSE:YESBANK-EQ | CVD=4523136 vs Ref=7921551 | VAH=21.40
2026-01-28 14:39:25,173 [INFO] 🔍 Scanning for alerts on 12 symbols (5min)...
2026-01-28 14:39:25,395 [INFO]     NSE:HAVELLS-EQ | CVD=-108016 vs Ref=14748 | VAH=1291.50
2026-01-28 14:39:25,556 [INFO]     NSE:PAYTM-EQ | CVD=306399 vs Ref=378055 | VAH=1165.50
2026-01-28 14:39:25,771 [INFO]     NSE:SHRIRAMFIN-EQ | CVD=570058 vs Ref=556824 | VAH=1012.50
2026-01-28 14:39:25,950 [INFO]     NSE:LODHA-EQ | CVD=-48187 vs Ref=50573 | VAH=924.30
2026-01-28 14:39:26,172 [INFO]     NSE:SBICARD-EQ | CVD=-57880 vs Ref=54892 | VAH=788.10
2026-01-28 14:39:26,341 [INFO]     NSE:PGEL-EQ | CVD=38513 vs Ref=60181 | VAH=524.70
2026-01-28 14:39:26,527 [INFO]     NSE:OIL-EQ | CVD=862962 vs Ref=1883485 | VAH=488.40
2026-01-28 14:39:26,707 [INFO]     NSE:NATIONALUM-EQ | CVD=479917 vs Ref=481038 | VAH=391.50
2026-01-28 14:39:26,882 [INFO]     NSE:KALYANKJIL-EQ | CVD=-148862 vs Ref=119217 | VAH=373.95
2026-01-28 14:39:27,049 [INFO]     NSE:JIOFIN-EQ | CVD=478513 vs Ref=545350 | VAH=257.40
2026-01-28 14:39:27,233 [INFO]     NSE:WIPRO-EQ | CVD=1060156 vs Ref=640617 | VAH=237.60
2026-01-28 14:39:27,425 [INFO]     NSE:YESBANK-EQ | CVD=4523136 vs Ref=7921551 | VAH=21.40
2026-01-28 14:40:27,426 [INFO] 🔍 Scanning for alerts on 12 symbols (5min)...
2026-01-28 14:40:27,649 [INFO]     NSE:HAVELLS-EQ | CVD=-108016 vs Ref=14748 | VAH=1291.50
2026-01-28 14:40:27,822 [INFO]     NSE:PAYTM-EQ | CVD=306399 vs Ref=378055 | VAH=1165.50
2026-01-28 14:40:28,008 [INFO]     NSE:SHRIRAMFIN-EQ | CVD=570058 vs Ref=556824 | VAH=1012.50
2026-01-28 14:40:28,160 [INFO]     NSE:LODHA-EQ | CVD=-48187 vs Ref=50573 | VAH=924.30
2026-01-28 14:40:28,333 [INFO]     NSE:SBICARD-EQ | CVD=-57880 vs Ref=54892 | VAH=788.10
2026-01-28 14:40:28,566 [INFO]     NSE:PGEL-EQ | CVD=38513 vs Ref=60181 | VAH=524.70
2026-01-28 14:40:28,780 [INFO]     NSE:OIL-EQ | CVD=862962 vs Ref=1883485 | VAH=488.40
2026-01-28 14:40:28,986 [INFO]     NSE:NATIONALUM-EQ | CVD=479917 vs Ref=481038 | VAH=391.50
2026-01-28 14:40:29,193 [INFO]     NSE:KALYANKJIL-EQ | CVD=-148862 vs Ref=119217 | VAH=373.95
2026-01-28 14:40:29,429 [INFO]     NSE:JIOFIN-EQ | CVD=478513 vs Ref=545350 | VAH=257.40
2026-01-28 14:40:29,623 [INFO]     NSE:WIPRO-EQ | CVD=1060156 vs Ref=640617 | VAH=237.60
2026-01-28 14:40:29,792 [INFO]     NSE:YESBANK-EQ | CVD=4523136 vs Ref=7921551 | VAH=21.40
2026-01-28 14:41:29,794 [INFO] 🔍 Scanning for alerts on 12 symbols (5min)...
2026-01-28 14:41:30,001 [INFO]     NSE:HAVELLS-EQ | CVD=-108016 vs Ref=14748 | VAH=1291.50
2026-01-28 14:41:30,214 [INFO]     NSE:PAYTM-EQ | CVD=306399 vs Ref=378055 | VAH=1165.50
2026-01-28 14:41:30,459 [INFO]     NSE:SHRIRAMFIN-EQ | CVD=570058 vs Ref=556824 | VAH=1012.50
2026-01-28 14:41:30,695 [INFO]     NSE:LODHA-EQ | CVD=-48187 vs Ref=50573 | VAH=924.30
2026-01-28 14:41:30,899 [INFO]     NSE:SBICARD-EQ | CVD=-57880 vs Ref=54892 | VAH=788.10
2026-01-28 14:41:31,130 [INFO]     NSE:PGEL-EQ | CVD=38513 vs Ref=60181 | VAH=524.70
2026-01-28 14:41:31,402 [INFO]     NSE:OIL-EQ | CVD=862962 vs Ref=1883485 | VAH=488.40
2026-01-28 14:41:31,712 [INFO]     NSE:NATIONALUM-EQ | CVD=479917 vs Ref=481038 | VAH=391.50
2026-01-28 14:41:31,967 [INFO]     NSE:KALYANKJIL-EQ | CVD=-148862 vs Ref=119217 | VAH=373.95
2026-01-28 14:41:32,212 [INFO]     NSE:JIOFIN-EQ | CVD=478513 vs Ref=545350 | VAH=257.40
2026-01-28 14:41:32,468 [INFO]     NSE:WIPRO-EQ | CVD=1060156 vs Ref=640617 | VAH=237.60
2026-01-28 14:41:32,662 [INFO]     NSE:YESBANK-EQ | CVD=4523136 vs Ref=7921551 | VAH=21.40
2026-01-28 14:42:32,664 [INFO] 🔍 Scanning for alerts on 12 symbols (5min)...
2026-01-28 14:42:32,907 [INFO]     NSE:HAVELLS-EQ | CVD=-108016 vs Ref=14748 | VAH=1291.50
2026-01-28 14:42:33,089 [INFO]     NSE:PAYTM-EQ | CVD=306399 vs Ref=378055 | VAH=1165.50
2026-01-28 14:42:33,310 [INFO]     NSE:SHRIRAMFIN-EQ | CVD=570058 vs Ref=556824 | VAH=1012.50
2026-01-28 14:42:33,525 [INFO]     NSE:LODHA-EQ | CVD=-48187 vs Ref=50573 | VAH=924.30
2026-01-28 14:42:33,719 [INFO]     NSE:SBICARD-EQ | CVD=-57880 vs Ref=54892 | VAH=788.10
2026-01-28 14:42:33,911 [INFO]     NSE:PGEL-EQ | CVD=38513 vs Ref=60181 | VAH=524.70
2026-01-28 14:42:34,088 [INFO]     NSE:OIL-EQ | CVD=862962 vs Ref=1883485 | VAH=488.40
2026-01-28 14:42:34,271 [INFO]     NSE:NATIONALUM-EQ | CVD=479917 vs Ref=481038 | VAH=391.50
2026-01-28 14:42:34,483 [INFO]     NSE:KALYANKJIL-EQ | CVD=-148862 vs Ref=119217 | VAH=373.95
2026-01-28 14:42:34,699 [INFO]     NSE:JIOFIN-EQ | CVD=478513 vs Ref=545350 | VAH=257.40
2026-01-28 14:42:34,917 [INFO]     NSE:WIPRO-EQ | CVD=1060156 vs Ref=640617 | VAH=237.60
2026-01-28 14:42:35,133 [INFO]     NSE:YESBANK-EQ | CVD=4523136 vs Ref=7921551 | VAH=21.40
2026-01-28 14:43:35,135 [INFO] 🔍 Scanning for alerts on 12 symbols (5min)...
2026-01-28 14:43:35,378 [INFO]     NSE:HAVELLS-EQ | CVD=-108016 vs Ref=14748 | VAH=1291.50
2026-01-28 14:43:35,591 [INFO]     NSE:PAYTM-EQ | CVD=306399 vs Ref=378055 | VAH=1165.50
2026-01-28 14:43:35,804 [INFO]     NSE:SHRIRAMFIN-EQ | CVD=570058 vs Ref=556824 | VAH=1012.50
2026-01-28 14:43:36,037 [INFO]     NSE:LODHA-EQ | CVD=-48187 vs Ref=50573 | VAH=924.30
2026-01-28 14:43:36,195 [INFO]     NSE:SBICARD-EQ | CVD=-57880 vs Ref=54892 | VAH=788.10
2026-01-28 14:43:36,381 [INFO]     NSE:PGEL-EQ | CVD=38513 vs Ref=60181 | VAH=524.70
2026-01-28 14:43:36,543 [INFO]     NSE:OIL-EQ | CVD=862962 vs Ref=1883485 | VAH=488.40
2026-01-28 14:43:36,715 [INFO]     NSE:NATIONALUM-EQ | CVD=479917 vs Ref=481038 | VAH=391.50
2026-01-28 14:43:36,935 [INFO]     NSE:KALYANKJIL-EQ | CVD=-148862 vs Ref=119217 | VAH=373.95
2026-01-28 14:43:37,159 [INFO]     NSE:JIOFIN-EQ | CVD=478513 vs Ref=545350 | VAH=257.40
2026-01-28 14:43:37,328 [INFO]     NSE:WIPRO-EQ | CVD=1060156 vs Ref=640617 | VAH=237.60
2026-01-28 14:43:37,512 [INFO]     NSE:YESBANK-EQ | CVD=4523136 vs Ref=7921551 | VAH=21.40
2026-01-28 14:44:37,515 [INFO] 🔍 Scanning for alerts on 12 symbols (5min)...
2026-01-28 14:44:37,695 [INFO]     NSE:HAVELLS-EQ | CVD=-108016 vs Ref=14748 | VAH=1291.50
2026-01-28 14:44:37,919 [INFO]     NSE:PAYTM-EQ | CVD=306399 vs Ref=378055 | VAH=1165.50
2026-01-28 14:44:38,104 [INFO]     NSE:SHRIRAMFIN-EQ | CVD=570058 vs Ref=556824 | VAH=1012.50
2026-01-28 14:44:38,309 [INFO]     NSE:LODHA-EQ | CVD=-48187 vs Ref=50573 | VAH=924.30
2026-01-28 14:44:38,532 [INFO]     NSE:SBICARD-EQ | CVD=-57880 vs Ref=54892 | VAH=788.10
2026-01-28 14:44:38,722 [INFO]     NSE:PGEL-EQ | CVD=38513 vs Ref=60181 | VAH=524.70
2026-01-28 14:44:38,909 [INFO]     NSE:OIL-EQ | CVD=862962 vs Ref=1883485 | VAH=488.40
2026-01-28 14:44:39,070 [INFO]     NSE:NATIONALUM-EQ | CVD=479917 vs Ref=481038 | VAH=391.50
2026-01-28 14:44:39,284 [INFO]     NSE:KALYANKJIL-EQ | CVD=-148862 vs Ref=119217 | VAH=373.95
2026-01-28 14:44:39,489 [INFO]     NSE:JIOFIN-EQ | CVD=478513 vs Ref=545350 | VAH=257.40
2026-01-28 14:44:39,700 [INFO]     NSE:WIPRO-EQ | CVD=1060156 vs Ref=640617 | VAH=237.60
2026-01-28 14:44:39,918 [INFO]     NSE:YESBANK-EQ | CVD=4523136 vs Ref=7921551 | VAH=21.40
2026-01-28 14:45:39,920 [INFO] 🔍 Scanning for alerts on 12 symbols (5min)...
2026-01-28 14:45:40,140 [INFO]     NSE:HAVELLS-EQ | CVD=-108016 vs Ref=14748 | VAH=1291.50
2026-01-28 14:45:40,354 [INFO]     NSE:PAYTM-EQ | CVD=306399 vs Ref=378055 | VAH=1165.50
2026-01-28 14:45:40,568 [INFO]     NSE:SHRIRAMFIN-EQ | CVD=570058 vs Ref=556824 | VAH=1012.50
2026-01-28 14:45:40,725 [INFO]     NSE:LODHA-EQ | CVD=-48187 vs Ref=50573 | VAH=924.30
2026-01-28 14:45:40,941 [INFO]     NSE:SBICARD-EQ | CVD=-57880 vs Ref=54892 | VAH=788.10
2026-01-28 14:45:41,154 [INFO]     NSE:PGEL-EQ | CVD=38513 vs Ref=60181 | VAH=524.70
2026-01-28 14:45:41,338 [INFO]     NSE:OIL-EQ | CVD=862962 vs Ref=1883485 | VAH=488.40
2026-01-28 14:45:41,489 [INFO]     NSE:NATIONALUM-EQ | CVD=479917 vs Ref=481038 | VAH=391.50
2026-01-28 14:45:41,703 [INFO]     NSE:KALYANKJIL-EQ | CVD=-148862 vs Ref=119217 | VAH=373.95
2026-01-28 14:45:41,910 [INFO]     NSE:JIOFIN-EQ | CVD=478513 vs Ref=545350 | VAH=257.40
2026-01-28 14:45:42,111 [INFO]     NSE:WIPRO-EQ | CVD=1060156 vs Ref=640617 | VAH=237.60
2026-01-28 14:45:42,317 [INFO]     NSE:YESBANK-EQ | CVD=4523136 vs Ref=7921551 | VAH=21.40
2026-01-28 14:46:42,319 [INFO] 🔍 Scanning for alerts on 12 symbols (5min)...
2026-01-28 14:46:42,468 [INFO]     NSE:HAVELLS-EQ | CVD=-108016 vs Ref=14748 | VAH=1291.50
2026-01-28 14:46:42,646 [INFO]     NSE:PAYTM-EQ | CVD=306399 vs Ref=378055 | VAH=1165.50
2026-01-28 14:46:42,827 [INFO]     NSE:SHRIRAMFIN-EQ | CVD=570058 vs Ref=556824 | VAH=1012.50
2026-01-28 14:46:43,020 [INFO]     NSE:LODHA-EQ | CVD=-48187 vs Ref=50573 | VAH=924.30
2026-01-28 14:46:43,204 [INFO]     NSE:SBICARD-EQ | CVD=-57880 vs Ref=54892 | VAH=788.10
2026-01-28 14:46:43,445 [INFO]     NSE:PGEL-EQ | CVD=38513 vs Ref=60181 | VAH=524.70
2026-01-28 14:46:43,631 [INFO]     NSE:OIL-EQ | CVD=862962 vs Ref=1883485 | VAH=488.40
2026-01-28 14:46:43,803 [INFO]     NSE:NATIONALUM-EQ | CVD=479917 vs Ref=481038 | VAH=391.50
2026-01-28 14:46:43,980 [INFO]     NSE:KALYANKJIL-EQ | CVD=-148862 vs Ref=119217 | VAH=373.95
2026-01-28 14:46:44,141 [INFO]     NSE:JIOFIN-EQ | CVD=478513 vs Ref=545350 | VAH=257.40
2026-01-28 14:46:44,383 [INFO]     NSE:WIPRO-EQ | CVD=1060156 vs Ref=640617 | VAH=237.60
2026-01-28 14:46:44,595 [INFO]     NSE:YESBANK-EQ | CVD=4523136 vs Ref=7921551 | VAH=21.40
2026-01-28 14:47:44,596 [INFO] 🔍 Scanning for alerts on 12 symbols (5min)...
2026-01-28 14:47:44,819 [INFO]     NSE:HAVELLS-EQ | CVD=-108016 vs Ref=14748 | VAH=1291.50
2026-01-28 14:47:45,026 [INFO]     NSE:PAYTM-EQ | CVD=306399 vs Ref=378055 | VAH=1165.50
2026-01-28 14:47:45,200 [INFO]     NSE:SHRIRAMFIN-EQ | CVD=570058 vs Ref=556824 | VAH=1012.50
2026-01-28 14:47:45,376 [INFO]     NSE:LODHA-EQ | CVD=-48187 vs Ref=50573 | VAH=924.30
2026-01-28 14:47:45,523 [INFO]     NSE:SBICARD-EQ | CVD=-57880 vs Ref=54892 | VAH=788.10
2026-01-28 14:47:45,742 [INFO]     NSE:PGEL-EQ | CVD=38513 vs Ref=60181 | VAH=524.70
2026-01-28 14:47:45,954 [INFO]     NSE:OIL-EQ | CVD=862962 vs Ref=1883485 | VAH=488.40
2026-01-28 14:47:46,125 [INFO]     NSE:NATIONALUM-EQ | CVD=479917 vs Ref=481038 | VAH=391.50
2026-01-28 14:47:46,311 [INFO]     NSE:KALYANKJIL-EQ | CVD=-148862 vs Ref=119217 | VAH=373.95
2026-01-28 14:47:46,522 [INFO]     NSE:JIOFIN-EQ | CVD=478513 vs Ref=545350 | VAH=257.40
2026-01-28 14:47:46,734 [INFO]     NSE:WIPRO-EQ | CVD=1060156 vs Ref=640617 | VAH=237.60
2026-01-28 14:47:46,934 [INFO]     NSE:YESBANK-EQ | CVD=4523136 vs Ref=7921551 | VAH=21.40
2026-01-28 14:48:46,936 [INFO] 🔍 Scanning for alerts on 12 symbols (5min)...
2026-01-28 14:48:47,137 [INFO]     NSE:HAVELLS-EQ | CVD=-108016 vs Ref=14748 | VAH=1291.50
2026-01-28 14:48:47,283 [INFO]     NSE:PAYTM-EQ | CVD=306399 vs Ref=378055 | VAH=1165.50
2026-01-28 14:48:47,498 [INFO]     NSE:SHRIRAMFIN-EQ | CVD=570058 vs Ref=556824 | VAH=1012.50
2026-01-28 14:48:47,655 [INFO]     NSE:LODHA-EQ | CVD=-48187 vs Ref=50573 | VAH=924.30
2026-01-28 14:48:47,814 [INFO]     NSE:SBICARD-EQ | CVD=-57880 vs Ref=54892 | VAH=788.10
2026-01-28 14:48:48,030 [INFO]     NSE:PGEL-EQ | CVD=38513 vs Ref=60181 | VAH=524.70
2026-01-28 14:48:48,244 [INFO]     NSE:OIL-EQ | CVD=862962 vs Ref=1883485 | VAH=488.40
2026-01-28 14:48:48,421 [INFO]     NSE:NATIONALUM-EQ | CVD=479917 vs Ref=481038 | VAH=391.50
2026-01-28 14:48:50,276 [INFO]     NSE:KALYANKJIL-EQ | CVD=-148862 vs Ref=119217 | VAH=373.95
2026-01-28 14:48:50,495 [INFO]     NSE:JIOFIN-EQ | CVD=478513 vs Ref=545350 | VAH=257.40
2026-01-28 14:48:50,689 [INFO]     NSE:WIPRO-EQ | CVD=1060156 vs Ref=640617 | VAH=237.60
2026-01-28 14:48:50,906 [INFO]     NSE:YESBANK-EQ | CVD=4523136 vs Ref=7921551 | VAH=21.40
2026-01-28 14:49:50,907 [INFO] 🔍 Scanning for alerts on 12 symbols (5min)...
2026-01-28 14:49:51,133 [INFO]     NSE:HAVELLS-EQ | CVD=-108016 vs Ref=14748 | VAH=1291.50
2026-01-28 14:49:51,344 [INFO]     NSE:PAYTM-EQ | CVD=306399 vs Ref=378055 | VAH=1165.50
2026-01-28 14:49:51,541 [INFO]     NSE:SHRIRAMFIN-EQ | CVD=570058 vs Ref=556824 | VAH=1012.50
2026-01-28 14:49:53,421 [INFO]     NSE:LODHA-EQ | CVD=-48187 vs Ref=50573 | VAH=924.30
2026-01-28 14:49:53,560 [INFO]     NSE:SBICARD-EQ | CVD=-57880 vs Ref=54892 | VAH=788.10
2026-01-28 14:49:53,739 [INFO]     NSE:PGEL-EQ | CVD=38513 vs Ref=60181 | VAH=524.70
2026-01-28 14:49:53,927 [INFO]     NSE:OIL-EQ | CVD=862962 vs Ref=1883485 | VAH=488.40
2026-01-28 14:49:54,091 [INFO]     NSE:NATIONALUM-EQ | CVD=479917 vs Ref=481038 | VAH=391.50
2026-01-28 14:49:54,236 [INFO]     NSE:KALYANKJIL-EQ | CVD=-148862 vs Ref=119217 | VAH=373.95
2026-01-28 14:49:54,440 [INFO]     NSE:JIOFIN-EQ | CVD=478513 vs Ref=545350 | VAH=257.40
2026-01-28 14:49:54,627 [INFO]     NSE:WIPRO-EQ | CVD=1060156 vs Ref=640617 | VAH=237.60
2026-01-28 14:49:54,822 [INFO]     NSE:YESBANK-EQ | CVD=4523136 vs Ref=7921551 | VAH=21.40
2026-01-28 14:50:54,824 [INFO] 🔍 Scanning for alerts on 12 symbols (5min)...
2026-01-28 14:50:55,037 [INFO]     NSE:HAVELLS-EQ | CVD=-108016 vs Ref=14748 | VAH=1291.50
2026-01-28 14:50:55,296 [INFO]     NSE:PAYTM-EQ | CVD=306399 vs Ref=378055 | VAH=1165.50
2026-01-28 14:50:55,530 [INFO]     NSE:SHRIRAMFIN-EQ | CVD=570058 vs Ref=556824 | VAH=1012.50
2026-01-28 14:50:55,742 [INFO]     NSE:LODHA-EQ | CVD=-48187 vs Ref=50573 | VAH=924.30
2026-01-28 14:50:55,952 [INFO]     NSE:SBICARD-EQ | CVD=-57880 vs Ref=54892 | VAH=788.10
2026-01-28 14:50:57,018 [INFO]     NSE:PGEL-EQ | CVD=38513 vs Ref=60181 | VAH=524.70
2026-01-28 14:50:57,225 [INFO]     NSE:OIL-EQ | CVD=862962 vs Ref=1883485 | VAH=488.40
2026-01-28 14:50:57,403 [INFO]     NSE:NATIONALUM-EQ | CVD=479917 vs Ref=481038 | VAH=391.50
2026-01-28 14:50:57,590 [INFO]     NSE:KALYANKJIL-EQ | CVD=-148862 vs Ref=119217 | VAH=373.95
2026-01-28 14:50:57,804 [INFO]     NSE:JIOFIN-EQ | CVD=478513 vs Ref=545350 | VAH=257.40
2026-01-28 14:50:58,012 [INFO]     NSE:WIPRO-EQ | CVD=1060156 vs Ref=640617 | VAH=237.60
2026-01-28 14:50:58,175 [INFO]     NSE:YESBANK-EQ | CVD=4523136 vs Ref=7921551 | VAH=21.40
2026-01-28 14:51:58,177 [INFO] 🔍 Scanning for alerts on 12 symbols (5min)...
2026-01-28 14:51:58,383 [INFO]     NSE:HAVELLS-EQ | CVD=-108016 vs Ref=14748 | VAH=1291.50
2026-01-28 14:51:58,551 [INFO]     NSE:PAYTM-EQ | CVD=306399 vs Ref=378055 | VAH=1165.50
2026-01-28 14:51:58,779 [INFO]     NSE:SHRIRAMFIN-EQ | CVD=570058 vs Ref=556824 | VAH=1012.50
2026-01-28 14:51:58,992 [INFO]     NSE:LODHA-EQ | CVD=-48187 vs Ref=50573 | VAH=924.30
2026-01-28 14:51:59,203 [INFO]     NSE:SBICARD-EQ | CVD=-57880 vs Ref=54892 | VAH=788.10
2026-01-28 14:51:59,354 [INFO]     NSE:PGEL-EQ | CVD=38513 vs Ref=60181 | VAH=524.70
2026-01-28 14:51:59,571 [INFO]     NSE:OIL-EQ | CVD=862962 vs Ref=1883485 | VAH=488.40
2026-01-28 14:51:59,779 [INFO]     NSE:NATIONALUM-EQ | CVD=479917 vs Ref=481038 | VAH=391.50
2026-01-28 14:51:59,980 [INFO]     NSE:KALYANKJIL-EQ | CVD=-148862 vs Ref=119217 | VAH=373.95
2026-01-28 14:52:00,152 [INFO]     NSE:JIOFIN-EQ | CVD=478513 vs Ref=545350 | VAH=257.40
2026-01-28 14:52:00,323 [INFO]     NSE:WIPRO-EQ | CVD=1060156 vs Ref=640617 | VAH=237.60
2026-01-28 14:52:00,508 [INFO]     NSE:YESBANK-EQ | CVD=4523136 vs Ref=7921551 | VAH=21.40
2026-01-28 14:53:00,510 [INFO] 🔍 Scanning for alerts on 12 symbols (5min)...
2026-01-28 14:53:00,699 [INFO]     NSE:HAVELLS-EQ | CVD=-108016 vs Ref=14748 | VAH=1291.50
2026-01-28 14:53:00,871 [INFO]     NSE:PAYTM-EQ | CVD=306399 vs Ref=378055 | VAH=1165.50
2026-01-28 14:53:01,035 [INFO]     NSE:SHRIRAMFIN-EQ | CVD=570058 vs Ref=556824 | VAH=1012.50
2026-01-28 14:53:01,237 [INFO]     NSE:LODHA-EQ | CVD=-48187 vs Ref=50573 | VAH=924.30
2026-01-28 14:53:01,546 [INFO]     NSE:SBICARD-EQ | CVD=-57880 vs Ref=54892 | VAH=788.10
2026-01-28 14:53:01,718 [INFO]     NSE:PGEL-EQ | CVD=38513 vs Ref=60181 | VAH=524.70
2026-01-28 14:53:01,943 [INFO]     NSE:OIL-EQ | CVD=862962 vs Ref=1883485 | VAH=488.40
2026-01-28 14:53:02,154 [INFO]     NSE:NATIONALUM-EQ | CVD=479917 vs Ref=481038 | VAH=391.50
2026-01-28 14:53:02,508 [INFO]     NSE:KALYANKJIL-EQ | CVD=-148862 vs Ref=119217 | VAH=373.95
2026-01-28 14:53:02,766 [INFO]     NSE:JIOFIN-EQ | CVD=478513 vs Ref=545350 | VAH=257.40
2026-01-28 14:53:03,023 [INFO]     NSE:WIPRO-EQ | CVD=1060156 vs Ref=640617 | VAH=237.60
2026-01-28 14:53:03,262 [INFO]     NSE:YESBANK-EQ | CVD=4523136 vs Ref=7921551 | VAH=21.40
2026-01-28 14:54:03,264 [INFO] 🔍 Scanning for alerts on 12 symbols (5min)...
2026-01-28 14:54:03,545 [INFO]     NSE:HAVELLS-EQ | CVD=-108016 vs Ref=14748 | VAH=1291.50
2026-01-28 14:54:03,744 [INFO]     NSE:PAYTM-EQ | CVD=306399 vs Ref=378055 | VAH=1165.50
2026-01-28 14:54:03,976 [INFO]     NSE:SHRIRAMFIN-EQ | CVD=570058 vs Ref=556824 | VAH=1012.50
2026-01-28 14:54:04,180 [INFO]     NSE:LODHA-EQ | CVD=-48187 vs Ref=50573 | VAH=924.30
2026-01-28 14:54:04,370 [INFO]     NSE:SBICARD-EQ | CVD=-57880 vs Ref=54892 | VAH=788.10
2026-01-28 14:54:04,590 [INFO]     NSE:PGEL-EQ | CVD=38513 vs Ref=60181 | VAH=524.70
2026-01-28 14:54:04,788 [INFO]     NSE:OIL-EQ | CVD=862962 vs Ref=1883485 | VAH=488.40
2026-01-28 14:54:04,997 [INFO]     NSE:NATIONALUM-EQ | CVD=479917 vs Ref=481038 | VAH=391.50
2026-01-28 14:54:05,202 [INFO]     NSE:KALYANKJIL-EQ | CVD=-148862 vs Ref=119217 | VAH=373.95
2026-01-28 14:54:05,391 [INFO]     NSE:JIOFIN-EQ | CVD=478513 vs Ref=545350 | VAH=257.40
2026-01-28 14:54:05,575 [INFO]     NSE:WIPRO-EQ | CVD=1060156 vs Ref=640617 | VAH=237.60
2026-01-28 14:54:05,756 [INFO]     NSE:YESBANK-EQ | CVD=4523136 vs Ref=7921551 | VAH=21.40
2026-01-28 14:55:05,758 [INFO] 🔍 Scanning for alerts on 12 symbols (5min)...
2026-01-28 14:55:06,003 [INFO]     NSE:HAVELLS-EQ | CVD=-108016 vs Ref=14748 | VAH=1291.50
2026-01-28 14:55:06,226 [INFO]     NSE:PAYTM-EQ | CVD=306399 vs Ref=378055 | VAH=1165.50
2026-01-28 14:55:06,451 [INFO]     NSE:SHRIRAMFIN-EQ | CVD=570058 vs Ref=556824 | VAH=1012.50
2026-01-28 14:55:06,676 [INFO]     NSE:LODHA-EQ | CVD=-48187 vs Ref=50573 | VAH=924.30
2026-01-28 14:55:06,864 [INFO]     NSE:SBICARD-EQ | CVD=-57880 vs Ref=54892 | VAH=788.10
2026-01-28 14:55:07,079 [INFO]     NSE:PGEL-EQ | CVD=38513 vs Ref=60181 | VAH=524.70
2026-01-28 14:55:07,317 [INFO]     NSE:OIL-EQ | CVD=862962 vs Ref=1883485 | VAH=488.40
2026-01-28 14:55:07,522 [INFO]     NSE:NATIONALUM-EQ | CVD=479917 vs Ref=481038 | VAH=391.50
2026-01-28 14:55:07,726 [INFO]     NSE:KALYANKJIL-EQ | CVD=-148862 vs Ref=119217 | VAH=373.95
2026-01-28 14:55:07,917 [INFO]     NSE:JIOFIN-EQ | CVD=478513 vs Ref=545350 | VAH=257.40
2026-01-28 14:55:08,103 [INFO]     NSE:WIPRO-EQ | CVD=1060156 vs Ref=640617 | VAH=237.60
2026-01-28 14:55:08,317 [INFO]     NSE:YESBANK-EQ | CVD=4523136 vs Ref=7921551 | VAH=21.40
2026-01-28 14:56:08,318 [INFO] 🔍 Scanning for alerts on 12 symbols (5min)...
2026-01-28 14:56:08,501 [INFO]     NSE:HAVELLS-EQ | CVD=-108016 vs Ref=14748 | VAH=1291.50
2026-01-28 14:56:08,715 [INFO]     NSE:PAYTM-EQ | CVD=306399 vs Ref=378055 | VAH=1165.50
2026-01-28 14:56:08,887 [INFO]     NSE:SHRIRAMFIN-EQ | CVD=570058 vs Ref=556824 | VAH=1012.50
2026-01-28 14:56:09,104 [INFO]     NSE:LODHA-EQ | CVD=-48187 vs Ref=50573 | VAH=924.30
2026-01-28 14:56:09,319 [INFO]     NSE:SBICARD-EQ | CVD=-57880 vs Ref=54892 | VAH=788.10
2026-01-28 14:56:09,537 [INFO]     NSE:PGEL-EQ | CVD=38513 vs Ref=60181 | VAH=524.70
2026-01-28 14:56:09,720 [INFO]     NSE:OIL-EQ | CVD=862962 vs Ref=1883485 | VAH=488.40
2026-01-28 14:56:09,915 [INFO]     NSE:NATIONALUM-EQ | CVD=479917 vs Ref=481038 | VAH=391.50
2026-01-28 14:56:10,129 [INFO]     NSE:KALYANKJIL-EQ | CVD=-148862 vs Ref=119217 | VAH=373.95
2026-01-28 14:56:10,340 [INFO]     NSE:JIOFIN-EQ | CVD=478513 vs Ref=545350 | VAH=257.40
2026-01-28 14:56:10,523 [INFO]     NSE:WIPRO-EQ | CVD=1060156 vs Ref=640617 | VAH=237.60
2026-01-28 14:56:10,738 [INFO]     NSE:YESBANK-EQ | CVD=4523136 vs Ref=7921551 | VAH=21.40
2026-01-28 14:57:10,740 [INFO] 🔍 Scanning for alerts on 12 symbols (5min)...
2026-01-28 14:57:10,918 [INFO]     NSE:HAVELLS-EQ | CVD=-108016 vs Ref=14748 | VAH=1291.50
2026-01-28 14:57:11,134 [INFO]     NSE:PAYTM-EQ | CVD=306399 vs Ref=378055 | VAH=1165.50
2026-01-28 14:57:11,342 [INFO]     NSE:SHRIRAMFIN-EQ | CVD=570058 vs Ref=556824 | VAH=1012.50
2026-01-28 14:57:11,538 [INFO]     NSE:LODHA-EQ | CVD=-48187 vs Ref=50573 | VAH=924.30
2026-01-28 14:57:11,754 [INFO]     NSE:SBICARD-EQ | CVD=-57880 vs Ref=54892 | VAH=788.10
2026-01-28 14:57:11,917 [INFO]     NSE:PGEL-EQ | CVD=38513 vs Ref=60181 | VAH=524.70
2026-01-28 14:57:12,127 [INFO]     NSE:OIL-EQ | CVD=862962 vs Ref=1883485 | VAH=488.40
2026-01-28 14:57:12,328 [INFO]     NSE:NATIONALUM-EQ | CVD=479917 vs Ref=481038 | VAH=391.50
2026-01-28 14:57:12,498 [INFO]     NSE:KALYANKJIL-EQ | CVD=-148862 vs Ref=119217 | VAH=373.95
2026-01-28 14:57:12,677 [INFO]     NSE:JIOFIN-EQ | CVD=478513 vs Ref=545350 | VAH=257.40
2026-01-28 14:57:12,866 [INFO]     NSE:WIPRO-EQ | CVD=1060156 vs Ref=640617 | VAH=237.60
2026-01-28 14:57:13,032 [INFO]     NSE:YESBANK-EQ | CVD=4523136 vs Ref=7921551 | VAH=21.40
2026-01-28 14:58:13,034 [INFO] 🔍 Scanning for alerts on 12 symbols (5min)...
2026-01-28 14:58:13,227 [INFO]     NSE:HAVELLS-EQ | CVD=-108016 vs Ref=14748 | VAH=1291.50
2026-01-28 14:58:13,411 [INFO]     NSE:PAYTM-EQ | CVD=306399 vs Ref=378055 | VAH=1165.50
2026-01-28 14:58:13,655 [INFO]     NSE:SHRIRAMFIN-EQ | CVD=570058 vs Ref=556824 | VAH=1012.50
2026-01-28 14:58:13,882 [INFO]     NSE:LODHA-EQ | CVD=-48187 vs Ref=50573 | VAH=924.30
2026-01-28 14:58:14,052 [INFO]     NSE:SBICARD-EQ | CVD=-57880 vs Ref=54892 | VAH=788.10
2026-01-28 14:58:14,281 [INFO]     NSE:PGEL-EQ | CVD=38513 vs Ref=60181 | VAH=524.70
2026-01-28 14:58:14,502 [INFO]     NSE:OIL-EQ | CVD=862962 vs Ref=1883485 | VAH=488.40
2026-01-28 14:58:14,681 [INFO]     NSE:NATIONALUM-EQ | CVD=479917 vs Ref=481038 | VAH=391.50
2026-01-28 14:58:14,896 [INFO]     NSE:KALYANKJIL-EQ | CVD=-148862 vs Ref=119217 | VAH=373.95
2026-01-28 14:58:15,105 [INFO]     NSE:JIOFIN-EQ | CVD=478513 vs Ref=545350 | VAH=257.40
2026-01-28 14:58:15,279 [INFO]     NSE:WIPRO-EQ | CVD=1060156 vs Ref=640617 | VAH=237.60
2026-01-28 14:58:15,493 [INFO]     NSE:YESBANK-EQ | CVD=4523136 vs Ref=7921551 | VAH=21.40
2026-01-28 14:59:15,495 [INFO] 🔍 Scanning for alerts on 12 symbols (5min)...
2026-01-28 14:59:15,705 [INFO]     NSE:HAVELLS-EQ | CVD=-108016 vs Ref=14748 | VAH=1291.50
2026-01-28 14:59:15,887 [INFO]     NSE:PAYTM-EQ | CVD=306399 vs Ref=378055 | VAH=1165.50
2026-01-28 14:59:16,036 [INFO]     NSE:SHRIRAMFIN-EQ | CVD=570058 vs Ref=556824 | VAH=1012.50
2026-01-28 14:59:16,214 [INFO]     NSE:LODHA-EQ | CVD=-48187 vs Ref=50573 | VAH=924.30
2026-01-28 14:59:16,385 [INFO]     NSE:SBICARD-EQ | CVD=-57880 vs Ref=54892 | VAH=788.10
2026-01-28 14:59:16,549 [INFO]     NSE:PGEL-EQ | CVD=38513 vs Ref=60181 | VAH=524.70
2026-01-28 14:59:16,730 [INFO]     NSE:OIL-EQ | CVD=862962 vs Ref=1883485 | VAH=488.40
2026-01-28 14:59:16,937 [INFO]     NSE:NATIONALUM-EQ | CVD=479917 vs Ref=481038 | VAH=391.50
2026-01-28 14:59:17,163 [INFO]     NSE:KALYANKJIL-EQ | CVD=-148862 vs Ref=119217 | VAH=373.95
2026-01-28 14:59:17,403 [INFO]     NSE:JIOFIN-EQ | CVD=478513 vs Ref=545350 | VAH=257.40
2026-01-28 14:59:17,586 [INFO]     NSE:WIPRO-EQ | CVD=1060156 vs Ref=640617 | VAH=237.60
2026-01-28 14:59:17,758 [INFO]     NSE:YESBANK-EQ | CVD=4523136 vs Ref=7921551 | VAH=21.40
2026-01-28 15:00:17,761 [INFO] 🔍 Scanning for alerts on 12 symbols (5min)...
2026-01-28 15:00:17,949 [INFO]     NSE:HAVELLS-EQ | CVD=-108016 vs Ref=14748 | VAH=1291.50
2026-01-28 15:00:18,164 [INFO]     NSE:PAYTM-EQ | CVD=306399 vs Ref=378055 | VAH=1165.50
2026-01-28 15:00:18,377 [INFO]     NSE:SHRIRAMFIN-EQ | CVD=570058 vs Ref=556824 | VAH=1012.50
2026-01-28 15:00:18,591 [INFO]     NSE:LODHA-EQ | CVD=-48187 vs Ref=50573 | VAH=924.30
2026-01-28 15:00:18,800 [INFO]     NSE:SBICARD-EQ | CVD=-57880 vs Ref=54892 | VAH=788.10
2026-01-28 15:00:18,995 [INFO]     NSE:PGEL-EQ | CVD=38513 vs Ref=60181 | VAH=524.70
2026-01-28 15:00:19,192 [INFO]     NSE:OIL-EQ | CVD=862962 vs Ref=1883485 | VAH=488.40
2026-01-28 15:00:19,392 [INFO]     NSE:NATIONALUM-EQ | CVD=479917 vs Ref=481038 | VAH=391.50
2026-01-28 15:00:19,587 [INFO]     NSE:KALYANKJIL-EQ | CVD=-148862 vs Ref=119217 | VAH=373.95
2026-01-28 15:00:19,803 [INFO]     NSE:JIOFIN-EQ | CVD=478513 vs Ref=545350 | VAH=257.40
2026-01-28 15:00:19,981 [INFO]     NSE:WIPRO-EQ | CVD=1060156 vs Ref=640617 | VAH=237.60
2026-01-28 15:00:20,160 [INFO]     NSE:YESBANK-EQ | CVD=4523136 vs Ref=7921551 | VAH=21.40
2026-01-28 15:01:20,162 [INFO] 🔍 Scanning for alerts on 12 symbols (5min)...
2026-01-28 15:01:20,366 [INFO]     NSE:HAVELLS-EQ | CVD=-108016 vs Ref=14748 | VAH=1291.50
2026-01-28 15:01:20,580 [INFO]     NSE:PAYTM-EQ | CVD=306399 vs Ref=378055 | VAH=1165.50
2026-01-28 15:01:20,789 [INFO]     NSE:SHRIRAMFIN-EQ | CVD=570058 vs Ref=556824 | VAH=1012.50
2026-01-28 15:01:21,027 [INFO]     NSE:LODHA-EQ | CVD=-48187 vs Ref=50573 | VAH=924.30
2026-01-28 15:01:21,210 [INFO]     NSE:SBICARD-EQ | CVD=-57880 vs Ref=54892 | VAH=788.10
2026-01-28 15:01:21,388 [INFO]     NSE:PGEL-EQ | CVD=38513 vs Ref=60181 | VAH=524.70
2026-01-28 15:01:21,572 [INFO]     NSE:OIL-EQ | CVD=862962 vs Ref=1883485 | VAH=488.40
2026-01-28 15:01:21,759 [INFO]     NSE:NATIONALUM-EQ | CVD=479917 vs Ref=481038 | VAH=391.50
2026-01-28 15:01:21,976 [INFO]     NSE:KALYANKJIL-EQ | CVD=-148862 vs Ref=119217 | VAH=373.95
2026-01-28 15:01:22,186 [INFO]     NSE:JIOFIN-EQ | CVD=478513 vs Ref=545350 | VAH=257.40
2026-01-28 15:01:22,402 [INFO]     NSE:WIPRO-EQ | CVD=1060156 vs Ref=640617 | VAH=237.60
2026-01-28 15:01:22,558 [INFO]     NSE:YESBANK-EQ | CVD=4523136 vs Ref=7921551 | VAH=21.40
2026-01-28 15:02:22,560 [INFO] 🔍 Scanning for alerts on 12 symbols (5min)...
2026-01-28 15:02:22,747 [INFO]     NSE:HAVELLS-EQ | CVD=-108016 vs Ref=14748 | VAH=1291.50
2026-01-28 15:02:22,981 [INFO]     NSE:PAYTM-EQ | CVD=306399 vs Ref=378055 | VAH=1165.50
2026-01-28 15:02:23,191 [INFO]     NSE:SHRIRAMFIN-EQ | CVD=570058 vs Ref=556824 | VAH=1012.50
2026-01-28 15:02:23,368 [INFO]     NSE:LODHA-EQ | CVD=-48187 vs Ref=50573 | VAH=924.30
2026-01-28 15:02:23,568 [INFO]     NSE:SBICARD-EQ | CVD=-57880 vs Ref=54892 | VAH=788.10
2026-01-28 15:02:23,745 [INFO]     NSE:PGEL-EQ | CVD=38513 vs Ref=60181 | VAH=524.70
2026-01-28 15:02:23,944 [INFO]     NSE:OIL-EQ | CVD=862962 vs Ref=1883485 | VAH=488.40
2026-01-28 15:02:24,087 [INFO]     NSE:NATIONALUM-EQ | CVD=479917 vs Ref=481038 | VAH=391.50
2026-01-28 15:02:24,314 [INFO]     NSE:KALYANKJIL-EQ | CVD=-148862 vs Ref=119217 | VAH=373.95
2026-01-28 15:02:24,525 [INFO]     NSE:JIOFIN-EQ | CVD=478513 vs Ref=545350 | VAH=257.40
2026-01-28 15:02:24,726 [INFO]     NSE:WIPRO-EQ | CVD=1060156 vs Ref=640617 | VAH=237.60
2026-01-28 15:02:24,939 [INFO]     NSE:YESBANK-EQ | CVD=4523136 vs Ref=7921551 | VAH=21.40
2026-01-28 15:03:24,940 [INFO] 🔍 Scanning for alerts on 12 symbols (5min)...
2026-01-28 15:03:25,166 [INFO]     NSE:HAVELLS-EQ | CVD=-108016 vs Ref=14748 | VAH=1291.50
2026-01-28 15:03:25,452 [INFO]     NSE:PAYTM-EQ | CVD=306399 vs Ref=378055 | VAH=1165.50
2026-01-28 15:03:25,740 [INFO]     NSE:SHRIRAMFIN-EQ | CVD=570058 vs Ref=556824 | VAH=1012.50
2026-01-28 15:03:25,968 [INFO]     NSE:LODHA-EQ | CVD=-48187 vs Ref=50573 | VAH=924.30
2026-01-28 15:03:26,209 [INFO]     NSE:SBICARD-EQ | CVD=-57880 vs Ref=54892 | VAH=788.10
2026-01-28 15:03:26,469 [INFO]     NSE:PGEL-EQ | CVD=38513 vs Ref=60181 | VAH=524.70
2026-01-28 15:03:26,743 [INFO]     NSE:OIL-EQ | CVD=862962 vs Ref=1883485 | VAH=488.40
2026-01-28 15:03:27,113 [INFO]     NSE:NATIONALUM-EQ | CVD=479917 vs Ref=481038 | VAH=391.50
2026-01-28 15:03:27,510 [INFO]     NSE:KALYANKJIL-EQ | CVD=-148862 vs Ref=119217 | VAH=373.95
2026-01-28 15:03:27,836 [INFO]     NSE:JIOFIN-EQ | CVD=478513 vs Ref=545350 | VAH=257.40
2026-01-28 15:03:28,206 [INFO]     NSE:WIPRO-EQ | CVD=1060156 vs Ref=640617 | VAH=237.60
2026-01-28 15:03:28,627 [INFO]     NSE:YESBANK-EQ | CVD=4523136 vs Ref=7921551 | VAH=21.40
2026-01-28 15:04:28,629 [INFO] 🔍 Scanning for alerts on 12 symbols (5min)...
2026-01-28 15:04:28,892 [INFO]     NSE:HAVELLS-EQ | CVD=-108016 vs Ref=14748 | VAH=1291.50
2026-01-28 15:04:29,148 [INFO]     NSE:PAYTM-EQ | CVD=306399 vs Ref=378055 | VAH=1165.50
2026-01-28 15:04:29,420 [INFO]     NSE:SHRIRAMFIN-EQ | CVD=570058 vs Ref=556824 | VAH=1012.50
2026-01-28 15:04:29,640 [INFO]     NSE:LODHA-EQ | CVD=-48187 vs Ref=50573 | VAH=924.30
2026-01-28 15:04:29,906 [INFO]     NSE:SBICARD-EQ | CVD=-57880 vs Ref=54892 | VAH=788.10
2026-01-28 15:04:30,152 [INFO]     NSE:PGEL-EQ | CVD=38513 vs Ref=60181 | VAH=524.70
2026-01-28 15:04:30,415 [INFO]     NSE:OIL-EQ | CVD=862962 vs Ref=1883485 | VAH=488.40
2026-01-28 15:04:30,674 [INFO]     NSE:NATIONALUM-EQ | CVD=479917 vs Ref=481038 | VAH=391.50
2026-01-28 15:04:30,953 [INFO]     NSE:KALYANKJIL-EQ | CVD=-148862 vs Ref=119217 | VAH=373.95
2026-01-28 15:04:31,213 [INFO]     NSE:JIOFIN-EQ | CVD=478513 vs Ref=545350 | VAH=257.40
2026-01-28 15:04:31,489 [INFO]     NSE:WIPRO-EQ | CVD=1060156 vs Ref=640617 | VAH=237.60
2026-01-28 15:04:31,765 [INFO]     NSE:YESBANK-EQ | CVD=4523136 vs Ref=7921551 | VAH=21.40
2026-01-28 15:05:31,767 [INFO] 🔍 Scanning for alerts on 12 symbols (5min)...
2026-01-28 15:05:32,035 [INFO]     NSE:HAVELLS-EQ | CVD=-108016 vs Ref=14748 | VAH=1291.50
2026-01-28 15:05:32,289 [INFO]     NSE:PAYTM-EQ | CVD=306399 vs Ref=378055 | VAH=1165.50
2026-01-28 15:05:32,553 [INFO]     NSE:SHRIRAMFIN-EQ | CVD=570058 vs Ref=556824 | VAH=1012.50
2026-01-28 15:05:32,803 [INFO]     NSE:LODHA-EQ | CVD=-48187 vs Ref=50573 | VAH=924.30
2026-01-28 15:05:33,077 [INFO]     NSE:SBICARD-EQ | CVD=-57880 vs Ref=54892 | VAH=788.10
2026-01-28 15:05:33,348 [INFO]     NSE:PGEL-EQ | CVD=38513 vs Ref=60181 | VAH=524.70
2026-01-28 15:05:33,612 [INFO]     NSE:OIL-EQ | CVD=862962 vs Ref=1883485 | VAH=488.40
2026-01-28 15:05:33,843 [INFO]     NSE:NATIONALUM-EQ | CVD=479917 vs Ref=481038 | VAH=391.50
2026-01-28 15:05:34,102 [INFO]     NSE:KALYANKJIL-EQ | CVD=-148862 vs Ref=119217 | VAH=373.95
2026-01-28 15:05:34,381 [INFO]     NSE:JIOFIN-EQ | CVD=478513 vs Ref=545350 | VAH=257.40
2026-01-28 15:05:34,648 [INFO]     NSE:WIPRO-EQ | CVD=1060156 vs Ref=640617 | VAH=237.60
2026-01-28 15:05:34,915 [INFO]     NSE:YESBANK-EQ | CVD=4523136 vs Ref=7921551 | VAH=21.40
2026-01-28 15:06:34,916 [INFO] 🔍 Scanning for alerts on 12 symbols (5min)...
2026-01-28 15:06:35,205 [INFO]     NSE:HAVELLS-EQ | CVD=-108016 vs Ref=14748 | VAH=1291.50
2026-01-28 15:06:35,477 [INFO]     NSE:PAYTM-EQ | CVD=306399 vs Ref=378055 | VAH=1165.50
2026-01-28 15:06:35,739 [INFO]     NSE:SHRIRAMFIN-EQ | CVD=570058 vs Ref=556824 | VAH=1012.50
2026-01-28 15:06:36,018 [INFO]     NSE:LODHA-EQ | CVD=-48187 vs Ref=50573 | VAH=924.30
2026-01-28 15:06:36,271 [INFO]     NSE:SBICARD-EQ | CVD=-57880 vs Ref=54892 | VAH=788.10
2026-01-28 15:06:36,510 [INFO]     NSE:PGEL-EQ | CVD=38513 vs Ref=60181 | VAH=524.70
2026-01-28 15:06:36,783 [INFO]     NSE:OIL-EQ | CVD=862962 vs Ref=1883485 | VAH=488.40
2026-01-28 15:06:37,036 [INFO]     NSE:NATIONALUM-EQ | CVD=479917 vs Ref=481038 | VAH=391.50
2026-01-28 15:06:37,315 [INFO]     NSE:KALYANKJIL-EQ | CVD=-148862 vs Ref=119217 | VAH=373.95
2026-01-28 15:06:37,576 [INFO]     NSE:JIOFIN-EQ | CVD=478513 vs Ref=545350 | VAH=257.40
2026-01-28 15:06:37,843 [INFO]     NSE:WIPRO-EQ | CVD=1060156 vs Ref=640617 | VAH=237.60
2026-01-28 15:06:38,120 [INFO]     NSE:YESBANK-EQ | CVD=4523136 vs Ref=7921551 | VAH=21.40
2026-01-28 15:07:38,121 [INFO] 🔍 Scanning for alerts on 12 symbols (5min)...
2026-01-28 15:07:38,448 [INFO]     NSE:HAVELLS-EQ | CVD=-108016 vs Ref=14748 | VAH=1291.50
2026-01-28 15:07:38,773 [INFO]     NSE:PAYTM-EQ | CVD=306399 vs Ref=378055 | VAH=1165.50
2026-01-28 15:07:39,078 [INFO]     NSE:SHRIRAMFIN-EQ | CVD=570058 vs Ref=556824 | VAH=1012.50
2026-01-28 15:07:39,384 [INFO]     NSE:LODHA-EQ | CVD=-48187 vs Ref=50573 | VAH=924.30
2026-01-28 15:07:39,693 [INFO]     NSE:SBICARD-EQ | CVD=-57880 vs Ref=54892 | VAH=788.10
2026-01-28 15:07:39,999 [INFO]     NSE:PGEL-EQ | CVD=38513 vs Ref=60181 | VAH=524.70
2026-01-28 15:07:40,308 [INFO]     NSE:OIL-EQ | CVD=862962 vs Ref=1883485 | VAH=488.40
2026-01-28 15:07:40,635 [INFO]     NSE:NATIONALUM-EQ | CVD=479917 vs Ref=481038 | VAH=391.50
2026-01-28 15:07:40,945 [INFO]     NSE:KALYANKJIL-EQ | CVD=-148862 vs Ref=119217 | VAH=373.95
2026-01-28 15:07:41,247 [INFO]     NSE:JIOFIN-EQ | CVD=478513 vs Ref=545350 | VAH=257.40
2026-01-28 15:07:41,542 [INFO]     NSE:WIPRO-EQ | CVD=1060156 vs Ref=640617 | VAH=237.60
2026-01-28 15:07:41,846 [INFO]     NSE:YESBANK-EQ | CVD=4523136 vs Ref=7921551 | VAH=21.40
2026-01-28 15:08:41,849 [INFO] 🔍 Scanning for alerts on 12 symbols (5min)...
2026-01-28 15:08:42,208 [INFO]     NSE:HAVELLS-EQ | CVD=-108016 vs Ref=14748 | VAH=1291.50
2026-01-28 15:08:42,566 [INFO]     NSE:PAYTM-EQ | CVD=306399 vs Ref=378055 | VAH=1165.50
2026-01-28 15:08:42,973 [INFO]     NSE:SHRIRAMFIN-EQ | CVD=570058 vs Ref=556824 | VAH=1012.50
2026-01-28 15:08:43,387 [INFO]     NSE:LODHA-EQ | CVD=-48187 vs Ref=50573 | VAH=924.30
2026-01-28 15:08:43,858 [INFO]     NSE:SBICARD-EQ | CVD=-57880 vs Ref=54892 | VAH=788.10
2026-01-28 15:08:44,231 [INFO]     NSE:PGEL-EQ | CVD=38513 vs Ref=60181 | VAH=524.70
2026-01-28 15:08:44,605 [INFO]     NSE:OIL-EQ | CVD=862962 vs Ref=1883485 | VAH=488.40
2026-01-28 15:08:44,957 [INFO]     NSE:NATIONALUM-EQ | CVD=479917 vs Ref=481038 | VAH=391.50
2026-01-28 15:08:45,293 [INFO]     NSE:KALYANKJIL-EQ | CVD=-148862 vs Ref=119217 | VAH=373.95
2026-01-28 15:08:45,642 [INFO]     NSE:JIOFIN-EQ | CVD=478513 vs Ref=545350 | VAH=257.40
2026-01-28 15:08:45,992 [INFO]     NSE:WIPRO-EQ | CVD=1060156 vs Ref=640617 | VAH=237.60
2026-01-28 15:08:46,342 [INFO]     NSE:YESBANK-EQ | CVD=4523136 vs Ref=7921551 | VAH=21.40
2026-01-28 15:09:46,343 [INFO] 🔍 Scanning for alerts on 12 symbols (5min)...
2026-01-28 15:09:46,713 [INFO]     NSE:HAVELLS-EQ | CVD=-108016 vs Ref=14748 | VAH=1291.50
2026-01-28 15:09:48,644 [INFO]     NSE:PAYTM-EQ | CVD=306399 vs Ref=378055 | VAH=1165.50
2026-01-28 15:09:48,988 [INFO]     NSE:SHRIRAMFIN-EQ | CVD=570058 vs Ref=556824 | VAH=1012.50
2026-01-28 15:09:49,341 [INFO]     NSE:LODHA-EQ | CVD=-48187 vs Ref=50573 | VAH=924.30
2026-01-28 15:09:49,697 [INFO]     NSE:SBICARD-EQ | CVD=-57880 vs Ref=54892 | VAH=788.10
2026-01-28 15:09:50,010 [INFO]     NSE:PGEL-EQ | CVD=38513 vs Ref=60181 | VAH=524.70
2026-01-28 15:09:50,350 [INFO]     NSE:OIL-EQ | CVD=862962 vs Ref=1883485 | VAH=488.40
2026-01-28 15:09:50,686 [INFO]     NSE:NATIONALUM-EQ | CVD=479917 vs Ref=481038 | VAH=391.50
2026-01-28 15:09:51,044 [INFO]     NSE:KALYANKJIL-EQ | CVD=-148862 vs Ref=119217 | VAH=373.95
2026-01-28 15:09:51,407 [INFO]     NSE:JIOFIN-EQ | CVD=478513 vs Ref=545350 | VAH=257.40
2026-01-28 15:09:51,775 [INFO]     NSE:WIPRO-EQ | CVD=1060156 vs Ref=640617 | VAH=237.60
2026-01-28 15:09:52,108 [INFO]     NSE:YESBANK-EQ | CVD=4523136 vs Ref=7921551 | VAH=21.40
2026-01-28 15:10:52,111 [INFO] 🔍 Scanning for alerts on 12 symbols (5min)...
2026-01-28 15:10:52,646 [INFO]     NSE:HAVELLS-EQ | CVD=-108016 vs Ref=14748 | VAH=1291.50
2026-01-28 15:10:54,758 [INFO]     NSE:PAYTM-EQ | CVD=306399 vs Ref=378055 | VAH=1165.50
2026-01-28 15:10:55,437 [INFO]     NSE:SHRIRAMFIN-EQ | CVD=570058 vs Ref=556824 | VAH=1012.50
2026-01-28 15:10:55,777 [INFO]     NSE:LODHA-EQ | CVD=-48187 vs Ref=50573 | VAH=924.30
2026-01-28 15:10:56,178 [INFO]     NSE:SBICARD-EQ | CVD=-57880 vs Ref=54892 | VAH=788.10
2026-01-28 15:10:56,649 [INFO]     NSE:PGEL-EQ | CVD=38513 vs Ref=60181 | VAH=524.70
2026-01-28 15:10:57,004 [INFO]     NSE:OIL-EQ | CVD=862962 vs Ref=1883485 | VAH=488.40
2026-01-28 15:10:57,263 [INFO]     NSE:NATIONALUM-EQ | CVD=479917 vs Ref=481038 | VAH=391.50
2026-01-28 15:10:57,537 [INFO]     NSE:KALYANKJIL-EQ | CVD=-148862 vs Ref=119217 | VAH=373.95
2026-01-28 15:10:57,810 [INFO]     NSE:JIOFIN-EQ | CVD=478513 vs Ref=545350 | VAH=257.40
2026-01-28 15:10:58,061 [INFO]     NSE:WIPRO-EQ | CVD=1060156 vs Ref=640617 | VAH=237.60
2026-01-28 15:10:58,344 [INFO]     NSE:YESBANK-EQ | CVD=4523136 vs Ref=7921551 | VAH=21.40
2026-01-28 15:11:58,347 [INFO] 🔍 Scanning for alerts on 12 symbols (5min)...
2026-01-28 15:11:58,622 [INFO]     NSE:HAVELLS-EQ | CVD=-108016 vs Ref=14748 | VAH=1291.50
2026-01-28 15:11:58,886 [INFO]     NSE:PAYTM-EQ | CVD=306399 vs Ref=378055 | VAH=1165.50
2026-01-28 15:11:59,121 [INFO]     NSE:SHRIRAMFIN-EQ | CVD=570058 vs Ref=556824 | VAH=1012.50
2026-01-28 15:11:59,382 [INFO]     NSE:LODHA-EQ | CVD=-48187 vs Ref=50573 | VAH=924.30
2026-01-28 15:11:59,645 [INFO]     NSE:SBICARD-EQ | CVD=-57880 vs Ref=54892 | VAH=788.10
2026-01-28 15:12:01,690 [INFO]     NSE:PGEL-EQ | CVD=38513 vs Ref=60181 | VAH=524.70
2026-01-28 15:12:01,987 [INFO]     NSE:OIL-EQ | CVD=862962 vs Ref=1883485 | VAH=488.40
2026-01-28 15:12:02,515 [INFO]     NSE:NATIONALUM-EQ | CVD=479917 vs Ref=481038 | VAH=391.50
2026-01-28 15:12:04,863 [INFO]     NSE:KALYANKJIL-EQ | CVD=-148862 vs Ref=119217 | VAH=373.95
2026-01-28 15:12:07,288 [INFO]     NSE:JIOFIN-EQ | CVD=478513 vs Ref=545350 | VAH=257.40
2026-01-28 15:12:10,007 [INFO]     NSE:WIPRO-EQ | CVD=1060156 vs Ref=640617 | VAH=237.60
2026-01-28 15:12:12,255 [INFO]     NSE:YESBANK-EQ | CVD=4523136 vs Ref=7921551 | VAH=21.40
2026-01-28 15:13:12,262 [INFO] 🔍 Scanning for alerts on 12 symbols (5min)...
2026-01-28 15:13:14,943 [INFO]     NSE:HAVELLS-EQ | CVD=-108016 vs Ref=14748 | VAH=1291.50
2026-01-28 15:13:18,145 [INFO]     NSE:PAYTM-EQ | CVD=306399 vs Ref=378055 | VAH=1165.50
2026-01-28 15:13:20,126 [INFO]     NSE:SHRIRAMFIN-EQ | CVD=570058 vs Ref=556824 | VAH=1012.50
2026-01-28 15:13:21,831 [INFO]     NSE:LODHA-EQ | CVD=-48187 vs Ref=50573 | VAH=924.30
2026-01-28 15:13:23,676 [INFO]     NSE:SBICARD-EQ | CVD=-57880 vs Ref=54892 | VAH=788.10
2026-01-28 15:13:25,368 [INFO]     NSE:PGEL-EQ | CVD=38513 vs Ref=60181 | VAH=524.70
2026-01-28 15:13:27,077 [INFO]     NSE:OIL-EQ | CVD=862962 vs Ref=1883485 | VAH=488.40
2026-01-28 15:13:29,005 [INFO]     NSE:NATIONALUM-EQ | CVD=479917 vs Ref=481038 | VAH=391.50
2026-01-28 15:13:31,073 [INFO]     NSE:KALYANKJIL-EQ | CVD=-148862 vs Ref=119217 | VAH=373.95
2026-01-28 15:13:32,795 [INFO]     NSE:JIOFIN-EQ | CVD=478513 vs Ref=545350 | VAH=257.40
2026-01-28 15:13:35,665 [INFO]     NSE:WIPRO-EQ | CVD=1060156 vs Ref=640617 | VAH=237.60
2026-01-28 15:13:37,251 [INFO]     NSE:YESBANK-EQ | CVD=4523136 vs Ref=7921551 | VAH=21.40
2026-01-28 15:14:37,259 [INFO] 🔍 Scanning for alerts on 12 symbols (5min)...
2026-01-28 15:14:37,552 [INFO]     NSE:HAVELLS-EQ | CVD=-108016 vs Ref=14748 | VAH=1291.50
2026-01-28 15:14:37,810 [INFO]     NSE:PAYTM-EQ | CVD=306399 vs Ref=378055 | VAH=1165.50
2026-01-28 15:14:38,068 [INFO]     NSE:SHRIRAMFIN-EQ | CVD=570058 vs Ref=556824 | VAH=1012.50
2026-01-28 15:14:38,377 [INFO]     NSE:LODHA-EQ | CVD=-48187 vs Ref=50573 | VAH=924.30
2026-01-28 15:14:38,648 [INFO]     NSE:SBICARD-EQ | CVD=-57880 vs Ref=54892 | VAH=788.10
2026-01-28 15:14:38,994 [INFO]     NSE:PGEL-EQ | CVD=38513 vs Ref=60181 | VAH=524.70
2026-01-28 15:14:39,261 [INFO]     NSE:OIL-EQ | CVD=862962 vs Ref=1883485 | VAH=488.40
2026-01-28 15:14:39,720 [INFO]     NSE:NATIONALUM-EQ | CVD=479917 vs Ref=481038 | VAH=391.50
2026-01-28 15:14:39,999 [INFO]     NSE:KALYANKJIL-EQ | CVD=-148862 vs Ref=119217 | VAH=373.95
2026-01-28 15:14:40,299 [INFO]     NSE:JIOFIN-EQ | CVD=478513 vs Ref=545350 | VAH=257.40
2026-01-28 15:14:40,638 [INFO]     NSE:WIPRO-EQ | CVD=1060156 vs Ref=640617 | VAH=237.60
2026-01-28 15:14:40,912 [INFO]     NSE:YESBANK-EQ | CVD=4523136 vs Ref=7921551 | VAH=21.40
2026-01-28 15:15:40,915 [INFO] 🔍 Scanning for alerts on 12 symbols (5min)...
2026-01-28 15:15:41,141 [INFO]     NSE:HAVELLS-EQ | CVD=-108016 vs Ref=14748 | VAH=1291.50
2026-01-28 15:15:41,403 [INFO]     NSE:PAYTM-EQ | CVD=306399 vs Ref=378055 | VAH=1165.50
2026-01-28 15:15:41,661 [INFO]     NSE:SHRIRAMFIN-EQ | CVD=570058 vs Ref=556824 | VAH=1012.50
2026-01-28 15:15:41,927 [INFO]     NSE:LODHA-EQ | CVD=-48187 vs Ref=50573 | VAH=924.30
2026-01-28 15:15:42,219 [INFO]     NSE:SBICARD-EQ | CVD=-57880 vs Ref=54892 | VAH=788.10
2026-01-28 15:15:42,817 [INFO]     NSE:PGEL-EQ | CVD=38513 vs Ref=60181 | VAH=524.70
2026-01-28 15:15:43,221 [INFO]     NSE:OIL-EQ | CVD=862962 vs Ref=1883485 | VAH=488.40
2026-01-28 15:15:43,673 [INFO]     NSE:NATIONALUM-EQ | CVD=479917 vs Ref=481038 | VAH=391.50
2026-01-28 15:15:44,091 [INFO]     NSE:KALYANKJIL-EQ | CVD=-148862 vs Ref=119217 | VAH=373.95
2026-01-28 15:15:44,539 [INFO]     NSE:JIOFIN-EQ | CVD=478513 vs Ref=545350 | VAH=257.40
2026-01-28 15:15:45,045 [INFO]     NSE:WIPRO-EQ | CVD=1060156 vs Ref=640617 | VAH=237.60
2026-01-28 15:15:45,914 [INFO]     NSE:YESBANK-EQ | CVD=4523136 vs Ref=7921551 | VAH=21.40
2026-01-28 15:16:45,916 [INFO] 🔍 Scanning for alerts on 12 symbols (5min)...
2026-01-28 15:16:46,181 [INFO]     NSE:HAVELLS-EQ | CVD=-108016 vs Ref=14748 | VAH=1291.50
2026-01-28 15:16:46,444 [INFO]     NSE:PAYTM-EQ | CVD=306399 vs Ref=378055 | VAH=1165.50
2026-01-28 15:16:46,711 [INFO]     NSE:SHRIRAMFIN-EQ | CVD=570058 vs Ref=556824 | VAH=1012.50
2026-01-28 15:16:46,940 [INFO]     NSE:LODHA-EQ | CVD=-48187 vs Ref=50573 | VAH=924.30
2026-01-28 15:16:47,205 [INFO]     NSE:SBICARD-EQ | CVD=-57880 vs Ref=54892 | VAH=788.10
2026-01-28 15:16:47,473 [INFO]     NSE:PGEL-EQ | CVD=38513 vs Ref=60181 | VAH=524.70
2026-01-28 15:16:47,767 [INFO]     NSE:OIL-EQ | CVD=862962 vs Ref=1883485 | VAH=488.40
2026-01-28 15:16:48,036 [INFO]     NSE:NATIONALUM-EQ | CVD=479917 vs Ref=481038 | VAH=391.50
2026-01-28 15:16:49,963 [INFO]     NSE:KALYANKJIL-EQ | CVD=-148862 vs Ref=119217 | VAH=373.95
2026-01-28 15:16:50,212 [INFO]     NSE:JIOFIN-EQ | CVD=478513 vs Ref=545350 | VAH=257.40
2026-01-28 15:16:50,479 [INFO]     NSE:WIPRO-EQ | CVD=1060156 vs Ref=640617 | VAH=237.60
2026-01-28 15:16:50,746 [INFO]     NSE:YESBANK-EQ | CVD=4523136 vs Ref=7921551 | VAH=21.40
2026-01-28 15:17:50,753 [INFO] 🔍 Scanning for alerts on 12 symbols (5min)...
2026-01-28 15:17:51,692 [INFO]     NSE:HAVELLS-EQ | CVD=-108016 vs Ref=14748 | VAH=1291.50
2026-01-28 15:17:53,152 [INFO]     NSE:PAYTM-EQ | CVD=306399 vs Ref=378055 | VAH=1165.50
2026-01-28 15:17:53,417 [INFO]     NSE:SHRIRAMFIN-EQ | CVD=570058 vs Ref=556824 | VAH=1012.50
2026-01-28 15:17:53,647 [INFO]     NSE:LODHA-EQ | CVD=-48187 vs Ref=50573 | VAH=924.30
2026-01-28 15:17:53,919 [INFO]     NSE:SBICARD-EQ | CVD=-57880 vs Ref=54892 | VAH=788.10
2026-01-28 15:17:54,189 [INFO]     NSE:PGEL-EQ | CVD=38513 vs Ref=60181 | VAH=524.70
2026-01-28 15:17:54,470 [INFO]     NSE:OIL-EQ | CVD=862962 vs Ref=1883485 | VAH=488.40
2026-01-28 15:17:54,712 [INFO]     NSE:NATIONALUM-EQ | CVD=479917 vs Ref=481038 | VAH=391.50
2026-01-28 15:17:55,027 [INFO]     NSE:KALYANKJIL-EQ | CVD=-148862 vs Ref=119217 | VAH=373.95
2026-01-28 15:17:55,371 [INFO]     NSE:JIOFIN-EQ | CVD=478513 vs Ref=545350 | VAH=257.40
2026-01-28 15:17:55,647 [INFO]     NSE:WIPRO-EQ | CVD=1060156 vs Ref=640617 | VAH=237.60
2026-01-28 15:17:55,904 [INFO]     NSE:YESBANK-EQ | CVD=4523136 vs Ref=7921551 | VAH=21.40
2026-01-28 15:18:55,905 [INFO] 🔍 Scanning for alerts on 12 symbols (5min)...
2026-01-28 15:18:56,163 [INFO]     NSE:HAVELLS-EQ | CVD=-108016 vs Ref=14748 | VAH=1291.50
2026-01-28 15:18:56,416 [INFO]     NSE:PAYTM-EQ | CVD=306399 vs Ref=378055 | VAH=1165.50
2026-01-28 15:18:56,727 [INFO]     NSE:SHRIRAMFIN-EQ | CVD=570058 vs Ref=556824 | VAH=1012.50
2026-01-28 15:18:56,984 [INFO]     NSE:LODHA-EQ | CVD=-48187 vs Ref=50573 | VAH=924.30
2026-01-28 15:18:59,033 [INFO]     NSE:SBICARD-EQ | CVD=-57880 vs Ref=54892 | VAH=788.10
2026-01-28 15:18:59,292 [INFO]     NSE:PGEL-EQ | CVD=38513 vs Ref=60181 | VAH=524.70
2026-01-28 15:18:59,528 [INFO]     NSE:OIL-EQ | CVD=862962 vs Ref=1883485 | VAH=488.40
2026-01-28 15:18:59,792 [INFO]     NSE:NATIONALUM-EQ | CVD=479917 vs Ref=481038 | VAH=391.50
2026-01-28 15:19:00,057 [INFO]     NSE:KALYANKJIL-EQ | CVD=-148862 vs Ref=119217 | VAH=373.95
2026-01-28 15:19:00,299 [INFO]     NSE:JIOFIN-EQ | CVD=478513 vs Ref=545350 | VAH=257.40
2026-01-28 15:19:00,548 [INFO]     NSE:WIPRO-EQ | CVD=1060156 vs Ref=640617 | VAH=237.60
2026-01-28 15:19:00,799 [INFO]     NSE:YESBANK-EQ | CVD=4523136 vs Ref=7921551 | VAH=21.40
2026-01-28 15:20:00,802 [INFO] 🔍 Scanning for alerts on 12 symbols (5min)...
2026-01-28 15:20:03,009 [INFO]     NSE:HAVELLS-EQ | CVD=-108016 vs Ref=14748 | VAH=1291.50
2026-01-28 15:20:03,488 [INFO]     NSE:PAYTM-EQ | CVD=306399 vs Ref=378055 | VAH=1165.50
2026-01-28 15:20:03,923 [INFO]     NSE:SHRIRAMFIN-EQ | CVD=570058 vs Ref=556824 | VAH=1012.50
2026-01-28 15:20:04,354 [INFO]     NSE:LODHA-EQ | CVD=-48187 vs Ref=50573 | VAH=924.30
2026-01-28 15:20:04,821 [INFO]     NSE:SBICARD-EQ | CVD=-57880 vs Ref=54892 | VAH=788.10
2026-01-28 15:20:05,229 [INFO]     NSE:PGEL-EQ | CVD=38513 vs Ref=60181 | VAH=524.70
2026-01-28 15:20:05,665 [INFO]     NSE:OIL-EQ | CVD=862962 vs Ref=1883485 | VAH=488.40
2026-01-28 15:20:06,027 [INFO]     NSE:NATIONALUM-EQ | CVD=479917 vs Ref=481038 | VAH=391.50
2026-01-28 15:20:06,406 [INFO]     NSE:KALYANKJIL-EQ | CVD=-148862 vs Ref=119217 | VAH=373.95
2026-01-28 15:20:06,902 [INFO]     NSE:JIOFIN-EQ | CVD=478513 vs Ref=545350 | VAH=257.40
2026-01-28 15:20:07,552 [INFO]     NSE:WIPRO-EQ | CVD=1060156 vs Ref=640617 | VAH=237.60
2026-01-28 15:20:07,893 [INFO]     NSE:YESBANK-EQ | CVD=4523136 vs Ref=7921551 | VAH=21.40
2026-01-28 15:21:07,894 [INFO] 🔍 Scanning for alerts on 12 symbols (5min)...
2026-01-28 15:21:08,113 [INFO]     NSE:HAVELLS-EQ | CVD=-108016 vs Ref=14748 | VAH=1291.50
2026-01-28 15:21:08,378 [INFO]     NSE:PAYTM-EQ | CVD=306399 vs Ref=378055 | VAH=1165.50
2026-01-28 15:21:08,641 [INFO]     NSE:SHRIRAMFIN-EQ | CVD=570058 vs Ref=556824 | VAH=1012.50
2026-01-28 15:21:08,914 [INFO]     NSE:LODHA-EQ | CVD=-48187 vs Ref=50573 | VAH=924.30
2026-01-28 15:21:09,139 [INFO]     NSE:SBICARD-EQ | CVD=-57880 vs Ref=54892 | VAH=788.10
2026-01-28 15:21:09,640 [INFO]     NSE:PGEL-EQ | CVD=38513 vs Ref=60181 | VAH=524.70
2026-01-28 15:21:09,945 [INFO]     NSE:OIL-EQ | CVD=862962 vs Ref=1883485 | VAH=488.40
2026-01-28 15:21:10,236 [INFO]     NSE:NATIONALUM-EQ | CVD=479917 vs Ref=481038 | VAH=391.50
2026-01-28 15:21:10,583 [INFO]     NSE:KALYANKJIL-EQ | CVD=-148862 vs Ref=119217 | VAH=373.95
2026-01-28 15:21:10,896 [INFO]     NSE:JIOFIN-EQ | CVD=478513 vs Ref=545350 | VAH=257.40
2026-01-28 15:21:11,138 [INFO]     NSE:WIPRO-EQ | CVD=1060156 vs Ref=640617 | VAH=237.60
2026-01-28 15:21:11,418 [INFO]     NSE:YESBANK-EQ | CVD=4523136 vs Ref=7921551 | VAH=21.40
2026-01-28 15:22:11,420 [INFO] 🔍 Scanning for alerts on 12 symbols (5min)...
2026-01-28 15:22:12,437 [INFO]     NSE:HAVELLS-EQ | CVD=-108016 vs Ref=14748 | VAH=1291.50
2026-01-28 15:22:13,249 [INFO]     NSE:PAYTM-EQ | CVD=306399 vs Ref=378055 | VAH=1165.50
2026-01-28 15:22:14,181 [INFO]     NSE:SHRIRAMFIN-EQ | CVD=570058 vs Ref=556824 | VAH=1012.50
2026-01-28 15:22:15,355 [INFO]     NSE:LODHA-EQ | CVD=-48187 vs Ref=50573 | VAH=924.30
2026-01-28 15:22:16,537 [INFO]     NSE:SBICARD-EQ | CVD=-57880 vs Ref=54892 | VAH=788.10
2026-01-28 15:22:17,408 [INFO]     NSE:PGEL-EQ | CVD=38513 vs Ref=60181 | VAH=524.70
2026-01-28 15:22:18,112 [INFO]     NSE:OIL-EQ | CVD=862962 vs Ref=1883485 | VAH=488.40
2026-01-28 15:22:18,732 [INFO]     NSE:NATIONALUM-EQ | CVD=479917 vs Ref=481038 | VAH=391.50
2026-01-28 15:22:19,299 [INFO]     NSE:KALYANKJIL-EQ | CVD=-148862 vs Ref=119217 | VAH=373.95
2026-01-28 15:22:19,838 [INFO]     NSE:JIOFIN-EQ | CVD=478513 vs Ref=545350 | VAH=257.40
2026-01-28 15:22:20,304 [INFO]     NSE:WIPRO-EQ | CVD=1060156 vs Ref=640617 | VAH=237.60
2026-01-28 15:22:20,802 [INFO]     NSE:YESBANK-EQ | CVD=4523136 vs Ref=7921551 | VAH=21.40
2026-01-28 15:23:20,819 [INFO] 🔍 Scanning for alerts on 12 symbols (5min)...
2026-01-28 15:23:21,112 [INFO]     NSE:HAVELLS-EQ | CVD=-108016 vs Ref=14748 | VAH=1291.50
2026-01-28 15:23:21,379 [INFO]     NSE:PAYTM-EQ | CVD=306399 vs Ref=378055 | VAH=1165.50
2026-01-28 15:23:21,656 [INFO]     NSE:SHRIRAMFIN-EQ | CVD=570058 vs Ref=556824 | VAH=1012.50
2026-01-28 15:23:21,908 [INFO]     NSE:LODHA-EQ | CVD=-48187 vs Ref=50573 | VAH=924.30
2026-01-28 15:23:22,228 [INFO]     NSE:SBICARD-EQ | CVD=-57880 vs Ref=54892 | VAH=788.10
2026-01-28 15:23:22,544 [INFO]     NSE:PGEL-EQ | CVD=38513 vs Ref=60181 | VAH=524.70
2026-01-28 15:23:22,856 [INFO]     NSE:OIL-EQ | CVD=862962 vs Ref=1883485 | VAH=488.40
2026-01-28 15:23:23,125 [INFO]     NSE:NATIONALUM-EQ | CVD=479917 vs Ref=481038 | VAH=391.50
2026-01-28 15:23:23,429 [INFO]     NSE:KALYANKJIL-EQ | CVD=-148862 vs Ref=119217 | VAH=373.95
2026-01-28 15:23:23,732 [INFO]     NSE:JIOFIN-EQ | CVD=478513 vs Ref=545350 | VAH=257.40
2026-01-28 15:23:24,010 [INFO]     NSE:WIPRO-EQ | CVD=1060156 vs Ref=640617 | VAH=237.60
2026-01-28 15:23:24,273 [INFO]     NSE:YESBANK-EQ | CVD=4523136 vs Ref=7921551 | VAH=21.40
2026-01-28 15:24:24,276 [INFO] 🔍 Scanning for alerts on 12 symbols (5min)...
2026-01-28 15:24:24,514 [INFO]     NSE:HAVELLS-EQ | CVD=-108016 vs Ref=14748 | VAH=1291.50
2026-01-28 15:24:24,828 [INFO]     NSE:PAYTM-EQ | CVD=306399 vs Ref=378055 | VAH=1165.50
2026-01-28 15:24:25,198 [INFO]     NSE:SHRIRAMFIN-EQ | CVD=570058 vs Ref=556824 | VAH=1012.50
2026-01-28 15:24:25,772 [INFO]     NSE:LODHA-EQ | CVD=-48187 vs Ref=50573 | VAH=924.30
2026-01-28 15:24:26,071 [INFO]     NSE:SBICARD-EQ | CVD=-57880 vs Ref=54892 | VAH=788.10
2026-01-28 15:24:26,372 [INFO]     NSE:PGEL-EQ | CVD=38513 vs Ref=60181 | VAH=524.70
2026-01-28 15:24:26,664 [INFO]     NSE:OIL-EQ | CVD=862962 vs Ref=1883485 | VAH=488.40
2026-01-28 15:24:26,922 [INFO]     NSE:NATIONALUM-EQ | CVD=479917 vs Ref=481038 | VAH=391.50
2026-01-28 15:24:27,257 [INFO]     NSE:KALYANKJIL-EQ | CVD=-148862 vs Ref=119217 | VAH=373.95
2026-01-28 15:24:27,536 [INFO]     NSE:JIOFIN-EQ | CVD=478513 vs Ref=545350 | VAH=257.40
2026-01-28 15:24:27,832 [INFO]     NSE:WIPRO-EQ | CVD=1060156 vs Ref=640617 | VAH=237.60
2026-01-28 15:24:28,180 [INFO]     NSE:YESBANK-EQ | CVD=4523136 vs Ref=7921551 | VAH=21.40
2026-01-28 15:25:28,182 [INFO] 🔍 Scanning for alerts on 12 symbols (5min)...
2026-01-28 15:25:28,476 [INFO]     NSE:HAVELLS-EQ | CVD=-108016 vs Ref=14748 | VAH=1291.50
2026-01-28 15:25:28,805 [INFO]     NSE:PAYTM-EQ | CVD=306399 vs Ref=378055 | VAH=1165.50
2026-01-28 15:25:29,151 [INFO]     NSE:SHRIRAMFIN-EQ | CVD=570058 vs Ref=556824 | VAH=1012.50
2026-01-28 15:25:29,455 [INFO]     NSE:LODHA-EQ | CVD=-48187 vs Ref=50573 | VAH=924.30
2026-01-28 15:25:29,726 [INFO]     NSE:SBICARD-EQ | CVD=-57880 vs Ref=54892 | VAH=788.10
2026-01-28 15:25:30,210 [INFO]     NSE:PGEL-EQ | CVD=38513 vs Ref=60181 | VAH=524.70
2026-01-28 15:25:30,696 [INFO]     NSE:OIL-EQ | CVD=862962 vs Ref=1883485 | VAH=488.40
2026-01-28 15:25:30,994 [INFO]     NSE:NATIONALUM-EQ | CVD=479917 vs Ref=481038 | VAH=391.50
2026-01-28 15:25:31,289 [INFO]     NSE:KALYANKJIL-EQ | CVD=-148862 vs Ref=119217 | VAH=373.95
2026-01-28 15:25:31,579 [INFO]     NSE:JIOFIN-EQ | CVD=478513 vs Ref=545350 | VAH=257.40
2026-01-28 15:25:31,887 [INFO]     NSE:WIPRO-EQ | CVD=1060156 vs Ref=640617 | VAH=237.60
2026-01-28 15:25:32,189 [INFO]     NSE:YESBANK-EQ | CVD=4523136 vs Ref=7921551 | VAH=21.40
2026-01-28 15:26:32,191 [INFO] 🔍 Scanning for alerts on 12 symbols (5min)...
2026-01-28 15:26:32,474 [INFO]     NSE:HAVELLS-EQ | CVD=-108016 vs Ref=14748 | VAH=1291.50
2026-01-28 15:26:32,748 [INFO]     NSE:PAYTM-EQ | CVD=306399 vs Ref=378055 | VAH=1165.50
2026-01-28 15:26:33,084 [INFO]     NSE:SHRIRAMFIN-EQ | CVD=570058 vs Ref=556824 | VAH=1012.50
2026-01-28 15:26:33,382 [INFO]     NSE:LODHA-EQ | CVD=-48187 vs Ref=50573 | VAH=924.30
2026-01-28 15:26:33,674 [INFO]     NSE:SBICARD-EQ | CVD=-57880 vs Ref=54892 | VAH=788.10
2026-01-28 15:26:33,969 [INFO]     NSE:PGEL-EQ | CVD=38513 vs Ref=60181 | VAH=524.70
2026-01-28 15:26:34,360 [INFO]     NSE:OIL-EQ | CVD=862962 vs Ref=1883485 | VAH=488.40
2026-01-28 15:26:34,854 [INFO]     NSE:NATIONALUM-EQ | CVD=479917 vs Ref=481038 | VAH=391.50
2026-01-28 15:26:35,134 [INFO]     NSE:KALYANKJIL-EQ | CVD=-148862 vs Ref=119217 | VAH=373.95
2026-01-28 15:26:35,430 [INFO]     NSE:JIOFIN-EQ | CVD=478513 vs Ref=545350 | VAH=257.40
2026-01-28 15:26:35,719 [INFO]     NSE:WIPRO-EQ | CVD=1060156 vs Ref=640617 | VAH=237.60
2026-01-28 15:26:36,014 [INFO]     NSE:YESBANK-EQ | CVD=4523136 vs Ref=7921551 | VAH=21.40
2026-01-28 15:27:36,016 [INFO] 🔍 Scanning for alerts on 12 symbols (5min)...
2026-01-28 15:27:36,290 [INFO]     NSE:HAVELLS-EQ | CVD=-108016 vs Ref=14748 | VAH=1291.50
2026-01-28 15:27:36,577 [INFO]     NSE:PAYTM-EQ | CVD=306399 vs Ref=378055 | VAH=1165.50
2026-01-28 15:27:36,873 [INFO]     NSE:SHRIRAMFIN-EQ | CVD=570058 vs Ref=556824 | VAH=1012.50
2026-01-28 15:27:37,168 [INFO]     NSE:LODHA-EQ | CVD=-48187 vs Ref=50573 | VAH=924.30
2026-01-28 15:27:37,544 [INFO]     NSE:SBICARD-EQ | CVD=-57880 vs Ref=54892 | VAH=788.10
2026-01-28 15:27:37,987 [INFO]     NSE:PGEL-EQ | CVD=38513 vs Ref=60181 | VAH=524.70
2026-01-28 15:27:38,459 [INFO]     NSE:OIL-EQ | CVD=862962 vs Ref=1883485 | VAH=488.40
2026-01-28 15:27:38,916 [INFO]     NSE:NATIONALUM-EQ | CVD=479917 vs Ref=481038 | VAH=391.50
2026-01-28 15:27:39,220 [INFO]     NSE:KALYANKJIL-EQ | CVD=-148862 vs Ref=119217 | VAH=373.95
2026-01-28 15:27:39,532 [INFO]     NSE:JIOFIN-EQ | CVD=478513 vs Ref=545350 | VAH=257.40
2026-01-28 15:27:39,823 [INFO]     NSE:WIPRO-EQ | CVD=1060156 vs Ref=640617 | VAH=237.60
2026-01-28 15:27:40,108 [INFO]     NSE:YESBANK-EQ | CVD=4523136 vs Ref=7921551 | VAH=21.40
2026-01-28 15:28:40,110 [INFO] 🔍 Scanning for alerts on 12 symbols (5min)...
2026-01-28 15:28:40,395 [INFO]     NSE:HAVELLS-EQ | CVD=-108016 vs Ref=14748 | VAH=1291.50
2026-01-28 15:28:40,653 [INFO]     NSE:PAYTM-EQ | CVD=306399 vs Ref=378055 | VAH=1165.50
2026-01-28 15:28:40,927 [INFO]     NSE:SHRIRAMFIN-EQ | CVD=570058 vs Ref=556824 | VAH=1012.50
2026-01-28 15:28:41,223 [INFO]     NSE:LODHA-EQ | CVD=-48187 vs Ref=50573 | VAH=924.30
2026-01-28 15:28:41,456 [INFO]     NSE:SBICARD-EQ | CVD=-57880 vs Ref=54892 | VAH=788.10
2026-01-28 15:28:41,767 [INFO]     NSE:PGEL-EQ | CVD=38513 vs Ref=60181 | VAH=524.70
2026-01-28 15:28:42,211 [INFO]     NSE:OIL-EQ | CVD=862962 vs Ref=1883485 | VAH=488.40
2026-01-28 15:28:42,509 [INFO]     NSE:NATIONALUM-EQ | CVD=479917 vs Ref=481038 | VAH=391.50
2026-01-28 15:28:42,813 [INFO]     NSE:KALYANKJIL-EQ | CVD=-148862 vs Ref=119217 | VAH=373.95
2026-01-28 15:28:43,174 [INFO]     NSE:JIOFIN-EQ | CVD=478513 vs Ref=545350 | VAH=257.40
2026-01-28 15:28:43,698 [INFO]     NSE:WIPRO-EQ | CVD=1060156 vs Ref=640617 | VAH=237.60
2026-01-28 15:28:43,996 [INFO]     NSE:YESBANK-EQ | CVD=4523136 vs Ref=7921551 | VAH=21.40
2026-01-28 15:29:43,998 [INFO] 🔍 Scanning for alerts on 12 symbols (5min)...
2026-01-28 15:29:44,245 [INFO]     NSE:HAVELLS-EQ | CVD=-108016 vs Ref=14748 | VAH=1291.50
2026-01-28 15:29:44,524 [INFO]     NSE:PAYTM-EQ | CVD=306399 vs Ref=378055 | VAH=1165.50
2026-01-28 15:29:44,794 [INFO]     NSE:SHRIRAMFIN-EQ | CVD=570058 vs Ref=556824 | VAH=1012.50
2026-01-28 15:29:45,039 [INFO]     NSE:LODHA-EQ | CVD=-48187 vs Ref=50573 | VAH=924.30
2026-01-28 15:29:45,344 [INFO]     NSE:SBICARD-EQ | CVD=-57880 vs Ref=54892 | VAH=788.10
2026-01-28 15:29:45,582 [INFO]     NSE:PGEL-EQ | CVD=38513 vs Ref=60181 | VAH=524.70
2026-01-28 15:29:45,881 [INFO]     NSE:OIL-EQ | CVD=862962 vs Ref=1883485 | VAH=488.40
2026-01-28 15:29:46,352 [INFO]     NSE:NATIONALUM-EQ | CVD=479917 vs Ref=481038 | VAH=391.50
2026-01-28 15:29:47,146 [INFO]     NSE:KALYANKJIL-EQ | CVD=-148862 vs Ref=119217 | VAH=373.95
2026-01-28 15:29:48,509 [INFO]     NSE:JIOFIN-EQ | CVD=478513 vs Ref=545350 | VAH=257.40
2026-01-28 15:29:49,161 [INFO]     NSE:WIPRO-EQ | CVD=1060156 vs Ref=640617 | VAH=237.60
2026-01-28 15:29:49,667 [INFO]     NSE:YESBANK-EQ | CVD=4523136 vs Ref=7921551 | VAH=21.40
2026-01-28 15:30:49,669 [INFO] 🔍 Scanning for alerts on 12 symbols (5min)...
2026-01-28 15:30:50,448 [INFO]     NSE:HAVELLS-EQ | CVD=-108016 vs Ref=14748 | VAH=1291.50
2026-01-28 15:30:51,303 [INFO]     NSE:PAYTM-EQ | CVD=306399 vs Ref=378055 | VAH=1165.50
2026-01-28 15:30:52,033 [INFO]     NSE:SHRIRAMFIN-EQ | CVD=570058 vs Ref=556824 | VAH=1012.50
2026-01-28 15:30:52,568 [INFO]     NSE:LODHA-EQ | CVD=-48187 vs Ref=50573 | VAH=924.30
2026-01-28 15:30:53,211 [INFO]     NSE:SBICARD-EQ | CVD=-57880 vs Ref=54892 | VAH=788.10
2026-01-28 15:30:53,995 [INFO]     NSE:PGEL-EQ | CVD=38513 vs Ref=60181 | VAH=524.70
2026-01-28 15:30:54,657 [INFO]     NSE:OIL-EQ | CVD=862962 vs Ref=1883485 | VAH=488.40
2026-01-28 15:30:55,388 [INFO]     NSE:NATIONALUM-EQ | CVD=479917 vs Ref=481038 | VAH=391.50
2026-01-28 15:30:56,892 [INFO]     NSE:KALYANKJIL-EQ | CVD=-148862 vs Ref=119217 | VAH=373.95
2026-01-28 15:30:57,215 [INFO]     NSE:JIOFIN-EQ | CVD=478513 vs Ref=545350 | VAH=257.40
2026-01-28 15:30:57,616 [INFO]     NSE:WIPRO-EQ | CVD=1060156 vs Ref=640617 | VAH=237.60
2026-01-28 15:30:58,271 [INFO]     NSE:YESBANK-EQ | CVD=4523136 vs Ref=7921551 | VAH=21.40
2026-01-28 15:31:58,275 [INFO] 🔍 Scanning for alerts on 12 symbols (5min)...
2026-01-28 15:31:58,527 [INFO]     NSE:HAVELLS-EQ | CVD=-108016 vs Ref=14748 | VAH=1291.50
2026-01-28 15:31:58,855 [INFO]     NSE:PAYTM-EQ | CVD=306399 vs Ref=378055 | VAH=1165.50
2026-01-28 15:31:59,150 [INFO]     NSE:SHRIRAMFIN-EQ | CVD=570058 vs Ref=556824 | VAH=1012.50
2026-01-28 15:31:59,436 [INFO]     NSE:LODHA-EQ | CVD=-48187 vs Ref=50573 | VAH=924.30
2026-01-28 15:31:59,767 [INFO]     NSE:SBICARD-EQ | CVD=-57880 vs Ref=54892 | VAH=788.10
2026-01-28 15:32:00,141 [INFO]     NSE:PGEL-EQ | CVD=38513 vs Ref=60181 | VAH=524.70
2026-01-28 15:32:00,555 [INFO]     NSE:OIL-EQ | CVD=862962 vs Ref=1883485 | VAH=488.40
2026-01-28 15:32:00,872 [INFO]     NSE:NATIONALUM-EQ | CVD=479917 vs Ref=481038 | VAH=391.50
2026-01-28 15:32:01,181 [INFO]     NSE:KALYANKJIL-EQ | CVD=-148862 vs Ref=119217 | VAH=373.95
2026-01-28 15:32:01,479 [INFO]     NSE:JIOFIN-EQ | CVD=478513 vs Ref=545350 | VAH=257.40
2026-01-28 15:32:01,777 [INFO]     NSE:WIPRO-EQ | CVD=1060156 vs Ref=640617 | VAH=237.60
2026-01-28 15:32:02,070 [INFO]     NSE:YESBANK-EQ | CVD=4523136 vs Ref=7921551 | VAH=21.40
2026-01-28 15:33:02,111 [INFO] 🔍 Scanning for alerts on 12 symbols (5min)...
2026-01-28 15:33:02,506 [INFO]     NSE:HAVELLS-EQ | CVD=-108016 vs Ref=14748 | VAH=1291.50
2026-01-28 15:33:02,977 [INFO]     NSE:PAYTM-EQ | CVD=306399 vs Ref=378055 | VAH=1165.50
2026-01-28 15:33:03,343 [INFO]     NSE:SHRIRAMFIN-EQ | CVD=570058 vs Ref=556824 | VAH=1012.50
2026-01-28 15:33:03,617 [INFO]     NSE:LODHA-EQ | CVD=-48187 vs Ref=50573 | VAH=924.30
2026-01-28 15:33:03,866 [INFO]     NSE:SBICARD-EQ | CVD=-57880 vs Ref=54892 | VAH=788.10
2026-01-28 15:33:04,178 [INFO]     NSE:PGEL-EQ | CVD=38513 vs Ref=60181 | VAH=524.70
2026-01-28 15:33:04,486 [INFO]     NSE:OIL-EQ | CVD=862962 vs Ref=1883485 | VAH=488.40
2026-01-28 15:33:04,783 [INFO]     NSE:NATIONALUM-EQ | CVD=479917 vs Ref=481038 | VAH=391.50
2026-01-28 15:33:05,062 [INFO]     NSE:KALYANKJIL-EQ | CVD=-148862 vs Ref=119217 | VAH=373.95
2026-01-28 15:33:05,406 [INFO]     NSE:JIOFIN-EQ | CVD=478513 vs Ref=545350 | VAH=257.40
2026-01-28 15:33:05,704 [INFO]     NSE:WIPRO-EQ | CVD=1060156 vs Ref=640617 | VAH=237.60
2026-01-28 15:33:05,920 [INFO]     NSE:YESBANK-EQ | CVD=4523136 vs Ref=7921551 | VAH=21.40
2026-01-28 15:34:05,922 [INFO] 🔍 Scanning for alerts on 12 symbols (5min)...
2026-01-28 15:34:06,149 [INFO]     NSE:HAVELLS-EQ | CVD=-108016 vs Ref=14748 | VAH=1291.50
2026-01-28 15:34:06,356 [INFO]     NSE:PAYTM-EQ | CVD=306399 vs Ref=378055 | VAH=1165.50
2026-01-28 15:34:06,583 [INFO]     NSE:SHRIRAMFIN-EQ | CVD=570058 vs Ref=556824 | VAH=1012.50
2026-01-28 15:34:06,813 [INFO]     NSE:LODHA-EQ | CVD=-48187 vs Ref=50573 | VAH=924.30
2026-01-28 15:34:07,023 [INFO]     NSE:SBICARD-EQ | CVD=-57880 vs Ref=54892 | VAH=788.10
2026-01-28 15:34:07,249 [INFO]     NSE:PGEL-EQ | CVD=38513 vs Ref=60181 | VAH=524.70
2026-01-28 15:34:07,502 [INFO]     NSE:OIL-EQ | CVD=862962 vs Ref=1883485 | VAH=488.40
2026-01-28 15:34:07,718 [INFO]     NSE:NATIONALUM-EQ | CVD=479917 vs Ref=481038 | VAH=391.50
2026-01-28 15:34:07,955 [INFO]     NSE:KALYANKJIL-EQ | CVD=-148862 vs Ref=119217 | VAH=373.95
2026-01-28 15:34:08,174 [INFO]     NSE:JIOFIN-EQ | CVD=478513 vs Ref=545350 | VAH=257.40
2026-01-28 15:34:08,389 [INFO]     NSE:WIPRO-EQ | CVD=1060156 vs Ref=640617 | VAH=237.60
2026-01-28 15:34:08,586 [INFO]     NSE:YESBANK-EQ | CVD=4523136 vs Ref=7921551 | VAH=21.40
2026-01-28 15:35:08,588 [INFO] 🔍 Scanning for alerts on 12 symbols (5min)...
2026-01-28 15:35:08,802 [INFO]     NSE:HAVELLS-EQ | CVD=-108016 vs Ref=14748 | VAH=1291.50
2026-01-28 15:35:09,002 [INFO]     NSE:PAYTM-EQ | CVD=306399 vs Ref=378055 | VAH=1165.50
2026-01-28 15:35:09,240 [INFO]     NSE:SHRIRAMFIN-EQ | CVD=570058 vs Ref=556824 | VAH=1012.50
2026-01-28 15:35:11,321 [INFO]     NSE:LODHA-EQ | CVD=-48187 vs Ref=50573 | VAH=924.30
2026-01-28 15:35:11,521 [INFO]     NSE:SBICARD-EQ | CVD=-57880 vs Ref=54892 | VAH=788.10
2026-01-28 15:35:11,717 [INFO]     NSE:PGEL-EQ | CVD=38513 vs Ref=60181 | VAH=524.70
2026-01-28 15:35:11,926 [INFO]     NSE:OIL-EQ | CVD=862962 vs Ref=1883485 | VAH=488.40
2026-01-28 15:35:12,129 [INFO]     NSE:NATIONALUM-EQ | CVD=479917 vs Ref=481038 | VAH=391.50
2026-01-28 15:35:12,330 [INFO]     NSE:KALYANKJIL-EQ | CVD=-148862 vs Ref=119217 | VAH=373.95
2026-01-28 15:35:12,565 [INFO]     NSE:JIOFIN-EQ | CVD=478513 vs Ref=545350 | VAH=257.40
2026-01-28 15:35:12,791 [INFO]     NSE:WIPRO-EQ | CVD=1060156 vs Ref=640617 | VAH=237.60
2026-01-28 15:35:13,071 [INFO]     NSE:YESBANK-EQ | CVD=4523136 vs Ref=7921551 | VAH=21.40
2026-01-28 15:36:13,073 [INFO] 🔍 Scanning for alerts on 12 symbols (5min)...
2026-01-28 15:36:13,406 [INFO]     NSE:HAVELLS-EQ | CVD=-108016 vs Ref=14748 | VAH=1291.50
2026-01-28 15:36:13,758 [INFO]     NSE:PAYTM-EQ | CVD=306399 vs Ref=378055 | VAH=1165.50
2026-01-28 15:36:14,053 [INFO]     NSE:SHRIRAMFIN-EQ | CVD=570058 vs Ref=556824 | VAH=1012.50
2026-01-28 15:36:14,409 [INFO]     NSE:LODHA-EQ | CVD=-48187 vs Ref=50573 | VAH=924.30
2026-01-28 15:36:14,689 [INFO]     NSE:SBICARD-EQ | CVD=-57880 vs Ref=54892 | VAH=788.10
2026-01-28 15:36:14,962 [INFO]     NSE:PGEL-EQ | CVD=38513 vs Ref=60181 | VAH=524.70
2026-01-28 15:36:15,273 [INFO]     NSE:OIL-EQ | CVD=862962 vs Ref=1883485 | VAH=488.40
2026-01-28 15:36:15,731 [INFO]     NSE:NATIONALUM-EQ | CVD=479917 vs Ref=481038 | VAH=391.50
2026-01-28 15:36:16,005 [INFO]     NSE:KALYANKJIL-EQ | CVD=-148862 vs Ref=119217 | VAH=373.95
2026-01-28 15:36:16,311 [INFO]     NSE:JIOFIN-EQ | CVD=478513 vs Ref=545350 | VAH=257.40
2026-01-28 15:36:16,618 [INFO]     NSE:WIPRO-EQ | CVD=1060156 vs Ref=640617 | VAH=237.60
2026-01-28 15:36:16,933 [INFO]     NSE:YESBANK-EQ | CVD=4523136 vs Ref=7921551 | VAH=21.40
2026-01-28 15:37:16,935 [INFO] 🔍 Scanning for alerts on 12 symbols (5min)...
2026-01-28 15:37:17,157 [INFO]     NSE:HAVELLS-EQ | CVD=-108016 vs Ref=14748 | VAH=1291.50
2026-01-28 15:37:17,490 [INFO]     NSE:PAYTM-EQ | CVD=306399 vs Ref=378055 | VAH=1165.50
2026-01-28 15:37:17,837 [INFO]     NSE:SHRIRAMFIN-EQ | CVD=570058 vs Ref=556824 | VAH=1012.50
2026-01-28 15:37:18,093 [INFO]     NSE:LODHA-EQ | CVD=-48187 vs Ref=50573 | VAH=924.30
2026-01-28 15:37:18,402 [INFO]     NSE:SBICARD-EQ | CVD=-57880 vs Ref=54892 | VAH=788.10
2026-01-28 15:37:18,694 [INFO]     NSE:PGEL-EQ | CVD=38513 vs Ref=60181 | VAH=524.70
2026-01-28 15:37:18,978 [INFO]     NSE:OIL-EQ | CVD=862962 vs Ref=1883485 | VAH=488.40
2026-01-28 15:37:19,245 [INFO]     NSE:NATIONALUM-EQ | CVD=479917 vs Ref=481038 | VAH=391.50
2026-01-28 15:37:19,531 [INFO]     NSE:KALYANKJIL-EQ | CVD=-148862 vs Ref=119217 | VAH=373.95
2026-01-28 15:37:19,799 [INFO]     NSE:JIOFIN-EQ | CVD=478513 vs Ref=545350 | VAH=257.40
2026-01-28 15:37:20,084 [INFO]     NSE:WIPRO-EQ | CVD=1060156 vs Ref=640617 | VAH=237.60
2026-01-28 15:37:20,367 [INFO]     NSE:YESBANK-EQ | CVD=4523136 vs Ref=7921551 | VAH=21.40
2026-01-28 15:38:20,369 [INFO] 🔍 Scanning for alerts on 12 symbols (5min)...
2026-01-28 15:38:20,586 [INFO]     NSE:HAVELLS-EQ | CVD=-108016 vs Ref=14748 | VAH=1291.50
2026-01-28 15:38:22,581 [INFO]     NSE:PAYTM-EQ | CVD=306399 vs Ref=378055 | VAH=1165.50
2026-01-28 15:38:22,772 [INFO]     NSE:SHRIRAMFIN-EQ | CVD=570058 vs Ref=556824 | VAH=1012.50
2026-01-28 15:38:22,989 [INFO]     NSE:LODHA-EQ | CVD=-48187 vs Ref=50573 | VAH=924.30
2026-01-28 15:38:23,203 [INFO]     NSE:SBICARD-EQ | CVD=-57880 vs Ref=54892 | VAH=788.10
2026-01-28 15:38:23,417 [INFO]     NSE:PGEL-EQ | CVD=38513 vs Ref=60181 | VAH=524.70
2026-01-28 15:38:23,619 [INFO]     NSE:OIL-EQ | CVD=862962 vs Ref=1883485 | VAH=488.40
2026-01-28 15:38:23,831 [INFO]     NSE:NATIONALUM-EQ | CVD=479917 vs Ref=481038 | VAH=391.50
2026-01-28 15:38:24,065 [INFO]     NSE:KALYANKJIL-EQ | CVD=-148862 vs Ref=119217 | VAH=373.95
2026-01-28 15:38:24,264 [INFO]     NSE:JIOFIN-EQ | CVD=478513 vs Ref=545350 | VAH=257.40
2026-01-28 15:38:24,481 [INFO]     NSE:WIPRO-EQ | CVD=1060156 vs Ref=640617 | VAH=237.60
2026-01-28 15:38:24,725 [INFO]     NSE:YESBANK-EQ | CVD=4523136 vs Ref=7921551 | VAH=21.40
2026-01-28 15:39:24,727 [INFO] 🔍 Scanning for alerts on 12 symbols (5min)...
2026-01-28 15:39:24,913 [INFO]     NSE:HAVELLS-EQ | CVD=-108016 vs Ref=14748 | VAH=1291.50
2026-01-28 15:39:25,128 [INFO]     NSE:PAYTM-EQ | CVD=306399 vs Ref=378055 | VAH=1165.50
2026-01-28 15:39:25,341 [INFO]     NSE:SHRIRAMFIN-EQ | CVD=570058 vs Ref=556824 | VAH=1012.50
2026-01-28 15:39:25,554 [INFO]     NSE:LODHA-EQ | CVD=-48187 vs Ref=50573 | VAH=924.30
2026-01-28 15:39:25,781 [INFO]     NSE:SBICARD-EQ | CVD=-57880 vs Ref=54892 | VAH=788.10
2026-01-28 15:39:25,978 [INFO]     NSE:PGEL-EQ | CVD=38513 vs Ref=60181 | VAH=524.70
2026-01-28 15:39:26,232 [INFO]     NSE:OIL-EQ | CVD=862962 vs Ref=1883485 | VAH=488.40
2026-01-28 15:39:26,490 [INFO]     NSE:NATIONALUM-EQ | CVD=479917 vs Ref=481038 | VAH=391.50
2026-01-28 15:39:26,838 [INFO]     NSE:KALYANKJIL-EQ | CVD=-148862 vs Ref=119217 | VAH=373.95
2026-01-28 15:39:27,195 [INFO]     NSE:JIOFIN-EQ | CVD=478513 vs Ref=545350 | VAH=257.40
2026-01-28 15:39:27,421 [INFO]     NSE:WIPRO-EQ | CVD=1060156 vs Ref=640617 | VAH=237.60
2026-01-28 15:39:27,655 [INFO]     NSE:YESBANK-EQ | CVD=4523136 vs Ref=7921551 | VAH=21.40
2026-01-28 15:40:27,656 [INFO] 🔍 Scanning for alerts on 12 symbols (5min)...
2026-01-28 15:40:27,901 [INFO]     NSE:HAVELLS-EQ | CVD=-108016 vs Ref=14748 | VAH=1291.50
2026-01-28 15:40:28,111 [INFO]     NSE:PAYTM-EQ | CVD=306399 vs Ref=378055 | VAH=1165.50
2026-01-28 15:40:28,369 [INFO]     NSE:SHRIRAMFIN-EQ | CVD=570058 vs Ref=556824 | VAH=1012.50
2026-01-28 15:40:28,582 [INFO]     NSE:LODHA-EQ | CVD=-48187 vs Ref=50573 | VAH=924.30
2026-01-28 15:40:28,784 [INFO]     NSE:SBICARD-EQ | CVD=-57880 vs Ref=54892 | VAH=788.10
2026-01-28 15:40:28,999 [INFO]     NSE:PGEL-EQ | CVD=38513 vs Ref=60181 | VAH=524.70
2026-01-28 15:40:29,236 [INFO]     NSE:OIL-EQ | CVD=862962 vs Ref=1883485 | VAH=488.40
2026-01-28 15:40:29,635 [INFO]     NSE:NATIONALUM-EQ | CVD=479917 vs Ref=481038 | VAH=391.50
2026-01-28 15:40:29,854 [INFO]     NSE:KALYANKJIL-EQ | CVD=-148862 vs Ref=119217 | VAH=373.95
2026-01-28 15:40:30,057 [INFO]     NSE:JIOFIN-EQ | CVD=478513 vs Ref=545350 | VAH=257.40
2026-01-28 15:40:30,270 [INFO]     NSE:WIPRO-EQ | CVD=1060156 vs Ref=640617 | VAH=237.60
2026-01-28 15:40:30,514 [INFO]     NSE:YESBANK-EQ | CVD=4523136 vs Ref=7921551 | VAH=21.40
2026-01-28 15:41:30,516 [INFO] 🔍 Scanning for alerts on 12 symbols (5min)...
2026-01-28 15:41:30,788 [INFO]     NSE:HAVELLS-EQ | CVD=-108016 vs Ref=14748 | VAH=1291.50
2026-01-28 15:41:31,073 [INFO]     NSE:PAYTM-EQ | CVD=306399 vs Ref=378055 | VAH=1165.50
2026-01-28 15:41:31,429 [INFO]     NSE:SHRIRAMFIN-EQ | CVD=570058 vs Ref=556824 | VAH=1012.50
2026-01-28 15:41:31,860 [INFO]     NSE:LODHA-EQ | CVD=-48187 vs Ref=50573 | VAH=924.30
2026-01-28 15:41:32,544 [INFO]     NSE:SBICARD-EQ | CVD=-57880 vs Ref=54892 | VAH=788.10
2026-01-28 15:41:32,828 [INFO]     NSE:PGEL-EQ | CVD=38513 vs Ref=60181 | VAH=524.70
2026-01-28 15:41:33,061 [INFO]     NSE:OIL-EQ | CVD=862962 vs Ref=1883485 | VAH=488.40
2026-01-28 15:41:33,312 [INFO]     NSE:NATIONALUM-EQ | CVD=479917 vs Ref=481038 | VAH=391.50
2026-01-28 15:41:33,535 [INFO]     NSE:KALYANKJIL-EQ | CVD=-148862 vs Ref=119217 | VAH=373.95
2026-01-28 15:41:33,776 [INFO]     NSE:JIOFIN-EQ | CVD=478513 vs Ref=545350 | VAH=257.40
2026-01-28 15:41:34,049 [INFO]     NSE:WIPRO-EQ | CVD=1060156 vs Ref=640617 | VAH=237.60
2026-01-28 15:41:34,334 [INFO]     NSE:YESBANK-EQ | CVD=4523136 vs Ref=7921551 | VAH=21.40
2026-01-28 15:42:34,336 [INFO] 🔍 Scanning for alerts on 12 symbols (5min)...
2026-01-28 15:42:34,561 [INFO]     NSE:HAVELLS-EQ | CVD=-108016 vs Ref=14748 | VAH=1291.50
2026-01-28 15:42:34,771 [INFO]     NSE:PAYTM-EQ | CVD=306399 vs Ref=378055 | VAH=1165.50
2026-01-28 15:42:35,017 [INFO]     NSE:SHRIRAMFIN-EQ | CVD=570058 vs Ref=556824 | VAH=1012.50
2026-01-28 15:42:35,241 [INFO]     NSE:LODHA-EQ | CVD=-48187 vs Ref=50573 | VAH=924.30
2026-01-28 15:42:35,448 [INFO]     NSE:SBICARD-EQ | CVD=-57880 vs Ref=54892 | VAH=788.10
2026-01-28 15:42:35,680 [INFO]     NSE:PGEL-EQ | CVD=38513 vs Ref=60181 | VAH=524.70
2026-01-28 15:42:35,902 [INFO]     NSE:OIL-EQ | CVD=862962 vs Ref=1883485 | VAH=488.40
2026-01-28 15:42:36,118 [INFO]     NSE:NATIONALUM-EQ | CVD=479917 vs Ref=481038 | VAH=391.50
2026-01-28 15:42:36,337 [INFO]     NSE:KALYANKJIL-EQ | CVD=-148862 vs Ref=119217 | VAH=373.95
2026-01-28 15:42:36,573 [INFO]     NSE:JIOFIN-EQ | CVD=478513 vs Ref=545350 | VAH=257.40
2026-01-28 15:42:36,807 [INFO]     NSE:WIPRO-EQ | CVD=1060156 vs Ref=640617 | VAH=237.60
2026-01-28 15:42:37,044 [INFO]     NSE:YESBANK-EQ | CVD=4523136 vs Ref=7921551 | VAH=21.40
2026-01-28 15:43:37,047 [INFO] 🔍 Scanning for alerts on 12 symbols (5min)...
2026-01-28 15:43:37,288 [INFO]     NSE:HAVELLS-EQ | CVD=-108016 vs Ref=14748 | VAH=1291.50
2026-01-28 15:43:37,633 [INFO]     NSE:PAYTM-EQ | CVD=306399 vs Ref=378055 | VAH=1165.50
2026-01-28 15:43:37,872 [INFO]     NSE:SHRIRAMFIN-EQ | CVD=570058 vs Ref=556824 | VAH=1012.50
2026-01-28 15:43:38,091 [INFO]     NSE:LODHA-EQ | CVD=-48187 vs Ref=50573 | VAH=924.30
2026-01-28 15:43:38,331 [INFO]     NSE:SBICARD-EQ | CVD=-57880 vs Ref=54892 | VAH=788.10
2026-01-28 15:43:38,535 [INFO]     NSE:PGEL-EQ | CVD=38513 vs Ref=60181 | VAH=524.70
2026-01-28 15:43:38,734 [INFO]     NSE:OIL-EQ | CVD=862962 vs Ref=1883485 | VAH=488.40
2026-01-28 15:43:38,959 [INFO]     NSE:NATIONALUM-EQ | CVD=479917 vs Ref=481038 | VAH=391.50
2026-01-28 15:43:39,230 [INFO]     NSE:KALYANKJIL-EQ | CVD=-148862 vs Ref=119217 | VAH=373.95
2026-01-28 15:43:39,929 [INFO]     NSE:JIOFIN-EQ | CVD=478513 vs Ref=545350 | VAH=257.40
2026-01-28 15:43:40,280 [INFO]     NSE:WIPRO-EQ | CVD=1060156 vs Ref=640617 | VAH=237.60
2026-01-28 15:43:40,509 [INFO]     NSE:YESBANK-EQ | CVD=4523136 vs Ref=7921551 | VAH=21.40
2026-01-28 15:44:40,511 [INFO] 🔍 Scanning for alerts on 12 symbols (5min)...
2026-01-28 15:44:41,753 [INFO]     NSE:HAVELLS-EQ | CVD=-108016 vs Ref=14748 | VAH=1291.50
2026-01-28 15:44:42,333 [INFO]     NSE:PAYTM-EQ | CVD=306399 vs Ref=378055 | VAH=1165.50
2026-01-28 15:44:42,948 [INFO]     NSE:SHRIRAMFIN-EQ | CVD=570058 vs Ref=556824 | VAH=1012.50
2026-01-28 15:44:43,403 [INFO]     NSE:LODHA-EQ | CVD=-48187 vs Ref=50573 | VAH=924.30
2026-01-28 15:44:43,887 [INFO]     NSE:SBICARD-EQ | CVD=-57880 vs Ref=54892 | VAH=788.10
2026-01-28 15:44:44,485 [INFO]     NSE:PGEL-EQ | CVD=38513 vs Ref=60181 | VAH=524.70
2026-01-28 15:44:44,923 [INFO]     NSE:OIL-EQ | CVD=862962 vs Ref=1883485 | VAH=488.40
2026-01-28 15:44:45,226 [INFO]     NSE:NATIONALUM-EQ | CVD=479917 vs Ref=481038 | VAH=391.50
2026-01-28 15:44:45,503 [INFO]     NSE:KALYANKJIL-EQ | CVD=-148862 vs Ref=119217 | VAH=373.95
2026-01-28 15:44:45,776 [INFO]     NSE:JIOFIN-EQ | CVD=478513 vs Ref=545350 | VAH=257.40
2026-01-28 15:44:46,060 [INFO]     NSE:WIPRO-EQ | CVD=1060156 vs Ref=640617 | VAH=237.60
2026-01-28 15:44:46,377 [INFO]     NSE:YESBANK-EQ | CVD=4523136 vs Ref=7921551 | VAH=21.40
2026-01-28 15:45:46,379 [INFO] 🔍 Scanning for alerts on 12 symbols (5min)...
2026-01-28 15:45:46,653 [INFO]     NSE:HAVELLS-EQ | CVD=-108016 vs Ref=14748 | VAH=1291.50
2026-01-28 15:45:46,959 [INFO]     NSE:PAYTM-EQ | CVD=306399 vs Ref=378055 | VAH=1165.50
2026-01-28 15:45:47,248 [INFO]     NSE:SHRIRAMFIN-EQ | CVD=570058 vs Ref=556824 | VAH=1012.50
2026-01-28 15:45:47,877 [INFO]     NSE:LODHA-EQ | CVD=-48187 vs Ref=50573 | VAH=924.30
2026-01-28 15:45:48,287 [INFO]     NSE:SBICARD-EQ | CVD=-57880 vs Ref=54892 | VAH=788.10
2026-01-28 15:45:49,018 [INFO]     NSE:PGEL-EQ | CVD=38513 vs Ref=60181 | VAH=524.70
2026-01-28 15:45:49,379 [INFO]     NSE:OIL-EQ | CVD=862962 vs Ref=1883485 | VAH=488.40
2026-01-28 15:45:49,640 [INFO]     NSE:NATIONALUM-EQ | CVD=479917 vs Ref=481038 | VAH=391.50
2026-01-28 15:45:49,908 [INFO]     NSE:KALYANKJIL-EQ | CVD=-148862 vs Ref=119217 | VAH=373.95
2026-01-28 15:45:50,502 [INFO]     NSE:JIOFIN-EQ | CVD=478513 vs Ref=545350 | VAH=257.40
2026-01-28 15:45:50,751 [INFO]     NSE:WIPRO-EQ | CVD=1060156 vs Ref=640617 | VAH=237.60
2026-01-28 15:45:51,145 [INFO]     NSE:YESBANK-EQ | CVD=4523136 vs Ref=7921551 | VAH=21.40
2026-01-28 15:46:51,148 [INFO] 🔍 Scanning for alerts on 12 symbols (5min)...
2026-01-28 15:46:51,549 [INFO]     NSE:HAVELLS-EQ | CVD=-108016 vs Ref=14748 | VAH=1291.50
2026-01-28 15:46:51,883 [INFO]     NSE:PAYTM-EQ | CVD=306399 vs Ref=378055 | VAH=1165.50
2026-01-28 15:46:52,253 [INFO]     NSE:SHRIRAMFIN-EQ | CVD=570058 vs Ref=556824 | VAH=1012.50
2026-01-28 15:46:52,567 [INFO]     NSE:LODHA-EQ | CVD=-48187 vs Ref=50573 | VAH=924.30
2026-01-28 15:46:52,881 [INFO]     NSE:SBICARD-EQ | CVD=-57880 vs Ref=54892 | VAH=788.10
2026-01-28 15:46:53,241 [INFO]     NSE:PGEL-EQ | CVD=38513 vs Ref=60181 | VAH=524.70
2026-01-28 15:46:53,688 [INFO]     NSE:OIL-EQ | CVD=862962 vs Ref=1883485 | VAH=488.40
2026-01-28 15:46:54,104 [INFO]     NSE:NATIONALUM-EQ | CVD=479917 vs Ref=481038 | VAH=391.50
2026-01-28 15:46:54,437 [INFO]     NSE:KALYANKJIL-EQ | CVD=-148862 vs Ref=119217 | VAH=373.95
2026-01-28 15:46:54,734 [INFO]     NSE:JIOFIN-EQ | CVD=478513 vs Ref=545350 | VAH=257.40
2026-01-28 15:46:55,035 [INFO]     NSE:WIPRO-EQ | CVD=1060156 vs Ref=640617 | VAH=237.60
2026-01-28 15:46:55,359 [INFO]     NSE:YESBANK-EQ | CVD=4523136 vs Ref=7921551 | VAH=21.40
2026-01-28 15:47:55,391 [INFO] 🔍 Scanning for alerts on 12 symbols (5min)...
2026-01-28 15:47:55,876 [INFO]     NSE:HAVELLS-EQ | CVD=-108016 vs Ref=14748 | VAH=1291.50
2026-01-28 15:47:56,199 [INFO]     NSE:PAYTM-EQ | CVD=306399 vs Ref=378055 | VAH=1165.50
2026-01-28 15:47:56,536 [INFO]     NSE:SHRIRAMFIN-EQ | CVD=570058 vs Ref=556824 | VAH=1012.50
2026-01-28 15:47:56,879 [INFO]     NSE:LODHA-EQ | CVD=-48187 vs Ref=50573 | VAH=924.30
2026-01-28 15:47:57,231 [INFO]     NSE:SBICARD-EQ | CVD=-57880 vs Ref=54892 | VAH=788.10
2026-01-28 15:47:57,610 [INFO]     NSE:PGEL-EQ | CVD=38513 vs Ref=60181 | VAH=524.70
2026-01-28 15:47:57,975 [INFO]     NSE:OIL-EQ | CVD=862962 vs Ref=1883485 | VAH=488.40
2026-01-28 15:47:58,397 [INFO]     NSE:NATIONALUM-EQ | CVD=479917 vs Ref=481038 | VAH=391.50
2026-01-28 15:47:59,155 [INFO]     NSE:KALYANKJIL-EQ | CVD=-148862 vs Ref=119217 | VAH=373.95
2026-01-28 15:47:59,651 [INFO]     NSE:JIOFIN-EQ | CVD=478513 vs Ref=545350 | VAH=257.40
2026-01-28 15:48:00,199 [INFO]     NSE:WIPRO-EQ | CVD=1060156 vs Ref=640617 | VAH=237.60
2026-01-28 15:48:00,772 [INFO]     NSE:YESBANK-EQ | CVD=4523136 vs Ref=7921551 | VAH=21.40
2026-01-28 15:49:00,775 [INFO] 🔍 Scanning for alerts on 12 symbols (5min)...
2026-01-28 15:49:01,088 [INFO]     NSE:HAVELLS-EQ | CVD=-108016 vs Ref=14748 | VAH=1291.50
2026-01-28 15:49:01,395 [INFO]     NSE:PAYTM-EQ | CVD=306399 vs Ref=378055 | VAH=1165.50
2026-01-28 15:49:01,664 [INFO]     NSE:SHRIRAMFIN-EQ | CVD=570058 vs Ref=556824 | VAH=1012.50
2026-01-28 15:49:01,950 [INFO]     NSE:LODHA-EQ | CVD=-48187 vs Ref=50573 | VAH=924.30
2026-01-28 15:49:02,218 [INFO]     NSE:SBICARD-EQ | CVD=-57880 vs Ref=54892 | VAH=788.10
2026-01-28 15:49:02,980 [INFO]     NSE:PGEL-EQ | CVD=38513 vs Ref=60181 | VAH=524.70
2026-01-28 15:49:04,981 [INFO]     NSE:OIL-EQ | CVD=862962 vs Ref=1883485 | VAH=488.40
2026-01-28 15:49:07,798 [INFO]     NSE:NATIONALUM-EQ | CVD=479917 vs Ref=481038 | VAH=391.50
2026-01-28 15:49:09,548 [INFO]     NSE:KALYANKJIL-EQ | CVD=-148862 vs Ref=119217 | VAH=373.95
2026-01-28 15:49:10,952 [INFO]     NSE:JIOFIN-EQ | CVD=478513 vs Ref=545350 | VAH=257.40
2026-01-28 15:49:11,677 [INFO]     NSE:WIPRO-EQ | CVD=1060156 vs Ref=640617 | VAH=237.60
2026-01-28 15:49:12,447 [INFO]     NSE:YESBANK-EQ | CVD=4523136 vs Ref=7921551 | VAH=21.40
2026-01-28 15:50:12,450 [INFO] 🔍 Scanning for alerts on 12 symbols (5min)...
2026-01-28 15:50:12,735 [INFO]     NSE:HAVELLS-EQ | CVD=-108016 vs Ref=14748 | VAH=1291.50
2026-01-28 15:50:13,036 [INFO]     NSE:PAYTM-EQ | CVD=306399 vs Ref=378055 | VAH=1165.50
2026-01-28 15:50:13,285 [INFO]     NSE:SHRIRAMFIN-EQ | CVD=570058 vs Ref=556824 | VAH=1012.50
2026-01-28 15:50:13,538 [INFO]     NSE:LODHA-EQ | CVD=-48187 vs Ref=50573 | VAH=924.30
2026-01-28 15:50:13,826 [INFO]     NSE:SBICARD-EQ | CVD=-57880 vs Ref=54892 | VAH=788.10
2026-01-28 15:50:14,120 [INFO]     NSE:PGEL-EQ | CVD=38513 vs Ref=60181 | VAH=524.70
2026-01-28 15:50:14,447 [INFO]     NSE:OIL-EQ | CVD=862962 vs Ref=1883485 | VAH=488.40
2026-01-28 15:50:15,094 [INFO]     NSE:NATIONALUM-EQ | CVD=479917 vs Ref=481038 | VAH=391.50
2026-01-28 15:50:15,722 [INFO]     NSE:KALYANKJIL-EQ | CVD=-148862 vs Ref=119217 | VAH=373.95
2026-01-28 15:50:16,192 [INFO]     NSE:JIOFIN-EQ | CVD=478513 vs Ref=545350 | VAH=257.40
2026-01-28 15:50:16,541 [INFO]     NSE:WIPRO-EQ | CVD=1060156 vs Ref=640617 | VAH=237.60
2026-01-28 15:50:16,874 [INFO]     NSE:YESBANK-EQ | CVD=4523136 vs Ref=7921551 | VAH=21.40
2026-01-28 15:51:16,877 [INFO] 🔍 Scanning for alerts on 12 symbols (5min)...
2026-01-28 15:51:18,562 [INFO]     NSE:HAVELLS-EQ | CVD=-108016 vs Ref=14748 | VAH=1291.50
2026-01-28 15:51:20,752 [INFO]     NSE:PAYTM-EQ | CVD=306399 vs Ref=378055 | VAH=1165.50
2026-01-28 15:51:21,733 [INFO]     NSE:SHRIRAMFIN-EQ | CVD=570058 vs Ref=556824 | VAH=1012.50
2026-01-28 15:51:23,060 [INFO]     NSE:LODHA-EQ | CVD=-48187 vs Ref=50573 | VAH=924.30
2026-01-28 15:51:25,141 [INFO]     NSE:SBICARD-EQ | CVD=-57880 vs Ref=54892 | VAH=788.10
2026-01-28 15:51:26,316 [INFO]     NSE:PGEL-EQ | CVD=38513 vs Ref=60181 | VAH=524.70
2026-01-28 15:51:26,997 [INFO]     NSE:OIL-EQ | CVD=862962 vs Ref=1883485 | VAH=488.40
2026-01-28 15:51:27,722 [INFO]     NSE:NATIONALUM-EQ | CVD=479917 vs Ref=481038 | VAH=391.50
2026-01-28 15:51:28,236 [INFO]     NSE:KALYANKJIL-EQ | CVD=-148862 vs Ref=119217 | VAH=373.95
2026-01-28 15:51:28,649 [INFO]     NSE:JIOFIN-EQ | CVD=478513 vs Ref=545350 | VAH=257.40
2026-01-28 15:51:29,142 [INFO]     NSE:WIPRO-EQ | CVD=1060156 vs Ref=640617 | VAH=237.60
2026-01-28 15:51:29,618 [INFO]     NSE:YESBANK-EQ | CVD=4523136 vs Ref=7921551 | VAH=21.40
2026-01-28 15:52:29,622 [INFO] 🔍 Scanning for alerts on 12 symbols (5min)...
2026-01-28 15:52:29,960 [INFO]     NSE:HAVELLS-EQ | CVD=-108016 vs Ref=14748 | VAH=1291.50
2026-01-28 15:52:31,227 [INFO]     NSE:PAYTM-EQ | CVD=306399 vs Ref=378055 | VAH=1165.50
2026-01-28 15:52:31,878 [INFO]     NSE:SHRIRAMFIN-EQ | CVD=570058 vs Ref=556824 | VAH=1012.50
2026-01-28 15:52:33,117 [INFO]     NSE:LODHA-EQ | CVD=-48187 vs Ref=50573 | VAH=924.30
2026-01-28 15:52:33,727 [INFO]     NSE:SBICARD-EQ | CVD=-57880 vs Ref=54892 | VAH=788.10
2026-01-28 15:52:34,224 [INFO]     NSE:PGEL-EQ | CVD=38513 vs Ref=60181 | VAH=524.70
2026-01-28 15:52:34,751 [INFO]     NSE:OIL-EQ | CVD=862962 vs Ref=1883485 | VAH=488.40
2026-01-28 15:52:35,386 [INFO]     NSE:NATIONALUM-EQ | CVD=479917 vs Ref=481038 | VAH=391.50
2026-01-28 15:52:35,917 [INFO]     NSE:KALYANKJIL-EQ | CVD=-148862 vs Ref=119217 | VAH=373.95
2026-01-28 15:52:36,317 [INFO]     NSE:JIOFIN-EQ | CVD=478513 vs Ref=545350 | VAH=257.40
2026-01-28 15:52:36,688 [INFO]     NSE:WIPRO-EQ | CVD=1060156 vs Ref=640617 | VAH=237.60
2026-01-28 15:52:37,098 [INFO]     NSE:YESBANK-EQ | CVD=4523136 vs Ref=7921551 | VAH=21.40
2026-01-28 15:53:37,100 [INFO] 🔍 Scanning for alerts on 12 symbols (5min)...
2026-01-28 15:53:37,408 [INFO]     NSE:HAVELLS-EQ | CVD=-108016 vs Ref=14748 | VAH=1291.50
2026-01-28 15:53:37,984 [INFO]     NSE:PAYTM-EQ | CVD=306399 vs Ref=378055 | VAH=1165.50
2026-01-28 15:53:38,772 [INFO]     NSE:SHRIRAMFIN-EQ | CVD=570058 vs Ref=556824 | VAH=1012.50
2026-01-28 15:53:39,677 [INFO]     NSE:LODHA-EQ | CVD=-48187 vs Ref=50573 | VAH=924.30
2026-01-28 15:53:40,039 [INFO]     NSE:SBICARD-EQ | CVD=-57880 vs Ref=54892 | VAH=788.10
2026-01-28 15:53:40,353 [INFO]     NSE:PGEL-EQ | CVD=38513 vs Ref=60181 | VAH=524.70
2026-01-28 15:53:41,160 [INFO]     NSE:OIL-EQ | CVD=862962 vs Ref=1883485 | VAH=488.40
2026-01-28 15:53:41,846 [INFO]     NSE:NATIONALUM-EQ | CVD=479917 vs Ref=481038 | VAH=391.50
2026-01-28 15:53:42,501 [INFO]     NSE:KALYANKJIL-EQ | CVD=-148862 vs Ref=119217 | VAH=373.95
2026-01-28 15:53:43,325 [INFO]     NSE:JIOFIN-EQ | CVD=478513 vs Ref=545350 | VAH=257.40
2026-01-28 15:53:44,547 [INFO]     NSE:WIPRO-EQ | CVD=1060156 vs Ref=640617 | VAH=237.60
2026-01-28 15:53:45,451 [INFO]     NSE:YESBANK-EQ | CVD=4523136 vs Ref=7921551 | VAH=21.40
2026-01-28 15:54:45,454 [INFO] 🔍 Scanning for alerts on 12 symbols (5min)...
2026-01-28 15:54:46,211 [INFO]     NSE:HAVELLS-EQ | CVD=-108016 vs Ref=14748 | VAH=1291.50
2026-01-28 15:54:46,799 [INFO]     NSE:PAYTM-EQ | CVD=306399 vs Ref=378055 | VAH=1165.50
2026-01-28 15:54:47,748 [INFO]     NSE:SHRIRAMFIN-EQ | CVD=570058 vs Ref=556824 | VAH=1012.50
2026-01-28 15:54:49,298 [INFO]     NSE:LODHA-EQ | CVD=-48187 vs Ref=50573 | VAH=924.30
2026-01-28 15:54:50,552 [INFO]     NSE:SBICARD-EQ | CVD=-57880 vs Ref=54892 | VAH=788.10
2026-01-28 15:54:51,349 [INFO]     NSE:PGEL-EQ | CVD=38513 vs Ref=60181 | VAH=524.70
2026-01-28 15:54:51,994 [INFO]     NSE:OIL-EQ | CVD=862962 vs Ref=1883485 | VAH=488.40
2026-01-28 15:54:52,732 [INFO]     NSE:NATIONALUM-EQ | CVD=479917 vs Ref=481038 | VAH=391.50
2026-01-28 15:54:53,190 [INFO]     NSE:KALYANKJIL-EQ | CVD=-148862 vs Ref=119217 | VAH=373.95
2026-01-28 15:54:53,908 [INFO]     NSE:JIOFIN-EQ | CVD=478513 vs Ref=545350 | VAH=257.40
2026-01-28 15:54:55,205 [INFO]     NSE:WIPRO-EQ | CVD=1060156 vs Ref=640617 | VAH=237.60
2026-01-28 15:54:55,994 [INFO]     NSE:YESBANK-EQ | CVD=4523136 vs Ref=7921551 | VAH=21.40
2026-01-28 15:55:55,997 [INFO] 🔍 Scanning for alerts on 12 symbols (5min)...
2026-01-28 15:55:56,297 [INFO]     NSE:HAVELLS-EQ | CVD=-108016 vs Ref=14748 | VAH=1291.50
2026-01-28 15:55:56,548 [INFO]     NSE:PAYTM-EQ | CVD=306399 vs Ref=378055 | VAH=1165.50
2026-01-28 15:55:56,784 [INFO]     NSE:SHRIRAMFIN-EQ | CVD=570058 vs Ref=556824 | VAH=1012.50
2026-01-28 15:55:57,009 [INFO]     NSE:LODHA-EQ | CVD=-48187 vs Ref=50573 | VAH=924.30
2026-01-28 15:55:57,235 [INFO]     NSE:SBICARD-EQ | CVD=-57880 vs Ref=54892 | VAH=788.10
2026-01-28 15:55:57,482 [INFO]     NSE:PGEL-EQ | CVD=38513 vs Ref=60181 | VAH=524.70
2026-01-28 15:55:57,952 [INFO]     NSE:OIL-EQ | CVD=862962 vs Ref=1883485 | VAH=488.40
2026-01-28 15:55:58,206 [INFO]     NSE:NATIONALUM-EQ | CVD=479917 vs Ref=481038 | VAH=391.50
2026-01-28 15:55:58,553 [INFO]     NSE:KALYANKJIL-EQ | CVD=-148862 vs Ref=119217 | VAH=373.95
2026-01-28 15:55:59,003 [INFO]     NSE:JIOFIN-EQ | CVD=478513 vs Ref=545350 | VAH=257.40
2026-01-28 15:55:59,416 [INFO]     NSE:WIPRO-EQ | CVD=1060156 vs Ref=640617 | VAH=237.60
2026-01-28 15:55:59,684 [INFO]     NSE:YESBANK-EQ | CVD=4523136 vs Ref=7921551 | VAH=21.40
2026-01-28 15:56:59,687 [INFO] 🔍 Scanning for alerts on 12 symbols (5min)...
2026-01-28 15:57:01,099 [INFO]     NSE:HAVELLS-EQ | CVD=-108016 vs Ref=14748 | VAH=1291.50
2026-01-28 15:57:02,736 [INFO]     NSE:PAYTM-EQ | CVD=306399 vs Ref=378055 | VAH=1165.50
2026-01-28 15:57:04,485 [INFO]     NSE:SHRIRAMFIN-EQ | CVD=570058 vs Ref=556824 | VAH=1012.50
2026-01-28 15:57:05,402 [INFO]     NSE:LODHA-EQ | CVD=-48187 vs Ref=50573 | VAH=924.30
2026-01-28 15:57:06,948 [INFO]     NSE:SBICARD-EQ | CVD=-57880 vs Ref=54892 | VAH=788.10
2026-01-28 15:57:08,451 [INFO]     NSE:PGEL-EQ | CVD=38513 vs Ref=60181 | VAH=524.70
2026-01-28 15:57:10,000 [INFO]     NSE:OIL-EQ | CVD=862962 vs Ref=1883485 | VAH=488.40
2026-01-28 15:57:10,974 [INFO]     NSE:NATIONALUM-EQ | CVD=479917 vs Ref=481038 | VAH=391.50
2026-01-28 15:57:11,834 [INFO]     NSE:KALYANKJIL-EQ | CVD=-148862 vs Ref=119217 | VAH=373.95
2026-01-28 15:57:13,621 [INFO]     NSE:JIOFIN-EQ | CVD=478513 vs Ref=545350 | VAH=257.40
2026-01-28 15:57:14,883 [INFO]     NSE:WIPRO-EQ | CVD=1060156 vs Ref=640617 | VAH=237.60
2026-01-28 15:57:16,001 [INFO]     NSE:YESBANK-EQ | CVD=4523136 vs Ref=7921551 | VAH=21.40
2026-01-28 15:58:16,003 [INFO] 🔍 Scanning for alerts on 12 symbols (5min)...
2026-01-28 15:58:18,741 [INFO]     NSE:HAVELLS-EQ | CVD=-108016 vs Ref=14748 | VAH=1291.50
2026-01-28 15:58:20,907 [INFO]     NSE:PAYTM-EQ | CVD=306399 vs Ref=378055 | VAH=1165.50
2026-01-28 15:58:22,574 [INFO]     NSE:SHRIRAMFIN-EQ | CVD=570058 vs Ref=556824 | VAH=1012.50
2026-01-28 15:58:23,652 [INFO]     NSE:LODHA-EQ | CVD=-48187 vs Ref=50573 | VAH=924.30
2026-01-28 15:58:24,942 [INFO]     NSE:SBICARD-EQ | CVD=-57880 vs Ref=54892 | VAH=788.10
2026-01-28 15:58:26,135 [INFO]     NSE:PGEL-EQ | CVD=38513 vs Ref=60181 | VAH=524.70
2026-01-28 15:58:26,967 [INFO]     NSE:OIL-EQ | CVD=862962 vs Ref=1883485 | VAH=488.40
2026-01-28 15:58:28,210 [INFO]     NSE:NATIONALUM-EQ | CVD=479917 vs Ref=481038 | VAH=391.50
2026-01-28 15:58:29,078 [INFO]     NSE:KALYANKJIL-EQ | CVD=-148862 vs Ref=119217 | VAH=373.95
2026-01-28 15:58:29,925 [INFO]     NSE:JIOFIN-EQ | CVD=478513 vs Ref=545350 | VAH=257.40
2026-01-28 15:58:30,460 [INFO]     NSE:WIPRO-EQ | CVD=1060156 vs Ref=640617 | VAH=237.60
2026-01-28 15:58:31,372 [INFO]     NSE:YESBANK-EQ | CVD=4523136 vs Ref=7921551 | VAH=21.40
2026-01-28 15:59:31,374 [INFO] 🔍 Scanning for alerts on 12 symbols (5min)...
2026-01-28 15:59:31,611 [INFO]     NSE:HAVELLS-EQ | CVD=-108016 vs Ref=14748 | VAH=1291.50
2026-01-28 15:59:31,893 [INFO]     NSE:PAYTM-EQ | CVD=306399 vs Ref=378055 | VAH=1165.50
2026-01-28 15:59:32,159 [INFO]     NSE:SHRIRAMFIN-EQ | CVD=570058 vs Ref=556824 | VAH=1012.50
2026-01-28 15:59:32,400 [INFO]     NSE:LODHA-EQ | CVD=-48187 vs Ref=50573 | VAH=924.30
2026-01-28 15:59:32,643 [INFO]     NSE:SBICARD-EQ | CVD=-57880 vs Ref=54892 | VAH=788.10
2026-01-28 15:59:32,941 [INFO]     NSE:PGEL-EQ | CVD=38513 vs Ref=60181 | VAH=524.70
2026-01-28 15:59:33,172 [INFO]     NSE:OIL-EQ | CVD=862962 vs Ref=1883485 | VAH=488.40
2026-01-28 15:59:33,552 [INFO]     NSE:NATIONALUM-EQ | CVD=479917 vs Ref=481038 | VAH=391.50
2026-01-28 15:59:33,851 [INFO]     NSE:KALYANKJIL-EQ | CVD=-148862 vs Ref=119217 | VAH=373.95
2026-01-28 15:59:34,100 [INFO]     NSE:JIOFIN-EQ | CVD=478513 vs Ref=545350 | VAH=257.40
2026-01-28 15:59:34,375 [INFO]     NSE:WIPRO-EQ | CVD=1060156 vs Ref=640617 | VAH=237.60
2026-01-28 15:59:34,626 [INFO]     NSE:YESBANK-EQ | CVD=4523136 vs Ref=7921551 | VAH=21.40
2026-01-28 16:00:34,627 [INFO] 🔍 Scanning for alerts on 12 symbols (5min)...
2026-01-28 16:00:35,019 [INFO]     NSE:HAVELLS-EQ | CVD=-108016 vs Ref=14748 | VAH=1291.50
2026-01-28 16:00:35,677 [INFO]     NSE:PAYTM-EQ | CVD=306399 vs Ref=378055 | VAH=1165.50
2026-01-28 16:00:36,204 [INFO]     NSE:SHRIRAMFIN-EQ | CVD=570058 vs Ref=556824 | VAH=1012.50
2026-01-28 16:00:36,670 [INFO]     NSE:LODHA-EQ | CVD=-48187 vs Ref=50573 | VAH=924.30
2026-01-28 16:00:37,103 [INFO]     NSE:SBICARD-EQ | CVD=-57880 vs Ref=54892 | VAH=788.10
2026-01-28 16:00:37,957 [INFO]     NSE:PGEL-EQ | CVD=38513 vs Ref=60181 | VAH=524.70
2026-01-28 16:00:39,920 [INFO]     NSE:OIL-EQ | CVD=862962 vs Ref=1883485 | VAH=488.40
2026-01-28 16:00:40,338 [INFO]     NSE:NATIONALUM-EQ | CVD=479917 vs Ref=481038 | VAH=391.50
2026-01-28 16:00:40,674 [INFO]     NSE:KALYANKJIL-EQ | CVD=-148862 vs Ref=119217 | VAH=373.95
2026-01-28 16:00:41,611 [INFO]     NSE:JIOFIN-EQ | CVD=478513 vs Ref=545350 | VAH=257.40
2026-01-28 16:00:42,028 [INFO]     NSE:WIPRO-EQ | CVD=1060156 vs Ref=640617 | VAH=237.60
2026-01-28 16:00:42,432 [INFO]     NSE:YESBANK-EQ | CVD=4523136 vs Ref=7921551 | VAH=21.40
2026-01-28 16:01:42,434 [INFO] 🔍 Scanning for alerts on 12 symbols (5min)...
2026-01-28 16:01:42,674 [INFO]     NSE:HAVELLS-EQ | CVD=-108016 vs Ref=14748 | VAH=1291.50
2026-01-28 16:01:42,903 [INFO]     NSE:PAYTM-EQ | CVD=306399 vs Ref=378055 | VAH=1165.50
2026-01-28 16:01:43,149 [INFO]     NSE:SHRIRAMFIN-EQ | CVD=570058 vs Ref=556824 | VAH=1012.50
2026-01-28 16:01:43,433 [INFO]     NSE:LODHA-EQ | CVD=-48187 vs Ref=50573 | VAH=924.30
2026-01-28 16:01:43,725 [INFO]     NSE:SBICARD-EQ | CVD=-57880 vs Ref=54892 | VAH=788.10
2026-01-28 16:01:45,480 [INFO]     NSE:PGEL-EQ | CVD=38513 vs Ref=60181 | VAH=524.70
2026-01-28 16:01:45,751 [INFO]     NSE:OIL-EQ | CVD=862962 vs Ref=1883485 | VAH=488.40
2026-01-28 16:01:45,960 [INFO]     NSE:NATIONALUM-EQ | CVD=479917 vs Ref=481038 | VAH=391.50
2026-01-28 16:01:46,189 [INFO]     NSE:KALYANKJIL-EQ | CVD=-148862 vs Ref=119217 | VAH=373.95
2026-01-28 16:01:46,430 [INFO]     NSE:JIOFIN-EQ | CVD=478513 vs Ref=545350 | VAH=257.40
2026-01-28 16:01:46,687 [INFO]     NSE:WIPRO-EQ | CVD=1060156 vs Ref=640617 | VAH=237.60
2026-01-28 16:01:46,974 [INFO]     NSE:YESBANK-EQ | CVD=4523136 vs Ref=7921551 | VAH=21.40
2026-01-28 16:02:46,975 [INFO] 🔍 Scanning for alerts on 12 symbols (5min)...
2026-01-28 16:02:47,231 [INFO]     NSE:HAVELLS-EQ | CVD=-108016 vs Ref=14748 | VAH=1291.50
2026-01-28 16:02:47,493 [INFO]     NSE:PAYTM-EQ | CVD=306399 vs Ref=378055 | VAH=1165.50
2026-01-28 16:02:47,852 [INFO]     NSE:SHRIRAMFIN-EQ | CVD=570058 vs Ref=556824 | VAH=1012.50
2026-01-28 16:02:48,173 [INFO]     NSE:LODHA-EQ | CVD=-48187 vs Ref=50573 | VAH=924.30
2026-01-28 16:02:48,453 [INFO]     NSE:SBICARD-EQ | CVD=-57880 vs Ref=54892 | VAH=788.10
2026-01-28 16:02:48,723 [INFO]     NSE:PGEL-EQ | CVD=38513 vs Ref=60181 | VAH=524.70
2026-01-28 16:02:48,992 [INFO]     NSE:OIL-EQ | CVD=862962 vs Ref=1883485 | VAH=488.40
2026-01-28 16:02:49,244 [INFO]     NSE:NATIONALUM-EQ | CVD=479917 vs Ref=481038 | VAH=391.50
2026-01-28 16:02:49,522 [INFO]     NSE:KALYANKJIL-EQ | CVD=-148862 vs Ref=119217 | VAH=373.95
2026-01-28 16:02:49,747 [INFO]     NSE:JIOFIN-EQ | CVD=478513 vs Ref=545350 | VAH=257.40
2026-01-28 16:02:50,062 [INFO]     NSE:WIPRO-EQ | CVD=1060156 vs Ref=640617 | VAH=237.60
2026-01-28 16:02:50,610 [INFO]     NSE:YESBANK-EQ | CVD=4523136 vs Ref=7921551 | VAH=21.40
2026-01-28 16:03:50,613 [INFO] 🔍 Scanning for alerts on 12 symbols (5min)...
2026-01-28 16:03:52,294 [INFO]     NSE:HAVELLS-EQ | CVD=-108016 vs Ref=14748 | VAH=1291.50
2026-01-28 16:03:53,209 [INFO]     NSE:PAYTM-EQ | CVD=306399 vs Ref=378055 | VAH=1165.50
2026-01-28 16:03:54,248 [INFO]     NSE:SHRIRAMFIN-EQ | CVD=570058 vs Ref=556824 | VAH=1012.50
2026-01-28 16:03:54,893 [INFO]     NSE:LODHA-EQ | CVD=-48187 vs Ref=50573 | VAH=924.30
2026-01-28 16:03:55,398 [INFO]     NSE:SBICARD-EQ | CVD=-57880 vs Ref=54892 | VAH=788.10
2026-01-28 16:03:57,479 [INFO]     NSE:PGEL-EQ | CVD=38513 vs Ref=60181 | VAH=524.70
2026-01-28 16:03:58,652 [INFO]     NSE:OIL-EQ | CVD=862962 vs Ref=1883485 | VAH=488.40
2026-01-28 16:03:59,392 [INFO]     NSE:NATIONALUM-EQ | CVD=479917 vs Ref=481038 | VAH=391.50
2026-01-28 16:04:00,211 [INFO]     NSE:KALYANKJIL-EQ | CVD=-148862 vs Ref=119217 | VAH=373.95
2026-01-28 16:04:01,904 [INFO]     NSE:JIOFIN-EQ | CVD=478513 vs Ref=545350 | VAH=257.40
2026-01-28 16:04:03,550 [INFO]     NSE:WIPRO-EQ | CVD=1060156 vs Ref=640617 | VAH=237.60
2026-01-28 16:04:05,532 [INFO]     NSE:YESBANK-EQ | CVD=4523136 vs Ref=7921551 | VAH=21.40
2026-01-28 16:05:05,578 [INFO] 🔍 Scanning for alerts on 12 symbols (5min)...
2026-01-28 16:05:06,937 [INFO]     NSE:HAVELLS-EQ | CVD=-108016 vs Ref=14748 | VAH=1291.50
2026-01-28 16:05:08,507 [INFO]     NSE:PAYTM-EQ | CVD=306399 vs Ref=378055 | VAH=1165.50
2026-01-28 16:05:08,799 [INFO]     NSE:SHRIRAMFIN-EQ | CVD=570058 vs Ref=556824 | VAH=1012.50
2026-01-28 16:05:09,065 [INFO]     NSE:LODHA-EQ | CVD=-48187 vs Ref=50573 | VAH=924.30
2026-01-28 16:05:09,383 [INFO]     NSE:SBICARD-EQ | CVD=-57880 vs Ref=54892 | VAH=788.10
2026-01-28 16:05:09,712 [INFO]     NSE:PGEL-EQ | CVD=38513 vs Ref=60181 | VAH=524.70
2026-01-28 16:05:10,021 [INFO]     NSE:OIL-EQ | CVD=862962 vs Ref=1883485 | VAH=488.40
2026-01-28 16:05:10,295 [INFO]     NSE:NATIONALUM-EQ | CVD=479917 vs Ref=481038 | VAH=391.50
2026-01-28 16:05:10,594 [INFO]     NSE:KALYANKJIL-EQ | CVD=-148862 vs Ref=119217 | VAH=373.95
2026-01-28 16:05:10,922 [INFO]     NSE:JIOFIN-EQ | CVD=478513 vs Ref=545350 | VAH=257.40
2026-01-28 16:05:11,218 [INFO]     NSE:WIPRO-EQ | CVD=1060156 vs Ref=640617 | VAH=237.60
2026-01-28 16:05:11,503 [INFO]     NSE:YESBANK-EQ | CVD=4523136 vs Ref=7921551 | VAH=21.40
2026-01-28 16:06:11,506 [INFO] 🔍 Scanning for alerts on 12 symbols (5min)...
2026-01-28 16:06:11,708 [INFO]     NSE:HAVELLS-EQ | CVD=-108016 vs Ref=14748 | VAH=1291.50
2026-01-28 16:06:12,069 [INFO]     NSE:PAYTM-EQ | CVD=306399 vs Ref=378055 | VAH=1165.50
2026-01-28 16:06:12,318 [INFO]     NSE:SHRIRAMFIN-EQ | CVD=570058 vs Ref=556824 | VAH=1012.50
2026-01-28 16:06:12,856 [INFO]     NSE:LODHA-EQ | CVD=-48187 vs Ref=50573 | VAH=924.30
2026-01-28 16:06:13,131 [INFO]     NSE:SBICARD-EQ | CVD=-57880 vs Ref=54892 | VAH=788.10
2026-01-28 16:06:13,380 [INFO]     NSE:PGEL-EQ | CVD=38513 vs Ref=60181 | VAH=524.70
2026-01-28 16:06:13,673 [INFO]     NSE:OIL-EQ | CVD=862962 vs Ref=1883485 | VAH=488.40
2026-01-28 16:06:13,933 [INFO]     NSE:NATIONALUM-EQ | CVD=479917 vs Ref=481038 | VAH=391.50
2026-01-28 16:06:14,199 [INFO]     NSE:KALYANKJIL-EQ | CVD=-148862 vs Ref=119217 | VAH=373.95
2026-01-28 16:06:14,479 [INFO]     NSE:JIOFIN-EQ | CVD=478513 vs Ref=545350 | VAH=257.40
2026-01-28 16:06:14,692 [INFO]     NSE:WIPRO-EQ | CVD=1060156 vs Ref=640617 | VAH=237.60
2026-01-28 16:06:14,925 [INFO]     NSE:YESBANK-EQ | CVD=4523136 vs Ref=7921551 | VAH=21.40
2026-01-28 16:07:14,927 [INFO] 🔍 Scanning for alerts on 12 symbols (5min)...
2026-01-28 16:07:15,161 [INFO]     NSE:HAVELLS-EQ | CVD=-108016 vs Ref=14748 | VAH=1291.50
2026-01-28 16:07:15,386 [INFO]     NSE:PAYTM-EQ | CVD=306399 vs Ref=378055 | VAH=1165.50
2026-01-28 16:07:15,659 [INFO]     NSE:SHRIRAMFIN-EQ | CVD=570058 vs Ref=556824 | VAH=1012.50
2026-01-28 16:07:15,961 [INFO]     NSE:LODHA-EQ | CVD=-48187 vs Ref=50573 | VAH=924.30
2026-01-28 16:07:16,173 [INFO]     NSE:SBICARD-EQ | CVD=-57880 vs Ref=54892 | VAH=788.10
2026-01-28 16:07:16,400 [INFO]     NSE:PGEL-EQ | CVD=38513 vs Ref=60181 | VAH=524.70
2026-01-28 16:07:16,676 [INFO]     NSE:OIL-EQ | CVD=862962 vs Ref=1883485 | VAH=488.40
2026-01-28 16:07:16,916 [INFO]     NSE:NATIONALUM-EQ | CVD=479917 vs Ref=481038 | VAH=391.50
2026-01-28 16:07:17,189 [INFO]     NSE:KALYANKJIL-EQ | CVD=-148862 vs Ref=119217 | VAH=373.95
2026-01-28 16:07:17,516 [INFO]     NSE:JIOFIN-EQ | CVD=478513 vs Ref=545350 | VAH=257.40
2026-01-28 16:07:17,784 [INFO]     NSE:WIPRO-EQ | CVD=1060156 vs Ref=640617 | VAH=237.60
2026-01-28 16:07:18,039 [INFO]     NSE:YESBANK-EQ | CVD=4523136 vs Ref=7921551 | VAH=21.40
2026-01-28 16:08:18,041 [INFO] 🔍 Scanning for alerts on 12 symbols (5min)...
2026-01-28 16:08:18,383 [INFO]     NSE:HAVELLS-EQ | CVD=-108016 vs Ref=14748 | VAH=1291.50
2026-01-28 16:08:18,682 [INFO]     NSE:PAYTM-EQ | CVD=306399 vs Ref=378055 | VAH=1165.50
2026-01-28 16:08:19,234 [INFO]     NSE:SHRIRAMFIN-EQ | CVD=570058 vs Ref=556824 | VAH=1012.50
2026-01-28 16:08:19,583 [INFO]     NSE:LODHA-EQ | CVD=-48187 vs Ref=50573 | VAH=924.30
2026-01-28 16:08:19,955 [INFO]     NSE:SBICARD-EQ | CVD=-57880 vs Ref=54892 | VAH=788.10
2026-01-28 16:08:20,268 [INFO]     NSE:PGEL-EQ | CVD=38513 vs Ref=60181 | VAH=524.70
2026-01-28 16:08:20,532 [INFO]     NSE:OIL-EQ | CVD=862962 vs Ref=1883485 | VAH=488.40
2026-01-28 16:08:20,768 [INFO]     NSE:NATIONALUM-EQ | CVD=479917 vs Ref=481038 | VAH=391.50
2026-01-28 16:08:21,188 [INFO]     NSE:KALYANKJIL-EQ | CVD=-148862 vs Ref=119217 | VAH=373.95
2026-01-28 16:08:21,489 [INFO]     NSE:JIOFIN-EQ | CVD=478513 vs Ref=545350 | VAH=257.40
2026-01-28 16:08:21,756 [INFO]     NSE:WIPRO-EQ | CVD=1060156 vs Ref=640617 | VAH=237.60
2026-01-28 16:08:22,031 [INFO]     NSE:YESBANK-EQ | CVD=4523136 vs Ref=7921551 | VAH=21.40
2026-01-28 16:09:22,033 [INFO] 🔍 Scanning for alerts on 12 symbols (5min)...
2026-01-28 16:09:22,260 [INFO]     NSE:HAVELLS-EQ | CVD=-108016 vs Ref=14748 | VAH=1291.50
2026-01-28 16:09:22,668 [INFO]     NSE:PAYTM-EQ | CVD=306399 vs Ref=378055 | VAH=1165.50
2026-01-28 16:09:23,113 [INFO]     NSE:SHRIRAMFIN-EQ | CVD=570058 vs Ref=556824 | VAH=1012.50
2026-01-28 16:09:23,946 [INFO]     NSE:LODHA-EQ | CVD=-48187 vs Ref=50573 | VAH=924.30
2026-01-28 16:09:24,446 [INFO]     NSE:SBICARD-EQ | CVD=-57880 vs Ref=54892 | VAH=788.10
2026-01-28 16:09:24,774 [INFO]     NSE:PGEL-EQ | CVD=38513 vs Ref=60181 | VAH=524.70
2026-01-28 16:09:25,045 [INFO]     NSE:OIL-EQ | CVD=862962 vs Ref=1883485 | VAH=488.40
2026-01-28 16:09:25,306 [INFO]     NSE:NATIONALUM-EQ | CVD=479917 vs Ref=481038 | VAH=391.50
2026-01-28 16:09:25,703 [INFO]     NSE:KALYANKJIL-EQ | CVD=-148862 vs Ref=119217 | VAH=373.95
2026-01-28 16:09:26,972 [INFO]     NSE:JIOFIN-EQ | CVD=478513 vs Ref=545350 | VAH=257.40
2026-01-28 16:09:28,653 [INFO]     NSE:WIPRO-EQ | CVD=1060156 vs Ref=640617 | VAH=237.60
2026-01-28 16:09:29,542 [INFO]     NSE:YESBANK-EQ | CVD=4523136 vs Ref=7921551 | VAH=21.40
2026-01-28 16:10:29,546 [INFO] 🔍 Scanning for alerts on 12 symbols (5min)...
2026-01-28 16:10:29,953 [INFO]     NSE:HAVELLS-EQ | CVD=-108016 vs Ref=14748 | VAH=1291.50
2026-01-28 16:10:30,481 [INFO]     NSE:PAYTM-EQ | CVD=306399 vs Ref=378055 | VAH=1165.50
2026-01-28 16:10:30,882 [INFO]     NSE:SHRIRAMFIN-EQ | CVD=570058 vs Ref=556824 | VAH=1012.50
2026-01-28 16:10:31,215 [INFO]     NSE:LODHA-EQ | CVD=-48187 vs Ref=50573 | VAH=924.30
2026-01-28 16:10:31,452 [INFO]     NSE:SBICARD-EQ | CVD=-57880 vs Ref=54892 | VAH=788.10
2026-01-28 16:10:31,694 [INFO]     NSE:PGEL-EQ | CVD=38513 vs Ref=60181 | VAH=524.70
2026-01-28 16:10:32,203 [INFO]     NSE:OIL-EQ | CVD=862962 vs Ref=1883485 | VAH=488.40
2026-01-28 16:10:32,519 [INFO]     NSE:NATIONALUM-EQ | CVD=479917 vs Ref=481038 | VAH=391.50
2026-01-28 16:10:32,812 [INFO]     NSE:KALYANKJIL-EQ | CVD=-148862 vs Ref=119217 | VAH=373.95
2026-01-28 16:10:33,175 [INFO]     NSE:JIOFIN-EQ | CVD=478513 vs Ref=545350 | VAH=257.40
2026-01-28 16:10:33,498 [INFO]     NSE:WIPRO-EQ | CVD=1060156 vs Ref=640617 | VAH=237.60
2026-01-28 16:10:33,839 [INFO]     NSE:YESBANK-EQ | CVD=4523136 vs Ref=7921551 | VAH=21.40
2026-01-28 16:11:33,842 [INFO] 🔍 Scanning for alerts on 12 symbols (5min)...
2026-01-28 16:11:34,047 [INFO]     NSE:HAVELLS-EQ | CVD=-108016 vs Ref=14748 | VAH=1291.50
2026-01-28 16:11:34,250 [INFO]     NSE:PAYTM-EQ | CVD=306399 vs Ref=378055 | VAH=1165.50
2026-01-28 16:11:34,552 [INFO]     NSE:SHRIRAMFIN-EQ | CVD=570058 vs Ref=556824 | VAH=1012.50
2026-01-28 16:11:34,765 [INFO]     NSE:LODHA-EQ | CVD=-48187 vs Ref=50573 | VAH=924.30
2026-01-28 16:11:35,048 [INFO]     NSE:SBICARD-EQ | CVD=-57880 vs Ref=54892 | VAH=788.10
2026-01-28 16:11:35,284 [INFO]     NSE:PGEL-EQ | CVD=38513 vs Ref=60181 | VAH=524.70
2026-01-28 16:11:35,666 [INFO]     NSE:OIL-EQ | CVD=862962 vs Ref=1883485 | VAH=488.40
2026-01-28 16:11:35,898 [INFO]     NSE:NATIONALUM-EQ | CVD=479917 vs Ref=481038 | VAH=391.50
2026-01-28 16:11:36,149 [INFO]     NSE:KALYANKJIL-EQ | CVD=-148862 vs Ref=119217 | VAH=373.95
2026-01-28 16:11:36,413 [INFO]     NSE:JIOFIN-EQ | CVD=478513 vs Ref=545350 | VAH=257.40
2026-01-28 16:11:36,740 [INFO]     NSE:WIPRO-EQ | CVD=1060156 vs Ref=640617 | VAH=237.60
2026-01-28 16:11:37,223 [INFO]     NSE:YESBANK-EQ | CVD=4523136 vs Ref=7921551 | VAH=21.40
2026-01-28 16:12:37,226 [INFO] 🔍 Scanning for alerts on 12 symbols (5min)...
2026-01-28 16:12:37,461 [INFO]     NSE:HAVELLS-EQ | CVD=-108016 vs Ref=14748 | VAH=1291.50
2026-01-28 16:12:37,715 [INFO]     NSE:PAYTM-EQ | CVD=306399 vs Ref=378055 | VAH=1165.50
2026-01-28 16:12:37,930 [INFO]     NSE:SHRIRAMFIN-EQ | CVD=570058 vs Ref=556824 | VAH=1012.50
2026-01-28 16:12:38,139 [INFO]     NSE:LODHA-EQ | CVD=-48187 vs Ref=50573 | VAH=924.30
2026-01-28 16:12:38,382 [INFO]     NSE:SBICARD-EQ | CVD=-57880 vs Ref=54892 | VAH=788.10
2026-01-28 16:12:38,705 [INFO]     NSE:PGEL-EQ | CVD=38513 vs Ref=60181 | VAH=524.70
2026-01-28 16:12:39,000 [INFO]     NSE:OIL-EQ | CVD=862962 vs Ref=1883485 | VAH=488.40
2026-01-28 16:12:39,226 [INFO]     NSE:NATIONALUM-EQ | CVD=479917 vs Ref=481038 | VAH=391.50
2026-01-28 16:12:39,537 [INFO]     NSE:KALYANKJIL-EQ | CVD=-148862 vs Ref=119217 | VAH=373.95
2026-01-28 16:12:39,760 [INFO]     NSE:JIOFIN-EQ | CVD=478513 vs Ref=545350 | VAH=257.40
2026-01-28 16:12:40,032 [INFO]     NSE:WIPRO-EQ | CVD=1060156 vs Ref=640617 | VAH=237.60
2026-01-28 16:12:40,266 [INFO]     NSE:YESBANK-EQ | CVD=4523136 vs Ref=7921551 | VAH=21.40
2026-01-28 16:13:40,269 [INFO] 🔍 Scanning for alerts on 12 symbols (5min)...
2026-01-28 16:13:40,481 [INFO]     NSE:HAVELLS-EQ | CVD=-108016 vs Ref=14748 | VAH=1291.50
2026-01-28 16:13:40,706 [INFO]     NSE:PAYTM-EQ | CVD=306399 vs Ref=378055 | VAH=1165.50
2026-01-28 16:13:40,920 [INFO]     NSE:SHRIRAMFIN-EQ | CVD=570058 vs Ref=556824 | VAH=1012.50
2026-01-28 16:13:41,149 [INFO]     NSE:LODHA-EQ | CVD=-48187 vs Ref=50573 | VAH=924.30
2026-01-28 16:13:41,364 [INFO]     NSE:SBICARD-EQ | CVD=-57880 vs Ref=54892 | VAH=788.10
2026-01-28 16:13:41,732 [INFO]     NSE:PGEL-EQ | CVD=38513 vs Ref=60181 | VAH=524.70
2026-01-28 16:13:43,584 [INFO]     NSE:OIL-EQ | CVD=862962 vs Ref=1883485 | VAH=488.40
2026-01-28 16:13:43,850 [INFO]     NSE:NATIONALUM-EQ | CVD=479917 vs Ref=481038 | VAH=391.50
2026-01-28 16:13:44,083 [INFO]     NSE:KALYANKJIL-EQ | CVD=-148862 vs Ref=119217 | VAH=373.95
2026-01-28 16:13:44,318 [INFO]     NSE:JIOFIN-EQ | CVD=478513 vs Ref=545350 | VAH=257.40
2026-01-28 16:13:44,897 [INFO]     NSE:WIPRO-EQ | CVD=1060156 vs Ref=640617 | VAH=237.60
2026-01-28 16:13:45,159 [INFO]     NSE:YESBANK-EQ | CVD=4523136 vs Ref=7921551 | VAH=21.40
2026-01-28 16:14:45,161 [INFO] 🔍 Scanning for alerts on 12 symbols (5min)...
2026-01-28 16:14:45,422 [INFO]     NSE:HAVELLS-EQ | CVD=-108016 vs Ref=14748 | VAH=1291.50
2026-01-28 16:14:45,616 [INFO]     NSE:PAYTM-EQ | CVD=306399 vs Ref=378055 | VAH=1165.50
2026-01-28 16:14:45,836 [INFO]     NSE:SHRIRAMFIN-EQ | CVD=570058 vs Ref=556824 | VAH=1012.50
2026-01-28 16:14:46,048 [INFO]     NSE:LODHA-EQ | CVD=-48187 vs Ref=50573 | VAH=924.30
2026-01-28 16:14:46,263 [INFO]     NSE:SBICARD-EQ | CVD=-57880 vs Ref=54892 | VAH=788.10
2026-01-28 16:14:48,099 [INFO]     NSE:PGEL-EQ | CVD=38513 vs Ref=60181 | VAH=524.70
2026-01-28 16:14:48,292 [INFO]     NSE:OIL-EQ | CVD=862962 vs Ref=1883485 | VAH=488.40
2026-01-28 16:14:48,514 [INFO]     NSE:NATIONALUM-EQ | CVD=479917 vs Ref=481038 | VAH=391.50
2026-01-28 16:14:48,715 [INFO]     NSE:KALYANKJIL-EQ | CVD=-148862 vs Ref=119217 | VAH=373.95
2026-01-28 16:14:48,931 [INFO]     NSE:JIOFIN-EQ | CVD=478513 vs Ref=545350 | VAH=257.40
2026-01-28 16:14:49,148 [INFO]     NSE:WIPRO-EQ | CVD=1060156 vs Ref=640617 | VAH=237.60
2026-01-28 16:14:49,380 [INFO]     NSE:YESBANK-EQ | CVD=4523136 vs Ref=7921551 | VAH=21.40
2026-01-28 16:15:49,382 [INFO] 🔍 Scanning for alerts on 12 symbols (5min)...
2026-01-28 16:15:49,598 [INFO]     NSE:HAVELLS-EQ | CVD=-108016 vs Ref=14748 | VAH=1291.50
2026-01-28 16:15:49,802 [INFO]     NSE:PAYTM-EQ | CVD=306399 vs Ref=378055 | VAH=1165.50
2026-01-28 16:15:50,018 [INFO]     NSE:SHRIRAMFIN-EQ | CVD=570058 vs Ref=556824 | VAH=1012.50
2026-01-28 16:15:50,280 [INFO]     NSE:LODHA-EQ | CVD=-48187 vs Ref=50573 | VAH=924.30
2026-01-28 16:15:50,505 [INFO]     NSE:SBICARD-EQ | CVD=-57880 vs Ref=54892 | VAH=788.10
2026-01-28 16:15:50,782 [INFO]     NSE:PGEL-EQ | CVD=38513 vs Ref=60181 | VAH=524.70
2026-01-28 16:15:52,615 [INFO]     NSE:OIL-EQ | CVD=862962 vs Ref=1883485 | VAH=488.40
2026-01-28 16:15:52,865 [INFO]     NSE:NATIONALUM-EQ | CVD=479917 vs Ref=481038 | VAH=391.50
2026-01-28 16:15:53,087 [INFO]     NSE:KALYANKJIL-EQ | CVD=-148862 vs Ref=119217 | VAH=373.95
2026-01-28 16:15:53,304 [INFO]     NSE:JIOFIN-EQ | CVD=478513 vs Ref=545350 | VAH=257.40
2026-01-28 16:15:53,853 [INFO]     NSE:WIPRO-EQ | CVD=1060156 vs Ref=640617 | VAH=237.60
2026-01-28 16:15:54,613 [INFO]     NSE:YESBANK-EQ | CVD=4523136 vs Ref=7921551 | VAH=21.40
2026-01-28 16:16:54,615 [INFO] 🔍 Scanning for alerts on 12 symbols (5min)...
2026-01-28 16:16:54,824 [INFO]     NSE:HAVELLS-EQ | CVD=-108016 vs Ref=14748 | VAH=1291.50
2026-01-28 16:16:55,048 [INFO]     NSE:PAYTM-EQ | CVD=306399 vs Ref=378055 | VAH=1165.50
2026-01-28 16:16:55,315 [INFO]     NSE:SHRIRAMFIN-EQ | CVD=570058 vs Ref=556824 | VAH=1012.50
2026-01-28 16:16:57,177 [INFO]     NSE:LODHA-EQ | CVD=-48187 vs Ref=50573 | VAH=924.30
2026-01-28 16:16:57,573 [INFO]     NSE:SBICARD-EQ | CVD=-57880 vs Ref=54892 | VAH=788.10
2026-01-28 16:16:58,129 [INFO]     NSE:PGEL-EQ | CVD=38513 vs Ref=60181 | VAH=524.70
2026-01-28 16:16:58,630 [INFO]     NSE:OIL-EQ | CVD=862962 vs Ref=1883485 | VAH=488.40
2026-01-28 16:16:59,294 [INFO]     NSE:NATIONALUM-EQ | CVD=479917 vs Ref=481038 | VAH=391.50
2026-01-28 16:16:59,712 [INFO]     NSE:KALYANKJIL-EQ | CVD=-148862 vs Ref=119217 | VAH=373.95
2026-01-28 16:17:00,069 [INFO]     NSE:JIOFIN-EQ | CVD=478513 vs Ref=545350 | VAH=257.40
2026-01-28 16:17:00,350 [INFO]     NSE:WIPRO-EQ | CVD=1060156 vs Ref=640617 | VAH=237.60
2026-01-28 16:17:00,583 [INFO]     NSE:YESBANK-EQ | CVD=4523136 vs Ref=7921551 | VAH=21.40
2026-01-28 16:18:00,586 [INFO] 🔍 Scanning for alerts on 12 symbols (5min)...
2026-01-28 16:18:00,838 [INFO]     NSE:HAVELLS-EQ | CVD=-108016 vs Ref=14748 | VAH=1291.50
2026-01-28 16:18:01,082 [INFO]     NSE:PAYTM-EQ | CVD=306399 vs Ref=378055 | VAH=1165.50
2026-01-28 16:18:01,321 [INFO]     NSE:SHRIRAMFIN-EQ | CVD=570058 vs Ref=556824 | VAH=1012.50
2026-01-28 16:18:01,540 [INFO]     NSE:LODHA-EQ | CVD=-48187 vs Ref=50573 | VAH=924.30
2026-01-28 16:18:01,760 [INFO]     NSE:SBICARD-EQ | CVD=-57880 vs Ref=54892 | VAH=788.10
2026-01-28 16:18:02,001 [INFO]     NSE:PGEL-EQ | CVD=38513 vs Ref=60181 | VAH=524.70
2026-01-28 16:18:02,349 [INFO]     NSE:OIL-EQ | CVD=862962 vs Ref=1883485 | VAH=488.40
2026-01-28 16:18:02,894 [INFO]     NSE:NATIONALUM-EQ | CVD=479917 vs Ref=481038 | VAH=391.50
2026-01-28 16:18:03,565 [INFO]     NSE:KALYANKJIL-EQ | CVD=-148862 vs Ref=119217 | VAH=373.95
2026-01-28 16:18:03,978 [INFO]     NSE:JIOFIN-EQ | CVD=478513 vs Ref=545350 | VAH=257.40
2026-01-28 16:18:04,529 [INFO]     NSE:WIPRO-EQ | CVD=1060156 vs Ref=640617 | VAH=237.60
2026-01-28 16:18:05,057 [INFO]     NSE:YESBANK-EQ | CVD=4523136 vs Ref=7921551 | VAH=21.40
2026-01-28 16:18:09,057 [INFO] 👋 Monitoring stopped by user.
