2026-02-03 09:27:45,125 INFO [START] CMF Exit Monitor Started (2-min polling)...
2026-02-03 09:29:45,382 INFO [MONITOR] NSE:SBIN-EQ (LONG) | CMF: -0.0857 @ 13:40
2026-02-03 09:31:49,589 INFO [MONITOR] NSE:SBIN-EQ (LONG) | CMF: -0.0857 @ 13:40
2026-02-03 09:33:52,693 INFO [MONITOR] NSE:SBIN-EQ (LONG) | CMF: -0.0857 @ 13:40
2026-02-03 09:34:17,142 INFO [START] CMF Exit Monitor Started (2-min polling)...
2026-02-03 09:34:17,894 INFO [MONITOR] NSE:SBIN-EQ (LONG) | CMF: -0.0857 @ 13:40
2026-02-03 09:34:42,028 ERROR [ERROR] Error in onOrders: 'str' object has no attribute 'get'
2026-02-03 09:34:42,030 ERROR [ERROR] Error in onOrders: 'str' object has no attribute 'get'
2026-02-03 09:34:42,034 ERROR [ERROR] Error in onOrders: 'str' object has no attribute 'get'
2026-02-03 09:34:42,144 ERROR [ERROR] Error in onOrders: 'str' object has no attribute 'get'
2026-02-03 09:36:20,724 INFO [MONITOR] NSE:SBIN-EQ (LONG) | CMF: -0.0857 @ 13:40
2026-02-03 09:36:24,119 INFO [MONITOR] NSE:YESBANK-EQ (LONG) | CMF: -0.1232 @ 13:45
2026-02-03 09:38:23,117 ERROR [ERROR] Error in onOrders: 'str' object has no attribute 'get'
2026-02-03 09:38:23,119 ERROR [ERROR] Error in onOrders: 'str' object has no attribute 'get'
2026-02-03 09:38:23,133 ERROR [ERROR] Error in onOrders: 'str' object has no attribute 'get'
2026-02-03 09:38:23,135 ERROR [ERROR] Error in onOrders: 'str' object has no attribute 'get'
2026-02-03 09:38:23,137 ERROR [ERROR] Error in onOrders: 'str' object has no attribute 'get'
2026-02-03 09:38:23,138 ERROR [ERROR] Error in onOrders: 'str' object has no attribute 'get'
2026-02-03 09:38:23,140 ERROR [ERROR] Error in onOrders: 'str' object has no attribute 'get'
2026-02-03 09:38:23,142 ERROR [ERROR] Error in onOrders: 'str' object has no attribute 'get'
2026-02-03 09:39:21,640 INFO [START] CMF Exit Monitor Started (2-min polling)...
2026-02-03 09:39:21,780 INFO [MONITOR] NSE:SBIN-EQ (LONG) | CMF: -0.0857 @ 13:40
2026-02-03 09:39:24,130 INFO [MONITOR] NSE:YESBANK-EQ (LONG) | CMF: -0.1232 @ 13:45
2026-02-03 09:40:12,513 INFO [START] CMF Exit Monitor Started (2-min polling)...
2026-02-03 09:40:12,940 INFO [MONITOR] NSE:SBIN-EQ (LONG) | CMF: -0.0857 @ 13:40
2026-02-03 09:40:13,063 ERROR Error: Handshake status 403 Forbidden -+-+- {'date': 'Tue, 03 Feb 2026 04:10:13 GMT', 'content-length': '0', 'connection': 'keep-alive', 'cf-cache-status': 'DYNAMIC', 'set-cookie': '__cf_bm=qHJAbiAgXqbE6Ix8WnG39.4Ih6Pp.KpQOiLIZb6tniA-1770091813-1.0.1.1-yNwM9Bjpsmxa_I0Jlq8YH04anNBHQ2CENxUtrE0fO2G5X1m5a4MgpLNnCpCo8G7mixR9e9f4hXQoh3mNbT9zQXJ5P.9K1LidGLw3XyNVVNk; path=/; expires=Tue, 03-Feb-26 04:40:13 GMT; domain=.fyers.in; HttpOnly; Secure; _cfuvid=dZ.U2WIfJ31Cd31WGP_QaLPAUeEnv5eNSRGoFCIJ3G0-1770091813896-0.0.1.1-604800000; path=/; domain=.fyers.in; HttpOnly; Secure; SameSite=None', 'strict-transport-security': 'max-age=31536000; includeSubDomains; preload', 'x-content-type-options': 'nosniff', 'server': 'cloudflare', 'cf-ray': '9c7f13ccb8d53a3c-BOM'} -+-+- b''
2026-02-03 09:40:18,562 ERROR Error: Handshake status 403 Forbidden -+-+- {'date': 'Tue, 03 Feb 2026 04:10:19 GMT', 'content-length': '0', 'connection': 'keep-alive', 'cf-cache-status': 'DYNAMIC', 'set-cookie': '__cf_bm=bLux2qU5cOYWYHk4IsJhX336JK0t3Lhtxq8gPs_gGEA-1770091819-1.0.1.1-wHzehjXLkvQFYsI07C1EdYvNX.gNx_g0dqYoAOX1Br.LtK2c7Lfo65yO1Vav4y6p71XulBNFrVBJ3EWYOQI5_K3jxoQ9xNn6Ufu6cmuvqz0; path=/; expires=Tue, 03-Feb-26 04:40:19 GMT; domain=.fyers.in; HttpOnly; Secure; _cfuvid=qPq..8LDefDETVaENBucw4QF52e6x6ifNF05j0Pu02k-1770091819394-0.0.1.1-604800000; path=/; domain=.fyers.in; HttpOnly; Secure; SameSite=None', 'strict-transport-security': 'max-age=31536000; includeSubDomains; preload', 'x-content-type-options': 'nosniff', 'server': 'cloudflare', 'cf-ray': '9c7f13ef1d3246fe-BOM'} -+-+- b''
2026-02-03 09:40:20,482 INFO [MONITOR] NSE:YESBANK-EQ (LONG) | CMF: -0.1232 @ 13:45
2026-02-03 09:40:24,026 ERROR Error: Handshake status 403 Forbidden -+-+- {'date': 'Tue, 03 Feb 2026 04:10:24 GMT', 'content-length': '0', 'connection': 'keep-alive', 'cf-cache-status': 'DYNAMIC', 'set-cookie': '__cf_bm=RjrVQCvFoG1M0HqHt_qE62EO0nqc7yLAVcB6J9_2SSQ-1770091824-1.0.1.1-oED6HRGWa4FMLoezLiOre7x4JXrSuMbyKaMf9hO1xjjxDLZXkL.sre7kEc8gCWGlKGgy98nKtkks5cqxmFPJ_XJh_2ibD84RuUzvQpQC0sQ; path=/; expires=Tue, 03-Feb-26 04:40:24 GMT; domain=.fyers.in; HttpOnly; Secure; _cfuvid=VsX19nEbvCCNdbebOIVcCO1eGOgVUfU9SVWzUbsmJzY-1770091824861-0.0.1.1-604800000; path=/; domain=.fyers.in; HttpOnly; Secure; SameSite=None', 'strict-transport-security': 'max-age=31536000; includeSubDomains; preload', 'x-content-type-options': 'nosniff', 'server': 'cloudflare', 'cf-ray': '9c7f1411492a41a4-BOM'} -+-+- b''
2026-02-03 09:40:29,448 ERROR Error: Handshake status 403 Forbidden -+-+- {'date': 'Tue, 03 Feb 2026 04:10:30 GMT', 'content-length': '0', 'connection': 'keep-alive', 'cf-cache-status': 'DYNAMIC', 'set-cookie': '__cf_bm=KIklbWF7ryQIgMclRz1nKmBLjJzg2titgwQnuGBhAA0-1770091830-1.0.1.1-rGzhDyMrxRyou2rjwX.l6en2wqWK4JNSrgtqAc_Whsl0C95f7CsCKI31P9SLuHpRwVuKLUK0fI8dD13ybr8D4evq8wAkQ248XSL8Vnbjmco; path=/; expires=Tue, 03-Feb-26 04:40:30 GMT; domain=.fyers.in; HttpOnly; Secure; _cfuvid=9cX5Q0sBBVxKu_slI6UH_J07aGO5RsoXEpcef_3xsFk-1770091830283-0.0.1.1-604800000; path=/; domain=.fyers.in; HttpOnly; Secure; SameSite=None', 'strict-transport-security': 'max-age=31536000; includeSubDomains; preload', 'x-content-type-options': 'nosniff', 'server': 'cloudflare', 'cf-ray': '9c7f14331bb93f79-BOM'} -+-+- b''
2026-02-03 09:40:35,369 ERROR Error: Handshake status 403 Forbidden -+-+- {'date': 'Tue, 03 Feb 2026 04:10:36 GMT', 'content-length': '0', 'connection': 'keep-alive', 'cf-cache-status': 'DYNAMIC', 'set-cookie': '__cf_bm=ATlbVnN67Nj2xW5NC0dhTrVlRrpOuod3gMqQdkRV_a8-1770091836-1.0.1.1-MPivShKU076g6ePUmqzV6_dPNyVgD_cbCS1I8ixt5bRP0boKO.p9cR9PaI4KxGSuOrMlDgcZNSxTteWt6UQ0HY1kx_RbjatbBz01i8d2Ozk; path=/; expires=Tue, 03-Feb-26 04:40:36 GMT; domain=.fyers.in; HttpOnly; Secure; _cfuvid=kK01GBkAKY4Cw2GHdwrvQF3h9WO7IdU7q1kwhEvFBm0-1770091836196-0.0.1.1-604800000; path=/; domain=.fyers.in; HttpOnly; Secure; SameSite=None', 'strict-transport-security': 'max-age=31536000; includeSubDomains; preload', 'x-content-type-options': 'nosniff', 'server': 'cloudflare', 'cf-ray': '9c7f14581ed447e3-BOM'} -+-+- b''
2026-02-03 09:40:40,835 ERROR Error: Handshake status 403 Forbidden -+-+- {'date': 'Tue, 03 Feb 2026 04:10:41 GMT', 'content-length': '0', 'connection': 'keep-alive', 'cf-cache-status': 'DYNAMIC', 'set-cookie': '__cf_bm=qfP6A.wnJQ1jqF1kMlE1laYD0683zcPgxV6qdTeYUlE-1770091841-1.0.1.1-isMwL7I1khYOD4OpVeuNSetEDZTXZh9j07KD_D7ETGbS.UnLUmQWnjf4fm9KIr0p_OZn0OzPUPfjYmazs7Bc.DKXlKPmCGs6DBwb5c5tZv0; path=/; expires=Tue, 03-Feb-26 04:40:41 GMT; domain=.fyers.in; HttpOnly; Secure; _cfuvid=rPozjwCPufGIx7Gl8Tn27QK6VnO96pz7E4x5WhxBftM-1770091841666-0.0.1.1-604800000; path=/; domain=.fyers.in; HttpOnly; Secure; SameSite=None', 'strict-transport-security': 'max-age=31536000; includeSubDomains; preload', 'x-content-type-options': 'nosniff', 'server': 'cloudflare', 'cf-ray': '9c7f147a4c4071b6-BOM'} -+-+- b''
2026-02-03 09:41:39,049 INFO [START] CMF Exit Monitor Started (2-min polling)...
2026-02-03 09:41:40,005 ERROR Error: Handshake status 403 Forbidden -+-+- {'date': 'Tue, 03 Feb 2026 04:11:40 GMT', 'content-length': '0', 'connection': 'keep-alive', 'cf-cache-status': 'DYNAMIC', 'set-cookie': '__cf_bm=_KwLarTD4vuqxB7nCY9fy57FaIdLMV.5JuvN63qT9i4-1770091900-1.0.1.1-8TEUtaPeWqC6y2KMvRZ2zPPU1KYP4osGg6qHp0py3aeOgsdyHfm8NsJTX_oMa56D9ef9dSRsSMHo1uUVQ4KFTtdIdl14D13P99EmIIu4aeA; path=/; expires=Tue, 03-Feb-26 04:41:40 GMT; domain=.fyers.in; HttpOnly; Secure; _cfuvid=fm4.uLoZhw2lCUjvzD_F83XH9_9wTajfdjsqeIEw0DU-1770091900831-0.0.1.1-604800000; path=/; domain=.fyers.in; HttpOnly; Secure; SameSite=None', 'strict-transport-security': 'max-age=31536000; includeSubDomains; preload', 'x-content-type-options': 'nosniff', 'server': 'cloudflare', 'cf-ray': '9c7f15ec187ecc07-BOM'} -+-+- b''
2026-02-03 09:41:45,758 ERROR Error: Handshake status 403 Forbidden -+-+- {'date': 'Tue, 03 Feb 2026 04:11:46 GMT', 'content-length': '0', 'connection': 'keep-alive', 'cf-cache-status': 'DYNAMIC', 'set-cookie': '__cf_bm=n_KsTHCNE7Ifq3dcIu2KEeouN9W_PXp3mRBHPFFdi.g-1770091906-1.0.1.1-Vyc4GInwQXcu8tVjB.IKcNViaRXd2pb3k06sfiGiAQMi9Ex3A8rl5MMCRuVLledpD4FtBgu3Ze10rSi_Ou.Ao177gaIXI6bsX6y1V256ny4; path=/; expires=Tue, 03-Feb-26 04:41:46 GMT; domain=.fyers.in; HttpOnly; Secure; _cfuvid=0B8lP9XNToN_GKEwqgRPG8tINidVO9F67W3I.suhM48-1770091906584-0.0.1.1-604800000; path=/; domain=.fyers.in; HttpOnly; Secure; SameSite=None', 'strict-transport-security': 'max-age=31536000; includeSubDomains; preload', 'x-content-type-options': 'nosniff', 'server': 'cloudflare', 'cf-ray': '9c7f161008d64734-BOM'} -+-+- b''
2026-02-03 09:42:18,228 INFO [START] CMF Exit Monitor Started (2-min polling)...
2026-02-03 09:42:19,161 ERROR Error: Handshake status 403 Forbidden -+-+- {'date': 'Tue, 03 Feb 2026 04:12:19 GMT', 'content-length': '0', 'connection': 'keep-alive', 'cf-cache-status': 'DYNAMIC', 'set-cookie': '__cf_bm=krPGYvXo2YRbi8KUXLx.Op4uSpZQxm4qpaoL4GITO3g-1770091939-1.0.1.1-3bmAc06tCEP_bIZgpBHW2WVJh8_KtL.TYUk7hh1DIO5mFLZAbY5LdDt7bziximNv_oDrWUQ.aLcvtDN8AzVQTs8dF.H.itHw1UmI9g7dELE; path=/; expires=Tue, 03-Feb-26 04:42:19 GMT; domain=.fyers.in; HttpOnly; Secure; _cfuvid=h2VPrzz_z2n_XQWAnJLDVStXNjG05R5LP4PDyu5pJJc-1770091939988-0.0.1.1-604800000; path=/; domain=.fyers.in; HttpOnly; Secure; SameSite=None', 'strict-transport-security': 'max-age=31536000; includeSubDomains; preload', 'x-content-type-options': 'nosniff', 'server': 'cloudflare', 'cf-ray': '9c7f16e0df432e65-BOM'} -+-+- b''
2026-02-03 09:42:24,891 ERROR Error: Handshake status 403 Forbidden -+-+- {'date': 'Tue, 03 Feb 2026 04:12:25 GMT', 'content-length': '0', 'connection': 'keep-alive', 'cf-cache-status': 'DYNAMIC', 'set-cookie': '__cf_bm=nIM.7k8d_prsLDCYHjFhDUISXSgE1LY8jvVkmvBfxkQ-1770091945-1.0.1.1-qBsCYsYFnOY0_B_xtNDB0ty5fZAkTz28sBfEl_FTS1VF1MJtnud.JPJPxPpFAQIIhdSlb4vyZq.0DqNrkmzj_RJz1fk3CUAM_w0GKlC9md0; path=/; expires=Tue, 03-Feb-26 04:42:25 GMT; domain=.fyers.in; HttpOnly; Secure; _cfuvid=_LG4eUN_Gb3r419gqbw5ThKNviSgk.Z30grwVqn1pjE-1770091945727-0.0.1.1-604800000; path=/; domain=.fyers.in; HttpOnly; Secure; SameSite=None', 'strict-transport-security': 'max-age=31536000; includeSubDomains; preload', 'x-content-type-options': 'nosniff', 'server': 'cloudflare', 'cf-ray': '9c7f1704aff34081-BOM'} -+-+- b''
2026-02-03 09:42:30,715 ERROR Error: Handshake status 403 Forbidden -+-+- {'date': 'Tue, 03 Feb 2026 04:12:31 GMT', 'content-length': '0', 'connection': 'keep-alive', 'cf-cache-status': 'DYNAMIC', 'set-cookie': '__cf_bm=OEtl0As4jjogXVaqMwDEryW_1xyap5.AAP9njvTyH1E-1770091951-1.0.1.1-jvefxhHiFFzcKtnXJyiIoPxFiWqmOC1Ax9zFrZTA5URdfLbe5FlU1uqoi0FTqQdWhJkZAdGnj0pE.cUODKfPgRkZSnMGJj7bCDtFO6oKK48; path=/; expires=Tue, 03-Feb-26 04:42:31 GMT; domain=.fyers.in; HttpOnly; Secure; _cfuvid=RsbCvrVSSwOpj6338IT936sFvAJpuPuYqWNYT7hFivs-1770091951541-0.0.1.1-604800000; path=/; domain=.fyers.in; HttpOnly; Secure; SameSite=None', 'strict-transport-security': 'max-age=31536000; includeSubDomains; preload', 'x-content-type-options': 'nosniff', 'server': 'cloudflare', 'cf-ray': '9c7f17290f8d84d1-BOM'} -+-+- b''
2026-02-03 09:47:36,627 INFO [START] CMF Exit Monitor Started (2-min polling)...
2026-02-03 09:47:37,083 ERROR Error: Handshake status 403 Forbidden -+-+- {'date': 'Tue, 03 Feb 2026 04:17:37 GMT', 'content-length': '0', 'connection': 'keep-alive', 'cf-cache-status': 'DYNAMIC', 'set-cookie': '__cf_bm=WWfchfkjArn8CYK41VNtTsNdooiXksgtn5lu0g5glQU-1770092257-1.0.1.1-h7x4sK.IiSA8W_NeMoYxm8s8follc_btUE6e40WRNFsPYKA9XtbSuHkgOSsjbCABDIqE9vuJypUYt7qMJKNdJdR1TByYoeWgVwPFFBdOA7A; path=/; expires=Tue, 03-Feb-26 04:47:37 GMT; domain=.fyers.in; HttpOnly; Secure; _cfuvid=EU109yS4vRtfijSha8z4Ve3jYuCWWwEh8Hk2R.wTCdE-1770092257922-0.0.1.1-604800000; path=/; domain=.fyers.in; HttpOnly; Secure; SameSite=None', 'strict-transport-security': 'max-age=31536000; includeSubDomains; preload', 'x-content-type-options': 'nosniff', 'server': 'cloudflare', 'cf-ray': '9c7f1ea3dccc8371-BOM'} -+-+- b''
2026-02-03 09:47:42,483 ERROR Error: Handshake status 403 Forbidden -+-+- {'date': 'Tue, 03 Feb 2026 04:17:43 GMT', 'content-length': '0', 'connection': 'keep-alive', 'cf-cache-status': 'DYNAMIC', 'set-cookie': '__cf_bm=Gg67HZVhao17ickTDRukLFRnKESqnTI8Aubk_LeTbA4-1770092263-1.0.1.1-9T0o54N7PAfqbBzr.p5lZbC2_6Qfzj_L5bCcRzWybbsiqiI9jqeXTt.vN.XH3k1GhwDnLL0hX.gKrU9vau6eT09D4h2TDCmWhrVKwXiQOIY; path=/; expires=Tue, 03-Feb-26 04:47:43 GMT; domain=.fyers.in; HttpOnly; Secure; _cfuvid=MMF4LIs6dRajsAhRBawCstfdgRZb1suKdVgxq2xFVsE-1770092263325-0.0.1.1-604800000; path=/; domain=.fyers.in; HttpOnly; Secure; SameSite=None', 'strict-transport-security': 'max-age=31536000; includeSubDomains; preload', 'x-content-type-options': 'nosniff', 'server': 'cloudflare', 'cf-ray': '9c7f1ec5a9353e10-BOM'} -+-+- b''
2026-02-03 09:47:47,973 ERROR Error: Handshake status 403 Forbidden -+-+- {'date': 'Tue, 03 Feb 2026 04:17:48 GMT', 'content-length': '0', 'connection': 'keep-alive', 'cf-cache-status': 'DYNAMIC', 'set-cookie': '__cf_bm=btC1qmIbIDNxro3NDCxOPT_xA35X9e.j4ezG0QfETSw-1770092268-1.0.1.1-vzJa3Cu4dJDpxhTa7rdW.TU1qf5NG3J1DwuJAtmtiwOSyDzsI4c6jxmhsMdLzAcgCmuAOwYiT8wfL7eFq.2Q8h9Y.rtY_pLNeIkyog75Ygk; path=/; expires=Tue, 03-Feb-26 04:47:48 GMT; domain=.fyers.in; HttpOnly; Secure; _cfuvid=ul49L4OWJzlPQ7ViEsRZF4Sn7Zf3Wrsw5DIyOY512Bo-1770092268816-0.0.1.1-604800000; path=/; domain=.fyers.in; HttpOnly; Secure; SameSite=None', 'strict-transport-security': 'max-age=31536000; includeSubDomains; preload', 'x-content-type-options': 'nosniff', 'server': 'cloudflare', 'cf-ray': '9c7f1ee7e8b6ff63-BOM'} -+-+- b''
2026-02-03 09:50:12,473 INFO [START] CMF Exit Monitor Started (2-min polling)...
2026-02-03 09:51:49,959 INFO [START] CMF Exit Monitor Started (2-min polling)...
2026-02-03 09:53:40,786 INFO [START] CMF Exit Monitor Started (2-min polling)...
2026-02-03 09:53:41,980 INFO [MONITOR] NSE:BANKBARODA-EQ (LONG) | CMF: -0.1156 @ 13:40
2026-02-03 10:54:08,235 [INFO] ==================================================
2026-02-03 10:54:08,257 [INFO] 🚀 INITIALIZING STRATEGY ALERTS (5min)
2026-02-03 10:54:08,257 [INFO] ==================================================
2026-02-03 10:54:08,257 [INFO] 📅 FRVP Configuration:
2026-02-03 10:54:08,258 [INFO]    • Range: 09:15 - 10:25
2026-02-03 10:54:08,258 [INFO]    • Rows: 24 | VA%: 70
2026-02-03 10:54:08,259 [INFO] 
🌊 CVD Configuration:
2026-02-03 10:54:08,259 [INFO]    • Anchor: D
2026-02-03 10:54:08,260 [INFO]    • Ref Candles: First 16 candles of the day
2026-02-03 10:54:08,260 [INFO] --------------------------------------------------
2026-02-03 10:54:08,260 [INFO] ⏳ calculating reference levels for all symbols...
2026-02-03 10:54:08,544 [INFO] ✅ NSE:KEI-EQ           | CVD Ref (1st 16 c): 120988 | FRVP VAH:  4480.00
2026-02-03 10:54:08,762 [INFO] ✅ NSE:SBILIFE-EQ       | CVD Ref (1st 16 c):   3985 | FRVP VAH:  2059.40
2026-02-03 10:54:09,120 [INFO] ✅ NSE:HAVELLS-EQ       | CVD Ref (1st 16 c): 221616 | FRVP VAH:  1332.45
2026-02-03 10:54:09,620 [INFO] ✅ NSE:AUROPHARMA-EQ    | CVD Ref (1st 16 c): 323967 | FRVP VAH:  1239.00
2026-02-03 10:54:09,991 [INFO] ✅ NSE:JSWSTEEL-EQ      | CVD Ref (1st 16 c):  34825 | FRVP VAH:  1233.75
2026-02-03 10:54:10,196 [INFO] ✅ NSE:UNOMINDA-EQ      | CVD Ref (1st 16 c):  22181 | FRVP VAH:  1236.30
2026-02-03 10:54:10,394 [INFO] ✅ NSE:HDFCLIFE-EQ      | CVD Ref (1st 16 c): 225855 | FRVP VAH:   731.20
2026-02-03 10:54:10,394 [INFO] ==================================================

2026-02-03 10:54:10,395 [INFO] 🚀 Buy Alert Monitoring Started...
2026-02-03 10:54:10,396 [INFO] 🔍 Scanning for alerts on 7 symbols (5min)...
2026-02-03 10:54:10,704 [INFO]     NSE:KEI-EQ | CVD=9159 vs Ref=120988 | Close=4318.50 vs VAH=4480.00
2026-02-03 10:54:11,035 [INFO]     NSE:SBILIFE-EQ | CVD=-69427 vs Ref=3985 | Close=2043.30 vs VAH=2059.40
2026-02-03 10:54:11,342 [INFO]     NSE:HAVELLS-EQ | CVD=160615 vs Ref=221616 | Close=1315.70 vs VAH=1332.45
2026-02-03 10:54:11,622 [INFO]     NSE:AUROPHARMA-EQ | CVD=289440 vs Ref=323967 | Close=1229.70 vs VAH=1239.00
2026-02-03 10:54:11,975 [INFO]     NSE:JSWSTEEL-EQ | CVD=-199221 vs Ref=34825 | Close=1225.50 vs VAH=1233.75
2026-02-03 10:54:12,292 [INFO]     NSE:UNOMINDA-EQ | CVD=-58922 vs Ref=22181 | Close=1215.20 vs VAH=1236.30
2026-02-03 10:54:12,586 [INFO]     NSE:HDFCLIFE-EQ | CVD=4280 vs Ref=225855 | Close=724.55 vs VAH=731.20
2026-02-03 10:55:12,588 [INFO] 🔍 Scanning for alerts on 7 symbols (5min)...
2026-02-03 10:55:12,841 [INFO]     NSE:KEI-EQ | CVD=9159 vs Ref=120988 | Close=4318.50 vs VAH=4480.00
2026-02-03 10:55:13,117 [INFO]     NSE:SBILIFE-EQ | CVD=-69427 vs Ref=3985 | Close=2043.30 vs VAH=2059.40
2026-02-03 10:55:13,376 [INFO]     NSE:HAVELLS-EQ | CVD=160615 vs Ref=221616 | Close=1315.70 vs VAH=1332.45
2026-02-03 10:55:13,662 [INFO]     NSE:AUROPHARMA-EQ | CVD=289440 vs Ref=323967 | Close=1229.70 vs VAH=1239.00
2026-02-03 10:55:13,940 [INFO]     NSE:JSWSTEEL-EQ | CVD=-199221 vs Ref=34825 | Close=1225.50 vs VAH=1233.75
2026-02-03 10:55:14,219 [INFO]     NSE:UNOMINDA-EQ | CVD=-58922 vs Ref=22181 | Close=1215.20 vs VAH=1236.30
2026-02-03 10:55:14,489 [INFO]     NSE:HDFCLIFE-EQ | CVD=4280 vs Ref=225855 | Close=724.55 vs VAH=731.20
2026-02-03 10:56:14,490 [INFO] 🔍 Scanning for alerts on 7 symbols (5min)...
2026-02-03 10:56:14,854 [INFO]     NSE:KEI-EQ | CVD=15830 vs Ref=120988 | Close=4319.60 vs VAH=4480.00
2026-02-03 10:56:15,194 [INFO]     NSE:SBILIFE-EQ | CVD=-70012 vs Ref=3985 | Close=2043.90 vs VAH=2059.40
2026-02-03 10:56:15,482 [INFO]     NSE:HAVELLS-EQ | CVD=161427 vs Ref=221616 | Close=1315.30 vs VAH=1332.45
2026-02-03 10:56:15,789 [INFO]     NSE:AUROPHARMA-EQ | CVD=282493 vs Ref=323967 | Close=1226.80 vs VAH=1239.00
2026-02-03 10:56:16,105 [INFO]     NSE:JSWSTEEL-EQ | CVD=-199062 vs Ref=34825 | Close=1226.30 vs VAH=1233.75
2026-02-03 10:56:16,379 [INFO]     NSE:UNOMINDA-EQ | CVD=-58696 vs Ref=22181 | Close=1216.90 vs VAH=1236.30
2026-02-03 10:56:16,698 [INFO]     NSE:HDFCLIFE-EQ | CVD=13958 vs Ref=225855 | Close=725.00 vs VAH=731.20
2026-02-03 10:57:16,700 [INFO] 🔍 Scanning for alerts on 7 symbols (5min)...
2026-02-03 10:57:16,971 [INFO]     NSE:KEI-EQ | CVD=15830 vs Ref=120988 | Close=4319.60 vs VAH=4480.00
2026-02-03 10:57:17,238 [INFO]     NSE:SBILIFE-EQ | CVD=-70012 vs Ref=3985 | Close=2043.90 vs VAH=2059.40
2026-02-03 10:57:17,475 [INFO]     NSE:HAVELLS-EQ | CVD=161427 vs Ref=221616 | Close=1315.30 vs VAH=1332.45
2026-02-03 10:57:17,749 [INFO]     NSE:AUROPHARMA-EQ | CVD=282493 vs Ref=323967 | Close=1226.80 vs VAH=1239.00
2026-02-03 10:57:18,012 [INFO]     NSE:JSWSTEEL-EQ | CVD=-199062 vs Ref=34825 | Close=1226.30 vs VAH=1233.75
2026-02-03 10:57:18,275 [INFO]     NSE:UNOMINDA-EQ | CVD=-58696 vs Ref=22181 | Close=1216.90 vs VAH=1236.30
2026-02-03 10:57:18,530 [INFO]     NSE:HDFCLIFE-EQ | CVD=13958 vs Ref=225855 | Close=725.00 vs VAH=731.20
2026-02-03 10:58:18,532 [INFO] 🔍 Scanning for alerts on 7 symbols (5min)...
2026-02-03 10:58:18,849 [INFO]     NSE:KEI-EQ | CVD=15830 vs Ref=120988 | Close=4319.60 vs VAH=4480.00
2026-02-03 10:58:19,117 [INFO]     NSE:SBILIFE-EQ | CVD=-70012 vs Ref=3985 | Close=2043.90 vs VAH=2059.40
2026-02-03 10:58:19,573 [INFO]     NSE:HAVELLS-EQ | CVD=161427 vs Ref=221616 | Close=1315.30 vs VAH=1332.45
2026-02-03 10:58:19,944 [INFO]     NSE:AUROPHARMA-EQ | CVD=282493 vs Ref=323967 | Close=1226.80 vs VAH=1239.00
2026-02-03 10:58:20,231 [INFO]     NSE:JSWSTEEL-EQ | CVD=-199062 vs Ref=34825 | Close=1226.30 vs VAH=1233.75
2026-02-03 10:58:20,511 [INFO]     NSE:UNOMINDA-EQ | CVD=-58696 vs Ref=22181 | Close=1216.90 vs VAH=1236.30
2026-02-03 10:58:20,768 [INFO]     NSE:HDFCLIFE-EQ | CVD=13958 vs Ref=225855 | Close=725.00 vs VAH=731.20
2026-02-03 10:59:20,771 [INFO] 🔍 Scanning for alerts on 7 symbols (5min)...
2026-02-03 10:59:21,017 [INFO]     NSE:KEI-EQ | CVD=15830 vs Ref=120988 | Close=4319.60 vs VAH=4480.00
2026-02-03 10:59:21,286 [INFO]     NSE:SBILIFE-EQ | CVD=-70012 vs Ref=3985 | Close=2043.90 vs VAH=2059.40
2026-02-03 10:59:21,557 [INFO]     NSE:HAVELLS-EQ | CVD=161427 vs Ref=221616 | Close=1315.30 vs VAH=1332.45
2026-02-03 10:59:21,816 [INFO]     NSE:AUROPHARMA-EQ | CVD=282493 vs Ref=323967 | Close=1226.80 vs VAH=1239.00
2026-02-03 10:59:22,081 [INFO]     NSE:JSWSTEEL-EQ | CVD=-199062 vs Ref=34825 | Close=1226.30 vs VAH=1233.75
2026-02-03 10:59:22,385 [INFO]     NSE:UNOMINDA-EQ | CVD=-58696 vs Ref=22181 | Close=1216.90 vs VAH=1236.30
2026-02-03 10:59:22,653 [INFO]     NSE:HDFCLIFE-EQ | CVD=13958 vs Ref=225855 | Close=725.00 vs VAH=731.20
2026-02-03 11:00:22,655 [INFO] 🔍 Scanning for alerts on 7 symbols (5min)...
2026-02-03 11:00:22,929 [INFO]     NSE:KEI-EQ | CVD=15830 vs Ref=120988 | Close=4319.60 vs VAH=4480.00
2026-02-03 11:00:23,198 [INFO]     NSE:SBILIFE-EQ | CVD=-70012 vs Ref=3985 | Close=2043.90 vs VAH=2059.40
2026-02-03 11:00:23,465 [INFO]     NSE:HAVELLS-EQ | CVD=161427 vs Ref=221616 | Close=1315.30 vs VAH=1332.45
2026-02-03 11:00:23,735 [INFO]     NSE:AUROPHARMA-EQ | CVD=282493 vs Ref=323967 | Close=1226.80 vs VAH=1239.00
2026-02-03 11:00:24,009 [INFO]     NSE:JSWSTEEL-EQ | CVD=-199062 vs Ref=34825 | Close=1226.30 vs VAH=1233.75
2026-02-03 11:00:24,311 [INFO]     NSE:UNOMINDA-EQ | CVD=-58696 vs Ref=22181 | Close=1216.90 vs VAH=1236.30
2026-02-03 11:00:24,556 [INFO]     NSE:HDFCLIFE-EQ | CVD=13958 vs Ref=225855 | Close=725.00 vs VAH=731.20
2026-02-03 11:01:24,557 [INFO] 🔍 Scanning for alerts on 7 symbols (5min)...
2026-02-03 11:01:24,835 [INFO]     NSE:KEI-EQ | CVD=14885 vs Ref=120988 | Close=4321.30 vs VAH=4480.00
2026-02-03 11:01:25,143 [INFO]     NSE:SBILIFE-EQ | CVD=-66143 vs Ref=3985 | Close=2046.70 vs VAH=2059.40
2026-02-03 11:01:25,410 [INFO]     NSE:HAVELLS-EQ | CVD=166840 vs Ref=221616 | Close=1316.90 vs VAH=1332.45
2026-02-03 11:01:25,682 [INFO]     NSE:AUROPHARMA-EQ | CVD=271068 vs Ref=323967 | Close=1228.70 vs VAH=1239.00
2026-02-03 11:01:25,968 [INFO]     NSE:JSWSTEEL-EQ | CVD=-190074 vs Ref=34825 | Close=1229.80 vs VAH=1233.75
2026-02-03 11:01:26,263 [INFO]     NSE:UNOMINDA-EQ | CVD=-56352 vs Ref=22181 | Close=1219.20 vs VAH=1236.30
2026-02-03 11:01:26,542 [INFO]     NSE:HDFCLIFE-EQ | CVD=27246 vs Ref=225855 | Close=725.00 vs VAH=731.20
2026-02-03 11:02:26,544 [INFO] 🔍 Scanning for alerts on 7 symbols (5min)...
2026-02-03 11:02:26,795 [INFO]     NSE:KEI-EQ | CVD=14885 vs Ref=120988 | Close=4321.30 vs VAH=4480.00
2026-02-03 11:02:27,046 [INFO]     NSE:SBILIFE-EQ | CVD=-66143 vs Ref=3985 | Close=2046.70 vs VAH=2059.40
2026-02-03 11:02:27,311 [INFO]     NSE:HAVELLS-EQ | CVD=166840 vs Ref=221616 | Close=1316.90 vs VAH=1332.45
2026-02-03 11:02:27,568 [INFO]     NSE:AUROPHARMA-EQ | CVD=271068 vs Ref=323967 | Close=1228.70 vs VAH=1239.00
2026-02-03 11:02:27,870 [INFO]     NSE:JSWSTEEL-EQ | CVD=-190074 vs Ref=34825 | Close=1229.80 vs VAH=1233.75
2026-02-03 11:02:28,135 [INFO]     NSE:UNOMINDA-EQ | CVD=-56352 vs Ref=22181 | Close=1219.20 vs VAH=1236.30
2026-02-03 11:02:28,422 [INFO]     NSE:HDFCLIFE-EQ | CVD=27246 vs Ref=225855 | Close=725.00 vs VAH=731.20
2026-02-03 11:03:28,423 [INFO] 🔍 Scanning for alerts on 7 symbols (5min)...
2026-02-03 11:03:28,719 [INFO]     NSE:KEI-EQ | CVD=14885 vs Ref=120988 | Close=4321.30 vs VAH=4480.00
2026-02-03 11:03:29,000 [INFO]     NSE:SBILIFE-EQ | CVD=-66143 vs Ref=3985 | Close=2046.70 vs VAH=2059.40
2026-02-03 11:03:29,301 [INFO]     NSE:HAVELLS-EQ | CVD=166840 vs Ref=221616 | Close=1316.90 vs VAH=1332.45
2026-02-03 11:03:29,549 [INFO]     NSE:AUROPHARMA-EQ | CVD=271068 vs Ref=323967 | Close=1228.70 vs VAH=1239.00
2026-02-03 11:03:29,824 [INFO]     NSE:JSWSTEEL-EQ | CVD=-190074 vs Ref=34825 | Close=1229.80 vs VAH=1233.75
2026-02-03 11:03:30,081 [INFO]     NSE:UNOMINDA-EQ | CVD=-56352 vs Ref=22181 | Close=1219.20 vs VAH=1236.30
2026-02-03 11:03:30,377 [INFO]     NSE:HDFCLIFE-EQ | CVD=27246 vs Ref=225855 | Close=725.00 vs VAH=731.20
2026-02-03 11:04:30,380 [INFO] 🔍 Scanning for alerts on 7 symbols (5min)...
2026-02-03 11:04:30,733 [INFO]     NSE:KEI-EQ | CVD=14885 vs Ref=120988 | Close=4321.30 vs VAH=4480.00
2026-02-03 11:04:31,265 [INFO]     NSE:SBILIFE-EQ | CVD=-66143 vs Ref=3985 | Close=2046.70 vs VAH=2059.40
2026-02-03 11:04:31,643 [INFO]     NSE:HAVELLS-EQ | CVD=166840 vs Ref=221616 | Close=1316.90 vs VAH=1332.45
2026-02-03 11:04:31,980 [INFO]     NSE:AUROPHARMA-EQ | CVD=271068 vs Ref=323967 | Close=1228.70 vs VAH=1239.00
2026-02-03 11:04:32,277 [INFO]     NSE:JSWSTEEL-EQ | CVD=-190074 vs Ref=34825 | Close=1229.80 vs VAH=1233.75
2026-02-03 11:04:32,654 [INFO]     NSE:UNOMINDA-EQ | CVD=-56352 vs Ref=22181 | Close=1219.20 vs VAH=1236.30
2026-02-03 11:04:33,027 [INFO]     NSE:HDFCLIFE-EQ | CVD=27246 vs Ref=225855 | Close=725.00 vs VAH=731.20
2026-02-03 11:05:33,029 [INFO] 🔍 Scanning for alerts on 7 symbols (5min)...
2026-02-03 11:05:33,314 [INFO]     NSE:KEI-EQ | CVD=14885 vs Ref=120988 | Close=4321.30 vs VAH=4480.00
2026-02-03 11:05:33,565 [INFO]     NSE:SBILIFE-EQ | CVD=-66143 vs Ref=3985 | Close=2046.70 vs VAH=2059.40
2026-02-03 11:05:33,874 [INFO]     NSE:HAVELLS-EQ | CVD=166840 vs Ref=221616 | Close=1316.90 vs VAH=1332.45
2026-02-03 11:05:34,126 [INFO]     NSE:AUROPHARMA-EQ | CVD=271068 vs Ref=323967 | Close=1228.70 vs VAH=1239.00
2026-02-03 11:05:34,393 [INFO]     NSE:JSWSTEEL-EQ | CVD=-190074 vs Ref=34825 | Close=1229.80 vs VAH=1233.75
2026-02-03 11:05:34,713 [INFO]     NSE:UNOMINDA-EQ | CVD=-56352 vs Ref=22181 | Close=1219.20 vs VAH=1236.30
2026-02-03 11:05:35,002 [INFO]     NSE:HDFCLIFE-EQ | CVD=27246 vs Ref=225855 | Close=725.00 vs VAH=731.20
2026-02-03 11:06:35,006 [INFO] 🔍 Scanning for alerts on 7 symbols (5min)...
2026-02-03 11:06:35,586 [INFO]     NSE:KEI-EQ | CVD=14755 vs Ref=120988 | Close=4318.00 vs VAH=4480.00
2026-02-03 11:06:35,935 [INFO]     NSE:SBILIFE-EQ | CVD=-63736 vs Ref=3985 | Close=2049.40 vs VAH=2059.40
2026-02-03 11:06:36,269 [INFO]     NSE:HAVELLS-EQ | CVD=164274 vs Ref=221616 | Close=1315.90 vs VAH=1332.45
2026-02-03 11:06:36,702 [INFO]     NSE:AUROPHARMA-EQ | CVD=272413 vs Ref=323967 | Close=1231.40 vs VAH=1239.00
2026-02-03 11:06:37,032 [INFO]     NSE:JSWSTEEL-EQ | CVD=-188475 vs Ref=34825 | Close=1231.20 vs VAH=1233.75
2026-02-03 11:06:37,297 [INFO]     NSE:UNOMINDA-EQ | CVD=-55727 vs Ref=22181 | Close=1220.70 vs VAH=1236.30
2026-02-03 11:06:37,545 [INFO]     NSE:HDFCLIFE-EQ | CVD=4575 vs Ref=225855 | Close=725.00 vs VAH=731.20
2026-02-03 11:07:37,547 [INFO] 🔍 Scanning for alerts on 7 symbols (5min)...
2026-02-03 11:07:37,845 [INFO]     NSE:KEI-EQ | CVD=14755 vs Ref=120988 | Close=4318.00 vs VAH=4480.00
2026-02-03 11:07:38,208 [INFO]     NSE:SBILIFE-EQ | CVD=-63736 vs Ref=3985 | Close=2049.40 vs VAH=2059.40
2026-02-03 11:07:38,537 [INFO]     NSE:HAVELLS-EQ | CVD=164274 vs Ref=221616 | Close=1315.90 vs VAH=1332.45
2026-02-03 11:07:38,879 [INFO]     NSE:AUROPHARMA-EQ | CVD=272413 vs Ref=323967 | Close=1231.40 vs VAH=1239.00
2026-02-03 11:07:39,160 [INFO]     NSE:JSWSTEEL-EQ | CVD=-188475 vs Ref=34825 | Close=1231.20 vs VAH=1233.75
2026-02-03 11:07:39,487 [INFO]     NSE:UNOMINDA-EQ | CVD=-55727 vs Ref=22181 | Close=1220.70 vs VAH=1236.30
2026-02-03 11:07:39,836 [INFO]     NSE:HDFCLIFE-EQ | CVD=4575 vs Ref=225855 | Close=725.00 vs VAH=731.20
2026-02-03 11:08:39,838 [INFO] 🔍 Scanning for alerts on 7 symbols (5min)...
2026-02-03 11:08:40,118 [INFO]     NSE:KEI-EQ | CVD=14755 vs Ref=120988 | Close=4318.00 vs VAH=4480.00
2026-02-03 11:08:40,396 [INFO]     NSE:SBILIFE-EQ | CVD=-63736 vs Ref=3985 | Close=2049.40 vs VAH=2059.40
2026-02-03 11:08:40,721 [INFO]     NSE:HAVELLS-EQ | CVD=164274 vs Ref=221616 | Close=1315.90 vs VAH=1332.45
2026-02-03 11:08:40,979 [INFO]     NSE:AUROPHARMA-EQ | CVD=272413 vs Ref=323967 | Close=1231.40 vs VAH=1239.00
2026-02-03 11:08:41,308 [INFO]     NSE:JSWSTEEL-EQ | CVD=-188475 vs Ref=34825 | Close=1231.20 vs VAH=1233.75
2026-02-03 11:08:41,629 [INFO]     NSE:UNOMINDA-EQ | CVD=-55727 vs Ref=22181 | Close=1220.70 vs VAH=1236.30
2026-02-03 11:08:41,948 [INFO]     NSE:HDFCLIFE-EQ | CVD=4575 vs Ref=225855 | Close=725.00 vs VAH=731.20
2026-02-03 11:09:41,949 [INFO] 🔍 Scanning for alerts on 7 symbols (5min)...
2026-02-03 11:09:42,221 [INFO]     NSE:KEI-EQ | CVD=14755 vs Ref=120988 | Close=4318.00 vs VAH=4480.00
2026-02-03 11:09:42,465 [INFO]     NSE:SBILIFE-EQ | CVD=-63736 vs Ref=3985 | Close=2049.40 vs VAH=2059.40
2026-02-03 11:09:42,734 [INFO]     NSE:HAVELLS-EQ | CVD=164274 vs Ref=221616 | Close=1315.90 vs VAH=1332.45
2026-02-03 11:09:42,992 [INFO]     NSE:AUROPHARMA-EQ | CVD=272413 vs Ref=323967 | Close=1231.40 vs VAH=1239.00
2026-02-03 11:09:43,261 [INFO]     NSE:JSWSTEEL-EQ | CVD=-188475 vs Ref=34825 | Close=1231.20 vs VAH=1233.75
2026-02-03 11:09:43,525 [INFO]     NSE:UNOMINDA-EQ | CVD=-55727 vs Ref=22181 | Close=1220.70 vs VAH=1236.30
2026-02-03 11:09:43,766 [INFO]     NSE:HDFCLIFE-EQ | CVD=4575 vs Ref=225855 | Close=725.00 vs VAH=731.20
2026-02-03 11:10:43,767 [INFO] 🔍 Scanning for alerts on 7 symbols (5min)...
2026-02-03 11:10:44,062 [INFO]     NSE:KEI-EQ | CVD=14755 vs Ref=120988 | Close=4318.00 vs VAH=4480.00
2026-02-03 11:10:44,327 [INFO]     NSE:SBILIFE-EQ | CVD=-63736 vs Ref=3985 | Close=2049.40 vs VAH=2059.40
2026-02-03 11:10:44,589 [INFO]     NSE:HAVELLS-EQ | CVD=164274 vs Ref=221616 | Close=1315.90 vs VAH=1332.45
2026-02-03 11:10:44,894 [INFO]     NSE:AUROPHARMA-EQ | CVD=272413 vs Ref=323967 | Close=1231.40 vs VAH=1239.00
2026-02-03 11:10:45,216 [INFO]     NSE:JSWSTEEL-EQ | CVD=-188475 vs Ref=34825 | Close=1231.20 vs VAH=1233.75
2026-02-03 11:10:45,490 [INFO]     NSE:UNOMINDA-EQ | CVD=-55727 vs Ref=22181 | Close=1220.70 vs VAH=1236.30
2026-02-03 11:10:45,794 [INFO]     NSE:HDFCLIFE-EQ | CVD=4575 vs Ref=225855 | Close=725.00 vs VAH=731.20
2026-02-03 11:11:45,795 [INFO] 🔍 Scanning for alerts on 7 symbols (5min)...
2026-02-03 11:11:46,068 [INFO]     NSE:KEI-EQ | CVD=16846 vs Ref=120988 | Close=4322.70 vs VAH=4480.00
2026-02-03 11:11:46,346 [INFO]     NSE:SBILIFE-EQ | CVD=-63230 vs Ref=3985 | Close=2048.30 vs VAH=2059.40
2026-02-03 11:11:46,581 [INFO]     NSE:HAVELLS-EQ | CVD=166949 vs Ref=221616 | Close=1315.70 vs VAH=1332.45
2026-02-03 11:11:48,532 [INFO]     NSE:AUROPHARMA-EQ | CVD=275164 vs Ref=323967 | Close=1232.50 vs VAH=1239.00
2026-02-03 11:11:48,829 [INFO]     NSE:JSWSTEEL-EQ | CVD=-183094 vs Ref=34825 | Close=1232.50 vs VAH=1233.75
2026-02-03 11:11:49,098 [INFO]     NSE:UNOMINDA-EQ | CVD=-54116 vs Ref=22181 | Close=1222.60 vs VAH=1236.30
2026-02-03 11:11:49,338 [INFO]     NSE:HDFCLIFE-EQ | CVD=8834 vs Ref=225855 | Close=725.75 vs VAH=731.20
2026-02-03 11:12:49,340 [INFO] 🔍 Scanning for alerts on 7 symbols (5min)...
2026-02-03 11:12:49,590 [INFO]     NSE:KEI-EQ | CVD=16846 vs Ref=120988 | Close=4322.70 vs VAH=4480.00
2026-02-03 11:12:49,858 [INFO]     NSE:SBILIFE-EQ | CVD=-63230 vs Ref=3985 | Close=2048.30 vs VAH=2059.40
2026-02-03 11:12:51,673 [INFO]     NSE:HAVELLS-EQ | CVD=166949 vs Ref=221616 | Close=1315.70 vs VAH=1332.45
2026-02-03 11:12:51,940 [INFO]     NSE:AUROPHARMA-EQ | CVD=275164 vs Ref=323967 | Close=1232.50 vs VAH=1239.00
2026-02-03 11:12:52,214 [INFO]     NSE:JSWSTEEL-EQ | CVD=-183094 vs Ref=34825 | Close=1232.50 vs VAH=1233.75
2026-02-03 11:12:52,484 [INFO]     NSE:UNOMINDA-EQ | CVD=-54116 vs Ref=22181 | Close=1222.60 vs VAH=1236.30
2026-02-03 11:12:52,753 [INFO]     NSE:HDFCLIFE-EQ | CVD=8834 vs Ref=225855 | Close=725.75 vs VAH=731.20
2026-02-03 11:13:52,755 [INFO] 🔍 Scanning for alerts on 7 symbols (5min)...
2026-02-03 11:13:53,023 [INFO]     NSE:KEI-EQ | CVD=16846 vs Ref=120988 | Close=4322.70 vs VAH=4480.00
2026-02-03 11:13:53,313 [INFO]     NSE:SBILIFE-EQ | CVD=-63230 vs Ref=3985 | Close=2048.30 vs VAH=2059.40
2026-02-03 11:13:53,556 [INFO]     NSE:HAVELLS-EQ | CVD=166949 vs Ref=221616 | Close=1315.70 vs VAH=1332.45
2026-02-03 11:13:53,832 [INFO]     NSE:AUROPHARMA-EQ | CVD=275164 vs Ref=323967 | Close=1232.50 vs VAH=1239.00
2026-02-03 11:13:54,103 [INFO]     NSE:JSWSTEEL-EQ | CVD=-183094 vs Ref=34825 | Close=1232.50 vs VAH=1233.75
2026-02-03 11:13:54,376 [INFO]     NSE:UNOMINDA-EQ | CVD=-54116 vs Ref=22181 | Close=1222.60 vs VAH=1236.30
2026-02-03 11:13:56,210 [INFO]     NSE:HDFCLIFE-EQ | CVD=8834 vs Ref=225855 | Close=725.75 vs VAH=731.20
2026-02-03 11:14:56,213 [INFO] 🔍 Scanning for alerts on 7 symbols (5min)...
2026-02-03 11:14:56,521 [INFO]     NSE:KEI-EQ | CVD=16846 vs Ref=120988 | Close=4322.70 vs VAH=4480.00
2026-02-03 11:14:57,069 [INFO]     NSE:SBILIFE-EQ | CVD=-63230 vs Ref=3985 | Close=2048.30 vs VAH=2059.40
2026-02-03 11:14:57,375 [INFO]     NSE:HAVELLS-EQ | CVD=166949 vs Ref=221616 | Close=1315.70 vs VAH=1332.45
2026-02-03 11:14:57,647 [INFO]     NSE:AUROPHARMA-EQ | CVD=275164 vs Ref=323967 | Close=1232.50 vs VAH=1239.00
2026-02-03 11:14:58,027 [INFO]     NSE:JSWSTEEL-EQ | CVD=-183094 vs Ref=34825 | Close=1232.50 vs VAH=1233.75
2026-02-03 11:14:58,416 [INFO]     NSE:UNOMINDA-EQ | CVD=-54116 vs Ref=22181 | Close=1222.60 vs VAH=1236.30
2026-02-03 11:14:58,701 [INFO]     NSE:HDFCLIFE-EQ | CVD=8834 vs Ref=225855 | Close=725.75 vs VAH=731.20
2026-02-03 11:15:58,702 [INFO] 🔍 Scanning for alerts on 7 symbols (5min)...
2026-02-03 11:15:58,953 [INFO]     NSE:KEI-EQ | CVD=16846 vs Ref=120988 | Close=4322.70 vs VAH=4480.00
2026-02-03 11:15:59,220 [INFO]     NSE:SBILIFE-EQ | CVD=-63230 vs Ref=3985 | Close=2048.30 vs VAH=2059.40
2026-02-03 11:15:59,516 [INFO]     NSE:HAVELLS-EQ | CVD=166949 vs Ref=221616 | Close=1315.70 vs VAH=1332.45
2026-02-03 11:15:59,759 [INFO]     NSE:AUROPHARMA-EQ | CVD=275164 vs Ref=323967 | Close=1232.50 vs VAH=1239.00
2026-02-03 11:16:00,090 [INFO]     NSE:JSWSTEEL-EQ | CVD=-183094 vs Ref=34825 | Close=1232.50 vs VAH=1233.75
2026-02-03 11:16:00,431 [INFO]     NSE:UNOMINDA-EQ | CVD=-54116 vs Ref=22181 | Close=1222.60 vs VAH=1236.30
2026-02-03 11:16:00,735 [INFO]     NSE:HDFCLIFE-EQ | CVD=8834 vs Ref=225855 | Close=725.75 vs VAH=731.20
2026-02-03 11:17:00,736 [INFO] 🔍 Scanning for alerts on 7 symbols (5min)...
2026-02-03 11:17:01,102 [INFO]     NSE:KEI-EQ | CVD=13664 vs Ref=120988 | Close=4323.40 vs VAH=4480.00
2026-02-03 11:17:01,370 [INFO]     NSE:SBILIFE-EQ | CVD=-63040 vs Ref=3985 | Close=2049.70 vs VAH=2059.40
2026-02-03 11:17:01,649 [INFO]     NSE:HAVELLS-EQ | CVD=167609 vs Ref=221616 | Close=1313.50 vs VAH=1332.45
2026-02-03 11:17:01,954 [INFO]     NSE:AUROPHARMA-EQ | CVD=274867 vs Ref=323967 | Close=1231.40 vs VAH=1239.00
2026-02-03 11:17:02,244 [INFO]     NSE:JSWSTEEL-EQ | CVD=-176040 vs Ref=34825 | Close=1235.30 vs VAH=1233.75
2026-02-03 11:17:02,573 [INFO]     NSE:UNOMINDA-EQ | CVD=-53657 vs Ref=22181 | Close=1222.50 vs VAH=1236.30
2026-02-03 11:17:02,920 [INFO]     NSE:HDFCLIFE-EQ | CVD=-12270 vs Ref=225855 | Close=725.50 vs VAH=731.20
2026-02-03 11:18:02,921 [INFO] 🔍 Scanning for alerts on 7 symbols (5min)...
2026-02-03 11:18:03,461 [INFO]     NSE:KEI-EQ | CVD=13664 vs Ref=120988 | Close=4323.40 vs VAH=4480.00
2026-02-03 11:18:03,867 [INFO]     NSE:SBILIFE-EQ | CVD=-63040 vs Ref=3985 | Close=2049.70 vs VAH=2059.40
2026-02-03 11:18:04,378 [INFO]     NSE:HAVELLS-EQ | CVD=167609 vs Ref=221616 | Close=1313.50 vs VAH=1332.45
2026-02-03 11:18:04,692 [INFO]     NSE:AUROPHARMA-EQ | CVD=274867 vs Ref=323967 | Close=1231.40 vs VAH=1239.00
2026-02-03 11:18:05,154 [INFO]     NSE:JSWSTEEL-EQ | CVD=-176040 vs Ref=34825 | Close=1235.30 vs VAH=1233.75
2026-02-03 11:18:05,468 [INFO]     NSE:UNOMINDA-EQ | CVD=-53657 vs Ref=22181 | Close=1222.50 vs VAH=1236.30
2026-02-03 11:18:05,795 [INFO]     NSE:HDFCLIFE-EQ | CVD=-12270 vs Ref=225855 | Close=725.50 vs VAH=731.20
2026-02-03 11:19:05,796 [INFO] 🔍 Scanning for alerts on 7 symbols (5min)...
2026-02-03 11:19:06,082 [INFO]     NSE:KEI-EQ | CVD=13664 vs Ref=120988 | Close=4323.40 vs VAH=4480.00
2026-02-03 11:19:06,335 [INFO]     NSE:SBILIFE-EQ | CVD=-63040 vs Ref=3985 | Close=2049.70 vs VAH=2059.40
2026-02-03 11:19:06,722 [INFO]     NSE:HAVELLS-EQ | CVD=167609 vs Ref=221616 | Close=1313.50 vs VAH=1332.45
2026-02-03 11:19:06,998 [INFO]     NSE:AUROPHARMA-EQ | CVD=274867 vs Ref=323967 | Close=1231.40 vs VAH=1239.00
2026-02-03 11:19:07,463 [INFO]     NSE:JSWSTEEL-EQ | CVD=-176040 vs Ref=34825 | Close=1235.30 vs VAH=1233.75
2026-02-03 11:19:08,030 [INFO]     NSE:UNOMINDA-EQ | CVD=-53657 vs Ref=22181 | Close=1222.50 vs VAH=1236.30
2026-02-03 11:19:08,356 [INFO]     NSE:HDFCLIFE-EQ | CVD=-12270 vs Ref=225855 | Close=725.50 vs VAH=731.20
2026-02-03 11:20:08,357 [INFO] 🔍 Scanning for alerts on 7 symbols (5min)...
2026-02-03 11:20:08,643 [INFO]     NSE:KEI-EQ | CVD=13664 vs Ref=120988 | Close=4323.40 vs VAH=4480.00
2026-02-03 11:20:08,936 [INFO]     NSE:SBILIFE-EQ | CVD=-63040 vs Ref=3985 | Close=2049.70 vs VAH=2059.40
2026-02-03 11:20:09,244 [INFO]     NSE:HAVELLS-EQ | CVD=167609 vs Ref=221616 | Close=1313.50 vs VAH=1332.45
2026-02-03 11:20:09,774 [INFO]     NSE:AUROPHARMA-EQ | CVD=274867 vs Ref=323967 | Close=1231.40 vs VAH=1239.00
2026-02-03 11:20:10,199 [INFO]     NSE:JSWSTEEL-EQ | CVD=-176040 vs Ref=34825 | Close=1235.30 vs VAH=1233.75
2026-02-03 11:20:10,545 [INFO]     NSE:UNOMINDA-EQ | CVD=-53657 vs Ref=22181 | Close=1222.50 vs VAH=1236.30
2026-02-03 11:20:10,800 [INFO]     NSE:HDFCLIFE-EQ | CVD=-12270 vs Ref=225855 | Close=725.50 vs VAH=731.20
2026-02-03 11:21:10,801 [INFO] 🔍 Scanning for alerts on 7 symbols (5min)...
2026-02-03 11:21:11,083 [INFO]     NSE:KEI-EQ | CVD=14651 vs Ref=120988 | Close=4323.10 vs VAH=4480.00
2026-02-03 11:21:11,370 [INFO]     NSE:SBILIFE-EQ | CVD=-63815 vs Ref=3985 | Close=2049.40 vs VAH=2059.40
2026-02-03 11:21:11,630 [INFO]     NSE:HAVELLS-EQ | CVD=166479 vs Ref=221616 | Close=1311.80 vs VAH=1332.45
2026-02-03 11:21:11,894 [INFO]     NSE:AUROPHARMA-EQ | CVD=282922 vs Ref=323967 | Close=1233.60 vs VAH=1239.00
2026-02-03 11:21:12,197 [INFO]     NSE:JSWSTEEL-EQ | CVD=-169561 vs Ref=34825 | Close=1236.50 vs VAH=1233.75
2026-02-03 11:21:12,464 [INFO]     NSE:UNOMINDA-EQ | CVD=-57813 vs Ref=22181 | Close=1219.00 vs VAH=1236.30
2026-02-03 11:21:12,801 [INFO]     NSE:HDFCLIFE-EQ | CVD=-10255 vs Ref=225855 | Close=727.15 vs VAH=731.20
2026-02-03 11:22:12,803 [INFO] 🔍 Scanning for alerts on 7 symbols (5min)...
2026-02-03 11:22:13,085 [INFO]     NSE:KEI-EQ | CVD=14651 vs Ref=120988 | Close=4323.10 vs VAH=4480.00
2026-02-03 11:22:13,351 [INFO]     NSE:SBILIFE-EQ | CVD=-63815 vs Ref=3985 | Close=2049.40 vs VAH=2059.40
2026-02-03 11:22:13,619 [INFO]     NSE:HAVELLS-EQ | CVD=166479 vs Ref=221616 | Close=1311.80 vs VAH=1332.45
2026-02-03 11:22:13,914 [INFO]     NSE:AUROPHARMA-EQ | CVD=282922 vs Ref=323967 | Close=1233.60 vs VAH=1239.00
2026-02-03 11:22:14,217 [INFO]     NSE:JSWSTEEL-EQ | CVD=-169561 vs Ref=34825 | Close=1236.50 vs VAH=1233.75
2026-02-03 11:22:14,487 [INFO]     NSE:UNOMINDA-EQ | CVD=-57813 vs Ref=22181 | Close=1219.00 vs VAH=1236.30
2026-02-03 11:22:14,752 [INFO]     NSE:HDFCLIFE-EQ | CVD=-10255 vs Ref=225855 | Close=727.15 vs VAH=731.20
2026-02-03 11:23:14,754 [INFO] 🔍 Scanning for alerts on 7 symbols (5min)...
2026-02-03 11:23:15,053 [INFO]     NSE:KEI-EQ | CVD=14651 vs Ref=120988 | Close=4323.10 vs VAH=4480.00
2026-02-03 11:23:15,323 [INFO]     NSE:SBILIFE-EQ | CVD=-63815 vs Ref=3985 | Close=2049.40 vs VAH=2059.40
2026-02-03 11:23:15,619 [INFO]     NSE:HAVELLS-EQ | CVD=166479 vs Ref=221616 | Close=1311.80 vs VAH=1332.45
2026-02-03 11:23:15,921 [INFO]     NSE:AUROPHARMA-EQ | CVD=282922 vs Ref=323967 | Close=1233.60 vs VAH=1239.00
2026-02-03 11:23:16,248 [INFO]     NSE:JSWSTEEL-EQ | CVD=-169561 vs Ref=34825 | Close=1236.50 vs VAH=1233.75
2026-02-03 11:23:16,530 [INFO]     NSE:UNOMINDA-EQ | CVD=-57813 vs Ref=22181 | Close=1219.00 vs VAH=1236.30
2026-02-03 11:23:16,955 [INFO]     NSE:HDFCLIFE-EQ | CVD=-10255 vs Ref=225855 | Close=727.15 vs VAH=731.20
2026-02-03 11:24:16,957 [INFO] 🔍 Scanning for alerts on 7 symbols (5min)...
2026-02-03 11:24:17,281 [INFO]     NSE:KEI-EQ | CVD=14651 vs Ref=120988 | Close=4323.10 vs VAH=4480.00
2026-02-03 11:24:17,823 [INFO]     NSE:SBILIFE-EQ | CVD=-63815 vs Ref=3985 | Close=2049.40 vs VAH=2059.40
2026-02-03 11:24:18,469 [INFO]     NSE:HAVELLS-EQ | CVD=166479 vs Ref=221616 | Close=1311.80 vs VAH=1332.45
2026-02-03 11:24:18,822 [INFO]     NSE:AUROPHARMA-EQ | CVD=282922 vs Ref=323967 | Close=1233.60 vs VAH=1239.00
2026-02-03 11:24:19,203 [INFO]     NSE:JSWSTEEL-EQ | CVD=-169561 vs Ref=34825 | Close=1236.50 vs VAH=1233.75
2026-02-03 11:24:19,636 [INFO]     NSE:UNOMINDA-EQ | CVD=-57813 vs Ref=22181 | Close=1219.00 vs VAH=1236.30
2026-02-03 11:24:19,933 [INFO]     NSE:HDFCLIFE-EQ | CVD=-10255 vs Ref=225855 | Close=727.15 vs VAH=731.20
2026-02-03 11:25:19,934 [INFO] 🔍 Scanning for alerts on 7 symbols (5min)...
2026-02-03 11:25:20,212 [INFO]     NSE:KEI-EQ | CVD=14651 vs Ref=120988 | Close=4323.10 vs VAH=4480.00
2026-02-03 11:25:20,492 [INFO]     NSE:SBILIFE-EQ | CVD=-63815 vs Ref=3985 | Close=2049.40 vs VAH=2059.40
2026-02-03 11:25:20,777 [INFO]     NSE:HAVELLS-EQ | CVD=166479 vs Ref=221616 | Close=1311.80 vs VAH=1332.45
2026-02-03 11:25:21,046 [INFO]     NSE:AUROPHARMA-EQ | CVD=282922 vs Ref=323967 | Close=1233.60 vs VAH=1239.00
2026-02-03 11:25:21,320 [INFO]     NSE:JSWSTEEL-EQ | CVD=-169561 vs Ref=34825 | Close=1236.50 vs VAH=1233.75
2026-02-03 11:25:21,601 [INFO]     NSE:UNOMINDA-EQ | CVD=-57813 vs Ref=22181 | Close=1219.00 vs VAH=1236.30
2026-02-03 11:25:21,896 [INFO]     NSE:HDFCLIFE-EQ | CVD=-10255 vs Ref=225855 | Close=727.15 vs VAH=731.20
2026-02-03 11:26:21,897 [INFO] 🔍 Scanning for alerts on 7 symbols (5min)...
2026-02-03 11:26:22,209 [INFO]     NSE:KEI-EQ | CVD=20154 vs Ref=120988 | Close=4338.90 vs VAH=4480.00
2026-02-03 11:26:22,735 [INFO]     NSE:SBILIFE-EQ | CVD=-56596 vs Ref=3985 | Close=2051.00 vs VAH=2059.40
2026-02-03 11:26:23,035 [INFO]     NSE:HAVELLS-EQ | CVD=172581 vs Ref=221616 | Close=1317.20 vs VAH=1332.45
2026-02-03 11:26:23,292 [INFO]     NSE:AUROPHARMA-EQ | CVD=282358 vs Ref=323967 | Close=1233.00 vs VAH=1239.00
2026-02-03 11:26:23,636 [INFO]     NSE:JSWSTEEL-EQ | CVD=-169782 vs Ref=34825 | Close=1237.20 vs VAH=1233.75
2026-02-03 11:26:23,909 [INFO]     NSE:UNOMINDA-EQ | CVD=-59233 vs Ref=22181 | Close=1219.60 vs VAH=1236.30
2026-02-03 11:26:24,160 [INFO]     NSE:HDFCLIFE-EQ | CVD=-22434 vs Ref=225855 | Close=726.40 vs VAH=731.20
2026-02-03 11:27:24,161 [INFO] 🔍 Scanning for alerts on 7 symbols (5min)...
2026-02-03 11:27:24,464 [INFO]     NSE:KEI-EQ | CVD=20154 vs Ref=120988 | Close=4338.90 vs VAH=4480.00
2026-02-03 11:27:24,726 [INFO]     NSE:SBILIFE-EQ | CVD=-56596 vs Ref=3985 | Close=2051.00 vs VAH=2059.40
2026-02-03 11:27:24,995 [INFO]     NSE:HAVELLS-EQ | CVD=172581 vs Ref=221616 | Close=1317.20 vs VAH=1332.45
2026-02-03 11:27:25,284 [INFO]     NSE:AUROPHARMA-EQ | CVD=282358 vs Ref=323967 | Close=1233.00 vs VAH=1239.00
2026-02-03 11:27:25,541 [INFO]     NSE:JSWSTEEL-EQ | CVD=-169782 vs Ref=34825 | Close=1237.20 vs VAH=1233.75
2026-02-03 11:27:25,839 [INFO]     NSE:UNOMINDA-EQ | CVD=-59233 vs Ref=22181 | Close=1219.60 vs VAH=1236.30
2026-02-03 11:27:26,121 [INFO]     NSE:HDFCLIFE-EQ | CVD=-22434 vs Ref=225855 | Close=726.40 vs VAH=731.20
2026-02-03 11:28:26,122 [INFO] 🔍 Scanning for alerts on 7 symbols (5min)...
2026-02-03 11:28:26,399 [INFO]     NSE:KEI-EQ | CVD=20154 vs Ref=120988 | Close=4338.90 vs VAH=4480.00
2026-02-03 11:28:26,676 [INFO]     NSE:SBILIFE-EQ | CVD=-56596 vs Ref=3985 | Close=2051.00 vs VAH=2059.40
2026-02-03 11:28:26,987 [INFO]     NSE:HAVELLS-EQ | CVD=172581 vs Ref=221616 | Close=1317.20 vs VAH=1332.45
2026-02-03 11:28:27,249 [INFO]     NSE:AUROPHARMA-EQ | CVD=282358 vs Ref=323967 | Close=1233.00 vs VAH=1239.00
2026-02-03 11:28:27,492 [INFO]     NSE:JSWSTEEL-EQ | CVD=-169782 vs Ref=34825 | Close=1237.20 vs VAH=1233.75
2026-02-03 11:28:27,775 [INFO]     NSE:UNOMINDA-EQ | CVD=-59233 vs Ref=22181 | Close=1219.60 vs VAH=1236.30
2026-02-03 11:28:28,021 [INFO]     NSE:HDFCLIFE-EQ | CVD=-22434 vs Ref=225855 | Close=726.40 vs VAH=731.20
2026-02-03 11:29:28,023 [INFO] 🔍 Scanning for alerts on 7 symbols (5min)...
2026-02-03 11:29:28,336 [INFO]     NSE:KEI-EQ | CVD=20154 vs Ref=120988 | Close=4338.90 vs VAH=4480.00
2026-02-03 11:29:28,588 [INFO]     NSE:SBILIFE-EQ | CVD=-56596 vs Ref=3985 | Close=2051.00 vs VAH=2059.40
2026-02-03 11:29:28,857 [INFO]     NSE:HAVELLS-EQ | CVD=172581 vs Ref=221616 | Close=1317.20 vs VAH=1332.45
2026-02-03 11:29:29,161 [INFO]     NSE:AUROPHARMA-EQ | CVD=282358 vs Ref=323967 | Close=1233.00 vs VAH=1239.00
2026-02-03 11:29:29,444 [INFO]     NSE:JSWSTEEL-EQ | CVD=-169782 vs Ref=34825 | Close=1237.20 vs VAH=1233.75
2026-02-03 11:29:29,684 [INFO]     NSE:UNOMINDA-EQ | CVD=-59233 vs Ref=22181 | Close=1219.60 vs VAH=1236.30
2026-02-03 11:29:29,977 [INFO]     NSE:HDFCLIFE-EQ | CVD=-22434 vs Ref=225855 | Close=726.40 vs VAH=731.20
2026-02-03 11:30:29,978 [INFO] 🔍 Scanning for alerts on 7 symbols (5min)...
2026-02-03 11:30:30,244 [INFO]     NSE:KEI-EQ | CVD=20154 vs Ref=120988 | Close=4338.90 vs VAH=4480.00
2026-02-03 11:30:30,510 [INFO]     NSE:SBILIFE-EQ | CVD=-56596 vs Ref=3985 | Close=2051.00 vs VAH=2059.40
2026-02-03 11:30:30,782 [INFO]     NSE:HAVELLS-EQ | CVD=172581 vs Ref=221616 | Close=1317.20 vs VAH=1332.45
2026-02-03 11:30:31,076 [INFO]     NSE:AUROPHARMA-EQ | CVD=282358 vs Ref=323967 | Close=1233.00 vs VAH=1239.00
2026-02-03 11:30:31,389 [INFO]     NSE:JSWSTEEL-EQ | CVD=-169782 vs Ref=34825 | Close=1237.20 vs VAH=1233.75
2026-02-03 11:30:31,737 [INFO]     NSE:UNOMINDA-EQ | CVD=-59233 vs Ref=22181 | Close=1219.60 vs VAH=1236.30
2026-02-03 11:30:32,013 [INFO]     NSE:HDFCLIFE-EQ | CVD=-22434 vs Ref=225855 | Close=726.40 vs VAH=731.20
2026-02-03 11:31:32,015 [INFO] 🔍 Scanning for alerts on 7 symbols (5min)...
2026-02-03 11:31:32,277 [INFO]     NSE:KEI-EQ | CVD=19502 vs Ref=120988 | Close=4338.30 vs VAH=4480.00
2026-02-03 11:31:32,563 [INFO]     NSE:SBILIFE-EQ | CVD=-62418 vs Ref=3985 | Close=2050.20 vs VAH=2059.40
2026-02-03 11:31:32,834 [INFO]     NSE:HAVELLS-EQ | CVD=181420 vs Ref=221616 | Close=1322.10 vs VAH=1332.45
2026-02-03 11:31:33,113 [INFO]     NSE:AUROPHARMA-EQ | CVD=287722 vs Ref=323967 | Close=1236.40 vs VAH=1239.00
2026-02-03 11:31:33,389 [INFO]     NSE:JSWSTEEL-EQ | CVD=-173261 vs Ref=34825 | Close=1237.20 vs VAH=1233.75
2026-02-03 11:31:33,667 [INFO]     NSE:UNOMINDA-EQ | CVD=-45760 vs Ref=22181 | Close=1221.00 vs VAH=1236.30
2026-02-03 11:31:33,917 [INFO]     NSE:HDFCLIFE-EQ | CVD=-11050 vs Ref=225855 | Close=726.00 vs VAH=731.20
2026-02-03 11:32:33,955 [INFO] 🔍 Scanning for alerts on 7 symbols (5min)...
2026-02-03 11:32:34,639 [INFO]     NSE:KEI-EQ | CVD=19502 vs Ref=120988 | Close=4338.30 vs VAH=4480.00
2026-02-03 11:32:35,136 [INFO]     NSE:SBILIFE-EQ | CVD=-62418 vs Ref=3985 | Close=2050.20 vs VAH=2059.40
2026-02-03 11:32:35,568 [INFO]     NSE:HAVELLS-EQ | CVD=181420 vs Ref=221616 | Close=1322.10 vs VAH=1332.45
2026-02-03 11:32:36,076 [INFO]     NSE:AUROPHARMA-EQ | CVD=287722 vs Ref=323967 | Close=1236.40 vs VAH=1239.00
2026-02-03 11:32:36,404 [INFO]     NSE:JSWSTEEL-EQ | CVD=-173261 vs Ref=34825 | Close=1237.20 vs VAH=1233.75
2026-02-03 11:32:36,748 [INFO]     NSE:UNOMINDA-EQ | CVD=-45760 vs Ref=22181 | Close=1221.00 vs VAH=1236.30
2026-02-03 11:32:37,129 [INFO]     NSE:HDFCLIFE-EQ | CVD=-11050 vs Ref=225855 | Close=726.00 vs VAH=731.20
2026-02-03 11:33:37,132 [INFO] 🔍 Scanning for alerts on 7 symbols (5min)...
2026-02-03 11:33:37,445 [INFO]     NSE:KEI-EQ | CVD=19502 vs Ref=120988 | Close=4338.30 vs VAH=4480.00
2026-02-03 11:33:37,853 [INFO]     NSE:SBILIFE-EQ | CVD=-62418 vs Ref=3985 | Close=2050.20 vs VAH=2059.40
2026-02-03 11:33:38,144 [INFO]     NSE:HAVELLS-EQ | CVD=181420 vs Ref=221616 | Close=1322.10 vs VAH=1332.45
2026-02-03 11:33:38,421 [INFO]     NSE:AUROPHARMA-EQ | CVD=287722 vs Ref=323967 | Close=1236.40 vs VAH=1239.00
2026-02-03 11:33:38,694 [INFO]     NSE:JSWSTEEL-EQ | CVD=-173261 vs Ref=34825 | Close=1237.20 vs VAH=1233.75
2026-02-03 11:33:38,976 [INFO]     NSE:UNOMINDA-EQ | CVD=-45760 vs Ref=22181 | Close=1221.00 vs VAH=1236.30
2026-02-03 11:33:39,374 [INFO]     NSE:HDFCLIFE-EQ | CVD=-11050 vs Ref=225855 | Close=726.00 vs VAH=731.20
2026-02-03 11:34:39,375 [INFO] 🔍 Scanning for alerts on 7 symbols (5min)...
2026-02-03 11:34:39,768 [INFO]     NSE:KEI-EQ | CVD=19502 vs Ref=120988 | Close=4338.30 vs VAH=4480.00
2026-02-03 11:34:40,030 [INFO]     NSE:SBILIFE-EQ | CVD=-62418 vs Ref=3985 | Close=2050.20 vs VAH=2059.40
2026-02-03 11:34:40,300 [INFO]     NSE:HAVELLS-EQ | CVD=181420 vs Ref=221616 | Close=1322.10 vs VAH=1332.45
2026-02-03 11:34:40,676 [INFO]     NSE:AUROPHARMA-EQ | CVD=287722 vs Ref=323967 | Close=1236.40 vs VAH=1239.00
2026-02-03 11:34:40,999 [INFO]     NSE:JSWSTEEL-EQ | CVD=-173261 vs Ref=34825 | Close=1237.20 vs VAH=1233.75
2026-02-03 11:34:41,287 [INFO]     NSE:UNOMINDA-EQ | CVD=-45760 vs Ref=22181 | Close=1221.00 vs VAH=1236.30
2026-02-03 11:34:41,576 [INFO]     NSE:HDFCLIFE-EQ | CVD=-11050 vs Ref=225855 | Close=726.00 vs VAH=731.20
2026-02-03 11:35:41,578 [INFO] 🔍 Scanning for alerts on 7 symbols (5min)...
2026-02-03 11:35:41,873 [INFO]     NSE:KEI-EQ | CVD=19502 vs Ref=120988 | Close=4338.30 vs VAH=4480.00
2026-02-03 11:35:42,136 [INFO]     NSE:SBILIFE-EQ | CVD=-62418 vs Ref=3985 | Close=2050.20 vs VAH=2059.40
2026-02-03 11:35:42,416 [INFO]     NSE:HAVELLS-EQ | CVD=181420 vs Ref=221616 | Close=1322.10 vs VAH=1332.45
2026-02-03 11:35:42,685 [INFO]     NSE:AUROPHARMA-EQ | CVD=287722 vs Ref=323967 | Close=1236.40 vs VAH=1239.00
2026-02-03 11:35:43,020 [INFO]     NSE:JSWSTEEL-EQ | CVD=-173261 vs Ref=34825 | Close=1237.20 vs VAH=1233.75
2026-02-03 11:35:43,387 [INFO]     NSE:UNOMINDA-EQ | CVD=-45760 vs Ref=22181 | Close=1221.00 vs VAH=1236.30
2026-02-03 11:35:43,799 [INFO]     NSE:HDFCLIFE-EQ | CVD=-11050 vs Ref=225855 | Close=726.00 vs VAH=731.20
2026-02-03 11:36:43,800 [INFO] 🔍 Scanning for alerts on 7 symbols (5min)...
2026-02-03 11:36:44,058 [INFO]     NSE:KEI-EQ | CVD=22898 vs Ref=120988 | Close=4340.90 vs VAH=4480.00
2026-02-03 11:36:44,335 [INFO]     NSE:SBILIFE-EQ | CVD=-61733 vs Ref=3985 | Close=2050.90 vs VAH=2059.40
2026-02-03 11:36:44,579 [INFO]     NSE:HAVELLS-EQ | CVD=175554 vs Ref=221616 | Close=1323.00 vs VAH=1332.45
2026-02-03 11:36:44,894 [INFO]     NSE:AUROPHARMA-EQ | CVD=285001 vs Ref=323967 | Close=1235.60 vs VAH=1239.00
2026-02-03 11:36:45,997 [INFO]     NSE:JSWSTEEL-EQ | CVD=-167036 vs Ref=34825 | Close=1239.80 vs VAH=1233.75
2026-02-03 11:36:46,337 [INFO]     NSE:UNOMINDA-EQ | CVD=-41955 vs Ref=22181 | Close=1221.30 vs VAH=1236.30
2026-02-03 11:36:46,635 [INFO]     NSE:HDFCLIFE-EQ | CVD=-22260 vs Ref=225855 | Close=726.65 vs VAH=731.20
2026-02-03 11:37:46,637 [INFO] 🔍 Scanning for alerts on 7 symbols (5min)...
2026-02-03 11:37:46,909 [INFO]     NSE:KEI-EQ | CVD=22898 vs Ref=120988 | Close=4340.90 vs VAH=4480.00
2026-02-03 11:37:47,176 [INFO]     NSE:SBILIFE-EQ | CVD=-61733 vs Ref=3985 | Close=2050.90 vs VAH=2059.40
2026-02-03 11:37:47,426 [INFO]     NSE:HAVELLS-EQ | CVD=175554 vs Ref=221616 | Close=1323.00 vs VAH=1332.45
2026-02-03 11:37:47,722 [INFO]     NSE:AUROPHARMA-EQ | CVD=285001 vs Ref=323967 | Close=1235.60 vs VAH=1239.00
2026-02-03 11:37:49,368 [INFO]     NSE:JSWSTEEL-EQ | CVD=-167036 vs Ref=34825 | Close=1239.80 vs VAH=1233.75
2026-02-03 11:37:49,649 [INFO]     NSE:UNOMINDA-EQ | CVD=-41955 vs Ref=22181 | Close=1221.30 vs VAH=1236.30
2026-02-03 11:37:50,010 [INFO]     NSE:HDFCLIFE-EQ | CVD=-22260 vs Ref=225855 | Close=726.65 vs VAH=731.20
2026-02-03 11:38:50,012 [INFO] 🔍 Scanning for alerts on 7 symbols (5min)...
2026-02-03 11:38:50,285 [INFO]     NSE:KEI-EQ | CVD=22898 vs Ref=120988 | Close=4340.90 vs VAH=4480.00
2026-02-03 11:38:50,525 [INFO]     NSE:SBILIFE-EQ | CVD=-61733 vs Ref=3985 | Close=2050.90 vs VAH=2059.40
2026-02-03 11:38:52,556 [INFO]     NSE:HAVELLS-EQ | CVD=175554 vs Ref=221616 | Close=1323.00 vs VAH=1332.45
2026-02-03 11:38:52,826 [INFO]     NSE:AUROPHARMA-EQ | CVD=285001 vs Ref=323967 | Close=1235.60 vs VAH=1239.00
2026-02-03 11:38:53,097 [INFO]     NSE:JSWSTEEL-EQ | CVD=-167036 vs Ref=34825 | Close=1239.80 vs VAH=1233.75
2026-02-03 11:38:53,388 [INFO]     NSE:UNOMINDA-EQ | CVD=-41955 vs Ref=22181 | Close=1221.30 vs VAH=1236.30
2026-02-03 11:38:53,646 [INFO]     NSE:HDFCLIFE-EQ | CVD=-22260 vs Ref=225855 | Close=726.65 vs VAH=731.20
2026-02-03 11:39:53,648 [INFO] 🔍 Scanning for alerts on 7 symbols (5min)...
2026-02-03 11:39:53,960 [INFO]     NSE:KEI-EQ | CVD=22898 vs Ref=120988 | Close=4340.90 vs VAH=4480.00
2026-02-03 11:39:54,216 [INFO]     NSE:SBILIFE-EQ | CVD=-61733 vs Ref=3985 | Close=2050.90 vs VAH=2059.40
2026-02-03 11:39:54,501 [INFO]     NSE:HAVELLS-EQ | CVD=175554 vs Ref=221616 | Close=1323.00 vs VAH=1332.45
2026-02-03 11:39:54,932 [INFO]     NSE:AUROPHARMA-EQ | CVD=285001 vs Ref=323967 | Close=1235.60 vs VAH=1239.00
2026-02-03 11:39:55,443 [INFO]     NSE:JSWSTEEL-EQ | CVD=-167036 vs Ref=34825 | Close=1239.80 vs VAH=1233.75
2026-02-03 11:39:57,061 [INFO]     NSE:UNOMINDA-EQ | CVD=-41955 vs Ref=22181 | Close=1221.30 vs VAH=1236.30
2026-02-03 11:39:57,364 [INFO]     NSE:HDFCLIFE-EQ | CVD=-22260 vs Ref=225855 | Close=726.65 vs VAH=731.20
2026-02-03 11:40:57,366 [INFO] 🔍 Scanning for alerts on 7 symbols (5min)...
2026-02-03 11:40:57,644 [INFO]     NSE:KEI-EQ | CVD=22898 vs Ref=120988 | Close=4340.90 vs VAH=4480.00
2026-02-03 11:40:57,975 [INFO]     NSE:SBILIFE-EQ | CVD=-61733 vs Ref=3985 | Close=2050.90 vs VAH=2059.40
2026-02-03 11:40:58,278 [INFO]     NSE:HAVELLS-EQ | CVD=175554 vs Ref=221616 | Close=1323.00 vs VAH=1332.45
2026-02-03 11:40:58,613 [INFO]     NSE:AUROPHARMA-EQ | CVD=285001 vs Ref=323967 | Close=1235.60 vs VAH=1239.00
2026-02-03 11:40:58,940 [INFO]     NSE:JSWSTEEL-EQ | CVD=-167036 vs Ref=34825 | Close=1239.80 vs VAH=1233.75
2026-02-03 11:40:59,242 [INFO]     NSE:UNOMINDA-EQ | CVD=-41955 vs Ref=22181 | Close=1221.30 vs VAH=1236.30
2026-02-03 11:40:59,499 [INFO]     NSE:HDFCLIFE-EQ | CVD=-22260 vs Ref=225855 | Close=726.65 vs VAH=731.20
2026-02-03 11:41:59,501 [INFO] 🔍 Scanning for alerts on 7 symbols (5min)...
2026-02-03 11:42:01,653 [INFO]     NSE:KEI-EQ | CVD=21876 vs Ref=120988 | Close=4333.10 vs VAH=4480.00
2026-02-03 11:42:02,000 [INFO]     NSE:SBILIFE-EQ | CVD=-66677 vs Ref=3985 | Close=2048.40 vs VAH=2059.40
2026-02-03 11:42:02,485 [INFO]     NSE:HAVELLS-EQ | CVD=179288 vs Ref=221616 | Close=1324.30 vs VAH=1332.45
2026-02-03 11:42:03,094 [INFO]     NSE:AUROPHARMA-EQ | CVD=291741 vs Ref=323967 | Close=1239.00 vs VAH=1239.00
2026-02-03 11:42:03,446 [INFO]     NSE:JSWSTEEL-EQ | CVD=-168334 vs Ref=34825 | Close=1238.70 vs VAH=1233.75
2026-02-03 11:42:03,852 [INFO]     NSE:UNOMINDA-EQ | CVD=-49574 vs Ref=22181 | Close=1221.90 vs VAH=1236.30
2026-02-03 11:42:04,177 [INFO]     NSE:HDFCLIFE-EQ | CVD=-26178 vs Ref=225855 | Close=726.35 vs VAH=731.20
2026-02-03 11:43:04,179 [INFO] 🔍 Scanning for alerts on 7 symbols (5min)...
2026-02-03 11:43:04,500 [INFO]     NSE:KEI-EQ | CVD=21876 vs Ref=120988 | Close=4333.10 vs VAH=4480.00
2026-02-03 11:43:04,815 [INFO]     NSE:SBILIFE-EQ | CVD=-66677 vs Ref=3985 | Close=2048.40 vs VAH=2059.40
2026-02-03 11:43:05,081 [INFO]     NSE:HAVELLS-EQ | CVD=179288 vs Ref=221616 | Close=1324.30 vs VAH=1332.45
2026-02-03 11:43:05,400 [INFO]     NSE:AUROPHARMA-EQ | CVD=291741 vs Ref=323967 | Close=1239.00 vs VAH=1239.00
2026-02-03 11:43:05,837 [INFO]     NSE:JSWSTEEL-EQ | CVD=-168334 vs Ref=34825 | Close=1238.70 vs VAH=1233.75
2026-02-03 11:43:06,244 [INFO]     NSE:UNOMINDA-EQ | CVD=-49574 vs Ref=22181 | Close=1221.90 vs VAH=1236.30
2026-02-03 11:43:06,502 [INFO]     NSE:HDFCLIFE-EQ | CVD=-26178 vs Ref=225855 | Close=726.35 vs VAH=731.20
2026-02-03 11:44:06,504 [INFO] 🔍 Scanning for alerts on 7 symbols (5min)...
2026-02-03 11:44:06,844 [INFO]     NSE:KEI-EQ | CVD=21876 vs Ref=120988 | Close=4333.10 vs VAH=4480.00
2026-02-03 11:44:07,278 [INFO]     NSE:SBILIFE-EQ | CVD=-66677 vs Ref=3985 | Close=2048.40 vs VAH=2059.40
2026-02-03 11:44:07,645 [INFO]     NSE:HAVELLS-EQ | CVD=179288 vs Ref=221616 | Close=1324.30 vs VAH=1332.45
2026-02-03 11:44:07,949 [INFO]     NSE:AUROPHARMA-EQ | CVD=291741 vs Ref=323967 | Close=1239.00 vs VAH=1239.00
2026-02-03 11:44:08,232 [INFO]     NSE:JSWSTEEL-EQ | CVD=-168334 vs Ref=34825 | Close=1238.70 vs VAH=1233.75
2026-02-03 11:44:08,529 [INFO]     NSE:UNOMINDA-EQ | CVD=-49574 vs Ref=22181 | Close=1221.90 vs VAH=1236.30
2026-02-03 11:44:08,793 [INFO]     NSE:HDFCLIFE-EQ | CVD=-26178 vs Ref=225855 | Close=726.35 vs VAH=731.20
2026-02-03 11:45:08,795 [INFO] 🔍 Scanning for alerts on 7 symbols (5min)...
2026-02-03 11:45:09,071 [INFO]     NSE:KEI-EQ | CVD=21876 vs Ref=120988 | Close=4333.10 vs VAH=4480.00
2026-02-03 11:45:09,328 [INFO]     NSE:SBILIFE-EQ | CVD=-66677 vs Ref=3985 | Close=2048.40 vs VAH=2059.40
2026-02-03 11:45:09,608 [INFO]     NSE:HAVELLS-EQ | CVD=179288 vs Ref=221616 | Close=1324.30 vs VAH=1332.45
2026-02-03 11:45:09,938 [INFO]     NSE:AUROPHARMA-EQ | CVD=291741 vs Ref=323967 | Close=1239.00 vs VAH=1239.00
2026-02-03 11:45:10,272 [INFO]     NSE:JSWSTEEL-EQ | CVD=-168334 vs Ref=34825 | Close=1238.70 vs VAH=1233.75
2026-02-03 11:45:10,639 [INFO]     NSE:UNOMINDA-EQ | CVD=-49574 vs Ref=22181 | Close=1221.90 vs VAH=1236.30
2026-02-03 11:45:10,948 [INFO]     NSE:HDFCLIFE-EQ | CVD=-26178 vs Ref=225855 | Close=726.35 vs VAH=731.20
2026-02-03 11:46:10,949 [INFO] 🔍 Scanning for alerts on 7 symbols (5min)...
2026-02-03 11:46:11,222 [INFO]     NSE:KEI-EQ | CVD=25040 vs Ref=120988 | Close=4327.80 vs VAH=4480.00
2026-02-03 11:46:11,508 [INFO]     NSE:SBILIFE-EQ | CVD=-64628 vs Ref=3985 | Close=2048.20 vs VAH=2059.40
2026-02-03 11:46:11,838 [INFO]     NSE:HAVELLS-EQ | CVD=183557 vs Ref=221616 | Close=1323.00 vs VAH=1332.45
2026-02-03 11:46:12,160 [INFO]     NSE:AUROPHARMA-EQ | CVD=289515 vs Ref=323967 | Close=1239.70 vs VAH=1239.00
2026-02-03 11:46:12,450 [INFO]     NSE:JSWSTEEL-EQ | CVD=-161833 vs Ref=34825 | Close=1239.60 vs VAH=1233.75
2026-02-03 11:46:12,814 [INFO]     NSE:UNOMINDA-EQ | CVD=-41497 vs Ref=22181 | Close=1223.00 vs VAH=1236.30
2026-02-03 11:46:13,266 [INFO]     NSE:HDFCLIFE-EQ | CVD=-40955 vs Ref=225855 | Close=725.85 vs VAH=731.20
2026-02-03 11:47:13,268 [INFO] 🔍 Scanning for alerts on 7 symbols (5min)...
2026-02-03 11:47:13,654 [INFO]     NSE:KEI-EQ | CVD=25040 vs Ref=120988 | Close=4327.80 vs VAH=4480.00
2026-02-03 11:47:13,921 [INFO]     NSE:SBILIFE-EQ | CVD=-64628 vs Ref=3985 | Close=2048.20 vs VAH=2059.40
2026-02-03 11:47:14,208 [INFO]     NSE:HAVELLS-EQ | CVD=183557 vs Ref=221616 | Close=1323.00 vs VAH=1332.45
2026-02-03 11:47:14,467 [INFO]     NSE:AUROPHARMA-EQ | CVD=289515 vs Ref=323967 | Close=1239.70 vs VAH=1239.00
2026-02-03 11:47:14,791 [INFO]     NSE:JSWSTEEL-EQ | CVD=-161833 vs Ref=34825 | Close=1239.60 vs VAH=1233.75
2026-02-03 11:47:15,077 [INFO]     NSE:UNOMINDA-EQ | CVD=-41497 vs Ref=22181 | Close=1223.00 vs VAH=1236.30
2026-02-03 11:47:15,393 [INFO]     NSE:HDFCLIFE-EQ | CVD=-40955 vs Ref=225855 | Close=725.85 vs VAH=731.20
2026-02-03 11:48:15,395 [INFO] 🔍 Scanning for alerts on 7 symbols (5min)...
2026-02-03 11:48:15,688 [INFO]     NSE:KEI-EQ | CVD=25040 vs Ref=120988 | Close=4327.80 vs VAH=4480.00
2026-02-03 11:48:15,965 [INFO]     NSE:SBILIFE-EQ | CVD=-64628 vs Ref=3985 | Close=2048.20 vs VAH=2059.40
2026-02-03 11:48:16,227 [INFO]     NSE:HAVELLS-EQ | CVD=183557 vs Ref=221616 | Close=1323.00 vs VAH=1332.45
2026-02-03 11:48:16,512 [INFO]     NSE:AUROPHARMA-EQ | CVD=289515 vs Ref=323967 | Close=1239.70 vs VAH=1239.00
2026-02-03 11:48:16,948 [INFO]     NSE:JSWSTEEL-EQ | CVD=-161833 vs Ref=34825 | Close=1239.60 vs VAH=1233.75
2026-02-03 11:48:17,237 [INFO]     NSE:UNOMINDA-EQ | CVD=-41497 vs Ref=22181 | Close=1223.00 vs VAH=1236.30
2026-02-03 11:48:17,496 [INFO]     NSE:HDFCLIFE-EQ | CVD=-40955 vs Ref=225855 | Close=725.85 vs VAH=731.20
2026-02-03 11:49:17,498 [INFO] 🔍 Scanning for alerts on 7 symbols (5min)...
2026-02-03 11:49:17,756 [INFO]     NSE:KEI-EQ | CVD=25040 vs Ref=120988 | Close=4327.80 vs VAH=4480.00
2026-02-03 11:49:18,048 [INFO]     NSE:SBILIFE-EQ | CVD=-64628 vs Ref=3985 | Close=2048.20 vs VAH=2059.40
2026-02-03 11:49:18,319 [INFO]     NSE:HAVELLS-EQ | CVD=183557 vs Ref=221616 | Close=1323.00 vs VAH=1332.45
2026-02-03 11:49:18,646 [INFO]     NSE:AUROPHARMA-EQ | CVD=289515 vs Ref=323967 | Close=1239.70 vs VAH=1239.00
2026-02-03 11:49:18,941 [INFO]     NSE:JSWSTEEL-EQ | CVD=-161833 vs Ref=34825 | Close=1239.60 vs VAH=1233.75
2026-02-03 11:49:19,254 [INFO]     NSE:UNOMINDA-EQ | CVD=-41497 vs Ref=22181 | Close=1223.00 vs VAH=1236.30
2026-02-03 11:49:19,642 [INFO]     NSE:HDFCLIFE-EQ | CVD=-40955 vs Ref=225855 | Close=725.85 vs VAH=731.20
2026-02-03 11:50:19,644 [INFO] 🔍 Scanning for alerts on 7 symbols (5min)...
2026-02-03 11:50:19,975 [INFO]     NSE:KEI-EQ | CVD=25040 vs Ref=120988 | Close=4327.80 vs VAH=4480.00
2026-02-03 11:50:20,256 [INFO]     NSE:SBILIFE-EQ | CVD=-64628 vs Ref=3985 | Close=2048.20 vs VAH=2059.40
2026-02-03 11:50:20,503 [INFO]     NSE:HAVELLS-EQ | CVD=183557 vs Ref=221616 | Close=1323.00 vs VAH=1332.45
2026-02-03 11:50:20,768 [INFO]     NSE:AUROPHARMA-EQ | CVD=289515 vs Ref=323967 | Close=1239.70 vs VAH=1239.00
2026-02-03 11:50:21,036 [INFO]     NSE:JSWSTEEL-EQ | CVD=-161833 vs Ref=34825 | Close=1239.60 vs VAH=1233.75
2026-02-03 11:50:21,313 [INFO]     NSE:UNOMINDA-EQ | CVD=-41497 vs Ref=22181 | Close=1223.00 vs VAH=1236.30
2026-02-03 11:50:21,594 [INFO]     NSE:HDFCLIFE-EQ | CVD=-40955 vs Ref=225855 | Close=725.85 vs VAH=731.20
2026-02-03 11:51:21,596 [INFO] 🔍 Scanning for alerts on 7 symbols (5min)...
2026-02-03 11:51:21,954 [INFO]     NSE:KEI-EQ | CVD=22687 vs Ref=120988 | Close=4317.60 vs VAH=4480.00
2026-02-03 11:51:22,388 [INFO]     NSE:SBILIFE-EQ | CVD=-65319 vs Ref=3985 | Close=2046.00 vs VAH=2059.40
2026-02-03 11:51:22,739 [INFO]     NSE:HAVELLS-EQ | CVD=182548 vs Ref=221616 | Close=1320.80 vs VAH=1332.45
2026-02-03 11:51:23,077 [INFO] 🚀 [BUY ALERT] NSE:AUROPHARMA-EQ (5min) triggered at 11:45!
2026-02-03 11:51:23,079 [INFO]     ✨ LTP:   1245.20
2026-02-03 11:51:23,079 [INFO]     ✅ Price: 1245.20 > FRVP VAH: 1239.00
2026-02-03 11:51:23,080 [INFO]     ✅ CVD:   329997 > CVD Ref:  323967
2026-02-03 11:51:23,081 [INFO] 📡 Sending order request for NSE:AUROPHARMA-EQ to http://localhost:4000/postOrder...
2026-02-03 11:51:25,241 [INFO] 📩 Server Response: 200 - {"message":"Order execution triggered","status":"success","receivedData":{"ticker":"NSE:AUROPHARMA-EQ","action":"BUY","close":1245.2}}
2026-02-03 11:51:25,243 [INFO]     NSE:AUROPHARMA-EQ | CVD=329997 vs Ref=323967 | Close=1245.20 vs VAH=1239.00
2026-02-03 11:51:25,746 [INFO]     NSE:JSWSTEEL-EQ | CVD=-169931 vs Ref=34825 | Close=1238.30 vs VAH=1233.75
2026-02-03 11:51:26,157 [INFO]     NSE:UNOMINDA-EQ | CVD=-42560 vs Ref=22181 | Close=1221.30 vs VAH=1236.30
2026-02-03 11:51:26,419 [INFO]     NSE:HDFCLIFE-EQ | CVD=-48217 vs Ref=225855 | Close=725.00 vs VAH=731.20
2026-02-03 11:52:26,422 [INFO] 🔍 Scanning for alerts on 6 symbols (5min)...
2026-02-03 11:52:26,774 [INFO]     NSE:KEI-EQ | CVD=22687 vs Ref=120988 | Close=4317.60 vs VAH=4480.00
2026-02-03 11:52:27,099 [INFO]     NSE:SBILIFE-EQ | CVD=-65319 vs Ref=3985 | Close=2046.00 vs VAH=2059.40
2026-02-03 11:52:27,491 [INFO]     NSE:HAVELLS-EQ | CVD=182548 vs Ref=221616 | Close=1320.80 vs VAH=1332.45
2026-02-03 11:52:27,768 [INFO]     NSE:JSWSTEEL-EQ | CVD=-169931 vs Ref=34825 | Close=1238.30 vs VAH=1233.75
2026-02-03 11:52:28,123 [INFO]     NSE:UNOMINDA-EQ | CVD=-42560 vs Ref=22181 | Close=1221.30 vs VAH=1236.30
2026-02-03 11:52:28,418 [INFO]     NSE:HDFCLIFE-EQ | CVD=-48217 vs Ref=225855 | Close=725.00 vs VAH=731.20
2026-02-03 11:53:28,421 [INFO] 🔍 Scanning for alerts on 6 symbols (5min)...
2026-02-03 11:53:28,747 [INFO]     NSE:KEI-EQ | CVD=22687 vs Ref=120988 | Close=4317.60 vs VAH=4480.00
2026-02-03 11:53:29,031 [INFO]     NSE:SBILIFE-EQ | CVD=-65319 vs Ref=3985 | Close=2046.00 vs VAH=2059.40
2026-02-03 11:53:29,375 [INFO]     NSE:HAVELLS-EQ | CVD=182548 vs Ref=221616 | Close=1320.80 vs VAH=1332.45
2026-02-03 11:53:29,695 [INFO]     NSE:JSWSTEEL-EQ | CVD=-169931 vs Ref=34825 | Close=1238.30 vs VAH=1233.75
2026-02-03 11:53:30,014 [INFO]     NSE:UNOMINDA-EQ | CVD=-42560 vs Ref=22181 | Close=1221.30 vs VAH=1236.30
2026-02-03 11:53:30,302 [INFO]     NSE:HDFCLIFE-EQ | CVD=-48217 vs Ref=225855 | Close=725.00 vs VAH=731.20
2026-02-03 11:54:30,304 [INFO] 🔍 Scanning for alerts on 6 symbols (5min)...
2026-02-03 11:54:30,582 [INFO]     NSE:KEI-EQ | CVD=22687 vs Ref=120988 | Close=4317.60 vs VAH=4480.00
2026-02-03 11:54:30,910 [INFO]     NSE:SBILIFE-EQ | CVD=-65319 vs Ref=3985 | Close=2046.00 vs VAH=2059.40
2026-02-03 11:54:31,340 [INFO]     NSE:HAVELLS-EQ | CVD=182548 vs Ref=221616 | Close=1320.80 vs VAH=1332.45
2026-02-03 11:54:31,884 [INFO]     NSE:JSWSTEEL-EQ | CVD=-169931 vs Ref=34825 | Close=1238.30 vs VAH=1233.75
2026-02-03 11:54:32,319 [INFO]     NSE:UNOMINDA-EQ | CVD=-42560 vs Ref=22181 | Close=1221.30 vs VAH=1236.30
2026-02-03 11:54:32,613 [INFO]     NSE:HDFCLIFE-EQ | CVD=-48217 vs Ref=225855 | Close=725.00 vs VAH=731.20
2026-02-03 11:55:32,614 [INFO] 🔍 Scanning for alerts on 6 symbols (5min)...
2026-02-03 11:55:33,055 [INFO]     NSE:KEI-EQ | CVD=22687 vs Ref=120988 | Close=4317.60 vs VAH=4480.00
2026-02-03 11:55:33,525 [INFO]     NSE:SBILIFE-EQ | CVD=-65319 vs Ref=3985 | Close=2046.00 vs VAH=2059.40
2026-02-03 11:55:33,886 [INFO]     NSE:HAVELLS-EQ | CVD=182548 vs Ref=221616 | Close=1320.80 vs VAH=1332.45
2026-02-03 11:55:34,286 [INFO]     NSE:JSWSTEEL-EQ | CVD=-169931 vs Ref=34825 | Close=1238.30 vs VAH=1233.75
2026-02-03 11:55:35,041 [INFO]     NSE:UNOMINDA-EQ | CVD=-42560 vs Ref=22181 | Close=1221.30 vs VAH=1236.30
2026-02-03 11:55:35,983 [INFO]     NSE:HDFCLIFE-EQ | CVD=-48217 vs Ref=225855 | Close=725.00 vs VAH=731.20
2026-02-03 11:56:35,986 [INFO] 🔍 Scanning for alerts on 6 symbols (5min)...
2026-02-03 11:56:36,453 [INFO]     NSE:KEI-EQ | CVD=23233 vs Ref=120988 | Close=4318.60 vs VAH=4480.00
2026-02-03 11:56:36,843 [INFO]     NSE:SBILIFE-EQ | CVD=-31392 vs Ref=3985 | Close=2048.90 vs VAH=2059.40
2026-02-03 11:56:37,189 [INFO]     NSE:HAVELLS-EQ | CVD=181180 vs Ref=221616 | Close=1319.90 vs VAH=1332.45
2026-02-03 11:56:37,485 [INFO]     NSE:JSWSTEEL-EQ | CVD=-170222 vs Ref=34825 | Close=1238.70 vs VAH=1233.75
2026-02-03 11:56:37,910 [INFO]     NSE:UNOMINDA-EQ | CVD=-39341 vs Ref=22181 | Close=1219.00 vs VAH=1236.30
2026-02-03 11:56:38,229 [INFO]     NSE:HDFCLIFE-EQ | CVD=-58905 vs Ref=225855 | Close=725.00 vs VAH=731.20
2026-02-03 11:57:38,231 [INFO] 🔍 Scanning for alerts on 6 symbols (5min)...
2026-02-03 11:57:38,532 [INFO]     NSE:KEI-EQ | CVD=23233 vs Ref=120988 | Close=4318.60 vs VAH=4480.00
2026-02-03 11:57:38,774 [INFO]     NSE:SBILIFE-EQ | CVD=-31392 vs Ref=3985 | Close=2048.90 vs VAH=2059.40
2026-02-03 11:57:39,102 [INFO]     NSE:HAVELLS-EQ | CVD=181180 vs Ref=221616 | Close=1319.90 vs VAH=1332.45
2026-02-03 11:57:39,395 [INFO]     NSE:JSWSTEEL-EQ | CVD=-170222 vs Ref=34825 | Close=1238.70 vs VAH=1233.75
2026-02-03 11:57:39,733 [INFO]     NSE:UNOMINDA-EQ | CVD=-39341 vs Ref=22181 | Close=1219.00 vs VAH=1236.30
2026-02-03 11:57:40,067 [INFO]     NSE:HDFCLIFE-EQ | CVD=-58905 vs Ref=225855 | Close=725.00 vs VAH=731.20
2026-02-03 11:58:40,069 [INFO] 🔍 Scanning for alerts on 6 symbols (5min)...
2026-02-03 11:58:40,343 [INFO]     NSE:KEI-EQ | CVD=23233 vs Ref=120988 | Close=4318.60 vs VAH=4480.00
2026-02-03 11:58:40,607 [INFO]     NSE:SBILIFE-EQ | CVD=-31392 vs Ref=3985 | Close=2048.90 vs VAH=2059.40
2026-02-03 11:58:40,857 [INFO]     NSE:HAVELLS-EQ | CVD=181180 vs Ref=221616 | Close=1319.90 vs VAH=1332.45
2026-02-03 11:58:41,133 [INFO]     NSE:JSWSTEEL-EQ | CVD=-170222 vs Ref=34825 | Close=1238.70 vs VAH=1233.75
2026-02-03 11:58:41,403 [INFO]     NSE:UNOMINDA-EQ | CVD=-39341 vs Ref=22181 | Close=1219.00 vs VAH=1236.30
2026-02-03 11:58:41,701 [INFO]     NSE:HDFCLIFE-EQ | CVD=-58905 vs Ref=225855 | Close=725.00 vs VAH=731.20
2026-02-03 11:59:41,703 [INFO] 🔍 Scanning for alerts on 6 symbols (5min)...
2026-02-03 11:59:41,988 [INFO]     NSE:KEI-EQ | CVD=23233 vs Ref=120988 | Close=4318.60 vs VAH=4480.00
2026-02-03 11:59:42,254 [INFO]     NSE:SBILIFE-EQ | CVD=-31392 vs Ref=3985 | Close=2048.90 vs VAH=2059.40
2026-02-03 11:59:42,496 [INFO]     NSE:HAVELLS-EQ | CVD=181180 vs Ref=221616 | Close=1319.90 vs VAH=1332.45
2026-02-03 11:59:42,749 [INFO]     NSE:JSWSTEEL-EQ | CVD=-170222 vs Ref=34825 | Close=1238.70 vs VAH=1233.75
2026-02-03 11:59:43,045 [INFO]     NSE:UNOMINDA-EQ | CVD=-39341 vs Ref=22181 | Close=1219.00 vs VAH=1236.30
2026-02-03 11:59:43,277 [INFO]     NSE:HDFCLIFE-EQ | CVD=-58905 vs Ref=225855 | Close=725.00 vs VAH=731.20
2026-02-03 12:00:43,278 [INFO] 🔍 Scanning for alerts on 6 symbols (5min)...
2026-02-03 12:00:43,573 [INFO]     NSE:KEI-EQ | CVD=23233 vs Ref=120988 | Close=4318.60 vs VAH=4480.00
2026-02-03 12:00:45,036 [INFO]     NSE:SBILIFE-EQ | CVD=-31392 vs Ref=3985 | Close=2048.90 vs VAH=2059.40
2026-02-03 12:00:45,311 [INFO]     NSE:HAVELLS-EQ | CVD=181180 vs Ref=221616 | Close=1319.90 vs VAH=1332.45
2026-02-03 12:00:45,588 [INFO]     NSE:JSWSTEEL-EQ | CVD=-170222 vs Ref=34825 | Close=1238.70 vs VAH=1233.75
2026-02-03 12:00:45,880 [INFO]     NSE:UNOMINDA-EQ | CVD=-39341 vs Ref=22181 | Close=1219.00 vs VAH=1236.30
2026-02-03 12:00:46,152 [INFO]     NSE:HDFCLIFE-EQ | CVD=-58905 vs Ref=225855 | Close=725.00 vs VAH=731.20
2026-02-03 12:01:46,154 [INFO] 🔍 Scanning for alerts on 6 symbols (5min)...
2026-02-03 12:01:46,426 [INFO]     NSE:KEI-EQ | CVD=22809 vs Ref=120988 | Close=4320.40 vs VAH=4480.00
2026-02-03 12:01:46,687 [INFO]     NSE:SBILIFE-EQ | CVD=-23236 vs Ref=3985 | Close=2050.90 vs VAH=2059.40
2026-02-03 12:01:46,955 [INFO]     NSE:HAVELLS-EQ | CVD=182490 vs Ref=221616 | Close=1320.80 vs VAH=1332.45
2026-02-03 12:01:47,242 [INFO]     NSE:JSWSTEEL-EQ | CVD=-146092 vs Ref=34825 | Close=1240.90 vs VAH=1233.75
2026-02-03 12:01:47,518 [INFO]     NSE:UNOMINDA-EQ | CVD=-42671 vs Ref=22181 | Close=1219.00 vs VAH=1236.30
2026-02-03 12:01:48,457 [INFO]     NSE:HDFCLIFE-EQ | CVD=-64444 vs Ref=225855 | Close=725.00 vs VAH=731.20
2026-02-03 12:02:48,458 [INFO] 🔍 Scanning for alerts on 6 symbols (5min)...
2026-02-03 12:02:48,871 [INFO]     NSE:KEI-EQ | CVD=22809 vs Ref=120988 | Close=4320.40 vs VAH=4480.00
2026-02-03 12:02:49,218 [INFO]     NSE:SBILIFE-EQ | CVD=-23236 vs Ref=3985 | Close=2050.90 vs VAH=2059.40
2026-02-03 12:02:49,522 [INFO]     NSE:HAVELLS-EQ | CVD=182490 vs Ref=221616 | Close=1320.80 vs VAH=1332.45
2026-02-03 12:02:49,790 [INFO]     NSE:JSWSTEEL-EQ | CVD=-146092 vs Ref=34825 | Close=1240.90 vs VAH=1233.75
2026-02-03 12:02:50,060 [INFO]     NSE:UNOMINDA-EQ | CVD=-42671 vs Ref=22181 | Close=1219.00 vs VAH=1236.30
2026-02-03 12:02:50,335 [INFO]     NSE:HDFCLIFE-EQ | CVD=-64444 vs Ref=225855 | Close=725.00 vs VAH=731.20
2026-02-03 12:03:52,044 [INFO] 🔍 Scanning for alerts on 6 symbols (5min)...
2026-02-03 12:03:52,359 [INFO]     NSE:KEI-EQ | CVD=22809 vs Ref=120988 | Close=4320.40 vs VAH=4480.00
2026-02-03 12:03:52,704 [INFO]     NSE:SBILIFE-EQ | CVD=-23236 vs Ref=3985 | Close=2050.90 vs VAH=2059.40
2026-02-03 12:03:52,977 [INFO]     NSE:HAVELLS-EQ | CVD=182490 vs Ref=221616 | Close=1320.80 vs VAH=1332.45
2026-02-03 12:03:53,240 [INFO]     NSE:JSWSTEEL-EQ | CVD=-146092 vs Ref=34825 | Close=1240.90 vs VAH=1233.75
2026-02-03 12:03:53,518 [INFO]     NSE:UNOMINDA-EQ | CVD=-42671 vs Ref=22181 | Close=1219.00 vs VAH=1236.30
2026-02-03 12:03:55,453 [INFO]     NSE:HDFCLIFE-EQ | CVD=-64444 vs Ref=225855 | Close=725.00 vs VAH=731.20
2026-02-03 12:04:55,455 [INFO] 🔍 Scanning for alerts on 6 symbols (5min)...
2026-02-03 12:04:55,900 [INFO]     NSE:KEI-EQ | CVD=22809 vs Ref=120988 | Close=4320.40 vs VAH=4480.00
2026-02-03 12:04:56,278 [INFO]     NSE:SBILIFE-EQ | CVD=-23236 vs Ref=3985 | Close=2050.90 vs VAH=2059.40
2026-02-03 12:04:56,652 [INFO]     NSE:HAVELLS-EQ | CVD=182490 vs Ref=221616 | Close=1320.80 vs VAH=1332.45
2026-02-03 12:04:58,657 [INFO]     NSE:JSWSTEEL-EQ | CVD=-146092 vs Ref=34825 | Close=1240.90 vs VAH=1233.75
2026-02-03 12:04:59,006 [INFO]     NSE:UNOMINDA-EQ | CVD=-42671 vs Ref=22181 | Close=1219.00 vs VAH=1236.30
2026-02-03 12:04:59,282 [INFO]     NSE:HDFCLIFE-EQ | CVD=-64444 vs Ref=225855 | Close=725.00 vs VAH=731.20
2026-02-03 12:05:59,284 [INFO] 🔍 Scanning for alerts on 6 symbols (5min)...
2026-02-03 12:05:59,564 [INFO]     NSE:KEI-EQ | CVD=22809 vs Ref=120988 | Close=4320.40 vs VAH=4480.00
2026-02-03 12:05:59,824 [INFO]     NSE:SBILIFE-EQ | CVD=-23236 vs Ref=3985 | Close=2050.90 vs VAH=2059.40
2026-02-03 12:06:01,715 [INFO]     NSE:HAVELLS-EQ | CVD=182490 vs Ref=221616 | Close=1320.80 vs VAH=1332.45
2026-02-03 12:06:02,099 [INFO]     NSE:JSWSTEEL-EQ | CVD=-146092 vs Ref=34825 | Close=1240.90 vs VAH=1233.75
2026-02-03 12:06:02,493 [INFO]     NSE:UNOMINDA-EQ | CVD=-42671 vs Ref=22181 | Close=1219.00 vs VAH=1236.30
2026-02-03 12:06:02,878 [INFO]     NSE:HDFCLIFE-EQ | CVD=-64444 vs Ref=225855 | Close=725.00 vs VAH=731.20
2026-02-03 12:07:02,880 [INFO] 🔍 Scanning for alerts on 6 symbols (5min)...
2026-02-03 12:07:03,237 [INFO]     NSE:KEI-EQ | CVD=21494 vs Ref=120988 | Close=4322.00 vs VAH=4480.00
2026-02-03 12:07:03,549 [INFO]     NSE:SBILIFE-EQ | CVD=-45437 vs Ref=3985 | Close=2043.50 vs VAH=2059.40
2026-02-03 12:07:03,909 [INFO]     NSE:HAVELLS-EQ | CVD=181592 vs Ref=221616 | Close=1319.20 vs VAH=1332.45
2026-02-03 12:07:04,277 [INFO]     NSE:JSWSTEEL-EQ | CVD=-156992 vs Ref=34825 | Close=1239.00 vs VAH=1233.75
2026-02-03 12:07:04,730 [INFO]     NSE:UNOMINDA-EQ | CVD=-42685 vs Ref=22181 | Close=1218.90 vs VAH=1236.30
2026-02-03 12:07:05,257 [INFO]     NSE:HDFCLIFE-EQ | CVD=-73745 vs Ref=225855 | Close=723.45 vs VAH=731.20
2026-02-03 12:08:05,259 [INFO] 🔍 Scanning for alerts on 6 symbols (5min)...
2026-02-03 12:08:05,741 [INFO]     NSE:KEI-EQ | CVD=21494 vs Ref=120988 | Close=4322.00 vs VAH=4480.00
2026-02-03 12:08:06,296 [INFO]     NSE:SBILIFE-EQ | CVD=-45437 vs Ref=3985 | Close=2043.50 vs VAH=2059.40
2026-02-03 12:08:06,640 [INFO]     NSE:HAVELLS-EQ | CVD=181592 vs Ref=221616 | Close=1319.20 vs VAH=1332.45
2026-02-03 12:08:07,104 [INFO]     NSE:JSWSTEEL-EQ | CVD=-156992 vs Ref=34825 | Close=1239.00 vs VAH=1233.75
2026-02-03 12:08:07,530 [INFO]     NSE:UNOMINDA-EQ | CVD=-42685 vs Ref=22181 | Close=1218.90 vs VAH=1236.30
2026-02-03 12:08:07,867 [INFO]     NSE:HDFCLIFE-EQ | CVD=-73745 vs Ref=225855 | Close=723.45 vs VAH=731.20
2026-02-03 12:09:07,870 [INFO] 🔍 Scanning for alerts on 6 symbols (5min)...
2026-02-03 12:09:08,145 [INFO]     NSE:KEI-EQ | CVD=21494 vs Ref=120988 | Close=4322.00 vs VAH=4480.00
2026-02-03 12:09:08,425 [INFO]     NSE:SBILIFE-EQ | CVD=-45437 vs Ref=3985 | Close=2043.50 vs VAH=2059.40
2026-02-03 12:09:08,704 [INFO]     NSE:HAVELLS-EQ | CVD=181592 vs Ref=221616 | Close=1319.20 vs VAH=1332.45
2026-02-03 12:09:09,087 [INFO]     NSE:JSWSTEEL-EQ | CVD=-156992 vs Ref=34825 | Close=1239.00 vs VAH=1233.75
2026-02-03 12:09:09,472 [INFO]     NSE:UNOMINDA-EQ | CVD=-42685 vs Ref=22181 | Close=1218.90 vs VAH=1236.30
2026-02-03 12:09:09,821 [INFO]     NSE:HDFCLIFE-EQ | CVD=-73745 vs Ref=225855 | Close=723.45 vs VAH=731.20
2026-02-03 12:10:09,823 [INFO] 🔍 Scanning for alerts on 6 symbols (5min)...
2026-02-03 12:10:10,134 [INFO]     NSE:KEI-EQ | CVD=21494 vs Ref=120988 | Close=4322.00 vs VAH=4480.00
2026-02-03 12:10:10,393 [INFO]     NSE:SBILIFE-EQ | CVD=-45437 vs Ref=3985 | Close=2043.50 vs VAH=2059.40
2026-02-03 12:10:10,683 [INFO]     NSE:HAVELLS-EQ | CVD=181592 vs Ref=221616 | Close=1319.20 vs VAH=1332.45
2026-02-03 12:10:10,987 [INFO]     NSE:JSWSTEEL-EQ | CVD=-156992 vs Ref=34825 | Close=1239.00 vs VAH=1233.75
2026-02-03 12:10:11,695 [INFO]     NSE:UNOMINDA-EQ | CVD=-42685 vs Ref=22181 | Close=1218.90 vs VAH=1236.30
2026-02-03 12:10:12,068 [INFO]     NSE:HDFCLIFE-EQ | CVD=-73745 vs Ref=225855 | Close=723.45 vs VAH=731.20
2026-02-03 12:11:12,070 [INFO] 🔍 Scanning for alerts on 6 symbols (5min)...
2026-02-03 12:11:12,363 [INFO]     NSE:KEI-EQ | CVD=18163 vs Ref=120988 | Close=4319.00 vs VAH=4480.00
2026-02-03 12:11:12,629 [INFO]     NSE:SBILIFE-EQ | CVD=-24056 vs Ref=3985 | Close=2047.10 vs VAH=2059.40
2026-02-03 12:11:12,881 [INFO]     NSE:HAVELLS-EQ | CVD=184096 vs Ref=221616 | Close=1321.90 vs VAH=1332.45
2026-02-03 12:11:13,163 [INFO]     NSE:JSWSTEEL-EQ | CVD=-160217 vs Ref=34825 | Close=1236.60 vs VAH=1233.75
2026-02-03 12:11:13,435 [INFO]     NSE:UNOMINDA-EQ | CVD=-43325 vs Ref=22181 | Close=1218.90 vs VAH=1236.30
2026-02-03 12:11:13,703 [INFO]     NSE:HDFCLIFE-EQ | CVD=-70903 vs Ref=225855 | Close=724.05 vs VAH=731.20
2026-02-03 12:12:13,705 [INFO] 🔍 Scanning for alerts on 6 symbols (5min)...
2026-02-03 12:12:14,030 [INFO]     NSE:KEI-EQ | CVD=18163 vs Ref=120988 | Close=4319.00 vs VAH=4480.00
2026-02-03 12:12:14,814 [INFO]     NSE:SBILIFE-EQ | CVD=-24056 vs Ref=3985 | Close=2047.10 vs VAH=2059.40
2026-02-03 12:12:15,279 [INFO]     NSE:HAVELLS-EQ | CVD=184096 vs Ref=221616 | Close=1321.90 vs VAH=1332.45
2026-02-03 12:12:16,091 [INFO]     NSE:JSWSTEEL-EQ | CVD=-160217 vs Ref=34825 | Close=1236.60 vs VAH=1233.75
2026-02-03 12:12:16,857 [INFO]     NSE:UNOMINDA-EQ | CVD=-43325 vs Ref=22181 | Close=1218.90 vs VAH=1236.30
2026-02-03 12:12:17,391 [INFO]     NSE:HDFCLIFE-EQ | CVD=-70903 vs Ref=225855 | Close=724.05 vs VAH=731.20
2026-02-03 12:13:17,393 [INFO] 🔍 Scanning for alerts on 6 symbols (5min)...
2026-02-03 12:13:17,654 [INFO]     NSE:KEI-EQ | CVD=18163 vs Ref=120988 | Close=4319.00 vs VAH=4480.00
2026-02-03 12:13:17,941 [INFO]     NSE:SBILIFE-EQ | CVD=-24056 vs Ref=3985 | Close=2047.10 vs VAH=2059.40
2026-02-03 12:13:18,187 [INFO]     NSE:HAVELLS-EQ | CVD=184096 vs Ref=221616 | Close=1321.90 vs VAH=1332.45
2026-02-03 12:13:18,461 [INFO]     NSE:JSWSTEEL-EQ | CVD=-160217 vs Ref=34825 | Close=1236.60 vs VAH=1233.75
2026-02-03 12:13:18,731 [INFO]     NSE:UNOMINDA-EQ | CVD=-43325 vs Ref=22181 | Close=1218.90 vs VAH=1236.30
2026-02-03 12:13:18,990 [INFO]     NSE:HDFCLIFE-EQ | CVD=-70903 vs Ref=225855 | Close=724.05 vs VAH=731.20
2026-02-03 12:14:18,992 [INFO] 🔍 Scanning for alerts on 6 symbols (5min)...
2026-02-03 12:14:19,296 [INFO]     NSE:KEI-EQ | CVD=18163 vs Ref=120988 | Close=4319.00 vs VAH=4480.00
2026-02-03 12:14:19,615 [INFO]     NSE:SBILIFE-EQ | CVD=-24056 vs Ref=3985 | Close=2047.10 vs VAH=2059.40
2026-02-03 12:14:19,881 [INFO]     NSE:HAVELLS-EQ | CVD=184096 vs Ref=221616 | Close=1321.90 vs VAH=1332.45
2026-02-03 12:14:20,205 [INFO]     NSE:JSWSTEEL-EQ | CVD=-160217 vs Ref=34825 | Close=1236.60 vs VAH=1233.75
2026-02-03 12:14:20,473 [INFO]     NSE:UNOMINDA-EQ | CVD=-43325 vs Ref=22181 | Close=1218.90 vs VAH=1236.30
2026-02-03 12:14:20,768 [INFO]     NSE:HDFCLIFE-EQ | CVD=-70903 vs Ref=225855 | Close=724.05 vs VAH=731.20
2026-02-03 12:15:20,770 [INFO] 🔍 Scanning for alerts on 6 symbols (5min)...
2026-02-03 12:15:21,210 [INFO]     NSE:KEI-EQ | CVD=18163 vs Ref=120988 | Close=4319.00 vs VAH=4480.00
2026-02-03 12:15:21,613 [INFO]     NSE:SBILIFE-EQ | CVD=-24056 vs Ref=3985 | Close=2047.10 vs VAH=2059.40
2026-02-03 12:15:21,941 [INFO]     NSE:HAVELLS-EQ | CVD=184096 vs Ref=221616 | Close=1321.90 vs VAH=1332.45
2026-02-03 12:15:22,268 [INFO]     NSE:JSWSTEEL-EQ | CVD=-160217 vs Ref=34825 | Close=1236.60 vs VAH=1233.75
2026-02-03 12:15:22,565 [INFO]     NSE:UNOMINDA-EQ | CVD=-43325 vs Ref=22181 | Close=1218.90 vs VAH=1236.30
2026-02-03 12:15:22,983 [INFO]     NSE:HDFCLIFE-EQ | CVD=-70903 vs Ref=225855 | Close=724.05 vs VAH=731.20
2026-02-03 12:16:22,986 [INFO] 🔍 Scanning for alerts on 6 symbols (5min)...
2026-02-03 12:16:23,263 [INFO]     NSE:KEI-EQ | CVD=12850 vs Ref=120988 | Close=4311.20 vs VAH=4480.00
2026-02-03 12:16:23,521 [INFO]     NSE:SBILIFE-EQ | CVD=-28472 vs Ref=3985 | Close=2046.60 vs VAH=2059.40
2026-02-03 12:16:23,821 [INFO]     NSE:HAVELLS-EQ | CVD=183940 vs Ref=221616 | Close=1321.90 vs VAH=1332.45
2026-02-03 12:16:24,138 [INFO]     NSE:JSWSTEEL-EQ | CVD=-154870 vs Ref=34825 | Close=1237.70 vs VAH=1233.75
2026-02-03 12:16:24,420 [INFO]     NSE:UNOMINDA-EQ | CVD=-63608 vs Ref=22181 | Close=1215.80 vs VAH=1236.30
2026-02-03 12:16:24,686 [INFO]     NSE:HDFCLIFE-EQ | CVD=-66411 vs Ref=225855 | Close=724.30 vs VAH=731.20
2026-02-03 12:17:24,688 [INFO] 🔍 Scanning for alerts on 6 symbols (5min)...
2026-02-03 12:17:24,999 [INFO]     NSE:KEI-EQ | CVD=12850 vs Ref=120988 | Close=4311.20 vs VAH=4480.00
2026-02-03 12:17:25,333 [INFO]     NSE:SBILIFE-EQ | CVD=-28472 vs Ref=3985 | Close=2046.60 vs VAH=2059.40
2026-02-03 12:17:25,697 [INFO]     NSE:HAVELLS-EQ | CVD=183940 vs Ref=221616 | Close=1321.90 vs VAH=1332.45
2026-02-03 12:17:26,143 [INFO]     NSE:JSWSTEEL-EQ | CVD=-154870 vs Ref=34825 | Close=1237.70 vs VAH=1233.75
2026-02-03 12:17:26,461 [INFO]     NSE:UNOMINDA-EQ | CVD=-63608 vs Ref=22181 | Close=1215.80 vs VAH=1236.30
2026-02-03 12:17:26,725 [INFO]     NSE:HDFCLIFE-EQ | CVD=-66411 vs Ref=225855 | Close=724.30 vs VAH=731.20
2026-02-03 12:18:26,728 [INFO] 🔍 Scanning for alerts on 6 symbols (5min)...
2026-02-03 12:18:27,073 [INFO]     NSE:KEI-EQ | CVD=12850 vs Ref=120988 | Close=4311.20 vs VAH=4480.00
2026-02-03 12:18:27,440 [INFO]     NSE:SBILIFE-EQ | CVD=-28472 vs Ref=3985 | Close=2046.60 vs VAH=2059.40
2026-02-03 12:18:28,238 [INFO]     NSE:HAVELLS-EQ | CVD=183940 vs Ref=221616 | Close=1321.90 vs VAH=1332.45
2026-02-03 12:18:28,721 [INFO]     NSE:JSWSTEEL-EQ | CVD=-154870 vs Ref=34825 | Close=1237.70 vs VAH=1233.75
2026-02-03 12:18:29,102 [INFO]     NSE:UNOMINDA-EQ | CVD=-63608 vs Ref=22181 | Close=1215.80 vs VAH=1236.30
2026-02-03 12:18:29,697 [INFO]     NSE:HDFCLIFE-EQ | CVD=-66411 vs Ref=225855 | Close=724.30 vs VAH=731.20
2026-02-03 12:19:29,700 [INFO] 🔍 Scanning for alerts on 6 symbols (5min)...
2026-02-03 12:19:30,040 [INFO]     NSE:KEI-EQ | CVD=12850 vs Ref=120988 | Close=4311.20 vs VAH=4480.00
2026-02-03 12:19:30,317 [INFO]     NSE:SBILIFE-EQ | CVD=-28472 vs Ref=3985 | Close=2046.60 vs VAH=2059.40
2026-02-03 12:19:30,737 [INFO]     NSE:HAVELLS-EQ | CVD=183940 vs Ref=221616 | Close=1321.90 vs VAH=1332.45
2026-02-03 12:19:31,088 [INFO]     NSE:JSWSTEEL-EQ | CVD=-154870 vs Ref=34825 | Close=1237.70 vs VAH=1233.75
2026-02-03 12:19:31,356 [INFO]     NSE:UNOMINDA-EQ | CVD=-63608 vs Ref=22181 | Close=1215.80 vs VAH=1236.30
2026-02-03 12:19:31,604 [INFO]     NSE:HDFCLIFE-EQ | CVD=-66411 vs Ref=225855 | Close=724.30 vs VAH=731.20
2026-02-03 12:20:31,605 [INFO] 🔍 Scanning for alerts on 6 symbols (5min)...
2026-02-03 12:20:31,899 [INFO]     NSE:KEI-EQ | CVD=12850 vs Ref=120988 | Close=4311.20 vs VAH=4480.00
2026-02-03 12:20:32,136 [INFO]     NSE:SBILIFE-EQ | CVD=-28472 vs Ref=3985 | Close=2046.60 vs VAH=2059.40
2026-02-03 12:20:32,404 [INFO]     NSE:HAVELLS-EQ | CVD=183940 vs Ref=221616 | Close=1321.90 vs VAH=1332.45
2026-02-03 12:20:32,664 [INFO]     NSE:JSWSTEEL-EQ | CVD=-154870 vs Ref=34825 | Close=1237.70 vs VAH=1233.75
2026-02-03 12:20:32,958 [INFO]     NSE:UNOMINDA-EQ | CVD=-63608 vs Ref=22181 | Close=1215.80 vs VAH=1236.30
2026-02-03 12:20:33,235 [INFO]     NSE:HDFCLIFE-EQ | CVD=-66411 vs Ref=225855 | Close=724.30 vs VAH=731.20
2026-02-03 12:21:33,237 [INFO] 🔍 Scanning for alerts on 6 symbols (5min)...
2026-02-03 12:21:33,478 [INFO]     NSE:KEI-EQ | CVD=14377 vs Ref=120988 | Close=4317.30 vs VAH=4480.00
2026-02-03 12:21:33,741 [INFO]     NSE:SBILIFE-EQ | CVD=-33821 vs Ref=3985 | Close=2044.10 vs VAH=2059.40
2026-02-03 12:21:33,977 [INFO]     NSE:HAVELLS-EQ | CVD=184446 vs Ref=221616 | Close=1323.10 vs VAH=1332.45
2026-02-03 12:21:34,222 [INFO]     NSE:JSWSTEEL-EQ | CVD=-154682 vs Ref=34825 | Close=1237.40 vs VAH=1233.75
2026-02-03 12:21:34,490 [INFO]     NSE:UNOMINDA-EQ | CVD=-58806 vs Ref=22181 | Close=1217.10 vs VAH=1236.30
2026-02-03 12:21:34,821 [INFO]     NSE:HDFCLIFE-EQ | CVD=-68772 vs Ref=225855 | Close=724.10 vs VAH=731.20
2026-02-03 12:22:34,823 [INFO] 🔍 Scanning for alerts on 6 symbols (5min)...
2026-02-03 12:22:35,138 [INFO]     NSE:KEI-EQ | CVD=14377 vs Ref=120988 | Close=4317.30 vs VAH=4480.00
2026-02-03 12:22:35,423 [INFO]     NSE:SBILIFE-EQ | CVD=-33821 vs Ref=3985 | Close=2044.10 vs VAH=2059.40
2026-02-03 12:22:35,686 [INFO]     NSE:HAVELLS-EQ | CVD=184446 vs Ref=221616 | Close=1323.10 vs VAH=1332.45
2026-02-03 12:22:35,965 [INFO]     NSE:JSWSTEEL-EQ | CVD=-154682 vs Ref=34825 | Close=1237.40 vs VAH=1233.75
2026-02-03 12:22:36,296 [INFO]     NSE:UNOMINDA-EQ | CVD=-58806 vs Ref=22181 | Close=1217.10 vs VAH=1236.30
2026-02-03 12:22:36,527 [INFO]     NSE:HDFCLIFE-EQ | CVD=-68772 vs Ref=225855 | Close=724.10 vs VAH=731.20
2026-02-03 12:23:36,529 [INFO] 🔍 Scanning for alerts on 6 symbols (5min)...
2026-02-03 12:23:36,828 [INFO]     NSE:KEI-EQ | CVD=14377 vs Ref=120988 | Close=4317.30 vs VAH=4480.00
2026-02-03 12:23:37,098 [INFO]     NSE:SBILIFE-EQ | CVD=-33821 vs Ref=3985 | Close=2044.10 vs VAH=2059.40
2026-02-03 12:23:37,459 [INFO]     NSE:HAVELLS-EQ | CVD=184446 vs Ref=221616 | Close=1323.10 vs VAH=1332.45
2026-02-03 12:23:37,764 [INFO]     NSE:JSWSTEEL-EQ | CVD=-154682 vs Ref=34825 | Close=1237.40 vs VAH=1233.75
2026-02-03 12:23:38,207 [INFO]     NSE:UNOMINDA-EQ | CVD=-58806 vs Ref=22181 | Close=1217.10 vs VAH=1236.30
2026-02-03 12:23:38,614 [INFO]     NSE:HDFCLIFE-EQ | CVD=-68772 vs Ref=225855 | Close=724.10 vs VAH=731.20
2026-02-03 12:24:38,616 [INFO] 🔍 Scanning for alerts on 6 symbols (5min)...
2026-02-03 12:24:38,888 [INFO]     NSE:KEI-EQ | CVD=14377 vs Ref=120988 | Close=4317.30 vs VAH=4480.00
2026-02-03 12:24:39,134 [INFO]     NSE:SBILIFE-EQ | CVD=-33821 vs Ref=3985 | Close=2044.10 vs VAH=2059.40
2026-02-03 12:24:39,399 [INFO]     NSE:HAVELLS-EQ | CVD=184446 vs Ref=221616 | Close=1323.10 vs VAH=1332.45
2026-02-03 12:24:39,688 [INFO]     NSE:JSWSTEEL-EQ | CVD=-154682 vs Ref=34825 | Close=1237.40 vs VAH=1233.75
2026-02-03 12:24:39,947 [INFO]     NSE:UNOMINDA-EQ | CVD=-58806 vs Ref=22181 | Close=1217.10 vs VAH=1236.30
2026-02-03 12:24:40,192 [INFO]     NSE:HDFCLIFE-EQ | CVD=-68772 vs Ref=225855 | Close=724.10 vs VAH=731.20
2026-02-03 12:25:40,194 [INFO] 🔍 Scanning for alerts on 6 symbols (5min)...
2026-02-03 12:25:40,470 [INFO]     NSE:KEI-EQ | CVD=14377 vs Ref=120988 | Close=4317.30 vs VAH=4480.00
2026-02-03 12:25:40,735 [INFO]     NSE:SBILIFE-EQ | CVD=-33821 vs Ref=3985 | Close=2044.10 vs VAH=2059.40
2026-02-03 12:25:41,003 [INFO]     NSE:HAVELLS-EQ | CVD=184446 vs Ref=221616 | Close=1323.10 vs VAH=1332.45
2026-02-03 12:25:41,290 [INFO]     NSE:JSWSTEEL-EQ | CVD=-154682 vs Ref=34825 | Close=1237.40 vs VAH=1233.75
2026-02-03 12:25:41,566 [INFO]     NSE:UNOMINDA-EQ | CVD=-58806 vs Ref=22181 | Close=1217.10 vs VAH=1236.30
2026-02-03 12:25:41,807 [INFO]     NSE:HDFCLIFE-EQ | CVD=-68772 vs Ref=225855 | Close=724.10 vs VAH=731.20
2026-02-03 12:26:41,808 [INFO] 🔍 Scanning for alerts on 6 symbols (5min)...
2026-02-03 12:26:42,104 [INFO]     NSE:KEI-EQ | CVD=13827 vs Ref=120988 | Close=4310.70 vs VAH=4480.00
2026-02-03 12:26:42,369 [INFO]     NSE:SBILIFE-EQ | CVD=-41355 vs Ref=3985 | Close=2040.50 vs VAH=2059.40
2026-02-03 12:26:42,636 [INFO]     NSE:HAVELLS-EQ | CVD=183943 vs Ref=221616 | Close=1323.30 vs VAH=1332.45
2026-02-03 12:26:42,910 [INFO]     NSE:JSWSTEEL-EQ | CVD=-150395 vs Ref=34825 | Close=1238.70 vs VAH=1233.75
2026-02-03 12:26:43,188 [INFO]     NSE:UNOMINDA-EQ | CVD=-63185 vs Ref=22181 | Close=1217.10 vs VAH=1236.30
2026-02-03 12:26:43,452 [INFO]     NSE:HDFCLIFE-EQ | CVD=-320692 vs Ref=225855 | Close=721.20 vs VAH=731.20
2026-02-03 12:27:43,454 [INFO] 🔍 Scanning for alerts on 6 symbols (5min)...
2026-02-03 12:27:43,734 [INFO]     NSE:KEI-EQ | CVD=13827 vs Ref=120988 | Close=4310.70 vs VAH=4480.00
2026-02-03 12:27:43,995 [INFO]     NSE:SBILIFE-EQ | CVD=-41355 vs Ref=3985 | Close=2040.50 vs VAH=2059.40
2026-02-03 12:27:44,267 [INFO]     NSE:HAVELLS-EQ | CVD=183943 vs Ref=221616 | Close=1323.30 vs VAH=1332.45
2026-02-03 12:27:44,563 [INFO]     NSE:JSWSTEEL-EQ | CVD=-150395 vs Ref=34825 | Close=1238.70 vs VAH=1233.75
2026-02-03 12:27:44,822 [INFO]     NSE:UNOMINDA-EQ | CVD=-63185 vs Ref=22181 | Close=1217.10 vs VAH=1236.30
2026-02-03 12:27:45,087 [INFO]     NSE:HDFCLIFE-EQ | CVD=-320692 vs Ref=225855 | Close=721.20 vs VAH=731.20
2026-02-03 12:28:45,090 [INFO] 🔍 Scanning for alerts on 6 symbols (5min)...
2026-02-03 12:28:45,368 [INFO]     NSE:KEI-EQ | CVD=13827 vs Ref=120988 | Close=4310.70 vs VAH=4480.00
2026-02-03 12:28:45,631 [INFO]     NSE:SBILIFE-EQ | CVD=-41355 vs Ref=3985 | Close=2040.50 vs VAH=2059.40
2026-02-03 12:28:45,919 [INFO]     NSE:HAVELLS-EQ | CVD=183943 vs Ref=221616 | Close=1323.30 vs VAH=1332.45
2026-02-03 12:28:46,166 [INFO]     NSE:JSWSTEEL-EQ | CVD=-150395 vs Ref=34825 | Close=1238.70 vs VAH=1233.75
2026-02-03 12:28:46,445 [INFO]     NSE:UNOMINDA-EQ | CVD=-63185 vs Ref=22181 | Close=1217.10 vs VAH=1236.30
2026-02-03 12:28:46,699 [INFO]     NSE:HDFCLIFE-EQ | CVD=-320692 vs Ref=225855 | Close=721.20 vs VAH=731.20
2026-02-03 12:29:46,701 [INFO] 🔍 Scanning for alerts on 6 symbols (5min)...
2026-02-03 12:29:46,937 [INFO]     NSE:KEI-EQ | CVD=13827 vs Ref=120988 | Close=4310.70 vs VAH=4480.00
2026-02-03 12:29:47,203 [INFO]     NSE:SBILIFE-EQ | CVD=-41355 vs Ref=3985 | Close=2040.50 vs VAH=2059.40
2026-02-03 12:29:47,469 [INFO]     NSE:HAVELLS-EQ | CVD=183943 vs Ref=221616 | Close=1323.30 vs VAH=1332.45
2026-02-03 12:29:47,754 [INFO]     NSE:JSWSTEEL-EQ | CVD=-150395 vs Ref=34825 | Close=1238.70 vs VAH=1233.75
2026-02-03 12:29:49,568 [INFO]     NSE:UNOMINDA-EQ | CVD=-63185 vs Ref=22181 | Close=1217.10 vs VAH=1236.30
2026-02-03 12:29:49,826 [INFO]     NSE:HDFCLIFE-EQ | CVD=-320692 vs Ref=225855 | Close=721.20 vs VAH=731.20
2026-02-03 12:30:49,829 [INFO] 🔍 Scanning for alerts on 6 symbols (5min)...
2026-02-03 12:30:50,129 [INFO]     NSE:KEI-EQ | CVD=13827 vs Ref=120988 | Close=4310.70 vs VAH=4480.00
2026-02-03 12:30:50,411 [INFO]     NSE:SBILIFE-EQ | CVD=-41355 vs Ref=3985 | Close=2040.50 vs VAH=2059.40
2026-02-03 12:30:50,649 [INFO]     NSE:HAVELLS-EQ | CVD=183943 vs Ref=221616 | Close=1323.30 vs VAH=1332.45
2026-02-03 12:30:52,696 [INFO]     NSE:JSWSTEEL-EQ | CVD=-150395 vs Ref=34825 | Close=1238.70 vs VAH=1233.75
2026-02-03 12:30:52,945 [INFO]     NSE:UNOMINDA-EQ | CVD=-63185 vs Ref=22181 | Close=1217.10 vs VAH=1236.30
2026-02-03 12:30:53,203 [INFO]     NSE:HDFCLIFE-EQ | CVD=-320692 vs Ref=225855 | Close=721.20 vs VAH=731.20
2026-02-03 12:31:53,204 [INFO] 🔍 Scanning for alerts on 6 symbols (5min)...
2026-02-03 12:31:53,443 [INFO]     NSE:KEI-EQ | CVD=15575 vs Ref=120988 | Close=4312.30 vs VAH=4480.00
2026-02-03 12:31:53,693 [INFO]     NSE:SBILIFE-EQ | CVD=-50388 vs Ref=3985 | Close=2035.40 vs VAH=2059.40
2026-02-03 12:31:53,915 [INFO]     NSE:HAVELLS-EQ | CVD=183708 vs Ref=221616 | Close=1323.20 vs VAH=1332.45
2026-02-03 12:31:55,826 [INFO]     NSE:JSWSTEEL-EQ | CVD=-153148 vs Ref=34825 | Close=1237.40 vs VAH=1233.75
2026-02-03 12:31:56,056 [INFO]     NSE:UNOMINDA-EQ | CVD=-61460 vs Ref=22181 | Close=1218.70 vs VAH=1236.30
2026-02-03 12:31:56,299 [INFO]     NSE:HDFCLIFE-EQ | CVD=-226824 vs Ref=225855 | Close=723.10 vs VAH=731.20
2026-02-03 12:32:56,301 [INFO] 🔍 Scanning for alerts on 6 symbols (5min)...
2026-02-03 12:32:56,638 [INFO]     NSE:KEI-EQ | CVD=15575 vs Ref=120988 | Close=4312.30 vs VAH=4480.00
2026-02-03 12:32:56,908 [INFO]     NSE:SBILIFE-EQ | CVD=-50388 vs Ref=3985 | Close=2035.40 vs VAH=2059.40
2026-02-03 12:32:57,182 [INFO]     NSE:HAVELLS-EQ | CVD=183708 vs Ref=221616 | Close=1323.20 vs VAH=1332.45
2026-02-03 12:32:59,010 [INFO]     NSE:JSWSTEEL-EQ | CVD=-153148 vs Ref=34825 | Close=1237.40 vs VAH=1233.75
2026-02-03 12:32:59,324 [INFO]     NSE:UNOMINDA-EQ | CVD=-61460 vs Ref=22181 | Close=1218.70 vs VAH=1236.30
2026-02-03 12:32:59,605 [INFO]     NSE:HDFCLIFE-EQ | CVD=-226824 vs Ref=225855 | Close=723.10 vs VAH=731.20
2026-02-03 12:33:59,606 [INFO] 🔍 Scanning for alerts on 6 symbols (5min)...
2026-02-03 12:33:59,893 [INFO]     NSE:KEI-EQ | CVD=15575 vs Ref=120988 | Close=4312.30 vs VAH=4480.00
2026-02-03 12:34:00,156 [INFO]     NSE:SBILIFE-EQ | CVD=-50388 vs Ref=3985 | Close=2035.40 vs VAH=2059.40
2026-02-03 12:34:01,223 [INFO]     NSE:HAVELLS-EQ | CVD=183708 vs Ref=221616 | Close=1323.20 vs VAH=1332.45
2026-02-03 12:34:01,557 [INFO]     NSE:JSWSTEEL-EQ | CVD=-153148 vs Ref=34825 | Close=1237.40 vs VAH=1233.75
2026-02-03 12:34:01,942 [INFO]     NSE:UNOMINDA-EQ | CVD=-61460 vs Ref=22181 | Close=1218.70 vs VAH=1236.30
2026-02-03 12:34:02,189 [INFO]     NSE:HDFCLIFE-EQ | CVD=-226824 vs Ref=225855 | Close=723.10 vs VAH=731.20
2026-02-03 12:35:02,191 [INFO] 🔍 Scanning for alerts on 6 symbols (5min)...
2026-02-03 12:35:02,522 [INFO]     NSE:KEI-EQ | CVD=15575 vs Ref=120988 | Close=4312.30 vs VAH=4480.00
2026-02-03 12:35:02,935 [INFO]     NSE:SBILIFE-EQ | CVD=-50388 vs Ref=3985 | Close=2035.40 vs VAH=2059.40
2026-02-03 12:35:03,205 [INFO]     NSE:HAVELLS-EQ | CVD=183708 vs Ref=221616 | Close=1323.20 vs VAH=1332.45
2026-02-03 12:35:03,551 [INFO]     NSE:JSWSTEEL-EQ | CVD=-153148 vs Ref=34825 | Close=1237.40 vs VAH=1233.75
2026-02-03 12:35:03,830 [INFO]     NSE:UNOMINDA-EQ | CVD=-61460 vs Ref=22181 | Close=1218.70 vs VAH=1236.30
2026-02-03 12:35:04,054 [INFO]     NSE:HDFCLIFE-EQ | CVD=-226824 vs Ref=225855 | Close=723.10 vs VAH=731.20
2026-02-03 12:36:04,056 [INFO] 🔍 Scanning for alerts on 6 symbols (5min)...
2026-02-03 12:36:04,328 [INFO]     NSE:KEI-EQ | CVD=14930 vs Ref=120988 | Close=4298.20 vs VAH=4480.00
2026-02-03 12:36:04,560 [INFO]     NSE:SBILIFE-EQ | CVD=-49218 vs Ref=3985 | Close=2035.30 vs VAH=2059.40
2026-02-03 12:36:04,803 [INFO]     NSE:HAVELLS-EQ | CVD=184059 vs Ref=221616 | Close=1322.90 vs VAH=1332.45
2026-02-03 12:36:05,087 [INFO]     NSE:JSWSTEEL-EQ | CVD=-153845 vs Ref=34825 | Close=1237.90 vs VAH=1233.75
2026-02-03 12:36:05,366 [INFO]     NSE:UNOMINDA-EQ | CVD=-62093 vs Ref=22181 | Close=1218.60 vs VAH=1236.30
2026-02-03 12:36:05,626 [INFO]     NSE:HDFCLIFE-EQ | CVD=-223559 vs Ref=225855 | Close=724.00 vs VAH=731.20
2026-02-03 12:37:05,628 [INFO] 🔍 Scanning for alerts on 6 symbols (5min)...
2026-02-03 12:37:05,911 [INFO]     NSE:KEI-EQ | CVD=14930 vs Ref=120988 | Close=4298.20 vs VAH=4480.00
2026-02-03 12:37:06,175 [INFO]     NSE:SBILIFE-EQ | CVD=-49218 vs Ref=3985 | Close=2035.30 vs VAH=2059.40
2026-02-03 12:37:06,474 [INFO]     NSE:HAVELLS-EQ | CVD=184059 vs Ref=221616 | Close=1322.90 vs VAH=1332.45
2026-02-03 12:37:06,773 [INFO]     NSE:JSWSTEEL-EQ | CVD=-153845 vs Ref=34825 | Close=1237.90 vs VAH=1233.75
2026-02-03 12:37:07,050 [INFO]     NSE:UNOMINDA-EQ | CVD=-62093 vs Ref=22181 | Close=1218.60 vs VAH=1236.30
2026-02-03 12:37:07,329 [INFO]     NSE:HDFCLIFE-EQ | CVD=-223559 vs Ref=225855 | Close=724.00 vs VAH=731.20
2026-02-03 12:38:07,330 [INFO] 🔍 Scanning for alerts on 6 symbols (5min)...
2026-02-03 12:38:07,638 [INFO]     NSE:KEI-EQ | CVD=14930 vs Ref=120988 | Close=4298.20 vs VAH=4480.00
2026-02-03 12:38:07,898 [INFO]     NSE:SBILIFE-EQ | CVD=-49218 vs Ref=3985 | Close=2035.30 vs VAH=2059.40
2026-02-03 12:38:08,170 [INFO]     NSE:HAVELLS-EQ | CVD=184059 vs Ref=221616 | Close=1322.90 vs VAH=1332.45
2026-02-03 12:38:08,463 [INFO]     NSE:JSWSTEEL-EQ | CVD=-153845 vs Ref=34825 | Close=1237.90 vs VAH=1233.75
2026-02-03 12:38:08,747 [INFO]     NSE:UNOMINDA-EQ | CVD=-62093 vs Ref=22181 | Close=1218.60 vs VAH=1236.30
2026-02-03 12:38:08,986 [INFO]     NSE:HDFCLIFE-EQ | CVD=-223559 vs Ref=225855 | Close=724.00 vs VAH=731.20
2026-02-03 12:39:08,988 [INFO] 🔍 Scanning for alerts on 6 symbols (5min)...
2026-02-03 12:39:09,273 [INFO]     NSE:KEI-EQ | CVD=14930 vs Ref=120988 | Close=4298.20 vs VAH=4480.00
2026-02-03 12:39:09,541 [INFO]     NSE:SBILIFE-EQ | CVD=-49218 vs Ref=3985 | Close=2035.30 vs VAH=2059.40
2026-02-03 12:39:09,800 [INFO]     NSE:HAVELLS-EQ | CVD=184059 vs Ref=221616 | Close=1322.90 vs VAH=1332.45
2026-02-03 12:39:10,049 [INFO]     NSE:JSWSTEEL-EQ | CVD=-153845 vs Ref=34825 | Close=1237.90 vs VAH=1233.75
2026-02-03 12:39:10,324 [INFO]     NSE:UNOMINDA-EQ | CVD=-62093 vs Ref=22181 | Close=1218.60 vs VAH=1236.30
2026-02-03 12:39:10,581 [INFO]     NSE:HDFCLIFE-EQ | CVD=-223559 vs Ref=225855 | Close=724.00 vs VAH=731.20
2026-02-03 12:40:10,583 [INFO] 🔍 Scanning for alerts on 6 symbols (5min)...
2026-02-03 12:40:10,863 [INFO]     NSE:KEI-EQ | CVD=14930 vs Ref=120988 | Close=4298.20 vs VAH=4480.00
2026-02-03 12:40:11,130 [INFO]     NSE:SBILIFE-EQ | CVD=-49218 vs Ref=3985 | Close=2035.30 vs VAH=2059.40
2026-02-03 12:40:11,361 [INFO]     NSE:HAVELLS-EQ | CVD=184059 vs Ref=221616 | Close=1322.90 vs VAH=1332.45
2026-02-03 12:40:11,633 [INFO]     NSE:JSWSTEEL-EQ | CVD=-153845 vs Ref=34825 | Close=1237.90 vs VAH=1233.75
2026-02-03 12:40:11,877 [INFO]     NSE:UNOMINDA-EQ | CVD=-62093 vs Ref=22181 | Close=1218.60 vs VAH=1236.30
2026-02-03 12:40:12,110 [INFO]     NSE:HDFCLIFE-EQ | CVD=-223559 vs Ref=225855 | Close=724.00 vs VAH=731.20
2026-02-03 12:41:12,112 [INFO] 🔍 Scanning for alerts on 6 symbols (5min)...
2026-02-03 12:41:12,398 [INFO]     NSE:KEI-EQ | CVD=13568 vs Ref=120988 | Close=4288.40 vs VAH=4480.00
2026-02-03 12:41:12,676 [INFO]     NSE:SBILIFE-EQ | CVD=-53311 vs Ref=3985 | Close=2035.50 vs VAH=2059.40
2026-02-03 12:41:12,945 [INFO]     NSE:HAVELLS-EQ | CVD=180061 vs Ref=221616 | Close=1321.70 vs VAH=1332.45
2026-02-03 12:41:13,223 [INFO]     NSE:JSWSTEEL-EQ | CVD=-158371 vs Ref=34825 | Close=1237.50 vs VAH=1233.75
2026-02-03 12:41:13,500 [INFO]     NSE:UNOMINDA-EQ | CVD=-63319 vs Ref=22181 | Close=1220.00 vs VAH=1236.30
2026-02-03 12:41:13,764 [INFO]     NSE:HDFCLIFE-EQ | CVD=-211320 vs Ref=225855 | Close=724.80 vs VAH=731.20
2026-02-03 12:42:13,766 [INFO] 🔍 Scanning for alerts on 6 symbols (5min)...
2026-02-03 12:42:14,055 [INFO]     NSE:KEI-EQ | CVD=13568 vs Ref=120988 | Close=4288.40 vs VAH=4480.00
2026-02-03 12:42:14,319 [INFO]     NSE:SBILIFE-EQ | CVD=-53311 vs Ref=3985 | Close=2035.50 vs VAH=2059.40
2026-02-03 12:42:14,633 [INFO]     NSE:HAVELLS-EQ | CVD=180061 vs Ref=221616 | Close=1321.70 vs VAH=1332.45
2026-02-03 12:42:14,873 [INFO]     NSE:JSWSTEEL-EQ | CVD=-158371 vs Ref=34825 | Close=1237.50 vs VAH=1233.75
2026-02-03 12:42:15,171 [INFO]     NSE:UNOMINDA-EQ | CVD=-63319 vs Ref=22181 | Close=1220.00 vs VAH=1236.30
2026-02-03 12:42:15,382 [INFO]     NSE:HDFCLIFE-EQ | CVD=-211320 vs Ref=225855 | Close=724.80 vs VAH=731.20
2026-02-03 12:43:15,385 [INFO] 🔍 Scanning for alerts on 6 symbols (5min)...
2026-02-03 12:43:15,628 [INFO]     NSE:KEI-EQ | CVD=13568 vs Ref=120988 | Close=4288.40 vs VAH=4480.00
2026-02-03 12:43:15,901 [INFO]     NSE:SBILIFE-EQ | CVD=-53311 vs Ref=3985 | Close=2035.50 vs VAH=2059.40
2026-02-03 12:43:16,105 [INFO]     NSE:HAVELLS-EQ | CVD=180061 vs Ref=221616 | Close=1321.70 vs VAH=1332.45
2026-02-03 12:43:16,375 [INFO]     NSE:JSWSTEEL-EQ | CVD=-158371 vs Ref=34825 | Close=1237.50 vs VAH=1233.75
2026-02-03 12:43:16,690 [INFO]     NSE:UNOMINDA-EQ | CVD=-63319 vs Ref=22181 | Close=1220.00 vs VAH=1236.30
2026-02-03 12:43:16,983 [INFO]     NSE:HDFCLIFE-EQ | CVD=-211320 vs Ref=225855 | Close=724.80 vs VAH=731.20
2026-02-03 12:44:16,984 [INFO] 🔍 Scanning for alerts on 6 symbols (5min)...
2026-02-03 12:44:17,226 [INFO]     NSE:KEI-EQ | CVD=13568 vs Ref=120988 | Close=4288.40 vs VAH=4480.00
2026-02-03 12:44:17,483 [INFO]     NSE:SBILIFE-EQ | CVD=-53311 vs Ref=3985 | Close=2035.50 vs VAH=2059.40
2026-02-03 12:44:17,726 [INFO]     NSE:HAVELLS-EQ | CVD=180061 vs Ref=221616 | Close=1321.70 vs VAH=1332.45
2026-02-03 12:44:18,003 [INFO]     NSE:JSWSTEEL-EQ | CVD=-158371 vs Ref=34825 | Close=1237.50 vs VAH=1233.75
2026-02-03 12:44:18,260 [INFO]     NSE:UNOMINDA-EQ | CVD=-63319 vs Ref=22181 | Close=1220.00 vs VAH=1236.30
2026-02-03 12:44:18,498 [INFO]     NSE:HDFCLIFE-EQ | CVD=-211320 vs Ref=225855 | Close=724.80 vs VAH=731.20
2026-02-03 12:45:18,499 [INFO] 🔍 Scanning for alerts on 6 symbols (5min)...
2026-02-03 12:45:18,785 [INFO]     NSE:KEI-EQ | CVD=13568 vs Ref=120988 | Close=4288.40 vs VAH=4480.00
2026-02-03 12:45:19,050 [INFO]     NSE:SBILIFE-EQ | CVD=-53311 vs Ref=3985 | Close=2035.50 vs VAH=2059.40
2026-02-03 12:45:19,318 [INFO]     NSE:HAVELLS-EQ | CVD=180061 vs Ref=221616 | Close=1321.70 vs VAH=1332.45
2026-02-03 12:45:19,554 [INFO]     NSE:JSWSTEEL-EQ | CVD=-158371 vs Ref=34825 | Close=1237.50 vs VAH=1233.75
2026-02-03 12:45:19,783 [INFO]     NSE:UNOMINDA-EQ | CVD=-63319 vs Ref=22181 | Close=1220.00 vs VAH=1236.30
2026-02-03 12:45:20,018 [INFO]     NSE:HDFCLIFE-EQ | CVD=-211320 vs Ref=225855 | Close=724.80 vs VAH=731.20
2026-02-03 12:46:20,020 [INFO] 🔍 Scanning for alerts on 6 symbols (5min)...
2026-02-03 12:46:20,267 [INFO]     NSE:KEI-EQ | CVD=13794 vs Ref=120988 | Close=4290.60 vs VAH=4480.00
2026-02-03 12:46:20,487 [INFO]     NSE:SBILIFE-EQ | CVD=-55049 vs Ref=3985 | Close=2033.10 vs VAH=2059.40
2026-02-03 12:46:20,772 [INFO]     NSE:HAVELLS-EQ | CVD=181503 vs Ref=221616 | Close=1322.50 vs VAH=1332.45
2026-02-03 12:46:21,002 [INFO]     NSE:JSWSTEEL-EQ | CVD=-152873 vs Ref=34825 | Close=1238.50 vs VAH=1233.75
2026-02-03 12:46:21,259 [INFO]     NSE:UNOMINDA-EQ | CVD=-61399 vs Ref=22181 | Close=1220.40 vs VAH=1236.30
2026-02-03 12:46:21,479 [INFO]     NSE:HDFCLIFE-EQ | CVD=-208911 vs Ref=225855 | Close=724.55 vs VAH=731.20
2026-02-03 12:47:21,481 [INFO] 🔍 Scanning for alerts on 6 symbols (5min)...
2026-02-03 12:47:21,791 [INFO]     NSE:KEI-EQ | CVD=13794 vs Ref=120988 | Close=4290.60 vs VAH=4480.00
2026-02-03 12:47:22,054 [INFO]     NSE:SBILIFE-EQ | CVD=-55049 vs Ref=3985 | Close=2033.10 vs VAH=2059.40
2026-02-03 12:47:22,347 [INFO]     NSE:HAVELLS-EQ | CVD=181503 vs Ref=221616 | Close=1322.50 vs VAH=1332.45
2026-02-03 12:47:22,624 [INFO]     NSE:JSWSTEEL-EQ | CVD=-152873 vs Ref=34825 | Close=1238.50 vs VAH=1233.75
2026-02-03 12:47:22,853 [INFO]     NSE:UNOMINDA-EQ | CVD=-61399 vs Ref=22181 | Close=1220.40 vs VAH=1236.30
2026-02-03 12:47:23,135 [INFO]     NSE:HDFCLIFE-EQ | CVD=-208911 vs Ref=225855 | Close=724.55 vs VAH=731.20
2026-02-03 12:48:23,137 [INFO] 🔍 Scanning for alerts on 6 symbols (5min)...
2026-02-03 12:48:23,385 [INFO]     NSE:KEI-EQ | CVD=13794 vs Ref=120988 | Close=4290.60 vs VAH=4480.00
2026-02-03 12:48:23,670 [INFO]     NSE:SBILIFE-EQ | CVD=-55049 vs Ref=3985 | Close=2033.10 vs VAH=2059.40
2026-02-03 12:48:23,989 [INFO]     NSE:HAVELLS-EQ | CVD=181503 vs Ref=221616 | Close=1322.50 vs VAH=1332.45
2026-02-03 12:48:24,252 [INFO]     NSE:JSWSTEEL-EQ | CVD=-152873 vs Ref=34825 | Close=1238.50 vs VAH=1233.75
2026-02-03 12:48:24,481 [INFO]     NSE:UNOMINDA-EQ | CVD=-61399 vs Ref=22181 | Close=1220.40 vs VAH=1236.30
2026-02-03 12:48:24,722 [INFO]     NSE:HDFCLIFE-EQ | CVD=-208911 vs Ref=225855 | Close=724.55 vs VAH=731.20
2026-02-03 12:49:24,724 [INFO] 🔍 Scanning for alerts on 6 symbols (5min)...
2026-02-03 12:49:25,009 [INFO]     NSE:KEI-EQ | CVD=13794 vs Ref=120988 | Close=4290.60 vs VAH=4480.00
2026-02-03 12:49:25,228 [INFO]     NSE:SBILIFE-EQ | CVD=-55049 vs Ref=3985 | Close=2033.10 vs VAH=2059.40
2026-02-03 12:49:25,474 [INFO]     NSE:HAVELLS-EQ | CVD=181503 vs Ref=221616 | Close=1322.50 vs VAH=1332.45
2026-02-03 12:49:25,769 [INFO]     NSE:JSWSTEEL-EQ | CVD=-152873 vs Ref=34825 | Close=1238.50 vs VAH=1233.75
2026-02-03 12:49:26,008 [INFO]     NSE:UNOMINDA-EQ | CVD=-61399 vs Ref=22181 | Close=1220.40 vs VAH=1236.30
2026-02-03 12:49:26,277 [INFO]     NSE:HDFCLIFE-EQ | CVD=-208911 vs Ref=225855 | Close=724.55 vs VAH=731.20
2026-02-03 12:50:26,278 [INFO] 🔍 Scanning for alerts on 6 symbols (5min)...
2026-02-03 12:50:26,564 [INFO]     NSE:KEI-EQ | CVD=13794 vs Ref=120988 | Close=4290.60 vs VAH=4480.00
2026-02-03 12:50:26,827 [INFO]     NSE:SBILIFE-EQ | CVD=-55049 vs Ref=3985 | Close=2033.10 vs VAH=2059.40
2026-02-03 12:50:27,096 [INFO]     NSE:HAVELLS-EQ | CVD=181503 vs Ref=221616 | Close=1322.50 vs VAH=1332.45
2026-02-03 12:50:27,376 [INFO]     NSE:JSWSTEEL-EQ | CVD=-152873 vs Ref=34825 | Close=1238.50 vs VAH=1233.75
2026-02-03 12:50:27,617 [INFO]     NSE:UNOMINDA-EQ | CVD=-61399 vs Ref=22181 | Close=1220.40 vs VAH=1236.30
2026-02-03 12:50:27,828 [INFO]     NSE:HDFCLIFE-EQ | CVD=-208911 vs Ref=225855 | Close=724.55 vs VAH=731.20
2026-02-03 12:51:27,829 [INFO] 🔍 Scanning for alerts on 6 symbols (5min)...
2026-02-03 12:51:28,070 [INFO]     NSE:KEI-EQ | CVD=13285 vs Ref=120988 | Close=4295.50 vs VAH=4480.00
2026-02-03 12:51:28,337 [INFO]     NSE:SBILIFE-EQ | CVD=-59690 vs Ref=3985 | Close=2031.50 vs VAH=2059.40
2026-02-03 12:51:28,623 [INFO]     NSE:HAVELLS-EQ | CVD=180280 vs Ref=221616 | Close=1321.80 vs VAH=1332.45
2026-02-03 12:51:28,865 [INFO]     NSE:JSWSTEEL-EQ | CVD=-151347 vs Ref=34825 | Close=1238.60 vs VAH=1233.75
2026-02-03 12:51:29,139 [INFO]     NSE:UNOMINDA-EQ | CVD=-55915 vs Ref=22181 | Close=1221.40 vs VAH=1236.30
2026-02-03 12:51:29,407 [INFO]     NSE:HDFCLIFE-EQ | CVD=-207157 vs Ref=225855 | Close=724.95 vs VAH=731.20
2026-02-03 12:52:29,410 [INFO] 🔍 Scanning for alerts on 6 symbols (5min)...
2026-02-03 12:52:29,655 [INFO]     NSE:KEI-EQ | CVD=13285 vs Ref=120988 | Close=4295.50 vs VAH=4480.00
2026-02-03 12:52:29,884 [INFO]     NSE:SBILIFE-EQ | CVD=-59690 vs Ref=3985 | Close=2031.50 vs VAH=2059.40
2026-02-03 12:52:30,118 [INFO]     NSE:HAVELLS-EQ | CVD=180280 vs Ref=221616 | Close=1321.80 vs VAH=1332.45
2026-02-03 12:52:30,382 [INFO]     NSE:JSWSTEEL-EQ | CVD=-151347 vs Ref=34825 | Close=1238.60 vs VAH=1233.75
2026-02-03 12:52:30,634 [INFO]     NSE:UNOMINDA-EQ | CVD=-55915 vs Ref=22181 | Close=1221.40 vs VAH=1236.30
2026-02-03 12:52:30,897 [INFO]     NSE:HDFCLIFE-EQ | CVD=-207157 vs Ref=225855 | Close=724.95 vs VAH=731.20
2026-02-03 12:53:30,900 [INFO] 🔍 Scanning for alerts on 6 symbols (5min)...
2026-02-03 12:53:31,264 [INFO]     NSE:KEI-EQ | CVD=13285 vs Ref=120988 | Close=4295.50 vs VAH=4480.00
2026-02-03 12:53:31,645 [INFO]     NSE:SBILIFE-EQ | CVD=-59690 vs Ref=3985 | Close=2031.50 vs VAH=2059.40
2026-02-03 12:53:31,938 [INFO]     NSE:HAVELLS-EQ | CVD=180280 vs Ref=221616 | Close=1321.80 vs VAH=1332.45
2026-02-03 12:53:32,247 [INFO]     NSE:JSWSTEEL-EQ | CVD=-151347 vs Ref=34825 | Close=1238.60 vs VAH=1233.75
2026-02-03 12:53:32,576 [INFO]     NSE:UNOMINDA-EQ | CVD=-55915 vs Ref=22181 | Close=1221.40 vs VAH=1236.30
2026-02-03 12:53:32,864 [INFO]     NSE:HDFCLIFE-EQ | CVD=-207157 vs Ref=225855 | Close=724.95 vs VAH=731.20
2026-02-03 12:54:32,865 [INFO] 🔍 Scanning for alerts on 6 symbols (5min)...
2026-02-03 12:54:33,167 [INFO]     NSE:KEI-EQ | CVD=13285 vs Ref=120988 | Close=4295.50 vs VAH=4480.00
2026-02-03 12:54:33,460 [INFO]     NSE:SBILIFE-EQ | CVD=-59690 vs Ref=3985 | Close=2031.50 vs VAH=2059.40
2026-02-03 12:54:33,770 [INFO]     NSE:HAVELLS-EQ | CVD=180280 vs Ref=221616 | Close=1321.80 vs VAH=1332.45
2026-02-03 12:54:34,067 [INFO]     NSE:JSWSTEEL-EQ | CVD=-151347 vs Ref=34825 | Close=1238.60 vs VAH=1233.75
2026-02-03 12:54:34,359 [INFO]     NSE:UNOMINDA-EQ | CVD=-55915 vs Ref=22181 | Close=1221.40 vs VAH=1236.30
2026-02-03 12:54:34,665 [INFO]     NSE:HDFCLIFE-EQ | CVD=-207157 vs Ref=225855 | Close=724.95 vs VAH=731.20
2026-02-03 12:55:34,667 [INFO] 🔍 Scanning for alerts on 6 symbols (5min)...
2026-02-03 12:55:35,133 [INFO]     NSE:KEI-EQ | CVD=13285 vs Ref=120988 | Close=4295.50 vs VAH=4480.00
2026-02-03 12:55:35,466 [INFO]     NSE:SBILIFE-EQ | CVD=-59690 vs Ref=3985 | Close=2031.50 vs VAH=2059.40
2026-02-03 12:55:35,765 [INFO]     NSE:HAVELLS-EQ | CVD=180280 vs Ref=221616 | Close=1321.80 vs VAH=1332.45
2026-02-03 12:55:36,093 [INFO]     NSE:JSWSTEEL-EQ | CVD=-151347 vs Ref=34825 | Close=1238.60 vs VAH=1233.75
2026-02-03 12:55:36,430 [INFO]     NSE:UNOMINDA-EQ | CVD=-55915 vs Ref=22181 | Close=1221.40 vs VAH=1236.30
2026-02-03 12:55:36,735 [INFO]     NSE:HDFCLIFE-EQ | CVD=-207157 vs Ref=225855 | Close=724.95 vs VAH=731.20
2026-02-03 12:56:36,736 [INFO] 🔍 Scanning for alerts on 6 symbols (5min)...
2026-02-03 12:56:37,079 [INFO]     NSE:KEI-EQ | CVD=10212 vs Ref=120988 | Close=4286.80 vs VAH=4480.00
2026-02-03 12:56:37,441 [INFO]     NSE:SBILIFE-EQ | CVD=-43570 vs Ref=3985 | Close=2031.90 vs VAH=2059.40
2026-02-03 12:56:37,812 [INFO]     NSE:HAVELLS-EQ | CVD=175181 vs Ref=221616 | Close=1316.00 vs VAH=1332.45
2026-02-03 12:56:38,113 [INFO]     NSE:JSWSTEEL-EQ | CVD=-154622 vs Ref=34825 | Close=1237.30 vs VAH=1233.75
2026-02-03 12:56:38,481 [INFO]     NSE:UNOMINDA-EQ | CVD=-58657 vs Ref=22181 | Close=1222.70 vs VAH=1236.30
2026-02-03 12:56:38,798 [INFO]     NSE:HDFCLIFE-EQ | CVD=-214563 vs Ref=225855 | Close=724.40 vs VAH=731.20
2026-02-03 12:57:38,800 [INFO] 🔍 Scanning for alerts on 6 symbols (5min)...
2026-02-03 12:57:39,159 [INFO]     NSE:KEI-EQ | CVD=10212 vs Ref=120988 | Close=4286.80 vs VAH=4480.00
2026-02-03 12:57:39,445 [INFO]     NSE:SBILIFE-EQ | CVD=-43570 vs Ref=3985 | Close=2031.90 vs VAH=2059.40
2026-02-03 12:57:39,705 [INFO]     NSE:HAVELLS-EQ | CVD=175181 vs Ref=221616 | Close=1316.00 vs VAH=1332.45
2026-02-03 12:57:40,012 [INFO]     NSE:JSWSTEEL-EQ | CVD=-154622 vs Ref=34825 | Close=1237.30 vs VAH=1233.75
2026-02-03 12:57:40,331 [INFO]     NSE:UNOMINDA-EQ | CVD=-58657 vs Ref=22181 | Close=1222.70 vs VAH=1236.30
2026-02-03 12:57:40,627 [INFO]     NSE:HDFCLIFE-EQ | CVD=-214563 vs Ref=225855 | Close=724.40 vs VAH=731.20
2026-02-03 12:58:40,629 [INFO] 🔍 Scanning for alerts on 6 symbols (5min)...
2026-02-03 12:58:40,943 [INFO]     NSE:KEI-EQ | CVD=10212 vs Ref=120988 | Close=4286.80 vs VAH=4480.00
2026-02-03 12:58:41,291 [INFO]     NSE:SBILIFE-EQ | CVD=-43570 vs Ref=3985 | Close=2031.90 vs VAH=2059.40
2026-02-03 12:58:41,649 [INFO]     NSE:HAVELLS-EQ | CVD=175181 vs Ref=221616 | Close=1316.00 vs VAH=1332.45
2026-02-03 12:58:42,022 [INFO]     NSE:JSWSTEEL-EQ | CVD=-154622 vs Ref=34825 | Close=1237.30 vs VAH=1233.75
2026-02-03 12:58:42,412 [INFO]     NSE:UNOMINDA-EQ | CVD=-58657 vs Ref=22181 | Close=1222.70 vs VAH=1236.30
2026-02-03 12:58:42,877 [INFO]     NSE:HDFCLIFE-EQ | CVD=-214563 vs Ref=225855 | Close=724.40 vs VAH=731.20
2026-02-03 12:59:42,880 [INFO] 🔍 Scanning for alerts on 6 symbols (5min)...
2026-02-03 12:59:43,185 [INFO]     NSE:KEI-EQ | CVD=10212 vs Ref=120988 | Close=4286.80 vs VAH=4480.00
2026-02-03 12:59:43,496 [INFO]     NSE:SBILIFE-EQ | CVD=-43570 vs Ref=3985 | Close=2031.90 vs VAH=2059.40
2026-02-03 12:59:43,765 [INFO]     NSE:HAVELLS-EQ | CVD=175181 vs Ref=221616 | Close=1316.00 vs VAH=1332.45
2026-02-03 12:59:44,053 [INFO]     NSE:JSWSTEEL-EQ | CVD=-154622 vs Ref=34825 | Close=1237.30 vs VAH=1233.75
2026-02-03 12:59:44,370 [INFO]     NSE:UNOMINDA-EQ | CVD=-58657 vs Ref=22181 | Close=1222.70 vs VAH=1236.30
2026-02-03 12:59:44,811 [INFO]     NSE:HDFCLIFE-EQ | CVD=-214563 vs Ref=225855 | Close=724.40 vs VAH=731.20
2026-02-03 13:00:44,813 [INFO] 🔍 Scanning for alerts on 6 symbols (5min)...
2026-02-03 13:00:45,129 [INFO]     NSE:KEI-EQ | CVD=10212 vs Ref=120988 | Close=4286.80 vs VAH=4480.00
2026-02-03 13:00:46,247 [INFO]     NSE:SBILIFE-EQ | CVD=-43570 vs Ref=3985 | Close=2031.90 vs VAH=2059.40
2026-02-03 13:00:46,545 [INFO]     NSE:HAVELLS-EQ | CVD=175181 vs Ref=221616 | Close=1316.00 vs VAH=1332.45
2026-02-03 13:00:46,826 [INFO]     NSE:JSWSTEEL-EQ | CVD=-154622 vs Ref=34825 | Close=1237.30 vs VAH=1233.75
2026-02-03 13:00:47,105 [INFO]     NSE:UNOMINDA-EQ | CVD=-58657 vs Ref=22181 | Close=1222.70 vs VAH=1236.30
2026-02-03 13:00:47,386 [INFO]     NSE:HDFCLIFE-EQ | CVD=-214563 vs Ref=225855 | Close=724.40 vs VAH=731.20
2026-02-03 13:01:47,388 [INFO] 🔍 Scanning for alerts on 6 symbols (5min)...
2026-02-03 13:01:47,701 [INFO]     NSE:KEI-EQ | CVD=13272 vs Ref=120988 | Close=4318.90 vs VAH=4480.00
2026-02-03 13:01:49,766 [INFO]     NSE:SBILIFE-EQ | CVD=-44225 vs Ref=3985 | Close=2030.00 vs VAH=2059.40
2026-02-03 13:01:50,135 [INFO]     NSE:HAVELLS-EQ | CVD=176464 vs Ref=221616 | Close=1318.70 vs VAH=1332.45
2026-02-03 13:01:50,494 [INFO]     NSE:JSWSTEEL-EQ | CVD=-149070 vs Ref=34825 | Close=1238.40 vs VAH=1233.75
2026-02-03 13:01:50,854 [INFO]     NSE:UNOMINDA-EQ | CVD=-62213 vs Ref=22181 | Close=1222.30 vs VAH=1236.30
2026-02-03 13:01:51,138 [INFO]     NSE:HDFCLIFE-EQ | CVD=-216764 vs Ref=225855 | Close=724.40 vs VAH=731.20
2026-02-03 13:02:51,139 [INFO] 🔍 Scanning for alerts on 6 symbols (5min)...
2026-02-03 13:02:51,444 [INFO]     NSE:KEI-EQ | CVD=13272 vs Ref=120988 | Close=4318.90 vs VAH=4480.00
2026-02-03 13:02:51,706 [INFO]     NSE:SBILIFE-EQ | CVD=-44225 vs Ref=3985 | Close=2030.00 vs VAH=2059.40
2026-02-03 13:02:52,034 [INFO]     NSE:HAVELLS-EQ | CVD=176464 vs Ref=221616 | Close=1318.70 vs VAH=1332.45
2026-02-03 13:02:52,311 [INFO]     NSE:JSWSTEEL-EQ | CVD=-149070 vs Ref=34825 | Close=1238.40 vs VAH=1233.75
2026-02-03 13:02:52,588 [INFO]     NSE:UNOMINDA-EQ | CVD=-62213 vs Ref=22181 | Close=1222.30 vs VAH=1236.30
2026-02-03 13:02:52,846 [INFO]     NSE:HDFCLIFE-EQ | CVD=-216764 vs Ref=225855 | Close=724.40 vs VAH=731.20
2026-02-03 13:03:52,848 [INFO] 🔍 Scanning for alerts on 6 symbols (5min)...
2026-02-03 13:03:53,152 [INFO]     NSE:KEI-EQ | CVD=13272 vs Ref=120988 | Close=4318.90 vs VAH=4480.00
2026-02-03 13:03:53,432 [INFO]     NSE:SBILIFE-EQ | CVD=-44225 vs Ref=3985 | Close=2030.00 vs VAH=2059.40
2026-02-03 13:03:53,715 [INFO]     NSE:HAVELLS-EQ | CVD=176464 vs Ref=221616 | Close=1318.70 vs VAH=1332.45
2026-02-03 13:03:55,641 [INFO]     NSE:JSWSTEEL-EQ | CVD=-149070 vs Ref=34825 | Close=1238.40 vs VAH=1233.75
2026-02-03 13:03:55,944 [INFO]     NSE:UNOMINDA-EQ | CVD=-62213 vs Ref=22181 | Close=1222.30 vs VAH=1236.30
2026-02-03 13:03:56,204 [INFO]     NSE:HDFCLIFE-EQ | CVD=-216764 vs Ref=225855 | Close=724.40 vs VAH=731.20
2026-02-03 13:04:56,205 [INFO] 🔍 Scanning for alerts on 6 symbols (5min)...
2026-02-03 13:04:56,482 [INFO]     NSE:KEI-EQ | CVD=13272 vs Ref=120988 | Close=4318.90 vs VAH=4480.00
2026-02-03 13:04:56,779 [INFO]     NSE:SBILIFE-EQ | CVD=-44225 vs Ref=3985 | Close=2030.00 vs VAH=2059.40
2026-02-03 13:04:58,804 [INFO]     NSE:HAVELLS-EQ | CVD=176464 vs Ref=221616 | Close=1318.70 vs VAH=1332.45
2026-02-03 13:04:59,075 [INFO]     NSE:JSWSTEEL-EQ | CVD=-149070 vs Ref=34825 | Close=1238.40 vs VAH=1233.75
2026-02-03 13:04:59,353 [INFO]     NSE:UNOMINDA-EQ | CVD=-62213 vs Ref=22181 | Close=1222.30 vs VAH=1236.30
2026-02-03 13:04:59,581 [INFO]     NSE:HDFCLIFE-EQ | CVD=-216764 vs Ref=225855 | Close=724.40 vs VAH=731.20
2026-02-03 13:05:59,583 [INFO] 🔍 Scanning for alerts on 6 symbols (5min)...
2026-02-03 13:06:01,518 [INFO]     NSE:KEI-EQ | CVD=13272 vs Ref=120988 | Close=4318.90 vs VAH=4480.00
2026-02-03 13:06:01,852 [INFO]     NSE:SBILIFE-EQ | CVD=-44225 vs Ref=3985 | Close=2030.00 vs VAH=2059.40
2026-02-03 13:06:02,169 [INFO]     NSE:HAVELLS-EQ | CVD=176464 vs Ref=221616 | Close=1318.70 vs VAH=1332.45
2026-02-03 13:06:02,458 [INFO]     NSE:JSWSTEEL-EQ | CVD=-149070 vs Ref=34825 | Close=1238.40 vs VAH=1233.75
2026-02-03 13:06:02,787 [INFO]     NSE:UNOMINDA-EQ | CVD=-62213 vs Ref=22181 | Close=1222.30 vs VAH=1236.30
2026-02-03 13:06:03,093 [INFO]     NSE:HDFCLIFE-EQ | CVD=-214634 vs Ref=225855 | Close=723.80 vs VAH=731.20
2026-02-03 13:07:03,095 [INFO] 🔍 Scanning for alerts on 6 symbols (5min)...
2026-02-03 13:07:03,402 [INFO]     NSE:KEI-EQ | CVD=11535 vs Ref=120988 | Close=4313.90 vs VAH=4480.00
2026-02-03 13:07:03,639 [INFO]     NSE:SBILIFE-EQ | CVD=-46381 vs Ref=3985 | Close=2028.30 vs VAH=2059.40
2026-02-03 13:07:03,891 [INFO]     NSE:HAVELLS-EQ | CVD=174898 vs Ref=221616 | Close=1318.50 vs VAH=1332.45
2026-02-03 13:07:04,155 [INFO]     NSE:JSWSTEEL-EQ | CVD=-148457 vs Ref=34825 | Close=1239.40 vs VAH=1233.75
2026-02-03 13:07:04,435 [INFO]     NSE:UNOMINDA-EQ | CVD=-55788 vs Ref=22181 | Close=1224.60 vs VAH=1236.30
2026-02-03 13:07:04,727 [INFO]     NSE:HDFCLIFE-EQ | CVD=-214634 vs Ref=225855 | Close=723.80 vs VAH=731.20
2026-02-03 13:08:04,729 [INFO] 🔍 Scanning for alerts on 6 symbols (5min)...
2026-02-03 13:08:05,009 [INFO]     NSE:KEI-EQ | CVD=11535 vs Ref=120988 | Close=4313.90 vs VAH=4480.00
2026-02-03 13:08:05,285 [INFO]     NSE:SBILIFE-EQ | CVD=-46381 vs Ref=3985 | Close=2028.30 vs VAH=2059.40
2026-02-03 13:08:05,567 [INFO]     NSE:HAVELLS-EQ | CVD=174898 vs Ref=221616 | Close=1318.50 vs VAH=1332.45
2026-02-03 13:08:05,802 [INFO]     NSE:JSWSTEEL-EQ | CVD=-148457 vs Ref=34825 | Close=1239.40 vs VAH=1233.75
2026-02-03 13:08:06,071 [INFO]     NSE:UNOMINDA-EQ | CVD=-55788 vs Ref=22181 | Close=1224.60 vs VAH=1236.30
2026-02-03 13:08:06,342 [INFO]     NSE:HDFCLIFE-EQ | CVD=-214634 vs Ref=225855 | Close=723.80 vs VAH=731.20
2026-02-03 13:09:06,344 [INFO] 🔍 Scanning for alerts on 6 symbols (5min)...
2026-02-03 13:09:06,624 [INFO]     NSE:KEI-EQ | CVD=11535 vs Ref=120988 | Close=4313.90 vs VAH=4480.00
2026-02-03 13:09:06,868 [INFO]     NSE:SBILIFE-EQ | CVD=-46381 vs Ref=3985 | Close=2028.30 vs VAH=2059.40
2026-02-03 13:09:07,110 [INFO]     NSE:HAVELLS-EQ | CVD=174898 vs Ref=221616 | Close=1318.50 vs VAH=1332.45
2026-02-03 13:09:07,379 [INFO]     NSE:JSWSTEEL-EQ | CVD=-148457 vs Ref=34825 | Close=1239.40 vs VAH=1233.75
2026-02-03 13:09:07,619 [INFO]     NSE:UNOMINDA-EQ | CVD=-55788 vs Ref=22181 | Close=1224.60 vs VAH=1236.30
2026-02-03 13:09:07,858 [INFO]     NSE:HDFCLIFE-EQ | CVD=-214634 vs Ref=225855 | Close=723.80 vs VAH=731.20
2026-02-03 13:10:07,859 [INFO] 🔍 Scanning for alerts on 6 symbols (5min)...
2026-02-03 13:10:08,162 [INFO]     NSE:KEI-EQ | CVD=11535 vs Ref=120988 | Close=4313.90 vs VAH=4480.00
2026-02-03 13:10:08,408 [INFO]     NSE:SBILIFE-EQ | CVD=-46381 vs Ref=3985 | Close=2028.30 vs VAH=2059.40
2026-02-03 13:10:08,694 [INFO]     NSE:HAVELLS-EQ | CVD=174898 vs Ref=221616 | Close=1318.50 vs VAH=1332.45
2026-02-03 13:10:08,970 [INFO]     NSE:JSWSTEEL-EQ | CVD=-148457 vs Ref=34825 | Close=1239.40 vs VAH=1233.75
2026-02-03 13:10:09,270 [INFO]     NSE:UNOMINDA-EQ | CVD=-55788 vs Ref=22181 | Close=1224.60 vs VAH=1236.30
2026-02-03 13:10:09,531 [INFO]     NSE:HDFCLIFE-EQ | CVD=-214634 vs Ref=225855 | Close=723.80 vs VAH=731.20
2026-02-03 13:11:09,534 [INFO] 🔍 Scanning for alerts on 6 symbols (5min)...
2026-02-03 13:11:09,918 [INFO]     NSE:KEI-EQ | CVD=12619 vs Ref=120988 | Close=4315.10 vs VAH=4480.00
2026-02-03 13:11:10,198 [INFO]     NSE:SBILIFE-EQ | CVD=-48895 vs Ref=3985 | Close=2028.70 vs VAH=2059.40
2026-02-03 13:11:10,477 [INFO]     NSE:HAVELLS-EQ | CVD=175041 vs Ref=221616 | Close=1318.20 vs VAH=1332.45
2026-02-03 13:11:10,767 [INFO]     NSE:JSWSTEEL-EQ | CVD=-154905 vs Ref=34825 | Close=1239.20 vs VAH=1233.75
2026-02-03 13:11:11,061 [INFO]     NSE:UNOMINDA-EQ | CVD=-52865 vs Ref=22181 | Close=1224.70 vs VAH=1236.30
2026-02-03 13:11:11,330 [INFO]     NSE:HDFCLIFE-EQ | CVD=-214731 vs Ref=225855 | Close=724.15 vs VAH=731.20
2026-02-03 13:12:11,332 [INFO] 🔍 Scanning for alerts on 6 symbols (5min)...
2026-02-03 13:12:11,680 [INFO]     NSE:KEI-EQ | CVD=12619 vs Ref=120988 | Close=4315.10 vs VAH=4480.00
2026-02-03 13:12:11,958 [INFO]     NSE:SBILIFE-EQ | CVD=-48895 vs Ref=3985 | Close=2028.70 vs VAH=2059.40
2026-02-03 13:12:12,276 [INFO]     NSE:HAVELLS-EQ | CVD=175041 vs Ref=221616 | Close=1318.20 vs VAH=1332.45
2026-02-03 13:12:12,562 [INFO]     NSE:JSWSTEEL-EQ | CVD=-154905 vs Ref=34825 | Close=1239.20 vs VAH=1233.75
2026-02-03 13:12:12,966 [INFO]     NSE:UNOMINDA-EQ | CVD=-52865 vs Ref=22181 | Close=1224.70 vs VAH=1236.30
2026-02-03 13:12:13,242 [INFO]     NSE:HDFCLIFE-EQ | CVD=-214731 vs Ref=225855 | Close=724.15 vs VAH=731.20
2026-02-03 13:13:13,243 [INFO] 🔍 Scanning for alerts on 6 symbols (5min)...
2026-02-03 13:13:13,500 [INFO]     NSE:KEI-EQ | CVD=12619 vs Ref=120988 | Close=4315.10 vs VAH=4480.00
2026-02-03 13:13:13,748 [INFO]     NSE:SBILIFE-EQ | CVD=-48895 vs Ref=3985 | Close=2028.70 vs VAH=2059.40
2026-02-03 13:13:14,036 [INFO]     NSE:HAVELLS-EQ | CVD=175041 vs Ref=221616 | Close=1318.20 vs VAH=1332.45
2026-02-03 13:13:14,337 [INFO]     NSE:JSWSTEEL-EQ | CVD=-154905 vs Ref=34825 | Close=1239.20 vs VAH=1233.75
2026-02-03 13:13:14,630 [INFO]     NSE:UNOMINDA-EQ | CVD=-52865 vs Ref=22181 | Close=1224.70 vs VAH=1236.30
2026-02-03 13:13:14,981 [INFO]     NSE:HDFCLIFE-EQ | CVD=-214731 vs Ref=225855 | Close=724.15 vs VAH=731.20
2026-02-03 13:14:14,983 [INFO] 🔍 Scanning for alerts on 6 symbols (5min)...
2026-02-03 13:14:15,282 [INFO]     NSE:KEI-EQ | CVD=12619 vs Ref=120988 | Close=4315.10 vs VAH=4480.00
2026-02-03 13:14:15,553 [INFO]     NSE:SBILIFE-EQ | CVD=-48895 vs Ref=3985 | Close=2028.70 vs VAH=2059.40
2026-02-03 13:14:15,805 [INFO]     NSE:HAVELLS-EQ | CVD=175041 vs Ref=221616 | Close=1318.20 vs VAH=1332.45
2026-02-03 13:14:16,088 [INFO]     NSE:JSWSTEEL-EQ | CVD=-154905 vs Ref=34825 | Close=1239.20 vs VAH=1233.75
2026-02-03 13:14:16,372 [INFO]     NSE:UNOMINDA-EQ | CVD=-52865 vs Ref=22181 | Close=1224.70 vs VAH=1236.30
2026-02-03 13:14:16,653 [INFO]     NSE:HDFCLIFE-EQ | CVD=-214731 vs Ref=225855 | Close=724.15 vs VAH=731.20
2026-02-03 13:15:16,655 [INFO] 🔍 Scanning for alerts on 6 symbols (5min)...
2026-02-03 13:15:17,190 [INFO]     NSE:KEI-EQ | CVD=12619 vs Ref=120988 | Close=4315.10 vs VAH=4480.00
2026-02-03 13:15:17,553 [INFO]     NSE:SBILIFE-EQ | CVD=-48895 vs Ref=3985 | Close=2028.70 vs VAH=2059.40
2026-02-03 13:15:17,848 [INFO]     NSE:HAVELLS-EQ | CVD=175041 vs Ref=221616 | Close=1318.20 vs VAH=1332.45
2026-02-03 13:15:18,178 [INFO]     NSE:JSWSTEEL-EQ | CVD=-154905 vs Ref=34825 | Close=1239.20 vs VAH=1233.75
2026-02-03 13:15:18,506 [INFO]     NSE:UNOMINDA-EQ | CVD=-52865 vs Ref=22181 | Close=1224.70 vs VAH=1236.30
2026-02-03 13:15:18,773 [INFO]     NSE:HDFCLIFE-EQ | CVD=-214731 vs Ref=225855 | Close=724.15 vs VAH=731.20
2026-02-03 13:16:18,776 [INFO] 🔍 Scanning for alerts on 6 symbols (5min)...
2026-02-03 13:16:19,044 [INFO]     NSE:KEI-EQ | CVD=14283 vs Ref=120988 | Close=4318.40 vs VAH=4480.00
2026-02-03 13:16:19,359 [INFO]     NSE:SBILIFE-EQ | CVD=-53006 vs Ref=3985 | Close=2027.70 vs VAH=2059.40
2026-02-03 13:16:19,621 [INFO]     NSE:HAVELLS-EQ | CVD=174717 vs Ref=221616 | Close=1318.40 vs VAH=1332.45
2026-02-03 13:16:19,897 [INFO]     NSE:JSWSTEEL-EQ | CVD=-153038 vs Ref=34825 | Close=1239.50 vs VAH=1233.75
2026-02-03 13:16:20,202 [INFO]     NSE:UNOMINDA-EQ | CVD=-60844 vs Ref=22181 | Close=1223.20 vs VAH=1236.30
2026-02-03 13:16:20,469 [INFO]     NSE:HDFCLIFE-EQ | CVD=-193988 vs Ref=225855 | Close=724.25 vs VAH=731.20
2026-02-03 13:17:20,471 [INFO] 🔍 Scanning for alerts on 6 symbols (5min)...
2026-02-03 13:17:20,765 [INFO]     NSE:KEI-EQ | CVD=14283 vs Ref=120988 | Close=4318.40 vs VAH=4480.00
2026-02-03 13:17:21,113 [INFO]     NSE:SBILIFE-EQ | CVD=-53006 vs Ref=3985 | Close=2027.70 vs VAH=2059.40
2026-02-03 13:17:21,461 [INFO]     NSE:HAVELLS-EQ | CVD=174717 vs Ref=221616 | Close=1318.40 vs VAH=1332.45
2026-02-03 13:17:21,770 [INFO]     NSE:JSWSTEEL-EQ | CVD=-153038 vs Ref=34825 | Close=1239.50 vs VAH=1233.75
2026-02-03 13:17:22,085 [INFO]     NSE:UNOMINDA-EQ | CVD=-60844 vs Ref=22181 | Close=1223.20 vs VAH=1236.30
2026-02-03 13:17:22,358 [INFO]     NSE:HDFCLIFE-EQ | CVD=-193988 vs Ref=225855 | Close=724.25 vs VAH=731.20
2026-02-03 13:18:22,360 [INFO] 🔍 Scanning for alerts on 6 symbols (5min)...
2026-02-03 13:18:22,661 [INFO]     NSE:KEI-EQ | CVD=14283 vs Ref=120988 | Close=4318.40 vs VAH=4480.00
2026-02-03 13:18:22,932 [INFO]     NSE:SBILIFE-EQ | CVD=-53006 vs Ref=3985 | Close=2027.70 vs VAH=2059.40
2026-02-03 13:18:23,228 [INFO]     NSE:HAVELLS-EQ | CVD=174717 vs Ref=221616 | Close=1318.40 vs VAH=1332.45
2026-02-03 13:18:23,620 [INFO]     NSE:JSWSTEEL-EQ | CVD=-153038 vs Ref=34825 | Close=1239.50 vs VAH=1233.75
2026-02-03 13:18:24,028 [INFO]     NSE:UNOMINDA-EQ | CVD=-60844 vs Ref=22181 | Close=1223.20 vs VAH=1236.30
2026-02-03 13:18:24,377 [INFO]     NSE:HDFCLIFE-EQ | CVD=-193988 vs Ref=225855 | Close=724.25 vs VAH=731.20
2026-02-03 13:19:24,379 [INFO] 🔍 Scanning for alerts on 6 symbols (5min)...
2026-02-03 13:19:24,688 [INFO]     NSE:KEI-EQ | CVD=14283 vs Ref=120988 | Close=4318.40 vs VAH=4480.00
2026-02-03 13:19:24,998 [INFO]     NSE:SBILIFE-EQ | CVD=-53006 vs Ref=3985 | Close=2027.70 vs VAH=2059.40
2026-02-03 13:19:25,283 [INFO]     NSE:HAVELLS-EQ | CVD=174717 vs Ref=221616 | Close=1318.40 vs VAH=1332.45
2026-02-03 13:19:25,555 [INFO]     NSE:JSWSTEEL-EQ | CVD=-153038 vs Ref=34825 | Close=1239.50 vs VAH=1233.75
2026-02-03 13:19:25,856 [INFO]     NSE:UNOMINDA-EQ | CVD=-60844 vs Ref=22181 | Close=1223.20 vs VAH=1236.30
2026-02-03 13:19:26,134 [INFO]     NSE:HDFCLIFE-EQ | CVD=-193988 vs Ref=225855 | Close=724.25 vs VAH=731.20
2026-02-03 13:20:26,136 [INFO] 🔍 Scanning for alerts on 6 symbols (5min)...
2026-02-03 13:20:26,549 [INFO]     NSE:KEI-EQ | CVD=14283 vs Ref=120988 | Close=4318.40 vs VAH=4480.00
2026-02-03 13:20:27,018 [INFO]     NSE:SBILIFE-EQ | CVD=-53006 vs Ref=3985 | Close=2027.70 vs VAH=2059.40
2026-02-03 13:20:27,397 [INFO]     NSE:HAVELLS-EQ | CVD=174717 vs Ref=221616 | Close=1318.40 vs VAH=1332.45
2026-02-03 13:20:27,879 [INFO]     NSE:JSWSTEEL-EQ | CVD=-153038 vs Ref=34825 | Close=1239.50 vs VAH=1233.75
2026-02-03 13:20:28,268 [INFO]     NSE:UNOMINDA-EQ | CVD=-60844 vs Ref=22181 | Close=1223.20 vs VAH=1236.30
2026-02-03 13:20:28,605 [INFO]     NSE:HDFCLIFE-EQ | CVD=-193988 vs Ref=225855 | Close=724.25 vs VAH=731.20
2026-02-03 13:21:28,607 [INFO] 🔍 Scanning for alerts on 6 symbols (5min)...
2026-02-03 13:21:28,887 [INFO]     NSE:KEI-EQ | CVD=15672 vs Ref=120988 | Close=4319.20 vs VAH=4480.00
2026-02-03 13:21:29,165 [INFO]     NSE:SBILIFE-EQ | CVD=-55952 vs Ref=3985 | Close=2025.40 vs VAH=2059.40
2026-02-03 13:21:29,510 [INFO]     NSE:HAVELLS-EQ | CVD=173689 vs Ref=221616 | Close=1318.60 vs VAH=1332.45
2026-02-03 13:21:29,864 [INFO]     NSE:JSWSTEEL-EQ | CVD=-168574 vs Ref=34825 | Close=1237.70 vs VAH=1233.75
2026-02-03 13:21:30,194 [INFO]     NSE:UNOMINDA-EQ | CVD=-66901 vs Ref=22181 | Close=1219.70 vs VAH=1236.30
2026-02-03 13:21:30,739 [INFO]     NSE:HDFCLIFE-EQ | CVD=-209661 vs Ref=225855 | Close=724.40 vs VAH=731.20
2026-02-03 13:22:30,743 [INFO] 🔍 Scanning for alerts on 6 symbols (5min)...
2026-02-03 13:22:31,023 [INFO]     NSE:KEI-EQ | CVD=15672 vs Ref=120988 | Close=4319.20 vs VAH=4480.00
2026-02-03 13:22:31,287 [INFO]     NSE:SBILIFE-EQ | CVD=-55952 vs Ref=3985 | Close=2025.40 vs VAH=2059.40
2026-02-03 13:22:31,570 [INFO]     NSE:HAVELLS-EQ | CVD=173689 vs Ref=221616 | Close=1318.60 vs VAH=1332.45
2026-02-03 13:22:31,882 [INFO]     NSE:JSWSTEEL-EQ | CVD=-168574 vs Ref=34825 | Close=1237.70 vs VAH=1233.75
2026-02-03 13:22:32,373 [INFO]     NSE:UNOMINDA-EQ | CVD=-66901 vs Ref=22181 | Close=1219.70 vs VAH=1236.30
2026-02-03 13:22:32,665 [INFO]     NSE:HDFCLIFE-EQ | CVD=-209661 vs Ref=225855 | Close=724.40 vs VAH=731.20
2026-02-03 13:23:32,666 [INFO] 🔍 Scanning for alerts on 6 symbols (5min)...
2026-02-03 13:23:32,963 [INFO]     NSE:KEI-EQ | CVD=15672 vs Ref=120988 | Close=4319.20 vs VAH=4480.00
2026-02-03 13:23:33,260 [INFO]     NSE:SBILIFE-EQ | CVD=-55952 vs Ref=3985 | Close=2025.40 vs VAH=2059.40
2026-02-03 13:23:33,579 [INFO]     NSE:HAVELLS-EQ | CVD=173689 vs Ref=221616 | Close=1318.60 vs VAH=1332.45
2026-02-03 13:23:33,854 [INFO]     NSE:JSWSTEEL-EQ | CVD=-168574 vs Ref=34825 | Close=1237.70 vs VAH=1233.75
2026-02-03 13:23:34,150 [INFO]     NSE:UNOMINDA-EQ | CVD=-66901 vs Ref=22181 | Close=1219.70 vs VAH=1236.30
2026-02-03 13:23:34,403 [INFO]     NSE:HDFCLIFE-EQ | CVD=-209661 vs Ref=225855 | Close=724.40 vs VAH=731.20
2026-02-03 13:24:34,405 [INFO] 🔍 Scanning for alerts on 6 symbols (5min)...
2026-02-03 13:24:34,804 [INFO]     NSE:KEI-EQ | CVD=15672 vs Ref=120988 | Close=4319.20 vs VAH=4480.00
2026-02-03 13:24:35,216 [INFO]     NSE:SBILIFE-EQ | CVD=-55952 vs Ref=3985 | Close=2025.40 vs VAH=2059.40
2026-02-03 13:24:35,558 [INFO]     NSE:HAVELLS-EQ | CVD=173689 vs Ref=221616 | Close=1318.60 vs VAH=1332.45
2026-02-03 13:24:35,885 [INFO]     NSE:JSWSTEEL-EQ | CVD=-168574 vs Ref=34825 | Close=1237.70 vs VAH=1233.75
2026-02-03 13:24:36,233 [INFO]     NSE:UNOMINDA-EQ | CVD=-66901 vs Ref=22181 | Close=1219.70 vs VAH=1236.30
2026-02-03 13:24:36,515 [INFO]     NSE:HDFCLIFE-EQ | CVD=-209661 vs Ref=225855 | Close=724.40 vs VAH=731.20
2026-02-03 13:25:36,516 [INFO] 🔍 Scanning for alerts on 6 symbols (5min)...
2026-02-03 13:25:36,805 [INFO]     NSE:KEI-EQ | CVD=15672 vs Ref=120988 | Close=4319.20 vs VAH=4480.00
2026-02-03 13:25:37,143 [INFO]     NSE:SBILIFE-EQ | CVD=-55952 vs Ref=3985 | Close=2025.40 vs VAH=2059.40
2026-02-03 13:25:37,523 [INFO]     NSE:HAVELLS-EQ | CVD=173689 vs Ref=221616 | Close=1318.60 vs VAH=1332.45
2026-02-03 13:25:37,861 [INFO]     NSE:JSWSTEEL-EQ | CVD=-168574 vs Ref=34825 | Close=1237.70 vs VAH=1233.75
2026-02-03 13:25:38,241 [INFO]     NSE:UNOMINDA-EQ | CVD=-66901 vs Ref=22181 | Close=1219.70 vs VAH=1236.30
2026-02-03 13:25:38,637 [INFO]     NSE:HDFCLIFE-EQ | CVD=-209661 vs Ref=225855 | Close=724.40 vs VAH=731.20
2026-02-03 13:26:38,639 [INFO] 🔍 Scanning for alerts on 6 symbols (5min)...
2026-02-03 13:26:38,959 [INFO]     NSE:KEI-EQ | CVD=15903 vs Ref=120988 | Close=4323.40 vs VAH=4480.00
2026-02-03 13:26:39,303 [INFO]     NSE:SBILIFE-EQ | CVD=-118711 vs Ref=3985 | Close=2019.90 vs VAH=2059.40
2026-02-03 13:26:39,630 [INFO]     NSE:HAVELLS-EQ | CVD=175606 vs Ref=221616 | Close=1319.20 vs VAH=1332.45
2026-02-03 13:26:39,929 [INFO]     NSE:JSWSTEEL-EQ | CVD=-207284 vs Ref=34825 | Close=1234.40 vs VAH=1233.75
2026-02-03 13:26:40,257 [INFO]     NSE:UNOMINDA-EQ | CVD=-67863 vs Ref=22181 | Close=1220.60 vs VAH=1236.30
2026-02-03 13:26:40,586 [INFO]     NSE:HDFCLIFE-EQ | CVD=-182566 vs Ref=225855 | Close=724.00 vs VAH=731.20
2026-02-03 13:27:40,587 [INFO] 🔍 Scanning for alerts on 6 symbols (5min)...
2026-02-03 13:27:40,867 [INFO]     NSE:KEI-EQ | CVD=15903 vs Ref=120988 | Close=4323.40 vs VAH=4480.00
2026-02-03 13:27:41,115 [INFO]     NSE:SBILIFE-EQ | CVD=-118711 vs Ref=3985 | Close=2019.90 vs VAH=2059.40
2026-02-03 13:27:41,420 [INFO]     NSE:HAVELLS-EQ | CVD=175606 vs Ref=221616 | Close=1319.20 vs VAH=1332.45
2026-02-03 13:27:41,714 [INFO]     NSE:JSWSTEEL-EQ | CVD=-207284 vs Ref=34825 | Close=1234.40 vs VAH=1233.75
2026-02-03 13:27:42,044 [INFO]     NSE:UNOMINDA-EQ | CVD=-67863 vs Ref=22181 | Close=1220.60 vs VAH=1236.30
2026-02-03 13:27:42,353 [INFO]     NSE:HDFCLIFE-EQ | CVD=-182566 vs Ref=225855 | Close=724.00 vs VAH=731.20
2026-02-03 13:28:42,355 [INFO] 🔍 Scanning for alerts on 6 symbols (5min)...
2026-02-03 13:28:42,634 [INFO]     NSE:KEI-EQ | CVD=15903 vs Ref=120988 | Close=4323.40 vs VAH=4480.00
2026-02-03 13:28:42,894 [INFO]     NSE:SBILIFE-EQ | CVD=-118711 vs Ref=3985 | Close=2019.90 vs VAH=2059.40
2026-02-03 13:28:43,151 [INFO]     NSE:HAVELLS-EQ | CVD=175606 vs Ref=221616 | Close=1319.20 vs VAH=1332.45
2026-02-03 13:28:43,473 [INFO]     NSE:JSWSTEEL-EQ | CVD=-207284 vs Ref=34825 | Close=1234.40 vs VAH=1233.75
2026-02-03 13:28:43,753 [INFO]     NSE:UNOMINDA-EQ | CVD=-67863 vs Ref=22181 | Close=1220.60 vs VAH=1236.30
2026-02-03 13:28:44,025 [INFO]     NSE:HDFCLIFE-EQ | CVD=-182566 vs Ref=225855 | Close=724.00 vs VAH=731.20
2026-02-03 13:29:44,027 [INFO] 🔍 Scanning for alerts on 6 symbols (5min)...
2026-02-03 13:29:44,301 [INFO]     NSE:KEI-EQ | CVD=15903 vs Ref=120988 | Close=4323.40 vs VAH=4480.00
2026-02-03 13:29:44,711 [INFO]     NSE:SBILIFE-EQ | CVD=-118711 vs Ref=3985 | Close=2019.90 vs VAH=2059.40
2026-02-03 13:29:44,984 [INFO]     NSE:HAVELLS-EQ | CVD=175606 vs Ref=221616 | Close=1319.20 vs VAH=1332.45
2026-02-03 13:29:45,424 [INFO]     NSE:JSWSTEEL-EQ | CVD=-207284 vs Ref=34825 | Close=1234.40 vs VAH=1233.75
2026-02-03 13:29:45,702 [INFO]     NSE:UNOMINDA-EQ | CVD=-67863 vs Ref=22181 | Close=1220.60 vs VAH=1236.30
2026-02-03 13:29:45,965 [INFO]     NSE:HDFCLIFE-EQ | CVD=-182566 vs Ref=225855 | Close=724.00 vs VAH=731.20
2026-02-03 13:30:45,966 [INFO] 🔍 Scanning for alerts on 6 symbols (5min)...
2026-02-03 13:30:46,267 [INFO]     NSE:KEI-EQ | CVD=15903 vs Ref=120988 | Close=4323.40 vs VAH=4480.00
2026-02-03 13:30:46,535 [INFO]     NSE:SBILIFE-EQ | CVD=-118711 vs Ref=3985 | Close=2019.90 vs VAH=2059.40
2026-02-03 13:30:46,788 [INFO]     NSE:HAVELLS-EQ | CVD=175606 vs Ref=221616 | Close=1319.20 vs VAH=1332.45
2026-02-03 13:30:47,073 [INFO]     NSE:JSWSTEEL-EQ | CVD=-207284 vs Ref=34825 | Close=1234.40 vs VAH=1233.75
2026-02-03 13:30:48,774 [INFO]     NSE:UNOMINDA-EQ | CVD=-67863 vs Ref=22181 | Close=1220.60 vs VAH=1236.30
2026-02-03 13:30:49,153 [INFO]     NSE:HDFCLIFE-EQ | CVD=-182566 vs Ref=225855 | Close=724.00 vs VAH=731.20
2026-02-03 13:31:49,154 [INFO] 🔍 Scanning for alerts on 6 symbols (5min)...
2026-02-03 13:31:49,442 [INFO]     NSE:KEI-EQ | CVD=11147 vs Ref=120988 | Close=4324.70 vs VAH=4480.00
2026-02-03 13:31:49,730 [INFO]     NSE:SBILIFE-EQ | CVD=-127775 vs Ref=3985 | Close=2017.30 vs VAH=2059.40
2026-02-03 13:31:50,019 [INFO]     NSE:HAVELLS-EQ | CVD=175001 vs Ref=221616 | Close=1317.80 vs VAH=1332.45
2026-02-03 13:31:51,765 [INFO]     NSE:JSWSTEEL-EQ | CVD=-206744 vs Ref=34825 | Close=1234.40 vs VAH=1233.75
2026-02-03 13:31:52,064 [INFO]     NSE:UNOMINDA-EQ | CVD=-70325 vs Ref=22181 | Close=1219.40 vs VAH=1236.30
2026-02-03 13:31:52,321 [INFO]     NSE:HDFCLIFE-EQ | CVD=-171973 vs Ref=225855 | Close=724.45 vs VAH=731.20
2026-02-03 13:32:52,324 [INFO] 🔍 Scanning for alerts on 6 symbols (5min)...
2026-02-03 13:32:52,603 [INFO]     NSE:KEI-EQ | CVD=11147 vs Ref=120988 | Close=4324.70 vs VAH=4480.00
2026-02-03 13:32:52,839 [INFO]     NSE:SBILIFE-EQ | CVD=-127775 vs Ref=3985 | Close=2017.30 vs VAH=2059.40
2026-02-03 13:32:53,109 [INFO]     NSE:HAVELLS-EQ | CVD=175001 vs Ref=221616 | Close=1317.80 vs VAH=1332.45
2026-02-03 13:32:54,917 [INFO]     NSE:JSWSTEEL-EQ | CVD=-206744 vs Ref=34825 | Close=1234.40 vs VAH=1233.75
2026-02-03 13:32:55,199 [INFO]     NSE:UNOMINDA-EQ | CVD=-70325 vs Ref=22181 | Close=1219.40 vs VAH=1236.30
2026-02-03 13:32:55,447 [INFO]     NSE:HDFCLIFE-EQ | CVD=-171973 vs Ref=225855 | Close=724.45 vs VAH=731.20
2026-02-03 13:33:55,450 [INFO] 🔍 Scanning for alerts on 6 symbols (5min)...
2026-02-03 13:33:55,767 [INFO]     NSE:KEI-EQ | CVD=11147 vs Ref=120988 | Close=4324.70 vs VAH=4480.00
2026-02-03 13:33:56,007 [INFO]     NSE:SBILIFE-EQ | CVD=-127775 vs Ref=3985 | Close=2017.30 vs VAH=2059.40
2026-02-03 13:33:58,051 [INFO]     NSE:HAVELLS-EQ | CVD=175001 vs Ref=221616 | Close=1317.80 vs VAH=1332.45
2026-02-03 13:33:58,299 [INFO]     NSE:JSWSTEEL-EQ | CVD=-206744 vs Ref=34825 | Close=1234.40 vs VAH=1233.75
2026-02-03 13:33:58,604 [INFO]     NSE:UNOMINDA-EQ | CVD=-70325 vs Ref=22181 | Close=1219.40 vs VAH=1236.30
2026-02-03 13:33:58,863 [INFO]     NSE:HDFCLIFE-EQ | CVD=-171973 vs Ref=225855 | Close=724.45 vs VAH=731.20
2026-02-03 13:34:58,865 [INFO] 🔍 Scanning for alerts on 6 symbols (5min)...
2026-02-03 13:34:59,144 [INFO]     NSE:KEI-EQ | CVD=11147 vs Ref=120988 | Close=4324.70 vs VAH=4480.00
2026-02-03 13:35:01,245 [INFO]     NSE:SBILIFE-EQ | CVD=-127775 vs Ref=3985 | Close=2017.30 vs VAH=2059.40
2026-02-03 13:35:01,614 [INFO]     NSE:HAVELLS-EQ | CVD=175001 vs Ref=221616 | Close=1317.80 vs VAH=1332.45
2026-02-03 13:35:01,950 [INFO]     NSE:JSWSTEEL-EQ | CVD=-206744 vs Ref=34825 | Close=1234.40 vs VAH=1233.75
2026-02-03 13:35:02,307 [INFO]     NSE:UNOMINDA-EQ | CVD=-70325 vs Ref=22181 | Close=1219.40 vs VAH=1236.30
2026-02-03 13:35:02,640 [INFO]     NSE:HDFCLIFE-EQ | CVD=-171973 vs Ref=225855 | Close=724.45 vs VAH=731.20
2026-02-03 13:36:02,642 [INFO] 🔍 Scanning for alerts on 6 symbols (5min)...
2026-02-03 13:36:03,062 [INFO]     NSE:KEI-EQ | CVD=10765 vs Ref=120988 | Close=4324.90 vs VAH=4480.00
2026-02-03 13:36:03,358 [INFO]     NSE:SBILIFE-EQ | CVD=-176969 vs Ref=3985 | Close=2016.00 vs VAH=2059.40
2026-02-03 13:36:03,694 [INFO]     NSE:HAVELLS-EQ | CVD=172446 vs Ref=221616 | Close=1315.90 vs VAH=1332.45
2026-02-03 13:36:04,017 [INFO]     NSE:JSWSTEEL-EQ | CVD=-206474 vs Ref=34825 | Close=1234.80 vs VAH=1233.75
2026-02-03 13:36:04,367 [INFO]     NSE:UNOMINDA-EQ | CVD=-71246 vs Ref=22181 | Close=1218.90 vs VAH=1236.30
2026-02-03 13:36:04,691 [INFO]     NSE:HDFCLIFE-EQ | CVD=-165250 vs Ref=225855 | Close=725.00 vs VAH=731.20
2026-02-03 13:37:04,693 [INFO] 🔍 Scanning for alerts on 6 symbols (5min)...
2026-02-03 13:37:05,002 [INFO]     NSE:KEI-EQ | CVD=10765 vs Ref=120988 | Close=4324.90 vs VAH=4480.00
2026-02-03 13:37:05,645 [INFO]     NSE:SBILIFE-EQ | CVD=-176969 vs Ref=3985 | Close=2016.00 vs VAH=2059.40
2026-02-03 13:37:06,186 [INFO]     NSE:HAVELLS-EQ | CVD=172446 vs Ref=221616 | Close=1315.90 vs VAH=1332.45
2026-02-03 13:37:06,536 [INFO]     NSE:JSWSTEEL-EQ | CVD=-206474 vs Ref=34825 | Close=1234.80 vs VAH=1233.75
2026-02-03 13:37:06,917 [INFO]     NSE:UNOMINDA-EQ | CVD=-71246 vs Ref=22181 | Close=1218.90 vs VAH=1236.30
2026-02-03 13:37:07,312 [INFO]     NSE:HDFCLIFE-EQ | CVD=-165250 vs Ref=225855 | Close=725.00 vs VAH=731.20
2026-02-03 13:38:07,313 [INFO] 🔍 Scanning for alerts on 6 symbols (5min)...
2026-02-03 13:38:07,592 [INFO]     NSE:KEI-EQ | CVD=10765 vs Ref=120988 | Close=4324.90 vs VAH=4480.00
2026-02-03 13:38:07,881 [INFO]     NSE:SBILIFE-EQ | CVD=-176969 vs Ref=3985 | Close=2016.00 vs VAH=2059.40
2026-02-03 13:38:08,171 [INFO]     NSE:HAVELLS-EQ | CVD=172446 vs Ref=221616 | Close=1315.90 vs VAH=1332.45
2026-02-03 13:38:08,544 [INFO]     NSE:JSWSTEEL-EQ | CVD=-206474 vs Ref=34825 | Close=1234.80 vs VAH=1233.75
2026-02-03 13:38:08,844 [INFO]     NSE:UNOMINDA-EQ | CVD=-71246 vs Ref=22181 | Close=1218.90 vs VAH=1236.30
2026-02-03 13:38:09,194 [INFO]     NSE:HDFCLIFE-EQ | CVD=-165250 vs Ref=225855 | Close=725.00 vs VAH=731.20
2026-02-03 13:39:09,195 [INFO] 🔍 Scanning for alerts on 6 symbols (5min)...
2026-02-03 13:39:09,592 [INFO]     NSE:KEI-EQ | CVD=10765 vs Ref=120988 | Close=4324.90 vs VAH=4480.00
2026-02-03 13:39:10,108 [INFO]     NSE:SBILIFE-EQ | CVD=-176969 vs Ref=3985 | Close=2016.00 vs VAH=2059.40
2026-02-03 13:39:10,416 [INFO]     NSE:HAVELLS-EQ | CVD=172446 vs Ref=221616 | Close=1315.90 vs VAH=1332.45
2026-02-03 13:39:10,775 [INFO]     NSE:JSWSTEEL-EQ | CVD=-206474 vs Ref=34825 | Close=1234.80 vs VAH=1233.75
2026-02-03 13:39:11,048 [INFO]     NSE:UNOMINDA-EQ | CVD=-71246 vs Ref=22181 | Close=1218.90 vs VAH=1236.30
2026-02-03 13:39:11,333 [INFO]     NSE:HDFCLIFE-EQ | CVD=-165250 vs Ref=225855 | Close=725.00 vs VAH=731.20
2026-02-03 13:40:11,335 [INFO] 🔍 Scanning for alerts on 6 symbols (5min)...
2026-02-03 13:40:11,726 [INFO]     NSE:KEI-EQ | CVD=10765 vs Ref=120988 | Close=4324.90 vs VAH=4480.00
2026-02-03 13:40:12,137 [INFO]     NSE:SBILIFE-EQ | CVD=-176969 vs Ref=3985 | Close=2016.00 vs VAH=2059.40
2026-02-03 13:40:13,259 [INFO]     NSE:HAVELLS-EQ | CVD=172446 vs Ref=221616 | Close=1315.90 vs VAH=1332.45
2026-02-03 13:40:13,833 [INFO]     NSE:JSWSTEEL-EQ | CVD=-206474 vs Ref=34825 | Close=1234.80 vs VAH=1233.75
2026-02-03 13:40:14,163 [INFO]     NSE:UNOMINDA-EQ | CVD=-71246 vs Ref=22181 | Close=1218.90 vs VAH=1236.30
2026-02-03 13:40:14,439 [INFO]     NSE:HDFCLIFE-EQ | CVD=-165250 vs Ref=225855 | Close=725.00 vs VAH=731.20
2026-02-03 13:41:14,440 [INFO] 🔍 Scanning for alerts on 6 symbols (5min)...
2026-02-03 13:41:14,740 [INFO]     NSE:KEI-EQ | CVD=7400 vs Ref=120988 | Close=4324.50 vs VAH=4480.00
2026-02-03 13:41:15,007 [INFO]     NSE:SBILIFE-EQ | CVD=-182591 vs Ref=3985 | Close=2014.60 vs VAH=2059.40
2026-02-03 13:41:15,379 [INFO]     NSE:HAVELLS-EQ | CVD=172629 vs Ref=221616 | Close=1315.70 vs VAH=1332.45
2026-02-03 13:41:15,679 [INFO]     NSE:JSWSTEEL-EQ | CVD=-210825 vs Ref=34825 | Close=1234.90 vs VAH=1233.75
2026-02-03 13:41:16,066 [INFO]     NSE:UNOMINDA-EQ | CVD=-72213 vs Ref=22181 | Close=1219.00 vs VAH=1236.30
2026-02-03 13:41:16,302 [INFO]     NSE:HDFCLIFE-EQ | CVD=-139764 vs Ref=225855 | Close=725.75 vs VAH=731.20
2026-02-03 13:42:16,303 [INFO] 🔍 Scanning for alerts on 6 symbols (5min)...
2026-02-03 13:42:16,579 [INFO]     NSE:KEI-EQ | CVD=7400 vs Ref=120988 | Close=4324.50 vs VAH=4480.00
2026-02-03 13:42:16,862 [INFO]     NSE:SBILIFE-EQ | CVD=-182591 vs Ref=3985 | Close=2014.60 vs VAH=2059.40
2026-02-03 13:42:17,114 [INFO]     NSE:HAVELLS-EQ | CVD=172629 vs Ref=221616 | Close=1315.70 vs VAH=1332.45
2026-02-03 13:42:17,417 [INFO]     NSE:JSWSTEEL-EQ | CVD=-210825 vs Ref=34825 | Close=1234.90 vs VAH=1233.75
2026-02-03 13:42:17,677 [INFO]     NSE:UNOMINDA-EQ | CVD=-72213 vs Ref=22181 | Close=1219.00 vs VAH=1236.30
2026-02-03 13:42:17,945 [INFO]     NSE:HDFCLIFE-EQ | CVD=-139764 vs Ref=225855 | Close=725.75 vs VAH=731.20
2026-02-03 13:43:17,946 [INFO] 🔍 Scanning for alerts on 6 symbols (5min)...
2026-02-03 13:43:18,226 [INFO]     NSE:KEI-EQ | CVD=7400 vs Ref=120988 | Close=4324.50 vs VAH=4480.00
2026-02-03 13:43:18,481 [INFO]     NSE:SBILIFE-EQ | CVD=-182591 vs Ref=3985 | Close=2014.60 vs VAH=2059.40
2026-02-03 13:43:18,833 [INFO]     NSE:HAVELLS-EQ | CVD=172629 vs Ref=221616 | Close=1315.70 vs VAH=1332.45
2026-02-03 13:43:19,110 [INFO]     NSE:JSWSTEEL-EQ | CVD=-210825 vs Ref=34825 | Close=1234.90 vs VAH=1233.75
2026-02-03 13:43:19,385 [INFO]     NSE:UNOMINDA-EQ | CVD=-72213 vs Ref=22181 | Close=1219.00 vs VAH=1236.30
2026-02-03 13:43:19,675 [INFO]     NSE:HDFCLIFE-EQ | CVD=-139764 vs Ref=225855 | Close=725.75 vs VAH=731.20
2026-02-03 13:44:19,677 [INFO] 🔍 Scanning for alerts on 6 symbols (5min)...
2026-02-03 13:44:19,925 [INFO]     NSE:KEI-EQ | CVD=7400 vs Ref=120988 | Close=4324.50 vs VAH=4480.00
2026-02-03 13:44:20,193 [INFO]     NSE:SBILIFE-EQ | CVD=-182591 vs Ref=3985 | Close=2014.60 vs VAH=2059.40
2026-02-03 13:44:20,461 [INFO]     NSE:HAVELLS-EQ | CVD=172629 vs Ref=221616 | Close=1315.70 vs VAH=1332.45
2026-02-03 13:44:20,709 [INFO]     NSE:JSWSTEEL-EQ | CVD=-210825 vs Ref=34825 | Close=1234.90 vs VAH=1233.75
2026-02-03 13:44:20,989 [INFO]     NSE:UNOMINDA-EQ | CVD=-72213 vs Ref=22181 | Close=1219.00 vs VAH=1236.30
2026-02-03 13:44:21,240 [INFO]     NSE:HDFCLIFE-EQ | CVD=-139764 vs Ref=225855 | Close=725.75 vs VAH=731.20
2026-02-03 13:45:21,242 [INFO] 🔍 Scanning for alerts on 6 symbols (5min)...
2026-02-03 13:45:21,521 [INFO]     NSE:KEI-EQ | CVD=7400 vs Ref=120988 | Close=4324.50 vs VAH=4480.00
2026-02-03 13:45:21,804 [INFO]     NSE:SBILIFE-EQ | CVD=-182591 vs Ref=3985 | Close=2014.60 vs VAH=2059.40
2026-02-03 13:45:22,038 [INFO]     NSE:HAVELLS-EQ | CVD=172629 vs Ref=221616 | Close=1315.70 vs VAH=1332.45
2026-02-03 13:45:22,305 [INFO]     NSE:JSWSTEEL-EQ | CVD=-210825 vs Ref=34825 | Close=1234.90 vs VAH=1233.75
2026-02-03 13:45:22,577 [INFO]     NSE:UNOMINDA-EQ | CVD=-72213 vs Ref=22181 | Close=1219.00 vs VAH=1236.30
2026-02-03 13:45:22,836 [INFO]     NSE:HDFCLIFE-EQ | CVD=-139764 vs Ref=225855 | Close=725.75 vs VAH=731.20
2026-02-03 13:46:22,837 [INFO] 🔍 Scanning for alerts on 6 symbols (5min)...
2026-02-03 13:46:23,127 [INFO]     NSE:KEI-EQ | CVD=11041 vs Ref=120988 | Close=4346.80 vs VAH=4480.00
2026-02-03 13:46:23,394 [INFO]     NSE:SBILIFE-EQ | CVD=-136511 vs Ref=3985 | Close=2016.70 vs VAH=2059.40
2026-02-03 13:46:23,665 [INFO]     NSE:HAVELLS-EQ | CVD=172809 vs Ref=221616 | Close=1315.80 vs VAH=1332.45
2026-02-03 13:46:23,899 [INFO]     NSE:JSWSTEEL-EQ | CVD=-185624 vs Ref=34825 | Close=1234.90 vs VAH=1233.75
2026-02-03 13:46:24,179 [INFO]     NSE:UNOMINDA-EQ | CVD=-71506 vs Ref=22181 | Close=1219.60 vs VAH=1236.30
2026-02-03 13:46:24,399 [INFO]     NSE:HDFCLIFE-EQ | CVD=-142390 vs Ref=225855 | Close=726.55 vs VAH=731.20
2026-02-03 13:47:24,401 [INFO] 🔍 Scanning for alerts on 6 symbols (5min)...
2026-02-03 13:47:24,654 [INFO]     NSE:KEI-EQ | CVD=11041 vs Ref=120988 | Close=4346.80 vs VAH=4480.00
2026-02-03 13:47:24,924 [INFO]     NSE:SBILIFE-EQ | CVD=-136511 vs Ref=3985 | Close=2016.70 vs VAH=2059.40
2026-02-03 13:47:25,195 [INFO]     NSE:HAVELLS-EQ | CVD=172809 vs Ref=221616 | Close=1315.80 vs VAH=1332.45
2026-02-03 13:47:25,432 [INFO]     NSE:JSWSTEEL-EQ | CVD=-185624 vs Ref=34825 | Close=1234.90 vs VAH=1233.75
2026-02-03 13:47:25,708 [INFO]     NSE:UNOMINDA-EQ | CVD=-71506 vs Ref=22181 | Close=1219.60 vs VAH=1236.30
2026-02-03 13:47:25,973 [INFO]     NSE:HDFCLIFE-EQ | CVD=-142390 vs Ref=225855 | Close=726.55 vs VAH=731.20
2026-02-03 13:48:25,975 [INFO] 🔍 Scanning for alerts on 6 symbols (5min)...
2026-02-03 13:48:26,234 [INFO]     NSE:KEI-EQ | CVD=11041 vs Ref=120988 | Close=4346.80 vs VAH=4480.00
2026-02-03 13:48:26,501 [INFO]     NSE:SBILIFE-EQ | CVD=-136511 vs Ref=3985 | Close=2016.70 vs VAH=2059.40
2026-02-03 13:48:26,774 [INFO]     NSE:HAVELLS-EQ | CVD=172809 vs Ref=221616 | Close=1315.80 vs VAH=1332.45
2026-02-03 13:48:27,050 [INFO]     NSE:JSWSTEEL-EQ | CVD=-185624 vs Ref=34825 | Close=1234.90 vs VAH=1233.75
2026-02-03 13:48:27,327 [INFO]     NSE:UNOMINDA-EQ | CVD=-71506 vs Ref=22181 | Close=1219.60 vs VAH=1236.30
2026-02-03 13:48:27,585 [INFO]     NSE:HDFCLIFE-EQ | CVD=-142390 vs Ref=225855 | Close=726.55 vs VAH=731.20
2026-02-03 13:49:27,587 [INFO] 🔍 Scanning for alerts on 6 symbols (5min)...
2026-02-03 13:49:27,823 [INFO]     NSE:KEI-EQ | CVD=11041 vs Ref=120988 | Close=4346.80 vs VAH=4480.00
2026-02-03 13:49:28,075 [INFO]     NSE:SBILIFE-EQ | CVD=-136511 vs Ref=3985 | Close=2016.70 vs VAH=2059.40
2026-02-03 13:49:28,304 [INFO]     NSE:HAVELLS-EQ | CVD=172809 vs Ref=221616 | Close=1315.80 vs VAH=1332.45
2026-02-03 13:49:28,552 [INFO]     NSE:JSWSTEEL-EQ | CVD=-185624 vs Ref=34825 | Close=1234.90 vs VAH=1233.75
2026-02-03 13:49:28,793 [INFO]     NSE:UNOMINDA-EQ | CVD=-71506 vs Ref=22181 | Close=1219.60 vs VAH=1236.30
2026-02-03 13:49:29,055 [INFO]     NSE:HDFCLIFE-EQ | CVD=-142390 vs Ref=225855 | Close=726.55 vs VAH=731.20
2026-02-03 13:50:29,056 [INFO] 🔍 Scanning for alerts on 6 symbols (5min)...
2026-02-03 13:50:29,350 [INFO]     NSE:KEI-EQ | CVD=11041 vs Ref=120988 | Close=4346.80 vs VAH=4480.00
2026-02-03 13:50:29,617 [INFO]     NSE:SBILIFE-EQ | CVD=-136511 vs Ref=3985 | Close=2016.70 vs VAH=2059.40
2026-02-03 13:50:29,860 [INFO]     NSE:HAVELLS-EQ | CVD=172809 vs Ref=221616 | Close=1315.80 vs VAH=1332.45
2026-02-03 13:50:30,110 [INFO]     NSE:JSWSTEEL-EQ | CVD=-185624 vs Ref=34825 | Close=1234.90 vs VAH=1233.75
2026-02-03 13:50:30,365 [INFO]     NSE:UNOMINDA-EQ | CVD=-71506 vs Ref=22181 | Close=1219.60 vs VAH=1236.30
2026-02-03 13:50:30,626 [INFO]     NSE:HDFCLIFE-EQ | CVD=-142390 vs Ref=225855 | Close=726.55 vs VAH=731.20
2026-02-03 13:51:30,629 [INFO] 🔍 Scanning for alerts on 6 symbols (5min)...
2026-02-03 13:51:30,915 [INFO]     NSE:KEI-EQ | CVD=13463 vs Ref=120988 | Close=4357.10 vs VAH=4480.00
2026-02-03 13:51:31,178 [INFO]     NSE:SBILIFE-EQ | CVD=-137685 vs Ref=3985 | Close=2016.50 vs VAH=2059.40
2026-02-03 13:51:31,453 [INFO]     NSE:HAVELLS-EQ | CVD=175476 vs Ref=221616 | Close=1316.60 vs VAH=1332.45
2026-02-03 13:51:31,723 [INFO]     NSE:JSWSTEEL-EQ | CVD=-159064 vs Ref=34825 | Close=1236.40 vs VAH=1233.75
2026-02-03 13:51:31,999 [INFO]     NSE:UNOMINDA-EQ | CVD=-71336 vs Ref=22181 | Close=1221.60 vs VAH=1236.30
2026-02-03 13:51:32,261 [INFO]     NSE:HDFCLIFE-EQ | CVD=-161593 vs Ref=225855 | Close=726.00 vs VAH=731.20
2026-02-03 13:52:32,263 [INFO] 🔍 Scanning for alerts on 6 symbols (5min)...
2026-02-03 13:52:32,488 [INFO]     NSE:KEI-EQ | CVD=13463 vs Ref=120988 | Close=4357.10 vs VAH=4480.00
2026-02-03 13:52:32,716 [INFO]     NSE:SBILIFE-EQ | CVD=-137685 vs Ref=3985 | Close=2016.50 vs VAH=2059.40
2026-02-03 13:52:32,991 [INFO]     NSE:HAVELLS-EQ | CVD=175476 vs Ref=221616 | Close=1316.60 vs VAH=1332.45
2026-02-03 13:52:33,201 [INFO]     NSE:JSWSTEEL-EQ | CVD=-159064 vs Ref=34825 | Close=1236.40 vs VAH=1233.75
2026-02-03 13:52:33,479 [INFO]     NSE:UNOMINDA-EQ | CVD=-71336 vs Ref=22181 | Close=1221.60 vs VAH=1236.30
2026-02-03 13:52:33,737 [INFO]     NSE:HDFCLIFE-EQ | CVD=-161593 vs Ref=225855 | Close=726.00 vs VAH=731.20
2026-02-03 13:53:33,739 [INFO] 🔍 Scanning for alerts on 6 symbols (5min)...
2026-02-03 13:53:34,019 [INFO]     NSE:KEI-EQ | CVD=13463 vs Ref=120988 | Close=4357.10 vs VAH=4480.00
2026-02-03 13:53:34,238 [INFO]     NSE:SBILIFE-EQ | CVD=-137685 vs Ref=3985 | Close=2016.50 vs VAH=2059.40
2026-02-03 13:53:34,465 [INFO]     NSE:HAVELLS-EQ | CVD=175476 vs Ref=221616 | Close=1316.60 vs VAH=1332.45
2026-02-03 13:53:34,760 [INFO]     NSE:JSWSTEEL-EQ | CVD=-159064 vs Ref=34825 | Close=1236.40 vs VAH=1233.75
2026-02-03 13:53:35,035 [INFO]     NSE:UNOMINDA-EQ | CVD=-71336 vs Ref=22181 | Close=1221.60 vs VAH=1236.30
2026-02-03 13:53:35,280 [INFO]     NSE:HDFCLIFE-EQ | CVD=-161593 vs Ref=225855 | Close=726.00 vs VAH=731.20
2026-02-03 13:54:35,281 [INFO] 🔍 Scanning for alerts on 6 symbols (5min)...
2026-02-03 13:54:35,608 [INFO]     NSE:KEI-EQ | CVD=13463 vs Ref=120988 | Close=4357.10 vs VAH=4480.00
2026-02-03 13:54:35,907 [INFO]     NSE:SBILIFE-EQ | CVD=-137685 vs Ref=3985 | Close=2016.50 vs VAH=2059.40
2026-02-03 13:54:36,145 [INFO]     NSE:HAVELLS-EQ | CVD=175476 vs Ref=221616 | Close=1316.60 vs VAH=1332.45
2026-02-03 13:54:36,403 [INFO]     NSE:JSWSTEEL-EQ | CVD=-159064 vs Ref=34825 | Close=1236.40 vs VAH=1233.75
2026-02-03 13:54:36,644 [INFO]     NSE:UNOMINDA-EQ | CVD=-71336 vs Ref=22181 | Close=1221.60 vs VAH=1236.30
2026-02-03 13:54:36,910 [INFO]     NSE:HDFCLIFE-EQ | CVD=-161593 vs Ref=225855 | Close=726.00 vs VAH=731.20
2026-02-03 13:55:36,912 [INFO] 🔍 Scanning for alerts on 6 symbols (5min)...
2026-02-03 13:55:37,212 [INFO]     NSE:KEI-EQ | CVD=13463 vs Ref=120988 | Close=4357.10 vs VAH=4480.00
2026-02-03 13:55:37,506 [INFO]     NSE:SBILIFE-EQ | CVD=-137685 vs Ref=3985 | Close=2016.50 vs VAH=2059.40
2026-02-03 13:55:37,748 [INFO]     NSE:HAVELLS-EQ | CVD=175476 vs Ref=221616 | Close=1316.60 vs VAH=1332.45
2026-02-03 13:55:38,015 [INFO]     NSE:JSWSTEEL-EQ | CVD=-159064 vs Ref=34825 | Close=1236.40 vs VAH=1233.75
2026-02-03 13:55:38,259 [INFO]     NSE:UNOMINDA-EQ | CVD=-71336 vs Ref=22181 | Close=1221.60 vs VAH=1236.30
2026-02-03 13:55:38,516 [INFO]     NSE:HDFCLIFE-EQ | CVD=-161593 vs Ref=225855 | Close=726.00 vs VAH=731.20
2026-02-03 13:56:38,518 [INFO] 🔍 Scanning for alerts on 6 symbols (5min)...
2026-02-03 13:56:38,805 [INFO]     NSE:KEI-EQ | CVD=12725 vs Ref=120988 | Close=4355.20 vs VAH=4480.00
2026-02-03 13:56:39,028 [INFO]     NSE:SBILIFE-EQ | CVD=-162163 vs Ref=3985 | Close=2013.50 vs VAH=2059.40
2026-02-03 13:56:39,312 [INFO]     NSE:HAVELLS-EQ | CVD=176085 vs Ref=221616 | Close=1317.00 vs VAH=1332.45
2026-02-03 13:56:39,542 [INFO]     NSE:JSWSTEEL-EQ | CVD=-159748 vs Ref=34825 | Close=1236.70 vs VAH=1233.75
2026-02-03 13:56:39,794 [INFO]     NSE:UNOMINDA-EQ | CVD=-69845 vs Ref=22181 | Close=1222.20 vs VAH=1236.30
2026-02-03 13:56:40,055 [INFO]     NSE:HDFCLIFE-EQ | CVD=-167741 vs Ref=225855 | Close=725.00 vs VAH=731.20
2026-02-03 13:57:40,057 [INFO] 🔍 Scanning for alerts on 6 symbols (5min)...
2026-02-03 13:57:40,348 [INFO]     NSE:KEI-EQ | CVD=12725 vs Ref=120988 | Close=4355.20 vs VAH=4480.00
2026-02-03 13:57:40,537 [INFO]     NSE:SBILIFE-EQ | CVD=-162163 vs Ref=3985 | Close=2013.50 vs VAH=2059.40
2026-02-03 13:57:40,781 [INFO]     NSE:HAVELLS-EQ | CVD=176085 vs Ref=221616 | Close=1317.00 vs VAH=1332.45
2026-02-03 13:57:41,047 [INFO]     NSE:JSWSTEEL-EQ | CVD=-159748 vs Ref=34825 | Close=1236.70 vs VAH=1233.75
2026-02-03 13:57:41,328 [INFO]     NSE:UNOMINDA-EQ | CVD=-69845 vs Ref=22181 | Close=1222.20 vs VAH=1236.30
2026-02-03 13:57:41,602 [INFO]     NSE:HDFCLIFE-EQ | CVD=-167741 vs Ref=225855 | Close=725.00 vs VAH=731.20
2026-02-03 13:58:41,604 [INFO] 🔍 Scanning for alerts on 6 symbols (5min)...
2026-02-03 13:58:41,878 [INFO]     NSE:KEI-EQ | CVD=12725 vs Ref=120988 | Close=4355.20 vs VAH=4480.00
2026-02-03 13:58:42,954 [INFO]     NSE:SBILIFE-EQ | CVD=-162163 vs Ref=3985 | Close=2013.50 vs VAH=2059.40
2026-02-03 13:58:43,183 [INFO]     NSE:HAVELLS-EQ | CVD=176085 vs Ref=221616 | Close=1317.00 vs VAH=1332.45
2026-02-03 13:58:43,424 [INFO]     NSE:JSWSTEEL-EQ | CVD=-159748 vs Ref=34825 | Close=1236.70 vs VAH=1233.75
2026-02-03 13:58:43,684 [INFO]     NSE:UNOMINDA-EQ | CVD=-69845 vs Ref=22181 | Close=1222.20 vs VAH=1236.30
2026-02-03 13:58:43,921 [INFO]     NSE:HDFCLIFE-EQ | CVD=-167741 vs Ref=225855 | Close=725.00 vs VAH=731.20
2026-02-03 13:59:43,923 [INFO] 🔍 Scanning for alerts on 6 symbols (5min)...
2026-02-03 13:59:44,203 [INFO]     NSE:KEI-EQ | CVD=12725 vs Ref=120988 | Close=4355.20 vs VAH=4480.00
2026-02-03 13:59:44,468 [INFO]     NSE:SBILIFE-EQ | CVD=-162163 vs Ref=3985 | Close=2013.50 vs VAH=2059.40
2026-02-03 13:59:45,574 [INFO]     NSE:HAVELLS-EQ | CVD=176085 vs Ref=221616 | Close=1317.00 vs VAH=1332.45
2026-02-03 13:59:45,800 [INFO]     NSE:JSWSTEEL-EQ | CVD=-159748 vs Ref=34825 | Close=1236.70 vs VAH=1233.75
2026-02-03 13:59:46,040 [INFO]     NSE:UNOMINDA-EQ | CVD=-69845 vs Ref=22181 | Close=1222.20 vs VAH=1236.30
2026-02-03 13:59:46,254 [INFO]     NSE:HDFCLIFE-EQ | CVD=-167741 vs Ref=225855 | Close=725.00 vs VAH=731.20
2026-02-03 14:00:46,255 [INFO] 🔍 Scanning for alerts on 6 symbols (5min)...
2026-02-03 14:00:46,539 [INFO]     NSE:KEI-EQ | CVD=12725 vs Ref=120988 | Close=4355.20 vs VAH=4480.00
2026-02-03 14:00:46,745 [INFO]     NSE:SBILIFE-EQ | CVD=-162163 vs Ref=3985 | Close=2013.50 vs VAH=2059.40
2026-02-03 14:00:47,042 [INFO]     NSE:HAVELLS-EQ | CVD=176085 vs Ref=221616 | Close=1317.00 vs VAH=1332.45
2026-02-03 14:00:47,335 [INFO]     NSE:JSWSTEEL-EQ | CVD=-159748 vs Ref=34825 | Close=1236.70 vs VAH=1233.75
2026-02-03 14:00:48,959 [INFO]     NSE:UNOMINDA-EQ | CVD=-69845 vs Ref=22181 | Close=1222.20 vs VAH=1236.30
2026-02-03 14:00:49,213 [INFO]     NSE:HDFCLIFE-EQ | CVD=-167741 vs Ref=225855 | Close=725.00 vs VAH=731.20
2026-02-03 14:01:49,215 [INFO] 🔍 Scanning for alerts on 6 symbols (5min)...
2026-02-03 14:01:49,502 [INFO]     NSE:KEI-EQ | CVD=11765 vs Ref=120988 | Close=4361.10 vs VAH=4480.00
2026-02-03 14:01:49,764 [INFO]     NSE:SBILIFE-EQ | CVD=-159602 vs Ref=3985 | Close=2012.60 vs VAH=2059.40
2026-02-03 14:01:50,038 [INFO]     NSE:HAVELLS-EQ | CVD=173347 vs Ref=221616 | Close=1314.70 vs VAH=1332.45
2026-02-03 14:01:50,325 [INFO]     NSE:JSWSTEEL-EQ | CVD=-186765 vs Ref=34825 | Close=1234.00 vs VAH=1233.75
2026-02-03 14:01:52,150 [INFO]     NSE:UNOMINDA-EQ | CVD=-75505 vs Ref=22181 | Close=1219.40 vs VAH=1236.30
2026-02-03 14:01:52,409 [INFO]     NSE:HDFCLIFE-EQ | CVD=-188983 vs Ref=225855 | Close=724.50 vs VAH=731.20
2026-02-03 14:02:52,410 [INFO] 🔍 Scanning for alerts on 6 symbols (5min)...
2026-02-03 14:02:52,690 [INFO]     NSE:KEI-EQ | CVD=11765 vs Ref=120988 | Close=4361.10 vs VAH=4480.00
2026-02-03 14:02:52,936 [INFO]     NSE:SBILIFE-EQ | CVD=-159602 vs Ref=3985 | Close=2012.60 vs VAH=2059.40
2026-02-03 14:02:53,221 [INFO]     NSE:HAVELLS-EQ | CVD=173347 vs Ref=221616 | Close=1314.70 vs VAH=1332.45
2026-02-03 14:02:53,489 [INFO]     NSE:JSWSTEEL-EQ | CVD=-186765 vs Ref=34825 | Close=1234.00 vs VAH=1233.75
2026-02-03 14:02:55,278 [INFO]     NSE:UNOMINDA-EQ | CVD=-75505 vs Ref=22181 | Close=1219.40 vs VAH=1236.30
2026-02-03 14:02:55,547 [INFO]     NSE:HDFCLIFE-EQ | CVD=-188983 vs Ref=225855 | Close=724.50 vs VAH=731.20
2026-02-03 14:03:55,549 [INFO] 🔍 Scanning for alerts on 6 symbols (5min)...
2026-02-03 14:03:55,787 [INFO]     NSE:KEI-EQ | CVD=11765 vs Ref=120988 | Close=4361.10 vs VAH=4480.00
2026-02-03 14:03:56,058 [INFO]     NSE:SBILIFE-EQ | CVD=-159602 vs Ref=3985 | Close=2012.60 vs VAH=2059.40
2026-02-03 14:03:56,330 [INFO]     NSE:HAVELLS-EQ | CVD=173347 vs Ref=221616 | Close=1314.70 vs VAH=1332.45
2026-02-03 14:03:56,529 [INFO]     NSE:JSWSTEEL-EQ | CVD=-186765 vs Ref=34825 | Close=1234.00 vs VAH=1233.75
2026-02-03 14:03:58,444 [INFO]     NSE:UNOMINDA-EQ | CVD=-75505 vs Ref=22181 | Close=1219.40 vs VAH=1236.30
2026-02-03 14:03:58,705 [INFO]     NSE:HDFCLIFE-EQ | CVD=-188983 vs Ref=225855 | Close=724.50 vs VAH=731.20
2026-02-03 14:04:58,707 [INFO] 🔍 Scanning for alerts on 6 symbols (5min)...
2026-02-03 14:04:58,991 [INFO]     NSE:KEI-EQ | CVD=11765 vs Ref=120988 | Close=4361.10 vs VAH=4480.00
2026-02-03 14:04:59,257 [INFO]     NSE:SBILIFE-EQ | CVD=-159602 vs Ref=3985 | Close=2012.60 vs VAH=2059.40
2026-02-03 14:04:59,483 [INFO]     NSE:HAVELLS-EQ | CVD=173347 vs Ref=221616 | Close=1314.70 vs VAH=1332.45
2026-02-03 14:05:01,512 [INFO]     NSE:JSWSTEEL-EQ | CVD=-186765 vs Ref=34825 | Close=1234.00 vs VAH=1233.75
2026-02-03 14:05:01,780 [INFO]     NSE:UNOMINDA-EQ | CVD=-75505 vs Ref=22181 | Close=1219.40 vs VAH=1236.30
2026-02-03 14:05:02,104 [INFO]     NSE:HDFCLIFE-EQ | CVD=-188983 vs Ref=225855 | Close=724.50 vs VAH=731.20
2026-02-03 14:06:02,106 [INFO] 🔍 Scanning for alerts on 6 symbols (5min)...
2026-02-03 14:06:02,373 [INFO]     NSE:KEI-EQ | CVD=12821 vs Ref=120988 | Close=4359.20 vs VAH=4480.00
2026-02-03 14:06:02,605 [INFO]     NSE:SBILIFE-EQ | CVD=-159602 vs Ref=3985 | Close=2012.60 vs VAH=2059.40
2026-02-03 14:06:02,873 [INFO]     NSE:HAVELLS-EQ | CVD=173347 vs Ref=221616 | Close=1314.70 vs VAH=1332.45
2026-02-03 14:06:03,160 [INFO]     NSE:JSWSTEEL-EQ | CVD=-173158 vs Ref=34825 | Close=1235.20 vs VAH=1233.75
2026-02-03 14:06:03,485 [INFO]     NSE:UNOMINDA-EQ | CVD=-75839 vs Ref=22181 | Close=1219.00 vs VAH=1236.30
2026-02-03 14:06:03,926 [INFO]     NSE:HDFCLIFE-EQ | CVD=-189219 vs Ref=225855 | Close=724.25 vs VAH=731.20
2026-02-03 14:07:03,929 [INFO] 🔍 Scanning for alerts on 6 symbols (5min)...
2026-02-03 14:07:04,199 [INFO]     NSE:KEI-EQ | CVD=12821 vs Ref=120988 | Close=4359.20 vs VAH=4480.00
2026-02-03 14:07:04,483 [INFO]     NSE:SBILIFE-EQ | CVD=-163363 vs Ref=3985 | Close=2011.20 vs VAH=2059.40
2026-02-03 14:07:04,756 [INFO]     NSE:HAVELLS-EQ | CVD=177459 vs Ref=221616 | Close=1314.10 vs VAH=1332.45
2026-02-03 14:07:05,013 [INFO]     NSE:JSWSTEEL-EQ | CVD=-173158 vs Ref=34825 | Close=1235.20 vs VAH=1233.75
2026-02-03 14:07:05,251 [INFO]     NSE:UNOMINDA-EQ | CVD=-75839 vs Ref=22181 | Close=1219.00 vs VAH=1236.30
2026-02-03 14:07:05,460 [INFO]     NSE:HDFCLIFE-EQ | CVD=-189219 vs Ref=225855 | Close=724.25 vs VAH=731.20
2026-02-03 14:08:05,461 [INFO] 🔍 Scanning for alerts on 6 symbols (5min)...
2026-02-03 14:08:05,774 [INFO]     NSE:KEI-EQ | CVD=12821 vs Ref=120988 | Close=4359.20 vs VAH=4480.00
2026-02-03 14:08:06,059 [INFO]     NSE:SBILIFE-EQ | CVD=-163363 vs Ref=3985 | Close=2011.20 vs VAH=2059.40
2026-02-03 14:08:06,274 [INFO]     NSE:HAVELLS-EQ | CVD=177459 vs Ref=221616 | Close=1314.10 vs VAH=1332.45
2026-02-03 14:08:06,559 [INFO]     NSE:JSWSTEEL-EQ | CVD=-173158 vs Ref=34825 | Close=1235.20 vs VAH=1233.75
2026-02-03 14:08:06,837 [INFO]     NSE:UNOMINDA-EQ | CVD=-75839 vs Ref=22181 | Close=1219.00 vs VAH=1236.30
2026-02-03 14:08:07,105 [INFO]     NSE:HDFCLIFE-EQ | CVD=-189219 vs Ref=225855 | Close=724.25 vs VAH=731.20
2026-02-03 14:09:07,106 [INFO] 🔍 Scanning for alerts on 6 symbols (5min)...
2026-02-03 14:09:07,389 [INFO]     NSE:KEI-EQ | CVD=12821 vs Ref=120988 | Close=4359.20 vs VAH=4480.00
2026-02-03 14:09:07,653 [INFO]     NSE:SBILIFE-EQ | CVD=-163363 vs Ref=3985 | Close=2011.20 vs VAH=2059.40
2026-02-03 14:09:07,926 [INFO]     NSE:HAVELLS-EQ | CVD=177459 vs Ref=221616 | Close=1314.10 vs VAH=1332.45
2026-02-03 14:09:08,223 [INFO]     NSE:JSWSTEEL-EQ | CVD=-173158 vs Ref=34825 | Close=1235.20 vs VAH=1233.75
2026-02-03 14:09:08,498 [INFO]     NSE:UNOMINDA-EQ | CVD=-75839 vs Ref=22181 | Close=1219.00 vs VAH=1236.30
2026-02-03 14:09:08,763 [INFO]     NSE:HDFCLIFE-EQ | CVD=-189219 vs Ref=225855 | Close=724.25 vs VAH=731.20
2026-02-03 14:10:08,764 [INFO] 🔍 Scanning for alerts on 6 symbols (5min)...
2026-02-03 14:10:09,001 [INFO]     NSE:KEI-EQ | CVD=12821 vs Ref=120988 | Close=4359.20 vs VAH=4480.00
2026-02-03 14:10:09,264 [INFO]     NSE:SBILIFE-EQ | CVD=-163363 vs Ref=3985 | Close=2011.20 vs VAH=2059.40
2026-02-03 14:10:09,539 [INFO]     NSE:HAVELLS-EQ | CVD=177459 vs Ref=221616 | Close=1314.10 vs VAH=1332.45
2026-02-03 14:10:09,808 [INFO]     NSE:JSWSTEEL-EQ | CVD=-173158 vs Ref=34825 | Close=1235.20 vs VAH=1233.75
2026-02-03 14:10:10,081 [INFO]     NSE:UNOMINDA-EQ | CVD=-75839 vs Ref=22181 | Close=1219.00 vs VAH=1236.30
2026-02-03 14:10:10,341 [INFO]     NSE:HDFCLIFE-EQ | CVD=-189219 vs Ref=225855 | Close=724.25 vs VAH=731.20
2026-02-03 14:11:10,342 [INFO] 🔍 Scanning for alerts on 6 symbols (5min)...
2026-02-03 14:11:10,634 [INFO]     NSE:KEI-EQ | CVD=10677 vs Ref=120988 | Close=4359.70 vs VAH=4480.00
2026-02-03 14:11:10,897 [INFO]     NSE:SBILIFE-EQ | CVD=-158915 vs Ref=3985 | Close=2013.00 vs VAH=2059.40
2026-02-03 14:11:11,141 [INFO]     NSE:HAVELLS-EQ | CVD=178153 vs Ref=221616 | Close=1314.00 vs VAH=1332.45
2026-02-03 14:11:11,409 [INFO]     NSE:JSWSTEEL-EQ | CVD=-221878 vs Ref=34825 | Close=1234.00 vs VAH=1233.75
2026-02-03 14:11:11,686 [INFO]     NSE:UNOMINDA-EQ | CVD=-81275 vs Ref=22181 | Close=1216.10 vs VAH=1236.30
2026-02-03 14:11:11,945 [INFO]     NSE:HDFCLIFE-EQ | CVD=-200061 vs Ref=225855 | Close=723.30 vs VAH=731.20
2026-02-03 14:12:11,948 [INFO] 🔍 Scanning for alerts on 6 symbols (5min)...
2026-02-03 14:12:12,188 [INFO]     NSE:KEI-EQ | CVD=10677 vs Ref=120988 | Close=4359.70 vs VAH=4480.00
2026-02-03 14:12:12,385 [INFO]     NSE:SBILIFE-EQ | CVD=-158915 vs Ref=3985 | Close=2013.00 vs VAH=2059.40
2026-02-03 14:12:12,659 [INFO]     NSE:HAVELLS-EQ | CVD=178153 vs Ref=221616 | Close=1314.00 vs VAH=1332.45
2026-02-03 14:12:12,931 [INFO]     NSE:JSWSTEEL-EQ | CVD=-221878 vs Ref=34825 | Close=1234.00 vs VAH=1233.75
2026-02-03 14:12:13,161 [INFO]     NSE:UNOMINDA-EQ | CVD=-81275 vs Ref=22181 | Close=1216.10 vs VAH=1236.30
2026-02-03 14:12:13,426 [INFO]     NSE:HDFCLIFE-EQ | CVD=-200061 vs Ref=225855 | Close=723.30 vs VAH=731.20
2026-02-03 14:13:13,428 [INFO] 🔍 Scanning for alerts on 6 symbols (5min)...
2026-02-03 14:13:13,679 [INFO]     NSE:KEI-EQ | CVD=10677 vs Ref=120988 | Close=4359.70 vs VAH=4480.00
2026-02-03 14:13:13,907 [INFO]     NSE:SBILIFE-EQ | CVD=-158915 vs Ref=3985 | Close=2013.00 vs VAH=2059.40
2026-02-03 14:13:14,174 [INFO]     NSE:HAVELLS-EQ | CVD=178153 vs Ref=221616 | Close=1314.00 vs VAH=1332.45
2026-02-03 14:13:14,433 [INFO]     NSE:JSWSTEEL-EQ | CVD=-221878 vs Ref=34825 | Close=1234.00 vs VAH=1233.75
2026-02-03 14:13:14,682 [INFO]     NSE:UNOMINDA-EQ | CVD=-81275 vs Ref=22181 | Close=1216.10 vs VAH=1236.30
2026-02-03 14:13:14,944 [INFO]     NSE:HDFCLIFE-EQ | CVD=-200061 vs Ref=225855 | Close=723.30 vs VAH=731.20
2026-02-03 14:14:14,945 [INFO] 🔍 Scanning for alerts on 6 symbols (5min)...
2026-02-03 14:14:15,195 [INFO]     NSE:KEI-EQ | CVD=10677 vs Ref=120988 | Close=4359.70 vs VAH=4480.00
2026-02-03 14:14:15,459 [INFO]     NSE:SBILIFE-EQ | CVD=-158915 vs Ref=3985 | Close=2013.00 vs VAH=2059.40
2026-02-03 14:14:15,732 [INFO]     NSE:HAVELLS-EQ | CVD=178153 vs Ref=221616 | Close=1314.00 vs VAH=1332.45
2026-02-03 14:14:16,013 [INFO]     NSE:JSWSTEEL-EQ | CVD=-221878 vs Ref=34825 | Close=1234.00 vs VAH=1233.75
2026-02-03 14:14:16,289 [INFO]     NSE:UNOMINDA-EQ | CVD=-81275 vs Ref=22181 | Close=1216.10 vs VAH=1236.30
2026-02-03 14:14:16,510 [INFO]     NSE:HDFCLIFE-EQ | CVD=-200061 vs Ref=225855 | Close=723.30 vs VAH=731.20
2026-02-03 14:15:16,511 [INFO] 🔍 Scanning for alerts on 6 symbols (5min)...
2026-02-03 14:15:16,839 [INFO]     NSE:KEI-EQ | CVD=10677 vs Ref=120988 | Close=4359.70 vs VAH=4480.00
2026-02-03 14:15:17,078 [INFO]     NSE:SBILIFE-EQ | CVD=-158915 vs Ref=3985 | Close=2013.00 vs VAH=2059.40
2026-02-03 14:15:17,355 [INFO]     NSE:HAVELLS-EQ | CVD=178153 vs Ref=221616 | Close=1314.00 vs VAH=1332.45
2026-02-03 14:15:17,554 [INFO]     NSE:JSWSTEEL-EQ | CVD=-221878 vs Ref=34825 | Close=1234.00 vs VAH=1233.75
2026-02-03 14:15:17,828 [INFO]     NSE:UNOMINDA-EQ | CVD=-81275 vs Ref=22181 | Close=1216.10 vs VAH=1236.30
2026-02-03 14:15:18,022 [INFO]     NSE:HDFCLIFE-EQ | CVD=-200061 vs Ref=225855 | Close=723.30 vs VAH=731.20
2026-02-03 14:16:18,024 [INFO] 🔍 Scanning for alerts on 6 symbols (5min)...
2026-02-03 14:16:18,332 [INFO]     NSE:KEI-EQ | CVD=12154 vs Ref=120988 | Close=4368.20 vs VAH=4480.00
2026-02-03 14:16:18,594 [INFO]     NSE:SBILIFE-EQ | CVD=-237630 vs Ref=3985 | Close=2010.70 vs VAH=2059.40
2026-02-03 14:16:18,824 [INFO]     NSE:HAVELLS-EQ | CVD=177160 vs Ref=221616 | Close=1315.00 vs VAH=1332.45
2026-02-03 14:16:19,065 [INFO]     NSE:JSWSTEEL-EQ | CVD=-235152 vs Ref=34825 | Close=1233.50 vs VAH=1233.75
2026-02-03 14:16:19,299 [INFO]     NSE:UNOMINDA-EQ | CVD=-81468 vs Ref=22181 | Close=1216.10 vs VAH=1236.30
2026-02-03 14:16:19,556 [INFO]     NSE:HDFCLIFE-EQ | CVD=-225315 vs Ref=225855 | Close=722.50 vs VAH=731.20
2026-02-03 14:17:19,558 [INFO] 🔍 Scanning for alerts on 6 symbols (5min)...
2026-02-03 14:17:19,802 [INFO]     NSE:KEI-EQ | CVD=12154 vs Ref=120988 | Close=4368.20 vs VAH=4480.00
2026-02-03 14:17:20,032 [INFO]     NSE:SBILIFE-EQ | CVD=-237630 vs Ref=3985 | Close=2010.70 vs VAH=2059.40
2026-02-03 14:17:20,307 [INFO]     NSE:HAVELLS-EQ | CVD=177160 vs Ref=221616 | Close=1315.00 vs VAH=1332.45
2026-02-03 14:17:20,582 [INFO]     NSE:JSWSTEEL-EQ | CVD=-235152 vs Ref=34825 | Close=1233.50 vs VAH=1233.75
2026-02-03 14:17:20,859 [INFO]     NSE:UNOMINDA-EQ | CVD=-81468 vs Ref=22181 | Close=1216.10 vs VAH=1236.30
2026-02-03 14:17:21,120 [INFO]     NSE:HDFCLIFE-EQ | CVD=-225315 vs Ref=225855 | Close=722.50 vs VAH=731.20
2026-02-03 14:18:21,122 [INFO] 🔍 Scanning for alerts on 6 symbols (5min)...
2026-02-03 14:18:21,451 [INFO]     NSE:KEI-EQ | CVD=12154 vs Ref=120988 | Close=4368.20 vs VAH=4480.00
2026-02-03 14:18:21,671 [INFO]     NSE:SBILIFE-EQ | CVD=-237630 vs Ref=3985 | Close=2010.70 vs VAH=2059.40
2026-02-03 14:18:21,955 [INFO]     NSE:HAVELLS-EQ | CVD=177160 vs Ref=221616 | Close=1315.00 vs VAH=1332.45
2026-02-03 14:18:22,208 [INFO]     NSE:JSWSTEEL-EQ | CVD=-235152 vs Ref=34825 | Close=1233.50 vs VAH=1233.75
2026-02-03 14:18:22,487 [INFO]     NSE:UNOMINDA-EQ | CVD=-81468 vs Ref=22181 | Close=1216.10 vs VAH=1236.30
2026-02-03 14:18:22,743 [INFO]     NSE:HDFCLIFE-EQ | CVD=-225315 vs Ref=225855 | Close=722.50 vs VAH=731.20
2026-02-03 14:19:22,745 [INFO] 🔍 Scanning for alerts on 6 symbols (5min)...
2026-02-03 14:19:23,029 [INFO]     NSE:KEI-EQ | CVD=12154 vs Ref=120988 | Close=4368.20 vs VAH=4480.00
2026-02-03 14:19:23,253 [INFO]     NSE:SBILIFE-EQ | CVD=-237630 vs Ref=3985 | Close=2010.70 vs VAH=2059.40
2026-02-03 14:19:23,528 [INFO]     NSE:HAVELLS-EQ | CVD=177160 vs Ref=221616 | Close=1315.00 vs VAH=1332.45
2026-02-03 14:19:23,782 [INFO]     NSE:JSWSTEEL-EQ | CVD=-235152 vs Ref=34825 | Close=1233.50 vs VAH=1233.75
2026-02-03 14:19:24,036 [INFO]     NSE:UNOMINDA-EQ | CVD=-81468 vs Ref=22181 | Close=1216.10 vs VAH=1236.30
2026-02-03 14:19:24,307 [INFO]     NSE:HDFCLIFE-EQ | CVD=-225315 vs Ref=225855 | Close=722.50 vs VAH=731.20
2026-02-03 14:20:24,309 [INFO] 🔍 Scanning for alerts on 6 symbols (5min)...
2026-02-03 14:20:24,548 [INFO]     NSE:KEI-EQ | CVD=12154 vs Ref=120988 | Close=4368.20 vs VAH=4480.00
2026-02-03 14:20:24,810 [INFO]     NSE:SBILIFE-EQ | CVD=-237630 vs Ref=3985 | Close=2010.70 vs VAH=2059.40
2026-02-03 14:20:25,017 [INFO]     NSE:HAVELLS-EQ | CVD=177160 vs Ref=221616 | Close=1315.00 vs VAH=1332.45
2026-02-03 14:20:25,292 [INFO]     NSE:JSWSTEEL-EQ | CVD=-235152 vs Ref=34825 | Close=1233.50 vs VAH=1233.75
2026-02-03 14:20:25,573 [INFO]     NSE:UNOMINDA-EQ | CVD=-81468 vs Ref=22181 | Close=1216.10 vs VAH=1236.30
2026-02-03 14:20:26,145 [INFO]     NSE:HDFCLIFE-EQ | CVD=-225315 vs Ref=225855 | Close=722.50 vs VAH=731.20
2026-02-03 14:21:26,146 [INFO] 🔍 Scanning for alerts on 6 symbols (5min)...
2026-02-03 14:21:26,428 [INFO]     NSE:KEI-EQ | CVD=8590 vs Ref=120988 | Close=4359.00 vs VAH=4480.00
2026-02-03 14:21:26,650 [INFO]     NSE:SBILIFE-EQ | CVD=-255086 vs Ref=3985 | Close=2010.50 vs VAH=2059.40
2026-02-03 14:21:26,926 [INFO]     NSE:HAVELLS-EQ | CVD=177637 vs Ref=221616 | Close=1316.30 vs VAH=1332.45
2026-02-03 14:21:27,197 [INFO]     NSE:JSWSTEEL-EQ | CVD=-245984 vs Ref=34825 | Close=1231.10 vs VAH=1233.75
2026-02-03 14:21:27,473 [INFO]     NSE:UNOMINDA-EQ | CVD=-81921 vs Ref=22181 | Close=1215.50 vs VAH=1236.30
2026-02-03 14:21:27,727 [INFO]     NSE:HDFCLIFE-EQ | CVD=-222439 vs Ref=225855 | Close=722.90 vs VAH=731.20
2026-02-03 14:22:27,730 [INFO] 🔍 Scanning for alerts on 6 symbols (5min)...
2026-02-03 14:22:27,975 [INFO]     NSE:KEI-EQ | CVD=8590 vs Ref=120988 | Close=4359.00 vs VAH=4480.00
2026-02-03 14:22:28,238 [INFO]     NSE:SBILIFE-EQ | CVD=-255086 vs Ref=3985 | Close=2010.50 vs VAH=2059.40
2026-02-03 14:22:28,466 [INFO]     NSE:HAVELLS-EQ | CVD=177637 vs Ref=221616 | Close=1316.30 vs VAH=1332.45
2026-02-03 14:22:28,711 [INFO]     NSE:JSWSTEEL-EQ | CVD=-245984 vs Ref=34825 | Close=1231.10 vs VAH=1233.75
2026-02-03 14:22:28,975 [INFO]     NSE:UNOMINDA-EQ | CVD=-81921 vs Ref=22181 | Close=1215.50 vs VAH=1236.30
2026-02-03 14:22:29,215 [INFO]     NSE:HDFCLIFE-EQ | CVD=-222439 vs Ref=225855 | Close=722.90 vs VAH=731.20
2026-02-03 14:23:29,217 [INFO] 🔍 Scanning for alerts on 6 symbols (5min)...
2026-02-03 14:23:29,463 [INFO]     NSE:KEI-EQ | CVD=8590 vs Ref=120988 | Close=4359.00 vs VAH=4480.00
2026-02-03 14:23:29,727 [INFO]     NSE:SBILIFE-EQ | CVD=-255086 vs Ref=3985 | Close=2010.50 vs VAH=2059.40
2026-02-03 14:23:30,000 [INFO]     NSE:HAVELLS-EQ | CVD=177637 vs Ref=221616 | Close=1316.30 vs VAH=1332.45
2026-02-03 14:23:30,271 [INFO]     NSE:JSWSTEEL-EQ | CVD=-245984 vs Ref=34825 | Close=1231.10 vs VAH=1233.75
2026-02-03 14:23:30,552 [INFO]     NSE:UNOMINDA-EQ | CVD=-81921 vs Ref=22181 | Close=1215.50 vs VAH=1236.30
2026-02-03 14:23:30,808 [INFO]     NSE:HDFCLIFE-EQ | CVD=-222439 vs Ref=225855 | Close=722.90 vs VAH=731.20
2026-02-03 14:24:30,809 [INFO] 🔍 Scanning for alerts on 6 symbols (5min)...
2026-02-03 14:24:31,032 [INFO]     NSE:KEI-EQ | CVD=8590 vs Ref=120988 | Close=4359.00 vs VAH=4480.00
2026-02-03 14:24:31,297 [INFO]     NSE:SBILIFE-EQ | CVD=-255086 vs Ref=3985 | Close=2010.50 vs VAH=2059.40
2026-02-03 14:24:31,602 [INFO]     NSE:HAVELLS-EQ | CVD=177637 vs Ref=221616 | Close=1316.30 vs VAH=1332.45
2026-02-03 14:24:31,821 [INFO]     NSE:JSWSTEEL-EQ | CVD=-245984 vs Ref=34825 | Close=1231.10 vs VAH=1233.75
2026-02-03 14:24:32,126 [INFO]     NSE:UNOMINDA-EQ | CVD=-81921 vs Ref=22181 | Close=1215.50 vs VAH=1236.30
2026-02-03 14:24:32,394 [INFO]     NSE:HDFCLIFE-EQ | CVD=-222439 vs Ref=225855 | Close=722.90 vs VAH=731.20
2026-02-03 14:25:32,396 [INFO] 🔍 Scanning for alerts on 6 symbols (5min)...
2026-02-03 14:25:32,679 [INFO]     NSE:KEI-EQ | CVD=8590 vs Ref=120988 | Close=4359.00 vs VAH=4480.00
2026-02-03 14:25:32,981 [INFO]     NSE:SBILIFE-EQ | CVD=-255086 vs Ref=3985 | Close=2010.50 vs VAH=2059.40
2026-02-03 14:25:33,228 [INFO]     NSE:HAVELLS-EQ | CVD=177637 vs Ref=221616 | Close=1316.30 vs VAH=1332.45
2026-02-03 14:25:33,505 [INFO]     NSE:JSWSTEEL-EQ | CVD=-245984 vs Ref=34825 | Close=1231.10 vs VAH=1233.75
2026-02-03 14:25:33,736 [INFO]     NSE:UNOMINDA-EQ | CVD=-81921 vs Ref=22181 | Close=1215.50 vs VAH=1236.30
2026-02-03 14:25:33,955 [INFO]     NSE:HDFCLIFE-EQ | CVD=-222439 vs Ref=225855 | Close=722.90 vs VAH=731.20
2026-02-03 14:26:33,957 [INFO] 🔍 Scanning for alerts on 6 symbols (5min)...
2026-02-03 14:26:34,193 [INFO]     NSE:KEI-EQ | CVD=7759 vs Ref=120988 | Close=4359.90 vs VAH=4480.00
2026-02-03 14:26:34,457 [INFO]     NSE:SBILIFE-EQ | CVD=-259672 vs Ref=3985 | Close=2011.70 vs VAH=2059.40
2026-02-03 14:26:34,761 [INFO]     NSE:HAVELLS-EQ | CVD=177901 vs Ref=221616 | Close=1316.40 vs VAH=1332.45
2026-02-03 14:26:35,050 [INFO]     NSE:JSWSTEEL-EQ | CVD=-235650 vs Ref=34825 | Close=1233.40 vs VAH=1233.75
2026-02-03 14:26:35,299 [INFO]     NSE:UNOMINDA-EQ | CVD=-84075 vs Ref=22181 | Close=1215.20 vs VAH=1236.30
2026-02-03 14:26:35,546 [INFO]     NSE:HDFCLIFE-EQ | CVD=-211621 vs Ref=225855 | Close=723.30 vs VAH=731.20
2026-02-03 14:27:35,547 [INFO] 🔍 Scanning for alerts on 6 symbols (5min)...
2026-02-03 14:27:35,852 [INFO]     NSE:KEI-EQ | CVD=7759 vs Ref=120988 | Close=4359.90 vs VAH=4480.00
2026-02-03 14:27:36,144 [INFO]     NSE:SBILIFE-EQ | CVD=-259672 vs Ref=3985 | Close=2011.70 vs VAH=2059.40
2026-02-03 14:27:36,456 [INFO]     NSE:HAVELLS-EQ | CVD=177901 vs Ref=221616 | Close=1316.40 vs VAH=1332.45
2026-02-03 14:27:36,710 [INFO]     NSE:JSWSTEEL-EQ | CVD=-235650 vs Ref=34825 | Close=1233.40 vs VAH=1233.75
2026-02-03 14:27:37,016 [INFO]     NSE:UNOMINDA-EQ | CVD=-84075 vs Ref=22181 | Close=1215.20 vs VAH=1236.30
2026-02-03 14:27:37,325 [INFO]     NSE:HDFCLIFE-EQ | CVD=-211621 vs Ref=225855 | Close=723.30 vs VAH=731.20
2026-02-03 14:28:37,327 [INFO] 🔍 Scanning for alerts on 6 symbols (5min)...
2026-02-03 14:28:37,620 [INFO]     NSE:KEI-EQ | CVD=7759 vs Ref=120988 | Close=4359.90 vs VAH=4480.00
2026-02-03 14:28:37,873 [INFO]     NSE:SBILIFE-EQ | CVD=-259672 vs Ref=3985 | Close=2011.70 vs VAH=2059.40
2026-02-03 14:28:38,153 [INFO]     NSE:HAVELLS-EQ | CVD=177901 vs Ref=221616 | Close=1316.40 vs VAH=1332.45
2026-02-03 14:28:38,419 [INFO]     NSE:JSWSTEEL-EQ | CVD=-235650 vs Ref=34825 | Close=1233.40 vs VAH=1233.75
2026-02-03 14:28:38,680 [INFO]     NSE:UNOMINDA-EQ | CVD=-84075 vs Ref=22181 | Close=1215.20 vs VAH=1236.30
2026-02-03 14:28:38,913 [INFO]     NSE:HDFCLIFE-EQ | CVD=-211621 vs Ref=225855 | Close=723.30 vs VAH=731.20
2026-02-03 14:29:38,915 [INFO] 🔍 Scanning for alerts on 6 symbols (5min)...
2026-02-03 14:29:39,201 [INFO]     NSE:KEI-EQ | CVD=7759 vs Ref=120988 | Close=4359.90 vs VAH=4480.00
2026-02-03 14:29:39,472 [INFO]     NSE:SBILIFE-EQ | CVD=-259672 vs Ref=3985 | Close=2011.70 vs VAH=2059.40
2026-02-03 14:29:39,747 [INFO]     NSE:HAVELLS-EQ | CVD=177901 vs Ref=221616 | Close=1316.40 vs VAH=1332.45
2026-02-03 14:29:39,982 [INFO]     NSE:JSWSTEEL-EQ | CVD=-235650 vs Ref=34825 | Close=1233.40 vs VAH=1233.75
2026-02-03 14:29:40,261 [INFO]     NSE:UNOMINDA-EQ | CVD=-84075 vs Ref=22181 | Close=1215.20 vs VAH=1236.30
2026-02-03 14:29:40,529 [INFO]     NSE:HDFCLIFE-EQ | CVD=-211621 vs Ref=225855 | Close=723.30 vs VAH=731.20
2026-02-03 14:30:40,530 [INFO] 🔍 Scanning for alerts on 6 symbols (5min)...
2026-02-03 14:30:40,826 [INFO]     NSE:KEI-EQ | CVD=7759 vs Ref=120988 | Close=4359.90 vs VAH=4480.00
2026-02-03 14:30:41,087 [INFO]     NSE:SBILIFE-EQ | CVD=-259672 vs Ref=3985 | Close=2011.70 vs VAH=2059.40
2026-02-03 14:30:41,378 [INFO]     NSE:HAVELLS-EQ | CVD=177901 vs Ref=221616 | Close=1316.40 vs VAH=1332.45
2026-02-03 14:30:41,627 [INFO]     NSE:JSWSTEEL-EQ | CVD=-235650 vs Ref=34825 | Close=1233.40 vs VAH=1233.75
2026-02-03 14:30:41,887 [INFO]     NSE:UNOMINDA-EQ | CVD=-84075 vs Ref=22181 | Close=1215.20 vs VAH=1236.30
2026-02-03 14:30:42,107 [INFO]     NSE:HDFCLIFE-EQ | CVD=-211621 vs Ref=225855 | Close=723.30 vs VAH=731.20
2026-02-03 14:31:42,108 [INFO] 🔍 Scanning for alerts on 6 symbols (5min)...
2026-02-03 14:31:42,388 [INFO]     NSE:KEI-EQ | CVD=8708 vs Ref=120988 | Close=4360.80 vs VAH=4480.00
2026-02-03 14:31:42,611 [INFO]     NSE:SBILIFE-EQ | CVD=-264826 vs Ref=3985 | Close=2008.80 vs VAH=2059.40
2026-02-03 14:31:42,889 [INFO]     NSE:HAVELLS-EQ | CVD=177608 vs Ref=221616 | Close=1316.30 vs VAH=1332.45
2026-02-03 14:31:43,160 [INFO]     NSE:JSWSTEEL-EQ | CVD=-242690 vs Ref=34825 | Close=1232.50 vs VAH=1233.75
2026-02-03 14:31:43,432 [INFO]     NSE:UNOMINDA-EQ | CVD=-84642 vs Ref=22181 | Close=1215.70 vs VAH=1236.30
2026-02-03 14:31:43,684 [INFO]     NSE:HDFCLIFE-EQ | CVD=-235551 vs Ref=225855 | Close=723.10 vs VAH=731.20
2026-02-03 14:32:43,685 [INFO] 🔍 Scanning for alerts on 6 symbols (5min)...
2026-02-03 14:32:43,918 [INFO]     NSE:KEI-EQ | CVD=8708 vs Ref=120988 | Close=4360.80 vs VAH=4480.00
2026-02-03 14:32:44,197 [INFO]     NSE:SBILIFE-EQ | CVD=-264826 vs Ref=3985 | Close=2008.80 vs VAH=2059.40
2026-02-03 14:32:44,468 [INFO]     NSE:HAVELLS-EQ | CVD=177608 vs Ref=221616 | Close=1316.30 vs VAH=1332.45
2026-02-03 14:32:46,007 [INFO]     NSE:JSWSTEEL-EQ | CVD=-242690 vs Ref=34825 | Close=1232.50 vs VAH=1233.75
2026-02-03 14:32:46,302 [INFO]     NSE:UNOMINDA-EQ | CVD=-84642 vs Ref=22181 | Close=1215.70 vs VAH=1236.30
2026-02-03 14:32:46,564 [INFO]     NSE:HDFCLIFE-EQ | CVD=-235551 vs Ref=225855 | Close=723.10 vs VAH=731.20
2026-02-03 14:33:46,567 [INFO] 🔍 Scanning for alerts on 6 symbols (5min)...
2026-02-03 14:33:46,852 [INFO]     NSE:KEI-EQ | CVD=8708 vs Ref=120988 | Close=4360.80 vs VAH=4480.00
2026-02-03 14:33:47,114 [INFO]     NSE:SBILIFE-EQ | CVD=-264826 vs Ref=3985 | Close=2008.80 vs VAH=2059.40
2026-02-03 14:33:47,391 [INFO]     NSE:HAVELLS-EQ | CVD=177608 vs Ref=221616 | Close=1316.30 vs VAH=1332.45
2026-02-03 14:33:47,670 [INFO]     NSE:JSWSTEEL-EQ | CVD=-242690 vs Ref=34825 | Close=1232.50 vs VAH=1233.75
2026-02-03 14:33:47,929 [INFO]     NSE:UNOMINDA-EQ | CVD=-84642 vs Ref=22181 | Close=1215.70 vs VAH=1236.30
2026-02-03 14:33:48,159 [INFO]     NSE:HDFCLIFE-EQ | CVD=-235551 vs Ref=225855 | Close=723.10 vs VAH=731.20
2026-02-03 14:34:48,161 [INFO] 🔍 Scanning for alerts on 6 symbols (5min)...
2026-02-03 14:34:48,450 [INFO]     NSE:KEI-EQ | CVD=8708 vs Ref=120988 | Close=4360.80 vs VAH=4480.00
2026-02-03 14:34:48,690 [INFO]     NSE:SBILIFE-EQ | CVD=-264826 vs Ref=3985 | Close=2008.80 vs VAH=2059.40
2026-02-03 14:34:48,973 [INFO]     NSE:HAVELLS-EQ | CVD=177608 vs Ref=221616 | Close=1316.30 vs VAH=1332.45
2026-02-03 14:34:49,263 [INFO]     NSE:JSWSTEEL-EQ | CVD=-242690 vs Ref=34825 | Close=1232.50 vs VAH=1233.75
2026-02-03 14:34:49,517 [INFO]     NSE:UNOMINDA-EQ | CVD=-84642 vs Ref=22181 | Close=1215.70 vs VAH=1236.30
2026-02-03 14:34:49,718 [INFO]     NSE:HDFCLIFE-EQ | CVD=-235551 vs Ref=225855 | Close=723.10 vs VAH=731.20
2026-02-03 14:35:49,721 [INFO] 🔍 Scanning for alerts on 6 symbols (5min)...
2026-02-03 14:35:49,954 [INFO]     NSE:KEI-EQ | CVD=8708 vs Ref=120988 | Close=4360.80 vs VAH=4480.00
2026-02-03 14:35:51,855 [INFO]     NSE:SBILIFE-EQ | CVD=-264826 vs Ref=3985 | Close=2008.80 vs VAH=2059.40
2026-02-03 14:35:52,138 [INFO]     NSE:HAVELLS-EQ | CVD=177608 vs Ref=221616 | Close=1316.30 vs VAH=1332.45
2026-02-03 14:35:52,344 [INFO]     NSE:JSWSTEEL-EQ | CVD=-242690 vs Ref=34825 | Close=1232.50 vs VAH=1233.75
2026-02-03 14:35:52,573 [INFO]     NSE:UNOMINDA-EQ | CVD=-84642 vs Ref=22181 | Close=1215.70 vs VAH=1236.30
2026-02-03 14:35:52,843 [INFO]     NSE:HDFCLIFE-EQ | CVD=-235551 vs Ref=225855 | Close=723.10 vs VAH=731.20
2026-02-03 14:36:52,844 [INFO] 🔍 Scanning for alerts on 6 symbols (5min)...
2026-02-03 14:36:53,123 [INFO]     NSE:KEI-EQ | CVD=-7166 vs Ref=120988 | Close=4359.70 vs VAH=4480.00
2026-02-03 14:36:55,042 [INFO]     NSE:SBILIFE-EQ | CVD=-262964 vs Ref=3985 | Close=2005.90 vs VAH=2059.40
2026-02-03 14:36:55,277 [INFO]     NSE:HAVELLS-EQ | CVD=176479 vs Ref=221616 | Close=1315.80 vs VAH=1332.45
2026-02-03 14:36:55,558 [INFO]     NSE:JSWSTEEL-EQ | CVD=-241433 vs Ref=34825 | Close=1233.90 vs VAH=1233.75
2026-02-03 14:36:55,801 [INFO]     NSE:UNOMINDA-EQ | CVD=-85820 vs Ref=22181 | Close=1213.30 vs VAH=1236.30
2026-02-03 14:36:56,064 [INFO]     NSE:HDFCLIFE-EQ | CVD=-289298 vs Ref=225855 | Close=722.00 vs VAH=731.20
2026-02-03 14:37:56,066 [INFO] 🔍 Scanning for alerts on 6 symbols (5min)...
2026-02-03 14:37:56,348 [INFO]     NSE:KEI-EQ | CVD=-7166 vs Ref=120988 | Close=4359.70 vs VAH=4480.00
2026-02-03 14:37:58,177 [INFO]     NSE:SBILIFE-EQ | CVD=-262964 vs Ref=3985 | Close=2005.90 vs VAH=2059.40
2026-02-03 14:37:58,455 [INFO]     NSE:HAVELLS-EQ | CVD=176479 vs Ref=221616 | Close=1315.80 vs VAH=1332.45
2026-02-03 14:37:58,688 [INFO]     NSE:JSWSTEEL-EQ | CVD=-241433 vs Ref=34825 | Close=1233.90 vs VAH=1233.75
2026-02-03 14:37:58,931 [INFO]     NSE:UNOMINDA-EQ | CVD=-85820 vs Ref=22181 | Close=1213.30 vs VAH=1236.30
2026-02-03 14:37:59,153 [INFO]     NSE:HDFCLIFE-EQ | CVD=-289298 vs Ref=225855 | Close=722.00 vs VAH=731.20
2026-02-03 14:38:59,155 [INFO] 🔍 Scanning for alerts on 6 symbols (5min)...
2026-02-03 14:38:59,434 [INFO]     NSE:KEI-EQ | CVD=-7166 vs Ref=120988 | Close=4359.70 vs VAH=4480.00
2026-02-03 14:39:01,484 [INFO]     NSE:SBILIFE-EQ | CVD=-262964 vs Ref=3985 | Close=2005.90 vs VAH=2059.40
2026-02-03 14:39:01,786 [INFO]     NSE:HAVELLS-EQ | CVD=176479 vs Ref=221616 | Close=1315.80 vs VAH=1332.45
2026-02-03 14:39:02,067 [INFO]     NSE:JSWSTEEL-EQ | CVD=-241433 vs Ref=34825 | Close=1233.90 vs VAH=1233.75
2026-02-03 14:39:02,445 [INFO]     NSE:UNOMINDA-EQ | CVD=-85820 vs Ref=22181 | Close=1213.30 vs VAH=1236.30
2026-02-03 14:39:02,744 [INFO]     NSE:HDFCLIFE-EQ | CVD=-289298 vs Ref=225855 | Close=722.00 vs VAH=731.20
2026-02-03 14:40:02,747 [INFO] 🔍 Scanning for alerts on 6 symbols (5min)...
2026-02-03 14:40:03,101 [INFO]     NSE:KEI-EQ | CVD=-7166 vs Ref=120988 | Close=4359.70 vs VAH=4480.00
2026-02-03 14:40:03,385 [INFO]     NSE:SBILIFE-EQ | CVD=-262964 vs Ref=3985 | Close=2005.90 vs VAH=2059.40
2026-02-03 14:40:03,693 [INFO]     NSE:HAVELLS-EQ | CVD=176479 vs Ref=221616 | Close=1315.80 vs VAH=1332.45
2026-02-03 14:40:03,972 [INFO]     NSE:JSWSTEEL-EQ | CVD=-241433 vs Ref=34825 | Close=1233.90 vs VAH=1233.75
2026-02-03 14:40:04,252 [INFO]     NSE:UNOMINDA-EQ | CVD=-85820 vs Ref=22181 | Close=1213.30 vs VAH=1236.30
2026-02-03 14:40:04,530 [INFO]     NSE:HDFCLIFE-EQ | CVD=-289298 vs Ref=225855 | Close=722.00 vs VAH=731.20
2026-02-03 14:41:04,531 [INFO] 🔍 Scanning for alerts on 6 symbols (5min)...
2026-02-03 14:41:04,769 [INFO]     NSE:KEI-EQ | CVD=-6256 vs Ref=120988 | Close=4357.80 vs VAH=4480.00
2026-02-03 14:41:05,035 [INFO]     NSE:SBILIFE-EQ | CVD=-264823 vs Ref=3985 | Close=2006.90 vs VAH=2059.40
2026-02-03 14:41:05,312 [INFO]     NSE:HAVELLS-EQ | CVD=148840 vs Ref=221616 | Close=1315.60 vs VAH=1332.45
2026-02-03 14:41:05,587 [INFO]     NSE:JSWSTEEL-EQ | CVD=-250515 vs Ref=34825 | Close=1233.80 vs VAH=1233.75
2026-02-03 14:41:05,844 [INFO]     NSE:UNOMINDA-EQ | CVD=-83596 vs Ref=22181 | Close=1214.60 vs VAH=1236.30
2026-02-03 14:41:06,068 [INFO]     NSE:HDFCLIFE-EQ | CVD=-330780 vs Ref=225855 | Close=722.05 vs VAH=731.20
2026-02-03 14:42:06,070 [INFO] 🔍 Scanning for alerts on 6 symbols (5min)...
2026-02-03 14:42:06,315 [INFO]     NSE:KEI-EQ | CVD=-6256 vs Ref=120988 | Close=4357.80 vs VAH=4480.00
2026-02-03 14:42:06,556 [INFO]     NSE:SBILIFE-EQ | CVD=-264823 vs Ref=3985 | Close=2006.90 vs VAH=2059.40
2026-02-03 14:42:06,828 [INFO]     NSE:HAVELLS-EQ | CVD=148840 vs Ref=221616 | Close=1315.60 vs VAH=1332.45
2026-02-03 14:42:07,098 [INFO]     NSE:JSWSTEEL-EQ | CVD=-250515 vs Ref=34825 | Close=1233.80 vs VAH=1233.75
2026-02-03 14:42:07,311 [INFO]     NSE:UNOMINDA-EQ | CVD=-83596 vs Ref=22181 | Close=1214.60 vs VAH=1236.30
2026-02-03 14:42:07,574 [INFO]     NSE:HDFCLIFE-EQ | CVD=-330780 vs Ref=225855 | Close=722.05 vs VAH=731.20
2026-02-03 14:43:07,576 [INFO] 🔍 Scanning for alerts on 6 symbols (5min)...
2026-02-03 14:43:07,809 [INFO]     NSE:KEI-EQ | CVD=-6256 vs Ref=120988 | Close=4357.80 vs VAH=4480.00
2026-02-03 14:43:08,013 [INFO]     NSE:SBILIFE-EQ | CVD=-264823 vs Ref=3985 | Close=2006.90 vs VAH=2059.40
2026-02-03 14:43:08,286 [INFO]     NSE:HAVELLS-EQ | CVD=148840 vs Ref=221616 | Close=1315.60 vs VAH=1332.45
2026-02-03 14:43:08,553 [INFO]     NSE:JSWSTEEL-EQ | CVD=-250515 vs Ref=34825 | Close=1233.80 vs VAH=1233.75
2026-02-03 14:43:08,787 [INFO]     NSE:UNOMINDA-EQ | CVD=-83596 vs Ref=22181 | Close=1214.60 vs VAH=1236.30
2026-02-03 14:43:09,018 [INFO]     NSE:HDFCLIFE-EQ | CVD=-330780 vs Ref=225855 | Close=722.05 vs VAH=731.20
2026-02-03 14:44:09,019 [INFO] 🔍 Scanning for alerts on 6 symbols (5min)...
2026-02-03 14:44:09,258 [INFO]     NSE:KEI-EQ | CVD=-6256 vs Ref=120988 | Close=4357.80 vs VAH=4480.00
2026-02-03 14:44:09,523 [INFO]     NSE:SBILIFE-EQ | CVD=-264823 vs Ref=3985 | Close=2006.90 vs VAH=2059.40
2026-02-03 14:44:09,777 [INFO]     NSE:HAVELLS-EQ | CVD=148840 vs Ref=221616 | Close=1315.60 vs VAH=1332.45
2026-02-03 14:44:10,032 [INFO]     NSE:JSWSTEEL-EQ | CVD=-250515 vs Ref=34825 | Close=1233.80 vs VAH=1233.75
2026-02-03 14:44:10,251 [INFO]     NSE:UNOMINDA-EQ | CVD=-83596 vs Ref=22181 | Close=1214.60 vs VAH=1236.30
2026-02-03 14:44:10,513 [INFO]     NSE:HDFCLIFE-EQ | CVD=-330780 vs Ref=225855 | Close=722.05 vs VAH=731.20
2026-02-03 14:45:10,514 [INFO] 🔍 Scanning for alerts on 6 symbols (5min)...
2026-02-03 14:45:10,801 [INFO]     NSE:KEI-EQ | CVD=-6256 vs Ref=120988 | Close=4357.80 vs VAH=4480.00
2026-02-03 14:45:11,065 [INFO]     NSE:SBILIFE-EQ | CVD=-264823 vs Ref=3985 | Close=2006.90 vs VAH=2059.40
2026-02-03 14:45:11,342 [INFO]     NSE:HAVELLS-EQ | CVD=148840 vs Ref=221616 | Close=1315.60 vs VAH=1332.45
2026-02-03 14:45:11,612 [INFO]     NSE:JSWSTEEL-EQ | CVD=-250515 vs Ref=34825 | Close=1233.80 vs VAH=1233.75
2026-02-03 14:45:11,889 [INFO]     NSE:UNOMINDA-EQ | CVD=-83596 vs Ref=22181 | Close=1214.60 vs VAH=1236.30
2026-02-03 14:45:12,108 [INFO]     NSE:HDFCLIFE-EQ | CVD=-330780 vs Ref=225855 | Close=722.05 vs VAH=731.20
2026-02-03 14:46:12,110 [INFO] 🔍 Scanning for alerts on 6 symbols (5min)...
2026-02-03 14:46:12,343 [INFO]     NSE:KEI-EQ | CVD=-7217 vs Ref=120988 | Close=4357.00 vs VAH=4480.00
2026-02-03 14:46:12,610 [INFO]     NSE:SBILIFE-EQ | CVD=-263578 vs Ref=3985 | Close=2007.50 vs VAH=2059.40
2026-02-03 14:46:12,888 [INFO]     NSE:HAVELLS-EQ | CVD=145590 vs Ref=221616 | Close=1315.50 vs VAH=1332.45
2026-02-03 14:46:13,158 [INFO]     NSE:JSWSTEEL-EQ | CVD=-340067 vs Ref=34825 | Close=1229.70 vs VAH=1233.75
2026-02-03 14:46:13,432 [INFO]     NSE:UNOMINDA-EQ | CVD=-86182 vs Ref=22181 | Close=1212.80 vs VAH=1236.30
2026-02-03 14:46:13,651 [INFO]     NSE:HDFCLIFE-EQ | CVD=-409784 vs Ref=225855 | Close=720.60 vs VAH=731.20
2026-02-03 14:47:13,652 [INFO] 🔍 Scanning for alerts on 6 symbols (5min)...
2026-02-03 14:47:13,935 [INFO]     NSE:KEI-EQ | CVD=-7217 vs Ref=120988 | Close=4357.00 vs VAH=4480.00
2026-02-03 14:47:14,222 [INFO]     NSE:SBILIFE-EQ | CVD=-263578 vs Ref=3985 | Close=2007.50 vs VAH=2059.40
2026-02-03 14:47:14,456 [INFO]     NSE:HAVELLS-EQ | CVD=145590 vs Ref=221616 | Close=1315.50 vs VAH=1332.45
2026-02-03 14:47:14,692 [INFO]     NSE:JSWSTEEL-EQ | CVD=-340067 vs Ref=34825 | Close=1229.70 vs VAH=1233.75
2026-02-03 14:47:14,966 [INFO]     NSE:UNOMINDA-EQ | CVD=-86182 vs Ref=22181 | Close=1212.80 vs VAH=1236.30
2026-02-03 14:47:15,210 [INFO]     NSE:HDFCLIFE-EQ | CVD=-409784 vs Ref=225855 | Close=720.60 vs VAH=731.20
2026-02-03 14:48:15,212 [INFO] 🔍 Scanning for alerts on 6 symbols (5min)...
2026-02-03 14:48:15,446 [INFO]     NSE:KEI-EQ | CVD=-7217 vs Ref=120988 | Close=4357.00 vs VAH=4480.00
2026-02-03 14:48:15,713 [INFO]     NSE:SBILIFE-EQ | CVD=-263578 vs Ref=3985 | Close=2007.50 vs VAH=2059.40
2026-02-03 14:48:15,993 [INFO]     NSE:HAVELLS-EQ | CVD=145590 vs Ref=221616 | Close=1315.50 vs VAH=1332.45
2026-02-03 14:48:16,215 [INFO]     NSE:JSWSTEEL-EQ | CVD=-340067 vs Ref=34825 | Close=1229.70 vs VAH=1233.75
2026-02-03 14:48:16,495 [INFO]     NSE:UNOMINDA-EQ | CVD=-86182 vs Ref=22181 | Close=1212.80 vs VAH=1236.30
2026-02-03 14:48:16,738 [INFO]     NSE:HDFCLIFE-EQ | CVD=-409784 vs Ref=225855 | Close=720.60 vs VAH=731.20
2026-02-03 14:49:16,739 [INFO] 🔍 Scanning for alerts on 6 symbols (5min)...
2026-02-03 14:49:16,977 [INFO]     NSE:KEI-EQ | CVD=-7217 vs Ref=120988 | Close=4357.00 vs VAH=4480.00
2026-02-03 14:49:17,199 [INFO]     NSE:SBILIFE-EQ | CVD=-263578 vs Ref=3985 | Close=2007.50 vs VAH=2059.40
2026-02-03 14:49:17,439 [INFO]     NSE:HAVELLS-EQ | CVD=145590 vs Ref=221616 | Close=1315.50 vs VAH=1332.45
2026-02-03 14:49:17,708 [INFO]     NSE:JSWSTEEL-EQ | CVD=-340067 vs Ref=34825 | Close=1229.70 vs VAH=1233.75
2026-02-03 14:49:17,953 [INFO]     NSE:UNOMINDA-EQ | CVD=-86182 vs Ref=22181 | Close=1212.80 vs VAH=1236.30
2026-02-03 14:49:18,221 [INFO]     NSE:HDFCLIFE-EQ | CVD=-409784 vs Ref=225855 | Close=720.60 vs VAH=731.20
2026-02-03 14:50:18,223 [INFO] 🔍 Scanning for alerts on 6 symbols (5min)...
2026-02-03 14:50:18,460 [INFO]     NSE:KEI-EQ | CVD=-7217 vs Ref=120988 | Close=4357.00 vs VAH=4480.00
2026-02-03 14:50:18,724 [INFO]     NSE:SBILIFE-EQ | CVD=-263578 vs Ref=3985 | Close=2007.50 vs VAH=2059.40
2026-02-03 14:50:19,003 [INFO]     NSE:HAVELLS-EQ | CVD=145590 vs Ref=221616 | Close=1315.50 vs VAH=1332.45
2026-02-03 14:50:19,263 [INFO]     NSE:JSWSTEEL-EQ | CVD=-340067 vs Ref=34825 | Close=1229.70 vs VAH=1233.75
2026-02-03 14:50:19,504 [INFO]     NSE:UNOMINDA-EQ | CVD=-86182 vs Ref=22181 | Close=1212.80 vs VAH=1236.30
2026-02-03 14:50:19,765 [INFO]     NSE:HDFCLIFE-EQ | CVD=-409784 vs Ref=225855 | Close=720.60 vs VAH=731.20
2026-02-03 14:51:19,766 [INFO] 🔍 Scanning for alerts on 6 symbols (5min)...
2026-02-03 14:51:20,042 [INFO]     NSE:KEI-EQ | CVD=-7181 vs Ref=120988 | Close=4359.70 vs VAH=4480.00
2026-02-03 14:51:20,305 [INFO]     NSE:SBILIFE-EQ | CVD=-259053 vs Ref=3985 | Close=2009.10 vs VAH=2059.40
2026-02-03 14:51:20,581 [INFO]     NSE:HAVELLS-EQ | CVD=142096 vs Ref=221616 | Close=1314.30 vs VAH=1332.45
2026-02-03 14:51:20,845 [INFO]     NSE:JSWSTEEL-EQ | CVD=-320462 vs Ref=34825 | Close=1229.10 vs VAH=1233.75
2026-02-03 14:51:21,059 [INFO]     NSE:UNOMINDA-EQ | CVD=-83565 vs Ref=22181 | Close=1213.70 vs VAH=1236.30
2026-02-03 14:51:21,278 [INFO]     NSE:HDFCLIFE-EQ | CVD=-400605 vs Ref=225855 | Close=720.30 vs VAH=731.20
2026-02-03 14:52:21,280 [INFO] 🔍 Scanning for alerts on 6 symbols (5min)...
2026-02-03 14:52:21,512 [INFO]     NSE:KEI-EQ | CVD=-7181 vs Ref=120988 | Close=4359.70 vs VAH=4480.00
2026-02-03 14:52:21,776 [INFO]     NSE:SBILIFE-EQ | CVD=-259053 vs Ref=3985 | Close=2009.10 vs VAH=2059.40
2026-02-03 14:52:22,053 [INFO]     NSE:HAVELLS-EQ | CVD=142096 vs Ref=221616 | Close=1314.30 vs VAH=1332.45
2026-02-03 14:52:22,321 [INFO]     NSE:JSWSTEEL-EQ | CVD=-320462 vs Ref=34825 | Close=1229.10 vs VAH=1233.75
2026-02-03 14:52:22,540 [INFO]     NSE:UNOMINDA-EQ | CVD=-83565 vs Ref=22181 | Close=1213.70 vs VAH=1236.30
2026-02-03 14:52:22,774 [INFO]     NSE:HDFCLIFE-EQ | CVD=-400605 vs Ref=225855 | Close=720.30 vs VAH=731.20
2026-02-03 14:53:22,776 [INFO] 🔍 Scanning for alerts on 6 symbols (5min)...
2026-02-03 14:53:23,050 [INFO]     NSE:KEI-EQ | CVD=-7181 vs Ref=120988 | Close=4359.70 vs VAH=4480.00
2026-02-03 14:53:23,316 [INFO]     NSE:SBILIFE-EQ | CVD=-259053 vs Ref=3985 | Close=2009.10 vs VAH=2059.40
2026-02-03 14:53:23,598 [INFO]     NSE:HAVELLS-EQ | CVD=142096 vs Ref=221616 | Close=1314.30 vs VAH=1332.45
2026-02-03 14:53:23,838 [INFO]     NSE:JSWSTEEL-EQ | CVD=-320462 vs Ref=34825 | Close=1229.10 vs VAH=1233.75
2026-02-03 14:53:24,080 [INFO]     NSE:UNOMINDA-EQ | CVD=-83565 vs Ref=22181 | Close=1213.70 vs VAH=1236.30
2026-02-03 14:53:24,332 [INFO]     NSE:HDFCLIFE-EQ | CVD=-400605 vs Ref=225855 | Close=720.30 vs VAH=731.20
2026-02-03 14:54:24,333 [INFO] 🔍 Scanning for alerts on 6 symbols (5min)...
2026-02-03 14:54:24,574 [INFO]     NSE:KEI-EQ | CVD=-7181 vs Ref=120988 | Close=4359.70 vs VAH=4480.00
2026-02-03 14:54:24,802 [INFO]     NSE:SBILIFE-EQ | CVD=-259053 vs Ref=3985 | Close=2009.10 vs VAH=2059.40
2026-02-03 14:54:25,102 [INFO]     NSE:HAVELLS-EQ | CVD=142096 vs Ref=221616 | Close=1314.30 vs VAH=1332.45
2026-02-03 14:54:25,335 [INFO]     NSE:JSWSTEEL-EQ | CVD=-320462 vs Ref=34825 | Close=1229.10 vs VAH=1233.75
2026-02-03 14:54:25,616 [INFO]     NSE:UNOMINDA-EQ | CVD=-83565 vs Ref=22181 | Close=1213.70 vs VAH=1236.30
2026-02-03 14:54:25,878 [INFO]     NSE:HDFCLIFE-EQ | CVD=-400605 vs Ref=225855 | Close=720.30 vs VAH=731.20
2026-02-03 14:55:25,879 [INFO] 🔍 Scanning for alerts on 6 symbols (5min)...
2026-02-03 14:55:26,157 [INFO]     NSE:KEI-EQ | CVD=-7181 vs Ref=120988 | Close=4359.70 vs VAH=4480.00
2026-02-03 14:55:26,412 [INFO]     NSE:SBILIFE-EQ | CVD=-259053 vs Ref=3985 | Close=2009.10 vs VAH=2059.40
2026-02-03 14:55:26,690 [INFO]     NSE:HAVELLS-EQ | CVD=142096 vs Ref=221616 | Close=1314.30 vs VAH=1332.45
2026-02-03 14:55:26,960 [INFO]     NSE:JSWSTEEL-EQ | CVD=-320462 vs Ref=34825 | Close=1229.10 vs VAH=1233.75
2026-02-03 14:55:27,238 [INFO]     NSE:UNOMINDA-EQ | CVD=-83565 vs Ref=22181 | Close=1213.70 vs VAH=1236.30
2026-02-03 14:55:27,498 [INFO]     NSE:HDFCLIFE-EQ | CVD=-400605 vs Ref=225855 | Close=720.30 vs VAH=731.20
2026-02-03 14:56:27,499 [INFO] 🔍 Scanning for alerts on 6 symbols (5min)...
2026-02-03 14:56:27,761 [INFO]     NSE:KEI-EQ | CVD=-10411 vs Ref=120988 | Close=4354.00 vs VAH=4480.00
2026-02-03 14:56:27,990 [INFO]     NSE:SBILIFE-EQ | CVD=-255920 vs Ref=3985 | Close=2009.70 vs VAH=2059.40
2026-02-03 14:56:28,236 [INFO]     NSE:HAVELLS-EQ | CVD=137553 vs Ref=221616 | Close=1313.00 vs VAH=1332.45
2026-02-03 14:56:28,518 [INFO]     NSE:JSWSTEEL-EQ | CVD=-340129 vs Ref=34825 | Close=1230.30 vs VAH=1233.75
2026-02-03 14:56:28,781 [INFO]     NSE:UNOMINDA-EQ | CVD=-85595 vs Ref=22181 | Close=1213.40 vs VAH=1236.30
2026-02-03 14:56:29,040 [INFO]     NSE:HDFCLIFE-EQ | CVD=-394566 vs Ref=225855 | Close=720.10 vs VAH=731.20
2026-02-03 14:57:29,042 [INFO] 🔍 Scanning for alerts on 6 symbols (5min)...
2026-02-03 14:57:29,345 [INFO]     NSE:KEI-EQ | CVD=-10411 vs Ref=120988 | Close=4354.00 vs VAH=4480.00
2026-02-03 14:57:29,608 [INFO]     NSE:SBILIFE-EQ | CVD=-255920 vs Ref=3985 | Close=2009.70 vs VAH=2059.40
2026-02-03 14:57:29,882 [INFO]     NSE:HAVELLS-EQ | CVD=137553 vs Ref=221616 | Close=1313.00 vs VAH=1332.45
2026-02-03 14:57:30,153 [INFO]     NSE:JSWSTEEL-EQ | CVD=-340129 vs Ref=34825 | Close=1230.30 vs VAH=1233.75
2026-02-03 14:57:30,429 [INFO]     NSE:UNOMINDA-EQ | CVD=-85595 vs Ref=22181 | Close=1213.40 vs VAH=1236.30
2026-02-03 14:57:30,694 [INFO]     NSE:HDFCLIFE-EQ | CVD=-394566 vs Ref=225855 | Close=720.10 vs VAH=731.20
2026-02-03 14:58:30,697 [INFO] 🔍 Scanning for alerts on 6 symbols (5min)...
2026-02-03 14:58:30,973 [INFO]     NSE:KEI-EQ | CVD=-10411 vs Ref=120988 | Close=4354.00 vs VAH=4480.00
2026-02-03 14:58:31,406 [INFO]     NSE:SBILIFE-EQ | CVD=-255920 vs Ref=3985 | Close=2009.70 vs VAH=2059.40
2026-02-03 14:58:31,680 [INFO]     NSE:HAVELLS-EQ | CVD=137553 vs Ref=221616 | Close=1313.00 vs VAH=1332.45
2026-02-03 14:58:31,952 [INFO]     NSE:JSWSTEEL-EQ | CVD=-340129 vs Ref=34825 | Close=1230.30 vs VAH=1233.75
2026-02-03 14:58:32,185 [INFO]     NSE:UNOMINDA-EQ | CVD=-85595 vs Ref=22181 | Close=1213.40 vs VAH=1236.30
2026-02-03 14:58:32,411 [INFO]     NSE:HDFCLIFE-EQ | CVD=-394566 vs Ref=225855 | Close=720.10 vs VAH=731.20
2026-02-03 14:59:32,413 [INFO] 🔍 Scanning for alerts on 6 symbols (5min)...
2026-02-03 14:59:32,681 [INFO]     NSE:KEI-EQ | CVD=-10411 vs Ref=120988 | Close=4354.00 vs VAH=4480.00
2026-02-03 14:59:32,945 [INFO]     NSE:SBILIFE-EQ | CVD=-255920 vs Ref=3985 | Close=2009.70 vs VAH=2059.40
2026-02-03 14:59:33,220 [INFO]     NSE:HAVELLS-EQ | CVD=137553 vs Ref=221616 | Close=1313.00 vs VAH=1332.45
2026-02-03 14:59:33,488 [INFO]     NSE:JSWSTEEL-EQ | CVD=-340129 vs Ref=34825 | Close=1230.30 vs VAH=1233.75
2026-02-03 14:59:33,760 [INFO]     NSE:UNOMINDA-EQ | CVD=-85595 vs Ref=22181 | Close=1213.40 vs VAH=1236.30
2026-02-03 14:59:34,041 [INFO]     NSE:HDFCLIFE-EQ | CVD=-394566 vs Ref=225855 | Close=720.10 vs VAH=731.20
2026-02-03 15:00:34,042 [INFO] 🔍 Scanning for alerts on 6 symbols (5min)...
2026-02-03 15:00:34,323 [INFO]     NSE:KEI-EQ | CVD=-10411 vs Ref=120988 | Close=4354.00 vs VAH=4480.00
2026-02-03 15:00:34,591 [INFO]     NSE:SBILIFE-EQ | CVD=-255920 vs Ref=3985 | Close=2009.70 vs VAH=2059.40
2026-02-03 15:00:34,943 [INFO]     NSE:HAVELLS-EQ | CVD=137553 vs Ref=221616 | Close=1313.00 vs VAH=1332.45
2026-02-03 15:00:35,306 [INFO]     NSE:JSWSTEEL-EQ | CVD=-340129 vs Ref=34825 | Close=1230.30 vs VAH=1233.75
2026-02-03 15:00:35,575 [INFO]     NSE:UNOMINDA-EQ | CVD=-85595 vs Ref=22181 | Close=1213.40 vs VAH=1236.30
2026-02-03 15:00:35,830 [INFO]     NSE:HDFCLIFE-EQ | CVD=-394566 vs Ref=225855 | Close=720.10 vs VAH=731.20
2026-02-03 15:01:35,832 [INFO] 🔍 Scanning for alerts on 6 symbols (5min)...
2026-02-03 15:01:36,087 [INFO]     NSE:KEI-EQ | CVD=-1473 vs Ref=120988 | Close=4360.00 vs VAH=4480.00
2026-02-03 15:01:36,372 [INFO]     NSE:SBILIFE-EQ | CVD=-274277 vs Ref=3985 | Close=2010.50 vs VAH=2059.40
2026-02-03 15:01:36,624 [INFO]     NSE:HAVELLS-EQ | CVD=144774 vs Ref=221616 | Close=1315.70 vs VAH=1332.45
2026-02-03 15:01:36,877 [INFO]     NSE:JSWSTEEL-EQ | CVD=-320103 vs Ref=34825 | Close=1231.00 vs VAH=1233.75
2026-02-03 15:01:37,128 [INFO]     NSE:UNOMINDA-EQ | CVD=-84525 vs Ref=22181 | Close=1213.90 vs VAH=1236.30
2026-02-03 15:01:37,371 [INFO]     NSE:HDFCLIFE-EQ | CVD=-374694 vs Ref=225855 | Close=721.30 vs VAH=731.20
2026-02-03 15:02:37,373 [INFO] 🔍 Scanning for alerts on 6 symbols (5min)...
2026-02-03 15:02:37,613 [INFO]     NSE:KEI-EQ | CVD=-1473 vs Ref=120988 | Close=4360.00 vs VAH=4480.00
2026-02-03 15:02:37,869 [INFO]     NSE:SBILIFE-EQ | CVD=-274277 vs Ref=3985 | Close=2010.50 vs VAH=2059.40
2026-02-03 15:02:38,107 [INFO]     NSE:HAVELLS-EQ | CVD=144774 vs Ref=221616 | Close=1315.70 vs VAH=1332.45
2026-02-03 15:02:38,366 [INFO]     NSE:JSWSTEEL-EQ | CVD=-320103 vs Ref=34825 | Close=1231.00 vs VAH=1233.75
2026-02-03 15:02:38,607 [INFO]     NSE:UNOMINDA-EQ | CVD=-84525 vs Ref=22181 | Close=1213.90 vs VAH=1236.30
2026-02-03 15:02:38,831 [INFO]     NSE:HDFCLIFE-EQ | CVD=-374694 vs Ref=225855 | Close=721.30 vs VAH=731.20
2026-02-03 15:03:38,833 [INFO] 🔍 Scanning for alerts on 6 symbols (5min)...
2026-02-03 15:03:39,108 [INFO]     NSE:KEI-EQ | CVD=-1473 vs Ref=120988 | Close=4360.00 vs VAH=4480.00
2026-02-03 15:03:39,373 [INFO]     NSE:SBILIFE-EQ | CVD=-274277 vs Ref=3985 | Close=2010.50 vs VAH=2059.40
2026-02-03 15:03:39,649 [INFO]     NSE:HAVELLS-EQ | CVD=144774 vs Ref=221616 | Close=1315.70 vs VAH=1332.45
2026-02-03 15:03:39,919 [INFO]     NSE:JSWSTEEL-EQ | CVD=-320103 vs Ref=34825 | Close=1231.00 vs VAH=1233.75
2026-02-03 15:03:40,216 [INFO]     NSE:UNOMINDA-EQ | CVD=-84525 vs Ref=22181 | Close=1213.90 vs VAH=1236.30
2026-02-03 15:03:40,478 [INFO]     NSE:HDFCLIFE-EQ | CVD=-374694 vs Ref=225855 | Close=721.30 vs VAH=731.20
2026-02-03 15:04:40,480 [INFO] 🔍 Scanning for alerts on 6 symbols (5min)...
2026-02-03 15:04:40,714 [INFO]     NSE:KEI-EQ | CVD=-1473 vs Ref=120988 | Close=4360.00 vs VAH=4480.00
2026-02-03 15:04:40,959 [INFO]     NSE:SBILIFE-EQ | CVD=-274277 vs Ref=3985 | Close=2010.50 vs VAH=2059.40
2026-02-03 15:04:41,200 [INFO]     NSE:HAVELLS-EQ | CVD=144774 vs Ref=221616 | Close=1315.70 vs VAH=1332.45
2026-02-03 15:04:41,449 [INFO]     NSE:JSWSTEEL-EQ | CVD=-320103 vs Ref=34825 | Close=1231.00 vs VAH=1233.75
2026-02-03 15:04:41,678 [INFO]     NSE:UNOMINDA-EQ | CVD=-84525 vs Ref=22181 | Close=1213.90 vs VAH=1236.30
2026-02-03 15:04:41,969 [INFO]     NSE:HDFCLIFE-EQ | CVD=-374694 vs Ref=225855 | Close=721.30 vs VAH=731.20
2026-02-03 15:05:41,970 [INFO] 🔍 Scanning for alerts on 6 symbols (5min)...
2026-02-03 15:05:42,207 [INFO]     NSE:KEI-EQ | CVD=-1473 vs Ref=120988 | Close=4360.00 vs VAH=4480.00
2026-02-03 15:05:42,474 [INFO]     NSE:SBILIFE-EQ | CVD=-274277 vs Ref=3985 | Close=2010.50 vs VAH=2059.40
2026-02-03 15:05:42,751 [INFO]     NSE:HAVELLS-EQ | CVD=144774 vs Ref=221616 | Close=1315.70 vs VAH=1332.45
2026-02-03 15:05:43,037 [INFO]     NSE:JSWSTEEL-EQ | CVD=-320103 vs Ref=34825 | Close=1231.00 vs VAH=1233.75
2026-02-03 15:05:43,308 [INFO]     NSE:UNOMINDA-EQ | CVD=-84525 vs Ref=22181 | Close=1213.90 vs VAH=1236.30
2026-02-03 15:05:43,568 [INFO]     NSE:HDFCLIFE-EQ | CVD=-374694 vs Ref=225855 | Close=721.30 vs VAH=731.20
2026-02-03 15:06:43,570 [INFO] 🔍 Scanning for alerts on 6 symbols (5min)...
2026-02-03 15:06:43,848 [INFO]     NSE:KEI-EQ | CVD=-285 vs Ref=120988 | Close=4360.10 vs VAH=4480.00
2026-02-03 15:06:44,116 [INFO]     NSE:SBILIFE-EQ | CVD=-323017 vs Ref=3985 | Close=2004.70 vs VAH=2059.40
2026-02-03 15:06:44,392 [INFO]     NSE:HAVELLS-EQ | CVD=144087 vs Ref=221616 | Close=1317.00 vs VAH=1332.45
2026-02-03 15:06:44,663 [INFO]     NSE:JSWSTEEL-EQ | CVD=-317616 vs Ref=34825 | Close=1227.80 vs VAH=1233.75
2026-02-03 15:06:44,934 [INFO]     NSE:UNOMINDA-EQ | CVD=-83259 vs Ref=22181 | Close=1215.00 vs VAH=1236.30
2026-02-03 15:06:45,197 [INFO]     NSE:HDFCLIFE-EQ | CVD=-379153 vs Ref=225855 | Close=721.35 vs VAH=731.20
2026-02-03 15:07:45,198 [INFO] 🔍 Scanning for alerts on 6 symbols (5min)...
2026-02-03 15:07:45,480 [INFO]     NSE:KEI-EQ | CVD=-285 vs Ref=120988 | Close=4360.10 vs VAH=4480.00
2026-02-03 15:07:45,748 [INFO]     NSE:SBILIFE-EQ | CVD=-323017 vs Ref=3985 | Close=2004.70 vs VAH=2059.40
2026-02-03 15:07:47,525 [INFO]     NSE:HAVELLS-EQ | CVD=144087 vs Ref=221616 | Close=1317.00 vs VAH=1332.45
2026-02-03 15:07:47,752 [INFO]     NSE:JSWSTEEL-EQ | CVD=-317616 vs Ref=34825 | Close=1227.80 vs VAH=1233.75
2026-02-03 15:07:47,981 [INFO]     NSE:UNOMINDA-EQ | CVD=-83259 vs Ref=22181 | Close=1215.00 vs VAH=1236.30
2026-02-03 15:07:48,229 [INFO]     NSE:HDFCLIFE-EQ | CVD=-379153 vs Ref=225855 | Close=721.35 vs VAH=731.20
2026-02-03 15:08:48,231 [INFO] 🔍 Scanning for alerts on 6 symbols (5min)...
2026-02-03 15:08:48,466 [INFO]     NSE:KEI-EQ | CVD=-285 vs Ref=120988 | Close=4360.10 vs VAH=4480.00
2026-02-03 15:08:48,698 [INFO]     NSE:SBILIFE-EQ | CVD=-323017 vs Ref=3985 | Close=2004.70 vs VAH=2059.40
2026-02-03 15:08:48,975 [INFO]     NSE:HAVELLS-EQ | CVD=144087 vs Ref=221616 | Close=1317.00 vs VAH=1332.45
2026-02-03 15:08:49,201 [INFO]     NSE:JSWSTEEL-EQ | CVD=-317616 vs Ref=34825 | Close=1227.80 vs VAH=1233.75
2026-02-03 15:08:49,420 [INFO]     NSE:UNOMINDA-EQ | CVD=-83259 vs Ref=22181 | Close=1215.00 vs VAH=1236.30
2026-02-03 15:08:49,659 [INFO]     NSE:HDFCLIFE-EQ | CVD=-379153 vs Ref=225855 | Close=721.35 vs VAH=731.20
2026-02-03 15:09:49,661 [INFO] 🔍 Scanning for alerts on 6 symbols (5min)...
2026-02-03 15:09:49,935 [INFO]     NSE:KEI-EQ | CVD=-285 vs Ref=120988 | Close=4360.10 vs VAH=4480.00
2026-02-03 15:09:50,213 [INFO]     NSE:SBILIFE-EQ | CVD=-323017 vs Ref=3985 | Close=2004.70 vs VAH=2059.40
2026-02-03 15:09:50,457 [INFO]     NSE:HAVELLS-EQ | CVD=144087 vs Ref=221616 | Close=1317.00 vs VAH=1332.45
2026-02-03 15:09:50,731 [INFO]     NSE:JSWSTEEL-EQ | CVD=-317616 vs Ref=34825 | Close=1227.80 vs VAH=1233.75
2026-02-03 15:09:51,003 [INFO]     NSE:UNOMINDA-EQ | CVD=-83259 vs Ref=22181 | Close=1215.00 vs VAH=1236.30
2026-02-03 15:09:51,265 [INFO]     NSE:HDFCLIFE-EQ | CVD=-379153 vs Ref=225855 | Close=721.35 vs VAH=731.20
2026-02-03 15:10:51,267 [INFO] 🔍 Scanning for alerts on 6 symbols (5min)...
2026-02-03 15:10:51,537 [INFO]     NSE:KEI-EQ | CVD=-285 vs Ref=120988 | Close=4360.10 vs VAH=4480.00
2026-02-03 15:10:51,813 [INFO]     NSE:SBILIFE-EQ | CVD=-323017 vs Ref=3985 | Close=2004.70 vs VAH=2059.40
2026-02-03 15:10:52,092 [INFO]     NSE:HAVELLS-EQ | CVD=144087 vs Ref=221616 | Close=1317.00 vs VAH=1332.45
2026-02-03 15:10:52,361 [INFO]     NSE:JSWSTEEL-EQ | CVD=-317616 vs Ref=34825 | Close=1227.80 vs VAH=1233.75
2026-02-03 15:10:52,632 [INFO]     NSE:UNOMINDA-EQ | CVD=-83259 vs Ref=22181 | Close=1215.00 vs VAH=1236.30
2026-02-03 15:10:52,855 [INFO]     NSE:HDFCLIFE-EQ | CVD=-379153 vs Ref=225855 | Close=721.35 vs VAH=731.20
2026-02-03 15:11:52,857 [INFO] 🔍 Scanning for alerts on 6 symbols (5min)...
2026-02-03 15:11:53,133 [INFO]     NSE:KEI-EQ | CVD=-2157 vs Ref=120988 | Close=4357.00 vs VAH=4480.00
2026-02-03 15:11:53,400 [INFO]     NSE:SBILIFE-EQ | CVD=-331126 vs Ref=3985 | Close=2003.00 vs VAH=2059.40
2026-02-03 15:11:53,632 [INFO]     NSE:HAVELLS-EQ | CVD=155188 vs Ref=221616 | Close=1317.50 vs VAH=1332.45
2026-02-03 15:11:53,903 [INFO]     NSE:JSWSTEEL-EQ | CVD=-291429 vs Ref=34825 | Close=1228.90 vs VAH=1233.75
2026-02-03 15:11:54,166 [INFO]     NSE:UNOMINDA-EQ | CVD=-78054 vs Ref=22181 | Close=1215.10 vs VAH=1236.30
2026-02-03 15:11:56,028 [INFO]     NSE:HDFCLIFE-EQ | CVD=-450520 vs Ref=225855 | Close=720.20 vs VAH=731.20
2026-02-03 15:12:56,030 [INFO] 🔍 Scanning for alerts on 6 symbols (5min)...
2026-02-03 15:12:56,305 [INFO]     NSE:KEI-EQ | CVD=-2157 vs Ref=120988 | Close=4357.00 vs VAH=4480.00
2026-02-03 15:12:56,572 [INFO]     NSE:SBILIFE-EQ | CVD=-331126 vs Ref=3985 | Close=2003.00 vs VAH=2059.40
2026-02-03 15:12:56,808 [INFO]     NSE:HAVELLS-EQ | CVD=155188 vs Ref=221616 | Close=1317.50 vs VAH=1332.45
2026-02-03 15:12:57,057 [INFO]     NSE:JSWSTEEL-EQ | CVD=-291429 vs Ref=34825 | Close=1228.90 vs VAH=1233.75
2026-02-03 15:12:57,320 [INFO]     NSE:UNOMINDA-EQ | CVD=-78054 vs Ref=22181 | Close=1215.10 vs VAH=1236.30
2026-02-03 15:12:57,577 [INFO]     NSE:HDFCLIFE-EQ | CVD=-450520 vs Ref=225855 | Close=720.20 vs VAH=731.20
2026-02-03 15:13:57,578 [INFO] 🔍 Scanning for alerts on 6 symbols (5min)...
2026-02-03 15:13:57,814 [INFO]     NSE:KEI-EQ | CVD=-2157 vs Ref=120988 | Close=4357.00 vs VAH=4480.00
2026-02-03 15:13:58,087 [INFO]     NSE:SBILIFE-EQ | CVD=-331126 vs Ref=3985 | Close=2003.00 vs VAH=2059.40
2026-02-03 15:13:58,329 [INFO]     NSE:HAVELLS-EQ | CVD=155188 vs Ref=221616 | Close=1317.50 vs VAH=1332.45
2026-02-03 15:13:58,557 [INFO]     NSE:JSWSTEEL-EQ | CVD=-291429 vs Ref=34825 | Close=1228.90 vs VAH=1233.75
2026-02-03 15:14:00,639 [INFO]     NSE:UNOMINDA-EQ | CVD=-78054 vs Ref=22181 | Close=1215.10 vs VAH=1236.30
2026-02-03 15:14:00,915 [INFO]     NSE:HDFCLIFE-EQ | CVD=-450520 vs Ref=225855 | Close=720.20 vs VAH=731.20
2026-02-03 15:15:00,917 [INFO] 🔍 Scanning for alerts on 6 symbols (5min)...
2026-02-03 15:15:01,499 [INFO]     NSE:KEI-EQ | CVD=-2157 vs Ref=120988 | Close=4357.00 vs VAH=4480.00
2026-02-03 15:15:01,811 [INFO]     NSE:SBILIFE-EQ | CVD=-331126 vs Ref=3985 | Close=2003.00 vs VAH=2059.40
2026-02-03 15:15:02,087 [INFO]     NSE:HAVELLS-EQ | CVD=155188 vs Ref=221616 | Close=1317.50 vs VAH=1332.45
2026-02-03 15:15:02,361 [INFO]     NSE:JSWSTEEL-EQ | CVD=-291429 vs Ref=34825 | Close=1228.90 vs VAH=1233.75
2026-02-03 15:15:02,625 [INFO]     NSE:UNOMINDA-EQ | CVD=-78054 vs Ref=22181 | Close=1215.10 vs VAH=1236.30
2026-02-03 15:15:02,935 [INFO]     NSE:HDFCLIFE-EQ | CVD=-450520 vs Ref=225855 | Close=720.20 vs VAH=731.20
2026-02-03 15:16:02,936 [INFO] 🔍 Scanning for alerts on 6 symbols (5min)...
2026-02-03 15:16:03,315 [INFO]     NSE:KEI-EQ | CVD=7486 vs Ref=120988 | Close=4372.00 vs VAH=4480.00
2026-02-03 15:16:03,631 [INFO]     NSE:SBILIFE-EQ | CVD=-390273 vs Ref=3985 | Close=2000.50 vs VAH=2059.40
2026-02-03 15:16:03,866 [INFO]     NSE:HAVELLS-EQ | CVD=168322 vs Ref=221616 | Close=1319.40 vs VAH=1332.45
2026-02-03 15:16:04,116 [INFO]     NSE:JSWSTEEL-EQ | CVD=-297084 vs Ref=34825 | Close=1227.80 vs VAH=1233.75
2026-02-03 15:16:04,351 [INFO]     NSE:UNOMINDA-EQ | CVD=-79084 vs Ref=22181 | Close=1216.40 vs VAH=1236.30
2026-02-03 15:16:04,647 [INFO]     NSE:HDFCLIFE-EQ | CVD=-419508 vs Ref=225855 | Close=720.10 vs VAH=731.20
2026-02-03 15:17:04,650 [INFO] 🔍 Scanning for alerts on 6 symbols (5min)...
2026-02-03 15:17:04,931 [INFO]     NSE:KEI-EQ | CVD=7486 vs Ref=120988 | Close=4372.00 vs VAH=4480.00
2026-02-03 15:17:05,197 [INFO]     NSE:SBILIFE-EQ | CVD=-390273 vs Ref=3985 | Close=2000.50 vs VAH=2059.40
2026-02-03 15:17:05,475 [INFO]     NSE:HAVELLS-EQ | CVD=168322 vs Ref=221616 | Close=1319.40 vs VAH=1332.45
2026-02-03 15:17:05,788 [INFO]     NSE:JSWSTEEL-EQ | CVD=-297084 vs Ref=34825 | Close=1227.80 vs VAH=1233.75
2026-02-03 15:17:06,102 [INFO]     NSE:UNOMINDA-EQ | CVD=-79084 vs Ref=22181 | Close=1216.40 vs VAH=1236.30
2026-02-03 15:17:06,343 [INFO]     NSE:HDFCLIFE-EQ | CVD=-419508 vs Ref=225855 | Close=720.10 vs VAH=731.20
2026-02-03 15:18:06,345 [INFO] 🔍 Scanning for alerts on 6 symbols (5min)...
2026-02-03 15:18:06,635 [INFO]     NSE:KEI-EQ | CVD=7486 vs Ref=120988 | Close=4372.00 vs VAH=4480.00
2026-02-03 15:18:06,901 [INFO]     NSE:SBILIFE-EQ | CVD=-390273 vs Ref=3985 | Close=2000.50 vs VAH=2059.40
2026-02-03 15:18:07,159 [INFO]     NSE:HAVELLS-EQ | CVD=168322 vs Ref=221616 | Close=1319.40 vs VAH=1332.45
2026-02-03 15:18:07,367 [INFO]     NSE:JSWSTEEL-EQ | CVD=-297084 vs Ref=34825 | Close=1227.80 vs VAH=1233.75
2026-02-03 15:18:07,663 [INFO]     NSE:UNOMINDA-EQ | CVD=-79084 vs Ref=22181 | Close=1216.40 vs VAH=1236.30
2026-02-03 15:18:07,891 [INFO]     NSE:HDFCLIFE-EQ | CVD=-419508 vs Ref=225855 | Close=720.10 vs VAH=731.20
2026-02-03 15:19:07,893 [INFO] 🔍 Scanning for alerts on 6 symbols (5min)...
2026-02-03 15:19:08,170 [INFO]     NSE:KEI-EQ | CVD=7486 vs Ref=120988 | Close=4372.00 vs VAH=4480.00
2026-02-03 15:19:08,438 [INFO]     NSE:SBILIFE-EQ | CVD=-390273 vs Ref=3985 | Close=2000.50 vs VAH=2059.40
2026-02-03 15:19:08,718 [INFO]     NSE:HAVELLS-EQ | CVD=168322 vs Ref=221616 | Close=1319.40 vs VAH=1332.45
2026-02-03 15:19:08,987 [INFO]     NSE:JSWSTEEL-EQ | CVD=-297084 vs Ref=34825 | Close=1227.80 vs VAH=1233.75
2026-02-03 15:19:09,260 [INFO]     NSE:UNOMINDA-EQ | CVD=-79084 vs Ref=22181 | Close=1216.40 vs VAH=1236.30
2026-02-03 15:19:09,522 [INFO]     NSE:HDFCLIFE-EQ | CVD=-419508 vs Ref=225855 | Close=720.10 vs VAH=731.20
2026-02-03 15:20:09,524 [INFO] 🔍 Scanning for alerts on 6 symbols (5min)...
2026-02-03 15:20:09,790 [INFO]     NSE:KEI-EQ | CVD=7486 vs Ref=120988 | Close=4372.00 vs VAH=4480.00
2026-02-03 15:20:10,004 [INFO]     NSE:SBILIFE-EQ | CVD=-390273 vs Ref=3985 | Close=2000.50 vs VAH=2059.40
2026-02-03 15:20:10,306 [INFO]     NSE:HAVELLS-EQ | CVD=168322 vs Ref=221616 | Close=1319.40 vs VAH=1332.45
2026-02-03 15:20:10,543 [INFO]     NSE:JSWSTEEL-EQ | CVD=-297084 vs Ref=34825 | Close=1227.80 vs VAH=1233.75
2026-02-03 15:20:10,774 [INFO]     NSE:UNOMINDA-EQ | CVD=-79084 vs Ref=22181 | Close=1216.40 vs VAH=1236.30
2026-02-03 15:20:11,038 [INFO]     NSE:HDFCLIFE-EQ | CVD=-419508 vs Ref=225855 | Close=720.10 vs VAH=731.20
2026-02-03 15:21:11,040 [INFO] 🔍 Scanning for alerts on 6 symbols (5min)...
2026-02-03 15:21:11,326 [INFO]     NSE:KEI-EQ | CVD=18035 vs Ref=120988 | Close=4373.10 vs VAH=4480.00
2026-02-03 15:21:11,594 [INFO]     NSE:SBILIFE-EQ | CVD=-384525 vs Ref=3985 | Close=2000.80 vs VAH=2059.40
2026-02-03 15:21:11,897 [INFO]     NSE:HAVELLS-EQ | CVD=165603 vs Ref=221616 | Close=1319.10 vs VAH=1332.45
2026-02-03 15:21:12,168 [INFO]     NSE:JSWSTEEL-EQ | CVD=-263813 vs Ref=34825 | Close=1229.70 vs VAH=1233.75
2026-02-03 15:21:12,443 [INFO]     NSE:UNOMINDA-EQ | CVD=-116863 vs Ref=22181 | Close=1213.80 vs VAH=1236.30
2026-02-03 15:21:12,680 [INFO]     NSE:HDFCLIFE-EQ | CVD=-424342 vs Ref=225855 | Close=720.05 vs VAH=731.20
2026-02-03 15:22:12,681 [INFO] 🔍 Scanning for alerts on 6 symbols (5min)...
2026-02-03 15:22:12,987 [INFO]     NSE:KEI-EQ | CVD=18035 vs Ref=120988 | Close=4373.10 vs VAH=4480.00
2026-02-03 15:22:13,242 [INFO]     NSE:SBILIFE-EQ | CVD=-384525 vs Ref=3985 | Close=2000.80 vs VAH=2059.40
2026-02-03 15:22:13,517 [INFO]     NSE:HAVELLS-EQ | CVD=165603 vs Ref=221616 | Close=1319.10 vs VAH=1332.45
2026-02-03 15:22:13,786 [INFO]     NSE:JSWSTEEL-EQ | CVD=-263813 vs Ref=34825 | Close=1229.70 vs VAH=1233.75
2026-02-03 15:22:14,016 [INFO]     NSE:UNOMINDA-EQ | CVD=-116863 vs Ref=22181 | Close=1213.80 vs VAH=1236.30
2026-02-03 15:22:14,257 [INFO]     NSE:HDFCLIFE-EQ | CVD=-424342 vs Ref=225855 | Close=720.05 vs VAH=731.20
2026-02-03 15:23:14,259 [INFO] 🔍 Scanning for alerts on 6 symbols (5min)...
2026-02-03 15:23:14,499 [INFO]     NSE:KEI-EQ | CVD=18035 vs Ref=120988 | Close=4373.10 vs VAH=4480.00
2026-02-03 15:23:14,712 [INFO]     NSE:SBILIFE-EQ | CVD=-384525 vs Ref=3985 | Close=2000.80 vs VAH=2059.40
2026-02-03 15:23:14,988 [INFO]     NSE:HAVELLS-EQ | CVD=165603 vs Ref=221616 | Close=1319.10 vs VAH=1332.45
2026-02-03 15:23:15,279 [INFO]     NSE:JSWSTEEL-EQ | CVD=-263813 vs Ref=34825 | Close=1229.70 vs VAH=1233.75
2026-02-03 15:23:15,543 [INFO]     NSE:UNOMINDA-EQ | CVD=-116863 vs Ref=22181 | Close=1213.80 vs VAH=1236.30
2026-02-03 15:23:15,808 [INFO]     NSE:HDFCLIFE-EQ | CVD=-424342 vs Ref=225855 | Close=720.05 vs VAH=731.20
2026-02-03 15:24:15,809 [INFO] 🔍 Scanning for alerts on 6 symbols (5min)...
2026-02-03 15:24:16,046 [INFO]     NSE:KEI-EQ | CVD=18035 vs Ref=120988 | Close=4373.10 vs VAH=4480.00
2026-02-03 15:24:16,313 [INFO]     NSE:SBILIFE-EQ | CVD=-384525 vs Ref=3985 | Close=2000.80 vs VAH=2059.40
2026-02-03 15:24:16,521 [INFO]     NSE:HAVELLS-EQ | CVD=165603 vs Ref=221616 | Close=1319.10 vs VAH=1332.45
2026-02-03 15:24:16,829 [INFO]     NSE:JSWSTEEL-EQ | CVD=-263813 vs Ref=34825 | Close=1229.70 vs VAH=1233.75
2026-02-03 15:24:17,076 [INFO]     NSE:UNOMINDA-EQ | CVD=-116863 vs Ref=22181 | Close=1213.80 vs VAH=1236.30
2026-02-03 15:24:17,335 [INFO]     NSE:HDFCLIFE-EQ | CVD=-424342 vs Ref=225855 | Close=720.05 vs VAH=731.20
2026-02-03 15:25:17,337 [INFO] 🔍 Scanning for alerts on 6 symbols (5min)...
2026-02-03 15:25:17,621 [INFO]     NSE:KEI-EQ | CVD=18035 vs Ref=120988 | Close=4373.10 vs VAH=4480.00
2026-02-03 15:25:17,889 [INFO]     NSE:SBILIFE-EQ | CVD=-384525 vs Ref=3985 | Close=2000.80 vs VAH=2059.40
2026-02-03 15:25:18,119 [INFO]     NSE:HAVELLS-EQ | CVD=165603 vs Ref=221616 | Close=1319.10 vs VAH=1332.45
2026-02-03 15:25:18,350 [INFO]     NSE:JSWSTEEL-EQ | CVD=-263813 vs Ref=34825 | Close=1229.70 vs VAH=1233.75
2026-02-03 15:25:18,629 [INFO]     NSE:UNOMINDA-EQ | CVD=-116863 vs Ref=22181 | Close=1213.80 vs VAH=1236.30
2026-02-03 15:25:18,844 [INFO]     NSE:HDFCLIFE-EQ | CVD=-424342 vs Ref=225855 | Close=720.05 vs VAH=731.20
2026-02-03 15:26:18,846 [INFO] 🔍 Scanning for alerts on 6 symbols (5min)...
2026-02-03 15:26:19,125 [INFO]     NSE:KEI-EQ | CVD=21506 vs Ref=120988 | Close=4373.80 vs VAH=4480.00
2026-02-03 15:26:19,393 [INFO]     NSE:SBILIFE-EQ | CVD=-439454 vs Ref=3985 | Close=1999.50 vs VAH=2059.40
2026-02-03 15:26:19,657 [INFO]     NSE:HAVELLS-EQ | CVD=150309 vs Ref=221616 | Close=1319.50 vs VAH=1332.45
2026-02-03 15:26:19,919 [INFO]     NSE:JSWSTEEL-EQ | CVD=-263750 vs Ref=34825 | Close=1231.50 vs VAH=1233.75
2026-02-03 15:26:20,120 [INFO]     NSE:UNOMINDA-EQ | CVD=-126410 vs Ref=22181 | Close=1212.50 vs VAH=1236.30
2026-02-03 15:26:20,380 [INFO]     NSE:HDFCLIFE-EQ | CVD=-405948 vs Ref=225855 | Close=720.00 vs VAH=731.20
2026-02-03 15:27:20,382 [INFO] 🔍 Scanning for alerts on 6 symbols (5min)...
2026-02-03 15:27:20,666 [INFO]     NSE:KEI-EQ | CVD=21506 vs Ref=120988 | Close=4373.80 vs VAH=4480.00
2026-02-03 15:27:20,936 [INFO]     NSE:SBILIFE-EQ | CVD=-439454 vs Ref=3985 | Close=1999.50 vs VAH=2059.40
2026-02-03 15:27:21,172 [INFO]     NSE:HAVELLS-EQ | CVD=150309 vs Ref=221616 | Close=1319.50 vs VAH=1332.45
2026-02-03 15:27:21,442 [INFO]     NSE:JSWSTEEL-EQ | CVD=-263750 vs Ref=34825 | Close=1231.50 vs VAH=1233.75
2026-02-03 15:27:21,676 [INFO]     NSE:UNOMINDA-EQ | CVD=-126410 vs Ref=22181 | Close=1212.50 vs VAH=1236.30
2026-02-03 15:27:21,909 [INFO]     NSE:HDFCLIFE-EQ | CVD=-405948 vs Ref=225855 | Close=720.00 vs VAH=731.20
2026-02-03 15:28:21,911 [INFO] 🔍 Scanning for alerts on 6 symbols (5min)...
2026-02-03 15:28:22,196 [INFO]     NSE:KEI-EQ | CVD=21506 vs Ref=120988 | Close=4373.80 vs VAH=4480.00
2026-02-03 15:28:22,470 [INFO]     NSE:SBILIFE-EQ | CVD=-439454 vs Ref=3985 | Close=1999.50 vs VAH=2059.40
2026-02-03 15:28:22,738 [INFO]     NSE:HAVELLS-EQ | CVD=150309 vs Ref=221616 | Close=1319.50 vs VAH=1332.45
2026-02-03 15:28:23,027 [INFO]     NSE:JSWSTEEL-EQ | CVD=-263750 vs Ref=34825 | Close=1231.50 vs VAH=1233.75
2026-02-03 15:28:23,301 [INFO]     NSE:UNOMINDA-EQ | CVD=-126410 vs Ref=22181 | Close=1212.50 vs VAH=1236.30
2026-02-03 15:28:23,571 [INFO]     NSE:HDFCLIFE-EQ | CVD=-405948 vs Ref=225855 | Close=720.00 vs VAH=731.20
2026-02-03 15:29:23,572 [INFO] 🔍 Scanning for alerts on 6 symbols (5min)...
2026-02-03 15:29:23,856 [INFO]     NSE:KEI-EQ | CVD=21506 vs Ref=120988 | Close=4373.80 vs VAH=4480.00
2026-02-03 15:29:24,120 [INFO]     NSE:SBILIFE-EQ | CVD=-439454 vs Ref=3985 | Close=1999.50 vs VAH=2059.40
2026-02-03 15:29:24,395 [INFO]     NSE:HAVELLS-EQ | CVD=150309 vs Ref=221616 | Close=1319.50 vs VAH=1332.45
2026-02-03 15:29:24,667 [INFO]     NSE:JSWSTEEL-EQ | CVD=-263750 vs Ref=34825 | Close=1231.50 vs VAH=1233.75
2026-02-03 15:29:24,940 [INFO]     NSE:UNOMINDA-EQ | CVD=-126410 vs Ref=22181 | Close=1212.50 vs VAH=1236.30
2026-02-03 15:29:25,199 [INFO]     NSE:HDFCLIFE-EQ | CVD=-405948 vs Ref=225855 | Close=720.00 vs VAH=731.20
2026-02-03 15:30:25,200 [INFO] 🔍 Scanning for alerts on 6 symbols (5min)...
2026-02-03 15:30:25,515 [INFO]     NSE:KEI-EQ | CVD=21506 vs Ref=120988 | Close=4373.80 vs VAH=4480.00
2026-02-03 15:30:25,781 [INFO]     NSE:SBILIFE-EQ | CVD=-439454 vs Ref=3985 | Close=1999.50 vs VAH=2059.40
2026-02-03 15:30:26,061 [INFO]     NSE:HAVELLS-EQ | CVD=150309 vs Ref=221616 | Close=1319.50 vs VAH=1332.45
2026-02-03 15:30:26,331 [INFO]     NSE:JSWSTEEL-EQ | CVD=-263750 vs Ref=34825 | Close=1231.50 vs VAH=1233.75
2026-02-03 15:30:26,604 [INFO]     NSE:UNOMINDA-EQ | CVD=-126410 vs Ref=22181 | Close=1212.50 vs VAH=1236.30
2026-02-03 15:30:26,826 [INFO]     NSE:HDFCLIFE-EQ | CVD=-405948 vs Ref=225855 | Close=720.00 vs VAH=731.20
2026-02-03 15:31:26,829 [INFO] 🔍 Scanning for alerts on 6 symbols (5min)...
2026-02-03 15:31:27,113 [INFO]     NSE:KEI-EQ | CVD=17721 vs Ref=120988 | Close=4358.00 vs VAH=4480.00
2026-02-03 15:31:27,370 [INFO]     NSE:SBILIFE-EQ | CVD=-445585 vs Ref=3985 | Close=2000.00 vs VAH=2059.40
2026-02-03 15:31:27,601 [INFO]     NSE:HAVELLS-EQ | CVD=141514 vs Ref=221616 | Close=1316.00 vs VAH=1332.45
2026-02-03 15:31:27,894 [INFO]     NSE:JSWSTEEL-EQ | CVD=-252690 vs Ref=34825 | Close=1230.70 vs VAH=1233.75
2026-02-03 15:31:28,125 [INFO]     NSE:UNOMINDA-EQ | CVD=-124560 vs Ref=22181 | Close=1211.00 vs VAH=1236.30
2026-02-03 15:31:28,348 [INFO]     NSE:HDFCLIFE-EQ | CVD=-486062 vs Ref=225855 | Close=720.00 vs VAH=731.20
2026-02-03 15:32:28,350 [INFO] 🔍 Scanning for alerts on 6 symbols (5min)...
2026-02-03 15:32:28,602 [INFO]     NSE:KEI-EQ | CVD=17721 vs Ref=120988 | Close=4358.00 vs VAH=4480.00
2026-02-03 15:32:30,620 [INFO]     NSE:SBILIFE-EQ | CVD=-445585 vs Ref=3985 | Close=2000.00 vs VAH=2059.40
2026-02-03 15:32:30,874 [INFO]     NSE:HAVELLS-EQ | CVD=141514 vs Ref=221616 | Close=1316.00 vs VAH=1332.45
2026-02-03 15:32:31,099 [INFO]     NSE:JSWSTEEL-EQ | CVD=-252690 vs Ref=34825 | Close=1230.70 vs VAH=1233.75
2026-02-03 15:32:31,375 [INFO]     NSE:UNOMINDA-EQ | CVD=-124560 vs Ref=22181 | Close=1211.00 vs VAH=1236.30
2026-02-03 15:32:31,649 [INFO]     NSE:HDFCLIFE-EQ | CVD=-486062 vs Ref=225855 | Close=720.00 vs VAH=731.20
2026-02-03 15:33:31,652 [INFO] 🔍 Scanning for alerts on 6 symbols (5min)...
2026-02-03 15:33:31,882 [INFO]     NSE:KEI-EQ | CVD=17721 vs Ref=120988 | Close=4358.00 vs VAH=4480.00
2026-02-03 15:33:32,151 [INFO]     NSE:SBILIFE-EQ | CVD=-445585 vs Ref=3985 | Close=2000.00 vs VAH=2059.40
2026-02-03 15:33:32,424 [INFO]     NSE:HAVELLS-EQ | CVD=141514 vs Ref=221616 | Close=1316.00 vs VAH=1332.45
2026-02-03 15:33:32,660 [INFO]     NSE:JSWSTEEL-EQ | CVD=-252690 vs Ref=34825 | Close=1230.70 vs VAH=1233.75
2026-02-03 15:33:32,887 [INFO]     NSE:UNOMINDA-EQ | CVD=-124560 vs Ref=22181 | Close=1211.00 vs VAH=1236.30
2026-02-03 15:33:33,109 [INFO]     NSE:HDFCLIFE-EQ | CVD=-486062 vs Ref=225855 | Close=720.00 vs VAH=731.20
2026-02-03 15:34:33,110 [INFO] 🔍 Scanning for alerts on 6 symbols (5min)...
2026-02-03 15:34:33,340 [INFO]     NSE:KEI-EQ | CVD=17721 vs Ref=120988 | Close=4358.00 vs VAH=4480.00
2026-02-03 15:34:33,566 [INFO]     NSE:SBILIFE-EQ | CVD=-445585 vs Ref=3985 | Close=2000.00 vs VAH=2059.40
2026-02-03 15:34:35,619 [INFO]     NSE:HAVELLS-EQ | CVD=141514 vs Ref=221616 | Close=1316.00 vs VAH=1332.45
2026-02-03 15:34:35,942 [INFO]     NSE:JSWSTEEL-EQ | CVD=-252690 vs Ref=34825 | Close=1230.70 vs VAH=1233.75
2026-02-03 15:34:36,192 [INFO]     NSE:UNOMINDA-EQ | CVD=-124560 vs Ref=22181 | Close=1211.00 vs VAH=1236.30
2026-02-03 15:34:36,468 [INFO]     NSE:HDFCLIFE-EQ | CVD=-486062 vs Ref=225855 | Close=720.00 vs VAH=731.20
2026-02-03 15:35:36,471 [INFO] 🔍 Scanning for alerts on 6 symbols (5min)...
2026-02-03 15:35:36,725 [INFO]     NSE:KEI-EQ | CVD=17721 vs Ref=120988 | Close=4358.00 vs VAH=4480.00
2026-02-03 15:35:38,800 [INFO]     NSE:SBILIFE-EQ | CVD=-445585 vs Ref=3985 | Close=2000.00 vs VAH=2059.40
2026-02-03 15:35:39,076 [INFO]     NSE:HAVELLS-EQ | CVD=141514 vs Ref=221616 | Close=1316.00 vs VAH=1332.45
2026-02-03 15:35:39,290 [INFO]     NSE:JSWSTEEL-EQ | CVD=-252690 vs Ref=34825 | Close=1230.70 vs VAH=1233.75
2026-02-03 15:35:39,589 [INFO]     NSE:UNOMINDA-EQ | CVD=-124560 vs Ref=22181 | Close=1211.00 vs VAH=1236.30
2026-02-03 15:35:39,847 [INFO]     NSE:HDFCLIFE-EQ | CVD=-486062 vs Ref=225855 | Close=720.00 vs VAH=731.20
2026-02-03 15:36:39,849 [INFO] 🔍 Scanning for alerts on 6 symbols (5min)...
2026-02-03 15:36:40,082 [INFO]     NSE:KEI-EQ | CVD=17721 vs Ref=120988 | Close=4358.00 vs VAH=4480.00
2026-02-03 15:36:40,346 [INFO]     NSE:SBILIFE-EQ | CVD=-445585 vs Ref=3985 | Close=2000.00 vs VAH=2059.40
2026-02-03 15:36:40,621 [INFO]     NSE:HAVELLS-EQ | CVD=141514 vs Ref=221616 | Close=1316.00 vs VAH=1332.45
2026-02-03 15:36:40,938 [INFO]     NSE:JSWSTEEL-EQ | CVD=-252690 vs Ref=34825 | Close=1230.70 vs VAH=1233.75
2026-02-03 15:36:41,210 [INFO]     NSE:UNOMINDA-EQ | CVD=-124560 vs Ref=22181 | Close=1211.00 vs VAH=1236.30
2026-02-03 15:36:41,469 [INFO]     NSE:HDFCLIFE-EQ | CVD=-486062 vs Ref=225855 | Close=720.00 vs VAH=731.20
2026-02-03 15:37:41,470 [INFO] 🔍 Scanning for alerts on 6 symbols (5min)...
2026-02-03 15:37:41,727 [INFO]     NSE:KEI-EQ | CVD=17721 vs Ref=120988 | Close=4358.00 vs VAH=4480.00
2026-02-03 15:37:42,008 [INFO]     NSE:SBILIFE-EQ | CVD=-445585 vs Ref=3985 | Close=2000.00 vs VAH=2059.40
2026-02-03 15:37:42,285 [INFO]     NSE:HAVELLS-EQ | CVD=141514 vs Ref=221616 | Close=1316.00 vs VAH=1332.45
2026-02-03 15:37:42,556 [INFO]     NSE:JSWSTEEL-EQ | CVD=-252690 vs Ref=34825 | Close=1230.70 vs VAH=1233.75
2026-02-03 15:37:42,829 [INFO]     NSE:UNOMINDA-EQ | CVD=-124560 vs Ref=22181 | Close=1211.00 vs VAH=1236.30
2026-02-03 15:37:44,580 [INFO]     NSE:HDFCLIFE-EQ | CVD=-486062 vs Ref=225855 | Close=720.00 vs VAH=731.20
2026-02-03 15:38:44,582 [INFO] 🔍 Scanning for alerts on 6 symbols (5min)...
2026-02-03 15:38:44,857 [INFO]     NSE:KEI-EQ | CVD=17721 vs Ref=120988 | Close=4358.00 vs VAH=4480.00
2026-02-03 15:38:45,093 [INFO]     NSE:SBILIFE-EQ | CVD=-445585 vs Ref=3985 | Close=2000.00 vs VAH=2059.40
2026-02-03 15:38:45,370 [INFO]     NSE:HAVELLS-EQ | CVD=141514 vs Ref=221616 | Close=1316.00 vs VAH=1332.45
2026-02-03 15:38:45,595 [INFO]     NSE:JSWSTEEL-EQ | CVD=-252690 vs Ref=34825 | Close=1230.70 vs VAH=1233.75
2026-02-03 15:38:45,830 [INFO]     NSE:UNOMINDA-EQ | CVD=-124560 vs Ref=22181 | Close=1211.00 vs VAH=1236.30
2026-02-03 15:38:47,805 [INFO]     NSE:HDFCLIFE-EQ | CVD=-486062 vs Ref=225855 | Close=720.00 vs VAH=731.20
2026-02-03 15:39:47,806 [INFO] 🔍 Scanning for alerts on 6 symbols (5min)...
2026-02-03 15:39:48,039 [INFO]     NSE:KEI-EQ | CVD=17724 vs Ref=120988 | Close=4367.00 vs VAH=4480.00
2026-02-03 15:39:48,305 [INFO]     NSE:SBILIFE-EQ | CVD=-446031 vs Ref=3985 | Close=2002.10 vs VAH=2059.40
2026-02-03 15:39:48,510 [INFO]     NSE:HAVELLS-EQ | CVD=141514 vs Ref=221616 | Close=1316.00 vs VAH=1332.45
2026-02-03 15:39:48,773 [INFO]     NSE:JSWSTEEL-EQ | CVD=-252678 vs Ref=34825 | Close=1229.40 vs VAH=1233.75
2026-02-03 15:39:49,019 [INFO]     NSE:UNOMINDA-EQ | CVD=-124560 vs Ref=22181 | Close=1211.00 vs VAH=1236.30
2026-02-03 15:39:49,298 [INFO]     NSE:HDFCLIFE-EQ | CVD=-486062 vs Ref=225855 | Close=720.00 vs VAH=731.20
2026-02-03 15:40:49,300 [INFO] 🔍 Scanning for alerts on 6 symbols (5min)...
2026-02-03 15:40:49,579 [INFO]     NSE:KEI-EQ | CVD=17724 vs Ref=120988 | Close=4367.00 vs VAH=4480.00
2026-02-03 15:40:49,846 [INFO]     NSE:SBILIFE-EQ | CVD=-446031 vs Ref=3985 | Close=2002.10 vs VAH=2059.40
2026-02-03 15:40:50,121 [INFO]     NSE:HAVELLS-EQ | CVD=141514 vs Ref=221616 | Close=1318.00 vs VAH=1332.45
2026-02-03 15:40:50,422 [INFO]     NSE:JSWSTEEL-EQ | CVD=-252678 vs Ref=34825 | Close=1229.40 vs VAH=1233.75
2026-02-03 15:40:50,696 [INFO]     NSE:UNOMINDA-EQ | CVD=-124560 vs Ref=22181 | Close=1214.00 vs VAH=1236.30
2026-02-03 15:40:50,949 [INFO]     NSE:HDFCLIFE-EQ | CVD=-486062 vs Ref=225855 | Close=720.15 vs VAH=731.20
2026-02-03 15:41:50,951 [INFO] 🔍 Scanning for alerts on 6 symbols (5min)...
2026-02-03 15:41:51,256 [INFO]     NSE:KEI-EQ | CVD=17724 vs Ref=120988 | Close=4367.00 vs VAH=4480.00
2026-02-03 15:41:51,525 [INFO]     NSE:SBILIFE-EQ | CVD=-446031 vs Ref=3985 | Close=2002.10 vs VAH=2059.40
2026-02-03 15:41:51,803 [INFO]     NSE:HAVELLS-EQ | CVD=141514 vs Ref=221616 | Close=1318.00 vs VAH=1332.45
2026-02-03 15:41:52,060 [INFO]     NSE:JSWSTEEL-EQ | CVD=-252678 vs Ref=34825 | Close=1229.40 vs VAH=1233.75
2026-02-03 15:41:52,305 [INFO]     NSE:UNOMINDA-EQ | CVD=-124560 vs Ref=22181 | Close=1214.00 vs VAH=1236.30
2026-02-03 15:41:52,576 [INFO]     NSE:HDFCLIFE-EQ | CVD=-486062 vs Ref=225855 | Close=720.15 vs VAH=731.20
2026-02-03 15:42:52,578 [INFO] 🔍 Scanning for alerts on 6 symbols (5min)...
2026-02-03 15:42:52,858 [INFO]     NSE:KEI-EQ | CVD=17724 vs Ref=120988 | Close=4367.00 vs VAH=4480.00
2026-02-03 15:42:53,083 [INFO]     NSE:SBILIFE-EQ | CVD=-446031 vs Ref=3985 | Close=2002.10 vs VAH=2059.40
2026-02-03 15:42:53,337 [INFO]     NSE:HAVELLS-EQ | CVD=141514 vs Ref=221616 | Close=1318.00 vs VAH=1332.45
2026-02-03 15:42:53,572 [INFO]     NSE:JSWSTEEL-EQ | CVD=-252678 vs Ref=34825 | Close=1229.40 vs VAH=1233.75
2026-02-03 15:42:53,830 [INFO]     NSE:UNOMINDA-EQ | CVD=-124560 vs Ref=22181 | Close=1214.00 vs VAH=1236.30
2026-02-03 15:42:54,097 [INFO]     NSE:HDFCLIFE-EQ | CVD=-486062 vs Ref=225855 | Close=720.15 vs VAH=731.20
2026-02-03 15:43:54,099 [INFO] 🔍 Scanning for alerts on 6 symbols (5min)...
2026-02-03 15:43:54,332 [INFO]     NSE:KEI-EQ | CVD=17724 vs Ref=120988 | Close=4367.00 vs VAH=4480.00
2026-02-03 15:43:54,606 [INFO]     NSE:SBILIFE-EQ | CVD=-446031 vs Ref=3985 | Close=2002.10 vs VAH=2059.40
2026-02-03 15:43:54,882 [INFO]     NSE:HAVELLS-EQ | CVD=141514 vs Ref=221616 | Close=1318.00 vs VAH=1332.45
2026-02-03 15:43:55,177 [INFO]     NSE:JSWSTEEL-EQ | CVD=-252678 vs Ref=34825 | Close=1229.40 vs VAH=1233.75
2026-02-03 15:43:55,408 [INFO]     NSE:UNOMINDA-EQ | CVD=-124560 vs Ref=22181 | Close=1214.00 vs VAH=1236.30
2026-02-03 15:43:55,650 [INFO]     NSE:HDFCLIFE-EQ | CVD=-486062 vs Ref=225855 | Close=720.15 vs VAH=731.20
2026-02-03 15:44:55,651 [INFO] 🔍 Scanning for alerts on 6 symbols (5min)...
2026-02-03 15:44:55,887 [INFO]     NSE:KEI-EQ | CVD=17724 vs Ref=120988 | Close=4367.00 vs VAH=4480.00
2026-02-03 15:44:56,178 [INFO]     NSE:SBILIFE-EQ | CVD=-446031 vs Ref=3985 | Close=2002.10 vs VAH=2059.40
2026-02-03 15:44:56,452 [INFO]     NSE:HAVELLS-EQ | CVD=141514 vs Ref=221616 | Close=1318.00 vs VAH=1332.45
2026-02-03 15:44:56,725 [INFO]     NSE:JSWSTEEL-EQ | CVD=-252678 vs Ref=34825 | Close=1229.40 vs VAH=1233.75
2026-02-03 15:44:56,953 [INFO]     NSE:UNOMINDA-EQ | CVD=-124560 vs Ref=22181 | Close=1214.00 vs VAH=1236.30
2026-02-03 15:44:57,176 [INFO]     NSE:HDFCLIFE-EQ | CVD=-486062 vs Ref=225855 | Close=720.15 vs VAH=731.20
2026-02-03 15:45:57,178 [INFO] 🔍 Scanning for alerts on 6 symbols (5min)...
2026-02-03 15:45:57,460 [INFO]     NSE:KEI-EQ | CVD=17724 vs Ref=120988 | Close=4367.00 vs VAH=4480.00
2026-02-03 15:45:57,672 [INFO]     NSE:SBILIFE-EQ | CVD=-446031 vs Ref=3985 | Close=2002.10 vs VAH=2059.40
2026-02-03 15:45:58,006 [INFO]     NSE:HAVELLS-EQ | CVD=141514 vs Ref=221616 | Close=1318.00 vs VAH=1332.45
2026-02-03 15:45:58,255 [INFO]     NSE:JSWSTEEL-EQ | CVD=-252678 vs Ref=34825 | Close=1229.40 vs VAH=1233.75
2026-02-03 15:45:58,592 [INFO]     NSE:UNOMINDA-EQ | CVD=-124560 vs Ref=22181 | Close=1214.00 vs VAH=1236.30
2026-02-03 15:45:58,852 [INFO]     NSE:HDFCLIFE-EQ | CVD=-486062 vs Ref=225855 | Close=720.15 vs VAH=731.20
2026-02-03 15:46:58,854 [INFO] 🔍 Scanning for alerts on 6 symbols (5min)...
2026-02-03 15:46:59,085 [INFO]     NSE:KEI-EQ | CVD=17724 vs Ref=120988 | Close=4367.00 vs VAH=4480.00
2026-02-03 15:46:59,329 [INFO]     NSE:SBILIFE-EQ | CVD=-446031 vs Ref=3985 | Close=2002.10 vs VAH=2059.40
2026-02-03 15:46:59,640 [INFO]     NSE:HAVELLS-EQ | CVD=141514 vs Ref=221616 | Close=1318.00 vs VAH=1332.45
2026-02-03 15:46:59,901 [INFO]     NSE:JSWSTEEL-EQ | CVD=-252678 vs Ref=34825 | Close=1229.40 vs VAH=1233.75
2026-02-03 15:47:00,173 [INFO]     NSE:UNOMINDA-EQ | CVD=-124560 vs Ref=22181 | Close=1214.00 vs VAH=1236.30
2026-02-03 15:47:00,424 [INFO]     NSE:HDFCLIFE-EQ | CVD=-486062 vs Ref=225855 | Close=720.15 vs VAH=731.20
2026-02-03 15:48:00,426 [INFO] 🔍 Scanning for alerts on 6 symbols (5min)...
2026-02-03 15:48:00,723 [INFO]     NSE:KEI-EQ | CVD=17724 vs Ref=120988 | Close=4367.00 vs VAH=4480.00
2026-02-03 15:48:00,927 [INFO]     NSE:SBILIFE-EQ | CVD=-446031 vs Ref=3985 | Close=2002.10 vs VAH=2059.40
2026-02-03 15:48:01,204 [INFO]     NSE:HAVELLS-EQ | CVD=141514 vs Ref=221616 | Close=1318.00 vs VAH=1332.45
2026-02-03 15:48:01,442 [INFO]     NSE:JSWSTEEL-EQ | CVD=-252698 vs Ref=34825 | Close=1229.40 vs VAH=1233.75
2026-02-03 15:48:01,692 [INFO]     NSE:UNOMINDA-EQ | CVD=-124560 vs Ref=22181 | Close=1214.00 vs VAH=1236.30
2026-02-03 15:48:01,948 [INFO]     NSE:HDFCLIFE-EQ | CVD=-486062 vs Ref=225855 | Close=720.15 vs VAH=731.20
2026-02-03 15:49:01,950 [INFO] 🔍 Scanning for alerts on 6 symbols (5min)...
2026-02-03 15:49:02,232 [INFO]     NSE:KEI-EQ | CVD=17724 vs Ref=120988 | Close=4367.00 vs VAH=4480.00
2026-02-03 15:49:02,501 [INFO]     NSE:SBILIFE-EQ | CVD=-446027 vs Ref=3985 | Close=2002.10 vs VAH=2059.40
2026-02-03 15:49:02,747 [INFO]     NSE:HAVELLS-EQ | CVD=141519 vs Ref=221616 | Close=1318.00 vs VAH=1332.45
2026-02-03 15:49:03,032 [INFO]     NSE:JSWSTEEL-EQ | CVD=-252698 vs Ref=34825 | Close=1229.40 vs VAH=1233.75
2026-02-03 15:49:03,307 [INFO]     NSE:UNOMINDA-EQ | CVD=-124381 vs Ref=22181 | Close=1214.00 vs VAH=1236.30
2026-02-03 15:49:03,584 [INFO]     NSE:HDFCLIFE-EQ | CVD=-485809 vs Ref=225855 | Close=720.15 vs VAH=731.20
2026-02-03 15:50:03,585 [INFO] 🔍 Scanning for alerts on 6 symbols (5min)...
2026-02-03 15:50:03,832 [INFO]     NSE:KEI-EQ | CVD=17724 vs Ref=120988 | Close=4367.00 vs VAH=4480.00
2026-02-03 15:50:04,126 [INFO]     NSE:SBILIFE-EQ | CVD=-446027 vs Ref=3985 | Close=2002.10 vs VAH=2059.40
2026-02-03 15:50:04,365 [INFO]     NSE:HAVELLS-EQ | CVD=141519 vs Ref=221616 | Close=1318.00 vs VAH=1332.45
2026-02-03 15:50:04,603 [INFO]     NSE:JSWSTEEL-EQ | CVD=-252698 vs Ref=34825 | Close=1229.40 vs VAH=1233.75
2026-02-03 15:50:04,883 [INFO]     NSE:UNOMINDA-EQ | CVD=-124381 vs Ref=22181 | Close=1214.00 vs VAH=1236.30
2026-02-03 15:50:05,160 [INFO]     NSE:HDFCLIFE-EQ | CVD=-485809 vs Ref=225855 | Close=720.15 vs VAH=731.20
2026-02-03 15:51:05,161 [INFO] 🔍 Scanning for alerts on 6 symbols (5min)...
2026-02-03 15:51:05,444 [INFO]     NSE:KEI-EQ | CVD=17724 vs Ref=120988 | Close=4367.00 vs VAH=4480.00
2026-02-03 15:51:05,686 [INFO]     NSE:SBILIFE-EQ | CVD=-446027 vs Ref=3985 | Close=2002.10 vs VAH=2059.40
2026-02-03 15:51:05,964 [INFO]     NSE:HAVELLS-EQ | CVD=141519 vs Ref=221616 | Close=1318.00 vs VAH=1332.45
2026-02-03 15:51:06,234 [INFO]     NSE:JSWSTEEL-EQ | CVD=-252698 vs Ref=34825 | Close=1229.40 vs VAH=1233.75
2026-02-03 15:51:06,535 [INFO]     NSE:UNOMINDA-EQ | CVD=-124381 vs Ref=22181 | Close=1214.00 vs VAH=1236.30
2026-02-03 15:51:06,818 [INFO]     NSE:HDFCLIFE-EQ | CVD=-485809 vs Ref=225855 | Close=720.15 vs VAH=731.20
2026-02-03 15:52:06,820 [INFO] 🔍 Scanning for alerts on 6 symbols (5min)...
2026-02-03 15:52:07,113 [INFO]     NSE:KEI-EQ | CVD=17724 vs Ref=120988 | Close=4367.00 vs VAH=4480.00
2026-02-03 15:52:07,419 [INFO]     NSE:SBILIFE-EQ | CVD=-446027 vs Ref=3985 | Close=2002.10 vs VAH=2059.40
2026-02-03 15:52:07,671 [INFO]     NSE:HAVELLS-EQ | CVD=141528 vs Ref=221616 | Close=1318.00 vs VAH=1332.45
2026-02-03 15:52:07,942 [INFO]     NSE:JSWSTEEL-EQ | CVD=-252698 vs Ref=34825 | Close=1229.40 vs VAH=1233.75
2026-02-03 15:52:08,213 [INFO]     NSE:UNOMINDA-EQ | CVD=-124381 vs Ref=22181 | Close=1214.00 vs VAH=1236.30
2026-02-03 15:52:08,488 [INFO]     NSE:HDFCLIFE-EQ | CVD=-485809 vs Ref=225855 | Close=720.15 vs VAH=731.20
2026-02-03 15:53:08,490 [INFO] 🔍 Scanning for alerts on 6 symbols (5min)...
2026-02-03 15:53:08,775 [INFO]     NSE:KEI-EQ | CVD=17744 vs Ref=120988 | Close=4367.00 vs VAH=4480.00
2026-02-03 15:53:09,046 [INFO]     NSE:SBILIFE-EQ | CVD=-446027 vs Ref=3985 | Close=2002.10 vs VAH=2059.40
2026-02-03 15:53:09,346 [INFO]     NSE:HAVELLS-EQ | CVD=141528 vs Ref=221616 | Close=1318.00 vs VAH=1332.45
2026-02-03 15:53:09,642 [INFO]     NSE:JSWSTEEL-EQ | CVD=-252698 vs Ref=34825 | Close=1229.40 vs VAH=1233.75
2026-02-03 15:53:09,951 [INFO]     NSE:UNOMINDA-EQ | CVD=-124381 vs Ref=22181 | Close=1214.00 vs VAH=1236.30
2026-02-03 15:53:10,211 [INFO]     NSE:HDFCLIFE-EQ | CVD=-485809 vs Ref=225855 | Close=720.15 vs VAH=731.20
2026-02-03 15:54:10,213 [INFO] 🔍 Scanning for alerts on 6 symbols (5min)...
2026-02-03 15:54:10,470 [INFO]     NSE:KEI-EQ | CVD=17744 vs Ref=120988 | Close=4367.00 vs VAH=4480.00
2026-02-03 15:54:10,726 [INFO]     NSE:SBILIFE-EQ | CVD=-446027 vs Ref=3985 | Close=2002.10 vs VAH=2059.40
2026-02-03 15:54:11,024 [INFO]     NSE:HAVELLS-EQ | CVD=141528 vs Ref=221616 | Close=1318.00 vs VAH=1332.45
2026-02-03 15:54:11,269 [INFO]     NSE:JSWSTEEL-EQ | CVD=-252698 vs Ref=34825 | Close=1229.40 vs VAH=1233.75
2026-02-03 15:54:11,528 [INFO]     NSE:UNOMINDA-EQ | CVD=-124381 vs Ref=22181 | Close=1214.00 vs VAH=1236.30
2026-02-03 15:54:11,781 [INFO]     NSE:HDFCLIFE-EQ | CVD=-485809 vs Ref=225855 | Close=720.15 vs VAH=731.20
2026-02-03 15:55:11,782 [INFO] 🔍 Scanning for alerts on 6 symbols (5min)...
2026-02-03 15:55:12,085 [INFO]     NSE:KEI-EQ | CVD=17744 vs Ref=120988 | Close=4367.00 vs VAH=4480.00
2026-02-03 15:55:12,439 [INFO]     NSE:SBILIFE-EQ | CVD=-446027 vs Ref=3985 | Close=2002.10 vs VAH=2059.40
2026-02-03 15:55:12,747 [INFO]     NSE:HAVELLS-EQ | CVD=141528 vs Ref=221616 | Close=1318.00 vs VAH=1332.45
2026-02-03 15:55:12,984 [INFO]     NSE:JSWSTEEL-EQ | CVD=-252698 vs Ref=34825 | Close=1229.40 vs VAH=1233.75
2026-02-03 15:55:13,263 [INFO]     NSE:UNOMINDA-EQ | CVD=-124381 vs Ref=22181 | Close=1214.00 vs VAH=1236.30
2026-02-03 15:55:13,517 [INFO]     NSE:HDFCLIFE-EQ | CVD=-485809 vs Ref=225855 | Close=720.15 vs VAH=731.20
2026-02-03 15:56:13,519 [INFO] 🔍 Scanning for alerts on 6 symbols (5min)...
2026-02-03 15:56:13,809 [INFO]     NSE:KEI-EQ | CVD=17744 vs Ref=120988 | Close=4367.00 vs VAH=4480.00
2026-02-03 15:56:14,081 [INFO]     NSE:SBILIFE-EQ | CVD=-446011 vs Ref=3985 | Close=2002.10 vs VAH=2059.40
2026-02-03 15:56:14,382 [INFO]     NSE:HAVELLS-EQ | CVD=141528 vs Ref=221616 | Close=1318.00 vs VAH=1332.45
2026-02-03 15:56:14,638 [INFO]     NSE:JSWSTEEL-EQ | CVD=-252698 vs Ref=34825 | Close=1229.40 vs VAH=1233.75
2026-02-03 15:56:14,886 [INFO]     NSE:UNOMINDA-EQ | CVD=-124381 vs Ref=22181 | Close=1214.00 vs VAH=1236.30
2026-02-03 15:56:15,139 [INFO]     NSE:HDFCLIFE-EQ | CVD=-485809 vs Ref=225855 | Close=720.15 vs VAH=731.20
2026-02-03 15:57:15,141 [INFO] 🔍 Scanning for alerts on 6 symbols (5min)...
2026-02-03 15:57:15,448 [INFO]     NSE:KEI-EQ | CVD=17744 vs Ref=120988 | Close=4367.00 vs VAH=4480.00
2026-02-03 15:57:15,719 [INFO]     NSE:SBILIFE-EQ | CVD=-446011 vs Ref=3985 | Close=2002.10 vs VAH=2059.40
2026-02-03 15:57:16,039 [INFO]     NSE:HAVELLS-EQ | CVD=141528 vs Ref=221616 | Close=1318.00 vs VAH=1332.45
2026-02-03 15:57:16,282 [INFO]     NSE:JSWSTEEL-EQ | CVD=-252709 vs Ref=34825 | Close=1229.40 vs VAH=1233.75
2026-02-03 15:57:16,573 [INFO]     NSE:UNOMINDA-EQ | CVD=-124381 vs Ref=22181 | Close=1214.00 vs VAH=1236.30
2026-02-03 15:57:16,825 [INFO]     NSE:HDFCLIFE-EQ | CVD=-485759 vs Ref=225855 | Close=720.15 vs VAH=731.20
2026-02-03 15:58:16,827 [INFO] 🔍 Scanning for alerts on 6 symbols (5min)...
2026-02-03 15:58:17,070 [INFO]     NSE:KEI-EQ | CVD=17744 vs Ref=120988 | Close=4367.00 vs VAH=4480.00
2026-02-03 15:58:17,326 [INFO]     NSE:SBILIFE-EQ | CVD=-446011 vs Ref=3985 | Close=2002.10 vs VAH=2059.40
2026-02-03 15:58:17,619 [INFO]     NSE:HAVELLS-EQ | CVD=141528 vs Ref=221616 | Close=1318.00 vs VAH=1332.45
2026-02-03 15:58:17,872 [INFO]     NSE:JSWSTEEL-EQ | CVD=-252712 vs Ref=34825 | Close=1229.40 vs VAH=1233.75
2026-02-03 15:58:18,150 [INFO]     NSE:UNOMINDA-EQ | CVD=-124381 vs Ref=22181 | Close=1214.00 vs VAH=1236.30
2026-02-03 15:58:18,412 [INFO]     NSE:HDFCLIFE-EQ | CVD=-485759 vs Ref=225855 | Close=720.15 vs VAH=731.20
2026-02-03 15:59:18,413 [INFO] 🔍 Scanning for alerts on 6 symbols (5min)...
2026-02-03 15:59:18,684 [INFO]     NSE:KEI-EQ | CVD=17744 vs Ref=120988 | Close=4367.00 vs VAH=4480.00
2026-02-03 15:59:18,927 [INFO]     NSE:SBILIFE-EQ | CVD=-446011 vs Ref=3985 | Close=2002.10 vs VAH=2059.40
2026-02-03 15:59:19,245 [INFO]     NSE:HAVELLS-EQ | CVD=141582 vs Ref=221616 | Close=1318.00 vs VAH=1332.45
2026-02-03 15:59:19,534 [INFO]     NSE:JSWSTEEL-EQ | CVD=-252712 vs Ref=34825 | Close=1229.40 vs VAH=1233.75
2026-02-03 15:59:19,813 [INFO]     NSE:UNOMINDA-EQ | CVD=-124381 vs Ref=22181 | Close=1214.00 vs VAH=1236.30
2026-02-03 15:59:20,079 [INFO]     NSE:HDFCLIFE-EQ | CVD=-485759 vs Ref=225855 | Close=720.15 vs VAH=731.20
2026-02-03 16:00:20,081 [INFO] 🔍 Scanning for alerts on 6 symbols (5min)...
2026-02-03 16:00:20,363 [INFO]     NSE:KEI-EQ | CVD=17744 vs Ref=120988 | Close=4367.00 vs VAH=4480.00
2026-02-03 16:00:20,634 [INFO]     NSE:SBILIFE-EQ | CVD=-446011 vs Ref=3985 | Close=2002.10 vs VAH=2059.40
2026-02-03 16:00:20,874 [INFO]     NSE:HAVELLS-EQ | CVD=141582 vs Ref=221616 | Close=1318.00 vs VAH=1332.45
2026-02-03 16:00:21,147 [INFO]     NSE:JSWSTEEL-EQ | CVD=-252712 vs Ref=34825 | Close=1229.40 vs VAH=1233.75
2026-02-03 16:00:21,422 [INFO]     NSE:UNOMINDA-EQ | CVD=-124381 vs Ref=22181 | Close=1214.00 vs VAH=1236.30
2026-02-03 16:00:21,646 [INFO]     NSE:HDFCLIFE-EQ | CVD=-485759 vs Ref=225855 | Close=720.15 vs VAH=731.20
2026-02-03 16:01:21,648 [INFO] 🔍 Scanning for alerts on 6 symbols (5min)...
2026-02-03 16:01:21,922 [INFO]     NSE:KEI-EQ | CVD=17744 vs Ref=120988 | Close=4367.00 vs VAH=4480.00
2026-02-03 16:01:22,193 [INFO]     NSE:SBILIFE-EQ | CVD=-446011 vs Ref=3985 | Close=2002.10 vs VAH=2059.40
2026-02-03 16:01:22,472 [INFO]     NSE:HAVELLS-EQ | CVD=141582 vs Ref=221616 | Close=1318.00 vs VAH=1332.45
2026-02-03 16:01:22,742 [INFO]     NSE:JSWSTEEL-EQ | CVD=-252712 vs Ref=34825 | Close=1229.40 vs VAH=1233.75
2026-02-03 16:01:24,064 [INFO]     NSE:UNOMINDA-EQ | CVD=-124381 vs Ref=22181 | Close=1214.00 vs VAH=1236.30
2026-02-03 16:01:24,322 [INFO]     NSE:HDFCLIFE-EQ | CVD=-485759 vs Ref=225855 | Close=720.15 vs VAH=731.20
2026-02-03 16:02:24,324 [INFO] 🔍 Scanning for alerts on 6 symbols (5min)...
2026-02-03 16:02:24,603 [INFO]     NSE:KEI-EQ | CVD=17744 vs Ref=120988 | Close=4367.00 vs VAH=4480.00
2026-02-03 16:02:24,818 [INFO]     NSE:SBILIFE-EQ | CVD=-446011 vs Ref=3985 | Close=2002.10 vs VAH=2059.40
2026-02-03 16:02:25,078 [INFO]     NSE:HAVELLS-EQ | CVD=141582 vs Ref=221616 | Close=1318.00 vs VAH=1332.45
2026-02-03 16:02:25,308 [INFO]     NSE:JSWSTEEL-EQ | CVD=-252712 vs Ref=34825 | Close=1229.40 vs VAH=1233.75
2026-02-03 16:02:27,312 [INFO]     NSE:UNOMINDA-EQ | CVD=-124381 vs Ref=22181 | Close=1214.00 vs VAH=1236.30
2026-02-03 16:02:27,532 [INFO]     NSE:HDFCLIFE-EQ | CVD=-485759 vs Ref=225855 | Close=720.15 vs VAH=731.20
2026-02-03 16:03:27,534 [INFO] 🔍 Scanning for alerts on 6 symbols (5min)...
2026-02-03 16:03:27,796 [INFO]     NSE:KEI-EQ | CVD=17749 vs Ref=120988 | Close=4367.00 vs VAH=4480.00
2026-02-03 16:03:28,093 [INFO]     NSE:SBILIFE-EQ | CVD=-446006 vs Ref=3985 | Close=2002.10 vs VAH=2059.40
2026-02-03 16:03:28,339 [INFO]     NSE:HAVELLS-EQ | CVD=141599 vs Ref=221616 | Close=1318.00 vs VAH=1332.45
2026-02-03 16:03:28,616 [INFO]     NSE:JSWSTEEL-EQ | CVD=-252712 vs Ref=34825 | Close=1229.40 vs VAH=1233.75
2026-02-03 16:03:28,856 [INFO]     NSE:UNOMINDA-EQ | CVD=-124381 vs Ref=22181 | Close=1214.00 vs VAH=1236.30
2026-02-03 16:03:29,073 [INFO]     NSE:HDFCLIFE-EQ | CVD=-485759 vs Ref=225855 | Close=720.15 vs VAH=731.20
2026-02-03 16:04:29,076 [INFO] 🔍 Scanning for alerts on 6 symbols (5min)...
2026-02-03 16:04:29,352 [INFO]     NSE:KEI-EQ | CVD=17749 vs Ref=120988 | Close=4367.00 vs VAH=4480.00
2026-02-03 16:04:29,623 [INFO]     NSE:SBILIFE-EQ | CVD=-446006 vs Ref=3985 | Close=2002.10 vs VAH=2059.40
2026-02-03 16:04:29,911 [INFO]     NSE:HAVELLS-EQ | CVD=141599 vs Ref=221616 | Close=1318.00 vs VAH=1332.45
2026-02-03 16:04:31,883 [INFO]     NSE:JSWSTEEL-EQ | CVD=-252712 vs Ref=34825 | Close=1229.40 vs VAH=1233.75
2026-02-03 16:04:32,165 [INFO]     NSE:UNOMINDA-EQ | CVD=-124381 vs Ref=22181 | Close=1214.00 vs VAH=1236.30
2026-02-03 16:04:32,440 [INFO]     NSE:HDFCLIFE-EQ | CVD=-485759 vs Ref=225855 | Close=720.15 vs VAH=731.20
2026-02-03 16:05:32,442 [INFO] 🔍 Scanning for alerts on 6 symbols (5min)...
2026-02-03 16:05:32,670 [INFO]     NSE:KEI-EQ | CVD=17749 vs Ref=120988 | Close=4367.00 vs VAH=4480.00
2026-02-03 16:05:32,942 [INFO]     NSE:SBILIFE-EQ | CVD=-446006 vs Ref=3985 | Close=2002.10 vs VAH=2059.40
2026-02-03 16:05:35,081 [INFO]     NSE:HAVELLS-EQ | CVD=141599 vs Ref=221616 | Close=1318.00 vs VAH=1332.45
2026-02-03 16:05:35,357 [INFO]     NSE:JSWSTEEL-EQ | CVD=-252712 vs Ref=34825 | Close=1229.40 vs VAH=1233.75
2026-02-03 16:05:35,611 [INFO]     NSE:UNOMINDA-EQ | CVD=-124381 vs Ref=22181 | Close=1214.00 vs VAH=1236.30
2026-02-03 16:05:35,869 [INFO]     NSE:HDFCLIFE-EQ | CVD=-485759 vs Ref=225855 | Close=720.15 vs VAH=731.20
2026-02-03 16:06:35,870 [INFO] 🔍 Scanning for alerts on 6 symbols (5min)...
2026-02-03 16:06:36,151 [INFO]     NSE:KEI-EQ | CVD=17749 vs Ref=120988 | Close=4367.00 vs VAH=4480.00
2026-02-03 16:06:36,442 [INFO]     NSE:SBILIFE-EQ | CVD=-446006 vs Ref=3985 | Close=2002.10 vs VAH=2059.40
2026-02-03 16:06:36,714 [INFO]     NSE:HAVELLS-EQ | CVD=141599 vs Ref=221616 | Close=1318.00 vs VAH=1332.45
2026-02-03 16:06:36,988 [INFO]     NSE:JSWSTEEL-EQ | CVD=-252712 vs Ref=34825 | Close=1229.40 vs VAH=1233.75
2026-02-03 16:06:37,337 [INFO]     NSE:UNOMINDA-EQ | CVD=-124351 vs Ref=22181 | Close=1214.00 vs VAH=1236.30
2026-02-03 16:06:37,569 [INFO]     NSE:HDFCLIFE-EQ | CVD=-485759 vs Ref=225855 | Close=720.15 vs VAH=731.20
2026-02-03 16:07:37,571 [INFO] 🔍 Scanning for alerts on 6 symbols (5min)...
2026-02-03 16:07:37,957 [INFO]     NSE:KEI-EQ | CVD=17749 vs Ref=120988 | Close=4367.00 vs VAH=4480.00
2026-02-03 16:07:38,233 [INFO]     NSE:SBILIFE-EQ | CVD=-446006 vs Ref=3985 | Close=2002.10 vs VAH=2059.40
2026-02-03 16:07:38,472 [INFO]     NSE:HAVELLS-EQ | CVD=141599 vs Ref=221616 | Close=1318.00 vs VAH=1332.45
2026-02-03 16:07:38,743 [INFO]     NSE:JSWSTEEL-EQ | CVD=-252712 vs Ref=34825 | Close=1229.40 vs VAH=1233.75
2026-02-03 16:07:38,996 [INFO]     NSE:UNOMINDA-EQ | CVD=-124351 vs Ref=22181 | Close=1214.00 vs VAH=1236.30
2026-02-03 16:07:40,848 [INFO]     NSE:HDFCLIFE-EQ | CVD=-485759 vs Ref=225855 | Close=720.15 vs VAH=731.20
2026-02-03 16:08:40,850 [INFO] 🔍 Scanning for alerts on 6 symbols (5min)...
2026-02-03 16:08:41,126 [INFO]     NSE:KEI-EQ | CVD=17749 vs Ref=120988 | Close=4367.00 vs VAH=4480.00
2026-02-03 16:08:41,350 [INFO]     NSE:SBILIFE-EQ | CVD=-446006 vs Ref=3985 | Close=2002.10 vs VAH=2059.40
2026-02-03 16:08:41,637 [INFO]     NSE:HAVELLS-EQ | CVD=141599 vs Ref=221616 | Close=1318.00 vs VAH=1332.45
2026-02-03 16:08:41,908 [INFO]     NSE:JSWSTEEL-EQ | CVD=-252712 vs Ref=34825 | Close=1229.40 vs VAH=1233.75
2026-02-03 16:08:42,166 [INFO]     NSE:UNOMINDA-EQ | CVD=-124351 vs Ref=22181 | Close=1214.00 vs VAH=1236.30
2026-02-03 16:08:42,401 [INFO]     NSE:HDFCLIFE-EQ | CVD=-485759 vs Ref=225855 | Close=720.15 vs VAH=731.20
2026-02-03 16:09:42,404 [INFO] 🔍 Scanning for alerts on 6 symbols (5min)...
2026-02-03 16:09:42,681 [INFO]     NSE:KEI-EQ | CVD=17749 vs Ref=120988 | Close=4367.00 vs VAH=4480.00
2026-02-03 16:09:42,950 [INFO]     NSE:SBILIFE-EQ | CVD=-446006 vs Ref=3985 | Close=2002.10 vs VAH=2059.40
2026-02-03 16:09:43,232 [INFO]     NSE:HAVELLS-EQ | CVD=141599 vs Ref=221616 | Close=1318.00 vs VAH=1332.45
2026-02-03 16:09:43,505 [INFO]     NSE:JSWSTEEL-EQ | CVD=-252712 vs Ref=34825 | Close=1229.40 vs VAH=1233.75
2026-02-03 16:09:43,782 [INFO]     NSE:UNOMINDA-EQ | CVD=-124351 vs Ref=22181 | Close=1214.00 vs VAH=1236.30
2026-02-03 16:09:44,041 [INFO]     NSE:HDFCLIFE-EQ | CVD=-485754 vs Ref=225855 | Close=720.15 vs VAH=731.20
2026-02-03 16:10:44,042 [INFO] 🔍 Scanning for alerts on 6 symbols (5min)...
2026-02-03 16:10:44,319 [INFO]     NSE:KEI-EQ | CVD=17749 vs Ref=120988 | Close=4367.00 vs VAH=4480.00
2026-02-03 16:10:44,563 [INFO]     NSE:SBILIFE-EQ | CVD=-446006 vs Ref=3985 | Close=2002.10 vs VAH=2059.40
2026-02-03 16:10:44,813 [INFO]     NSE:HAVELLS-EQ | CVD=141599 vs Ref=221616 | Close=1318.00 vs VAH=1332.45
2026-02-03 16:10:45,063 [INFO]     NSE:JSWSTEEL-EQ | CVD=-252712 vs Ref=34825 | Close=1229.40 vs VAH=1233.75
2026-02-03 16:10:45,305 [INFO]     NSE:UNOMINDA-EQ | CVD=-124351 vs Ref=22181 | Close=1214.00 vs VAH=1236.30
2026-02-03 16:10:45,497 [INFO]     NSE:HDFCLIFE-EQ | CVD=-485754 vs Ref=225855 | Close=720.15 vs VAH=731.20
2026-02-03 16:11:45,499 [INFO] 🔍 Scanning for alerts on 6 symbols (5min)...
2026-02-03 16:11:45,763 [INFO]     NSE:KEI-EQ | CVD=17749 vs Ref=120988 | Close=4367.00 vs VAH=4480.00
2026-02-03 16:11:47,647 [INFO]     NSE:SBILIFE-EQ | CVD=-446006 vs Ref=3985 | Close=2002.10 vs VAH=2059.40
2026-02-03 16:11:47,925 [INFO]     NSE:HAVELLS-EQ | CVD=141599 vs Ref=221616 | Close=1318.00 vs VAH=1332.45
2026-02-03 16:11:48,198 [INFO]     NSE:JSWSTEEL-EQ | CVD=-252712 vs Ref=34825 | Close=1229.40 vs VAH=1233.75
2026-02-03 16:11:48,492 [INFO]     NSE:UNOMINDA-EQ | CVD=-124351 vs Ref=22181 | Close=1214.00 vs VAH=1236.30
2026-02-03 16:11:48,777 [INFO]     NSE:HDFCLIFE-EQ | CVD=-485754 vs Ref=225855 | Close=720.15 vs VAH=731.20
2026-02-03 16:12:48,778 [INFO] 🔍 Scanning for alerts on 6 symbols (5min)...
2026-02-03 16:12:49,053 [INFO]     NSE:KEI-EQ | CVD=17749 vs Ref=120988 | Close=4367.00 vs VAH=4480.00
2026-02-03 16:12:49,323 [INFO]     NSE:SBILIFE-EQ | CVD=-446006 vs Ref=3985 | Close=2002.10 vs VAH=2059.40
2026-02-03 16:12:49,602 [INFO]     NSE:HAVELLS-EQ | CVD=141599 vs Ref=221616 | Close=1318.00 vs VAH=1332.45
2026-02-03 16:12:49,871 [INFO]     NSE:JSWSTEEL-EQ | CVD=-252712 vs Ref=34825 | Close=1229.40 vs VAH=1233.75
2026-02-03 16:12:50,087 [INFO]     NSE:UNOMINDA-EQ | CVD=-124351 vs Ref=22181 | Close=1214.00 vs VAH=1236.30
2026-02-03 16:12:50,307 [INFO]     NSE:HDFCLIFE-EQ | CVD=-485754 vs Ref=225855 | Close=720.15 vs VAH=731.20
2026-02-03 16:13:50,308 [INFO] 🔍 Scanning for alerts on 6 symbols (5min)...
2026-02-03 16:13:50,526 [INFO]     NSE:KEI-EQ | CVD=17749 vs Ref=120988 | Close=4367.00 vs VAH=4480.00
2026-02-03 16:13:50,799 [INFO]     NSE:SBILIFE-EQ | CVD=-446006 vs Ref=3985 | Close=2002.10 vs VAH=2059.40
2026-02-03 16:13:51,079 [INFO]     NSE:HAVELLS-EQ | CVD=141599 vs Ref=221616 | Close=1318.00 vs VAH=1332.45
2026-02-03 16:13:51,285 [INFO]     NSE:JSWSTEEL-EQ | CVD=-252712 vs Ref=34825 | Close=1229.40 vs VAH=1233.75
2026-02-03 16:13:51,566 [INFO]     NSE:UNOMINDA-EQ | CVD=-124351 vs Ref=22181 | Close=1214.00 vs VAH=1236.30
2026-02-03 16:13:53,508 [INFO]     NSE:HDFCLIFE-EQ | CVD=-485754 vs Ref=225855 | Close=720.15 vs VAH=731.20
2026-02-03 16:14:53,509 [INFO] 🔍 Scanning for alerts on 6 symbols (5min)...
2026-02-03 16:14:53,767 [INFO]     NSE:KEI-EQ | CVD=17749 vs Ref=120988 | Close=4367.00 vs VAH=4480.00
2026-02-03 16:14:54,011 [INFO]     NSE:SBILIFE-EQ | CVD=-446006 vs Ref=3985 | Close=2002.10 vs VAH=2059.40
2026-02-03 16:14:54,289 [INFO]     NSE:HAVELLS-EQ | CVD=141599 vs Ref=221616 | Close=1318.00 vs VAH=1332.45
2026-02-03 16:14:54,558 [INFO]     NSE:JSWSTEEL-EQ | CVD=-252712 vs Ref=34825 | Close=1229.40 vs VAH=1233.75
2026-02-03 16:14:54,832 [INFO]     NSE:UNOMINDA-EQ | CVD=-124351 vs Ref=22181 | Close=1214.00 vs VAH=1236.30
2026-02-03 16:14:56,672 [INFO]     NSE:HDFCLIFE-EQ | CVD=-485754 vs Ref=225855 | Close=720.15 vs VAH=731.20
2026-02-03 16:15:56,674 [INFO] 🔍 Scanning for alerts on 6 symbols (5min)...
2026-02-03 16:15:56,950 [INFO]     NSE:KEI-EQ | CVD=17749 vs Ref=120988 | Close=4367.00 vs VAH=4480.00
2026-02-03 16:15:57,179 [INFO]     NSE:SBILIFE-EQ | CVD=-446006 vs Ref=3985 | Close=2002.10 vs VAH=2059.40
2026-02-03 16:15:57,420 [INFO]     NSE:HAVELLS-EQ | CVD=141599 vs Ref=221616 | Close=1318.00 vs VAH=1332.45
2026-02-03 16:15:57,646 [INFO]     NSE:JSWSTEEL-EQ | CVD=-252712 vs Ref=34825 | Close=1229.40 vs VAH=1233.75
2026-02-03 16:15:57,925 [INFO]     NSE:UNOMINDA-EQ | CVD=-124351 vs Ref=22181 | Close=1214.00 vs VAH=1236.30
2026-02-03 16:15:58,202 [INFO]     NSE:HDFCLIFE-EQ | CVD=-485754 vs Ref=225855 | Close=720.15 vs VAH=731.20
2026-02-03 16:16:58,204 [INFO] 🔍 Scanning for alerts on 6 symbols (5min)...
2026-02-03 16:16:58,490 [INFO]     NSE:KEI-EQ | CVD=17749 vs Ref=120988 | Close=4367.00 vs VAH=4480.00
2026-02-03 16:16:58,744 [INFO]     NSE:SBILIFE-EQ | CVD=-446006 vs Ref=3985 | Close=2002.10 vs VAH=2059.40
2026-02-03 16:16:59,028 [INFO]     NSE:HAVELLS-EQ | CVD=141599 vs Ref=221616 | Close=1318.00 vs VAH=1332.45
2026-02-03 16:16:59,277 [INFO]     NSE:JSWSTEEL-EQ | CVD=-252712 vs Ref=34825 | Close=1229.40 vs VAH=1233.75
2026-02-03 16:17:01,131 [INFO]     NSE:UNOMINDA-EQ | CVD=-124351 vs Ref=22181 | Close=1214.00 vs VAH=1236.30
2026-02-03 16:17:01,352 [INFO]     NSE:HDFCLIFE-EQ | CVD=-485754 vs Ref=225855 | Close=720.15 vs VAH=731.20
2026-02-03 16:18:01,354 [INFO] 🔍 Scanning for alerts on 6 symbols (5min)...
2026-02-03 16:18:01,614 [INFO]     NSE:KEI-EQ | CVD=17749 vs Ref=120988 | Close=4367.00 vs VAH=4480.00
2026-02-03 16:18:01,886 [INFO]     NSE:SBILIFE-EQ | CVD=-446006 vs Ref=3985 | Close=2002.10 vs VAH=2059.40
2026-02-03 16:18:02,171 [INFO]     NSE:HAVELLS-EQ | CVD=141599 vs Ref=221616 | Close=1318.00 vs VAH=1332.45
2026-02-03 16:18:02,453 [INFO]     NSE:JSWSTEEL-EQ | CVD=-252712 vs Ref=34825 | Close=1229.40 vs VAH=1233.75
2026-02-03 16:18:04,314 [INFO]     NSE:UNOMINDA-EQ | CVD=-124351 vs Ref=22181 | Close=1214.00 vs VAH=1236.30
2026-02-03 16:18:04,546 [INFO]     NSE:HDFCLIFE-EQ | CVD=-485754 vs Ref=225855 | Close=720.15 vs VAH=731.20
2026-02-03 16:19:04,548 [INFO] 🔍 Scanning for alerts on 6 symbols (5min)...
2026-02-03 16:19:04,845 [INFO]     NSE:KEI-EQ | CVD=17749 vs Ref=120988 | Close=4367.00 vs VAH=4480.00
2026-02-03 16:19:05,078 [INFO]     NSE:SBILIFE-EQ | CVD=-446006 vs Ref=3985 | Close=2002.10 vs VAH=2059.40
2026-02-03 16:19:05,356 [INFO]     NSE:HAVELLS-EQ | CVD=141599 vs Ref=221616 | Close=1318.00 vs VAH=1332.45
2026-02-03 16:19:05,563 [INFO]     NSE:JSWSTEEL-EQ | CVD=-252712 vs Ref=34825 | Close=1229.40 vs VAH=1233.75
2026-02-03 16:19:05,807 [INFO]     NSE:UNOMINDA-EQ | CVD=-124351 vs Ref=22181 | Close=1214.00 vs VAH=1236.30
2026-02-03 16:19:06,069 [INFO]     NSE:HDFCLIFE-EQ | CVD=-485754 vs Ref=225855 | Close=720.15 vs VAH=731.20
2026-02-03 16:20:06,070 [INFO] 🔍 Scanning for alerts on 6 symbols (5min)...
2026-02-03 16:20:06,342 [INFO]     NSE:KEI-EQ | CVD=17749 vs Ref=120988 | Close=4367.00 vs VAH=4480.00
2026-02-03 16:20:06,605 [INFO]     NSE:SBILIFE-EQ | CVD=-446006 vs Ref=3985 | Close=2002.10 vs VAH=2059.40
2026-02-03 16:20:06,882 [INFO]     NSE:HAVELLS-EQ | CVD=141599 vs Ref=221616 | Close=1318.00 vs VAH=1332.45
2026-02-03 16:20:08,819 [INFO]     NSE:JSWSTEEL-EQ | CVD=-252712 vs Ref=34825 | Close=1229.40 vs VAH=1233.75
2026-02-03 16:20:09,027 [INFO]     NSE:UNOMINDA-EQ | CVD=-124351 vs Ref=22181 | Close=1214.00 vs VAH=1236.30
2026-02-03 16:20:09,287 [INFO]     NSE:HDFCLIFE-EQ | CVD=-485754 vs Ref=225855 | Close=720.15 vs VAH=731.20
2026-02-03 16:21:09,288 [INFO] 🔍 Scanning for alerts on 6 symbols (5min)...
2026-02-03 16:21:09,649 [INFO]     NSE:KEI-EQ | CVD=17749 vs Ref=120988 | Close=4367.00 vs VAH=4480.00
2026-02-03 16:21:10,027 [INFO]     NSE:SBILIFE-EQ | CVD=-446006 vs Ref=3985 | Close=2002.10 vs VAH=2059.40
2026-02-03 16:21:11,967 [INFO]     NSE:HAVELLS-EQ | CVD=141599 vs Ref=221616 | Close=1318.00 vs VAH=1332.45
2026-02-03 16:21:12,239 [INFO]     NSE:JSWSTEEL-EQ | CVD=-252712 vs Ref=34825 | Close=1229.40 vs VAH=1233.75
2026-02-03 16:21:12,766 [INFO]     NSE:UNOMINDA-EQ | CVD=-124351 vs Ref=22181 | Close=1214.00 vs VAH=1236.30
2026-02-03 16:21:13,062 [INFO]     NSE:HDFCLIFE-EQ | CVD=-485754 vs Ref=225855 | Close=720.15 vs VAH=731.20
2026-02-03 16:22:13,065 [INFO] 🔍 Scanning for alerts on 6 symbols (5min)...
2026-02-03 16:22:13,338 [INFO]     NSE:KEI-EQ | CVD=17749 vs Ref=120988 | Close=4367.00 vs VAH=4480.00
2026-02-03 16:22:15,180 [INFO]     NSE:SBILIFE-EQ | CVD=-446006 vs Ref=3985 | Close=2002.10 vs VAH=2059.40
2026-02-03 16:22:15,420 [INFO]     NSE:HAVELLS-EQ | CVD=141599 vs Ref=221616 | Close=1318.00 vs VAH=1332.45
2026-02-03 16:22:15,691 [INFO]     NSE:JSWSTEEL-EQ | CVD=-252712 vs Ref=34825 | Close=1229.40 vs VAH=1233.75
2026-02-03 16:22:15,916 [INFO]     NSE:UNOMINDA-EQ | CVD=-124351 vs Ref=22181 | Close=1214.00 vs VAH=1236.30
2026-02-03 16:22:16,167 [INFO]     NSE:HDFCLIFE-EQ | CVD=-485754 vs Ref=225855 | Close=720.15 vs VAH=731.20
2026-02-03 16:23:16,169 [INFO] 🔍 Scanning for alerts on 6 symbols (5min)...
2026-02-03 16:23:16,442 [INFO]     NSE:KEI-EQ | CVD=17749 vs Ref=120988 | Close=4367.00 vs VAH=4480.00
2026-02-03 16:23:16,713 [INFO]     NSE:SBILIFE-EQ | CVD=-446006 vs Ref=3985 | Close=2002.10 vs VAH=2059.40
2026-02-03 16:23:16,992 [INFO]     NSE:HAVELLS-EQ | CVD=141599 vs Ref=221616 | Close=1318.00 vs VAH=1332.45
2026-02-03 16:23:17,249 [INFO]     NSE:JSWSTEEL-EQ | CVD=-252712 vs Ref=34825 | Close=1229.40 vs VAH=1233.75
2026-02-03 16:23:17,526 [INFO]     NSE:UNOMINDA-EQ | CVD=-124351 vs Ref=22181 | Close=1214.00 vs VAH=1236.30
2026-02-03 16:23:17,783 [INFO]     NSE:HDFCLIFE-EQ | CVD=-485754 vs Ref=225855 | Close=720.15 vs VAH=731.20
2026-02-03 16:24:17,785 [INFO] 🔍 Scanning for alerts on 6 symbols (5min)...
2026-02-03 16:24:18,066 [INFO]     NSE:KEI-EQ | CVD=17749 vs Ref=120988 | Close=4367.00 vs VAH=4480.00
2026-02-03 16:24:20,052 [INFO]     NSE:SBILIFE-EQ | CVD=-446006 vs Ref=3985 | Close=2002.10 vs VAH=2059.40
2026-02-03 16:24:20,289 [INFO]     NSE:HAVELLS-EQ | CVD=141599 vs Ref=221616 | Close=1318.00 vs VAH=1332.45
2026-02-03 16:24:20,565 [INFO]     NSE:JSWSTEEL-EQ | CVD=-252712 vs Ref=34825 | Close=1229.40 vs VAH=1233.75
2026-02-03 16:24:20,842 [INFO]     NSE:UNOMINDA-EQ | CVD=-124351 vs Ref=22181 | Close=1214.00 vs VAH=1236.30
2026-02-03 16:24:21,061 [INFO]     NSE:HDFCLIFE-EQ | CVD=-485754 vs Ref=225855 | Close=720.15 vs VAH=731.20
2026-02-03 16:25:21,062 [INFO] 🔍 Scanning for alerts on 6 symbols (5min)...
2026-02-03 16:25:21,386 [INFO]     NSE:KEI-EQ | CVD=17749 vs Ref=120988 | Close=4367.00 vs VAH=4480.00
2026-02-03 16:25:21,802 [INFO]     NSE:SBILIFE-EQ | CVD=-446006 vs Ref=3985 | Close=2002.10 vs VAH=2059.40
2026-02-03 16:25:22,071 [INFO]     NSE:HAVELLS-EQ | CVD=141599 vs Ref=221616 | Close=1318.00 vs VAH=1332.45
2026-02-03 16:25:22,563 [INFO]     NSE:JSWSTEEL-EQ | CVD=-252712 vs Ref=34825 | Close=1229.40 vs VAH=1233.75
2026-02-03 16:25:22,886 [INFO]     NSE:UNOMINDA-EQ | CVD=-124351 vs Ref=22181 | Close=1214.00 vs VAH=1236.30
2026-02-03 16:25:23,172 [INFO]     NSE:HDFCLIFE-EQ | CVD=-485754 vs Ref=225855 | Close=720.15 vs VAH=731.20
2026-02-03 16:26:23,174 [INFO] 🔍 Scanning for alerts on 6 symbols (5min)...
2026-02-03 16:26:23,558 [INFO]     NSE:KEI-EQ | CVD=17749 vs Ref=120988 | Close=4367.00 vs VAH=4480.00
2026-02-03 16:26:23,992 [INFO]     NSE:SBILIFE-EQ | CVD=-446006 vs Ref=3985 | Close=2002.10 vs VAH=2059.40
2026-02-03 16:26:24,427 [INFO]     NSE:HAVELLS-EQ | CVD=141599 vs Ref=221616 | Close=1318.00 vs VAH=1332.45
2026-02-03 16:26:24,828 [INFO]     NSE:JSWSTEEL-EQ | CVD=-252712 vs Ref=34825 | Close=1229.40 vs VAH=1233.75
2026-02-03 16:26:25,232 [INFO]     NSE:UNOMINDA-EQ | CVD=-124351 vs Ref=22181 | Close=1214.00 vs VAH=1236.30
2026-02-03 16:26:25,645 [INFO]     NSE:HDFCLIFE-EQ | CVD=-485754 vs Ref=225855 | Close=720.15 vs VAH=731.20
2026-02-03 16:27:25,648 [INFO] 🔍 Scanning for alerts on 6 symbols (5min)...
2026-02-03 16:27:25,965 [INFO]     NSE:KEI-EQ | CVD=17749 vs Ref=120988 | Close=4367.00 vs VAH=4480.00
2026-02-03 16:27:26,339 [INFO]     NSE:SBILIFE-EQ | CVD=-446006 vs Ref=3985 | Close=2002.10 vs VAH=2059.40
2026-02-03 16:27:26,693 [INFO]     NSE:HAVELLS-EQ | CVD=141599 vs Ref=221616 | Close=1318.00 vs VAH=1332.45
2026-02-03 16:27:27,028 [INFO]     NSE:JSWSTEEL-EQ | CVD=-252712 vs Ref=34825 | Close=1229.40 vs VAH=1233.75
2026-02-03 16:27:27,407 [INFO]     NSE:UNOMINDA-EQ | CVD=-124351 vs Ref=22181 | Close=1214.00 vs VAH=1236.30
2026-02-03 16:27:28,006 [INFO]     NSE:HDFCLIFE-EQ | CVD=-485754 vs Ref=225855 | Close=720.15 vs VAH=731.20
2026-02-03 16:28:18,246 [INFO] 👋  Buy Alert Monitoring stopped by user.
