2026-01-27 12:01:33,189 [INFO] ==================================================
2026-01-27 12:01:33,189 [INFO] 🚀 INITIALIZING STRATEGY ALERTS (5min)
2026-01-27 12:01:33,190 [INFO] ==================================================
2026-01-27 12:01:33,190 [INFO] 📅 FRVP Configuration:
2026-01-27 12:01:33,191 [INFO]    • Range: 09:35 - 10:35
2026-01-27 12:01:33,192 [INFO]    • Rows: 10 | VA%: 70
2026-01-27 12:01:33,192 [INFO] 
🌊 CVD Configuration:
2026-01-27 12:01:33,193 [INFO]    • Anchor: D
2026-01-27 12:01:33,193 [INFO]    • Ref Candles: First 12 candles of the day
2026-01-27 12:01:33,194 [INFO] --------------------------------------------------
2026-01-27 12:01:33,194 [INFO] ⏳ calculating reference levels for all symbols...
2026-01-27 12:01:33,291 [INFO] ✅ NSE:PAGEIND-EQ       | CVD Ref (1st 12 c):    175 | FRVP VAH: 32600.00
2026-01-27 12:01:33,382 [INFO] ✅ NSE:AMBER-EQ         | CVD Ref (1st 12 c):      0 | FRVP VAH:  5468.40
2026-01-27 12:01:33,447 [INFO] ✅ NSE:DMART-EQ         | CVD Ref (1st 12 c):   1814 | FRVP VAH:  3674.25
2026-01-27 12:01:33,536 [INFO] ✅ NSE:KAYNES-EQ        | CVD Ref (1st 12 c):   7461 | FRVP VAH:  3357.20
2026-01-27 12:01:33,612 [INFO] ✅ NSE:TIINDIA-EQ       | CVD Ref (1st 12 c):   3123 | FRVP VAH:  2202.55
2026-01-27 12:01:33,704 [INFO] ✅ NSE:MANKIND-EQ       | CVD Ref (1st 12 c):   5023 | FRVP VAH:  2084.00
2026-01-27 12:01:33,796 [INFO] ✅ NSE:PHOENIXLTD-EQ    | CVD Ref (1st 12 c):  15962 | FRVP VAH:  1725.60
2026-01-27 12:01:33,864 [INFO] ✅ NSE:BLUESTARCO-EQ    | CVD Ref (1st 12 c):  27628 | FRVP VAH:  1694.35
2026-01-27 12:01:33,968 [INFO] ✅ NSE:MFSL-EQ          | CVD Ref (1st 12 c):   2550 | FRVP VAH:  1593.60
2026-01-27 12:01:34,055 [INFO] ✅ NSE:GODREJPROP-EQ    | CVD Ref (1st 12 c):      0 | FRVP VAH:  1510.65
2026-01-27 12:01:34,152 [INFO] ✅ NSE:RELIANCE-EQ      | CVD Ref (1st 12 c):  55368 | FRVP VAH:  1388.10
2026-01-27 12:01:34,247 [INFO] ✅ NSE:CDSL-EQ          | CVD Ref (1st 12 c):   5912 | FRVP VAH:  1341.40
2026-01-27 12:01:34,341 [INFO] ✅ NSE:NAUKRI-EQ        | CVD Ref (1st 12 c):  51866 | FRVP VAH:  1292.80
2026-01-27 12:01:34,438 [INFO] ✅ NSE:NUVAMA-EQ        | CVD Ref (1st 12 c):  62008 | FRVP VAH:  1283.50
2026-01-27 12:01:34,525 [INFO] ✅ NSE:PAYTM-EQ         | CVD Ref (1st 12 c): 135561 | FRVP VAH:  1152.20
2026-01-27 12:01:34,594 [INFO] ✅ NSE:KPITTECH-EQ      | CVD Ref (1st 12 c):  11686 | FRVP VAH:  1112.25
2026-01-27 12:01:34,680 [INFO] ✅ NSE:LODHA-EQ         | CVD Ref (1st 12 c):  44807 | FRVP VAH:   874.35
2026-01-27 12:01:34,769 [INFO] ✅ NSE:HDFCLIFE-EQ      | CVD Ref (1st 12 c):  17111 | FRVP VAH:   714.50
2026-01-27 12:01:34,854 [INFO] ✅ NSE:TATATECH-EQ      | CVD Ref (1st 12 c):   9276 | FRVP VAH:   655.20
2026-01-27 12:01:34,940 [INFO] ✅ NSE:INDHOTEL-EQ      | CVD Ref (1st 12 c):  64541 | FRVP VAH:   641.90
2026-01-27 12:01:35,038 [INFO] ✅ NSE:ICICIPRULI-EQ    | CVD Ref (1st 12 c):  24713 | FRVP VAH:   640.50
2026-01-27 12:01:35,127 [INFO] ✅ NSE:IRCTC-EQ         | CVD Ref (1st 12 c):   7628 | FRVP VAH:   614.35
2026-01-27 12:01:35,212 [INFO] ✅ NSE:CGPOWER-EQ       | CVD Ref (1st 12 c): 295533 | FRVP VAH:   546.70
2026-01-27 12:01:35,302 [INFO] ✅ NSE:LICHSGFIN-EQ     | CVD Ref (1st 12 c):  41287 | FRVP VAH:   506.10
2026-01-27 12:01:35,386 [INFO] ✅ NSE:CONCOR-EQ        | CVD Ref (1st 12 c):  15532 | FRVP VAH:   480.90
2026-01-27 12:01:35,483 [INFO] ✅ NSE:EXIDEIND-EQ      | CVD Ref (1st 12 c):      0 | FRVP VAH:   325.20
2026-01-27 12:01:35,574 [INFO] ✅ NSE:LTF-EQ           | CVD Ref (1st 12 c):   2752 | FRVP VAH:   289.90
2026-01-27 12:01:35,644 [INFO] ✅ NSE:NYKAA-EQ         | CVD Ref (1st 12 c): 106592 | FRVP VAH:   236.50
2026-01-27 12:01:35,737 [INFO] ✅ NSE:WIPRO-EQ         | CVD Ref (1st 12 c):   6314 | FRVP VAH:   233.70
2026-01-27 12:01:35,831 [INFO] ✅ NSE:HUDCO-EQ         | CVD Ref (1st 12 c):  29578 | FRVP VAH:   197.40
2026-01-27 12:01:36,002 [INFO] ✅ NSE:ASHOKLEY-EQ      | CVD Ref (1st 12 c): 312825 | FRVP VAH:   191.40
2026-01-27 12:01:36,093 [INFO] ✅ NSE:GAIL-EQ          | CVD Ref (1st 12 c): 152319 | FRVP VAH:   159.90
2026-01-27 12:01:36,196 [INFO] ✅ NSE:IEX-EQ           | CVD Ref (1st 12 c):      0 | FRVP VAH:   126.60
2026-01-27 12:01:36,289 [INFO] ✅ NSE:INOXWIND-EQ      | CVD Ref (1st 12 c):  42362 | FRVP VAH:   103.50
2026-01-27 12:01:36,364 [INFO] ✅ NSE:NBCC-EQ          | CVD Ref (1st 12 c): 195713 | FRVP VAH:    95.75
2026-01-27 12:01:36,365 [INFO] ==================================================

2026-01-27 12:01:36,366 [INFO] 🚀 Strategy Alert Monitoring Started...
2026-01-27 12:01:36,366 [INFO] 🔍 Scanning for alerts on 35 symbols (5min)...
2026-01-27 12:01:36,466 [INFO] 🚀 [STRATEGY ALERT] NSE:PAGEIND-EQ (5min) triggered at 12:00!
2026-01-27 12:01:36,467 [INFO]     ✅ Price: 32320.00 < FRVP VAL: 32480.00
2026-01-27 12:01:36,468 [INFO]     ✅ CVD:   -7791 < CVD Ref:  175
2026-01-27 12:01:36,469 [INFO]     ℹ️  FRVP Info: POC=32520.00, VAL=32480.00
2026-01-27 12:01:36,469 [INFO]     Scanning NSE:PAGEIND-EQ (5min) | Range 09:35-10:35 | Price=32320.00 > VAH=32600.00? | CVD=-7791 > Ref=175? | POC=32520.00 | VAL=32480.00
2026-01-27 12:01:36,560 [INFO]     Scanning NSE:AMBER-EQ (5min) | Range 09:35-10:35 | Price=5483.50 > VAH=5468.40? | CVD=-46440 > Ref=0? | POC=5459.10 | VAL=5412.60
2026-01-27 12:01:36,632 [INFO] 🚀 [STRATEGY ALERT] NSE:DMART-EQ (5min) triggered at 12:00!
2026-01-27 12:01:36,633 [INFO]     ✅ Price: 3648.80 < FRVP VAL: 3665.25
2026-01-27 12:01:36,634 [INFO]     ✅ CVD:   -13931 < CVD Ref:  1814
2026-01-27 12:01:36,634 [INFO]     ℹ️  FRVP Info: POC=3672.00, VAL=3665.25
2026-01-27 12:01:36,635 [INFO]     Scanning NSE:DMART-EQ (5min) | Range 09:35-10:35 | Price=3648.80 > VAH=3674.25? | CVD=-13931 > Ref=1814? | POC=3672.00 | VAL=3665.25
2026-01-27 12:01:36,757 [INFO]     Scanning NSE:KAYNES-EQ (5min) | Range 09:35-10:35 | Price=3342.00 > VAH=3357.20? | CVD=-59794 > Ref=7461? | POC=3340.85 | VAL=3335.40
2026-01-27 12:01:36,858 [INFO] 🚀 [STRATEGY ALERT] NSE:TIINDIA-EQ (5min) triggered at 12:00!
2026-01-27 12:01:36,861 [INFO]     ✅ Price: 2182.90 < FRVP VAL: 2190.30
2026-01-27 12:01:36,862 [INFO]     ✅ CVD:   -14708 < CVD Ref:  3123
2026-01-27 12:01:36,862 [INFO]     ℹ️  FRVP Info: POC=2200.10, VAL=2190.30
2026-01-27 12:01:36,863 [INFO]     Scanning NSE:TIINDIA-EQ (5min) | Range 09:35-10:35 | Price=2182.90 > VAH=2202.55? | CVD=-14708 > Ref=3123? | POC=2200.10 | VAL=2190.30
2026-01-27 12:01:36,960 [INFO]     Scanning NSE:MANKIND-EQ (5min) | Range 09:35-10:35 | Price=2090.00 > VAH=2084.00? | CVD=4907 > Ref=5023? | POC=2084.00 | VAL=2078.00
2026-01-27 12:01:37,037 [INFO] 🚀 [STRATEGY ALERT] NSE:PHOENIXLTD-EQ (5min) triggered at 12:00!
2026-01-27 12:01:37,038 [INFO]     ✅ Price: 1703.80 < FRVP VAL: 1716.00
2026-01-27 12:01:37,039 [INFO]     ✅ CVD:   -36790 < CVD Ref:  15962
2026-01-27 12:01:37,040 [INFO]     ℹ️  FRVP Info: POC=1716.00, VAL=1716.00
2026-01-27 12:01:37,040 [INFO]     Scanning NSE:PHOENIXLTD-EQ (5min) | Range 09:35-10:35 | Price=1703.80 > VAH=1725.60? | CVD=-36790 > Ref=15962? | POC=1716.00 | VAL=1716.00
2026-01-27 12:01:37,109 [INFO]     Scanning NSE:BLUESTARCO-EQ (5min) | Range 09:35-10:35 | Price=1688.60 > VAH=1694.35? | CVD=14462 > Ref=27628? | POC=1694.35 | VAL=1684.95
2026-01-27 12:01:37,199 [INFO]     Scanning NSE:MFSL-EQ (5min) | Range 09:35-10:35 | Price=1593.00 > VAH=1593.60? | CVD=43305 > Ref=2550? | POC=1590.00 | VAL=1587.60
2026-01-27 12:01:37,291 [INFO] 🚀 [STRATEGY ALERT] NSE:GODREJPROP-EQ (5min) triggered at 12:00!
2026-01-27 12:01:37,292 [INFO]     ✅ Price: 1495.90 < FRVP VAL: 1505.25
2026-01-27 12:01:37,293 [INFO]     ✅ CVD:   -84116 < CVD Ref:  0
2026-01-27 12:01:37,293 [INFO]     ℹ️  FRVP Info: POC=1509.30, VAL=1505.25
2026-01-27 12:01:37,294 [INFO]     Scanning NSE:GODREJPROP-EQ (5min) | Range 09:35-10:35 | Price=1495.90 > VAH=1510.65? | CVD=-84116 > Ref=0? | POC=1509.30 | VAL=1505.25
2026-01-27 12:01:37,401 [INFO]     Scanning NSE:RELIANCE-EQ (5min) | Range 09:35-10:35 | Price=1389.50 > VAH=1388.10? | CVD=323837 > Ref=55368? | POC=1382.85 | VAL=1381.80
2026-01-27 12:01:37,483 [INFO] 🚀 [STRATEGY ALERT] NSE:CDSL-EQ (5min) triggered at 12:00!
2026-01-27 12:01:37,484 [INFO]     ✅ Price: 1326.50 < FRVP VAL: 1328.10
2026-01-27 12:01:37,484 [INFO]     ✅ CVD:   -116814 < CVD Ref:  5912
2026-01-27 12:01:37,485 [INFO]     ℹ️  FRVP Info: POC=1335.70, VAL=1328.10
2026-01-27 12:01:37,485 [INFO]     Scanning NSE:CDSL-EQ (5min) | Range 09:35-10:35 | Price=1326.50 > VAH=1341.40? | CVD=-116814 > Ref=5912? | POC=1335.70 | VAL=1328.10
2026-01-27 12:01:37,588 [INFO]     Scanning NSE:NAUKRI-EQ (5min) | Range 09:35-10:35 | Price=1281.90 > VAH=1292.80? | CVD=60410 > Ref=51866? | POC=1289.60 | VAL=1288.00
2026-01-27 12:01:37,664 [INFO]     Scanning NSE:NUVAMA-EQ (5min) | Range 09:35-10:35 | Price=1272.50 > VAH=1283.50? | CVD=-77588 > Ref=62008? | POC=1279.25 | VAL=1262.25
2026-01-27 12:01:37,759 [INFO] 🚀 [STRATEGY ALERT] NSE:PAYTM-EQ (5min) triggered at 12:00!
2026-01-27 12:01:37,760 [INFO]     ✅ Price: 1134.10 < FRVP VAL: 1145.20
2026-01-27 12:01:37,761 [INFO]     ✅ CVD:   -233630 < CVD Ref:  135561
2026-01-27 12:01:37,761 [INFO]     ℹ️  FRVP Info: POC=1150.80, VAL=1145.20
2026-01-27 12:01:37,762 [INFO]     Scanning NSE:PAYTM-EQ (5min) | Range 09:35-10:35 | Price=1134.10 > VAH=1152.20? | CVD=-233630 > Ref=135561? | POC=1150.80 | VAL=1145.20
2026-01-27 12:01:37,886 [INFO]     Scanning NSE:KPITTECH-EQ (5min) | Range 09:35-10:35 | Price=1106.40 > VAH=1112.25? | CVD=28195 > Ref=11686? | POC=1111.50 | VAL=1110.00
2026-01-27 12:01:37,987 [INFO]     Scanning NSE:LODHA-EQ (5min) | Range 09:35-10:35 | Price=896.50 > VAH=874.35? | CVD=677221 > Ref=44807? | POC=874.35 | VAL=868.55
2026-01-27 12:01:38,080 [INFO]     Scanning NSE:HDFCLIFE-EQ (5min) | Range 09:35-10:35 | Price=716.70 > VAH=714.50? | CVD=-206355 > Ref=17111? | POC=713.50 | VAL=712.50
2026-01-27 12:01:38,170 [INFO] 🚀 [STRATEGY ALERT] NSE:TATATECH-EQ (5min) triggered at 12:00!
2026-01-27 12:01:38,170 [INFO]     ✅ Price: 649.90 < FRVP VAL: 652.95
2026-01-27 12:01:38,171 [INFO]     ✅ CVD:   -109347 < CVD Ref:  9276
2026-01-27 12:01:38,171 [INFO]     ℹ️  FRVP Info: POC=654.75, VAL=652.95
2026-01-27 12:01:38,172 [INFO]     Scanning NSE:TATATECH-EQ (5min) | Range 09:35-10:35 | Price=649.90 > VAH=655.20? | CVD=-109347 > Ref=9276? | POC=654.75 | VAL=652.95
2026-01-27 12:01:38,269 [INFO]     Scanning NSE:INDHOTEL-EQ (5min) | Range 09:35-10:35 | Price=643.90 > VAH=641.90? | CVD=-109107 > Ref=64541? | POC=641.20 | VAL=640.50
2026-01-27 12:01:38,358 [INFO]     Scanning NSE:ICICIPRULI-EQ (5min) | Range 09:35-10:35 | Price=642.85 > VAH=640.50? | CVD=86701 > Ref=24713? | POC=640.50 | VAL=634.90
2026-01-27 12:01:38,576 [INFO] 🚀 [STRATEGY ALERT] NSE:IRCTC-EQ (5min) triggered at 12:00!
2026-01-27 12:01:38,577 [INFO]     ✅ Price: 607.00 < FRVP VAL: 612.15
2026-01-27 12:01:38,578 [INFO]     ✅ CVD:   -110889 < CVD Ref:  7628
2026-01-27 12:01:38,578 [INFO]     ℹ️  FRVP Info: POC=614.35, VAL=612.15
2026-01-27 12:01:38,579 [INFO]     Scanning NSE:IRCTC-EQ (5min) | Range 09:35-10:35 | Price=607.00 > VAH=614.35? | CVD=-110889 > Ref=7628? | POC=614.35 | VAL=612.15
2026-01-27 12:01:38,721 [INFO]     Scanning NSE:CGPOWER-EQ (5min) | Range 09:35-10:35 | Price=545.30 > VAH=546.70? | CVD=406315 > Ref=295533? | POC=546.70 | VAL=544.50
2026-01-27 12:01:38,855 [INFO]     Scanning NSE:LICHSGFIN-EQ (5min) | Range 09:35-10:35 | Price=504.15 > VAH=506.10? | CVD=69101 > Ref=41287? | POC=505.75 | VAL=505.05
2026-01-27 12:01:38,949 [INFO]     Scanning NSE:CONCOR-EQ (5min) | Range 09:35-10:35 | Price=480.75 > VAH=480.90? | CVD=4730 > Ref=15532? | POC=480.20 | VAL=474.60
2026-01-27 12:01:39,099 [INFO] 🚀 [STRATEGY ALERT] NSE:EXIDEIND-EQ (5min) triggered at 12:00!
2026-01-27 12:01:39,100 [INFO]     ✅ Price: 323.30 < FRVP VAL: 324.30
2026-01-27 12:01:39,100 [INFO]     ✅ CVD:   -73224 < CVD Ref:  0
2026-01-27 12:01:39,101 [INFO]     ℹ️  FRVP Info: POC=324.60, VAL=324.30
2026-01-27 12:01:39,102 [INFO]     Scanning NSE:EXIDEIND-EQ (5min) | Range 09:35-10:35 | Price=323.30 > VAH=325.20? | CVD=-73224 > Ref=0? | POC=324.60 | VAL=324.30
2026-01-27 12:01:39,255 [INFO] 🚀 [STRATEGY ALERT] NSE:LTF-EQ (5min) triggered at 12:00!
2026-01-27 12:01:39,256 [INFO]     ✅ Price: 284.45 < FRVP VAL: 284.70
2026-01-27 12:01:39,257 [INFO]     ✅ CVD:   -124525 < CVD Ref:  2752
2026-01-27 12:01:39,258 [INFO]     ℹ️  FRVP Info: POC=287.30, VAL=284.70
2026-01-27 12:01:39,259 [INFO]     Scanning NSE:LTF-EQ (5min) | Range 09:35-10:35 | Price=284.45 > VAH=289.90? | CVD=-124525 > Ref=2752? | POC=287.30 | VAL=284.70
2026-01-27 12:01:39,426 [INFO]     Scanning NSE:NYKAA-EQ (5min) | Range 09:35-10:35 | Price=234.05 > VAH=236.50? | CVD=333575 > Ref=106592? | POC=235.25 | VAL=235.25
2026-01-27 12:01:39,537 [INFO]     Scanning NSE:WIPRO-EQ (5min) | Range 09:35-10:35 | Price=234.15 > VAH=233.70? | CVD=-124699 > Ref=6314? | POC=233.55 | VAL=233.25
2026-01-27 12:01:39,665 [INFO]     Scanning NSE:HUDCO-EQ (5min) | Range 09:35-10:35 | Price=196.81 > VAH=197.40? | CVD=45717 > Ref=29578? | POC=197.00 | VAL=196.40
2026-01-27 12:01:39,825 [INFO] 🚀 [STRATEGY ALERT] NSE:ASHOKLEY-EQ (5min) triggered at 12:00!
2026-01-27 12:01:39,826 [INFO]     ✅ Price: 189.83 < FRVP VAL: 190.80
2026-01-27 12:01:39,827 [INFO]     ✅ CVD:   -431749 < CVD Ref:  312825
2026-01-27 12:01:39,827 [INFO]     ℹ️  FRVP Info: POC=191.25, VAL=190.80
2026-01-27 12:01:39,828 [INFO]     Scanning NSE:ASHOKLEY-EQ (5min) | Range 09:35-10:35 | Price=189.83 > VAH=191.40? | CVD=-431749 > Ref=312825? | POC=191.25 | VAL=190.80
2026-01-27 12:01:39,917 [INFO]     Scanning NSE:GAIL-EQ (5min) | Range 09:35-10:35 | Price=159.59 > VAH=159.90? | CVD=-6010178 > Ref=152319? | POC=159.60 | VAL=159.50
2026-01-27 12:01:40,027 [INFO]     Scanning NSE:IEX-EQ (5min) | Range 09:35-10:35 | Price=126.21 > VAH=126.60? | CVD=-331757 > Ref=0? | POC=126.30 | VAL=126.00
2026-01-27 12:01:40,121 [INFO]     Scanning NSE:INOXWIND-EQ (5min) | Range 09:35-10:35 | Price=103.89 > VAH=103.50? | CVD=308414 > Ref=42362? | POC=103.40 | VAL=102.90
2026-01-27 12:01:40,249 [INFO]     Scanning NSE:NBCC-EQ (5min) | Range 09:35-10:35 | Price=95.77 > VAH=95.75? | CVD=621678 > Ref=195713? | POC=95.70 | VAL=95.40
2026-01-27 12:01:47,165 [INFO] 🔍 Scanning for alerts on 35 symbols (5min)...
2026-01-27 12:02:40,252 [INFO] 🔍 Scanning for alerts on 23 symbols (5min)...
2026-01-27 12:02:40,350 [INFO]     Scanning NSE:AMBER-EQ (5min) | Range 09:35-10:35 | Price=5483.50 > VAH=5468.40? | CVD=-49315 > Ref=0? | POC=5459.10 | VAL=5412.60
2026-01-27 12:02:40,441 [INFO]     Scanning NSE:KAYNES-EQ (5min) | Range 09:35-10:35 | Price=3342.50 > VAH=3357.20? | CVD=-59473 > Ref=7461? | POC=3340.85 | VAL=3335.40
2026-01-27 12:02:40,535 [INFO]     Scanning NSE:MANKIND-EQ (5min) | Range 09:35-10:35 | Price=2090.00 > VAH=2084.00? | CVD=4211 > Ref=5023? | POC=2084.00 | VAL=2078.00
2026-01-27 12:02:40,639 [INFO]     Scanning NSE:BLUESTARCO-EQ (5min) | Range 09:35-10:35 | Price=1688.60 > VAH=1694.35? | CVD=14447 > Ref=27628? | POC=1694.35 | VAL=1684.95
2026-01-27 12:02:40,711 [INFO]     Scanning NSE:MFSL-EQ (5min) | Range 09:35-10:35 | Price=1592.10 > VAH=1593.60? | CVD=42458 > Ref=2550? | POC=1590.00 | VAL=1587.60
2026-01-27 12:02:40,789 [INFO]     Scanning NSE:RELIANCE-EQ (5min) | Range 09:35-10:35 | Price=1389.50 > VAH=1388.10? | CVD=309901 > Ref=55368? | POC=1382.85 | VAL=1381.80
2026-01-27 12:02:40,867 [INFO]     Scanning NSE:NAUKRI-EQ (5min) | Range 09:35-10:35 | Price=1282.00 > VAH=1292.80? | CVD=74047 > Ref=51866? | POC=1289.60 | VAL=1288.00
2026-01-27 12:02:40,957 [INFO]     Scanning NSE:NUVAMA-EQ (5min) | Range 09:35-10:35 | Price=1272.20 > VAH=1283.50? | CVD=-77709 > Ref=62008? | POC=1279.25 | VAL=1262.25
2026-01-27 12:02:41,085 [INFO]     Scanning NSE:KPITTECH-EQ (5min) | Range 09:35-10:35 | Price=1105.00 > VAH=1112.25? | CVD=26490 > Ref=11686? | POC=1111.50 | VAL=1110.00
2026-01-27 12:02:41,177 [INFO]     Scanning NSE:LODHA-EQ (5min) | Range 09:35-10:35 | Price=895.30 > VAH=874.35? | CVD=669729 > Ref=44807? | POC=874.35 | VAL=868.55
2026-01-27 12:02:41,271 [INFO]     Scanning NSE:HDFCLIFE-EQ (5min) | Range 09:35-10:35 | Price=716.95 > VAH=714.50? | CVD=-182236 > Ref=17111? | POC=713.50 | VAL=712.50
2026-01-27 12:02:41,402 [INFO]     Scanning NSE:INDHOTEL-EQ (5min) | Range 09:35-10:35 | Price=644.90 > VAH=641.90? | CVD=-94273 > Ref=64541? | POC=641.20 | VAL=640.50
2026-01-27 12:02:41,515 [INFO]     Scanning NSE:ICICIPRULI-EQ (5min) | Range 09:35-10:35 | Price=642.75 > VAH=640.50? | CVD=86562 > Ref=24713? | POC=640.50 | VAL=634.90
2026-01-27 12:02:41,654 [INFO]     Scanning NSE:CGPOWER-EQ (5min) | Range 09:35-10:35 | Price=544.90 > VAH=546.70? | CVD=392180 > Ref=295533? | POC=546.70 | VAL=544.50
2026-01-27 12:02:41,770 [INFO]     Scanning NSE:LICHSGFIN-EQ (5min) | Range 09:35-10:35 | Price=504.50 > VAH=506.10? | CVD=70817 > Ref=41287? | POC=505.75 | VAL=505.05
2026-01-27 12:02:41,851 [INFO]     Scanning NSE:CONCOR-EQ (5min) | Range 09:35-10:35 | Price=480.70 > VAH=480.90? | CVD=3901 > Ref=15532? | POC=480.20 | VAL=474.60
2026-01-27 12:02:41,952 [INFO]     Scanning NSE:NYKAA-EQ (5min) | Range 09:35-10:35 | Price=234.10 > VAH=236.50? | CVD=340303 > Ref=106592? | POC=235.25 | VAL=235.25
2026-01-27 12:02:42,052 [INFO]     Scanning NSE:WIPRO-EQ (5min) | Range 09:35-10:35 | Price=234.20 > VAH=233.70? | CVD=-110627 > Ref=6314? | POC=233.55 | VAL=233.25
2026-01-27 12:02:42,164 [INFO]     Scanning NSE:HUDCO-EQ (5min) | Range 09:35-10:35 | Price=196.72 > VAH=197.40? | CVD=44596 > Ref=29578? | POC=197.00 | VAL=196.40
2026-01-27 12:02:42,236 [INFO]     Scanning NSE:GAIL-EQ (5min) | Range 09:35-10:35 | Price=159.64 > VAH=159.90? | CVD=-5982640 > Ref=152319? | POC=159.60 | VAL=159.50
2026-01-27 12:02:42,360 [INFO]     Scanning NSE:IEX-EQ (5min) | Range 09:35-10:35 | Price=126.16 > VAH=126.60? | CVD=-336151 > Ref=0? | POC=126.30 | VAL=126.00
2026-01-27 12:02:42,457 [INFO]     Scanning NSE:INOXWIND-EQ (5min) | Range 09:35-10:35 | Price=103.91 > VAH=103.50? | CVD=307449 > Ref=42362? | POC=103.40 | VAL=102.90
2026-01-27 12:02:42,551 [INFO]     Scanning NSE:NBCC-EQ (5min) | Range 09:35-10:35 | Price=95.67 > VAH=95.75? | CVD=604063 > Ref=195713? | POC=95.70 | VAL=95.40
2026-01-27 12:02:49,945 [INFO] 🔍 Scanning for alerts on 35 symbols (5min)...
2026-01-27 12:03:42,553 [INFO] 🔍 Scanning for alerts on 23 symbols (5min)...
2026-01-27 12:03:42,651 [INFO]     Scanning NSE:AMBER-EQ (5min) | Range 09:35-10:35 | Price=5489.50 > VAH=5468.40? | CVD=-47342 > Ref=0? | POC=5459.10 | VAL=5412.60
2026-01-27 12:03:42,738 [INFO]     Scanning NSE:KAYNES-EQ (5min) | Range 09:35-10:35 | Price=3345.00 > VAH=3357.20? | CVD=-58617 > Ref=7461? | POC=3340.85 | VAL=3335.40
2026-01-27 12:03:42,812 [INFO]     Scanning NSE:MANKIND-EQ (5min) | Range 09:35-10:35 | Price=2090.80 > VAH=2084.00? | CVD=4520 > Ref=5023? | POC=2084.00 | VAL=2078.00
2026-01-27 12:03:42,901 [INFO]     Scanning NSE:BLUESTARCO-EQ (5min) | Range 09:35-10:35 | Price=1688.60 > VAH=1694.35? | CVD=14447 > Ref=27628? | POC=1694.35 | VAL=1684.95
2026-01-27 12:03:42,994 [INFO]     Scanning NSE:MFSL-EQ (5min) | Range 09:35-10:35 | Price=1593.00 > VAH=1593.60? | CVD=42898 > Ref=2550? | POC=1590.00 | VAL=1587.60
2026-01-27 12:03:43,088 [INFO]     Scanning NSE:RELIANCE-EQ (5min) | Range 09:35-10:35 | Price=1390.40 > VAH=1388.10? | CVD=320730 > Ref=55368? | POC=1382.85 | VAL=1381.80
2026-01-27 12:03:43,167 [INFO]     Scanning NSE:NAUKRI-EQ (5min) | Range 09:35-10:35 | Price=1283.20 > VAH=1292.80? | CVD=84508 > Ref=51866? | POC=1289.60 | VAL=1288.00
2026-01-27 12:03:43,257 [INFO]     Scanning NSE:NUVAMA-EQ (5min) | Range 09:35-10:35 | Price=1285.90 > VAH=1283.50? | CVD=-53719 > Ref=62008? | POC=1279.25 | VAL=1262.25
2026-01-27 12:03:43,339 [INFO]     Scanning NSE:KPITTECH-EQ (5min) | Range 09:35-10:35 | Price=1104.90 > VAH=1112.25? | CVD=25939 > Ref=11686? | POC=1111.50 | VAL=1110.00
2026-01-27 12:03:43,435 [INFO]     Scanning NSE:LODHA-EQ (5min) | Range 09:35-10:35 | Price=896.10 > VAH=874.35? | CVD=674539 > Ref=44807? | POC=874.35 | VAL=868.55
2026-01-27 12:03:43,508 [INFO]     Scanning NSE:HDFCLIFE-EQ (5min) | Range 09:35-10:35 | Price=717.45 > VAH=714.50? | CVD=-136801 > Ref=17111? | POC=713.50 | VAL=712.50
2026-01-27 12:03:43,566 [INFO]     Scanning NSE:INDHOTEL-EQ (5min) | Range 09:35-10:35 | Price=644.60 > VAH=641.90? | CVD=-104328 > Ref=64541? | POC=641.20 | VAL=640.50
2026-01-27 12:03:43,653 [INFO]     Scanning NSE:ICICIPRULI-EQ (5min) | Range 09:35-10:35 | Price=643.10 > VAH=640.50? | CVD=87127 > Ref=24713? | POC=640.50 | VAL=634.90
2026-01-27 12:03:43,745 [INFO]     Scanning NSE:CGPOWER-EQ (5min) | Range 09:35-10:35 | Price=545.45 > VAH=546.70? | CVD=398328 > Ref=295533? | POC=546.70 | VAL=544.50
2026-01-27 12:03:43,810 [INFO]     Scanning NSE:LICHSGFIN-EQ (5min) | Range 09:35-10:35 | Price=505.20 > VAH=506.10? | CVD=71307 > Ref=41287? | POC=505.75 | VAL=505.05
2026-01-27 12:03:43,867 [INFO]     Scanning NSE:CONCOR-EQ (5min) | Range 09:35-10:35 | Price=481.05 > VAH=480.90? | CVD=4744 > Ref=15532? | POC=480.20 | VAL=474.60
2026-01-27 12:03:43,970 [INFO]     Scanning NSE:NYKAA-EQ (5min) | Range 09:35-10:35 | Price=234.30 > VAH=236.50? | CVD=345875 > Ref=106592? | POC=235.25 | VAL=235.25
2026-01-27 12:03:44,068 [INFO]     Scanning NSE:WIPRO-EQ (5min) | Range 09:35-10:35 | Price=234.20 > VAH=233.70? | CVD=-95508 > Ref=6314? | POC=233.55 | VAL=233.25
2026-01-27 12:03:44,164 [INFO]     Scanning NSE:HUDCO-EQ (5min) | Range 09:35-10:35 | Price=196.96 > VAH=197.40? | CVD=44737 > Ref=29578? | POC=197.00 | VAL=196.40
2026-01-27 12:03:44,256 [INFO]     Scanning NSE:GAIL-EQ (5min) | Range 09:35-10:35 | Price=159.63 > VAH=159.90? | CVD=-6030170 > Ref=152319? | POC=159.60 | VAL=159.50
2026-01-27 12:03:44,322 [INFO]     Scanning NSE:IEX-EQ (5min) | Range 09:35-10:35 | Price=126.16 > VAH=126.60? | CVD=-340148 > Ref=0? | POC=126.30 | VAL=126.00
2026-01-27 12:03:44,409 [INFO]     Scanning NSE:INOXWIND-EQ (5min) | Range 09:35-10:35 | Price=103.95 > VAH=103.50? | CVD=307549 > Ref=42362? | POC=103.40 | VAL=102.90
2026-01-27 12:03:44,506 [INFO]     Scanning NSE:NBCC-EQ (5min) | Range 09:35-10:35 | Price=95.74 > VAH=95.75? | CVD=605135 > Ref=195713? | POC=95.70 | VAL=95.40
2026-01-27 12:03:52,481 [INFO] 🔍 Scanning for alerts on 35 symbols (5min)...
2026-01-27 12:04:44,509 [INFO] 🔍 Scanning for alerts on 23 symbols (5min)...
2026-01-27 12:04:44,603 [INFO]     Scanning NSE:AMBER-EQ (5min) | Range 09:35-10:35 | Price=5485.50 > VAH=5468.40? | CVD=-49177 > Ref=0? | POC=5459.10 | VAL=5412.60
2026-01-27 12:04:44,685 [INFO]     Scanning NSE:KAYNES-EQ (5min) | Range 09:35-10:35 | Price=3345.60 > VAH=3357.20? | CVD=-57275 > Ref=7461? | POC=3340.85 | VAL=3335.40
2026-01-27 12:04:44,783 [INFO]     Scanning NSE:MANKIND-EQ (5min) | Range 09:35-10:35 | Price=2092.10 > VAH=2084.00? | CVD=4746 > Ref=5023? | POC=2084.00 | VAL=2078.00
2026-01-27 12:04:44,863 [INFO]     Scanning NSE:BLUESTARCO-EQ (5min) | Range 09:35-10:35 | Price=1688.60 > VAH=1694.35? | CVD=14447 > Ref=27628? | POC=1694.35 | VAL=1684.95
2026-01-27 12:04:44,924 [INFO]     Scanning NSE:MFSL-EQ (5min) | Range 09:35-10:35 | Price=1595.80 > VAH=1593.60? | CVD=45204 > Ref=2550? | POC=1590.00 | VAL=1587.60
2026-01-27 12:04:44,981 [INFO]     Scanning NSE:RELIANCE-EQ (5min) | Range 09:35-10:35 | Price=1390.10 > VAH=1388.10? | CVD=301602 > Ref=55368? | POC=1382.85 | VAL=1381.80
2026-01-27 12:04:45,068 [INFO]     Scanning NSE:NAUKRI-EQ (5min) | Range 09:35-10:35 | Price=1283.10 > VAH=1292.80? | CVD=84787 > Ref=51866? | POC=1289.60 | VAL=1288.00
2026-01-27 12:04:45,143 [INFO]     Scanning NSE:NUVAMA-EQ (5min) | Range 09:35-10:35 | Price=1285.00 > VAH=1283.50? | CVD=-59898 > Ref=62008? | POC=1279.25 | VAL=1262.25
2026-01-27 12:04:45,232 [INFO]     Scanning NSE:KPITTECH-EQ (5min) | Range 09:35-10:35 | Price=1103.50 > VAH=1112.25? | CVD=24796 > Ref=11686? | POC=1111.50 | VAL=1110.00
2026-01-27 12:04:46,666 [INFO]     Scanning NSE:LODHA-EQ (5min) | Range 09:35-10:35 | Price=896.90 > VAH=874.35? | CVD=679356 > Ref=44807? | POC=874.35 | VAL=868.55
2026-01-27 12:04:46,747 [INFO]     Scanning NSE:HDFCLIFE-EQ (5min) | Range 09:35-10:35 | Price=718.75 > VAH=714.50? | CVD=-87586 > Ref=17111? | POC=713.50 | VAL=712.50
2026-01-27 12:04:46,839 [INFO]     Scanning NSE:INDHOTEL-EQ (5min) | Range 09:35-10:35 | Price=644.35 > VAH=641.90? | CVD=-107965 > Ref=64541? | POC=641.20 | VAL=640.50
2026-01-27 12:04:46,930 [INFO]     Scanning NSE:ICICIPRULI-EQ (5min) | Range 09:35-10:35 | Price=642.75 > VAH=640.50? | CVD=84777 > Ref=24713? | POC=640.50 | VAL=634.90
2026-01-27 12:04:47,014 [INFO]     Scanning NSE:CGPOWER-EQ (5min) | Range 09:35-10:35 | Price=545.30 > VAH=546.70? | CVD=405593 > Ref=295533? | POC=546.70 | VAL=544.50
2026-01-27 12:04:47,104 [INFO]     Scanning NSE:LICHSGFIN-EQ (5min) | Range 09:35-10:35 | Price=504.95 > VAH=506.10? | CVD=70293 > Ref=41287? | POC=505.75 | VAL=505.05
2026-01-27 12:04:47,196 [INFO]     Scanning NSE:CONCOR-EQ (5min) | Range 09:35-10:35 | Price=480.90 > VAH=480.90? | CVD=2345 > Ref=15532? | POC=480.20 | VAL=474.60
2026-01-27 12:04:47,299 [INFO]     Scanning NSE:NYKAA-EQ (5min) | Range 09:35-10:35 | Price=234.55 > VAH=236.50? | CVD=358868 > Ref=106592? | POC=235.25 | VAL=235.25
2026-01-27 12:04:47,376 [INFO]     Scanning NSE:WIPRO-EQ (5min) | Range 09:35-10:35 | Price=234.25 > VAH=233.70? | CVD=-82410 > Ref=6314? | POC=233.55 | VAL=233.25
2026-01-27 12:04:47,466 [INFO]     Scanning NSE:HUDCO-EQ (5min) | Range 09:35-10:35 | Price=196.94 > VAH=197.40? | CVD=44518 > Ref=29578? | POC=197.00 | VAL=196.40
2026-01-27 12:04:47,555 [INFO]     Scanning NSE:GAIL-EQ (5min) | Range 09:35-10:35 | Price=159.68 > VAH=159.90? | CVD=-6003956 > Ref=152319? | POC=159.60 | VAL=159.50
2026-01-27 12:04:47,649 [INFO]     Scanning NSE:IEX-EQ (5min) | Range 09:35-10:35 | Price=126.31 > VAH=126.60? | CVD=-303113 > Ref=0? | POC=126.30 | VAL=126.00
2026-01-27 12:04:47,749 [INFO]     Scanning NSE:INOXWIND-EQ (5min) | Range 09:35-10:35 | Price=103.95 > VAH=103.50? | CVD=309751 > Ref=42362? | POC=103.40 | VAL=102.90
2026-01-27 12:04:47,819 [INFO]     Scanning NSE:NBCC-EQ (5min) | Range 09:35-10:35 | Price=95.74 > VAH=95.75? | CVD=611700 > Ref=195713? | POC=95.70 | VAL=95.40
2026-01-27 12:04:54,772 [INFO] 🔍 Scanning for alerts on 35 symbols (5min)...
2026-01-27 12:05:47,820 [INFO] 🔍 Scanning for alerts on 23 symbols (5min)...
2026-01-27 12:05:47,925 [INFO]     Scanning NSE:AMBER-EQ (5min) | Range 09:35-10:35 | Price=5483.50 > VAH=5468.40? | CVD=-51007 > Ref=0? | POC=5459.10 | VAL=5412.60
2026-01-27 12:05:48,019 [INFO]     Scanning NSE:KAYNES-EQ (5min) | Range 09:35-10:35 | Price=3340.80 > VAH=3357.20? | CVD=-58201 > Ref=7461? | POC=3340.85 | VAL=3335.40
2026-01-27 12:05:48,099 [INFO]     Scanning NSE:MANKIND-EQ (5min) | Range 09:35-10:35 | Price=2091.10 > VAH=2084.00? | CVD=5003 > Ref=5023? | POC=2084.00 | VAL=2078.00
2026-01-27 12:05:48,193 [INFO]     Scanning NSE:BLUESTARCO-EQ (5min) | Range 09:35-10:35 | Price=1689.40 > VAH=1694.35? | CVD=14454 > Ref=27628? | POC=1694.35 | VAL=1684.95
2026-01-27 12:05:48,257 [INFO]     Scanning NSE:MFSL-EQ (5min) | Range 09:35-10:35 | Price=1594.40 > VAH=1593.60? | CVD=44797 > Ref=2550? | POC=1590.00 | VAL=1587.60
2026-01-27 12:05:48,342 [INFO]     Scanning NSE:RELIANCE-EQ (5min) | Range 09:35-10:35 | Price=1389.80 > VAH=1388.10? | CVD=284552 > Ref=55368? | POC=1382.85 | VAL=1381.80
2026-01-27 12:05:48,432 [INFO]     Scanning NSE:NAUKRI-EQ (5min) | Range 09:35-10:35 | Price=1281.90 > VAH=1292.80? | CVD=80532 > Ref=51866? | POC=1289.60 | VAL=1288.00
2026-01-27 12:05:48,524 [INFO]     Scanning NSE:NUVAMA-EQ (5min) | Range 09:35-10:35 | Price=1283.80 > VAH=1283.50? | CVD=-60936 > Ref=62008? | POC=1279.25 | VAL=1262.25
2026-01-27 12:05:48,624 [INFO]     Scanning NSE:KPITTECH-EQ (5min) | Range 09:35-10:35 | Price=1104.70 > VAH=1112.25? | CVD=27520 > Ref=11686? | POC=1111.50 | VAL=1110.00
2026-01-27 12:05:48,725 [INFO]     Scanning NSE:LODHA-EQ (5min) | Range 09:35-10:35 | Price=896.00 > VAH=874.35? | CVD=675260 > Ref=44807? | POC=874.35 | VAL=868.55
2026-01-27 12:05:48,817 [INFO]     Scanning NSE:HDFCLIFE-EQ (5min) | Range 09:35-10:35 | Price=717.95 > VAH=714.50? | CVD=-88647 > Ref=17111? | POC=713.50 | VAL=712.50
2026-01-27 12:05:48,908 [INFO]     Scanning NSE:INDHOTEL-EQ (5min) | Range 09:35-10:35 | Price=644.35 > VAH=641.90? | CVD=-71940 > Ref=64541? | POC=641.20 | VAL=640.50
2026-01-27 12:05:48,971 [INFO]     Scanning NSE:ICICIPRULI-EQ (5min) | Range 09:35-10:35 | Price=642.50 > VAH=640.50? | CVD=84354 > Ref=24713? | POC=640.50 | VAL=634.90
2026-01-27 12:05:49,026 [INFO]     Scanning NSE:CGPOWER-EQ (5min) | Range 09:35-10:35 | Price=544.45 > VAH=546.70? | CVD=399968 > Ref=295533? | POC=546.70 | VAL=544.50
2026-01-27 12:05:49,107 [INFO]     Scanning NSE:LICHSGFIN-EQ (5min) | Range 09:35-10:35 | Price=504.85 > VAH=506.10? | CVD=69912 > Ref=41287? | POC=505.75 | VAL=505.05
2026-01-27 12:05:49,182 [INFO]     Scanning NSE:CONCOR-EQ (5min) | Range 09:35-10:35 | Price=480.70 > VAH=480.90? | CVD=-791 > Ref=15532? | POC=480.20 | VAL=474.60
2026-01-27 12:05:49,260 [INFO]     Scanning NSE:NYKAA-EQ (5min) | Range 09:35-10:35 | Price=234.40 > VAH=236.50? | CVD=356683 > Ref=106592? | POC=235.25 | VAL=235.25
2026-01-27 12:05:49,343 [INFO]     Scanning NSE:WIPRO-EQ (5min) | Range 09:35-10:35 | Price=233.85 > VAH=233.70? | CVD=-120129 > Ref=6314? | POC=233.55 | VAL=233.25
2026-01-27 12:05:49,427 [INFO]     Scanning NSE:HUDCO-EQ (5min) | Range 09:35-10:35 | Price=196.73 > VAH=197.40? | CVD=43385 > Ref=29578? | POC=197.00 | VAL=196.40
2026-01-27 12:05:49,497 [INFO]     Scanning NSE:GAIL-EQ (5min) | Range 09:35-10:35 | Price=159.60 > VAH=159.90? | CVD=-6032062 > Ref=152319? | POC=159.60 | VAL=159.50
2026-01-27 12:05:49,605 [INFO]     Scanning NSE:IEX-EQ (5min) | Range 09:35-10:35 | Price=126.27 > VAH=126.60? | CVD=-306747 > Ref=0? | POC=126.30 | VAL=126.00
2026-01-27 12:05:49,698 [INFO]     Scanning NSE:INOXWIND-EQ (5min) | Range 09:35-10:35 | Price=103.98 > VAH=103.50? | CVD=314927 > Ref=42362? | POC=103.40 | VAL=102.90
2026-01-27 12:05:49,788 [INFO]     Scanning NSE:NBCC-EQ (5min) | Range 09:35-10:35 | Price=95.71 > VAH=95.75? | CVD=609450 > Ref=195713? | POC=95.70 | VAL=95.40
2026-01-27 12:05:57,441 [INFO] 🔍 Scanning for alerts on 35 symbols (5min)...
2026-01-27 12:06:49,790 [INFO] 🔍 Scanning for alerts on 23 symbols (5min)...
2026-01-27 12:06:49,895 [INFO]     Scanning NSE:AMBER-EQ (5min) | Range 09:35-10:35 | Price=5476.50 > VAH=5468.40? | CVD=-54683 > Ref=0? | POC=5459.10 | VAL=5412.60
2026-01-27 12:06:49,979 [INFO]     Scanning NSE:KAYNES-EQ (5min) | Range 09:35-10:35 | Price=3343.00 > VAH=3357.20? | CVD=-57488 > Ref=7461? | POC=3340.85 | VAL=3335.40
2026-01-27 12:06:50,063 [INFO]     Scanning NSE:MANKIND-EQ (5min) | Range 09:35-10:35 | Price=2091.30 > VAH=2084.00? | CVD=5166 > Ref=5023? | POC=2084.00 | VAL=2078.00
2026-01-27 12:06:50,138 [INFO]     Scanning NSE:BLUESTARCO-EQ (5min) | Range 09:35-10:35 | Price=1688.20 > VAH=1694.35? | CVD=14252 > Ref=27628? | POC=1694.35 | VAL=1684.95
2026-01-27 12:06:50,244 [INFO]     Scanning NSE:MFSL-EQ (5min) | Range 09:35-10:35 | Price=1593.80 > VAH=1593.60? | CVD=44662 > Ref=2550? | POC=1590.00 | VAL=1587.60
2026-01-27 12:06:50,335 [INFO]     Scanning NSE:RELIANCE-EQ (5min) | Range 09:35-10:35 | Price=1390.50 > VAH=1388.10? | CVD=303119 > Ref=55368? | POC=1382.85 | VAL=1381.80
2026-01-27 12:06:50,435 [INFO]     Scanning NSE:NAUKRI-EQ (5min) | Range 09:35-10:35 | Price=1280.10 > VAH=1292.80? | CVD=72397 > Ref=51866? | POC=1289.60 | VAL=1288.00
2026-01-27 12:06:50,525 [INFO]     Scanning NSE:NUVAMA-EQ (5min) | Range 09:35-10:35 | Price=1282.10 > VAH=1283.50? | CVD=-66480 > Ref=62008? | POC=1279.25 | VAL=1262.25
2026-01-27 12:06:50,626 [INFO]     Scanning NSE:KPITTECH-EQ (5min) | Range 09:35-10:35 | Price=1103.30 > VAH=1112.25? | CVD=26995 > Ref=11686? | POC=1111.50 | VAL=1110.00
2026-01-27 12:06:50,720 [INFO]     Scanning NSE:LODHA-EQ (5min) | Range 09:35-10:35 | Price=896.70 > VAH=874.35? | CVD=679313 > Ref=44807? | POC=874.35 | VAL=868.55
2026-01-27 12:06:50,810 [INFO]     Scanning NSE:HDFCLIFE-EQ (5min) | Range 09:35-10:35 | Price=718.25 > VAH=714.50? | CVD=-85592 > Ref=17111? | POC=713.50 | VAL=712.50
2026-01-27 12:06:50,899 [INFO]     Scanning NSE:INDHOTEL-EQ (5min) | Range 09:35-10:35 | Price=644.55 > VAH=641.90? | CVD=-56733 > Ref=64541? | POC=641.20 | VAL=640.50
2026-01-27 12:06:50,997 [INFO]     Scanning NSE:ICICIPRULI-EQ (5min) | Range 09:35-10:35 | Price=642.50 > VAH=640.50? | CVD=84321 > Ref=24713? | POC=640.50 | VAL=634.90
2026-01-27 12:06:51,065 [INFO]     Scanning NSE:CGPOWER-EQ (5min) | Range 09:35-10:35 | Price=544.60 > VAH=546.70? | CVD=406230 > Ref=295533? | POC=546.70 | VAL=544.50
2026-01-27 12:06:51,160 [INFO]     Scanning NSE:LICHSGFIN-EQ (5min) | Range 09:35-10:35 | Price=504.75 > VAH=506.10? | CVD=70161 > Ref=41287? | POC=505.75 | VAL=505.05
2026-01-27 12:06:51,237 [INFO]     Scanning NSE:CONCOR-EQ (5min) | Range 09:35-10:35 | Price=480.80 > VAH=480.90? | CVD=-48 > Ref=15532? | POC=480.20 | VAL=474.60
2026-01-27 12:06:51,341 [INFO]     Scanning NSE:NYKAA-EQ (5min) | Range 09:35-10:35 | Price=234.50 > VAH=236.50? | CVD=358131 > Ref=106592? | POC=235.25 | VAL=235.25
2026-01-27 12:06:51,435 [INFO]     Scanning NSE:WIPRO-EQ (5min) | Range 09:35-10:35 | Price=234.00 > VAH=233.70? | CVD=-90743 > Ref=6314? | POC=233.55 | VAL=233.25
2026-01-27 12:06:51,543 [INFO]     Scanning NSE:HUDCO-EQ (5min) | Range 09:35-10:35 | Price=196.88 > VAH=197.40? | CVD=44222 > Ref=29578? | POC=197.00 | VAL=196.40
2026-01-27 12:06:51,635 [INFO]     Scanning NSE:GAIL-EQ (5min) | Range 09:35-10:35 | Price=159.52 > VAH=159.90? | CVD=-6062781 > Ref=152319? | POC=159.60 | VAL=159.50
2026-01-27 12:06:51,735 [INFO]     Scanning NSE:IEX-EQ (5min) | Range 09:35-10:35 | Price=126.19 > VAH=126.60? | CVD=-316538 > Ref=0? | POC=126.30 | VAL=126.00
2026-01-27 12:06:51,820 [INFO]     Scanning NSE:INOXWIND-EQ (5min) | Range 09:35-10:35 | Price=103.96 > VAH=103.50? | CVD=314120 > Ref=42362? | POC=103.40 | VAL=102.90
2026-01-27 12:06:51,914 [INFO]     Scanning NSE:NBCC-EQ (5min) | Range 09:35-10:35 | Price=95.66 > VAH=95.75? | CVD=608243 > Ref=195713? | POC=95.70 | VAL=95.40
2026-01-27 12:06:59,427 [INFO] 🔍 Scanning for alerts on 35 symbols (5min)...
2026-01-27 12:07:51,916 [INFO] 🔍 Scanning for alerts on 23 symbols (5min)...
2026-01-27 12:07:52,007 [INFO]     Scanning NSE:AMBER-EQ (5min) | Range 09:35-10:35 | Price=5477.50 > VAH=5468.40? | CVD=-52018 > Ref=0? | POC=5459.10 | VAL=5412.60
2026-01-27 12:07:52,102 [INFO]     Scanning NSE:KAYNES-EQ (5min) | Range 09:35-10:35 | Price=3342.00 > VAH=3357.20? | CVD=-57945 > Ref=7461? | POC=3340.85 | VAL=3335.40
2026-01-27 12:07:52,196 [INFO]     Scanning NSE:MANKIND-EQ (5min) | Range 09:35-10:35 | Price=2090.20 > VAH=2084.00? | CVD=3693 > Ref=5023? | POC=2084.00 | VAL=2078.00
2026-01-27 12:07:52,286 [INFO]     Scanning NSE:BLUESTARCO-EQ (5min) | Range 09:35-10:35 | Price=1687.50 > VAH=1694.35? | CVD=14239 > Ref=27628? | POC=1694.35 | VAL=1684.95
2026-01-27 12:07:52,385 [INFO]     Scanning NSE:MFSL-EQ (5min) | Range 09:35-10:35 | Price=1593.30 > VAH=1593.60? | CVD=44497 > Ref=2550? | POC=1590.00 | VAL=1587.60
2026-01-27 12:07:52,487 [INFO]     Scanning NSE:RELIANCE-EQ (5min) | Range 09:35-10:35 | Price=1390.40 > VAH=1388.10? | CVD=312386 > Ref=55368? | POC=1382.85 | VAL=1381.80
2026-01-27 12:07:52,574 [INFO]     Scanning NSE:NAUKRI-EQ (5min) | Range 09:35-10:35 | Price=1280.90 > VAH=1292.80? | CVD=78715 > Ref=51866? | POC=1289.60 | VAL=1288.00
2026-01-27 12:07:52,667 [INFO]     Scanning NSE:NUVAMA-EQ (5min) | Range 09:35-10:35 | Price=1279.80 > VAH=1283.50? | CVD=-68309 > Ref=62008? | POC=1279.25 | VAL=1262.25
2026-01-27 12:07:52,730 [INFO]     Scanning NSE:KPITTECH-EQ (5min) | Range 09:35-10:35 | Price=1103.30 > VAH=1112.25? | CVD=26507 > Ref=11686? | POC=1111.50 | VAL=1110.00
2026-01-27 12:07:52,785 [INFO]     Scanning NSE:LODHA-EQ (5min) | Range 09:35-10:35 | Price=897.30 > VAH=874.35? | CVD=687156 > Ref=44807? | POC=874.35 | VAL=868.55
2026-01-27 12:07:52,847 [INFO]     Scanning NSE:HDFCLIFE-EQ (5min) | Range 09:35-10:35 | Price=717.90 > VAH=714.50? | CVD=-87645 > Ref=17111? | POC=713.50 | VAL=712.50
2026-01-27 12:07:52,932 [INFO]     Scanning NSE:INDHOTEL-EQ (5min) | Range 09:35-10:35 | Price=644.85 > VAH=641.90? | CVD=-48557 > Ref=64541? | POC=641.20 | VAL=640.50
2026-01-27 12:07:53,021 [INFO]     Scanning NSE:ICICIPRULI-EQ (5min) | Range 09:35-10:35 | Price=642.50 > VAH=640.50? | CVD=82655 > Ref=24713? | POC=640.50 | VAL=634.90
2026-01-27 12:07:53,113 [INFO]     Scanning NSE:CGPOWER-EQ (5min) | Range 09:35-10:35 | Price=544.55 > VAH=546.70? | CVD=396505 > Ref=295533? | POC=546.70 | VAL=544.50
2026-01-27 12:07:53,208 [INFO]     Scanning NSE:LICHSGFIN-EQ (5min) | Range 09:35-10:35 | Price=504.70 > VAH=506.10? | CVD=69317 > Ref=41287? | POC=505.75 | VAL=505.05
2026-01-27 12:07:53,300 [INFO]     Scanning NSE:CONCOR-EQ (5min) | Range 09:35-10:35 | Price=480.85 > VAH=480.90? | CVD=296 > Ref=15532? | POC=480.20 | VAL=474.60
2026-01-27 12:07:53,363 [INFO]     Scanning NSE:NYKAA-EQ (5min) | Range 09:35-10:35 | Price=234.50 > VAH=236.50? | CVD=359863 > Ref=106592? | POC=235.25 | VAL=235.25
2026-01-27 12:07:53,455 [INFO]     Scanning NSE:WIPRO-EQ (5min) | Range 09:35-10:35 | Price=234.00 > VAH=233.70? | CVD=-79651 > Ref=6314? | POC=233.55 | VAL=233.25
2026-01-27 12:07:53,530 [INFO]     Scanning NSE:HUDCO-EQ (5min) | Range 09:35-10:35 | Price=196.79 > VAH=197.40? | CVD=42171 > Ref=29578? | POC=197.00 | VAL=196.40
2026-01-27 12:07:53,601 [INFO] 🚀 [STRATEGY ALERT] NSE:GAIL-EQ (5min) triggered at 12:05!
2026-01-27 12:07:53,602 [INFO]     ✅ Price: 159.42 < FRVP VAL: 159.50
2026-01-27 12:07:53,603 [INFO]     ✅ CVD:   -6098969 < CVD Ref:  152319
2026-01-27 12:07:53,603 [INFO]     ℹ️  FRVP Info: POC=159.60, VAL=159.50
2026-01-27 12:07:53,604 [INFO]     Scanning NSE:GAIL-EQ (5min) | Range 09:35-10:35 | Price=159.42 > VAH=159.90? | CVD=-6098969 > Ref=152319? | POC=159.60 | VAL=159.50
2026-01-27 12:07:53,695 [INFO]     Scanning NSE:IEX-EQ (5min) | Range 09:35-10:35 | Price=126.19 > VAH=126.60? | CVD=-328995 > Ref=0? | POC=126.30 | VAL=126.00
2026-01-27 12:07:53,771 [INFO]     Scanning NSE:INOXWIND-EQ (5min) | Range 09:35-10:35 | Price=104.00 > VAH=103.50? | CVD=317352 > Ref=42362? | POC=103.40 | VAL=102.90
2026-01-27 12:07:53,858 [INFO]     Scanning NSE:NBCC-EQ (5min) | Range 09:35-10:35 | Price=95.63 > VAH=95.75? | CVD=601780 > Ref=195713? | POC=95.70 | VAL=95.40
2026-01-27 12:08:02,292 [INFO] 🔍 Scanning for alerts on 35 symbols (5min)...
2026-01-27 12:08:54,933 [INFO] 🔍 Scanning for alerts on 22 symbols (5min)...
2026-01-27 12:08:55,039 [INFO]     Scanning NSE:AMBER-EQ (5min) | Range 09:35-10:35 | Price=5479.50 > VAH=5468.40? | CVD=-48146 > Ref=0? | POC=5459.10 | VAL=5412.60
2026-01-27 12:08:55,125 [INFO]     Scanning NSE:KAYNES-EQ (5min) | Range 09:35-10:35 | Price=3340.00 > VAH=3357.20? | CVD=-58236 > Ref=7461? | POC=3340.85 | VAL=3335.40
2026-01-27 12:08:55,203 [INFO]     Scanning NSE:MANKIND-EQ (5min) | Range 09:35-10:35 | Price=2090.00 > VAH=2084.00? | CVD=3334 > Ref=5023? | POC=2084.00 | VAL=2078.00
2026-01-27 12:08:55,312 [INFO]     Scanning NSE:BLUESTARCO-EQ (5min) | Range 09:35-10:35 | Price=1687.50 > VAH=1694.35? | CVD=13988 > Ref=27628? | POC=1694.35 | VAL=1684.95
2026-01-27 12:08:55,395 [INFO]     Scanning NSE:MFSL-EQ (5min) | Range 09:35-10:35 | Price=1593.30 > VAH=1593.60? | CVD=44341 > Ref=2550? | POC=1590.00 | VAL=1587.60
2026-01-27 12:08:55,477 [INFO]     Scanning NSE:RELIANCE-EQ (5min) | Range 09:35-10:35 | Price=1390.20 > VAH=1388.10? | CVD=300067 > Ref=55368? | POC=1382.85 | VAL=1381.80
2026-01-27 12:08:55,540 [INFO]     Scanning NSE:NAUKRI-EQ (5min) | Range 09:35-10:35 | Price=1280.30 > VAH=1292.80? | CVD=70468 > Ref=51866? | POC=1289.60 | VAL=1288.00
2026-01-27 12:08:55,618 [INFO]     Scanning NSE:NUVAMA-EQ (5min) | Range 09:35-10:35 | Price=1279.40 > VAH=1283.50? | CVD=-69147 > Ref=62008? | POC=1279.25 | VAL=1262.25
2026-01-27 12:08:55,712 [INFO]     Scanning NSE:KPITTECH-EQ (5min) | Range 09:35-10:35 | Price=1103.20 > VAH=1112.25? | CVD=25979 > Ref=11686? | POC=1111.50 | VAL=1110.00
2026-01-27 12:08:55,779 [INFO]     Scanning NSE:LODHA-EQ (5min) | Range 09:35-10:35 | Price=896.60 > VAH=874.35? | CVD=682637 > Ref=44807? | POC=874.35 | VAL=868.55
2026-01-27 12:08:57,648 [INFO]     Scanning NSE:HDFCLIFE-EQ (5min) | Range 09:35-10:35 | Price=717.85 > VAH=714.50? | CVD=-89364 > Ref=17111? | POC=713.50 | VAL=712.50
2026-01-27 12:08:57,727 [INFO]     Scanning NSE:INDHOTEL-EQ (5min) | Range 09:35-10:35 | Price=644.60 > VAH=641.90? | CVD=-55122 > Ref=64541? | POC=641.20 | VAL=640.50
2026-01-27 12:08:57,807 [INFO]     Scanning NSE:ICICIPRULI-EQ (5min) | Range 09:35-10:35 | Price=642.50 > VAH=640.50? | CVD=82554 > Ref=24713? | POC=640.50 | VAL=634.90
2026-01-27 12:08:57,874 [INFO]     Scanning NSE:CGPOWER-EQ (5min) | Range 09:35-10:35 | Price=543.70 > VAH=546.70? | CVD=391449 > Ref=295533? | POC=546.70 | VAL=544.50
2026-01-27 12:08:57,968 [INFO]     Scanning NSE:LICHSGFIN-EQ (5min) | Range 09:35-10:35 | Price=504.65 > VAH=506.10? | CVD=68738 > Ref=41287? | POC=505.75 | VAL=505.05
2026-01-27 12:08:58,031 [INFO]     Scanning NSE:CONCOR-EQ (5min) | Range 09:35-10:35 | Price=479.95 > VAH=480.90? | CVD=-6929 > Ref=15532? | POC=480.20 | VAL=474.60
2026-01-27 12:08:58,116 [INFO]     Scanning NSE:NYKAA-EQ (5min) | Range 09:35-10:35 | Price=234.50 > VAH=236.50? | CVD=364537 > Ref=106592? | POC=235.25 | VAL=235.25
2026-01-27 12:08:58,191 [INFO]     Scanning NSE:WIPRO-EQ (5min) | Range 09:35-10:35 | Price=233.95 > VAH=233.70? | CVD=-101054 > Ref=6314? | POC=233.55 | VAL=233.25
2026-01-27 12:08:58,286 [INFO]     Scanning NSE:HUDCO-EQ (5min) | Range 09:35-10:35 | Price=196.77 > VAH=197.40? | CVD=38948 > Ref=29578? | POC=197.00 | VAL=196.40
2026-01-27 12:08:58,363 [INFO]     Scanning NSE:IEX-EQ (5min) | Range 09:35-10:35 | Price=126.09 > VAH=126.60? | CVD=-337408 > Ref=0? | POC=126.30 | VAL=126.00
2026-01-27 12:08:58,470 [INFO]     Scanning NSE:INOXWIND-EQ (5min) | Range 09:35-10:35 | Price=103.96 > VAH=103.50? | CVD=313680 > Ref=42362? | POC=103.40 | VAL=102.90
2026-01-27 12:08:58,572 [INFO]     Scanning NSE:NBCC-EQ (5min) | Range 09:35-10:35 | Price=95.58 > VAH=95.75? | CVD=599143 > Ref=195713? | POC=95.70 | VAL=95.40
2026-01-27 12:09:05,758 [INFO] 🔍 Scanning for alerts on 35 symbols (5min)...
2026-01-27 12:09:58,573 [INFO] 🔍 Scanning for alerts on 22 symbols (5min)...
2026-01-27 12:09:58,665 [INFO]     Scanning NSE:AMBER-EQ (5min) | Range 09:35-10:35 | Price=5482.00 > VAH=5468.40? | CVD=-46053 > Ref=0? | POC=5459.10 | VAL=5412.60
2026-01-27 12:09:58,730 [INFO]     Scanning NSE:KAYNES-EQ (5min) | Range 09:35-10:35 | Price=3343.70 > VAH=3357.20? | CVD=-56796 > Ref=7461? | POC=3340.85 | VAL=3335.40
2026-01-27 12:09:58,837 [INFO]     Scanning NSE:MANKIND-EQ (5min) | Range 09:35-10:35 | Price=2090.10 > VAH=2084.00? | CVD=4000 > Ref=5023? | POC=2084.00 | VAL=2078.00
2026-01-27 12:09:58,932 [INFO]     Scanning NSE:BLUESTARCO-EQ (5min) | Range 09:35-10:35 | Price=1688.10 > VAH=1694.35? | CVD=14590 > Ref=27628? | POC=1694.35 | VAL=1684.95
2026-01-27 12:10:00,737 [INFO]     Scanning NSE:MFSL-EQ (5min) | Range 09:35-10:35 | Price=1592.70 > VAH=1593.60? | CVD=44047 > Ref=2550? | POC=1590.00 | VAL=1587.60
2026-01-27 12:10:00,835 [INFO]     Scanning NSE:RELIANCE-EQ (5min) | Range 09:35-10:35 | Price=1390.20 > VAH=1388.10? | CVD=290407 > Ref=55368? | POC=1382.85 | VAL=1381.80
2026-01-27 12:10:00,926 [INFO]     Scanning NSE:NAUKRI-EQ (5min) | Range 09:35-10:35 | Price=1280.00 > VAH=1292.80? | CVD=67472 > Ref=51866? | POC=1289.60 | VAL=1288.00
2026-01-27 12:10:01,020 [INFO]     Scanning NSE:NUVAMA-EQ (5min) | Range 09:35-10:35 | Price=1279.20 > VAH=1283.50? | CVD=-70103 > Ref=62008? | POC=1279.25 | VAL=1262.25
2026-01-27 12:10:01,138 [INFO]     Scanning NSE:KPITTECH-EQ (5min) | Range 09:35-10:35 | Price=1102.80 > VAH=1112.25? | CVD=25235 > Ref=11686? | POC=1111.50 | VAL=1110.00
2026-01-27 12:10:01,233 [INFO]     Scanning NSE:LODHA-EQ (5min) | Range 09:35-10:35 | Price=896.80 > VAH=874.35? | CVD=679554 > Ref=44807? | POC=874.35 | VAL=868.55
2026-01-27 12:10:01,336 [INFO]     Scanning NSE:HDFCLIFE-EQ (5min) | Range 09:35-10:35 | Price=717.60 > VAH=714.50? | CVD=-92296 > Ref=17111? | POC=713.50 | VAL=712.50
2026-01-27 12:10:01,437 [INFO]     Scanning NSE:INDHOTEL-EQ (5min) | Range 09:35-10:35 | Price=644.90 > VAH=641.90? | CVD=-49238 > Ref=64541? | POC=641.20 | VAL=640.50
2026-01-27 12:10:01,542 [INFO]     Scanning NSE:ICICIPRULI-EQ (5min) | Range 09:35-10:35 | Price=642.50 > VAH=640.50? | CVD=82438 > Ref=24713? | POC=640.50 | VAL=634.90
2026-01-27 12:10:01,640 [INFO]     Scanning NSE:CGPOWER-EQ (5min) | Range 09:35-10:35 | Price=543.90 > VAH=546.70? | CVD=400617 > Ref=295533? | POC=546.70 | VAL=544.50
2026-01-27 12:10:01,747 [INFO]     Scanning NSE:LICHSGFIN-EQ (5min) | Range 09:35-10:35 | Price=504.70 > VAH=506.10? | CVD=69094 > Ref=41287? | POC=505.75 | VAL=505.05
2026-01-27 12:10:01,831 [INFO]     Scanning NSE:CONCOR-EQ (5min) | Range 09:35-10:35 | Price=480.40 > VAH=480.90? | CVD=668 > Ref=15532? | POC=480.20 | VAL=474.60
2026-01-27 12:10:01,915 [INFO]     Scanning NSE:NYKAA-EQ (5min) | Range 09:35-10:35 | Price=234.55 > VAH=236.50? | CVD=370580 > Ref=106592? | POC=235.25 | VAL=235.25
2026-01-27 12:10:02,022 [INFO]     Scanning NSE:WIPRO-EQ (5min) | Range 09:35-10:35 | Price=233.95 > VAH=233.70? | CVD=-96129 > Ref=6314? | POC=233.55 | VAL=233.25
2026-01-27 12:10:02,147 [INFO]     Scanning NSE:HUDCO-EQ (5min) | Range 09:35-10:35 | Price=196.71 > VAH=197.40? | CVD=38889 > Ref=29578? | POC=197.00 | VAL=196.40
2026-01-27 12:10:02,240 [INFO]     Scanning NSE:IEX-EQ (5min) | Range 09:35-10:35 | Price=126.09 > VAH=126.60? | CVD=-344917 > Ref=0? | POC=126.30 | VAL=126.00
2026-01-27 12:10:02,336 [INFO]     Scanning NSE:INOXWIND-EQ (5min) | Range 09:35-10:35 | Price=103.97 > VAH=103.50? | CVD=352218 > Ref=42362? | POC=103.40 | VAL=102.90
2026-01-27 12:10:02,430 [INFO]     Scanning NSE:NBCC-EQ (5min) | Range 09:35-10:35 | Price=95.68 > VAH=95.75? | CVD=627515 > Ref=195713? | POC=95.70 | VAL=95.40
2026-01-27 12:10:08,088 [INFO] 🔍 Scanning for alerts on 35 symbols (5min)...
2026-01-27 12:11:02,431 [INFO] 🔍 Scanning for alerts on 22 symbols (5min)...
2026-01-27 12:11:02,761 [INFO]     Scanning NSE:AMBER-EQ (5min) | Range 09:35-10:35 | Price=5479.50 > VAH=5468.40? | CVD=-48884 > Ref=0? | POC=5459.10 | VAL=5412.60
2026-01-27 12:11:02,861 [INFO]     Scanning NSE:KAYNES-EQ (5min) | Range 09:35-10:35 | Price=3342.30 > VAH=3357.20? | CVD=-57011 > Ref=7461? | POC=3340.85 | VAL=3335.40
2026-01-27 12:11:02,960 [INFO]     Scanning NSE:MANKIND-EQ (5min) | Range 09:35-10:35 | Price=2090.00 > VAH=2084.00? | CVD=3833 > Ref=5023? | POC=2084.00 | VAL=2078.00
2026-01-27 12:11:03,055 [INFO]     Scanning NSE:BLUESTARCO-EQ (5min) | Range 09:35-10:35 | Price=1688.00 > VAH=1694.35? | CVD=9098 > Ref=27628? | POC=1694.35 | VAL=1684.95
2026-01-27 12:11:03,151 [INFO]     Scanning NSE:MFSL-EQ (5min) | Range 09:35-10:35 | Price=1591.70 > VAH=1593.60? | CVD=43922 > Ref=2550? | POC=1590.00 | VAL=1587.60
2026-01-27 12:11:03,290 [INFO]     Scanning NSE:RELIANCE-EQ (5min) | Range 09:35-10:35 | Price=1390.80 > VAH=1388.10? | CVD=319858 > Ref=55368? | POC=1382.85 | VAL=1381.80
2026-01-27 12:11:03,396 [INFO]     Scanning NSE:NAUKRI-EQ (5min) | Range 09:35-10:35 | Price=1280.80 > VAH=1292.80? | CVD=68564 > Ref=51866? | POC=1289.60 | VAL=1288.00
2026-01-27 12:11:03,492 [INFO]     Scanning NSE:NUVAMA-EQ (5min) | Range 09:35-10:35 | Price=1281.00 > VAH=1283.50? | CVD=-67765 > Ref=62008? | POC=1279.25 | VAL=1262.25
2026-01-27 12:11:03,588 [INFO]     Scanning NSE:KPITTECH-EQ (5min) | Range 09:35-10:35 | Price=1104.20 > VAH=1112.25? | CVD=46386 > Ref=11686? | POC=1111.50 | VAL=1110.00
2026-01-27 12:11:03,696 [INFO]     Scanning NSE:LODHA-EQ (5min) | Range 09:35-10:35 | Price=897.40 > VAH=874.35? | CVD=683190 > Ref=44807? | POC=874.35 | VAL=868.55
2026-01-27 12:11:03,800 [INFO]     Scanning NSE:HDFCLIFE-EQ (5min) | Range 09:35-10:35 | Price=717.45 > VAH=714.50? | CVD=-94534 > Ref=17111? | POC=713.50 | VAL=712.50
2026-01-27 12:11:03,899 [INFO]     Scanning NSE:INDHOTEL-EQ (5min) | Range 09:35-10:35 | Price=645.00 > VAH=641.90? | CVD=-38987 > Ref=64541? | POC=641.20 | VAL=640.50
2026-01-27 12:11:04,004 [INFO]     Scanning NSE:ICICIPRULI-EQ (5min) | Range 09:35-10:35 | Price=642.50 > VAH=640.50? | CVD=82398 > Ref=24713? | POC=640.50 | VAL=634.90
2026-01-27 12:11:04,102 [INFO]     Scanning NSE:CGPOWER-EQ (5min) | Range 09:35-10:35 | Price=543.80 > VAH=546.70? | CVD=412872 > Ref=295533? | POC=546.70 | VAL=544.50
2026-01-27 12:11:04,183 [INFO]     Scanning NSE:LICHSGFIN-EQ (5min) | Range 09:35-10:35 | Price=504.40 > VAH=506.10? | CVD=68296 > Ref=41287? | POC=505.75 | VAL=505.05
2026-01-27 12:11:04,284 [INFO]     Scanning NSE:CONCOR-EQ (5min) | Range 09:35-10:35 | Price=480.60 > VAH=480.90? | CVD=5584 > Ref=15532? | POC=480.20 | VAL=474.60
2026-01-27 12:11:04,388 [INFO]     Scanning NSE:NYKAA-EQ (5min) | Range 09:35-10:35 | Price=234.55 > VAH=236.50? | CVD=385279 > Ref=106592? | POC=235.25 | VAL=235.25
2026-01-27 12:11:04,485 [INFO]     Scanning NSE:WIPRO-EQ (5min) | Range 09:35-10:35 | Price=233.95 > VAH=233.70? | CVD=-96129 > Ref=6314? | POC=233.55 | VAL=233.25
2026-01-27 12:11:04,583 [INFO]     Scanning NSE:HUDCO-EQ (5min) | Range 09:35-10:35 | Price=196.55 > VAH=197.40? | CVD=25124 > Ref=29578? | POC=197.00 | VAL=196.40
2026-01-27 12:11:04,686 [INFO]     Scanning NSE:IEX-EQ (5min) | Range 09:35-10:35 | Price=126.09 > VAH=126.60? | CVD=-342941 > Ref=0? | POC=126.30 | VAL=126.00
2026-01-27 12:11:04,856 [INFO]     Scanning NSE:INOXWIND-EQ (5min) | Range 09:35-10:35 | Price=103.97 > VAH=103.50? | CVD=352218 > Ref=42362? | POC=103.40 | VAL=102.90
2026-01-27 12:11:04,938 [INFO]     Scanning NSE:NBCC-EQ (5min) | Range 09:35-10:35 | Price=95.68 > VAH=95.75? | CVD=627515 > Ref=195713? | POC=95.70 | VAL=95.40
2026-01-27 12:11:10,197 [INFO] 🔍 Scanning for alerts on 35 symbols (5min)...
2026-01-27 12:12:04,939 [INFO] 🔍 Scanning for alerts on 22 symbols (5min)...
2026-01-27 12:12:05,058 [INFO]     Scanning NSE:AMBER-EQ (5min) | Range 09:35-10:35 | Price=5467.00 > VAH=5468.40? | CVD=-58516 > Ref=0? | POC=5459.10 | VAL=5412.60
2026-01-27 12:12:05,210 [INFO]     Scanning NSE:KAYNES-EQ (5min) | Range 09:35-10:35 | Price=3343.00 > VAH=3357.20? | CVD=-56156 > Ref=7461? | POC=3340.85 | VAL=3335.40
2026-01-27 12:12:05,321 [INFO]     Scanning NSE:MANKIND-EQ (5min) | Range 09:35-10:35 | Price=2090.00 > VAH=2084.00? | CVD=3438 > Ref=5023? | POC=2084.00 | VAL=2078.00
2026-01-27 12:12:05,395 [INFO]     Scanning NSE:BLUESTARCO-EQ (5min) | Range 09:35-10:35 | Price=1688.80 > VAH=1694.35? | CVD=9099 > Ref=27628? | POC=1694.35 | VAL=1684.95
2026-01-27 12:12:05,476 [INFO]     Scanning NSE:MFSL-EQ (5min) | Range 09:35-10:35 | Price=1593.00 > VAH=1593.60? | CVD=47376 > Ref=2550? | POC=1590.00 | VAL=1587.60
2026-01-27 12:12:05,540 [INFO]     Scanning NSE:RELIANCE-EQ (5min) | Range 09:35-10:35 | Price=1390.40 > VAH=1388.10? | CVD=302890 > Ref=55368? | POC=1382.85 | VAL=1381.80
2026-01-27 12:12:05,611 [INFO]     Scanning NSE:NAUKRI-EQ (5min) | Range 09:35-10:35 | Price=1280.50 > VAH=1292.80? | CVD=67056 > Ref=51866? | POC=1289.60 | VAL=1288.00
2026-01-27 12:12:05,689 [INFO]     Scanning NSE:NUVAMA-EQ (5min) | Range 09:35-10:35 | Price=1281.20 > VAH=1283.50? | CVD=-61302 > Ref=62008? | POC=1279.25 | VAL=1262.25
2026-01-27 12:12:05,783 [INFO]     Scanning NSE:KPITTECH-EQ (5min) | Range 09:35-10:35 | Price=1105.20 > VAH=1112.25? | CVD=63031 > Ref=11686? | POC=1111.50 | VAL=1110.00
2026-01-27 12:12:05,848 [INFO]     Scanning NSE:LODHA-EQ (5min) | Range 09:35-10:35 | Price=898.00 > VAH=874.35? | CVD=701289 > Ref=44807? | POC=874.35 | VAL=868.55
2026-01-27 12:12:05,939 [INFO]     Scanning NSE:HDFCLIFE-EQ (5min) | Range 09:35-10:35 | Price=718.05 > VAH=714.50? | CVD=-86130 > Ref=17111? | POC=713.50 | VAL=712.50
2026-01-27 12:12:06,010 [INFO]     Scanning NSE:INDHOTEL-EQ (5min) | Range 09:35-10:35 | Price=645.10 > VAH=641.90? | CVD=-47112 > Ref=64541? | POC=641.20 | VAL=640.50
2026-01-27 12:12:06,106 [INFO]     Scanning NSE:ICICIPRULI-EQ (5min) | Range 09:35-10:35 | Price=642.55 > VAH=640.50? | CVD=90050 > Ref=24713? | POC=640.50 | VAL=634.90
2026-01-27 12:12:06,222 [INFO]     Scanning NSE:CGPOWER-EQ (5min) | Range 09:35-10:35 | Price=543.75 > VAH=546.70? | CVD=417034 > Ref=295533? | POC=546.70 | VAL=544.50
2026-01-27 12:12:06,354 [INFO]     Scanning NSE:LICHSGFIN-EQ (5min) | Range 09:35-10:35 | Price=504.45 > VAH=506.10? | CVD=68402 > Ref=41287? | POC=505.75 | VAL=505.05
2026-01-27 12:12:06,440 [INFO]     Scanning NSE:CONCOR-EQ (5min) | Range 09:35-10:35 | Price=480.40 > VAH=480.90? | CVD=4023 > Ref=15532? | POC=480.20 | VAL=474.60
2026-01-27 12:12:06,509 [INFO]     Scanning NSE:NYKAA-EQ (5min) | Range 09:35-10:35 | Price=234.55 > VAH=236.50? | CVD=383775 > Ref=106592? | POC=235.25 | VAL=235.25
2026-01-27 12:12:06,586 [INFO]     Scanning NSE:WIPRO-EQ (5min) | Range 09:35-10:35 | Price=233.80 > VAH=233.70? | CVD=-125208 > Ref=6314? | POC=233.55 | VAL=233.25
2026-01-27 12:12:06,649 [INFO]     Scanning NSE:HUDCO-EQ (5min) | Range 09:35-10:35 | Price=196.50 > VAH=197.40? | CVD=24457 > Ref=29578? | POC=197.00 | VAL=196.40
2026-01-27 12:12:06,726 [INFO]     Scanning NSE:IEX-EQ (5min) | Range 09:35-10:35 | Price=126.01 > VAH=126.60? | CVD=-396340 > Ref=0? | POC=126.30 | VAL=126.00
2026-01-27 12:12:06,810 [INFO]     Scanning NSE:INOXWIND-EQ (5min) | Range 09:35-10:35 | Price=104.00 > VAH=103.50? | CVD=355536 > Ref=42362? | POC=103.40 | VAL=102.90
2026-01-27 12:12:06,925 [INFO]     Scanning NSE:NBCC-EQ (5min) | Range 09:35-10:35 | Price=95.69 > VAH=95.75? | CVD=623111 > Ref=195713? | POC=95.70 | VAL=95.40
2026-01-27 12:12:12,273 [INFO] 🔍 Scanning for alerts on 35 symbols (5min)...
2026-01-27 12:13:06,926 [INFO] 🔍 Scanning for alerts on 22 symbols (5min)...
2026-01-27 12:13:07,021 [INFO]     Scanning NSE:AMBER-EQ (5min) | Range 09:35-10:35 | Price=5468.50 > VAH=5468.40? | CVD=-56433 > Ref=0? | POC=5459.10 | VAL=5412.60
2026-01-27 12:13:07,122 [INFO]     Scanning NSE:KAYNES-EQ (5min) | Range 09:35-10:35 | Price=3344.30 > VAH=3357.20? | CVD=-54521 > Ref=7461? | POC=3340.85 | VAL=3335.40
2026-01-27 12:13:07,202 [INFO]     Scanning NSE:MANKIND-EQ (5min) | Range 09:35-10:35 | Price=2090.70 > VAH=2084.00? | CVD=3672 > Ref=5023? | POC=2084.00 | VAL=2078.00
2026-01-27 12:13:07,269 [INFO]     Scanning NSE:BLUESTARCO-EQ (5min) | Range 09:35-10:35 | Price=1688.80 > VAH=1694.35? | CVD=9238 > Ref=27628? | POC=1694.35 | VAL=1684.95
2026-01-27 12:13:07,360 [INFO]     Scanning NSE:MFSL-EQ (5min) | Range 09:35-10:35 | Price=1592.30 > VAH=1593.60? | CVD=47232 > Ref=2550? | POC=1590.00 | VAL=1587.60
2026-01-27 12:13:07,428 [INFO]     Scanning NSE:RELIANCE-EQ (5min) | Range 09:35-10:35 | Price=1389.60 > VAH=1388.10? | CVD=264168 > Ref=55368? | POC=1382.85 | VAL=1381.80
2026-01-27 12:13:07,519 [INFO]     Scanning NSE:NAUKRI-EQ (5min) | Range 09:35-10:35 | Price=1280.50 > VAH=1292.80? | CVD=66651 > Ref=51866? | POC=1289.60 | VAL=1288.00
2026-01-27 12:13:07,612 [INFO]     Scanning NSE:NUVAMA-EQ (5min) | Range 09:35-10:35 | Price=1284.00 > VAH=1283.50? | CVD=-59788 > Ref=62008? | POC=1279.25 | VAL=1262.25
2026-01-27 12:13:07,704 [INFO]     Scanning NSE:KPITTECH-EQ (5min) | Range 09:35-10:35 | Price=1105.50 > VAH=1112.25? | CVD=63692 > Ref=11686? | POC=1111.50 | VAL=1110.00
2026-01-27 12:13:07,796 [INFO]     Scanning NSE:LODHA-EQ (5min) | Range 09:35-10:35 | Price=897.30 > VAH=874.35? | CVD=695450 > Ref=44807? | POC=874.35 | VAL=868.55
2026-01-27 12:13:07,883 [INFO]     Scanning NSE:HDFCLIFE-EQ (5min) | Range 09:35-10:35 | Price=717.75 > VAH=714.50? | CVD=-116044 > Ref=17111? | POC=713.50 | VAL=712.50
2026-01-27 12:13:07,979 [INFO]     Scanning NSE:INDHOTEL-EQ (5min) | Range 09:35-10:35 | Price=645.00 > VAH=641.90? | CVD=-52954 > Ref=64541? | POC=641.20 | VAL=640.50
2026-01-27 12:13:08,149 [INFO]     Scanning NSE:ICICIPRULI-EQ (5min) | Range 09:35-10:35 | Price=642.50 > VAH=640.50? | CVD=89943 > Ref=24713? | POC=640.50 | VAL=634.90
2026-01-27 12:13:08,233 [INFO]     Scanning NSE:CGPOWER-EQ (5min) | Range 09:35-10:35 | Price=544.00 > VAH=546.70? | CVD=425733 > Ref=295533? | POC=546.70 | VAL=544.50
2026-01-27 12:13:08,320 [INFO]     Scanning NSE:LICHSGFIN-EQ (5min) | Range 09:35-10:35 | Price=504.20 > VAH=506.10? | CVD=67684 > Ref=41287? | POC=505.75 | VAL=505.05
2026-01-27 12:13:08,385 [INFO]     Scanning NSE:CONCOR-EQ (5min) | Range 09:35-10:35 | Price=480.45 > VAH=480.90? | CVD=4458 > Ref=15532? | POC=480.20 | VAL=474.60
2026-01-27 12:13:08,460 [INFO]     Scanning NSE:NYKAA-EQ (5min) | Range 09:35-10:35 | Price=234.50 > VAH=236.50? | CVD=374673 > Ref=106592? | POC=235.25 | VAL=235.25
2026-01-27 12:13:08,524 [INFO]     Scanning NSE:WIPRO-EQ (5min) | Range 09:35-10:35 | Price=233.75 > VAH=233.70? | CVD=-142077 > Ref=6314? | POC=233.55 | VAL=233.25
2026-01-27 12:13:08,607 [INFO]     Scanning NSE:HUDCO-EQ (5min) | Range 09:35-10:35 | Price=196.51 > VAH=197.40? | CVD=26126 > Ref=29578? | POC=197.00 | VAL=196.40
2026-01-27 12:13:08,669 [INFO]     Scanning NSE:IEX-EQ (5min) | Range 09:35-10:35 | Price=126.03 > VAH=126.60? | CVD=-392473 > Ref=0? | POC=126.30 | VAL=126.00
2026-01-27 12:13:08,761 [INFO]     Scanning NSE:INOXWIND-EQ (5min) | Range 09:35-10:35 | Price=104.01 > VAH=103.50? | CVD=356899 > Ref=42362? | POC=103.40 | VAL=102.90
2026-01-27 12:13:08,863 [INFO]     Scanning NSE:NBCC-EQ (5min) | Range 09:35-10:35 | Price=95.59 > VAH=95.75? | CVD=621835 > Ref=195713? | POC=95.70 | VAL=95.40
2026-01-27 12:13:14,393 [INFO] 🔍 Scanning for alerts on 35 symbols (5min)...
2026-01-27 12:14:08,864 [INFO] 🔍 Scanning for alerts on 22 symbols (5min)...
2026-01-27 12:14:08,958 [INFO]     Scanning NSE:AMBER-EQ (5min) | Range 09:35-10:35 | Price=5462.50 > VAH=5468.40? | CVD=-57492 > Ref=0? | POC=5459.10 | VAL=5412.60
2026-01-27 12:14:09,054 [INFO]     Scanning NSE:KAYNES-EQ (5min) | Range 09:35-10:35 | Price=3345.60 > VAH=3357.20? | CVD=-55170 > Ref=7461? | POC=3340.85 | VAL=3335.40
2026-01-27 12:14:09,156 [INFO]     Scanning NSE:MANKIND-EQ (5min) | Range 09:35-10:35 | Price=2090.00 > VAH=2084.00? | CVD=3362 > Ref=5023? | POC=2084.00 | VAL=2078.00
2026-01-27 12:14:09,243 [INFO]     Scanning NSE:BLUESTARCO-EQ (5min) | Range 09:35-10:35 | Price=1690.00 > VAH=1694.35? | CVD=11518 > Ref=27628? | POC=1694.35 | VAL=1684.95
2026-01-27 12:14:09,335 [INFO]     Scanning NSE:MFSL-EQ (5min) | Range 09:35-10:35 | Price=1592.70 > VAH=1593.60? | CVD=47391 > Ref=2550? | POC=1590.00 | VAL=1587.60
2026-01-27 12:14:09,398 [INFO]     Scanning NSE:RELIANCE-EQ (5min) | Range 09:35-10:35 | Price=1390.00 > VAH=1388.10? | CVD=296108 > Ref=55368? | POC=1382.85 | VAL=1381.80
2026-01-27 12:14:09,465 [INFO]     Scanning NSE:NAUKRI-EQ (5min) | Range 09:35-10:35 | Price=1280.40 > VAH=1292.80? | CVD=65860 > Ref=51866? | POC=1289.60 | VAL=1288.00
2026-01-27 12:14:09,658 [INFO]     Scanning NSE:NUVAMA-EQ (5min) | Range 09:35-10:35 | Price=1281.70 > VAH=1283.50? | CVD=-60342 > Ref=62008? | POC=1279.25 | VAL=1262.25
2026-01-27 12:14:09,724 [INFO]     Scanning NSE:KPITTECH-EQ (5min) | Range 09:35-10:35 | Price=1104.90 > VAH=1112.25? | CVD=62960 > Ref=11686? | POC=1111.50 | VAL=1110.00
2026-01-27 12:14:09,786 [INFO]     Scanning NSE:LODHA-EQ (5min) | Range 09:35-10:35 | Price=896.80 > VAH=874.35? | CVD=691109 > Ref=44807? | POC=874.35 | VAL=868.55
2026-01-27 12:14:09,880 [INFO]     Scanning NSE:HDFCLIFE-EQ (5min) | Range 09:35-10:35 | Price=718.00 > VAH=714.50? | CVD=-109252 > Ref=17111? | POC=713.50 | VAL=712.50
2026-01-27 12:14:09,956 [INFO]     Scanning NSE:INDHOTEL-EQ (5min) | Range 09:35-10:35 | Price=645.25 > VAH=641.90? | CVD=-46897 > Ref=64541? | POC=641.20 | VAL=640.50
2026-01-27 12:14:10,051 [INFO]     Scanning NSE:ICICIPRULI-EQ (5min) | Range 09:35-10:35 | Price=642.50 > VAH=640.50? | CVD=88304 > Ref=24713? | POC=640.50 | VAL=634.90
2026-01-27 12:14:10,137 [INFO]     Scanning NSE:CGPOWER-EQ (5min) | Range 09:35-10:35 | Price=544.20 > VAH=546.70? | CVD=432435 > Ref=295533? | POC=546.70 | VAL=544.50
2026-01-27 12:14:10,223 [INFO]     Scanning NSE:LICHSGFIN-EQ (5min) | Range 09:35-10:35 | Price=504.25 > VAH=506.10? | CVD=66925 > Ref=41287? | POC=505.75 | VAL=505.05
2026-01-27 12:14:10,286 [INFO]     Scanning NSE:CONCOR-EQ (5min) | Range 09:35-10:35 | Price=480.50 > VAH=480.90? | CVD=5108 > Ref=15532? | POC=480.20 | VAL=474.60
2026-01-27 12:14:10,384 [INFO]     Scanning NSE:NYKAA-EQ (5min) | Range 09:35-10:35 | Price=234.45 > VAH=236.50? | CVD=373432 > Ref=106592? | POC=235.25 | VAL=235.25
2026-01-27 12:14:10,470 [INFO]     Scanning NSE:WIPRO-EQ (5min) | Range 09:35-10:35 | Price=233.85 > VAH=233.70? | CVD=-115396 > Ref=6314? | POC=233.55 | VAL=233.25
2026-01-27 12:14:10,535 [INFO]     Scanning NSE:HUDCO-EQ (5min) | Range 09:35-10:35 | Price=196.55 > VAH=197.40? | CVD=29034 > Ref=29578? | POC=197.00 | VAL=196.40
2026-01-27 12:14:10,625 [INFO] 🚀 [STRATEGY ALERT] NSE:IEX-EQ (5min) triggered at 12:10!
2026-01-27 12:14:10,626 [INFO]     ✅ Price: 125.93 < FRVP VAL: 126.00
2026-01-27 12:14:10,627 [INFO]     ✅ CVD:   -395188 < CVD Ref:  0
2026-01-27 12:14:10,627 [INFO]     ℹ️  FRVP Info: POC=126.30, VAL=126.00
2026-01-27 12:14:10,628 [INFO]     Scanning NSE:IEX-EQ (5min) | Range 09:35-10:35 | Price=125.93 > VAH=126.60? | CVD=-395188 > Ref=0? | POC=126.30 | VAL=126.00
2026-01-27 12:14:10,723 [INFO]     Scanning NSE:INOXWIND-EQ (5min) | Range 09:35-10:35 | Price=103.98 > VAH=103.50? | CVD=353469 > Ref=42362? | POC=103.40 | VAL=102.90
2026-01-27 12:14:10,787 [INFO]     Scanning NSE:NBCC-EQ (5min) | Range 09:35-10:35 | Price=95.64 > VAH=95.75? | CVD=625963 > Ref=195713? | POC=95.70 | VAL=95.40
2026-01-27 12:14:16,468 [INFO] 🔍 Scanning for alerts on 35 symbols (5min)...
2026-01-27 12:15:10,789 [INFO] 🔍 Scanning for alerts on 21 symbols (5min)...
2026-01-27 12:15:10,888 [INFO]     Scanning NSE:AMBER-EQ (5min) | Range 09:35-10:35 | Price=5468.00 > VAH=5468.40? | CVD=-56513 > Ref=0? | POC=5459.10 | VAL=5412.60
2026-01-27 12:15:10,980 [INFO]     Scanning NSE:KAYNES-EQ (5min) | Range 09:35-10:35 | Price=3342.50 > VAH=3357.20? | CVD=-56222 > Ref=7461? | POC=3340.85 | VAL=3335.40
2026-01-27 12:15:11,066 [INFO]     Scanning NSE:MANKIND-EQ (5min) | Range 09:35-10:35 | Price=2090.00 > VAH=2084.00? | CVD=3156 > Ref=5023? | POC=2084.00 | VAL=2078.00
2026-01-27 12:15:11,161 [INFO]     Scanning NSE:BLUESTARCO-EQ (5min) | Range 09:35-10:35 | Price=1690.00 > VAH=1694.35? | CVD=11595 > Ref=27628? | POC=1694.35 | VAL=1684.95
2026-01-27 12:15:11,241 [INFO]     Scanning NSE:MFSL-EQ (5min) | Range 09:35-10:35 | Price=1592.00 > VAH=1593.60? | CVD=47159 > Ref=2550? | POC=1590.00 | VAL=1587.60
2026-01-27 12:15:11,328 [INFO]     Scanning NSE:RELIANCE-EQ (5min) | Range 09:35-10:35 | Price=1389.60 > VAH=1388.10? | CVD=278019 > Ref=55368? | POC=1382.85 | VAL=1381.80
2026-01-27 12:15:11,422 [INFO]     Scanning NSE:NAUKRI-EQ (5min) | Range 09:35-10:35 | Price=1278.70 > VAH=1292.80? | CVD=54932 > Ref=51866? | POC=1289.60 | VAL=1288.00
2026-01-27 12:15:11,538 [INFO]     Scanning NSE:NUVAMA-EQ (5min) | Range 09:35-10:35 | Price=1282.20 > VAH=1283.50? | CVD=-60312 > Ref=62008? | POC=1279.25 | VAL=1262.25
2026-01-27 12:15:11,628 [INFO]     Scanning NSE:KPITTECH-EQ (5min) | Range 09:35-10:35 | Price=1103.20 > VAH=1112.25? | CVD=61647 > Ref=11686? | POC=1111.50 | VAL=1110.00
2026-01-27 12:15:11,720 [INFO]     Scanning NSE:LODHA-EQ (5min) | Range 09:35-10:35 | Price=896.80 > VAH=874.35? | CVD=686178 > Ref=44807? | POC=874.35 | VAL=868.55
2026-01-27 12:15:11,783 [INFO]     Scanning NSE:HDFCLIFE-EQ (5min) | Range 09:35-10:35 | Price=717.65 > VAH=714.50? | CVD=-111463 > Ref=17111? | POC=713.50 | VAL=712.50
2026-01-27 12:15:11,857 [INFO]     Scanning NSE:INDHOTEL-EQ (5min) | Range 09:35-10:35 | Price=644.85 > VAH=641.90? | CVD=-55076 > Ref=64541? | POC=641.20 | VAL=640.50
2026-01-27 12:15:11,923 [INFO]     Scanning NSE:ICICIPRULI-EQ (5min) | Range 09:35-10:35 | Price=641.00 > VAH=640.50? | CVD=64263 > Ref=24713? | POC=640.50 | VAL=634.90
2026-01-27 12:15:12,018 [INFO]     Scanning NSE:CGPOWER-EQ (5min) | Range 09:35-10:35 | Price=543.65 > VAH=546.70? | CVD=425747 > Ref=295533? | POC=546.70 | VAL=544.50
2026-01-27 12:15:12,082 [INFO]     Scanning NSE:LICHSGFIN-EQ (5min) | Range 09:35-10:35 | Price=504.25 > VAH=506.10? | CVD=65840 > Ref=41287? | POC=505.75 | VAL=505.05
2026-01-27 12:15:12,171 [INFO]     Scanning NSE:CONCOR-EQ (5min) | Range 09:35-10:35 | Price=480.40 > VAH=480.90? | CVD=4028 > Ref=15532? | POC=480.20 | VAL=474.60
2026-01-27 12:15:12,239 [INFO]     Scanning NSE:NYKAA-EQ (5min) | Range 09:35-10:35 | Price=234.45 > VAH=236.50? | CVD=371854 > Ref=106592? | POC=235.25 | VAL=235.25
2026-01-27 12:15:12,330 [INFO]     Scanning NSE:WIPRO-EQ (5min) | Range 09:35-10:35 | Price=233.75 > VAH=233.70? | CVD=-127394 > Ref=6314? | POC=233.55 | VAL=233.25
2026-01-27 12:15:12,425 [INFO] 🚀 [STRATEGY ALERT] NSE:HUDCO-EQ (5min) triggered at 12:10!
2026-01-27 12:15:12,425 [INFO]     ✅ Price: 196.11 < FRVP VAL: 196.40
2026-01-27 12:15:12,426 [INFO]     ✅ CVD:   13701 < CVD Ref:  29578
2026-01-27 12:15:12,426 [INFO]     ℹ️  FRVP Info: POC=197.00, VAL=196.40
2026-01-27 12:15:12,427 [INFO]     Scanning NSE:HUDCO-EQ (5min) | Range 09:35-10:35 | Price=196.11 > VAH=197.40? | CVD=13701 > Ref=29578? | POC=197.00 | VAL=196.40
2026-01-27 12:15:12,500 [INFO]     Scanning NSE:INOXWIND-EQ (5min) | Range 09:35-10:35 | Price=103.95 > VAH=103.50? | CVD=339165 > Ref=42362? | POC=103.40 | VAL=102.90
2026-01-27 12:15:12,593 [INFO]     Scanning NSE:NBCC-EQ (5min) | Range 09:35-10:35 | Price=95.64 > VAH=95.75? | CVD=633730 > Ref=195713? | POC=95.70 | VAL=95.40
2026-01-27 12:15:18,368 [INFO] 🔍 Scanning for alerts on 35 symbols (5min)...
2026-01-27 12:16:12,595 [INFO] 🔍 Scanning for alerts on 20 symbols (5min)...
2026-01-27 12:16:12,688 [INFO]     Scanning NSE:AMBER-EQ (5min) | Range 09:35-10:35 | Price=5461.50 > VAH=5468.40? | CVD=-57329 > Ref=0? | POC=5459.10 | VAL=5412.60
2026-01-27 12:16:12,792 [INFO]     Scanning NSE:KAYNES-EQ (5min) | Range 09:35-10:35 | Price=3340.60 > VAH=3357.20? | CVD=-58259 > Ref=7461? | POC=3340.85 | VAL=3335.40
2026-01-27 12:16:12,886 [INFO]     Scanning NSE:MANKIND-EQ (5min) | Range 09:35-10:35 | Price=2090.10 > VAH=2084.00? | CVD=4020 > Ref=5023? | POC=2084.00 | VAL=2078.00
2026-01-27 12:16:12,951 [INFO]     Scanning NSE:BLUESTARCO-EQ (5min) | Range 09:35-10:35 | Price=1690.10 > VAH=1694.35? | CVD=12288 > Ref=27628? | POC=1694.35 | VAL=1684.95
2026-01-27 12:16:13,036 [INFO]     Scanning NSE:MFSL-EQ (5min) | Range 09:35-10:35 | Price=1591.30 > VAH=1593.60? | CVD=47023 > Ref=2550? | POC=1590.00 | VAL=1587.60
2026-01-27 12:16:13,094 [INFO]     Scanning NSE:RELIANCE-EQ (5min) | Range 09:35-10:35 | Price=1389.40 > VAH=1388.10? | CVD=266062 > Ref=55368? | POC=1382.85 | VAL=1381.80
2026-01-27 12:16:13,147 [INFO]     Scanning NSE:NAUKRI-EQ (5min) | Range 09:35-10:35 | Price=1278.50 > VAH=1292.80? | CVD=57251 > Ref=51866? | POC=1289.60 | VAL=1288.00
2026-01-27 12:16:13,239 [INFO]     Scanning NSE:NUVAMA-EQ (5min) | Range 09:35-10:35 | Price=1281.30 > VAH=1283.50? | CVD=-61136 > Ref=62008? | POC=1279.25 | VAL=1262.25
2026-01-27 12:16:13,320 [INFO]     Scanning NSE:KPITTECH-EQ (5min) | Range 09:35-10:35 | Price=1102.90 > VAH=1112.25? | CVD=60315 > Ref=11686? | POC=1111.50 | VAL=1110.00
2026-01-27 12:16:13,414 [INFO]     Scanning NSE:LODHA-EQ (5min) | Range 09:35-10:35 | Price=896.00 > VAH=874.35? | CVD=683269 > Ref=44807? | POC=874.35 | VAL=868.55
2026-01-27 12:16:13,513 [INFO]     Scanning NSE:HDFCLIFE-EQ (5min) | Range 09:35-10:35 | Price=717.50 > VAH=714.50? | CVD=-115689 > Ref=17111? | POC=713.50 | VAL=712.50
2026-01-27 12:16:13,593 [INFO]     Scanning NSE:INDHOTEL-EQ (5min) | Range 09:35-10:35 | Price=644.95 > VAH=641.90? | CVD=-62647 > Ref=64541? | POC=641.20 | VAL=640.50
2026-01-27 12:16:13,678 [INFO]     Scanning NSE:ICICIPRULI-EQ (5min) | Range 09:35-10:35 | Price=641.30 > VAH=640.50? | CVD=68805 > Ref=24713? | POC=640.50 | VAL=634.90
2026-01-27 12:16:13,777 [INFO]     Scanning NSE:CGPOWER-EQ (5min) | Range 09:35-10:35 | Price=543.70 > VAH=546.70? | CVD=416646 > Ref=295533? | POC=546.70 | VAL=544.50
2026-01-27 12:16:13,869 [INFO]     Scanning NSE:LICHSGFIN-EQ (5min) | Range 09:35-10:35 | Price=503.80 > VAH=506.10? | CVD=63693 > Ref=41287? | POC=505.75 | VAL=505.05
2026-01-27 12:16:13,934 [INFO]     Scanning NSE:CONCOR-EQ (5min) | Range 09:35-10:35 | Price=480.25 > VAH=480.90? | CVD=5506 > Ref=15532? | POC=480.20 | VAL=474.60
2026-01-27 12:16:14,010 [INFO]     Scanning NSE:NYKAA-EQ (5min) | Range 09:35-10:35 | Price=234.45 > VAH=236.50? | CVD=370426 > Ref=106592? | POC=235.25 | VAL=235.25
2026-01-27 12:16:14,088 [INFO]     Scanning NSE:WIPRO-EQ (5min) | Range 09:35-10:35 | Price=233.70 > VAH=233.70? | CVD=-138713 > Ref=6314? | POC=233.55 | VAL=233.25
2026-01-27 12:16:14,157 [INFO]     Scanning NSE:INOXWIND-EQ (5min) | Range 09:35-10:35 | Price=103.95 > VAH=103.50? | CVD=333135 > Ref=42362? | POC=103.40 | VAL=102.90
2026-01-27 12:16:14,218 [INFO]     Scanning NSE:NBCC-EQ (5min) | Range 09:35-10:35 | Price=95.63 > VAH=95.75? | CVD=625769 > Ref=195713? | POC=95.70 | VAL=95.40
2026-01-27 12:16:20,320 [INFO] 🔍 Scanning for alerts on 35 symbols (5min)...
2026-01-27 12:17:14,219 [INFO] 🔍 Scanning for alerts on 20 symbols (5min)...
2026-01-27 12:17:14,321 [INFO]     Scanning NSE:AMBER-EQ (5min) | Range 09:35-10:35 | Price=5460.00 > VAH=5468.40? | CVD=-58165 > Ref=0? | POC=5459.10 | VAL=5412.60
2026-01-27 12:17:14,422 [INFO]     Scanning NSE:KAYNES-EQ (5min) | Range 09:35-10:35 | Price=3338.40 > VAH=3357.20? | CVD=-58381 > Ref=7461? | POC=3340.85 | VAL=3335.40
2026-01-27 12:17:14,494 [INFO]     Scanning NSE:MANKIND-EQ (5min) | Range 09:35-10:35 | Price=2090.00 > VAH=2084.00? | CVD=3783 > Ref=5023? | POC=2084.00 | VAL=2078.00
2026-01-27 12:17:14,593 [INFO]     Scanning NSE:BLUESTARCO-EQ (5min) | Range 09:35-10:35 | Price=1689.00 > VAH=1694.35? | CVD=12102 > Ref=27628? | POC=1694.35 | VAL=1684.95
2026-01-27 12:17:14,658 [INFO]     Scanning NSE:MFSL-EQ (5min) | Range 09:35-10:35 | Price=1592.70 > VAH=1593.60? | CVD=48108 > Ref=2550? | POC=1590.00 | VAL=1587.60
2026-01-27 12:17:14,752 [INFO]     Scanning NSE:RELIANCE-EQ (5min) | Range 09:35-10:35 | Price=1389.40 > VAH=1388.10? | CVD=283482 > Ref=55368? | POC=1382.85 | VAL=1381.80
2026-01-27 12:17:14,849 [INFO]     Scanning NSE:NAUKRI-EQ (5min) | Range 09:35-10:35 | Price=1278.00 > VAH=1292.80? | CVD=55713 > Ref=51866? | POC=1289.60 | VAL=1288.00
2026-01-27 12:17:14,930 [INFO]     Scanning NSE:NUVAMA-EQ (5min) | Range 09:35-10:35 | Price=1281.00 > VAH=1283.50? | CVD=-61471 > Ref=62008? | POC=1279.25 | VAL=1262.25
2026-01-27 12:17:15,025 [INFO]     Scanning NSE:KPITTECH-EQ (5min) | Range 09:35-10:35 | Price=1102.90 > VAH=1112.25? | CVD=56490 > Ref=11686? | POC=1111.50 | VAL=1110.00
2026-01-27 12:17:15,122 [INFO]     Scanning NSE:LODHA-EQ (5min) | Range 09:35-10:35 | Price=896.10 > VAH=874.35? | CVD=687375 > Ref=44807? | POC=874.35 | VAL=868.55
2026-01-27 12:17:15,214 [INFO]     Scanning NSE:HDFCLIFE-EQ (5min) | Range 09:35-10:35 | Price=717.70 > VAH=714.50? | CVD=-113294 > Ref=17111? | POC=713.50 | VAL=712.50
2026-01-27 12:17:15,281 [INFO]     Scanning NSE:INDHOTEL-EQ (5min) | Range 09:35-10:35 | Price=644.80 > VAH=641.90? | CVD=-57316 > Ref=64541? | POC=641.20 | VAL=640.50
2026-01-27 12:17:15,384 [INFO]     Scanning NSE:ICICIPRULI-EQ (5min) | Range 09:35-10:35 | Price=641.10 > VAH=640.50? | CVD=67047 > Ref=24713? | POC=640.50 | VAL=634.90
2026-01-27 12:17:15,453 [INFO]     Scanning NSE:CGPOWER-EQ (5min) | Range 09:35-10:35 | Price=543.60 > VAH=546.70? | CVD=410738 > Ref=295533? | POC=546.70 | VAL=544.50
2026-01-27 12:17:15,546 [INFO]     Scanning NSE:LICHSGFIN-EQ (5min) | Range 09:35-10:35 | Price=503.60 > VAH=506.10? | CVD=63149 > Ref=41287? | POC=505.75 | VAL=505.05
2026-01-27 12:17:15,639 [INFO]     Scanning NSE:CONCOR-EQ (5min) | Range 09:35-10:35 | Price=480.05 > VAH=480.90? | CVD=4902 > Ref=15532? | POC=480.20 | VAL=474.60
2026-01-27 12:17:15,731 [INFO]     Scanning NSE:NYKAA-EQ (5min) | Range 09:35-10:35 | Price=234.35 > VAH=236.50? | CVD=368172 > Ref=106592? | POC=235.25 | VAL=235.25
2026-01-27 12:17:15,795 [INFO]     Scanning NSE:WIPRO-EQ (5min) | Range 09:35-10:35 | Price=233.70 > VAH=233.70? | CVD=-154323 > Ref=6314? | POC=233.55 | VAL=233.25
2026-01-27 12:17:15,874 [INFO]     Scanning NSE:INOXWIND-EQ (5min) | Range 09:35-10:35 | Price=103.96 > VAH=103.50? | CVD=336878 > Ref=42362? | POC=103.40 | VAL=102.90
2026-01-27 12:17:15,971 [INFO]     Scanning NSE:NBCC-EQ (5min) | Range 09:35-10:35 | Price=95.56 > VAH=95.75? | CVD=624674 > Ref=195713? | POC=95.70 | VAL=95.40
2026-01-27 12:17:22,381 [INFO] 🔍 Scanning for alerts on 35 symbols (5min)...
2026-01-27 12:18:15,973 [INFO] 🔍 Scanning for alerts on 20 symbols (5min)...
2026-01-27 12:18:16,064 [INFO]     Scanning NSE:AMBER-EQ (5min) | Range 09:35-10:35 | Price=5455.00 > VAH=5468.40? | CVD=-58797 > Ref=0? | POC=5459.10 | VAL=5412.60
2026-01-27 12:18:16,158 [INFO]     Scanning NSE:KAYNES-EQ (5min) | Range 09:35-10:35 | Price=3338.00 > VAH=3357.20? | CVD=-59285 > Ref=7461? | POC=3340.85 | VAL=3335.40
2026-01-27 12:18:16,249 [INFO]     Scanning NSE:MANKIND-EQ (5min) | Range 09:35-10:35 | Price=2090.00 > VAH=2084.00? | CVD=3618 > Ref=5023? | POC=2084.00 | VAL=2078.00
2026-01-27 12:18:16,333 [INFO]     Scanning NSE:BLUESTARCO-EQ (5min) | Range 09:35-10:35 | Price=1688.70 > VAH=1694.35? | CVD=13225 > Ref=27628? | POC=1694.35 | VAL=1684.95
2026-01-27 12:18:16,425 [INFO]     Scanning NSE:MFSL-EQ (5min) | Range 09:35-10:35 | Price=1591.30 > VAH=1593.60? | CVD=47779 > Ref=2550? | POC=1590.00 | VAL=1587.60
2026-01-27 12:18:16,511 [INFO]     Scanning NSE:RELIANCE-EQ (5min) | Range 09:35-10:35 | Price=1389.20 > VAH=1388.10? | CVD=272250 > Ref=55368? | POC=1382.85 | VAL=1381.80
2026-01-27 12:18:16,606 [INFO]     Scanning NSE:NAUKRI-EQ (5min) | Range 09:35-10:35 | Price=1278.20 > VAH=1292.80? | CVD=57291 > Ref=51866? | POC=1289.60 | VAL=1288.00
2026-01-27 12:18:16,684 [INFO]     Scanning NSE:NUVAMA-EQ (5min) | Range 09:35-10:35 | Price=1280.00 > VAH=1283.50? | CVD=-62116 > Ref=62008? | POC=1279.25 | VAL=1262.25
2026-01-27 12:18:16,779 [INFO]     Scanning NSE:KPITTECH-EQ (5min) | Range 09:35-10:35 | Price=1104.50 > VAH=1112.25? | CVD=65748 > Ref=11686? | POC=1111.50 | VAL=1110.00
2026-01-27 12:18:16,843 [INFO]     Scanning NSE:LODHA-EQ (5min) | Range 09:35-10:35 | Price=895.60 > VAH=874.35? | CVD=683266 > Ref=44807? | POC=874.35 | VAL=868.55
2026-01-27 12:18:16,941 [INFO]     Scanning NSE:HDFCLIFE-EQ (5min) | Range 09:35-10:35 | Price=717.70 > VAH=714.50? | CVD=-111770 > Ref=17111? | POC=713.50 | VAL=712.50
2026-01-27 12:18:17,037 [INFO]     Scanning NSE:INDHOTEL-EQ (5min) | Range 09:35-10:35 | Price=644.55 > VAH=641.90? | CVD=-68546 > Ref=64541? | POC=641.20 | VAL=640.50
2026-01-27 12:18:17,130 [INFO]     Scanning NSE:ICICIPRULI-EQ (5min) | Range 09:35-10:35 | Price=641.25 > VAH=640.50? | CVD=67144 > Ref=24713? | POC=640.50 | VAL=634.90
2026-01-27 12:18:17,217 [INFO]     Scanning NSE:CGPOWER-EQ (5min) | Range 09:35-10:35 | Price=543.50 > VAH=546.70? | CVD=405137 > Ref=295533? | POC=546.70 | VAL=544.50
2026-01-27 12:18:17,302 [INFO]     Scanning NSE:LICHSGFIN-EQ (5min) | Range 09:35-10:35 | Price=503.55 > VAH=506.10? | CVD=60718 > Ref=41287? | POC=505.75 | VAL=505.05
2026-01-27 12:18:17,366 [INFO]     Scanning NSE:CONCOR-EQ (5min) | Range 09:35-10:35 | Price=480.05 > VAH=480.90? | CVD=2304 > Ref=15532? | POC=480.20 | VAL=474.60
2026-01-27 12:18:17,433 [INFO]     Scanning NSE:NYKAA-EQ (5min) | Range 09:35-10:35 | Price=234.30 > VAH=236.50? | CVD=353644 > Ref=106592? | POC=235.25 | VAL=235.25
2026-01-27 12:18:17,487 [INFO]     Scanning NSE:WIPRO-EQ (5min) | Range 09:35-10:35 | Price=233.70 > VAH=233.70? | CVD=-199586 > Ref=6314? | POC=233.55 | VAL=233.25
2026-01-27 12:18:17,545 [INFO]     Scanning NSE:INOXWIND-EQ (5min) | Range 09:35-10:35 | Price=103.95 > VAH=103.50? | CVD=183934 > Ref=42362? | POC=103.40 | VAL=102.90
2026-01-27 12:18:17,603 [INFO]     Scanning NSE:NBCC-EQ (5min) | Range 09:35-10:35 | Price=95.60 > VAH=95.75? | CVD=629599 > Ref=195713? | POC=95.70 | VAL=95.40
2026-01-27 12:18:24,305 [INFO] 🔍 Scanning for alerts on 35 symbols (5min)...
2026-01-27 12:19:17,604 [INFO] 🔍 Scanning for alerts on 20 symbols (5min)...
2026-01-27 12:19:17,711 [INFO]     Scanning NSE:AMBER-EQ (5min) | Range 09:35-10:35 | Price=5447.50 > VAH=5468.40? | CVD=-59469 > Ref=0? | POC=5459.10 | VAL=5412.60
2026-01-27 12:19:17,804 [INFO] 🚀 [STRATEGY ALERT] NSE:KAYNES-EQ (5min) triggered at 12:15!
2026-01-27 12:19:17,804 [INFO]     ✅ Price: 3335.10 < FRVP VAL: 3335.40
2026-01-27 12:19:17,805 [INFO]     ✅ CVD:   -60016 < CVD Ref:  7461
2026-01-27 12:19:17,805 [INFO]     ℹ️  FRVP Info: POC=3340.85, VAL=3335.40
2026-01-27 12:19:17,806 [INFO]     Scanning NSE:KAYNES-EQ (5min) | Range 09:35-10:35 | Price=3335.10 > VAH=3357.20? | CVD=-60016 > Ref=7461? | POC=3340.85 | VAL=3335.40
2026-01-27 12:19:17,908 [INFO]     Scanning NSE:MANKIND-EQ (5min) | Range 09:35-10:35 | Price=2090.00 > VAH=2084.00? | CVD=3472 > Ref=5023? | POC=2084.00 | VAL=2078.00
2026-01-27 12:19:18,002 [INFO]     Scanning NSE:BLUESTARCO-EQ (5min) | Range 09:35-10:35 | Price=1690.40 > VAH=1694.35? | CVD=13733 > Ref=27628? | POC=1694.35 | VAL=1684.95
2026-01-27 12:19:18,099 [INFO]     Scanning NSE:MFSL-EQ (5min) | Range 09:35-10:35 | Price=1589.40 > VAH=1593.60? | CVD=47524 > Ref=2550? | POC=1590.00 | VAL=1587.60
2026-01-27 12:19:18,169 [INFO]     Scanning NSE:RELIANCE-EQ (5min) | Range 09:35-10:35 | Price=1387.20 > VAH=1388.10? | CVD=254705 > Ref=55368? | POC=1382.85 | VAL=1381.80
2026-01-27 12:19:18,250 [INFO]     Scanning NSE:NAUKRI-EQ (5min) | Range 09:35-10:35 | Price=1277.60 > VAH=1292.80? | CVD=56530 > Ref=51866? | POC=1289.60 | VAL=1288.00
2026-01-27 12:19:18,338 [INFO]     Scanning NSE:NUVAMA-EQ (5min) | Range 09:35-10:35 | Price=1278.80 > VAH=1283.50? | CVD=-62285 > Ref=62008? | POC=1279.25 | VAL=1262.25
2026-01-27 12:19:18,422 [INFO]     Scanning NSE:KPITTECH-EQ (5min) | Range 09:35-10:35 | Price=1103.20 > VAH=1112.25? | CVD=65225 > Ref=11686? | POC=1111.50 | VAL=1110.00
2026-01-27 12:19:18,503 [INFO]     Scanning NSE:LODHA-EQ (5min) | Range 09:35-10:35 | Price=895.20 > VAH=874.35? | CVD=678450 > Ref=44807? | POC=874.35 | VAL=868.55
2026-01-27 12:19:18,581 [INFO]     Scanning NSE:HDFCLIFE-EQ (5min) | Range 09:35-10:35 | Price=717.10 > VAH=714.50? | CVD=-114142 > Ref=17111? | POC=713.50 | VAL=712.50
2026-01-27 12:19:18,677 [INFO]     Scanning NSE:INDHOTEL-EQ (5min) | Range 09:35-10:35 | Price=644.60 > VAH=641.90? | CVD=-75327 > Ref=64541? | POC=641.20 | VAL=640.50
2026-01-27 12:19:18,765 [INFO]     Scanning NSE:ICICIPRULI-EQ (5min) | Range 09:35-10:35 | Price=641.00 > VAH=640.50? | CVD=64790 > Ref=24713? | POC=640.50 | VAL=634.90
2026-01-27 12:19:18,842 [INFO]     Scanning NSE:CGPOWER-EQ (5min) | Range 09:35-10:35 | Price=543.45 > VAH=546.70? | CVD=396521 > Ref=295533? | POC=546.70 | VAL=544.50
2026-01-27 12:19:18,934 [INFO]     Scanning NSE:LICHSGFIN-EQ (5min) | Range 09:35-10:35 | Price=503.20 > VAH=506.10? | CVD=59780 > Ref=41287? | POC=505.75 | VAL=505.05
2026-01-27 12:19:19,001 [INFO]     Scanning NSE:CONCOR-EQ (5min) | Range 09:35-10:35 | Price=479.90 > VAH=480.90? | CVD=240 > Ref=15532? | POC=480.20 | VAL=474.60
2026-01-27 12:19:19,103 [INFO]     Scanning NSE:NYKAA-EQ (5min) | Range 09:35-10:35 | Price=234.15 > VAH=236.50? | CVD=351584 > Ref=106592? | POC=235.25 | VAL=235.25
2026-01-27 12:19:19,196 [INFO]     Scanning NSE:WIPRO-EQ (5min) | Range 09:35-10:35 | Price=233.50 > VAH=233.70? | CVD=-273228 > Ref=6314? | POC=233.55 | VAL=233.25
2026-01-27 12:19:19,282 [INFO]     Scanning NSE:INOXWIND-EQ (5min) | Range 09:35-10:35 | Price=103.95 > VAH=103.50? | CVD=95048 > Ref=42362? | POC=103.40 | VAL=102.90
2026-01-27 12:19:19,381 [INFO]     Scanning NSE:NBCC-EQ (5min) | Range 09:35-10:35 | Price=95.47 > VAH=95.75? | CVD=624034 > Ref=195713? | POC=95.70 | VAL=95.40
2026-01-27 12:19:26,220 [INFO] 🔍 Scanning for alerts on 35 symbols (5min)...
2026-01-27 12:20:19,382 [INFO] 🔍 Scanning for alerts on 19 symbols (5min)...
2026-01-27 12:20:19,476 [INFO]     Scanning NSE:AMBER-EQ (5min) | Range 09:35-10:35 | Price=5433.00 > VAH=5468.40? | CVD=-60568 > Ref=0? | POC=5459.10 | VAL=5412.60
2026-01-27 12:20:19,570 [INFO]     Scanning NSE:MANKIND-EQ (5min) | Range 09:35-10:35 | Price=2090.00 > VAH=2084.00? | CVD=686 > Ref=5023? | POC=2084.00 | VAL=2078.00
2026-01-27 12:20:19,672 [INFO]     Scanning NSE:BLUESTARCO-EQ (5min) | Range 09:35-10:35 | Price=1689.00 > VAH=1694.35? | CVD=13684 > Ref=27628? | POC=1694.35 | VAL=1684.95
2026-01-27 12:20:19,766 [INFO]     Scanning NSE:MFSL-EQ (5min) | Range 09:35-10:35 | Price=1586.90 > VAH=1593.60? | CVD=46711 > Ref=2550? | POC=1590.00 | VAL=1587.60
2026-01-27 12:20:19,846 [INFO]     Scanning NSE:RELIANCE-EQ (5min) | Range 09:35-10:35 | Price=1386.40 > VAH=1388.10? | CVD=236219 > Ref=55368? | POC=1382.85 | VAL=1381.80
2026-01-27 12:20:19,906 [INFO]     Scanning NSE:NAUKRI-EQ (5min) | Range 09:35-10:35 | Price=1277.50 > VAH=1292.80? | CVD=54553 > Ref=51866? | POC=1289.60 | VAL=1288.00
2026-01-27 12:20:19,985 [INFO]     Scanning NSE:NUVAMA-EQ (5min) | Range 09:35-10:35 | Price=1276.60 > VAH=1283.50? | CVD=-67863 > Ref=62008? | POC=1279.25 | VAL=1262.25
2026-01-27 12:20:20,093 [INFO]     Scanning NSE:KPITTECH-EQ (5min) | Range 09:35-10:35 | Price=1103.00 > VAH=1112.25? | CVD=63921 > Ref=11686? | POC=1111.50 | VAL=1110.00
2026-01-27 12:20:20,187 [INFO]     Scanning NSE:LODHA-EQ (5min) | Range 09:35-10:35 | Price=895.20 > VAH=874.35? | CVD=669049 > Ref=44807? | POC=874.35 | VAL=868.55
2026-01-27 12:20:20,251 [INFO]     Scanning NSE:HDFCLIFE-EQ (5min) | Range 09:35-10:35 | Price=716.40 > VAH=714.50? | CVD=-115952 > Ref=17111? | POC=713.50 | VAL=712.50
2026-01-27 12:20:20,331 [INFO]     Scanning NSE:INDHOTEL-EQ (5min) | Range 09:35-10:35 | Price=644.45 > VAH=641.90? | CVD=-83875 > Ref=64541? | POC=641.20 | VAL=640.50
2026-01-27 12:20:20,410 [INFO]     Scanning NSE:ICICIPRULI-EQ (5min) | Range 09:35-10:35 | Price=641.00 > VAH=640.50? | CVD=64625 > Ref=24713? | POC=640.50 | VAL=634.90
2026-01-27 12:20:20,514 [INFO]     Scanning NSE:CGPOWER-EQ (5min) | Range 09:35-10:35 | Price=543.30 > VAH=546.70? | CVD=403525 > Ref=295533? | POC=546.70 | VAL=544.50
2026-01-27 12:20:20,575 [INFO]     Scanning NSE:LICHSGFIN-EQ (5min) | Range 09:35-10:35 | Price=502.85 > VAH=506.10? | CVD=57215 > Ref=41287? | POC=505.75 | VAL=505.05
2026-01-27 12:20:20,688 [INFO]     Scanning NSE:CONCOR-EQ (5min) | Range 09:35-10:35 | Price=479.50 > VAH=480.90? | CVD=-8439 > Ref=15532? | POC=480.20 | VAL=474.60
2026-01-27 12:20:20,766 [INFO]     Scanning NSE:NYKAA-EQ (5min) | Range 09:35-10:35 | Price=233.85 > VAH=236.50? | CVD=338622 > Ref=106592? | POC=235.25 | VAL=235.25
2026-01-27 12:20:20,853 [INFO]     Scanning NSE:WIPRO-EQ (5min) | Range 09:35-10:35 | Price=233.30 > VAH=233.70? | CVD=-286097 > Ref=6314? | POC=233.55 | VAL=233.25
2026-01-27 12:20:20,950 [INFO]     Scanning NSE:INOXWIND-EQ (5min) | Range 09:35-10:35 | Price=103.79 > VAH=103.50? | CVD=-2455 > Ref=42362? | POC=103.40 | VAL=102.90
2026-01-27 12:20:21,016 [INFO]     Scanning NSE:NBCC-EQ (5min) | Range 09:35-10:35 | Price=95.28 > VAH=95.75? | CVD=555743 > Ref=195713? | POC=95.70 | VAL=95.40
2026-01-27 12:20:28,114 [INFO] 🔍 Scanning for alerts on 35 symbols (5min)...
2026-01-27 12:21:21,018 [INFO] 🔍 Scanning for alerts on 19 symbols (5min)...
2026-01-27 12:21:21,112 [INFO]     Scanning NSE:AMBER-EQ (5min) | Range 09:35-10:35 | Price=5432.00 > VAH=5468.40? | CVD=-61455 > Ref=0? | POC=5459.10 | VAL=5412.60
2026-01-27 12:21:21,206 [INFO]     Scanning NSE:MANKIND-EQ (5min) | Range 09:35-10:35 | Price=2090.00 > VAH=2084.00? | CVD=249 > Ref=5023? | POC=2084.00 | VAL=2078.00
2026-01-27 12:21:21,271 [INFO]     Scanning NSE:BLUESTARCO-EQ (5min) | Range 09:35-10:35 | Price=1690.30 > VAH=1694.35? | CVD=14507 > Ref=27628? | POC=1694.35 | VAL=1684.95
2026-01-27 12:21:21,327 [INFO]     Scanning NSE:MFSL-EQ (5min) | Range 09:35-10:35 | Price=1586.80 > VAH=1593.60? | CVD=46053 > Ref=2550? | POC=1590.00 | VAL=1587.60
2026-01-27 12:21:21,486 [INFO]     Scanning NSE:RELIANCE-EQ (5min) | Range 09:35-10:35 | Price=1387.90 > VAH=1388.10? | CVD=253867 > Ref=55368? | POC=1382.85 | VAL=1381.80
2026-01-27 12:21:21,569 [INFO]     Scanning NSE:NAUKRI-EQ (5min) | Range 09:35-10:35 | Price=1278.60 > VAH=1292.80? | CVD=54971 > Ref=51866? | POC=1289.60 | VAL=1288.00
2026-01-27 12:21:21,640 [INFO]     Scanning NSE:NUVAMA-EQ (5min) | Range 09:35-10:35 | Price=1280.30 > VAH=1283.50? | CVD=-65733 > Ref=62008? | POC=1279.25 | VAL=1262.25
2026-01-27 12:21:21,705 [INFO]     Scanning NSE:KPITTECH-EQ (5min) | Range 09:35-10:35 | Price=1105.00 > VAH=1112.25? | CVD=84385 > Ref=11686? | POC=1111.50 | VAL=1110.00
2026-01-27 12:21:21,800 [INFO]     Scanning NSE:LODHA-EQ (5min) | Range 09:35-10:35 | Price=895.40 > VAH=874.35? | CVD=673053 > Ref=44807? | POC=874.35 | VAL=868.55
2026-01-27 12:21:21,874 [INFO]     Scanning NSE:HDFCLIFE-EQ (5min) | Range 09:35-10:35 | Price=716.95 > VAH=714.50? | CVD=-111927 > Ref=17111? | POC=713.50 | VAL=712.50
2026-01-27 12:21:21,942 [INFO]     Scanning NSE:INDHOTEL-EQ (5min) | Range 09:35-10:35 | Price=644.75 > VAH=641.90? | CVD=-73777 > Ref=64541? | POC=641.20 | VAL=640.50
2026-01-27 12:21:22,051 [INFO]     Scanning NSE:ICICIPRULI-EQ (5min) | Range 09:35-10:35 | Price=641.25 > VAH=640.50? | CVD=64788 > Ref=24713? | POC=640.50 | VAL=634.90
2026-01-27 12:21:22,145 [INFO]     Scanning NSE:CGPOWER-EQ (5min) | Range 09:35-10:35 | Price=543.35 > VAH=546.70? | CVD=414524 > Ref=295533? | POC=546.70 | VAL=544.50
2026-01-27 12:21:22,238 [INFO]     Scanning NSE:LICHSGFIN-EQ (5min) | Range 09:35-10:35 | Price=502.80 > VAH=506.10? | CVD=56227 > Ref=41287? | POC=505.75 | VAL=505.05
2026-01-27 12:21:22,304 [INFO]     Scanning NSE:CONCOR-EQ (5min) | Range 09:35-10:35 | Price=479.55 > VAH=480.90? | CVD=-6139 > Ref=15532? | POC=480.20 | VAL=474.60
2026-01-27 12:21:22,395 [INFO]     Scanning NSE:NYKAA-EQ (5min) | Range 09:35-10:35 | Price=234.05 > VAH=236.50? | CVD=351458 > Ref=106592? | POC=235.25 | VAL=235.25
2026-01-27 12:21:22,477 [INFO]     Scanning NSE:WIPRO-EQ (5min) | Range 09:35-10:35 | Price=233.30 > VAH=233.70? | CVD=-311615 > Ref=6314? | POC=233.55 | VAL=233.25
2026-01-27 12:21:22,575 [INFO]     Scanning NSE:INOXWIND-EQ (5min) | Range 09:35-10:35 | Price=103.80 > VAH=103.50? | CVD=10753 > Ref=42362? | POC=103.40 | VAL=102.90
2026-01-27 12:21:22,668 [INFO]     Scanning NSE:NBCC-EQ (5min) | Range 09:35-10:35 | Price=95.29 > VAH=95.75? | CVD=593326 > Ref=195713? | POC=95.70 | VAL=95.40
2026-01-27 12:21:30,212 [INFO] 🔍 Scanning for alerts on 35 symbols (5min)...
2026-01-27 12:22:22,670 [INFO] 🔍 Scanning for alerts on 19 symbols (5min)...
2026-01-27 12:22:22,763 [INFO]     Scanning NSE:AMBER-EQ (5min) | Range 09:35-10:35 | Price=5433.00 > VAH=5468.40? | CVD=-60977 > Ref=0? | POC=5459.10 | VAL=5412.60
2026-01-27 12:22:22,859 [INFO]     Scanning NSE:MANKIND-EQ (5min) | Range 09:35-10:35 | Price=2090.00 > VAH=2084.00? | CVD=-407 > Ref=5023? | POC=2084.00 | VAL=2078.00
2026-01-27 12:22:22,925 [INFO]     Scanning NSE:BLUESTARCO-EQ (5min) | Range 09:35-10:35 | Price=1690.20 > VAH=1694.35? | CVD=13591 > Ref=27628? | POC=1694.35 | VAL=1684.95
2026-01-27 12:22:23,018 [INFO]     Scanning NSE:MFSL-EQ (5min) | Range 09:35-10:35 | Price=1589.00 > VAH=1593.60? | CVD=47055 > Ref=2550? | POC=1590.00 | VAL=1587.60
2026-01-27 12:22:23,089 [INFO]     Scanning NSE:RELIANCE-EQ (5min) | Range 09:35-10:35 | Price=1389.00 > VAH=1388.10? | CVD=274312 > Ref=55368? | POC=1382.85 | VAL=1381.80
2026-01-27 12:22:23,187 [INFO]     Scanning NSE:NAUKRI-EQ (5min) | Range 09:35-10:35 | Price=1279.50 > VAH=1292.80? | CVD=55517 > Ref=51866? | POC=1289.60 | VAL=1288.00
2026-01-27 12:22:23,283 [INFO]     Scanning NSE:NUVAMA-EQ (5min) | Range 09:35-10:35 | Price=1282.30 > VAH=1283.50? | CVD=-60817 > Ref=62008? | POC=1279.25 | VAL=1262.25
2026-01-27 12:22:23,375 [INFO]     Scanning NSE:KPITTECH-EQ (5min) | Range 09:35-10:35 | Price=1105.00 > VAH=1112.25? | CVD=85009 > Ref=11686? | POC=1111.50 | VAL=1110.00
2026-01-27 12:22:23,470 [INFO]     Scanning NSE:LODHA-EQ (5min) | Range 09:35-10:35 | Price=896.70 > VAH=874.35? | CVD=677170 > Ref=44807? | POC=874.35 | VAL=868.55
2026-01-27 12:22:23,569 [INFO]     Scanning NSE:HDFCLIFE-EQ (5min) | Range 09:35-10:35 | Price=716.60 > VAH=714.50? | CVD=-116800 > Ref=17111? | POC=713.50 | VAL=712.50
2026-01-27 12:22:23,663 [INFO]     Scanning NSE:INDHOTEL-EQ (5min) | Range 09:35-10:35 | Price=644.80 > VAH=641.90? | CVD=-66482 > Ref=64541? | POC=641.20 | VAL=640.50
2026-01-27 12:22:23,734 [INFO]     Scanning NSE:ICICIPRULI-EQ (5min) | Range 09:35-10:35 | Price=641.05 > VAH=640.50? | CVD=64586 > Ref=24713? | POC=640.50 | VAL=634.90
2026-01-27 12:22:23,819 [INFO]     Scanning NSE:CGPOWER-EQ (5min) | Range 09:35-10:35 | Price=544.00 > VAH=546.70? | CVD=424131 > Ref=295533? | POC=546.70 | VAL=544.50
2026-01-27 12:22:23,915 [INFO]     Scanning NSE:LICHSGFIN-EQ (5min) | Range 09:35-10:35 | Price=503.30 > VAH=506.10? | CVD=59270 > Ref=41287? | POC=505.75 | VAL=505.05
2026-01-27 12:22:24,019 [INFO]     Scanning NSE:CONCOR-EQ (5min) | Range 09:35-10:35 | Price=479.85 > VAH=480.90? | CVD=-3548 > Ref=15532? | POC=480.20 | VAL=474.60
2026-01-27 12:22:24,118 [INFO]     Scanning NSE:NYKAA-EQ (5min) | Range 09:35-10:35 | Price=234.05 > VAH=236.50? | CVD=355144 > Ref=106592? | POC=235.25 | VAL=235.25
2026-01-27 12:22:24,213 [INFO]     Scanning NSE:WIPRO-EQ (5min) | Range 09:35-10:35 | Price=233.60 > VAH=233.70? | CVD=-285551 > Ref=6314? | POC=233.55 | VAL=233.25
2026-01-27 12:22:24,278 [INFO]     Scanning NSE:INOXWIND-EQ (5min) | Range 09:35-10:35 | Price=103.95 > VAH=103.50? | CVD=14744 > Ref=42362? | POC=103.40 | VAL=102.90
2026-01-27 12:22:24,361 [INFO]     Scanning NSE:NBCC-EQ (5min) | Range 09:35-10:35 | Price=95.40 > VAH=95.75? | CVD=594594 > Ref=195713? | POC=95.70 | VAL=95.40
2026-01-27 12:22:32,144 [INFO] 🔍 Scanning for alerts on 35 symbols (5min)...
2026-01-27 12:23:24,363 [INFO] 🔍 Scanning for alerts on 19 symbols (5min)...
2026-01-27 12:23:24,477 [INFO]     Scanning NSE:AMBER-EQ (5min) | Range 09:35-10:35 | Price=5435.50 > VAH=5468.40? | CVD=-60393 > Ref=0? | POC=5459.10 | VAL=5412.60
2026-01-27 12:23:24,582 [INFO]     Scanning NSE:MANKIND-EQ (5min) | Range 09:35-10:35 | Price=2090.00 > VAH=2084.00? | CVD=-573 > Ref=5023? | POC=2084.00 | VAL=2078.00
2026-01-27 12:23:24,681 [INFO]     Scanning NSE:BLUESTARCO-EQ (5min) | Range 09:35-10:35 | Price=1691.00 > VAH=1694.35? | CVD=14348 > Ref=27628? | POC=1694.35 | VAL=1684.95
2026-01-27 12:23:24,743 [INFO]     Scanning NSE:MFSL-EQ (5min) | Range 09:35-10:35 | Price=1589.10 > VAH=1593.60? | CVD=48125 > Ref=2550? | POC=1590.00 | VAL=1587.60
2026-01-27 12:23:24,850 [INFO]     Scanning NSE:RELIANCE-EQ (5min) | Range 09:35-10:35 | Price=1388.10 > VAH=1388.10? | CVD=260606 > Ref=55368? | POC=1382.85 | VAL=1381.80
2026-01-27 12:23:24,945 [INFO]     Scanning NSE:NAUKRI-EQ (5min) | Range 09:35-10:35 | Price=1279.50 > VAH=1292.80? | CVD=55940 > Ref=51866? | POC=1289.60 | VAL=1288.00
2026-01-27 12:23:25,041 [INFO]     Scanning NSE:NUVAMA-EQ (5min) | Range 09:35-10:35 | Price=1282.70 > VAH=1283.50? | CVD=-59663 > Ref=62008? | POC=1279.25 | VAL=1262.25
2026-01-27 12:23:25,119 [INFO]     Scanning NSE:KPITTECH-EQ (5min) | Range 09:35-10:35 | Price=1103.40 > VAH=1112.25? | CVD=82923 > Ref=11686? | POC=1111.50 | VAL=1110.00
2026-01-27 12:23:25,226 [INFO]     Scanning NSE:LODHA-EQ (5min) | Range 09:35-10:35 | Price=896.10 > VAH=874.35? | CVD=673062 > Ref=44807? | POC=874.35 | VAL=868.55
2026-01-27 12:23:25,328 [INFO]     Scanning NSE:HDFCLIFE-EQ (5min) | Range 09:35-10:35 | Price=716.10 > VAH=714.50? | CVD=-119186 > Ref=17111? | POC=713.50 | VAL=712.50
2026-01-27 12:23:25,444 [INFO]     Scanning NSE:INDHOTEL-EQ (5min) | Range 09:35-10:35 | Price=644.85 > VAH=641.90? | CVD=-72645 > Ref=64541? | POC=641.20 | VAL=640.50
2026-01-27 12:23:25,512 [INFO]     Scanning NSE:ICICIPRULI-EQ (5min) | Range 09:35-10:35 | Price=642.70 > VAH=640.50? | CVD=159771 > Ref=24713? | POC=640.50 | VAL=634.90
2026-01-27 12:23:25,592 [INFO]     Scanning NSE:CGPOWER-EQ (5min) | Range 09:35-10:35 | Price=543.85 > VAH=546.70? | CVD=413842 > Ref=295533? | POC=546.70 | VAL=544.50
2026-01-27 12:23:25,666 [INFO]     Scanning NSE:LICHSGFIN-EQ (5min) | Range 09:35-10:35 | Price=502.80 > VAH=506.10? | CVD=58924 > Ref=41287? | POC=505.75 | VAL=505.05
2026-01-27 12:23:25,779 [INFO]     Scanning NSE:CONCOR-EQ (5min) | Range 09:35-10:35 | Price=479.05 > VAH=480.90? | CVD=-18731 > Ref=15532? | POC=480.20 | VAL=474.60
2026-01-27 12:23:25,855 [INFO]     Scanning NSE:NYKAA-EQ (5min) | Range 09:35-10:35 | Price=234.15 > VAH=236.50? | CVD=357151 > Ref=106592? | POC=235.25 | VAL=235.25
2026-01-27 12:23:25,919 [INFO]     Scanning NSE:WIPRO-EQ (5min) | Range 09:35-10:35 | Price=233.45 > VAH=233.70? | CVD=-307497 > Ref=6314? | POC=233.55 | VAL=233.25
2026-01-27 12:23:26,000 [INFO]     Scanning NSE:INOXWIND-EQ (5min) | Range 09:35-10:35 | Price=103.87 > VAH=103.50? | CVD=12417 > Ref=42362? | POC=103.40 | VAL=102.90
2026-01-27 12:23:26,107 [INFO]     Scanning NSE:NBCC-EQ (5min) | Range 09:35-10:35 | Price=95.32 > VAH=95.75? | CVD=590908 > Ref=195713? | POC=95.70 | VAL=95.40
2026-01-27 12:23:34,135 [INFO] 🔍 Scanning for alerts on 35 symbols (5min)...
2026-01-27 12:24:26,109 [INFO] 🔍 Scanning for alerts on 19 symbols (5min)...
2026-01-27 12:24:26,203 [INFO]     Scanning NSE:AMBER-EQ (5min) | Range 09:35-10:35 | Price=5437.00 > VAH=5468.40? | CVD=-59753 > Ref=0? | POC=5459.10 | VAL=5412.60
2026-01-27 12:24:26,404 [INFO]     Scanning NSE:MANKIND-EQ (5min) | Range 09:35-10:35 | Price=2090.30 > VAH=2084.00? | CVD=-239 > Ref=5023? | POC=2084.00 | VAL=2078.00
2026-01-27 12:24:26,487 [INFO]     Scanning NSE:BLUESTARCO-EQ (5min) | Range 09:35-10:35 | Price=1694.20 > VAH=1694.35? | CVD=20172 > Ref=27628? | POC=1694.35 | VAL=1684.95
2026-01-27 12:24:26,549 [INFO]     Scanning NSE:MFSL-EQ (5min) | Range 09:35-10:35 | Price=1590.60 > VAH=1593.60? | CVD=50293 > Ref=2550? | POC=1590.00 | VAL=1587.60
2026-01-27 12:24:26,619 [INFO]     Scanning NSE:RELIANCE-EQ (5min) | Range 09:35-10:35 | Price=1389.20 > VAH=1388.10? | CVD=283158 > Ref=55368? | POC=1382.85 | VAL=1381.80
2026-01-27 12:24:26,709 [INFO]     Scanning NSE:NAUKRI-EQ (5min) | Range 09:35-10:35 | Price=1278.60 > VAH=1292.80? | CVD=53819 > Ref=51866? | POC=1289.60 | VAL=1288.00
2026-01-27 12:24:26,803 [INFO]     Scanning NSE:NUVAMA-EQ (5min) | Range 09:35-10:35 | Price=1281.30 > VAH=1283.50? | CVD=-59763 > Ref=62008? | POC=1279.25 | VAL=1262.25
2026-01-27 12:24:26,877 [INFO]     Scanning NSE:KPITTECH-EQ (5min) | Range 09:35-10:35 | Price=1103.10 > VAH=1112.25? | CVD=79588 > Ref=11686? | POC=1111.50 | VAL=1110.00
2026-01-27 12:24:26,971 [INFO]     Scanning NSE:LODHA-EQ (5min) | Range 09:35-10:35 | Price=896.60 > VAH=874.35? | CVD=670165 > Ref=44807? | POC=874.35 | VAL=868.55
2026-01-27 12:24:27,074 [INFO]     Scanning NSE:HDFCLIFE-EQ (5min) | Range 09:35-10:35 | Price=716.75 > VAH=714.50? | CVD=-112551 > Ref=17111? | POC=713.50 | VAL=712.50
2026-01-27 12:24:27,183 [INFO]     Scanning NSE:INDHOTEL-EQ (5min) | Range 09:35-10:35 | Price=645.10 > VAH=641.90? | CVD=-68538 > Ref=64541? | POC=641.20 | VAL=640.50
2026-01-27 12:24:27,273 [INFO]     Scanning NSE:ICICIPRULI-EQ (5min) | Range 09:35-10:35 | Price=645.35 > VAH=640.50? | CVD=203679 > Ref=24713? | POC=640.50 | VAL=634.90
2026-01-27 12:24:27,368 [INFO]     Scanning NSE:CGPOWER-EQ (5min) | Range 09:35-10:35 | Price=544.80 > VAH=546.70? | CVD=427419 > Ref=295533? | POC=546.70 | VAL=544.50
2026-01-27 12:24:27,466 [INFO]     Scanning NSE:LICHSGFIN-EQ (5min) | Range 09:35-10:35 | Price=503.30 > VAH=506.10? | CVD=59722 > Ref=41287? | POC=505.75 | VAL=505.05
2026-01-27 12:24:27,551 [INFO]     Scanning NSE:CONCOR-EQ (5min) | Range 09:35-10:35 | Price=479.50 > VAH=480.90? | CVD=-8177 > Ref=15532? | POC=480.20 | VAL=474.60
2026-01-27 12:24:27,610 [INFO]     Scanning NSE:NYKAA-EQ (5min) | Range 09:35-10:35 | Price=234.30 > VAH=236.50? | CVD=362450 > Ref=106592? | POC=235.25 | VAL=235.25
2026-01-27 12:24:27,707 [INFO]     Scanning NSE:WIPRO-EQ (5min) | Range 09:35-10:35 | Price=233.60 > VAH=233.70? | CVD=-276303 > Ref=6314? | POC=233.55 | VAL=233.25
2026-01-27 12:24:27,771 [INFO]     Scanning NSE:INOXWIND-EQ (5min) | Range 09:35-10:35 | Price=103.99 > VAH=103.50? | CVD=54543 > Ref=42362? | POC=103.40 | VAL=102.90
2026-01-27 12:24:27,825 [INFO]     Scanning NSE:NBCC-EQ (5min) | Range 09:35-10:35 | Price=95.31 > VAH=95.75? | CVD=588495 > Ref=195713? | POC=95.70 | VAL=95.40
2026-01-27 12:24:36,267 [INFO] 🔍 Scanning for alerts on 35 symbols (5min)...
2026-01-27 12:25:27,826 [INFO] 🔍 Scanning for alerts on 19 symbols (5min)...
2026-01-27 12:25:27,929 [INFO]     Scanning NSE:AMBER-EQ (5min) | Range 09:35-10:35 | Price=5436.50 > VAH=5468.40? | CVD=-60607 > Ref=0? | POC=5459.10 | VAL=5412.60
2026-01-27 12:25:28,009 [INFO]     Scanning NSE:MANKIND-EQ (5min) | Range 09:35-10:35 | Price=2090.30 > VAH=2084.00? | CVD=-14 > Ref=5023? | POC=2084.00 | VAL=2078.00
2026-01-27 12:25:28,094 [INFO]     Scanning NSE:BLUESTARCO-EQ (5min) | Range 09:35-10:35 | Price=1695.00 > VAH=1694.35? | CVD=26930 > Ref=27628? | POC=1694.35 | VAL=1684.95
2026-01-27 12:25:28,284 [INFO]     Scanning NSE:MFSL-EQ (5min) | Range 09:35-10:35 | Price=1590.00 > VAH=1593.60? | CVD=49696 > Ref=2550? | POC=1590.00 | VAL=1587.60
2026-01-27 12:25:28,349 [INFO]     Scanning NSE:RELIANCE-EQ (5min) | Range 09:35-10:35 | Price=1389.30 > VAH=1388.10? | CVD=310820 > Ref=55368? | POC=1382.85 | VAL=1381.80
2026-01-27 12:25:28,404 [INFO]     Scanning NSE:NAUKRI-EQ (5min) | Range 09:35-10:35 | Price=1278.90 > VAH=1292.80? | CVD=54793 > Ref=51866? | POC=1289.60 | VAL=1288.00
2026-01-27 12:25:28,478 [INFO]     Scanning NSE:NUVAMA-EQ (5min) | Range 09:35-10:35 | Price=1281.00 > VAH=1283.50? | CVD=-59874 > Ref=62008? | POC=1279.25 | VAL=1262.25
2026-01-27 12:25:28,574 [INFO]     Scanning NSE:KPITTECH-EQ (5min) | Range 09:35-10:35 | Price=1103.00 > VAH=1112.25? | CVD=78237 > Ref=11686? | POC=1111.50 | VAL=1110.00
2026-01-27 12:25:28,668 [INFO]     Scanning NSE:LODHA-EQ (5min) | Range 09:35-10:35 | Price=895.60 > VAH=874.35? | CVD=667602 > Ref=44807? | POC=874.35 | VAL=868.55
2026-01-27 12:25:28,742 [INFO]     Scanning NSE:HDFCLIFE-EQ (5min) | Range 09:35-10:35 | Price=716.40 > VAH=714.50? | CVD=-119637 > Ref=17111? | POC=713.50 | VAL=712.50
2026-01-27 12:25:28,827 [INFO]     Scanning NSE:INDHOTEL-EQ (5min) | Range 09:35-10:35 | Price=645.10 > VAH=641.90? | CVD=-63250 > Ref=64541? | POC=641.20 | VAL=640.50
2026-01-27 12:25:28,930 [INFO]     Scanning NSE:ICICIPRULI-EQ (5min) | Range 09:35-10:35 | Price=645.60 > VAH=640.50? | CVD=175619 > Ref=24713? | POC=640.50 | VAL=634.90
2026-01-27 12:25:29,007 [INFO]     Scanning NSE:CGPOWER-EQ (5min) | Range 09:35-10:35 | Price=544.70 > VAH=546.70? | CVD=412671 > Ref=295533? | POC=546.70 | VAL=544.50
2026-01-27 12:25:29,108 [INFO]     Scanning NSE:LICHSGFIN-EQ (5min) | Range 09:35-10:35 | Price=503.55 > VAH=506.10? | CVD=61220 > Ref=41287? | POC=505.75 | VAL=505.05
2026-01-27 12:25:29,184 [INFO]     Scanning NSE:CONCOR-EQ (5min) | Range 09:35-10:35 | Price=479.55 > VAH=480.90? | CVD=2264 > Ref=15532? | POC=480.20 | VAL=474.60
2026-01-27 12:25:29,246 [INFO]     Scanning NSE:NYKAA-EQ (5min) | Range 09:35-10:35 | Price=234.30 > VAH=236.50? | CVD=366081 > Ref=106592? | POC=235.25 | VAL=235.25
2026-01-27 12:25:29,321 [INFO]     Scanning NSE:WIPRO-EQ (5min) | Range 09:35-10:35 | Price=233.60 > VAH=233.70? | CVD=-263787 > Ref=6314? | POC=233.55 | VAL=233.25
2026-01-27 12:25:29,405 [INFO]     Scanning NSE:INOXWIND-EQ (5min) | Range 09:35-10:35 | Price=104.04 > VAH=103.50? | CVD=56764 > Ref=42362? | POC=103.40 | VAL=102.90
2026-01-27 12:25:29,493 [INFO]     Scanning NSE:NBCC-EQ (5min) | Range 09:35-10:35 | Price=95.40 > VAH=95.75? | CVD=592874 > Ref=195713? | POC=95.70 | VAL=95.40
2026-01-27 12:25:38,369 [INFO] 🔍 Scanning for alerts on 35 symbols (5min)...
2026-01-27 12:26:29,496 [INFO] 🔍 Scanning for alerts on 19 symbols (5min)...
2026-01-27 12:26:29,599 [INFO]     Scanning NSE:AMBER-EQ (5min) | Range 09:35-10:35 | Price=5449.50 > VAH=5468.40? | CVD=-58623 > Ref=0? | POC=5459.10 | VAL=5412.60
2026-01-27 12:26:29,684 [INFO]     Scanning NSE:MANKIND-EQ (5min) | Range 09:35-10:35 | Price=2090.00 > VAH=2084.00? | CVD=-1033 > Ref=5023? | POC=2084.00 | VAL=2078.00
2026-01-27 12:26:29,782 [INFO]     Scanning NSE:BLUESTARCO-EQ (5min) | Range 09:35-10:35 | Price=1694.20 > VAH=1694.35? | CVD=25312 > Ref=27628? | POC=1694.35 | VAL=1684.95
2026-01-27 12:26:29,880 [INFO]     Scanning NSE:MFSL-EQ (5min) | Range 09:35-10:35 | Price=1590.60 > VAH=1593.60? | CVD=50789 > Ref=2550? | POC=1590.00 | VAL=1587.60
2026-01-27 12:26:29,976 [INFO]     Scanning NSE:RELIANCE-EQ (5min) | Range 09:35-10:35 | Price=1390.00 > VAH=1388.10? | CVD=348090 > Ref=55368? | POC=1382.85 | VAL=1381.80
2026-01-27 12:26:30,083 [INFO]     Scanning NSE:NAUKRI-EQ (5min) | Range 09:35-10:35 | Price=1279.40 > VAH=1292.80? | CVD=55240 > Ref=51866? | POC=1289.60 | VAL=1288.00
2026-01-27 12:26:30,181 [INFO]     Scanning NSE:NUVAMA-EQ (5min) | Range 09:35-10:35 | Price=1282.90 > VAH=1283.50? | CVD=-59758 > Ref=62008? | POC=1279.25 | VAL=1262.25
2026-01-27 12:26:30,253 [INFO]     Scanning NSE:KPITTECH-EQ (5min) | Range 09:35-10:35 | Price=1104.50 > VAH=1112.25? | CVD=89337 > Ref=11686? | POC=1111.50 | VAL=1110.00
2026-01-27 12:26:30,345 [INFO]     Scanning NSE:LODHA-EQ (5min) | Range 09:35-10:35 | Price=895.00 > VAH=874.35? | CVD=664378 > Ref=44807? | POC=874.35 | VAL=868.55
2026-01-27 12:26:30,446 [INFO]     Scanning NSE:HDFCLIFE-EQ (5min) | Range 09:35-10:35 | Price=716.75 > VAH=714.50? | CVD=-115866 > Ref=17111? | POC=713.50 | VAL=712.50
2026-01-27 12:26:30,511 [INFO]     Scanning NSE:INDHOTEL-EQ (5min) | Range 09:35-10:35 | Price=645.10 > VAH=641.90? | CVD=-62683 > Ref=64541? | POC=641.20 | VAL=640.50
2026-01-27 12:26:30,591 [INFO]     Scanning NSE:ICICIPRULI-EQ (5min) | Range 09:35-10:35 | Price=645.65 > VAH=640.50? | CVD=176904 > Ref=24713? | POC=640.50 | VAL=634.90
2026-01-27 12:26:30,645 [INFO]     Scanning NSE:CGPOWER-EQ (5min) | Range 09:35-10:35 | Price=545.20 > VAH=546.70? | CVD=422207 > Ref=295533? | POC=546.70 | VAL=544.50
2026-01-27 12:26:30,731 [INFO]     Scanning NSE:LICHSGFIN-EQ (5min) | Range 09:35-10:35 | Price=503.40 > VAH=506.10? | CVD=58363 > Ref=41287? | POC=505.75 | VAL=505.05
2026-01-27 12:26:30,800 [INFO]     Scanning NSE:CONCOR-EQ (5min) | Range 09:35-10:35 | Price=479.75 > VAH=480.90? | CVD=8047 > Ref=15532? | POC=480.20 | VAL=474.60
2026-01-27 12:26:30,901 [INFO]     Scanning NSE:NYKAA-EQ (5min) | Range 09:35-10:35 | Price=234.30 > VAH=236.50? | CVD=357354 > Ref=106592? | POC=235.25 | VAL=235.25
2026-01-27 12:26:30,975 [INFO]     Scanning NSE:WIPRO-EQ (5min) | Range 09:35-10:35 | Price=233.55 > VAH=233.70? | CVD=-277274 > Ref=6314? | POC=233.55 | VAL=233.25
2026-01-27 12:26:31,084 [INFO]     Scanning NSE:INOXWIND-EQ (5min) | Range 09:35-10:35 | Price=104.09 > VAH=103.50? | CVD=90130 > Ref=42362? | POC=103.40 | VAL=102.90
2026-01-27 12:26:31,171 [INFO]     Scanning NSE:NBCC-EQ (5min) | Range 09:35-10:35 | Price=95.55 > VAH=95.75? | CVD=598381 > Ref=195713? | POC=95.70 | VAL=95.40
2026-01-27 12:26:40,405 [INFO] 🔍 Scanning for alerts on 35 symbols (5min)...
2026-01-27 12:27:31,172 [INFO] 🔍 Scanning for alerts on 19 symbols (5min)...
2026-01-27 12:27:31,279 [INFO]     Scanning NSE:AMBER-EQ (5min) | Range 09:35-10:35 | Price=5453.00 > VAH=5468.40? | CVD=-54749 > Ref=0? | POC=5459.10 | VAL=5412.60
2026-01-27 12:27:31,374 [INFO]     Scanning NSE:MANKIND-EQ (5min) | Range 09:35-10:35 | Price=2090.00 > VAH=2084.00? | CVD=-1209 > Ref=5023? | POC=2084.00 | VAL=2078.00
2026-01-27 12:27:31,478 [INFO]     Scanning NSE:BLUESTARCO-EQ (5min) | Range 09:35-10:35 | Price=1690.50 > VAH=1694.35? | CVD=23836 > Ref=27628? | POC=1694.35 | VAL=1684.95
2026-01-27 12:27:31,572 [INFO]     Scanning NSE:MFSL-EQ (5min) | Range 09:35-10:35 | Price=1590.60 > VAH=1593.60? | CVD=50998 > Ref=2550? | POC=1590.00 | VAL=1587.60
2026-01-27 12:27:31,640 [INFO]     Scanning NSE:RELIANCE-EQ (5min) | Range 09:35-10:35 | Price=1389.00 > VAH=1388.10? | CVD=331644 > Ref=55368? | POC=1382.85 | VAL=1381.80
2026-01-27 12:27:31,719 [INFO]     Scanning NSE:NAUKRI-EQ (5min) | Range 09:35-10:35 | Price=1278.30 > VAH=1292.80? | CVD=54531 > Ref=51866? | POC=1289.60 | VAL=1288.00
2026-01-27 12:27:31,988 [INFO]     Scanning NSE:NUVAMA-EQ (5min) | Range 09:35-10:35 | Price=1282.20 > VAH=1283.50? | CVD=-61344 > Ref=62008? | POC=1279.25 | VAL=1262.25
2026-01-27 12:27:32,083 [INFO]     Scanning NSE:KPITTECH-EQ (5min) | Range 09:35-10:35 | Price=1103.50 > VAH=1112.25? | CVD=88395 > Ref=11686? | POC=1111.50 | VAL=1110.00
2026-01-27 12:27:32,184 [INFO]     Scanning NSE:LODHA-EQ (5min) | Range 09:35-10:35 | Price=894.10 > VAH=874.35? | CVD=657527 > Ref=44807? | POC=874.35 | VAL=868.55
2026-01-27 12:27:32,285 [INFO]     Scanning NSE:HDFCLIFE-EQ (5min) | Range 09:35-10:35 | Price=716.40 > VAH=714.50? | CVD=-117529 > Ref=17111? | POC=713.50 | VAL=712.50
2026-01-27 12:27:32,388 [INFO]     Scanning NSE:INDHOTEL-EQ (5min) | Range 09:35-10:35 | Price=644.65 > VAH=641.90? | CVD=-69322 > Ref=64541? | POC=641.20 | VAL=640.50
2026-01-27 12:27:32,497 [INFO]     Scanning NSE:ICICIPRULI-EQ (5min) | Range 09:35-10:35 | Price=644.70 > VAH=640.50? | CVD=173924 > Ref=24713? | POC=640.50 | VAL=634.90
2026-01-27 12:27:32,590 [INFO]     Scanning NSE:CGPOWER-EQ (5min) | Range 09:35-10:35 | Price=544.85 > VAH=546.70? | CVD=431037 > Ref=295533? | POC=546.70 | VAL=544.50
2026-01-27 12:27:32,697 [INFO]     Scanning NSE:LICHSGFIN-EQ (5min) | Range 09:35-10:35 | Price=503.40 > VAH=506.10? | CVD=57251 > Ref=41287? | POC=505.75 | VAL=505.05
2026-01-27 12:27:32,803 [INFO]     Scanning NSE:CONCOR-EQ (5min) | Range 09:35-10:35 | Price=479.45 > VAH=480.90? | CVD=5272 > Ref=15532? | POC=480.20 | VAL=474.60
2026-01-27 12:27:32,898 [INFO]     Scanning NSE:NYKAA-EQ (5min) | Range 09:35-10:35 | Price=234.25 > VAH=236.50? | CVD=353147 > Ref=106592? | POC=235.25 | VAL=235.25
2026-01-27 12:27:32,999 [INFO] 🚀 [STRATEGY ALERT] NSE:WIPRO-EQ (5min) triggered at 12:25!
2026-01-27 12:27:33,000 [INFO]     ✅ Price: 233.25 < FRVP VAL: 233.25
2026-01-27 12:27:33,001 [INFO]     ✅ CVD:   -296805 < CVD Ref:  6314
2026-01-27 12:27:33,001 [INFO]     ℹ️  FRVP Info: POC=233.55, VAL=233.25
2026-01-27 12:27:33,002 [INFO]     Scanning NSE:WIPRO-EQ (5min) | Range 09:35-10:35 | Price=233.25 > VAH=233.70? | CVD=-296805 > Ref=6314? | POC=233.55 | VAL=233.25
2026-01-27 12:27:33,104 [INFO]     Scanning NSE:INOXWIND-EQ (5min) | Range 09:35-10:35 | Price=103.96 > VAH=103.50? | CVD=86345 > Ref=42362? | POC=103.40 | VAL=102.90
2026-01-27 12:27:33,206 [INFO]     Scanning NSE:NBCC-EQ (5min) | Range 09:35-10:35 | Price=95.48 > VAH=95.75? | CVD=587988 > Ref=195713? | POC=95.70 | VAL=95.40
2026-01-27 12:27:42,542 [INFO] 🔍 Scanning for alerts on 35 symbols (5min)...
2026-01-27 12:28:33,208 [INFO] 🔍 Scanning for alerts on 18 symbols (5min)...
2026-01-27 12:28:33,319 [INFO]     Scanning NSE:AMBER-EQ (5min) | Range 09:35-10:35 | Price=5454.00 > VAH=5468.40? | CVD=-51016 > Ref=0? | POC=5459.10 | VAL=5412.60
2026-01-27 12:28:33,418 [INFO]     Scanning NSE:MANKIND-EQ (5min) | Range 09:35-10:35 | Price=2090.00 > VAH=2084.00? | CVD=-1344 > Ref=5023? | POC=2084.00 | VAL=2078.00
2026-01-27 12:28:33,484 [INFO]     Scanning NSE:BLUESTARCO-EQ (5min) | Range 09:35-10:35 | Price=1690.00 > VAH=1694.35? | CVD=18294 > Ref=27628? | POC=1694.35 | VAL=1684.95
2026-01-27 12:28:33,537 [INFO]     Scanning NSE:MFSL-EQ (5min) | Range 09:35-10:35 | Price=1590.50 > VAH=1593.60? | CVD=50291 > Ref=2550? | POC=1590.00 | VAL=1587.60
2026-01-27 12:28:33,618 [INFO]     Scanning NSE:RELIANCE-EQ (5min) | Range 09:35-10:35 | Price=1388.40 > VAH=1388.10? | CVD=317573 > Ref=55368? | POC=1382.85 | VAL=1381.80
2026-01-27 12:28:33,716 [INFO]     Scanning NSE:NAUKRI-EQ (5min) | Range 09:35-10:35 | Price=1277.50 > VAH=1292.80? | CVD=54157 > Ref=51866? | POC=1289.60 | VAL=1288.00
2026-01-27 12:28:33,801 [INFO]     Scanning NSE:NUVAMA-EQ (5min) | Range 09:35-10:35 | Price=1281.90 > VAH=1283.50? | CVD=-59835 > Ref=62008? | POC=1279.25 | VAL=1262.25
2026-01-27 12:28:33,897 [INFO]     Scanning NSE:KPITTECH-EQ (5min) | Range 09:35-10:35 | Price=1103.10 > VAH=1112.25? | CVD=95254 > Ref=11686? | POC=1111.50 | VAL=1110.00
2026-01-27 12:28:33,964 [INFO]     Scanning NSE:LODHA-EQ (5min) | Range 09:35-10:35 | Price=894.90 > VAH=874.35? | CVD=661320 > Ref=44807? | POC=874.35 | VAL=868.55
2026-01-27 12:28:34,063 [INFO]     Scanning NSE:HDFCLIFE-EQ (5min) | Range 09:35-10:35 | Price=716.05 > VAH=714.50? | CVD=-119913 > Ref=17111? | POC=713.50 | VAL=712.50
2026-01-27 12:28:34,164 [INFO]     Scanning NSE:INDHOTEL-EQ (5min) | Range 09:35-10:35 | Price=645.25 > VAH=641.90? | CVD=-60523 > Ref=64541? | POC=641.20 | VAL=640.50
2026-01-27 12:28:34,250 [INFO]     Scanning NSE:ICICIPRULI-EQ (5min) | Range 09:35-10:35 | Price=645.60 > VAH=640.50? | CVD=190077 > Ref=24713? | POC=640.50 | VAL=634.90
2026-01-27 12:28:34,354 [INFO]     Scanning NSE:CGPOWER-EQ (5min) | Range 09:35-10:35 | Price=544.95 > VAH=546.70? | CVD=438712 > Ref=295533? | POC=546.70 | VAL=544.50
2026-01-27 12:28:34,448 [INFO]     Scanning NSE:LICHSGFIN-EQ (5min) | Range 09:35-10:35 | Price=503.40 > VAH=506.10? | CVD=56561 > Ref=41287? | POC=505.75 | VAL=505.05
2026-01-27 12:28:34,543 [INFO]     Scanning NSE:CONCOR-EQ (5min) | Range 09:35-10:35 | Price=479.25 > VAH=480.90? | CVD=30 > Ref=15532? | POC=480.20 | VAL=474.60
2026-01-27 12:28:34,639 [INFO]     Scanning NSE:NYKAA-EQ (5min) | Range 09:35-10:35 | Price=234.35 > VAH=236.50? | CVD=356622 > Ref=106592? | POC=235.25 | VAL=235.25
2026-01-27 12:28:34,706 [INFO]     Scanning NSE:INOXWIND-EQ (5min) | Range 09:35-10:35 | Price=104.02 > VAH=103.50? | CVD=96029 > Ref=42362? | POC=103.40 | VAL=102.90
2026-01-27 12:28:34,761 [INFO]     Scanning NSE:NBCC-EQ (5min) | Range 09:35-10:35 | Price=95.51 > VAH=95.75? | CVD=593868 > Ref=195713? | POC=95.70 | VAL=95.40
2026-01-27 12:28:44,674 [INFO] 🔍 Scanning for alerts on 35 symbols (5min)...
2026-01-27 12:29:34,763 [INFO] 🔍 Scanning for alerts on 18 symbols (5min)...
2026-01-27 12:29:34,871 [INFO]     Scanning NSE:AMBER-EQ (5min) | Range 09:35-10:35 | Price=5455.50 > VAH=5468.40? | CVD=-39372 > Ref=0? | POC=5459.10 | VAL=5412.60
2026-01-27 12:29:34,967 [INFO]     Scanning NSE:MANKIND-EQ (5min) | Range 09:35-10:35 | Price=2090.00 > VAH=2084.00? | CVD=-2270 > Ref=5023? | POC=2084.00 | VAL=2078.00
2026-01-27 12:29:35,052 [INFO]     Scanning NSE:BLUESTARCO-EQ (5min) | Range 09:35-10:35 | Price=1689.10 > VAH=1694.35? | CVD=18279 > Ref=27628? | POC=1694.35 | VAL=1684.95
2026-01-27 12:29:35,141 [INFO]     Scanning NSE:MFSL-EQ (5min) | Range 09:35-10:35 | Price=1590.50 > VAH=1593.60? | CVD=51037 > Ref=2550? | POC=1590.00 | VAL=1587.60
2026-01-27 12:29:35,246 [INFO]     Scanning NSE:RELIANCE-EQ (5min) | Range 09:35-10:35 | Price=1388.40 > VAH=1388.10? | CVD=305828 > Ref=55368? | POC=1382.85 | VAL=1381.80
2026-01-27 12:29:35,359 [INFO] 🚀 [STRATEGY ALERT] NSE:NAUKRI-EQ (5min) triggered at 12:25!
2026-01-27 12:29:35,360 [INFO]     ✅ Price: 1277.00 < FRVP VAL: 1288.00
2026-01-27 12:29:35,360 [INFO]     ✅ CVD:   50913 < CVD Ref:  51866
2026-01-27 12:29:35,361 [INFO]     ℹ️  FRVP Info: POC=1289.60, VAL=1288.00
2026-01-27 12:29:35,362 [INFO]     Scanning NSE:NAUKRI-EQ (5min) | Range 09:35-10:35 | Price=1277.00 > VAH=1292.80? | CVD=50913 > Ref=51866? | POC=1289.60 | VAL=1288.00
2026-01-27 12:29:35,467 [INFO]     Scanning NSE:NUVAMA-EQ (5min) | Range 09:35-10:35 | Price=1281.20 > VAH=1283.50? | CVD=-59984 > Ref=62008? | POC=1279.25 | VAL=1262.25
2026-01-27 12:29:35,561 [INFO]     Scanning NSE:KPITTECH-EQ (5min) | Range 09:35-10:35 | Price=1101.30 > VAH=1112.25? | CVD=90468 > Ref=11686? | POC=1111.50 | VAL=1110.00
2026-01-27 12:29:35,658 [INFO]     Scanning NSE:LODHA-EQ (5min) | Range 09:35-10:35 | Price=894.10 > VAH=874.35? | CVD=658565 > Ref=44807? | POC=874.35 | VAL=868.55
2026-01-27 12:29:35,723 [INFO]     Scanning NSE:HDFCLIFE-EQ (5min) | Range 09:35-10:35 | Price=716.00 > VAH=714.50? | CVD=-121180 > Ref=17111? | POC=713.50 | VAL=712.50
2026-01-27 12:29:35,777 [INFO]     Scanning NSE:INDHOTEL-EQ (5min) | Range 09:35-10:35 | Price=645.35 > VAH=641.90? | CVD=-64189 > Ref=64541? | POC=641.20 | VAL=640.50
2026-01-27 12:29:35,876 [INFO]     Scanning NSE:ICICIPRULI-EQ (5min) | Range 09:35-10:35 | Price=644.95 > VAH=640.50? | CVD=179576 > Ref=24713? | POC=640.50 | VAL=634.90
2026-01-27 12:29:35,947 [INFO]     Scanning NSE:CGPOWER-EQ (5min) | Range 09:35-10:35 | Price=544.85 > VAH=546.70? | CVD=446227 > Ref=295533? | POC=546.70 | VAL=544.50
2026-01-27 12:29:36,000 [INFO]     Scanning NSE:LICHSGFIN-EQ (5min) | Range 09:35-10:35 | Price=503.25 > VAH=506.10? | CVD=55721 > Ref=41287? | POC=505.75 | VAL=505.05
2026-01-27 12:29:36,111 [INFO]     Scanning NSE:CONCOR-EQ (5min) | Range 09:35-10:35 | Price=479.25 > VAH=480.90? | CVD=-2231 > Ref=15532? | POC=480.20 | VAL=474.60
2026-01-27 12:29:36,206 [INFO]     Scanning NSE:NYKAA-EQ (5min) | Range 09:35-10:35 | Price=234.25 > VAH=236.50? | CVD=354888 > Ref=106592? | POC=235.25 | VAL=235.25
2026-01-27 12:29:36,301 [INFO]     Scanning NSE:INOXWIND-EQ (5min) | Range 09:35-10:35 | Price=103.93 > VAH=103.50? | CVD=85980 > Ref=42362? | POC=103.40 | VAL=102.90
2026-01-27 12:29:36,398 [INFO]     Scanning NSE:NBCC-EQ (5min) | Range 09:35-10:35 | Price=95.38 > VAH=95.75? | CVD=580970 > Ref=195713? | POC=95.70 | VAL=95.40
2026-01-27 12:29:47,021 [INFO] 🔍 Scanning for alerts on 35 symbols (5min)...
2026-01-27 12:30:36,400 [INFO] 🔍 Scanning for alerts on 17 symbols (5min)...
2026-01-27 12:30:36,494 [INFO]     Scanning NSE:AMBER-EQ (5min) | Range 09:35-10:35 | Price=5445.00 > VAH=5468.40? | CVD=-42959 > Ref=0? | POC=5459.10 | VAL=5412.60
2026-01-27 12:30:36,590 [INFO]     Scanning NSE:MANKIND-EQ (5min) | Range 09:35-10:35 | Price=2090.00 > VAH=2084.00? | CVD=-2849 > Ref=5023? | POC=2084.00 | VAL=2078.00
2026-01-27 12:30:36,695 [INFO]     Scanning NSE:BLUESTARCO-EQ (5min) | Range 09:35-10:35 | Price=1689.90 > VAH=1694.35? | CVD=18304 > Ref=27628? | POC=1694.35 | VAL=1684.95
2026-01-27 12:30:36,794 [INFO]     Scanning NSE:MFSL-EQ (5min) | Range 09:35-10:35 | Price=1590.00 > VAH=1593.60? | CVD=48674 > Ref=2550? | POC=1590.00 | VAL=1587.60
2026-01-27 12:30:36,888 [INFO]     Scanning NSE:RELIANCE-EQ (5min) | Range 09:35-10:35 | Price=1387.40 > VAH=1388.10? | CVD=269859 > Ref=55368? | POC=1382.85 | VAL=1381.80
2026-01-27 12:30:36,994 [INFO]     Scanning NSE:NUVAMA-EQ (5min) | Range 09:35-10:35 | Price=1281.20 > VAH=1283.50? | CVD=-60112 > Ref=62008? | POC=1279.25 | VAL=1262.25
2026-01-27 12:30:37,075 [INFO]     Scanning NSE:KPITTECH-EQ (5min) | Range 09:35-10:35 | Price=1101.00 > VAH=1112.25? | CVD=86745 > Ref=11686? | POC=1111.50 | VAL=1110.00
2026-01-27 12:30:37,175 [INFO]     Scanning NSE:LODHA-EQ (5min) | Range 09:35-10:35 | Price=894.00 > VAH=874.35? | CVD=653042 > Ref=44807? | POC=874.35 | VAL=868.55
2026-01-27 12:30:37,242 [INFO]     Scanning NSE:HDFCLIFE-EQ (5min) | Range 09:35-10:35 | Price=715.75 > VAH=714.50? | CVD=-124070 > Ref=17111? | POC=713.50 | VAL=712.50
2026-01-27 12:30:37,334 [INFO]     Scanning NSE:INDHOTEL-EQ (5min) | Range 09:35-10:35 | Price=644.85 > VAH=641.90? | CVD=-71605 > Ref=64541? | POC=641.20 | VAL=640.50
2026-01-27 12:30:37,432 [INFO]     Scanning NSE:ICICIPRULI-EQ (5min) | Range 09:35-10:35 | Price=644.35 > VAH=640.50? | CVD=179344 > Ref=24713? | POC=640.50 | VAL=634.90
2026-01-27 12:30:37,527 [INFO]     Scanning NSE:CGPOWER-EQ (5min) | Range 09:35-10:35 | Price=544.00 > VAH=546.70? | CVD=441446 > Ref=295533? | POC=546.70 | VAL=544.50
2026-01-27 12:30:37,625 [INFO]     Scanning NSE:LICHSGFIN-EQ (5min) | Range 09:35-10:35 | Price=503.25 > VAH=506.10? | CVD=54694 > Ref=41287? | POC=505.75 | VAL=505.05
2026-01-27 12:30:37,702 [INFO]     Scanning NSE:CONCOR-EQ (5min) | Range 09:35-10:35 | Price=479.15 > VAH=480.90? | CVD=-3013 > Ref=15532? | POC=480.20 | VAL=474.60
2026-01-27 12:30:37,759 [INFO]     Scanning NSE:NYKAA-EQ (5min) | Range 09:35-10:35 | Price=234.00 > VAH=236.50? | CVD=352516 > Ref=106592? | POC=235.25 | VAL=235.25
2026-01-27 12:30:37,842 [INFO]     Scanning NSE:INOXWIND-EQ (5min) | Range 09:35-10:35 | Price=103.99 > VAH=103.50? | CVD=105757 > Ref=42362? | POC=103.40 | VAL=102.90
2026-01-27 12:30:37,942 [INFO]     Scanning NSE:NBCC-EQ (5min) | Range 09:35-10:35 | Price=95.35 > VAH=95.75? | CVD=574061 > Ref=195713? | POC=95.70 | VAL=95.40
2026-01-27 12:30:49,106 [INFO] 🔍 Scanning for alerts on 35 symbols (5min)...
2026-01-27 12:31:37,944 [INFO] 🔍 Scanning for alerts on 17 symbols (5min)...
2026-01-27 12:31:38,038 [INFO]     Scanning NSE:AMBER-EQ (5min) | Range 09:35-10:35 | Price=5447.50 > VAH=5468.40? | CVD=-39906 > Ref=0? | POC=5459.10 | VAL=5412.60
2026-01-27 12:31:38,135 [INFO]     Scanning NSE:MANKIND-EQ (5min) | Range 09:35-10:35 | Price=2090.00 > VAH=2084.00? | CVD=-3206 > Ref=5023? | POC=2084.00 | VAL=2078.00
2026-01-27 12:31:38,232 [INFO]     Scanning NSE:BLUESTARCO-EQ (5min) | Range 09:35-10:35 | Price=1688.50 > VAH=1694.35? | CVD=17941 > Ref=27628? | POC=1694.35 | VAL=1684.95
2026-01-27 12:31:38,330 [INFO]     Scanning NSE:MFSL-EQ (5min) | Range 09:35-10:35 | Price=1588.70 > VAH=1593.60? | CVD=48515 > Ref=2550? | POC=1590.00 | VAL=1587.60
2026-01-27 12:31:39,809 [INFO]     Scanning NSE:RELIANCE-EQ (5min) | Range 09:35-10:35 | Price=1386.50 > VAH=1388.10? | CVD=226985 > Ref=55368? | POC=1382.85 | VAL=1381.80
2026-01-27 12:31:39,876 [INFO]     Scanning NSE:NUVAMA-EQ (5min) | Range 09:35-10:35 | Price=1278.70 > VAH=1283.50? | CVD=-63900 > Ref=62008? | POC=1279.25 | VAL=1262.25
2026-01-27 12:31:39,973 [INFO]     Scanning NSE:KPITTECH-EQ (5min) | Range 09:35-10:35 | Price=1100.60 > VAH=1112.25? | CVD=85100 > Ref=11686? | POC=1111.50 | VAL=1110.00
2026-01-27 12:31:40,039 [INFO]     Scanning NSE:LODHA-EQ (5min) | Range 09:35-10:35 | Price=893.30 > VAH=874.35? | CVD=649516 > Ref=44807? | POC=874.35 | VAL=868.55
2026-01-27 12:31:40,096 [INFO]     Scanning NSE:HDFCLIFE-EQ (5min) | Range 09:35-10:35 | Price=715.35 > VAH=714.50? | CVD=-126278 > Ref=17111? | POC=713.50 | VAL=712.50
2026-01-27 12:31:40,191 [INFO]     Scanning NSE:INDHOTEL-EQ (5min) | Range 09:35-10:35 | Price=644.10 > VAH=641.90? | CVD=-94537 > Ref=64541? | POC=641.20 | VAL=640.50
2026-01-27 12:31:40,272 [INFO]     Scanning NSE:ICICIPRULI-EQ (5min) | Range 09:35-10:35 | Price=643.80 > VAH=640.50? | CVD=178652 > Ref=24713? | POC=640.50 | VAL=634.90
2026-01-27 12:31:40,376 [INFO]     Scanning NSE:CGPOWER-EQ (5min) | Range 09:35-10:35 | Price=543.85 > VAH=546.70? | CVD=446168 > Ref=295533? | POC=546.70 | VAL=544.50
2026-01-27 12:31:40,472 [INFO]     Scanning NSE:LICHSGFIN-EQ (5min) | Range 09:35-10:35 | Price=503.25 > VAH=506.10? | CVD=54448 > Ref=41287? | POC=505.75 | VAL=505.05
2026-01-27 12:31:40,562 [INFO]     Scanning NSE:CONCOR-EQ (5min) | Range 09:35-10:35 | Price=479.10 > VAH=480.90? | CVD=-4922 > Ref=15532? | POC=480.20 | VAL=474.60
2026-01-27 12:31:40,660 [INFO]     Scanning NSE:NYKAA-EQ (5min) | Range 09:35-10:35 | Price=234.05 > VAH=236.50? | CVD=349984 > Ref=106592? | POC=235.25 | VAL=235.25
2026-01-27 12:31:40,725 [INFO]     Scanning NSE:INOXWIND-EQ (5min) | Range 09:35-10:35 | Price=103.93 > VAH=103.50? | CVD=134515 > Ref=42362? | POC=103.40 | VAL=102.90
2026-01-27 12:31:40,805 [INFO]     Scanning NSE:NBCC-EQ (5min) | Range 09:35-10:35 | Price=95.39 > VAH=95.75? | CVD=583440 > Ref=195713? | POC=95.70 | VAL=95.40
2026-01-27 12:31:51,176 [INFO] 🔍 Scanning for alerts on 35 symbols (5min)...
2026-01-27 12:32:40,807 [INFO] 🔍 Scanning for alerts on 17 symbols (5min)...
2026-01-27 12:32:40,904 [INFO]     Scanning NSE:AMBER-EQ (5min) | Range 09:35-10:35 | Price=5448.00 > VAH=5468.40? | CVD=-37301 > Ref=0? | POC=5459.10 | VAL=5412.60
2026-01-27 12:32:41,000 [INFO]     Scanning NSE:MANKIND-EQ (5min) | Range 09:35-10:35 | Price=2091.70 > VAH=2084.00? | CVD=-2707 > Ref=5023? | POC=2084.00 | VAL=2078.00
2026-01-27 12:32:41,096 [INFO]     Scanning NSE:BLUESTARCO-EQ (5min) | Range 09:35-10:35 | Price=1687.70 > VAH=1694.35? | CVD=16889 > Ref=27628? | POC=1694.35 | VAL=1684.95
2026-01-27 12:32:41,168 [INFO]     Scanning NSE:MFSL-EQ (5min) | Range 09:35-10:35 | Price=1589.10 > VAH=1593.60? | CVD=49359 > Ref=2550? | POC=1590.00 | VAL=1587.60
2026-01-27 12:32:41,278 [INFO]     Scanning NSE:RELIANCE-EQ (5min) | Range 09:35-10:35 | Price=1386.40 > VAH=1388.10? | CVD=209281 > Ref=55368? | POC=1382.85 | VAL=1381.80
2026-01-27 12:32:41,392 [INFO]     Scanning NSE:NUVAMA-EQ (5min) | Range 09:35-10:35 | Price=1279.30 > VAH=1283.50? | CVD=-62829 > Ref=62008? | POC=1279.25 | VAL=1262.25
2026-01-27 12:32:41,505 [INFO]     Scanning NSE:KPITTECH-EQ (5min) | Range 09:35-10:35 | Price=1101.20 > VAH=1112.25? | CVD=100238 > Ref=11686? | POC=1111.50 | VAL=1110.00
2026-01-27 12:32:41,610 [INFO]     Scanning NSE:LODHA-EQ (5min) | Range 09:35-10:35 | Price=893.90 > VAH=874.35? | CVD=653246 > Ref=44807? | POC=874.35 | VAL=868.55
2026-01-27 12:32:41,731 [INFO]     Scanning NSE:HDFCLIFE-EQ (5min) | Range 09:35-10:35 | Price=715.45 > VAH=714.50? | CVD=-122948 > Ref=17111? | POC=713.50 | VAL=712.50
2026-01-27 12:32:41,797 [INFO]     Scanning NSE:INDHOTEL-EQ (5min) | Range 09:35-10:35 | Price=644.50 > VAH=641.90? | CVD=-86216 > Ref=64541? | POC=641.20 | VAL=640.50
2026-01-27 12:32:41,915 [INFO]     Scanning NSE:ICICIPRULI-EQ (5min) | Range 09:35-10:35 | Price=643.25 > VAH=640.50? | CVD=177195 > Ref=24713? | POC=640.50 | VAL=634.90
2026-01-27 12:32:42,017 [INFO]     Scanning NSE:CGPOWER-EQ (5min) | Range 09:35-10:35 | Price=544.10 > VAH=546.70? | CVD=454271 > Ref=295533? | POC=546.70 | VAL=544.50
2026-01-27 12:32:42,095 [INFO]     Scanning NSE:LICHSGFIN-EQ (5min) | Range 09:35-10:35 | Price=503.40 > VAH=506.10? | CVD=54958 > Ref=41287? | POC=505.75 | VAL=505.05
2026-01-27 12:32:42,169 [INFO]     Scanning NSE:CONCOR-EQ (5min) | Range 09:35-10:35 | Price=479.15 > VAH=480.90? | CVD=-5819 > Ref=15532? | POC=480.20 | VAL=474.60
2026-01-27 12:32:42,257 [INFO]     Scanning NSE:NYKAA-EQ (5min) | Range 09:35-10:35 | Price=234.15 > VAH=236.50? | CVD=337705 > Ref=106592? | POC=235.25 | VAL=235.25
2026-01-27 12:32:42,355 [INFO]     Scanning NSE:INOXWIND-EQ (5min) | Range 09:35-10:35 | Price=103.96 > VAH=103.50? | CVD=124327 > Ref=42362? | POC=103.40 | VAL=102.90
2026-01-27 12:32:42,433 [INFO]     Scanning NSE:NBCC-EQ (5min) | Range 09:35-10:35 | Price=95.34 > VAH=95.75? | CVD=581074 > Ref=195713? | POC=95.70 | VAL=95.40
2026-01-27 12:32:53,243 [INFO] 🔍 Scanning for alerts on 35 symbols (5min)...
2026-01-27 12:33:42,435 [INFO] 🔍 Scanning for alerts on 17 symbols (5min)...
2026-01-27 12:33:42,529 [INFO]     Scanning NSE:AMBER-EQ (5min) | Range 09:35-10:35 | Price=5448.00 > VAH=5468.40? | CVD=-36533 > Ref=0? | POC=5459.10 | VAL=5412.60
2026-01-27 12:33:42,673 [INFO]     Scanning NSE:MANKIND-EQ (5min) | Range 09:35-10:35 | Price=2090.30 > VAH=2084.00? | CVD=-2868 > Ref=5023? | POC=2084.00 | VAL=2078.00
2026-01-27 12:33:42,769 [INFO]     Scanning NSE:BLUESTARCO-EQ (5min) | Range 09:35-10:35 | Price=1689.80 > VAH=1694.35? | CVD=19547 > Ref=27628? | POC=1694.35 | VAL=1684.95
2026-01-27 12:33:42,836 [INFO]     Scanning NSE:MFSL-EQ (5min) | Range 09:35-10:35 | Price=1588.70 > VAH=1593.60? | CVD=49112 > Ref=2550? | POC=1590.00 | VAL=1587.60
2026-01-27 12:33:42,921 [INFO]     Scanning NSE:RELIANCE-EQ (5min) | Range 09:35-10:35 | Price=1386.40 > VAH=1388.10? | CVD=189423 > Ref=55368? | POC=1382.85 | VAL=1381.80
2026-01-27 12:33:42,994 [INFO]     Scanning NSE:NUVAMA-EQ (5min) | Range 09:35-10:35 | Price=1278.70 > VAH=1283.50? | CVD=-63610 > Ref=62008? | POC=1279.25 | VAL=1262.25
2026-01-27 12:33:43,050 [INFO]     Scanning NSE:KPITTECH-EQ (5min) | Range 09:35-10:35 | Price=1101.20 > VAH=1112.25? | CVD=129516 > Ref=11686? | POC=1111.50 | VAL=1110.00
2026-01-27 12:33:43,110 [INFO]     Scanning NSE:LODHA-EQ (5min) | Range 09:35-10:35 | Price=893.90 > VAH=874.35? | CVD=657764 > Ref=44807? | POC=874.35 | VAL=868.55
2026-01-27 12:33:43,209 [INFO]     Scanning NSE:HDFCLIFE-EQ (5min) | Range 09:35-10:35 | Price=715.85 > VAH=714.50? | CVD=-120177 > Ref=17111? | POC=713.50 | VAL=712.50
2026-01-27 12:33:43,277 [INFO]     Scanning NSE:INDHOTEL-EQ (5min) | Range 09:35-10:35 | Price=644.55 > VAH=641.90? | CVD=-81199 > Ref=64541? | POC=641.20 | VAL=640.50
2026-01-27 12:33:43,362 [INFO]     Scanning NSE:ICICIPRULI-EQ (5min) | Range 09:35-10:35 | Price=643.35 > VAH=640.50? | CVD=178379 > Ref=24713? | POC=640.50 | VAL=634.90
2026-01-27 12:33:43,477 [INFO]     Scanning NSE:CGPOWER-EQ (5min) | Range 09:35-10:35 | Price=544.35 > VAH=546.70? | CVD=464245 > Ref=295533? | POC=546.70 | VAL=544.50
2026-01-27 12:33:43,554 [INFO]     Scanning NSE:LICHSGFIN-EQ (5min) | Range 09:35-10:35 | Price=503.50 > VAH=506.10? | CVD=57348 > Ref=41287? | POC=505.75 | VAL=505.05
2026-01-27 12:33:43,643 [INFO]     Scanning NSE:CONCOR-EQ (5min) | Range 09:35-10:35 | Price=479.20 > VAH=480.90? | CVD=-5210 > Ref=15532? | POC=480.20 | VAL=474.60
2026-01-27 12:33:43,710 [INFO]     Scanning NSE:NYKAA-EQ (5min) | Range 09:35-10:35 | Price=234.25 > VAH=236.50? | CVD=342281 > Ref=106592? | POC=235.25 | VAL=235.25
2026-01-27 12:33:43,766 [INFO]     Scanning NSE:INOXWIND-EQ (5min) | Range 09:35-10:35 | Price=104.08 > VAH=103.50? | CVD=128955 > Ref=42362? | POC=103.40 | VAL=102.90
2026-01-27 12:33:43,861 [INFO]     Scanning NSE:NBCC-EQ (5min) | Range 09:35-10:35 | Price=95.26 > VAH=95.75? | CVD=564872 > Ref=195713? | POC=95.70 | VAL=95.40
2026-01-27 12:33:55,415 [INFO] 🔍 Scanning for alerts on 35 symbols (5min)...
2026-01-27 12:34:43,863 [INFO] 🔍 Scanning for alerts on 17 symbols (5min)...
2026-01-27 12:34:43,973 [INFO]     Scanning NSE:AMBER-EQ (5min) | Range 09:35-10:35 | Price=5448.00 > VAH=5468.40? | CVD=-35150 > Ref=0? | POC=5459.10 | VAL=5412.60
2026-01-27 12:34:44,070 [INFO]     Scanning NSE:MANKIND-EQ (5min) | Range 09:35-10:35 | Price=2091.00 > VAH=2084.00? | CVD=-2681 > Ref=5023? | POC=2084.00 | VAL=2078.00
2026-01-27 12:34:44,136 [INFO]     Scanning NSE:BLUESTARCO-EQ (5min) | Range 09:35-10:35 | Price=1689.30 > VAH=1694.35? | CVD=4728 > Ref=27628? | POC=1694.35 | VAL=1684.95
2026-01-27 12:34:44,206 [INFO]     Scanning NSE:MFSL-EQ (5min) | Range 09:35-10:35 | Price=1589.10 > VAH=1593.60? | CVD=49275 > Ref=2550? | POC=1590.00 | VAL=1587.60
2026-01-27 12:34:44,297 [INFO]     Scanning NSE:RELIANCE-EQ (5min) | Range 09:35-10:35 | Price=1386.40 > VAH=1388.10? | CVD=170645 > Ref=55368? | POC=1382.85 | VAL=1381.80
2026-01-27 12:34:44,373 [INFO]     Scanning NSE:NUVAMA-EQ (5min) | Range 09:35-10:35 | Price=1278.20 > VAH=1283.50? | CVD=-64208 > Ref=62008? | POC=1279.25 | VAL=1262.25
2026-01-27 12:34:44,460 [INFO]     Scanning NSE:KPITTECH-EQ (5min) | Range 09:35-10:35 | Price=1101.50 > VAH=1112.25? | CVD=132951 > Ref=11686? | POC=1111.50 | VAL=1110.00
2026-01-27 12:34:44,560 [INFO]     Scanning NSE:LODHA-EQ (5min) | Range 09:35-10:35 | Price=893.20 > VAH=874.35? | CVD=652510 > Ref=44807? | POC=874.35 | VAL=868.55
2026-01-27 12:34:44,629 [INFO]     Scanning NSE:HDFCLIFE-EQ (5min) | Range 09:35-10:35 | Price=715.45 > VAH=714.50? | CVD=-123155 > Ref=17111? | POC=713.50 | VAL=712.50
2026-01-27 12:34:44,741 [INFO]     Scanning NSE:INDHOTEL-EQ (5min) | Range 09:35-10:35 | Price=644.10 > VAH=641.90? | CVD=-82350 > Ref=64541? | POC=641.20 | VAL=640.50
2026-01-27 12:34:44,836 [INFO]     Scanning NSE:ICICIPRULI-EQ (5min) | Range 09:35-10:35 | Price=643.45 > VAH=640.50? | CVD=178590 > Ref=24713? | POC=640.50 | VAL=634.90
2026-01-27 12:34:44,940 [INFO]     Scanning NSE:CGPOWER-EQ (5min) | Range 09:35-10:35 | Price=544.25 > VAH=546.70? | CVD=475415 > Ref=295533? | POC=546.70 | VAL=544.50
2026-01-27 12:34:45,036 [INFO]     Scanning NSE:LICHSGFIN-EQ (5min) | Range 09:35-10:35 | Price=503.60 > VAH=506.10? | CVD=58190 > Ref=41287? | POC=505.75 | VAL=505.05
2026-01-27 12:34:45,103 [INFO]     Scanning NSE:CONCOR-EQ (5min) | Range 09:35-10:35 | Price=479.10 > VAH=480.90? | CVD=-5831 > Ref=15532? | POC=480.20 | VAL=474.60
2026-01-27 12:34:45,157 [INFO]     Scanning NSE:NYKAA-EQ (5min) | Range 09:35-10:35 | Price=234.30 > VAH=236.50? | CVD=340142 > Ref=106592? | POC=235.25 | VAL=235.25
2026-01-27 12:34:45,216 [INFO]     Scanning NSE:INOXWIND-EQ (5min) | Range 09:35-10:35 | Price=104.00 > VAH=103.50? | CVD=98934 > Ref=42362? | POC=103.40 | VAL=102.90
2026-01-27 12:34:45,318 [INFO]     Scanning NSE:NBCC-EQ (5min) | Range 09:35-10:35 | Price=95.36 > VAH=95.75? | CVD=567277 > Ref=195713? | POC=95.70 | VAL=95.40
2026-01-27 12:34:57,483 [INFO] 🔍 Scanning for alerts on 35 symbols (5min)...
2026-01-27 12:35:45,320 [INFO] 🔍 Scanning for alerts on 17 symbols (5min)...
2026-01-27 12:35:45,423 [INFO]     Scanning NSE:AMBER-EQ (5min) | Range 09:35-10:35 | Price=5448.00 > VAH=5468.40? | CVD=-32502 > Ref=0? | POC=5459.10 | VAL=5412.60
2026-01-27 12:35:45,520 [INFO]     Scanning NSE:MANKIND-EQ (5min) | Range 09:35-10:35 | Price=2091.50 > VAH=2084.00? | CVD=-2413 > Ref=5023? | POC=2084.00 | VAL=2078.00
2026-01-27 12:35:45,619 [INFO]     Scanning NSE:BLUESTARCO-EQ (5min) | Range 09:35-10:35 | Price=1691.90 > VAH=1694.35? | CVD=15169 > Ref=27628? | POC=1694.35 | VAL=1684.95
2026-01-27 12:35:45,721 [INFO]     Scanning NSE:MFSL-EQ (5min) | Range 09:35-10:35 | Price=1587.80 > VAH=1593.60? | CVD=49088 > Ref=2550? | POC=1590.00 | VAL=1587.60
2026-01-27 12:35:45,830 [INFO]     Scanning NSE:RELIANCE-EQ (5min) | Range 09:35-10:35 | Price=1386.90 > VAH=1388.10? | CVD=208707 > Ref=55368? | POC=1382.85 | VAL=1381.80
2026-01-27 12:35:45,926 [INFO]     Scanning NSE:NUVAMA-EQ (5min) | Range 09:35-10:35 | Price=1275.00 > VAH=1283.50? | CVD=-65625 > Ref=62008? | POC=1279.25 | VAL=1262.25
2026-01-27 12:35:46,025 [INFO]     Scanning NSE:KPITTECH-EQ (5min) | Range 09:35-10:35 | Price=1101.60 > VAH=1112.25? | CVD=136132 > Ref=11686? | POC=1111.50 | VAL=1110.00
2026-01-27 12:35:46,124 [INFO]     Scanning NSE:LODHA-EQ (5min) | Range 09:35-10:35 | Price=894.00 > VAH=874.35? | CVD=660353 > Ref=44807? | POC=874.35 | VAL=868.55
2026-01-27 12:35:46,223 [INFO]     Scanning NSE:HDFCLIFE-EQ (5min) | Range 09:35-10:35 | Price=715.25 > VAH=714.50? | CVD=-125781 > Ref=17111? | POC=713.50 | VAL=712.50
2026-01-27 12:35:46,291 [INFO]     Scanning NSE:INDHOTEL-EQ (5min) | Range 09:35-10:35 | Price=644.65 > VAH=641.90? | CVD=-73678 > Ref=64541? | POC=641.20 | VAL=640.50
2026-01-27 12:35:46,382 [INFO]     Scanning NSE:ICICIPRULI-EQ (5min) | Range 09:35-10:35 | Price=642.55 > VAH=640.50? | CVD=175971 > Ref=24713? | POC=640.50 | VAL=634.90
2026-01-27 12:35:46,463 [INFO]     Scanning NSE:CGPOWER-EQ (5min) | Range 09:35-10:35 | Price=544.55 > VAH=546.70? | CVD=483778 > Ref=295533? | POC=546.70 | VAL=544.50
2026-01-27 12:35:46,525 [INFO]     Scanning NSE:LICHSGFIN-EQ (5min) | Range 09:35-10:35 | Price=503.55 > VAH=506.10? | CVD=59146 > Ref=41287? | POC=505.75 | VAL=505.05
2026-01-27 12:35:46,587 [INFO]     Scanning NSE:CONCOR-EQ (5min) | Range 09:35-10:35 | Price=479.20 > VAH=480.90? | CVD=-4516 > Ref=15532? | POC=480.20 | VAL=474.60
2026-01-27 12:35:46,651 [INFO]     Scanning NSE:NYKAA-EQ (5min) | Range 09:35-10:35 | Price=234.35 > VAH=236.50? | CVD=338063 > Ref=106592? | POC=235.25 | VAL=235.25
2026-01-27 12:35:46,754 [INFO]     Scanning NSE:INOXWIND-EQ (5min) | Range 09:35-10:35 | Price=104.12 > VAH=103.50? | CVD=105077 > Ref=42362? | POC=103.40 | VAL=102.90
2026-01-27 12:35:46,864 [INFO]     Scanning NSE:NBCC-EQ (5min) | Range 09:35-10:35 | Price=95.31 > VAH=95.75? | CVD=562736 > Ref=195713? | POC=95.70 | VAL=95.40
2026-01-27 12:35:59,625 [INFO] 🔍 Scanning for alerts on 35 symbols (5min)...
2026-01-27 12:36:46,865 [INFO] 🔍 Scanning for alerts on 17 symbols (5min)...
2026-01-27 12:36:46,974 [INFO]     Scanning NSE:AMBER-EQ (5min) | Range 09:35-10:35 | Price=5445.50 > VAH=5468.40? | CVD=-34329 > Ref=0? | POC=5459.10 | VAL=5412.60
2026-01-27 12:36:47,071 [INFO]     Scanning NSE:MANKIND-EQ (5min) | Range 09:35-10:35 | Price=2090.40 > VAH=2084.00? | CVD=-2554 > Ref=5023? | POC=2084.00 | VAL=2078.00
2026-01-27 12:36:47,169 [INFO]     Scanning NSE:BLUESTARCO-EQ (5min) | Range 09:35-10:35 | Price=1691.90 > VAH=1694.35? | CVD=15170 > Ref=27628? | POC=1694.35 | VAL=1684.95
2026-01-27 12:36:47,257 [INFO]     Scanning NSE:MFSL-EQ (5min) | Range 09:35-10:35 | Price=1588.10 > VAH=1593.60? | CVD=49542 > Ref=2550? | POC=1590.00 | VAL=1587.60
2026-01-27 12:36:47,351 [INFO]     Scanning NSE:RELIANCE-EQ (5min) | Range 09:35-10:35 | Price=1386.30 > VAH=1388.10? | CVD=187937 > Ref=55368? | POC=1382.85 | VAL=1381.80
2026-01-27 12:36:47,449 [INFO]     Scanning NSE:NUVAMA-EQ (5min) | Range 09:35-10:35 | Price=1275.00 > VAH=1283.50? | CVD=-66315 > Ref=62008? | POC=1279.25 | VAL=1262.25
2026-01-27 12:36:47,529 [INFO]     Scanning NSE:KPITTECH-EQ (5min) | Range 09:35-10:35 | Price=1101.60 > VAH=1112.25? | CVD=137540 > Ref=11686? | POC=1111.50 | VAL=1110.00
2026-01-27 12:36:47,628 [INFO]     Scanning NSE:LODHA-EQ (5min) | Range 09:35-10:35 | Price=893.80 > VAH=874.35? | CVD=651946 > Ref=44807? | POC=874.35 | VAL=868.55
2026-01-27 12:36:47,697 [INFO]     Scanning NSE:HDFCLIFE-EQ (5min) | Range 09:35-10:35 | Price=715.30 > VAH=714.50? | CVD=-123818 > Ref=17111? | POC=713.50 | VAL=712.50
2026-01-27 12:36:47,785 [INFO]     Scanning NSE:INDHOTEL-EQ (5min) | Range 09:35-10:35 | Price=644.60 > VAH=641.90? | CVD=-75469 > Ref=64541? | POC=641.20 | VAL=640.50
2026-01-27 12:36:47,877 [INFO]     Scanning NSE:ICICIPRULI-EQ (5min) | Range 09:35-10:35 | Price=642.60 > VAH=640.50? | CVD=176140 > Ref=24713? | POC=640.50 | VAL=634.90
2026-01-27 12:36:49,713 [INFO]     Scanning NSE:CGPOWER-EQ (5min) | Range 09:35-10:35 | Price=544.65 > VAH=546.70? | CVD=491841 > Ref=295533? | POC=546.70 | VAL=544.50
2026-01-27 12:36:49,810 [INFO]     Scanning NSE:LICHSGFIN-EQ (5min) | Range 09:35-10:35 | Price=503.70 > VAH=506.10? | CVD=59542 > Ref=41287? | POC=505.75 | VAL=505.05
2026-01-27 12:36:49,915 [INFO]     Scanning NSE:CONCOR-EQ (5min) | Range 09:35-10:35 | Price=479.55 > VAH=480.90? | CVD=-3872 > Ref=15532? | POC=480.20 | VAL=474.60
2026-01-27 12:36:50,024 [INFO]     Scanning NSE:NYKAA-EQ (5min) | Range 09:35-10:35 | Price=234.50 > VAH=236.50? | CVD=343507 > Ref=106592? | POC=235.25 | VAL=235.25
2026-01-27 12:36:50,121 [INFO]     Scanning NSE:INOXWIND-EQ (5min) | Range 09:35-10:35 | Price=104.08 > VAH=103.50? | CVD=147171 > Ref=42362? | POC=103.40 | VAL=102.90
2026-01-27 12:36:50,226 [INFO]     Scanning NSE:NBCC-EQ (5min) | Range 09:35-10:35 | Price=95.40 > VAH=95.75? | CVD=564143 > Ref=195713? | POC=95.70 | VAL=95.40
2026-01-27 12:37:02,524 [INFO] 🔍 Scanning for alerts on 35 symbols (5min)...
2026-01-27 12:37:50,228 [INFO] 🔍 Scanning for alerts on 17 symbols (5min)...
2026-01-27 12:37:50,336 [INFO]     Scanning NSE:AMBER-EQ (5min) | Range 09:35-10:35 | Price=5436.00 > VAH=5468.40? | CVD=-35864 > Ref=0? | POC=5459.10 | VAL=5412.60
2026-01-27 12:37:50,416 [INFO]     Scanning NSE:MANKIND-EQ (5min) | Range 09:35-10:35 | Price=2090.00 > VAH=2084.00? | CVD=-3257 > Ref=5023? | POC=2084.00 | VAL=2078.00
2026-01-27 12:37:50,493 [INFO]     Scanning NSE:BLUESTARCO-EQ (5min) | Range 09:35-10:35 | Price=1689.80 > VAH=1694.35? | CVD=14352 > Ref=27628? | POC=1694.35 | VAL=1684.95
2026-01-27 12:37:50,561 [INFO]     Scanning NSE:MFSL-EQ (5min) | Range 09:35-10:35 | Price=1587.00 > VAH=1593.60? | CVD=48748 > Ref=2550? | POC=1590.00 | VAL=1587.60
2026-01-27 12:37:50,676 [INFO]     Scanning NSE:RELIANCE-EQ (5min) | Range 09:35-10:35 | Price=1385.00 > VAH=1388.10? | CVD=148376 > Ref=55368? | POC=1382.85 | VAL=1381.80
2026-01-27 12:37:50,777 [INFO]     Scanning NSE:NUVAMA-EQ (5min) | Range 09:35-10:35 | Price=1271.90 > VAH=1283.50? | CVD=-67763 > Ref=62008? | POC=1279.25 | VAL=1262.25
2026-01-27 12:37:50,885 [INFO]     Scanning NSE:KPITTECH-EQ (5min) | Range 09:35-10:35 | Price=1099.50 > VAH=1112.25? | CVD=134608 > Ref=11686? | POC=1111.50 | VAL=1110.00
2026-01-27 12:37:50,989 [INFO]     Scanning NSE:LODHA-EQ (5min) | Range 09:35-10:35 | Price=891.80 > VAH=874.35? | CVD=634351 > Ref=44807? | POC=874.35 | VAL=868.55
2026-01-27 12:37:51,089 [INFO]     Scanning NSE:HDFCLIFE-EQ (5min) | Range 09:35-10:35 | Price=714.65 > VAH=714.50? | CVD=-125291 > Ref=17111? | POC=713.50 | VAL=712.50
2026-01-27 12:37:51,183 [INFO]     Scanning NSE:INDHOTEL-EQ (5min) | Range 09:35-10:35 | Price=644.35 > VAH=641.90? | CVD=-139757 > Ref=64541? | POC=641.20 | VAL=640.50
2026-01-27 12:37:51,283 [INFO]     Scanning NSE:ICICIPRULI-EQ (5min) | Range 09:35-10:35 | Price=642.00 > VAH=640.50? | CVD=175207 > Ref=24713? | POC=640.50 | VAL=634.90
2026-01-27 12:37:51,368 [INFO]     Scanning NSE:CGPOWER-EQ (5min) | Range 09:35-10:35 | Price=543.90 > VAH=546.70? | CVD=484248 > Ref=295533? | POC=546.70 | VAL=544.50
2026-01-27 12:37:51,465 [INFO]     Scanning NSE:LICHSGFIN-EQ (5min) | Range 09:35-10:35 | Price=503.15 > VAH=506.10? | CVD=56750 > Ref=41287? | POC=505.75 | VAL=505.05
2026-01-27 12:37:51,565 [INFO]     Scanning NSE:CONCOR-EQ (5min) | Range 09:35-10:35 | Price=479.20 > VAH=480.90? | CVD=-6428 > Ref=15532? | POC=480.20 | VAL=474.60
2026-01-27 12:37:51,656 [INFO]     Scanning NSE:NYKAA-EQ (5min) | Range 09:35-10:35 | Price=233.95 > VAH=236.50? | CVD=319409 > Ref=106592? | POC=235.25 | VAL=235.25
2026-01-27 12:37:51,740 [INFO]     Scanning NSE:INOXWIND-EQ (5min) | Range 09:35-10:35 | Price=103.99 > VAH=103.50? | CVD=117860 > Ref=42362? | POC=103.40 | VAL=102.90
2026-01-27 12:37:51,806 [INFO]     Scanning NSE:NBCC-EQ (5min) | Range 09:35-10:35 | Price=95.39 > VAH=95.75? | CVD=535032 > Ref=195713? | POC=95.70 | VAL=95.40
2026-01-27 12:38:05,185 [INFO] 🔍 Scanning for alerts on 35 symbols (5min)...
2026-01-27 12:38:51,807 [INFO] 🔍 Scanning for alerts on 17 symbols (5min)...
2026-01-27 12:38:51,911 [INFO]     Scanning NSE:AMBER-EQ (5min) | Range 09:35-10:35 | Price=5426.00 > VAH=5468.40? | CVD=-40452 > Ref=0? | POC=5459.10 | VAL=5412.60
2026-01-27 12:38:52,011 [INFO]     Scanning NSE:MANKIND-EQ (5min) | Range 09:35-10:35 | Price=2090.00 > VAH=2084.00? | CVD=-3391 > Ref=5023? | POC=2084.00 | VAL=2078.00
2026-01-27 12:38:52,116 [INFO]     Scanning NSE:BLUESTARCO-EQ (5min) | Range 09:35-10:35 | Price=1688.90 > VAH=1694.35? | CVD=13652 > Ref=27628? | POC=1694.35 | VAL=1684.95
2026-01-27 12:38:52,212 [INFO]     Scanning NSE:MFSL-EQ (5min) | Range 09:35-10:35 | Price=1586.90 > VAH=1593.60? | CVD=48950 > Ref=2550? | POC=1590.00 | VAL=1587.60
2026-01-27 12:38:52,312 [INFO]     Scanning NSE:RELIANCE-EQ (5min) | Range 09:35-10:35 | Price=1384.00 > VAH=1388.10? | CVD=117183 > Ref=55368? | POC=1382.85 | VAL=1381.80
2026-01-27 12:38:54,195 [INFO]     Scanning NSE:NUVAMA-EQ (5min) | Range 09:35-10:35 | Price=1271.10 > VAH=1283.50? | CVD=-68264 > Ref=62008? | POC=1279.25 | VAL=1262.25
2026-01-27 12:38:54,296 [INFO]     Scanning NSE:KPITTECH-EQ (5min) | Range 09:35-10:35 | Price=1098.40 > VAH=1112.25? | CVD=131056 > Ref=11686? | POC=1111.50 | VAL=1110.00
2026-01-27 12:38:54,393 [INFO]     Scanning NSE:LODHA-EQ (5min) | Range 09:35-10:35 | Price=890.60 > VAH=874.35? | CVD=619152 > Ref=44807? | POC=874.35 | VAL=868.55
2026-01-27 12:38:54,493 [INFO]     Scanning NSE:HDFCLIFE-EQ (5min) | Range 09:35-10:35 | Price=713.80 > VAH=714.50? | CVD=-128149 > Ref=17111? | POC=713.50 | VAL=712.50
2026-01-27 12:38:54,565 [INFO]     Scanning NSE:INDHOTEL-EQ (5min) | Range 09:35-10:35 | Price=644.05 > VAH=641.90? | CVD=-149348 > Ref=64541? | POC=641.20 | VAL=640.50
2026-01-27 12:38:54,664 [INFO]     Scanning NSE:ICICIPRULI-EQ (5min) | Range 09:35-10:35 | Price=642.80 > VAH=640.50? | CVD=182915 > Ref=24713? | POC=640.50 | VAL=634.90
2026-01-27 12:38:54,763 [INFO]     Scanning NSE:CGPOWER-EQ (5min) | Range 09:35-10:35 | Price=543.70 > VAH=546.70? | CVD=478396 > Ref=295533? | POC=546.70 | VAL=544.50
2026-01-27 12:38:54,854 [INFO]     Scanning NSE:LICHSGFIN-EQ (5min) | Range 09:35-10:35 | Price=503.05 > VAH=506.10? | CVD=56303 > Ref=41287? | POC=505.75 | VAL=505.05
2026-01-27 12:38:54,953 [INFO]     Scanning NSE:CONCOR-EQ (5min) | Range 09:35-10:35 | Price=478.50 > VAH=480.90? | CVD=-7655 > Ref=15532? | POC=480.20 | VAL=474.60
2026-01-27 12:38:55,021 [INFO]     Scanning NSE:NYKAA-EQ (5min) | Range 09:35-10:35 | Price=233.70 > VAH=236.50? | CVD=316138 > Ref=106592? | POC=235.25 | VAL=235.25
2026-01-27 12:38:55,108 [INFO]     Scanning NSE:INOXWIND-EQ (5min) | Range 09:35-10:35 | Price=103.93 > VAH=103.50? | CVD=109275 > Ref=42362? | POC=103.40 | VAL=102.90
2026-01-27 12:38:55,207 [INFO]     Scanning NSE:NBCC-EQ (5min) | Range 09:35-10:35 | Price=95.26 > VAH=95.75? | CVD=527472 > Ref=195713? | POC=95.70 | VAL=95.40
2026-01-27 12:39:07,630 [INFO] 🔍 Scanning for alerts on 35 symbols (5min)...
2026-01-27 12:39:55,209 [INFO] 🔍 Scanning for alerts on 17 symbols (5min)...
2026-01-27 12:39:55,306 [INFO]     Scanning NSE:AMBER-EQ (5min) | Range 09:35-10:35 | Price=5429.00 > VAH=5468.40? | CVD=-39397 > Ref=0? | POC=5459.10 | VAL=5412.60
2026-01-27 12:39:55,374 [INFO]     Scanning NSE:MANKIND-EQ (5min) | Range 09:35-10:35 | Price=2090.00 > VAH=2084.00? | CVD=-4009 > Ref=5023? | POC=2084.00 | VAL=2078.00
2026-01-27 12:39:55,478 [INFO]     Scanning NSE:BLUESTARCO-EQ (5min) | Range 09:35-10:35 | Price=1690.00 > VAH=1694.35? | CVD=13821 > Ref=27628? | POC=1694.35 | VAL=1684.95
2026-01-27 12:39:57,325 [INFO]     Scanning NSE:MFSL-EQ (5min) | Range 09:35-10:35 | Price=1586.20 > VAH=1593.60? | CVD=46970 > Ref=2550? | POC=1590.00 | VAL=1587.60
2026-01-27 12:39:57,424 [INFO]     Scanning NSE:RELIANCE-EQ (5min) | Range 09:35-10:35 | Price=1386.40 > VAH=1388.10? | CVD=149022 > Ref=55368? | POC=1382.85 | VAL=1381.80
2026-01-27 12:39:57,520 [INFO]     Scanning NSE:NUVAMA-EQ (5min) | Range 09:35-10:35 | Price=1271.10 > VAH=1283.50? | CVD=-70234 > Ref=62008? | POC=1279.25 | VAL=1262.25
2026-01-27 12:39:57,623 [INFO]     Scanning NSE:KPITTECH-EQ (5min) | Range 09:35-10:35 | Price=1099.00 > VAH=1112.25? | CVD=132758 > Ref=11686? | POC=1111.50 | VAL=1110.00
2026-01-27 12:39:57,731 [INFO]     Scanning NSE:LODHA-EQ (5min) | Range 09:35-10:35 | Price=890.20 > VAH=874.35? | CVD=614270 > Ref=44807? | POC=874.35 | VAL=868.55
2026-01-27 12:39:57,822 [INFO]     Scanning NSE:HDFCLIFE-EQ (5min) | Range 09:35-10:35 | Price=713.90 > VAH=714.50? | CVD=-125210 > Ref=17111? | POC=713.50 | VAL=712.50
2026-01-27 12:39:57,924 [INFO]     Scanning NSE:INDHOTEL-EQ (5min) | Range 09:35-10:35 | Price=644.15 > VAH=641.90? | CVD=-142774 > Ref=64541? | POC=641.20 | VAL=640.50
2026-01-27 12:39:58,002 [INFO]     Scanning NSE:ICICIPRULI-EQ (5min) | Range 09:35-10:35 | Price=642.80 > VAH=640.50? | CVD=183475 > Ref=24713? | POC=640.50 | VAL=634.90
2026-01-27 12:39:58,104 [INFO]     Scanning NSE:CGPOWER-EQ (5min) | Range 09:35-10:35 | Price=543.65 > VAH=546.70? | CVD=484964 > Ref=295533? | POC=546.70 | VAL=544.50
2026-01-27 12:39:58,205 [INFO]     Scanning NSE:LICHSGFIN-EQ (5min) | Range 09:35-10:35 | Price=503.05 > VAH=506.10? | CVD=53933 > Ref=41287? | POC=505.75 | VAL=505.05
2026-01-27 12:39:58,273 [INFO]     Scanning NSE:CONCOR-EQ (5min) | Range 09:35-10:35 | Price=478.85 > VAH=480.90? | CVD=-5337 > Ref=15532? | POC=480.20 | VAL=474.60
2026-01-27 12:39:58,380 [INFO]     Scanning NSE:NYKAA-EQ (5min) | Range 09:35-10:35 | Price=233.80 > VAH=236.50? | CVD=310038 > Ref=106592? | POC=235.25 | VAL=235.25
2026-01-27 12:39:58,481 [INFO]     Scanning NSE:INOXWIND-EQ (5min) | Range 09:35-10:35 | Price=103.94 > VAH=103.50? | CVD=111548 > Ref=42362? | POC=103.40 | VAL=102.90
2026-01-27 12:39:58,552 [INFO]     Scanning NSE:NBCC-EQ (5min) | Range 09:35-10:35 | Price=95.13 > VAH=95.75? | CVD=303517 > Ref=195713? | POC=95.70 | VAL=95.40
2026-01-27 12:40:10,007 [INFO] 🔍 Scanning for alerts on 35 symbols (5min)...
2026-01-27 12:40:58,553 [INFO] 🔍 Scanning for alerts on 17 symbols (5min)...
2026-01-27 12:40:58,650 [INFO]     Scanning NSE:AMBER-EQ (5min) | Range 09:35-10:35 | Price=5439.50 > VAH=5468.40? | CVD=-32735 > Ref=0? | POC=5459.10 | VAL=5412.60
2026-01-27 12:41:00,446 [INFO]     Scanning NSE:MANKIND-EQ (5min) | Range 09:35-10:35 | Price=2090.20 > VAH=2084.00? | CVD=-3109 > Ref=5023? | POC=2084.00 | VAL=2078.00
2026-01-27 12:41:00,559 [INFO]     Scanning NSE:BLUESTARCO-EQ (5min) | Range 09:35-10:35 | Price=1690.00 > VAH=1694.35? | CVD=15198 > Ref=27628? | POC=1694.35 | VAL=1684.95
2026-01-27 12:41:00,645 [INFO]     Scanning NSE:MFSL-EQ (5min) | Range 09:35-10:35 | Price=1586.70 > VAH=1593.60? | CVD=47297 > Ref=2550? | POC=1590.00 | VAL=1587.60
2026-01-27 12:41:00,740 [INFO]     Scanning NSE:RELIANCE-EQ (5min) | Range 09:35-10:35 | Price=1386.70 > VAH=1388.10? | CVD=167835 > Ref=55368? | POC=1382.85 | VAL=1381.80
2026-01-27 12:41:00,849 [INFO]     Scanning NSE:NUVAMA-EQ (5min) | Range 09:35-10:35 | Price=1270.70 > VAH=1283.50? | CVD=-71134 > Ref=62008? | POC=1279.25 | VAL=1262.25
2026-01-27 12:41:00,954 [INFO]     Scanning NSE:KPITTECH-EQ (5min) | Range 09:35-10:35 | Price=1100.30 > VAH=1112.25? | CVD=136302 > Ref=11686? | POC=1111.50 | VAL=1110.00
2026-01-27 12:41:01,073 [INFO]     Scanning NSE:LODHA-EQ (5min) | Range 09:35-10:35 | Price=890.70 > VAH=874.35? | CVD=618430 > Ref=44807? | POC=874.35 | VAL=868.55
2026-01-27 12:41:01,163 [INFO]     Scanning NSE:HDFCLIFE-EQ (5min) | Range 09:35-10:35 | Price=714.80 > VAH=714.50? | CVD=-106473 > Ref=17111? | POC=713.50 | VAL=712.50
2026-01-27 12:41:01,258 [INFO]     Scanning NSE:INDHOTEL-EQ (5min) | Range 09:35-10:35 | Price=644.05 > VAH=641.90? | CVD=-143895 > Ref=64541? | POC=641.20 | VAL=640.50
2026-01-27 12:41:01,356 [INFO]     Scanning NSE:ICICIPRULI-EQ (5min) | Range 09:35-10:35 | Price=642.85 > VAH=640.50? | CVD=183541 > Ref=24713? | POC=640.50 | VAL=634.90
2026-01-27 12:41:01,486 [INFO]     Scanning NSE:CGPOWER-EQ (5min) | Range 09:35-10:35 | Price=542.70 > VAH=546.70? | CVD=440086 > Ref=295533? | POC=546.70 | VAL=544.50
2026-01-27 12:41:01,597 [INFO]     Scanning NSE:LICHSGFIN-EQ (5min) | Range 09:35-10:35 | Price=503.95 > VAH=506.10? | CVD=60313 > Ref=41287? | POC=505.75 | VAL=505.05
2026-01-27 12:41:01,796 [INFO]     Scanning NSE:CONCOR-EQ (5min) | Range 09:35-10:35 | Price=480.30 > VAH=480.90? | CVD=2581 > Ref=15532? | POC=480.20 | VAL=474.60
2026-01-27 12:41:01,881 [INFO]     Scanning NSE:NYKAA-EQ (5min) | Range 09:35-10:35 | Price=233.95 > VAH=236.50? | CVD=307714 > Ref=106592? | POC=235.25 | VAL=235.25
2026-01-27 12:41:01,966 [INFO]     Scanning NSE:INOXWIND-EQ (5min) | Range 09:35-10:35 | Price=104.00 > VAH=103.50? | CVD=130302 > Ref=42362? | POC=103.40 | VAL=102.90
2026-01-27 12:41:02,056 [INFO]     Scanning NSE:NBCC-EQ (5min) | Range 09:35-10:35 | Price=95.08 > VAH=95.75? | CVD=298978 > Ref=195713? | POC=95.70 | VAL=95.40
2026-01-27 12:41:12,342 [INFO] 🔍 Scanning for alerts on 35 symbols (5min)...
2026-01-27 12:42:02,058 [INFO] 🔍 Scanning for alerts on 17 symbols (5min)...
2026-01-27 12:42:02,462 [INFO]     Scanning NSE:AMBER-EQ (5min) | Range 09:35-10:35 | Price=5439.00 > VAH=5468.40? | CVD=-34906 > Ref=0? | POC=5459.10 | VAL=5412.60
2026-01-27 12:42:02,590 [INFO]     Scanning NSE:MANKIND-EQ (5min) | Range 09:35-10:35 | Price=2090.20 > VAH=2084.00? | CVD=-3262 > Ref=5023? | POC=2084.00 | VAL=2078.00
2026-01-27 12:42:02,775 [INFO]     Scanning NSE:BLUESTARCO-EQ (5min) | Range 09:35-10:35 | Price=1690.00 > VAH=1694.35? | CVD=15376 > Ref=27628? | POC=1694.35 | VAL=1684.95
2026-01-27 12:42:02,880 [INFO]     Scanning NSE:MFSL-EQ (5min) | Range 09:35-10:35 | Price=1586.40 > VAH=1593.60? | CVD=47499 > Ref=2550? | POC=1590.00 | VAL=1587.60
2026-01-27 12:42:02,989 [INFO]     Scanning NSE:RELIANCE-EQ (5min) | Range 09:35-10:35 | Price=1386.60 > VAH=1388.10? | CVD=142548 > Ref=55368? | POC=1382.85 | VAL=1381.80
2026-01-27 12:42:03,075 [INFO]     Scanning NSE:NUVAMA-EQ (5min) | Range 09:35-10:35 | Price=1266.00 > VAH=1283.50? | CVD=-85843 > Ref=62008? | POC=1279.25 | VAL=1262.25
2026-01-27 12:42:03,180 [INFO]     Scanning NSE:KPITTECH-EQ (5min) | Range 09:35-10:35 | Price=1102.10 > VAH=1112.25? | CVD=140105 > Ref=11686? | POC=1111.50 | VAL=1110.00
2026-01-27 12:42:03,297 [INFO]     Scanning NSE:LODHA-EQ (5min) | Range 09:35-10:35 | Price=890.60 > VAH=874.35? | CVD=615242 > Ref=44807? | POC=874.35 | VAL=868.55
2026-01-27 12:42:03,424 [INFO]     Scanning NSE:HDFCLIFE-EQ (5min) | Range 09:35-10:35 | Price=715.30 > VAH=714.50? | CVD=-98697 > Ref=17111? | POC=713.50 | VAL=712.50
2026-01-27 12:42:03,639 [INFO]     Scanning NSE:INDHOTEL-EQ (5min) | Range 09:35-10:35 | Price=644.20 > VAH=641.90? | CVD=-151622 > Ref=64541? | POC=641.20 | VAL=640.50
2026-01-27 12:42:03,714 [INFO]     Scanning NSE:ICICIPRULI-EQ (5min) | Range 09:35-10:35 | Price=642.40 > VAH=640.50? | CVD=181170 > Ref=24713? | POC=640.50 | VAL=634.90
2026-01-27 12:42:03,802 [INFO]     Scanning NSE:CGPOWER-EQ (5min) | Range 09:35-10:35 | Price=543.70 > VAH=546.70? | CVD=453698 > Ref=295533? | POC=546.70 | VAL=544.50
2026-01-27 12:42:03,919 [INFO]     Scanning NSE:LICHSGFIN-EQ (5min) | Range 09:35-10:35 | Price=504.65 > VAH=506.10? | CVD=66139 > Ref=41287? | POC=505.75 | VAL=505.05
2026-01-27 12:42:04,017 [INFO]     Scanning NSE:CONCOR-EQ (5min) | Range 09:35-10:35 | Price=479.80 > VAH=480.90? | CVD=762 > Ref=15532? | POC=480.20 | VAL=474.60
2026-01-27 12:42:04,110 [INFO]     Scanning NSE:NYKAA-EQ (5min) | Range 09:35-10:35 | Price=234.00 > VAH=236.50? | CVD=309509 > Ref=106592? | POC=235.25 | VAL=235.25
2026-01-27 12:42:04,203 [INFO]     Scanning NSE:INOXWIND-EQ (5min) | Range 09:35-10:35 | Price=103.93 > VAH=103.50? | CVD=123889 > Ref=42362? | POC=103.40 | VAL=102.90
2026-01-27 12:42:04,307 [INFO]     Scanning NSE:NBCC-EQ (5min) | Range 09:35-10:35 | Price=95.09 > VAH=95.75? | CVD=301217 > Ref=195713? | POC=95.70 | VAL=95.40
2026-01-27 12:42:14,621 [INFO] 🔍 Scanning for alerts on 35 symbols (5min)...
2026-01-27 12:43:04,308 [INFO] 🔍 Scanning for alerts on 17 symbols (5min)...
2026-01-27 12:43:04,423 [INFO]     Scanning NSE:AMBER-EQ (5min) | Range 09:35-10:35 | Price=5447.50 > VAH=5468.40? | CVD=-31831 > Ref=0? | POC=5459.10 | VAL=5412.60
2026-01-27 12:43:04,526 [INFO]     Scanning NSE:MANKIND-EQ (5min) | Range 09:35-10:35 | Price=2091.00 > VAH=2084.00? | CVD=-20957 > Ref=5023? | POC=2084.00 | VAL=2078.00
2026-01-27 12:43:04,622 [INFO]     Scanning NSE:BLUESTARCO-EQ (5min) | Range 09:35-10:35 | Price=1690.00 > VAH=1694.35? | CVD=19463 > Ref=27628? | POC=1694.35 | VAL=1684.95
2026-01-27 12:43:04,726 [INFO]     Scanning NSE:MFSL-EQ (5min) | Range 09:35-10:35 | Price=1587.50 > VAH=1593.60? | CVD=52097 > Ref=2550? | POC=1590.00 | VAL=1587.60
2026-01-27 12:43:04,828 [INFO]     Scanning NSE:RELIANCE-EQ (5min) | Range 09:35-10:35 | Price=1386.50 > VAH=1388.10? | CVD=144408 > Ref=55368? | POC=1382.85 | VAL=1381.80
2026-01-27 12:43:04,898 [INFO]     Scanning NSE:NUVAMA-EQ (5min) | Range 09:35-10:35 | Price=1263.30 > VAH=1283.50? | CVD=-94487 > Ref=62008? | POC=1279.25 | VAL=1262.25
2026-01-27 12:43:05,003 [INFO]     Scanning NSE:KPITTECH-EQ (5min) | Range 09:35-10:35 | Price=1105.60 > VAH=1112.25? | CVD=152644 > Ref=11686? | POC=1111.50 | VAL=1110.00
2026-01-27 12:43:05,100 [INFO]     Scanning NSE:LODHA-EQ (5min) | Range 09:35-10:35 | Price=890.70 > VAH=874.35? | CVD=609830 > Ref=44807? | POC=874.35 | VAL=868.55
2026-01-27 12:43:05,209 [INFO]     Scanning NSE:HDFCLIFE-EQ (5min) | Range 09:35-10:35 | Price=714.80 > VAH=714.50? | CVD=-120326 > Ref=17111? | POC=713.50 | VAL=712.50
2026-01-27 12:43:05,303 [INFO]     Scanning NSE:INDHOTEL-EQ (5min) | Range 09:35-10:35 | Price=644.15 > VAH=641.90? | CVD=-157836 > Ref=64541? | POC=641.20 | VAL=640.50
2026-01-27 12:43:05,439 [INFO]     Scanning NSE:ICICIPRULI-EQ (5min) | Range 09:35-10:35 | Price=642.80 > VAH=640.50? | CVD=182012 > Ref=24713? | POC=640.50 | VAL=634.90
2026-01-27 12:43:05,553 [INFO]     Scanning NSE:CGPOWER-EQ (5min) | Range 09:35-10:35 | Price=543.35 > VAH=546.70? | CVD=448358 > Ref=295533? | POC=546.70 | VAL=544.50
2026-01-27 12:43:05,628 [INFO]     Scanning NSE:LICHSGFIN-EQ (5min) | Range 09:35-10:35 | Price=505.05 > VAH=506.10? | CVD=74955 > Ref=41287? | POC=505.75 | VAL=505.05
2026-01-27 12:43:05,708 [INFO]     Scanning NSE:CONCOR-EQ (5min) | Range 09:35-10:35 | Price=480.10 > VAH=480.90? | CVD=2671 > Ref=15532? | POC=480.20 | VAL=474.60
2026-01-27 12:43:05,776 [INFO]     Scanning NSE:NYKAA-EQ (5min) | Range 09:35-10:35 | Price=234.00 > VAH=236.50? | CVD=311500 > Ref=106592? | POC=235.25 | VAL=235.25
2026-01-27 12:43:05,888 [INFO]     Scanning NSE:INOXWIND-EQ (5min) | Range 09:35-10:35 | Price=103.94 > VAH=103.50? | CVD=125294 > Ref=42362? | POC=103.40 | VAL=102.90
2026-01-27 12:43:05,993 [INFO]     Scanning NSE:NBCC-EQ (5min) | Range 09:35-10:35 | Price=95.16 > VAH=95.75? | CVD=295610 > Ref=195713? | POC=95.70 | VAL=95.40
2026-01-27 12:43:16,791 [INFO] 🔍 Scanning for alerts on 35 symbols (5min)...
2026-01-27 12:44:05,994 [INFO] 🔍 Scanning for alerts on 17 symbols (5min)...
2026-01-27 12:44:06,102 [INFO]     Scanning NSE:AMBER-EQ (5min) | Range 09:35-10:35 | Price=5448.00 > VAH=5468.40? | CVD=-27588 > Ref=0? | POC=5459.10 | VAL=5412.60
2026-01-27 12:44:06,211 [INFO]     Scanning NSE:MANKIND-EQ (5min) | Range 09:35-10:35 | Price=2090.00 > VAH=2084.00? | CVD=-29617 > Ref=5023? | POC=2084.00 | VAL=2078.00
2026-01-27 12:44:06,359 [INFO]     Scanning NSE:BLUESTARCO-EQ (5min) | Range 09:35-10:35 | Price=1689.50 > VAH=1694.35? | CVD=19257 > Ref=27628? | POC=1694.35 | VAL=1684.95
2026-01-27 12:44:06,446 [INFO]     Scanning NSE:MFSL-EQ (5min) | Range 09:35-10:35 | Price=1587.60 > VAH=1593.60? | CVD=52343 > Ref=2550? | POC=1590.00 | VAL=1587.60
2026-01-27 12:44:06,566 [INFO]     Scanning NSE:RELIANCE-EQ (5min) | Range 09:35-10:35 | Price=1385.80 > VAH=1388.10? | CVD=127243 > Ref=55368? | POC=1382.85 | VAL=1381.80
2026-01-27 12:44:06,632 [INFO] 🚀 [STRATEGY ALERT] NSE:NUVAMA-EQ (5min) triggered at 12:40!
2026-01-27 12:44:06,633 [INFO]     ✅ Price: 1261.30 < FRVP VAL: 1262.25
2026-01-27 12:44:06,634 [INFO]     ✅ CVD:   -96672 < CVD Ref:  62008
2026-01-27 12:44:06,634 [INFO]     ℹ️  FRVP Info: POC=1279.25, VAL=1262.25
2026-01-27 12:44:06,635 [INFO]     Scanning NSE:NUVAMA-EQ (5min) | Range 09:35-10:35 | Price=1261.30 > VAH=1283.50? | CVD=-96672 > Ref=62008? | POC=1279.25 | VAL=1262.25
2026-01-27 12:44:06,748 [INFO]     Scanning NSE:KPITTECH-EQ (5min) | Range 09:35-10:35 | Price=1103.50 > VAH=1112.25? | CVD=151299 > Ref=11686? | POC=1111.50 | VAL=1110.00
2026-01-27 12:44:06,842 [INFO]     Scanning NSE:LODHA-EQ (5min) | Range 09:35-10:35 | Price=889.50 > VAH=874.35? | CVD=604652 > Ref=44807? | POC=874.35 | VAL=868.55
2026-01-27 12:44:06,969 [INFO]     Scanning NSE:HDFCLIFE-EQ (5min) | Range 09:35-10:35 | Price=714.90 > VAH=714.50? | CVD=-114532 > Ref=17111? | POC=713.50 | VAL=712.50
2026-01-27 12:44:07,069 [INFO]     Scanning NSE:INDHOTEL-EQ (5min) | Range 09:35-10:35 | Price=644.45 > VAH=641.90? | CVD=-152398 > Ref=64541? | POC=641.20 | VAL=640.50
2026-01-27 12:44:07,145 [INFO]     Scanning NSE:ICICIPRULI-EQ (5min) | Range 09:35-10:35 | Price=642.70 > VAH=640.50? | CVD=181481 > Ref=24713? | POC=640.50 | VAL=634.90
2026-01-27 12:44:07,253 [INFO]     Scanning NSE:CGPOWER-EQ (5min) | Range 09:35-10:35 | Price=542.30 > VAH=546.70? | CVD=440355 > Ref=295533? | POC=546.70 | VAL=544.50
2026-01-27 12:44:07,364 [INFO]     Scanning NSE:LICHSGFIN-EQ (5min) | Range 09:35-10:35 | Price=505.45 > VAH=506.10? | CVD=75999 > Ref=41287? | POC=505.75 | VAL=505.05
2026-01-27 12:44:07,466 [INFO]     Scanning NSE:CONCOR-EQ (5min) | Range 09:35-10:35 | Price=479.80 > VAH=480.90? | CVD=-3115 > Ref=15532? | POC=480.20 | VAL=474.60
2026-01-27 12:44:07,537 [INFO]     Scanning NSE:NYKAA-EQ (5min) | Range 09:35-10:35 | Price=234.10 > VAH=236.50? | CVD=315532 > Ref=106592? | POC=235.25 | VAL=235.25
2026-01-27 12:44:07,638 [INFO]     Scanning NSE:INOXWIND-EQ (5min) | Range 09:35-10:35 | Price=103.93 > VAH=103.50? | CVD=116871 > Ref=42362? | POC=103.40 | VAL=102.90
2026-01-27 12:44:07,720 [INFO]     Scanning NSE:NBCC-EQ (5min) | Range 09:35-10:35 | Price=95.10 > VAH=95.75? | CVD=289120 > Ref=195713? | POC=95.70 | VAL=95.40
2026-01-27 12:44:19,067 [INFO] 🔍 Scanning for alerts on 35 symbols (5min)...
2026-01-27 12:45:07,722 [INFO] 🔍 Scanning for alerts on 16 symbols (5min)...
2026-01-27 12:45:07,823 [INFO]     Scanning NSE:AMBER-EQ (5min) | Range 09:35-10:35 | Price=5446.50 > VAH=5468.40? | CVD=-28057 > Ref=0? | POC=5459.10 | VAL=5412.60
2026-01-27 12:45:07,940 [INFO]     Scanning NSE:MANKIND-EQ (5min) | Range 09:35-10:35 | Price=2090.50 > VAH=2084.00? | CVD=-28159 > Ref=5023? | POC=2084.00 | VAL=2078.00
2026-01-27 12:45:08,053 [INFO]     Scanning NSE:BLUESTARCO-EQ (5min) | Range 09:35-10:35 | Price=1689.10 > VAH=1694.35? | CVD=19019 > Ref=27628? | POC=1694.35 | VAL=1684.95
2026-01-27 12:45:08,151 [INFO]     Scanning NSE:MFSL-EQ (5min) | Range 09:35-10:35 | Price=1587.60 > VAH=1593.60? | CVD=52583 > Ref=2550? | POC=1590.00 | VAL=1587.60
2026-01-27 12:45:08,218 [INFO]     Scanning NSE:RELIANCE-EQ (5min) | Range 09:35-10:35 | Price=1386.00 > VAH=1388.10? | CVD=115259 > Ref=55368? | POC=1382.85 | VAL=1381.80
2026-01-27 12:45:08,327 [INFO]     Scanning NSE:KPITTECH-EQ (5min) | Range 09:35-10:35 | Price=1103.60 > VAH=1112.25? | CVD=151271 > Ref=11686? | POC=1111.50 | VAL=1110.00
2026-01-27 12:45:08,400 [INFO]     Scanning NSE:LODHA-EQ (5min) | Range 09:35-10:35 | Price=889.20 > VAH=874.35? | CVD=601725 > Ref=44807? | POC=874.35 | VAL=868.55
2026-01-27 12:45:08,504 [INFO]     Scanning NSE:HDFCLIFE-EQ (5min) | Range 09:35-10:35 | Price=714.95 > VAH=714.50? | CVD=-112647 > Ref=17111? | POC=713.50 | VAL=712.50
2026-01-27 12:45:08,604 [INFO]     Scanning NSE:INDHOTEL-EQ (5min) | Range 09:35-10:35 | Price=644.55 > VAH=641.90? | CVD=-150281 > Ref=64541? | POC=641.20 | VAL=640.50
2026-01-27 12:45:08,673 [INFO]     Scanning NSE:ICICIPRULI-EQ (5min) | Range 09:35-10:35 | Price=642.90 > VAH=640.50? | CVD=181559 > Ref=24713? | POC=640.50 | VAL=634.90
2026-01-27 12:45:08,737 [INFO]     Scanning NSE:CGPOWER-EQ (5min) | Range 09:35-10:35 | Price=542.30 > VAH=546.70? | CVD=447739 > Ref=295533? | POC=546.70 | VAL=544.50
2026-01-27 12:45:08,860 [INFO]     Scanning NSE:LICHSGFIN-EQ (5min) | Range 09:35-10:35 | Price=505.40 > VAH=506.10? | CVD=71788 > Ref=41287? | POC=505.75 | VAL=505.05
2026-01-27 12:45:08,963 [INFO]     Scanning NSE:CONCOR-EQ (5min) | Range 09:35-10:35 | Price=480.10 > VAH=480.90? | CVD=2311 > Ref=15532? | POC=480.20 | VAL=474.60
2026-01-27 12:45:09,069 [INFO]     Scanning NSE:NYKAA-EQ (5min) | Range 09:35-10:35 | Price=234.00 > VAH=236.50? | CVD=310432 > Ref=106592? | POC=235.25 | VAL=235.25
2026-01-27 12:45:09,175 [INFO]     Scanning NSE:INOXWIND-EQ (5min) | Range 09:35-10:35 | Price=103.96 > VAH=103.50? | CVD=118479 > Ref=42362? | POC=103.40 | VAL=102.90
2026-01-27 12:45:09,268 [INFO]     Scanning NSE:NBCC-EQ (5min) | Range 09:35-10:35 | Price=95.06 > VAH=95.75? | CVD=282582 > Ref=195713? | POC=95.70 | VAL=95.40
2026-01-27 12:45:21,428 [INFO] 🔍 Scanning for alerts on 35 symbols (5min)...
2026-01-27 12:46:09,269 [INFO] 🔍 Scanning for alerts on 16 symbols (5min)...
2026-01-27 12:46:09,371 [INFO]     Scanning NSE:AMBER-EQ (5min) | Range 09:35-10:35 | Price=5445.00 > VAH=5468.40? | CVD=-29195 > Ref=0? | POC=5459.10 | VAL=5412.60
2026-01-27 12:46:09,476 [INFO]     Scanning NSE:MANKIND-EQ (5min) | Range 09:35-10:35 | Price=2090.00 > VAH=2084.00? | CVD=-32003 > Ref=5023? | POC=2084.00 | VAL=2078.00
2026-01-27 12:46:09,552 [INFO]     Scanning NSE:BLUESTARCO-EQ (5min) | Range 09:35-10:35 | Price=1690.00 > VAH=1694.35? | CVD=20366 > Ref=27628? | POC=1694.35 | VAL=1684.95
2026-01-27 12:46:09,612 [INFO]     Scanning NSE:MFSL-EQ (5min) | Range 09:35-10:35 | Price=1587.20 > VAH=1593.60? | CVD=52127 > Ref=2550? | POC=1590.00 | VAL=1587.60
2026-01-27 12:46:09,714 [INFO]     Scanning NSE:RELIANCE-EQ (5min) | Range 09:35-10:35 | Price=1386.00 > VAH=1388.10? | CVD=142948 > Ref=55368? | POC=1382.85 | VAL=1381.80
2026-01-27 12:46:09,822 [INFO]     Scanning NSE:KPITTECH-EQ (5min) | Range 09:35-10:35 | Price=1105.20 > VAH=1112.25? | CVD=154428 > Ref=11686? | POC=1111.50 | VAL=1110.00
2026-01-27 12:46:09,938 [INFO]     Scanning NSE:LODHA-EQ (5min) | Range 09:35-10:35 | Price=889.10 > VAH=874.35? | CVD=596056 > Ref=44807? | POC=874.35 | VAL=868.55
2026-01-27 12:46:10,042 [INFO]     Scanning NSE:HDFCLIFE-EQ (5min) | Range 09:35-10:35 | Price=715.30 > VAH=714.50? | CVD=-110746 > Ref=17111? | POC=713.50 | VAL=712.50
2026-01-27 12:46:10,116 [INFO]     Scanning NSE:INDHOTEL-EQ (5min) | Range 09:35-10:35 | Price=644.25 > VAH=641.90? | CVD=-154967 > Ref=64541? | POC=641.20 | VAL=640.50
2026-01-27 12:46:10,214 [INFO]     Scanning NSE:ICICIPRULI-EQ (5min) | Range 09:35-10:35 | Price=642.65 > VAH=640.50? | CVD=181424 > Ref=24713? | POC=640.50 | VAL=634.90
2026-01-27 12:46:10,294 [INFO]     Scanning NSE:CGPOWER-EQ (5min) | Range 09:35-10:35 | Price=542.45 > VAH=546.70? | CVD=454118 > Ref=295533? | POC=546.70 | VAL=544.50
2026-01-27 12:46:10,406 [INFO]     Scanning NSE:LICHSGFIN-EQ (5min) | Range 09:35-10:35 | Price=505.55 > VAH=506.10? | CVD=79107 > Ref=41287? | POC=505.75 | VAL=505.05
2026-01-27 12:46:10,494 [INFO]     Scanning NSE:CONCOR-EQ (5min) | Range 09:35-10:35 | Price=479.50 > VAH=480.90? | CVD=-2384 > Ref=15532? | POC=480.20 | VAL=474.60
2026-01-27 12:46:10,573 [INFO]     Scanning NSE:NYKAA-EQ (5min) | Range 09:35-10:35 | Price=234.00 > VAH=236.50? | CVD=308535 > Ref=106592? | POC=235.25 | VAL=235.25
2026-01-27 12:46:10,652 [INFO]     Scanning NSE:INOXWIND-EQ (5min) | Range 09:35-10:35 | Price=103.90 > VAH=103.50? | CVD=107801 > Ref=42362? | POC=103.40 | VAL=102.90
2026-01-27 12:46:10,717 [INFO]     Scanning NSE:NBCC-EQ (5min) | Range 09:35-10:35 | Price=94.98 > VAH=95.75? | CVD=265401 > Ref=195713? | POC=95.70 | VAL=95.40
2026-01-27 12:46:23,759 [INFO] 🔍 Scanning for alerts on 35 symbols (5min)...
2026-01-27 12:47:10,718 [INFO] 🔍 Scanning for alerts on 16 symbols (5min)...
2026-01-27 12:47:10,800 [INFO]     Scanning NSE:AMBER-EQ (5min) | Range 09:35-10:35 | Price=5449.50 > VAH=5468.40? | CVD=-25831 > Ref=0? | POC=5459.10 | VAL=5412.60
2026-01-27 12:47:10,882 [INFO]     Scanning NSE:MANKIND-EQ (5min) | Range 09:35-10:35 | Price=2088.90 > VAH=2084.00? | CVD=-33104 > Ref=5023? | POC=2084.00 | VAL=2078.00
2026-01-27 12:47:10,945 [INFO]     Scanning NSE:BLUESTARCO-EQ (5min) | Range 09:35-10:35 | Price=1688.00 > VAH=1694.35? | CVD=15625 > Ref=27628? | POC=1694.35 | VAL=1684.95
2026-01-27 12:47:11,010 [INFO]     Scanning NSE:MFSL-EQ (5min) | Range 09:35-10:35 | Price=1589.40 > VAH=1593.60? | CVD=52755 > Ref=2550? | POC=1590.00 | VAL=1587.60
2026-01-27 12:47:11,108 [INFO]     Scanning NSE:RELIANCE-EQ (5min) | Range 09:35-10:35 | Price=1385.50 > VAH=1388.10? | CVD=121605 > Ref=55368? | POC=1382.85 | VAL=1381.80
2026-01-27 12:47:11,192 [INFO]     Scanning NSE:KPITTECH-EQ (5min) | Range 09:35-10:35 | Price=1105.10 > VAH=1112.25? | CVD=151395 > Ref=11686? | POC=1111.50 | VAL=1110.00
2026-01-27 12:47:11,301 [INFO]     Scanning NSE:LODHA-EQ (5min) | Range 09:35-10:35 | Price=889.70 > VAH=874.35? | CVD=602016 > Ref=44807? | POC=874.35 | VAL=868.55
2026-01-27 12:47:11,400 [INFO]     Scanning NSE:HDFCLIFE-EQ (5min) | Range 09:35-10:35 | Price=715.45 > VAH=714.50? | CVD=-106983 > Ref=17111? | POC=713.50 | VAL=712.50
2026-01-27 12:47:11,476 [INFO]     Scanning NSE:INDHOTEL-EQ (5min) | Range 09:35-10:35 | Price=644.00 > VAH=641.90? | CVD=-161637 > Ref=64541? | POC=641.20 | VAL=640.50
2026-01-27 12:47:11,588 [INFO]     Scanning NSE:ICICIPRULI-EQ (5min) | Range 09:35-10:35 | Price=642.40 > VAH=640.50? | CVD=179585 > Ref=24713? | POC=640.50 | VAL=634.90
2026-01-27 12:47:11,654 [INFO]     Scanning NSE:CGPOWER-EQ (5min) | Range 09:35-10:35 | Price=542.65 > VAH=546.70? | CVD=462182 > Ref=295533? | POC=546.70 | VAL=544.50
2026-01-27 12:47:11,748 [INFO]     Scanning NSE:LICHSGFIN-EQ (5min) | Range 09:35-10:35 | Price=505.50 > VAH=506.10? | CVD=76760 > Ref=41287? | POC=505.75 | VAL=505.05
2026-01-27 12:47:11,854 [INFO]     Scanning NSE:CONCOR-EQ (5min) | Range 09:35-10:35 | Price=479.75 > VAH=480.90? | CVD=2491 > Ref=15532? | POC=480.20 | VAL=474.60
2026-01-27 12:47:11,960 [INFO]     Scanning NSE:NYKAA-EQ (5min) | Range 09:35-10:35 | Price=234.10 > VAH=236.50? | CVD=312461 > Ref=106592? | POC=235.25 | VAL=235.25
2026-01-27 12:47:12,031 [INFO]     Scanning NSE:INOXWIND-EQ (5min) | Range 09:35-10:35 | Price=104.02 > VAH=103.50? | CVD=122161 > Ref=42362? | POC=103.40 | VAL=102.90
2026-01-27 12:47:12,094 [INFO]     Scanning NSE:NBCC-EQ (5min) | Range 09:35-10:35 | Price=95.09 > VAH=95.75? | CVD=272507 > Ref=195713? | POC=95.70 | VAL=95.40
2026-01-27 12:47:26,135 [INFO] 🔍 Scanning for alerts on 35 symbols (5min)...
2026-01-27 12:48:12,096 [INFO] 🔍 Scanning for alerts on 16 symbols (5min)...
2026-01-27 12:48:12,198 [INFO]     Scanning NSE:AMBER-EQ (5min) | Range 09:35-10:35 | Price=5447.50 > VAH=5468.40? | CVD=-23704 > Ref=0? | POC=5459.10 | VAL=5412.60
2026-01-27 12:48:12,314 [INFO]     Scanning NSE:MANKIND-EQ (5min) | Range 09:35-10:35 | Price=2089.30 > VAH=2084.00? | CVD=-34475 > Ref=5023? | POC=2084.00 | VAL=2078.00
2026-01-27 12:48:12,417 [INFO]     Scanning NSE:BLUESTARCO-EQ (5min) | Range 09:35-10:35 | Price=1688.80 > VAH=1694.35? | CVD=15974 > Ref=27628? | POC=1694.35 | VAL=1684.95
2026-01-27 12:48:12,522 [INFO]     Scanning NSE:MFSL-EQ (5min) | Range 09:35-10:35 | Price=1589.40 > VAH=1593.60? | CVD=52950 > Ref=2550? | POC=1590.00 | VAL=1587.60
2026-01-27 12:48:12,618 [INFO]     Scanning NSE:RELIANCE-EQ (5min) | Range 09:35-10:35 | Price=1385.80 > VAH=1388.10? | CVD=148592 > Ref=55368? | POC=1382.85 | VAL=1381.80
2026-01-27 12:48:12,739 [INFO]     Scanning NSE:KPITTECH-EQ (5min) | Range 09:35-10:35 | Price=1104.20 > VAH=1112.25? | CVD=151158 > Ref=11686? | POC=1111.50 | VAL=1110.00
2026-01-27 12:48:12,861 [INFO]     Scanning NSE:LODHA-EQ (5min) | Range 09:35-10:35 | Price=889.60 > VAH=874.35? | CVD=598727 > Ref=44807? | POC=874.35 | VAL=868.55
2026-01-27 12:48:12,964 [INFO]     Scanning NSE:HDFCLIFE-EQ (5min) | Range 09:35-10:35 | Price=716.25 > VAH=714.50? | CVD=-102102 > Ref=17111? | POC=713.50 | VAL=712.50
2026-01-27 12:48:13,032 [INFO]     Scanning NSE:INDHOTEL-EQ (5min) | Range 09:35-10:35 | Price=644.45 > VAH=641.90? | CVD=-157482 > Ref=64541? | POC=641.20 | VAL=640.50
2026-01-27 12:48:13,090 [INFO]     Scanning NSE:ICICIPRULI-EQ (5min) | Range 09:35-10:35 | Price=642.55 > VAH=640.50? | CVD=179530 > Ref=24713? | POC=640.50 | VAL=634.90
2026-01-27 12:48:13,191 [INFO]     Scanning NSE:CGPOWER-EQ (5min) | Range 09:35-10:35 | Price=542.20 > VAH=546.70? | CVD=455457 > Ref=295533? | POC=546.70 | VAL=544.50
2026-01-27 12:48:13,267 [INFO]     Scanning NSE:LICHSGFIN-EQ (5min) | Range 09:35-10:35 | Price=505.65 > VAH=506.10? | CVD=79391 > Ref=41287? | POC=505.75 | VAL=505.05
2026-01-27 12:48:13,361 [INFO]     Scanning NSE:CONCOR-EQ (5min) | Range 09:35-10:35 | Price=479.65 > VAH=480.90? | CVD=211 > Ref=15532? | POC=480.20 | VAL=474.60
2026-01-27 12:48:13,442 [INFO]     Scanning NSE:NYKAA-EQ (5min) | Range 09:35-10:35 | Price=233.85 > VAH=236.50? | CVD=304488 > Ref=106592? | POC=235.25 | VAL=235.25
2026-01-27 12:48:13,527 [INFO]     Scanning NSE:INOXWIND-EQ (5min) | Range 09:35-10:35 | Price=103.90 > VAH=103.50? | CVD=118148 > Ref=42362? | POC=103.40 | VAL=102.90
2026-01-27 12:48:13,643 [INFO]     Scanning NSE:NBCC-EQ (5min) | Range 09:35-10:35 | Price=95.05 > VAH=95.75? | CVD=275717 > Ref=195713? | POC=95.70 | VAL=95.40
2026-01-27 12:48:28,335 [INFO] 🔍 Scanning for alerts on 35 symbols (5min)...
2026-01-27 12:49:13,645 [INFO] 🔍 Scanning for alerts on 16 symbols (5min)...
2026-01-27 12:49:13,751 [INFO]     Scanning NSE:AMBER-EQ (5min) | Range 09:35-10:35 | Price=5446.50 > VAH=5468.40? | CVD=-24886 > Ref=0? | POC=5459.10 | VAL=5412.60
2026-01-27 12:49:13,856 [INFO]     Scanning NSE:MANKIND-EQ (5min) | Range 09:35-10:35 | Price=2088.00 > VAH=2084.00? | CVD=-37870 > Ref=5023? | POC=2084.00 | VAL=2078.00
2026-01-27 12:49:13,960 [INFO] 🚀 [STRATEGY ALERT] NSE:BLUESTARCO-EQ (5min) triggered at 12:45!
2026-01-27 12:49:13,961 [INFO]     ✅ Price: 1684.60 < FRVP VAL: 1684.95
2026-01-27 12:49:13,961 [INFO]     ✅ CVD:   12991 < CVD Ref:  27628
2026-01-27 12:49:13,961 [INFO]     ℹ️  FRVP Info: POC=1694.35, VAL=1684.95
2026-01-27 12:49:13,962 [INFO]     Scanning NSE:BLUESTARCO-EQ (5min) | Range 09:35-10:35 | Price=1684.60 > VAH=1694.35? | CVD=12991 > Ref=27628? | POC=1694.35 | VAL=1684.95
2026-01-27 12:49:14,085 [INFO]     Scanning NSE:MFSL-EQ (5min) | Range 09:35-10:35 | Price=1590.30 > VAH=1593.60? | CVD=55475 > Ref=2550? | POC=1590.00 | VAL=1587.60
2026-01-27 12:49:14,166 [INFO]     Scanning NSE:RELIANCE-EQ (5min) | Range 09:35-10:35 | Price=1385.00 > VAH=1388.10? | CVD=107776 > Ref=55368? | POC=1382.85 | VAL=1381.80
2026-01-27 12:49:14,276 [INFO]     Scanning NSE:KPITTECH-EQ (5min) | Range 09:35-10:35 | Price=1103.50 > VAH=1112.25? | CVD=150931 > Ref=11686? | POC=1111.50 | VAL=1110.00
2026-01-27 12:49:14,367 [INFO]     Scanning NSE:LODHA-EQ (5min) | Range 09:35-10:35 | Price=889.20 > VAH=874.35? | CVD=595169 > Ref=44807? | POC=874.35 | VAL=868.55
2026-01-27 12:49:14,472 [INFO]     Scanning NSE:HDFCLIFE-EQ (5min) | Range 09:35-10:35 | Price=715.60 > VAH=714.50? | CVD=-108654 > Ref=17111? | POC=713.50 | VAL=712.50
2026-01-27 12:49:14,581 [INFO]     Scanning NSE:INDHOTEL-EQ (5min) | Range 09:35-10:35 | Price=644.00 > VAH=641.90? | CVD=-159708 > Ref=64541? | POC=641.20 | VAL=640.50
2026-01-27 12:49:14,651 [INFO]     Scanning NSE:ICICIPRULI-EQ (5min) | Range 09:35-10:35 | Price=642.60 > VAH=640.50? | CVD=179918 > Ref=24713? | POC=640.50 | VAL=634.90
2026-01-27 12:49:14,722 [INFO]     Scanning NSE:CGPOWER-EQ (5min) | Range 09:35-10:35 | Price=541.75 > VAH=546.70? | CVD=446703 > Ref=295533? | POC=546.70 | VAL=544.50
2026-01-27 12:49:14,840 [INFO]     Scanning NSE:LICHSGFIN-EQ (5min) | Range 09:35-10:35 | Price=505.30 > VAH=506.10? | CVD=65830 > Ref=41287? | POC=505.75 | VAL=505.05
2026-01-27 12:49:14,945 [INFO]     Scanning NSE:CONCOR-EQ (5min) | Range 09:35-10:35 | Price=479.10 > VAH=480.90? | CVD=-722 > Ref=15532? | POC=480.20 | VAL=474.60
2026-01-27 12:49:15,015 [INFO]     Scanning NSE:NYKAA-EQ (5min) | Range 09:35-10:35 | Price=233.80 > VAH=236.50? | CVD=306469 > Ref=106592? | POC=235.25 | VAL=235.25
2026-01-27 12:49:15,114 [INFO]     Scanning NSE:INOXWIND-EQ (5min) | Range 09:35-10:35 | Price=103.91 > VAH=103.50? | CVD=121562 > Ref=42362? | POC=103.40 | VAL=102.90
2026-01-27 12:49:15,196 [INFO]     Scanning NSE:NBCC-EQ (5min) | Range 09:35-10:35 | Price=94.96 > VAH=95.75? | CVD=263654 > Ref=195713? | POC=95.70 | VAL=95.40
2026-01-27 12:49:31,833 [INFO] 🔍 Scanning for alerts on 35 symbols (5min)...
2026-01-27 12:50:15,197 [INFO] 🔍 Scanning for alerts on 15 symbols (5min)...
2026-01-27 12:50:15,300 [INFO]     Scanning NSE:AMBER-EQ (5min) | Range 09:35-10:35 | Price=5445.50 > VAH=5468.40? | CVD=-27851 > Ref=0? | POC=5459.10 | VAL=5412.60
2026-01-27 12:50:15,373 [INFO]     Scanning NSE:MANKIND-EQ (5min) | Range 09:35-10:35 | Price=2088.00 > VAH=2084.00? | CVD=-36480 > Ref=5023? | POC=2084.00 | VAL=2078.00
2026-01-27 12:50:15,465 [INFO]     Scanning NSE:MFSL-EQ (5min) | Range 09:35-10:35 | Price=1590.20 > VAH=1593.60? | CVD=55747 > Ref=2550? | POC=1590.00 | VAL=1587.60
2026-01-27 12:50:15,569 [INFO]     Scanning NSE:RELIANCE-EQ (5min) | Range 09:35-10:35 | Price=1384.00 > VAH=1388.10? | CVD=82431 > Ref=55368? | POC=1382.85 | VAL=1381.80
2026-01-27 12:50:15,679 [INFO]     Scanning NSE:KPITTECH-EQ (5min) | Range 09:35-10:35 | Price=1103.30 > VAH=1112.25? | CVD=150522 > Ref=11686? | POC=1111.50 | VAL=1110.00
2026-01-27 12:50:15,785 [INFO]     Scanning NSE:LODHA-EQ (5min) | Range 09:35-10:35 | Price=888.60 > VAH=874.35? | CVD=589561 > Ref=44807? | POC=874.35 | VAL=868.55
2026-01-27 12:50:15,861 [INFO]     Scanning NSE:HDFCLIFE-EQ (5min) | Range 09:35-10:35 | Price=715.30 > VAH=714.50? | CVD=-109824 > Ref=17111? | POC=713.50 | VAL=712.50
2026-01-27 12:50:15,953 [INFO]     Scanning NSE:INDHOTEL-EQ (5min) | Range 09:35-10:35 | Price=642.30 > VAH=641.90? | CVD=-242138 > Ref=64541? | POC=641.20 | VAL=640.50
2026-01-27 12:50:16,061 [INFO]     Scanning NSE:ICICIPRULI-EQ (5min) | Range 09:35-10:35 | Price=642.40 > VAH=640.50? | CVD=173625 > Ref=24713? | POC=640.50 | VAL=634.90
2026-01-27 12:50:16,170 [INFO]     Scanning NSE:CGPOWER-EQ (5min) | Range 09:35-10:35 | Price=541.05 > VAH=546.70? | CVD=434051 > Ref=295533? | POC=546.70 | VAL=544.50
2026-01-27 12:50:16,286 [INFO]     Scanning NSE:LICHSGFIN-EQ (5min) | Range 09:35-10:35 | Price=505.55 > VAH=506.10? | CVD=53435 > Ref=41287? | POC=505.75 | VAL=505.05
2026-01-27 12:50:16,407 [INFO]     Scanning NSE:CONCOR-EQ (5min) | Range 09:35-10:35 | Price=478.90 > VAH=480.90? | CVD=-1741 > Ref=15532? | POC=480.20 | VAL=474.60
2026-01-27 12:50:16,517 [INFO]     Scanning NSE:NYKAA-EQ (5min) | Range 09:35-10:35 | Price=233.90 > VAH=236.50? | CVD=308342 > Ref=106592? | POC=235.25 | VAL=235.25
2026-01-27 12:50:16,591 [INFO]     Scanning NSE:INOXWIND-EQ (5min) | Range 09:35-10:35 | Price=103.90 > VAH=103.50? | CVD=116246 > Ref=42362? | POC=103.40 | VAL=102.90
2026-01-27 12:50:16,654 [INFO]     Scanning NSE:NBCC-EQ (5min) | Range 09:35-10:35 | Price=95.01 > VAH=95.75? | CVD=274642 > Ref=195713? | POC=95.70 | VAL=95.40
2026-01-27 12:50:34,190 [INFO] 🔍 Scanning for alerts on 35 symbols (5min)...
2026-01-27 12:51:16,656 [INFO] 🔍 Scanning for alerts on 15 symbols (5min)...
2026-01-27 12:51:16,769 [INFO]     Scanning NSE:AMBER-EQ (5min) | Range 09:35-10:35 | Price=5443.50 > VAH=5468.40? | CVD=-29524 > Ref=0? | POC=5459.10 | VAL=5412.60
2026-01-27 12:51:16,875 [INFO]     Scanning NSE:MANKIND-EQ (5min) | Range 09:35-10:35 | Price=2088.50 > VAH=2084.00? | CVD=-35700 > Ref=5023? | POC=2084.00 | VAL=2078.00
2026-01-27 12:51:16,946 [INFO]     Scanning NSE:MFSL-EQ (5min) | Range 09:35-10:35 | Price=1589.70 > VAH=1593.60? | CVD=54593 > Ref=2550? | POC=1590.00 | VAL=1587.60
2026-01-27 12:51:17,009 [INFO]     Scanning NSE:RELIANCE-EQ (5min) | Range 09:35-10:35 | Price=1383.40 > VAH=1388.10? | CVD=61589 > Ref=55368? | POC=1382.85 | VAL=1381.80
2026-01-27 12:51:17,106 [INFO]     Scanning NSE:KPITTECH-EQ (5min) | Range 09:35-10:35 | Price=1103.70 > VAH=1112.25? | CVD=152633 > Ref=11686? | POC=1111.50 | VAL=1110.00
2026-01-27 12:51:17,212 [INFO]     Scanning NSE:LODHA-EQ (5min) | Range 09:35-10:35 | Price=889.30 > VAH=874.35? | CVD=597435 > Ref=44807? | POC=874.35 | VAL=868.55
2026-01-27 12:51:17,320 [INFO]     Scanning NSE:HDFCLIFE-EQ (5min) | Range 09:35-10:35 | Price=715.50 > VAH=714.50? | CVD=-107653 > Ref=17111? | POC=713.50 | VAL=712.50
2026-01-27 12:51:17,423 [INFO]     Scanning NSE:INDHOTEL-EQ (5min) | Range 09:35-10:35 | Price=643.70 > VAH=641.90? | CVD=-218397 > Ref=64541? | POC=641.20 | VAL=640.50
2026-01-27 12:51:17,530 [INFO]     Scanning NSE:ICICIPRULI-EQ (5min) | Range 09:35-10:35 | Price=642.45 > VAH=640.50? | CVD=173673 > Ref=24713? | POC=640.50 | VAL=634.90
2026-01-27 12:51:17,635 [INFO]     Scanning NSE:CGPOWER-EQ (5min) | Range 09:35-10:35 | Price=541.30 > VAH=546.70? | CVD=445788 > Ref=295533? | POC=546.70 | VAL=544.50
2026-01-27 12:51:17,742 [INFO]     Scanning NSE:LICHSGFIN-EQ (5min) | Range 09:35-10:35 | Price=505.45 > VAH=506.10? | CVD=50822 > Ref=41287? | POC=505.75 | VAL=505.05
2026-01-27 12:51:17,862 [INFO]     Scanning NSE:CONCOR-EQ (5min) | Range 09:35-10:35 | Price=478.90 > VAH=480.90? | CVD=-5596 > Ref=15532? | POC=480.20 | VAL=474.60
2026-01-27 12:51:17,967 [INFO]     Scanning NSE:NYKAA-EQ (5min) | Range 09:35-10:35 | Price=233.60 > VAH=236.50? | CVD=284176 > Ref=106592? | POC=235.25 | VAL=235.25
2026-01-27 12:51:18,070 [INFO]     Scanning NSE:INOXWIND-EQ (5min) | Range 09:35-10:35 | Price=103.90 > VAH=103.50? | CVD=103983 > Ref=42362? | POC=103.40 | VAL=102.90
2026-01-27 12:51:18,171 [INFO]     Scanning NSE:NBCC-EQ (5min) | Range 09:35-10:35 | Price=95.00 > VAH=95.75? | CVD=281670 > Ref=195713? | POC=95.70 | VAL=95.40
2026-01-27 12:51:36,612 [INFO] 🔍 Scanning for alerts on 35 symbols (5min)...
2026-01-27 12:52:18,173 [INFO] 🔍 Scanning for alerts on 15 symbols (5min)...
2026-01-27 12:52:18,277 [INFO]     Scanning NSE:AMBER-EQ (5min) | Range 09:35-10:35 | Price=5444.00 > VAH=5468.40? | CVD=-28607 > Ref=0? | POC=5459.10 | VAL=5412.60
2026-01-27 12:52:18,398 [INFO]     Scanning NSE:MANKIND-EQ (5min) | Range 09:35-10:35 | Price=2090.00 > VAH=2084.00? | CVD=-34789 > Ref=5023? | POC=2084.00 | VAL=2078.00
2026-01-27 12:52:18,512 [INFO]     Scanning NSE:MFSL-EQ (5min) | Range 09:35-10:35 | Price=1590.10 > VAH=1593.60? | CVD=53925 > Ref=2550? | POC=1590.00 | VAL=1587.60
2026-01-27 12:52:18,585 [INFO]     Scanning NSE:RELIANCE-EQ (5min) | Range 09:35-10:35 | Price=1384.70 > VAH=1388.10? | CVD=101087 > Ref=55368? | POC=1382.85 | VAL=1381.80
2026-01-27 12:52:18,662 [INFO]     Scanning NSE:KPITTECH-EQ (5min) | Range 09:35-10:35 | Price=1104.30 > VAH=1112.25? | CVD=153709 > Ref=11686? | POC=1111.50 | VAL=1110.00
2026-01-27 12:52:18,756 [INFO]     Scanning NSE:LODHA-EQ (5min) | Range 09:35-10:35 | Price=890.40 > VAH=874.35? | CVD=604483 > Ref=44807? | POC=874.35 | VAL=868.55
2026-01-27 12:52:18,867 [INFO]     Scanning NSE:HDFCLIFE-EQ (5min) | Range 09:35-10:35 | Price=715.65 > VAH=714.50? | CVD=-104040 > Ref=17111? | POC=713.50 | VAL=712.50
2026-01-27 12:52:18,985 [INFO]     Scanning NSE:INDHOTEL-EQ (5min) | Range 09:35-10:35 | Price=644.10 > VAH=641.90? | CVD=-206266 > Ref=64541? | POC=641.20 | VAL=640.50
2026-01-27 12:52:19,098 [INFO]     Scanning NSE:ICICIPRULI-EQ (5min) | Range 09:35-10:35 | Price=642.40 > VAH=640.50? | CVD=173584 > Ref=24713? | POC=640.50 | VAL=634.90
2026-01-27 12:52:19,190 [INFO]     Scanning NSE:CGPOWER-EQ (5min) | Range 09:35-10:35 | Price=541.75 > VAH=546.70? | CVD=452646 > Ref=295533? | POC=546.70 | VAL=544.50
2026-01-27 12:52:19,349 [INFO]     Scanning NSE:LICHSGFIN-EQ (5min) | Range 09:35-10:35 | Price=505.60 > VAH=506.10? | CVD=55298 > Ref=41287? | POC=505.75 | VAL=505.05
2026-01-27 12:52:19,443 [INFO]     Scanning NSE:CONCOR-EQ (5min) | Range 09:35-10:35 | Price=479.10 > VAH=480.90? | CVD=-3197 > Ref=15532? | POC=480.20 | VAL=474.60
2026-01-27 12:52:19,524 [INFO]     Scanning NSE:NYKAA-EQ (5min) | Range 09:35-10:35 | Price=233.75 > VAH=236.50? | CVD=288069 > Ref=106592? | POC=235.25 | VAL=235.25
2026-01-27 12:52:19,598 [INFO]     Scanning NSE:INOXWIND-EQ (5min) | Range 09:35-10:35 | Price=104.04 > VAH=103.50? | CVD=108710 > Ref=42362? | POC=103.40 | VAL=102.90
2026-01-27 12:52:19,670 [INFO]     Scanning NSE:NBCC-EQ (5min) | Range 09:35-10:35 | Price=95.07 > VAH=95.75? | CVD=310718 > Ref=195713? | POC=95.70 | VAL=95.40
2026-01-27 12:52:39,428 [INFO] 🔍 Scanning for alerts on 35 symbols (5min)...
2026-01-27 12:53:19,672 [INFO] 🔍 Scanning for alerts on 15 symbols (5min)...
2026-01-27 12:53:19,782 [INFO]     Scanning NSE:AMBER-EQ (5min) | Range 09:35-10:35 | Price=5443.50 > VAH=5468.40? | CVD=-29119 > Ref=0? | POC=5459.10 | VAL=5412.60
2026-01-27 12:53:19,894 [INFO]     Scanning NSE:MANKIND-EQ (5min) | Range 09:35-10:35 | Price=2089.20 > VAH=2084.00? | CVD=-34170 > Ref=5023? | POC=2084.00 | VAL=2078.00
2026-01-27 12:53:19,994 [INFO]     Scanning NSE:MFSL-EQ (5min) | Range 09:35-10:35 | Price=1591.30 > VAH=1593.60? | CVD=57870 > Ref=2550? | POC=1590.00 | VAL=1587.60
2026-01-27 12:53:20,113 [INFO]     Scanning NSE:RELIANCE-EQ (5min) | Range 09:35-10:35 | Price=1384.90 > VAH=1388.10? | CVD=118695 > Ref=55368? | POC=1382.85 | VAL=1381.80
2026-01-27 12:53:20,219 [INFO]     Scanning NSE:KPITTECH-EQ (5min) | Range 09:35-10:35 | Price=1103.70 > VAH=1112.25? | CVD=153311 > Ref=11686? | POC=1111.50 | VAL=1110.00
2026-01-27 12:53:20,291 [INFO]     Scanning NSE:LODHA-EQ (5min) | Range 09:35-10:35 | Price=890.10 > VAH=874.35? | CVD=596712 > Ref=44807? | POC=874.35 | VAL=868.55
2026-01-27 12:53:20,417 [INFO]     Scanning NSE:HDFCLIFE-EQ (5min) | Range 09:35-10:35 | Price=715.80 > VAH=714.50? | CVD=-96053 > Ref=17111? | POC=713.50 | VAL=712.50
2026-01-27 12:53:20,523 [INFO]     Scanning NSE:INDHOTEL-EQ (5min) | Range 09:35-10:35 | Price=644.15 > VAH=641.90? | CVD=-204741 > Ref=64541? | POC=641.20 | VAL=640.50
2026-01-27 12:53:20,631 [INFO]     Scanning NSE:ICICIPRULI-EQ (5min) | Range 09:35-10:35 | Price=642.40 > VAH=640.50? | CVD=168903 > Ref=24713? | POC=640.50 | VAL=634.90
2026-01-27 12:53:20,726 [INFO]     Scanning NSE:CGPOWER-EQ (5min) | Range 09:35-10:35 | Price=542.25 > VAH=546.70? | CVD=465159 > Ref=295533? | POC=546.70 | VAL=544.50
2026-01-27 12:53:20,796 [INFO]     Scanning NSE:LICHSGFIN-EQ (5min) | Range 09:35-10:35 | Price=505.70 > VAH=506.10? | CVD=62362 > Ref=41287? | POC=505.75 | VAL=505.05
2026-01-27 12:53:20,861 [INFO]     Scanning NSE:CONCOR-EQ (5min) | Range 09:35-10:35 | Price=479.25 > VAH=480.90? | CVD=-2673 > Ref=15532? | POC=480.20 | VAL=474.60
2026-01-27 12:53:20,931 [INFO]     Scanning NSE:NYKAA-EQ (5min) | Range 09:35-10:35 | Price=233.75 > VAH=236.50? | CVD=289239 > Ref=106592? | POC=235.25 | VAL=235.25
2026-01-27 12:53:21,117 [INFO]     Scanning NSE:INOXWIND-EQ (5min) | Range 09:35-10:35 | Price=104.02 > VAH=103.50? | CVD=98726 > Ref=42362? | POC=103.40 | VAL=102.90
2026-01-27 12:53:21,203 [INFO]     Scanning NSE:NBCC-EQ (5min) | Range 09:35-10:35 | Price=95.11 > VAH=95.75? | CVD=326936 > Ref=195713? | POC=95.70 | VAL=95.40
2026-01-27 12:53:42,135 [INFO] 🔍 Scanning for alerts on 35 symbols (5min)...
2026-01-27 12:54:21,205 [INFO] 🔍 Scanning for alerts on 15 symbols (5min)...
2026-01-27 12:54:21,308 [INFO]     Scanning NSE:AMBER-EQ (5min) | Range 09:35-10:35 | Price=5438.00 > VAH=5468.40? | CVD=-30448 > Ref=0? | POC=5459.10 | VAL=5412.60
2026-01-27 12:54:21,516 [INFO]     Scanning NSE:MANKIND-EQ (5min) | Range 09:35-10:35 | Price=2088.70 > VAH=2084.00? | CVD=-31479 > Ref=5023? | POC=2084.00 | VAL=2078.00
2026-01-27 12:54:21,593 [INFO]     Scanning NSE:MFSL-EQ (5min) | Range 09:35-10:35 | Price=1590.90 > VAH=1593.60? | CVD=57177 > Ref=2550? | POC=1590.00 | VAL=1587.60
2026-01-27 12:54:21,685 [INFO]     Scanning NSE:RELIANCE-EQ (5min) | Range 09:35-10:35 | Price=1385.40 > VAH=1388.10? | CVD=142957 > Ref=55368? | POC=1382.85 | VAL=1381.80
2026-01-27 12:54:21,775 [INFO]     Scanning NSE:KPITTECH-EQ (5min) | Range 09:35-10:35 | Price=1103.80 > VAH=1112.25? | CVD=154649 > Ref=11686? | POC=1111.50 | VAL=1110.00
2026-01-27 12:54:21,841 [INFO]     Scanning NSE:LODHA-EQ (5min) | Range 09:35-10:35 | Price=889.80 > VAH=874.35? | CVD=593616 > Ref=44807? | POC=874.35 | VAL=868.55
2026-01-27 12:54:21,934 [INFO]     Scanning NSE:HDFCLIFE-EQ (5min) | Range 09:35-10:35 | Price=715.70 > VAH=714.50? | CVD=-97919 > Ref=17111? | POC=713.50 | VAL=712.50
2026-01-27 12:54:22,026 [INFO]     Scanning NSE:INDHOTEL-EQ (5min) | Range 09:35-10:35 | Price=644.10 > VAH=641.90? | CVD=-200250 > Ref=64541? | POC=641.20 | VAL=640.50
2026-01-27 12:54:22,091 [INFO]     Scanning NSE:ICICIPRULI-EQ (5min) | Range 09:35-10:35 | Price=642.40 > VAH=640.50? | CVD=167000 > Ref=24713? | POC=640.50 | VAL=634.90
2026-01-27 12:54:22,225 [INFO]     Scanning NSE:CGPOWER-EQ (5min) | Range 09:35-10:35 | Price=542.10 > VAH=546.70? | CVD=470637 > Ref=295533? | POC=546.70 | VAL=544.50
2026-01-27 12:54:22,330 [INFO]     Scanning NSE:LICHSGFIN-EQ (5min) | Range 09:35-10:35 | Price=505.55 > VAH=506.10? | CVD=59882 > Ref=41287? | POC=505.75 | VAL=505.05
2026-01-27 12:54:22,445 [INFO]     Scanning NSE:CONCOR-EQ (5min) | Range 09:35-10:35 | Price=479.30 > VAH=480.90? | CVD=-461 > Ref=15532? | POC=480.20 | VAL=474.60
2026-01-27 12:54:22,551 [INFO]     Scanning NSE:NYKAA-EQ (5min) | Range 09:35-10:35 | Price=233.75 > VAH=236.50? | CVD=292811 > Ref=106592? | POC=235.25 | VAL=235.25
2026-01-27 12:54:22,650 [INFO]     Scanning NSE:INOXWIND-EQ (5min) | Range 09:35-10:35 | Price=104.02 > VAH=103.50? | CVD=97000 > Ref=42362? | POC=103.40 | VAL=102.90
2026-01-27 12:54:22,770 [INFO]     Scanning NSE:NBCC-EQ (5min) | Range 09:35-10:35 | Price=95.24 > VAH=95.75? | CVD=334085 > Ref=195713? | POC=95.70 | VAL=95.40
2026-01-27 12:54:44,594 [INFO] 🔍 Scanning for alerts on 35 symbols (5min)...
2026-01-27 12:55:22,772 [INFO] 🔍 Scanning for alerts on 15 symbols (5min)...
2026-01-27 12:55:22,884 [INFO]     Scanning NSE:AMBER-EQ (5min) | Range 09:35-10:35 | Price=5437.00 > VAH=5468.40? | CVD=-31333 > Ref=0? | POC=5459.10 | VAL=5412.60
2026-01-27 12:55:22,991 [INFO]     Scanning NSE:MANKIND-EQ (5min) | Range 09:35-10:35 | Price=2087.40 > VAH=2084.00? | CVD=-37402 > Ref=5023? | POC=2084.00 | VAL=2078.00
2026-01-27 12:55:23,064 [INFO]     Scanning NSE:MFSL-EQ (5min) | Range 09:35-10:35 | Price=1590.50 > VAH=1593.60? | CVD=57414 > Ref=2550? | POC=1590.00 | VAL=1587.60
2026-01-27 12:55:23,128 [INFO]     Scanning NSE:RELIANCE-EQ (5min) | Range 09:35-10:35 | Price=1384.80 > VAH=1388.10? | CVD=121882 > Ref=55368? | POC=1382.85 | VAL=1381.80
2026-01-27 12:55:23,200 [INFO]     Scanning NSE:KPITTECH-EQ (5min) | Range 09:35-10:35 | Price=1103.80 > VAH=1112.25? | CVD=154344 > Ref=11686? | POC=1111.50 | VAL=1110.00
2026-01-27 12:55:23,270 [INFO]     Scanning NSE:LODHA-EQ (5min) | Range 09:35-10:35 | Price=889.40 > VAH=874.35? | CVD=590195 > Ref=44807? | POC=874.35 | VAL=868.55
2026-01-27 12:55:23,377 [INFO]     Scanning NSE:HDFCLIFE-EQ (5min) | Range 09:35-10:35 | Price=715.60 > VAH=714.50? | CVD=-99715 > Ref=17111? | POC=713.50 | VAL=712.50
2026-01-27 12:55:23,447 [INFO]     Scanning NSE:INDHOTEL-EQ (5min) | Range 09:35-10:35 | Price=644.00 > VAH=641.90? | CVD=-202878 > Ref=64541? | POC=641.20 | VAL=640.50
2026-01-27 12:55:23,556 [INFO]     Scanning NSE:ICICIPRULI-EQ (5min) | Range 09:35-10:35 | Price=642.40 > VAH=640.50? | CVD=123019 > Ref=24713? | POC=640.50 | VAL=634.90
2026-01-27 12:55:23,634 [INFO]     Scanning NSE:CGPOWER-EQ (5min) | Range 09:35-10:35 | Price=541.75 > VAH=546.70? | CVD=448148 > Ref=295533? | POC=546.70 | VAL=544.50
2026-01-27 12:55:23,725 [INFO]     Scanning NSE:LICHSGFIN-EQ (5min) | Range 09:35-10:35 | Price=505.35 > VAH=506.10? | CVD=41660 > Ref=41287? | POC=505.75 | VAL=505.05
2026-01-27 12:55:23,818 [INFO]     Scanning NSE:CONCOR-EQ (5min) | Range 09:35-10:35 | Price=479.10 > VAH=480.90? | CVD=-5695 > Ref=15532? | POC=480.20 | VAL=474.60
2026-01-27 12:55:23,919 [INFO]     Scanning NSE:NYKAA-EQ (5min) | Range 09:35-10:35 | Price=233.85 > VAH=236.50? | CVD=287790 > Ref=106592? | POC=235.25 | VAL=235.25
2026-01-27 12:55:24,029 [INFO]     Scanning NSE:INOXWIND-EQ (5min) | Range 09:35-10:35 | Price=104.04 > VAH=103.50? | CVD=98850 > Ref=42362? | POC=103.40 | VAL=102.90
2026-01-27 12:55:24,133 [INFO]     Scanning NSE:NBCC-EQ (5min) | Range 09:35-10:35 | Price=95.31 > VAH=95.75? | CVD=336202 > Ref=195713? | POC=95.70 | VAL=95.40
2026-01-27 12:55:46,871 [INFO] 🔍 Scanning for alerts on 35 symbols (5min)...
2026-01-27 12:56:24,136 [INFO] 🔍 Scanning for alerts on 15 symbols (5min)...
2026-01-27 12:56:24,239 [INFO]     Scanning NSE:AMBER-EQ (5min) | Range 09:35-10:35 | Price=5432.00 > VAH=5468.40? | CVD=-31838 > Ref=0? | POC=5459.10 | VAL=5412.60
2026-01-27 12:56:24,313 [INFO]     Scanning NSE:MANKIND-EQ (5min) | Range 09:35-10:35 | Price=2087.30 > VAH=2084.00? | CVD=-36768 > Ref=5023? | POC=2084.00 | VAL=2078.00
2026-01-27 12:56:24,374 [INFO]     Scanning NSE:MFSL-EQ (5min) | Range 09:35-10:35 | Price=1590.30 > VAH=1593.60? | CVD=57173 > Ref=2550? | POC=1590.00 | VAL=1587.60
2026-01-27 12:56:24,467 [INFO]     Scanning NSE:RELIANCE-EQ (5min) | Range 09:35-10:35 | Price=1386.00 > VAH=1388.10? | CVD=142749 > Ref=55368? | POC=1382.85 | VAL=1381.80
2026-01-27 12:56:24,550 [INFO]     Scanning NSE:KPITTECH-EQ (5min) | Range 09:35-10:35 | Price=1103.90 > VAH=1112.25? | CVD=154426 > Ref=11686? | POC=1111.50 | VAL=1110.00
2026-01-27 12:56:24,660 [INFO]     Scanning NSE:LODHA-EQ (5min) | Range 09:35-10:35 | Price=889.20 > VAH=874.35? | CVD=587455 > Ref=44807? | POC=874.35 | VAL=868.55
2026-01-27 12:56:24,787 [INFO]     Scanning NSE:HDFCLIFE-EQ (5min) | Range 09:35-10:35 | Price=715.65 > VAH=714.50? | CVD=-97580 > Ref=17111? | POC=713.50 | VAL=712.50
2026-01-27 12:56:24,891 [INFO]     Scanning NSE:INDHOTEL-EQ (5min) | Range 09:35-10:35 | Price=644.25 > VAH=641.90? | CVD=-198745 > Ref=64541? | POC=641.20 | VAL=640.50
2026-01-27 12:56:24,963 [INFO]     Scanning NSE:ICICIPRULI-EQ (5min) | Range 09:35-10:35 | Price=642.40 > VAH=640.50? | CVD=89595 > Ref=24713? | POC=640.50 | VAL=634.90
2026-01-27 12:56:25,027 [INFO]     Scanning NSE:CGPOWER-EQ (5min) | Range 09:35-10:35 | Price=542.10 > VAH=546.70? | CVD=457960 > Ref=295533? | POC=546.70 | VAL=544.50
2026-01-27 12:56:25,133 [INFO]     Scanning NSE:LICHSGFIN-EQ (5min) | Range 09:35-10:35 | Price=505.50 > VAH=506.10? | CVD=46538 > Ref=41287? | POC=505.75 | VAL=505.05
2026-01-27 12:56:25,247 [INFO]     Scanning NSE:CONCOR-EQ (5min) | Range 09:35-10:35 | Price=479.05 > VAH=480.90? | CVD=-6365 > Ref=15532? | POC=480.20 | VAL=474.60
2026-01-27 12:56:25,355 [INFO]     Scanning NSE:NYKAA-EQ (5min) | Range 09:35-10:35 | Price=234.50 > VAH=236.50? | CVD=300225 > Ref=106592? | POC=235.25 | VAL=235.25
2026-01-27 12:56:25,425 [INFO]     Scanning NSE:INOXWIND-EQ (5min) | Range 09:35-10:35 | Price=103.94 > VAH=103.50? | CVD=94315 > Ref=42362? | POC=103.40 | VAL=102.90
2026-01-27 12:56:25,529 [INFO]     Scanning NSE:NBCC-EQ (5min) | Range 09:35-10:35 | Price=95.31 > VAH=95.75? | CVD=347209 > Ref=195713? | POC=95.70 | VAL=95.40
2026-01-27 12:56:49,261 [INFO] 🔍 Scanning for alerts on 35 symbols (5min)...
2026-01-27 12:57:25,532 [INFO] 🔍 Scanning for alerts on 15 symbols (5min)...
2026-01-27 12:57:25,643 [INFO]     Scanning NSE:AMBER-EQ (5min) | Range 09:35-10:35 | Price=5432.00 > VAH=5468.40? | CVD=-32351 > Ref=0? | POC=5459.10 | VAL=5412.60
2026-01-27 12:57:25,751 [INFO]     Scanning NSE:MANKIND-EQ (5min) | Range 09:35-10:35 | Price=2087.40 > VAH=2084.00? | CVD=-37536 > Ref=5023? | POC=2084.00 | VAL=2078.00
2026-01-27 12:57:25,858 [INFO]     Scanning NSE:MFSL-EQ (5min) | Range 09:35-10:35 | Price=1589.90 > VAH=1593.60? | CVD=56759 > Ref=2550? | POC=1590.00 | VAL=1587.60
2026-01-27 12:57:25,970 [INFO]     Scanning NSE:RELIANCE-EQ (5min) | Range 09:35-10:35 | Price=1382.60 > VAH=1388.10? | CVD=-753887 > Ref=55368? | POC=1382.85 | VAL=1381.80
2026-01-27 12:57:26,042 [INFO]     Scanning NSE:KPITTECH-EQ (5min) | Range 09:35-10:35 | Price=1103.00 > VAH=1112.25? | CVD=152353 > Ref=11686? | POC=1111.50 | VAL=1110.00
2026-01-27 12:57:26,141 [INFO]     Scanning NSE:LODHA-EQ (5min) | Range 09:35-10:35 | Price=889.20 > VAH=874.35? | CVD=585136 > Ref=44807? | POC=874.35 | VAL=868.55
2026-01-27 12:57:26,247 [INFO]     Scanning NSE:HDFCLIFE-EQ (5min) | Range 09:35-10:35 | Price=715.80 > VAH=714.50? | CVD=-96328 > Ref=17111? | POC=713.50 | VAL=712.50
2026-01-27 12:57:26,358 [INFO]     Scanning NSE:INDHOTEL-EQ (5min) | Range 09:35-10:35 | Price=644.05 > VAH=641.90? | CVD=-208077 > Ref=64541? | POC=641.20 | VAL=640.50
2026-01-27 12:57:26,441 [INFO]     Scanning NSE:ICICIPRULI-EQ (5min) | Range 09:35-10:35 | Price=642.40 > VAH=640.50? | CVD=77480 > Ref=24713? | POC=640.50 | VAL=634.90
2026-01-27 12:57:26,551 [INFO]     Scanning NSE:CGPOWER-EQ (5min) | Range 09:35-10:35 | Price=541.60 > VAH=546.70? | CVD=449125 > Ref=295533? | POC=546.70 | VAL=544.50
2026-01-27 12:57:26,660 [INFO]     Scanning NSE:LICHSGFIN-EQ (5min) | Range 09:35-10:35 | Price=505.50 > VAH=506.10? | CVD=54237 > Ref=41287? | POC=505.75 | VAL=505.05
2026-01-27 12:57:26,769 [INFO]     Scanning NSE:CONCOR-EQ (5min) | Range 09:35-10:35 | Price=478.85 > VAH=480.90? | CVD=-8770 > Ref=15532? | POC=480.20 | VAL=474.60
2026-01-27 12:57:26,841 [INFO]     Scanning NSE:NYKAA-EQ (5min) | Range 09:35-10:35 | Price=234.10 > VAH=236.50? | CVD=296537 > Ref=106592? | POC=235.25 | VAL=235.25
2026-01-27 12:57:26,955 [INFO]     Scanning NSE:INOXWIND-EQ (5min) | Range 09:35-10:35 | Price=103.91 > VAH=103.50? | CVD=70498 > Ref=42362? | POC=103.40 | VAL=102.90
2026-01-27 12:57:27,065 [INFO]     Scanning NSE:NBCC-EQ (5min) | Range 09:35-10:35 | Price=95.25 > VAH=95.75? | CVD=345767 > Ref=195713? | POC=95.70 | VAL=95.40
2026-01-27 12:57:51,661 [INFO] 🔍 Scanning for alerts on 35 symbols (5min)...
2026-01-27 12:58:27,067 [INFO] 🔍 Scanning for alerts on 15 symbols (5min)...
2026-01-27 12:58:27,169 [INFO]     Scanning NSE:AMBER-EQ (5min) | Range 09:35-10:35 | Price=5431.00 > VAH=5468.40? | CVD=-32768 > Ref=0? | POC=5459.10 | VAL=5412.60
2026-01-27 12:58:27,280 [INFO]     Scanning NSE:MANKIND-EQ (5min) | Range 09:35-10:35 | Price=2087.70 > VAH=2084.00? | CVD=-39928 > Ref=5023? | POC=2084.00 | VAL=2078.00
2026-01-27 12:58:27,368 [INFO]     Scanning NSE:MFSL-EQ (5min) | Range 09:35-10:35 | Price=1590.30 > VAH=1593.60? | CVD=56969 > Ref=2550? | POC=1590.00 | VAL=1587.60
2026-01-27 12:58:27,486 [INFO]     Scanning NSE:RELIANCE-EQ (5min) | Range 09:35-10:35 | Price=1383.20 > VAH=1388.10? | CVD=-728821 > Ref=55368? | POC=1382.85 | VAL=1381.80
2026-01-27 12:58:27,591 [INFO]     Scanning NSE:KPITTECH-EQ (5min) | Range 09:35-10:35 | Price=1102.00 > VAH=1112.25? | CVD=150970 > Ref=11686? | POC=1111.50 | VAL=1110.00
2026-01-27 12:58:27,693 [INFO]     Scanning NSE:LODHA-EQ (5min) | Range 09:35-10:35 | Price=888.60 > VAH=874.35? | CVD=581897 > Ref=44807? | POC=874.35 | VAL=868.55
2026-01-27 12:58:27,802 [INFO]     Scanning NSE:HDFCLIFE-EQ (5min) | Range 09:35-10:35 | Price=715.80 > VAH=714.50? | CVD=-95229 > Ref=17111? | POC=713.50 | VAL=712.50
2026-01-27 12:58:27,873 [INFO]     Scanning NSE:INDHOTEL-EQ (5min) | Range 09:35-10:35 | Price=644.05 > VAH=641.90? | CVD=-238968 > Ref=64541? | POC=641.20 | VAL=640.50
2026-01-27 12:58:27,971 [INFO]     Scanning NSE:ICICIPRULI-EQ (5min) | Range 09:35-10:35 | Price=642.50 > VAH=640.50? | CVD=79309 > Ref=24713? | POC=640.50 | VAL=634.90
2026-01-27 12:58:28,055 [INFO]     Scanning NSE:CGPOWER-EQ (5min) | Range 09:35-10:35 | Price=541.50 > VAH=546.70? | CVD=460063 > Ref=295533? | POC=546.70 | VAL=544.50
2026-01-27 12:58:28,161 [INFO]     Scanning NSE:LICHSGFIN-EQ (5min) | Range 09:35-10:35 | Price=505.60 > VAH=506.10? | CVD=59958 > Ref=41287? | POC=505.75 | VAL=505.05
2026-01-27 12:58:28,263 [INFO]     Scanning NSE:CONCOR-EQ (5min) | Range 09:35-10:35 | Price=478.95 > VAH=480.90? | CVD=-5684 > Ref=15532? | POC=480.20 | VAL=474.60
2026-01-27 12:58:28,368 [INFO]     Scanning NSE:NYKAA-EQ (5min) | Range 09:35-10:35 | Price=234.20 > VAH=236.50? | CVD=292509 > Ref=106592? | POC=235.25 | VAL=235.25
2026-01-27 12:58:28,488 [INFO]     Scanning NSE:INOXWIND-EQ (5min) | Range 09:35-10:35 | Price=103.92 > VAH=103.50? | CVD=74351 > Ref=42362? | POC=103.40 | VAL=102.90
2026-01-27 12:58:28,595 [INFO]     Scanning NSE:NBCC-EQ (5min) | Range 09:35-10:35 | Price=95.21 > VAH=95.75? | CVD=343647 > Ref=195713? | POC=95.70 | VAL=95.40
2026-01-27 12:58:53,988 [INFO] 🔍 Scanning for alerts on 35 symbols (5min)...
2026-01-27 12:59:28,597 [INFO] 🔍 Scanning for alerts on 15 symbols (5min)...
2026-01-27 12:59:28,700 [INFO]     Scanning NSE:AMBER-EQ (5min) | Range 09:35-10:35 | Price=5431.50 > VAH=5468.40? | CVD=-32147 > Ref=0? | POC=5459.10 | VAL=5412.60
2026-01-27 12:59:28,849 [INFO]     Scanning NSE:MANKIND-EQ (5min) | Range 09:35-10:35 | Price=2087.10 > VAH=2084.00? | CVD=-40737 > Ref=5023? | POC=2084.00 | VAL=2078.00
2026-01-27 12:59:28,963 [INFO]     Scanning NSE:MFSL-EQ (5min) | Range 09:35-10:35 | Price=1591.30 > VAH=1593.60? | CVD=61556 > Ref=2550? | POC=1590.00 | VAL=1587.60
2026-01-27 12:59:29,055 [INFO]     Scanning NSE:RELIANCE-EQ (5min) | Range 09:35-10:35 | Price=1383.90 > VAH=1388.10? | CVD=-708874 > Ref=55368? | POC=1382.85 | VAL=1381.80
2026-01-27 12:59:29,140 [INFO]     Scanning NSE:KPITTECH-EQ (5min) | Range 09:35-10:35 | Price=1103.10 > VAH=1112.25? | CVD=152471 > Ref=11686? | POC=1111.50 | VAL=1110.00
2026-01-27 12:59:29,247 [INFO]     Scanning NSE:LODHA-EQ (5min) | Range 09:35-10:35 | Price=889.00 > VAH=874.35? | CVD=586552 > Ref=44807? | POC=874.35 | VAL=868.55
2026-01-27 12:59:29,318 [INFO]     Scanning NSE:HDFCLIFE-EQ (5min) | Range 09:35-10:35 | Price=715.80 > VAH=714.50? | CVD=-94003 > Ref=17111? | POC=713.50 | VAL=712.50
2026-01-27 12:59:29,396 [INFO]     Scanning NSE:INDHOTEL-EQ (5min) | Range 09:35-10:35 | Price=644.20 > VAH=641.90? | CVD=-228988 > Ref=64541? | POC=641.20 | VAL=640.50
2026-01-27 12:59:29,461 [INFO]     Scanning NSE:ICICIPRULI-EQ (5min) | Range 09:35-10:35 | Price=642.50 > VAH=640.50? | CVD=80576 > Ref=24713? | POC=640.50 | VAL=634.90
2026-01-27 12:59:29,531 [INFO]     Scanning NSE:CGPOWER-EQ (5min) | Range 09:35-10:35 | Price=542.00 > VAH=546.70? | CVD=465829 > Ref=295533? | POC=546.70 | VAL=544.50
2026-01-27 12:59:29,648 [INFO]     Scanning NSE:LICHSGFIN-EQ (5min) | Range 09:35-10:35 | Price=505.60 > VAH=506.10? | CVD=60608 > Ref=41287? | POC=505.75 | VAL=505.05
2026-01-27 12:59:29,756 [INFO]     Scanning NSE:CONCOR-EQ (5min) | Range 09:35-10:35 | Price=479.20 > VAH=480.90? | CVD=-1983 > Ref=15532? | POC=480.20 | VAL=474.60
2026-01-27 12:59:29,865 [INFO]     Scanning NSE:NYKAA-EQ (5min) | Range 09:35-10:35 | Price=234.25 > VAH=236.50? | CVD=308232 > Ref=106592? | POC=235.25 | VAL=235.25
2026-01-27 12:59:29,941 [INFO]     Scanning NSE:INOXWIND-EQ (5min) | Range 09:35-10:35 | Price=104.04 > VAH=103.50? | CVD=75448 > Ref=42362? | POC=103.40 | VAL=102.90
2026-01-27 12:59:30,057 [INFO]     Scanning NSE:NBCC-EQ (5min) | Range 09:35-10:35 | Price=95.26 > VAH=95.75? | CVD=348167 > Ref=195713? | POC=95.70 | VAL=95.40
2026-01-27 12:59:56,545 [INFO] 🔍 Scanning for alerts on 35 symbols (5min)...
2026-01-27 13:00:30,059 [INFO] 🔍 Scanning for alerts on 15 symbols (5min)...
2026-01-27 13:00:30,171 [INFO]     Scanning NSE:AMBER-EQ (5min) | Range 09:35-10:35 | Price=5430.50 > VAH=5468.40? | CVD=-33044 > Ref=0? | POC=5459.10 | VAL=5412.60
2026-01-27 13:00:30,277 [INFO]     Scanning NSE:MANKIND-EQ (5min) | Range 09:35-10:35 | Price=2088.00 > VAH=2084.00? | CVD=-40174 > Ref=5023? | POC=2084.00 | VAL=2078.00
2026-01-27 13:00:30,392 [INFO]     Scanning NSE:MFSL-EQ (5min) | Range 09:35-10:35 | Price=1591.10 > VAH=1593.60? | CVD=60485 > Ref=2550? | POC=1590.00 | VAL=1587.60
2026-01-27 13:00:30,501 [INFO]     Scanning NSE:RELIANCE-EQ (5min) | Range 09:35-10:35 | Price=1384.10 > VAH=1388.10? | CVD=-698335 > Ref=55368? | POC=1382.85 | VAL=1381.80
2026-01-27 13:00:30,615 [INFO]     Scanning NSE:KPITTECH-EQ (5min) | Range 09:35-10:35 | Price=1103.50 > VAH=1112.25? | CVD=158084 > Ref=11686? | POC=1111.50 | VAL=1110.00
2026-01-27 13:00:30,723 [INFO]     Scanning NSE:LODHA-EQ (5min) | Range 09:35-10:35 | Price=889.20 > VAH=874.35? | CVD=590016 > Ref=44807? | POC=874.35 | VAL=868.55
2026-01-27 13:00:30,831 [INFO]     Scanning NSE:HDFCLIFE-EQ (5min) | Range 09:35-10:35 | Price=716.05 > VAH=714.50? | CVD=-90040 > Ref=17111? | POC=713.50 | VAL=712.50
2026-01-27 13:00:30,930 [INFO]     Scanning NSE:INDHOTEL-EQ (5min) | Range 09:35-10:35 | Price=644.80 > VAH=641.90? | CVD=-219046 > Ref=64541? | POC=641.20 | VAL=640.50
2026-01-27 13:00:31,043 [INFO]     Scanning NSE:ICICIPRULI-EQ (5min) | Range 09:35-10:35 | Price=642.45 > VAH=640.50? | CVD=80085 > Ref=24713? | POC=640.50 | VAL=634.90
2026-01-27 13:00:31,150 [INFO]     Scanning NSE:CGPOWER-EQ (5min) | Range 09:35-10:35 | Price=541.60 > VAH=546.70? | CVD=458544 > Ref=295533? | POC=546.70 | VAL=544.50
2026-01-27 13:00:31,259 [INFO]     Scanning NSE:LICHSGFIN-EQ (5min) | Range 09:35-10:35 | Price=505.50 > VAH=506.10? | CVD=52748 > Ref=41287? | POC=505.75 | VAL=505.05
2026-01-27 13:00:31,365 [INFO]     Scanning NSE:CONCOR-EQ (5min) | Range 09:35-10:35 | Price=479.25 > VAH=480.90? | CVD=1156 > Ref=15532? | POC=480.20 | VAL=474.60
2026-01-27 13:00:31,440 [INFO]     Scanning NSE:NYKAA-EQ (5min) | Range 09:35-10:35 | Price=234.50 > VAH=236.50? | CVD=324487 > Ref=106592? | POC=235.25 | VAL=235.25
2026-01-27 13:00:31,534 [INFO]     Scanning NSE:INOXWIND-EQ (5min) | Range 09:35-10:35 | Price=104.00 > VAH=103.50? | CVD=73535 > Ref=42362? | POC=103.40 | VAL=102.90
2026-01-27 13:00:31,645 [INFO]     Scanning NSE:NBCC-EQ (5min) | Range 09:35-10:35 | Price=95.15 > VAH=95.75? | CVD=345747 > Ref=195713? | POC=95.70 | VAL=95.40
2026-01-27 13:00:58,931 [INFO] 🔍 Scanning for alerts on 35 symbols (5min)...
2026-01-27 13:01:01,176 [INFO]     Scanning NSE:ASHOKLEY-EQ (5min) | Range 13:00-14:00 | Price=189.91 > VAH=190.00? | CVD=-660845 > Ref=312825? | POC=189.80 | VAL=189.80
2026-01-27 13:01:01,300 [INFO]     Scanning NSE:GAIL-EQ (5min) | Range 13:00-14:00 | Price=158.90 > VAH=159.00? | CVD=-6073584 > Ref=152319? | POC=158.90 | VAL=158.90
2026-01-27 13:01:01,731 [INFO]     Scanning NSE:NBCC-EQ (5min) | Range 13:00-14:00 | Price=95.21 > VAH=95.25? | CVD=346605 > Ref=195713? | POC=95.15 | VAL=95.15
2026-01-27 13:01:31,647 [INFO] 🔍 Scanning for alerts on 15 symbols (5min)...
2026-01-27 13:01:31,752 [INFO]     Scanning NSE:AMBER-EQ (5min) | Range 09:35-10:35 | Price=5431.50 > VAH=5468.40? | CVD=-32494 > Ref=0? | POC=5459.10 | VAL=5412.60
2026-01-27 13:01:31,863 [INFO]     Scanning NSE:MANKIND-EQ (5min) | Range 09:35-10:35 | Price=2085.60 > VAH=2084.00? | CVD=-55136 > Ref=5023? | POC=2084.00 | VAL=2078.00
2026-01-27 13:01:31,989 [INFO]     Scanning NSE:MFSL-EQ (5min) | Range 09:35-10:35 | Price=1590.20 > VAH=1593.60? | CVD=60048 > Ref=2550? | POC=1590.00 | VAL=1587.60
2026-01-27 13:01:32,094 [INFO]     Scanning NSE:RELIANCE-EQ (5min) | Range 09:35-10:35 | Price=1384.60 > VAH=1388.10? | CVD=-399613 > Ref=55368? | POC=1382.85 | VAL=1381.80
2026-01-27 13:01:32,165 [INFO]     Scanning NSE:KPITTECH-EQ (5min) | Range 09:35-10:35 | Price=1102.80 > VAH=1112.25? | CVD=157762 > Ref=11686? | POC=1111.50 | VAL=1110.00
2026-01-27 13:01:32,285 [INFO]     Scanning NSE:LODHA-EQ (5min) | Range 09:35-10:35 | Price=889.00 > VAH=874.35? | CVD=587652 > Ref=44807? | POC=874.35 | VAL=868.55
2026-01-27 13:01:32,387 [INFO]     Scanning NSE:HDFCLIFE-EQ (5min) | Range 09:35-10:35 | Price=715.75 > VAH=714.50? | CVD=-91477 > Ref=17111? | POC=713.50 | VAL=712.50
2026-01-27 13:01:32,510 [INFO]     Scanning NSE:INDHOTEL-EQ (5min) | Range 09:35-10:35 | Price=644.55 > VAH=641.90? | CVD=-223687 > Ref=64541? | POC=641.20 | VAL=640.50
2026-01-27 13:01:32,619 [INFO]     Scanning NSE:ICICIPRULI-EQ (5min) | Range 09:35-10:35 | Price=642.55 > VAH=640.50? | CVD=80145 > Ref=24713? | POC=640.50 | VAL=634.90
2026-01-27 13:01:32,696 [INFO]     Scanning NSE:CGPOWER-EQ (5min) | Range 09:35-10:35 | Price=541.15 > VAH=546.70? | CVD=439026 > Ref=295533? | POC=546.70 | VAL=544.50
2026-01-27 13:01:32,803 [INFO]     Scanning NSE:LICHSGFIN-EQ (5min) | Range 09:35-10:35 | Price=505.65 > VAH=506.10? | CVD=53085 > Ref=41287? | POC=505.75 | VAL=505.05
2026-01-27 13:01:32,921 [INFO]     Scanning NSE:CONCOR-EQ (5min) | Range 09:35-10:35 | Price=479.15 > VAH=480.90? | CVD=573 > Ref=15532? | POC=480.20 | VAL=474.60
2026-01-27 13:01:32,998 [INFO]     Scanning NSE:NYKAA-EQ (5min) | Range 09:35-10:35 | Price=234.55 > VAH=236.50? | CVD=344936 > Ref=106592? | POC=235.25 | VAL=235.25
2026-01-27 13:01:33,121 [INFO]     Scanning NSE:INOXWIND-EQ (5min) | Range 09:35-10:35 | Price=104.07 > VAH=103.50? | CVD=105735 > Ref=42362? | POC=103.40 | VAL=102.90
2026-01-27 13:01:33,199 [INFO]     Scanning NSE:NBCC-EQ (5min) | Range 09:35-10:35 | Price=95.21 > VAH=95.75? | CVD=346605 > Ref=195713? | POC=95.70 | VAL=95.40
2026-01-27 13:02:01,733 [INFO] 🔍 Scanning for alerts on 35 symbols (5min)...
2026-01-27 13:02:01,856 [INFO]     Scanning NSE:PAGEIND-EQ (5min) | Range 13:00-14:00 | Price=32440.00 > VAH=32460.00? | CVD=-7633 > Ref=175? | POC=32418.00 | VAL=32418.00
2026-01-27 13:02:01,974 [INFO]     Scanning NSE:AMBER-EQ (5min) | Range 13:00-14:00 | Price=5431.50 > VAH=5431.95? | CVD=-32494 > Ref=0? | POC=5428.80 | VAL=5428.80
2026-01-27 13:02:02,101 [INFO]     Scanning NSE:DMART-EQ (5min) | Range 13:00-14:00 | Price=3658.00 > VAH=3658.60? | CVD=-10679 > Ref=1814? | POC=3658.00 | VAL=3658.00
2026-01-27 13:02:02,227 [INFO]     Scanning NSE:KAYNES-EQ (5min) | Range 13:00-14:00 | Price=3345.20 > VAH=3346.85? | CVD=-53505 > Ref=7461? | POC=3342.30 | VAL=3342.30
2026-01-27 13:02:02,352 [INFO]     Scanning NSE:TIINDIA-EQ (5min) | Range 13:00-14:00 | Price=2182.60 > VAH=2183.20? | CVD=3296 > Ref=3123? | POC=2182.00 | VAL=2182.00
2026-01-27 13:02:02,476 [INFO]     Scanning NSE:MANKIND-EQ (5min) | Range 13:00-14:00 | Price=2085.60 > VAH=2087.10? | CVD=-55136 > Ref=5023? | POC=2085.00 | VAL=2085.00
2026-01-27 13:02:02,598 [INFO]     Scanning NSE:PHOENIXLTD-EQ (5min) | Range 13:00-14:00 | Price=1706.10 > VAH=1709.40? | CVD=-31476 > Ref=15962? | POC=1708.00 | VAL=1705.90
2026-01-27 13:02:02,713 [INFO]     Scanning NSE:BLUESTARCO-EQ (5min) | Range 13:00-14:00 | Price=1684.50 > VAH=1684.30? | CVD=10607 > Ref=27628? | POC=1683.50 | VAL=1683.50
2026-01-27 13:02:02,823 [INFO]     Scanning NSE:MFSL-EQ (5min) | Range 13:00-14:00 | Price=1588.20 > VAH=1590.00? | CVD=58757 > Ref=2550? | POC=1589.60 | VAL=1587.20
2026-01-27 13:02:02,900 [INFO]     Scanning NSE:GODREJPROP-EQ (5min) | Range 13:00-14:00 | Price=1478.30 > VAH=1479.80? | CVD=-222398 > Ref=0? | POC=1478.05 | VAL=1478.05
2026-01-27 13:02:03,021 [INFO]     Scanning NSE:RELIANCE-EQ (5min) | Range 13:00-14:00 | Price=1383.70 > VAH=1384.20? | CVD=-445404 > Ref=55368? | POC=1383.15 | VAL=1383.15
2026-01-27 13:02:03,138 [INFO]     Scanning NSE:CDSL-EQ (5min) | Range 13:00-14:00 | Price=1315.10 > VAH=1317.60? | CVD=-168478 > Ref=5912? | POC=1317.15 | VAL=1313.55
2026-01-27 13:02:03,243 [INFO]     Scanning NSE:NAUKRI-EQ (5min) | Range 13:00-14:00 | Price=1275.70 > VAH=1275.90? | CVD=40614 > Ref=51866? | POC=1275.00 | VAL=1275.00
2026-01-27 13:02:03,439 [INFO]     Scanning NSE:NUVAMA-EQ (5min) | Range 13:00-14:00 | Price=1261.30 > VAH=1261.05? | CVD=-108139 > Ref=62008? | POC=1260.30 | VAL=1259.85
2026-01-27 13:02:03,581 [INFO] 🚀 [STRATEGY ALERT] NSE:PAYTM-EQ (5min) triggered at 13:00!
2026-01-27 13:02:03,582 [INFO]     ✅ Price: 1126.80 < FRVP VAL: 1127.00
2026-01-27 13:02:03,582 [INFO]     ✅ CVD:   -358257 < CVD Ref:  135561
2026-01-27 13:02:03,583 [INFO]     ℹ️  FRVP Info: POC=1127.00, VAL=1127.00
2026-01-27 13:02:03,584 [INFO]     Scanning NSE:PAYTM-EQ (5min) | Range 13:00-14:00 | Price=1126.80 > VAH=1128.00? | CVD=-358257 > Ref=135561? | POC=1127.00 | VAL=1127.00
2026-01-27 13:02:03,675 [INFO]     Scanning NSE:KPITTECH-EQ (5min) | Range 13:00-14:00 | Price=1100.00 > VAH=1102.40? | CVD=153863 > Ref=11686? | POC=1102.00 | VAL=1099.60
2026-01-27 13:02:03,798 [INFO]     Scanning NSE:LODHA-EQ (5min) | Range 13:00-14:00 | Price=886.80 > VAH=889.00? | CVD=580795 > Ref=44807? | POC=888.65 | VAL=886.20
2026-01-27 13:02:03,928 [INFO]     Scanning NSE:HDFCLIFE-EQ (5min) | Range 13:00-14:00 | Price=715.75 > VAH=715.85? | CVD=-91477 > Ref=17111? | POC=715.50 | VAL=715.50
2026-01-27 13:02:04,048 [INFO]     Scanning NSE:TATATECH-EQ (5min) | Range 13:00-14:00 | Price=647.15 > VAH=648.00? | CVD=-110422 > Ref=9276? | POC=646.80 | VAL=646.80
2026-01-27 13:02:04,147 [INFO]     Scanning NSE:INDHOTEL-EQ (5min) | Range 13:00-14:00 | Price=644.00 > VAH=644.80? | CVD=-231830 > Ref=64541? | POC=644.50 | VAL=644.00
2026-01-27 13:02:04,249 [INFO]     Scanning NSE:ICICIPRULI-EQ (5min) | Range 13:00-14:00 | Price=642.60 > VAH=642.60? | CVD=80241 > Ref=24713? | POC=642.50 | VAL=642.50
2026-01-27 13:02:04,330 [INFO]     Scanning NSE:IRCTC-EQ (5min) | Range 13:00-14:00 | Price=604.60 > VAH=605.20? | CVD=-164004 > Ref=7628? | POC=605.00 | VAL=604.10
2026-01-27 13:02:04,410 [INFO]     Scanning NSE:CGPOWER-EQ (5min) | Range 13:00-14:00 | Price=541.00 > VAH=541.50? | CVD=468369 > Ref=295533? | POC=540.60 | VAL=540.60
2026-01-27 13:02:04,512 [INFO]     Scanning NSE:LICHSGFIN-EQ (5min) | Range 13:00-14:00 | Price=504.95 > VAH=505.60? | CVD=37121 > Ref=41287? | POC=505.40 | VAL=504.90
2026-01-27 13:02:04,616 [INFO]     Scanning NSE:CONCOR-EQ (5min) | Range 13:00-14:00 | Price=478.85 > VAH=479.10? | CVD=-2938 > Ref=15532? | POC=479.00 | VAL=478.30
2026-01-27 13:02:04,718 [INFO]     Scanning NSE:EXIDEIND-EQ (5min) | Range 13:00-14:00 | Price=322.40 > VAH=322.60? | CVD=-79942 > Ref=0? | POC=322.35 | VAL=322.35
2026-01-27 13:02:04,820 [INFO]     Scanning NSE:LTF-EQ (5min) | Range 13:00-14:00 | Price=283.85 > VAH=284.30? | CVD=-47531 > Ref=2752? | POC=284.30 | VAL=283.60
2026-01-27 13:02:04,925 [INFO]     Scanning NSE:NYKAA-EQ (5min) | Range 13:00-14:00 | Price=234.30 > VAH=234.65? | CVD=332423 > Ref=106592? | POC=234.40 | VAL=234.40
2026-01-27 13:02:04,993 [INFO]     Scanning NSE:WIPRO-EQ (5min) | Range 13:00-14:00 | Price=232.95 > VAH=233.15? | CVD=-367157 > Ref=6314? | POC=233.05 | VAL=232.90
2026-01-27 13:02:05,080 [INFO]     Scanning NSE:HUDCO-EQ (5min) | Range 13:00-14:00 | Price=195.30 > VAH=195.70? | CVD=-66695 > Ref=29578? | POC=195.60 | VAL=195.30
2026-01-27 13:02:05,257 [INFO]     Scanning NSE:ASHOKLEY-EQ (5min) | Range 13:00-14:00 | Price=189.95 > VAH=190.05? | CVD=-771759 > Ref=312825? | POC=189.85 | VAL=189.85
2026-01-27 13:02:05,342 [INFO]     Scanning NSE:GAIL-EQ (5min) | Range 13:00-14:00 | Price=158.90 > VAH=158.95? | CVD=-6044473 > Ref=152319? | POC=158.85 | VAL=158.85
2026-01-27 13:02:05,425 [INFO]     Scanning NSE:IEX-EQ (5min) | Range 13:00-14:00 | Price=127.12 > VAH=127.40? | CVD=405151 > Ref=0? | POC=127.30 | VAL=127.05
2026-01-27 13:02:05,501 [INFO]     Scanning NSE:INOXWIND-EQ (5min) | Range 13:00-14:00 | Price=104.02 > VAH=104.05? | CVD=29882 > Ref=42362? | POC=103.95 | VAL=103.95
2026-01-27 13:02:05,561 [INFO]     Scanning NSE:NBCC-EQ (5min) | Range 13:00-14:00 | Price=95.12 > VAH=95.20? | CVD=343091 > Ref=195713? | POC=95.10 | VAL=95.10
2026-01-27 13:02:33,201 [INFO] 🔍 Scanning for alerts on 15 symbols (5min)...
2026-01-27 13:02:33,306 [INFO]     Scanning NSE:AMBER-EQ (5min) | Range 09:35-10:35 | Price=5427.00 > VAH=5468.40? | CVD=-35085 > Ref=0? | POC=5459.10 | VAL=5412.60
2026-01-27 13:02:33,387 [INFO]     Scanning NSE:MANKIND-EQ (5min) | Range 09:35-10:35 | Price=2085.20 > VAH=2084.00? | CVD=-58199 > Ref=5023? | POC=2084.00 | VAL=2078.00
2026-01-27 13:02:33,462 [INFO]     Scanning NSE:MFSL-EQ (5min) | Range 09:35-10:35 | Price=1588.20 > VAH=1593.60? | CVD=58757 > Ref=2550? | POC=1590.00 | VAL=1587.60
2026-01-27 13:02:33,570 [INFO]     Scanning NSE:RELIANCE-EQ (5min) | Range 09:35-10:35 | Price=1383.70 > VAH=1388.10? | CVD=-445404 > Ref=55368? | POC=1382.85 | VAL=1381.80
2026-01-27 13:02:33,680 [INFO]     Scanning NSE:KPITTECH-EQ (5min) | Range 09:35-10:35 | Price=1100.00 > VAH=1112.25? | CVD=153863 > Ref=11686? | POC=1111.50 | VAL=1110.00
2026-01-27 13:02:33,789 [INFO]     Scanning NSE:LODHA-EQ (5min) | Range 09:35-10:35 | Price=886.80 > VAH=874.35? | CVD=580795 > Ref=44807? | POC=874.35 | VAL=868.55
2026-01-27 13:02:33,903 [INFO]     Scanning NSE:HDFCLIFE-EQ (5min) | Range 09:35-10:35 | Price=715.15 > VAH=714.50? | CVD=-102906 > Ref=17111? | POC=713.50 | VAL=712.50
2026-01-27 13:02:33,989 [INFO]     Scanning NSE:INDHOTEL-EQ (5min) | Range 09:35-10:35 | Price=644.00 > VAH=641.90? | CVD=-231830 > Ref=64541? | POC=641.20 | VAL=640.50
2026-01-27 13:02:34,053 [INFO]     Scanning NSE:ICICIPRULI-EQ (5min) | Range 09:35-10:35 | Price=642.60 > VAH=640.50? | CVD=80241 > Ref=24713? | POC=640.50 | VAL=634.90
2026-01-27 13:02:34,160 [INFO]     Scanning NSE:CGPOWER-EQ (5min) | Range 09:35-10:35 | Price=541.00 > VAH=546.70? | CVD=468369 > Ref=295533? | POC=546.70 | VAL=544.50
2026-01-27 13:02:34,275 [INFO] 🚀 [STRATEGY ALERT] NSE:LICHSGFIN-EQ (5min) triggered at 13:00!
2026-01-27 13:02:34,276 [INFO]     ✅ Price: 504.95 < FRVP VAL: 505.05
2026-01-27 13:02:34,276 [INFO]     ✅ CVD:   37121 < CVD Ref:  41287
2026-01-27 13:02:34,277 [INFO]     ℹ️  FRVP Info: POC=505.75, VAL=505.05
2026-01-27 13:02:34,277 [INFO]     Scanning NSE:LICHSGFIN-EQ (5min) | Range 09:35-10:35 | Price=504.95 > VAH=506.10? | CVD=37121 > Ref=41287? | POC=505.75 | VAL=505.05
2026-01-27 13:02:34,406 [INFO]     Scanning NSE:CONCOR-EQ (5min) | Range 09:35-10:35 | Price=478.85 > VAH=480.90? | CVD=-2938 > Ref=15532? | POC=480.20 | VAL=474.60
2026-01-27 13:02:34,514 [INFO]     Scanning NSE:NYKAA-EQ (5min) | Range 09:35-10:35 | Price=234.30 > VAH=236.50? | CVD=332423 > Ref=106592? | POC=235.25 | VAL=235.25
2026-01-27 13:02:34,623 [INFO]     Scanning NSE:INOXWIND-EQ (5min) | Range 09:35-10:35 | Price=104.02 > VAH=103.50? | CVD=29882 > Ref=42362? | POC=103.40 | VAL=102.90
2026-01-27 13:02:34,732 [INFO]     Scanning NSE:NBCC-EQ (5min) | Range 09:35-10:35 | Price=95.12 > VAH=95.75? | CVD=343091 > Ref=195713? | POC=95.70 | VAL=95.40
2026-01-27 13:03:05,562 [INFO] 🔍 Scanning for alerts on 34 symbols (5min)...
2026-01-27 13:03:05,668 [INFO] 🚀 [STRATEGY ALERT] NSE:PAGEIND-EQ (5min) triggered at 13:00!
2026-01-27 13:03:05,668 [INFO]     ✅ Price: 32405.00 < FRVP VAL: 32407.50
2026-01-27 13:03:05,669 [INFO]     ✅ CVD:   -7711 < CVD Ref:  175
2026-01-27 13:03:05,670 [INFO]     ℹ️  FRVP Info: POC=32415.00, VAL=32407.50
2026-01-27 13:03:05,670 [INFO]     Scanning NSE:PAGEIND-EQ (5min) | Range 13:00-14:00 | Price=32405.00 > VAH=32445.00? | CVD=-7711 > Ref=175? | POC=32415.00 | VAL=32407.50
2026-01-27 13:03:05,778 [INFO]     Scanning NSE:AMBER-EQ (5min) | Range 13:00-14:00 | Price=5430.00 > VAH=5430.65? | CVD=-34173 > Ref=0? | POC=5428.95 | VAL=5424.70
2026-01-27 13:03:05,896 [INFO]     Scanning NSE:DMART-EQ (5min) | Range 13:00-14:00 | Price=3659.80 > VAH=3659.10? | CVD=-21262 > Ref=1814? | POC=3657.90 | VAL=3657.60
2026-01-27 13:03:05,999 [INFO]     Scanning NSE:KAYNES-EQ (5min) | Range 13:00-14:00 | Price=3341.50 > VAH=3343.75? | CVD=-54794 > Ref=7461? | POC=3337.50 | VAL=3337.50
2026-01-27 13:03:06,094 [INFO] 🚀 [STRATEGY ALERT] NSE:TIINDIA-EQ (5min) triggered at 13:00!
2026-01-27 13:03:06,095 [INFO]     ✅ Price: 2176.00 < FRVP VAL: 2178.40
2026-01-27 13:03:06,095 [INFO]     ✅ CVD:   203 < CVD Ref:  3123
2026-01-27 13:03:06,096 [INFO]     ℹ️  FRVP Info: POC=2181.60, VAL=2178.40
2026-01-27 13:03:06,096 [INFO]     Scanning NSE:TIINDIA-EQ (5min) | Range 13:00-14:00 | Price=2176.00 > VAH=2182.40? | CVD=203 > Ref=3123? | POC=2181.60 | VAL=2178.40
2026-01-27 13:03:06,213 [INFO]     Scanning NSE:MANKIND-EQ (5min) | Range 13:00-14:00 | Price=2085.10 > VAH=2087.10? | CVD=-58606 > Ref=5023? | POC=2085.00 | VAL=2085.00
2026-01-27 13:03:06,350 [INFO] 🚀 [STRATEGY ALERT] NSE:PHOENIXLTD-EQ (5min) triggered at 13:00!
2026-01-27 13:03:06,351 [INFO]     ✅ Price: 1705.50 < FRVP VAL: 1706.00
2026-01-27 13:03:06,351 [INFO]     ✅ CVD:   -31942 < CVD Ref:  15962
2026-01-27 13:03:06,351 [INFO]     ℹ️  FRVP Info: POC=1708.00, VAL=1706.00
2026-01-27 13:03:06,352 [INFO]     Scanning NSE:PHOENIXLTD-EQ (5min) | Range 13:00-14:00 | Price=1705.50 > VAH=1709.20? | CVD=-31942 > Ref=15962? | POC=1708.00 | VAL=1706.00
2026-01-27 13:03:06,452 [INFO]     Scanning NSE:BLUESTARCO-EQ (5min) | Range 13:00-14:00 | Price=1684.00 > VAH=1684.40? | CVD=10371 > Ref=27628? | POC=1683.40 | VAL=1683.40
2026-01-27 13:03:06,558 [INFO]     Scanning NSE:MFSL-EQ (5min) | Range 13:00-14:00 | Price=1588.90 > VAH=1590.00? | CVD=59256 > Ref=2550? | POC=1589.60 | VAL=1587.20
2026-01-27 13:03:06,638 [INFO] 🚀 [STRATEGY ALERT] NSE:GODREJPROP-EQ (5min) triggered at 13:00!
2026-01-27 13:03:06,639 [INFO]     ✅ Price: 1477.70 < FRVP VAL: 1478.05
2026-01-27 13:03:06,639 [INFO]     ✅ CVD:   -224548 < CVD Ref:  0
2026-01-27 13:03:06,639 [INFO]     ℹ️  FRVP Info: POC=1478.05, VAL=1478.05
2026-01-27 13:03:06,640 [INFO]     Scanning NSE:GODREJPROP-EQ (5min) | Range 13:00-14:00 | Price=1477.70 > VAH=1479.80? | CVD=-224548 > Ref=0? | POC=1478.05 | VAL=1478.05
2026-01-27 13:03:06,721 [INFO]     Scanning NSE:RELIANCE-EQ (5min) | Range 13:00-14:00 | Price=1383.60 > VAH=1384.20? | CVD=-455003 > Ref=55368? | POC=1383.45 | VAL=1383.15
2026-01-27 13:03:06,826 [INFO]     Scanning NSE:CDSL-EQ (5min) | Range 13:00-14:00 | Price=1314.50 > VAH=1317.60? | CVD=-169896 > Ref=5912? | POC=1317.15 | VAL=1314.00
2026-01-27 13:03:06,897 [INFO]     Scanning NSE:NAUKRI-EQ (5min) | Range 13:00-14:00 | Price=1275.00 > VAH=1275.45? | CVD=40447 > Ref=51866? | POC=1275.00 | VAL=1274.70
2026-01-27 13:03:07,003 [INFO]     Scanning NSE:NUVAMA-EQ (5min) | Range 13:00-14:00 | Price=1261.00 > VAH=1261.35? | CVD=-108346 > Ref=62008? | POC=1260.90 | VAL=1259.85
2026-01-27 13:03:07,106 [INFO]     Scanning NSE:KPITTECH-EQ (5min) | Range 13:00-14:00 | Price=1097.80 > VAH=1102.40? | CVD=150139 > Ref=11686? | POC=1099.80 | VAL=1097.20
2026-01-27 13:03:07,211 [INFO]     Scanning NSE:LODHA-EQ (5min) | Range 13:00-14:00 | Price=886.20 > VAH=888.65? | CVD=576086 > Ref=44807? | POC=886.20 | VAL=886.20
2026-01-27 13:03:07,283 [INFO]     Scanning NSE:HDFCLIFE-EQ (5min) | Range 13:00-14:00 | Price=715.15 > VAH=715.70? | CVD=-103998 > Ref=17111? | POC=714.90 | VAL=714.80
2026-01-27 13:03:07,343 [INFO]     Scanning NSE:TATATECH-EQ (5min) | Range 13:00-14:00 | Price=647.05 > VAH=647.85? | CVD=-112762 > Ref=9276? | POC=646.80 | VAL=646.80
2026-01-27 13:03:07,410 [INFO]     Scanning NSE:INDHOTEL-EQ (5min) | Range 13:00-14:00 | Price=644.40 > VAH=644.70? | CVD=-227500 > Ref=64541? | POC=644.50 | VAL=644.00
2026-01-27 13:03:07,524 [INFO]     Scanning NSE:ICICIPRULI-EQ (5min) | Range 13:00-14:00 | Price=642.40 > VAH=642.60? | CVD=76692 > Ref=24713? | POC=642.50 | VAL=642.10
2026-01-27 13:03:07,629 [INFO]     Scanning NSE:IRCTC-EQ (5min) | Range 13:00-14:00 | Price=604.55 > VAH=605.20? | CVD=-161852 > Ref=7628? | POC=604.30 | VAL=604.30
2026-01-27 13:03:07,705 [INFO]     Scanning NSE:CGPOWER-EQ (5min) | Range 13:00-14:00 | Price=540.50 > VAH=541.50? | CVD=454574 > Ref=295533? | POC=540.60 | VAL=540.60
2026-01-27 13:03:07,766 [INFO]     Scanning NSE:LICHSGFIN-EQ (5min) | Range 13:00-14:00 | Price=505.40 > VAH=505.60? | CVD=47406 > Ref=41287? | POC=505.40 | VAL=504.90
2026-01-27 13:03:07,877 [INFO]     Scanning NSE:CONCOR-EQ (5min) | Range 13:00-14:00 | Price=478.75 > VAH=479.10? | CVD=-4563 > Ref=15532? | POC=478.60 | VAL=478.60
2026-01-27 13:03:07,953 [INFO]     Scanning NSE:EXIDEIND-EQ (5min) | Range 13:00-14:00 | Price=322.35 > VAH=322.50? | CVD=-87366 > Ref=0? | POC=322.35 | VAL=322.20
2026-01-27 13:03:08,060 [INFO]     Scanning NSE:LTF-EQ (5min) | Range 13:00-14:00 | Price=283.85 > VAH=284.30? | CVD=-52081 > Ref=2752? | POC=284.30 | VAL=283.60
2026-01-27 13:03:08,129 [INFO]     Scanning NSE:NYKAA-EQ (5min) | Range 13:00-14:00 | Price=234.60 > VAH=234.65? | CVD=341717 > Ref=106592? | POC=234.40 | VAL=234.40
2026-01-27 13:03:08,232 [INFO]     Scanning NSE:WIPRO-EQ (5min) | Range 13:00-14:00 | Price=232.95 > VAH=233.10? | CVD=-375705 > Ref=6314? | POC=232.90 | VAL=232.90
2026-01-27 13:03:08,337 [INFO]     Scanning NSE:HUDCO-EQ (5min) | Range 13:00-14:00 | Price=195.34 > VAH=195.70? | CVD=-63866 > Ref=29578? | POC=195.25 | VAL=195.20
2026-01-27 13:03:08,436 [INFO]     Scanning NSE:ASHOKLEY-EQ (5min) | Range 13:00-14:00 | Price=189.95 > VAH=190.05? | CVD=-544148 > Ref=312825? | POC=189.85 | VAL=189.85
2026-01-27 13:03:08,500 [INFO]     Scanning NSE:GAIL-EQ (5min) | Range 13:00-14:00 | Price=158.73 > VAH=158.95? | CVD=-6112329 > Ref=152319? | POC=158.85 | VAL=158.60
2026-01-27 13:03:08,605 [INFO]     Scanning NSE:IEX-EQ (5min) | Range 13:00-14:00 | Price=127.14 > VAH=127.40? | CVD=548763 > Ref=0? | POC=127.30 | VAL=127.05
2026-01-27 13:03:08,676 [INFO]     Scanning NSE:INOXWIND-EQ (5min) | Range 13:00-14:00 | Price=104.00 > VAH=104.05? | CVD=11797 > Ref=42362? | POC=103.95 | VAL=103.95
2026-01-27 13:03:08,739 [INFO]     Scanning NSE:NBCC-EQ (5min) | Range 13:00-14:00 | Price=95.10 > VAH=95.20? | CVD=341805 > Ref=195713? | POC=95.15 | VAL=95.05
2026-01-27 13:03:34,733 [INFO] 🔍 Scanning for alerts on 14 symbols (5min)...
2026-01-27 13:03:34,844 [INFO]     Scanning NSE:AMBER-EQ (5min) | Range 09:35-10:35 | Price=5430.00 > VAH=5468.40? | CVD=-34173 > Ref=0? | POC=5459.10 | VAL=5412.60
2026-01-27 13:03:34,951 [INFO]     Scanning NSE:MANKIND-EQ (5min) | Range 09:35-10:35 | Price=2085.10 > VAH=2084.00? | CVD=-58606 > Ref=5023? | POC=2084.00 | VAL=2078.00
2026-01-27 13:03:35,060 [INFO]     Scanning NSE:MFSL-EQ (5min) | Range 09:35-10:35 | Price=1588.90 > VAH=1593.60? | CVD=59256 > Ref=2550? | POC=1590.00 | VAL=1587.60
2026-01-27 13:03:35,153 [INFO]     Scanning NSE:RELIANCE-EQ (5min) | Range 09:35-10:35 | Price=1383.60 > VAH=1388.10? | CVD=-455003 > Ref=55368? | POC=1382.85 | VAL=1381.80
2026-01-27 13:03:35,231 [INFO]     Scanning NSE:KPITTECH-EQ (5min) | Range 09:35-10:35 | Price=1097.80 > VAH=1112.25? | CVD=150139 > Ref=11686? | POC=1111.50 | VAL=1110.00
2026-01-27 13:03:35,343 [INFO]     Scanning NSE:LODHA-EQ (5min) | Range 09:35-10:35 | Price=886.20 > VAH=874.35? | CVD=576086 > Ref=44807? | POC=874.35 | VAL=868.55
2026-01-27 13:03:35,414 [INFO]     Scanning NSE:HDFCLIFE-EQ (5min) | Range 09:35-10:35 | Price=715.15 > VAH=714.50? | CVD=-103998 > Ref=17111? | POC=713.50 | VAL=712.50
2026-01-27 13:03:35,477 [INFO]     Scanning NSE:INDHOTEL-EQ (5min) | Range 09:35-10:35 | Price=644.40 > VAH=641.90? | CVD=-227500 > Ref=64541? | POC=641.20 | VAL=640.50
2026-01-27 13:03:35,558 [INFO]     Scanning NSE:ICICIPRULI-EQ (5min) | Range 09:35-10:35 | Price=642.40 > VAH=640.50? | CVD=76692 > Ref=24713? | POC=640.50 | VAL=634.90
2026-01-27 13:03:35,653 [INFO]     Scanning NSE:CGPOWER-EQ (5min) | Range 09:35-10:35 | Price=540.50 > VAH=546.70? | CVD=454574 > Ref=295533? | POC=546.70 | VAL=544.50
2026-01-27 13:03:35,733 [INFO]     Scanning NSE:CONCOR-EQ (5min) | Range 09:35-10:35 | Price=478.75 > VAH=480.90? | CVD=-4563 > Ref=15532? | POC=480.20 | VAL=474.60
2026-01-27 13:03:35,846 [INFO]     Scanning NSE:NYKAA-EQ (5min) | Range 09:35-10:35 | Price=234.60 > VAH=236.50? | CVD=341717 > Ref=106592? | POC=235.25 | VAL=235.25
2026-01-27 13:03:35,937 [INFO]     Scanning NSE:INOXWIND-EQ (5min) | Range 09:35-10:35 | Price=104.00 > VAH=103.50? | CVD=11797 > Ref=42362? | POC=103.40 | VAL=102.90
2026-01-27 13:03:36,030 [INFO]     Scanning NSE:NBCC-EQ (5min) | Range 09:35-10:35 | Price=95.10 > VAH=95.75? | CVD=341805 > Ref=195713? | POC=95.70 | VAL=95.40
2026-01-27 13:04:08,740 [INFO] 🔍 Scanning for alerts on 30 symbols (5min)...
2026-01-27 13:04:08,847 [INFO]     Scanning NSE:AMBER-EQ (5min) | Range 13:00-14:00 | Price=5427.00 > VAH=5430.65? | CVD=-34537 > Ref=0? | POC=5428.95 | VAL=5424.70
2026-01-27 13:04:08,927 [INFO]     Scanning NSE:DMART-EQ (5min) | Range 13:00-14:00 | Price=3658.70 > VAH=3659.40? | CVD=-21775 > Ref=1814? | POC=3657.90 | VAL=3657.90
2026-01-27 13:04:09,030 [INFO]     Scanning NSE:KAYNES-EQ (5min) | Range 13:00-14:00 | Price=3338.00 > VAH=3343.75? | CVD=-55658 > Ref=7461? | POC=3337.50 | VAL=3337.50
2026-01-27 13:04:09,140 [INFO]     Scanning NSE:MANKIND-EQ (5min) | Range 13:00-14:00 | Price=2085.70 > VAH=2087.05? | CVD=-57527 > Ref=5023? | POC=2084.95 | VAL=2084.95
2026-01-27 13:04:09,256 [INFO]     Scanning NSE:BLUESTARCO-EQ (5min) | Range 13:00-14:00 | Price=1684.00 > VAH=1684.40? | CVD=10158 > Ref=27628? | POC=1683.40 | VAL=1683.40
2026-01-27 13:04:09,360 [INFO]     Scanning NSE:MFSL-EQ (5min) | Range 13:00-14:00 | Price=1588.60 > VAH=1590.00? | CVD=59067 > Ref=2550? | POC=1588.00 | VAL=1587.20
2026-01-27 13:04:09,458 [INFO]     Scanning NSE:RELIANCE-EQ (5min) | Range 13:00-14:00 | Price=1384.20 > VAH=1384.20? | CVD=-431288 > Ref=55368? | POC=1383.45 | VAL=1383.15
2026-01-27 13:04:09,633 [INFO]     Scanning NSE:CDSL-EQ (5min) | Range 13:00-14:00 | Price=1315.00 > VAH=1317.60? | CVD=-168732 > Ref=5912? | POC=1314.00 | VAL=1314.00
2026-01-27 13:04:09,713 [INFO] 🚀 [STRATEGY ALERT] NSE:NAUKRI-EQ (5min) triggered at 13:00!
2026-01-27 13:04:09,714 [INFO]     ✅ Price: 1274.60 < FRVP VAL: 1274.60
2026-01-27 13:04:09,714 [INFO]     ✅ CVD:   40022 < CVD Ref:  51866
2026-01-27 13:04:09,715 [INFO]     ℹ️  FRVP Info: POC=1275.00, VAL=1274.60
2026-01-27 13:04:09,715 [INFO]     Scanning NSE:NAUKRI-EQ (5min) | Range 13:00-14:00 | Price=1274.60 > VAH=1275.40? | CVD=40022 > Ref=51866? | POC=1275.00 | VAL=1274.60
2026-01-27 13:04:09,784 [INFO]     Scanning NSE:NUVAMA-EQ (5min) | Range 13:00-14:00 | Price=1262.30 > VAH=1261.50? | CVD=-106749 > Ref=62008? | POC=1261.00 | VAL=1260.50
2026-01-27 13:04:09,853 [INFO]     Scanning NSE:KPITTECH-EQ (5min) | Range 13:00-14:00 | Price=1098.60 > VAH=1102.40? | CVD=152919 > Ref=11686? | POC=1097.85 | VAL=1097.85
2026-01-27 13:04:09,957 [INFO]     Scanning NSE:LODHA-EQ (5min) | Range 13:00-14:00 | Price=886.00 > VAH=889.00? | CVD=580859 > Ref=44807? | POC=886.00 | VAL=886.00
2026-01-27 13:04:10,043 [INFO]     Scanning NSE:HDFCLIFE-EQ (5min) | Range 13:00-14:00 | Price=715.15 > VAH=715.70? | CVD=-105162 > Ref=17111? | POC=714.90 | VAL=714.80
2026-01-27 13:04:10,149 [INFO]     Scanning NSE:TATATECH-EQ (5min) | Range 13:00-14:00 | Price=646.95 > VAH=647.85? | CVD=-114742 > Ref=9276? | POC=646.80 | VAL=646.80
2026-01-27 13:04:10,256 [INFO]     Scanning NSE:INDHOTEL-EQ (5min) | Range 13:00-14:00 | Price=644.00 > VAH=644.60? | CVD=-229087 > Ref=64541? | POC=644.00 | VAL=644.00
2026-01-27 13:04:10,346 [INFO]     Scanning NSE:ICICIPRULI-EQ (5min) | Range 13:00-14:00 | Price=642.40 > VAH=642.60? | CVD=76479 > Ref=24713? | POC=642.45 | VAL=642.10
2026-01-27 13:04:10,455 [INFO]     Scanning NSE:IRCTC-EQ (5min) | Range 13:00-14:00 | Price=604.10 > VAH=604.60? | CVD=-164766 > Ref=7628? | POC=604.10 | VAL=604.00
2026-01-27 13:04:10,558 [INFO]     Scanning NSE:CGPOWER-EQ (5min) | Range 13:00-14:00 | Price=540.80 > VAH=541.20? | CVD=466075 > Ref=295533? | POC=540.60 | VAL=540.30
2026-01-27 13:04:10,628 [INFO]     Scanning NSE:LICHSGFIN-EQ (5min) | Range 13:00-14:00 | Price=505.00 > VAH=505.50? | CVD=33035 > Ref=41287? | POC=505.40 | VAL=504.90
2026-01-27 13:04:10,710 [INFO]     Scanning NSE:CONCOR-EQ (5min) | Range 13:00-14:00 | Price=478.85 > VAH=478.90? | CVD=-2424 > Ref=15532? | POC=478.60 | VAL=478.20
2026-01-27 13:04:10,816 [INFO] 🚀 [STRATEGY ALERT] NSE:EXIDEIND-EQ (5min) triggered at 13:00!
2026-01-27 13:04:10,817 [INFO]     ✅ Price: 322.20 < FRVP VAL: 322.20
2026-01-27 13:04:10,818 [INFO]     ✅ CVD:   -85843 < CVD Ref:  0
2026-01-27 13:04:10,818 [INFO]     ℹ️  FRVP Info: POC=322.20, VAL=322.20
2026-01-27 13:04:10,819 [INFO]     Scanning NSE:EXIDEIND-EQ (5min) | Range 13:00-14:00 | Price=322.20 > VAH=322.50? | CVD=-85843 > Ref=0? | POC=322.20 | VAL=322.20
2026-01-27 13:04:10,929 [INFO]     Scanning NSE:LTF-EQ (5min) | Range 13:00-14:00 | Price=283.65 > VAH=284.30? | CVD=-53060 > Ref=2752? | POC=283.60 | VAL=283.60
2026-01-27 13:04:11,028 [INFO]     Scanning NSE:NYKAA-EQ (5min) | Range 13:00-14:00 | Price=234.50 > VAH=234.65? | CVD=344066 > Ref=106592? | POC=234.40 | VAL=234.40
2026-01-27 13:04:11,119 [INFO]     Scanning NSE:WIPRO-EQ (5min) | Range 13:00-14:00 | Price=232.90 > VAH=233.10? | CVD=-403032 > Ref=6314? | POC=232.90 | VAL=232.85
2026-01-27 13:04:11,185 [INFO] 🚀 [STRATEGY ALERT] NSE:HUDCO-EQ (5min) triggered at 13:00!
2026-01-27 13:04:11,186 [INFO]     ✅ Price: 195.16 < FRVP VAL: 195.20
2026-01-27 13:04:11,186 [INFO]     ✅ CVD:   -66306 < CVD Ref:  29578
2026-01-27 13:04:11,186 [INFO]     ℹ️  FRVP Info: POC=195.30, VAL=195.20
2026-01-27 13:04:11,187 [INFO]     Scanning NSE:HUDCO-EQ (5min) | Range 13:00-14:00 | Price=195.16 > VAH=195.70? | CVD=-66306 > Ref=29578? | POC=195.30 | VAL=195.20
2026-01-27 13:04:11,350 [INFO]     Scanning NSE:ASHOKLEY-EQ (5min) | Range 13:00-14:00 | Price=189.86 > VAH=190.05? | CVD=-775738 > Ref=312825? | POC=189.85 | VAL=189.85
2026-01-27 13:04:11,456 [INFO]     Scanning NSE:GAIL-EQ (5min) | Range 13:00-14:00 | Price=158.79 > VAH=158.90? | CVD=-6091599 > Ref=152319? | POC=158.85 | VAL=158.65
2026-01-27 13:04:11,529 [INFO]     Scanning NSE:IEX-EQ (5min) | Range 13:00-14:00 | Price=127.11 > VAH=127.40? | CVD=542519 > Ref=0? | POC=127.30 | VAL=127.05
2026-01-27 13:04:11,634 [INFO]     Scanning NSE:INOXWIND-EQ (5min) | Range 13:00-14:00 | Price=104.12 > VAH=104.05? | CVD=175028 > Ref=42362? | POC=103.95 | VAL=103.95
2026-01-27 13:04:11,704 [INFO]     Scanning NSE:NBCC-EQ (5min) | Range 13:00-14:00 | Price=95.13 > VAH=95.10? | CVD=408205 > Ref=195713? | POC=95.05 | VAL=95.00
2026-01-27 13:04:36,031 [INFO] 🔍 Scanning for alerts on 14 symbols (5min)...
2026-01-27 13:04:36,136 [INFO]     Scanning NSE:AMBER-EQ (5min) | Range 09:35-10:35 | Price=5427.00 > VAH=5468.40? | CVD=-34537 > Ref=0? | POC=5459.10 | VAL=5412.60
2026-01-27 13:04:36,210 [INFO]     Scanning NSE:MANKIND-EQ (5min) | Range 09:35-10:35 | Price=2085.70 > VAH=2084.00? | CVD=-57527 > Ref=5023? | POC=2084.00 | VAL=2078.00
2026-01-27 13:04:36,322 [INFO]     Scanning NSE:MFSL-EQ (5min) | Range 09:35-10:35 | Price=1588.60 > VAH=1593.60? | CVD=59067 > Ref=2550? | POC=1590.00 | VAL=1587.60
2026-01-27 13:04:36,394 [INFO]     Scanning NSE:RELIANCE-EQ (5min) | Range 09:35-10:35 | Price=1384.20 > VAH=1388.10? | CVD=-431288 > Ref=55368? | POC=1382.85 | VAL=1381.80
2026-01-27 13:04:36,460 [INFO]     Scanning NSE:KPITTECH-EQ (5min) | Range 09:35-10:35 | Price=1098.60 > VAH=1112.25? | CVD=152919 > Ref=11686? | POC=1111.50 | VAL=1110.00
2026-01-27 13:04:36,571 [INFO]     Scanning NSE:LODHA-EQ (5min) | Range 09:35-10:35 | Price=886.00 > VAH=874.35? | CVD=580859 > Ref=44807? | POC=874.35 | VAL=868.55
2026-01-27 13:04:36,682 [INFO]     Scanning NSE:HDFCLIFE-EQ (5min) | Range 09:35-10:35 | Price=715.15 > VAH=714.50? | CVD=-105162 > Ref=17111? | POC=713.50 | VAL=712.50
2026-01-27 13:04:36,766 [INFO]     Scanning NSE:INDHOTEL-EQ (5min) | Range 09:35-10:35 | Price=644.00 > VAH=641.90? | CVD=-229087 > Ref=64541? | POC=641.20 | VAL=640.50
2026-01-27 13:04:36,831 [INFO]     Scanning NSE:ICICIPRULI-EQ (5min) | Range 09:35-10:35 | Price=642.40 > VAH=640.50? | CVD=76479 > Ref=24713? | POC=640.50 | VAL=634.90
2026-01-27 13:04:36,897 [INFO]     Scanning NSE:CGPOWER-EQ (5min) | Range 09:35-10:35 | Price=540.80 > VAH=546.70? | CVD=466075 > Ref=295533? | POC=546.70 | VAL=544.50
2026-01-27 13:04:36,965 [INFO]     Scanning NSE:CONCOR-EQ (5min) | Range 09:35-10:35 | Price=478.85 > VAH=480.90? | CVD=-2424 > Ref=15532? | POC=480.20 | VAL=474.60
2026-01-27 13:04:37,035 [INFO]     Scanning NSE:NYKAA-EQ (5min) | Range 09:35-10:35 | Price=234.50 > VAH=236.50? | CVD=344066 > Ref=106592? | POC=235.25 | VAL=235.25
2026-01-27 13:04:37,143 [INFO]     Scanning NSE:INOXWIND-EQ (5min) | Range 09:35-10:35 | Price=104.12 > VAH=103.50? | CVD=175028 > Ref=42362? | POC=103.40 | VAL=102.90
2026-01-27 13:04:37,236 [INFO]     Scanning NSE:NBCC-EQ (5min) | Range 09:35-10:35 | Price=95.13 > VAH=95.75? | CVD=408205 > Ref=195713? | POC=95.70 | VAL=95.40
2026-01-27 13:05:11,705 [INFO] 🔍 Scanning for alerts on 27 symbols (5min)...
2026-01-27 13:05:11,816 [INFO]     Scanning NSE:AMBER-EQ (5min) | Range 13:00-14:00 | Price=5426.50 > VAH=5430.65? | CVD=-35013 > Ref=0? | POC=5426.40 | VAL=5424.70
2026-01-27 13:05:11,922 [INFO]     Scanning NSE:DMART-EQ (5min) | Range 13:00-14:00 | Price=3662.50 > VAH=3658.95? | CVD=-20312 > Ref=1814? | POC=3657.60 | VAL=3657.60
2026-01-27 13:05:12,023 [INFO]     Scanning NSE:KAYNES-EQ (5min) | Range 13:00-14:00 | Price=3335.20 > VAH=3341.25? | CVD=-60071 > Ref=7461? | POC=3336.30 | VAL=3333.00
2026-01-27 13:05:12,140 [INFO]     Scanning NSE:MANKIND-EQ (5min) | Range 13:00-14:00 | Price=2085.30 > VAH=2087.05? | CVD=-56321 > Ref=5023? | POC=2084.95 | VAL=2084.95
2026-01-27 13:05:12,250 [INFO]     Scanning NSE:BLUESTARCO-EQ (5min) | Range 13:00-14:00 | Price=1684.10 > VAH=1684.40? | CVD=10461 > Ref=27628? | POC=1683.80 | VAL=1683.40
2026-01-27 13:05:12,343 [INFO]     Scanning NSE:MFSL-EQ (5min) | Range 13:00-14:00 | Price=1589.20 > VAH=1590.00? | CVD=59478 > Ref=2550? | POC=1588.40 | VAL=1588.00
2026-01-27 13:05:12,463 [INFO]     Scanning NSE:RELIANCE-EQ (5min) | Range 13:00-14:00 | Price=1385.10 > VAH=1384.40? | CVD=-414617 > Ref=55368? | POC=1383.40 | VAL=1383.40
2026-01-27 13:05:12,564 [INFO]     Scanning NSE:CDSL-EQ (5min) | Range 13:00-14:00 | Price=1314.70 > VAH=1317.60? | CVD=-169315 > Ref=5912? | POC=1314.00 | VAL=1314.00
2026-01-27 13:05:12,670 [INFO]     Scanning NSE:NUVAMA-EQ (5min) | Range 13:00-14:00 | Price=1261.60 > VAH=1261.50? | CVD=-107384 > Ref=62008? | POC=1260.90 | VAL=1260.30
2026-01-27 13:05:12,778 [INFO]     Scanning NSE:KPITTECH-EQ (5min) | Range 13:00-14:00 | Price=1098.10 > VAH=1101.75? | CVD=152243 > Ref=11686? | POC=1097.85 | VAL=1097.20
2026-01-27 13:05:12,848 [INFO]     Scanning NSE:LODHA-EQ (5min) | Range 13:00-14:00 | Price=886.40 > VAH=889.00? | CVD=585080 > Ref=44807? | POC=886.00 | VAL=885.50
2026-01-27 13:05:12,964 [INFO]     Scanning NSE:HDFCLIFE-EQ (5min) | Range 13:00-14:00 | Price=715.75 > VAH=715.70? | CVD=-98544 > Ref=17111? | POC=714.90 | VAL=714.90
2026-01-27 13:05:13,066 [INFO] 🚀 [STRATEGY ALERT] NSE:TATATECH-EQ (5min) triggered at 13:00!
2026-01-27 13:05:13,067 [INFO]     ✅ Price: 646.55 < FRVP VAL: 646.80
2026-01-27 13:05:13,067 [INFO]     ✅ CVD:   -116054 < CVD Ref:  9276
2026-01-27 13:05:13,067 [INFO]     ℹ️  FRVP Info: POC=646.80, VAL=646.80
2026-01-27 13:05:13,068 [INFO]     Scanning NSE:TATATECH-EQ (5min) | Range 13:00-14:00 | Price=646.55 > VAH=647.85? | CVD=-116054 > Ref=9276? | POC=646.80 | VAL=646.80
2026-01-27 13:05:13,172 [INFO]     Scanning NSE:INDHOTEL-EQ (5min) | Range 13:00-14:00 | Price=644.00 > VAH=644.50? | CVD=-232932 > Ref=64541? | POC=644.00 | VAL=644.00
2026-01-27 13:05:13,248 [INFO]     Scanning NSE:ICICIPRULI-EQ (5min) | Range 13:00-14:00 | Price=642.40 > VAH=642.50? | CVD=71405 > Ref=24713? | POC=642.45 | VAL=642.35
2026-01-27 13:05:13,363 [INFO]     Scanning NSE:IRCTC-EQ (5min) | Range 13:00-14:00 | Price=604.05 > VAH=604.20? | CVD=-174356 > Ref=7628? | POC=604.20 | VAL=603.45
2026-01-27 13:05:13,472 [INFO]     Scanning NSE:CGPOWER-EQ (5min) | Range 13:00-14:00 | Price=540.60 > VAH=541.20? | CVD=455650 > Ref=295533? | POC=540.60 | VAL=540.30
2026-01-27 13:05:13,578 [INFO]     Scanning NSE:LICHSGFIN-EQ (5min) | Range 13:00-14:00 | Price=505.25 > VAH=505.50? | CVD=36499 > Ref=41287? | POC=504.90 | VAL=504.90
2026-01-27 13:05:13,682 [INFO]     Scanning NSE:CONCOR-EQ (5min) | Range 13:00-14:00 | Price=478.90 > VAH=478.90? | CVD=-176 > Ref=15532? | POC=478.60 | VAL=478.40
2026-01-27 13:05:13,788 [INFO]     Scanning NSE:LTF-EQ (5min) | Range 13:00-14:00 | Price=283.40 > VAH=284.25? | CVD=-67634 > Ref=2752? | POC=283.50 | VAL=283.05
2026-01-27 13:05:13,892 [INFO]     Scanning NSE:NYKAA-EQ (5min) | Range 13:00-14:00 | Price=234.45 > VAH=234.55? | CVD=337643 > Ref=106592? | POC=234.40 | VAL=234.30
2026-01-27 13:05:13,984 [INFO] 🚀 [STRATEGY ALERT] NSE:WIPRO-EQ (5min) triggered at 13:00!
2026-01-27 13:05:13,985 [INFO]     ✅ Price: 232.75 < FRVP VAL: 232.75
2026-01-27 13:05:13,986 [INFO]     ✅ CVD:   -422341 < CVD Ref:  6314
2026-01-27 13:05:13,986 [INFO]     ℹ️  FRVP Info: POC=232.90, VAL=232.75
2026-01-27 13:05:13,987 [INFO]     Scanning NSE:WIPRO-EQ (5min) | Range 13:00-14:00 | Price=232.75 > VAH=233.05? | CVD=-422341 > Ref=6314? | POC=232.90 | VAL=232.75
2026-01-27 13:05:14,105 [INFO]     Scanning NSE:ASHOKLEY-EQ (5min) | Range 13:00-14:00 | Price=189.93 > VAH=190.00? | CVD=-427464 > Ref=312825? | POC=189.85 | VAL=189.80
2026-01-27 13:05:14,165 [INFO]     Scanning NSE:GAIL-EQ (5min) | Range 13:00-14:00 | Price=158.78 > VAH=158.90? | CVD=-6110176 > Ref=152319? | POC=158.85 | VAL=158.65
2026-01-27 13:05:14,233 [INFO]     Scanning NSE:IEX-EQ (5min) | Range 13:00-14:00 | Price=127.03 > VAH=127.40? | CVD=522883 > Ref=0? | POC=127.05 | VAL=127.00
2026-01-27 13:05:14,300 [INFO]     Scanning NSE:INOXWIND-EQ (5min) | Range 13:00-14:00 | Price=104.01 > VAH=104.05? | CVD=164755 > Ref=42362? | POC=103.95 | VAL=103.95
2026-01-27 13:05:14,402 [INFO]     Scanning NSE:NBCC-EQ (5min) | Range 13:00-14:00 | Price=95.14 > VAH=95.10? | CVD=445995 > Ref=195713? | POC=95.05 | VAL=95.00
2026-01-27 13:05:37,238 [INFO] 🔍 Scanning for alerts on 14 symbols (5min)...
2026-01-27 13:05:37,343 [INFO]     Scanning NSE:AMBER-EQ (5min) | Range 09:35-10:35 | Price=5426.50 > VAH=5468.40? | CVD=-35013 > Ref=0? | POC=5459.10 | VAL=5412.60
2026-01-27 13:05:37,418 [INFO]     Scanning NSE:MANKIND-EQ (5min) | Range 09:35-10:35 | Price=2085.30 > VAH=2084.00? | CVD=-56321 > Ref=5023? | POC=2084.00 | VAL=2078.00
2026-01-27 13:05:37,484 [INFO]     Scanning NSE:MFSL-EQ (5min) | Range 09:35-10:35 | Price=1589.20 > VAH=1593.60? | CVD=59478 > Ref=2550? | POC=1590.00 | VAL=1587.60
2026-01-27 13:05:37,550 [INFO]     Scanning NSE:RELIANCE-EQ (5min) | Range 09:35-10:35 | Price=1385.10 > VAH=1388.10? | CVD=-414617 > Ref=55368? | POC=1382.85 | VAL=1381.80
2026-01-27 13:05:37,617 [INFO]     Scanning NSE:KPITTECH-EQ (5min) | Range 09:35-10:35 | Price=1098.10 > VAH=1112.25? | CVD=152243 > Ref=11686? | POC=1111.50 | VAL=1110.00
2026-01-27 13:05:37,687 [INFO]     Scanning NSE:LODHA-EQ (5min) | Range 09:35-10:35 | Price=886.40 > VAH=874.35? | CVD=585080 > Ref=44807? | POC=874.35 | VAL=868.55
2026-01-27 13:05:37,795 [INFO]     Scanning NSE:HDFCLIFE-EQ (5min) | Range 09:35-10:35 | Price=715.75 > VAH=714.50? | CVD=-98544 > Ref=17111? | POC=713.50 | VAL=712.50
2026-01-27 13:05:37,880 [INFO]     Scanning NSE:INDHOTEL-EQ (5min) | Range 09:35-10:35 | Price=644.00 > VAH=641.90? | CVD=-232932 > Ref=64541? | POC=641.20 | VAL=640.50
2026-01-27 13:05:38,000 [INFO]     Scanning NSE:ICICIPRULI-EQ (5min) | Range 09:35-10:35 | Price=642.40 > VAH=640.50? | CVD=71405 > Ref=24713? | POC=640.50 | VAL=634.90
2026-01-27 13:05:38,109 [INFO]     Scanning NSE:CGPOWER-EQ (5min) | Range 09:35-10:35 | Price=540.60 > VAH=546.70? | CVD=455650 > Ref=295533? | POC=546.70 | VAL=544.50
2026-01-27 13:05:38,236 [INFO]     Scanning NSE:CONCOR-EQ (5min) | Range 09:35-10:35 | Price=478.90 > VAH=480.90? | CVD=-176 > Ref=15532? | POC=480.20 | VAL=474.60
2026-01-27 13:05:38,328 [INFO]     Scanning NSE:NYKAA-EQ (5min) | Range 09:35-10:35 | Price=234.45 > VAH=236.50? | CVD=337643 > Ref=106592? | POC=235.25 | VAL=235.25
2026-01-27 13:05:38,408 [INFO]     Scanning NSE:INOXWIND-EQ (5min) | Range 09:35-10:35 | Price=104.01 > VAH=103.50? | CVD=164755 > Ref=42362? | POC=103.40 | VAL=102.90
2026-01-27 13:05:38,528 [INFO]     Scanning NSE:NBCC-EQ (5min) | Range 09:35-10:35 | Price=95.14 > VAH=95.75? | CVD=445995 > Ref=195713? | POC=95.70 | VAL=95.40
2026-01-27 13:06:14,404 [INFO] 🔍 Scanning for alerts on 25 symbols (5min)...
2026-01-27 13:06:14,509 [INFO]     Scanning NSE:AMBER-EQ (5min) | Range 13:00-14:00 | Price=5428.00 > VAH=5429.80? | CVD=-34354 > Ref=0? | POC=5426.40 | VAL=5424.70
2026-01-27 13:06:14,620 [INFO]     Scanning NSE:DMART-EQ (5min) | Range 13:00-14:00 | Price=3663.00 > VAH=3658.85? | CVD=-21238 > Ref=1814? | POC=3657.55 | VAL=3657.55
2026-01-27 13:06:14,725 [INFO]     Scanning NSE:KAYNES-EQ (5min) | Range 13:00-14:00 | Price=3338.00 > VAH=3341.25? | CVD=-58968 > Ref=7461? | POC=3336.30 | VAL=3333.00
2026-01-27 13:06:14,845 [INFO]     Scanning NSE:MANKIND-EQ (5min) | Range 13:00-14:00 | Price=2087.30 > VAH=2087.05? | CVD=-38884 > Ref=5023? | POC=2084.95 | VAL=2084.95
2026-01-27 13:06:14,955 [INFO] 🚀 [STRATEGY ALERT] NSE:BLUESTARCO-EQ (5min) triggered at 13:05!
2026-01-27 13:06:14,955 [INFO]     ✅ Price: 1682.50 < FRVP VAL: 1683.00
2026-01-27 13:06:14,956 [INFO]     ✅ CVD:   9428 < CVD Ref:  27628
2026-01-27 13:06:14,957 [INFO]     ℹ️  FRVP Info: POC=1683.90, VAL=1683.00
2026-01-27 13:06:14,957 [INFO]     Scanning NSE:BLUESTARCO-EQ (5min) | Range 13:00-14:00 | Price=1682.50 > VAH=1684.20? | CVD=9428 > Ref=27628? | POC=1683.90 | VAL=1683.00
2026-01-27 13:06:15,081 [INFO]     Scanning NSE:MFSL-EQ (5min) | Range 13:00-14:00 | Price=1590.20 > VAH=1590.00? | CVD=59968 > Ref=2550? | POC=1588.80 | VAL=1588.00
2026-01-27 13:06:15,168 [INFO]     Scanning NSE:RELIANCE-EQ (5min) | Range 13:00-14:00 | Price=1384.90 > VAH=1384.40? | CVD=-439589 > Ref=55368? | POC=1383.40 | VAL=1383.40
2026-01-27 13:06:15,267 [INFO]     Scanning NSE:CDSL-EQ (5min) | Range 13:00-14:00 | Price=1316.00 > VAH=1317.15? | CVD=-164913 > Ref=5912? | POC=1314.00 | VAL=1314.00
2026-01-27 13:06:15,375 [INFO]     Scanning NSE:NUVAMA-EQ (5min) | Range 13:00-14:00 | Price=1261.60 > VAH=1261.50? | CVD=-107777 > Ref=62008? | POC=1260.90 | VAL=1260.30
2026-01-27 13:06:15,478 [INFO]     Scanning NSE:KPITTECH-EQ (5min) | Range 13:00-14:00 | Price=1098.60 > VAH=1101.75? | CVD=152502 > Ref=11686? | POC=1097.85 | VAL=1097.20
2026-01-27 13:06:15,577 [INFO]     Scanning NSE:LODHA-EQ (5min) | Range 13:00-14:00 | Price=888.90 > VAH=887.50? | CVD=593392 > Ref=44807? | POC=886.00 | VAL=885.50
2026-01-27 13:06:15,690 [INFO]     Scanning NSE:HDFCLIFE-EQ (5min) | Range 13:00-14:00 | Price=716.30 > VAH=715.65? | CVD=-92677 > Ref=17111? | POC=715.65 | VAL=714.90
2026-01-27 13:06:15,772 [INFO]     Scanning NSE:INDHOTEL-EQ (5min) | Range 13:00-14:00 | Price=644.05 > VAH=644.50? | CVD=-227076 > Ref=64541? | POC=644.00 | VAL=644.00
2026-01-27 13:06:15,850 [INFO]     Scanning NSE:ICICIPRULI-EQ (5min) | Range 13:00-14:00 | Price=642.50 > VAH=642.45? | CVD=76177 > Ref=24713? | POC=642.45 | VAL=642.35
2026-01-27 13:06:15,955 [INFO]     Scanning NSE:IRCTC-EQ (5min) | Range 13:00-14:00 | Price=604.35 > VAH=604.20? | CVD=-171627 > Ref=7628? | POC=604.20 | VAL=603.45
2026-01-27 13:06:16,026 [INFO]     Scanning NSE:CGPOWER-EQ (5min) | Range 13:00-14:00 | Price=541.00 > VAH=541.05? | CVD=467042 > Ref=295533? | POC=540.60 | VAL=540.30
2026-01-27 13:06:16,087 [INFO]     Scanning NSE:LICHSGFIN-EQ (5min) | Range 13:00-14:00 | Price=505.10 > VAH=505.40? | CVD=28847 > Ref=41287? | POC=504.90 | VAL=504.90
2026-01-27 13:06:16,158 [INFO]     Scanning NSE:CONCOR-EQ (5min) | Range 13:00-14:00 | Price=479.70 > VAH=479.40? | CVD=78752 > Ref=15532? | POC=478.60 | VAL=478.40
2026-01-27 13:06:16,226 [INFO]     Scanning NSE:LTF-EQ (5min) | Range 13:00-14:00 | Price=283.65 > VAH=284.25? | CVD=-66917 > Ref=2752? | POC=283.50 | VAL=283.05
2026-01-27 13:06:16,331 [INFO]     Scanning NSE:NYKAA-EQ (5min) | Range 13:00-14:00 | Price=234.30 > VAH=234.55? | CVD=333571 > Ref=106592? | POC=234.40 | VAL=234.25
2026-01-27 13:06:16,474 [INFO]     Scanning NSE:ASHOKLEY-EQ (5min) | Range 13:00-14:00 | Price=190.11 > VAH=190.00? | CVD=-248676 > Ref=312825? | POC=189.90 | VAL=189.80
2026-01-27 13:06:16,581 [INFO]     Scanning NSE:GAIL-EQ (5min) | Range 13:00-14:00 | Price=158.72 > VAH=158.90? | CVD=-6143634 > Ref=152319? | POC=158.65 | VAL=158.65
2026-01-27 13:06:16,651 [INFO]     Scanning NSE:IEX-EQ (5min) | Range 13:00-14:00 | Price=126.87 > VAH=127.40? | CVD=487118 > Ref=0? | POC=127.05 | VAL=126.95
2026-01-27 13:06:16,754 [INFO]     Scanning NSE:INOXWIND-EQ (5min) | Range 13:00-14:00 | Price=104.04 > VAH=104.05? | CVD=163167 > Ref=42362? | POC=104.00 | VAL=103.95
2026-01-27 13:06:16,862 [INFO]     Scanning NSE:NBCC-EQ (5min) | Range 13:00-14:00 | Price=95.20 > VAH=95.10? | CVD=465931 > Ref=195713? | POC=95.10 | VAL=95.00
2026-01-27 13:06:38,530 [INFO] 🔍 Scanning for alerts on 14 symbols (5min)...
2026-01-27 13:06:38,636 [INFO]     Scanning NSE:AMBER-EQ (5min) | Range 09:35-10:35 | Price=5428.00 > VAH=5468.40? | CVD=-34354 > Ref=0? | POC=5459.10 | VAL=5412.60
2026-01-27 13:06:38,709 [INFO]     Scanning NSE:MANKIND-EQ (5min) | Range 09:35-10:35 | Price=2087.30 > VAH=2084.00? | CVD=-38884 > Ref=5023? | POC=2084.00 | VAL=2078.00
2026-01-27 13:06:38,829 [INFO]     Scanning NSE:MFSL-EQ (5min) | Range 09:35-10:35 | Price=1590.20 > VAH=1593.60? | CVD=59968 > Ref=2550? | POC=1590.00 | VAL=1587.60
2026-01-27 13:06:38,909 [INFO]     Scanning NSE:RELIANCE-EQ (5min) | Range 09:35-10:35 | Price=1384.90 > VAH=1388.10? | CVD=-439589 > Ref=55368? | POC=1382.85 | VAL=1381.80
2026-01-27 13:06:39,033 [INFO]     Scanning NSE:KPITTECH-EQ (5min) | Range 09:35-10:35 | Price=1098.60 > VAH=1112.25? | CVD=152502 > Ref=11686? | POC=1111.50 | VAL=1110.00
2026-01-27 13:06:39,143 [INFO]     Scanning NSE:LODHA-EQ (5min) | Range 09:35-10:35 | Price=888.90 > VAH=874.35? | CVD=593392 > Ref=44807? | POC=874.35 | VAL=868.55
2026-01-27 13:06:39,216 [INFO]     Scanning NSE:HDFCLIFE-EQ (5min) | Range 09:35-10:35 | Price=716.30 > VAH=714.50? | CVD=-92677 > Ref=17111? | POC=713.50 | VAL=712.50
2026-01-27 13:06:39,280 [INFO]     Scanning NSE:INDHOTEL-EQ (5min) | Range 09:35-10:35 | Price=644.05 > VAH=641.90? | CVD=-227076 > Ref=64541? | POC=641.20 | VAL=640.50
2026-01-27 13:06:39,350 [INFO]     Scanning NSE:ICICIPRULI-EQ (5min) | Range 09:35-10:35 | Price=642.50 > VAH=640.50? | CVD=76177 > Ref=24713? | POC=640.50 | VAL=634.90
2026-01-27 13:06:39,461 [INFO]     Scanning NSE:CGPOWER-EQ (5min) | Range 09:35-10:35 | Price=541.00 > VAH=546.70? | CVD=467042 > Ref=295533? | POC=546.70 | VAL=544.50
2026-01-27 13:06:39,553 [INFO]     Scanning NSE:CONCOR-EQ (5min) | Range 09:35-10:35 | Price=479.70 > VAH=480.90? | CVD=78752 > Ref=15532? | POC=480.20 | VAL=474.60
2026-01-27 13:06:39,670 [INFO]     Scanning NSE:NYKAA-EQ (5min) | Range 09:35-10:35 | Price=234.30 > VAH=236.50? | CVD=333571 > Ref=106592? | POC=235.25 | VAL=235.25
2026-01-27 13:06:39,761 [INFO]     Scanning NSE:INOXWIND-EQ (5min) | Range 09:35-10:35 | Price=104.04 > VAH=103.50? | CVD=163167 > Ref=42362? | POC=103.40 | VAL=102.90
2026-01-27 13:06:39,871 [INFO]     Scanning NSE:NBCC-EQ (5min) | Range 09:35-10:35 | Price=95.20 > VAH=95.75? | CVD=465931 > Ref=195713? | POC=95.70 | VAL=95.40
2026-01-27 13:07:16,864 [INFO] 🔍 Scanning for alerts on 24 symbols (5min)...
2026-01-27 13:07:16,967 [INFO]     Scanning NSE:AMBER-EQ (5min) | Range 13:00-14:00 | Price=5429.50 > VAH=5430.65? | CVD=-33469 > Ref=0? | POC=5427.25 | VAL=5424.70
2026-01-27 13:07:17,078 [INFO]     Scanning NSE:DMART-EQ (5min) | Range 13:00-14:00 | Price=3664.70 > VAH=3658.20? | CVD=-19521 > Ref=1814? | POC=3656.90 | VAL=3656.90
2026-01-27 13:07:17,180 [INFO]     Scanning NSE:KAYNES-EQ (5min) | Range 13:00-14:00 | Price=3336.00 > VAH=3341.25? | CVD=-59359 > Ref=7461? | POC=3336.30 | VAL=3333.00
2026-01-27 13:07:17,298 [INFO]     Scanning NSE:MANKIND-EQ (5min) | Range 13:00-14:00 | Price=2086.10 > VAH=2087.05? | CVD=-39664 > Ref=5023? | POC=2084.95 | VAL=2084.95
2026-01-27 13:07:17,417 [INFO]     Scanning NSE:MFSL-EQ (5min) | Range 13:00-14:00 | Price=1592.10 > VAH=1590.00? | CVD=60799 > Ref=2550? | POC=1589.50 | VAL=1587.00
2026-01-27 13:07:17,532 [INFO]     Scanning NSE:RELIANCE-EQ (5min) | Range 13:00-14:00 | Price=1385.10 > VAH=1384.25? | CVD=-420934 > Ref=55368? | POC=1383.50 | VAL=1383.25
2026-01-27 13:07:17,631 [INFO]     Scanning NSE:CDSL-EQ (5min) | Range 13:00-14:00 | Price=1315.60 > VAH=1317.15? | CVD=-166115 > Ref=5912? | POC=1314.90 | VAL=1314.00
2026-01-27 13:07:17,702 [INFO]     Scanning NSE:NUVAMA-EQ (5min) | Range 13:00-14:00 | Price=1263.80 > VAH=1262.80? | CVD=-99984 > Ref=62008? | POC=1261.40 | VAL=1259.30
2026-01-27 13:07:17,798 [INFO]     Scanning NSE:KPITTECH-EQ (5min) | Range 13:00-14:00 | Price=1099.20 > VAH=1099.80? | CVD=153108 > Ref=11686? | POC=1097.85 | VAL=1097.20
2026-01-27 13:07:17,882 [INFO]     Scanning NSE:LODHA-EQ (5min) | Range 13:00-14:00 | Price=890.20 > VAH=888.60? | CVD=597707 > Ref=44807? | POC=886.20 | VAL=885.60
2026-01-27 13:07:17,964 [INFO]     Scanning NSE:HDFCLIFE-EQ (5min) | Range 13:00-14:00 | Price=716.65 > VAH=715.60? | CVD=-89829 > Ref=17111? | POC=715.60 | VAL=714.80
2026-01-27 13:07:18,077 [INFO]     Scanning NSE:INDHOTEL-EQ (5min) | Range 13:00-14:00 | Price=644.20 > VAH=644.30? | CVD=-221808 > Ref=64541? | POC=644.00 | VAL=644.00
2026-01-27 13:07:18,180 [INFO]     Scanning NSE:ICICIPRULI-EQ (5min) | Range 13:00-14:00 | Price=642.45 > VAH=642.45? | CVD=73220 > Ref=24713? | POC=642.45 | VAL=642.35
2026-01-27 13:07:18,251 [INFO]     Scanning NSE:IRCTC-EQ (5min) | Range 13:00-14:00 | Price=603.90 > VAH=604.50? | CVD=-179938 > Ref=7628? | POC=604.20 | VAL=603.75
2026-01-27 13:07:18,362 [INFO]     Scanning NSE:CGPOWER-EQ (5min) | Range 13:00-14:00 | Price=540.50 > VAH=541.05? | CVD=456882 > Ref=295533? | POC=540.60 | VAL=540.30
2026-01-27 13:07:18,439 [INFO]     Scanning NSE:LICHSGFIN-EQ (5min) | Range 13:00-14:00 | Price=505.20 > VAH=505.40? | CVD=29211 > Ref=41287? | POC=505.10 | VAL=504.90
2026-01-27 13:07:18,552 [INFO]     Scanning NSE:CONCOR-EQ (5min) | Range 13:00-14:00 | Price=479.95 > VAH=479.80? | CVD=96598 > Ref=15532? | POC=478.80 | VAL=478.80
2026-01-27 13:07:18,658 [INFO]     Scanning NSE:LTF-EQ (5min) | Range 13:00-14:00 | Price=283.70 > VAH=284.25? | CVD=-65553 > Ref=2752? | POC=283.50 | VAL=283.05
2026-01-27 13:07:18,739 [INFO]     Scanning NSE:NYKAA-EQ (5min) | Range 13:00-14:00 | Price=234.65 > VAH=234.55? | CVD=342797 > Ref=106592? | POC=234.40 | VAL=234.25
2026-01-27 13:07:18,892 [INFO]     Scanning NSE:ASHOKLEY-EQ (5min) | Range 13:00-14:00 | Price=190.16 > VAH=190.05? | CVD=-41164 > Ref=312825? | POC=189.95 | VAL=189.80
2026-01-27 13:07:19,013 [INFO]     Scanning NSE:GAIL-EQ (5min) | Range 13:00-14:00 | Price=158.80 > VAH=158.90? | CVD=-6121562 > Ref=152319? | POC=158.65 | VAL=158.65
2026-01-27 13:07:19,121 [INFO]     Scanning NSE:IEX-EQ (5min) | Range 13:00-14:00 | Price=126.55 > VAH=127.40? | CVD=431388 > Ref=0? | POC=127.00 | VAL=126.90
2026-01-27 13:07:19,223 [INFO]     Scanning NSE:INOXWIND-EQ (5min) | Range 13:00-14:00 | Price=104.05 > VAH=104.05? | CVD=172332 > Ref=42362? | POC=104.00 | VAL=103.95
2026-01-27 13:07:19,299 [INFO]     Scanning NSE:NBCC-EQ (5min) | Range 13:00-14:00 | Price=95.17 > VAH=95.10? | CVD=443238 > Ref=195713? | POC=95.10 | VAL=95.00
2026-01-27 13:07:39,873 [INFO] 🔍 Scanning for alerts on 14 symbols (5min)...
2026-01-27 13:07:40,000 [INFO]     Scanning NSE:AMBER-EQ (5min) | Range 09:35-10:35 | Price=5429.50 > VAH=5468.40? | CVD=-33469 > Ref=0? | POC=5459.10 | VAL=5412.60
2026-01-27 13:07:40,107 [INFO]     Scanning NSE:MANKIND-EQ (5min) | Range 09:35-10:35 | Price=2086.10 > VAH=2084.00? | CVD=-39664 > Ref=5023? | POC=2084.00 | VAL=2078.00
2026-01-27 13:07:40,224 [INFO]     Scanning NSE:MFSL-EQ (5min) | Range 09:35-10:35 | Price=1592.10 > VAH=1593.60? | CVD=60799 > Ref=2550? | POC=1590.00 | VAL=1587.60
2026-01-27 13:07:40,338 [INFO]     Scanning NSE:RELIANCE-EQ (5min) | Range 09:35-10:35 | Price=1385.10 > VAH=1388.10? | CVD=-420934 > Ref=55368? | POC=1382.85 | VAL=1381.80
2026-01-27 13:07:40,411 [INFO]     Scanning NSE:KPITTECH-EQ (5min) | Range 09:35-10:35 | Price=1099.20 > VAH=1112.25? | CVD=153108 > Ref=11686? | POC=1111.50 | VAL=1110.00
2026-01-27 13:07:40,518 [INFO]     Scanning NSE:LODHA-EQ (5min) | Range 09:35-10:35 | Price=890.20 > VAH=874.35? | CVD=597707 > Ref=44807? | POC=874.35 | VAL=868.55
2026-01-27 13:07:40,630 [INFO]     Scanning NSE:HDFCLIFE-EQ (5min) | Range 09:35-10:35 | Price=716.65 > VAH=714.50? | CVD=-89829 > Ref=17111? | POC=713.50 | VAL=712.50
2026-01-27 13:07:40,743 [INFO]     Scanning NSE:INDHOTEL-EQ (5min) | Range 09:35-10:35 | Price=644.20 > VAH=641.90? | CVD=-221808 > Ref=64541? | POC=641.20 | VAL=640.50
2026-01-27 13:07:40,832 [INFO]     Scanning NSE:ICICIPRULI-EQ (5min) | Range 09:35-10:35 | Price=642.45 > VAH=640.50? | CVD=73220 > Ref=24713? | POC=640.50 | VAL=634.90
2026-01-27 13:07:40,942 [INFO]     Scanning NSE:CGPOWER-EQ (5min) | Range 09:35-10:35 | Price=540.50 > VAH=546.70? | CVD=456882 > Ref=295533? | POC=546.70 | VAL=544.50
2026-01-27 13:07:41,015 [INFO]     Scanning NSE:CONCOR-EQ (5min) | Range 09:35-10:35 | Price=479.95 > VAH=480.90? | CVD=96598 > Ref=15532? | POC=480.20 | VAL=474.60
2026-01-27 13:07:41,079 [INFO]     Scanning NSE:NYKAA-EQ (5min) | Range 09:35-10:35 | Price=234.65 > VAH=236.50? | CVD=342797 > Ref=106592? | POC=235.25 | VAL=235.25
2026-01-27 13:07:41,190 [INFO]     Scanning NSE:INOXWIND-EQ (5min) | Range 09:35-10:35 | Price=104.05 > VAH=103.50? | CVD=172332 > Ref=42362? | POC=103.40 | VAL=102.90
2026-01-27 13:07:41,274 [INFO]     Scanning NSE:NBCC-EQ (5min) | Range 09:35-10:35 | Price=95.17 > VAH=95.75? | CVD=443238 > Ref=195713? | POC=95.70 | VAL=95.40
2026-01-27 13:08:19,301 [INFO] 🔍 Scanning for alerts on 24 symbols (5min)...
2026-01-27 13:08:19,418 [INFO]     Scanning NSE:AMBER-EQ (5min) | Range 13:00-14:00 | Price=5440.00 > VAH=5431.50? | CVD=-32932 > Ref=0? | POC=5428.50 | VAL=5425.50
2026-01-27 13:08:19,522 [INFO]     Scanning NSE:DMART-EQ (5min) | Range 13:00-14:00 | Price=3668.00 > VAH=3658.20? | CVD=-18024 > Ref=1814? | POC=3656.90 | VAL=3656.90
2026-01-27 13:08:19,611 [INFO]     Scanning NSE:KAYNES-EQ (5min) | Range 13:00-14:00 | Price=3337.90 > VAH=3341.25? | CVD=-59099 > Ref=7461? | POC=3336.30 | VAL=3333.00
2026-01-27 13:08:19,688 [INFO]     Scanning NSE:MANKIND-EQ (5min) | Range 13:00-14:00 | Price=2085.30 > VAH=2087.05? | CVD=-40390 > Ref=5023? | POC=2084.95 | VAL=2084.95
2026-01-27 13:08:19,806 [INFO]     Scanning NSE:MFSL-EQ (5min) | Range 13:00-14:00 | Price=1591.90 > VAH=1591.00? | CVD=61314 > Ref=2550? | POC=1589.50 | VAL=1587.00
2026-01-27 13:08:19,907 [INFO]     Scanning NSE:RELIANCE-EQ (5min) | Range 13:00-14:00 | Price=1385.20 > VAH=1384.25? | CVD=-410863 > Ref=55368? | POC=1383.50 | VAL=1383.25
2026-01-27 13:08:20,016 [INFO]     Scanning NSE:CDSL-EQ (5min) | Range 13:00-14:00 | Price=1315.50 > VAH=1317.15? | CVD=-165362 > Ref=5912? | POC=1314.90 | VAL=1314.00
2026-01-27 13:08:20,122 [INFO]     Scanning NSE:NUVAMA-EQ (5min) | Range 13:00-14:00 | Price=1264.00 > VAH=1262.80? | CVD=-99686 > Ref=62008? | POC=1261.40 | VAL=1259.30
2026-01-27 13:08:20,229 [INFO]     Scanning NSE:KPITTECH-EQ (5min) | Range 13:00-14:00 | Price=1100.10 > VAH=1099.80? | CVD=153178 > Ref=11686? | POC=1098.50 | VAL=1097.20
2026-01-27 13:08:20,349 [INFO]     Scanning NSE:LODHA-EQ (5min) | Range 13:00-14:00 | Price=892.60 > VAH=888.75? | CVD=605447 > Ref=44807? | POC=885.75 | VAL=885.75
2026-01-27 13:08:20,425 [INFO]     Scanning NSE:HDFCLIFE-EQ (5min) | Range 13:00-14:00 | Price=716.70 > VAH=716.00? | CVD=-85129 > Ref=17111? | POC=715.60 | VAL=714.80
2026-01-27 13:08:20,516 [INFO]     Scanning NSE:INDHOTEL-EQ (5min) | Range 13:00-14:00 | Price=644.00 > VAH=644.30? | CVD=-222748 > Ref=64541? | POC=644.00 | VAL=644.00
2026-01-27 13:08:20,609 [INFO]     Scanning NSE:ICICIPRULI-EQ (5min) | Range 13:00-14:00 | Price=642.40 > VAH=642.45? | CVD=73110 > Ref=24713? | POC=642.45 | VAL=642.35
2026-01-27 13:08:20,718 [INFO]     Scanning NSE:IRCTC-EQ (5min) | Range 13:00-14:00 | Price=604.35 > VAH=604.35? | CVD=-177940 > Ref=7628? | POC=604.20 | VAL=603.75
2026-01-27 13:08:20,787 [INFO]     Scanning NSE:CGPOWER-EQ (5min) | Range 13:00-14:00 | Price=540.40 > VAH=541.05? | CVD=441269 > Ref=295533? | POC=540.60 | VAL=540.30
2026-01-27 13:08:20,890 [INFO]     Scanning NSE:LICHSGFIN-EQ (5min) | Range 13:00-14:00 | Price=505.80 > VAH=505.50? | CVD=40862 > Ref=41287? | POC=505.10 | VAL=504.90
2026-01-27 13:08:20,994 [INFO]     Scanning NSE:CONCOR-EQ (5min) | Range 13:00-14:00 | Price=479.70 > VAH=479.80? | CVD=93148 > Ref=15532? | POC=478.80 | VAL=478.80
2026-01-27 13:08:21,101 [INFO]     Scanning NSE:LTF-EQ (5min) | Range 13:00-14:00 | Price=283.70 > VAH=284.25? | CVD=-63836 > Ref=2752? | POC=283.50 | VAL=283.05
2026-01-27 13:08:21,194 [INFO]     Scanning NSE:NYKAA-EQ (5min) | Range 13:00-14:00 | Price=234.50 > VAH=234.55? | CVD=340309 > Ref=106592? | POC=234.40 | VAL=234.30
2026-01-27 13:08:21,338 [INFO]     Scanning NSE:ASHOKLEY-EQ (5min) | Range 13:00-14:00 | Price=189.90 > VAH=190.05? | CVD=-157759 > Ref=312825? | POC=189.95 | VAL=189.80
2026-01-27 13:08:21,429 [INFO]     Scanning NSE:GAIL-EQ (5min) | Range 13:00-14:00 | Price=158.80 > VAH=158.85? | CVD=-6110889 > Ref=152319? | POC=158.75 | VAL=158.65
2026-01-27 13:08:21,539 [INFO]     Scanning NSE:IEX-EQ (5min) | Range 13:00-14:00 | Price=126.58 > VAH=127.40? | CVD=409625 > Ref=0? | POC=127.00 | VAL=126.90
2026-01-27 13:08:21,646 [INFO]     Scanning NSE:INOXWIND-EQ (5min) | Range 13:00-14:00 | Price=104.00 > VAH=104.05? | CVD=164375 > Ref=42362? | POC=104.00 | VAL=103.95
2026-01-27 13:08:21,762 [INFO]     Scanning NSE:NBCC-EQ (5min) | Range 13:00-14:00 | Price=95.16 > VAH=95.10? | CVD=440184 > Ref=195713? | POC=95.10 | VAL=95.00
2026-01-27 13:08:41,276 [INFO] 🔍 Scanning for alerts on 14 symbols (5min)...
2026-01-27 13:08:41,390 [INFO]     Scanning NSE:AMBER-EQ (5min) | Range 09:35-10:35 | Price=5440.00 > VAH=5468.40? | CVD=-32932 > Ref=0? | POC=5459.10 | VAL=5412.60
2026-01-27 13:08:41,510 [INFO]     Scanning NSE:MANKIND-EQ (5min) | Range 09:35-10:35 | Price=2085.30 > VAH=2084.00? | CVD=-40390 > Ref=5023? | POC=2084.00 | VAL=2078.00
2026-01-27 13:08:41,620 [INFO]     Scanning NSE:MFSL-EQ (5min) | Range 09:35-10:35 | Price=1591.90 > VAH=1593.60? | CVD=61314 > Ref=2550? | POC=1590.00 | VAL=1587.60
2026-01-27 13:08:41,694 [INFO]     Scanning NSE:RELIANCE-EQ (5min) | Range 09:35-10:35 | Price=1385.20 > VAH=1388.10? | CVD=-410863 > Ref=55368? | POC=1382.85 | VAL=1381.80
2026-01-27 13:08:41,757 [INFO]     Scanning NSE:KPITTECH-EQ (5min) | Range 09:35-10:35 | Price=1100.10 > VAH=1112.25? | CVD=153178 > Ref=11686? | POC=1111.50 | VAL=1110.00
2026-01-27 13:08:41,828 [INFO]     Scanning NSE:LODHA-EQ (5min) | Range 09:35-10:35 | Price=892.60 > VAH=874.35? | CVD=605447 > Ref=44807? | POC=874.35 | VAL=868.55
2026-01-27 13:08:41,897 [INFO]     Scanning NSE:HDFCLIFE-EQ (5min) | Range 09:35-10:35 | Price=716.70 > VAH=714.50? | CVD=-85129 > Ref=17111? | POC=713.50 | VAL=712.50
2026-01-27 13:08:41,998 [INFO]     Scanning NSE:INDHOTEL-EQ (5min) | Range 09:35-10:35 | Price=644.00 > VAH=641.90? | CVD=-222748 > Ref=64541? | POC=641.20 | VAL=640.50
2026-01-27 13:08:42,086 [INFO]     Scanning NSE:ICICIPRULI-EQ (5min) | Range 09:35-10:35 | Price=642.40 > VAH=640.50? | CVD=73110 > Ref=24713? | POC=640.50 | VAL=634.90
2026-01-27 13:08:42,182 [INFO]     Scanning NSE:CGPOWER-EQ (5min) | Range 09:35-10:35 | Price=540.40 > VAH=546.70? | CVD=441269 > Ref=295533? | POC=546.70 | VAL=544.50
2026-01-27 13:08:42,280 [INFO]     Scanning NSE:CONCOR-EQ (5min) | Range 09:35-10:35 | Price=479.70 > VAH=480.90? | CVD=93148 > Ref=15532? | POC=480.20 | VAL=474.60
2026-01-27 13:08:42,388 [INFO]     Scanning NSE:NYKAA-EQ (5min) | Range 09:35-10:35 | Price=234.50 > VAH=236.50? | CVD=340309 > Ref=106592? | POC=235.25 | VAL=235.25
2026-01-27 13:08:42,470 [INFO]     Scanning NSE:INOXWIND-EQ (5min) | Range 09:35-10:35 | Price=104.00 > VAH=103.50? | CVD=164375 > Ref=42362? | POC=103.40 | VAL=102.90
2026-01-27 13:08:42,583 [INFO]     Scanning NSE:NBCC-EQ (5min) | Range 09:35-10:35 | Price=95.16 > VAH=95.75? | CVD=440184 > Ref=195713? | POC=95.70 | VAL=95.40
2026-01-27 13:09:21,764 [INFO] 🔍 Scanning for alerts on 24 symbols (5min)...
2026-01-27 13:09:21,874 [INFO]     Scanning NSE:AMBER-EQ (5min) | Range 13:00-14:00 | Price=5437.00 > VAH=5430.75? | CVD=-33907 > Ref=0? | POC=5428.80 | VAL=5424.90
2026-01-27 13:09:21,991 [INFO]     Scanning NSE:DMART-EQ (5min) | Range 13:00-14:00 | Price=3670.70 > VAH=3658.20? | CVD=-17587 > Ref=1814? | POC=3656.90 | VAL=3656.90
2026-01-27 13:09:22,094 [INFO]     Scanning NSE:KAYNES-EQ (5min) | Range 13:00-14:00 | Price=3338.40 > VAH=3341.25? | CVD=-58843 > Ref=7461? | POC=3336.30 | VAL=3333.00
2026-01-27 13:09:22,166 [INFO]     Scanning NSE:MANKIND-EQ (5min) | Range 13:00-14:00 | Price=2085.30 > VAH=2087.05? | CVD=-39553 > Ref=5023? | POC=2084.95 | VAL=2084.95
2026-01-27 13:09:22,261 [INFO]     Scanning NSE:MFSL-EQ (5min) | Range 13:00-14:00 | Price=1591.10 > VAH=1592.40? | CVD=58264 > Ref=2550? | POC=1590.60 | VAL=1588.80
2026-01-27 13:09:22,385 [INFO]     Scanning NSE:RELIANCE-EQ (5min) | Range 13:00-14:00 | Price=1386.00 > VAH=1384.50? | CVD=-386570 > Ref=55368? | POC=1384.50 | VAL=1383.30
2026-01-27 13:09:22,481 [INFO]     Scanning NSE:CDSL-EQ (5min) | Range 13:00-14:00 | Price=1315.90 > VAH=1317.15? | CVD=-164695 > Ref=5912? | POC=1314.90 | VAL=1314.00
2026-01-27 13:09:22,592 [INFO]     Scanning NSE:NUVAMA-EQ (5min) | Range 13:00-14:00 | Price=1264.90 > VAH=1262.80? | CVD=-99098 > Ref=62008? | POC=1261.40 | VAL=1259.30
2026-01-27 13:09:22,664 [INFO]     Scanning NSE:KPITTECH-EQ (5min) | Range 13:00-14:00 | Price=1100.60 > VAH=1100.45? | CVD=154195 > Ref=11686? | POC=1098.50 | VAL=1097.20
2026-01-27 13:09:22,725 [INFO]     Scanning NSE:LODHA-EQ (5min) | Range 13:00-14:00 | Price=892.00 > VAH=889.60? | CVD=599018 > Ref=44807? | POC=885.60 | VAL=885.60
2026-01-27 13:09:22,798 [INFO]     Scanning NSE:HDFCLIFE-EQ (5min) | Range 13:00-14:00 | Price=716.85 > VAH=716.20? | CVD=-80428 > Ref=17111? | POC=715.60 | VAL=714.80
2026-01-27 13:09:22,902 [INFO]     Scanning NSE:INDHOTEL-EQ (5min) | Range 13:00-14:00 | Price=644.05 > VAH=644.20? | CVD=-217042 > Ref=64541? | POC=644.00 | VAL=644.00
2026-01-27 13:09:23,015 [INFO]     Scanning NSE:ICICIPRULI-EQ (5min) | Range 13:00-14:00 | Price=642.40 > VAH=642.45? | CVD=69108 > Ref=24713? | POC=642.35 | VAL=642.35
2026-01-27 13:09:23,125 [INFO]     Scanning NSE:IRCTC-EQ (5min) | Range 13:00-14:00 | Price=604.85 > VAH=604.35? | CVD=-177087 > Ref=7628? | POC=604.20 | VAL=603.75
2026-01-27 13:09:23,217 [INFO]     Scanning NSE:CGPOWER-EQ (5min) | Range 13:00-14:00 | Price=540.10 > VAH=540.90? | CVD=429854 > Ref=295533? | POC=540.45 | VAL=540.15
2026-01-27 13:09:23,320 [INFO]     Scanning NSE:LICHSGFIN-EQ (5min) | Range 13:00-14:00 | Price=505.40 > VAH=505.50? | CVD=37002 > Ref=41287? | POC=505.20 | VAL=504.90
2026-01-27 13:09:23,389 [INFO]     Scanning NSE:CONCOR-EQ (5min) | Range 13:00-14:00 | Price=480.20 > VAH=479.80? | CVD=99951 > Ref=15532? | POC=479.60 | VAL=478.80
2026-01-27 13:09:23,451 [INFO]     Scanning NSE:LTF-EQ (5min) | Range 13:00-14:00 | Price=283.75 > VAH=284.25? | CVD=-55507 > Ref=2752? | POC=283.50 | VAL=283.05
2026-01-27 13:09:23,557 [INFO]     Scanning NSE:NYKAA-EQ (5min) | Range 13:00-14:00 | Price=234.75 > VAH=234.55? | CVD=345261 > Ref=106592? | POC=234.40 | VAL=234.25
2026-01-27 13:09:23,709 [INFO]     Scanning NSE:ASHOKLEY-EQ (5min) | Range 13:00-14:00 | Price=189.91 > VAH=190.05? | CVD=-307648 > Ref=312825? | POC=189.95 | VAL=189.80
2026-01-27 13:09:23,795 [INFO]     Scanning NSE:GAIL-EQ (5min) | Range 13:00-14:00 | Price=158.80 > VAH=158.85? | CVD=-6097992 > Ref=152319? | POC=158.75 | VAL=158.65
2026-01-27 13:09:23,886 [INFO]     Scanning NSE:IEX-EQ (5min) | Range 13:00-14:00 | Price=126.60 > VAH=127.40? | CVD=416188 > Ref=0? | POC=127.00 | VAL=126.90
2026-01-27 13:09:23,992 [INFO]     Scanning NSE:INOXWIND-EQ (5min) | Range 13:00-14:00 | Price=104.01 > VAH=104.05? | CVD=193469 > Ref=42362? | POC=104.00 | VAL=103.95
2026-01-27 13:09:24,063 [INFO]     Scanning NSE:NBCC-EQ (5min) | Range 13:00-14:00 | Price=95.16 > VAH=95.10? | CVD=436706 > Ref=195713? | POC=95.10 | VAL=95.00
2026-01-27 13:09:42,585 [INFO] 🔍 Scanning for alerts on 14 symbols (5min)...
2026-01-27 13:09:42,691 [INFO]     Scanning NSE:AMBER-EQ (5min) | Range 09:35-10:35 | Price=5437.00 > VAH=5468.40? | CVD=-33907 > Ref=0? | POC=5459.10 | VAL=5412.60
2026-01-27 13:09:42,799 [INFO]     Scanning NSE:MANKIND-EQ (5min) | Range 09:35-10:35 | Price=2085.30 > VAH=2084.00? | CVD=-39553 > Ref=5023? | POC=2084.00 | VAL=2078.00
2026-01-27 13:09:42,904 [INFO]     Scanning NSE:MFSL-EQ (5min) | Range 09:35-10:35 | Price=1591.10 > VAH=1593.60? | CVD=58264 > Ref=2550? | POC=1590.00 | VAL=1587.60
2026-01-27 13:09:43,034 [INFO]     Scanning NSE:RELIANCE-EQ (5min) | Range 09:35-10:35 | Price=1386.00 > VAH=1388.10? | CVD=-386570 > Ref=55368? | POC=1382.85 | VAL=1381.80
2026-01-27 13:09:43,120 [INFO]     Scanning NSE:KPITTECH-EQ (5min) | Range 09:35-10:35 | Price=1100.60 > VAH=1112.25? | CVD=154195 > Ref=11686? | POC=1111.50 | VAL=1110.00
2026-01-27 13:09:43,227 [INFO]     Scanning NSE:LODHA-EQ (5min) | Range 09:35-10:35 | Price=892.00 > VAH=874.35? | CVD=599018 > Ref=44807? | POC=874.35 | VAL=868.55
2026-01-27 13:09:43,348 [INFO]     Scanning NSE:HDFCLIFE-EQ (5min) | Range 09:35-10:35 | Price=716.85 > VAH=714.50? | CVD=-80428 > Ref=17111? | POC=713.50 | VAL=712.50
2026-01-27 13:09:43,458 [INFO]     Scanning NSE:INDHOTEL-EQ (5min) | Range 09:35-10:35 | Price=644.05 > VAH=641.90? | CVD=-217042 > Ref=64541? | POC=641.20 | VAL=640.50
2026-01-27 13:09:43,559 [INFO]     Scanning NSE:ICICIPRULI-EQ (5min) | Range 09:35-10:35 | Price=642.40 > VAH=640.50? | CVD=69108 > Ref=24713? | POC=640.50 | VAL=634.90
2026-01-27 13:09:43,649 [INFO]     Scanning NSE:CGPOWER-EQ (5min) | Range 09:35-10:35 | Price=540.10 > VAH=546.70? | CVD=429854 > Ref=295533? | POC=546.70 | VAL=544.50
2026-01-27 13:09:43,715 [INFO]     Scanning NSE:CONCOR-EQ (5min) | Range 09:35-10:35 | Price=480.20 > VAH=480.90? | CVD=99951 > Ref=15532? | POC=480.20 | VAL=474.60
2026-01-27 13:09:43,825 [INFO]     Scanning NSE:NYKAA-EQ (5min) | Range 09:35-10:35 | Price=234.75 > VAH=236.50? | CVD=345261 > Ref=106592? | POC=235.25 | VAL=235.25
2026-01-27 13:09:43,936 [INFO]     Scanning NSE:INOXWIND-EQ (5min) | Range 09:35-10:35 | Price=104.01 > VAH=103.50? | CVD=193469 > Ref=42362? | POC=103.40 | VAL=102.90
2026-01-27 13:09:44,047 [INFO]     Scanning NSE:NBCC-EQ (5min) | Range 09:35-10:35 | Price=95.16 > VAH=95.75? | CVD=436706 > Ref=195713? | POC=95.70 | VAL=95.40
2026-01-27 13:10:24,064 [INFO] 🔍 Scanning for alerts on 24 symbols (5min)...
2026-01-27 13:10:24,165 [INFO]     Scanning NSE:AMBER-EQ (5min) | Range 13:00-14:00 | Price=5437.50 > VAH=5436.60? | CVD=-32653 > Ref=0? | POC=5428.80 | VAL=5424.90
2026-01-27 13:10:24,274 [INFO]     Scanning NSE:DMART-EQ (5min) | Range 13:00-14:00 | Price=3671.80 > VAH=3658.50? | CVD=-16994 > Ref=1814? | POC=3657.00 | VAL=3657.00
2026-01-27 13:10:24,383 [INFO]     Scanning NSE:KAYNES-EQ (5min) | Range 13:00-14:00 | Price=3338.90 > VAH=3341.25? | CVD=-58644 > Ref=7461? | POC=3337.95 | VAL=3333.00
2026-01-27 13:10:24,486 [INFO] 🚀 [STRATEGY ALERT] NSE:MANKIND-EQ (5min) triggered at 13:05!
2026-01-27 13:10:24,487 [INFO]     ✅ Price: 2084.10 < FRVP VAL: 2084.80
2026-01-27 13:10:24,487 [INFO]     ✅ CVD:   -40191 < CVD Ref:  5023
2026-01-27 13:10:24,488 [INFO]     ℹ️  FRVP Info: POC=2084.80, VAL=2084.80
2026-01-27 13:10:24,488 [INFO]     Scanning NSE:MANKIND-EQ (5min) | Range 13:00-14:00 | Price=2084.10 > VAH=2086.80? | CVD=-40191 > Ref=5023? | POC=2084.80 | VAL=2084.80
2026-01-27 13:10:24,605 [INFO]     Scanning NSE:MFSL-EQ (5min) | Range 13:00-14:00 | Price=1590.80 > VAH=1591.80? | CVD=56562 > Ref=2550? | POC=1590.60 | VAL=1588.80
2026-01-27 13:10:24,694 [INFO]     Scanning NSE:RELIANCE-EQ (5min) | Range 13:00-14:00 | Price=1386.20 > VAH=1384.25? | CVD=-344366 > Ref=55368? | POC=1383.20 | VAL=1383.20
2026-01-27 13:10:24,798 [INFO]     Scanning NSE:CDSL-EQ (5min) | Range 13:00-14:00 | Price=1314.30 > VAH=1317.15? | CVD=-166611 > Ref=5912? | POC=1314.90 | VAL=1314.00
2026-01-27 13:10:24,906 [INFO]     Scanning NSE:NUVAMA-EQ (5min) | Range 13:00-14:00 | Price=1263.40 > VAH=1262.80? | CVD=-99388 > Ref=62008? | POC=1261.40 | VAL=1259.30
2026-01-27 13:10:24,979 [INFO]     Scanning NSE:KPITTECH-EQ (5min) | Range 13:00-14:00 | Price=1100.90 > VAH=1100.45? | CVD=154638 > Ref=11686? | POC=1098.50 | VAL=1097.20
2026-01-27 13:10:25,040 [INFO]     Scanning NSE:LODHA-EQ (5min) | Range 13:00-14:00 | Price=891.50 > VAH=892.00? | CVD=594612 > Ref=44807? | POC=885.60 | VAL=885.60
2026-01-27 13:10:25,149 [INFO]     Scanning NSE:HDFCLIFE-EQ (5min) | Range 13:00-14:00 | Price=717.35 > VAH=716.25? | CVD=-77981 > Ref=17111? | POC=715.75 | VAL=714.75
2026-01-27 13:10:25,242 [INFO]     Scanning NSE:INDHOTEL-EQ (5min) | Range 13:00-14:00 | Price=644.05 > VAH=644.20? | CVD=-211822 > Ref=64541? | POC=644.00 | VAL=644.00
2026-01-27 13:10:25,350 [INFO]     Scanning NSE:ICICIPRULI-EQ (5min) | Range 13:00-14:00 | Price=642.40 > VAH=642.45? | CVD=68624 > Ref=24713? | POC=642.35 | VAL=642.35
2026-01-27 13:10:25,425 [INFO]     Scanning NSE:IRCTC-EQ (5min) | Range 13:00-14:00 | Price=604.90 > VAH=604.50? | CVD=-176490 > Ref=7628? | POC=604.20 | VAL=603.75
2026-01-27 13:10:25,533 [INFO]     Scanning NSE:CGPOWER-EQ (5min) | Range 13:00-14:00 | Price=540.30 > VAH=541.00? | CVD=445970 > Ref=295533? | POC=540.60 | VAL=540.20
2026-01-27 13:10:25,643 [INFO]     Scanning NSE:LICHSGFIN-EQ (5min) | Range 13:00-14:00 | Price=505.50 > VAH=505.60? | CVD=44084 > Ref=41287? | POC=505.40 | VAL=505.10
2026-01-27 13:10:25,747 [INFO]     Scanning NSE:CONCOR-EQ (5min) | Range 13:00-14:00 | Price=480.25 > VAH=479.80? | CVD=100452 > Ref=15532? | POC=479.80 | VAL=478.80
2026-01-27 13:10:25,819 [INFO]     Scanning NSE:LTF-EQ (5min) | Range 13:00-14:00 | Price=283.70 > VAH=284.25? | CVD=-57701 > Ref=2752? | POC=283.50 | VAL=283.35
2026-01-27 13:10:25,880 [INFO]     Scanning NSE:NYKAA-EQ (5min) | Range 13:00-14:00 | Price=234.65 > VAH=234.60? | CVD=350800 > Ref=106592? | POC=234.40 | VAL=234.30
2026-01-27 13:10:25,979 [INFO]     Scanning NSE:ASHOKLEY-EQ (5min) | Range 13:00-14:00 | Price=190.04 > VAH=190.05? | CVD=-272710 > Ref=312825? | POC=189.95 | VAL=189.80
2026-01-27 13:10:26,073 [INFO]     Scanning NSE:GAIL-EQ (5min) | Range 13:00-14:00 | Price=158.82 > VAH=158.85? | CVD=-6079285 > Ref=152319? | POC=158.75 | VAL=158.65
2026-01-27 13:10:26,180 [INFO]     Scanning NSE:IEX-EQ (5min) | Range 13:00-14:00 | Price=126.53 > VAH=127.40? | CVD=407961 > Ref=0? | POC=127.00 | VAL=126.50
2026-01-27 13:10:26,288 [INFO]     Scanning NSE:INOXWIND-EQ (5min) | Range 13:00-14:00 | Price=103.99 > VAH=104.05? | CVD=183868 > Ref=42362? | POC=104.00 | VAL=103.95
2026-01-27 13:10:26,364 [INFO]     Scanning NSE:NBCC-EQ (5min) | Range 13:00-14:00 | Price=95.23 > VAH=95.10? | CVD=445053 > Ref=195713? | POC=95.10 | VAL=95.00
2026-01-27 13:10:44,048 [INFO] 🔍 Scanning for alerts on 14 symbols (5min)...
2026-01-27 13:10:44,167 [INFO]     Scanning NSE:AMBER-EQ (5min) | Range 09:35-10:35 | Price=5437.50 > VAH=5468.40? | CVD=-32653 > Ref=0? | POC=5459.10 | VAL=5412.60
2026-01-27 13:10:44,292 [INFO]     Scanning NSE:MANKIND-EQ (5min) | Range 09:35-10:35 | Price=2084.10 > VAH=2084.00? | CVD=-40191 > Ref=5023? | POC=2084.00 | VAL=2078.00
2026-01-27 13:10:44,378 [INFO]     Scanning NSE:MFSL-EQ (5min) | Range 09:35-10:35 | Price=1590.80 > VAH=1593.60? | CVD=56562 > Ref=2550? | POC=1590.00 | VAL=1587.60
2026-01-27 13:10:44,492 [INFO]     Scanning NSE:RELIANCE-EQ (5min) | Range 09:35-10:35 | Price=1386.20 > VAH=1388.10? | CVD=-344366 > Ref=55368? | POC=1382.85 | VAL=1381.80
2026-01-27 13:10:44,602 [INFO]     Scanning NSE:KPITTECH-EQ (5min) | Range 09:35-10:35 | Price=1100.90 > VAH=1112.25? | CVD=154638 > Ref=11686? | POC=1111.50 | VAL=1110.00
2026-01-27 13:10:44,676 [INFO]     Scanning NSE:LODHA-EQ (5min) | Range 09:35-10:35 | Price=891.50 > VAH=874.35? | CVD=594612 > Ref=44807? | POC=874.35 | VAL=868.55
2026-01-27 13:10:44,741 [INFO]     Scanning NSE:HDFCLIFE-EQ (5min) | Range 09:35-10:35 | Price=717.35 > VAH=714.50? | CVD=-77981 > Ref=17111? | POC=713.50 | VAL=712.50
2026-01-27 13:10:44,848 [INFO]     Scanning NSE:INDHOTEL-EQ (5min) | Range 09:35-10:35 | Price=644.05 > VAH=641.90? | CVD=-211822 > Ref=64541? | POC=641.20 | VAL=640.50
2026-01-27 13:10:44,943 [INFO]     Scanning NSE:ICICIPRULI-EQ (5min) | Range 09:35-10:35 | Price=642.40 > VAH=640.50? | CVD=68624 > Ref=24713? | POC=640.50 | VAL=634.90
2026-01-27 13:10:45,015 [INFO]     Scanning NSE:CGPOWER-EQ (5min) | Range 09:35-10:35 | Price=540.30 > VAH=546.70? | CVD=445970 > Ref=295533? | POC=546.70 | VAL=544.50
2026-01-27 13:10:45,084 [INFO]     Scanning NSE:CONCOR-EQ (5min) | Range 09:35-10:35 | Price=480.25 > VAH=480.90? | CVD=100452 > Ref=15532? | POC=480.20 | VAL=474.60
2026-01-27 13:10:45,190 [INFO]     Scanning NSE:NYKAA-EQ (5min) | Range 09:35-10:35 | Price=234.65 > VAH=236.50? | CVD=350800 > Ref=106592? | POC=235.25 | VAL=235.25
2026-01-27 13:10:45,271 [INFO]     Scanning NSE:INOXWIND-EQ (5min) | Range 09:35-10:35 | Price=103.99 > VAH=103.50? | CVD=183868 > Ref=42362? | POC=103.40 | VAL=102.90
2026-01-27 13:10:45,354 [INFO]     Scanning NSE:NBCC-EQ (5min) | Range 09:35-10:35 | Price=95.23 > VAH=95.75? | CVD=445053 > Ref=195713? | POC=95.70 | VAL=95.40
2026-01-27 13:11:26,365 [INFO] 🔍 Scanning for alerts on 23 symbols (5min)...
2026-01-27 13:11:26,472 [INFO]     Scanning NSE:AMBER-EQ (5min) | Range 13:00-14:00 | Price=5429.50 > VAH=5436.60? | CVD=-34778 > Ref=0? | POC=5428.80 | VAL=5424.90
2026-01-27 13:11:26,582 [INFO]     Scanning NSE:DMART-EQ (5min) | Range 13:00-14:00 | Price=3670.70 > VAH=3670.50? | CVD=-18035 > Ref=1814? | POC=3657.00 | VAL=3657.00
2026-01-27 13:11:26,687 [INFO]     Scanning NSE:KAYNES-EQ (5min) | Range 13:00-14:00 | Price=3337.90 > VAH=3341.25? | CVD=-59138 > Ref=7461? | POC=3337.95 | VAL=3333.00
2026-01-27 13:11:26,802 [INFO]     Scanning NSE:MFSL-EQ (5min) | Range 13:00-14:00 | Price=1589.20 > VAH=1591.80? | CVD=55593 > Ref=2550? | POC=1590.60 | VAL=1588.80
2026-01-27 13:11:26,908 [INFO]     Scanning NSE:RELIANCE-EQ (5min) | Range 13:00-14:00 | Price=1385.00 > VAH=1384.95? | CVD=-434867 > Ref=55368? | POC=1383.20 | VAL=1383.20
2026-01-27 13:11:26,982 [INFO] 🚀 [STRATEGY ALERT] NSE:CDSL-EQ (5min) triggered at 13:10!
2026-01-27 13:11:26,982 [INFO]     ✅ Price: 1313.00 < FRVP VAL: 1313.40
2026-01-27 13:11:26,984 [INFO]     ✅ CVD:   -169272 < CVD Ref:  5912
2026-01-27 13:11:26,985 [INFO]     ℹ️  FRVP Info: POC=1314.00, VAL=1313.40
2026-01-27 13:11:26,986 [INFO]     Scanning NSE:CDSL-EQ (5min) | Range 13:00-14:00 | Price=1313.00 > VAH=1315.80? | CVD=-169272 > Ref=5912? | POC=1314.00 | VAL=1313.40
2026-01-27 13:11:27,097 [INFO]     Scanning NSE:NUVAMA-EQ (5min) | Range 13:00-14:00 | Price=1261.90 > VAH=1262.80? | CVD=-100498 > Ref=62008? | POC=1261.40 | VAL=1259.30
2026-01-27 13:11:27,166 [INFO]     Scanning NSE:KPITTECH-EQ (5min) | Range 13:00-14:00 | Price=1100.90 > VAH=1100.45? | CVD=154510 > Ref=11686? | POC=1098.50 | VAL=1097.20
2026-01-27 13:11:27,276 [INFO]     Scanning NSE:LODHA-EQ (5min) | Range 13:00-14:00 | Price=891.00 > VAH=892.00? | CVD=590578 > Ref=44807? | POC=885.60 | VAL=885.60
2026-01-27 13:11:27,366 [INFO]     Scanning NSE:HDFCLIFE-EQ (5min) | Range 13:00-14:00 | Price=716.45 > VAH=716.50? | CVD=-79346 > Ref=17111? | POC=715.75 | VAL=715.00
2026-01-27 13:11:27,468 [INFO]     Scanning NSE:INDHOTEL-EQ (5min) | Range 13:00-14:00 | Price=644.05 > VAH=644.10? | CVD=-168921 > Ref=64541? | POC=643.95 | VAL=643.50
2026-01-27 13:11:27,556 [INFO]     Scanning NSE:ICICIPRULI-EQ (5min) | Range 13:00-14:00 | Price=640.85 > VAH=642.40? | CVD=57791 > Ref=24713? | POC=642.20 | VAL=642.00
2026-01-27 13:11:27,662 [INFO]     Scanning NSE:IRCTC-EQ (5min) | Range 13:00-14:00 | Price=604.85 > VAH=604.65? | CVD=-178181 > Ref=7628? | POC=604.20 | VAL=603.75
2026-01-27 13:11:27,734 [INFO]     Scanning NSE:CGPOWER-EQ (5min) | Range 13:00-14:00 | Price=539.80 > VAH=541.00? | CVD=425839 > Ref=295533? | POC=540.25 | VAL=540.00
2026-01-27 13:11:27,826 [INFO]     Scanning NSE:LICHSGFIN-EQ (5min) | Range 13:00-14:00 | Price=505.30 > VAH=505.60? | CVD=24815 > Ref=41287? | POC=505.40 | VAL=505.20
2026-01-27 13:11:27,929 [INFO]     Scanning NSE:CONCOR-EQ (5min) | Range 13:00-14:00 | Price=480.30 > VAH=479.80? | CVD=102333 > Ref=15532? | POC=479.80 | VAL=478.80
2026-01-27 13:11:28,009 [INFO]     Scanning NSE:LTF-EQ (5min) | Range 13:00-14:00 | Price=283.60 > VAH=284.25? | CVD=-64316 > Ref=2752? | POC=283.50 | VAL=283.35
2026-01-27 13:11:28,093 [INFO]     Scanning NSE:NYKAA-EQ (5min) | Range 13:00-14:00 | Price=234.50 > VAH=234.65? | CVD=343545 > Ref=106592? | POC=234.40 | VAL=234.35
2026-01-27 13:11:28,189 [INFO]     Scanning NSE:ASHOKLEY-EQ (5min) | Range 13:00-14:00 | Price=190.25 > VAH=190.05? | CVD=-260383 > Ref=312825? | POC=189.95 | VAL=189.80
2026-01-27 13:11:28,305 [INFO]     Scanning NSE:GAIL-EQ (5min) | Range 13:00-14:00 | Price=158.71 > VAH=158.80? | CVD=-6111881 > Ref=152319? | POC=158.75 | VAL=158.65
2026-01-27 13:11:28,410 [INFO]     Scanning NSE:IEX-EQ (5min) | Range 13:00-14:00 | Price=126.42 > VAH=127.40? | CVD=364225 > Ref=0? | POC=126.50 | VAL=126.50
2026-01-27 13:11:28,514 [INFO]     Scanning NSE:INOXWIND-EQ (5min) | Range 13:00-14:00 | Price=104.00 > VAH=104.05? | CVD=80151 > Ref=42362? | POC=104.00 | VAL=103.95
2026-01-27 13:11:28,622 [INFO]     Scanning NSE:NBCC-EQ (5min) | Range 13:00-14:00 | Price=95.19 > VAH=95.10? | CVD=437286 > Ref=195713? | POC=95.10 | VAL=95.00
2026-01-27 13:11:45,356 [INFO] 🔍 Scanning for alerts on 14 symbols (5min)...
2026-01-27 13:11:45,480 [INFO]     Scanning NSE:AMBER-EQ (5min) | Range 09:35-10:35 | Price=5429.50 > VAH=5468.40? | CVD=-34778 > Ref=0? | POC=5459.10 | VAL=5412.60
2026-01-27 13:11:45,609 [INFO]     Scanning NSE:MANKIND-EQ (5min) | Range 09:35-10:35 | Price=2084.70 > VAH=2084.00? | CVD=-39583 > Ref=5023? | POC=2084.00 | VAL=2078.00
2026-01-27 13:11:45,721 [INFO]     Scanning NSE:MFSL-EQ (5min) | Range 09:35-10:35 | Price=1589.20 > VAH=1593.60? | CVD=55593 > Ref=2550? | POC=1590.00 | VAL=1587.60
2026-01-27 13:11:45,833 [INFO]     Scanning NSE:RELIANCE-EQ (5min) | Range 09:35-10:35 | Price=1385.00 > VAH=1388.10? | CVD=-434867 > Ref=55368? | POC=1382.85 | VAL=1381.80
2026-01-27 13:11:45,946 [INFO]     Scanning NSE:KPITTECH-EQ (5min) | Range 09:35-10:35 | Price=1100.90 > VAH=1112.25? | CVD=154510 > Ref=11686? | POC=1111.50 | VAL=1110.00
2026-01-27 13:11:46,063 [INFO]     Scanning NSE:LODHA-EQ (5min) | Range 09:35-10:35 | Price=891.00 > VAH=874.35? | CVD=590578 > Ref=44807? | POC=874.35 | VAL=868.55
2026-01-27 13:11:46,174 [INFO]     Scanning NSE:HDFCLIFE-EQ (5min) | Range 09:35-10:35 | Price=716.45 > VAH=714.50? | CVD=-79346 > Ref=17111? | POC=713.50 | VAL=712.50
2026-01-27 13:11:46,291 [INFO]     Scanning NSE:INDHOTEL-EQ (5min) | Range 09:35-10:35 | Price=644.05 > VAH=641.90? | CVD=-168921 > Ref=64541? | POC=641.20 | VAL=640.50
2026-01-27 13:11:46,393 [INFO]     Scanning NSE:ICICIPRULI-EQ (5min) | Range 09:35-10:35 | Price=640.85 > VAH=640.50? | CVD=57791 > Ref=24713? | POC=640.50 | VAL=634.90
2026-01-27 13:11:46,501 [INFO]     Scanning NSE:CGPOWER-EQ (5min) | Range 09:35-10:35 | Price=539.80 > VAH=546.70? | CVD=425839 > Ref=295533? | POC=546.70 | VAL=544.50
2026-01-27 13:11:46,613 [INFO]     Scanning NSE:CONCOR-EQ (5min) | Range 09:35-10:35 | Price=480.30 > VAH=480.90? | CVD=102333 > Ref=15532? | POC=480.20 | VAL=474.60
2026-01-27 13:11:46,745 [INFO]     Scanning NSE:NYKAA-EQ (5min) | Range 09:35-10:35 | Price=234.50 > VAH=236.50? | CVD=343545 > Ref=106592? | POC=235.25 | VAL=235.25
2026-01-27 13:11:46,838 [INFO]     Scanning NSE:INOXWIND-EQ (5min) | Range 09:35-10:35 | Price=104.00 > VAH=103.50? | CVD=80151 > Ref=42362? | POC=103.40 | VAL=102.90
2026-01-27 13:11:46,907 [INFO]     Scanning NSE:NBCC-EQ (5min) | Range 09:35-10:35 | Price=95.19 > VAH=95.75? | CVD=437286 > Ref=195713? | POC=95.70 | VAL=95.40
2026-01-27 13:12:28,624 [INFO] 🔍 Scanning for alerts on 22 symbols (5min)...
2026-01-27 13:12:28,733 [INFO]     Scanning NSE:AMBER-EQ (5min) | Range 13:00-14:00 | Price=5430.00 > VAH=5436.60? | CVD=-33678 > Ref=0? | POC=5428.80 | VAL=5424.90
2026-01-27 13:12:28,849 [INFO]     Scanning NSE:DMART-EQ (5min) | Range 13:00-14:00 | Price=3670.90 > VAH=3670.50? | CVD=-18355 > Ref=1814? | POC=3657.00 | VAL=3657.00
2026-01-27 13:12:28,955 [INFO]     Scanning NSE:KAYNES-EQ (5min) | Range 13:00-14:00 | Price=3333.20 > VAH=3337.95? | CVD=-59970 > Ref=7461? | POC=3336.30 | VAL=3333.00
2026-01-27 13:12:29,026 [INFO]     Scanning NSE:MFSL-EQ (5min) | Range 13:00-14:00 | Price=1587.80 > VAH=1591.20? | CVD=54868 > Ref=2550? | POC=1590.55 | VAL=1587.95
2026-01-27 13:12:29,087 [INFO]     Scanning NSE:RELIANCE-EQ (5min) | Range 13:00-14:00 | Price=1384.90 > VAH=1384.95? | CVD=-469759 > Ref=55368? | POC=1383.20 | VAL=1383.20
2026-01-27 13:12:29,190 [INFO]     Scanning NSE:NUVAMA-EQ (5min) | Range 13:00-14:00 | Price=1261.40 > VAH=1262.80? | CVD=-100675 > Ref=62008? | POC=1261.40 | VAL=1259.30
2026-01-27 13:12:29,265 [INFO]     Scanning NSE:KPITTECH-EQ (5min) | Range 13:00-14:00 | Price=1100.80 > VAH=1100.45? | CVD=153552 > Ref=11686? | POC=1098.50 | VAL=1097.20
2026-01-27 13:12:29,327 [INFO]     Scanning NSE:LODHA-EQ (5min) | Range 13:00-14:00 | Price=890.60 > VAH=892.00? | CVD=586046 > Ref=44807? | POC=891.20 | VAL=885.60
2026-01-27 13:12:29,397 [INFO]     Scanning NSE:HDFCLIFE-EQ (5min) | Range 13:00-14:00 | Price=716.00 > VAH=716.50? | CVD=-83507 > Ref=17111? | POC=715.75 | VAL=715.00
2026-01-27 13:12:29,467 [INFO]     Scanning NSE:INDHOTEL-EQ (5min) | Range 13:00-14:00 | Price=644.00 > VAH=644.10? | CVD=-171347 > Ref=64541? | POC=643.95 | VAL=643.50
2026-01-27 13:12:29,548 [INFO]     Scanning NSE:ICICIPRULI-EQ (5min) | Range 13:00-14:00 | Price=640.75 > VAH=642.40? | CVD=55593 > Ref=24713? | POC=642.20 | VAL=640.80
2026-01-27 13:12:29,643 [INFO]     Scanning NSE:IRCTC-EQ (5min) | Range 13:00-14:00 | Price=604.70 > VAH=604.65? | CVD=-179057 > Ref=7628? | POC=604.20 | VAL=603.75
2026-01-27 13:12:29,722 [INFO]     Scanning NSE:CGPOWER-EQ (5min) | Range 13:00-14:00 | Price=539.30 > VAH=540.90? | CVD=395405 > Ref=295533? | POC=540.30 | VAL=539.70
2026-01-27 13:12:29,828 [INFO]     Scanning NSE:LICHSGFIN-EQ (5min) | Range 13:00-14:00 | Price=505.35 > VAH=505.60? | CVD=29711 > Ref=41287? | POC=505.40 | VAL=505.20
2026-01-27 13:12:29,900 [INFO]     Scanning NSE:CONCOR-EQ (5min) | Range 13:00-14:00 | Price=480.40 > VAH=479.80? | CVD=103126 > Ref=15532? | POC=479.80 | VAL=478.80
2026-01-27 13:12:29,962 [INFO]     Scanning NSE:LTF-EQ (5min) | Range 13:00-14:00 | Price=283.20 > VAH=283.80? | CVD=-71111 > Ref=2752? | POC=283.50 | VAL=283.05
2026-01-27 13:12:30,030 [INFO]     Scanning NSE:NYKAA-EQ (5min) | Range 13:00-14:00 | Price=234.40 > VAH=234.60? | CVD=339536 > Ref=106592? | POC=234.40 | VAL=234.30
2026-01-27 13:12:30,161 [INFO]     Scanning NSE:ASHOKLEY-EQ (5min) | Range 13:00-14:00 | Price=190.50 > VAH=190.00? | CVD=-209728 > Ref=312825? | POC=189.90 | VAL=189.80
2026-01-27 13:12:30,281 [INFO] 🚀 [STRATEGY ALERT] NSE:GAIL-EQ (5min) triggered at 13:10!
2026-01-27 13:12:30,282 [INFO]     ✅ Price: 158.64 < FRVP VAL: 158.65
2026-01-27 13:12:30,282 [INFO]     ✅ CVD:   -6130365 < CVD Ref:  152319
2026-01-27 13:12:30,283 [INFO]     ℹ️  FRVP Info: POC=158.75, VAL=158.65
2026-01-27 13:12:30,283 [INFO]     Scanning NSE:GAIL-EQ (5min) | Range 13:00-14:00 | Price=158.64 > VAH=158.80? | CVD=-6130365 > Ref=152319? | POC=158.75 | VAL=158.65
2026-01-27 13:12:30,408 [INFO]     Scanning NSE:IEX-EQ (5min) | Range 13:00-14:00 | Price=126.36 > VAH=127.40? | CVD=342319 > Ref=0? | POC=126.50 | VAL=126.40
2026-01-27 13:12:30,509 [INFO]     Scanning NSE:INOXWIND-EQ (5min) | Range 13:00-14:00 | Price=104.01 > VAH=104.00? | CVD=137912 > Ref=42362? | POC=104.00 | VAL=103.95
2026-01-27 13:12:30,616 [INFO]     Scanning NSE:NBCC-EQ (5min) | Range 13:00-14:00 | Price=95.17 > VAH=95.10? | CVD=424001 > Ref=195713? | POC=95.10 | VAL=95.00
2026-01-27 13:12:46,909 [INFO] 🔍 Scanning for alerts on 14 symbols (5min)...
2026-01-27 13:12:47,016 [INFO]     Scanning NSE:AMBER-EQ (5min) | Range 09:35-10:35 | Price=5430.00 > VAH=5468.40? | CVD=-33678 > Ref=0? | POC=5459.10 | VAL=5412.60
2026-01-27 13:12:47,145 [INFO]     Scanning NSE:MANKIND-EQ (5min) | Range 09:35-10:35 | Price=2083.20 > VAH=2084.00? | CVD=-39967 > Ref=5023? | POC=2084.00 | VAL=2078.00
2026-01-27 13:12:47,247 [INFO]     Scanning NSE:MFSL-EQ (5min) | Range 09:35-10:35 | Price=1587.80 > VAH=1593.60? | CVD=54868 > Ref=2550? | POC=1590.00 | VAL=1587.60
2026-01-27 13:12:47,360 [INFO]     Scanning NSE:RELIANCE-EQ (5min) | Range 09:35-10:35 | Price=1384.90 > VAH=1388.10? | CVD=-469759 > Ref=55368? | POC=1382.85 | VAL=1381.80
2026-01-27 13:12:47,472 [INFO]     Scanning NSE:KPITTECH-EQ (5min) | Range 09:35-10:35 | Price=1100.80 > VAH=1112.25? | CVD=153552 > Ref=11686? | POC=1111.50 | VAL=1110.00
2026-01-27 13:12:47,580 [INFO]     Scanning NSE:LODHA-EQ (5min) | Range 09:35-10:35 | Price=890.60 > VAH=874.35? | CVD=586046 > Ref=44807? | POC=874.35 | VAL=868.55
2026-01-27 13:12:47,662 [INFO]     Scanning NSE:HDFCLIFE-EQ (5min) | Range 09:35-10:35 | Price=716.00 > VAH=714.50? | CVD=-83507 > Ref=17111? | POC=713.50 | VAL=712.50
2026-01-27 13:12:47,729 [INFO]     Scanning NSE:INDHOTEL-EQ (5min) | Range 09:35-10:35 | Price=644.00 > VAH=641.90? | CVD=-171347 > Ref=64541? | POC=641.20 | VAL=640.50
2026-01-27 13:12:47,839 [INFO]     Scanning NSE:ICICIPRULI-EQ (5min) | Range 09:35-10:35 | Price=640.75 > VAH=640.50? | CVD=55593 > Ref=24713? | POC=640.50 | VAL=634.90
2026-01-27 13:12:47,951 [INFO]     Scanning NSE:CGPOWER-EQ (5min) | Range 09:35-10:35 | Price=539.30 > VAH=546.70? | CVD=395405 > Ref=295533? | POC=546.70 | VAL=544.50
2026-01-27 13:12:48,058 [INFO]     Scanning NSE:CONCOR-EQ (5min) | Range 09:35-10:35 | Price=480.40 > VAH=480.90? | CVD=103126 > Ref=15532? | POC=480.20 | VAL=474.60
2026-01-27 13:12:48,165 [INFO]     Scanning NSE:NYKAA-EQ (5min) | Range 09:35-10:35 | Price=234.40 > VAH=236.50? | CVD=339536 > Ref=106592? | POC=235.25 | VAL=235.25
2026-01-27 13:12:48,238 [INFO]     Scanning NSE:INOXWIND-EQ (5min) | Range 09:35-10:35 | Price=104.01 > VAH=103.50? | CVD=137912 > Ref=42362? | POC=103.40 | VAL=102.90
2026-01-27 13:12:48,349 [INFO]     Scanning NSE:NBCC-EQ (5min) | Range 09:35-10:35 | Price=95.17 > VAH=95.75? | CVD=424001 > Ref=195713? | POC=95.70 | VAL=95.40
2026-01-27 13:13:30,618 [INFO] 🔍 Scanning for alerts on 21 symbols (5min)...
2026-01-27 13:13:30,725 [INFO]     Scanning NSE:AMBER-EQ (5min) | Range 13:00-14:00 | Price=5430.00 > VAH=5430.75? | CVD=-32065 > Ref=0? | POC=5428.80 | VAL=5424.90
2026-01-27 13:13:30,796 [INFO]     Scanning NSE:DMART-EQ (5min) | Range 13:00-14:00 | Price=3671.40 > VAH=3670.50? | CVD=-17447 > Ref=1814? | POC=3657.00 | VAL=3657.00
2026-01-27 13:13:30,855 [INFO]     Scanning NSE:KAYNES-EQ (5min) | Range 13:00-14:00 | Price=3336.90 > VAH=3337.95? | CVD=-59122 > Ref=7461? | POC=3336.30 | VAL=3333.00
2026-01-27 13:13:30,946 [INFO]     Scanning NSE:MFSL-EQ (5min) | Range 13:00-14:00 | Price=1587.80 > VAH=1591.85? | CVD=54238 > Ref=2550? | POC=1590.55 | VAL=1587.95
2026-01-27 13:13:31,053 [INFO]     Scanning NSE:RELIANCE-EQ (5min) | Range 13:00-14:00 | Price=1385.00 > VAH=1384.95? | CVD=-446111 > Ref=55368? | POC=1383.20 | VAL=1383.20
2026-01-27 13:13:31,159 [INFO]     Scanning NSE:NUVAMA-EQ (5min) | Range 13:00-14:00 | Price=1261.60 > VAH=1262.80? | CVD=-100383 > Ref=62008? | POC=1261.40 | VAL=1259.30
2026-01-27 13:13:31,267 [INFO]     Scanning NSE:KPITTECH-EQ (5min) | Range 13:00-14:00 | Price=1100.00 > VAH=1100.45? | CVD=153409 > Ref=11686? | POC=1099.80 | VAL=1097.20
2026-01-27 13:13:31,342 [INFO]     Scanning NSE:LODHA-EQ (5min) | Range 13:00-14:00 | Price=890.30 > VAH=892.00? | CVD=581315 > Ref=44807? | POC=891.20 | VAL=885.60
2026-01-27 13:13:31,403 [INFO]     Scanning NSE:HDFCLIFE-EQ (5min) | Range 13:00-14:00 | Price=716.10 > VAH=716.25? | CVD=-100481 > Ref=17111? | POC=715.75 | VAL=715.00
2026-01-27 13:13:31,470 [INFO]     Scanning NSE:INDHOTEL-EQ (5min) | Range 13:00-14:00 | Price=644.05 > VAH=644.10? | CVD=-166773 > Ref=64541? | POC=643.95 | VAL=643.50
2026-01-27 13:13:31,595 [INFO]     Scanning NSE:ICICIPRULI-EQ (5min) | Range 13:00-14:00 | Price=640.90 > VAH=642.40? | CVD=56644 > Ref=24713? | POC=642.20 | VAL=640.80
2026-01-27 13:13:31,700 [INFO]     Scanning NSE:IRCTC-EQ (5min) | Range 13:00-14:00 | Price=604.80 > VAH=604.65? | CVD=-177629 > Ref=7628? | POC=604.20 | VAL=603.75
2026-01-27 13:13:31,773 [INFO]     Scanning NSE:CGPOWER-EQ (5min) | Range 13:00-14:00 | Price=539.30 > VAH=540.80? | CVD=330692 > Ref=295533? | POC=540.00 | VAL=538.80
2026-01-27 13:13:31,838 [INFO]     Scanning NSE:LICHSGFIN-EQ (5min) | Range 13:00-14:00 | Price=505.60 > VAH=505.60? | CVD=37606 > Ref=41287? | POC=505.40 | VAL=505.20
2026-01-27 13:13:31,945 [INFO]     Scanning NSE:CONCOR-EQ (5min) | Range 13:00-14:00 | Price=480.60 > VAH=480.00? | CVD=105903 > Ref=15532? | POC=480.00 | VAL=478.50
2026-01-27 13:13:32,067 [INFO]     Scanning NSE:LTF-EQ (5min) | Range 13:00-14:00 | Price=283.20 > VAH=283.80? | CVD=-75786 > Ref=2752? | POC=283.50 | VAL=283.05
2026-01-27 13:13:32,174 [INFO]     Scanning NSE:NYKAA-EQ (5min) | Range 13:00-14:00 | Price=234.30 > VAH=234.60? | CVD=335262 > Ref=106592? | POC=234.40 | VAL=234.30
2026-01-27 13:13:32,329 [INFO]     Scanning NSE:ASHOKLEY-EQ (5min) | Range 13:00-14:00 | Price=190.60 > VAH=190.00? | CVD=-149306 > Ref=312825? | POC=189.90 | VAL=189.80
2026-01-27 13:13:32,394 [INFO]     Scanning NSE:IEX-EQ (5min) | Range 13:00-14:00 | Price=126.82 > VAH=127.30? | CVD=408506 > Ref=0? | POC=126.50 | VAL=126.40
2026-01-27 13:13:32,493 [INFO]     Scanning NSE:INOXWIND-EQ (5min) | Range 13:00-14:00 | Price=103.73 > VAH=104.05? | CVD=104689 > Ref=42362? | POC=104.00 | VAL=103.95
2026-01-27 13:13:32,580 [INFO]     Scanning NSE:NBCC-EQ (5min) | Range 13:00-14:00 | Price=95.16 > VAH=95.10? | CVD=413400 > Ref=195713? | POC=95.10 | VAL=95.00
2026-01-27 13:13:48,351 [INFO] 🔍 Scanning for alerts on 14 symbols (5min)...
2026-01-27 13:13:48,458 [INFO]     Scanning NSE:AMBER-EQ (5min) | Range 09:35-10:35 | Price=5430.00 > VAH=5468.40? | CVD=-32065 > Ref=0? | POC=5459.10 | VAL=5412.60
2026-01-27 13:13:48,535 [INFO]     Scanning NSE:MANKIND-EQ (5min) | Range 09:35-10:35 | Price=2083.50 > VAH=2084.00? | CVD=-39828 > Ref=5023? | POC=2084.00 | VAL=2078.00
2026-01-27 13:13:48,645 [INFO]     Scanning NSE:MFSL-EQ (5min) | Range 09:35-10:35 | Price=1587.80 > VAH=1593.60? | CVD=54238 > Ref=2550? | POC=1590.00 | VAL=1587.60
2026-01-27 13:13:48,731 [INFO]     Scanning NSE:RELIANCE-EQ (5min) | Range 09:35-10:35 | Price=1385.00 > VAH=1388.10? | CVD=-446111 > Ref=55368? | POC=1382.85 | VAL=1381.80
2026-01-27 13:13:48,842 [INFO]     Scanning NSE:KPITTECH-EQ (5min) | Range 09:35-10:35 | Price=1100.00 > VAH=1112.25? | CVD=153409 > Ref=11686? | POC=1111.50 | VAL=1110.00
2026-01-27 13:13:48,956 [INFO]     Scanning NSE:LODHA-EQ (5min) | Range 09:35-10:35 | Price=890.30 > VAH=874.35? | CVD=581315 > Ref=44807? | POC=874.35 | VAL=868.55
2026-01-27 13:13:49,030 [INFO]     Scanning NSE:HDFCLIFE-EQ (5min) | Range 09:35-10:35 | Price=716.10 > VAH=714.50? | CVD=-100481 > Ref=17111? | POC=713.50 | VAL=712.50
2026-01-27 13:13:49,147 [INFO]     Scanning NSE:INDHOTEL-EQ (5min) | Range 09:35-10:35 | Price=644.05 > VAH=641.90? | CVD=-166773 > Ref=64541? | POC=641.20 | VAL=640.50
2026-01-27 13:13:49,265 [INFO]     Scanning NSE:ICICIPRULI-EQ (5min) | Range 09:35-10:35 | Price=640.90 > VAH=640.50? | CVD=56644 > Ref=24713? | POC=640.50 | VAL=634.90
2026-01-27 13:13:49,396 [INFO]     Scanning NSE:CGPOWER-EQ (5min) | Range 09:35-10:35 | Price=539.30 > VAH=546.70? | CVD=330692 > Ref=295533? | POC=546.70 | VAL=544.50
2026-01-27 13:13:49,517 [INFO]     Scanning NSE:CONCOR-EQ (5min) | Range 09:35-10:35 | Price=480.60 > VAH=480.90? | CVD=105903 > Ref=15532? | POC=480.20 | VAL=474.60
2026-01-27 13:13:49,636 [INFO]     Scanning NSE:NYKAA-EQ (5min) | Range 09:35-10:35 | Price=234.30 > VAH=236.50? | CVD=335262 > Ref=106592? | POC=235.25 | VAL=235.25
2026-01-27 13:13:49,743 [INFO]     Scanning NSE:INOXWIND-EQ (5min) | Range 09:35-10:35 | Price=103.73 > VAH=103.50? | CVD=104689 > Ref=42362? | POC=103.40 | VAL=102.90
2026-01-27 13:13:49,816 [INFO]     Scanning NSE:NBCC-EQ (5min) | Range 09:35-10:35 | Price=95.16 > VAH=95.75? | CVD=413400 > Ref=195713? | POC=95.70 | VAL=95.40
2026-01-27 13:14:32,581 [INFO] 🔍 Scanning for alerts on 21 symbols (5min)...
2026-01-27 13:14:32,687 [INFO]     Scanning NSE:AMBER-EQ (5min) | Range 13:00-14:00 | Price=5428.50 > VAH=5430.75? | CVD=-32848 > Ref=0? | POC=5428.80 | VAL=5424.90
2026-01-27 13:14:32,795 [INFO]     Scanning NSE:DMART-EQ (5min) | Range 13:00-14:00 | Price=3672.10 > VAH=3670.50? | CVD=-17028 > Ref=1814? | POC=3657.00 | VAL=3657.00
2026-01-27 13:14:32,906 [INFO]     Scanning NSE:KAYNES-EQ (5min) | Range 13:00-14:00 | Price=3337.00 > VAH=3337.95? | CVD=-58920 > Ref=7461? | POC=3336.30 | VAL=3333.00
2026-01-27 13:14:32,995 [INFO]     Scanning NSE:MFSL-EQ (5min) | Range 13:00-14:00 | Price=1587.80 > VAH=1591.20? | CVD=53997 > Ref=2550? | POC=1590.55 | VAL=1587.30
2026-01-27 13:14:33,100 [INFO]     Scanning NSE:RELIANCE-EQ (5min) | Range 13:00-14:00 | Price=1385.00 > VAH=1384.95? | CVD=-430772 > Ref=55368? | POC=1383.90 | VAL=1383.20
2026-01-27 13:14:33,187 [INFO]     Scanning NSE:NUVAMA-EQ (5min) | Range 13:00-14:00 | Price=1261.40 > VAH=1262.80? | CVD=-100501 > Ref=62008? | POC=1261.40 | VAL=1259.30
2026-01-27 13:14:33,262 [INFO]     Scanning NSE:KPITTECH-EQ (5min) | Range 13:00-14:00 | Price=1100.60 > VAH=1100.45? | CVD=153539 > Ref=11686? | POC=1099.80 | VAL=1097.20
2026-01-27 13:14:33,384 [INFO]     Scanning NSE:LODHA-EQ (5min) | Range 13:00-14:00 | Price=890.00 > VAH=892.00? | CVD=578366 > Ref=44807? | POC=891.20 | VAL=885.60
2026-01-27 13:14:33,492 [INFO]     Scanning NSE:HDFCLIFE-EQ (5min) | Range 13:00-14:00 | Price=716.40 > VAH=716.25? | CVD=-96951 > Ref=17111? | POC=716.00 | VAL=715.00
2026-01-27 13:14:33,604 [INFO]     Scanning NSE:INDHOTEL-EQ (5min) | Range 13:00-14:00 | Price=644.00 > VAH=644.10? | CVD=-168676 > Ref=64541? | POC=643.95 | VAL=643.50
2026-01-27 13:14:33,714 [INFO]     Scanning NSE:ICICIPRULI-EQ (5min) | Range 13:00-14:00 | Price=640.95 > VAH=642.40? | CVD=56862 > Ref=24713? | POC=642.20 | VAL=640.80
2026-01-27 13:14:33,814 [INFO]     Scanning NSE:IRCTC-EQ (5min) | Range 13:00-14:00 | Price=604.85 > VAH=604.65? | CVD=-176546 > Ref=7628? | POC=604.20 | VAL=603.75
2026-01-27 13:14:35,170 [INFO]     Scanning NSE:CGPOWER-EQ (5min) | Range 13:00-14:00 | Price=539.35 > VAH=540.80? | CVD=345093 > Ref=295533? | POC=540.00 | VAL=538.80
2026-01-27 13:14:35,271 [INFO]     Scanning NSE:LICHSGFIN-EQ (5min) | Range 13:00-14:00 | Price=505.60 > VAH=505.60? | CVD=46226 > Ref=41287? | POC=505.40 | VAL=505.20
2026-01-27 13:14:35,390 [INFO]     Scanning NSE:CONCOR-EQ (5min) | Range 13:00-14:00 | Price=481.00 > VAH=479.70? | CVD=111020 > Ref=15532? | POC=479.70 | VAL=478.80
2026-01-27 13:14:35,495 [INFO]     Scanning NSE:LTF-EQ (5min) | Range 13:00-14:00 | Price=283.15 > VAH=283.80? | CVD=-81224 > Ref=2752? | POC=283.50 | VAL=283.05
2026-01-27 13:14:35,605 [INFO]     Scanning NSE:NYKAA-EQ (5min) | Range 13:00-14:00 | Price=234.35 > VAH=234.55? | CVD=340055 > Ref=106592? | POC=234.40 | VAL=234.25
2026-01-27 13:14:35,726 [INFO]     Scanning NSE:ASHOKLEY-EQ (5min) | Range 13:00-14:00 | Price=190.63 > VAH=190.00? | CVD=-124664 > Ref=312825? | POC=189.90 | VAL=189.80
2026-01-27 13:14:36,028 [INFO]     Scanning NSE:IEX-EQ (5min) | Range 13:00-14:00 | Price=126.54 > VAH=127.30? | CVD=404269 > Ref=0? | POC=126.50 | VAL=126.40
2026-01-27 13:14:36,155 [INFO]     Scanning NSE:INOXWIND-EQ (5min) | Range 13:00-14:00 | Price=103.72 > VAH=104.05? | CVD=95132 > Ref=42362? | POC=104.00 | VAL=103.95
2026-01-27 13:14:36,308 [INFO]     Scanning NSE:NBCC-EQ (5min) | Range 13:00-14:00 | Price=95.12 > VAH=95.15? | CVD=401399 > Ref=195713? | POC=95.10 | VAL=95.00
2026-01-27 13:14:49,817 [INFO] 🔍 Scanning for alerts on 14 symbols (5min)...
2026-01-27 13:14:49,924 [INFO]     Scanning NSE:AMBER-EQ (5min) | Range 09:35-10:35 | Price=5428.50 > VAH=5468.40? | CVD=-32848 > Ref=0? | POC=5459.10 | VAL=5412.60
2026-01-27 13:14:50,001 [INFO]     Scanning NSE:MANKIND-EQ (5min) | Range 09:35-10:35 | Price=2083.50 > VAH=2084.00? | CVD=-39636 > Ref=5023? | POC=2084.00 | VAL=2078.00
2026-01-27 13:14:50,065 [INFO]     Scanning NSE:MFSL-EQ (5min) | Range 09:35-10:35 | Price=1587.80 > VAH=1593.60? | CVD=53997 > Ref=2550? | POC=1590.00 | VAL=1587.60
2026-01-27 13:14:50,134 [INFO]     Scanning NSE:RELIANCE-EQ (5min) | Range 09:35-10:35 | Price=1385.00 > VAH=1388.10? | CVD=-430772 > Ref=55368? | POC=1382.85 | VAL=1381.80
2026-01-27 13:14:50,244 [INFO]     Scanning NSE:KPITTECH-EQ (5min) | Range 09:35-10:35 | Price=1100.60 > VAH=1112.25? | CVD=153539 > Ref=11686? | POC=1111.50 | VAL=1110.00
2026-01-27 13:14:50,354 [INFO]     Scanning NSE:LODHA-EQ (5min) | Range 09:35-10:35 | Price=890.00 > VAH=874.35? | CVD=578366 > Ref=44807? | POC=874.35 | VAL=868.55
2026-01-27 13:14:50,484 [INFO]     Scanning NSE:HDFCLIFE-EQ (5min) | Range 09:35-10:35 | Price=716.40 > VAH=714.50? | CVD=-96951 > Ref=17111? | POC=713.50 | VAL=712.50
2026-01-27 13:14:50,590 [INFO]     Scanning NSE:INDHOTEL-EQ (5min) | Range 09:35-10:35 | Price=644.00 > VAH=641.90? | CVD=-168676 > Ref=64541? | POC=641.20 | VAL=640.50
2026-01-27 13:14:50,702 [INFO]     Scanning NSE:ICICIPRULI-EQ (5min) | Range 09:35-10:35 | Price=640.95 > VAH=640.50? | CVD=56862 > Ref=24713? | POC=640.50 | VAL=634.90
2026-01-27 13:14:50,804 [INFO]     Scanning NSE:CGPOWER-EQ (5min) | Range 09:35-10:35 | Price=539.35 > VAH=546.70? | CVD=345093 > Ref=295533? | POC=546.70 | VAL=544.50
2026-01-27 13:14:50,898 [INFO]     Scanning NSE:CONCOR-EQ (5min) | Range 09:35-10:35 | Price=481.00 > VAH=480.90? | CVD=111020 > Ref=15532? | POC=480.20 | VAL=474.60
2026-01-27 13:14:51,001 [INFO]     Scanning NSE:NYKAA-EQ (5min) | Range 09:35-10:35 | Price=234.35 > VAH=236.50? | CVD=340055 > Ref=106592? | POC=235.25 | VAL=235.25
2026-01-27 13:14:51,096 [INFO]     Scanning NSE:INOXWIND-EQ (5min) | Range 09:35-10:35 | Price=103.72 > VAH=103.50? | CVD=95132 > Ref=42362? | POC=103.40 | VAL=102.90
2026-01-27 13:14:51,165 [INFO]     Scanning NSE:NBCC-EQ (5min) | Range 09:35-10:35 | Price=95.12 > VAH=95.75? | CVD=401399 > Ref=195713? | POC=95.70 | VAL=95.40
2026-01-27 13:15:36,310 [INFO] 🔍 Scanning for alerts on 21 symbols (5min)...
2026-01-27 13:15:36,419 [INFO]     Scanning NSE:AMBER-EQ (5min) | Range 13:00-14:00 | Price=5427.50 > VAH=5430.75? | CVD=-33337 > Ref=0? | POC=5426.85 | VAL=5424.90
2026-01-27 13:15:36,533 [INFO]     Scanning NSE:DMART-EQ (5min) | Range 13:00-14:00 | Price=3672.00 > VAH=3671.95? | CVD=-17248 > Ref=1814? | POC=3656.45 | VAL=3656.45
2026-01-27 13:15:36,650 [INFO]     Scanning NSE:KAYNES-EQ (5min) | Range 13:00-14:00 | Price=3337.50 > VAH=3337.95? | CVD=-58768 > Ref=7461? | POC=3336.30 | VAL=3333.00
2026-01-27 13:15:36,759 [INFO]     Scanning NSE:MFSL-EQ (5min) | Range 13:00-14:00 | Price=1589.10 > VAH=1591.20? | CVD=55748 > Ref=2550? | POC=1590.55 | VAL=1587.30
2026-01-27 13:15:36,875 [INFO]     Scanning NSE:RELIANCE-EQ (5min) | Range 13:00-14:00 | Price=1385.00 > VAH=1384.95? | CVD=-372833 > Ref=55368? | POC=1383.90 | VAL=1383.20
2026-01-27 13:15:36,985 [INFO]     Scanning NSE:NUVAMA-EQ (5min) | Range 13:00-14:00 | Price=1261.50 > VAH=1262.80? | CVD=-99701 > Ref=62008? | POC=1261.40 | VAL=1259.30
2026-01-27 13:15:37,061 [INFO]     Scanning NSE:KPITTECH-EQ (5min) | Range 13:00-14:00 | Price=1100.80 > VAH=1100.45? | CVD=153755 > Ref=11686? | POC=1099.80 | VAL=1097.20
2026-01-27 13:15:37,166 [INFO]     Scanning NSE:LODHA-EQ (5min) | Range 13:00-14:00 | Price=889.40 > VAH=891.20? | CVD=572870 > Ref=44807? | POC=889.60 | VAL=885.60
2026-01-27 13:15:37,234 [INFO]     Scanning NSE:HDFCLIFE-EQ (5min) | Range 13:00-14:00 | Price=716.65 > VAH=716.50? | CVD=-92188 > Ref=17111? | POC=716.25 | VAL=715.00
2026-01-27 13:15:37,298 [INFO]     Scanning NSE:INDHOTEL-EQ (5min) | Range 13:00-14:00 | Price=644.00 > VAH=644.10? | CVD=-172132 > Ref=64541? | POC=643.95 | VAL=643.50
2026-01-27 13:15:37,387 [INFO]     Scanning NSE:ICICIPRULI-EQ (5min) | Range 13:00-14:00 | Price=641.15 > VAH=642.40? | CVD=57509 > Ref=24713? | POC=642.20 | VAL=640.80
2026-01-27 13:15:37,452 [INFO]     Scanning NSE:IRCTC-EQ (5min) | Range 13:00-14:00 | Price=605.00 > VAH=604.65? | CVD=-175486 > Ref=7628? | POC=604.20 | VAL=603.75
2026-01-27 13:15:37,521 [INFO]     Scanning NSE:CGPOWER-EQ (5min) | Range 13:00-14:00 | Price=539.65 > VAH=540.80? | CVD=365071 > Ref=295533? | POC=540.00 | VAL=538.80
2026-01-27 13:15:37,608 [INFO]     Scanning NSE:LICHSGFIN-EQ (5min) | Range 13:00-14:00 | Price=505.70 > VAH=505.60? | CVD=49906 > Ref=41287? | POC=505.40 | VAL=505.20
2026-01-27 13:15:37,717 [INFO]     Scanning NSE:CONCOR-EQ (5min) | Range 13:00-14:00 | Price=481.05 > VAH=479.70? | CVD=112329 > Ref=15532? | POC=479.70 | VAL=478.80
2026-01-27 13:15:37,788 [INFO]     Scanning NSE:LTF-EQ (5min) | Range 13:00-14:00 | Price=283.15 > VAH=283.80? | CVD=-83510 > Ref=2752? | POC=283.50 | VAL=283.05
2026-01-27 13:15:37,886 [INFO]     Scanning NSE:NYKAA-EQ (5min) | Range 13:00-14:00 | Price=234.30 > VAH=234.55? | CVD=334691 > Ref=106592? | POC=234.40 | VAL=234.25
2026-01-27 13:15:38,042 [INFO]     Scanning NSE:ASHOKLEY-EQ (5min) | Range 13:00-14:00 | Price=191.07 > VAH=190.05? | CVD=-11385 > Ref=312825? | POC=189.90 | VAL=189.75
2026-01-27 13:15:38,157 [INFO]     Scanning NSE:IEX-EQ (5min) | Range 13:00-14:00 | Price=126.55 > VAH=127.30? | CVD=418588 > Ref=0? | POC=126.50 | VAL=126.40
2026-01-27 13:15:38,264 [INFO]     Scanning NSE:INOXWIND-EQ (5min) | Range 13:00-14:00 | Price=103.83 > VAH=104.05? | CVD=106346 > Ref=42362? | POC=104.00 | VAL=103.95
2026-01-27 13:15:38,340 [INFO]     Scanning NSE:NBCC-EQ (5min) | Range 13:00-14:00 | Price=95.20 > VAH=95.15? | CVD=406470 > Ref=195713? | POC=95.10 | VAL=95.00
2026-01-27 13:15:51,167 [INFO] 🔍 Scanning for alerts on 14 symbols (5min)...
2026-01-27 13:15:51,274 [INFO]     Scanning NSE:AMBER-EQ (5min) | Range 09:35-10:35 | Price=5427.50 > VAH=5468.40? | CVD=-33337 > Ref=0? | POC=5459.10 | VAL=5412.60
2026-01-27 13:15:51,364 [INFO]     Scanning NSE:MANKIND-EQ (5min) | Range 09:35-10:35 | Price=2082.30 > VAH=2084.00? | CVD=-40645 > Ref=5023? | POC=2084.00 | VAL=2078.00
2026-01-27 13:15:51,431 [INFO]     Scanning NSE:MFSL-EQ (5min) | Range 09:35-10:35 | Price=1589.10 > VAH=1593.60? | CVD=55748 > Ref=2550? | POC=1590.00 | VAL=1587.60
2026-01-27 13:15:51,540 [INFO]     Scanning NSE:RELIANCE-EQ (5min) | Range 09:35-10:35 | Price=1385.00 > VAH=1388.10? | CVD=-372833 > Ref=55368? | POC=1382.85 | VAL=1381.80
2026-01-27 13:15:51,638 [INFO]     Scanning NSE:KPITTECH-EQ (5min) | Range 09:35-10:35 | Price=1100.80 > VAH=1112.25? | CVD=153755 > Ref=11686? | POC=1111.50 | VAL=1110.00
2026-01-27 13:15:51,707 [INFO]     Scanning NSE:LODHA-EQ (5min) | Range 09:35-10:35 | Price=889.40 > VAH=874.35? | CVD=572870 > Ref=44807? | POC=874.35 | VAL=868.55
2026-01-27 13:15:51,833 [INFO]     Scanning NSE:HDFCLIFE-EQ (5min) | Range 09:35-10:35 | Price=716.65 > VAH=714.50? | CVD=-92188 > Ref=17111? | POC=713.50 | VAL=712.50
2026-01-27 13:15:51,962 [INFO]     Scanning NSE:INDHOTEL-EQ (5min) | Range 09:35-10:35 | Price=644.00 > VAH=641.90? | CVD=-172132 > Ref=64541? | POC=641.20 | VAL=640.50
2026-01-27 13:15:52,086 [INFO]     Scanning NSE:ICICIPRULI-EQ (5min) | Range 09:35-10:35 | Price=641.15 > VAH=640.50? | CVD=57509 > Ref=24713? | POC=640.50 | VAL=634.90
2026-01-27 13:15:52,197 [INFO]     Scanning NSE:CGPOWER-EQ (5min) | Range 09:35-10:35 | Price=539.65 > VAH=546.70? | CVD=365071 > Ref=295533? | POC=546.70 | VAL=544.50
2026-01-27 13:15:52,309 [INFO]     Scanning NSE:CONCOR-EQ (5min) | Range 09:35-10:35 | Price=481.05 > VAH=480.90? | CVD=112329 > Ref=15532? | POC=480.20 | VAL=474.60
2026-01-27 13:15:52,430 [INFO]     Scanning NSE:NYKAA-EQ (5min) | Range 09:35-10:35 | Price=234.30 > VAH=236.50? | CVD=334691 > Ref=106592? | POC=235.25 | VAL=235.25
2026-01-27 13:15:52,549 [INFO]     Scanning NSE:INOXWIND-EQ (5min) | Range 09:35-10:35 | Price=103.83 > VAH=103.50? | CVD=106346 > Ref=42362? | POC=103.40 | VAL=102.90
2026-01-27 13:15:52,664 [INFO]     Scanning NSE:NBCC-EQ (5min) | Range 09:35-10:35 | Price=95.20 > VAH=95.75? | CVD=406470 > Ref=195713? | POC=95.70 | VAL=95.40
2026-01-27 13:16:38,342 [INFO] 🔍 Scanning for alerts on 21 symbols (5min)...
2026-01-27 13:16:38,450 [INFO]     Scanning NSE:AMBER-EQ (5min) | Range 13:00-14:00 | Price=5425.00 > VAH=5430.75? | CVD=-33722 > Ref=0? | POC=5426.85 | VAL=5424.90
2026-01-27 13:16:38,579 [INFO]     Scanning NSE:DMART-EQ (5min) | Range 13:00-14:00 | Price=3672.50 > VAH=3671.95? | CVD=-16768 > Ref=1814? | POC=3656.45 | VAL=3656.45
2026-01-27 13:16:38,696 [INFO]     Scanning NSE:KAYNES-EQ (5min) | Range 13:00-14:00 | Price=3337.40 > VAH=3337.95? | CVD=-58836 > Ref=7461? | POC=3336.30 | VAL=3333.00
2026-01-27 13:16:38,785 [INFO]     Scanning NSE:MFSL-EQ (5min) | Range 13:00-14:00 | Price=1587.80 > VAH=1591.20? | CVD=54567 > Ref=2550? | POC=1588.60 | VAL=1587.30
2026-01-27 13:16:38,891 [INFO]     Scanning NSE:RELIANCE-EQ (5min) | Range 13:00-14:00 | Price=1384.90 > VAH=1384.95? | CVD=-386972 > Ref=55368? | POC=1384.95 | VAL=1383.20
2026-01-27 13:16:38,999 [INFO]     Scanning NSE:NUVAMA-EQ (5min) | Range 13:00-14:00 | Price=1261.50 > VAH=1262.80? | CVD=-99530 > Ref=62008? | POC=1261.40 | VAL=1259.30
2026-01-27 13:16:39,072 [INFO]     Scanning NSE:KPITTECH-EQ (5min) | Range 13:00-14:00 | Price=1099.90 > VAH=1100.45? | CVD=149002 > Ref=11686? | POC=1099.80 | VAL=1097.85
2026-01-27 13:16:39,135 [INFO]     Scanning NSE:LODHA-EQ (5min) | Range 13:00-14:00 | Price=889.40 > VAH=891.20? | CVD=560151 > Ref=44807? | POC=889.60 | VAL=885.60
2026-01-27 13:16:39,240 [INFO]     Scanning NSE:HDFCLIFE-EQ (5min) | Range 13:00-14:00 | Price=716.50 > VAH=716.50? | CVD=-93814 > Ref=17111? | POC=716.25 | VAL=715.00
2026-01-27 13:16:39,365 [INFO]     Scanning NSE:INDHOTEL-EQ (5min) | Range 13:00-14:00 | Price=643.90 > VAH=644.10? | CVD=-192084 > Ref=64541? | POC=643.95 | VAL=643.80
2026-01-27 13:16:39,466 [INFO]     Scanning NSE:ICICIPRULI-EQ (5min) | Range 13:00-14:00 | Price=639.95 > VAH=642.30? | CVD=53392 > Ref=24713? | POC=642.30 | VAL=640.80
2026-01-27 13:16:39,578 [INFO]     Scanning NSE:IRCTC-EQ (5min) | Range 13:00-14:00 | Price=604.90 > VAH=604.65? | CVD=-177090 > Ref=7628? | POC=604.20 | VAL=603.75
2026-01-27 13:16:39,667 [INFO]     Scanning NSE:CGPOWER-EQ (5min) | Range 13:00-14:00 | Price=540.70 > VAH=540.80? | CVD=389287 > Ref=295533? | POC=540.00 | VAL=538.80
2026-01-27 13:16:39,739 [INFO]     Scanning NSE:LICHSGFIN-EQ (5min) | Range 13:00-14:00 | Price=505.60 > VAH=505.60? | CVD=52611 > Ref=41287? | POC=505.40 | VAL=505.20
2026-01-27 13:16:39,846 [INFO]     Scanning NSE:CONCOR-EQ (5min) | Range 13:00-14:00 | Price=480.95 > VAH=479.70? | CVD=110967 > Ref=15532? | POC=479.70 | VAL=478.80
2026-01-27 13:16:39,922 [INFO]     Scanning NSE:LTF-EQ (5min) | Range 13:00-14:00 | Price=283.45 > VAH=283.65? | CVD=-75288 > Ref=2752? | POC=283.50 | VAL=283.05
2026-01-27 13:16:39,985 [INFO]     Scanning NSE:NYKAA-EQ (5min) | Range 13:00-14:00 | Price=234.40 > VAH=234.55? | CVD=365752 > Ref=106592? | POC=234.40 | VAL=234.20
2026-01-27 13:16:40,086 [INFO]     Scanning NSE:ASHOKLEY-EQ (5min) | Range 13:00-14:00 | Price=191.10 > VAH=190.05? | CVD=-50127 > Ref=312825? | POC=189.90 | VAL=189.75
2026-01-27 13:16:40,208 [INFO]     Scanning NSE:IEX-EQ (5min) | Range 13:00-14:00 | Price=126.88 > VAH=127.10? | CVD=432844 > Ref=0? | POC=126.50 | VAL=126.40
2026-01-27 13:16:40,323 [INFO]     Scanning NSE:INOXWIND-EQ (5min) | Range 13:00-14:00 | Price=103.69 > VAH=104.05? | CVD=96012 > Ref=42362? | POC=104.00 | VAL=103.95
2026-01-27 13:16:40,412 [INFO]     Scanning NSE:NBCC-EQ (5min) | Range 13:00-14:00 | Price=95.16 > VAH=95.15? | CVD=402857 > Ref=195713? | POC=95.10 | VAL=95.00
2026-01-27 13:16:52,666 [INFO] 🔍 Scanning for alerts on 14 symbols (5min)...
2026-01-27 13:16:52,773 [INFO]     Scanning NSE:AMBER-EQ (5min) | Range 09:35-10:35 | Price=5425.00 > VAH=5468.40? | CVD=-33722 > Ref=0? | POC=5459.10 | VAL=5412.60
2026-01-27 13:16:52,847 [INFO]     Scanning NSE:MANKIND-EQ (5min) | Range 09:35-10:35 | Price=2082.50 > VAH=2084.00? | CVD=-40060 > Ref=5023? | POC=2084.00 | VAL=2078.00
2026-01-27 13:16:52,913 [INFO]     Scanning NSE:MFSL-EQ (5min) | Range 09:35-10:35 | Price=1587.80 > VAH=1593.60? | CVD=54567 > Ref=2550? | POC=1590.00 | VAL=1587.60
2026-01-27 13:16:53,025 [INFO]     Scanning NSE:RELIANCE-EQ (5min) | Range 09:35-10:35 | Price=1384.90 > VAH=1388.10? | CVD=-386972 > Ref=55368? | POC=1382.85 | VAL=1381.80
2026-01-27 13:16:53,137 [INFO]     Scanning NSE:KPITTECH-EQ (5min) | Range 09:35-10:35 | Price=1099.90 > VAH=1112.25? | CVD=149002 > Ref=11686? | POC=1111.50 | VAL=1110.00
2026-01-27 13:16:53,267 [INFO]     Scanning NSE:LODHA-EQ (5min) | Range 09:35-10:35 | Price=889.40 > VAH=874.35? | CVD=560151 > Ref=44807? | POC=874.35 | VAL=868.55
2026-01-27 13:16:53,381 [INFO]     Scanning NSE:HDFCLIFE-EQ (5min) | Range 09:35-10:35 | Price=716.50 > VAH=714.50? | CVD=-93814 > Ref=17111? | POC=713.50 | VAL=712.50
2026-01-27 13:16:53,490 [INFO]     Scanning NSE:INDHOTEL-EQ (5min) | Range 09:35-10:35 | Price=643.90 > VAH=641.90? | CVD=-192084 > Ref=64541? | POC=641.20 | VAL=640.50
2026-01-27 13:16:53,596 [INFO]     Scanning NSE:ICICIPRULI-EQ (5min) | Range 09:35-10:35 | Price=639.95 > VAH=640.50? | CVD=53392 > Ref=24713? | POC=640.50 | VAL=634.90
2026-01-27 13:16:53,715 [INFO]     Scanning NSE:CGPOWER-EQ (5min) | Range 09:35-10:35 | Price=540.70 > VAH=546.70? | CVD=389287 > Ref=295533? | POC=546.70 | VAL=544.50
2026-01-27 13:16:53,828 [INFO]     Scanning NSE:CONCOR-EQ (5min) | Range 09:35-10:35 | Price=480.95 > VAH=480.90? | CVD=110967 > Ref=15532? | POC=480.20 | VAL=474.60
2026-01-27 13:16:53,940 [INFO]     Scanning NSE:NYKAA-EQ (5min) | Range 09:35-10:35 | Price=234.40 > VAH=236.50? | CVD=365752 > Ref=106592? | POC=235.25 | VAL=235.25
2026-01-27 13:16:54,058 [INFO]     Scanning NSE:INOXWIND-EQ (5min) | Range 09:35-10:35 | Price=103.69 > VAH=103.50? | CVD=96012 > Ref=42362? | POC=103.40 | VAL=102.90
2026-01-27 13:16:54,147 [INFO]     Scanning NSE:NBCC-EQ (5min) | Range 09:35-10:35 | Price=95.16 > VAH=95.75? | CVD=402857 > Ref=195713? | POC=95.70 | VAL=95.40
2026-01-27 13:17:40,413 [INFO] 🔍 Scanning for alerts on 21 symbols (5min)...
2026-01-27 13:17:40,519 [INFO]     Scanning NSE:AMBER-EQ (5min) | Range 13:00-14:00 | Price=5426.50 > VAH=5430.75? | CVD=-32384 > Ref=0? | POC=5426.85 | VAL=5424.90
2026-01-27 13:17:40,611 [INFO]     Scanning NSE:DMART-EQ (5min) | Range 13:00-14:00 | Price=3673.00 > VAH=3672.00? | CVD=-16429 > Ref=1814? | POC=3656.70 | VAL=3656.70
2026-01-27 13:17:40,684 [INFO]     Scanning NSE:KAYNES-EQ (5min) | Range 13:00-14:00 | Price=3338.00 > VAH=3337.95? | CVD=-58659 > Ref=7461? | POC=3336.30 | VAL=3333.00
2026-01-27 13:17:40,792 [INFO]     Scanning NSE:MFSL-EQ (5min) | Range 13:00-14:00 | Price=1587.90 > VAH=1591.20? | CVD=55400 > Ref=2550? | POC=1587.95 | VAL=1587.30
2026-01-27 13:17:40,863 [INFO]     Scanning NSE:RELIANCE-EQ (5min) | Range 13:00-14:00 | Price=1385.10 > VAH=1384.95? | CVD=-361543 > Ref=55368? | POC=1384.95 | VAL=1383.20
2026-01-27 13:17:40,981 [INFO]     Scanning NSE:NUVAMA-EQ (5min) | Range 13:00-14:00 | Price=1262.00 > VAH=1262.80? | CVD=-98362 > Ref=62008? | POC=1261.40 | VAL=1259.30
2026-01-27 13:17:41,087 [INFO]     Scanning NSE:KPITTECH-EQ (5min) | Range 13:00-14:00 | Price=1100.00 > VAH=1100.45? | CVD=149591 > Ref=11686? | POC=1099.80 | VAL=1097.85
2026-01-27 13:17:41,200 [INFO]     Scanning NSE:LODHA-EQ (5min) | Range 13:00-14:00 | Price=889.30 > VAH=891.20? | CVD=557220 > Ref=44807? | POC=889.60 | VAL=885.60
2026-01-27 13:17:41,278 [INFO]     Scanning NSE:HDFCLIFE-EQ (5min) | Range 13:00-14:00 | Price=716.65 > VAH=716.50? | CVD=-90093 > Ref=17111? | POC=716.25 | VAL=715.75
2026-01-27 13:17:41,386 [INFO]     Scanning NSE:INDHOTEL-EQ (5min) | Range 13:00-14:00 | Price=644.05 > VAH=644.10? | CVD=-186132 > Ref=64541? | POC=643.95 | VAL=643.80
2026-01-27 13:17:41,472 [INFO]     Scanning NSE:ICICIPRULI-EQ (5min) | Range 13:00-14:00 | Price=639.95 > VAH=642.25? | CVD=52744 > Ref=24713? | POC=642.25 | VAL=640.85
2026-01-27 13:17:41,546 [INFO]     Scanning NSE:IRCTC-EQ (5min) | Range 13:00-14:00 | Price=604.65 > VAH=604.80? | CVD=-178778 > Ref=7628? | POC=604.20 | VAL=603.90
2026-01-27 13:17:43,059 [INFO]     Scanning NSE:CGPOWER-EQ (5min) | Range 13:00-14:00 | Price=541.85 > VAH=540.80? | CVD=403659 > Ref=295533? | POC=540.00 | VAL=538.80
2026-01-27 13:17:43,169 [INFO]     Scanning NSE:LICHSGFIN-EQ (5min) | Range 13:00-14:00 | Price=505.50 > VAH=505.60? | CVD=41426 > Ref=41287? | POC=505.40 | VAL=505.20
2026-01-27 13:17:43,240 [INFO]     Scanning NSE:CONCOR-EQ (5min) | Range 13:00-14:00 | Price=481.05 > VAH=479.70? | CVD=111423 > Ref=15532? | POC=479.70 | VAL=478.80
2026-01-27 13:17:43,351 [INFO]     Scanning NSE:LTF-EQ (5min) | Range 13:00-14:00 | Price=283.65 > VAH=283.65? | CVD=-69775 > Ref=2752? | POC=283.50 | VAL=283.05
2026-01-27 13:17:43,447 [INFO]     Scanning NSE:NYKAA-EQ (5min) | Range 13:00-14:00 | Price=234.50 > VAH=234.55? | CVD=371034 > Ref=106592? | POC=234.40 | VAL=234.20
2026-01-27 13:17:43,597 [INFO]     Scanning NSE:ASHOKLEY-EQ (5min) | Range 13:00-14:00 | Price=191.20 > VAH=190.05? | CVD=-17145 > Ref=312825? | POC=189.90 | VAL=189.75
2026-01-27 13:17:43,730 [INFO]     Scanning NSE:IEX-EQ (5min) | Range 13:00-14:00 | Price=126.91 > VAH=127.10? | CVD=420883 > Ref=0? | POC=126.50 | VAL=126.40
2026-01-27 13:17:43,842 [INFO]     Scanning NSE:INOXWIND-EQ (5min) | Range 13:00-14:00 | Price=103.65 > VAH=104.05? | CVD=95818 > Ref=42362? | POC=104.00 | VAL=103.95
2026-01-27 13:17:43,959 [INFO]     Scanning NSE:NBCC-EQ (5min) | Range 13:00-14:00 | Price=95.21 > VAH=95.15? | CVD=420852 > Ref=195713? | POC=95.10 | VAL=95.00
2026-01-27 13:17:54,149 [INFO] 🔍 Scanning for alerts on 14 symbols (5min)...
2026-01-27 13:17:54,256 [INFO]     Scanning NSE:AMBER-EQ (5min) | Range 09:35-10:35 | Price=5426.50 > VAH=5468.40? | CVD=-32384 > Ref=0? | POC=5459.10 | VAL=5412.60
2026-01-27 13:17:54,334 [INFO]     Scanning NSE:MANKIND-EQ (5min) | Range 09:35-10:35 | Price=2083.10 > VAH=2084.00? | CVD=-39674 > Ref=5023? | POC=2084.00 | VAL=2078.00
2026-01-27 13:17:54,450 [INFO]     Scanning NSE:MFSL-EQ (5min) | Range 09:35-10:35 | Price=1587.90 > VAH=1593.60? | CVD=55400 > Ref=2550? | POC=1590.00 | VAL=1587.60
2026-01-27 13:17:54,562 [INFO]     Scanning NSE:RELIANCE-EQ (5min) | Range 09:35-10:35 | Price=1385.10 > VAH=1388.10? | CVD=-361543 > Ref=55368? | POC=1382.85 | VAL=1381.80
2026-01-27 13:17:54,680 [INFO]     Scanning NSE:KPITTECH-EQ (5min) | Range 09:35-10:35 | Price=1100.00 > VAH=1112.25? | CVD=149591 > Ref=11686? | POC=1111.50 | VAL=1110.00
2026-01-27 13:17:54,793 [INFO]     Scanning NSE:LODHA-EQ (5min) | Range 09:35-10:35 | Price=889.30 > VAH=874.35? | CVD=557220 > Ref=44807? | POC=874.35 | VAL=868.55
2026-01-27 13:17:54,910 [INFO]     Scanning NSE:HDFCLIFE-EQ (5min) | Range 09:35-10:35 | Price=716.65 > VAH=714.50? | CVD=-90093 > Ref=17111? | POC=713.50 | VAL=712.50
2026-01-27 13:17:55,022 [INFO]     Scanning NSE:INDHOTEL-EQ (5min) | Range 09:35-10:35 | Price=644.05 > VAH=641.90? | CVD=-186132 > Ref=64541? | POC=641.20 | VAL=640.50
2026-01-27 13:17:55,097 [INFO]     Scanning NSE:ICICIPRULI-EQ (5min) | Range 09:35-10:35 | Price=639.95 > VAH=640.50? | CVD=52744 > Ref=24713? | POC=640.50 | VAL=634.90
2026-01-27 13:17:55,213 [INFO]     Scanning NSE:CGPOWER-EQ (5min) | Range 09:35-10:35 | Price=541.85 > VAH=546.70? | CVD=403659 > Ref=295533? | POC=546.70 | VAL=544.50
2026-01-27 13:17:55,289 [INFO]     Scanning NSE:CONCOR-EQ (5min) | Range 09:35-10:35 | Price=481.05 > VAH=480.90? | CVD=111423 > Ref=15532? | POC=480.20 | VAL=474.60
2026-01-27 13:17:55,415 [INFO]     Scanning NSE:NYKAA-EQ (5min) | Range 09:35-10:35 | Price=234.50 > VAH=236.50? | CVD=371034 > Ref=106592? | POC=235.25 | VAL=235.25
2026-01-27 13:17:55,532 [INFO]     Scanning NSE:INOXWIND-EQ (5min) | Range 09:35-10:35 | Price=103.65 > VAH=103.50? | CVD=95818 > Ref=42362? | POC=103.40 | VAL=102.90
2026-01-27 13:17:55,652 [INFO]     Scanning NSE:NBCC-EQ (5min) | Range 09:35-10:35 | Price=95.21 > VAH=95.75? | CVD=420852 > Ref=195713? | POC=95.70 | VAL=95.40
2026-01-27 13:18:43,961 [INFO] 🔍 Scanning for alerts on 21 symbols (5min)...
2026-01-27 13:18:44,069 [INFO]     Scanning NSE:AMBER-EQ (5min) | Range 13:00-14:00 | Price=5428.00 > VAH=5430.75? | CVD=-33649 > Ref=0? | POC=5426.85 | VAL=5424.90
2026-01-27 13:18:44,161 [INFO]     Scanning NSE:DMART-EQ (5min) | Range 13:00-14:00 | Price=3670.20 > VAH=3672.00? | CVD=-16862 > Ref=1814? | POC=3656.70 | VAL=3656.70
2026-01-27 13:18:44,271 [INFO]     Scanning NSE:KAYNES-EQ (5min) | Range 13:00-14:00 | Price=3336.10 > VAH=3337.95? | CVD=-59141 > Ref=7461? | POC=3336.30 | VAL=3333.00
2026-01-27 13:18:44,381 [INFO]     Scanning NSE:MFSL-EQ (5min) | Range 13:00-14:00 | Price=1588.40 > VAH=1591.20? | CVD=55882 > Ref=2550? | POC=1587.95 | VAL=1587.30
2026-01-27 13:18:45,821 [INFO]     Scanning NSE:RELIANCE-EQ (5min) | Range 13:00-14:00 | Price=1385.00 > VAH=1384.95? | CVD=-492352 > Ref=55368? | POC=1384.95 | VAL=1383.20
2026-01-27 13:18:45,929 [INFO]     Scanning NSE:NUVAMA-EQ (5min) | Range 13:00-14:00 | Price=1260.90 > VAH=1262.80? | CVD=-98708 > Ref=62008? | POC=1261.40 | VAL=1259.30
2026-01-27 13:18:46,037 [INFO]     Scanning NSE:KPITTECH-EQ (5min) | Range 13:00-14:00 | Price=1100.00 > VAH=1100.45? | CVD=150363 > Ref=11686? | POC=1099.80 | VAL=1097.85
2026-01-27 13:18:46,148 [INFO]     Scanning NSE:LODHA-EQ (5min) | Range 13:00-14:00 | Price=889.00 > VAH=891.20? | CVD=549580 > Ref=44807? | POC=889.60 | VAL=885.60
2026-01-27 13:18:46,235 [INFO]     Scanning NSE:HDFCLIFE-EQ (5min) | Range 13:00-14:00 | Price=716.40 > VAH=716.50? | CVD=-92640 > Ref=17111? | POC=716.25 | VAL=715.75
2026-01-27 13:18:46,301 [INFO]     Scanning NSE:INDHOTEL-EQ (5min) | Range 13:00-14:00 | Price=644.05 > VAH=644.10? | CVD=-182952 > Ref=64541? | POC=643.95 | VAL=643.80
2026-01-27 13:18:46,366 [INFO]     Scanning NSE:ICICIPRULI-EQ (5min) | Range 13:00-14:00 | Price=639.35 > VAH=642.25? | CVD=48053 > Ref=24713? | POC=642.25 | VAL=640.50
2026-01-27 13:18:46,434 [INFO]     Scanning NSE:IRCTC-EQ (5min) | Range 13:00-14:00 | Price=604.95 > VAH=604.80? | CVD=-177683 > Ref=7628? | POC=604.20 | VAL=603.90
2026-01-27 13:18:46,504 [INFO]     Scanning NSE:CGPOWER-EQ (5min) | Range 13:00-14:00 | Price=540.75 > VAH=540.80? | CVD=391315 > Ref=295533? | POC=540.00 | VAL=538.80
2026-01-27 13:18:46,602 [INFO]     Scanning NSE:LICHSGFIN-EQ (5min) | Range 13:00-14:00 | Price=505.50 > VAH=505.60? | CVD=38142 > Ref=41287? | POC=505.40 | VAL=505.20
2026-01-27 13:18:46,691 [INFO]     Scanning NSE:CONCOR-EQ (5min) | Range 13:00-14:00 | Price=480.75 > VAH=479.70? | CVD=110890 > Ref=15532? | POC=479.70 | VAL=478.80
2026-01-27 13:18:46,820 [INFO] 🚀 [STRATEGY ALERT] NSE:LTF-EQ (5min) triggered at 13:15!
2026-01-27 13:18:46,820 [INFO]     ✅ Price: 282.95 < FRVP VAL: 283.05
2026-01-27 13:18:46,821 [INFO]     ✅ CVD:   -93966 < CVD Ref:  2752
2026-01-27 13:18:46,821 [INFO]     ℹ️  FRVP Info: POC=283.50, VAL=283.05
2026-01-27 13:18:46,822 [INFO]     Scanning NSE:LTF-EQ (5min) | Range 13:00-14:00 | Price=282.95 > VAH=283.65? | CVD=-93966 > Ref=2752? | POC=283.50 | VAL=283.05
2026-01-27 13:18:46,949 [INFO]     Scanning NSE:NYKAA-EQ (5min) | Range 13:00-14:00 | Price=234.30 > VAH=234.55? | CVD=369279 > Ref=106592? | POC=234.40 | VAL=234.20
2026-01-27 13:18:47,079 [INFO]     Scanning NSE:ASHOKLEY-EQ (5min) | Range 13:00-14:00 | Price=191.02 > VAH=190.05? | CVD=-70565 > Ref=312825? | POC=189.90 | VAL=189.75
2026-01-27 13:18:47,143 [INFO]     Scanning NSE:IEX-EQ (5min) | Range 13:00-14:00 | Price=126.80 > VAH=127.10? | CVD=391849 > Ref=0? | POC=126.50 | VAL=126.40
2026-01-27 13:18:47,256 [INFO]     Scanning NSE:INOXWIND-EQ (5min) | Range 13:00-14:00 | Price=103.62 > VAH=104.05? | CVD=94993 > Ref=42362? | POC=104.00 | VAL=103.95
2026-01-27 13:18:47,370 [INFO]     Scanning NSE:NBCC-EQ (5min) | Range 13:00-14:00 | Price=95.19 > VAH=95.15? | CVD=418685 > Ref=195713? | POC=95.10 | VAL=95.00
2026-01-27 13:18:55,653 [INFO] 🔍 Scanning for alerts on 14 symbols (5min)...
2026-01-27 13:18:55,762 [INFO]     Scanning NSE:AMBER-EQ (5min) | Range 09:35-10:35 | Price=5428.00 > VAH=5468.40? | CVD=-33649 > Ref=0? | POC=5459.10 | VAL=5412.60
2026-01-27 13:18:55,837 [INFO]     Scanning NSE:MANKIND-EQ (5min) | Range 09:35-10:35 | Price=2082.00 > VAH=2084.00? | CVD=-40081 > Ref=5023? | POC=2084.00 | VAL=2078.00
2026-01-27 13:18:55,951 [INFO]     Scanning NSE:MFSL-EQ (5min) | Range 09:35-10:35 | Price=1588.40 > VAH=1593.60? | CVD=55882 > Ref=2550? | POC=1590.00 | VAL=1587.60
2026-01-27 13:18:56,063 [INFO]     Scanning NSE:RELIANCE-EQ (5min) | Range 09:35-10:35 | Price=1385.00 > VAH=1388.10? | CVD=-492352 > Ref=55368? | POC=1382.85 | VAL=1381.80
2026-01-27 13:18:56,137 [INFO]     Scanning NSE:KPITTECH-EQ (5min) | Range 09:35-10:35 | Price=1100.00 > VAH=1112.25? | CVD=150363 > Ref=11686? | POC=1111.50 | VAL=1110.00
2026-01-27 13:18:56,202 [INFO]     Scanning NSE:LODHA-EQ (5min) | Range 09:35-10:35 | Price=889.00 > VAH=874.35? | CVD=549580 > Ref=44807? | POC=874.35 | VAL=868.55
2026-01-27 13:18:56,275 [INFO]     Scanning NSE:HDFCLIFE-EQ (5min) | Range 09:35-10:35 | Price=716.40 > VAH=714.50? | CVD=-92640 > Ref=17111? | POC=713.50 | VAL=712.50
2026-01-27 13:18:56,345 [INFO]     Scanning NSE:INDHOTEL-EQ (5min) | Range 09:35-10:35 | Price=644.05 > VAH=641.90? | CVD=-182952 > Ref=64541? | POC=641.20 | VAL=640.50
2026-01-27 13:18:56,415 [INFO]     Scanning NSE:ICICIPRULI-EQ (5min) | Range 09:35-10:35 | Price=639.35 > VAH=640.50? | CVD=48053 > Ref=24713? | POC=640.50 | VAL=634.90
2026-01-27 13:18:56,502 [INFO]     Scanning NSE:CGPOWER-EQ (5min) | Range 09:35-10:35 | Price=540.75 > VAH=546.70? | CVD=391315 > Ref=295533? | POC=546.70 | VAL=544.50
2026-01-27 13:18:56,619 [INFO]     Scanning NSE:CONCOR-EQ (5min) | Range 09:35-10:35 | Price=480.75 > VAH=480.90? | CVD=110890 > Ref=15532? | POC=480.20 | VAL=474.60
2026-01-27 13:18:56,730 [INFO]     Scanning NSE:NYKAA-EQ (5min) | Range 09:35-10:35 | Price=234.30 > VAH=236.50? | CVD=369279 > Ref=106592? | POC=235.25 | VAL=235.25
2026-01-27 13:18:56,836 [INFO]     Scanning NSE:INOXWIND-EQ (5min) | Range 09:35-10:35 | Price=103.62 > VAH=103.50? | CVD=94993 > Ref=42362? | POC=103.40 | VAL=102.90
2026-01-27 13:18:56,946 [INFO]     Scanning NSE:NBCC-EQ (5min) | Range 09:35-10:35 | Price=95.19 > VAH=95.75? | CVD=418685 > Ref=195713? | POC=95.70 | VAL=95.40
2026-01-27 13:19:47,372 [INFO] 🔍 Scanning for alerts on 20 symbols (5min)...
2026-01-27 13:19:47,476 [INFO]     Scanning NSE:AMBER-EQ (5min) | Range 13:00-14:00 | Price=5425.00 > VAH=5430.75? | CVD=-34162 > Ref=0? | POC=5426.85 | VAL=5424.90
2026-01-27 13:19:47,594 [INFO]     Scanning NSE:DMART-EQ (5min) | Range 13:00-14:00 | Price=3667.70 > VAH=3672.00? | CVD=-17265 > Ref=1814? | POC=3656.70 | VAL=3656.70
2026-01-27 13:19:47,720 [INFO]     Scanning NSE:KAYNES-EQ (5min) | Range 13:00-14:00 | Price=3333.30 > VAH=3337.95? | CVD=-60034 > Ref=7461? | POC=3336.30 | VAL=3333.00
2026-01-27 13:19:47,843 [INFO]     Scanning NSE:MFSL-EQ (5min) | Range 13:00-14:00 | Price=1587.60 > VAH=1591.20? | CVD=55679 > Ref=2550? | POC=1587.95 | VAL=1587.30
2026-01-27 13:19:47,954 [INFO]     Scanning NSE:RELIANCE-EQ (5min) | Range 13:00-14:00 | Price=1384.70 > VAH=1384.95? | CVD=-503312 > Ref=55368? | POC=1384.95 | VAL=1383.20
2026-01-27 13:19:48,061 [INFO]     Scanning NSE:NUVAMA-EQ (5min) | Range 13:00-14:00 | Price=1260.70 > VAH=1262.80? | CVD=-98884 > Ref=62008? | POC=1261.40 | VAL=1259.30
2026-01-27 13:19:48,134 [INFO]     Scanning NSE:KPITTECH-EQ (5min) | Range 13:00-14:00 | Price=1100.20 > VAH=1100.45? | CVD=152358 > Ref=11686? | POC=1099.80 | VAL=1098.50
2026-01-27 13:19:48,197 [INFO]     Scanning NSE:LODHA-EQ (5min) | Range 13:00-14:00 | Price=889.40 > VAH=891.20? | CVD=554475 > Ref=44807? | POC=889.60 | VAL=885.60
2026-01-27 13:19:48,265 [INFO]     Scanning NSE:HDFCLIFE-EQ (5min) | Range 13:00-14:00 | Price=716.00 > VAH=716.50? | CVD=-94720 > Ref=17111? | POC=716.25 | VAL=715.75
2026-01-27 13:19:48,368 [INFO]     Scanning NSE:INDHOTEL-EQ (5min) | Range 13:00-14:00 | Price=644.00 > VAH=644.10? | CVD=-185129 > Ref=64541? | POC=643.95 | VAL=643.80
2026-01-27 13:19:48,476 [INFO]     Scanning NSE:ICICIPRULI-EQ (5min) | Range 13:00-14:00 | Price=639.15 > VAH=642.40? | CVD=47659 > Ref=24713? | POC=642.00 | VAL=639.20
2026-01-27 13:19:49,228 [INFO]     Scanning NSE:IRCTC-EQ (5min) | Range 13:00-14:00 | Price=604.80 > VAH=604.80? | CVD=-178860 > Ref=7628? | POC=604.20 | VAL=603.90
2026-01-27 13:19:49,352 [INFO]     Scanning NSE:CGPOWER-EQ (5min) | Range 13:00-14:00 | Price=540.75 > VAH=540.80? | CVD=377008 > Ref=295533? | POC=540.00 | VAL=538.80
2026-01-27 13:19:49,465 [INFO]     Scanning NSE:LICHSGFIN-EQ (5min) | Range 13:00-14:00 | Price=505.35 > VAH=505.60? | CVD=33615 > Ref=41287? | POC=505.40 | VAL=505.20
2026-01-27 13:19:49,573 [INFO]     Scanning NSE:CONCOR-EQ (5min) | Range 13:00-14:00 | Price=480.65 > VAH=479.70? | CVD=109453 > Ref=15532? | POC=479.70 | VAL=478.50
2026-01-27 13:19:49,675 [INFO]     Scanning NSE:NYKAA-EQ (5min) | Range 13:00-14:00 | Price=234.35 > VAH=234.55? | CVD=367874 > Ref=106592? | POC=234.40 | VAL=234.20
2026-01-27 13:19:49,814 [INFO]     Scanning NSE:ASHOKLEY-EQ (5min) | Range 13:00-14:00 | Price=191.00 > VAH=190.05? | CVD=-87650 > Ref=312825? | POC=189.90 | VAL=189.75
2026-01-27 13:19:49,876 [INFO]     Scanning NSE:IEX-EQ (5min) | Range 13:00-14:00 | Price=126.78 > VAH=127.00? | CVD=381406 > Ref=0? | POC=126.50 | VAL=126.40
2026-01-27 13:19:49,942 [INFO]     Scanning NSE:INOXWIND-EQ (5min) | Range 13:00-14:00 | Price=103.57 > VAH=104.05? | CVD=90512 > Ref=42362? | POC=104.00 | VAL=103.95
2026-01-27 13:19:50,053 [INFO]     Scanning NSE:NBCC-EQ (5min) | Range 13:00-14:00 | Price=95.19 > VAH=95.15? | CVD=415420 > Ref=195713? | POC=95.10 | VAL=95.00
2026-01-27 13:19:56,947 [INFO] 🔍 Scanning for alerts on 14 symbols (5min)...
2026-01-27 13:19:57,055 [INFO]     Scanning NSE:AMBER-EQ (5min) | Range 09:35-10:35 | Price=5425.00 > VAH=5468.40? | CVD=-34162 > Ref=0? | POC=5459.10 | VAL=5412.60
2026-01-27 13:19:57,131 [INFO]     Scanning NSE:MANKIND-EQ (5min) | Range 09:35-10:35 | Price=2080.40 > VAH=2084.00? | CVD=-41050 > Ref=5023? | POC=2084.00 | VAL=2078.00
2026-01-27 13:19:57,223 [INFO]     Scanning NSE:MFSL-EQ (5min) | Range 09:35-10:35 | Price=1587.60 > VAH=1593.60? | CVD=55679 > Ref=2550? | POC=1590.00 | VAL=1587.60
2026-01-27 13:19:57,334 [INFO]     Scanning NSE:RELIANCE-EQ (5min) | Range 09:35-10:35 | Price=1384.70 > VAH=1388.10? | CVD=-503312 > Ref=55368? | POC=1382.85 | VAL=1381.80
2026-01-27 13:19:57,413 [INFO]     Scanning NSE:KPITTECH-EQ (5min) | Range 09:35-10:35 | Price=1100.20 > VAH=1112.25? | CVD=152358 > Ref=11686? | POC=1111.50 | VAL=1110.00
2026-01-27 13:19:57,491 [INFO]     Scanning NSE:LODHA-EQ (5min) | Range 09:35-10:35 | Price=889.40 > VAH=874.35? | CVD=554475 > Ref=44807? | POC=874.35 | VAL=868.55
2026-01-27 13:19:57,562 [INFO]     Scanning NSE:HDFCLIFE-EQ (5min) | Range 09:35-10:35 | Price=716.00 > VAH=714.50? | CVD=-94720 > Ref=17111? | POC=713.50 | VAL=712.50
2026-01-27 13:19:57,680 [INFO]     Scanning NSE:INDHOTEL-EQ (5min) | Range 09:35-10:35 | Price=644.00 > VAH=641.90? | CVD=-185129 > Ref=64541? | POC=641.20 | VAL=640.50
2026-01-27 13:19:57,793 [INFO]     Scanning NSE:ICICIPRULI-EQ (5min) | Range 09:35-10:35 | Price=639.15 > VAH=640.50? | CVD=47659 > Ref=24713? | POC=640.50 | VAL=634.90
2026-01-27 13:19:57,869 [INFO]     Scanning NSE:CGPOWER-EQ (5min) | Range 09:35-10:35 | Price=540.75 > VAH=546.70? | CVD=377008 > Ref=295533? | POC=546.70 | VAL=544.50
2026-01-27 13:19:57,935 [INFO]     Scanning NSE:CONCOR-EQ (5min) | Range 09:35-10:35 | Price=480.65 > VAH=480.90? | CVD=109453 > Ref=15532? | POC=480.20 | VAL=474.60
2026-01-27 13:19:58,011 [INFO]     Scanning NSE:NYKAA-EQ (5min) | Range 09:35-10:35 | Price=234.35 > VAH=236.50? | CVD=367874 > Ref=106592? | POC=235.25 | VAL=235.25
2026-01-27 13:19:58,111 [INFO]     Scanning NSE:INOXWIND-EQ (5min) | Range 09:35-10:35 | Price=103.57 > VAH=103.50? | CVD=90512 > Ref=42362? | POC=103.40 | VAL=102.90
2026-01-27 13:19:58,217 [INFO]     Scanning NSE:NBCC-EQ (5min) | Range 09:35-10:35 | Price=95.19 > VAH=95.75? | CVD=415420 > Ref=195713? | POC=95.70 | VAL=95.40
2026-01-27 13:20:50,055 [INFO] 🔍 Scanning for alerts on 20 symbols (5min)...
2026-01-27 13:20:50,166 [INFO]     Scanning NSE:AMBER-EQ (5min) | Range 13:00-14:00 | Price=5429.50 > VAH=5430.75? | CVD=-33081 > Ref=0? | POC=5426.85 | VAL=5424.90
2026-01-27 13:20:50,285 [INFO]     Scanning NSE:DMART-EQ (5min) | Range 13:00-14:00 | Price=3667.80 > VAH=3672.00? | CVD=-17041 > Ref=1814? | POC=3656.70 | VAL=3656.70
2026-01-27 13:20:50,371 [INFO]     Scanning NSE:KAYNES-EQ (5min) | Range 13:00-14:00 | Price=3335.50 > VAH=3337.95? | CVD=-59665 > Ref=7461? | POC=3336.30 | VAL=3333.00
2026-01-27 13:20:50,484 [INFO]     Scanning NSE:MFSL-EQ (5min) | Range 13:00-14:00 | Price=1588.70 > VAH=1591.20? | CVD=56253 > Ref=2550? | POC=1587.95 | VAL=1587.30
2026-01-27 13:20:50,574 [INFO]     Scanning NSE:RELIANCE-EQ (5min) | Range 13:00-14:00 | Price=1385.10 > VAH=1384.95? | CVD=-465008 > Ref=55368? | POC=1384.95 | VAL=1383.20
2026-01-27 13:20:50,664 [INFO]     Scanning NSE:NUVAMA-EQ (5min) | Range 13:00-14:00 | Price=1259.60 > VAH=1262.80? | CVD=-99343 > Ref=62008? | POC=1261.40 | VAL=1259.30
2026-01-27 13:20:50,731 [INFO]     Scanning NSE:KPITTECH-EQ (5min) | Range 13:00-14:00 | Price=1100.70 > VAH=1100.45? | CVD=152941 > Ref=11686? | POC=1099.80 | VAL=1098.50
2026-01-27 13:20:50,841 [INFO]     Scanning NSE:LODHA-EQ (5min) | Range 13:00-14:00 | Price=890.80 > VAH=891.20? | CVD=558180 > Ref=44807? | POC=889.60 | VAL=888.00
2026-01-27 13:20:50,950 [INFO]     Scanning NSE:HDFCLIFE-EQ (5min) | Range 13:00-14:00 | Price=716.60 > VAH=716.50? | CVD=-89638 > Ref=17111? | POC=716.25 | VAL=715.75
2026-01-27 13:20:51,073 [INFO]     Scanning NSE:INDHOTEL-EQ (5min) | Range 13:00-14:00 | Price=644.15 > VAH=644.10? | CVD=-177078 > Ref=64541? | POC=643.95 | VAL=643.80
2026-01-27 13:20:51,182 [INFO]     Scanning NSE:ICICIPRULI-EQ (5min) | Range 13:00-14:00 | Price=639.00 > VAH=642.40? | CVD=47615 > Ref=24713? | POC=642.00 | VAL=639.20
2026-01-27 13:20:53,025 [INFO]     Scanning NSE:IRCTC-EQ (5min) | Range 13:00-14:00 | Price=605.30 > VAH=604.80? | CVD=-177111 > Ref=7628? | POC=604.20 | VAL=603.75
2026-01-27 13:20:53,137 [INFO]     Scanning NSE:CGPOWER-EQ (5min) | Range 13:00-14:00 | Price=541.65 > VAH=540.80? | CVD=388906 > Ref=295533? | POC=540.00 | VAL=538.80
2026-01-27 13:20:53,246 [INFO] 🚀 [STRATEGY ALERT] NSE:LICHSGFIN-EQ (5min) triggered at 13:15!
2026-01-27 13:20:53,247 [INFO]     ✅ Price: 505.20 < FRVP VAL: 505.20
2026-01-27 13:20:53,247 [INFO]     ✅ CVD:   33105 < CVD Ref:  41287
2026-01-27 13:20:53,248 [INFO]     ℹ️  FRVP Info: POC=505.40, VAL=505.20
2026-01-27 13:20:53,249 [INFO]     Scanning NSE:LICHSGFIN-EQ (5min) | Range 13:00-14:00 | Price=505.20 > VAH=505.60? | CVD=33105 > Ref=41287? | POC=505.40 | VAL=505.20
2026-01-27 13:20:53,364 [INFO]     Scanning NSE:CONCOR-EQ (5min) | Range 13:00-14:00 | Price=480.65 > VAH=479.70? | CVD=109075 > Ref=15532? | POC=479.70 | VAL=478.50
2026-01-27 13:20:53,488 [INFO]     Scanning NSE:NYKAA-EQ (5min) | Range 13:00-14:00 | Price=234.35 > VAH=234.55? | CVD=368592 > Ref=106592? | POC=234.40 | VAL=234.20
2026-01-27 13:20:53,645 [INFO]     Scanning NSE:ASHOKLEY-EQ (5min) | Range 13:00-14:00 | Price=191.38 > VAH=190.05? | CVD=-39403 > Ref=312825? | POC=189.90 | VAL=189.75
2026-01-27 13:20:53,764 [INFO]     Scanning NSE:IEX-EQ (5min) | Range 13:00-14:00 | Price=126.83 > VAH=127.00? | CVD=389068 > Ref=0? | POC=126.50 | VAL=126.40
2026-01-27 13:20:53,877 [INFO]     Scanning NSE:INOXWIND-EQ (5min) | Range 13:00-14:00 | Price=103.63 > VAH=104.05? | CVD=92783 > Ref=42362? | POC=104.00 | VAL=103.95
2026-01-27 13:20:53,998 [INFO]     Scanning NSE:NBCC-EQ (5min) | Range 13:00-14:00 | Price=95.20 > VAH=95.15? | CVD=416588 > Ref=195713? | POC=95.10 | VAL=95.00
2026-01-27 13:20:58,218 [INFO] 🔍 Scanning for alerts on 14 symbols (5min)...
2026-01-27 13:20:58,331 [INFO]     Scanning NSE:AMBER-EQ (5min) | Range 09:35-10:35 | Price=5429.50 > VAH=5468.40? | CVD=-33081 > Ref=0? | POC=5459.10 | VAL=5412.60
2026-01-27 13:20:58,444 [INFO]     Scanning NSE:MANKIND-EQ (5min) | Range 09:35-10:35 | Price=2080.20 > VAH=2084.00? | CVD=-40163 > Ref=5023? | POC=2084.00 | VAL=2078.00
2026-01-27 13:20:58,522 [INFO]     Scanning NSE:MFSL-EQ (5min) | Range 09:35-10:35 | Price=1588.70 > VAH=1593.60? | CVD=56253 > Ref=2550? | POC=1590.00 | VAL=1587.60
2026-01-27 13:20:58,637 [INFO]     Scanning NSE:RELIANCE-EQ (5min) | Range 09:35-10:35 | Price=1385.10 > VAH=1388.10? | CVD=-465008 > Ref=55368? | POC=1382.85 | VAL=1381.80
2026-01-27 13:20:58,742 [INFO]     Scanning NSE:KPITTECH-EQ (5min) | Range 09:35-10:35 | Price=1100.70 > VAH=1112.25? | CVD=152941 > Ref=11686? | POC=1111.50 | VAL=1110.00
2026-01-27 13:20:58,833 [INFO]     Scanning NSE:LODHA-EQ (5min) | Range 09:35-10:35 | Price=890.80 > VAH=874.35? | CVD=558180 > Ref=44807? | POC=874.35 | VAL=868.55
2026-01-27 13:20:58,945 [INFO]     Scanning NSE:HDFCLIFE-EQ (5min) | Range 09:35-10:35 | Price=716.60 > VAH=714.50? | CVD=-89638 > Ref=17111? | POC=713.50 | VAL=712.50
2026-01-27 13:20:59,024 [INFO]     Scanning NSE:INDHOTEL-EQ (5min) | Range 09:35-10:35 | Price=644.15 > VAH=641.90? | CVD=-177078 > Ref=64541? | POC=641.20 | VAL=640.50
2026-01-27 13:20:59,136 [INFO]     Scanning NSE:ICICIPRULI-EQ (5min) | Range 09:35-10:35 | Price=639.00 > VAH=640.50? | CVD=47615 > Ref=24713? | POC=640.50 | VAL=634.90
2026-01-27 13:20:59,251 [INFO]     Scanning NSE:CGPOWER-EQ (5min) | Range 09:35-10:35 | Price=541.65 > VAH=546.70? | CVD=388906 > Ref=295533? | POC=546.70 | VAL=544.50
2026-01-27 13:20:59,365 [INFO]     Scanning NSE:CONCOR-EQ (5min) | Range 09:35-10:35 | Price=480.65 > VAH=480.90? | CVD=109075 > Ref=15532? | POC=480.20 | VAL=474.60
2026-01-27 13:20:59,465 [INFO]     Scanning NSE:NYKAA-EQ (5min) | Range 09:35-10:35 | Price=234.35 > VAH=236.50? | CVD=368592 > Ref=106592? | POC=235.25 | VAL=235.25
2026-01-27 13:20:59,556 [INFO]     Scanning NSE:INOXWIND-EQ (5min) | Range 09:35-10:35 | Price=103.63 > VAH=103.50? | CVD=92783 > Ref=42362? | POC=103.40 | VAL=102.90
2026-01-27 13:20:59,670 [INFO]     Scanning NSE:NBCC-EQ (5min) | Range 09:35-10:35 | Price=95.20 > VAH=95.75? | CVD=416588 > Ref=195713? | POC=95.70 | VAL=95.40
2026-01-27 13:21:54,000 [INFO] 🔍 Scanning for alerts on 19 symbols (5min)...
2026-01-27 13:21:54,113 [INFO]     Scanning NSE:AMBER-EQ (5min) | Range 13:00-14:00 | Price=5425.00 > VAH=5430.75? | CVD=-33525 > Ref=0? | POC=5426.85 | VAL=5424.90
2026-01-27 13:21:54,222 [INFO]     Scanning NSE:DMART-EQ (5min) | Range 13:00-14:00 | Price=3668.80 > VAH=3672.00? | CVD=-16729 > Ref=1814? | POC=3656.70 | VAL=3656.70
2026-01-27 13:21:54,329 [INFO]     Scanning NSE:KAYNES-EQ (5min) | Range 13:00-14:00 | Price=3332.10 > VAH=3337.25? | CVD=-61569 > Ref=7461? | POC=3335.50 | VAL=3332.00
2026-01-27 13:21:56,170 [INFO]     Scanning NSE:MFSL-EQ (5min) | Range 13:00-14:00 | Price=1587.60 > VAH=1591.20? | CVD=54782 > Ref=2550? | POC=1587.95 | VAL=1587.30
2026-01-27 13:21:56,243 [INFO]     Scanning NSE:RELIANCE-EQ (5min) | Range 13:00-14:00 | Price=1385.00 > VAH=1385.30? | CVD=-563414 > Ref=55368? | POC=1384.95 | VAL=1383.90
2026-01-27 13:21:56,351 [INFO] 🚀 [STRATEGY ALERT] NSE:NUVAMA-EQ (5min) triggered at 13:20!
2026-01-27 13:21:56,352 [INFO]     ✅ Price: 1258.60 < FRVP VAL: 1259.70
2026-01-27 13:21:56,353 [INFO]     ✅ CVD:   -99610 < CVD Ref:  62008
2026-01-27 13:21:56,353 [INFO]     ℹ️  FRVP Info: POC=1261.40, VAL=1259.70
2026-01-27 13:21:56,354 [INFO]     Scanning NSE:NUVAMA-EQ (5min) | Range 13:00-14:00 | Price=1258.60 > VAH=1263.10? | CVD=-99610 > Ref=62008? | POC=1261.40 | VAL=1259.70
2026-01-27 13:21:56,476 [INFO]     Scanning NSE:KPITTECH-EQ (5min) | Range 13:00-14:00 | Price=1100.70 > VAH=1100.45? | CVD=153501 > Ref=11686? | POC=1099.80 | VAL=1098.50
2026-01-27 13:21:56,590 [INFO]     Scanning NSE:LODHA-EQ (5min) | Range 13:00-14:00 | Price=890.20 > VAH=891.20? | CVD=555539 > Ref=44807? | POC=889.60 | VAL=888.00
2026-01-27 13:21:56,661 [INFO]     Scanning NSE:HDFCLIFE-EQ (5min) | Range 13:00-14:00 | Price=716.20 > VAH=716.50? | CVD=-91316 > Ref=17111? | POC=716.25 | VAL=715.75
2026-01-27 13:21:56,765 [INFO]     Scanning NSE:INDHOTEL-EQ (5min) | Range 13:00-14:00 | Price=645.15 > VAH=644.10? | CVD=-169476 > Ref=64541? | POC=643.95 | VAL=643.80
2026-01-27 13:21:56,856 [INFO]     Scanning NSE:ICICIPRULI-EQ (5min) | Range 13:00-14:00 | Price=638.20 > VAH=642.15? | CVD=46351 > Ref=24713? | POC=642.15 | VAL=639.45
2026-01-27 13:21:56,955 [INFO]     Scanning NSE:IRCTC-EQ (5min) | Range 13:00-14:00 | Price=605.20 > VAH=605.00? | CVD=-180408 > Ref=7628? | POC=604.20 | VAL=604.00
2026-01-27 13:21:57,063 [INFO]     Scanning NSE:CGPOWER-EQ (5min) | Range 13:00-14:00 | Price=539.25 > VAH=540.80? | CVD=325731 > Ref=295533? | POC=540.00 | VAL=538.80
2026-01-27 13:21:57,160 [INFO]     Scanning NSE:CONCOR-EQ (5min) | Range 13:00-14:00 | Price=480.40 > VAH=479.70? | CVD=108271 > Ref=15532? | POC=479.70 | VAL=478.50
2026-01-27 13:21:57,286 [INFO]     Scanning NSE:NYKAA-EQ (5min) | Range 13:00-14:00 | Price=234.20 > VAH=234.55? | CVD=364600 > Ref=106592? | POC=234.30 | VAL=234.20
2026-01-27 13:21:57,444 [INFO]     Scanning NSE:ASHOKLEY-EQ (5min) | Range 13:00-14:00 | Price=191.41 > VAH=190.05? | CVD=36943 > Ref=312825? | POC=189.90 | VAL=189.75
2026-01-27 13:21:57,558 [INFO]     Scanning NSE:IEX-EQ (5min) | Range 13:00-14:00 | Price=126.83 > VAH=127.00? | CVD=391732 > Ref=0? | POC=126.50 | VAL=126.40
2026-01-27 13:21:57,673 [INFO]     Scanning NSE:INOXWIND-EQ (5min) | Range 13:00-14:00 | Price=103.57 > VAH=104.05? | CVD=91941 > Ref=42362? | POC=104.00 | VAL=103.95
2026-01-27 13:21:57,759 [INFO]     Scanning NSE:NBCC-EQ (5min) | Range 13:00-14:00 | Price=95.20 > VAH=95.15? | CVD=419953 > Ref=195713? | POC=95.10 | VAL=95.00
2026-01-27 13:21:59,671 [INFO] 🔍 Scanning for alerts on 14 symbols (5min)...
2026-01-27 13:21:59,781 [INFO]     Scanning NSE:AMBER-EQ (5min) | Range 09:35-10:35 | Price=5425.00 > VAH=5468.40? | CVD=-33525 > Ref=0? | POC=5459.10 | VAL=5412.60
2026-01-27 13:21:59,855 [INFO]     Scanning NSE:MANKIND-EQ (5min) | Range 09:35-10:35 | Price=2079.70 > VAH=2084.00? | CVD=-41153 > Ref=5023? | POC=2084.00 | VAL=2078.00
2026-01-27 13:21:59,924 [INFO]     Scanning NSE:MFSL-EQ (5min) | Range 09:35-10:35 | Price=1587.60 > VAH=1593.60? | CVD=54782 > Ref=2550? | POC=1590.00 | VAL=1587.60
2026-01-27 13:22:00,057 [INFO]     Scanning NSE:RELIANCE-EQ (5min) | Range 09:35-10:35 | Price=1385.00 > VAH=1388.10? | CVD=-563414 > Ref=55368? | POC=1382.85 | VAL=1381.80
2026-01-27 13:22:00,150 [INFO]     Scanning NSE:KPITTECH-EQ (5min) | Range 09:35-10:35 | Price=1100.70 > VAH=1112.25? | CVD=153501 > Ref=11686? | POC=1111.50 | VAL=1110.00
2026-01-27 13:22:00,282 [INFO]     Scanning NSE:LODHA-EQ (5min) | Range 09:35-10:35 | Price=890.20 > VAH=874.35? | CVD=555539 > Ref=44807? | POC=874.35 | VAL=868.55
2026-01-27 13:22:00,398 [INFO]     Scanning NSE:HDFCLIFE-EQ (5min) | Range 09:35-10:35 | Price=716.20 > VAH=714.50? | CVD=-91316 > Ref=17111? | POC=713.50 | VAL=712.50
2026-01-27 13:22:00,480 [INFO]     Scanning NSE:INDHOTEL-EQ (5min) | Range 09:35-10:35 | Price=645.15 > VAH=641.90? | CVD=-169476 > Ref=64541? | POC=641.20 | VAL=640.50
2026-01-27 13:22:00,580 [INFO]     Scanning NSE:ICICIPRULI-EQ (5min) | Range 09:35-10:35 | Price=638.20 > VAH=640.50? | CVD=46351 > Ref=24713? | POC=640.50 | VAL=634.90
2026-01-27 13:22:00,941 [INFO]     Scanning NSE:CGPOWER-EQ (5min) | Range 09:35-10:35 | Price=539.25 > VAH=546.70? | CVD=325731 > Ref=295533? | POC=546.70 | VAL=544.50
2026-01-27 13:22:01,030 [INFO]     Scanning NSE:CONCOR-EQ (5min) | Range 09:35-10:35 | Price=480.40 > VAH=480.90? | CVD=108271 > Ref=15532? | POC=480.20 | VAL=474.60
2026-01-27 13:22:01,135 [INFO]     Scanning NSE:NYKAA-EQ (5min) | Range 09:35-10:35 | Price=234.20 > VAH=236.50? | CVD=364600 > Ref=106592? | POC=235.25 | VAL=235.25
2026-01-27 13:22:01,252 [INFO]     Scanning NSE:INOXWIND-EQ (5min) | Range 09:35-10:35 | Price=103.57 > VAH=103.50? | CVD=91941 > Ref=42362? | POC=103.40 | VAL=102.90
2026-01-27 13:22:01,382 [INFO]     Scanning NSE:NBCC-EQ (5min) | Range 09:35-10:35 | Price=95.20 > VAH=95.75? | CVD=419953 > Ref=195713? | POC=95.70 | VAL=95.40
2026-01-27 13:22:57,761 [INFO] 🔍 Scanning for alerts on 18 symbols (5min)...
2026-01-27 13:22:57,867 [INFO]     Scanning NSE:AMBER-EQ (5min) | Range 13:00-14:00 | Price=5426.00 > VAH=5428.80? | CVD=-29856 > Ref=0? | POC=5424.90 | VAL=5424.90
2026-01-27 13:22:57,942 [INFO]     Scanning NSE:DMART-EQ (5min) | Range 13:00-14:00 | Price=3668.50 > VAH=3672.00? | CVD=-16526 > Ref=1814? | POC=3656.70 | VAL=3656.70
2026-01-27 13:22:58,007 [INFO]     Scanning NSE:KAYNES-EQ (5min) | Range 13:00-14:00 | Price=3332.50 > VAH=3339.25? | CVD=-60935 > Ref=7461? | POC=3335.55 | VAL=3331.85
2026-01-27 13:22:58,108 [INFO]     Scanning NSE:MFSL-EQ (5min) | Range 13:00-14:00 | Price=1586.90 > VAH=1591.20? | CVD=55425 > Ref=2550? | POC=1587.30 | VAL=1586.65
2026-01-27 13:22:58,221 [INFO]     Scanning NSE:RELIANCE-EQ (5min) | Range 13:00-14:00 | Price=1385.90 > VAH=1385.30? | CVD=-535000 > Ref=55368? | POC=1384.95 | VAL=1383.90
2026-01-27 13:22:58,338 [INFO]     Scanning NSE:KPITTECH-EQ (5min) | Range 13:00-14:00 | Price=1100.60 > VAH=1100.45? | CVD=163384 > Ref=11686? | POC=1099.80 | VAL=1098.50
2026-01-27 13:22:58,459 [INFO]     Scanning NSE:LODHA-EQ (5min) | Range 13:00-14:00 | Price=890.90 > VAH=891.20? | CVD=559021 > Ref=44807? | POC=889.60 | VAL=888.00
2026-01-27 13:22:58,588 [INFO]     Scanning NSE:HDFCLIFE-EQ (5min) | Range 13:00-14:00 | Price=715.90 > VAH=716.50? | CVD=-93755 > Ref=17111? | POC=716.25 | VAL=715.75
2026-01-27 13:22:58,696 [INFO]     Scanning NSE:INDHOTEL-EQ (5min) | Range 13:00-14:00 | Price=644.75 > VAH=644.10? | CVD=-179644 > Ref=64541? | POC=643.95 | VAL=643.50
2026-01-27 13:22:58,770 [INFO]     Scanning NSE:ICICIPRULI-EQ (5min) | Range 13:00-14:00 | Price=638.35 > VAH=642.15? | CVD=46390 > Ref=24713? | POC=642.15 | VAL=639.45
2026-01-27 13:22:58,878 [INFO]     Scanning NSE:IRCTC-EQ (5min) | Range 13:00-14:00 | Price=605.20 > VAH=605.00? | CVD=-181686 > Ref=7628? | POC=604.20 | VAL=604.00
2026-01-27 13:23:00,688 [INFO]     Scanning NSE:CGPOWER-EQ (5min) | Range 13:00-14:00 | Price=540.05 > VAH=540.80? | CVD=345206 > Ref=295533? | POC=540.00 | VAL=538.80
2026-01-27 13:23:00,803 [INFO]     Scanning NSE:CONCOR-EQ (5min) | Range 13:00-14:00 | Price=480.40 > VAH=479.70? | CVD=107318 > Ref=15532? | POC=479.70 | VAL=478.50
2026-01-27 13:23:00,931 [INFO]     Scanning NSE:NYKAA-EQ (5min) | Range 13:00-14:00 | Price=234.35 > VAH=234.55? | CVD=368903 > Ref=106592? | POC=234.30 | VAL=234.20
2026-01-27 13:23:01,118 [INFO]     Scanning NSE:ASHOKLEY-EQ (5min) | Range 13:00-14:00 | Price=191.09 > VAH=190.05? | CVD=7833 > Ref=312825? | POC=189.90 | VAL=189.75
2026-01-27 13:23:01,251 [INFO]     Scanning NSE:IEX-EQ (5min) | Range 13:00-14:00 | Price=126.84 > VAH=127.00? | CVD=397428 > Ref=0? | POC=126.50 | VAL=126.40
2026-01-27 13:23:01,384 [INFO] 🔍 Scanning for alerts on 14 symbols (5min)...
2026-01-27 13:23:01,397 [INFO]     Scanning NSE:INOXWIND-EQ (5min) | Range 13:00-14:00 | Price=103.73 > VAH=104.05? | CVD=150798 > Ref=42362? | POC=104.00 | VAL=103.95
2026-01-27 13:23:01,754 [INFO]     Scanning NSE:AMBER-EQ (5min) | Range 09:35-10:35 | Price=5426.00 > VAH=5468.40? | CVD=-29856 > Ref=0? | POC=5459.10 | VAL=5412.60
2026-01-27 13:23:01,777 [INFO]     Scanning NSE:NBCC-EQ (5min) | Range 13:00-14:00 | Price=95.10 > VAH=95.15? | CVD=415360 > Ref=195713? | POC=95.10 | VAL=95.00
2026-01-27 13:23:01,918 [INFO]     Scanning NSE:MANKIND-EQ (5min) | Range 09:35-10:35 | Price=2081.30 > VAH=2084.00? | CVD=-40748 > Ref=5023? | POC=2084.00 | VAL=2078.00
2026-01-27 13:23:02,204 [INFO]     Scanning NSE:MFSL-EQ (5min) | Range 09:35-10:35 | Price=1586.90 > VAH=1593.60? | CVD=55425 > Ref=2550? | POC=1590.00 | VAL=1587.60
2026-01-27 13:23:02,371 [INFO]     Scanning NSE:RELIANCE-EQ (5min) | Range 09:35-10:35 | Price=1386.70 > VAH=1388.10? | CVD=-484295 > Ref=55368? | POC=1382.85 | VAL=1381.80
2026-01-27 13:23:02,518 [INFO]     Scanning NSE:KPITTECH-EQ (5min) | Range 09:35-10:35 | Price=1100.00 > VAH=1112.25? | CVD=162535 > Ref=11686? | POC=1111.50 | VAL=1110.00
2026-01-27 13:23:02,670 [INFO]     Scanning NSE:LODHA-EQ (5min) | Range 09:35-10:35 | Price=891.00 > VAH=874.35? | CVD=562010 > Ref=44807? | POC=874.35 | VAL=868.55
2026-01-27 13:23:02,830 [INFO]     Scanning NSE:HDFCLIFE-EQ (5min) | Range 09:35-10:35 | Price=717.00 > VAH=714.50? | CVD=-87279 > Ref=17111? | POC=713.50 | VAL=712.50
2026-01-27 13:23:02,977 [INFO]     Scanning NSE:INDHOTEL-EQ (5min) | Range 09:35-10:35 | Price=644.75 > VAH=641.90? | CVD=-179644 > Ref=64541? | POC=641.20 | VAL=640.50
2026-01-27 13:23:03,124 [INFO]     Scanning NSE:ICICIPRULI-EQ (5min) | Range 09:35-10:35 | Price=639.65 > VAH=640.50? | CVD=51990 > Ref=24713? | POC=640.50 | VAL=634.90
2026-01-27 13:23:03,275 [INFO]     Scanning NSE:CGPOWER-EQ (5min) | Range 09:35-10:35 | Price=540.60 > VAH=546.70? | CVD=362797 > Ref=295533? | POC=546.70 | VAL=544.50
2026-01-27 13:23:03,420 [INFO]     Scanning NSE:CONCOR-EQ (5min) | Range 09:35-10:35 | Price=480.30 > VAH=480.90? | CVD=106152 > Ref=15532? | POC=480.20 | VAL=474.60
2026-01-27 13:23:04,088 [INFO]     Scanning NSE:NYKAA-EQ (5min) | Range 09:35-10:35 | Price=234.35 > VAH=236.50? | CVD=381393 > Ref=106592? | POC=235.25 | VAL=235.25
2026-01-27 13:23:04,218 [INFO]     Scanning NSE:INOXWIND-EQ (5min) | Range 09:35-10:35 | Price=103.73 > VAH=103.50? | CVD=175187 > Ref=42362? | POC=103.40 | VAL=102.90
2026-01-27 13:23:04,300 [INFO]     Scanning NSE:NBCC-EQ (5min) | Range 09:35-10:35 | Price=95.19 > VAH=95.75? | CVD=418986 > Ref=195713? | POC=95.70 | VAL=95.40
2026-01-27 13:24:01,779 [INFO] 🔍 Scanning for alerts on 18 symbols (5min)...
2026-01-27 13:24:02,059 [INFO]     Scanning NSE:AMBER-EQ (5min) | Range 13:00-14:00 | Price=5426.50 > VAH=5428.80? | CVD=-29424 > Ref=0? | POC=5424.90 | VAL=5424.90
2026-01-27 13:24:02,191 [INFO]     Scanning NSE:DMART-EQ (5min) | Range 13:00-14:00 | Price=3669.10 > VAH=3672.00? | CVD=-16299 > Ref=1814? | POC=3656.70 | VAL=3656.70
2026-01-27 13:24:02,333 [INFO]     Scanning NSE:KAYNES-EQ (5min) | Range 13:00-14:00 | Price=3334.20 > VAH=3339.25? | CVD=-60285 > Ref=7461? | POC=3335.55 | VAL=3331.85
2026-01-27 13:24:02,471 [INFO]     Scanning NSE:MFSL-EQ (5min) | Range 13:00-14:00 | Price=1588.10 > VAH=1591.20? | CVD=56769 > Ref=2550? | POC=1587.30 | VAL=1586.65
2026-01-27 13:24:02,612 [INFO]     Scanning NSE:RELIANCE-EQ (5min) | Range 13:00-14:00 | Price=1386.00 > VAH=1385.55? | CVD=-588095 > Ref=55368? | POC=1384.65 | VAL=1383.30
2026-01-27 13:24:02,741 [INFO]     Scanning NSE:KPITTECH-EQ (5min) | Range 13:00-14:00 | Price=1100.00 > VAH=1100.45? | CVD=162535 > Ref=11686? | POC=1099.80 | VAL=1098.50
2026-01-27 13:24:02,857 [INFO]     Scanning NSE:LODHA-EQ (5min) | Range 13:00-14:00 | Price=891.00 > VAH=891.20? | CVD=562010 > Ref=44807? | POC=889.60 | VAL=888.00
2026-01-27 13:24:02,989 [INFO]     Scanning NSE:HDFCLIFE-EQ (5min) | Range 13:00-14:00 | Price=716.60 > VAH=716.50? | CVD=-93200 > Ref=17111? | POC=716.25 | VAL=715.75
2026-01-27 13:24:03,127 [INFO]     Scanning NSE:INDHOTEL-EQ (5min) | Range 13:00-14:00 | Price=644.80 > VAH=644.10? | CVD=-181537 > Ref=64541? | POC=643.95 | VAL=643.50
2026-01-27 13:24:03,263 [INFO]     Scanning NSE:ICICIPRULI-EQ (5min) | Range 13:00-14:00 | Price=639.65 > VAH=642.15? | CVD=51990 > Ref=24713? | POC=642.15 | VAL=639.00
2026-01-27 13:24:03,398 [INFO]     Scanning NSE:IRCTC-EQ (5min) | Range 13:00-14:00 | Price=605.55 > VAH=605.00? | CVD=-177683 > Ref=7628? | POC=604.20 | VAL=604.00
2026-01-27 13:24:03,512 [INFO]     Scanning NSE:CGPOWER-EQ (5min) | Range 13:00-14:00 | Price=539.80 > VAH=540.80? | CVD=351458 > Ref=295533? | POC=540.00 | VAL=539.20
2026-01-27 13:24:03,622 [INFO]     Scanning NSE:CONCOR-EQ (5min) | Range 13:00-14:00 | Price=480.30 > VAH=479.70? | CVD=106152 > Ref=15532? | POC=479.70 | VAL=478.50
2026-01-27 13:24:03,707 [INFO]     Scanning NSE:NYKAA-EQ (5min) | Range 13:00-14:00 | Price=234.30 > VAH=234.55? | CVD=371260 > Ref=106592? | POC=234.30 | VAL=234.20
2026-01-27 13:24:03,894 [INFO]     Scanning NSE:ASHOKLEY-EQ (5min) | Range 13:00-14:00 | Price=191.14 > VAH=191.10? | CVD=10600 > Ref=312825? | POC=189.90 | VAL=189.75
2026-01-27 13:24:04,010 [INFO]     Scanning NSE:IEX-EQ (5min) | Range 13:00-14:00 | Price=126.92 > VAH=127.00? | CVD=426977 > Ref=0? | POC=126.50 | VAL=126.40
2026-01-27 13:24:04,142 [INFO]     Scanning NSE:INOXWIND-EQ (5min) | Range 13:00-14:00 | Price=103.73 > VAH=104.05? | CVD=175187 > Ref=42362? | POC=104.00 | VAL=103.95
2026-01-27 13:24:04,250 [INFO]     Scanning NSE:NBCC-EQ (5min) | Range 13:00-14:00 | Price=95.19 > VAH=95.15? | CVD=418986 > Ref=195713? | POC=95.10 | VAL=95.00
2026-01-27 13:24:04,301 [INFO] 🔍 Scanning for alerts on 14 symbols (5min)...
2026-01-27 13:24:04,485 [INFO]     Scanning NSE:AMBER-EQ (5min) | Range 09:35-10:35 | Price=5426.50 > VAH=5468.40? | CVD=-29424 > Ref=0? | POC=5459.10 | VAL=5412.60
2026-01-27 13:24:04,617 [INFO]     Scanning NSE:MANKIND-EQ (5min) | Range 09:35-10:35 | Price=2079.50 > VAH=2084.00? | CVD=-40696 > Ref=5023? | POC=2084.00 | VAL=2078.00
2026-01-27 13:24:04,734 [INFO]     Scanning NSE:MFSL-EQ (5min) | Range 09:35-10:35 | Price=1588.50 > VAH=1593.60? | CVD=57843 > Ref=2550? | POC=1590.00 | VAL=1587.60
2026-01-27 13:24:04,950 [INFO]     Scanning NSE:RELIANCE-EQ (5min) | Range 09:35-10:35 | Price=1386.00 > VAH=1388.10? | CVD=-588095 > Ref=55368? | POC=1382.85 | VAL=1381.80
2026-01-27 13:24:05,059 [INFO]     Scanning NSE:KPITTECH-EQ (5min) | Range 09:35-10:35 | Price=1099.90 > VAH=1112.25? | CVD=162511 > Ref=11686? | POC=1111.50 | VAL=1110.00
2026-01-27 13:24:05,150 [INFO]     Scanning NSE:LODHA-EQ (5min) | Range 09:35-10:35 | Price=890.50 > VAH=874.35? | CVD=564948 > Ref=44807? | POC=874.35 | VAL=868.55
2026-01-27 13:24:05,241 [INFO]     Scanning NSE:HDFCLIFE-EQ (5min) | Range 09:35-10:35 | Price=716.60 > VAH=714.50? | CVD=-93200 > Ref=17111? | POC=713.50 | VAL=712.50
2026-01-27 13:24:05,352 [INFO]     Scanning NSE:INDHOTEL-EQ (5min) | Range 09:35-10:35 | Price=644.80 > VAH=641.90? | CVD=-181537 > Ref=64541? | POC=641.20 | VAL=640.50
2026-01-27 13:24:05,441 [INFO]     Scanning NSE:ICICIPRULI-EQ (5min) | Range 09:35-10:35 | Price=639.30 > VAH=640.50? | CVD=50613 > Ref=24713? | POC=640.50 | VAL=634.90
2026-01-27 13:24:05,551 [INFO]     Scanning NSE:CGPOWER-EQ (5min) | Range 09:35-10:35 | Price=539.80 > VAH=546.70? | CVD=351458 > Ref=295533? | POC=546.70 | VAL=544.50
2026-01-27 13:24:05,672 [INFO]     Scanning NSE:CONCOR-EQ (5min) | Range 09:35-10:35 | Price=480.25 > VAH=480.90? | CVD=106702 > Ref=15532? | POC=480.20 | VAL=474.60
2026-01-27 13:24:05,785 [INFO]     Scanning NSE:NYKAA-EQ (5min) | Range 09:35-10:35 | Price=234.30 > VAH=236.50? | CVD=371260 > Ref=106592? | POC=235.25 | VAL=235.25
2026-01-27 13:24:05,861 [INFO]     Scanning NSE:INOXWIND-EQ (5min) | Range 09:35-10:35 | Price=103.69 > VAH=103.50? | CVD=173966 > Ref=42362? | POC=103.40 | VAL=102.90
2026-01-27 13:24:05,975 [INFO]     Scanning NSE:NBCC-EQ (5min) | Range 09:35-10:35 | Price=95.20 > VAH=95.75? | CVD=424304 > Ref=195713? | POC=95.70 | VAL=95.40
2026-01-27 13:25:04,252 [INFO] 🔍 Scanning for alerts on 18 symbols (5min)...
2026-01-27 13:25:04,391 [INFO]     Scanning NSE:AMBER-EQ (5min) | Range 13:00-14:00 | Price=5430.00 > VAH=5428.80? | CVD=-28568 > Ref=0? | POC=5424.90 | VAL=5424.90
2026-01-27 13:25:04,527 [INFO]     Scanning NSE:DMART-EQ (5min) | Range 13:00-14:00 | Price=3663.30 > VAH=3672.00? | CVD=-18308 > Ref=1814? | POC=3656.70 | VAL=3656.70
2026-01-27 13:25:04,650 [INFO] 🚀 [STRATEGY ALERT] NSE:KAYNES-EQ (5min) triggered at 13:20!
2026-01-27 13:25:04,651 [INFO]     ✅ Price: 3328.10 < FRVP VAL: 3330.40
2026-01-27 13:25:04,651 [INFO]     ✅ CVD:   -73866 < CVD Ref:  7461
2026-01-27 13:25:04,652 [INFO]     ℹ️  FRVP Info: POC=3335.00, VAL=3330.40
2026-01-27 13:25:04,652 [INFO]     Scanning NSE:KAYNES-EQ (5min) | Range 13:00-14:00 | Price=3328.10 > VAH=3337.30? | CVD=-73866 > Ref=7461? | POC=3335.00 | VAL=3330.40
2026-01-27 13:25:04,765 [INFO]     Scanning NSE:MFSL-EQ (5min) | Range 13:00-14:00 | Price=1590.40 > VAH=1590.55? | CVD=59457 > Ref=2550? | POC=1587.95 | VAL=1586.65
2026-01-27 13:25:04,890 [INFO]     Scanning NSE:RELIANCE-EQ (5min) | Range 13:00-14:00 | Price=1386.80 > VAH=1386.00? | CVD=-484860 > Ref=55368? | POC=1384.65 | VAL=1383.30
2026-01-27 13:25:05,014 [INFO]     Scanning NSE:KPITTECH-EQ (5min) | Range 13:00-14:00 | Price=1100.00 > VAH=1100.45? | CVD=162560 > Ref=11686? | POC=1099.80 | VAL=1098.50
2026-01-27 13:25:05,146 [INFO]     Scanning NSE:LODHA-EQ (5min) | Range 13:00-14:00 | Price=891.00 > VAH=891.20? | CVD=566957 > Ref=44807? | POC=889.60 | VAL=888.00
2026-01-27 13:25:05,269 [INFO]     Scanning NSE:HDFCLIFE-EQ (5min) | Range 13:00-14:00 | Price=717.10 > VAH=716.75? | CVD=-82791 > Ref=17111? | POC=716.25 | VAL=715.75
2026-01-27 13:25:05,378 [INFO]     Scanning NSE:INDHOTEL-EQ (5min) | Range 13:00-14:00 | Price=645.10 > VAH=644.10? | CVD=-177716 > Ref=64541? | POC=643.95 | VAL=643.50
2026-01-27 13:25:05,496 [INFO]     Scanning NSE:ICICIPRULI-EQ (5min) | Range 13:00-14:00 | Price=639.65 > VAH=642.15? | CVD=50910 > Ref=24713? | POC=642.15 | VAL=639.00
2026-01-27 13:25:05,603 [INFO]     Scanning NSE:IRCTC-EQ (5min) | Range 13:00-14:00 | Price=605.65 > VAH=605.20? | CVD=-179679 > Ref=7628? | POC=604.20 | VAL=604.00
2026-01-27 13:25:05,676 [INFO]     Scanning NSE:CGPOWER-EQ (5min) | Range 13:00-14:00 | Price=539.90 > VAH=540.80? | CVD=358464 > Ref=295533? | POC=540.00 | VAL=539.20
2026-01-27 13:25:05,785 [INFO]     Scanning NSE:CONCOR-EQ (5min) | Range 13:00-14:00 | Price=480.65 > VAH=479.70? | CVD=109008 > Ref=15532? | POC=479.70 | VAL=478.50
2026-01-27 13:25:05,868 [INFO]     Scanning NSE:NYKAA-EQ (5min) | Range 13:00-14:00 | Price=234.35 > VAH=234.55? | CVD=372112 > Ref=106592? | POC=234.30 | VAL=234.20
2026-01-27 13:25:05,966 [INFO]     Scanning NSE:ASHOKLEY-EQ (5min) | Range 13:00-14:00 | Price=191.11 > VAH=191.10? | CVD=24564 > Ref=312825? | POC=189.90 | VAL=189.75
2026-01-27 13:25:05,977 [INFO] 🔍 Scanning for alerts on 14 symbols (5min)...
2026-01-27 13:25:06,108 [INFO]     Scanning NSE:AMBER-EQ (5min) | Range 09:35-10:35 | Price=5427.50 > VAH=5468.40? | CVD=-29349 > Ref=0? | POC=5459.10 | VAL=5412.60
2026-01-27 13:25:06,123 [INFO]     Scanning NSE:IEX-EQ (5min) | Range 13:00-14:00 | Price=126.66 > VAH=127.00? | CVD=415570 > Ref=0? | POC=126.50 | VAL=126.40
2026-01-27 13:25:06,216 [INFO]     Scanning NSE:MANKIND-EQ (5min) | Range 09:35-10:35 | Price=2081.20 > VAH=2084.00? | CVD=-40192 > Ref=5023? | POC=2084.00 | VAL=2078.00
2026-01-27 13:25:06,231 [INFO]     Scanning NSE:INOXWIND-EQ (5min) | Range 13:00-14:00 | Price=103.61 > VAH=104.10? | CVD=167716 > Ref=42362? | POC=104.00 | VAL=103.95
2026-01-27 13:25:06,331 [INFO]     Scanning NSE:MFSL-EQ (5min) | Range 09:35-10:35 | Price=1590.40 > VAH=1593.60? | CVD=59457 > Ref=2550? | POC=1590.00 | VAL=1587.60
2026-01-27 13:25:06,344 [INFO]     Scanning NSE:NBCC-EQ (5min) | Range 13:00-14:00 | Price=95.21 > VAH=95.20? | CVD=428363 > Ref=195713? | POC=95.10 | VAL=95.05
2026-01-27 13:25:06,435 [INFO]     Scanning NSE:RELIANCE-EQ (5min) | Range 09:35-10:35 | Price=1386.80 > VAH=1388.10? | CVD=-484860 > Ref=55368? | POC=1382.85 | VAL=1381.80
2026-01-27 13:25:06,523 [INFO]     Scanning NSE:KPITTECH-EQ (5min) | Range 09:35-10:35 | Price=1100.00 > VAH=1112.25? | CVD=162560 > Ref=11686? | POC=1111.50 | VAL=1110.00
2026-01-27 13:25:06,752 [INFO]     Scanning NSE:LODHA-EQ (5min) | Range 09:35-10:35 | Price=891.00 > VAH=874.35? | CVD=566957 > Ref=44807? | POC=874.35 | VAL=868.55
2026-01-27 13:25:06,858 [INFO]     Scanning NSE:HDFCLIFE-EQ (5min) | Range 09:35-10:35 | Price=717.10 > VAH=714.50? | CVD=-82791 > Ref=17111? | POC=713.50 | VAL=712.50
2026-01-27 13:25:06,944 [INFO]     Scanning NSE:INDHOTEL-EQ (5min) | Range 09:35-10:35 | Price=645.10 > VAH=641.90? | CVD=-177716 > Ref=64541? | POC=641.20 | VAL=640.50
2026-01-27 13:25:07,032 [INFO]     Scanning NSE:ICICIPRULI-EQ (5min) | Range 09:35-10:35 | Price=639.65 > VAH=640.50? | CVD=50910 > Ref=24713? | POC=640.50 | VAL=634.90
2026-01-27 13:25:07,147 [INFO]     Scanning NSE:CGPOWER-EQ (5min) | Range 09:35-10:35 | Price=539.90 > VAH=546.70? | CVD=358464 > Ref=295533? | POC=546.70 | VAL=544.50
2026-01-27 13:25:07,277 [INFO]     Scanning NSE:CONCOR-EQ (5min) | Range 09:35-10:35 | Price=480.65 > VAH=480.90? | CVD=109008 > Ref=15532? | POC=480.20 | VAL=474.60
2026-01-27 13:25:07,376 [INFO]     Scanning NSE:NYKAA-EQ (5min) | Range 09:35-10:35 | Price=234.35 > VAH=236.50? | CVD=372112 > Ref=106592? | POC=235.25 | VAL=235.25
2026-01-27 13:25:07,501 [INFO]     Scanning NSE:INOXWIND-EQ (5min) | Range 09:35-10:35 | Price=103.61 > VAH=103.50? | CVD=167716 > Ref=42362? | POC=103.40 | VAL=102.90
2026-01-27 13:25:07,589 [INFO]     Scanning NSE:NBCC-EQ (5min) | Range 09:35-10:35 | Price=95.21 > VAH=95.75? | CVD=428363 > Ref=195713? | POC=95.70 | VAL=95.40
2026-01-27 13:26:06,345 [INFO] 🔍 Scanning for alerts on 17 symbols (5min)...
2026-01-27 13:26:06,462 [INFO]     Scanning NSE:AMBER-EQ (5min) | Range 13:00-14:00 | Price=5430.50 > VAH=5428.80? | CVD=-28492 > Ref=0? | POC=5424.90 | VAL=5424.90
2026-01-27 13:26:06,560 [INFO]     Scanning NSE:DMART-EQ (5min) | Range 13:00-14:00 | Price=3662.90 > VAH=3672.00? | CVD=-18741 > Ref=1814? | POC=3656.70 | VAL=3656.70
2026-01-27 13:26:06,652 [INFO]     Scanning NSE:MFSL-EQ (5min) | Range 13:00-14:00 | Price=1590.00 > VAH=1589.90? | CVD=57879 > Ref=2550? | POC=1587.95 | VAL=1586.65
2026-01-27 13:26:06,740 [INFO]     Scanning NSE:RELIANCE-EQ (5min) | Range 13:00-14:00 | Price=1386.40 > VAH=1386.45? | CVD=-559163 > Ref=55368? | POC=1384.65 | VAL=1384.20
2026-01-27 13:26:06,831 [INFO]     Scanning NSE:KPITTECH-EQ (5min) | Range 13:00-14:00 | Price=1099.60 > VAH=1100.45? | CVD=162296 > Ref=11686? | POC=1099.80 | VAL=1098.50
2026-01-27 13:26:06,939 [INFO]     Scanning NSE:LODHA-EQ (5min) | Range 13:00-14:00 | Price=890.60 > VAH=891.20? | CVD=561740 > Ref=44807? | POC=889.60 | VAL=888.00
2026-01-27 13:26:07,047 [INFO]     Scanning NSE:HDFCLIFE-EQ (5min) | Range 13:00-14:00 | Price=716.80 > VAH=716.75? | CVD=-85105 > Ref=17111? | POC=716.25 | VAL=715.75
2026-01-27 13:26:07,161 [INFO]     Scanning NSE:INDHOTEL-EQ (5min) | Range 13:00-14:00 | Price=644.90 > VAH=644.10? | CVD=-179465 > Ref=64541? | POC=643.95 | VAL=643.50
2026-01-27 13:26:07,359 [INFO]     Scanning NSE:ICICIPRULI-EQ (5min) | Range 13:00-14:00 | Price=639.55 > VAH=642.15? | CVD=49834 > Ref=24713? | POC=642.15 | VAL=639.00
2026-01-27 13:26:07,459 [INFO]     Scanning NSE:IRCTC-EQ (5min) | Range 13:00-14:00 | Price=605.45 > VAH=605.20? | CVD=-180457 > Ref=7628? | POC=604.20 | VAL=604.00
2026-01-27 13:26:07,533 [INFO]     Scanning NSE:CGPOWER-EQ (5min) | Range 13:00-14:00 | Price=539.65 > VAH=540.80? | CVD=347557 > Ref=295533? | POC=540.00 | VAL=539.20
2026-01-27 13:26:07,590 [INFO] 🔍 Scanning for alerts on 14 symbols (5min)...
2026-01-27 13:26:07,672 [INFO]     Scanning NSE:AMBER-EQ (5min) | Range 09:35-10:35 | Price=5430.50 > VAH=5468.40? | CVD=-28492 > Ref=0? | POC=5459.10 | VAL=5412.60
2026-01-27 13:26:07,672 [INFO]     Scanning NSE:CONCOR-EQ (5min) | Range 13:00-14:00 | Price=480.80 > VAH=479.70? | CVD=117183 > Ref=15532? | POC=479.70 | VAL=478.50
2026-01-27 13:26:07,796 [INFO]     Scanning NSE:NYKAA-EQ (5min) | Range 13:00-14:00 | Price=234.40 > VAH=234.55? | CVD=375962 > Ref=106592? | POC=234.30 | VAL=234.20
2026-01-27 13:26:07,806 [INFO]     Scanning NSE:MANKIND-EQ (5min) | Range 09:35-10:35 | Price=2080.80 > VAH=2084.00? | CVD=-39760 > Ref=5023? | POC=2084.00 | VAL=2078.00
2026-01-27 13:26:07,926 [INFO]     Scanning NSE:MFSL-EQ (5min) | Range 09:35-10:35 | Price=1590.00 > VAH=1593.60? | CVD=57879 > Ref=2550? | POC=1590.00 | VAL=1587.60
2026-01-27 13:26:07,950 [INFO]     Scanning NSE:ASHOKLEY-EQ (5min) | Range 13:00-14:00 | Price=191.18 > VAH=191.10? | CVD=82354 > Ref=312825? | POC=189.90 | VAL=189.75
2026-01-27 13:26:08,036 [INFO]     Scanning NSE:RELIANCE-EQ (5min) | Range 09:35-10:35 | Price=1386.40 > VAH=1388.10? | CVD=-559163 > Ref=55368? | POC=1382.85 | VAL=1381.80
2026-01-27 13:26:08,039 [INFO]     Scanning NSE:IEX-EQ (5min) | Range 13:00-14:00 | Price=126.78 > VAH=127.00? | CVD=501416 > Ref=0? | POC=126.50 | VAL=126.50
2026-01-27 13:26:08,120 [INFO]     Scanning NSE:KPITTECH-EQ (5min) | Range 09:35-10:35 | Price=1099.60 > VAH=1112.25? | CVD=162296 > Ref=11686? | POC=1111.50 | VAL=1110.00
2026-01-27 13:26:08,135 [INFO]     Scanning NSE:INOXWIND-EQ (5min) | Range 13:00-14:00 | Price=103.66 > VAH=104.10? | CVD=173583 > Ref=42362? | POC=104.00 | VAL=103.95
2026-01-27 13:26:08,221 [INFO]     Scanning NSE:NBCC-EQ (5min) | Range 13:00-14:00 | Price=95.18 > VAH=95.20? | CVD=427500 > Ref=195713? | POC=95.10 | VAL=95.05
2026-01-27 13:26:08,226 [INFO]     Scanning NSE:LODHA-EQ (5min) | Range 09:35-10:35 | Price=890.60 > VAH=874.35? | CVD=561740 > Ref=44807? | POC=874.35 | VAL=868.55
2026-01-27 13:26:08,337 [INFO]     Scanning NSE:HDFCLIFE-EQ (5min) | Range 09:35-10:35 | Price=716.80 > VAH=714.50? | CVD=-85105 > Ref=17111? | POC=713.50 | VAL=712.50
2026-01-27 13:26:08,455 [INFO]     Scanning NSE:INDHOTEL-EQ (5min) | Range 09:35-10:35 | Price=644.90 > VAH=641.90? | CVD=-179465 > Ref=64541? | POC=641.20 | VAL=640.50
2026-01-27 13:26:08,567 [INFO]     Scanning NSE:ICICIPRULI-EQ (5min) | Range 09:35-10:35 | Price=639.55 > VAH=640.50? | CVD=49834 > Ref=24713? | POC=640.50 | VAL=634.90
2026-01-27 13:26:08,693 [INFO]     Scanning NSE:CGPOWER-EQ (5min) | Range 09:35-10:35 | Price=539.65 > VAH=546.70? | CVD=347557 > Ref=295533? | POC=546.70 | VAL=544.50
2026-01-27 13:26:08,807 [INFO]     Scanning NSE:CONCOR-EQ (5min) | Range 09:35-10:35 | Price=480.80 > VAH=480.90? | CVD=117183 > Ref=15532? | POC=480.20 | VAL=474.60
2026-01-27 13:26:08,925 [INFO]     Scanning NSE:NYKAA-EQ (5min) | Range 09:35-10:35 | Price=234.40 > VAH=236.50? | CVD=375962 > Ref=106592? | POC=235.25 | VAL=235.25
2026-01-27 13:26:09,033 [INFO]     Scanning NSE:INOXWIND-EQ (5min) | Range 09:35-10:35 | Price=103.66 > VAH=103.50? | CVD=173583 > Ref=42362? | POC=103.40 | VAL=102.90
2026-01-27 13:26:09,128 [INFO]     Scanning NSE:NBCC-EQ (5min) | Range 09:35-10:35 | Price=95.18 > VAH=95.75? | CVD=427500 > Ref=195713? | POC=95.70 | VAL=95.40
2026-01-27 13:27:08,223 [INFO] 🔍 Scanning for alerts on 17 symbols (5min)...
2026-01-27 13:27:08,350 [INFO]     Scanning NSE:AMBER-EQ (5min) | Range 13:00-14:00 | Price=5428.50 > VAH=5428.80? | CVD=-29155 > Ref=0? | POC=5424.90 | VAL=5424.90
2026-01-27 13:27:08,459 [INFO]     Scanning NSE:DMART-EQ (5min) | Range 13:00-14:00 | Price=3664.00 > VAH=3672.00? | CVD=-18638 > Ref=1814? | POC=3656.70 | VAL=3656.70
2026-01-27 13:27:08,560 [INFO]     Scanning NSE:MFSL-EQ (5min) | Range 13:00-14:00 | Price=1591.50 > VAH=1590.55? | CVD=59896 > Ref=2550? | POC=1587.95 | VAL=1587.30
2026-01-27 13:27:08,672 [INFO]     Scanning NSE:RELIANCE-EQ (5min) | Range 13:00-14:00 | Price=1385.80 > VAH=1386.45? | CVD=-630202 > Ref=55368? | POC=1384.65 | VAL=1384.20
2026-01-27 13:27:08,744 [INFO]     Scanning NSE:KPITTECH-EQ (5min) | Range 13:00-14:00 | Price=1099.60 > VAH=1100.45? | CVD=161831 > Ref=11686? | POC=1099.80 | VAL=1098.50
2026-01-27 13:27:08,839 [INFO]     Scanning NSE:LODHA-EQ (5min) | Range 13:00-14:00 | Price=890.80 > VAH=891.20? | CVD=558479 > Ref=44807? | POC=889.60 | VAL=888.00
2026-01-27 13:27:08,945 [INFO]     Scanning NSE:HDFCLIFE-EQ (5min) | Range 13:00-14:00 | Price=716.65 > VAH=716.75? | CVD=-88312 > Ref=17111? | POC=716.25 | VAL=715.75
2026-01-27 13:27:09,017 [INFO]     Scanning NSE:INDHOTEL-EQ (5min) | Range 13:00-14:00 | Price=644.55 > VAH=644.70? | CVD=-186008 > Ref=64541? | POC=643.95 | VAL=643.80
2026-01-27 13:27:09,084 [INFO]     Scanning NSE:ICICIPRULI-EQ (5min) | Range 13:00-14:00 | Price=639.40 > VAH=642.15? | CVD=49960 > Ref=24713? | POC=642.15 | VAL=639.00
2026-01-27 13:27:09,130 [INFO] 🔍 Scanning for alerts on 14 symbols (5min)...
2026-01-27 13:27:09,198 [INFO]     Scanning NSE:IRCTC-EQ (5min) | Range 13:00-14:00 | Price=605.10 > VAH=605.20? | CVD=-181866 > Ref=7628? | POC=604.20 | VAL=604.00
2026-01-27 13:27:09,246 [INFO]     Scanning NSE:AMBER-EQ (5min) | Range 09:35-10:35 | Price=5428.50 > VAH=5468.40? | CVD=-29155 > Ref=0? | POC=5459.10 | VAL=5412.60
2026-01-27 13:27:09,319 [INFO]     Scanning NSE:CGPOWER-EQ (5min) | Range 13:00-14:00 | Price=539.60 > VAH=540.80? | CVD=336682 > Ref=295533? | POC=540.00 | VAL=539.20
2026-01-27 13:27:09,326 [INFO]     Scanning NSE:MANKIND-EQ (5min) | Range 09:35-10:35 | Price=2079.70 > VAH=2084.00? | CVD=-40126 > Ref=5023? | POC=2084.00 | VAL=2078.00
2026-01-27 13:27:09,410 [INFO]     Scanning NSE:MFSL-EQ (5min) | Range 09:35-10:35 | Price=1591.50 > VAH=1593.60? | CVD=59896 > Ref=2550? | POC=1590.00 | VAL=1587.60
2026-01-27 13:27:09,425 [INFO]     Scanning NSE:CONCOR-EQ (5min) | Range 13:00-14:00 | Price=480.70 > VAH=479.70? | CVD=116519 > Ref=15532? | POC=479.70 | VAL=478.50
2026-01-27 13:27:09,642 [INFO]     Scanning NSE:RELIANCE-EQ (5min) | Range 09:35-10:35 | Price=1385.80 > VAH=1388.10? | CVD=-630202 > Ref=55368? | POC=1382.85 | VAL=1381.80
2026-01-27 13:27:09,655 [INFO]     Scanning NSE:NYKAA-EQ (5min) | Range 13:00-14:00 | Price=234.40 > VAH=234.55? | CVD=378253 > Ref=106592? | POC=234.30 | VAL=234.20
2026-01-27 13:27:09,733 [INFO]     Scanning NSE:KPITTECH-EQ (5min) | Range 09:35-10:35 | Price=1099.60 > VAH=1112.25? | CVD=161831 > Ref=11686? | POC=1111.50 | VAL=1110.00
2026-01-27 13:27:09,816 [INFO]     Scanning NSE:ASHOKLEY-EQ (5min) | Range 13:00-14:00 | Price=191.15 > VAH=191.10? | CVD=63118 > Ref=312825? | POC=189.90 | VAL=189.75
2026-01-27 13:27:09,872 [INFO]     Scanning NSE:LODHA-EQ (5min) | Range 09:35-10:35 | Price=890.80 > VAH=874.35? | CVD=558479 > Ref=44807? | POC=874.35 | VAL=868.55
2026-01-27 13:27:09,934 [INFO]     Scanning NSE:IEX-EQ (5min) | Range 13:00-14:00 | Price=126.83 > VAH=127.00? | CVD=506319 > Ref=0? | POC=126.80 | VAL=126.50
2026-01-27 13:27:09,973 [INFO]     Scanning NSE:HDFCLIFE-EQ (5min) | Range 09:35-10:35 | Price=716.65 > VAH=714.50? | CVD=-88312 > Ref=17111? | POC=713.50 | VAL=712.50
2026-01-27 13:27:10,030 [INFO]     Scanning NSE:INOXWIND-EQ (5min) | Range 13:00-14:00 | Price=103.61 > VAH=104.10? | CVD=150706 > Ref=42362? | POC=104.00 | VAL=103.95
2026-01-27 13:27:10,091 [INFO]     Scanning NSE:INDHOTEL-EQ (5min) | Range 09:35-10:35 | Price=644.55 > VAH=641.90? | CVD=-186008 > Ref=64541? | POC=641.20 | VAL=640.50
2026-01-27 13:27:10,159 [INFO]     Scanning NSE:NBCC-EQ (5min) | Range 13:00-14:00 | Price=95.14 > VAH=95.20? | CVD=424131 > Ref=195713? | POC=95.10 | VAL=95.05
2026-01-27 13:27:10,175 [INFO]     Scanning NSE:ICICIPRULI-EQ (5min) | Range 09:35-10:35 | Price=639.40 > VAH=640.50? | CVD=49960 > Ref=24713? | POC=640.50 | VAL=634.90
2026-01-27 13:27:10,256 [INFO]     Scanning NSE:CGPOWER-EQ (5min) | Range 09:35-10:35 | Price=539.60 > VAH=546.70? | CVD=336682 > Ref=295533? | POC=546.70 | VAL=544.50
2026-01-27 13:27:10,369 [INFO]     Scanning NSE:CONCOR-EQ (5min) | Range 09:35-10:35 | Price=480.70 > VAH=480.90? | CVD=116519 > Ref=15532? | POC=480.20 | VAL=474.60
2026-01-27 13:27:10,492 [INFO]     Scanning NSE:NYKAA-EQ (5min) | Range 09:35-10:35 | Price=234.40 > VAH=236.50? | CVD=378253 > Ref=106592? | POC=235.25 | VAL=235.25
2026-01-27 13:27:10,577 [INFO]     Scanning NSE:INOXWIND-EQ (5min) | Range 09:35-10:35 | Price=103.61 > VAH=103.50? | CVD=150706 > Ref=42362? | POC=103.40 | VAL=102.90
2026-01-27 13:27:10,691 [INFO]     Scanning NSE:NBCC-EQ (5min) | Range 09:35-10:35 | Price=95.14 > VAH=95.75? | CVD=424131 > Ref=195713? | POC=95.70 | VAL=95.40
2026-01-27 13:28:10,160 [INFO] 🔍 Scanning for alerts on 17 symbols (5min)...
2026-01-27 13:28:10,283 [INFO]     Scanning NSE:AMBER-EQ (5min) | Range 13:00-14:00 | Price=5445.00 > VAH=5430.00? | CVD=-28316 > Ref=0? | POC=5426.00 | VAL=5424.00
2026-01-27 13:28:10,390 [INFO]     Scanning NSE:DMART-EQ (5min) | Range 13:00-14:00 | Price=3665.00 > VAH=3672.00? | CVD=-17499 > Ref=1814? | POC=3656.70 | VAL=3656.70
2026-01-27 13:28:10,480 [INFO]     Scanning NSE:MFSL-EQ (5min) | Range 13:00-14:00 | Price=1593.40 > VAH=1590.40? | CVD=61751 > Ref=2550? | POC=1588.30 | VAL=1586.90
2026-01-27 13:28:10,593 [INFO]     Scanning NSE:RELIANCE-EQ (5min) | Range 13:00-14:00 | Price=1386.80 > VAH=1386.45? | CVD=-462591 > Ref=55368? | POC=1385.55 | VAL=1384.20
2026-01-27 13:28:10,668 [INFO]     Scanning NSE:KPITTECH-EQ (5min) | Range 13:00-14:00 | Price=1099.50 > VAH=1100.45? | CVD=160654 > Ref=11686? | POC=1099.80 | VAL=1098.50
2026-01-27 13:28:10,693 [INFO] 🔍 Scanning for alerts on 14 symbols (5min)...
2026-01-27 13:28:10,791 [INFO]     Scanning NSE:LODHA-EQ (5min) | Range 13:00-14:00 | Price=891.00 > VAH=891.20? | CVD=561475 > Ref=44807? | POC=889.60 | VAL=888.00
2026-01-27 13:28:10,835 [INFO]     Scanning NSE:AMBER-EQ (5min) | Range 09:35-10:35 | Price=5445.00 > VAH=5468.40? | CVD=-28316 > Ref=0? | POC=5459.10 | VAL=5412.60
2026-01-27 13:28:10,903 [INFO]     Scanning NSE:HDFCLIFE-EQ (5min) | Range 13:00-14:00 | Price=716.95 > VAH=716.75? | CVD=-86186 > Ref=17111? | POC=716.25 | VAL=715.75
2026-01-27 13:28:10,942 [INFO]     Scanning NSE:MANKIND-EQ (5min) | Range 09:35-10:35 | Price=2079.80 > VAH=2084.00? | CVD=-39545 > Ref=5023? | POC=2084.00 | VAL=2078.00
2026-01-27 13:28:11,020 [INFO]     Scanning NSE:INDHOTEL-EQ (5min) | Range 13:00-14:00 | Price=644.85 > VAH=644.70? | CVD=-181390 > Ref=64541? | POC=643.95 | VAL=643.80
2026-01-27 13:28:11,065 [INFO]     Scanning NSE:MFSL-EQ (5min) | Range 09:35-10:35 | Price=1593.40 > VAH=1593.60? | CVD=61751 > Ref=2550? | POC=1590.00 | VAL=1587.60
2026-01-27 13:28:11,144 [INFO]     Scanning NSE:ICICIPRULI-EQ (5min) | Range 13:00-14:00 | Price=640.05 > VAH=642.15? | CVD=51480 > Ref=24713? | POC=642.15 | VAL=639.00
2026-01-27 13:28:11,193 [INFO]     Scanning NSE:RELIANCE-EQ (5min) | Range 09:35-10:35 | Price=1386.80 > VAH=1388.10? | CVD=-462591 > Ref=55368? | POC=1382.85 | VAL=1381.80
2026-01-27 13:28:11,247 [INFO]     Scanning NSE:IRCTC-EQ (5min) | Range 13:00-14:00 | Price=605.80 > VAH=605.25? | CVD=-178668 > Ref=7628? | POC=604.25 | VAL=604.00
2026-01-27 13:28:11,313 [INFO]     Scanning NSE:KPITTECH-EQ (5min) | Range 09:35-10:35 | Price=1099.50 > VAH=1112.25? | CVD=160654 > Ref=11686? | POC=1111.50 | VAL=1110.00
2026-01-27 13:28:11,338 [INFO]     Scanning NSE:CGPOWER-EQ (5min) | Range 13:00-14:00 | Price=539.70 > VAH=540.80? | CVD=347687 > Ref=295533? | POC=540.00 | VAL=539.20
2026-01-27 13:28:11,422 [INFO]     Scanning NSE:CONCOR-EQ (5min) | Range 13:00-14:00 | Price=480.60 > VAH=479.70? | CVD=115572 > Ref=15532? | POC=479.70 | VAL=478.50
2026-01-27 13:28:11,431 [INFO]     Scanning NSE:LODHA-EQ (5min) | Range 09:35-10:35 | Price=891.00 > VAH=874.35? | CVD=561475 > Ref=44807? | POC=874.35 | VAL=868.55
2026-01-27 13:28:11,526 [INFO]     Scanning NSE:HDFCLIFE-EQ (5min) | Range 09:35-10:35 | Price=716.95 > VAH=714.50? | CVD=-86186 > Ref=17111? | POC=713.50 | VAL=712.50
2026-01-27 13:28:11,537 [INFO]     Scanning NSE:NYKAA-EQ (5min) | Range 13:00-14:00 | Price=234.40 > VAH=234.55? | CVD=380594 > Ref=106592? | POC=234.30 | VAL=234.20
2026-01-27 13:28:11,622 [INFO]     Scanning NSE:INDHOTEL-EQ (5min) | Range 09:35-10:35 | Price=644.85 > VAH=641.90? | CVD=-181390 > Ref=64541? | POC=641.20 | VAL=640.50
2026-01-27 13:28:11,652 [INFO]     Scanning NSE:ASHOKLEY-EQ (5min) | Range 13:00-14:00 | Price=191.22 > VAH=191.10? | CVD=80203 > Ref=312825? | POC=189.90 | VAL=189.75
2026-01-27 13:28:11,735 [INFO]     Scanning NSE:IEX-EQ (5min) | Range 13:00-14:00 | Price=126.94 > VAH=127.00? | CVD=513156 > Ref=0? | POC=126.80 | VAL=126.50
2026-01-27 13:28:11,747 [INFO]     Scanning NSE:ICICIPRULI-EQ (5min) | Range 09:35-10:35 | Price=640.05 > VAH=640.50? | CVD=51480 > Ref=24713? | POC=640.50 | VAL=634.90
2026-01-27 13:28:11,830 [INFO]     Scanning NSE:INOXWIND-EQ (5min) | Range 13:00-14:00 | Price=103.72 > VAH=104.10? | CVD=158041 > Ref=42362? | POC=104.00 | VAL=103.95
2026-01-27 13:28:11,860 [INFO]     Scanning NSE:CGPOWER-EQ (5min) | Range 09:35-10:35 | Price=539.70 > VAH=546.70? | CVD=347687 > Ref=295533? | POC=546.70 | VAL=544.50
2026-01-27 13:28:11,935 [INFO]     Scanning NSE:CONCOR-EQ (5min) | Range 09:35-10:35 | Price=480.60 > VAH=480.90? | CVD=115572 > Ref=15532? | POC=480.20 | VAL=474.60
2026-01-27 13:28:11,946 [INFO]     Scanning NSE:NBCC-EQ (5min) | Range 13:00-14:00 | Price=95.12 > VAH=95.20? | CVD=419433 > Ref=195713? | POC=95.10 | VAL=95.05
2026-01-27 13:28:12,051 [INFO]     Scanning NSE:NYKAA-EQ (5min) | Range 09:35-10:35 | Price=234.40 > VAH=236.50? | CVD=380594 > Ref=106592? | POC=235.25 | VAL=235.25
2026-01-27 13:28:12,188 [INFO]     Scanning NSE:INOXWIND-EQ (5min) | Range 09:35-10:35 | Price=103.72 > VAH=103.50? | CVD=158041 > Ref=42362? | POC=103.40 | VAL=102.90
2026-01-27 13:28:12,315 [INFO]     Scanning NSE:NBCC-EQ (5min) | Range 09:35-10:35 | Price=95.12 > VAH=95.75? | CVD=419433 > Ref=195713? | POC=95.70 | VAL=95.40
2026-01-27 13:29:11,947 [INFO] 🔍 Scanning for alerts on 17 symbols (5min)...
2026-01-27 13:29:12,057 [INFO]     Scanning NSE:AMBER-EQ (5min) | Range 13:00-14:00 | Price=5441.50 > VAH=5428.75? | CVD=-29244 > Ref=0? | POC=5424.45 | VAL=5424.45
2026-01-27 13:29:12,186 [INFO]     Scanning NSE:DMART-EQ (5min) | Range 13:00-14:00 | Price=3666.10 > VAH=3670.30? | CVD=-18854 > Ref=1814? | POC=3656.70 | VAL=3656.70
2026-01-27 13:29:12,297 [INFO]     Scanning NSE:MFSL-EQ (5min) | Range 13:00-14:00 | Price=1592.00 > VAH=1591.10? | CVD=60358 > Ref=2550? | POC=1588.30 | VAL=1586.90
2026-01-27 13:29:12,317 [INFO] 🔍 Scanning for alerts on 14 symbols (5min)...
2026-01-27 13:29:12,400 [INFO]     Scanning NSE:AMBER-EQ (5min) | Range 09:35-10:35 | Price=5441.50 > VAH=5468.40? | CVD=-29244 > Ref=0? | POC=5459.10 | VAL=5412.60
2026-01-27 13:29:12,406 [INFO]     Scanning NSE:RELIANCE-EQ (5min) | Range 13:00-14:00 | Price=1386.90 > VAH=1386.45? | CVD=-411954 > Ref=55368? | POC=1385.55 | VAL=1384.20
2026-01-27 13:29:12,514 [INFO]     Scanning NSE:MANKIND-EQ (5min) | Range 09:35-10:35 | Price=2079.30 > VAH=2084.00? | CVD=-39960 > Ref=5023? | POC=2084.00 | VAL=2078.00
2026-01-27 13:29:12,519 [INFO]     Scanning NSE:KPITTECH-EQ (5min) | Range 13:00-14:00 | Price=1099.90 > VAH=1100.45? | CVD=161568 > Ref=11686? | POC=1099.80 | VAL=1098.50
2026-01-27 13:29:12,591 [INFO]     Scanning NSE:LODHA-EQ (5min) | Range 13:00-14:00 | Price=890.60 > VAH=891.20? | CVD=558476 > Ref=44807? | POC=889.60 | VAL=888.00
2026-01-27 13:29:12,638 [INFO]     Scanning NSE:MFSL-EQ (5min) | Range 09:35-10:35 | Price=1592.00 > VAH=1593.60? | CVD=60358 > Ref=2550? | POC=1590.00 | VAL=1587.60
2026-01-27 13:29:12,706 [INFO]     Scanning NSE:HDFCLIFE-EQ (5min) | Range 13:00-14:00 | Price=717.00 > VAH=716.75? | CVD=-83963 > Ref=17111? | POC=716.25 | VAL=715.75
2026-01-27 13:29:12,768 [INFO]     Scanning NSE:RELIANCE-EQ (5min) | Range 09:35-10:35 | Price=1386.90 > VAH=1388.10? | CVD=-411954 > Ref=55368? | POC=1382.85 | VAL=1381.80
2026-01-27 13:29:12,800 [INFO]     Scanning NSE:INDHOTEL-EQ (5min) | Range 13:00-14:00 | Price=644.70 > VAH=644.85? | CVD=-187716 > Ref=64541? | POC=643.95 | VAL=643.80
2026-01-27 13:29:12,877 [INFO]     Scanning NSE:KPITTECH-EQ (5min) | Range 09:35-10:35 | Price=1099.90 > VAH=1112.25? | CVD=161568 > Ref=11686? | POC=1111.50 | VAL=1110.00
2026-01-27 13:29:12,894 [INFO]     Scanning NSE:ICICIPRULI-EQ (5min) | Range 13:00-14:00 | Price=640.80 > VAH=642.15? | CVD=54408 > Ref=24713? | POC=642.15 | VAL=639.45
2026-01-27 13:29:12,980 [INFO]     Scanning NSE:LODHA-EQ (5min) | Range 09:35-10:35 | Price=890.60 > VAH=874.35? | CVD=558476 > Ref=44807? | POC=874.35 | VAL=868.55
2026-01-27 13:29:13,007 [INFO]     Scanning NSE:IRCTC-EQ (5min) | Range 13:00-14:00 | Price=605.90 > VAH=605.25? | CVD=-178194 > Ref=7628? | POC=604.25 | VAL=604.00
2026-01-27 13:29:13,082 [INFO]     Scanning NSE:HDFCLIFE-EQ (5min) | Range 09:35-10:35 | Price=717.00 > VAH=714.50? | CVD=-83963 > Ref=17111? | POC=713.50 | VAL=712.50
2026-01-27 13:29:13,119 [INFO]     Scanning NSE:CGPOWER-EQ (5min) | Range 13:00-14:00 | Price=539.40 > VAH=540.80? | CVD=336737 > Ref=295533? | POC=540.00 | VAL=539.20
2026-01-27 13:29:13,177 [INFO]     Scanning NSE:INDHOTEL-EQ (5min) | Range 09:35-10:35 | Price=644.70 > VAH=641.90? | CVD=-187716 > Ref=64541? | POC=641.20 | VAL=640.50
2026-01-27 13:29:13,230 [INFO]     Scanning NSE:CONCOR-EQ (5min) | Range 13:00-14:00 | Price=480.50 > VAH=479.70? | CVD=114513 > Ref=15532? | POC=479.70 | VAL=478.50
2026-01-27 13:29:13,268 [INFO]     Scanning NSE:ICICIPRULI-EQ (5min) | Range 09:35-10:35 | Price=640.80 > VAH=640.50? | CVD=54408 > Ref=24713? | POC=640.50 | VAL=634.90
2026-01-27 13:29:13,319 [INFO]     Scanning NSE:NYKAA-EQ (5min) | Range 13:00-14:00 | Price=234.40 > VAH=234.55? | CVD=381303 > Ref=106592? | POC=234.30 | VAL=234.20
2026-01-27 13:29:13,363 [INFO]     Scanning NSE:CGPOWER-EQ (5min) | Range 09:35-10:35 | Price=539.40 > VAH=546.70? | CVD=336737 > Ref=295533? | POC=546.70 | VAL=544.50
2026-01-27 13:29:13,465 [INFO]     Scanning NSE:ASHOKLEY-EQ (5min) | Range 13:00-14:00 | Price=191.19 > VAH=191.10? | CVD=65469 > Ref=312825? | POC=189.90 | VAL=189.75
2026-01-27 13:29:13,498 [INFO]     Scanning NSE:CONCOR-EQ (5min) | Range 09:35-10:35 | Price=480.50 > VAH=480.90? | CVD=114513 > Ref=15532? | POC=480.20 | VAL=474.60
2026-01-27 13:29:13,571 [INFO]     Scanning NSE:NYKAA-EQ (5min) | Range 09:35-10:35 | Price=234.40 > VAH=236.50? | CVD=381303 > Ref=106592? | POC=235.25 | VAL=235.25
2026-01-27 13:29:13,572 [INFO]     Scanning NSE:IEX-EQ (5min) | Range 13:00-14:00 | Price=126.80 > VAH=127.00? | CVD=506839 > Ref=0? | POC=126.80 | VAL=126.50
2026-01-27 13:29:13,671 [INFO]     Scanning NSE:INOXWIND-EQ (5min) | Range 13:00-14:00 | Price=103.63 > VAH=104.10? | CVD=157451 > Ref=42362? | POC=104.00 | VAL=103.95
2026-01-27 13:29:13,705 [INFO]     Scanning NSE:INOXWIND-EQ (5min) | Range 09:35-10:35 | Price=103.63 > VAH=103.50? | CVD=157451 > Ref=42362? | POC=103.40 | VAL=102.90
2026-01-27 13:29:13,765 [INFO]     Scanning NSE:NBCC-EQ (5min) | Range 13:00-14:00 | Price=95.13 > VAH=95.20? | CVD=421754 > Ref=195713? | POC=95.10 | VAL=95.05
2026-01-27 13:29:13,820 [INFO]     Scanning NSE:NBCC-EQ (5min) | Range 09:35-10:35 | Price=95.13 > VAH=95.75? | CVD=421754 > Ref=195713? | POC=95.70 | VAL=95.40
2026-01-27 13:30:13,766 [INFO] 🔍 Scanning for alerts on 17 symbols (5min)...
2026-01-27 13:30:13,821 [INFO] 🔍 Scanning for alerts on 14 symbols (5min)...
2026-01-27 13:30:13,901 [INFO]     Scanning NSE:AMBER-EQ (5min) | Range 13:00-14:00 | Price=5442.50 > VAH=5430.90? | CVD=-28916 > Ref=0? | POC=5424.45 | VAL=5424.45
2026-01-27 13:30:13,924 [INFO]     Scanning NSE:AMBER-EQ (5min) | Range 09:35-10:35 | Price=5442.50 > VAH=5468.40? | CVD=-28916 > Ref=0? | POC=5459.10 | VAL=5412.60
2026-01-27 13:30:14,000 [INFO]     Scanning NSE:DMART-EQ (5min) | Range 13:00-14:00 | Price=3670.00 > VAH=3670.30? | CVD=-18497 > Ref=1814? | POC=3656.70 | VAL=3656.70
2026-01-27 13:30:14,035 [INFO]     Scanning NSE:MANKIND-EQ (5min) | Range 09:35-10:35 | Price=2080.60 > VAH=2084.00? | CVD=-38815 > Ref=5023? | POC=2084.00 | VAL=2078.00
2026-01-27 13:30:14,105 [INFO]     Scanning NSE:MFSL-EQ (5min) | Range 13:00-14:00 | Price=1592.00 > VAH=1591.10? | CVD=58376 > Ref=2550? | POC=1588.30 | VAL=1586.90
2026-01-27 13:30:14,130 [INFO]     Scanning NSE:MFSL-EQ (5min) | Range 09:35-10:35 | Price=1592.00 > VAH=1593.60? | CVD=58376 > Ref=2550? | POC=1590.00 | VAL=1587.60
2026-01-27 13:30:14,210 [INFO]     Scanning NSE:RELIANCE-EQ (5min) | Range 13:00-14:00 | Price=1387.40 > VAH=1386.55? | CVD=-298673 > Ref=55368? | POC=1385.45 | VAL=1384.35
2026-01-27 13:30:14,241 [INFO]     Scanning NSE:RELIANCE-EQ (5min) | Range 09:35-10:35 | Price=1387.40 > VAH=1388.10? | CVD=-298673 > Ref=55368? | POC=1382.85 | VAL=1381.80
2026-01-27 13:30:14,313 [INFO]     Scanning NSE:KPITTECH-EQ (5min) | Range 13:00-14:00 | Price=1100.30 > VAH=1100.45? | CVD=162012 > Ref=11686? | POC=1099.80 | VAL=1098.50
2026-01-27 13:30:14,342 [INFO]     Scanning NSE:KPITTECH-EQ (5min) | Range 09:35-10:35 | Price=1100.30 > VAH=1112.25? | CVD=162012 > Ref=11686? | POC=1111.50 | VAL=1110.00
2026-01-27 13:30:14,405 [INFO]     Scanning NSE:LODHA-EQ (5min) | Range 13:00-14:00 | Price=891.20 > VAH=891.20? | CVD=560887 > Ref=44807? | POC=889.60 | VAL=888.80
2026-01-27 13:30:14,450 [INFO]     Scanning NSE:LODHA-EQ (5min) | Range 09:35-10:35 | Price=891.20 > VAH=874.35? | CVD=560887 > Ref=44807? | POC=874.35 | VAL=868.55
2026-01-27 13:30:14,503 [INFO]     Scanning NSE:HDFCLIFE-EQ (5min) | Range 13:00-14:00 | Price=718.20 > VAH=716.45? | CVD=-77943 > Ref=17111? | POC=716.10 | VAL=715.40
2026-01-27 13:30:14,558 [INFO]     Scanning NSE:HDFCLIFE-EQ (5min) | Range 09:35-10:35 | Price=718.20 > VAH=714.50? | CVD=-77943 > Ref=17111? | POC=713.50 | VAL=712.50
2026-01-27 13:30:14,595 [INFO]     Scanning NSE:INDHOTEL-EQ (5min) | Range 13:00-14:00 | Price=645.15 > VAH=644.85? | CVD=-184400 > Ref=64541? | POC=643.95 | VAL=643.80
2026-01-27 13:30:14,675 [INFO]     Scanning NSE:INDHOTEL-EQ (5min) | Range 09:35-10:35 | Price=645.15 > VAH=641.90? | CVD=-184400 > Ref=64541? | POC=641.20 | VAL=640.50
2026-01-27 13:30:14,715 [INFO]     Scanning NSE:ICICIPRULI-EQ (5min) | Range 13:00-14:00 | Price=639.95 > VAH=642.15? | CVD=50777 > Ref=24713? | POC=642.15 | VAL=639.45
2026-01-27 13:30:14,790 [INFO]     Scanning NSE:ICICIPRULI-EQ (5min) | Range 09:35-10:35 | Price=639.95 > VAH=640.50? | CVD=50777 > Ref=24713? | POC=640.50 | VAL=634.90
2026-01-27 13:30:14,821 [INFO]     Scanning NSE:IRCTC-EQ (5min) | Range 13:00-14:00 | Price=606.05 > VAH=605.25? | CVD=-175662 > Ref=7628? | POC=604.25 | VAL=604.00
2026-01-27 13:30:14,891 [INFO]     Scanning NSE:CGPOWER-EQ (5min) | Range 09:35-10:35 | Price=539.60 > VAH=546.70? | CVD=346998 > Ref=295533? | POC=546.70 | VAL=544.50
2026-01-27 13:30:14,904 [INFO]     Scanning NSE:CGPOWER-EQ (5min) | Range 13:00-14:00 | Price=539.60 > VAH=540.80? | CVD=346998 > Ref=295533? | POC=540.00 | VAL=539.20
2026-01-27 13:30:14,992 [INFO]     Scanning NSE:CONCOR-EQ (5min) | Range 09:35-10:35 | Price=480.70 > VAH=480.90? | CVD=115042 > Ref=15532? | POC=480.20 | VAL=474.60
2026-01-27 13:30:14,998 [INFO]     Scanning NSE:CONCOR-EQ (5min) | Range 13:00-14:00 | Price=480.70 > VAH=479.70? | CVD=115042 > Ref=15532? | POC=479.70 | VAL=478.50
2026-01-27 13:30:15,089 [INFO]     Scanning NSE:NYKAA-EQ (5min) | Range 09:35-10:35 | Price=234.50 > VAH=236.50? | CVD=392252 > Ref=106592? | POC=235.25 | VAL=235.25
2026-01-27 13:30:15,135 [INFO]     Scanning NSE:NYKAA-EQ (5min) | Range 13:00-14:00 | Price=234.50 > VAH=234.55? | CVD=392252 > Ref=106592? | POC=234.30 | VAL=234.20
2026-01-27 13:30:15,169 [INFO]     Scanning NSE:INOXWIND-EQ (5min) | Range 09:35-10:35 | Price=103.67 > VAH=103.50? | CVD=166013 > Ref=42362? | POC=103.40 | VAL=102.90
2026-01-27 13:30:15,269 [INFO]     Scanning NSE:ASHOKLEY-EQ (5min) | Range 13:00-14:00 | Price=191.22 > VAH=191.10? | CVD=80457 > Ref=312825? | POC=189.90 | VAL=189.75
2026-01-27 13:30:15,296 [INFO]     Scanning NSE:NBCC-EQ (5min) | Range 09:35-10:35 | Price=95.20 > VAH=95.75? | CVD=442306 > Ref=195713? | POC=95.70 | VAL=95.40
2026-01-27 13:30:15,365 [INFO]     Scanning NSE:IEX-EQ (5min) | Range 13:00-14:00 | Price=126.93 > VAH=127.00? | CVD=512710 > Ref=0? | POC=126.80 | VAL=126.50
2026-01-27 13:30:15,482 [INFO]     Scanning NSE:INOXWIND-EQ (5min) | Range 13:00-14:00 | Price=103.67 > VAH=104.10? | CVD=166013 > Ref=42362? | POC=104.00 | VAL=103.95
2026-01-27 13:30:15,616 [INFO]     Scanning NSE:NBCC-EQ (5min) | Range 13:00-14:00 | Price=95.20 > VAH=95.20? | CVD=442306 > Ref=195713? | POC=95.10 | VAL=95.05
2026-01-27 13:31:15,297 [INFO] 🔍 Scanning for alerts on 14 symbols (5min)...
2026-01-27 13:31:15,408 [INFO]     Scanning NSE:AMBER-EQ (5min) | Range 09:35-10:35 | Price=5440.00 > VAH=5468.40? | CVD=-30443 > Ref=0? | POC=5459.10 | VAL=5412.60
2026-01-27 13:31:15,516 [INFO]     Scanning NSE:MANKIND-EQ (5min) | Range 09:35-10:35 | Price=2079.20 > VAH=2084.00? | CVD=-39262 > Ref=5023? | POC=2084.00 | VAL=2078.00
2026-01-27 13:31:15,618 [INFO] 🔍 Scanning for alerts on 17 symbols (5min)...
2026-01-27 13:31:15,620 [INFO]     Scanning NSE:MFSL-EQ (5min) | Range 09:35-10:35 | Price=1590.50 > VAH=1593.60? | CVD=57453 > Ref=2550? | POC=1590.00 | VAL=1587.60
2026-01-27 13:31:15,748 [INFO]     Scanning NSE:AMBER-EQ (5min) | Range 13:00-14:00 | Price=5440.00 > VAH=5430.85? | CVD=-30443 > Ref=0? | POC=5423.80 | VAL=5423.80
2026-01-27 13:31:15,770 [INFO]     Scanning NSE:RELIANCE-EQ (5min) | Range 09:35-10:35 | Price=1386.70 > VAH=1388.10? | CVD=-384572 > Ref=55368? | POC=1382.85 | VAL=1381.80
2026-01-27 13:31:15,862 [INFO]     Scanning NSE:DMART-EQ (5min) | Range 13:00-14:00 | Price=3669.50 > VAH=3670.30? | CVD=-19208 > Ref=1814? | POC=3656.70 | VAL=3656.70
2026-01-27 13:31:15,895 [INFO]     Scanning NSE:KPITTECH-EQ (5min) | Range 09:35-10:35 | Price=1100.50 > VAH=1112.25? | CVD=162486 > Ref=11686? | POC=1111.50 | VAL=1110.00
2026-01-27 13:31:15,938 [INFO]     Scanning NSE:MFSL-EQ (5min) | Range 13:00-14:00 | Price=1590.50 > VAH=1591.10? | CVD=57453 > Ref=2550? | POC=1588.30 | VAL=1586.90
2026-01-27 13:31:16,003 [INFO]     Scanning NSE:LODHA-EQ (5min) | Range 09:35-10:35 | Price=889.60 > VAH=874.35? | CVD=555993 > Ref=44807? | POC=874.35 | VAL=868.55
2026-01-27 13:31:16,027 [INFO]     Scanning NSE:RELIANCE-EQ (5min) | Range 13:00-14:00 | Price=1386.70 > VAH=1386.55? | CVD=-384572 > Ref=55368? | POC=1385.45 | VAL=1384.35
2026-01-27 13:31:16,132 [INFO]     Scanning NSE:HDFCLIFE-EQ (5min) | Range 09:35-10:35 | Price=717.95 > VAH=714.50? | CVD=-81655 > Ref=17111? | POC=713.50 | VAL=712.50
2026-01-27 13:31:16,152 [INFO]     Scanning NSE:KPITTECH-EQ (5min) | Range 13:00-14:00 | Price=1100.50 > VAH=1100.45? | CVD=162486 > Ref=11686? | POC=1099.80 | VAL=1098.50
2026-01-27 13:31:16,228 [INFO]     Scanning NSE:LODHA-EQ (5min) | Range 13:00-14:00 | Price=889.60 > VAH=891.20? | CVD=555993 > Ref=44807? | POC=889.60 | VAL=888.80
2026-01-27 13:31:16,256 [INFO]     Scanning NSE:INDHOTEL-EQ (5min) | Range 09:35-10:35 | Price=645.10 > VAH=641.90? | CVD=-187163 > Ref=64541? | POC=641.20 | VAL=640.50
2026-01-27 13:31:16,303 [INFO]     Scanning NSE:HDFCLIFE-EQ (5min) | Range 13:00-14:00 | Price=717.95 > VAH=716.80? | CVD=-81655 > Ref=17111? | POC=716.40 | VAL=715.60
2026-01-27 13:31:16,366 [INFO]     Scanning NSE:ICICIPRULI-EQ (5min) | Range 09:35-10:35 | Price=639.85 > VAH=640.50? | CVD=50139 > Ref=24713? | POC=640.50 | VAL=634.90
2026-01-27 13:31:16,433 [INFO]     Scanning NSE:INDHOTEL-EQ (5min) | Range 13:00-14:00 | Price=645.10 > VAH=644.85? | CVD=-187163 > Ref=64541? | POC=643.95 | VAL=643.80
2026-01-27 13:31:16,452 [INFO]     Scanning NSE:CGPOWER-EQ (5min) | Range 09:35-10:35 | Price=539.60 > VAH=546.70? | CVD=359134 > Ref=295533? | POC=546.70 | VAL=544.50
2026-01-27 13:31:16,538 [INFO]     Scanning NSE:CONCOR-EQ (5min) | Range 09:35-10:35 | Price=480.70 > VAH=480.90? | CVD=113525 > Ref=15532? | POC=480.20 | VAL=474.60
2026-01-27 13:31:16,549 [INFO]     Scanning NSE:ICICIPRULI-EQ (5min) | Range 13:00-14:00 | Price=639.85 > VAH=642.15? | CVD=50139 > Ref=24713? | POC=642.15 | VAL=639.45
2026-01-27 13:31:16,636 [INFO]     Scanning NSE:IRCTC-EQ (5min) | Range 13:00-14:00 | Price=605.55 > VAH=605.70? | CVD=-196108 > Ref=7628? | POC=605.40 | VAL=603.90
2026-01-27 13:31:16,657 [INFO]     Scanning NSE:NYKAA-EQ (5min) | Range 09:35-10:35 | Price=234.40 > VAH=236.50? | CVD=385556 > Ref=106592? | POC=235.25 | VAL=235.25
2026-01-27 13:31:16,741 [INFO]     Scanning NSE:CGPOWER-EQ (5min) | Range 13:00-14:00 | Price=539.60 > VAH=540.80? | CVD=359134 > Ref=295533? | POC=540.00 | VAL=539.20
2026-01-27 13:31:16,742 [INFO]     Scanning NSE:INOXWIND-EQ (5min) | Range 09:35-10:35 | Price=103.62 > VAH=103.50? | CVD=157029 > Ref=42362? | POC=103.40 | VAL=102.90
2026-01-27 13:31:16,829 [INFO]     Scanning NSE:CONCOR-EQ (5min) | Range 13:00-14:00 | Price=480.70 > VAH=479.70? | CVD=113525 > Ref=15532? | POC=479.70 | VAL=478.50
2026-01-27 13:31:16,853 [INFO]     Scanning NSE:NBCC-EQ (5min) | Range 09:35-10:35 | Price=95.28 > VAH=95.75? | CVD=471118 > Ref=195713? | POC=95.70 | VAL=95.40
2026-01-27 13:31:16,911 [INFO]     Scanning NSE:NYKAA-EQ (5min) | Range 13:00-14:00 | Price=234.40 > VAH=234.55? | CVD=385556 > Ref=106592? | POC=234.30 | VAL=234.20
2026-01-27 13:31:17,020 [INFO]     Scanning NSE:ASHOKLEY-EQ (5min) | Range 13:00-14:00 | Price=191.28 > VAH=191.10? | CVD=106272 > Ref=312825? | POC=189.90 | VAL=189.75
2026-01-27 13:31:17,138 [INFO]     Scanning NSE:IEX-EQ (5min) | Range 13:00-14:00 | Price=126.80 > VAH=127.00? | CVD=505997 > Ref=0? | POC=126.80 | VAL=126.50
2026-01-27 13:31:17,253 [INFO]     Scanning NSE:INOXWIND-EQ (5min) | Range 13:00-14:00 | Price=103.62 > VAH=104.10? | CVD=157029 > Ref=42362? | POC=104.00 | VAL=103.95
2026-01-27 13:31:17,370 [INFO]     Scanning NSE:NBCC-EQ (5min) | Range 13:00-14:00 | Price=95.28 > VAH=95.20? | CVD=471118 > Ref=195713? | POC=95.10 | VAL=95.05
2026-01-27 13:32:16,855 [INFO] 🔍 Scanning for alerts on 14 symbols (5min)...
2026-01-27 13:32:16,973 [INFO]     Scanning NSE:AMBER-EQ (5min) | Range 09:35-10:35 | Price=5444.00 > VAH=5468.40? | CVD=-29676 > Ref=0? | POC=5459.10 | VAL=5412.60
2026-01-27 13:32:17,088 [INFO]     Scanning NSE:MANKIND-EQ (5min) | Range 09:35-10:35 | Price=2078.90 > VAH=2084.00? | CVD=-40636 > Ref=5023? | POC=2084.00 | VAL=2078.00
2026-01-27 13:32:17,205 [INFO]     Scanning NSE:MFSL-EQ (5min) | Range 09:35-10:35 | Price=1590.40 > VAH=1593.60? | CVD=56518 > Ref=2550? | POC=1590.00 | VAL=1587.60
2026-01-27 13:32:17,325 [INFO]     Scanning NSE:RELIANCE-EQ (5min) | Range 09:35-10:35 | Price=1387.10 > VAH=1388.10? | CVD=-320931 > Ref=55368? | POC=1382.85 | VAL=1381.80
2026-01-27 13:32:17,372 [INFO] 🔍 Scanning for alerts on 17 symbols (5min)...
2026-01-27 13:32:17,460 [INFO]     Scanning NSE:KPITTECH-EQ (5min) | Range 09:35-10:35 | Price=1100.00 > VAH=1112.25? | CVD=161770 > Ref=11686? | POC=1111.50 | VAL=1110.00
2026-01-27 13:32:17,514 [INFO]     Scanning NSE:AMBER-EQ (5min) | Range 13:00-14:00 | Price=5444.00 > VAH=5430.85? | CVD=-29676 > Ref=0? | POC=5423.80 | VAL=5423.80
2026-01-27 13:32:17,574 [INFO]     Scanning NSE:LODHA-EQ (5min) | Range 09:35-10:35 | Price=888.80 > VAH=874.35? | CVD=552738 > Ref=44807? | POC=874.35 | VAL=868.55
2026-01-27 13:32:17,610 [INFO]     Scanning NSE:DMART-EQ (5min) | Range 13:00-14:00 | Price=3668.90 > VAH=3670.30? | CVD=-19603 > Ref=1814? | POC=3656.70 | VAL=3656.70
2026-01-27 13:32:17,671 [INFO]     Scanning NSE:HDFCLIFE-EQ (5min) | Range 09:35-10:35 | Price=717.95 > VAH=714.50? | CVD=-79857 > Ref=17111? | POC=713.50 | VAL=712.50
2026-01-27 13:32:17,740 [INFO]     Scanning NSE:MFSL-EQ (5min) | Range 13:00-14:00 | Price=1590.40 > VAH=1591.10? | CVD=56518 > Ref=2550? | POC=1588.30 | VAL=1586.90
2026-01-27 13:32:17,801 [INFO]     Scanning NSE:INDHOTEL-EQ (5min) | Range 09:35-10:35 | Price=645.25 > VAH=641.90? | CVD=-186051 > Ref=64541? | POC=641.20 | VAL=640.50
2026-01-27 13:32:17,831 [INFO]     Scanning NSE:RELIANCE-EQ (5min) | Range 13:00-14:00 | Price=1387.10 > VAH=1386.55? | CVD=-320931 > Ref=55368? | POC=1385.45 | VAL=1384.35
2026-01-27 13:32:17,911 [INFO]     Scanning NSE:ICICIPRULI-EQ (5min) | Range 09:35-10:35 | Price=640.65 > VAH=640.50? | CVD=51370 > Ref=24713? | POC=640.50 | VAL=634.90
2026-01-27 13:32:17,934 [INFO]     Scanning NSE:KPITTECH-EQ (5min) | Range 13:00-14:00 | Price=1100.00 > VAH=1100.45? | CVD=161770 > Ref=11686? | POC=1099.80 | VAL=1098.50
2026-01-27 13:32:18,026 [INFO]     Scanning NSE:LODHA-EQ (5min) | Range 13:00-14:00 | Price=888.80 > VAH=891.20? | CVD=552738 > Ref=44807? | POC=889.60 | VAL=888.80
2026-01-27 13:32:18,053 [INFO]     Scanning NSE:CGPOWER-EQ (5min) | Range 09:35-10:35 | Price=539.45 > VAH=546.70? | CVD=352049 > Ref=295533? | POC=546.70 | VAL=544.50
2026-01-27 13:32:18,121 [INFO]     Scanning NSE:HDFCLIFE-EQ (5min) | Range 13:00-14:00 | Price=717.95 > VAH=716.80? | CVD=-79857 > Ref=17111? | POC=716.40 | VAL=715.60
2026-01-27 13:32:18,190 [INFO]     Scanning NSE:CONCOR-EQ (5min) | Range 09:35-10:35 | Price=480.70 > VAH=480.90? | CVD=113019 > Ref=15532? | POC=480.20 | VAL=474.60
2026-01-27 13:32:18,197 [INFO]     Scanning NSE:INDHOTEL-EQ (5min) | Range 13:00-14:00 | Price=645.25 > VAH=644.85? | CVD=-186051 > Ref=64541? | POC=643.95 | VAL=643.80
2026-01-27 13:32:18,302 [INFO]     Scanning NSE:NYKAA-EQ (5min) | Range 09:35-10:35 | Price=234.30 > VAH=236.50? | CVD=378332 > Ref=106592? | POC=235.25 | VAL=235.25
2026-01-27 13:32:18,303 [INFO]     Scanning NSE:ICICIPRULI-EQ (5min) | Range 13:00-14:00 | Price=640.65 > VAH=642.15? | CVD=51370 > Ref=24713? | POC=642.15 | VAL=639.45
2026-01-27 13:32:18,383 [INFO]     Scanning NSE:IRCTC-EQ (5min) | Range 13:00-14:00 | Price=605.70 > VAH=605.70? | CVD=-194084 > Ref=7628? | POC=605.40 | VAL=603.90
2026-01-27 13:32:18,445 [INFO]     Scanning NSE:INOXWIND-EQ (5min) | Range 09:35-10:35 | Price=103.66 > VAH=103.50? | CVD=152276 > Ref=42362? | POC=103.40 | VAL=102.90
2026-01-27 13:32:18,518 [INFO]     Scanning NSE:CGPOWER-EQ (5min) | Range 13:00-14:00 | Price=539.45 > VAH=540.80? | CVD=352049 > Ref=295533? | POC=540.00 | VAL=539.20
2026-01-27 13:32:18,555 [INFO]     Scanning NSE:NBCC-EQ (5min) | Range 09:35-10:35 | Price=95.20 > VAH=95.75? | CVD=466125 > Ref=195713? | POC=95.70 | VAL=95.40
2026-01-27 13:32:18,611 [INFO]     Scanning NSE:CONCOR-EQ (5min) | Range 13:00-14:00 | Price=480.70 > VAH=479.70? | CVD=113019 > Ref=15532? | POC=479.70 | VAL=478.50
2026-01-27 13:32:18,722 [INFO]     Scanning NSE:NYKAA-EQ (5min) | Range 13:00-14:00 | Price=234.30 > VAH=234.55? | CVD=378332 > Ref=106592? | POC=234.30 | VAL=234.20
2026-01-27 13:32:18,893 [INFO]     Scanning NSE:ASHOKLEY-EQ (5min) | Range 13:00-14:00 | Price=191.26 > VAH=191.10? | CVD=126825 > Ref=312825? | POC=189.90 | VAL=189.75
2026-01-27 13:32:19,006 [INFO]     Scanning NSE:IEX-EQ (5min) | Range 13:00-14:00 | Price=126.86 > VAH=127.00? | CVD=509356 > Ref=0? | POC=126.80 | VAL=126.50
2026-01-27 13:32:19,081 [INFO]     Scanning NSE:INOXWIND-EQ (5min) | Range 13:00-14:00 | Price=103.66 > VAH=104.10? | CVD=152276 > Ref=42362? | POC=104.00 | VAL=103.95
2026-01-27 13:32:19,193 [INFO]     Scanning NSE:NBCC-EQ (5min) | Range 13:00-14:00 | Price=95.20 > VAH=95.20? | CVD=466125 > Ref=195713? | POC=95.10 | VAL=95.05
2026-01-27 13:33:18,556 [INFO] 🔍 Scanning for alerts on 14 symbols (5min)...
2026-01-27 13:33:18,685 [INFO]     Scanning NSE:AMBER-EQ (5min) | Range 09:35-10:35 | Price=5448.00 > VAH=5468.40? | CVD=-28371 > Ref=0? | POC=5459.10 | VAL=5412.60
2026-01-27 13:33:18,799 [INFO]     Scanning NSE:MANKIND-EQ (5min) | Range 09:35-10:35 | Price=2080.10 > VAH=2084.00? | CVD=-40045 > Ref=5023? | POC=2084.00 | VAL=2078.00
2026-01-27 13:33:18,918 [INFO]     Scanning NSE:MFSL-EQ (5min) | Range 09:35-10:35 | Price=1589.70 > VAH=1593.60? | CVD=55226 > Ref=2550? | POC=1590.00 | VAL=1587.60
2026-01-27 13:33:18,993 [INFO]     Scanning NSE:RELIANCE-EQ (5min) | Range 09:35-10:35 | Price=1386.10 > VAH=1388.10? | CVD=-521222 > Ref=55368? | POC=1382.85 | VAL=1381.80
2026-01-27 13:33:19,060 [INFO]     Scanning NSE:KPITTECH-EQ (5min) | Range 09:35-10:35 | Price=1100.10 > VAH=1112.25? | CVD=161847 > Ref=11686? | POC=1111.50 | VAL=1110.00
2026-01-27 13:33:19,193 [INFO]     Scanning NSE:LODHA-EQ (5min) | Range 09:35-10:35 | Price=889.90 > VAH=874.35? | CVD=555955 > Ref=44807? | POC=874.35 | VAL=868.55
2026-01-27 13:33:19,195 [INFO] 🔍 Scanning for alerts on 17 symbols (5min)...
2026-01-27 13:33:19,303 [INFO]     Scanning NSE:HDFCLIFE-EQ (5min) | Range 09:35-10:35 | Price=718.65 > VAH=714.50? | CVD=-76798 > Ref=17111? | POC=713.50 | VAL=712.50
2026-01-27 13:33:19,312 [INFO]     Scanning NSE:AMBER-EQ (5min) | Range 13:00-14:00 | Price=5448.00 > VAH=5430.85? | CVD=-28371 > Ref=0? | POC=5423.80 | VAL=5423.80
2026-01-27 13:33:19,412 [INFO]     Scanning NSE:INDHOTEL-EQ (5min) | Range 09:35-10:35 | Price=644.75 > VAH=641.90? | CVD=-189119 > Ref=64541? | POC=641.20 | VAL=640.50
2026-01-27 13:33:19,413 [INFO]     Scanning NSE:DMART-EQ (5min) | Range 13:00-14:00 | Price=3668.60 > VAH=3668.60? | CVD=-20463 > Ref=1814? | POC=3656.70 | VAL=3656.70
2026-01-27 13:33:19,516 [INFO]     Scanning NSE:MFSL-EQ (5min) | Range 13:00-14:00 | Price=1589.70 > VAH=1591.10? | CVD=55226 > Ref=2550? | POC=1588.30 | VAL=1586.90
2026-01-27 13:33:19,548 [INFO]     Scanning NSE:ICICIPRULI-EQ (5min) | Range 09:35-10:35 | Price=639.75 > VAH=640.50? | CVD=49825 > Ref=24713? | POC=640.50 | VAL=634.90
2026-01-27 13:33:19,641 [INFO]     Scanning NSE:RELIANCE-EQ (5min) | Range 13:00-14:00 | Price=1386.10 > VAH=1386.55? | CVD=-521222 > Ref=55368? | POC=1385.45 | VAL=1384.35
2026-01-27 13:33:19,677 [INFO]     Scanning NSE:CGPOWER-EQ (5min) | Range 09:35-10:35 | Price=539.60 > VAH=546.70? | CVD=360263 > Ref=295533? | POC=546.70 | VAL=544.50
2026-01-27 13:33:19,753 [INFO]     Scanning NSE:KPITTECH-EQ (5min) | Range 13:00-14:00 | Price=1100.10 > VAH=1100.45? | CVD=161847 > Ref=11686? | POC=1099.80 | VAL=1098.50
2026-01-27 13:33:19,771 [INFO]     Scanning NSE:CONCOR-EQ (5min) | Range 09:35-10:35 | Price=480.80 > VAH=480.90? | CVD=114020 > Ref=15532? | POC=480.20 | VAL=474.60
2026-01-27 13:33:19,854 [INFO]     Scanning NSE:NYKAA-EQ (5min) | Range 09:35-10:35 | Price=234.30 > VAH=236.50? | CVD=373805 > Ref=106592? | POC=235.25 | VAL=235.25
2026-01-27 13:33:19,865 [INFO]     Scanning NSE:LODHA-EQ (5min) | Range 13:00-14:00 | Price=889.90 > VAH=891.20? | CVD=555955 > Ref=44807? | POC=889.60 | VAL=888.80
2026-01-27 13:33:19,969 [INFO]     Scanning NSE:INOXWIND-EQ (5min) | Range 09:35-10:35 | Price=103.72 > VAH=103.50? | CVD=155267 > Ref=42362? | POC=103.40 | VAL=102.90
2026-01-27 13:33:19,978 [INFO]     Scanning NSE:HDFCLIFE-EQ (5min) | Range 13:00-14:00 | Price=718.65 > VAH=716.80? | CVD=-76798 > Ref=17111? | POC=716.40 | VAL=715.60
2026-01-27 13:33:20,082 [INFO]     Scanning NSE:INDHOTEL-EQ (5min) | Range 13:00-14:00 | Price=644.75 > VAH=644.85? | CVD=-189119 > Ref=64541? | POC=643.95 | VAL=643.80
2026-01-27 13:33:20,097 [INFO]     Scanning NSE:NBCC-EQ (5min) | Range 09:35-10:35 | Price=95.20 > VAH=95.75? | CVD=465521 > Ref=195713? | POC=95.70 | VAL=95.40
2026-01-27 13:33:20,156 [INFO]     Scanning NSE:ICICIPRULI-EQ (5min) | Range 13:00-14:00 | Price=639.75 > VAH=642.15? | CVD=49825 > Ref=24713? | POC=642.15 | VAL=639.45
2026-01-27 13:33:20,236 [INFO]     Scanning NSE:IRCTC-EQ (5min) | Range 13:00-14:00 | Price=605.60 > VAH=605.70? | CVD=-195408 > Ref=7628? | POC=605.40 | VAL=603.90
2026-01-27 13:33:20,322 [INFO]     Scanning NSE:CGPOWER-EQ (5min) | Range 13:00-14:00 | Price=539.60 > VAH=540.80? | CVD=360263 > Ref=295533? | POC=540.00 | VAL=539.20
2026-01-27 13:33:20,405 [INFO]     Scanning NSE:CONCOR-EQ (5min) | Range 13:00-14:00 | Price=480.80 > VAH=479.70? | CVD=114020 > Ref=15532? | POC=479.70 | VAL=478.50
2026-01-27 13:33:20,528 [INFO]     Scanning NSE:NYKAA-EQ (5min) | Range 13:00-14:00 | Price=234.30 > VAH=234.45? | CVD=373805 > Ref=106592? | POC=234.30 | VAL=234.20
2026-01-27 13:33:20,681 [INFO]     Scanning NSE:ASHOKLEY-EQ (5min) | Range 13:00-14:00 | Price=191.23 > VAH=191.10? | CVD=140075 > Ref=312825? | POC=189.90 | VAL=189.75
2026-01-27 13:33:20,778 [INFO]     Scanning NSE:IEX-EQ (5min) | Range 13:00-14:00 | Price=126.95 > VAH=127.00? | CVD=513226 > Ref=0? | POC=126.80 | VAL=126.50
2026-01-27 13:33:20,910 [INFO]     Scanning NSE:INOXWIND-EQ (5min) | Range 13:00-14:00 | Price=103.72 > VAH=104.10? | CVD=155267 > Ref=42362? | POC=104.00 | VAL=103.95
2026-01-27 13:33:21,023 [INFO]     Scanning NSE:NBCC-EQ (5min) | Range 13:00-14:00 | Price=95.20 > VAH=95.20? | CVD=465521 > Ref=195713? | POC=95.10 | VAL=95.05
2026-01-27 13:34:20,100 [INFO] 🔍 Scanning for alerts on 14 symbols (5min)...
2026-01-27 13:34:20,215 [INFO]     Scanning NSE:AMBER-EQ (5min) | Range 09:35-10:35 | Price=5441.50 > VAH=5468.40? | CVD=-28916 > Ref=0? | POC=5459.10 | VAL=5412.60
2026-01-27 13:34:20,358 [INFO]     Scanning NSE:MANKIND-EQ (5min) | Range 09:35-10:35 | Price=2080.00 > VAH=2084.00? | CVD=-40599 > Ref=5023? | POC=2084.00 | VAL=2078.00
2026-01-27 13:34:20,476 [INFO]     Scanning NSE:MFSL-EQ (5min) | Range 09:35-10:35 | Price=1589.70 > VAH=1593.60? | CVD=54396 > Ref=2550? | POC=1590.00 | VAL=1587.60
2026-01-27 13:34:20,574 [INFO]     Scanning NSE:RELIANCE-EQ (5min) | Range 09:35-10:35 | Price=1385.40 > VAH=1388.10? | CVD=-545738 > Ref=55368? | POC=1382.85 | VAL=1381.80
2026-01-27 13:34:20,698 [INFO]     Scanning NSE:KPITTECH-EQ (5min) | Range 09:35-10:35 | Price=1100.40 > VAH=1112.25? | CVD=161793 > Ref=11686? | POC=1111.50 | VAL=1110.00
2026-01-27 13:34:20,781 [INFO]     Scanning NSE:LODHA-EQ (5min) | Range 09:35-10:35 | Price=889.30 > VAH=874.35? | CVD=553534 > Ref=44807? | POC=874.35 | VAL=868.55
2026-01-27 13:34:20,889 [INFO]     Scanning NSE:HDFCLIFE-EQ (5min) | Range 09:35-10:35 | Price=718.15 > VAH=714.50? | CVD=-78398 > Ref=17111? | POC=713.50 | VAL=712.50
2026-01-27 13:34:21,002 [INFO]     Scanning NSE:INDHOTEL-EQ (5min) | Range 09:35-10:35 | Price=644.70 > VAH=641.90? | CVD=-193577 > Ref=64541? | POC=641.20 | VAL=640.50
2026-01-27 13:34:21,024 [INFO] 🔍 Scanning for alerts on 17 symbols (5min)...
2026-01-27 13:34:21,099 [INFO]     Scanning NSE:ICICIPRULI-EQ (5min) | Range 09:35-10:35 | Price=639.15 > VAH=640.50? | CVD=45396 > Ref=24713? | POC=640.50 | VAL=634.90
2026-01-27 13:34:21,141 [INFO]     Scanning NSE:AMBER-EQ (5min) | Range 13:00-14:00 | Price=5441.50 > VAH=5430.85? | CVD=-28916 > Ref=0? | POC=5423.80 | VAL=5423.80
2026-01-27 13:34:21,202 [INFO]     Scanning NSE:CGPOWER-EQ (5min) | Range 09:35-10:35 | Price=539.30 > VAH=546.70? | CVD=351431 > Ref=295533? | POC=546.70 | VAL=544.50
2026-01-27 13:34:21,232 [INFO]     Scanning NSE:DMART-EQ (5min) | Range 13:00-14:00 | Price=3667.90 > VAH=3668.60? | CVD=-20924 > Ref=1814? | POC=3656.70 | VAL=3656.70
2026-01-27 13:34:21,323 [INFO]     Scanning NSE:CONCOR-EQ (5min) | Range 09:35-10:35 | Price=480.50 > VAH=480.90? | CVD=113298 > Ref=15532? | POC=480.20 | VAL=474.60
2026-01-27 13:34:21,337 [INFO]     Scanning NSE:MFSL-EQ (5min) | Range 13:00-14:00 | Price=1589.70 > VAH=1590.40? | CVD=54396 > Ref=2550? | POC=1588.30 | VAL=1586.90
2026-01-27 13:34:21,408 [INFO]     Scanning NSE:NYKAA-EQ (5min) | Range 09:35-10:35 | Price=234.20 > VAH=236.50? | CVD=368000 > Ref=106592? | POC=235.25 | VAL=235.25
2026-01-27 13:34:21,428 [INFO]     Scanning NSE:RELIANCE-EQ (5min) | Range 13:00-14:00 | Price=1385.40 > VAH=1386.55? | CVD=-545738 > Ref=55368? | POC=1385.45 | VAL=1384.35
2026-01-27 13:34:21,498 [INFO]     Scanning NSE:INOXWIND-EQ (5min) | Range 09:35-10:35 | Price=103.69 > VAH=103.50? | CVD=154279 > Ref=42362? | POC=103.40 | VAL=102.90
2026-01-27 13:34:21,510 [INFO]     Scanning NSE:KPITTECH-EQ (5min) | Range 13:00-14:00 | Price=1100.40 > VAH=1100.45? | CVD=161793 > Ref=11686? | POC=1099.80 | VAL=1098.50
2026-01-27 13:34:21,587 [INFO]     Scanning NSE:NBCC-EQ (5min) | Range 09:35-10:35 | Price=95.13 > VAH=95.75? | CVD=454821 > Ref=195713? | POC=95.70 | VAL=95.40
2026-01-27 13:34:21,601 [INFO]     Scanning NSE:LODHA-EQ (5min) | Range 13:00-14:00 | Price=889.30 > VAH=891.20? | CVD=553534 > Ref=44807? | POC=889.60 | VAL=888.80
2026-01-27 13:34:21,721 [INFO]     Scanning NSE:HDFCLIFE-EQ (5min) | Range 13:00-14:00 | Price=718.15 > VAH=716.80? | CVD=-78398 > Ref=17111? | POC=716.40 | VAL=715.60
2026-01-27 13:34:21,841 [INFO]     Scanning NSE:INDHOTEL-EQ (5min) | Range 13:00-14:00 | Price=644.70 > VAH=644.85? | CVD=-193577 > Ref=64541? | POC=643.95 | VAL=643.80
2026-01-27 13:34:21,926 [INFO]     Scanning NSE:ICICIPRULI-EQ (5min) | Range 13:00-14:00 | Price=639.15 > VAH=642.15? | CVD=45396 > Ref=24713? | POC=642.15 | VAL=639.45
2026-01-27 13:34:22,041 [INFO]     Scanning NSE:IRCTC-EQ (5min) | Range 13:00-14:00 | Price=605.25 > VAH=605.70? | CVD=-197128 > Ref=7628? | POC=605.40 | VAL=604.20
2026-01-27 13:34:22,154 [INFO]     Scanning NSE:CGPOWER-EQ (5min) | Range 13:00-14:00 | Price=539.30 > VAH=540.80? | CVD=351431 > Ref=295533? | POC=540.00 | VAL=539.20
2026-01-27 13:34:22,242 [INFO]     Scanning NSE:CONCOR-EQ (5min) | Range 13:00-14:00 | Price=480.50 > VAH=479.70? | CVD=113298 > Ref=15532? | POC=479.70 | VAL=478.50
2026-01-27 13:34:22,339 [INFO]     Scanning NSE:NYKAA-EQ (5min) | Range 13:00-14:00 | Price=234.20 > VAH=234.45? | CVD=368000 > Ref=106592? | POC=234.30 | VAL=234.20
2026-01-27 13:34:22,494 [INFO]     Scanning NSE:ASHOKLEY-EQ (5min) | Range 13:00-14:00 | Price=191.24 > VAH=191.10? | CVD=149203 > Ref=312825? | POC=189.90 | VAL=189.75
2026-01-27 13:34:22,571 [INFO]     Scanning NSE:IEX-EQ (5min) | Range 13:00-14:00 | Price=126.75 > VAH=127.00? | CVD=506794 > Ref=0? | POC=126.80 | VAL=126.50
2026-01-27 13:34:22,685 [INFO]     Scanning NSE:INOXWIND-EQ (5min) | Range 13:00-14:00 | Price=103.69 > VAH=104.10? | CVD=154279 > Ref=42362? | POC=104.00 | VAL=103.95
2026-01-27 13:34:22,760 [INFO]     Scanning NSE:NBCC-EQ (5min) | Range 13:00-14:00 | Price=95.13 > VAH=95.20? | CVD=454821 > Ref=195713? | POC=95.10 | VAL=95.05
2026-01-27 13:35:21,589 [INFO] 🔍 Scanning for alerts on 14 symbols (5min)...
2026-01-27 13:35:21,709 [INFO]     Scanning NSE:AMBER-EQ (5min) | Range 09:35-10:35 | Price=5441.50 > VAH=5468.40? | CVD=-29372 > Ref=0? | POC=5459.10 | VAL=5412.60
2026-01-27 13:35:21,826 [INFO]     Scanning NSE:MANKIND-EQ (5min) | Range 09:35-10:35 | Price=2080.30 > VAH=2084.00? | CVD=-40210 > Ref=5023? | POC=2084.00 | VAL=2078.00
2026-01-27 13:35:21,948 [INFO]     Scanning NSE:MFSL-EQ (5min) | Range 09:35-10:35 | Price=1588.80 > VAH=1593.60? | CVD=53305 > Ref=2550? | POC=1590.00 | VAL=1587.60
2026-01-27 13:35:22,064 [INFO]     Scanning NSE:RELIANCE-EQ (5min) | Range 09:35-10:35 | Price=1385.00 > VAH=1388.10? | CVD=-564303 > Ref=55368? | POC=1382.85 | VAL=1381.80
2026-01-27 13:35:22,180 [INFO]     Scanning NSE:KPITTECH-EQ (5min) | Range 09:35-10:35 | Price=1100.00 > VAH=1112.25? | CVD=161528 > Ref=11686? | POC=1111.50 | VAL=1110.00
2026-01-27 13:35:22,293 [INFO]     Scanning NSE:LODHA-EQ (5min) | Range 09:35-10:35 | Price=889.30 > VAH=874.35? | CVD=550982 > Ref=44807? | POC=874.35 | VAL=868.55
2026-01-27 13:35:22,421 [INFO]     Scanning NSE:HDFCLIFE-EQ (5min) | Range 09:35-10:35 | Price=718.15 > VAH=714.50? | CVD=-81284 > Ref=17111? | POC=713.50 | VAL=712.50
2026-01-27 13:35:22,537 [INFO]     Scanning NSE:INDHOTEL-EQ (5min) | Range 09:35-10:35 | Price=644.55 > VAH=641.90? | CVD=-197892 > Ref=64541? | POC=641.20 | VAL=640.50
2026-01-27 13:35:22,656 [INFO]     Scanning NSE:ICICIPRULI-EQ (5min) | Range 09:35-10:35 | Price=638.50 > VAH=640.50? | CVD=43303 > Ref=24713? | POC=640.50 | VAL=634.90
2026-01-27 13:35:22,762 [INFO] 🔍 Scanning for alerts on 17 symbols (5min)...
2026-01-27 13:35:22,776 [INFO]     Scanning NSE:CGPOWER-EQ (5min) | Range 09:35-10:35 | Price=538.85 > VAH=546.70? | CVD=334406 > Ref=295533? | POC=546.70 | VAL=544.50
2026-01-27 13:35:22,867 [INFO]     Scanning NSE:AMBER-EQ (5min) | Range 13:00-14:00 | Price=5441.50 > VAH=5440.25? | CVD=-29372 > Ref=0? | POC=5423.80 | VAL=5423.80
2026-01-27 13:35:22,923 [INFO]     Scanning NSE:CONCOR-EQ (5min) | Range 09:35-10:35 | Price=480.55 > VAH=480.90? | CVD=113696 > Ref=15532? | POC=480.20 | VAL=474.60
2026-01-27 13:35:22,993 [INFO]     Scanning NSE:DMART-EQ (5min) | Range 13:00-14:00 | Price=3668.10 > VAH=3668.60? | CVD=-20680 > Ref=1814? | POC=3656.70 | VAL=3656.70
2026-01-27 13:35:23,000 [INFO]     Scanning NSE:NYKAA-EQ (5min) | Range 09:35-10:35 | Price=234.05 > VAH=236.50? | CVD=366661 > Ref=106592? | POC=235.25 | VAL=235.25
2026-01-27 13:35:23,090 [INFO]     Scanning NSE:INOXWIND-EQ (5min) | Range 09:35-10:35 | Price=103.63 > VAH=103.50? | CVD=153568 > Ref=42362? | POC=103.40 | VAL=102.90
2026-01-27 13:35:23,103 [INFO]     Scanning NSE:MFSL-EQ (5min) | Range 13:00-14:00 | Price=1588.80 > VAH=1590.40? | CVD=53305 > Ref=2550? | POC=1588.30 | VAL=1586.90
2026-01-27 13:35:23,189 [INFO]     Scanning NSE:NBCC-EQ (5min) | Range 09:35-10:35 | Price=95.15 > VAH=95.75? | CVD=466004 > Ref=195713? | POC=95.70 | VAL=95.40
2026-01-27 13:35:23,219 [INFO]     Scanning NSE:RELIANCE-EQ (5min) | Range 13:00-14:00 | Price=1385.00 > VAH=1386.55? | CVD=-564303 > Ref=55368? | POC=1385.45 | VAL=1384.35
2026-01-27 13:35:23,295 [INFO]     Scanning NSE:KPITTECH-EQ (5min) | Range 13:00-14:00 | Price=1100.00 > VAH=1100.45? | CVD=161528 > Ref=11686? | POC=1099.80 | VAL=1098.50
2026-01-27 13:35:23,411 [INFO]     Scanning NSE:LODHA-EQ (5min) | Range 13:00-14:00 | Price=889.30 > VAH=891.20? | CVD=550982 > Ref=44807? | POC=889.60 | VAL=888.80
2026-01-27 13:35:23,526 [INFO]     Scanning NSE:HDFCLIFE-EQ (5min) | Range 13:00-14:00 | Price=718.15 > VAH=716.80? | CVD=-81284 > Ref=17111? | POC=716.40 | VAL=715.60
2026-01-27 13:35:23,640 [INFO]     Scanning NSE:INDHOTEL-EQ (5min) | Range 13:00-14:00 | Price=644.55 > VAH=644.85? | CVD=-197892 > Ref=64541? | POC=643.95 | VAL=643.80
2026-01-27 13:35:23,765 [INFO]     Scanning NSE:ICICIPRULI-EQ (5min) | Range 13:00-14:00 | Price=638.50 > VAH=642.15? | CVD=43303 > Ref=24713? | POC=642.15 | VAL=639.00
2026-01-27 13:35:23,864 [INFO]     Scanning NSE:IRCTC-EQ (5min) | Range 13:00-14:00 | Price=605.20 > VAH=605.70? | CVD=-197739 > Ref=7628? | POC=605.40 | VAL=604.20
2026-01-27 13:35:23,937 [INFO]     Scanning NSE:CGPOWER-EQ (5min) | Range 13:00-14:00 | Price=538.85 > VAH=540.80? | CVD=334406 > Ref=295533? | POC=540.00 | VAL=539.20
2026-01-27 13:35:24,047 [INFO]     Scanning NSE:CONCOR-EQ (5min) | Range 13:00-14:00 | Price=480.55 > VAH=479.70? | CVD=113696 > Ref=15532? | POC=479.70 | VAL=478.50
2026-01-27 13:35:24,144 [INFO]     Scanning NSE:NYKAA-EQ (5min) | Range 13:00-14:00 | Price=234.05 > VAH=234.50? | CVD=366661 > Ref=106592? | POC=234.40 | VAL=234.20
2026-01-27 13:35:24,277 [INFO]     Scanning NSE:ASHOKLEY-EQ (5min) | Range 13:00-14:00 | Price=191.23 > VAH=191.10? | CVD=160023 > Ref=312825? | POC=189.90 | VAL=189.75
2026-01-27 13:35:24,392 [INFO]     Scanning NSE:IEX-EQ (5min) | Range 13:00-14:00 | Price=126.72 > VAH=127.00? | CVD=502301 > Ref=0? | POC=126.80 | VAL=126.50
2026-01-27 13:35:24,471 [INFO]     Scanning NSE:INOXWIND-EQ (5min) | Range 13:00-14:00 | Price=103.63 > VAH=104.10? | CVD=153568 > Ref=42362? | POC=104.00 | VAL=103.95
2026-01-27 13:35:24,548 [INFO]     Scanning NSE:NBCC-EQ (5min) | Range 13:00-14:00 | Price=95.15 > VAH=95.20? | CVD=466004 > Ref=195713? | POC=95.10 | VAL=95.05
2026-01-27 13:36:23,191 [INFO] 🔍 Scanning for alerts on 14 symbols (5min)...
2026-01-27 13:36:23,310 [INFO]     Scanning NSE:AMBER-EQ (5min) | Range 09:35-10:35 | Price=5440.50 > VAH=5468.40? | CVD=-29828 > Ref=0? | POC=5459.10 | VAL=5412.60
2026-01-27 13:36:23,426 [INFO]     Scanning NSE:MANKIND-EQ (5min) | Range 09:35-10:35 | Price=2080.60 > VAH=2084.00? | CVD=-39851 > Ref=5023? | POC=2084.00 | VAL=2078.00
2026-01-27 13:36:23,525 [INFO]     Scanning NSE:MFSL-EQ (5min) | Range 09:35-10:35 | Price=1588.00 > VAH=1593.60? | CVD=53519 > Ref=2550? | POC=1590.00 | VAL=1587.60
2026-01-27 13:36:23,643 [INFO]     Scanning NSE:RELIANCE-EQ (5min) | Range 09:35-10:35 | Price=1385.00 > VAH=1388.10? | CVD=-591520 > Ref=55368? | POC=1382.85 | VAL=1381.80
2026-01-27 13:36:23,719 [INFO]     Scanning NSE:KPITTECH-EQ (5min) | Range 09:35-10:35 | Price=1100.10 > VAH=1112.25? | CVD=165891 > Ref=11686? | POC=1111.50 | VAL=1110.00
2026-01-27 13:36:23,791 [INFO]     Scanning NSE:LODHA-EQ (5min) | Range 09:35-10:35 | Price=889.20 > VAH=874.35? | CVD=548300 > Ref=44807? | POC=874.35 | VAL=868.55
2026-01-27 13:36:23,865 [INFO]     Scanning NSE:HDFCLIFE-EQ (5min) | Range 09:35-10:35 | Price=717.70 > VAH=714.50? | CVD=-85500 > Ref=17111? | POC=713.50 | VAL=712.50
2026-01-27 13:36:23,982 [INFO]     Scanning NSE:INDHOTEL-EQ (5min) | Range 09:35-10:35 | Price=644.55 > VAH=641.90? | CVD=-190580 > Ref=64541? | POC=641.20 | VAL=640.50
2026-01-27 13:36:24,059 [INFO]     Scanning NSE:ICICIPRULI-EQ (5min) | Range 09:35-10:35 | Price=638.50 > VAH=640.50? | CVD=39333 > Ref=24713? | POC=640.50 | VAL=634.90
2026-01-27 13:36:24,175 [INFO]     Scanning NSE:CGPOWER-EQ (5min) | Range 09:35-10:35 | Price=539.10 > VAH=546.70? | CVD=357275 > Ref=295533? | POC=546.70 | VAL=544.50
2026-01-27 13:36:24,290 [INFO]     Scanning NSE:CONCOR-EQ (5min) | Range 09:35-10:35 | Price=480.70 > VAH=480.90? | CVD=115683 > Ref=15532? | POC=480.20 | VAL=474.60
2026-01-27 13:36:24,402 [INFO]     Scanning NSE:NYKAA-EQ (5min) | Range 09:35-10:35 | Price=233.90 > VAH=236.50? | CVD=359790 > Ref=106592? | POC=235.25 | VAL=235.25
2026-01-27 13:36:24,478 [INFO]     Scanning NSE:INOXWIND-EQ (5min) | Range 09:35-10:35 | Price=103.64 > VAH=103.50? | CVD=159966 > Ref=42362? | POC=103.40 | VAL=102.90
2026-01-27 13:36:24,549 [INFO] 🔍 Scanning for alerts on 17 symbols (5min)...
2026-01-27 13:36:24,603 [INFO]     Scanning NSE:NBCC-EQ (5min) | Range 09:35-10:35 | Price=95.12 > VAH=95.75? | CVD=458766 > Ref=195713? | POC=95.70 | VAL=95.40
2026-01-27 13:36:24,640 [INFO]     Scanning NSE:AMBER-EQ (5min) | Range 13:00-14:00 | Price=5440.50 > VAH=5440.25? | CVD=-29828 > Ref=0? | POC=5423.80 | VAL=5423.80
2026-01-27 13:36:24,759 [INFO]     Scanning NSE:DMART-EQ (5min) | Range 13:00-14:00 | Price=3667.60 > VAH=3668.60? | CVD=-20838 > Ref=1814? | POC=3656.70 | VAL=3656.70
2026-01-27 13:36:24,892 [INFO]     Scanning NSE:MFSL-EQ (5min) | Range 13:00-14:00 | Price=1588.00 > VAH=1590.40? | CVD=53519 > Ref=2550? | POC=1588.30 | VAL=1586.90
2026-01-27 13:36:24,990 [INFO]     Scanning NSE:RELIANCE-EQ (5min) | Range 13:00-14:00 | Price=1385.00 > VAH=1386.55? | CVD=-591520 > Ref=55368? | POC=1385.45 | VAL=1384.35
2026-01-27 13:36:25,061 [INFO]     Scanning NSE:KPITTECH-EQ (5min) | Range 13:00-14:00 | Price=1100.10 > VAH=1100.45? | CVD=165891 > Ref=11686? | POC=1099.80 | VAL=1099.15
2026-01-27 13:36:25,133 [INFO]     Scanning NSE:LODHA-EQ (5min) | Range 13:00-14:00 | Price=889.20 > VAH=891.20? | CVD=548300 > Ref=44807? | POC=889.60 | VAL=888.80
2026-01-27 13:36:25,233 [INFO]     Scanning NSE:HDFCLIFE-EQ (5min) | Range 13:00-14:00 | Price=717.70 > VAH=716.80? | CVD=-85500 > Ref=17111? | POC=716.40 | VAL=715.60
2026-01-27 13:36:25,349 [INFO]     Scanning NSE:INDHOTEL-EQ (5min) | Range 13:00-14:00 | Price=644.55 > VAH=644.85? | CVD=-190580 > Ref=64541? | POC=643.95 | VAL=643.80
2026-01-27 13:36:25,464 [INFO]     Scanning NSE:ICICIPRULI-EQ (5min) | Range 13:00-14:00 | Price=638.50 > VAH=642.15? | CVD=39333 > Ref=24713? | POC=642.15 | VAL=639.00
2026-01-27 13:36:25,538 [INFO]     Scanning NSE:IRCTC-EQ (5min) | Range 13:00-14:00 | Price=604.60 > VAH=605.70? | CVD=-206237 > Ref=7628? | POC=604.80 | VAL=604.20
2026-01-27 13:36:25,613 [INFO]     Scanning NSE:CGPOWER-EQ (5min) | Range 13:00-14:00 | Price=539.10 > VAH=540.80? | CVD=357275 > Ref=295533? | POC=540.00 | VAL=539.20
2026-01-27 13:36:25,686 [INFO]     Scanning NSE:CONCOR-EQ (5min) | Range 13:00-14:00 | Price=480.70 > VAH=479.70? | CVD=115683 > Ref=15532? | POC=479.70 | VAL=478.50
2026-01-27 13:36:25,801 [INFO]     Scanning NSE:NYKAA-EQ (5min) | Range 13:00-14:00 | Price=233.90 > VAH=234.50? | CVD=359790 > Ref=106592? | POC=234.30 | VAL=234.20
2026-01-27 13:36:25,955 [INFO]     Scanning NSE:ASHOKLEY-EQ (5min) | Range 13:00-14:00 | Price=191.10 > VAH=191.10? | CVD=134857 > Ref=312825? | POC=189.90 | VAL=189.75
2026-01-27 13:36:26,071 [INFO]     Scanning NSE:IEX-EQ (5min) | Range 13:00-14:00 | Price=126.75 > VAH=127.00? | CVD=511245 > Ref=0? | POC=126.80 | VAL=126.50
2026-01-27 13:36:26,149 [INFO]     Scanning NSE:INOXWIND-EQ (5min) | Range 13:00-14:00 | Price=103.64 > VAH=104.10? | CVD=159966 > Ref=42362? | POC=104.00 | VAL=103.60
2026-01-27 13:36:26,261 [INFO]     Scanning NSE:NBCC-EQ (5min) | Range 13:00-14:00 | Price=95.12 > VAH=95.20? | CVD=458766 > Ref=195713? | POC=95.10 | VAL=95.05
2026-01-27 13:37:24,605 [INFO] 🔍 Scanning for alerts on 14 symbols (5min)...
2026-01-27 13:37:24,734 [INFO]     Scanning NSE:AMBER-EQ (5min) | Range 09:35-10:35 | Price=5441.00 > VAH=5468.40? | CVD=-29379 > Ref=0? | POC=5459.10 | VAL=5412.60
2026-01-27 13:37:24,826 [INFO]     Scanning NSE:MANKIND-EQ (5min) | Range 09:35-10:35 | Price=2079.00 > VAH=2084.00? | CVD=-40251 > Ref=5023? | POC=2084.00 | VAL=2078.00
2026-01-27 13:37:24,894 [INFO]     Scanning NSE:MFSL-EQ (5min) | Range 09:35-10:35 | Price=1586.80 > VAH=1593.60? | CVD=53221 > Ref=2550? | POC=1590.00 | VAL=1587.60
2026-01-27 13:37:24,968 [INFO]     Scanning NSE:RELIANCE-EQ (5min) | Range 09:35-10:35 | Price=1384.30 > VAH=1388.10? | CVD=-614732 > Ref=55368? | POC=1382.85 | VAL=1381.80
2026-01-27 13:37:25,083 [INFO]     Scanning NSE:KPITTECH-EQ (5min) | Range 09:35-10:35 | Price=1100.00 > VAH=1112.25? | CVD=162653 > Ref=11686? | POC=1111.50 | VAL=1110.00
2026-01-27 13:37:25,203 [INFO]     Scanning NSE:LODHA-EQ (5min) | Range 09:35-10:35 | Price=888.60 > VAH=874.35? | CVD=545673 > Ref=44807? | POC=874.35 | VAL=868.55
2026-01-27 13:37:25,287 [INFO]     Scanning NSE:HDFCLIFE-EQ (5min) | Range 09:35-10:35 | Price=717.25 > VAH=714.50? | CVD=-87100 > Ref=17111? | POC=713.50 | VAL=712.50
2026-01-27 13:37:25,357 [INFO]     Scanning NSE:INDHOTEL-EQ (5min) | Range 09:35-10:35 | Price=644.55 > VAH=641.90? | CVD=-194134 > Ref=64541? | POC=641.20 | VAL=640.50
2026-01-27 13:37:25,446 [INFO]     Scanning NSE:ICICIPRULI-EQ (5min) | Range 09:35-10:35 | Price=638.50 > VAH=640.50? | CVD=33507 > Ref=24713? | POC=640.50 | VAL=634.90
2026-01-27 13:37:25,518 [INFO]     Scanning NSE:CGPOWER-EQ (5min) | Range 09:35-10:35 | Price=538.65 > VAH=546.70? | CVD=345901 > Ref=295533? | POC=546.70 | VAL=544.50
2026-01-27 13:37:25,711 [INFO]     Scanning NSE:CONCOR-EQ (5min) | Range 09:35-10:35 | Price=480.65 > VAH=480.90? | CVD=115207 > Ref=15532? | POC=480.20 | VAL=474.60
2026-01-27 13:37:25,809 [INFO]     Scanning NSE:NYKAA-EQ (5min) | Range 09:35-10:35 | Price=233.65 > VAH=236.50? | CVD=350263 > Ref=106592? | POC=235.25 | VAL=235.25
2026-01-27 13:37:25,903 [INFO]     Scanning NSE:INOXWIND-EQ (5min) | Range 09:35-10:35 | Price=103.60 > VAH=103.50? | CVD=126986 > Ref=42362? | POC=103.40 | VAL=102.90
2026-01-27 13:37:25,976 [INFO]     Scanning NSE:NBCC-EQ (5min) | Range 09:35-10:35 | Price=95.01 > VAH=95.75? | CVD=434118 > Ref=195713? | POC=95.70 | VAL=95.40
2026-01-27 13:37:26,263 [INFO] 🔍 Scanning for alerts on 17 symbols (5min)...
2026-01-27 13:37:26,384 [INFO]     Scanning NSE:AMBER-EQ (5min) | Range 13:00-14:00 | Price=5441.00 > VAH=5440.25? | CVD=-29379 > Ref=0? | POC=5423.80 | VAL=5423.80
2026-01-27 13:37:26,516 [INFO]     Scanning NSE:DMART-EQ (5min) | Range 13:00-14:00 | Price=3660.20 > VAH=3668.60? | CVD=-21941 > Ref=1814? | POC=3656.70 | VAL=3656.70
2026-01-27 13:37:26,630 [INFO]     Scanning NSE:MFSL-EQ (5min) | Range 13:00-14:00 | Price=1586.80 > VAH=1590.40? | CVD=53221 > Ref=2550? | POC=1588.30 | VAL=1586.90
2026-01-27 13:37:26,753 [INFO] 🚀 [STRATEGY ALERT] NSE:RELIANCE-EQ (5min) triggered at 13:35!
2026-01-27 13:37:26,754 [INFO]     ✅ Price: 1384.30 < FRVP VAL: 1384.35
2026-01-27 13:37:26,754 [INFO]     ✅ CVD:   -614732 < CVD Ref:  55368
2026-01-27 13:37:26,755 [INFO]     ℹ️  FRVP Info: POC=1385.45, VAL=1384.35
2026-01-27 13:37:26,756 [INFO]     Scanning NSE:RELIANCE-EQ (5min) | Range 13:00-14:00 | Price=1384.30 > VAH=1386.55? | CVD=-614732 > Ref=55368? | POC=1385.45 | VAL=1384.35
2026-01-27 13:37:26,870 [INFO]     Scanning NSE:KPITTECH-EQ (5min) | Range 13:00-14:00 | Price=1100.00 > VAH=1100.45? | CVD=162653 > Ref=11686? | POC=1099.80 | VAL=1099.15
2026-01-27 13:37:26,973 [INFO]     Scanning NSE:LODHA-EQ (5min) | Range 13:00-14:00 | Price=888.60 > VAH=891.20? | CVD=545673 > Ref=44807? | POC=889.60 | VAL=888.80
2026-01-27 13:37:27,099 [INFO]     Scanning NSE:HDFCLIFE-EQ (5min) | Range 13:00-14:00 | Price=717.25 > VAH=716.80? | CVD=-87100 > Ref=17111? | POC=716.40 | VAL=715.60
2026-01-27 13:37:27,199 [INFO]     Scanning NSE:INDHOTEL-EQ (5min) | Range 13:00-14:00 | Price=644.55 > VAH=644.85? | CVD=-194134 > Ref=64541? | POC=643.95 | VAL=643.80
2026-01-27 13:37:27,309 [INFO]     Scanning NSE:ICICIPRULI-EQ (5min) | Range 13:00-14:00 | Price=638.50 > VAH=642.15? | CVD=33507 > Ref=24713? | POC=642.15 | VAL=638.10
2026-01-27 13:37:27,421 [INFO]     Scanning NSE:IRCTC-EQ (5min) | Range 13:00-14:00 | Price=604.30 > VAH=605.70? | CVD=-215287 > Ref=7628? | POC=604.80 | VAL=604.20
2026-01-27 13:37:27,498 [INFO]     Scanning NSE:CGPOWER-EQ (5min) | Range 13:00-14:00 | Price=538.65 > VAH=540.40? | CVD=345901 > Ref=295533? | POC=540.00 | VAL=538.80
2026-01-27 13:37:27,610 [INFO]     Scanning NSE:CONCOR-EQ (5min) | Range 13:00-14:00 | Price=480.65 > VAH=479.70? | CVD=115207 > Ref=15532? | POC=479.70 | VAL=478.50
2026-01-27 13:37:27,685 [INFO]     Scanning NSE:NYKAA-EQ (5min) | Range 13:00-14:00 | Price=233.65 > VAH=234.50? | CVD=350263 > Ref=106592? | POC=234.30 | VAL=234.20
2026-01-27 13:37:27,823 [INFO]     Scanning NSE:ASHOKLEY-EQ (5min) | Range 13:00-14:00 | Price=190.89 > VAH=191.10? | CVD=100490 > Ref=312825? | POC=189.90 | VAL=189.75
2026-01-27 13:37:27,938 [INFO]     Scanning NSE:IEX-EQ (5min) | Range 13:00-14:00 | Price=126.75 > VAH=127.00? | CVD=515115 > Ref=0? | POC=126.80 | VAL=126.50
2026-01-27 13:37:28,049 [INFO]     Scanning NSE:INOXWIND-EQ (5min) | Range 13:00-14:00 | Price=103.60 > VAH=104.05? | CVD=126986 > Ref=42362? | POC=104.00 | VAL=103.60
2026-01-27 13:37:28,162 [INFO]     Scanning NSE:NBCC-EQ (5min) | Range 13:00-14:00 | Price=95.01 > VAH=95.20? | CVD=434118 > Ref=195713? | POC=95.10 | VAL=95.05
2026-01-27 13:38:25,978 [INFO] 🔍 Scanning for alerts on 14 symbols (5min)...
2026-01-27 13:38:26,091 [INFO]     Scanning NSE:AMBER-EQ (5min) | Range 09:35-10:35 | Price=5443.00 > VAH=5468.40? | CVD=-28885 > Ref=0? | POC=5459.10 | VAL=5412.60
2026-01-27 13:38:26,188 [INFO]     Scanning NSE:MANKIND-EQ (5min) | Range 09:35-10:35 | Price=2079.40 > VAH=2084.00? | CVD=-39549 > Ref=5023? | POC=2084.00 | VAL=2078.00
2026-01-27 13:38:26,303 [INFO]     Scanning NSE:MFSL-EQ (5min) | Range 09:35-10:35 | Price=1585.40 > VAH=1593.60? | CVD=52604 > Ref=2550? | POC=1590.00 | VAL=1587.60
2026-01-27 13:38:26,418 [INFO]     Scanning NSE:RELIANCE-EQ (5min) | Range 09:35-10:35 | Price=1384.30 > VAH=1388.10? | CVD=-651947 > Ref=55368? | POC=1382.85 | VAL=1381.80
2026-01-27 13:38:26,499 [INFO]     Scanning NSE:KPITTECH-EQ (5min) | Range 09:35-10:35 | Price=1099.90 > VAH=1112.25? | CVD=160886 > Ref=11686? | POC=1111.50 | VAL=1110.00
2026-01-27 13:38:26,617 [INFO]     Scanning NSE:LODHA-EQ (5min) | Range 09:35-10:35 | Price=889.00 > VAH=874.35? | CVD=548343 > Ref=44807? | POC=874.35 | VAL=868.55
2026-01-27 13:38:26,692 [INFO]     Scanning NSE:HDFCLIFE-EQ (5min) | Range 09:35-10:35 | Price=717.05 > VAH=714.50? | CVD=-89323 > Ref=17111? | POC=713.50 | VAL=712.50
2026-01-27 13:38:26,825 [INFO]     Scanning NSE:INDHOTEL-EQ (5min) | Range 09:35-10:35 | Price=644.65 > VAH=641.90? | CVD=-201602 > Ref=64541? | POC=641.20 | VAL=640.50
2026-01-27 13:38:26,931 [INFO]     Scanning NSE:ICICIPRULI-EQ (5min) | Range 09:35-10:35 | Price=638.50 > VAH=640.50? | CVD=25000 > Ref=24713? | POC=640.50 | VAL=634.90
2026-01-27 13:38:27,032 [INFO]     Scanning NSE:CGPOWER-EQ (5min) | Range 09:35-10:35 | Price=538.50 > VAH=546.70? | CVD=337874 > Ref=295533? | POC=546.70 | VAL=544.50
2026-01-27 13:38:27,148 [INFO]     Scanning NSE:CONCOR-EQ (5min) | Range 09:35-10:35 | Price=480.40 > VAH=480.90? | CVD=113751 > Ref=15532? | POC=480.20 | VAL=474.60
2026-01-27 13:38:27,223 [INFO]     Scanning NSE:NYKAA-EQ (5min) | Range 09:35-10:35 | Price=233.60 > VAH=236.50? | CVD=348233 > Ref=106592? | POC=235.25 | VAL=235.25
2026-01-27 13:38:27,301 [INFO]     Scanning NSE:INOXWIND-EQ (5min) | Range 09:35-10:35 | Price=103.62 > VAH=103.50? | CVD=128193 > Ref=42362? | POC=103.40 | VAL=102.90
2026-01-27 13:38:27,393 [INFO]     Scanning NSE:NBCC-EQ (5min) | Range 09:35-10:35 | Price=94.94 > VAH=95.75? | CVD=424155 > Ref=195713? | POC=95.70 | VAL=95.40
2026-01-27 13:38:28,164 [INFO] 🔍 Scanning for alerts on 16 symbols (5min)...
2026-01-27 13:38:28,286 [INFO]     Scanning NSE:AMBER-EQ (5min) | Range 13:00-14:00 | Price=5443.00 > VAH=5440.25? | CVD=-28885 > Ref=0? | POC=5423.80 | VAL=5423.80
2026-01-27 13:38:28,399 [INFO]     Scanning NSE:DMART-EQ (5min) | Range 13:00-14:00 | Price=3660.00 > VAH=3668.60? | CVD=-22307 > Ref=1814? | POC=3658.40 | VAL=3656.70
2026-01-27 13:38:28,530 [INFO]     Scanning NSE:MFSL-EQ (5min) | Range 13:00-14:00 | Price=1585.40 > VAH=1590.35? | CVD=52604 > Ref=2550? | POC=1588.65 | VAL=1586.95
2026-01-27 13:38:28,639 [INFO]     Scanning NSE:KPITTECH-EQ (5min) | Range 13:00-14:00 | Price=1099.90 > VAH=1100.45? | CVD=160886 > Ref=11686? | POC=1099.80 | VAL=1099.15
2026-01-27 13:38:28,757 [INFO]     Scanning NSE:LODHA-EQ (5min) | Range 13:00-14:00 | Price=889.00 > VAH=891.20? | CVD=548343 > Ref=44807? | POC=889.60 | VAL=888.80
2026-01-27 13:38:28,873 [INFO]     Scanning NSE:HDFCLIFE-EQ (5min) | Range 13:00-14:00 | Price=717.05 > VAH=716.80? | CVD=-89323 > Ref=17111? | POC=716.40 | VAL=715.60
2026-01-27 13:38:28,973 [INFO]     Scanning NSE:INDHOTEL-EQ (5min) | Range 13:00-14:00 | Price=644.65 > VAH=644.85? | CVD=-201602 > Ref=64541? | POC=643.95 | VAL=643.80
2026-01-27 13:38:29,086 [INFO]     Scanning NSE:ICICIPRULI-EQ (5min) | Range 13:00-14:00 | Price=638.50 > VAH=642.15? | CVD=25000 > Ref=24713? | POC=642.15 | VAL=638.10
2026-01-27 13:38:29,203 [INFO]     Scanning NSE:IRCTC-EQ (5min) | Range 13:00-14:00 | Price=604.30 > VAH=605.70? | CVD=-216344 > Ref=7628? | POC=604.80 | VAL=604.20
2026-01-27 13:38:29,321 [INFO]     Scanning NSE:CGPOWER-EQ (5min) | Range 13:00-14:00 | Price=538.50 > VAH=540.40? | CVD=337874 > Ref=295533? | POC=540.00 | VAL=538.80
2026-01-27 13:38:29,435 [INFO]     Scanning NSE:CONCOR-EQ (5min) | Range 13:00-14:00 | Price=480.40 > VAH=479.70? | CVD=113751 > Ref=15532? | POC=479.70 | VAL=478.50
2026-01-27 13:38:29,551 [INFO]     Scanning NSE:NYKAA-EQ (5min) | Range 13:00-14:00 | Price=233.60 > VAH=234.50? | CVD=348233 > Ref=106592? | POC=234.30 | VAL=234.20
2026-01-27 13:38:29,659 [INFO]     Scanning NSE:ASHOKLEY-EQ (5min) | Range 13:00-14:00 | Price=190.94 > VAH=191.10? | CVD=124841 > Ref=312825? | POC=189.90 | VAL=189.75
2026-01-27 13:38:29,736 [INFO]     Scanning NSE:IEX-EQ (5min) | Range 13:00-14:00 | Price=126.68 > VAH=127.00? | CVD=496662 > Ref=0? | POC=126.80 | VAL=126.50
2026-01-27 13:38:29,843 [INFO]     Scanning NSE:INOXWIND-EQ (5min) | Range 13:00-14:00 | Price=103.62 > VAH=104.05? | CVD=128193 > Ref=42362? | POC=104.00 | VAL=103.60
2026-01-27 13:38:29,972 [INFO]     Scanning NSE:NBCC-EQ (5min) | Range 13:00-14:00 | Price=94.94 > VAH=95.20? | CVD=424155 > Ref=195713? | POC=95.10 | VAL=95.05
2026-01-27 13:39:27,395 [INFO] 🔍 Scanning for alerts on 14 symbols (5min)...
2026-01-27 13:39:27,511 [INFO]     Scanning NSE:AMBER-EQ (5min) | Range 09:35-10:35 | Price=5432.50 > VAH=5468.40? | CVD=-29530 > Ref=0? | POC=5459.10 | VAL=5412.60
2026-01-27 13:39:27,644 [INFO]     Scanning NSE:MANKIND-EQ (5min) | Range 09:35-10:35 | Price=2078.00 > VAH=2084.00? | CVD=-40635 > Ref=5023? | POC=2084.00 | VAL=2078.00
2026-01-27 13:39:27,779 [INFO]     Scanning NSE:MFSL-EQ (5min) | Range 09:35-10:35 | Price=1582.10 > VAH=1593.60? | CVD=49031 > Ref=2550? | POC=1590.00 | VAL=1587.60
2026-01-27 13:39:27,894 [INFO]     Scanning NSE:RELIANCE-EQ (5min) | Range 09:35-10:35 | Price=1382.00 > VAH=1388.10? | CVD=-710394 > Ref=55368? | POC=1382.85 | VAL=1381.80
2026-01-27 13:39:28,013 [INFO]     Scanning NSE:KPITTECH-EQ (5min) | Range 09:35-10:35 | Price=1097.00 > VAH=1112.25? | CVD=145613 > Ref=11686? | POC=1111.50 | VAL=1110.00
2026-01-27 13:39:28,129 [INFO]     Scanning NSE:LODHA-EQ (5min) | Range 09:35-10:35 | Price=888.80 > VAH=874.35? | CVD=545249 > Ref=44807? | POC=874.35 | VAL=868.55
2026-01-27 13:39:28,252 [INFO]     Scanning NSE:HDFCLIFE-EQ (5min) | Range 09:35-10:35 | Price=716.20 > VAH=714.50? | CVD=-90906 > Ref=17111? | POC=713.50 | VAL=712.50
2026-01-27 13:39:28,361 [INFO]     Scanning NSE:INDHOTEL-EQ (5min) | Range 09:35-10:35 | Price=644.65 > VAH=641.90? | CVD=-210318 > Ref=64541? | POC=641.20 | VAL=640.50
2026-01-27 13:39:28,485 [INFO]     Scanning NSE:ICICIPRULI-EQ (5min) | Range 09:35-10:35 | Price=638.50 > VAH=640.50? | CVD=18275 > Ref=24713? | POC=640.50 | VAL=634.90
2026-01-27 13:39:28,604 [INFO]     Scanning NSE:CGPOWER-EQ (5min) | Range 09:35-10:35 | Price=538.35 > VAH=546.70? | CVD=318151 > Ref=295533? | POC=546.70 | VAL=544.50
2026-01-27 13:39:28,682 [INFO]     Scanning NSE:CONCOR-EQ (5min) | Range 09:35-10:35 | Price=480.25 > VAH=480.90? | CVD=113124 > Ref=15532? | POC=480.20 | VAL=474.60
2026-01-27 13:39:28,802 [INFO]     Scanning NSE:NYKAA-EQ (5min) | Range 09:35-10:35 | Price=233.55 > VAH=236.50? | CVD=345244 > Ref=106592? | POC=235.25 | VAL=235.25
2026-01-27 13:39:28,923 [INFO]     Scanning NSE:INOXWIND-EQ (5min) | Range 09:35-10:35 | Price=103.61 > VAH=103.50? | CVD=48089 > Ref=42362? | POC=103.40 | VAL=102.90
2026-01-27 13:39:29,058 [INFO]     Scanning NSE:NBCC-EQ (5min) | Range 09:35-10:35 | Price=94.89 > VAH=95.75? | CVD=402697 > Ref=195713? | POC=95.70 | VAL=95.40
2026-01-27 13:39:29,974 [INFO] 🔍 Scanning for alerts on 16 symbols (5min)...
2026-01-27 13:39:30,087 [INFO]     Scanning NSE:AMBER-EQ (5min) | Range 13:00-14:00 | Price=5432.50 > VAH=5440.25? | CVD=-29530 > Ref=0? | POC=5423.80 | VAL=5423.80
2026-01-27 13:39:30,199 [INFO]     Scanning NSE:DMART-EQ (5min) | Range 13:00-14:00 | Price=3660.90 > VAH=3668.60? | CVD=-22156 > Ref=1814? | POC=3658.40 | VAL=3656.70
2026-01-27 13:39:30,305 [INFO]     Scanning NSE:MFSL-EQ (5min) | Range 13:00-14:00 | Price=1582.10 > VAH=1590.45? | CVD=49031 > Ref=2550? | POC=1588.15 | VAL=1587.00
2026-01-27 13:39:30,424 [INFO]     Scanning NSE:KPITTECH-EQ (5min) | Range 13:00-14:00 | Price=1097.00 > VAH=1100.40? | CVD=145613 > Ref=11686? | POC=1099.70 | VAL=1098.30
2026-01-27 13:39:30,522 [INFO]     Scanning NSE:LODHA-EQ (5min) | Range 13:00-14:00 | Price=888.80 > VAH=891.20? | CVD=545249 > Ref=44807? | POC=889.60 | VAL=888.80
2026-01-27 13:39:30,640 [INFO]     Scanning NSE:HDFCLIFE-EQ (5min) | Range 13:00-14:00 | Price=716.20 > VAH=716.80? | CVD=-90906 > Ref=17111? | POC=716.40 | VAL=715.60
2026-01-27 13:39:30,749 [INFO]     Scanning NSE:INDHOTEL-EQ (5min) | Range 13:00-14:00 | Price=644.65 > VAH=644.85? | CVD=-210318 > Ref=64541? | POC=643.95 | VAL=643.80
2026-01-27 13:39:30,865 [INFO]     Scanning NSE:ICICIPRULI-EQ (5min) | Range 13:00-14:00 | Price=638.50 > VAH=642.15? | CVD=18275 > Ref=24713? | POC=638.10 | VAL=638.10
2026-01-27 13:39:30,974 [INFO] 🚀 [STRATEGY ALERT] NSE:IRCTC-EQ (5min) triggered at 13:35!
2026-01-27 13:39:30,974 [INFO]     ✅ Price: 603.40 < FRVP VAL: 603.90
2026-01-27 13:39:30,975 [INFO]     ✅ CVD:   -222081 < CVD Ref:  7628
2026-01-27 13:39:30,975 [INFO]     ℹ️  FRVP Info: POC=604.20, VAL=603.90
2026-01-27 13:39:30,976 [INFO]     Scanning NSE:IRCTC-EQ (5min) | Range 13:00-14:00 | Price=603.40 > VAH=605.40? | CVD=-222081 > Ref=7628? | POC=604.20 | VAL=603.90
2026-01-27 13:39:31,064 [INFO]     Scanning NSE:CGPOWER-EQ (5min) | Range 13:00-14:00 | Price=538.35 > VAH=540.90? | CVD=318151 > Ref=295533? | POC=539.10 | VAL=539.10
2026-01-27 13:39:31,143 [INFO]     Scanning NSE:CONCOR-EQ (5min) | Range 13:00-14:00 | Price=480.25 > VAH=479.70? | CVD=113124 > Ref=15532? | POC=479.70 | VAL=478.50
2026-01-27 13:39:31,257 [INFO]     Scanning NSE:NYKAA-EQ (5min) | Range 13:00-14:00 | Price=233.55 > VAH=234.45? | CVD=345244 > Ref=106592? | POC=234.30 | VAL=234.15
2026-01-27 13:39:31,416 [INFO]     Scanning NSE:ASHOKLEY-EQ (5min) | Range 13:00-14:00 | Price=190.84 > VAH=191.10? | CVD=49501 > Ref=312825? | POC=189.90 | VAL=189.75
2026-01-27 13:39:31,518 [INFO]     Scanning NSE:IEX-EQ (5min) | Range 13:00-14:00 | Price=126.57 > VAH=127.00? | CVD=490026 > Ref=0? | POC=126.80 | VAL=126.50
2026-01-27 13:39:31,641 [INFO]     Scanning NSE:INOXWIND-EQ (5min) | Range 13:00-14:00 | Price=103.61 > VAH=104.05? | CVD=48089 > Ref=42362? | POC=104.00 | VAL=103.55
2026-01-27 13:39:31,754 [INFO]     Scanning NSE:NBCC-EQ (5min) | Range 13:00-14:00 | Price=94.89 > VAH=95.20? | CVD=402697 > Ref=195713? | POC=95.10 | VAL=95.05
2026-01-27 13:40:29,060 [INFO] 🔍 Scanning for alerts on 14 symbols (5min)...
2026-01-27 13:40:29,173 [INFO]     Scanning NSE:AMBER-EQ (5min) | Range 09:35-10:35 | Price=5429.00 > VAH=5468.40? | CVD=-29988 > Ref=0? | POC=5459.10 | VAL=5412.60
2026-01-27 13:40:29,292 [INFO]     Scanning NSE:MANKIND-EQ (5min) | Range 09:35-10:35 | Price=2078.20 > VAH=2084.00? | CVD=-36519 > Ref=5023? | POC=2084.00 | VAL=2078.00
2026-01-27 13:40:29,409 [INFO]     Scanning NSE:MFSL-EQ (5min) | Range 09:35-10:35 | Price=1581.60 > VAH=1593.60? | CVD=46516 > Ref=2550? | POC=1590.00 | VAL=1587.60
2026-01-27 13:40:29,486 [INFO] 🚀 [STRATEGY ALERT] NSE:RELIANCE-EQ (5min) triggered at 13:35!
2026-01-27 13:40:29,486 [INFO]     ✅ Price: 1381.20 < FRVP VAL: 1381.80
2026-01-27 13:40:29,487 [INFO]     ✅ CVD:   -863601 < CVD Ref:  55368
2026-01-27 13:40:29,487 [INFO]     ℹ️  FRVP Info: POC=1382.85, VAL=1381.80
2026-01-27 13:40:29,488 [INFO]     Scanning NSE:RELIANCE-EQ (5min) | Range 09:35-10:35 | Price=1381.20 > VAH=1388.10? | CVD=-863601 > Ref=55368? | POC=1382.85 | VAL=1381.80
2026-01-27 13:40:29,608 [INFO]     Scanning NSE:KPITTECH-EQ (5min) | Range 09:35-10:35 | Price=1095.40 > VAH=1112.25? | CVD=140884 > Ref=11686? | POC=1111.50 | VAL=1110.00
2026-01-27 13:40:29,684 [INFO]     Scanning NSE:LODHA-EQ (5min) | Range 09:35-10:35 | Price=888.40 > VAH=874.35? | CVD=540353 > Ref=44807? | POC=874.35 | VAL=868.55
2026-01-27 13:40:29,782 [INFO]     Scanning NSE:HDFCLIFE-EQ (5min) | Range 09:35-10:35 | Price=715.10 > VAH=714.50? | CVD=-93746 > Ref=17111? | POC=713.50 | VAL=712.50
2026-01-27 13:40:29,871 [INFO]     Scanning NSE:INDHOTEL-EQ (5min) | Range 09:35-10:35 | Price=644.55 > VAH=641.90? | CVD=-216324 > Ref=64541? | POC=641.20 | VAL=640.50
2026-01-27 13:40:29,983 [INFO]     Scanning NSE:ICICIPRULI-EQ (5min) | Range 09:35-10:35 | Price=638.50 > VAH=640.50? | CVD=5030 > Ref=24713? | POC=640.50 | VAL=634.90
2026-01-27 13:40:30,121 [INFO]     Scanning NSE:CGPOWER-EQ (5min) | Range 09:35-10:35 | Price=538.50 > VAH=546.70? | CVD=334987 > Ref=295533? | POC=546.70 | VAL=544.50
2026-01-27 13:40:30,252 [INFO]     Scanning NSE:CONCOR-EQ (5min) | Range 09:35-10:35 | Price=479.60 > VAH=480.90? | CVD=110001 > Ref=15532? | POC=480.20 | VAL=474.60
2026-01-27 13:40:30,367 [INFO]     Scanning NSE:NYKAA-EQ (5min) | Range 09:35-10:35 | Price=233.50 > VAH=236.50? | CVD=337199 > Ref=106592? | POC=235.25 | VAL=235.25
2026-01-27 13:40:30,484 [INFO]     Scanning NSE:INOXWIND-EQ (5min) | Range 09:35-10:35 | Price=103.61 > VAH=103.50? | CVD=-54952 > Ref=42362? | POC=103.40 | VAL=102.90
2026-01-27 13:40:30,603 [INFO]     Scanning NSE:NBCC-EQ (5min) | Range 09:35-10:35 | Price=94.80 > VAH=95.75? | CVD=391871 > Ref=195713? | POC=95.70 | VAL=95.40
2026-01-27 13:40:31,756 [INFO] 🔍 Scanning for alerts on 15 symbols (5min)...
2026-01-27 13:40:31,899 [INFO]     Scanning NSE:AMBER-EQ (5min) | Range 13:00-14:00 | Price=5429.00 > VAH=5440.25? | CVD=-29988 > Ref=0? | POC=5423.80 | VAL=5423.80
2026-01-27 13:40:32,019 [INFO]     Scanning NSE:DMART-EQ (5min) | Range 13:00-14:00 | Price=3658.20 > VAH=3666.60? | CVD=-23053 > Ref=1814? | POC=3659.40 | VAL=3657.60
2026-01-27 13:40:32,128 [INFO]     Scanning NSE:MFSL-EQ (5min) | Range 13:00-14:00 | Price=1581.60 > VAH=1591.25? | CVD=46516 > Ref=2550? | POC=1587.50 | VAL=1586.25
2026-01-27 13:40:32,211 [INFO]     Scanning NSE:KPITTECH-EQ (5min) | Range 13:00-14:00 | Price=1095.40 > VAH=1099.80? | CVD=140884 > Ref=11686? | POC=1099.80 | VAL=1097.10
2026-01-27 13:40:32,330 [INFO]     Scanning NSE:LODHA-EQ (5min) | Range 13:00-14:00 | Price=888.40 > VAH=891.20? | CVD=540353 > Ref=44807? | POC=889.60 | VAL=888.00
2026-01-27 13:40:32,433 [INFO] 🚀 [STRATEGY ALERT] NSE:HDFCLIFE-EQ (5min) triggered at 13:35!
2026-01-27 13:40:32,434 [INFO]     ✅ Price: 715.10 < FRVP VAL: 715.60
2026-01-27 13:40:32,434 [INFO]     ✅ CVD:   -93746 < CVD Ref:  17111
2026-01-27 13:40:32,435 [INFO]     ℹ️  FRVP Info: POC=716.40, VAL=715.60
2026-01-27 13:40:32,436 [INFO]     Scanning NSE:HDFCLIFE-EQ (5min) | Range 13:00-14:00 | Price=715.10 > VAH=716.80? | CVD=-93746 > Ref=17111? | POC=716.40 | VAL=715.60
2026-01-27 13:40:32,541 [INFO]     Scanning NSE:INDHOTEL-EQ (5min) | Range 13:00-14:00 | Price=644.55 > VAH=644.85? | CVD=-216324 > Ref=64541? | POC=643.95 | VAL=643.80
2026-01-27 13:40:32,656 [INFO]     Scanning NSE:ICICIPRULI-EQ (5min) | Range 13:00-14:00 | Price=638.50 > VAH=642.15? | CVD=5030 > Ref=24713? | POC=638.10 | VAL=638.10
2026-01-27 13:40:32,778 [INFO]     Scanning NSE:CGPOWER-EQ (5min) | Range 13:00-14:00 | Price=538.50 > VAH=540.90? | CVD=334987 > Ref=295533? | POC=539.10 | VAL=539.10
2026-01-27 13:40:32,854 [INFO]     Scanning NSE:CONCOR-EQ (5min) | Range 13:00-14:00 | Price=479.60 > VAH=479.70? | CVD=110001 > Ref=15532? | POC=479.70 | VAL=478.50
2026-01-27 13:40:32,970 [INFO]     Scanning NSE:NYKAA-EQ (5min) | Range 13:00-14:00 | Price=233.50 > VAH=234.45? | CVD=337199 > Ref=106592? | POC=234.30 | VAL=234.15
2026-01-27 13:40:33,126 [INFO]     Scanning NSE:ASHOKLEY-EQ (5min) | Range 13:00-14:00 | Price=190.52 > VAH=191.10? | CVD=-11958 > Ref=312825? | POC=189.90 | VAL=189.75
2026-01-27 13:40:33,244 [INFO]     Scanning NSE:IEX-EQ (5min) | Range 13:00-14:00 | Price=126.35 > VAH=127.00? | CVD=452415 > Ref=0? | POC=126.80 | VAL=126.50
2026-01-27 13:40:33,370 [INFO]     Scanning NSE:INOXWIND-EQ (5min) | Range 13:00-14:00 | Price=103.61 > VAH=104.00? | CVD=-54952 > Ref=42362? | POC=104.00 | VAL=103.55
2026-01-27 13:40:33,487 [INFO]     Scanning NSE:NBCC-EQ (5min) | Range 13:00-14:00 | Price=94.80 > VAH=95.20? | CVD=391871 > Ref=195713? | POC=95.10 | VAL=95.05
2026-01-27 13:41:30,603 [INFO] 🔍 Scanning for alerts on 13 symbols (5min)...
2026-01-27 13:41:30,717 [INFO]     Scanning NSE:AMBER-EQ (5min) | Range 09:35-10:35 | Price=5426.50 > VAH=5468.40? | CVD=-30412 > Ref=0? | POC=5459.10 | VAL=5412.60
2026-01-27 13:41:30,840 [INFO]     Scanning NSE:MANKIND-EQ (5min) | Range 09:35-10:35 | Price=2079.40 > VAH=2084.00? | CVD=-34668 > Ref=5023? | POC=2084.00 | VAL=2078.00
2026-01-27 13:41:30,954 [INFO]     Scanning NSE:MFSL-EQ (5min) | Range 09:35-10:35 | Price=1583.40 > VAH=1593.60? | CVD=53098 > Ref=2550? | POC=1590.00 | VAL=1587.60
2026-01-27 13:41:31,064 [INFO]     Scanning NSE:KPITTECH-EQ (5min) | Range 09:35-10:35 | Price=1097.00 > VAH=1112.25? | CVD=145425 > Ref=11686? | POC=1111.50 | VAL=1110.00
2026-01-27 13:41:31,139 [INFO]     Scanning NSE:LODHA-EQ (5min) | Range 09:35-10:35 | Price=888.10 > VAH=874.35? | CVD=528131 > Ref=44807? | POC=874.35 | VAL=868.55
2026-01-27 13:41:31,209 [INFO]     Scanning NSE:HDFCLIFE-EQ (5min) | Range 09:35-10:35 | Price=715.55 > VAH=714.50? | CVD=-86305 > Ref=17111? | POC=713.50 | VAL=712.50
2026-01-27 13:41:31,283 [INFO]     Scanning NSE:INDHOTEL-EQ (5min) | Range 09:35-10:35 | Price=644.50 > VAH=641.90? | CVD=-219015 > Ref=64541? | POC=641.20 | VAL=640.50
2026-01-27 13:41:31,401 [INFO]     Scanning NSE:ICICIPRULI-EQ (5min) | Range 09:35-10:35 | Price=639.65 > VAH=640.50? | CVD=9011 > Ref=24713? | POC=640.50 | VAL=634.90
2026-01-27 13:41:31,538 [INFO]     Scanning NSE:CGPOWER-EQ (5min) | Range 09:35-10:35 | Price=538.70 > VAH=546.70? | CVD=344780 > Ref=295533? | POC=546.70 | VAL=544.50
2026-01-27 13:41:31,656 [INFO]     Scanning NSE:CONCOR-EQ (5min) | Range 09:35-10:35 | Price=479.60 > VAH=480.90? | CVD=98637 > Ref=15532? | POC=480.20 | VAL=474.60
2026-01-27 13:41:31,732 [INFO]     Scanning NSE:NYKAA-EQ (5min) | Range 09:35-10:35 | Price=233.55 > VAH=236.50? | CVD=348048 > Ref=106592? | POC=235.25 | VAL=235.25
2026-01-27 13:41:31,801 [INFO]     Scanning NSE:INOXWIND-EQ (5min) | Range 09:35-10:35 | Price=103.68 > VAH=103.50? | CVD=-45321 > Ref=42362? | POC=103.40 | VAL=102.90
2026-01-27 13:41:31,877 [INFO]     Scanning NSE:NBCC-EQ (5min) | Range 09:35-10:35 | Price=94.96 > VAH=95.75? | CVD=425062 > Ref=195713? | POC=95.70 | VAL=95.40
2026-01-27 13:41:33,489 [INFO] 🔍 Scanning for alerts on 14 symbols (5min)...
2026-01-27 13:41:33,619 [INFO]     Scanning NSE:AMBER-EQ (5min) | Range 13:00-14:00 | Price=5426.50 > VAH=5440.25? | CVD=-30412 > Ref=0? | POC=5423.80 | VAL=5423.80
2026-01-27 13:41:33,728 [INFO]     Scanning NSE:DMART-EQ (5min) | Range 13:00-14:00 | Price=3658.00 > VAH=3666.60? | CVD=-24083 > Ref=1814? | POC=3657.60 | VAL=3657.60
2026-01-27 13:41:33,815 [INFO]     Scanning NSE:MFSL-EQ (5min) | Range 13:00-14:00 | Price=1583.40 > VAH=1591.25? | CVD=53098 > Ref=2550? | POC=1587.50 | VAL=1581.25
2026-01-27 13:41:33,930 [INFO]     Scanning NSE:KPITTECH-EQ (5min) | Range 13:00-14:00 | Price=1097.00 > VAH=1099.80? | CVD=145425 > Ref=11686? | POC=1099.80 | VAL=1097.10
2026-01-27 13:41:34,017 [INFO]     Scanning NSE:LODHA-EQ (5min) | Range 13:00-14:00 | Price=888.10 > VAH=891.20? | CVD=528131 > Ref=44807? | POC=889.60 | VAL=888.00
2026-01-27 13:41:34,121 [INFO]     Scanning NSE:INDHOTEL-EQ (5min) | Range 13:00-14:00 | Price=644.50 > VAH=644.85? | CVD=-219015 > Ref=64541? | POC=643.95 | VAL=643.80
2026-01-27 13:41:34,237 [INFO]     Scanning NSE:ICICIPRULI-EQ (5min) | Range 13:00-14:00 | Price=639.65 > VAH=642.15? | CVD=9011 > Ref=24713? | POC=638.10 | VAL=638.10
2026-01-27 13:41:34,315 [INFO]     Scanning NSE:CGPOWER-EQ (5min) | Range 13:00-14:00 | Price=538.70 > VAH=540.90? | CVD=344780 > Ref=295533? | POC=539.10 | VAL=539.10
2026-01-27 13:41:34,425 [INFO]     Scanning NSE:CONCOR-EQ (5min) | Range 13:00-14:00 | Price=479.60 > VAH=479.70? | CVD=98637 > Ref=15532? | POC=479.70 | VAL=478.50
2026-01-27 13:41:34,542 [INFO]     Scanning NSE:NYKAA-EQ (5min) | Range 13:00-14:00 | Price=233.55 > VAH=234.45? | CVD=348048 > Ref=106592? | POC=234.30 | VAL=234.15
2026-01-27 13:41:34,697 [INFO]     Scanning NSE:ASHOKLEY-EQ (5min) | Range 13:00-14:00 | Price=190.60 > VAH=191.10? | CVD=74490 > Ref=312825? | POC=189.90 | VAL=189.75
2026-01-27 13:41:34,814 [INFO]     Scanning NSE:IEX-EQ (5min) | Range 13:00-14:00 | Price=126.33 > VAH=127.00? | CVD=433446 > Ref=0? | POC=126.80 | VAL=126.50
2026-01-27 13:41:34,930 [INFO]     Scanning NSE:INOXWIND-EQ (5min) | Range 13:00-14:00 | Price=103.68 > VAH=104.00? | CVD=-45321 > Ref=42362? | POC=104.00 | VAL=103.55
2026-01-27 13:41:35,060 [INFO]     Scanning NSE:NBCC-EQ (5min) | Range 13:00-14:00 | Price=94.96 > VAH=95.20? | CVD=425062 > Ref=195713? | POC=95.10 | VAL=95.00
2026-01-27 13:42:31,879 [INFO] 🔍 Scanning for alerts on 13 symbols (5min)...
2026-01-27 13:42:31,993 [INFO]     Scanning NSE:AMBER-EQ (5min) | Range 09:35-10:35 | Price=5428.50 > VAH=5468.40? | CVD=-29889 > Ref=0? | POC=5459.10 | VAL=5412.60
2026-01-27 13:42:32,128 [INFO]     Scanning NSE:MANKIND-EQ (5min) | Range 09:35-10:35 | Price=2081.00 > VAH=2084.00? | CVD=-33268 > Ref=5023? | POC=2084.00 | VAL=2078.00
2026-01-27 13:42:32,259 [INFO]     Scanning NSE:MFSL-EQ (5min) | Range 09:35-10:35 | Price=1583.50 > VAH=1593.60? | CVD=53896 > Ref=2550? | POC=1590.00 | VAL=1587.60
2026-01-27 13:42:32,378 [INFO]     Scanning NSE:KPITTECH-EQ (5min) | Range 09:35-10:35 | Price=1097.30 > VAH=1112.25? | CVD=146643 > Ref=11686? | POC=1111.50 | VAL=1110.00
2026-01-27 13:42:32,492 [INFO]     Scanning NSE:LODHA-EQ (5min) | Range 09:35-10:35 | Price=890.10 > VAH=874.35? | CVD=538659 > Ref=44807? | POC=874.35 | VAL=868.55
2026-01-27 13:42:32,609 [INFO]     Scanning NSE:HDFCLIFE-EQ (5min) | Range 09:35-10:35 | Price=716.05 > VAH=714.50? | CVD=-84016 > Ref=17111? | POC=713.50 | VAL=712.50
2026-01-27 13:42:32,685 [INFO]     Scanning NSE:INDHOTEL-EQ (5min) | Range 09:35-10:35 | Price=644.50 > VAH=641.90? | CVD=-223542 > Ref=64541? | POC=641.20 | VAL=640.50
2026-01-27 13:42:32,790 [INFO]     Scanning NSE:ICICIPRULI-EQ (5min) | Range 09:35-10:35 | Price=639.40 > VAH=640.50? | CVD=5798 > Ref=24713? | POC=640.50 | VAL=634.90
2026-01-27 13:42:32,922 [INFO]     Scanning NSE:CGPOWER-EQ (5min) | Range 09:35-10:35 | Price=539.10 > VAH=546.70? | CVD=360924 > Ref=295533? | POC=546.70 | VAL=544.50
2026-01-27 13:42:33,034 [INFO]     Scanning NSE:CONCOR-EQ (5min) | Range 09:35-10:35 | Price=479.90 > VAH=480.90? | CVD=101360 > Ref=15532? | POC=480.20 | VAL=474.60
2026-01-27 13:42:33,154 [INFO]     Scanning NSE:NYKAA-EQ (5min) | Range 09:35-10:35 | Price=233.50 > VAH=236.50? | CVD=346039 > Ref=106592? | POC=235.25 | VAL=235.25
2026-01-27 13:42:33,229 [INFO]     Scanning NSE:INOXWIND-EQ (5min) | Range 09:35-10:35 | Price=103.68 > VAH=103.50? | CVD=-41716 > Ref=42362? | POC=103.40 | VAL=102.90
2026-01-27 13:42:33,347 [INFO]     Scanning NSE:NBCC-EQ (5min) | Range 09:35-10:35 | Price=94.94 > VAH=95.75? | CVD=428302 > Ref=195713? | POC=95.70 | VAL=95.40
2026-01-27 13:42:35,062 [INFO] 🔍 Scanning for alerts on 14 symbols (5min)...
2026-01-27 13:42:35,179 [INFO]     Scanning NSE:AMBER-EQ (5min) | Range 13:00-14:00 | Price=5428.50 > VAH=5440.25? | CVD=-29889 > Ref=0? | POC=5423.80 | VAL=5423.80
2026-01-27 13:42:35,296 [INFO]     Scanning NSE:DMART-EQ (5min) | Range 13:00-14:00 | Price=3660.50 > VAH=3666.60? | CVD=-23362 > Ref=1814? | POC=3657.60 | VAL=3657.60
2026-01-27 13:42:35,407 [INFO]     Scanning NSE:MFSL-EQ (5min) | Range 13:00-14:00 | Price=1583.50 > VAH=1591.25? | CVD=53896 > Ref=2550? | POC=1587.50 | VAL=1582.50
2026-01-27 13:42:35,524 [INFO]     Scanning NSE:KPITTECH-EQ (5min) | Range 13:00-14:00 | Price=1097.30 > VAH=1099.80? | CVD=146643 > Ref=11686? | POC=1099.80 | VAL=1097.10
2026-01-27 13:42:35,602 [INFO]     Scanning NSE:LODHA-EQ (5min) | Range 13:00-14:00 | Price=890.10 > VAH=891.20? | CVD=538659 > Ref=44807? | POC=889.60 | VAL=888.00
2026-01-27 13:42:35,726 [INFO]     Scanning NSE:INDHOTEL-EQ (5min) | Range 13:00-14:00 | Price=644.50 > VAH=644.85? | CVD=-223542 > Ref=64541? | POC=643.95 | VAL=643.80
2026-01-27 13:42:35,805 [INFO]     Scanning NSE:ICICIPRULI-EQ (5min) | Range 13:00-14:00 | Price=639.40 > VAH=642.15? | CVD=5798 > Ref=24713? | POC=638.10 | VAL=638.10
2026-01-27 13:42:35,876 [INFO]     Scanning NSE:CGPOWER-EQ (5min) | Range 13:00-14:00 | Price=539.10 > VAH=540.45? | CVD=360924 > Ref=295533? | POC=539.10 | VAL=538.65
2026-01-27 13:42:35,992 [INFO]     Scanning NSE:CONCOR-EQ (5min) | Range 13:00-14:00 | Price=479.90 > VAH=479.70? | CVD=101360 > Ref=15532? | POC=479.70 | VAL=478.50
2026-01-27 13:42:36,094 [INFO]     Scanning NSE:NYKAA-EQ (5min) | Range 13:00-14:00 | Price=233.50 > VAH=234.45? | CVD=346039 > Ref=106592? | POC=234.30 | VAL=234.00
2026-01-27 13:42:36,245 [INFO]     Scanning NSE:ASHOKLEY-EQ (5min) | Range 13:00-14:00 | Price=190.84 > VAH=191.10? | CVD=140014 > Ref=312825? | POC=189.90 | VAL=189.75
2026-01-27 13:42:36,376 [INFO]     Scanning NSE:IEX-EQ (5min) | Range 13:00-14:00 | Price=126.35 > VAH=127.00? | CVD=439749 > Ref=0? | POC=126.80 | VAL=126.50
2026-01-27 13:42:36,491 [INFO]     Scanning NSE:INOXWIND-EQ (5min) | Range 13:00-14:00 | Price=103.68 > VAH=104.05? | CVD=-41716 > Ref=42362? | POC=104.00 | VAL=103.55
2026-01-27 13:42:36,624 [INFO]     Scanning NSE:NBCC-EQ (5min) | Range 13:00-14:00 | Price=94.94 > VAH=95.20? | CVD=428302 > Ref=195713? | POC=95.10 | VAL=95.00
2026-01-27 13:43:33,349 [INFO] 🔍 Scanning for alerts on 13 symbols (5min)...
2026-01-27 13:43:33,465 [INFO]     Scanning NSE:AMBER-EQ (5min) | Range 09:35-10:35 | Price=5426.00 > VAH=5468.40? | CVD=-30306 > Ref=0? | POC=5459.10 | VAL=5412.60
2026-01-27 13:43:33,543 [INFO]     Scanning NSE:MANKIND-EQ (5min) | Range 09:35-10:35 | Price=2079.50 > VAH=2084.00? | CVD=-35285 > Ref=5023? | POC=2084.00 | VAL=2078.00
2026-01-27 13:43:33,612 [INFO]     Scanning NSE:MFSL-EQ (5min) | Range 09:35-10:35 | Price=1582.00 > VAH=1593.60? | CVD=53486 > Ref=2550? | POC=1590.00 | VAL=1587.60
2026-01-27 13:43:33,719 [INFO]     Scanning NSE:KPITTECH-EQ (5min) | Range 09:35-10:35 | Price=1095.80 > VAH=1112.25? | CVD=145369 > Ref=11686? | POC=1111.50 | VAL=1110.00
2026-01-27 13:43:33,814 [INFO]     Scanning NSE:LODHA-EQ (5min) | Range 09:35-10:35 | Price=889.40 > VAH=874.35? | CVD=528496 > Ref=44807? | POC=874.35 | VAL=868.55
2026-01-27 13:43:33,886 [INFO]     Scanning NSE:HDFCLIFE-EQ (5min) | Range 09:35-10:35 | Price=715.40 > VAH=714.50? | CVD=-85593 > Ref=17111? | POC=713.50 | VAL=712.50
2026-01-27 13:43:34,004 [INFO]     Scanning NSE:INDHOTEL-EQ (5min) | Range 09:35-10:35 | Price=644.15 > VAH=641.90? | CVD=-242786 > Ref=64541? | POC=641.20 | VAL=640.50
2026-01-27 13:43:34,129 [INFO]     Scanning NSE:ICICIPRULI-EQ (5min) | Range 09:35-10:35 | Price=639.05 > VAH=640.50? | CVD=764 > Ref=24713? | POC=640.50 | VAL=634.90
2026-01-27 13:43:34,253 [INFO]     Scanning NSE:CGPOWER-EQ (5min) | Range 09:35-10:35 | Price=538.80 > VAH=546.70? | CVD=336441 > Ref=295533? | POC=546.70 | VAL=544.50
2026-01-27 13:43:34,384 [INFO]     Scanning NSE:CONCOR-EQ (5min) | Range 09:35-10:35 | Price=479.25 > VAH=480.90? | CVD=91574 > Ref=15532? | POC=480.20 | VAL=474.60
2026-01-27 13:43:34,491 [INFO]     Scanning NSE:NYKAA-EQ (5min) | Range 09:35-10:35 | Price=233.50 > VAH=236.50? | CVD=344857 > Ref=106592? | POC=235.25 | VAL=235.25
2026-01-27 13:43:34,583 [INFO]     Scanning NSE:INOXWIND-EQ (5min) | Range 09:35-10:35 | Price=103.60 > VAH=103.50? | CVD=-163090 > Ref=42362? | POC=103.40 | VAL=102.90
2026-01-27 13:43:34,701 [INFO]     Scanning NSE:NBCC-EQ (5min) | Range 09:35-10:35 | Price=94.88 > VAH=95.75? | CVD=418689 > Ref=195713? | POC=95.70 | VAL=95.40
2026-01-27 13:43:36,626 [INFO] 🔍 Scanning for alerts on 14 symbols (5min)...
2026-01-27 13:43:36,752 [INFO]     Scanning NSE:AMBER-EQ (5min) | Range 13:00-14:00 | Price=5426.00 > VAH=5440.25? | CVD=-30306 > Ref=0? | POC=5423.80 | VAL=5423.80
2026-01-27 13:43:36,874 [INFO]     Scanning NSE:DMART-EQ (5min) | Range 13:00-14:00 | Price=3658.00 > VAH=3666.60? | CVD=-27900 > Ref=1814? | POC=3657.60 | VAL=3657.60
2026-01-27 13:43:36,998 [INFO]     Scanning NSE:MFSL-EQ (5min) | Range 13:00-14:00 | Price=1582.00 > VAH=1591.25? | CVD=53486 > Ref=2550? | POC=1587.50 | VAL=1582.50
2026-01-27 13:43:37,115 [INFO]     Scanning NSE:KPITTECH-EQ (5min) | Range 13:00-14:00 | Price=1095.80 > VAH=1099.80? | CVD=145369 > Ref=11686? | POC=1099.80 | VAL=1096.20
2026-01-27 13:43:37,252 [INFO]     Scanning NSE:LODHA-EQ (5min) | Range 13:00-14:00 | Price=889.40 > VAH=890.40? | CVD=528496 > Ref=44807? | POC=889.60 | VAL=888.00
2026-01-27 13:43:37,380 [INFO]     Scanning NSE:INDHOTEL-EQ (5min) | Range 13:00-14:00 | Price=644.15 > VAH=644.70? | CVD=-242786 > Ref=64541? | POC=643.95 | VAL=643.80
2026-01-27 13:43:37,502 [INFO]     Scanning NSE:ICICIPRULI-EQ (5min) | Range 13:00-14:00 | Price=639.05 > VAH=642.15? | CVD=764 > Ref=24713? | POC=638.10 | VAL=638.10
2026-01-27 13:43:37,618 [INFO]     Scanning NSE:CGPOWER-EQ (5min) | Range 13:00-14:00 | Price=538.80 > VAH=540.90? | CVD=336441 > Ref=295533? | POC=539.10 | VAL=538.65
2026-01-27 13:43:37,701 [INFO]     Scanning NSE:CONCOR-EQ (5min) | Range 13:00-14:00 | Price=479.25 > VAH=479.70? | CVD=91574 > Ref=15532? | POC=479.70 | VAL=478.50
2026-01-27 13:43:37,831 [INFO]     Scanning NSE:NYKAA-EQ (5min) | Range 13:00-14:00 | Price=233.50 > VAH=234.45? | CVD=344857 > Ref=106592? | POC=234.30 | VAL=234.00
2026-01-27 13:43:38,004 [INFO]     Scanning NSE:ASHOKLEY-EQ (5min) | Range 13:00-14:00 | Price=190.71 > VAH=191.10? | CVD=49074 > Ref=312825? | POC=189.90 | VAL=189.75
2026-01-27 13:43:38,119 [INFO]     Scanning NSE:IEX-EQ (5min) | Range 13:00-14:00 | Price=126.33 > VAH=126.90? | CVD=382461 > Ref=0? | POC=126.75 | VAL=126.30
2026-01-27 13:43:38,197 [INFO]     Scanning NSE:INOXWIND-EQ (5min) | Range 13:00-14:00 | Price=103.60 > VAH=104.00? | CVD=-163090 > Ref=42362? | POC=103.60 | VAL=103.55
2026-01-27 13:43:38,267 [INFO]     Scanning NSE:NBCC-EQ (5min) | Range 13:00-14:00 | Price=94.88 > VAH=95.20? | CVD=418689 > Ref=195713? | POC=95.10 | VAL=95.00
2026-01-27 13:44:34,703 [INFO] 🔍 Scanning for alerts on 13 symbols (5min)...
2026-01-27 13:44:34,819 [INFO]     Scanning NSE:AMBER-EQ (5min) | Range 09:35-10:35 | Price=5417.50 > VAH=5468.40? | CVD=-32073 > Ref=0? | POC=5459.10 | VAL=5412.60
2026-01-27 13:44:34,946 [INFO]     Scanning NSE:MANKIND-EQ (5min) | Range 09:35-10:35 | Price=2078.80 > VAH=2084.00? | CVD=-32273 > Ref=5023? | POC=2084.00 | VAL=2078.00
2026-01-27 13:44:35,062 [INFO]     Scanning NSE:MFSL-EQ (5min) | Range 09:35-10:35 | Price=1581.00 > VAH=1593.60? | CVD=52915 > Ref=2550? | POC=1590.00 | VAL=1587.60
2026-01-27 13:44:35,139 [INFO]     Scanning NSE:KPITTECH-EQ (5min) | Range 09:35-10:35 | Price=1095.20 > VAH=1112.25? | CVD=144599 > Ref=11686? | POC=1111.50 | VAL=1110.00
2026-01-27 13:44:35,210 [INFO]     Scanning NSE:LODHA-EQ (5min) | Range 09:35-10:35 | Price=889.40 > VAH=874.35? | CVD=525300 > Ref=44807? | POC=874.35 | VAL=868.55
2026-01-27 13:44:35,284 [INFO]     Scanning NSE:HDFCLIFE-EQ (5min) | Range 09:35-10:35 | Price=715.00 > VAH=714.50? | CVD=-86783 > Ref=17111? | POC=713.50 | VAL=712.50
2026-01-27 13:44:35,405 [INFO]     Scanning NSE:INDHOTEL-EQ (5min) | Range 09:35-10:35 | Price=644.25 > VAH=641.90? | CVD=-233727 > Ref=64541? | POC=641.20 | VAL=640.50
2026-01-27 13:44:35,524 [INFO]     Scanning NSE:ICICIPRULI-EQ (5min) | Range 09:35-10:35 | Price=639.20 > VAH=640.50? | CVD=2282 > Ref=24713? | POC=640.50 | VAL=634.90
2026-01-27 13:44:35,759 [INFO]     Scanning NSE:CGPOWER-EQ (5min) | Range 09:35-10:35 | Price=537.90 > VAH=546.70? | CVD=328377 > Ref=295533? | POC=546.70 | VAL=544.50
2026-01-27 13:44:35,867 [INFO]     Scanning NSE:CONCOR-EQ (5min) | Range 09:35-10:35 | Price=479.20 > VAH=480.90? | CVD=90541 > Ref=15532? | POC=480.20 | VAL=474.60
2026-01-27 13:44:35,955 [INFO]     Scanning NSE:NYKAA-EQ (5min) | Range 09:35-10:35 | Price=233.80 > VAH=236.50? | CVD=352523 > Ref=106592? | POC=235.25 | VAL=235.25
2026-01-27 13:44:36,046 [INFO]     Scanning NSE:INOXWIND-EQ (5min) | Range 09:35-10:35 | Price=103.64 > VAH=103.50? | CVD=-146898 > Ref=42362? | POC=103.40 | VAL=102.90
2026-01-27 13:44:36,133 [INFO]     Scanning NSE:NBCC-EQ (5min) | Range 09:35-10:35 | Price=94.88 > VAH=95.75? | CVD=420768 > Ref=195713? | POC=95.70 | VAL=95.40
2026-01-27 13:44:38,268 [INFO] 🔍 Scanning for alerts on 14 symbols (5min)...
2026-01-27 13:44:38,383 [INFO] 🚀 [STRATEGY ALERT] NSE:AMBER-EQ (5min) triggered at 13:40!
2026-01-27 13:44:38,385 [INFO]     ✅ Price: 5417.50 < FRVP VAL: 5424.25
2026-01-27 13:44:38,385 [INFO]     ✅ CVD:   -32073 < CVD Ref:  0
2026-01-27 13:44:38,386 [INFO]     ℹ️  FRVP Info: POC=5424.25, VAL=5424.25
2026-01-27 13:44:38,386 [INFO]     Scanning NSE:AMBER-EQ (5min) | Range 13:00-14:00 | Price=5417.50 > VAH=5440.50? | CVD=-32073 > Ref=0? | POC=5424.25 | VAL=5424.25
2026-01-27 13:44:38,517 [INFO] 🚀 [STRATEGY ALERT] NSE:DMART-EQ (5min) triggered at 13:40!
2026-01-27 13:44:38,518 [INFO]     ✅ Price: 3653.80 < FRVP VAL: 3657.00
2026-01-27 13:44:38,518 [INFO]     ✅ CVD:   -34224 < CVD Ref:  1814
2026-01-27 13:44:38,519 [INFO]     ℹ️  FRVP Info: POC=3657.00, VAL=3657.00
2026-01-27 13:44:38,519 [INFO]     Scanning NSE:DMART-EQ (5min) | Range 13:00-14:00 | Price=3653.80 > VAH=3668.50? | CVD=-34224 > Ref=1814? | POC=3657.00 | VAL=3657.00
2026-01-27 13:44:38,627 [INFO]     Scanning NSE:MFSL-EQ (5min) | Range 13:00-14:00 | Price=1581.00 > VAH=1591.20? | CVD=52915 > Ref=2550? | POC=1588.60 | VAL=1580.80
2026-01-27 13:44:38,744 [INFO]     Scanning NSE:KPITTECH-EQ (5min) | Range 13:00-14:00 | Price=1095.20 > VAH=1099.80? | CVD=144599 > Ref=11686? | POC=1099.80 | VAL=1096.20
2026-01-27 13:44:38,849 [INFO]     Scanning NSE:LODHA-EQ (5min) | Range 13:00-14:00 | Price=889.40 > VAH=890.40? | CVD=525300 > Ref=44807? | POC=889.60 | VAL=888.00
2026-01-27 13:44:38,964 [INFO]     Scanning NSE:INDHOTEL-EQ (5min) | Range 13:00-14:00 | Price=644.25 > VAH=644.70? | CVD=-233727 > Ref=64541? | POC=643.95 | VAL=643.80
2026-01-27 13:44:39,041 [INFO]     Scanning NSE:ICICIPRULI-EQ (5min) | Range 13:00-14:00 | Price=639.20 > VAH=642.15? | CVD=2282 > Ref=24713? | POC=638.10 | VAL=638.10
2026-01-27 13:44:39,116 [INFO]     Scanning NSE:CGPOWER-EQ (5min) | Range 13:00-14:00 | Price=537.90 > VAH=540.90? | CVD=328377 > Ref=295533? | POC=539.10 | VAL=538.65
2026-01-27 13:44:39,192 [INFO]     Scanning NSE:CONCOR-EQ (5min) | Range 13:00-14:00 | Price=479.20 > VAH=479.70? | CVD=90541 > Ref=15532? | POC=479.70 | VAL=478.50
2026-01-27 13:44:39,269 [INFO]     Scanning NSE:NYKAA-EQ (5min) | Range 13:00-14:00 | Price=233.80 > VAH=234.45? | CVD=352523 > Ref=106592? | POC=234.30 | VAL=234.00
2026-01-27 13:44:39,422 [INFO]     Scanning NSE:ASHOKLEY-EQ (5min) | Range 13:00-14:00 | Price=190.65 > VAH=191.10? | CVD=-17006 > Ref=312825? | POC=189.90 | VAL=189.75
2026-01-27 13:44:39,541 [INFO]     Scanning NSE:IEX-EQ (5min) | Range 13:00-14:00 | Price=126.26 > VAH=126.90? | CVD=372173 > Ref=0? | POC=126.75 | VAL=126.30
2026-01-27 13:44:39,660 [INFO]     Scanning NSE:INOXWIND-EQ (5min) | Range 13:00-14:00 | Price=103.64 > VAH=104.00? | CVD=-146898 > Ref=42362? | POC=103.60 | VAL=103.55
2026-01-27 13:44:39,758 [INFO]     Scanning NSE:NBCC-EQ (5min) | Range 13:00-14:00 | Price=94.88 > VAH=95.20? | CVD=420768 > Ref=195713? | POC=95.10 | VAL=95.00
2026-01-27 13:45:36,134 [INFO] 🔍 Scanning for alerts on 13 symbols (5min)...
2026-01-27 13:45:36,252 [INFO]     Scanning NSE:AMBER-EQ (5min) | Range 09:35-10:35 | Price=5422.00 > VAH=5468.40? | CVD=-31344 > Ref=0? | POC=5459.10 | VAL=5412.60
2026-01-27 13:45:36,370 [INFO]     Scanning NSE:MANKIND-EQ (5min) | Range 09:35-10:35 | Price=2078.40 > VAH=2084.00? | CVD=-34305 > Ref=5023? | POC=2084.00 | VAL=2078.00
2026-01-27 13:45:36,448 [INFO]     Scanning NSE:MFSL-EQ (5min) | Range 09:35-10:35 | Price=1581.50 > VAH=1593.60? | CVD=54830 > Ref=2550? | POC=1590.00 | VAL=1587.60
2026-01-27 13:45:36,518 [INFO]     Scanning NSE:KPITTECH-EQ (5min) | Range 09:35-10:35 | Price=1094.20 > VAH=1112.25? | CVD=137928 > Ref=11686? | POC=1111.50 | VAL=1110.00
2026-01-27 13:45:36,592 [INFO]     Scanning NSE:LODHA-EQ (5min) | Range 09:35-10:35 | Price=890.00 > VAH=874.35? | CVD=530180 > Ref=44807? | POC=874.35 | VAL=868.55
2026-01-27 13:45:36,678 [INFO]     Scanning NSE:HDFCLIFE-EQ (5min) | Range 09:35-10:35 | Price=715.80 > VAH=714.50? | CVD=-82430 > Ref=17111? | POC=713.50 | VAL=712.50
2026-01-27 13:45:36,797 [INFO]     Scanning NSE:INDHOTEL-EQ (5min) | Range 09:35-10:35 | Price=644.45 > VAH=641.90? | CVD=-227758 > Ref=64541? | POC=641.20 | VAL=640.50
2026-01-27 13:45:36,921 [INFO]     Scanning NSE:ICICIPRULI-EQ (5min) | Range 09:35-10:35 | Price=639.40 > VAH=640.50? | CVD=4407 > Ref=24713? | POC=640.50 | VAL=634.90
2026-01-27 13:45:37,040 [INFO]     Scanning NSE:CGPOWER-EQ (5min) | Range 09:35-10:35 | Price=537.95 > VAH=546.70? | CVD=317182 > Ref=295533? | POC=546.70 | VAL=544.50
2026-01-27 13:45:37,172 [INFO]     Scanning NSE:CONCOR-EQ (5min) | Range 09:35-10:35 | Price=478.90 > VAH=480.90? | CVD=88779 > Ref=15532? | POC=480.20 | VAL=474.60
2026-01-27 13:45:37,286 [INFO]     Scanning NSE:NYKAA-EQ (5min) | Range 09:35-10:35 | Price=233.80 > VAH=236.50? | CVD=351238 > Ref=106592? | POC=235.25 | VAL=235.25
2026-01-27 13:45:37,403 [INFO]     Scanning NSE:INOXWIND-EQ (5min) | Range 09:35-10:35 | Price=103.63 > VAH=103.50? | CVD=-153956 > Ref=42362? | POC=103.40 | VAL=102.90
2026-01-27 13:45:37,528 [INFO]     Scanning NSE:NBCC-EQ (5min) | Range 09:35-10:35 | Price=94.88 > VAH=95.75? | CVD=428140 > Ref=195713? | POC=95.70 | VAL=95.40
2026-01-27 13:45:39,760 [INFO] 🔍 Scanning for alerts on 12 symbols (5min)...
2026-01-27 13:45:39,876 [INFO]     Scanning NSE:MFSL-EQ (5min) | Range 13:00-14:00 | Price=1581.50 > VAH=1590.30? | CVD=54830 > Ref=2550? | POC=1590.30 | VAL=1580.85
2026-01-27 13:45:39,994 [INFO]     Scanning NSE:KPITTECH-EQ (5min) | Range 13:00-14:00 | Price=1094.20 > VAH=1100.00? | CVD=137928 > Ref=11686? | POC=1100.00 | VAL=1097.00
2026-01-27 13:45:40,114 [INFO]     Scanning NSE:LODHA-EQ (5min) | Range 13:00-14:00 | Price=890.00 > VAH=890.40? | CVD=530180 > Ref=44807? | POC=889.60 | VAL=888.00
2026-01-27 13:45:40,217 [INFO]     Scanning NSE:INDHOTEL-EQ (5min) | Range 13:00-14:00 | Price=644.45 > VAH=644.70? | CVD=-227758 > Ref=64541? | POC=643.95 | VAL=643.80
2026-01-27 13:45:40,292 [INFO]     Scanning NSE:ICICIPRULI-EQ (5min) | Range 13:00-14:00 | Price=639.40 > VAH=642.15? | CVD=4407 > Ref=24713? | POC=638.10 | VAL=638.10
2026-01-27 13:45:40,433 [INFO]     Scanning NSE:CGPOWER-EQ (5min) | Range 13:00-14:00 | Price=537.95 > VAH=540.90? | CVD=317182 > Ref=295533? | POC=539.10 | VAL=538.65
2026-01-27 13:45:40,550 [INFO]     Scanning NSE:CONCOR-EQ (5min) | Range 13:00-14:00 | Price=478.90 > VAH=479.70? | CVD=88779 > Ref=15532? | POC=479.70 | VAL=478.50
2026-01-27 13:45:40,670 [INFO]     Scanning NSE:NYKAA-EQ (5min) | Range 13:00-14:00 | Price=233.80 > VAH=234.45? | CVD=351238 > Ref=106592? | POC=234.30 | VAL=234.00
2026-01-27 13:45:40,834 [INFO]     Scanning NSE:ASHOKLEY-EQ (5min) | Range 13:00-14:00 | Price=190.51 > VAH=191.10? | CVD=-26346 > Ref=312825? | POC=189.90 | VAL=189.75
2026-01-27 13:45:40,953 [INFO]     Scanning NSE:IEX-EQ (5min) | Range 13:00-14:00 | Price=126.30 > VAH=126.90? | CVD=378155 > Ref=0? | POC=126.75 | VAL=126.30
2026-01-27 13:45:41,029 [INFO]     Scanning NSE:INOXWIND-EQ (5min) | Range 13:00-14:00 | Price=103.63 > VAH=104.00? | CVD=-153956 > Ref=42362? | POC=103.60 | VAL=103.55
2026-01-27 13:45:41,099 [INFO]     Scanning NSE:NBCC-EQ (5min) | Range 13:00-14:00 | Price=94.88 > VAH=95.20? | CVD=428140 > Ref=195713? | POC=95.10 | VAL=95.00
2026-01-27 13:46:37,530 [INFO] 🔍 Scanning for alerts on 13 symbols (5min)...
2026-01-27 13:46:37,646 [INFO]     Scanning NSE:AMBER-EQ (5min) | Range 09:35-10:35 | Price=5420.00 > VAH=5468.40? | CVD=-31781 > Ref=0? | POC=5459.10 | VAL=5412.60
2026-01-27 13:46:37,769 [INFO] 🚀 [STRATEGY ALERT] NSE:MANKIND-EQ (5min) triggered at 13:45!
2026-01-27 13:46:37,769 [INFO]     ✅ Price: 2077.80 < FRVP VAL: 2078.00
2026-01-27 13:46:37,769 [INFO]     ✅ CVD:   -35606 < CVD Ref:  5023
2026-01-27 13:46:37,770 [INFO]     ℹ️  FRVP Info: POC=2084.00, VAL=2078.00
2026-01-27 13:46:37,770 [INFO]     Scanning NSE:MANKIND-EQ (5min) | Range 09:35-10:35 | Price=2077.80 > VAH=2084.00? | CVD=-35606 > Ref=5023? | POC=2084.00 | VAL=2078.00
2026-01-27 13:46:37,894 [INFO]     Scanning NSE:MFSL-EQ (5min) | Range 09:35-10:35 | Price=1580.50 > VAH=1593.60? | CVD=54464 > Ref=2550? | POC=1590.00 | VAL=1587.60
2026-01-27 13:46:38,011 [INFO]     Scanning NSE:KPITTECH-EQ (5min) | Range 09:35-10:35 | Price=1094.20 > VAH=1112.25? | CVD=133347 > Ref=11686? | POC=1111.50 | VAL=1110.00
2026-01-27 13:46:38,089 [INFO]     Scanning NSE:LODHA-EQ (5min) | Range 09:35-10:35 | Price=890.10 > VAH=874.35? | CVD=532537 > Ref=44807? | POC=874.35 | VAL=868.55
2026-01-27 13:46:38,160 [INFO]     Scanning NSE:HDFCLIFE-EQ (5min) | Range 09:35-10:35 | Price=715.55 > VAH=714.50? | CVD=-83615 > Ref=17111? | POC=713.50 | VAL=712.50
2026-01-27 13:46:38,235 [INFO]     Scanning NSE:INDHOTEL-EQ (5min) | Range 09:35-10:35 | Price=644.65 > VAH=641.90? | CVD=-224403 > Ref=64541? | POC=641.20 | VAL=640.50
2026-01-27 13:46:38,311 [INFO]     Scanning NSE:ICICIPRULI-EQ (5min) | Range 09:35-10:35 | Price=638.70 > VAH=640.50? | CVD=1726 > Ref=24713? | POC=640.50 | VAL=634.90
2026-01-27 13:46:38,414 [INFO]     Scanning NSE:CGPOWER-EQ (5min) | Range 09:35-10:35 | Price=537.90 > VAH=546.70? | CVD=300310 > Ref=295533? | POC=546.70 | VAL=544.50
2026-01-27 13:46:38,499 [INFO]     Scanning NSE:CONCOR-EQ (5min) | Range 09:35-10:35 | Price=479.50 > VAH=480.90? | CVD=91892 > Ref=15532? | POC=480.20 | VAL=474.60
2026-01-27 13:46:38,576 [INFO]     Scanning NSE:NYKAA-EQ (5min) | Range 09:35-10:35 | Price=233.80 > VAH=236.50? | CVD=350647 > Ref=106592? | POC=235.25 | VAL=235.25
2026-01-27 13:46:38,683 [INFO]     Scanning NSE:INOXWIND-EQ (5min) | Range 09:35-10:35 | Price=103.60 > VAH=103.50? | CVD=-172087 > Ref=42362? | POC=103.40 | VAL=102.90
2026-01-27 13:46:38,757 [INFO]     Scanning NSE:NBCC-EQ (5min) | Range 09:35-10:35 | Price=94.87 > VAH=95.75? | CVD=420240 > Ref=195713? | POC=95.70 | VAL=95.40
2026-01-27 13:46:41,101 [INFO] 🔍 Scanning for alerts on 12 symbols (5min)...
2026-01-27 13:46:41,215 [INFO]     Scanning NSE:MFSL-EQ (5min) | Range 13:00-14:00 | Price=1580.50 > VAH=1590.40? | CVD=54464 > Ref=2550? | POC=1587.60 | VAL=1580.60
2026-01-27 13:46:41,350 [INFO]     Scanning NSE:KPITTECH-EQ (5min) | Range 13:00-14:00 | Price=1094.20 > VAH=1100.40? | CVD=133347 > Ref=11686? | POC=1099.35 | VAL=1094.10
2026-01-27 13:46:41,471 [INFO]     Scanning NSE:LODHA-EQ (5min) | Range 13:00-14:00 | Price=890.10 > VAH=890.40? | CVD=532537 > Ref=44807? | POC=889.60 | VAL=888.00
2026-01-27 13:46:41,556 [INFO]     Scanning NSE:INDHOTEL-EQ (5min) | Range 13:00-14:00 | Price=644.65 > VAH=644.70? | CVD=-224403 > Ref=64541? | POC=643.95 | VAL=643.80
2026-01-27 13:46:41,669 [INFO]     Scanning NSE:ICICIPRULI-EQ (5min) | Range 13:00-14:00 | Price=638.70 > VAH=642.15? | CVD=1726 > Ref=24713? | POC=638.10 | VAL=638.10
2026-01-27 13:46:41,769 [INFO]     Scanning NSE:CGPOWER-EQ (5min) | Range 13:00-14:00 | Price=537.90 > VAH=540.45? | CVD=300310 > Ref=295533? | POC=539.10 | VAL=538.20
2026-01-27 13:46:41,888 [INFO]     Scanning NSE:CONCOR-EQ (5min) | Range 13:00-14:00 | Price=479.50 > VAH=479.70? | CVD=91892 > Ref=15532? | POC=479.70 | VAL=478.50
2026-01-27 13:46:41,979 [INFO]     Scanning NSE:NYKAA-EQ (5min) | Range 13:00-14:00 | Price=233.80 > VAH=234.45? | CVD=350647 > Ref=106592? | POC=234.30 | VAL=234.00
2026-01-27 13:46:42,121 [INFO]     Scanning NSE:ASHOKLEY-EQ (5min) | Range 13:00-14:00 | Price=190.63 > VAH=191.10? | CVD=1943 > Ref=312825? | POC=189.90 | VAL=189.75
2026-01-27 13:46:42,239 [INFO]     Scanning NSE:IEX-EQ (5min) | Range 13:00-14:00 | Price=126.38 > VAH=126.90? | CVD=400277 > Ref=0? | POC=126.75 | VAL=126.30
2026-01-27 13:46:42,317 [INFO]     Scanning NSE:INOXWIND-EQ (5min) | Range 13:00-14:00 | Price=103.60 > VAH=104.00? | CVD=-172087 > Ref=42362? | POC=103.60 | VAL=103.55
2026-01-27 13:46:42,434 [INFO]     Scanning NSE:NBCC-EQ (5min) | Range 13:00-14:00 | Price=94.87 > VAH=95.20? | CVD=420240 > Ref=195713? | POC=95.10 | VAL=95.00
2026-01-27 13:47:38,759 [INFO] 🔍 Scanning for alerts on 12 symbols (5min)...
2026-01-27 13:47:38,874 [INFO]     Scanning NSE:AMBER-EQ (5min) | Range 09:35-10:35 | Price=5419.50 > VAH=5468.40? | CVD=-32777 > Ref=0? | POC=5459.10 | VAL=5412.60
2026-01-27 13:47:38,993 [INFO]     Scanning NSE:MFSL-EQ (5min) | Range 09:35-10:35 | Price=1580.00 > VAH=1593.60? | CVD=50998 > Ref=2550? | POC=1590.00 | VAL=1587.60
2026-01-27 13:47:39,114 [INFO]     Scanning NSE:KPITTECH-EQ (5min) | Range 09:35-10:35 | Price=1093.70 > VAH=1112.25? | CVD=131978 > Ref=11686? | POC=1111.50 | VAL=1110.00
2026-01-27 13:47:39,193 [INFO]     Scanning NSE:LODHA-EQ (5min) | Range 09:35-10:35 | Price=889.50 > VAH=874.35? | CVD=528268 > Ref=44807? | POC=874.35 | VAL=868.55
2026-01-27 13:47:39,264 [INFO]     Scanning NSE:HDFCLIFE-EQ (5min) | Range 09:35-10:35 | Price=716.05 > VAH=714.50? | CVD=-82009 > Ref=17111? | POC=713.50 | VAL=712.50
2026-01-27 13:47:39,400 [INFO]     Scanning NSE:INDHOTEL-EQ (5min) | Range 09:35-10:35 | Price=644.50 > VAH=641.90? | CVD=-229330 > Ref=64541? | POC=641.20 | VAL=640.50
2026-01-27 13:47:39,517 [INFO]     Scanning NSE:ICICIPRULI-EQ (5min) | Range 09:35-10:35 | Price=638.50 > VAH=640.50? | CVD=-453 > Ref=24713? | POC=640.50 | VAL=634.90
2026-01-27 13:47:39,595 [INFO] 🚀 [STRATEGY ALERT] NSE:CGPOWER-EQ (5min) triggered at 13:45!
2026-01-27 13:47:39,596 [INFO]     ✅ Price: 538.20 < FRVP VAL: 544.50
2026-01-27 13:47:39,596 [INFO]     ✅ CVD:   288819 < CVD Ref:  295533
2026-01-27 13:47:39,596 [INFO]     ℹ️  FRVP Info: POC=546.70, VAL=544.50
2026-01-27 13:47:39,597 [INFO]     Scanning NSE:CGPOWER-EQ (5min) | Range 09:35-10:35 | Price=538.20 > VAH=546.70? | CVD=288819 > Ref=295533? | POC=546.70 | VAL=544.50
2026-01-27 13:47:39,735 [INFO]     Scanning NSE:CONCOR-EQ (5min) | Range 09:35-10:35 | Price=479.60 > VAH=480.90? | CVD=92668 > Ref=15532? | POC=480.20 | VAL=474.60
2026-01-27 13:47:39,852 [INFO]     Scanning NSE:NYKAA-EQ (5min) | Range 09:35-10:35 | Price=233.85 > VAH=236.50? | CVD=351507 > Ref=106592? | POC=235.25 | VAL=235.25
2026-01-27 13:47:39,930 [INFO]     Scanning NSE:INOXWIND-EQ (5min) | Range 09:35-10:35 | Price=103.63 > VAH=103.50? | CVD=-139700 > Ref=42362? | POC=103.40 | VAL=102.90
2026-01-27 13:47:40,001 [INFO]     Scanning NSE:NBCC-EQ (5min) | Range 09:35-10:35 | Price=94.88 > VAH=95.75? | CVD=422884 > Ref=195713? | POC=95.70 | VAL=95.40
2026-01-27 13:47:42,436 [INFO] 🔍 Scanning for alerts on 12 symbols (5min)...
2026-01-27 13:47:42,551 [INFO]     Scanning NSE:MFSL-EQ (5min) | Range 13:00-14:00 | Price=1580.00 > VAH=1590.65? | CVD=50998 > Ref=2550? | POC=1587.75 | VAL=1580.50
2026-01-27 13:47:42,670 [INFO]     Scanning NSE:KPITTECH-EQ (5min) | Range 13:00-14:00 | Price=1093.70 > VAH=1100.40? | CVD=131978 > Ref=11686? | POC=1099.35 | VAL=1094.10
2026-01-27 13:47:42,789 [INFO]     Scanning NSE:LODHA-EQ (5min) | Range 13:00-14:00 | Price=889.50 > VAH=890.40? | CVD=528268 > Ref=44807? | POC=889.60 | VAL=888.00
2026-01-27 13:47:42,909 [INFO]     Scanning NSE:INDHOTEL-EQ (5min) | Range 13:00-14:00 | Price=644.50 > VAH=644.70? | CVD=-229330 > Ref=64541? | POC=643.95 | VAL=643.80
2026-01-27 13:47:43,030 [INFO]     Scanning NSE:ICICIPRULI-EQ (5min) | Range 13:00-14:00 | Price=638.50 > VAH=642.15? | CVD=-453 > Ref=24713? | POC=638.10 | VAL=638.10
2026-01-27 13:47:43,153 [INFO] 🚀 [STRATEGY ALERT] NSE:CGPOWER-EQ (5min) triggered at 13:45!
2026-01-27 13:47:43,154 [INFO]     ✅ Price: 538.20 < FRVP VAL: 538.20
2026-01-27 13:47:43,154 [INFO]     ✅ CVD:   288819 < CVD Ref:  295533
2026-01-27 13:47:43,155 [INFO]     ℹ️  FRVP Info: POC=539.10, VAL=538.20
2026-01-27 13:47:43,155 [INFO]     Scanning NSE:CGPOWER-EQ (5min) | Range 13:00-14:00 | Price=538.20 > VAH=540.45? | CVD=288819 > Ref=295533? | POC=539.10 | VAL=538.20
2026-01-27 13:47:43,284 [INFO]     Scanning NSE:CONCOR-EQ (5min) | Range 13:00-14:00 | Price=479.60 > VAH=479.70? | CVD=92668 > Ref=15532? | POC=479.70 | VAL=478.50
2026-01-27 13:47:43,401 [INFO]     Scanning NSE:NYKAA-EQ (5min) | Range 13:00-14:00 | Price=233.85 > VAH=234.45? | CVD=351507 > Ref=106592? | POC=234.30 | VAL=234.00
2026-01-27 13:47:43,520 [INFO]     Scanning NSE:ASHOKLEY-EQ (5min) | Range 13:00-14:00 | Price=190.66 > VAH=191.10? | CVD=27064 > Ref=312825? | POC=189.90 | VAL=189.75
2026-01-27 13:47:43,639 [INFO]     Scanning NSE:IEX-EQ (5min) | Range 13:00-14:00 | Price=126.31 > VAH=126.90? | CVD=389500 > Ref=0? | POC=126.75 | VAL=126.30
2026-01-27 13:47:43,756 [INFO]     Scanning NSE:INOXWIND-EQ (5min) | Range 13:00-14:00 | Price=103.63 > VAH=104.00? | CVD=-139700 > Ref=42362? | POC=103.60 | VAL=103.55
2026-01-27 13:47:43,833 [INFO]     Scanning NSE:NBCC-EQ (5min) | Range 13:00-14:00 | Price=94.88 > VAH=95.20? | CVD=422884 > Ref=195713? | POC=95.10 | VAL=95.00
2026-01-27 13:48:40,002 [INFO] 🔍 Scanning for alerts on 11 symbols (5min)...
2026-01-27 13:48:40,117 [INFO]     Scanning NSE:AMBER-EQ (5min) | Range 09:35-10:35 | Price=5418.50 > VAH=5468.40? | CVD=-33336 > Ref=0? | POC=5459.10 | VAL=5412.60
2026-01-27 13:48:40,241 [INFO]     Scanning NSE:MFSL-EQ (5min) | Range 09:35-10:35 | Price=1581.50 > VAH=1593.60? | CVD=52333 > Ref=2550? | POC=1590.00 | VAL=1587.60
2026-01-27 13:48:40,335 [INFO]     Scanning NSE:KPITTECH-EQ (5min) | Range 09:35-10:35 | Price=1094.10 > VAH=1112.25? | CVD=132804 > Ref=11686? | POC=1111.50 | VAL=1110.00
2026-01-27 13:48:40,494 [INFO]     Scanning NSE:LODHA-EQ (5min) | Range 09:35-10:35 | Price=889.60 > VAH=874.35? | CVD=525557 > Ref=44807? | POC=874.35 | VAL=868.55
2026-01-27 13:48:40,566 [INFO]     Scanning NSE:HDFCLIFE-EQ (5min) | Range 09:35-10:35 | Price=716.25 > VAH=714.50? | CVD=-78627 > Ref=17111? | POC=713.50 | VAL=712.50
2026-01-27 13:48:40,677 [INFO]     Scanning NSE:INDHOTEL-EQ (5min) | Range 09:35-10:35 | Price=644.50 > VAH=641.90? | CVD=-233780 > Ref=64541? | POC=641.20 | VAL=640.50
2026-01-27 13:48:40,754 [INFO]     Scanning NSE:ICICIPRULI-EQ (5min) | Range 09:35-10:35 | Price=638.50 > VAH=640.50? | CVD=-8611 > Ref=24713? | POC=640.50 | VAL=634.90
2026-01-27 13:48:40,871 [INFO]     Scanning NSE:CONCOR-EQ (5min) | Range 09:35-10:35 | Price=480.45 > VAH=480.90? | CVD=103512 > Ref=15532? | POC=480.20 | VAL=474.60
2026-01-27 13:48:40,993 [INFO]     Scanning NSE:NYKAA-EQ (5min) | Range 09:35-10:35 | Price=234.00 > VAH=236.50? | CVD=376306 > Ref=106592? | POC=235.25 | VAL=235.25
2026-01-27 13:48:41,070 [INFO]     Scanning NSE:INOXWIND-EQ (5min) | Range 09:35-10:35 | Price=103.60 > VAH=103.50? | CVD=-148576 > Ref=42362? | POC=103.40 | VAL=102.90
2026-01-27 13:48:41,142 [INFO]     Scanning NSE:NBCC-EQ (5min) | Range 09:35-10:35 | Price=94.94 > VAH=95.75? | CVD=423933 > Ref=195713? | POC=95.70 | VAL=95.40
2026-01-27 13:48:43,835 [INFO] 🔍 Scanning for alerts on 11 symbols (5min)...
2026-01-27 13:48:43,951 [INFO]     Scanning NSE:MFSL-EQ (5min) | Range 13:00-14:00 | Price=1581.50 > VAH=1590.65? | CVD=52333 > Ref=2550? | POC=1587.75 | VAL=1580.50
2026-01-27 13:48:44,084 [INFO]     Scanning NSE:KPITTECH-EQ (5min) | Range 13:00-14:00 | Price=1094.10 > VAH=1100.40? | CVD=132804 > Ref=11686? | POC=1099.35 | VAL=1094.10
2026-01-27 13:48:44,204 [INFO]     Scanning NSE:LODHA-EQ (5min) | Range 13:00-14:00 | Price=889.60 > VAH=890.40? | CVD=525557 > Ref=44807? | POC=889.60 | VAL=888.00
2026-01-27 13:48:44,327 [INFO]     Scanning NSE:INDHOTEL-EQ (5min) | Range 13:00-14:00 | Price=644.50 > VAH=644.70? | CVD=-233780 > Ref=64541? | POC=643.95 | VAL=643.80
2026-01-27 13:48:44,446 [INFO]     Scanning NSE:ICICIPRULI-EQ (5min) | Range 13:00-14:00 | Price=638.50 > VAH=642.15? | CVD=-8611 > Ref=24713? | POC=638.10 | VAL=638.10
2026-01-27 13:48:44,584 [INFO]     Scanning NSE:CONCOR-EQ (5min) | Range 13:00-14:00 | Price=480.45 > VAH=479.70? | CVD=103512 > Ref=15532? | POC=479.70 | VAL=478.50
2026-01-27 13:48:44,701 [INFO]     Scanning NSE:NYKAA-EQ (5min) | Range 13:00-14:00 | Price=234.00 > VAH=234.45? | CVD=376306 > Ref=106592? | POC=234.30 | VAL=234.00
2026-01-27 13:48:44,863 [INFO]     Scanning NSE:ASHOKLEY-EQ (5min) | Range 13:00-14:00 | Price=190.70 > VAH=191.10? | CVD=35913 > Ref=312825? | POC=189.90 | VAL=189.75
2026-01-27 13:48:44,988 [INFO]     Scanning NSE:IEX-EQ (5min) | Range 13:00-14:00 | Price=126.35 > VAH=126.90? | CVD=394300 > Ref=0? | POC=126.75 | VAL=126.30
2026-01-27 13:48:45,107 [INFO]     Scanning NSE:INOXWIND-EQ (5min) | Range 13:00-14:00 | Price=103.60 > VAH=104.00? | CVD=-148576 > Ref=42362? | POC=103.60 | VAL=103.55
2026-01-27 13:48:45,228 [INFO]     Scanning NSE:NBCC-EQ (5min) | Range 13:00-14:00 | Price=94.94 > VAH=95.20? | CVD=423933 > Ref=195713? | POC=95.10 | VAL=95.00
2026-01-27 13:49:41,144 [INFO] 🔍 Scanning for alerts on 11 symbols (5min)...
2026-01-27 13:49:41,259 [INFO]     Scanning NSE:AMBER-EQ (5min) | Range 09:35-10:35 | Price=5419.00 > VAH=5468.40? | CVD=-32896 > Ref=0? | POC=5459.10 | VAL=5412.60
2026-01-27 13:49:41,364 [INFO]     Scanning NSE:MFSL-EQ (5min) | Range 09:35-10:35 | Price=1580.50 > VAH=1593.60? | CVD=51268 > Ref=2550? | POC=1590.00 | VAL=1587.60
2026-01-27 13:49:41,488 [INFO]     Scanning NSE:KPITTECH-EQ (5min) | Range 09:35-10:35 | Price=1093.80 > VAH=1112.25? | CVD=132136 > Ref=11686? | POC=1111.50 | VAL=1110.00
2026-01-27 13:49:41,631 [INFO]     Scanning NSE:LODHA-EQ (5min) | Range 09:35-10:35 | Price=890.00 > VAH=874.35? | CVD=529148 > Ref=44807? | POC=874.35 | VAL=868.55
2026-01-27 13:49:41,748 [INFO]     Scanning NSE:HDFCLIFE-EQ (5min) | Range 09:35-10:35 | Price=715.80 > VAH=714.50? | CVD=-80925 > Ref=17111? | POC=713.50 | VAL=712.50
2026-01-27 13:49:41,870 [INFO]     Scanning NSE:INDHOTEL-EQ (5min) | Range 09:35-10:35 | Price=644.25 > VAH=641.90? | CVD=-236828 > Ref=64541? | POC=641.20 | VAL=640.50
2026-01-27 13:49:41,987 [INFO]     Scanning NSE:ICICIPRULI-EQ (5min) | Range 09:35-10:35 | Price=638.75 > VAH=640.50? | CVD=-3962 > Ref=24713? | POC=640.50 | VAL=634.90
2026-01-27 13:49:42,109 [INFO]     Scanning NSE:CONCOR-EQ (5min) | Range 09:35-10:35 | Price=480.40 > VAH=480.90? | CVD=102828 > Ref=15532? | POC=480.20 | VAL=474.60
2026-01-27 13:49:42,190 [INFO]     Scanning NSE:NYKAA-EQ (5min) | Range 09:35-10:35 | Price=234.00 > VAH=236.50? | CVD=475028 > Ref=106592? | POC=235.25 | VAL=235.25
2026-01-27 13:49:42,262 [INFO]     Scanning NSE:INOXWIND-EQ (5min) | Range 09:35-10:35 | Price=103.60 > VAH=103.50? | CVD=-150583 > Ref=42362? | POC=103.40 | VAL=102.90
2026-01-27 13:49:42,346 [INFO]     Scanning NSE:NBCC-EQ (5min) | Range 09:35-10:35 | Price=94.90 > VAH=95.75? | CVD=423122 > Ref=195713? | POC=95.70 | VAL=95.40
2026-01-27 13:49:45,230 [INFO] 🔍 Scanning for alerts on 11 symbols (5min)...
2026-01-27 13:49:45,363 [INFO]     Scanning NSE:MFSL-EQ (5min) | Range 13:00-14:00 | Price=1580.50 > VAH=1590.65? | CVD=51268 > Ref=2550? | POC=1587.75 | VAL=1580.50
2026-01-27 13:49:45,505 [INFO]     Scanning NSE:KPITTECH-EQ (5min) | Range 13:00-14:00 | Price=1093.80 > VAH=1100.00? | CVD=132136 > Ref=11686? | POC=1098.90 | VAL=1096.70
2026-01-27 13:49:45,614 [INFO]     Scanning NSE:LODHA-EQ (5min) | Range 13:00-14:00 | Price=890.00 > VAH=890.40? | CVD=529148 > Ref=44807? | POC=889.60 | VAL=888.00
2026-01-27 13:49:45,690 [INFO]     Scanning NSE:INDHOTEL-EQ (5min) | Range 13:00-14:00 | Price=644.25 > VAH=644.70? | CVD=-236828 > Ref=64541? | POC=643.95 | VAL=643.80
2026-01-27 13:49:45,789 [INFO]     Scanning NSE:ICICIPRULI-EQ (5min) | Range 13:00-14:00 | Price=638.75 > VAH=642.15? | CVD=-3962 > Ref=24713? | POC=638.10 | VAL=638.10
2026-01-27 13:49:45,873 [INFO]     Scanning NSE:CONCOR-EQ (5min) | Range 13:00-14:00 | Price=480.40 > VAH=479.70? | CVD=102828 > Ref=15532? | POC=479.70 | VAL=478.50
2026-01-27 13:49:45,993 [INFO]     Scanning NSE:NYKAA-EQ (5min) | Range 13:00-14:00 | Price=234.00 > VAH=234.30? | CVD=475028 > Ref=106592? | POC=234.30 | VAL=233.85
2026-01-27 13:49:46,114 [INFO]     Scanning NSE:ASHOKLEY-EQ (5min) | Range 13:00-14:00 | Price=190.65 > VAH=191.10? | CVD=10790 > Ref=312825? | POC=189.90 | VAL=189.75
2026-01-27 13:49:46,235 [INFO]     Scanning NSE:IEX-EQ (5min) | Range 13:00-14:00 | Price=126.25 > VAH=126.90? | CVD=377812 > Ref=0? | POC=126.75 | VAL=126.30
2026-01-27 13:49:46,352 [INFO]     Scanning NSE:INOXWIND-EQ (5min) | Range 13:00-14:00 | Price=103.60 > VAH=104.00? | CVD=-150583 > Ref=42362? | POC=103.60 | VAL=103.55
2026-01-27 13:49:46,443 [INFO]     Scanning NSE:NBCC-EQ (5min) | Range 13:00-14:00 | Price=94.90 > VAH=95.20? | CVD=423122 > Ref=195713? | POC=95.10 | VAL=95.00
2026-01-27 13:50:42,347 [INFO] 🔍 Scanning for alerts on 11 symbols (5min)...
2026-01-27 13:50:42,464 [INFO]     Scanning NSE:AMBER-EQ (5min) | Range 09:35-10:35 | Price=5416.00 > VAH=5468.40? | CVD=-33302 > Ref=0? | POC=5459.10 | VAL=5412.60
2026-01-27 13:50:42,583 [INFO]     Scanning NSE:MFSL-EQ (5min) | Range 09:35-10:35 | Price=1581.70 > VAH=1593.60? | CVD=52772 > Ref=2550? | POC=1590.00 | VAL=1587.60
2026-01-27 13:50:42,662 [INFO]     Scanning NSE:KPITTECH-EQ (5min) | Range 09:35-10:35 | Price=1093.90 > VAH=1112.25? | CVD=132317 > Ref=11686? | POC=1111.50 | VAL=1110.00
2026-01-27 13:50:42,733 [INFO]     Scanning NSE:LODHA-EQ (5min) | Range 09:35-10:35 | Price=889.80 > VAH=874.35? | CVD=526851 > Ref=44807? | POC=874.35 | VAL=868.55
2026-01-27 13:50:42,808 [INFO]     Scanning NSE:HDFCLIFE-EQ (5min) | Range 09:35-10:35 | Price=715.85 > VAH=714.50? | CVD=-79386 > Ref=17111? | POC=713.50 | VAL=712.50
2026-01-27 13:50:42,886 [INFO]     Scanning NSE:INDHOTEL-EQ (5min) | Range 09:35-10:35 | Price=644.55 > VAH=641.90? | CVD=-232574 > Ref=64541? | POC=641.20 | VAL=640.50
2026-01-27 13:50:42,965 [INFO]     Scanning NSE:ICICIPRULI-EQ (5min) | Range 09:35-10:35 | Price=639.20 > VAH=640.50? | CVD=-1720 > Ref=24713? | POC=640.50 | VAL=634.90
2026-01-27 13:50:43,111 [INFO]     Scanning NSE:CONCOR-EQ (5min) | Range 09:35-10:35 | Price=480.50 > VAH=480.90? | CVD=103603 > Ref=15532? | POC=480.20 | VAL=474.60
2026-01-27 13:50:43,230 [INFO]     Scanning NSE:NYKAA-EQ (5min) | Range 09:35-10:35 | Price=234.05 > VAH=236.50? | CVD=477831 > Ref=106592? | POC=235.25 | VAL=235.25
2026-01-27 13:50:43,308 [INFO]     Scanning NSE:INOXWIND-EQ (5min) | Range 09:35-10:35 | Price=103.63 > VAH=103.50? | CVD=-144799 > Ref=42362? | POC=103.40 | VAL=102.90
2026-01-27 13:50:43,383 [INFO]     Scanning NSE:NBCC-EQ (5min) | Range 09:35-10:35 | Price=95.00 > VAH=95.75? | CVD=425046 > Ref=195713? | POC=95.70 | VAL=95.40
2026-01-27 13:50:46,445 [INFO] 🔍 Scanning for alerts on 11 symbols (5min)...
2026-01-27 13:50:46,593 [INFO]     Scanning NSE:MFSL-EQ (5min) | Range 13:00-14:00 | Price=1581.70 > VAH=1590.65? | CVD=52772 > Ref=2550? | POC=1587.75 | VAL=1580.50
2026-01-27 13:50:46,718 [INFO]     Scanning NSE:KPITTECH-EQ (5min) | Range 13:00-14:00 | Price=1093.90 > VAH=1100.00? | CVD=132317 > Ref=11686? | POC=1098.90 | VAL=1096.70
2026-01-27 13:50:46,844 [INFO]     Scanning NSE:LODHA-EQ (5min) | Range 13:00-14:00 | Price=889.80 > VAH=890.40? | CVD=526851 > Ref=44807? | POC=889.60 | VAL=888.00
2026-01-27 13:50:46,948 [INFO]     Scanning NSE:INDHOTEL-EQ (5min) | Range 13:00-14:00 | Price=644.55 > VAH=644.70? | CVD=-232574 > Ref=64541? | POC=643.95 | VAL=643.80
2026-01-27 13:50:47,045 [INFO]     Scanning NSE:ICICIPRULI-EQ (5min) | Range 13:00-14:00 | Price=639.20 > VAH=642.15? | CVD=-1720 > Ref=24713? | POC=638.10 | VAL=638.10
2026-01-27 13:50:47,127 [INFO]     Scanning NSE:CONCOR-EQ (5min) | Range 13:00-14:00 | Price=480.50 > VAH=479.70? | CVD=103603 > Ref=15532? | POC=479.70 | VAL=478.50
2026-01-27 13:50:47,239 [INFO]     Scanning NSE:NYKAA-EQ (5min) | Range 13:00-14:00 | Price=234.05 > VAH=234.30? | CVD=477831 > Ref=106592? | POC=234.30 | VAL=233.85
2026-01-27 13:50:47,401 [INFO]     Scanning NSE:ASHOKLEY-EQ (5min) | Range 13:00-14:00 | Price=190.83 > VAH=191.10? | CVD=49141 > Ref=312825? | POC=189.90 | VAL=189.75
2026-01-27 13:50:47,486 [INFO]     Scanning NSE:IEX-EQ (5min) | Range 13:00-14:00 | Price=126.30 > VAH=126.90? | CVD=388959 > Ref=0? | POC=126.75 | VAL=126.30
2026-01-27 13:50:47,598 [INFO]     Scanning NSE:INOXWIND-EQ (5min) | Range 13:00-14:00 | Price=103.63 > VAH=104.00? | CVD=-144799 > Ref=42362? | POC=103.60 | VAL=103.55
2026-01-27 13:50:47,728 [INFO]     Scanning NSE:NBCC-EQ (5min) | Range 13:00-14:00 | Price=95.00 > VAH=95.20? | CVD=425046 > Ref=195713? | POC=95.10 | VAL=95.00
2026-01-27 13:51:43,384 [INFO] 🔍 Scanning for alerts on 11 symbols (5min)...
2026-01-27 13:51:43,505 [INFO]     Scanning NSE:AMBER-EQ (5min) | Range 09:35-10:35 | Price=5417.00 > VAH=5468.40? | CVD=-32789 > Ref=0? | POC=5459.10 | VAL=5412.60
2026-01-27 13:51:43,629 [INFO]     Scanning NSE:MFSL-EQ (5min) | Range 09:35-10:35 | Price=1581.30 > VAH=1593.60? | CVD=52193 > Ref=2550? | POC=1590.00 | VAL=1587.60
2026-01-27 13:51:43,750 [INFO]     Scanning NSE:KPITTECH-EQ (5min) | Range 09:35-10:35 | Price=1093.40 > VAH=1112.25? | CVD=131920 > Ref=11686? | POC=1111.50 | VAL=1110.00
2026-01-27 13:51:43,829 [INFO]     Scanning NSE:LODHA-EQ (5min) | Range 09:35-10:35 | Price=889.90 > VAH=874.35? | CVD=529553 > Ref=44807? | POC=874.35 | VAL=868.55
2026-01-27 13:51:43,909 [INFO]     Scanning NSE:HDFCLIFE-EQ (5min) | Range 09:35-10:35 | Price=715.70 > VAH=714.50? | CVD=-84568 > Ref=17111? | POC=713.50 | VAL=712.50
2026-01-27 13:51:43,992 [INFO]     Scanning NSE:INDHOTEL-EQ (5min) | Range 09:35-10:35 | Price=644.00 > VAH=641.90? | CVD=-237694 > Ref=64541? | POC=641.20 | VAL=640.50
2026-01-27 13:51:44,114 [INFO]     Scanning NSE:ICICIPRULI-EQ (5min) | Range 09:35-10:35 | Price=638.90 > VAH=640.50? | CVD=-5589 > Ref=24713? | POC=640.50 | VAL=634.90
2026-01-27 13:51:44,237 [INFO]     Scanning NSE:CONCOR-EQ (5min) | Range 09:35-10:35 | Price=480.50 > VAH=480.90? | CVD=104267 > Ref=15532? | POC=480.20 | VAL=474.60
2026-01-27 13:51:44,321 [INFO]     Scanning NSE:NYKAA-EQ (5min) | Range 09:35-10:35 | Price=234.00 > VAH=236.50? | CVD=468494 > Ref=106592? | POC=235.25 | VAL=235.25
2026-01-27 13:51:44,407 [INFO]     Scanning NSE:INOXWIND-EQ (5min) | Range 09:35-10:35 | Price=103.66 > VAH=103.50? | CVD=-140687 > Ref=42362? | POC=103.40 | VAL=102.90
2026-01-27 13:51:44,496 [INFO]     Scanning NSE:NBCC-EQ (5min) | Range 09:35-10:35 | Price=94.99 > VAH=95.75? | CVD=418411 > Ref=195713? | POC=95.70 | VAL=95.40
2026-01-27 13:51:47,730 [INFO] 🔍 Scanning for alerts on 11 symbols (5min)...
2026-01-27 13:51:47,876 [INFO]     Scanning NSE:MFSL-EQ (5min) | Range 13:00-14:00 | Price=1581.30 > VAH=1590.65? | CVD=52193 > Ref=2550? | POC=1587.75 | VAL=1580.50
2026-01-27 13:51:48,015 [INFO]     Scanning NSE:KPITTECH-EQ (5min) | Range 13:00-14:00 | Price=1093.40 > VAH=1100.00? | CVD=131920 > Ref=11686? | POC=1098.90 | VAL=1096.70
2026-01-27 13:51:48,161 [INFO]     Scanning NSE:LODHA-EQ (5min) | Range 13:00-14:00 | Price=889.90 > VAH=890.40? | CVD=529553 > Ref=44807? | POC=889.60 | VAL=888.00
2026-01-27 13:51:48,274 [INFO]     Scanning NSE:INDHOTEL-EQ (5min) | Range 13:00-14:00 | Price=644.00 > VAH=644.70? | CVD=-237694 > Ref=64541? | POC=643.95 | VAL=643.80
2026-01-27 13:51:48,410 [INFO]     Scanning NSE:ICICIPRULI-EQ (5min) | Range 13:00-14:00 | Price=638.90 > VAH=642.15? | CVD=-5589 > Ref=24713? | POC=638.10 | VAL=638.10
2026-01-27 13:51:48,557 [INFO]     Scanning NSE:CONCOR-EQ (5min) | Range 13:00-14:00 | Price=480.50 > VAH=479.70? | CVD=104267 > Ref=15532? | POC=479.70 | VAL=478.50
2026-01-27 13:51:48,645 [INFO]     Scanning NSE:NYKAA-EQ (5min) | Range 13:00-14:00 | Price=234.00 > VAH=234.30? | CVD=468494 > Ref=106592? | POC=234.00 | VAL=233.85
2026-01-27 13:51:48,810 [INFO]     Scanning NSE:ASHOKLEY-EQ (5min) | Range 13:00-14:00 | Price=190.69 > VAH=191.10? | CVD=32247 > Ref=312825? | POC=189.90 | VAL=189.75
2026-01-27 13:51:48,931 [INFO]     Scanning NSE:IEX-EQ (5min) | Range 13:00-14:00 | Price=126.25 > VAH=126.90? | CVD=385339 > Ref=0? | POC=126.75 | VAL=126.30
2026-01-27 13:51:49,052 [INFO]     Scanning NSE:INOXWIND-EQ (5min) | Range 13:00-14:00 | Price=103.66 > VAH=104.00? | CVD=-140687 > Ref=42362? | POC=103.60 | VAL=103.55
2026-01-27 13:51:49,180 [INFO]     Scanning NSE:NBCC-EQ (5min) | Range 13:00-14:00 | Price=94.99 > VAH=95.20? | CVD=418411 > Ref=195713? | POC=95.10 | VAL=95.00
2026-01-27 13:52:44,498 [INFO] 🔍 Scanning for alerts on 11 symbols (5min)...
2026-01-27 13:52:44,633 [INFO]     Scanning NSE:AMBER-EQ (5min) | Range 09:35-10:35 | Price=5417.50 > VAH=5468.40? | CVD=-32241 > Ref=0? | POC=5459.10 | VAL=5412.60
2026-01-27 13:52:44,771 [INFO]     Scanning NSE:MFSL-EQ (5min) | Range 09:35-10:35 | Price=1582.50 > VAH=1593.60? | CVD=53250 > Ref=2550? | POC=1590.00 | VAL=1587.60
2026-01-27 13:52:44,908 [INFO]     Scanning NSE:KPITTECH-EQ (5min) | Range 09:35-10:35 | Price=1094.10 > VAH=1112.25? | CVD=132067 > Ref=11686? | POC=1111.50 | VAL=1110.00
2026-01-27 13:52:45,026 [INFO]     Scanning NSE:LODHA-EQ (5min) | Range 09:35-10:35 | Price=890.70 > VAH=874.35? | CVD=533628 > Ref=44807? | POC=874.35 | VAL=868.55
2026-01-27 13:52:45,140 [INFO]     Scanning NSE:HDFCLIFE-EQ (5min) | Range 09:35-10:35 | Price=715.95 > VAH=714.50? | CVD=-80404 > Ref=17111? | POC=713.50 | VAL=712.50
2026-01-27 13:52:45,262 [INFO]     Scanning NSE:INDHOTEL-EQ (5min) | Range 09:35-10:35 | Price=644.00 > VAH=641.90? | CVD=-246217 > Ref=64541? | POC=641.20 | VAL=640.50
2026-01-27 13:52:45,344 [INFO]     Scanning NSE:ICICIPRULI-EQ (5min) | Range 09:35-10:35 | Price=639.50 > VAH=640.50? | CVD=-1642 > Ref=24713? | POC=640.50 | VAL=634.90
2026-01-27 13:52:46,908 [INFO]     Scanning NSE:CONCOR-EQ (5min) | Range 09:35-10:35 | Price=480.35 > VAH=480.90? | CVD=103164 > Ref=15532? | POC=480.20 | VAL=474.60
2026-01-27 13:52:47,047 [INFO]     Scanning NSE:NYKAA-EQ (5min) | Range 09:35-10:35 | Price=234.00 > VAH=236.50? | CVD=460220 > Ref=106592? | POC=235.25 | VAL=235.25
2026-01-27 13:52:47,167 [INFO]     Scanning NSE:INOXWIND-EQ (5min) | Range 09:35-10:35 | Price=103.60 > VAH=103.50? | CVD=-152401 > Ref=42362? | POC=103.40 | VAL=102.90
2026-01-27 13:52:47,307 [INFO]     Scanning NSE:NBCC-EQ (5min) | Range 09:35-10:35 | Price=94.93 > VAH=95.75? | CVD=415898 > Ref=195713? | POC=95.70 | VAL=95.40
2026-01-27 13:52:49,182 [INFO] 🔍 Scanning for alerts on 11 symbols (5min)...
2026-01-27 13:52:49,306 [INFO]     Scanning NSE:MFSL-EQ (5min) | Range 13:00-14:00 | Price=1582.50 > VAH=1590.65? | CVD=53250 > Ref=2550? | POC=1587.75 | VAL=1580.50
2026-01-27 13:52:49,426 [INFO]     Scanning NSE:KPITTECH-EQ (5min) | Range 13:00-14:00 | Price=1094.10 > VAH=1100.00? | CVD=132067 > Ref=11686? | POC=1098.90 | VAL=1096.70
2026-01-27 13:52:49,550 [INFO]     Scanning NSE:LODHA-EQ (5min) | Range 13:00-14:00 | Price=890.70 > VAH=890.40? | CVD=533628 > Ref=44807? | POC=889.60 | VAL=888.00
2026-01-27 13:52:49,627 [INFO]     Scanning NSE:INDHOTEL-EQ (5min) | Range 13:00-14:00 | Price=644.00 > VAH=644.70? | CVD=-246217 > Ref=64541? | POC=643.95 | VAL=643.80
2026-01-27 13:52:49,704 [INFO]     Scanning NSE:ICICIPRULI-EQ (5min) | Range 13:00-14:00 | Price=639.50 > VAH=642.15? | CVD=-1642 > Ref=24713? | POC=638.10 | VAL=638.10
2026-01-27 13:52:49,800 [INFO]     Scanning NSE:CONCOR-EQ (5min) | Range 13:00-14:00 | Price=480.35 > VAH=479.70? | CVD=103164 > Ref=15532? | POC=479.70 | VAL=478.50
2026-01-27 13:52:49,876 [INFO]     Scanning NSE:NYKAA-EQ (5min) | Range 13:00-14:00 | Price=234.00 > VAH=234.30? | CVD=460220 > Ref=106592? | POC=234.00 | VAL=233.85
2026-01-27 13:52:49,996 [INFO]     Scanning NSE:ASHOKLEY-EQ (5min) | Range 13:00-14:00 | Price=190.44 > VAH=191.10? | CVD=10370 > Ref=312825? | POC=189.90 | VAL=189.75
2026-01-27 13:52:50,078 [INFO]     Scanning NSE:IEX-EQ (5min) | Range 13:00-14:00 | Price=126.16 > VAH=126.90? | CVD=379046 > Ref=0? | POC=126.75 | VAL=126.30
2026-01-27 13:52:50,192 [INFO]     Scanning NSE:INOXWIND-EQ (5min) | Range 13:00-14:00 | Price=103.60 > VAH=104.00? | CVD=-152401 > Ref=42362? | POC=103.60 | VAL=103.55
2026-01-27 13:52:50,312 [INFO]     Scanning NSE:NBCC-EQ (5min) | Range 13:00-14:00 | Price=94.93 > VAH=95.20? | CVD=415898 > Ref=195713? | POC=95.10 | VAL=95.00
2026-01-27 13:53:47,310 [INFO] 🔍 Scanning for alerts on 11 symbols (5min)...
2026-01-27 13:53:47,430 [INFO]     Scanning NSE:AMBER-EQ (5min) | Range 09:35-10:35 | Price=5420.00 > VAH=5468.40? | CVD=-31737 > Ref=0? | POC=5459.10 | VAL=5412.60
2026-01-27 13:53:47,567 [INFO]     Scanning NSE:MFSL-EQ (5min) | Range 09:35-10:35 | Price=1580.60 > VAH=1593.60? | CVD=52161 > Ref=2550? | POC=1590.00 | VAL=1587.60
2026-01-27 13:53:47,705 [INFO]     Scanning NSE:KPITTECH-EQ (5min) | Range 09:35-10:35 | Price=1093.90 > VAH=1112.25? | CVD=131152 > Ref=11686? | POC=1111.50 | VAL=1110.00
2026-01-27 13:53:47,842 [INFO]     Scanning NSE:LODHA-EQ (5min) | Range 09:35-10:35 | Price=891.90 > VAH=874.35? | CVD=538390 > Ref=44807? | POC=874.35 | VAL=868.55
2026-01-27 13:53:47,949 [INFO]     Scanning NSE:HDFCLIFE-EQ (5min) | Range 09:35-10:35 | Price=715.55 > VAH=714.50? | CVD=-82604 > Ref=17111? | POC=713.50 | VAL=712.50
2026-01-27 13:53:48,063 [INFO]     Scanning NSE:INDHOTEL-EQ (5min) | Range 09:35-10:35 | Price=644.00 > VAH=641.90? | CVD=-247580 > Ref=64541? | POC=641.20 | VAL=640.50
2026-01-27 13:53:48,205 [INFO]     Scanning NSE:ICICIPRULI-EQ (5min) | Range 09:35-10:35 | Price=639.40 > VAH=640.50? | CVD=-6426 > Ref=24713? | POC=640.50 | VAL=634.90
2026-01-27 13:53:50,132 [INFO]     Scanning NSE:CONCOR-EQ (5min) | Range 09:35-10:35 | Price=480.25 > VAH=480.90? | CVD=101080 > Ref=15532? | POC=480.20 | VAL=474.60
2026-01-27 13:53:50,268 [INFO]     Scanning NSE:NYKAA-EQ (5min) | Range 09:35-10:35 | Price=234.05 > VAH=236.50? | CVD=462427 > Ref=106592? | POC=235.25 | VAL=235.25
2026-01-27 13:53:50,314 [INFO] 🔍 Scanning for alerts on 11 symbols (5min)...
2026-01-27 13:53:50,391 [INFO]     Scanning NSE:INOXWIND-EQ (5min) | Range 09:35-10:35 | Price=103.61 > VAH=103.50? | CVD=-80714 > Ref=42362? | POC=103.40 | VAL=102.90
2026-01-27 13:53:50,460 [INFO]     Scanning NSE:MFSL-EQ (5min) | Range 13:00-14:00 | Price=1580.60 > VAH=1590.65? | CVD=52161 > Ref=2550? | POC=1580.50 | VAL=1580.50
2026-01-27 13:53:50,477 [INFO]     Scanning NSE:NBCC-EQ (5min) | Range 09:35-10:35 | Price=94.91 > VAH=95.75? | CVD=414633 > Ref=195713? | POC=95.70 | VAL=95.40
2026-01-27 13:53:50,566 [INFO]     Scanning NSE:KPITTECH-EQ (5min) | Range 13:00-14:00 | Price=1093.90 > VAH=1100.00? | CVD=131152 > Ref=11686? | POC=1098.90 | VAL=1096.70
2026-01-27 13:53:50,689 [INFO]     Scanning NSE:LODHA-EQ (5min) | Range 13:00-14:00 | Price=891.90 > VAH=890.40? | CVD=538390 > Ref=44807? | POC=889.60 | VAL=888.00
2026-01-27 13:53:50,800 [INFO]     Scanning NSE:INDHOTEL-EQ (5min) | Range 13:00-14:00 | Price=644.00 > VAH=644.70? | CVD=-247580 > Ref=64541? | POC=643.95 | VAL=643.80
2026-01-27 13:53:50,910 [INFO]     Scanning NSE:ICICIPRULI-EQ (5min) | Range 13:00-14:00 | Price=639.40 > VAH=642.15? | CVD=-6426 > Ref=24713? | POC=638.10 | VAL=638.10
2026-01-27 13:53:51,032 [INFO]     Scanning NSE:CONCOR-EQ (5min) | Range 13:00-14:00 | Price=480.25 > VAH=479.70? | CVD=101080 > Ref=15532? | POC=479.70 | VAL=478.50
2026-01-27 13:53:51,141 [INFO]     Scanning NSE:NYKAA-EQ (5min) | Range 13:00-14:00 | Price=234.05 > VAH=234.30? | CVD=462427 > Ref=106592? | POC=234.00 | VAL=233.85
2026-01-27 13:53:51,309 [INFO]     Scanning NSE:ASHOKLEY-EQ (5min) | Range 13:00-14:00 | Price=190.48 > VAH=191.10? | CVD=63914 > Ref=312825? | POC=189.90 | VAL=189.75
2026-01-27 13:53:51,429 [INFO]     Scanning NSE:IEX-EQ (5min) | Range 13:00-14:00 | Price=126.27 > VAH=126.90? | CVD=388754 > Ref=0? | POC=126.75 | VAL=126.30
2026-01-27 13:53:51,549 [INFO]     Scanning NSE:INOXWIND-EQ (5min) | Range 13:00-14:00 | Price=103.61 > VAH=104.00? | CVD=-80714 > Ref=42362? | POC=103.60 | VAL=103.55
2026-01-27 13:53:51,663 [INFO]     Scanning NSE:NBCC-EQ (5min) | Range 13:00-14:00 | Price=94.91 > VAH=95.20? | CVD=414633 > Ref=195713? | POC=95.10 | VAL=95.00
2026-01-27 13:54:50,479 [INFO] 🔍 Scanning for alerts on 11 symbols (5min)...
2026-01-27 13:54:50,604 [INFO]     Scanning NSE:AMBER-EQ (5min) | Range 09:35-10:35 | Price=5416.50 > VAH=5468.40? | CVD=-32435 > Ref=0? | POC=5459.10 | VAL=5412.60
2026-01-27 13:54:50,738 [INFO]     Scanning NSE:MFSL-EQ (5min) | Range 09:35-10:35 | Price=1580.10 > VAH=1593.60? | CVD=51825 > Ref=2550? | POC=1590.00 | VAL=1587.60
2026-01-27 13:54:50,857 [INFO]     Scanning NSE:KPITTECH-EQ (5min) | Range 09:35-10:35 | Price=1093.90 > VAH=1112.25? | CVD=130107 > Ref=11686? | POC=1111.50 | VAL=1110.00
2026-01-27 13:54:50,999 [INFO]     Scanning NSE:LODHA-EQ (5min) | Range 09:35-10:35 | Price=893.80 > VAH=874.35? | CVD=546660 > Ref=44807? | POC=874.35 | VAL=868.55
2026-01-27 13:54:51,123 [INFO]     Scanning NSE:HDFCLIFE-EQ (5min) | Range 09:35-10:35 | Price=715.50 > VAH=714.50? | CVD=-84584 > Ref=17111? | POC=713.50 | VAL=712.50
2026-01-27 13:54:51,244 [INFO]     Scanning NSE:INDHOTEL-EQ (5min) | Range 09:35-10:35 | Price=644.00 > VAH=641.90? | CVD=-251106 > Ref=64541? | POC=641.20 | VAL=640.50
2026-01-27 13:54:51,665 [INFO] 🔍 Scanning for alerts on 11 symbols (5min)...
5-10:35 | Price=639.05 > VAH=640.50? | CVD=-9953 > Ref=24713? | POC=640.50 | VAL=634.90
2026-01-27 13:54:53,282 [INFO]     Scanning NSE:CONCOR-EQ (5min) | Range 09:35-10:35 | Price=480.35 > VAH=480.90? | CVD=101967 > Ref=15532? | POC=480.20 | VAL=474.60
2026-01-27 13:54:53,298 [INFO]     Scanning NSE:MFSL-EQ (5min) | Range 13:00-14:00 | Price=1580.10 > VAH=1590.65? | CVD=51825 > Ref=2550? | POC=1580.50 | VAL=1580.50
2026-01-27 13:54:53,403 [INFO]     Scanning NSE:KPITTECH-EQ (5min) | Range 13:00-14:00 | Price=1093.90 > VAH=1100.00? | CVD=130107 > Ref=11686? | POC=1098.90 | VAL=1096.70
2026-01-27 13:54:53,411 [INFO]     Scanning NSE:NYKAA-EQ (5min) | Range 09:35-10:35 | Price=234.00 > VAH=236.50? | CVD=459267 > Ref=106592? | POC=235.25 | VAL=235.25
2026-01-27 13:54:53,495 [INFO]     Scanning NSE:LODHA-EQ (5min) | Range 13:00-14:00 | Price=893.80 > VAH=891.10? | CVD=546660 > Ref=44807? | POC=889.20 | VAL=888.25
2026-01-27 13:54:53,559 [INFO]     Scanning NSE:INOXWIND-EQ (5min) | Range 09:35-10:35 | Price=103.63 > VAH=103.50? | CVD=-52630 > Ref=42362? | POC=103.40 | VAL=102.90
2026-01-27 13:54:53,605 [INFO]     Scanning NSE:INDHOTEL-EQ (5min) | Range 13:00-14:00 | Price=644.00 > VAH=644.70? | CVD=-251106 > Ref=64541? | POC=643.95 | VAL=643.80
2026-01-27 13:54:53,682 [INFO]     Scanning NSE:NBCC-EQ (5min) | Range 09:35-10:35 | Price=95.00 > VAH=95.75? | CVD=418882 > Ref=195713? | POC=95.70 | VAL=95.40
2026-01-27 13:54:53,700 [INFO]     Scanning NSE:ICICIPRULI-EQ (5min) | Range 13:00-14:00 | Price=639.05 > VAH=642.15? | CVD=-9953 > Ref=24713? | POC=638.10 | VAL=638.10
2026-01-27 13:54:53,822 [INFO]     Scanning NSE:CONCOR-EQ (5min) | Range 13:00-14:00 | Price=480.35 > VAH=479.70? | CVD=101967 > Ref=15532? | POC=479.70 | VAL=478.50
2026-01-27 13:54:53,947 [INFO]     Scanning NSE:NYKAA-EQ (5min) | Range 13:00-14:00 | Price=234.00 > VAH=234.30? | CVD=459267 > Ref=106592? | POC=234.00 | VAL=233.85
2026-01-27 13:54:54,092 [INFO]     Scanning NSE:ASHOKLEY-EQ (5min) | Range 13:00-14:00 | Price=190.41 > VAH=191.10? | CVD=36111 > Ref=312825? | POC=189.90 | VAL=189.75
2026-01-27 13:54:54,204 [INFO]     Scanning NSE:IEX-EQ (5min) | Range 13:00-14:00 | Price=126.25 > VAH=126.90? | CVD=377869 > Ref=0? | POC=126.75 | VAL=126.30
2026-01-27 13:54:54,324 [INFO]     Scanning NSE:INOXWIND-EQ (5min) | Range 13:00-14:00 | Price=103.63 > VAH=104.00? | CVD=-52630 > Ref=42362? | POC=103.60 | VAL=103.55
2026-01-27 13:54:54,448 [INFO]     Scanning NSE:NBCC-EQ (5min) | Range 13:00-14:00 | Price=95.00 > VAH=95.20? | CVD=418882 > Ref=195713? | POC=95.10 | VAL=95.00
2026-01-27 13:55:53,684 [INFO] 🔍 Scanning for alerts on 11 symbols (5min)...
2026-01-27 13:55:53,806 [INFO]     Scanning NSE:AMBER-EQ (5min) | Range 09:35-10:35 | Price=5420.00 > VAH=5468.40? | CVD=-31593 > Ref=0? | POC=5459.10 | VAL=5412.60
2026-01-27 13:55:53,924 [INFO]     Scanning NSE:MFSL-EQ (5min) | Range 09:35-10:35 | Price=1581.30 > VAH=1593.60? | CVD=53388 > Ref=2550? | POC=1590.00 | VAL=1587.60
2026-01-27 13:55:54,032 [INFO]     Scanning NSE:KPITTECH-EQ (5min) | Range 09:35-10:35 | Price=1094.30 > VAH=1112.25? | CVD=131020 > Ref=11686? | POC=1111.50 | VAL=1110.00
2026-01-27 13:55:54,153 [INFO]     Scanning NSE:LODHA-EQ (5min) | Range 09:35-10:35 | Price=893.70 > VAH=874.35? | CVD=542390 > Ref=44807? | POC=874.35 | VAL=868.55
2026-01-27 13:55:54,369 [INFO]     Scanning NSE:HDFCLIFE-EQ (5min) | Range 09:35-10:35 | Price=715.35 > VAH=714.50? | CVD=-88655 > Ref=17111? | POC=713.50 | VAL=712.50
2026-01-27 13:55:54,449 [INFO] 🔍 Scanning for alerts on 11 symbols (5min)...
2026-01-27 13:55:54,470 [INFO]     Scanning NSE:INDHOTEL-EQ (5min) | Range 09:35-10:35 | Price=644.00 > VAH=641.90? | CVD=-254471 > Ref=64541? | POC=641.20 | VAL=640.50
2026-01-27 13:55:54,571 [INFO]     Scanning NSE:ICICIPRULI-EQ (5min) | Range 09:35-10:35 | Price=639.40 > VAH=640.50? | CVD=-7740 > Ref=24713? | POC=640.50 | VAL=634.90
2026-01-27 13:55:56,378 [INFO]     Scanning NSE:CONCOR-EQ (5min) | Range 09:35-10:35 | Price=480.30 > VAH=480.90? | CVD=99850 > Ref=15532? | POC=480.20 | VAL=474.60
2026-01-27 13:55:56,394 [INFO]     Scanning NSE:KPITTECH-EQ (5min) | Range 13:00-14:00 | Price=1094.30 > VAH=1100.00? | CVD=131020 > Ref=11686? | POC=1098.90 | VAL=1093.40
2026-01-27 13:55:56,509 [INFO]     Scanning NSE:NYKAA-EQ (5min) | Range 09:35-10:35 | Price=234.00 > VAH=236.50? | CVD=455071 > Ref=106592? | POC=235.25 | VAL=235.25
2026-01-27 13:55:56,533 [INFO]     Scanning NSE:LODHA-EQ (5min) | Range 13:00-14:00 | Price=893.70 > VAH=891.00? | CVD=542390 > Ref=44807? | POC=890.00 | VAL=888.00
2026-01-27 13:55:56,597 [INFO]     Scanning NSE:INOXWIND-EQ (5min) | Range 09:35-10:35 | Price=103.44 > VAH=103.50? | CVD=-128202 > Ref=42362? | POC=103.40 | VAL=102.90
2026-01-27 13:55:56,640 [INFO]     Scanning NSE:INDHOTEL-EQ (5min) | Range 13:00-14:00 | Price=644.00 > VAH=644.70? | CVD=-254471 > Ref=64541? | POC=643.95 | VAL=643.80
2026-01-27 13:55:56,712 [INFO]     Scanning NSE:NBCC-EQ (5min) | Range 09:35-10:35 | Price=94.99 > VAH=95.75? | CVD=401855 > Ref=195713? | POC=95.70 | VAL=95.40
2026-01-27 13:55:56,730 [INFO]     Scanning NSE:ICICIPRULI-EQ (5min) | Range 13:00-14:00 | Price=639.40 > VAH=642.15? | CVD=-7740 > Ref=24713? | POC=638.10 | VAL=638.10
2026-01-27 13:55:56,846 [INFO]     Scanning NSE:CONCOR-EQ (5min) | Range 13:00-14:00 | Price=480.30 > VAH=479.70? | CVD=99850 > Ref=15532? | POC=479.70 | VAL=478.50
2026-01-27 13:55:56,973 [INFO]     Scanning NSE:NYKAA-EQ (5min) | Range 13:00-14:00 | Price=234.00 > VAH=234.30? | CVD=455071 > Ref=106592? | POC=234.00 | VAL=233.85
2026-01-27 13:55:57,160 [INFO]     Scanning NSE:ASHOKLEY-EQ (5min) | Range 13:00-14:00 | Price=190.21 > VAH=191.10? | CVD=6022 > Ref=312825? | POC=189.90 | VAL=189.75
2026-01-27 13:55:57,280 [INFO]     Scanning NSE:IEX-EQ (5min) | Range 13:00-14:00 | Price=126.23 > VAH=126.90? | CVD=373179 > Ref=0? | POC=126.75 | VAL=126.30
2026-01-27 13:55:57,404 [INFO] 🚀 [STRATEGY ALERT] NSE:INOXWIND-EQ (5min) triggered at 13:50!
2026-01-27 13:55:57,404 [INFO]     ✅ Price: 103.44 < FRVP VAL: 103.55
2026-01-27 13:55:57,405 [INFO]     ✅ CVD:   -128202 < CVD Ref:  42362
2026-01-27 13:55:57,405 [INFO]     ℹ️  FRVP Info: POC=103.60, VAL=103.55
2026-01-27 13:55:57,406 [INFO]     Scanning NSE:INOXWIND-EQ (5min) | Range 13:00-14:00 | Price=103.44 > VAH=104.00? | CVD=-128202 > Ref=42362? | POC=103.60 | VAL=103.55
2026-01-27 13:55:57,527 [INFO]     Scanning NSE:NBCC-EQ (5min) | Range 13:00-14:00 | Price=94.99 > VAH=95.20? | CVD=401855 > Ref=195713? | POC=95.10 | VAL=95.00
2026-01-27 13:56:56,713 [INFO] 🔍 Scanning for alerts on 11 symbols (5min)...
2026-01-27 13:56:56,830 [INFO]     Scanning NSE:AMBER-EQ (5min) | Range 09:35-10:35 | Price=5415.50 > VAH=5468.40? | CVD=-32308 > Ref=0? | POC=5459.10 | VAL=5412.60
2026-01-27 13:56:56,951 [INFO]     Scanning NSE:MFSL-EQ (5min) | Range 09:35-10:35 | Price=1579.30 > VAH=1593.60? | CVD=53030 > Ref=2550? | POC=1590.00 | VAL=1587.60
2026-01-27 13:56:57,072 [INFO]     Scanning NSE:KPITTECH-EQ (5min) | Range 09:35-10:35 | Price=1095.00 > VAH=1112.25? | CVD=131557 > Ref=11686? | POC=1111.50 | VAL=1110.00
2026-01-27 13:56:57,191 [INFO]     Scanning NSE:LODHA-EQ (5min) | Range 09:35-10:35 | Price=894.30 > VAH=874.35? | CVD=547829 > Ref=44807? | POC=874.35 | VAL=868.55
2026-01-27 13:56:57,313 [INFO]     Scanning NSE:HDFCLIFE-EQ (5min) | Range 09:35-10:35 | Price=715.05 > VAH=714.50? | CVD=-90202 > Ref=17111? | POC=713.50 | VAL=712.50
2026-01-27 13:56:57,440 [INFO]     Scanning NSE:INDHOTEL-EQ (5min) | Range 09:35-10:35 | Price=644.05 > VAH=641.90? | CVD=-249639 > Ref=64541? | POC=641.20 | VAL=640.50
2026-01-27 13:56:57,529 [INFO] 🔍 Scanning for alerts on 10 symbols (5min)...
2026-01-27 13:56:57,570 [INFO]     Scanning NSE:ICICIPRULI-EQ (5min) | Range 09:35-10:35 | Price=639.15 > VAH=640.50? | CVD=-11558 > Ref=24713? | POC=640.50 | VAL=634.90
2026-01-27 13:56:57,676 [INFO]     Scanning NSE:CONCOR-EQ (5min) | Range 09:35-10:35 | Price=480.35 > VAH=480.90? | CVD=104232 > Ref=15532? | POC=480.20 | VAL=474.60
2026-01-27 13:56:59,493 [INFO]     Scanning NSE:KPITTECH-EQ (5min) | Range 13:00-14:00 | Price=1095.00 > VAH=1100.00? | CVD=131557 > Ref=11686? | POC=1098.90 | VAL=1093.40
2026-01-27 13:56:59,521 [INFO]     Scanning NSE:NYKAA-EQ (5min) | Range 09:35-10:35 | Price=234.00 > VAH=236.50? | CVD=452246 > Ref=106592? | POC=235.25 | VAL=235.25
2026-01-27 13:56:59,608 [INFO]     Scanning NSE:INOXWIND-EQ (5min) | Range 09:35-10:35 | Price=103.36 > VAH=103.50? | CVD=-137379 > Ref=42362? | POC=103.40 | VAL=102.90
2026-01-27 13:56:59,627 [INFO]     Scanning NSE:LODHA-EQ (5min) | Range 13:00-14:00 | Price=894.30 > VAH=891.00? | CVD=547829 > Ref=44807? | POC=890.00 | VAL=888.00
2026-01-27 13:56:59,735 [INFO]     Scanning NSE:NBCC-EQ (5min) | Range 09:35-10:35 | Price=94.93 > VAH=95.75? | CVD=389030 > Ref=195713? | POC=95.70 | VAL=95.40
2026-01-27 13:56:59,762 [INFO]     Scanning NSE:INDHOTEL-EQ (5min) | Range 13:00-14:00 | Price=644.05 > VAH=644.70? | CVD=-249639 > Ref=64541? | POC=643.95 | VAL=643.80
2026-01-27 13:56:59,881 [INFO]     Scanning NSE:ICICIPRULI-EQ (5min) | Range 13:00-14:00 | Price=639.15 > VAH=642.15? | CVD=-11558 > Ref=24713? | POC=638.10 | VAL=638.10
2026-01-27 13:56:59,961 [INFO]     Scanning NSE:CONCOR-EQ (5min) | Range 13:00-14:00 | Price=480.35 > VAH=480.30? | CVD=104232 > Ref=15532? | POC=479.70 | VAL=478.80
2026-01-27 13:57:00,088 [INFO]     Scanning NSE:NYKAA-EQ (5min) | Range 13:00-14:00 | Price=234.00 > VAH=234.30? | CVD=452246 > Ref=106592? | POC=234.00 | VAL=233.85
2026-01-27 13:57:00,198 [INFO]     Scanning NSE:ASHOKLEY-EQ (5min) | Range 13:00-14:00 | Price=190.09 > VAH=191.10? | CVD=-36891 > Ref=312825? | POC=189.90 | VAL=189.75
2026-01-27 13:57:00,280 [INFO]     Scanning NSE:IEX-EQ (5min) | Range 13:00-14:00 | Price=126.22 > VAH=126.90? | CVD=367881 > Ref=0? | POC=126.75 | VAL=126.30
2026-01-27 13:57:00,361 [INFO]     Scanning NSE:NBCC-EQ (5min) | Range 13:00-14:00 | Price=94.93 > VAH=95.20? | CVD=389030 > Ref=195713? | POC=95.10 | VAL=94.90
2026-01-27 13:57:59,736 [INFO] 🔍 Scanning for alerts on 11 symbols (5min)...
2026-01-27 13:57:59,854 [INFO]     Scanning NSE:AMBER-EQ (5min) | Range 09:35-10:35 | Price=5430.00 > VAH=5468.40? | CVD=-29528 > Ref=0? | POC=5459.10 | VAL=5412.60
2026-01-27 13:57:59,975 [INFO]     Scanning NSE:MFSL-EQ (5min) | Range 09:35-10:35 | Price=1580.60 > VAH=1593.60? | CVD=53765 > Ref=2550? | POC=1590.00 | VAL=1587.60
2026-01-27 13:58:00,103 [INFO]     Scanning NSE:KPITTECH-EQ (5min) | Range 09:35-10:35 | Price=1094.00 > VAH=1112.25? | CVD=128227 > Ref=11686? | POC=1111.50 | VAL=1110.00
2026-01-27 13:58:00,229 [INFO]     Scanning NSE:LODHA-EQ (5min) | Range 09:35-10:35 | Price=896.00 > VAH=874.35? | CVD=552950 > Ref=44807? | POC=874.35 | VAL=868.55
2026-01-27 13:58:00,363 [INFO] 🔍 Scanning for alerts on 10 symbols (5min)...
2026-01-27 13:58:00,373 [INFO]     Scanning NSE:HDFCLIFE-EQ (5min) | Range 09:35-10:35 | Price=715.40 > VAH=714.50? | CVD=-88053 > Ref=17111? | POC=713.50 | VAL=712.50
2026-01-27 13:58:02,209 [INFO]     Scanning NSE:MFSL-EQ (5min) | Range 13:00-14:00 | Price=1580.60 > VAH=1590.30? | CVD=53765 > Ref=2550? | POC=1581.00 | VAL=1579.45
2026-01-27 13:58:02,319 [INFO]     Scanning NSE:INDHOTEL-EQ (5min) | Range 09:35-10:35 | Price=644.65 > VAH=641.90? | CVD=-243690 > Ref=64541? | POC=641.20 | VAL=640.50
2026-01-27 13:58:02,369 [INFO]     Scanning NSE:KPITTECH-EQ (5min) | Range 13:00-14:00 | Price=1094.00 > VAH=1100.00? | CVD=128227 > Ref=11686? | POC=1098.90 | VAL=1093.40
2026-01-27 13:58:02,462 [INFO]     Scanning NSE:ICICIPRULI-EQ (5min) | Range 09:35-10:35 | Price=639.25 > VAH=640.50? | CVD=-10429 > Ref=24713? | POC=640.50 | VAL=634.90
2026-01-27 13:58:02,506 [INFO]     Scanning NSE:LODHA-EQ (5min) | Range 13:00-14:00 | Price=896.00 > VAH=890.40? | CVD=552950 > Ref=44807? | POC=889.20 | VAL=888.00
2026-01-27 13:58:02,567 [INFO]     Scanning NSE:CONCOR-EQ (5min) | Range 09:35-10:35 | Price=480.25 > VAH=480.90? | CVD=138879 > Ref=15532? | POC=480.20 | VAL=474.60
2026-01-27 13:58:02,617 [INFO]     Scanning NSE:INDHOTEL-EQ (5min) | Range 13:00-14:00 | Price=644.65 > VAH=644.70? | CVD=-243690 > Ref=64541? | POC=643.95 | VAL=643.80
2026-01-27 13:58:02,683 [INFO]     Scanning NSE:NYKAA-EQ (5min) | Range 09:35-10:35 | Price=234.00 > VAH=236.50? | CVD=445436 > Ref=106592? | POC=235.25 | VAL=235.25
2026-01-27 13:58:02,735 [INFO]     Scanning NSE:ICICIPRULI-EQ (5min) | Range 13:00-14:00 | Price=639.25 > VAH=642.15? | CVD=-10429 > Ref=24713? | POC=638.10 | VAL=638.10
2026-01-27 13:58:02,811 [INFO]     Scanning NSE:INOXWIND-EQ (5min) | Range 09:35-10:35 | Price=103.53 > VAH=103.50? | CVD=-110563 > Ref=42362? | POC=103.40 | VAL=102.90
2026-01-27 13:58:02,851 [INFO]     Scanning NSE:CONCOR-EQ (5min) | Range 13:00-14:00 | Price=480.25 > VAH=480.00? | CVD=138879 > Ref=15532? | POC=479.70 | VAL=478.80
2026-01-27 13:58:02,929 [INFO]     Scanning NSE:NBCC-EQ (5min) | Range 09:35-10:35 | Price=95.00 > VAH=95.75? | CVD=398591 > Ref=195713? | POC=95.70 | VAL=95.40
2026-01-27 13:58:02,971 [INFO]     Scanning NSE:NYKAA-EQ (5min) | Range 13:00-14:00 | Price=234.00 > VAH=234.30? | CVD=445436 > Ref=106592? | POC=234.00 | VAL=233.85
2026-01-27 13:58:03,150 [INFO]     Scanning NSE:ASHOKLEY-EQ (5min) | Range 13:00-14:00 | Price=190.39 > VAH=191.10? | CVD=54875 > Ref=312825? | POC=189.90 | VAL=189.75
2026-01-27 13:58:03,281 [INFO]     Scanning NSE:IEX-EQ (5min) | Range 13:00-14:00 | Price=126.35 > VAH=126.90? | CVD=375865 > Ref=0? | POC=126.75 | VAL=126.30
2026-01-27 13:58:03,424 [INFO]     Scanning NSE:NBCC-EQ (5min) | Range 13:00-14:00 | Price=95.00 > VAH=95.20? | CVD=398591 > Ref=195713? | POC=95.10 | VAL=94.90
2026-01-27 13:59:02,931 [INFO] 🔍 Scanning for alerts on 11 symbols (5min)...
2026-01-27 13:59:03,084 [INFO]     Scanning NSE:AMBER-EQ (5min) | Range 09:35-10:35 | Price=5430.00 > VAH=5468.40? | CVD=-27855 > Ref=0? | POC=5459.10 | VAL=5412.60
2026-01-27 13:59:03,228 [INFO]     Scanning NSE:MFSL-EQ (5min) | Range 09:35-10:35 | Price=1580.60 > VAH=1593.60? | CVD=54437 > Ref=2550? | POC=1590.00 | VAL=1587.60
2026-01-27 13:59:03,368 [INFO]     Scanning NSE:KPITTECH-EQ (5min) | Range 09:35-10:35 | Price=1094.70 > VAH=1112.25? | CVD=128406 > Ref=11686? | POC=1111.50 | VAL=1110.00
2026-01-27 13:59:03,434 [INFO] 🔍 Scanning for alerts on 10 symbols (5min)...
2026-01-27 13:59:03,622 [INFO]     Scanning NSE:LODHA-EQ (5min) | Range 09:35-10:35 | Price=896.10 > VAH=874.35? | CVD=558282 > Ref=44807? | POC=874.35 | VAL=868.55
2026-01-27 13:59:03,696 [INFO]     Scanning NSE:MFSL-EQ (5min) | Range 13:00-14:00 | Price=1580.60 > VAH=1590.30? | CVD=54437 > Ref=2550? | POC=1581.00 | VAL=1579.45
2026-01-27 13:59:03,766 [INFO]     Scanning NSE:HDFCLIFE-EQ (5min) | Range 09:35-10:35 | Price=715.70 > VAH=714.50? | CVD=-83095 > Ref=17111? | POC=713.50 | VAL=712.50
2026-01-27 13:59:03,818 [INFO]     Scanning NSE:KPITTECH-EQ (5min) | Range 13:00-14:00 | Price=1094.70 > VAH=1100.00? | CVD=128406 > Ref=11686? | POC=1098.90 | VAL=1093.40
2026-01-27 13:59:03,873 [INFO]     Scanning NSE:INDHOTEL-EQ (5min) | Range 09:35-10:35 | Price=644.90 > VAH=641.90? | CVD=-284134 > Ref=64541? | POC=641.20 | VAL=640.50
2026-01-27 13:59:03,915 [INFO]     Scanning NSE:LODHA-EQ (5min) | Range 13:00-14:00 | Price=896.10 > VAH=890.40? | CVD=558282 > Ref=44807? | POC=889.20 | VAL=886.80
2026-01-27 13:59:03,974 [INFO]     Scanning NSE:ICICIPRULI-EQ (5min) | Range 09:35-10:35 | Price=639.85 > VAH=640.50? | CVD=-3598 > Ref=24713? | POC=640.50 | VAL=634.90
2026-01-27 13:59:04,046 [INFO]     Scanning NSE:INDHOTEL-EQ (5min) | Range 13:00-14:00 | Price=644.90 > VAH=644.80? | CVD=-284134 > Ref=64541? | POC=644.00 | VAL=643.80
2026-01-27 13:59:04,099 [INFO]     Scanning NSE:CONCOR-EQ (5min) | Range 09:35-10:35 | Price=480.40 > VAH=480.90? | CVD=150201 > Ref=15532? | POC=480.20 | VAL=474.60
2026-01-27 13:59:04,175 [INFO]     Scanning NSE:ICICIPRULI-EQ (5min) | Range 13:00-14:00 | Price=639.85 > VAH=639.45? | CVD=-3598 > Ref=24713? | POC=638.10 | VAL=638.10
2026-01-27 13:59:04,220 [INFO]     Scanning NSE:NYKAA-EQ (5min) | Range 09:35-10:35 | Price=234.05 > VAH=236.50? | CVD=445551 > Ref=106592? | POC=235.25 | VAL=235.25
2026-01-27 13:59:04,305 [INFO]     Scanning NSE:CONCOR-EQ (5min) | Range 13:00-14:00 | Price=480.40 > VAH=480.00? | CVD=150201 > Ref=15532? | POC=479.70 | VAL=478.80
2026-01-27 13:59:04,357 [INFO]     Scanning NSE:INOXWIND-EQ (5min) | Range 09:35-10:35 | Price=103.50 > VAH=103.50? | CVD=-124239 > Ref=42362? | POC=103.40 | VAL=102.90
2026-01-27 13:59:04,428 [INFO]     Scanning NSE:NYKAA-EQ (5min) | Range 13:00-14:00 | Price=234.05 > VAH=234.30? | CVD=445551 > Ref=106592? | POC=234.00 | VAL=233.85
2026-01-27 13:59:04,478 [INFO]     Scanning NSE:NBCC-EQ (5min) | Range 09:35-10:35 | Price=94.99 > VAH=95.75? | CVD=402999 > Ref=195713? | POC=95.70 | VAL=95.40
2026-01-27 13:59:04,616 [INFO]     Scanning NSE:ASHOKLEY-EQ (5min) | Range 13:00-14:00 | Price=190.25 > VAH=191.10? | CVD=37856 > Ref=312825? | POC=189.90 | VAL=189.75
2026-01-27 13:59:04,730 [INFO]     Scanning NSE:IEX-EQ (5min) | Range 13:00-14:00 | Price=126.25 > VAH=126.90? | CVD=392918 > Ref=0? | POC=126.30 | VAL=126.30
2026-01-27 13:59:04,836 [INFO]     Scanning NSE:NBCC-EQ (5min) | Range 13:00-14:00 | Price=94.99 > VAH=95.20? | CVD=402999 > Ref=195713? | POC=95.10 | VAL=94.90
2026-01-27 14:00:04,479 [INFO] 🔍 Scanning for alerts on 11 symbols (5min)...
2026-01-27 14:00:04,598 [INFO]     Scanning NSE:AMBER-EQ (5min) | Range 09:35-10:35 | Price=5430.50 > VAH=5468.40? | CVD=-27947 > Ref=0? | POC=5459.10 | VAL=5412.60
2026-01-27 14:00:04,715 [INFO]     Scanning NSE:MFSL-EQ (5min) | Range 09:35-10:35 | Price=1578.90 > VAH=1593.60? | CVD=54173 > Ref=2550? | POC=1590.00 | VAL=1587.60
2026-01-27 14:00:04,813 [INFO]     Scanning NSE:KPITTECH-EQ (5min) | Range 09:35-10:35 | Price=1093.70 > VAH=1112.25? | CVD=125246 > Ref=11686? | POC=1111.50 | VAL=1110.00
2026-01-27 14:00:04,838 [INFO] 🔍 Scanning for alerts on 10 symbols (5min)...
2026-01-27 14:00:04,955 [INFO]     Scanning NSE:MFSL-EQ (5min) | Range 13:00-14:00 | Price=1578.90 > VAH=1590.30? | CVD=54173 > Ref=2550? | POC=1581.00 | VAL=1579.45
2026-01-27 14:00:04,965 [INFO]     Scanning NSE:LODHA-EQ (5min) | Range 09:35-10:35 | Price=895.40 > VAH=874.35? | CVD=559006 > Ref=44807? | POC=874.35 | VAL=868.55
2026-01-27 14:00:05,057 [INFO]     Scanning NSE:HDFCLIFE-EQ (5min) | Range 09:35-10:35 | Price=715.55 > VAH=714.50? | CVD=-86671 > Ref=17111? | POC=713.50 | VAL=712.50
2026-01-27 14:00:05,108 [INFO]     Scanning NSE:KPITTECH-EQ (5min) | Range 13:00-14:00 | Price=1093.70 > VAH=1100.00? | CVD=125246 > Ref=11686? | POC=1098.90 | VAL=1093.40
2026-01-27 14:00:05,182 [INFO]     Scanning NSE:INDHOTEL-EQ (5min) | Range 09:35-10:35 | Price=644.65 > VAH=641.90? | CVD=-284987 > Ref=64541? | POC=641.20 | VAL=640.50
2026-01-27 14:00:05,198 [INFO]     Scanning NSE:LODHA-EQ (5min) | Range 13:00-14:00 | Price=895.40 > VAH=890.40? | CVD=559006 > Ref=44807? | POC=889.20 | VAL=886.80
2026-01-27 14:00:05,286 [INFO]     Scanning NSE:ICICIPRULI-EQ (5min) | Range 09:35-10:35 | Price=639.45 > VAH=640.50? | CVD=-5002 > Ref=24713? | POC=640.50 | VAL=634.90
2026-01-27 14:00:05,330 [INFO]     Scanning NSE:INDHOTEL-EQ (5min) | Range 13:00-14:00 | Price=644.65 > VAH=644.80? | CVD=-284987 > Ref=64541? | POC=644.00 | VAL=643.80
2026-01-27 14:00:05,449 [INFO]     Scanning NSE:CONCOR-EQ (5min) | Range 09:35-10:35 | Price=480.05 > VAH=480.90? | CVD=145805 > Ref=15532? | POC=480.20 | VAL=474.60
2026-01-27 14:00:05,488 [INFO]     Scanning NSE:ICICIPRULI-EQ (5min) | Range 13:00-14:00 | Price=639.45 > VAH=639.45? | CVD=-5002 > Ref=24713? | POC=638.10 | VAL=638.10
2026-01-27 14:00:05,600 [INFO]     Scanning NSE:NYKAA-EQ (5min) | Range 09:35-10:35 | Price=234.00 > VAH=236.50? | CVD=416580 > Ref=106592? | POC=235.25 | VAL=235.25
2026-01-27 14:00:05,621 [INFO]     Scanning NSE:CONCOR-EQ (5min) | Range 13:00-14:00 | Price=480.05 > VAH=480.00? | CVD=145805 > Ref=15532? | POC=479.70 | VAL=478.80
2026-01-27 14:00:05,704 [INFO]     Scanning NSE:INOXWIND-EQ (5min) | Range 09:35-10:35 | Price=103.45 > VAH=103.50? | CVD=-133663 > Ref=42362? | POC=103.40 | VAL=102.90
2026-01-27 14:00:05,774 [INFO]     Scanning NSE:NYKAA-EQ (5min) | Range 13:00-14:00 | Price=234.00 > VAH=234.30? | CVD=416580 > Ref=106592? | POC=234.00 | VAL=233.85
2026-01-27 14:00:05,802 [INFO]     Scanning NSE:NBCC-EQ (5min) | Range 09:35-10:35 | Price=94.98 > VAH=95.75? | CVD=381313 > Ref=195713? | POC=95.70 | VAL=95.40
2026-01-27 14:00:05,901 [INFO]     Scanning NSE:ASHOKLEY-EQ (5min) | Range 13:00-14:00 | Price=190.25 > VAH=191.10? | CVD=9402 > Ref=312825? | POC=189.90 | VAL=189.75
2026-01-27 14:00:05,995 [INFO]     Scanning NSE:IEX-EQ (5min) | Range 13:00-14:00 | Price=126.24 > VAH=126.75? | CVD=386648 > Ref=0? | POC=126.30 | VAL=126.15
2026-01-27 14:00:06,129 [INFO]     Scanning NSE:NBCC-EQ (5min) | Range 13:00-14:00 | Price=94.98 > VAH=95.20? | CVD=381313 > Ref=195713? | POC=95.10 | VAL=94.90
2026-01-27 14:01:05,803 [INFO] 🔍 Scanning for alerts on 11 symbols (5min)...
2026-01-27 14:01:05,935 [INFO]     Scanning NSE:AMBER-EQ (5min) | Range 09:35-10:35 | Price=5427.00 > VAH=5468.40? | CVD=-28872 > Ref=0? | POC=5459.10 | VAL=5412.60
2026-01-27 14:01:06,056 [INFO]     Scanning NSE:MFSL-EQ (5min) | Range 09:35-10:35 | Price=1579.10 > VAH=1593.60? | CVD=53887 > Ref=2550? | POC=1590.00 | VAL=1587.60
2026-01-27 14:01:06,131 [INFO] 🔍 Scanning for alerts on 10 symbols (5min)...
2026-01-27 14:01:06,185 [INFO]     Scanning NSE:KPITTECH-EQ (5min) | Range 09:35-10:35 | Price=1093.70 > VAH=1112.25? | CVD=124994 > Ref=11686? | POC=1111.50 | VAL=1110.00
2026-01-27 14:01:06,255 [INFO]     Scanning NSE:MFSL-EQ (5min) | Range 13:00-14:00 | Price=1579.10 > VAH=1590.30? | CVD=53887 > Ref=2550? | POC=1581.00 | VAL=1579.45
2026-01-27 14:01:06,313 [INFO]     Scanning NSE:LODHA-EQ (5min) | Range 09:35-10:35 | Price=895.60 > VAH=874.35? | CVD=563160 > Ref=44807? | POC=874.35 | VAL=868.55
2026-01-27 14:01:06,400 [INFO]     Scanning NSE:KPITTECH-EQ (5min) | Range 13:00-14:00 | Price=1093.70 > VAH=1100.00? | CVD=124994 > Ref=11686? | POC=1098.90 | VAL=1093.40
2026-01-27 14:01:06,439 [INFO]     Scanning NSE:HDFCLIFE-EQ (5min) | Range 09:35-10:35 | Price=715.40 > VAH=714.50? | CVD=-90062 > Ref=17111? | POC=713.50 | VAL=712.50
2026-01-27 14:01:06,522 [INFO]     Scanning NSE:LODHA-EQ (5min) | Range 13:00-14:00 | Price=895.60 > VAH=890.40? | CVD=563160 > Ref=44807? | POC=889.20 | VAL=886.80
2026-01-27 14:01:06,547 [INFO]     Scanning NSE:INDHOTEL-EQ (5min) | Range 09:35-10:35 | Price=644.60 > VAH=641.90? | CVD=-287898 > Ref=64541? | POC=641.20 | VAL=640.50
2026-01-27 14:01:06,638 [INFO]     Scanning NSE:INDHOTEL-EQ (5min) | Range 13:00-14:00 | Price=644.60 > VAH=644.80? | CVD=-287898 > Ref=64541? | POC=644.00 | VAL=643.80
2026-01-27 14:01:06,669 [INFO]     Scanning NSE:ICICIPRULI-EQ (5min) | Range 09:35-10:35 | Price=638.75 > VAH=640.50? | CVD=-7321 > Ref=24713? | POC=640.50 | VAL=634.90
2026-01-27 14:01:06,767 [INFO]     Scanning NSE:ICICIPRULI-EQ (5min) | Range 13:00-14:00 | Price=638.75 > VAH=639.45? | CVD=-7321 > Ref=24713? | POC=638.10 | VAL=638.10
2026-01-27 14:01:06,786 [INFO]     Scanning NSE:CONCOR-EQ (5min) | Range 09:35-10:35 | Price=480.00 > VAH=480.90? | CVD=141843 > Ref=15532? | POC=480.20 | VAL=474.60
2026-01-27 14:01:06,880 [INFO]     Scanning NSE:CONCOR-EQ (5min) | Range 13:00-14:00 | Price=480.00 > VAH=480.00? | CVD=141843 > Ref=15532? | POC=479.70 | VAL=478.80
2026-01-27 14:01:06,915 [INFO]     Scanning NSE:NYKAA-EQ (5min) | Range 09:35-10:35 | Price=233.65 > VAH=236.50? | CVD=329602 > Ref=106592? | POC=235.25 | VAL=235.25
2026-01-27 14:01:07,031 [INFO]     Scanning NSE:NYKAA-EQ (5min) | Range 13:00-14:00 | Price=233.65 > VAH=234.30? | CVD=329602 > Ref=106592? | POC=234.00 | VAL=233.85
2026-01-27 14:01:07,069 [INFO]     Scanning NSE:INOXWIND-EQ (5min) | Range 09:35-10:35 | Price=103.49 > VAH=103.50? | CVD=-119888 > Ref=42362? | POC=103.40 | VAL=102.90
2026-01-27 14:01:07,171 [INFO]     Scanning NSE:NBCC-EQ (5min) | Range 09:35-10:35 | Price=94.94 > VAH=95.75? | CVD=373678 > Ref=195713? | POC=95.70 | VAL=95.40
2026-01-27 14:01:07,203 [INFO]     Scanning NSE:ASHOKLEY-EQ (5min) | Range 13:00-14:00 | Price=190.18 > VAH=191.10? | CVD=-23602 > Ref=312825? | POC=189.90 | VAL=189.75
2026-01-27 14:01:07,300 [INFO]     Scanning NSE:IEX-EQ (5min) | Range 13:00-14:00 | Price=126.31 > VAH=126.75? | CVD=413042 > Ref=0? | POC=126.30 | VAL=126.15
2026-01-27 14:01:07,385 [INFO]     Scanning NSE:NBCC-EQ (5min) | Range 13:00-14:00 | Price=94.94 > VAH=95.20? | CVD=373678 > Ref=195713? | POC=95.10 | VAL=94.90
2026-01-27 14:02:07,173 [INFO] 🔍 Scanning for alerts on 11 symbols (5min)...
2026-01-27 14:02:07,301 [INFO]     Scanning NSE:AMBER-EQ (5min) | Range 09:35-10:35 | Price=5422.50 > VAH=5468.40? | CVD=-29494 > Ref=0? | POC=5459.10 | VAL=5412.60
2026-01-27 14:02:07,383 [INFO]     Scanning NSE:MFSL-EQ (5min) | Range 09:35-10:35 | Price=1579.80 > VAH=1593.60? | CVD=54575 > Ref=2550? | POC=1590.00 | VAL=1587.60
2026-01-27 14:02:07,387 [INFO] 🔍 Scanning for alerts on 10 symbols (5min)...
2026-01-27 14:02:07,505 [INFO]     Scanning NSE:KPITTECH-EQ (5min) | Range 09:35-10:35 | Price=1093.60 > VAH=1112.25? | CVD=124311 > Ref=11686? | POC=1111.50 | VAL=1110.00
2026-01-27 14:02:07,513 [INFO]     Scanning NSE:MFSL-EQ (5min) | Range 13:00-14:00 | Price=1579.80 > VAH=1590.30? | CVD=54575 > Ref=2550? | POC=1581.00 | VAL=1579.45
2026-01-27 14:02:07,619 [INFO]     Scanning NSE:LODHA-EQ (5min) | Range 09:35-10:35 | Price=895.10 > VAH=874.35? | CVD=560924 > Ref=44807? | POC=874.35 | VAL=868.55
2026-01-27 14:02:07,670 [INFO]     Scanning NSE:KPITTECH-EQ (5min) | Range 13:00-14:00 | Price=1093.60 > VAH=1100.00? | CVD=124311 > Ref=11686? | POC=1098.90 | VAL=1093.40
2026-01-27 14:02:07,711 [INFO]     Scanning NSE:HDFCLIFE-EQ (5min) | Range 09:35-10:35 | Price=715.90 > VAH=714.50? | CVD=-83550 > Ref=17111? | POC=713.50 | VAL=712.50
2026-01-27 14:02:07,792 [INFO]     Scanning NSE:LODHA-EQ (5min) | Range 13:00-14:00 | Price=895.10 > VAH=890.40? | CVD=560924 > Ref=44807? | POC=889.20 | VAL=886.80
2026-01-27 14:02:07,838 [INFO]     Scanning NSE:INDHOTEL-EQ (5min) | Range 09:35-10:35 | Price=644.35 > VAH=641.90? | CVD=-295916 > Ref=64541? | POC=641.20 | VAL=640.50
2026-01-27 14:02:07,916 [INFO]     Scanning NSE:INDHOTEL-EQ (5min) | Range 13:00-14:00 | Price=644.35 > VAH=644.80? | CVD=-295916 > Ref=64541? | POC=644.00 | VAL=643.80
2026-01-27 14:02:07,972 [INFO]     Scanning NSE:ICICIPRULI-EQ (5min) | Range 09:35-10:35 | Price=639.20 > VAH=640.50? | CVD=-4187 > Ref=24713? | POC=640.50 | VAL=634.90
2026-01-27 14:02:08,045 [INFO]     Scanning NSE:ICICIPRULI-EQ (5min) | Range 13:00-14:00 | Price=639.20 > VAH=639.45? | CVD=-4187 > Ref=24713? | POC=638.10 | VAL=638.10
2026-01-27 14:02:08,098 [INFO]     Scanning NSE:CONCOR-EQ (5min) | Range 09:35-10:35 | Price=479.95 > VAH=480.90? | CVD=137793 > Ref=15532? | POC=480.20 | VAL=474.60
2026-01-27 14:02:08,160 [INFO]     Scanning NSE:CONCOR-EQ (5min) | Range 13:00-14:00 | Price=479.95 > VAH=480.00? | CVD=137793 > Ref=15532? | POC=479.70 | VAL=478.80
2026-01-27 14:02:08,232 [INFO]     Scanning NSE:NYKAA-EQ (5min) | Range 09:35-10:35 | Price=233.55 > VAH=236.50? | CVD=320780 > Ref=106592? | POC=235.25 | VAL=235.25
2026-01-27 14:02:08,276 [INFO]     Scanning NSE:NYKAA-EQ (5min) | Range 13:00-14:00 | Price=233.55 > VAH=234.30? | CVD=320780 > Ref=106592? | POC=234.00 | VAL=233.85
2026-01-27 14:02:08,337 [INFO]     Scanning NSE:INOXWIND-EQ (5min) | Range 09:35-10:35 | Price=103.45 > VAH=103.50? | CVD=-229142 > Ref=42362? | POC=103.40 | VAL=102.90
2026-01-27 14:02:08,423 [INFO]     Scanning NSE:NBCC-EQ (5min) | Range 09:35-10:35 | Price=94.91 > VAH=95.75? | CVD=364923 > Ref=195713? | POC=95.70 | VAL=95.40
2026-01-27 14:02:08,447 [INFO]     Scanning NSE:ASHOKLEY-EQ (5min) | Range 13:00-14:00 | Price=190.00 > VAH=191.10? | CVD=-58516 > Ref=312825? | POC=189.90 | VAL=189.75
2026-01-27 14:02:08,572 [INFO]     Scanning NSE:IEX-EQ (5min) | Range 13:00-14:00 | Price=126.25 > VAH=126.75? | CVD=384615 > Ref=0? | POC=126.30 | VAL=126.15
2026-01-27 14:02:08,694 [INFO]     Scanning NSE:NBCC-EQ (5min) | Range 13:00-14:00 | Price=94.91 > VAH=95.20? | CVD=364923 > Ref=195713? | POC=95.10 | VAL=94.90
2026-01-27 14:03:08,424 [INFO] 🔍 Scanning for alerts on 11 symbols (5min)...
2026-01-27 14:03:08,548 [INFO]     Scanning NSE:AMBER-EQ (5min) | Range 09:35-10:35 | Price=5416.00 > VAH=5468.40? | CVD=-30124 > Ref=0? | POC=5459.10 | VAL=5412.60
2026-01-27 14:03:08,665 [INFO]     Scanning NSE:MFSL-EQ (5min) | Range 09:35-10:35 | Price=1578.90 > VAH=1593.60? | CVD=54139 > Ref=2550? | POC=1590.00 | VAL=1587.60
2026-01-27 14:03:08,696 [INFO] 🔍 Scanning for alerts on 10 symbols (5min)...
2026-01-27 14:03:08,809 [INFO]     Scanning NSE:MFSL-EQ (5min) | Range 13:00-14:00 | Price=1578.90 > VAH=1590.30? | CVD=54139 > Ref=2550? | POC=1581.00 | VAL=1579.45
2026-01-27 14:03:08,826 [INFO]     Scanning NSE:KPITTECH-EQ (5min) | Range 09:35-10:35 | Price=1093.00 > VAH=1112.25? | CVD=123548 > Ref=11686? | POC=1111.50 | VAL=1110.00
2026-01-27 14:03:08,910 [INFO]     Scanning NSE:KPITTECH-EQ (5min) | Range 13:00-14:00 | Price=1093.00 > VAH=1100.00? | CVD=123548 > Ref=11686? | POC=1098.90 | VAL=1093.40
2026-01-27 14:03:08,951 [INFO]     Scanning NSE:LODHA-EQ (5min) | Range 09:35-10:35 | Price=894.30 > VAH=874.35? | CVD=557375 > Ref=44807? | POC=874.35 | VAL=868.55
2026-01-27 14:03:09,041 [INFO]     Scanning NSE:LODHA-EQ (5min) | Range 13:00-14:00 | Price=894.30 > VAH=890.40? | CVD=557375 > Ref=44807? | POC=889.20 | VAL=886.80
2026-01-27 14:03:09,076 [INFO]     Scanning NSE:HDFCLIFE-EQ (5min) | Range 09:35-10:35 | Price=715.30 > VAH=714.50? | CVD=-85165 > Ref=17111? | POC=713.50 | VAL=712.50
2026-01-27 14:03:09,155 [INFO]     Scanning NSE:INDHOTEL-EQ (5min) | Range 13:00-14:00 | Price=644.20 > VAH=644.80? | CVD=-299084 > Ref=64541? | POC=644.00 | VAL=643.80
2026-01-27 14:03:09,162 [INFO]     Scanning NSE:INDHOTEL-EQ (5min) | Range 09:35-10:35 | Price=644.20 > VAH=641.90? | CVD=-299084 > Ref=64541? | POC=641.20 | VAL=640.50
2026-01-27 14:03:09,260 [INFO]     Scanning NSE:ICICIPRULI-EQ (5min) | Range 13:00-14:00 | Price=638.50 > VAH=639.45? | CVD=-6783 > Ref=24713? | POC=638.10 | VAL=638.10
2026-01-27 14:03:09,289 [INFO]     Scanning NSE:ICICIPRULI-EQ (5min) | Range 09:35-10:35 | Price=638.50 > VAH=640.50? | CVD=-6783 > Ref=24713? | POC=640.50 | VAL=634.90
2026-01-27 14:03:09,392 [INFO]     Scanning NSE:CONCOR-EQ (5min) | Range 13:00-14:00 | Price=479.65 > VAH=480.00? | CVD=133743 > Ref=15532? | POC=479.70 | VAL=478.80
2026-01-27 14:03:09,430 [INFO]     Scanning NSE:CONCOR-EQ (5min) | Range 09:35-10:35 | Price=479.65 > VAH=480.90? | CVD=133743 > Ref=15532? | POC=480.20 | VAL=474.60
2026-01-27 14:03:09,503 [INFO]     Scanning NSE:NYKAA-EQ (5min) | Range 13:00-14:00 | Price=233.25 > VAH=234.30? | CVD=314455 > Ref=106592? | POC=234.00 | VAL=233.85
2026-01-27 14:03:09,542 [INFO]     Scanning NSE:NYKAA-EQ (5min) | Range 09:35-10:35 | Price=233.25 > VAH=236.50? | CVD=314455 > Ref=106592? | POC=235.25 | VAL=235.25
2026-01-27 14:03:09,629 [INFO]     Scanning NSE:INOXWIND-EQ (5min) | Range 09:35-10:35 | Price=103.46 > VAH=103.50? | CVD=-70764 > Ref=42362? | POC=103.40 | VAL=102.90
2026-01-27 14:03:09,650 [INFO]     Scanning NSE:ASHOKLEY-EQ (5min) | Range 13:00-14:00 | Price=189.77 > VAH=191.10? | CVD=-157862 > Ref=312825? | POC=189.90 | VAL=189.75
2026-01-27 14:03:09,748 [INFO]     Scanning NSE:NBCC-EQ (5min) | Range 09:35-10:35 | Price=94.84 > VAH=95.75? | CVD=357045 > Ref=195713? | POC=95.70 | VAL=95.40
2026-01-27 14:03:09,776 [INFO]     Scanning NSE:IEX-EQ (5min) | Range 13:00-14:00 | Price=126.28 > VAH=126.75? | CVD=365655 > Ref=0? | POC=126.30 | VAL=126.15
2026-01-27 14:03:09,865 [INFO]     Scanning NSE:NBCC-EQ (5min) | Range 13:00-14:00 | Price=94.84 > VAH=95.20? | CVD=357045 > Ref=195713? | POC=95.10 | VAL=94.90
2026-01-27 14:04:09,750 [INFO] 🔍 Scanning for alerts on 11 symbols (5min)...
2026-01-27 14:04:09,867 [INFO] 🔍 Scanning for alerts on 10 symbols (5min)...
2026-01-27 14:04:09,882 [INFO] 🚀 [STRATEGY ALERT] NSE:AMBER-EQ (5min) triggered at 14:00!
2026-01-27 14:04:09,883 [INFO]     ✅ Price: 5412.00 < FRVP VAL: 5412.60
2026-01-27 14:04:09,883 [INFO]     ✅ CVD:   -30750 < CVD Ref:  0
2026-01-27 14:04:09,884 [INFO]     ℹ️  FRVP Info: POC=5459.10, VAL=5412.60
2026-01-27 14:04:09,885 [INFO]     Scanning NSE:AMBER-EQ (5min) | Range 09:35-10:35 | Price=5412.00 > VAH=5468.40? | CVD=-30750 > Ref=0? | POC=5459.10 | VAL=5412.60
2026-01-27 14:04:10,017 [INFO]     Scanning NSE:MFSL-EQ (5min) | Range 13:00-14:00 | Price=1578.80 > VAH=1590.30? | CVD=52099 > Ref=2550? | POC=1581.00 | VAL=1579.45
2026-01-27 14:04:10,045 [INFO]     Scanning NSE:MFSL-EQ (5min) | Range 09:35-10:35 | Price=1578.80 > VAH=1593.60? | CVD=52099 > Ref=2550? | POC=1590.00 | VAL=1587.60
2026-01-27 14:04:10,112 [INFO]     Scanning NSE:KPITTECH-EQ (5min) | Range 13:00-14:00 | Price=1093.70 > VAH=1100.00? | CVD=123980 > Ref=11686? | POC=1098.90 | VAL=1093.40
2026-01-27 14:04:10,153 [INFO]     Scanning NSE:KPITTECH-EQ (5min) | Range 09:35-10:35 | Price=1093.70 > VAH=1112.25? | CVD=123980 > Ref=11686? | POC=1111.50 | VAL=1110.00
2026-01-27 14:04:10,247 [INFO]     Scanning NSE:LODHA-EQ (5min) | Range 09:35-10:35 | Price=894.70 > VAH=874.35? | CVD=560711 > Ref=44807? | POC=874.35 | VAL=868.55
2026-01-27 14:04:10,272 [INFO]     Scanning NSE:LODHA-EQ (5min) | Range 13:00-14:00 | Price=894.70 > VAH=890.40? | CVD=560711 > Ref=44807? | POC=889.20 | VAL=886.80
2026-01-27 14:04:10,353 [INFO]     Scanning NSE:HDFCLIFE-EQ (5min) | Range 09:35-10:35 | Price=715.35 > VAH=714.50? | CVD=-82988 > Ref=17111? | POC=713.50 | VAL=712.50
2026-01-27 14:04:10,387 [INFO]     Scanning NSE:INDHOTEL-EQ (5min) | Range 13:00-14:00 | Price=644.10 > VAH=644.80? | CVD=-301770 > Ref=64541? | POC=644.00 | VAL=643.80
2026-01-27 14:04:10,459 [INFO]     Scanning NSE:INDHOTEL-EQ (5min) | Range 09:35-10:35 | Price=644.10 > VAH=641.90? | CVD=-301770 > Ref=64541? | POC=641.20 | VAL=640.50
2026-01-27 14:04:10,515 [INFO]     Scanning NSE:ICICIPRULI-EQ (5min) | Range 13:00-14:00 | Price=638.85 > VAH=639.45? | CVD=-1813 > Ref=24713? | POC=638.10 | VAL=638.10
2026-01-27 14:04:10,564 [INFO]     Scanning NSE:ICICIPRULI-EQ (5min) | Range 09:35-10:35 | Price=638.85 > VAH=640.50? | CVD=-1813 > Ref=24713? | POC=640.50 | VAL=634.90
2026-01-27 14:04:10,635 [INFO]     Scanning NSE:CONCOR-EQ (5min) | Range 13:00-14:00 | Price=479.75 > VAH=480.00? | CVD=134953 > Ref=15532? | POC=479.70 | VAL=478.80
2026-01-27 14:04:10,701 [INFO]     Scanning NSE:CONCOR-EQ (5min) | Range 09:35-10:35 | Price=479.75 > VAH=480.90? | CVD=134953 > Ref=15532? | POC=480.20 | VAL=474.60
2026-01-27 14:04:10,748 [INFO]     Scanning NSE:NYKAA-EQ (5min) | Range 13:00-14:00 | Price=233.40 > VAH=234.30? | CVD=318284 > Ref=106592? | POC=234.00 | VAL=233.85
2026-01-27 14:04:10,847 [INFO]     Scanning NSE:NYKAA-EQ (5min) | Range 09:35-10:35 | Price=233.40 > VAH=236.50? | CVD=318284 > Ref=106592? | POC=235.25 | VAL=235.25
2026-01-27 14:04:10,909 [INFO] 🚀 [STRATEGY ALERT] NSE:ASHOKLEY-EQ (5min) triggered at 14:00!
2026-01-27 14:04:10,910 [INFO]     ✅ Price: 189.70 < FRVP VAL: 189.75
2026-01-27 14:04:10,910 [INFO]     ✅ CVD:   -195186 < CVD Ref:  312825
2026-01-27 14:04:10,910 [INFO]     ℹ️  FRVP Info: POC=189.90, VAL=189.75
2026-01-27 14:04:10,911 [INFO]     Scanning NSE:ASHOKLEY-EQ (5min) | Range 13:00-14:00 | Price=189.70 > VAH=191.10? | CVD=-195186 > Ref=312825? | POC=189.90 | VAL=189.75
2026-01-27 14:04:10,982 [INFO]     Scanning NSE:INOXWIND-EQ (5min) | Range 09:35-10:35 | Price=103.48 > VAH=103.50? | CVD=-62318 > Ref=42362? | POC=103.40 | VAL=102.90
2026-01-27 14:04:11,055 [INFO]     Scanning NSE:IEX-EQ (5min) | Range 13:00-14:00 | Price=126.39 > VAH=126.75? | CVD=401200 > Ref=0? | POC=126.30 | VAL=126.15
2026-01-27 14:04:11,073 [INFO]     Scanning NSE:NBCC-EQ (5min) | Range 09:35-10:35 | Price=94.89 > VAH=95.75? | CVD=370762 > Ref=195713? | POC=95.70 | VAL=95.40
2026-01-27 14:04:11,157 [INFO]     Scanning NSE:NBCC-EQ (5min) | Range 13:00-14:00 | Price=94.89 > VAH=95.20? | CVD=370762 > Ref=195713? | POC=95.10 | VAL=94.90
2026-01-27 14:05:11,074 [INFO] 🔍 Scanning for alerts on 10 symbols (5min)...
2026-01-27 14:05:11,158 [INFO] 🔍 Scanning for alerts on 9 symbols (5min)...
2026-01-27 14:05:11,217 [INFO]     Scanning NSE:MFSL-EQ (5min) | Range 09:35-10:35 | Price=1578.50 > VAH=1593.60? | CVD=51550 > Ref=2550? | POC=1590.00 | VAL=1587.60
2026-01-27 14:05:11,303 [INFO]     Scanning NSE:MFSL-EQ (5min) | Range 13:00-14:00 | Price=1578.50 > VAH=1590.30? | CVD=51550 > Ref=2550? | POC=1581.00 | VAL=1579.45
2026-01-27 14:05:11,361 [INFO]     Scanning NSE:KPITTECH-EQ (5min) | Range 09:35-10:35 | Price=1092.90 > VAH=1112.25? | CVD=122744 > Ref=11686? | POC=1111.50 | VAL=1110.00
2026-01-27 14:05:11,440 [INFO]     Scanning NSE:KPITTECH-EQ (5min) | Range 13:00-14:00 | Price=1092.90 > VAH=1100.00? | CVD=122744 > Ref=11686? | POC=1098.90 | VAL=1093.40
2026-01-27 14:05:11,484 [INFO]     Scanning NSE:LODHA-EQ (5min) | Range 09:35-10:35 | Price=893.90 > VAH=874.35? | CVD=555790 > Ref=44807? | POC=874.35 | VAL=868.55
2026-01-27 14:05:11,527 [INFO]     Scanning NSE:LODHA-EQ (5min) | Range 13:00-14:00 | Price=893.90 > VAH=890.40? | CVD=555790 > Ref=44807? | POC=889.20 | VAL=886.80
2026-01-27 14:05:11,585 [INFO]     Scanning NSE:HDFCLIFE-EQ (5min) | Range 09:35-10:35 | Price=715.00 > VAH=714.50? | CVD=-84582 > Ref=17111? | POC=713.50 | VAL=712.50
2026-01-27 14:05:11,664 [INFO] 🚀 [STRATEGY ALERT] NSE:INDHOTEL-EQ (5min) triggered at 14:00!
2026-01-27 14:05:11,665 [INFO]     ✅ Price: 643.80 < FRVP VAL: 643.80
2026-01-27 14:05:11,665 [INFO]     ✅ CVD:   -313999 < CVD Ref:  64541
2026-01-27 14:05:11,665 [INFO]     ℹ️  FRVP Info: POC=644.00, VAL=643.80
2026-01-27 14:05:11,666 [INFO]     Scanning NSE:INDHOTEL-EQ (5min) | Range 13:00-14:00 | Price=643.80 > VAH=644.80? | CVD=-313999 > Ref=64541? | POC=644.00 | VAL=643.80
2026-01-27 14:05:11,732 [INFO]     Scanning NSE:INDHOTEL-EQ (5min) | Range 09:35-10:35 | Price=643.80 > VAH=641.90? | CVD=-313999 > Ref=64541? | POC=641.20 | VAL=640.50
2026-01-27 14:05:11,781 [INFO]     Scanning NSE:ICICIPRULI-EQ (5min) | Range 13:00-14:00 | Price=638.50 > VAH=639.45? | CVD=-4750 > Ref=24713? | POC=638.10 | VAL=638.10
2026-01-27 14:05:11,834 [INFO]     Scanning NSE:ICICIPRULI-EQ (5min) | Range 09:35-10:35 | Price=638.50 > VAH=640.50? | CVD=-4750 > Ref=24713? | POC=640.50 | VAL=634.90
2026-01-27 14:05:11,896 [INFO]     Scanning NSE:CONCOR-EQ (5min) | Range 13:00-14:00 | Price=479.75 > VAH=480.00? | CVD=136055 > Ref=15532? | POC=479.70 | VAL=478.80
2026-01-27 14:05:11,954 [INFO]     Scanning NSE:CONCOR-EQ (5min) | Range 09:35-10:35 | Price=479.75 > VAH=480.90? | CVD=136055 > Ref=15532? | POC=480.20 | VAL=474.60
2026-01-27 14:05:12,037 [INFO]     Scanning NSE:NYKAA-EQ (5min) | Range 13:00-14:00 | Price=233.35 > VAH=234.30? | CVD=313197 > Ref=106592? | POC=234.00 | VAL=233.85
2026-01-27 14:05:12,074 [INFO]     Scanning NSE:NYKAA-EQ (5min) | Range 09:35-10:35 | Price=233.35 > VAH=236.50? | CVD=313197 > Ref=106592? | POC=235.25 | VAL=235.25
2026-01-27 14:05:12,175 [INFO]     Scanning NSE:IEX-EQ (5min) | Range 13:00-14:00 | Price=126.37 > VAH=126.75? | CVD=378734 > Ref=0? | POC=126.30 | VAL=126.15
2026-01-27 14:05:12,217 [INFO]     Scanning NSE:INOXWIND-EQ (5min) | Range 09:35-10:35 | Price=103.45 > VAH=103.50? | CVD=-76013 > Ref=42362? | POC=103.40 | VAL=102.90
2026-01-27 14:05:12,281 [INFO]     Scanning NSE:NBCC-EQ (5min) | Range 13:00-14:00 | Price=94.83 > VAH=95.20? | CVD=360490 > Ref=195713? | POC=95.10 | VAL=94.90
2026-01-27 14:05:12,364 [INFO]     Scanning NSE:NBCC-EQ (5min) | Range 09:35-10:35 | Price=94.83 > VAH=95.75? | CVD=360490 > Ref=195713? | POC=95.70 | VAL=95.40
2026-01-27 14:06:12,282 [INFO] 🔍 Scanning for alerts on 8 symbols (5min)...
2026-01-27 14:06:12,366 [INFO] 🔍 Scanning for alerts on 10 symbols (5min)...
2026-01-27 14:06:12,425 [INFO]     Scanning NSE:MFSL-EQ (5min) | Range 13:00-14:00 | Price=1578.10 > VAH=1590.30? | CVD=51269 > Ref=2550? | POC=1581.00 | VAL=1579.45
2026-01-27 14:06:12,493 [INFO]     Scanning NSE:MFSL-EQ (5min) | Range 09:35-10:35 | Price=1578.10 > VAH=1593.60? | CVD=51269 > Ref=2550? | POC=1590.00 | VAL=1587.60
2026-01-27 14:06:12,554 [INFO]     Scanning NSE:KPITTECH-EQ (5min) | Range 13:00-14:00 | Price=1092.60 > VAH=1100.00? | CVD=122550 > Ref=11686? | POC=1098.90 | VAL=1093.40
2026-01-27 14:06:12,624 [INFO]     Scanning NSE:KPITTECH-EQ (5min) | Range 09:35-10:35 | Price=1092.60 > VAH=1112.25? | CVD=122550 > Ref=11686? | POC=1111.50 | VAL=1110.00
2026-01-27 14:06:12,695 [INFO]     Scanning NSE:LODHA-EQ (5min) | Range 13:00-14:00 | Price=893.00 > VAH=890.40? | CVD=553390 > Ref=44807? | POC=889.20 | VAL=886.80
2026-01-27 14:06:12,726 [INFO]     Scanning NSE:LODHA-EQ (5min) | Range 09:35-10:35 | Price=893.00 > VAH=874.35? | CVD=553390 > Ref=44807? | POC=874.35 | VAL=868.55
2026-01-27 14:06:12,807 [INFO]     Scanning NSE:ICICIPRULI-EQ (5min) | Range 13:00-14:00 | Price=638.55 > VAH=639.45? | CVD=10484 > Ref=24713? | POC=638.10 | VAL=638.10
2026-01-27 14:06:12,850 [INFO]     Scanning NSE:HDFCLIFE-EQ (5min) | Range 09:35-10:35 | Price=714.95 > VAH=714.50? | CVD=-89781 > Ref=17111? | POC=713.50 | VAL=712.50
2026-01-27 14:06:12,936 [INFO]     Scanning NSE:INDHOTEL-EQ (5min) | Range 09:35-10:35 | Price=643.70 > VAH=641.90? | CVD=-315015 > Ref=64541? | POC=641.20 | VAL=640.50
2026-01-27 14:06:12,944 [INFO]     Scanning NSE:CONCOR-EQ (5min) | Range 13:00-14:00 | Price=479.60 > VAH=480.00? | CVD=134903 > Ref=15532? | POC=479.70 | VAL=478.80
2026-01-27 14:06:13,025 [INFO]     Scanning NSE:ICICIPRULI-EQ (5min) | Range 09:35-10:35 | Price=638.55 > VAH=640.50? | CVD=10484 > Ref=24713? | POC=640.50 | VAL=634.90
2026-01-27 14:06:13,089 [INFO]     Scanning NSE:NYKAA-EQ (5min) | Range 13:00-14:00 | Price=233.20 > VAH=234.30? | CVD=304011 > Ref=106592? | POC=234.00 | VAL=233.85
2026-01-27 14:06:13,125 [INFO]     Scanning NSE:CONCOR-EQ (5min) | Range 09:35-10:35 | Price=479.60 > VAH=480.90? | CVD=134903 > Ref=15532? | POC=480.20 | VAL=474.60
2026-01-27 14:06:13,223 [INFO]     Scanning NSE:IEX-EQ (5min) | Range 13:00-14:00 | Price=126.31 > VAH=126.75? | CVD=352426 > Ref=0? | POC=126.30 | VAL=126.15
2026-01-27 14:06:13,257 [INFO]     Scanning NSE:NYKAA-EQ (5min) | Range 09:35-10:35 | Price=233.20 > VAH=236.50? | CVD=304011 > Ref=106592? | POC=235.25 | VAL=235.25
2026-01-27 14:06:13,360 [INFO]     Scanning NSE:NBCC-EQ (5min) | Range 13:00-14:00 | Price=94.83 > VAH=95.20? | CVD=344352 > Ref=195713? | POC=95.10 | VAL=94.90
2026-01-27 14:06:13,382 [INFO]     Scanning NSE:INOXWIND-EQ (5min) | Range 09:35-10:35 | Price=103.49 > VAH=103.50? | CVD=-72779 > Ref=42362? | POC=103.40 | VAL=102.90
2026-01-27 14:06:13,471 [INFO]     Scanning NSE:NBCC-EQ (5min) | Range 09:35-10:35 | Price=94.83 > VAH=95.75? | CVD=344352 > Ref=195713? | POC=95.70 | VAL=95.40
2026-01-27 14:07:13,362 [INFO] 🔍 Scanning for alerts on 8 symbols (5min)...
2026-01-27 14:07:13,472 [INFO] 🔍 Scanning for alerts on 10 symbols (5min)...
2026-01-27 14:07:13,493 [INFO]     Scanning NSE:MFSL-EQ (5min) | Range 13:00-14:00 | Price=1578.70 > VAH=1590.30? | CVD=52128 > Ref=2550? | POC=1581.00 | VAL=1579.45
2026-01-27 14:07:13,587 [INFO]     Scanning NSE:KPITTECH-EQ (5min) | Range 13:00-14:00 | Price=1093.20 > VAH=1100.00? | CVD=123256 > Ref=11686? | POC=1098.90 | VAL=1093.40
2026-01-27 14:07:13,620 [INFO]     Scanning NSE:MFSL-EQ (5min) | Range 09:35-10:35 | Price=1578.70 > VAH=1593.60? | CVD=52128 > Ref=2550? | POC=1590.00 | VAL=1587.60
2026-01-27 14:07:13,694 [INFO]     Scanning NSE:LODHA-EQ (5min) | Range 13:00-14:00 | Price=893.10 > VAH=890.40? | CVD=549447 > Ref=44807? | POC=889.20 | VAL=886.80
2026-01-27 14:07:13,744 [INFO]     Scanning NSE:KPITTECH-EQ (5min) | Range 09:35-10:35 | Price=1093.20 > VAH=1112.25? | CVD=123256 > Ref=11686? | POC=1111.50 | VAL=1110.00
2026-01-27 14:07:13,785 [INFO]     Scanning NSE:ICICIPRULI-EQ (5min) | Range 13:00-14:00 | Price=638.50 > VAH=639.45? | CVD=5240 > Ref=24713? | POC=638.10 | VAL=638.10
2026-01-27 14:07:13,878 [INFO]     Scanning NSE:CONCOR-EQ (5min) | Range 13:00-14:00 | Price=479.40 > VAH=480.00? | CVD=133288 > Ref=15532? | POC=479.70 | VAL=478.80
2026-01-27 14:07:13,880 [INFO]     Scanning NSE:LODHA-EQ (5min) | Range 09:35-10:35 | Price=893.10 > VAH=874.35? | CVD=549447 > Ref=44807? | POC=874.35 | VAL=868.55
2026-01-27 14:07:13,970 [INFO]     Scanning NSE:NYKAA-EQ (5min) | Range 13:00-14:00 | Price=233.35 > VAH=234.30? | CVD=307374 > Ref=106592? | POC=234.00 | VAL=233.85
2026-01-27 14:07:14,008 [INFO]     Scanning NSE:HDFCLIFE-EQ (5min) | Range 09:35-10:35 | Price=714.45 > VAH=714.50? | CVD=-98730 > Ref=17111? | POC=713.50 | VAL=712.50
2026-01-27 14:07:14,067 [INFO]     Scanning NSE:IEX-EQ (5min) | Range 13:00-14:00 | Price=126.33 > VAH=126.75? | CVD=362757 > Ref=0? | POC=126.30 | VAL=126.15
2026-01-27 14:07:14,120 [INFO]     Scanning NSE:INDHOTEL-EQ (5min) | Range 09:35-10:35 | Price=643.85 > VAH=641.90? | CVD=-308929 > Ref=64541? | POC=641.20 | VAL=640.50
2026-01-27 14:07:14,166 [INFO]     Scanning NSE:NBCC-EQ (5min) | Range 13:00-14:00 | Price=94.77 > VAH=95.20? | CVD=327926 > Ref=195713? | POC=95.10 | VAL=94.90
2026-01-27 14:07:14,229 [INFO]     Scanning NSE:ICICIPRULI-EQ (5min) | Range 09:35-10:35 | Price=638.50 > VAH=640.50? | CVD=5240 > Ref=24713? | POC=640.50 | VAL=634.90
2026-01-27 14:07:14,314 [INFO]     Scanning NSE:CONCOR-EQ (5min) | Range 09:35-10:35 | Price=479.40 > VAH=480.90? | CVD=133288 > Ref=15532? | POC=480.20 | VAL=474.60
2026-01-27 14:07:14,440 [INFO]     Scanning NSE:NYKAA-EQ (5min) | Range 09:35-10:35 | Price=233.35 > VAH=236.50? | CVD=307374 > Ref=106592? | POC=235.25 | VAL=235.25
2026-01-27 14:07:14,561 [INFO]     Scanning NSE:INOXWIND-EQ (5min) | Range 09:35-10:35 | Price=103.45 > VAH=103.50? | CVD=-87114 > Ref=42362? | POC=103.40 | VAL=102.90
2026-01-27 14:07:14,684 [INFO]     Scanning NSE:NBCC-EQ (5min) | Range 09:35-10:35 | Price=94.77 > VAH=95.75? | CVD=327926 > Ref=195713? | POC=95.70 | VAL=95.40
2026-01-27 14:08:14,167 [INFO] 🔍 Scanning for alerts on 8 symbols (5min)...
2026-01-27 14:08:14,313 [INFO]     Scanning NSE:MFSL-EQ (5min) | Range 13:00-14:00 | Price=1578.30 > VAH=1590.30? | CVD=51059 > Ref=2550? | POC=1581.00 | VAL=1579.45
2026-01-27 14:08:14,454 [INFO]     Scanning NSE:KPITTECH-EQ (5min) | Range 13:00-14:00 | Price=1093.70 > VAH=1100.00? | CVD=123574 > Ref=11686? | POC=1098.90 | VAL=1093.40
2026-01-27 14:08:14,580 [INFO]     Scanning NSE:LODHA-EQ (5min) | Range 13:00-14:00 | Price=893.60 > VAH=890.40? | CVD=554839 > Ref=44807? | POC=889.20 | VAL=886.80
2026-01-27 14:08:14,660 [INFO]     Scanning NSE:ICICIPRULI-EQ (5min) | Range 13:00-14:00 | Price=638.65 > VAH=639.45? | CVD=12065 > Ref=24713? | POC=638.10 | VAL=638.10
2026-01-27 14:08:14,685 [INFO] 🔍 Scanning for alerts on 10 symbols (5min)...
2026-01-27 14:08:14,770 [INFO]     Scanning NSE:CONCOR-EQ (5min) | Range 13:00-14:00 | Price=479.55 > VAH=480.00? | CVD=139507 > Ref=15532? | POC=479.70 | VAL=478.80
2026-01-27 14:08:14,825 [INFO]     Scanning NSE:MFSL-EQ (5min) | Range 09:35-10:35 | Price=1578.30 > VAH=1593.60? | CVD=51059 > Ref=2550? | POC=1590.00 | VAL=1587.60
2026-01-27 14:08:14,906 [INFO]     Scanning NSE:NYKAA-EQ (5min) | Range 13:00-14:00 | Price=233.55 > VAH=234.30? | CVD=320202 > Ref=106592? | POC=234.00 | VAL=233.85
2026-01-27 14:08:14,918 [INFO]     Scanning NSE:KPITTECH-EQ (5min) | Range 09:35-10:35 | Price=1093.70 > VAH=1112.25? | CVD=123574 > Ref=11686? | POC=1111.50 | VAL=1110.00
2026-01-27 14:08:15,009 [INFO]     Scanning NSE:IEX-EQ (5min) | Range 13:00-14:00 | Price=126.28 > VAH=126.75? | CVD=360423 > Ref=0? | POC=126.30 | VAL=126.15
2026-01-27 14:08:15,057 [INFO]     Scanning NSE:LODHA-EQ (5min) | Range 09:35-10:35 | Price=893.60 > VAH=874.35? | CVD=554839 > Ref=44807? | POC=874.35 | VAL=868.55
2026-01-27 14:08:15,112 [INFO]     Scanning NSE:NBCC-EQ (5min) | Range 13:00-14:00 | Price=94.89 > VAH=95.20? | CVD=341619 > Ref=195713? | POC=95.10 | VAL=94.90
2026-01-27 14:08:15,180 [INFO]     Scanning NSE:HDFCLIFE-EQ (5min) | Range 09:35-10:35 | Price=714.95 > VAH=714.50? | CVD=-96448 > Ref=17111? | POC=713.50 | VAL=712.50
2026-01-27 14:08:15,275 [INFO]     Scanning NSE:INDHOTEL-EQ (5min) | Range 09:35-10:35 | Price=644.10 > VAH=641.90? | CVD=-304367 > Ref=64541? | POC=641.20 | VAL=640.50
2026-01-27 14:08:15,377 [INFO]     Scanning NSE:ICICIPRULI-EQ (5min) | Range 09:35-10:35 | Price=638.65 > VAH=640.50? | CVD=12065 > Ref=24713? | POC=640.50 | VAL=634.90
2026-01-27 14:08:15,504 [INFO]     Scanning NSE:CONCOR-EQ (5min) | Range 09:35-10:35 | Price=479.55 > VAH=480.90? | CVD=139507 > Ref=15532? | POC=480.20 | VAL=474.60
2026-01-27 14:08:15,592 [INFO]     Scanning NSE:NYKAA-EQ (5min) | Range 09:35-10:35 | Price=233.55 > VAH=236.50? | CVD=320202 > Ref=106592? | POC=235.25 | VAL=235.25
2026-01-27 14:08:15,711 [INFO]     Scanning NSE:INOXWIND-EQ (5min) | Range 09:35-10:35 | Price=103.54 > VAH=103.50? | CVD=-73887 > Ref=42362? | POC=103.40 | VAL=102.90
2026-01-27 14:08:15,839 [INFO]     Scanning NSE:NBCC-EQ (5min) | Range 09:35-10:35 | Price=94.89 > VAH=95.75? | CVD=341619 > Ref=195713? | POC=95.70 | VAL=95.40
2026-01-27 14:09:15,113 [INFO] 🔍 Scanning for alerts on 8 symbols (5min)...
2026-01-27 14:09:15,257 [INFO]     Scanning NSE:MFSL-EQ (5min) | Range 13:00-14:00 | Price=1577.10 > VAH=1590.30? | CVD=50033 > Ref=2550? | POC=1581.00 | VAL=1579.45
2026-01-27 14:09:15,376 [INFO]     Scanning NSE:KPITTECH-EQ (5min) | Range 13:00-14:00 | Price=1093.50 > VAH=1100.00? | CVD=123167 > Ref=11686? | POC=1098.90 | VAL=1093.40
2026-01-27 14:09:15,499 [INFO]     Scanning NSE:LODHA-EQ (5min) | Range 13:00-14:00 | Price=892.80 > VAH=890.40? | CVD=549884 > Ref=44807? | POC=889.20 | VAL=886.80
2026-01-27 14:09:15,624 [INFO]     Scanning NSE:ICICIPRULI-EQ (5min) | Range 13:00-14:00 | Price=638.50 > VAH=639.45? | CVD=9902 > Ref=24713? | POC=638.10 | VAL=638.10
2026-01-27 14:09:15,748 [INFO]     Scanning NSE:CONCOR-EQ (5min) | Range 13:00-14:00 | Price=479.65 > VAH=480.00? | CVD=140365 > Ref=15532? | POC=479.70 | VAL=478.80
2026-01-27 14:09:15,841 [INFO] 🔍 Scanning for alerts on 10 symbols (5min)...
2026-01-27 14:09:15,901 [INFO]     Scanning NSE:NYKAA-EQ (5min) | Range 13:00-14:00 | Price=233.20 > VAH=234.30? | CVD=317374 > Ref=106592? | POC=234.00 | VAL=233.85
2026-01-27 14:09:15,958 [INFO]     Scanning NSE:MFSL-EQ (5min) | Range 09:35-10:35 | Price=1577.10 > VAH=1593.60? | CVD=50033 > Ref=2550? | POC=1590.00 | VAL=1587.60
2026-01-27 14:09:16,031 [INFO]     Scanning NSE:IEX-EQ (5min) | Range 13:00-14:00 | Price=126.26 > VAH=126.75? | CVD=357489 > Ref=0? | POC=126.30 | VAL=126.15
2026-01-27 14:09:16,101 [INFO]     Scanning NSE:KPITTECH-EQ (5min) | Range 09:35-10:35 | Price=1093.50 > VAH=1112.25? | CVD=123167 > Ref=11686? | POC=1111.50 | VAL=1110.00
2026-01-27 14:09:16,172 [INFO]     Scanning NSE:NBCC-EQ (5min) | Range 13:00-14:00 | Price=94.83 > VAH=95.20? | CVD=339136 > Ref=195713? | POC=95.10 | VAL=94.90
2026-01-27 14:09:16,206 [INFO]     Scanning NSE:LODHA-EQ (5min) | Range 09:35-10:35 | Price=892.80 > VAH=874.35? | CVD=549884 > Ref=44807? | POC=874.35 | VAL=868.55
2026-01-27 14:09:16,289 [INFO]     Scanning NSE:HDFCLIFE-EQ (5min) | Range 09:35-10:35 | Price=715.15 > VAH=714.50? | CVD=-93598 > Ref=17111? | POC=713.50 | VAL=712.50
2026-01-27 14:09:16,385 [INFO]     Scanning NSE:INDHOTEL-EQ (5min) | Range 09:35-10:35 | Price=643.90 > VAH=641.90? | CVD=-308406 > Ref=64541? | POC=641.20 | VAL=640.50
2026-01-27 14:09:16,510 [INFO]     Scanning NSE:ICICIPRULI-EQ (5min) | Range 09:35-10:35 | Price=638.50 > VAH=640.50? | CVD=9902 > Ref=24713? | POC=640.50 | VAL=634.90
2026-01-27 14:09:16,589 [INFO]     Scanning NSE:CONCOR-EQ (5min) | Range 09:35-10:35 | Price=479.65 > VAH=480.90? | CVD=140365 > Ref=15532? | POC=480.20 | VAL=474.60
2026-01-27 14:09:16,670 [INFO]     Scanning NSE:NYKAA-EQ (5min) | Range 09:35-10:35 | Price=233.20 > VAH=236.50? | CVD=317374 > Ref=106592? | POC=235.25 | VAL=235.25
2026-01-27 14:09:16,752 [INFO]     Scanning NSE:INOXWIND-EQ (5min) | Range 09:35-10:35 | Price=103.56 > VAH=103.50? | CVD=-70787 > Ref=42362? | POC=103.40 | VAL=102.90
2026-01-27 14:09:16,835 [INFO]     Scanning NSE:NBCC-EQ (5min) | Range 09:35-10:35 | Price=94.83 > VAH=95.75? | CVD=339136 > Ref=195713? | POC=95.70 | VAL=95.40
2026-01-27 14:10:16,174 [INFO] 🔍 Scanning for alerts on 8 symbols (5min)...
2026-01-27 14:10:16,301 [INFO]     Scanning NSE:MFSL-EQ (5min) | Range 13:00-14:00 | Price=1569.50 > VAH=1590.30? | CVD=17588 > Ref=2550? | POC=1581.00 | VAL=1579.45
2026-01-27 14:10:16,398 [INFO]     Scanning NSE:KPITTECH-EQ (5min) | Range 13:00-14:00 | Price=1093.60 > VAH=1100.00? | CVD=124780 > Ref=11686? | POC=1098.90 | VAL=1093.40
2026-01-27 14:10:16,488 [INFO]     Scanning NSE:LODHA-EQ (5min) | Range 13:00-14:00 | Price=894.90 > VAH=890.40? | CVD=561011 > Ref=44807? | POC=889.20 | VAL=886.80
2026-01-27 14:10:16,620 [INFO]     Scanning NSE:ICICIPRULI-EQ (5min) | Range 13:00-14:00 | Price=638.50 > VAH=639.45? | CVD=7307 > Ref=24713? | POC=638.10 | VAL=638.10
2026-01-27 14:10:16,700 [INFO]     Scanning NSE:CONCOR-EQ (5min) | Range 13:00-14:00 | Price=479.55 > VAH=480.00? | CVD=139895 > Ref=15532? | POC=479.70 | VAL=478.80
2026-01-27 14:10:16,787 [INFO]     Scanning NSE:NYKAA-EQ (5min) | Range 13:00-14:00 | Price=233.20 > VAH=234.30? | CVD=315267 > Ref=106592? | POC=234.00 | VAL=233.85
2026-01-27 14:10:16,837 [INFO] 🔍 Scanning for alerts on 10 symbols (5min)...
2026-01-27 14:10:16,919 [INFO]     Scanning NSE:IEX-EQ (5min) | Range 13:00-14:00 | Price=126.29 > VAH=126.75? | CVD=369914 > Ref=0? | POC=126.30 | VAL=126.15
2026-01-27 14:10:16,942 [INFO]     Scanning NSE:MFSL-EQ (5min) | Range 09:35-10:35 | Price=1569.50 > VAH=1593.60? | CVD=17588 > Ref=2550? | POC=1590.00 | VAL=1587.60
2026-01-27 14:10:17,032 [INFO]     Scanning NSE:NBCC-EQ (5min) | Range 13:00-14:00 | Price=94.75 > VAH=95.20? | CVD=337716 > Ref=195713? | POC=95.10 | VAL=94.90
2026-01-27 14:10:17,040 [INFO]     Scanning NSE:KPITTECH-EQ (5min) | Range 09:35-10:35 | Price=1093.60 > VAH=1112.25? | CVD=124780 > Ref=11686? | POC=1111.50 | VAL=1110.00
2026-01-27 14:10:17,142 [INFO]     Scanning NSE:LODHA-EQ (5min) | Range 09:35-10:35 | Price=894.90 > VAH=874.35? | CVD=561011 > Ref=44807? | POC=874.35 | VAL=868.55
2026-01-27 14:10:17,269 [INFO]     Scanning NSE:HDFCLIFE-EQ (5min) | Range 09:35-10:35 | Price=714.95 > VAH=714.50? | CVD=-96953 > Ref=17111? | POC=713.50 | VAL=712.50
2026-01-27 14:10:17,394 [INFO]     Scanning NSE:INDHOTEL-EQ (5min) | Range 09:35-10:35 | Price=643.60 > VAH=641.90? | CVD=-310623 > Ref=64541? | POC=641.20 | VAL=640.50
2026-01-27 14:10:17,509 [INFO]     Scanning NSE:ICICIPRULI-EQ (5min) | Range 09:35-10:35 | Price=638.50 > VAH=640.50? | CVD=7307 > Ref=24713? | POC=640.50 | VAL=634.90
2026-01-27 14:10:17,608 [INFO]     Scanning NSE:CONCOR-EQ (5min) | Range 09:35-10:35 | Price=479.55 > VAH=480.90? | CVD=139895 > Ref=15532? | POC=480.20 | VAL=474.60
2026-01-27 14:10:17,736 [INFO]     Scanning NSE:NYKAA-EQ (5min) | Range 09:35-10:35 | Price=233.20 > VAH=236.50? | CVD=315267 > Ref=106592? | POC=235.25 | VAL=235.25
2026-01-27 14:10:17,852 [INFO]     Scanning NSE:INOXWIND-EQ (5min) | Range 09:35-10:35 | Price=103.57 > VAH=103.50? | CVD=-70740 > Ref=42362? | POC=103.40 | VAL=102.90
2026-01-27 14:10:17,974 [INFO]     Scanning NSE:NBCC-EQ (5min) | Range 09:35-10:35 | Price=94.75 > VAH=95.75? | CVD=337716 > Ref=195713? | POC=95.70 | VAL=95.40
2026-01-27 14:11:17,033 [INFO] 🔍 Scanning for alerts on 8 symbols (5min)...
2026-01-27 14:11:17,164 [INFO] 🚀 [STRATEGY ALERT] NSE:MFSL-EQ (5min) triggered at 14:10!
2026-01-27 14:11:17,165 [INFO]     ✅ Price: 1570.20 < FRVP VAL: 1579.45
2026-01-27 14:11:17,165 [INFO]     ✅ CVD:   -40091 < CVD Ref:  2550
2026-01-27 14:11:17,166 [INFO]     ℹ️  FRVP Info: POC=1581.00, VAL=1579.45
2026-01-27 14:11:17,166 [INFO]     Scanning NSE:MFSL-EQ (5min) | Range 13:00-14:00 | Price=1570.20 > VAH=1590.30? | CVD=-40091 > Ref=2550? | POC=1581.00 | VAL=1579.45
2026-01-27 14:11:17,292 [INFO]     Scanning NSE:KPITTECH-EQ (5min) | Range 13:00-14:00 | Price=1094.10 > VAH=1100.00? | CVD=125111 > Ref=11686? | POC=1098.90 | VAL=1093.40
2026-01-27 14:11:17,417 [INFO]     Scanning NSE:LODHA-EQ (5min) | Range 13:00-14:00 | Price=895.00 > VAH=890.40? | CVD=564407 > Ref=44807? | POC=889.20 | VAL=886.80
2026-01-27 14:11:17,541 [INFO]     Scanning NSE:ICICIPRULI-EQ (5min) | Range 13:00-14:00 | Price=638.95 > VAH=639.45? | CVD=9873 > Ref=24713? | POC=638.10 | VAL=638.10
2026-01-27 14:11:17,622 [INFO]     Scanning NSE:CONCOR-EQ (5min) | Range 13:00-14:00 | Price=479.95 > VAH=480.00? | CVD=142301 > Ref=15532? | POC=479.70 | VAL=478.80
2026-01-27 14:11:17,748 [INFO]     Scanning NSE:NYKAA-EQ (5min) | Range 13:00-14:00 | Price=233.20 > VAH=234.30? | CVD=310090 > Ref=106592? | POC=234.00 | VAL=233.85
2026-01-27 14:11:17,874 [INFO]     Scanning NSE:IEX-EQ (5min) | Range 13:00-14:00 | Price=126.36 > VAH=126.75? | CVD=393443 > Ref=0? | POC=126.30 | VAL=126.15
2026-01-27 14:11:17,969 [INFO]     Scanning NSE:NBCC-EQ (5min) | Range 13:00-14:00 | Price=94.82 > VAH=95.20? | CVD=341816 > Ref=195713? | POC=95.10 | VAL=94.90
2026-01-27 14:11:17,975 [INFO] 🔍 Scanning for alerts on 10 symbols (5min)...
2026-01-27 14:11:18,094 [INFO] 🚀 [STRATEGY ALERT] NSE:MFSL-EQ (5min) triggered at 14:10!
2026-01-27 14:11:18,096 [INFO]     ✅ Price: 1570.20 < FRVP VAL: 1587.60
2026-01-27 14:11:18,096 [INFO]     ✅ CVD:   -40091 < CVD Ref:  2550
2026-01-27 14:11:18,096 [INFO]     ℹ️  FRVP Info: POC=1590.00, VAL=1587.60
2026-01-27 14:11:18,096 [INFO]     Scanning NSE:MFSL-EQ (5min) | Range 09:35-10:35 | Price=1570.20 > VAH=1593.60? | CVD=-40091 > Ref=2550? | POC=1590.00 | VAL=1587.60
2026-01-27 14:11:18,219 [INFO]     Scanning NSE:KPITTECH-EQ (5min) | Range 09:35-10:35 | Price=1094.10 > VAH=1112.25? | CVD=125111 > Ref=11686? | POC=1111.50 | VAL=1110.00
2026-01-27 14:11:18,302 [INFO]     Scanning NSE:LODHA-EQ (5min) | Range 09:35-10:35 | Price=895.00 > VAH=874.35? | CVD=564407 > Ref=44807? | POC=874.35 | VAL=868.55
2026-01-27 14:11:18,382 [INFO]     Scanning NSE:HDFCLIFE-EQ (5min) | Range 09:35-10:35 | Price=715.25 > VAH=714.50? | CVD=-94862 > Ref=17111? | POC=713.50 | VAL=712.50
2026-01-27 14:11:18,463 [INFO]     Scanning NSE:INDHOTEL-EQ (5min) | Range 09:35-10:35 | Price=643.85 > VAH=641.90? | CVD=-295060 > Ref=64541? | POC=641.20 | VAL=640.50
2026-01-27 14:11:18,554 [INFO]     Scanning NSE:ICICIPRULI-EQ (5min) | Range 09:35-10:35 | Price=638.95 > VAH=640.50? | CVD=9873 > Ref=24713? | POC=640.50 | VAL=634.90
2026-01-27 14:11:18,697 [INFO]     Scanning NSE:CONCOR-EQ (5min) | Range 09:35-10:35 | Price=479.95 > VAH=480.90? | CVD=142301 > Ref=15532? | POC=480.20 | VAL=474.60
2026-01-27 14:11:18,801 [INFO]     Scanning NSE:NYKAA-EQ (5min) | Range 09:35-10:35 | Price=233.20 > VAH=236.50? | CVD=310090 > Ref=106592? | POC=235.25 | VAL=235.25
2026-01-27 14:11:18,924 [INFO]     Scanning NSE:INOXWIND-EQ (5min) | Range 09:35-10:35 | Price=103.62 > VAH=103.50? | CVD=-36344 > Ref=42362? | POC=103.40 | VAL=102.90
2026-01-27 14:11:19,003 [INFO]     Scanning NSE:NBCC-EQ (5min) | Range 09:35-10:35 | Price=94.82 > VAH=95.75? | CVD=341816 > Ref=195713? | POC=95.70 | VAL=95.40
2026-01-27 14:12:17,970 [INFO] 🔍 Scanning for alerts on 7 symbols (5min)...
2026-01-27 14:12:18,092 [INFO]     Scanning NSE:KPITTECH-EQ (5min) | Range 13:00-14:00 | Price=1094.50 > VAH=1100.00? | CVD=125613 > Ref=11686? | POC=1098.90 | VAL=1093.40
2026-01-27 14:12:18,218 [INFO]     Scanning NSE:LODHA-EQ (5min) | Range 13:00-14:00 | Price=895.60 > VAH=890.40? | CVD=567210 > Ref=44807? | POC=889.20 | VAL=886.80
2026-01-27 14:12:18,302 [INFO]     Scanning NSE:ICICIPRULI-EQ (5min) | Range 13:00-14:00 | Price=638.70 > VAH=639.45? | CVD=7603 > Ref=24713? | POC=638.10 | VAL=638.10
2026-01-27 14:12:18,428 [INFO]     Scanning NSE:CONCOR-EQ (5min) | Range 13:00-14:00 | Price=480.00 > VAH=480.00? | CVD=145042 > Ref=15532? | POC=479.70 | VAL=478.80
2026-01-27 14:12:18,510 [INFO]     Scanning NSE:NYKAA-EQ (5min) | Range 13:00-14:00 | Price=233.25 > VAH=234.30? | CVD=314355 > Ref=106592? | POC=234.00 | VAL=233.85
2026-01-27 14:12:18,627 [INFO]     Scanning NSE:IEX-EQ (5min) | Range 13:00-14:00 | Price=126.40 > VAH=126.75? | CVD=428756 > Ref=0? | POC=126.30 | VAL=126.15
2026-01-27 14:12:18,734 [INFO]     Scanning NSE:NBCC-EQ (5min) | Range 13:00-14:00 | Price=94.82 > VAH=95.20? | CVD=360955 > Ref=195713? | POC=95.10 | VAL=94.90
2026-01-27 14:12:19,004 [INFO] 🔍 Scanning for alerts on 9 symbols (5min)...
2026-01-27 14:12:19,131 [INFO]     Scanning NSE:KPITTECH-EQ (5min) | Range 09:35-10:35 | Price=1094.50 > VAH=1112.25? | CVD=125613 > Ref=11686? | POC=1111.50 | VAL=1110.00
2026-01-27 14:12:19,255 [INFO]     Scanning NSE:LODHA-EQ (5min) | Range 09:35-10:35 | Price=895.60 > VAH=874.35? | CVD=567210 > Ref=44807? | POC=874.35 | VAL=868.55
2026-01-27 14:12:19,400 [INFO]     Scanning NSE:HDFCLIFE-EQ (5min) | Range 09:35-10:35 | Price=715.35 > VAH=714.50? | CVD=-96654 > Ref=17111? | POC=713.50 | VAL=712.50
2026-01-27 14:12:19,516 [INFO]     Scanning NSE:INDHOTEL-EQ (5min) | Range 09:35-10:35 | Price=643.80 > VAH=641.90? | CVD=-295512 > Ref=64541? | POC=641.20 | VAL=640.50
2026-01-27 14:12:19,652 [INFO]     Scanning NSE:ICICIPRULI-EQ (5min) | Range 09:35-10:35 | Price=638.70 > VAH=640.50? | CVD=7603 > Ref=24713? | POC=640.50 | VAL=634.90
2026-01-27 14:12:19,794 [INFO]     Scanning NSE:CONCOR-EQ (5min) | Range 09:35-10:35 | Price=480.00 > VAH=480.90? | CVD=145042 > Ref=15532? | POC=480.20 | VAL=474.60
2026-01-27 14:12:19,901 [INFO]     Scanning NSE:NYKAA-EQ (5min) | Range 09:35-10:35 | Price=233.25 > VAH=236.50? | CVD=314355 > Ref=106592? | POC=235.25 | VAL=235.25
2026-01-27 14:12:19,977 [INFO]     Scanning NSE:INOXWIND-EQ (5min) | Range 09:35-10:35 | Price=103.64 > VAH=103.50? | CVD=-54156 > Ref=42362? | POC=103.40 | VAL=102.90
2026-01-27 14:12:20,099 [INFO]     Scanning NSE:NBCC-EQ (5min) | Range 09:35-10:35 | Price=94.82 > VAH=95.75? | CVD=360955 > Ref=195713? | POC=95.70 | VAL=95.40
2026-01-27 14:13:18,735 [INFO] 🔍 Scanning for alerts on 7 symbols (5min)...
2026-01-27 14:13:18,870 [INFO]     Scanning NSE:KPITTECH-EQ (5min) | Range 13:00-14:00 | Price=1094.10 > VAH=1100.00? | CVD=125479 > Ref=11686? | POC=1098.90 | VAL=1093.40
2026-01-27 14:13:18,995 [INFO]     Scanning NSE:LODHA-EQ (5min) | Range 13:00-14:00 | Price=894.40 > VAH=890.40? | CVD=563721 > Ref=44807? | POC=889.20 | VAL=886.80
2026-01-27 14:13:19,119 [INFO]     Scanning NSE:ICICIPRULI-EQ (5min) | Range 13:00-14:00 | Price=638.65 > VAH=639.45? | CVD=4401 > Ref=24713? | POC=638.10 | VAL=638.10
2026-01-27 14:13:19,201 [INFO]     Scanning NSE:CONCOR-EQ (5min) | Range 13:00-14:00 | Price=479.85 > VAH=480.00? | CVD=141815 > Ref=15532? | POC=479.70 | VAL=478.80
2026-01-27 14:13:19,277 [INFO]     Scanning NSE:NYKAA-EQ (5min) | Range 13:00-14:00 | Price=233.20 > VAH=234.30? | CVD=311474 > Ref=106592? | POC=234.00 | VAL=233.85
2026-01-27 14:13:19,374 [INFO]     Scanning NSE:IEX-EQ (5min) | Range 13:00-14:00 | Price=126.49 > VAH=126.75? | CVD=447061 > Ref=0? | POC=126.30 | VAL=126.15
2026-01-27 14:13:19,455 [INFO]     Scanning NSE:NBCC-EQ (5min) | Range 13:00-14:00 | Price=94.77 > VAH=95.20? | CVD=350992 > Ref=195713? | POC=95.10 | VAL=94.90
2026-01-27 14:13:20,101 [INFO] 🔍 Scanning for alerts on 9 symbols (5min)...
2026-01-27 14:13:20,226 [INFO]     Scanning NSE:KPITTECH-EQ (5min) | Range 09:35-10:35 | Price=1094.10 > VAH=1112.25? | CVD=125479 > Ref=11686? | POC=1111.50 | VAL=1110.00
2026-01-27 14:13:20,359 [INFO]     Scanning NSE:LODHA-EQ (5min) | Range 09:35-10:35 | Price=894.40 > VAH=874.35? | CVD=563721 > Ref=44807? | POC=874.35 | VAL=868.55
2026-01-27 14:13:20,438 [INFO]     Scanning NSE:HDFCLIFE-EQ (5min) | Range 09:35-10:35 | Price=715.60 > VAH=714.50? | CVD=-94955 > Ref=17111? | POC=713.50 | VAL=712.50
2026-01-27 14:13:20,554 [INFO]     Scanning NSE:INDHOTEL-EQ (5min) | Range 09:35-10:35 | Price=643.75 > VAH=641.90? | CVD=-297574 > Ref=64541? | POC=641.20 | VAL=640.50
2026-01-27 14:13:20,644 [INFO]     Scanning NSE:ICICIPRULI-EQ (5min) | Range 09:35-10:35 | Price=638.65 > VAH=640.50? | CVD=4401 > Ref=24713? | POC=640.50 | VAL=634.90
2026-01-27 14:13:20,770 [INFO]     Scanning NSE:CONCOR-EQ (5min) | Range 09:35-10:35 | Price=479.85 > VAH=480.90? | CVD=141815 > Ref=15532? | POC=480.20 | VAL=474.60
2026-01-27 14:13:20,856 [INFO]     Scanning NSE:NYKAA-EQ (5min) | Range 09:35-10:35 | Price=233.20 > VAH=236.50? | CVD=311474 > Ref=106592? | POC=235.25 | VAL=235.25
2026-01-27 14:13:20,981 [INFO]     Scanning NSE:INOXWIND-EQ (5min) | Range 09:35-10:35 | Price=103.56 > VAH=103.50? | CVD=-58965 > Ref=42362? | POC=103.40 | VAL=102.90
2026-01-27 14:13:21,083 [INFO]     Scanning NSE:NBCC-EQ (5min) | Range 09:35-10:35 | Price=94.77 > VAH=95.75? | CVD=350992 > Ref=195713? | POC=95.70 | VAL=95.40
2026-01-27 14:14:19,457 [INFO] 🔍 Scanning for alerts on 7 symbols (5min)...
2026-01-27 14:14:19,580 [INFO]     Scanning NSE:KPITTECH-EQ (5min) | Range 13:00-14:00 | Price=1093.70 > VAH=1100.00? | CVD=124977 > Ref=11686? | POC=1098.90 | VAL=1093.40
2026-01-27 14:14:19,708 [INFO]     Scanning NSE:LODHA-EQ (5min) | Range 13:00-14:00 | Price=893.90 > VAH=890.40? | CVD=560001 > Ref=44807? | POC=889.20 | VAL=886.80
2026-01-27 14:14:19,831 [INFO]     Scanning NSE:ICICIPRULI-EQ (5min) | Range 13:00-14:00 | Price=638.50 > VAH=639.45? | CVD=-953 > Ref=24713? | POC=638.10 | VAL=638.10
2026-01-27 14:14:19,913 [INFO]     Scanning NSE:CONCOR-EQ (5min) | Range 13:00-14:00 | Price=479.55 > VAH=480.00? | CVD=137551 > Ref=15532? | POC=479.70 | VAL=478.80
2026-01-27 14:14:19,989 [INFO]     Scanning NSE:NYKAA-EQ (5min) | Range 13:00-14:00 | Price=233.05 > VAH=234.30? | CVD=309484 > Ref=106592? | POC=234.00 | VAL=233.85
2026-01-27 14:14:20,072 [INFO]     Scanning NSE:IEX-EQ (5min) | Range 13:00-14:00 | Price=126.50 > VAH=126.75? | CVD=454350 > Ref=0? | POC=126.30 | VAL=126.15
2026-01-27 14:14:20,198 [INFO]     Scanning NSE:NBCC-EQ (5min) | Range 13:00-14:00 | Price=94.70 > VAH=95.20? | CVD=326396 > Ref=195713? | POC=95.10 | VAL=94.90
2026-01-27 14:14:21,084 [INFO] 🔍 Scanning for alerts on 9 symbols (5min)...
2026-01-27 14:14:21,217 [INFO]     Scanning NSE:KPITTECH-EQ (5min) | Range 09:35-10:35 | Price=1093.70 > VAH=1112.25? | CVD=124977 > Ref=11686? | POC=1111.50 | VAL=1110.00
2026-01-27 14:14:21,362 [INFO]     Scanning NSE:LODHA-EQ (5min) | Range 09:35-10:35 | Price=893.90 > VAH=874.35? | CVD=560001 > Ref=44807? | POC=874.35 | VAL=868.55
2026-01-27 14:14:21,487 [INFO]     Scanning NSE:HDFCLIFE-EQ (5min) | Range 09:35-10:35 | Price=715.20 > VAH=714.50? | CVD=-97380 > Ref=17111? | POC=713.50 | VAL=712.50
2026-01-27 14:14:21,609 [INFO]     Scanning NSE:INDHOTEL-EQ (5min) | Range 09:35-10:35 | Price=643.70 > VAH=641.90? | CVD=-316465 > Ref=64541? | POC=641.20 | VAL=640.50
2026-01-27 14:14:21,735 [INFO]     Scanning NSE:ICICIPRULI-EQ (5min) | Range 09:35-10:35 | Price=638.50 > VAH=640.50? | CVD=-953 > Ref=24713? | POC=640.50 | VAL=634.90
2026-01-27 14:14:21,815 [INFO]     Scanning NSE:CONCOR-EQ (5min) | Range 09:35-10:35 | Price=479.55 > VAH=480.90? | CVD=137551 > Ref=15532? | POC=480.20 | VAL=474.60
2026-01-27 14:14:21,899 [INFO]     Scanning NSE:NYKAA-EQ (5min) | Range 09:35-10:35 | Price=233.05 > VAH=236.50? | CVD=309484 > Ref=106592? | POC=235.25 | VAL=235.25
2026-01-27 14:14:22,028 [INFO]     Scanning NSE:INOXWIND-EQ (5min) | Range 09:35-10:35 | Price=103.50 > VAH=103.50? | CVD=-60719 > Ref=42362? | POC=103.40 | VAL=102.90
2026-01-27 14:14:22,152 [INFO]     Scanning NSE:NBCC-EQ (5min) | Range 09:35-10:35 | Price=94.70 > VAH=95.75? | CVD=326396 > Ref=195713? | POC=95.70 | VAL=95.40
2026-01-27 14:15:20,199 [INFO] 🔍 Scanning for alerts on 7 symbols (5min)...
2026-01-27 14:15:20,342 [INFO]     Scanning NSE:KPITTECH-EQ (5min) | Range 13:00-14:00 | Price=1093.50 > VAH=1100.00? | CVD=124465 > Ref=11686? | POC=1098.90 | VAL=1093.40
2026-01-27 14:15:20,424 [INFO]     Scanning NSE:LODHA-EQ (5min) | Range 13:00-14:00 | Price=892.30 > VAH=890.40? | CVD=557153 > Ref=44807? | POC=889.20 | VAL=886.80
2026-01-27 14:15:20,551 [INFO]     Scanning NSE:ICICIPRULI-EQ (5min) | Range 13:00-14:00 | Price=638.55 > VAH=639.45? | CVD=1809 > Ref=24713? | POC=638.10 | VAL=638.10
2026-01-27 14:15:20,639 [INFO]     Scanning NSE:CONCOR-EQ (5min) | Range 13:00-14:00 | Price=479.65 > VAH=480.00? | CVD=141539 > Ref=15532? | POC=479.70 | VAL=478.80
2026-01-27 14:15:20,767 [INFO]     Scanning NSE:NYKAA-EQ (5min) | Range 13:00-14:00 | Price=232.90 > VAH=234.30? | CVD=300594 > Ref=106592? | POC=234.00 | VAL=233.85
2026-01-27 14:15:20,898 [INFO]     Scanning NSE:IEX-EQ (5min) | Range 13:00-14:00 | Price=126.49 > VAH=126.75? | CVD=445854 > Ref=0? | POC=126.30 | VAL=126.15
2026-01-27 14:15:21,048 [INFO]     Scanning NSE:NBCC-EQ (5min) | Range 13:00-14:00 | Price=94.75 > VAH=95.20? | CVD=327681 > Ref=195713? | POC=95.10 | VAL=94.90
2026-01-27 14:15:22,154 [INFO] 🔍 Scanning for alerts on 9 symbols (5min)...
2026-01-27 14:15:22,298 [INFO]     Scanning NSE:KPITTECH-EQ (5min) | Range 09:35-10:35 | Price=1093.50 > VAH=1112.25? | CVD=124465 > Ref=11686? | POC=1111.50 | VAL=1110.00
2026-01-27 14:15:22,428 [INFO]     Scanning NSE:LODHA-EQ (5min) | Range 09:35-10:35 | Price=892.30 > VAH=874.35? | CVD=557153 > Ref=44807? | POC=874.35 | VAL=868.55
2026-01-27 14:15:22,573 [INFO]     Scanning NSE:HDFCLIFE-EQ (5min) | Range 09:35-10:35 | Price=715.15 > VAH=714.50? | CVD=-95776 > Ref=17111? | POC=713.50 | VAL=712.50
2026-01-27 14:15:22,696 [INFO]     Scanning NSE:INDHOTEL-EQ (5min) | Range 09:35-10:35 | Price=644.75 > VAH=641.90? | CVD=-305517 > Ref=64541? | POC=641.20 | VAL=640.50
2026-01-27 14:15:22,780 [INFO]     Scanning NSE:ICICIPRULI-EQ (5min) | Range 09:35-10:35 | Price=638.55 > VAH=640.50? | CVD=1809 > Ref=24713? | POC=640.50 | VAL=634.90
2026-01-27 14:15:22,861 [INFO]     Scanning NSE:CONCOR-EQ (5min) | Range 09:35-10:35 | Price=479.65 > VAH=480.90? | CVD=141539 > Ref=15532? | POC=480.20 | VAL=474.60
2026-01-27 14:15:22,983 [INFO]     Scanning NSE:NYKAA-EQ (5min) | Range 09:35-10:35 | Price=232.90 > VAH=236.50? | CVD=300594 > Ref=106592? | POC=235.25 | VAL=235.25
2026-01-27 14:15:23,109 [INFO]     Scanning NSE:INOXWIND-EQ (5min) | Range 09:35-10:35 | Price=103.50 > VAH=103.50? | CVD=-60971 > Ref=42362? | POC=103.40 | VAL=102.90
2026-01-27 14:15:23,201 [INFO]     Scanning NSE:NBCC-EQ (5min) | Range 09:35-10:35 | Price=94.75 > VAH=95.75? | CVD=327681 > Ref=195713? | POC=95.70 | VAL=95.40
2026-01-27 14:16:21,049 [INFO] 🔍 Scanning for alerts on 7 symbols (5min)...
2026-01-27 14:16:21,198 [INFO]     Scanning NSE:KPITTECH-EQ (5min) | Range 13:00-14:00 | Price=1093.40 > VAH=1100.00? | CVD=121150 > Ref=11686? | POC=1098.90 | VAL=1093.40
2026-01-27 14:16:21,324 [INFO]     Scanning NSE:LODHA-EQ (5min) | Range 13:00-14:00 | Price=890.30 > VAH=890.40? | CVD=552895 > Ref=44807? | POC=889.20 | VAL=886.80
2026-01-27 14:16:21,453 [INFO]     Scanning NSE:ICICIPRULI-EQ (5min) | Range 13:00-14:00 | Price=638.55 > VAH=639.45? | CVD=7823 > Ref=24713? | POC=638.10 | VAL=638.10
2026-01-27 14:16:21,534 [INFO]     Scanning NSE:CONCOR-EQ (5min) | Range 13:00-14:00 | Price=479.60 > VAH=480.00? | CVD=140203 > Ref=15532? | POC=479.70 | VAL=478.80
2026-01-27 14:16:21,661 [INFO]     Scanning NSE:NYKAA-EQ (5min) | Range 13:00-14:00 | Price=232.75 > VAH=234.30? | CVD=297340 > Ref=106592? | POC=234.00 | VAL=233.85
2026-01-27 14:16:21,770 [INFO]     Scanning NSE:IEX-EQ (5min) | Range 13:00-14:00 | Price=126.45 > VAH=126.75? | CVD=443065 > Ref=0? | POC=126.30 | VAL=126.15
2026-01-27 14:16:21,847 [INFO]     Scanning NSE:NBCC-EQ (5min) | Range 13:00-14:00 | Price=94.73 > VAH=95.20? | CVD=321278 > Ref=195713? | POC=95.10 | VAL=94.90
2026-01-27 14:16:23,203 [INFO] 🔍 Scanning for alerts on 9 symbols (5min)...
2026-01-27 14:16:23,340 [INFO]     Scanning NSE:KPITTECH-EQ (5min) | Range 09:35-10:35 | Price=1093.40 > VAH=1112.25? | CVD=121150 > Ref=11686? | POC=1111.50 | VAL=1110.00
2026-01-27 14:16:23,467 [INFO]     Scanning NSE:LODHA-EQ (5min) | Range 09:35-10:35 | Price=890.30 > VAH=874.35? | CVD=552895 > Ref=44807? | POC=874.35 | VAL=868.55
2026-01-27 14:16:23,593 [INFO]     Scanning NSE:HDFCLIFE-EQ (5min) | Range 09:35-10:35 | Price=715.05 > VAH=714.50? | CVD=-97087 > Ref=17111? | POC=713.50 | VAL=712.50
2026-01-27 14:16:23,690 [INFO]     Scanning NSE:INDHOTEL-EQ (5min) | Range 09:35-10:35 | Price=644.55 > VAH=641.90? | CVD=-316990 > Ref=64541? | POC=641.20 | VAL=640.50
2026-01-27 14:16:23,822 [INFO]     Scanning NSE:ICICIPRULI-EQ (5min) | Range 09:35-10:35 | Price=638.55 > VAH=640.50? | CVD=7823 > Ref=24713? | POC=640.50 | VAL=634.90
2026-01-27 14:16:23,917 [INFO]     Scanning NSE:CONCOR-EQ (5min) | Range 09:35-10:35 | Price=479.60 > VAH=480.90? | CVD=140203 > Ref=15532? | POC=480.20 | VAL=474.60
2026-01-27 14:16:24,035 [INFO]     Scanning NSE:NYKAA-EQ (5min) | Range 09:35-10:35 | Price=232.75 > VAH=236.50? | CVD=297340 > Ref=106592? | POC=235.25 | VAL=235.25
2026-01-27 14:16:24,123 [INFO]     Scanning NSE:INOXWIND-EQ (5min) | Range 09:35-10:35 | Price=103.51 > VAH=103.50? | CVD=-60601 > Ref=42362? | POC=103.40 | VAL=102.90
2026-01-27 14:16:24,200 [INFO]     Scanning NSE:NBCC-EQ (5min) | Range 09:35-10:35 | Price=94.73 > VAH=95.75? | CVD=321278 > Ref=195713? | POC=95.70 | VAL=95.40
2026-01-27 14:17:21,849 [INFO] 🔍 Scanning for alerts on 7 symbols (5min)...
2026-01-27 14:17:21,975 [INFO]     Scanning NSE:KPITTECH-EQ (5min) | Range 13:00-14:00 | Price=1092.40 > VAH=1100.00? | CVD=114988 > Ref=11686? | POC=1098.90 | VAL=1093.40
2026-01-27 14:17:22,098 [INFO]     Scanning NSE:LODHA-EQ (5min) | Range 13:00-14:00 | Price=888.60 > VAH=890.40? | CVD=547483 > Ref=44807? | POC=889.20 | VAL=886.80
2026-01-27 14:17:22,224 [INFO]     Scanning NSE:ICICIPRULI-EQ (5min) | Range 13:00-14:00 | Price=638.40 > VAH=639.45? | CVD=5536 > Ref=24713? | POC=638.10 | VAL=638.10
2026-01-27 14:17:22,371 [INFO]     Scanning NSE:CONCOR-EQ (5min) | Range 13:00-14:00 | Price=479.25 > VAH=480.00? | CVD=136945 > Ref=15532? | POC=479.70 | VAL=478.80
2026-01-27 14:17:22,496 [INFO]     Scanning NSE:NYKAA-EQ (5min) | Range 13:00-14:00 | Price=232.75 > VAH=234.30? | CVD=294248 > Ref=106592? | POC=234.00 | VAL=233.85
2026-01-27 14:17:22,605 [INFO]     Scanning NSE:IEX-EQ (5min) | Range 13:00-14:00 | Price=126.53 > VAH=126.75? | CVD=453422 > Ref=0? | POC=126.30 | VAL=126.15
2026-01-27 14:17:22,733 [INFO]     Scanning NSE:NBCC-EQ (5min) | Range 13:00-14:00 | Price=94.78 > VAH=95.20? | CVD=319404 > Ref=195713? | POC=95.10 | VAL=94.90
2026-01-27 14:17:24,202 [INFO] 🔍 Scanning for alerts on 9 symbols (5min)...
2026-01-27 14:17:24,325 [INFO]     Scanning NSE:KPITTECH-EQ (5min) | Range 09:35-10:35 | Price=1092.40 > VAH=1112.25? | CVD=114988 > Ref=11686? | POC=1111.50 | VAL=1110.00
2026-01-27 14:17:24,409 [INFO]     Scanning NSE:LODHA-EQ (5min) | Range 09:35-10:35 | Price=888.60 > VAH=874.35? | CVD=547483 > Ref=44807? | POC=874.35 | VAL=868.55
2026-01-27 14:17:24,489 [INFO]     Scanning NSE:HDFCLIFE-EQ (5min) | Range 09:35-10:35 | Price=714.95 > VAH=714.50? | CVD=-101910 > Ref=17111? | POC=713.50 | VAL=712.50
2026-01-27 14:17:24,615 [INFO]     Scanning NSE:INDHOTEL-EQ (5min) | Range 09:35-10:35 | Price=644.50 > VAH=641.90? | CVD=-322377 > Ref=64541? | POC=641.20 | VAL=640.50
2026-01-27 14:17:24,739 [INFO]     Scanning NSE:ICICIPRULI-EQ (5min) | Range 09:35-10:35 | Price=638.40 > VAH=640.50? | CVD=5536 > Ref=24713? | POC=640.50 | VAL=634.90
2026-01-27 14:17:24,836 [INFO]     Scanning NSE:CONCOR-EQ (5min) | Range 09:35-10:35 | Price=479.25 > VAH=480.90? | CVD=136945 > Ref=15532? | POC=480.20 | VAL=474.60
2026-01-27 14:17:24,913 [INFO]     Scanning NSE:NYKAA-EQ (5min) | Range 09:35-10:35 | Price=232.75 > VAH=236.50? | CVD=294248 > Ref=106592? | POC=235.25 | VAL=235.25
2026-01-27 14:17:25,038 [INFO]     Scanning NSE:INOXWIND-EQ (5min) | Range 09:35-10:35 | Price=103.47 > VAH=103.50? | CVD=-62267 > Ref=42362? | POC=103.40 | VAL=102.90
2026-01-27 14:17:25,120 [INFO]     Scanning NSE:NBCC-EQ (5min) | Range 09:35-10:35 | Price=94.78 > VAH=95.75? | CVD=319404 > Ref=195713? | POC=95.70 | VAL=95.40
2026-01-27 14:18:22,735 [INFO] 🔍 Scanning for alerts on 7 symbols (5min)...
2026-01-27 14:18:22,862 [INFO]     Scanning NSE:KPITTECH-EQ (5min) | Range 13:00-14:00 | Price=1092.90 > VAH=1100.00? | CVD=115300 > Ref=11686? | POC=1098.90 | VAL=1093.40
2026-01-27 14:18:23,003 [INFO]     Scanning NSE:LODHA-EQ (5min) | Range 13:00-14:00 | Price=888.10 > VAH=890.40? | CVD=542547 > Ref=44807? | POC=889.20 | VAL=886.80
2026-01-27 14:18:23,128 [INFO] 🚀 [STRATEGY ALERT] NSE:ICICIPRULI-EQ (5min) triggered at 14:15!
2026-01-27 14:18:23,128 [INFO]     ✅ Price: 637.90 < FRVP VAL: 638.10
2026-01-27 14:18:23,129 [INFO]     ✅ CVD:   3095 < CVD Ref:  24713
2026-01-27 14:18:23,129 [INFO]     ℹ️  FRVP Info: POC=638.10, VAL=638.10
2026-01-27 14:18:23,130 [INFO]     Scanning NSE:ICICIPRULI-EQ (5min) | Range 13:00-14:00 | Price=637.90 > VAH=639.45? | CVD=3095 > Ref=24713? | POC=638.10 | VAL=638.10
2026-01-27 14:18:23,259 [INFO]     Scanning NSE:CONCOR-EQ (5min) | Range 13:00-14:00 | Price=479.50 > VAH=480.00? | CVD=135604 > Ref=15532? | POC=479.70 | VAL=478.80
2026-01-27 14:18:23,387 [INFO]     Scanning NSE:NYKAA-EQ (5min) | Range 13:00-14:00 | Price=232.70 > VAH=234.30? | CVD=291779 > Ref=106592? | POC=234.00 | VAL=233.85
2026-01-27 14:18:23,513 [INFO]     Scanning NSE:IEX-EQ (5min) | Range 13:00-14:00 | Price=126.50 > VAH=126.75? | CVD=443908 > Ref=0? | POC=126.30 | VAL=126.15
2026-01-27 14:18:23,640 [INFO]     Scanning NSE:NBCC-EQ (5min) | Range 13:00-14:00 | Price=94.72 > VAH=95.20? | CVD=316557 > Ref=195713? | POC=95.10 | VAL=94.90
2026-01-27 14:18:25,121 [INFO] 🔍 Scanning for alerts on 9 symbols (5min)...
2026-01-27 14:18:25,245 [INFO]     Scanning NSE:KPITTECH-EQ (5min) | Range 09:35-10:35 | Price=1092.90 > VAH=1112.25? | CVD=115300 > Ref=11686? | POC=1111.50 | VAL=1110.00
2026-01-27 14:18:25,325 [INFO]     Scanning NSE:LODHA-EQ (5min) | Range 09:35-10:35 | Price=888.10 > VAH=874.35? | CVD=542547 > Ref=44807? | POC=874.35 | VAL=868.55
2026-01-27 14:18:25,406 [INFO]     Scanning NSE:HDFCLIFE-EQ (5min) | Range 09:35-10:35 | Price=715.05 > VAH=714.50? | CVD=-100340 > Ref=17111? | POC=713.50 | VAL=712.50
2026-01-27 14:18:25,486 [INFO]     Scanning NSE:INDHOTEL-EQ (5min) | Range 09:35-10:35 | Price=644.95 > VAH=641.90? | CVD=-319549 > Ref=64541? | POC=641.20 | VAL=640.50
2026-01-27 14:18:25,612 [INFO]     Scanning NSE:ICICIPRULI-EQ (5min) | Range 09:35-10:35 | Price=637.90 > VAH=640.50? | CVD=3095 > Ref=24713? | POC=640.50 | VAL=634.90
2026-01-27 14:18:25,738 [INFO]     Scanning NSE:CONCOR-EQ (5min) | Range 09:35-10:35 | Price=479.50 > VAH=480.90? | CVD=135604 > Ref=15532? | POC=480.20 | VAL=474.60
2026-01-27 14:18:25,819 [INFO]     Scanning NSE:NYKAA-EQ (5min) | Range 09:35-10:35 | Price=232.70 > VAH=236.50? | CVD=291779 > Ref=106592? | POC=235.25 | VAL=235.25
2026-01-27 14:18:25,897 [INFO]     Scanning NSE:INOXWIND-EQ (5min) | Range 09:35-10:35 | Price=103.50 > VAH=103.50? | CVD=-59865 > Ref=42362? | POC=103.40 | VAL=102.90
2026-01-27 14:18:26,024 [INFO]     Scanning NSE:NBCC-EQ (5min) | Range 09:35-10:35 | Price=94.72 > VAH=95.75? | CVD=316557 > Ref=195713? | POC=95.70 | VAL=95.40
2026-01-27 14:19:23,641 [INFO] 🔍 Scanning for alerts on 6 symbols (5min)...
2026-01-27 14:19:23,769 [INFO]     Scanning NSE:KPITTECH-EQ (5min) | Range 13:00-14:00 | Price=1093.40 > VAH=1100.00? | CVD=115495 > Ref=11686? | POC=1098.90 | VAL=1093.40
2026-01-27 14:19:23,898 [INFO]     Scanning NSE:LODHA-EQ (5min) | Range 13:00-14:00 | Price=888.70 > VAH=890.40? | CVD=551442 > Ref=44807? | POC=889.20 | VAL=886.80
2026-01-27 14:19:24,120 [INFO]     Scanning NSE:CONCOR-EQ (5min) | Range 13:00-14:00 | Price=479.55 > VAH=480.00? | CVD=136344 > Ref=15532? | POC=479.70 | VAL=478.80
2026-01-27 14:19:24,206 [INFO]     Scanning NSE:NYKAA-EQ (5min) | Range 13:00-14:00 | Price=232.75 > VAH=234.30? | CVD=299208 > Ref=106592? | POC=234.00 | VAL=233.85
2026-01-27 14:19:24,293 [INFO]     Scanning NSE:IEX-EQ (5min) | Range 13:00-14:00 | Price=126.50 > VAH=126.75? | CVD=434528 > Ref=0? | POC=126.30 | VAL=126.15
2026-01-27 14:19:24,375 [INFO]     Scanning NSE:NBCC-EQ (5min) | Range 13:00-14:00 | Price=94.78 > VAH=95.20? | CVD=319465 > Ref=195713? | POC=95.10 | VAL=94.90
2026-01-27 14:19:26,026 [INFO] 🔍 Scanning for alerts on 9 symbols (5min)...
2026-01-27 14:19:26,149 [INFO]     Scanning NSE:KPITTECH-EQ (5min) | Range 09:35-10:35 | Price=1093.40 > VAH=1112.25? | CVD=115495 > Ref=11686? | POC=1111.50 | VAL=1110.00
2026-01-27 14:19:26,232 [INFO]     Scanning NSE:LODHA-EQ (5min) | Range 09:35-10:35 | Price=888.70 > VAH=874.35? | CVD=551442 > Ref=44807? | POC=874.35 | VAL=868.55
2026-01-27 14:19:26,359 [INFO]     Scanning NSE:HDFCLIFE-EQ (5min) | Range 09:35-10:35 | Price=715.20 > VAH=714.50? | CVD=-98417 > Ref=17111? | POC=713.50 | VAL=712.50
2026-01-27 14:19:26,485 [INFO]     Scanning NSE:INDHOTEL-EQ (5min) | Range 09:35-10:35 | Price=644.75 > VAH=641.90? | CVD=-321095 > Ref=64541? | POC=641.20 | VAL=640.50
2026-01-27 14:19:26,608 [INFO]     Scanning NSE:ICICIPRULI-EQ (5min) | Range 09:35-10:35 | Price=637.55 > VAH=640.50? | CVD=-193 > Ref=24713? | POC=640.50 | VAL=634.90
2026-01-27 14:19:26,751 [INFO]     Scanning NSE:CONCOR-EQ (5min) | Range 09:35-10:35 | Price=479.55 > VAH=480.90? | CVD=136344 > Ref=15532? | POC=480.20 | VAL=474.60
2026-01-27 14:19:26,876 [INFO]     Scanning NSE:NYKAA-EQ (5min) | Range 09:35-10:35 | Price=232.75 > VAH=236.50? | CVD=299208 > Ref=106592? | POC=235.25 | VAL=235.25
2026-01-27 14:19:26,957 [INFO]     Scanning NSE:INOXWIND-EQ (5min) | Range 09:35-10:35 | Price=103.45 > VAH=103.50? | CVD=-70936 > Ref=42362? | POC=103.40 | VAL=102.90
2026-01-27 14:19:27,071 [INFO]     Scanning NSE:NBCC-EQ (5min) | Range 09:35-10:35 | Price=94.78 > VAH=95.75? | CVD=319465 > Ref=195713? | POC=95.70 | VAL=95.40
2026-01-27 14:20:24,377 [INFO] 🔍 Scanning for alerts on 6 symbols (5min)...
2026-01-27 14:20:24,499 [INFO]     Scanning NSE:KPITTECH-EQ (5min) | Range 13:00-14:00 | Price=1093.30 > VAH=1100.00? | CVD=115411 > Ref=11686? | POC=1098.90 | VAL=1093.40
2026-01-27 14:20:24,626 [INFO]     Scanning NSE:LODHA-EQ (5min) | Range 13:00-14:00 | Price=889.00 > VAH=890.40? | CVD=546775 > Ref=44807? | POC=889.20 | VAL=886.80
2026-01-27 14:20:24,708 [INFO]     Scanning NSE:CONCOR-EQ (5min) | Range 13:00-14:00 | Price=479.50 > VAH=480.00? | CVD=134878 > Ref=15532? | POC=479.70 | VAL=478.80
2026-01-27 14:20:24,798 [INFO]     Scanning NSE:NYKAA-EQ (5min) | Range 13:00-14:00 | Price=232.85 > VAH=234.30? | CVD=304076 > Ref=106592? | POC=234.00 | VAL=233.85
2026-01-27 14:20:24,878 [INFO]     Scanning NSE:IEX-EQ (5min) | Range 13:00-14:00 | Price=126.43 > VAH=126.75? | CVD=461451 > Ref=0? | POC=126.30 | VAL=126.15
2026-01-27 14:20:24,996 [INFO]     Scanning NSE:NBCC-EQ (5min) | Range 13:00-14:00 | Price=94.75 > VAH=95.20? | CVD=318058 > Ref=195713? | POC=95.10 | VAL=94.90
2026-01-27 14:20:27,073 [INFO] 🔍 Scanning for alerts on 9 symbols (5min)...
2026-01-27 14:20:27,195 [INFO]     Scanning NSE:KPITTECH-EQ (5min) | Range 09:35-10:35 | Price=1093.30 > VAH=1112.25? | CVD=115411 > Ref=11686? | POC=1111.50 | VAL=1110.00
2026-01-27 14:20:27,277 [INFO]     Scanning NSE:LODHA-EQ (5min) | Range 09:35-10:35 | Price=889.00 > VAH=874.35? | CVD=546775 > Ref=44807? | POC=874.35 | VAL=868.55
2026-01-27 14:20:27,402 [INFO]     Scanning NSE:HDFCLIFE-EQ (5min) | Range 09:35-10:35 | Price=715.30 > VAH=714.50? | CVD=-96635 > Ref=17111? | POC=713.50 | VAL=712.50
2026-01-27 14:20:27,534 [INFO]     Scanning NSE:INDHOTEL-EQ (5min) | Range 09:35-10:35 | Price=644.60 > VAH=641.90? | CVD=-323703 > Ref=64541? | POC=641.20 | VAL=640.50
2026-01-27 14:20:27,677 [INFO]     Scanning NSE:ICICIPRULI-EQ (5min) | Range 09:35-10:35 | Price=638.15 > VAH=640.50? | CVD=6304 > Ref=24713? | POC=640.50 | VAL=634.90
2026-01-27 14:20:27,802 [INFO]     Scanning NSE:CONCOR-EQ (5min) | Range 09:35-10:35 | Price=479.50 > VAH=480.90? | CVD=134878 > Ref=15532? | POC=480.20 | VAL=474.60
2026-01-27 14:20:27,918 [INFO]     Scanning NSE:NYKAA-EQ (5min) | Range 09:35-10:35 | Price=232.85 > VAH=236.50? | CVD=304076 > Ref=106592? | POC=235.25 | VAL=235.25
2026-01-27 14:20:28,043 [INFO]     Scanning NSE:INOXWIND-EQ (5min) | Range 09:35-10:35 | Price=103.46 > VAH=103.50? | CVD=-63120 > Ref=42362? | POC=103.40 | VAL=102.90
2026-01-27 14:20:28,158 [INFO]     Scanning NSE:NBCC-EQ (5min) | Range 09:35-10:35 | Price=94.75 > VAH=95.75? | CVD=318058 > Ref=195713? | POC=95.70 | VAL=95.40
2026-01-27 14:21:24,998 [INFO] 🔍 Scanning for alerts on 6 symbols (5min)...
2026-01-27 14:21:25,129 [INFO]     Scanning NSE:KPITTECH-EQ (5min) | Range 13:00-14:00 | Price=1094.00 > VAH=1100.00? | CVD=116821 > Ref=11686? | POC=1098.90 | VAL=1093.40
2026-01-27 14:21:25,214 [INFO]     Scanning NSE:LODHA-EQ (5min) | Range 13:00-14:00 | Price=888.90 > VAH=890.40? | CVD=553230 > Ref=44807? | POC=889.20 | VAL=886.80
2026-01-27 14:21:25,293 [INFO]     Scanning NSE:CONCOR-EQ (5min) | Range 13:00-14:00 | Price=480.05 > VAH=480.00? | CVD=137999 > Ref=15532? | POC=479.70 | VAL=478.80
2026-01-27 14:21:25,376 [INFO]     Scanning NSE:NYKAA-EQ (5min) | Range 13:00-14:00 | Price=232.80 > VAH=234.30? | CVD=301260 > Ref=106592? | POC=234.00 | VAL=233.85
2026-01-27 14:21:25,458 [INFO]     Scanning NSE:IEX-EQ (5min) | Range 13:00-14:00 | Price=126.32 > VAH=126.75? | CVD=440603 > Ref=0? | POC=126.30 | VAL=126.15
2026-01-27 14:21:25,584 [INFO]     Scanning NSE:NBCC-EQ (5min) | Range 13:00-14:00 | Price=94.75 > VAH=95.20? | CVD=313298 > Ref=195713? | POC=95.10 | VAL=94.90
2026-01-27 14:21:28,160 [INFO] 🔍 Scanning for alerts on 9 symbols (5min)...
2026-01-27 14:21:28,284 [INFO]     Scanning NSE:KPITTECH-EQ (5min) | Range 09:35-10:35 | Price=1094.00 > VAH=1112.25? | CVD=116821 > Ref=11686? | POC=1111.50 | VAL=1110.00
2026-01-27 14:21:28,381 [INFO]     Scanning NSE:LODHA-EQ (5min) | Range 09:35-10:35 | Price=888.90 > VAH=874.35? | CVD=553230 > Ref=44807? | POC=874.35 | VAL=868.55
2026-01-27 14:21:28,507 [INFO]     Scanning NSE:HDFCLIFE-EQ (5min) | Range 09:35-10:35 | Price=715.35 > VAH=714.50? | CVD=-89117 > Ref=17111? | POC=713.50 | VAL=712.50
2026-01-27 14:21:28,600 [INFO]     Scanning NSE:INDHOTEL-EQ (5min) | Range 09:35-10:35 | Price=644.55 > VAH=641.90? | CVD=-327194 > Ref=64541? | POC=641.20 | VAL=640.50
2026-01-27 14:21:28,693 [INFO]     Scanning NSE:ICICIPRULI-EQ (5min) | Range 09:35-10:35 | Price=638.60 > VAH=640.50? | CVD=8665 > Ref=24713? | POC=640.50 | VAL=634.90
2026-01-27 14:21:28,823 [INFO]     Scanning NSE:CONCOR-EQ (5min) | Range 09:35-10:35 | Price=480.05 > VAH=480.90? | CVD=137999 > Ref=15532? | POC=480.20 | VAL=474.60
2026-01-27 14:21:28,953 [INFO]     Scanning NSE:NYKAA-EQ (5min) | Range 09:35-10:35 | Price=232.80 > VAH=236.50? | CVD=301260 > Ref=106592? | POC=235.25 | VAL=235.25
2026-01-27 14:21:29,084 [INFO]     Scanning NSE:INOXWIND-EQ (5min) | Range 09:35-10:35 | Price=103.49 > VAH=103.50? | CVD=-55659 > Ref=42362? | POC=103.40 | VAL=102.90
2026-01-27 14:21:29,212 [INFO]     Scanning NSE:NBCC-EQ (5min) | Range 09:35-10:35 | Price=94.75 > VAH=95.75? | CVD=313298 > Ref=195713? | POC=95.70 | VAL=95.40
2026-01-27 14:22:25,586 [INFO] 🔍 Scanning for alerts on 6 symbols (5min)...
2026-01-27 14:22:25,718 [INFO]     Scanning NSE:KPITTECH-EQ (5min) | Range 13:00-14:00 | Price=1093.30 > VAH=1100.00? | CVD=116755 > Ref=11686? | POC=1098.90 | VAL=1093.40
2026-01-27 14:22:25,811 [INFO]     Scanning NSE:LODHA-EQ (5min) | Range 13:00-14:00 | Price=889.20 > VAH=890.40? | CVD=557600 > Ref=44807? | POC=889.20 | VAL=886.80
2026-01-27 14:22:25,956 [INFO]     Scanning NSE:CONCOR-EQ (5min) | Range 13:00-14:00 | Price=479.95 > VAH=480.00? | CVD=136569 > Ref=15532? | POC=479.70 | VAL=478.80
2026-01-27 14:22:26,088 [INFO]     Scanning NSE:NYKAA-EQ (5min) | Range 13:00-14:00 | Price=232.85 > VAH=234.30? | CVD=303142 > Ref=106592? | POC=234.00 | VAL=233.85
2026-01-27 14:22:26,218 [INFO]     Scanning NSE:IEX-EQ (5min) | Range 13:00-14:00 | Price=126.30 > VAH=126.75? | CVD=433629 > Ref=0? | POC=126.30 | VAL=126.15
2026-01-27 14:22:26,299 [INFO]     Scanning NSE:NBCC-EQ (5min) | Range 13:00-14:00 | Price=94.74 > VAH=95.20? | CVD=309259 > Ref=195713? | POC=95.10 | VAL=94.90
2026-01-27 14:22:29,214 [INFO] 🔍 Scanning for alerts on 9 symbols (5min)...
2026-01-27 14:22:29,354 [INFO]     Scanning NSE:KPITTECH-EQ (5min) | Range 09:35-10:35 | Price=1093.30 > VAH=1112.25? | CVD=116755 > Ref=11686? | POC=1111.50 | VAL=1110.00
2026-01-27 14:22:29,481 [INFO]     Scanning NSE:LODHA-EQ (5min) | Range 09:35-10:35 | Price=889.20 > VAH=874.35? | CVD=557600 > Ref=44807? | POC=874.35 | VAL=868.55
2026-01-27 14:22:29,607 [INFO]     Scanning NSE:HDFCLIFE-EQ (5min) | Range 09:35-10:35 | Price=715.25 > VAH=714.50? | CVD=-90765 > Ref=17111? | POC=713.50 | VAL=712.50
2026-01-27 14:22:29,691 [INFO]     Scanning NSE:INDHOTEL-EQ (5min) | Range 09:35-10:35 | Price=644.05 > VAH=641.90? | CVD=-332816 > Ref=64541? | POC=641.20 | VAL=640.50
2026-01-27 14:22:29,813 [INFO]     Scanning NSE:ICICIPRULI-EQ (5min) | Range 09:35-10:35 | Price=638.05 > VAH=640.50? | CVD=4482 > Ref=24713? | POC=640.50 | VAL=634.90
2026-01-27 14:22:29,953 [INFO]     Scanning NSE:CONCOR-EQ (5min) | Range 09:35-10:35 | Price=479.95 > VAH=480.90? | CVD=136569 > Ref=15532? | POC=480.20 | VAL=474.60
2026-01-27 14:22:30,047 [INFO]     Scanning NSE:NYKAA-EQ (5min) | Range 09:35-10:35 | Price=232.85 > VAH=236.50? | CVD=303142 > Ref=106592? | POC=235.25 | VAL=235.25
2026-01-27 14:22:30,124 [INFO]     Scanning NSE:INOXWIND-EQ (5min) | Range 09:35-10:35 | Price=103.47 > VAH=103.50? | CVD=-57710 > Ref=42362? | POC=103.40 | VAL=102.90
2026-01-27 14:22:30,248 [INFO]     Scanning NSE:NBCC-EQ (5min) | Range 09:35-10:35 | Price=94.74 > VAH=95.75? | CVD=309259 > Ref=195713? | POC=95.70 | VAL=95.40
2026-01-27 14:23:26,302 [INFO] 🔍 Scanning for alerts on 6 symbols (5min)...
2026-01-27 14:23:26,427 [INFO]     Scanning NSE:KPITTECH-EQ (5min) | Range 13:00-14:00 | Price=1093.70 > VAH=1100.00? | CVD=117008 > Ref=11686? | POC=1098.90 | VAL=1093.40
2026-01-27 14:23:26,582 [INFO]     Scanning NSE:LODHA-EQ (5min) | Range 13:00-14:00 | Price=890.30 > VAH=890.40? | CVD=565389 > Ref=44807? | POC=889.20 | VAL=886.80
2026-01-27 14:23:26,707 [INFO]     Scanning NSE:CONCOR-EQ (5min) | Range 13:00-14:00 | Price=480.10 > VAH=480.00? | CVD=137416 > Ref=15532? | POC=479.70 | VAL=478.80
2026-01-27 14:23:26,853 [INFO]     Scanning NSE:NYKAA-EQ (5min) | Range 13:00-14:00 | Price=232.75 > VAH=234.30? | CVD=301932 > Ref=106592? | POC=234.00 | VAL=233.85
2026-01-27 14:23:26,995 [INFO]     Scanning NSE:IEX-EQ (5min) | Range 13:00-14:00 | Price=126.37 > VAH=126.75? | CVD=438841 > Ref=0? | POC=126.30 | VAL=126.15
2026-01-27 14:23:27,108 [INFO]     Scanning NSE:NBCC-EQ (5min) | Range 13:00-14:00 | Price=94.78 > VAH=95.20? | CVD=312012 > Ref=195713? | POC=95.10 | VAL=94.90
2026-01-27 14:23:30,249 [INFO] 🔍 Scanning for alerts on 9 symbols (5min)...
2026-01-27 14:23:30,375 [INFO]     Scanning NSE:KPITTECH-EQ (5min) | Range 09:35-10:35 | Price=1093.70 > VAH=1112.25? | CVD=117008 > Ref=11686? | POC=1111.50 | VAL=1110.00
2026-01-27 14:23:30,456 [INFO]     Scanning NSE:LODHA-EQ (5min) | Range 09:35-10:35 | Price=890.30 > VAH=874.35? | CVD=565389 > Ref=44807? | POC=874.35 | VAL=868.55
2026-01-27 14:23:30,534 [INFO]     Scanning NSE:HDFCLIFE-EQ (5min) | Range 09:35-10:35 | Price=715.45 > VAH=714.50? | CVD=-88742 > Ref=17111? | POC=713.50 | VAL=712.50
2026-01-27 14:23:30,618 [INFO]     Scanning NSE:INDHOTEL-EQ (5min) | Range 09:35-10:35 | Price=644.00 > VAH=641.90? | CVD=-335429 > Ref=64541? | POC=641.20 | VAL=640.50
2026-01-27 14:23:30,702 [INFO]     Scanning NSE:ICICIPRULI-EQ (5min) | Range 09:35-10:35 | Price=638.20 > VAH=640.50? | CVD=5818 > Ref=24713? | POC=640.50 | VAL=634.90
2026-01-27 14:23:30,785 [INFO]     Scanning NSE:CONCOR-EQ (5min) | Range 09:35-10:35 | Price=480.10 > VAH=480.90? | CVD=137416 > Ref=15532? | POC=480.20 | VAL=474.60
2026-01-27 14:23:30,913 [INFO]     Scanning NSE:NYKAA-EQ (5min) | Range 09:35-10:35 | Price=232.75 > VAH=236.50? | CVD=301932 > Ref=106592? | POC=235.25 | VAL=235.25
2026-01-27 14:23:31,038 [INFO]     Scanning NSE:INOXWIND-EQ (5min) | Range 09:35-10:35 | Price=103.49 > VAH=103.50? | CVD=-54555 > Ref=42362? | POC=103.40 | VAL=102.90
2026-01-27 14:23:31,184 [INFO]     Scanning NSE:NBCC-EQ (5min) | Range 09:35-10:35 | Price=94.78 > VAH=95.75? | CVD=312012 > Ref=195713? | POC=95.70 | VAL=95.40
2026-01-27 14:24:27,110 [INFO] 🔍 Scanning for alerts on 6 symbols (5min)...
2026-01-27 14:24:27,260 [INFO]     Scanning NSE:KPITTECH-EQ (5min) | Range 13:00-14:00 | Price=1093.10 > VAH=1100.00? | CVD=114522 > Ref=11686? | POC=1098.90 | VAL=1093.40
2026-01-27 14:24:27,410 [INFO]     Scanning NSE:LODHA-EQ (5min) | Range 13:00-14:00 | Price=891.70 > VAH=890.40? | CVD=590184 > Ref=44807? | POC=889.20 | VAL=886.80
2026-01-27 14:24:27,517 [INFO]     Scanning NSE:CONCOR-EQ (5min) | Range 13:00-14:00 | Price=479.60 > VAH=480.00? | CVD=128886 > Ref=15532? | POC=479.70 | VAL=478.80
2026-01-27 14:24:27,632 [INFO]     Scanning NSE:NYKAA-EQ (5min) | Range 13:00-14:00 | Price=232.75 > VAH=234.30? | CVD=300889 > Ref=106592? | POC=234.00 | VAL=233.85
2026-01-27 14:24:27,756 [INFO]     Scanning NSE:IEX-EQ (5min) | Range 13:00-14:00 | Price=126.34 > VAH=126.75? | CVD=423867 > Ref=0? | POC=126.30 | VAL=126.15
2026-01-27 14:24:27,877 [INFO]     Scanning NSE:NBCC-EQ (5min) | Range 13:00-14:00 | Price=94.81 > VAH=95.20? | CVD=318678 > Ref=195713? | POC=95.10 | VAL=94.90
2026-01-27 14:24:31,184 [INFO] 🔍 Scanning for alerts on 9 symbols (5min)...
2026-01-27 14:24:31,330 [INFO]     Scanning NSE:KPITTECH-EQ (5min) | Range 09:35-10:35 | Price=1093.10 > VAH=1112.25? | CVD=114522 > Ref=11686? | POC=1111.50 | VAL=1110.00
2026-01-27 14:24:31,479 [INFO]     Scanning NSE:LODHA-EQ (5min) | Range 09:35-10:35 | Price=891.70 > VAH=874.35? | CVD=590184 > Ref=44807? | POC=874.35 | VAL=868.55
2026-01-27 14:24:31,627 [INFO]     Scanning NSE:HDFCLIFE-EQ (5min) | Range 09:35-10:35 | Price=715.25 > VAH=714.50? | CVD=-92728 > Ref=17111? | POC=713.50 | VAL=712.50
2026-01-27 14:24:31,767 [INFO]     Scanning NSE:INDHOTEL-EQ (5min) | Range 09:35-10:35 | Price=644.10 > VAH=641.90? | CVD=-361441 > Ref=64541? | POC=641.20 | VAL=640.50
2026-01-27 14:24:31,858 [INFO]     Scanning NSE:ICICIPRULI-EQ (5min) | Range 09:35-10:35 | Price=638.45 > VAH=640.50? | CVD=7905 > Ref=24713? | POC=640.50 | VAL=634.90
2026-01-27 14:24:31,939 [INFO]     Scanning NSE:CONCOR-EQ (5min) | Range 09:35-10:35 | Price=479.60 > VAH=480.90? | CVD=128886 > Ref=15532? | POC=480.20 | VAL=474.60
2026-01-27 14:24:32,065 [INFO]     Scanning NSE:NYKAA-EQ (5min) | Range 09:35-10:35 | Price=232.75 > VAH=236.50? | CVD=300889 > Ref=106592? | POC=235.25 | VAL=235.25
2026-01-27 14:24:32,193 [INFO]     Scanning NSE:INOXWIND-EQ (5min) | Range 09:35-10:35 | Price=103.52 > VAH=103.50? | CVD=-20621 > Ref=42362? | POC=103.40 | VAL=102.90
2026-01-27 14:24:32,318 [INFO]     Scanning NSE:NBCC-EQ (5min) | Range 09:35-10:35 | Price=94.81 > VAH=95.75? | CVD=318678 > Ref=195713? | POC=95.70 | VAL=95.40
2026-01-27 14:25:27,879 [INFO] 🔍 Scanning for alerts on 6 symbols (5min)...
2026-01-27 14:25:28,024 [INFO]     Scanning NSE:KPITTECH-EQ (5min) | Range 13:00-14:00 | Price=1093.50 > VAH=1100.00? | CVD=114423 > Ref=11686? | POC=1098.90 | VAL=1093.40
2026-01-27 14:25:28,200 [INFO]     Scanning NSE:LODHA-EQ (5min) | Range 13:00-14:00 | Price=894.00 > VAH=890.40? | CVD=619056 > Ref=44807? | POC=889.20 | VAL=886.80
2026-01-27 14:25:28,368 [INFO]     Scanning NSE:CONCOR-EQ (5min) | Range 13:00-14:00 | Price=479.60 > VAH=480.00? | CVD=127628 > Ref=15532? | POC=479.70 | VAL=478.80
2026-01-27 14:25:28,517 [INFO]     Scanning NSE:NYKAA-EQ (5min) | Range 13:00-14:00 | Price=233.10 > VAH=234.30? | CVD=325197 > Ref=106592? | POC=234.00 | VAL=233.85
2026-01-27 14:25:28,655 [INFO]     Scanning NSE:IEX-EQ (5min) | Range 13:00-14:00 | Price=126.33 > VAH=126.75? | CVD=416963 > Ref=0? | POC=126.30 | VAL=126.15
2026-01-27 14:25:28,789 [INFO]     Scanning NSE:NBCC-EQ (5min) | Range 13:00-14:00 | Price=94.75 > VAH=95.20? | CVD=315741 > Ref=195713? | POC=95.10 | VAL=94.90
2026-01-27 14:25:32,320 [INFO] 🔍 Scanning for alerts on 9 symbols (5min)...
2026-01-27 14:25:32,463 [INFO]     Scanning NSE:KPITTECH-EQ (5min) | Range 09:35-10:35 | Price=1093.50 > VAH=1112.25? | CVD=114423 > Ref=11686? | POC=1111.50 | VAL=1110.00
2026-01-27 14:25:32,572 [INFO]     Scanning NSE:LODHA-EQ (5min) | Range 09:35-10:35 | Price=894.00 > VAH=874.35? | CVD=619056 > Ref=44807? | POC=874.35 | VAL=868.55
2026-01-27 14:25:32,710 [INFO]     Scanning NSE:HDFCLIFE-EQ (5min) | Range 09:35-10:35 | Price=715.35 > VAH=714.50? | CVD=-91639 > Ref=17111? | POC=713.50 | VAL=712.50
2026-01-27 14:25:32,793 [INFO]     Scanning NSE:INDHOTEL-EQ (5min) | Range 09:35-10:35 | Price=644.00 > VAH=641.90? | CVD=-366051 > Ref=64541? | POC=641.20 | VAL=640.50
2026-01-27 14:25:32,909 [INFO]     Scanning NSE:ICICIPRULI-EQ (5min) | Range 09:35-10:35 | Price=638.30 > VAH=640.50? | CVD=4905 > Ref=24713? | POC=640.50 | VAL=634.90
2026-01-27 14:25:33,038 [INFO]     Scanning NSE:CONCOR-EQ (5min) | Range 09:35-10:35 | Price=479.60 > VAH=480.90? | CVD=127628 > Ref=15532? | POC=480.20 | VAL=474.60
2026-01-27 14:25:33,168 [INFO]     Scanning NSE:NYKAA-EQ (5min) | Range 09:35-10:35 | Price=233.10 > VAH=236.50? | CVD=325197 > Ref=106592? | POC=235.25 | VAL=235.25
2026-01-27 14:25:33,259 [INFO]     Scanning NSE:INOXWIND-EQ (5min) | Range 09:35-10:35 | Price=103.53 > VAH=103.50? | CVD=-18309 > Ref=42362? | POC=103.40 | VAL=102.90
2026-01-27 14:25:33,355 [INFO]     Scanning NSE:NBCC-EQ (5min) | Range 09:35-10:35 | Price=94.75 > VAH=95.75? | CVD=315741 > Ref=195713? | POC=95.70 | VAL=95.40
2026-01-27 14:26:28,791 [INFO] 🔍 Scanning for alerts on 6 symbols (5min)...
2026-01-27 14:26:28,916 [INFO]     Scanning NSE:KPITTECH-EQ (5min) | Range 13:00-14:00 | Price=1094.00 > VAH=1100.00? | CVD=115052 > Ref=11686? | POC=1098.90 | VAL=1093.40
2026-01-27 14:26:29,067 [INFO]     Scanning NSE:LODHA-EQ (5min) | Range 13:00-14:00 | Price=892.70 > VAH=890.40? | CVD=614810 > Ref=44807? | POC=889.20 | VAL=886.80
2026-01-27 14:26:29,216 [INFO]     Scanning NSE:CONCOR-EQ (5min) | Range 13:00-14:00 | Price=479.65 > VAH=480.00? | CVD=127062 > Ref=15532? | POC=479.70 | VAL=478.80
2026-01-27 14:26:29,345 [INFO]     Scanning NSE:NYKAA-EQ (5min) | Range 13:00-14:00 | Price=233.10 > VAH=234.30? | CVD=310896 > Ref=106592? | POC=234.00 | VAL=233.85
2026-01-27 14:26:29,427 [INFO]     Scanning NSE:IEX-EQ (5min) | Range 13:00-14:00 | Price=126.30 > VAH=126.75? | CVD=410135 > Ref=0? | POC=126.30 | VAL=126.15
2026-01-27 14:26:29,555 [INFO]     Scanning NSE:NBCC-EQ (5min) | Range 13:00-14:00 | Price=94.79 > VAH=95.20? | CVD=317391 > Ref=195713? | POC=95.10 | VAL=94.90
2026-01-27 14:26:33,356 [INFO] 🔍 Scanning for alerts on 9 symbols (5min)...
2026-01-27 14:26:33,481 [INFO]     Scanning NSE:KPITTECH-EQ (5min) | Range 09:35-10:35 | Price=1094.00 > VAH=1112.25? | CVD=115052 > Ref=11686? | POC=1111.50 | VAL=1110.00
2026-01-27 14:26:33,576 [INFO]     Scanning NSE:LODHA-EQ (5min) | Range 09:35-10:35 | Price=892.70 > VAH=874.35? | CVD=614810 > Ref=44807? | POC=874.35 | VAL=868.55
2026-01-27 14:26:33,659 [INFO]     Scanning NSE:HDFCLIFE-EQ (5min) | Range 09:35-10:35 | Price=715.15 > VAH=714.50? | CVD=-94246 > Ref=17111? | POC=713.50 | VAL=712.50
2026-01-27 14:26:33,741 [INFO]     Scanning NSE:INDHOTEL-EQ (5min) | Range 09:35-10:35 | Price=644.05 > VAH=641.90? | CVD=-364834 > Ref=64541? | POC=641.20 | VAL=640.50
2026-01-27 14:26:33,871 [INFO]     Scanning NSE:ICICIPRULI-EQ (5min) | Range 09:35-10:35 | Price=638.35 > VAH=640.50? | CVD=10543 > Ref=24713? | POC=640.50 | VAL=634.90
2026-01-27 14:26:34,001 [INFO]     Scanning NSE:CONCOR-EQ (5min) | Range 09:35-10:35 | Price=479.65 > VAH=480.90? | CVD=127062 > Ref=15532? | POC=480.20 | VAL=474.60
2026-01-27 14:26:34,126 [INFO]     Scanning NSE:NYKAA-EQ (5min) | Range 09:35-10:35 | Price=233.10 > VAH=236.50? | CVD=310896 > Ref=106592? | POC=235.25 | VAL=235.25
2026-01-27 14:26:34,209 [INFO]     Scanning NSE:INOXWIND-EQ (5min) | Range 09:35-10:35 | Price=103.50 > VAH=103.50? | CVD=-26824 > Ref=42362? | POC=103.40 | VAL=102.90
2026-01-27 14:26:34,350 [INFO]     Scanning NSE:NBCC-EQ (5min) | Range 09:35-10:35 | Price=94.79 > VAH=95.75? | CVD=317391 > Ref=195713? | POC=95.70 | VAL=95.40
2026-01-27 14:27:29,556 [INFO] 🔍 Scanning for alerts on 6 symbols (5min)...
2026-01-27 14:27:29,693 [INFO]     Scanning NSE:KPITTECH-EQ (5min) | Range 13:00-14:00 | Price=1093.70 > VAH=1100.00? | CVD=114417 > Ref=11686? | POC=1098.90 | VAL=1093.40
2026-01-27 14:27:29,779 [INFO]     Scanning NSE:LODHA-EQ (5min) | Range 13:00-14:00 | Price=891.70 > VAH=890.40? | CVD=611037 > Ref=44807? | POC=889.20 | VAL=886.80
2026-01-27 14:27:29,906 [INFO]     Scanning NSE:CONCOR-EQ (5min) | Range 13:00-14:00 | Price=479.55 > VAH=480.00? | CVD=126540 > Ref=15532? | POC=479.70 | VAL=478.80
2026-01-27 14:27:30,019 [INFO]     Scanning NSE:NYKAA-EQ (5min) | Range 13:00-14:00 | Price=233.20 > VAH=234.30? | CVD=320248 > Ref=106592? | POC=234.00 | VAL=233.85
2026-01-27 14:27:30,123 [INFO]     Scanning NSE:IEX-EQ (5min) | Range 13:00-14:00 | Price=126.27 > VAH=126.75? | CVD=405476 > Ref=0? | POC=126.30 | VAL=126.15
2026-01-27 14:27:30,255 [INFO]     Scanning NSE:NBCC-EQ (5min) | Range 13:00-14:00 | Price=94.87 > VAH=95.20? | CVD=321884 > Ref=195713? | POC=95.10 | VAL=94.90
2026-01-27 14:27:34,352 [INFO] 🔍 Scanning for alerts on 9 symbols (5min)...
2026-01-27 14:27:34,501 [INFO]     Scanning NSE:KPITTECH-EQ (5min) | Range 09:35-10:35 | Price=1093.70 > VAH=1112.25? | CVD=114417 > Ref=11686? | POC=1111.50 | VAL=1110.00
2026-01-27 14:27:34,627 [INFO]     Scanning NSE:LODHA-EQ (5min) | Range 09:35-10:35 | Price=891.70 > VAH=874.35? | CVD=611037 > Ref=44807? | POC=874.35 | VAL=868.55
2026-01-27 14:27:34,707 [INFO]     Scanning NSE:HDFCLIFE-EQ (5min) | Range 09:35-10:35 | Price=715.20 > VAH=714.50? | CVD=-92902 > Ref=17111? | POC=713.50 | VAL=712.50
2026-01-27 14:27:34,834 [INFO]     Scanning NSE:INDHOTEL-EQ (5min) | Range 09:35-10:35 | Price=644.00 > VAH=641.90? | CVD=-393364 > Ref=64541? | POC=641.20 | VAL=640.50
2026-01-27 14:27:34,965 [INFO]     Scanning NSE:ICICIPRULI-EQ (5min) | Range 09:35-10:35 | Price=638.00 > VAH=640.50? | CVD=7928 > Ref=24713? | POC=640.50 | VAL=634.90
2026-01-27 14:27:35,093 [INFO]     Scanning NSE:CONCOR-EQ (5min) | Range 09:35-10:35 | Price=479.55 > VAH=480.90? | CVD=126540 > Ref=15532? | POC=480.20 | VAL=474.60
2026-01-27 14:27:35,204 [INFO]     Scanning NSE:NYKAA-EQ (5min) | Range 09:35-10:35 | Price=233.20 > VAH=236.50? | CVD=320248 > Ref=106592? | POC=235.25 | VAL=235.25
2026-01-27 14:27:35,338 [INFO]     Scanning NSE:INOXWIND-EQ (5min) | Range 09:35-10:35 | Price=103.55 > VAH=103.50? | CVD=-26104 > Ref=42362? | POC=103.40 | VAL=102.90
2026-01-27 14:27:35,476 [INFO]     Scanning NSE:NBCC-EQ (5min) | Range 09:35-10:35 | Price=94.87 > VAH=95.75? | CVD=321884 > Ref=195713? | POC=95.70 | VAL=95.40
2026-01-27 14:28:30,257 [INFO] 🔍 Scanning for alerts on 6 symbols (5min)...
2026-01-27 14:28:30,388 [INFO]     Scanning NSE:KPITTECH-EQ (5min) | Range 13:00-14:00 | Price=1094.30 > VAH=1100.00? | CVD=115236 > Ref=11686? | POC=1098.90 | VAL=1093.40
2026-01-27 14:28:30,528 [INFO]     Scanning NSE:LODHA-EQ (5min) | Range 13:00-14:00 | Price=892.10 > VAH=890.40? | CVD=608168 > Ref=44807? | POC=889.20 | VAL=886.80
2026-01-27 14:28:30,659 [INFO]     Scanning NSE:CONCOR-EQ (5min) | Range 13:00-14:00 | Price=479.80 > VAH=480.00? | CVD=128014 > Ref=15532? | POC=479.70 | VAL=478.80
2026-01-27 14:28:30,790 [INFO]     Scanning NSE:NYKAA-EQ (5min) | Range 13:00-14:00 | Price=233.20 > VAH=234.30? | CVD=316771 > Ref=106592? | POC=234.00 | VAL=233.85
2026-01-27 14:28:30,874 [INFO]     Scanning NSE:IEX-EQ (5min) | Range 13:00-14:00 | Price=126.32 > VAH=126.75? | CVD=416186 > Ref=0? | POC=126.30 | VAL=126.15
2026-01-27 14:28:31,010 [INFO]     Scanning NSE:NBCC-EQ (5min) | Range 13:00-14:00 | Price=94.85 > VAH=95.20? | CVD=318803 > Ref=195713? | POC=95.10 | VAL=94.90
2026-01-27 14:28:35,477 [INFO] 🔍 Scanning for alerts on 9 symbols (5min)...
2026-01-27 14:28:35,600 [INFO]     Scanning NSE:KPITTECH-EQ (5min) | Range 09:35-10:35 | Price=1094.30 > VAH=1112.25? | CVD=115236 > Ref=11686? | POC=1111.50 | VAL=1110.00
2026-01-27 14:28:35,728 [INFO]     Scanning NSE:LODHA-EQ (5min) | Range 09:35-10:35 | Price=892.10 > VAH=874.35? | CVD=608168 > Ref=44807? | POC=874.35 | VAL=868.55
2026-01-27 14:28:35,854 [INFO]     Scanning NSE:HDFCLIFE-EQ (5min) | Range 09:35-10:35 | Price=715.15 > VAH=714.50? | CVD=-94951 > Ref=17111? | POC=713.50 | VAL=712.50
2026-01-27 14:28:35,934 [INFO]     Scanning NSE:INDHOTEL-EQ (5min) | Range 09:35-10:35 | Price=643.65 > VAH=641.90? | CVD=-395217 > Ref=64541? | POC=641.20 | VAL=640.50
2026-01-27 14:28:36,058 [INFO]     Scanning NSE:ICICIPRULI-EQ (5min) | Range 09:35-10:35 | Price=638.20 > VAH=640.50? | CVD=11653 > Ref=24713? | POC=640.50 | VAL=634.90
2026-01-27 14:28:36,142 [INFO]     Scanning NSE:CONCOR-EQ (5min) | Range 09:35-10:35 | Price=479.80 > VAH=480.90? | CVD=128014 > Ref=15532? | POC=480.20 | VAL=474.60
2026-01-27 14:28:36,294 [INFO]     Scanning NSE:NYKAA-EQ (5min) | Range 09:35-10:35 | Price=233.20 > VAH=236.50? | CVD=316771 > Ref=106592? | POC=235.25 | VAL=235.25
2026-01-27 14:28:36,415 [INFO]     Scanning NSE:INOXWIND-EQ (5min) | Range 09:35-10:35 | Price=103.58 > VAH=103.50? | CVD=-19113 > Ref=42362? | POC=103.40 | VAL=102.90
2026-01-27 14:28:36,543 [INFO]     Scanning NSE:NBCC-EQ (5min) | Range 09:35-10:35 | Price=94.85 > VAH=95.75? | CVD=318803 > Ref=195713? | POC=95.70 | VAL=95.40
2026-01-27 14:29:31,012 [INFO] 🔍 Scanning for alerts on 6 symbols (5min)...
2026-01-27 14:29:31,158 [INFO]     Scanning NSE:KPITTECH-EQ (5min) | Range 13:00-14:00 | Price=1094.40 > VAH=1100.00? | CVD=115370 > Ref=11686? | POC=1098.90 | VAL=1093.40
2026-01-27 14:29:31,307 [INFO]     Scanning NSE:LODHA-EQ (5min) | Range 13:00-14:00 | Price=892.70 > VAH=890.40? | CVD=611973 > Ref=44807? | POC=889.20 | VAL=886.80
2026-01-27 14:29:31,462 [INFO]     Scanning NSE:CONCOR-EQ (5min) | Range 13:00-14:00 | Price=479.85 > VAH=480.00? | CVD=130178 > Ref=15532? | POC=479.70 | VAL=478.80
2026-01-27 14:29:31,598 [INFO]     Scanning NSE:NYKAA-EQ (5min) | Range 13:00-14:00 | Price=233.10 > VAH=234.30? | CVD=311030 > Ref=106592? | POC=234.00 | VAL=233.85
2026-01-27 14:29:31,729 [INFO]     Scanning NSE:IEX-EQ (5min) | Range 13:00-14:00 | Price=126.33 > VAH=126.75? | CVD=421176 > Ref=0? | POC=126.30 | VAL=126.15
2026-01-27 14:29:31,846 [INFO]     Scanning NSE:NBCC-EQ (5min) | Range 13:00-14:00 | Price=94.91 > VAH=95.20? | CVD=326041 > Ref=195713? | POC=95.10 | VAL=94.90
2026-01-27 14:29:36,544 [INFO] 🔍 Scanning for alerts on 9 symbols (5min)...
2026-01-27 14:29:36,674 [INFO]     Scanning NSE:KPITTECH-EQ (5min) | Range 09:35-10:35 | Price=1094.40 > VAH=1112.25? | CVD=115370 > Ref=11686? | POC=1111.50 | VAL=1110.00
2026-01-27 14:29:36,765 [INFO]     Scanning NSE:LODHA-EQ (5min) | Range 09:35-10:35 | Price=892.70 > VAH=874.35? | CVD=611973 > Ref=44807? | POC=874.35 | VAL=868.55
2026-01-27 14:29:36,844 [INFO]     Scanning NSE:HDFCLIFE-EQ (5min) | Range 09:35-10:35 | Price=715.10 > VAH=714.50? | CVD=-96257 > Ref=17111? | POC=713.50 | VAL=712.50
2026-01-27 14:29:36,926 [INFO]     Scanning NSE:INDHOTEL-EQ (5min) | Range 09:35-10:35 | Price=643.10 > VAH=641.90? | CVD=-398351 > Ref=64541? | POC=641.20 | VAL=640.50
2026-01-27 14:29:37,042 [INFO]     Scanning NSE:ICICIPRULI-EQ (5min) | Range 09:35-10:35 | Price=638.15 > VAH=640.50? | CVD=-19694 > Ref=24713? | POC=640.50 | VAL=634.90
2026-01-27 14:29:37,147 [INFO]     Scanning NSE:CONCOR-EQ (5min) | Range 09:35-10:35 | Price=479.85 > VAH=480.90? | CVD=130178 > Ref=15532? | POC=480.20 | VAL=474.60
2026-01-27 14:29:37,231 [INFO]     Scanning NSE:NYKAA-EQ (5min) | Range 09:35-10:35 | Price=233.10 > VAH=236.50? | CVD=311030 > Ref=106592? | POC=235.25 | VAL=235.25
2026-01-27 14:29:37,357 [INFO]     Scanning NSE:INOXWIND-EQ (5min) | Range 09:35-10:35 | Price=103.58 > VAH=103.50? | CVD=6554 > Ref=42362? | POC=103.40 | VAL=102.90
2026-01-27 14:29:37,439 [INFO]     Scanning NSE:NBCC-EQ (5min) | Range 09:35-10:35 | Price=94.91 > VAH=95.75? | CVD=326041 > Ref=195713? | POC=95.70 | VAL=95.40
2026-01-27 14:30:31,848 [INFO] 🔍 Scanning for alerts on 6 symbols (5min)...
2026-01-27 14:30:31,975 [INFO]     Scanning NSE:KPITTECH-EQ (5min) | Range 13:00-14:00 | Price=1094.90 > VAH=1100.00? | CVD=115906 > Ref=11686? | POC=1098.90 | VAL=1093.40
2026-01-27 14:30:32,107 [INFO]     Scanning NSE:LODHA-EQ (5min) | Range 13:00-14:00 | Price=893.30 > VAH=890.40? | CVD=615436 > Ref=44807? | POC=889.20 | VAL=886.80
2026-01-27 14:30:32,214 [INFO]     Scanning NSE:CONCOR-EQ (5min) | Range 13:00-14:00 | Price=479.95 > VAH=480.00? | CVD=132125 > Ref=15532? | POC=479.70 | VAL=478.80
2026-01-27 14:30:32,301 [INFO]     Scanning NSE:NYKAA-EQ (5min) | Range 13:00-14:00 | Price=233.20 > VAH=234.30? | CVD=315589 > Ref=106592? | POC=234.00 | VAL=233.85
2026-01-27 14:30:32,390 [INFO]     Scanning NSE:IEX-EQ (5min) | Range 13:00-14:00 | Price=126.34 > VAH=126.75? | CVD=437098 > Ref=0? | POC=126.30 | VAL=126.15
2026-01-27 14:30:32,507 [INFO]     Scanning NSE:NBCC-EQ (5min) | Range 13:00-14:00 | Price=94.95 > VAH=95.20? | CVD=328314 > Ref=195713? | POC=95.10 | VAL=94.90
2026-01-27 14:30:37,440 [INFO] 🔍 Scanning for alerts on 9 symbols (5min)...
2026-01-27 14:30:37,567 [INFO]     Scanning NSE:KPITTECH-EQ (5min) | Range 09:35-10:35 | Price=1094.90 > VAH=1112.25? | CVD=115906 > Ref=11686? | POC=1111.50 | VAL=1110.00
2026-01-27 14:30:37,706 [INFO]     Scanning NSE:LODHA-EQ (5min) | Range 09:35-10:35 | Price=893.30 > VAH=874.35? | CVD=615436 > Ref=44807? | POC=874.35 | VAL=868.55
2026-01-27 14:30:37,793 [INFO]     Scanning NSE:HDFCLIFE-EQ (5min) | Range 09:35-10:35 | Price=715.35 > VAH=714.50? | CVD=-92907 > Ref=17111? | POC=713.50 | VAL=712.50
2026-01-27 14:30:37,907 [INFO]     Scanning NSE:INDHOTEL-EQ (5min) | Range 09:35-10:35 | Price=642.90 > VAH=641.90? | CVD=-401544 > Ref=64541? | POC=641.20 | VAL=640.50
2026-01-27 14:30:38,034 [INFO]     Scanning NSE:ICICIPRULI-EQ (5min) | Range 09:35-10:35 | Price=638.25 > VAH=640.50? | CVD=-17431 > Ref=24713? | POC=640.50 | VAL=634.90
2026-01-27 14:30:38,184 [INFO]     Scanning NSE:CONCOR-EQ (5min) | Range 09:35-10:35 | Price=479.95 > VAH=480.90? | CVD=132125 > Ref=15532? | POC=480.20 | VAL=474.60
2026-01-27 14:30:38,312 [INFO]     Scanning NSE:NYKAA-EQ (5min) | Range 09:35-10:35 | Price=233.20 > VAH=236.50? | CVD=315589 > Ref=106592? | POC=235.25 | VAL=235.25
2026-01-27 14:30:38,439 [INFO]     Scanning NSE:INOXWIND-EQ (5min) | Range 09:35-10:35 | Price=103.65 > VAH=103.50? | CVD=17522 > Ref=42362? | POC=103.40 | VAL=102.90
2026-01-27 14:30:38,522 [INFO]     Scanning NSE:NBCC-EQ (5min) | Range 09:35-10:35 | Price=94.95 > VAH=95.75? | CVD=328314 > Ref=195713? | POC=95.70 | VAL=95.40
2026-01-27 14:31:32,509 [INFO] 🔍 Scanning for alerts on 6 symbols (5min)...
2026-01-27 14:31:32,650 [INFO]     Scanning NSE:KPITTECH-EQ (5min) | Range 13:00-14:00 | Price=1094.70 > VAH=1100.00? | CVD=116095 > Ref=11686? | POC=1098.90 | VAL=1093.40
2026-01-27 14:31:32,803 [INFO]     Scanning NSE:LODHA-EQ (5min) | Range 13:00-14:00 | Price=893.70 > VAH=890.40? | CVD=625566 > Ref=44807? | POC=889.20 | VAL=886.80
2026-01-27 14:31:32,910 [INFO]     Scanning NSE:CONCOR-EQ (5min) | Range 13:00-14:00 | Price=480.10 > VAH=480.00? | CVD=133694 > Ref=15532? | POC=479.70 | VAL=478.80
2026-01-27 14:31:33,042 [INFO]     Scanning NSE:NYKAA-EQ (5min) | Range 13:00-14:00 | Price=233.20 > VAH=234.30? | CVD=321577 > Ref=106592? | POC=234.00 | VAL=233.85
2026-01-27 14:31:33,188 [INFO]     Scanning NSE:IEX-EQ (5min) | Range 13:00-14:00 | Price=126.47 > VAH=126.75? | CVD=441118 > Ref=0? | POC=126.30 | VAL=126.15
2026-01-27 14:31:33,323 [INFO]     Scanning NSE:NBCC-EQ (5min) | Range 13:00-14:00 | Price=95.05 > VAH=95.20? | CVD=366112 > Ref=195713? | POC=95.10 | VAL=94.90
2026-01-27 14:31:38,523 [INFO] 🔍 Scanning for alerts on 9 symbols (5min)...
2026-01-27 14:31:38,650 [INFO]     Scanning NSE:KPITTECH-EQ (5min) | Range 09:35-10:35 | Price=1094.70 > VAH=1112.25? | CVD=116095 > Ref=11686? | POC=1111.50 | VAL=1110.00
2026-01-27 14:31:38,777 [INFO]     Scanning NSE:LODHA-EQ (5min) | Range 09:35-10:35 | Price=893.70 > VAH=874.35? | CVD=625566 > Ref=44807? | POC=874.35 | VAL=868.55
2026-01-27 14:31:38,913 [INFO]     Scanning NSE:HDFCLIFE-EQ (5min) | Range 09:35-10:35 | Price=715.55 > VAH=714.50? | CVD=-86271 > Ref=17111? | POC=713.50 | VAL=712.50
2026-01-27 14:31:39,009 [INFO]     Scanning NSE:INDHOTEL-EQ (5min) | Range 09:35-10:35 | Price=643.20 > VAH=641.90? | CVD=-390005 > Ref=64541? | POC=641.20 | VAL=640.50
2026-01-27 14:31:39,138 [INFO]     Scanning NSE:ICICIPRULI-EQ (5min) | Range 09:35-10:35 | Price=638.60 > VAH=640.50? | CVD=-14390 > Ref=24713? | POC=640.50 | VAL=634.90
2026-01-27 14:31:39,233 [INFO]     Scanning NSE:CONCOR-EQ (5min) | Range 09:35-10:35 | Price=480.10 > VAH=480.90? | CVD=133694 > Ref=15532? | POC=480.20 | VAL=474.60
2026-01-27 14:31:39,358 [INFO]     Scanning NSE:NYKAA-EQ (5min) | Range 09:35-10:35 | Price=233.20 > VAH=236.50? | CVD=321577 > Ref=106592? | POC=235.25 | VAL=235.25
2026-01-27 14:31:39,488 [INFO]     Scanning NSE:INOXWIND-EQ (5min) | Range 09:35-10:35 | Price=103.65 > VAH=103.50? | CVD=43954 > Ref=42362? | POC=103.40 | VAL=102.90
2026-01-27 14:31:39,634 [INFO]     Scanning NSE:NBCC-EQ (5min) | Range 09:35-10:35 | Price=95.05 > VAH=95.75? | CVD=366112 > Ref=195713? | POC=95.70 | VAL=95.40
2026-01-27 14:32:33,325 [INFO] 🔍 Scanning for alerts on 6 symbols (5min)...
2026-01-27 14:32:33,473 [INFO]     Scanning NSE:KPITTECH-EQ (5min) | Range 13:00-14:00 | Price=1095.40 > VAH=1100.00? | CVD=117544 > Ref=11686? | POC=1098.90 | VAL=1093.40
2026-01-27 14:32:33,599 [INFO]     Scanning NSE:LODHA-EQ (5min) | Range 13:00-14:00 | Price=895.90 > VAH=890.40? | CVD=640214 > Ref=44807? | POC=889.20 | VAL=886.80
2026-01-27 14:32:33,702 [INFO]     Scanning NSE:CONCOR-EQ (5min) | Range 13:00-14:00 | Price=480.35 > VAH=480.00? | CVD=135580 > Ref=15532? | POC=479.70 | VAL=478.80
2026-01-27 14:32:33,839 [INFO]     Scanning NSE:NYKAA-EQ (5min) | Range 13:00-14:00 | Price=233.40 > VAH=234.30? | CVD=331949 > Ref=106592? | POC=234.00 | VAL=233.85
2026-01-27 14:32:33,935 [INFO]     Scanning NSE:IEX-EQ (5min) | Range 13:00-14:00 | Price=126.50 > VAH=126.75? | CVD=467335 > Ref=0? | POC=126.30 | VAL=126.15
2026-01-27 14:32:34,065 [INFO]     Scanning NSE:NBCC-EQ (5min) | Range 13:00-14:00 | Price=94.97 > VAH=95.20? | CVD=350605 > Ref=195713? | POC=95.10 | VAL=94.90
2026-01-27 14:32:39,636 [INFO] 🔍 Scanning for alerts on 9 symbols (5min)...
2026-01-27 14:32:39,763 [INFO]     Scanning NSE:KPITTECH-EQ (5min) | Range 09:35-10:35 | Price=1095.40 > VAH=1112.25? | CVD=117544 > Ref=11686? | POC=1111.50 | VAL=1110.00
2026-01-27 14:32:39,891 [INFO]     Scanning NSE:LODHA-EQ (5min) | Range 09:35-10:35 | Price=895.90 > VAH=874.35? | CVD=640214 > Ref=44807? | POC=874.35 | VAL=868.55
2026-01-27 14:32:39,980 [INFO]     Scanning NSE:HDFCLIFE-EQ (5min) | Range 09:35-10:35 | Price=716.15 > VAH=714.50? | CVD=-81229 > Ref=17111? | POC=713.50 | VAL=712.50
2026-01-27 14:32:40,106 [INFO]     Scanning NSE:INDHOTEL-EQ (5min) | Range 09:35-10:35 | Price=644.00 > VAH=641.90? | CVD=-383654 > Ref=64541? | POC=641.20 | VAL=640.50
2026-01-27 14:32:40,190 [INFO]     Scanning NSE:ICICIPRULI-EQ (5min) | Range 09:35-10:35 | Price=639.50 > VAH=640.50? | CVD=-6238 > Ref=24713? | POC=640.50 | VAL=634.90
2026-01-27 14:32:40,333 [INFO]     Scanning NSE:CONCOR-EQ (5min) | Range 09:35-10:35 | Price=480.35 > VAH=480.90? | CVD=135580 > Ref=15532? | POC=480.20 | VAL=474.60
2026-01-27 14:32:40,461 [INFO]     Scanning NSE:NYKAA-EQ (5min) | Range 09:35-10:35 | Price=233.40 > VAH=236.50? | CVD=331949 > Ref=106592? | POC=235.25 | VAL=235.25
2026-01-27 14:32:40,570 [INFO]     Scanning NSE:INOXWIND-EQ (5min) | Range 09:35-10:35 | Price=103.70 > VAH=103.50? | CVD=59048 > Ref=42362? | POC=103.40 | VAL=102.90
2026-01-27 14:32:40,653 [INFO]     Scanning NSE:NBCC-EQ (5min) | Range 09:35-10:35 | Price=94.97 > VAH=95.75? | CVD=350605 > Ref=195713? | POC=95.70 | VAL=95.40
2026-01-27 14:33:34,067 [INFO] 🔍 Scanning for alerts on 6 symbols (5min)...
2026-01-27 14:33:34,198 [INFO]     Scanning NSE:KPITTECH-EQ (5min) | Range 13:00-14:00 | Price=1096.80 > VAH=1100.00? | CVD=120297 > Ref=11686? | POC=1098.90 | VAL=1093.40
2026-01-27 14:33:34,312 [INFO]     Scanning NSE:LODHA-EQ (5min) | Range 13:00-14:00 | Price=898.50 > VAH=890.40? | CVD=652178 > Ref=44807? | POC=889.20 | VAL=886.80
2026-01-27 14:33:34,444 [INFO]     Scanning NSE:CONCOR-EQ (5min) | Range 13:00-14:00 | Price=480.30 > VAH=480.00? | CVD=134719 > Ref=15532? | POC=479.70 | VAL=478.80
2026-01-27 14:33:34,595 [INFO]     Scanning NSE:NYKAA-EQ (5min) | Range 13:00-14:00 | Price=233.40 > VAH=234.30? | CVD=328703 > Ref=106592? | POC=234.00 | VAL=233.85
2026-01-27 14:33:34,747 [INFO]     Scanning NSE:IEX-EQ (5min) | Range 13:00-14:00 | Price=126.58 > VAH=126.75? | CVD=479301 > Ref=0? | POC=126.30 | VAL=126.15
2026-01-27 14:33:34,888 [INFO]     Scanning NSE:NBCC-EQ (5min) | Range 13:00-14:00 | Price=94.95 > VAH=95.20? | CVD=342911 > Ref=195713? | POC=95.10 | VAL=94.90
2026-01-27 14:33:40,654 [INFO] 🔍 Scanning for alerts on 9 symbols (5min)...
2026-01-27 14:33:40,803 [INFO]     Scanning NSE:KPITTECH-EQ (5min) | Range 09:35-10:35 | Price=1096.80 > VAH=1112.25? | CVD=120297 > Ref=11686? | POC=1111.50 | VAL=1110.00
2026-01-27 14:33:40,953 [INFO]     Scanning NSE:LODHA-EQ (5min) | Range 09:35-10:35 | Price=898.50 > VAH=874.35? | CVD=652178 > Ref=44807? | POC=874.35 | VAL=868.55
2026-01-27 14:33:41,095 [INFO]     Scanning NSE:HDFCLIFE-EQ (5min) | Range 09:35-10:35 | Price=716.15 > VAH=714.50? | CVD=-80084 > Ref=17111? | POC=713.50 | VAL=712.50
2026-01-27 14:33:41,208 [INFO]     Scanning NSE:INDHOTEL-EQ (5min) | Range 09:35-10:35 | Price=644.30 > VAH=641.90? | CVD=-357124 > Ref=64541? | POC=641.20 | VAL=640.50
2026-01-27 14:33:41,294 [INFO]     Scanning NSE:ICICIPRULI-EQ (5min) | Range 09:35-10:35 | Price=639.30 > VAH=640.50? | CVD=-17363 > Ref=24713? | POC=640.50 | VAL=634.90
2026-01-27 14:33:41,422 [INFO]     Scanning NSE:CONCOR-EQ (5min) | Range 09:35-10:35 | Price=480.30 > VAH=480.90? | CVD=134719 > Ref=15532? | POC=480.20 | VAL=474.60
2026-01-27 14:33:41,504 [INFO]     Scanning NSE:NYKAA-EQ (5min) | Range 09:35-10:35 | Price=233.40 > VAH=236.50? | CVD=328703 > Ref=106592? | POC=235.25 | VAL=235.25
2026-01-27 14:33:41,649 [INFO]     Scanning NSE:INOXWIND-EQ (5min) | Range 09:35-10:35 | Price=103.79 > VAH=103.50? | CVD=62830 > Ref=42362? | POC=103.40 | VAL=102.90
2026-01-27 14:33:41,764 [INFO]     Scanning NSE:NBCC-EQ (5min) | Range 09:35-10:35 | Price=94.95 > VAH=95.75? | CVD=342911 > Ref=195713? | POC=95.70 | VAL=95.40
2026-01-27 14:34:34,891 [INFO] 🔍 Scanning for alerts on 6 symbols (5min)...
2026-01-27 14:34:35,028 [INFO]     Scanning NSE:KPITTECH-EQ (5min) | Range 13:00-14:00 | Price=1097.90 > VAH=1100.00? | CVD=122990 > Ref=11686? | POC=1098.90 | VAL=1093.40
2026-01-27 14:34:35,142 [INFO]     Scanning NSE:LODHA-EQ (5min) | Range 13:00-14:00 | Price=898.20 > VAH=890.40? | CVD=645298 > Ref=44807? | POC=889.20 | VAL=886.80
2026-01-27 14:34:35,278 [INFO]     Scanning NSE:CONCOR-EQ (5min) | Range 13:00-14:00 | Price=480.50 > VAH=480.00? | CVD=141930 > Ref=15532? | POC=479.70 | VAL=478.80
2026-01-27 14:34:35,413 [INFO]     Scanning NSE:NYKAA-EQ (5min) | Range 13:00-14:00 | Price=233.35 > VAH=234.30? | CVD=318341 > Ref=106592? | POC=234.00 | VAL=233.85
2026-01-27 14:34:35,545 [INFO]     Scanning NSE:IEX-EQ (5min) | Range 13:00-14:00 | Price=126.73 > VAH=126.75? | CVD=489347 > Ref=0? | POC=126.30 | VAL=126.15
2026-01-27 14:34:35,682 [INFO]     Scanning NSE:NBCC-EQ (5min) | Range 13:00-14:00 | Price=95.05 > VAH=95.20? | CVD=350893 > Ref=195713? | POC=95.10 | VAL=94.90
2026-01-27 14:34:41,765 [INFO] 🔍 Scanning for alerts on 9 symbols (5min)...
2026-01-27 14:34:41,891 [INFO]     Scanning NSE:KPITTECH-EQ (5min) | Range 09:35-10:35 | Price=1097.90 > VAH=1112.25? | CVD=122990 > Ref=11686? | POC=1111.50 | VAL=1110.00
2026-01-27 14:34:42,022 [INFO]     Scanning NSE:LODHA-EQ (5min) | Range 09:35-10:35 | Price=898.20 > VAH=874.35? | CVD=645298 > Ref=44807? | POC=874.35 | VAL=868.55
2026-01-27 14:34:42,163 [INFO]     Scanning NSE:HDFCLIFE-EQ (5min) | Range 09:35-10:35 | Price=715.65 > VAH=714.50? | CVD=-86532 > Ref=17111? | POC=713.50 | VAL=712.50
2026-01-27 14:34:42,295 [INFO]     Scanning NSE:INDHOTEL-EQ (5min) | Range 09:35-10:35 | Price=644.50 > VAH=641.90? | CVD=-349524 > Ref=64541? | POC=641.20 | VAL=640.50
2026-01-27 14:34:42,377 [INFO]     Scanning NSE:ICICIPRULI-EQ (5min) | Range 09:35-10:35 | Price=639.40 > VAH=640.50? | CVD=-14102 > Ref=24713? | POC=640.50 | VAL=634.90
2026-01-27 14:34:42,462 [INFO]     Scanning NSE:CONCOR-EQ (5min) | Range 09:35-10:35 | Price=480.50 > VAH=480.90? | CVD=141930 > Ref=15532? | POC=480.20 | VAL=474.60
2026-01-27 14:34:42,594 [INFO]     Scanning NSE:NYKAA-EQ (5min) | Range 09:35-10:35 | Price=233.35 > VAH=236.50? | CVD=318341 > Ref=106592? | POC=235.25 | VAL=235.25
2026-01-27 14:34:42,735 [INFO]     Scanning NSE:INOXWIND-EQ (5min) | Range 09:35-10:35 | Price=103.75 > VAH=103.50? | CVD=53058 > Ref=42362? | POC=103.40 | VAL=102.90
2026-01-27 14:34:42,818 [INFO]     Scanning NSE:NBCC-EQ (5min) | Range 09:35-10:35 | Price=95.05 > VAH=95.75? | CVD=350893 > Ref=195713? | POC=95.70 | VAL=95.40
2026-01-27 14:35:35,684 [INFO] 🔍 Scanning for alerts on 6 symbols (5min)...
2026-01-27 14:35:35,840 [INFO]     Scanning NSE:KPITTECH-EQ (5min) | Range 13:00-14:00 | Price=1098.10 > VAH=1100.00? | CVD=124387 > Ref=11686? | POC=1098.90 | VAL=1093.40
2026-01-27 14:35:35,979 [INFO]     Scanning NSE:LODHA-EQ (5min) | Range 13:00-14:00 | Price=898.70 > VAH=890.40? | CVD=648319 > Ref=44807? | POC=889.20 | VAL=886.80
2026-01-27 14:35:36,114 [INFO]     Scanning NSE:CONCOR-EQ (5min) | Range 13:00-14:00 | Price=480.60 > VAH=480.00? | CVD=136638 > Ref=15532? | POC=479.70 | VAL=478.80
2026-01-27 14:35:36,308 [INFO]     Scanning NSE:NYKAA-EQ (5min) | Range 13:00-14:00 | Price=233.45 > VAH=234.30? | CVD=325460 > Ref=106592? | POC=234.00 | VAL=233.85
2026-01-27 14:35:36,447 [INFO]     Scanning NSE:IEX-EQ (5min) | Range 13:00-14:00 | Price=126.83 > VAH=126.75? | CVD=437868 > Ref=0? | POC=126.30 | VAL=126.15
2026-01-27 14:35:36,590 [INFO]     Scanning NSE:NBCC-EQ (5min) | Range 13:00-14:00 | Price=95.18 > VAH=95.20? | CVD=404957 > Ref=195713? | POC=95.10 | VAL=94.90
2026-01-27 14:35:42,820 [INFO] 🔍 Scanning for alerts on 9 symbols (5min)...
2026-01-27 14:35:42,992 [INFO]     Scanning NSE:KPITTECH-EQ (5min) | Range 09:35-10:35 | Price=1098.10 > VAH=1112.25? | CVD=124387 > Ref=11686? | POC=1111.50 | VAL=1110.00
2026-01-27 14:35:43,149 [INFO]     Scanning NSE:LODHA-EQ (5min) | Range 09:35-10:35 | Price=898.70 > VAH=874.35? | CVD=648319 > Ref=44807? | POC=874.35 | VAL=868.55
2026-01-27 14:35:43,280 [INFO]     Scanning NSE:HDFCLIFE-EQ (5min) | Range 09:35-10:35 | Price=715.85 > VAH=714.50? | CVD=-85105 > Ref=17111? | POC=713.50 | VAL=712.50
2026-01-27 14:35:43,418 [INFO]     Scanning NSE:INDHOTEL-EQ (5min) | Range 09:35-10:35 | Price=644.75 > VAH=641.90? | CVD=-353130 > Ref=64541? | POC=641.20 | VAL=640.50
2026-01-27 14:35:43,560 [INFO]     Scanning NSE:ICICIPRULI-EQ (5min) | Range 09:35-10:35 | Price=639.00 > VAH=640.50? | CVD=-17115 > Ref=24713? | POC=640.50 | VAL=634.90
2026-01-27 14:35:43,723 [INFO]     Scanning NSE:CONCOR-EQ (5min) | Range 09:35-10:35 | Price=480.60 > VAH=480.90? | CVD=136638 > Ref=15532? | POC=480.20 | VAL=474.60
2026-01-27 14:35:43,845 [INFO]     Scanning NSE:NYKAA-EQ (5min) | Range 09:35-10:35 | Price=233.45 > VAH=236.50? | CVD=325460 > Ref=106592? | POC=235.25 | VAL=235.25
2026-01-27 14:35:44,004 [INFO]     Scanning NSE:INOXWIND-EQ (5min) | Range 09:35-10:35 | Price=103.81 > VAH=103.50? | CVD=55685 > Ref=42362? | POC=103.40 | VAL=102.90
2026-01-27 14:35:44,151 [INFO]     Scanning NSE:NBCC-EQ (5min) | Range 09:35-10:35 | Price=95.18 > VAH=95.75? | CVD=404957 > Ref=195713? | POC=95.70 | VAL=95.40
2026-01-27 14:36:36,592 [INFO] 🔍 Scanning for alerts on 6 symbols (5min)...
2026-01-27 14:36:36,725 [INFO]     Scanning NSE:KPITTECH-EQ (5min) | Range 13:00-14:00 | Price=1099.60 > VAH=1100.00? | CVD=125899 > Ref=11686? | POC=1098.90 | VAL=1093.40
2026-01-27 14:36:36,814 [INFO]     Scanning NSE:LODHA-EQ (5min) | Range 13:00-14:00 | Price=899.90 > VAH=890.40? | CVD=653064 > Ref=44807? | POC=889.20 | VAL=886.80
2026-01-27 14:36:36,920 [INFO]     Scanning NSE:CONCOR-EQ (5min) | Range 13:00-14:00 | Price=480.65 > VAH=480.00? | CVD=145304 > Ref=15532? | POC=479.70 | VAL=478.80
2026-01-27 14:36:37,052 [INFO]     Scanning NSE:NYKAA-EQ (5min) | Range 13:00-14:00 | Price=233.40 > VAH=234.30? | CVD=283977 > Ref=106592? | POC=234.00 | VAL=233.85
2026-01-27 14:36:37,170 [INFO]     Scanning NSE:IEX-EQ (5min) | Range 13:00-14:00 | Price=126.86 > VAH=126.75? | CVD=456758 > Ref=0? | POC=126.30 | VAL=126.15
2026-01-27 14:36:37,299 [INFO]     Scanning NSE:NBCC-EQ (5min) | Range 13:00-14:00 | Price=95.19 > VAH=95.20? | CVD=405817 > Ref=195713? | POC=95.10 | VAL=94.90
2026-01-27 14:36:44,152 [INFO] 🔍 Scanning for alerts on 9 symbols (5min)...
2026-01-27 14:36:44,304 [INFO]     Scanning NSE:KPITTECH-EQ (5min) | Range 09:35-10:35 | Price=1099.60 > VAH=1112.25? | CVD=125899 > Ref=11686? | POC=1111.50 | VAL=1110.00
2026-01-27 14:36:44,437 [INFO]     Scanning NSE:LODHA-EQ (5min) | Range 09:35-10:35 | Price=899.90 > VAH=874.35? | CVD=653064 > Ref=44807? | POC=874.35 | VAL=868.55
2026-01-27 14:36:44,530 [INFO]     Scanning NSE:HDFCLIFE-EQ (5min) | Range 09:35-10:35 | Price=715.65 > VAH=714.50? | CVD=-87519 > Ref=17111? | POC=713.50 | VAL=712.50
2026-01-27 14:36:44,659 [INFO]     Scanning NSE:INDHOTEL-EQ (5min) | Range 09:35-10:35 | Price=644.85 > VAH=641.90? | CVD=-346027 > Ref=64541? | POC=641.20 | VAL=640.50
2026-01-27 14:36:44,784 [INFO]     Scanning NSE:ICICIPRULI-EQ (5min) | Range 09:35-10:35 | Price=638.95 > VAH=640.50? | CVD=-22751 > Ref=24713? | POC=640.50 | VAL=634.90
2026-01-27 14:36:45,003 [INFO]     Scanning NSE:CONCOR-EQ (5min) | Range 09:35-10:35 | Price=480.65 > VAH=480.90? | CVD=145304 > Ref=15532? | POC=480.20 | VAL=474.60
2026-01-27 14:36:45,159 [INFO]     Scanning NSE:NYKAA-EQ (5min) | Range 09:35-10:35 | Price=233.40 > VAH=236.50? | CVD=283977 > Ref=106592? | POC=235.25 | VAL=235.25
2026-01-27 14:36:45,283 [INFO]     Scanning NSE:INOXWIND-EQ (5min) | Range 09:35-10:35 | Price=103.92 > VAH=103.50? | CVD=61727 > Ref=42362? | POC=103.40 | VAL=102.90
2026-01-27 14:36:45,419 [INFO]     Scanning NSE:NBCC-EQ (5min) | Range 09:35-10:35 | Price=95.19 > VAH=95.75? | CVD=405817 > Ref=195713? | POC=95.70 | VAL=95.40
2026-01-27 14:37:37,301 [INFO] 🔍 Scanning for alerts on 6 symbols (5min)...
2026-01-27 14:37:37,450 [INFO]     Scanning NSE:KPITTECH-EQ (5min) | Range 13:00-14:00 | Price=1100.00 > VAH=1100.00? | CVD=129612 > Ref=11686? | POC=1098.90 | VAL=1093.40
2026-01-27 14:37:37,592 [INFO]     Scanning NSE:LODHA-EQ (5min) | Range 13:00-14:00 | Price=900.60 > VAH=890.40? | CVD=660015 > Ref=44807? | POC=889.20 | VAL=886.80
2026-01-27 14:37:37,743 [INFO]     Scanning NSE:CONCOR-EQ (5min) | Range 13:00-14:00 | Price=480.75 > VAH=480.00? | CVD=156923 > Ref=15532? | POC=479.70 | VAL=478.80
2026-01-27 14:37:37,879 [INFO]     Scanning NSE:NYKAA-EQ (5min) | Range 13:00-14:00 | Price=233.40 > VAH=234.30? | CVD=273167 > Ref=106592? | POC=234.00 | VAL=233.85
2026-01-27 14:37:37,967 [INFO]     Scanning NSE:IEX-EQ (5min) | Range 13:00-14:00 | Price=126.99 > VAH=126.75? | CVD=466682 > Ref=0? | POC=126.30 | VAL=126.15
2026-01-27 14:37:38,079 [INFO]     Scanning NSE:NBCC-EQ (5min) | Range 13:00-14:00 | Price=95.23 > VAH=95.20? | CVD=425168 > Ref=195713? | POC=95.10 | VAL=94.90
2026-01-27 14:37:45,420 [INFO] 🔍 Scanning for alerts on 9 symbols (5min)...
2026-01-27 14:37:45,565 [INFO]     Scanning NSE:KPITTECH-EQ (5min) | Range 09:35-10:35 | Price=1100.00 > VAH=1112.25? | CVD=129612 > Ref=11686? | POC=1111.50 | VAL=1110.00
2026-01-27 14:37:45,700 [INFO]     Scanning NSE:LODHA-EQ (5min) | Range 09:35-10:35 | Price=900.60 > VAH=874.35? | CVD=660015 > Ref=44807? | POC=874.35 | VAL=868.55
2026-01-27 14:37:45,817 [INFO]     Scanning NSE:HDFCLIFE-EQ (5min) | Range 09:35-10:35 | Price=715.80 > VAH=714.50? | CVD=-85966 > Ref=17111? | POC=713.50 | VAL=712.50
2026-01-27 14:37:45,929 [INFO]     Scanning NSE:INDHOTEL-EQ (5min) | Range 09:35-10:35 | Price=644.70 > VAH=641.90? | CVD=-355974 > Ref=64541? | POC=641.20 | VAL=640.50
2026-01-27 14:37:46,080 [INFO]     Scanning NSE:ICICIPRULI-EQ (5min) | Range 09:35-10:35 | Price=638.95 > VAH=640.50? | CVD=-25519 > Ref=24713? | POC=640.50 | VAL=634.90
2026-01-27 14:37:46,234 [INFO]     Scanning NSE:CONCOR-EQ (5min) | Range 09:35-10:35 | Price=480.75 > VAH=480.90? | CVD=156923 > Ref=15532? | POC=480.20 | VAL=474.60
2026-01-27 14:37:46,402 [INFO]     Scanning NSE:NYKAA-EQ (5min) | Range 09:35-10:35 | Price=233.40 > VAH=236.50? | CVD=273167 > Ref=106592? | POC=235.25 | VAL=235.25
2026-01-27 14:37:46,595 [INFO]     Scanning NSE:INOXWIND-EQ (5min) | Range 09:35-10:35 | Price=104.05 > VAH=103.50? | CVD=103220 > Ref=42362? | POC=103.40 | VAL=102.90
2026-01-27 14:37:46,788 [INFO]     Scanning NSE:NBCC-EQ (5min) | Range 09:35-10:35 | Price=95.23 > VAH=95.75? | CVD=425168 > Ref=195713? | POC=95.70 | VAL=95.40
2026-01-27 14:38:38,081 [INFO] 🔍 Scanning for alerts on 6 symbols (5min)...
2026-01-27 14:38:38,214 [INFO]     Scanning NSE:KPITTECH-EQ (5min) | Range 13:00-14:00 | Price=1100.80 > VAH=1100.00? | CVD=130736 > Ref=11686? | POC=1098.90 | VAL=1093.40
2026-01-27 14:38:38,323 [INFO]     Scanning NSE:LODHA-EQ (5min) | Range 13:00-14:00 | Price=900.20 > VAH=890.40? | CVD=653939 > Ref=44807? | POC=889.20 | VAL=886.80
2026-01-27 14:38:38,419 [INFO]     Scanning NSE:CONCOR-EQ (5min) | Range 13:00-14:00 | Price=480.85 > VAH=480.00? | CVD=160713 > Ref=15532? | POC=479.70 | VAL=478.80
2026-01-27 14:38:38,533 [INFO]     Scanning NSE:NYKAA-EQ (5min) | Range 13:00-14:00 | Price=233.40 > VAH=234.30? | CVD=271451 > Ref=106592? | POC=234.00 | VAL=233.85
2026-01-27 14:38:38,672 [INFO]     Scanning NSE:IEX-EQ (5min) | Range 13:00-14:00 | Price=126.94 > VAH=126.75? | CVD=455068 > Ref=0? | POC=126.30 | VAL=126.15
2026-01-27 14:38:38,819 [INFO]     Scanning NSE:NBCC-EQ (5min) | Range 13:00-14:00 | Price=95.26 > VAH=95.20? | CVD=437663 > Ref=195713? | POC=95.10 | VAL=94.90
2026-01-27 14:38:46,789 [INFO] 🔍 Scanning for alerts on 9 symbols (5min)...
2026-01-27 14:38:46,922 [INFO]     Scanning NSE:KPITTECH-EQ (5min) | Range 09:35-10:35 | Price=1100.80 > VAH=1112.25? | CVD=130736 > Ref=11686? | POC=1111.50 | VAL=1110.00
2026-01-27 14:38:47,049 [INFO]     Scanning NSE:LODHA-EQ (5min) | Range 09:35-10:35 | Price=900.20 > VAH=874.35? | CVD=653939 > Ref=44807? | POC=874.35 | VAL=868.55
2026-01-27 14:38:47,177 [INFO]     Scanning NSE:HDFCLIFE-EQ (5min) | Range 09:35-10:35 | Price=716.15 > VAH=714.50? | CVD=-84574 > Ref=17111? | POC=713.50 | VAL=712.50
2026-01-27 14:38:47,322 [INFO]     Scanning NSE:INDHOTEL-EQ (5min) | Range 09:35-10:35 | Price=644.85 > VAH=641.90? | CVD=-362328 > Ref=64541? | POC=641.20 | VAL=640.50
2026-01-27 14:38:47,437 [INFO]     Scanning NSE:ICICIPRULI-EQ (5min) | Range 09:35-10:35 | Price=640.25 > VAH=640.50? | CVD=-8497 > Ref=24713? | POC=640.50 | VAL=634.90
2026-01-27 14:38:47,523 [INFO]     Scanning NSE:CONCOR-EQ (5min) | Range 09:35-10:35 | Price=480.85 > VAH=480.90? | CVD=160713 > Ref=15532? | POC=480.20 | VAL=474.60
2026-01-27 14:38:47,622 [INFO]     Scanning NSE:NYKAA-EQ (5min) | Range 09:35-10:35 | Price=233.40 > VAH=236.50? | CVD=271451 > Ref=106592? | POC=235.25 | VAL=235.25
2026-01-27 14:38:47,722 [INFO]     Scanning NSE:INOXWIND-EQ (5min) | Range 09:35-10:35 | Price=104.06 > VAH=103.50? | CVD=105539 > Ref=42362? | POC=103.40 | VAL=102.90
2026-01-27 14:38:47,824 [INFO]     Scanning NSE:NBCC-EQ (5min) | Range 09:35-10:35 | Price=95.26 > VAH=95.75? | CVD=437663 > Ref=195713? | POC=95.70 | VAL=95.40
2026-01-27 14:39:38,821 [INFO] 🔍 Scanning for alerts on 6 symbols (5min)...
2026-01-27 14:39:38,955 [INFO]     Scanning NSE:KPITTECH-EQ (5min) | Range 13:00-14:00 | Price=1101.80 > VAH=1100.00? | CVD=132425 > Ref=11686? | POC=1098.90 | VAL=1093.40
2026-01-27 14:39:39,062 [INFO]     Scanning NSE:LODHA-EQ (5min) | Range 13:00-14:00 | Price=900.30 > VAH=890.40? | CVD=665913 > Ref=44807? | POC=889.20 | VAL=886.80
2026-01-27 14:39:39,149 [INFO]     Scanning NSE:CONCOR-EQ (5min) | Range 13:00-14:00 | Price=481.20 > VAH=480.00? | CVD=174698 > Ref=15532? | POC=479.70 | VAL=478.80
2026-01-27 14:39:39,265 [INFO]     Scanning NSE:NYKAA-EQ (5min) | Range 13:00-14:00 | Price=233.40 > VAH=234.30? | CVD=261319 > Ref=106592? | POC=234.00 | VAL=233.85
2026-01-27 14:39:39,395 [INFO]     Scanning NSE:IEX-EQ (5min) | Range 13:00-14:00 | Price=126.99 > VAH=126.75? | CVD=484231 > Ref=0? | POC=126.30 | VAL=126.15
2026-01-27 14:39:39,529 [INFO]     Scanning NSE:NBCC-EQ (5min) | Range 13:00-14:00 | Price=95.55 > VAH=95.20? | CVD=466955 > Ref=195713? | POC=95.10 | VAL=94.90
2026-01-27 14:39:47,826 [INFO] 🔍 Scanning for alerts on 9 symbols (5min)...
2026-01-27 14:39:47,975 [INFO]     Scanning NSE:KPITTECH-EQ (5min) | Range 09:35-10:35 | Price=1101.80 > VAH=1112.25? | CVD=132425 > Ref=11686? | POC=1111.50 | VAL=1110.00
2026-01-27 14:39:48,105 [INFO]     Scanning NSE:LODHA-EQ (5min) | Range 09:35-10:35 | Price=900.30 > VAH=874.35? | CVD=665913 > Ref=44807? | POC=874.35 | VAL=868.55
2026-01-27 14:39:48,237 [INFO]     Scanning NSE:HDFCLIFE-EQ (5min) | Range 09:35-10:35 | Price=716.65 > VAH=714.50? | CVD=-79990 > Ref=17111? | POC=713.50 | VAL=712.50
2026-01-27 14:39:48,356 [INFO]     Scanning NSE:INDHOTEL-EQ (5min) | Range 09:35-10:35 | Price=645.15 > VAH=641.90? | CVD=-349468 > Ref=64541? | POC=641.20 | VAL=640.50
2026-01-27 14:39:48,469 [INFO]     Scanning NSE:ICICIPRULI-EQ (5min) | Range 09:35-10:35 | Price=641.20 > VAH=640.50? | CVD=-3142 > Ref=24713? | POC=640.50 | VAL=634.90
2026-01-27 14:39:48,627 [INFO]     Scanning NSE:CONCOR-EQ (5min) | Range 09:35-10:35 | Price=481.20 > VAH=480.90? | CVD=174698 > Ref=15532? | POC=480.20 | VAL=474.60
2026-01-27 14:39:48,726 [INFO]     Scanning NSE:NYKAA-EQ (5min) | Range 09:35-10:35 | Price=233.40 > VAH=236.50? | CVD=261319 > Ref=106592? | POC=235.25 | VAL=235.25
2026-01-27 14:39:48,850 [INFO]     Scanning NSE:INOXWIND-EQ (5min) | Range 09:35-10:35 | Price=104.08 > VAH=103.50? | CVD=56584 > Ref=42362? | POC=103.40 | VAL=102.90
2026-01-27 14:39:48,998 [INFO]     Scanning NSE:NBCC-EQ (5min) | Range 09:35-10:35 | Price=95.55 > VAH=95.75? | CVD=466955 > Ref=195713? | POC=95.70 | VAL=95.40
2026-01-27 14:40:39,531 [INFO] 🔍 Scanning for alerts on 6 symbols (5min)...
2026-01-27 14:40:39,683 [INFO]     Scanning NSE:KPITTECH-EQ (5min) | Range 13:00-14:00 | Price=1102.90 > VAH=1100.00? | CVD=133573 > Ref=11686? | POC=1098.90 | VAL=1093.40
2026-01-27 14:40:39,811 [INFO]     Scanning NSE:LODHA-EQ (5min) | Range 13:00-14:00 | Price=903.70 > VAH=890.40? | CVD=677228 > Ref=44807? | POC=889.20 | VAL=886.80
2026-01-27 14:40:39,921 [INFO]     Scanning NSE:CONCOR-EQ (5min) | Range 13:00-14:00 | Price=482.15 > VAH=480.00? | CVD=180605 > Ref=15532? | POC=479.70 | VAL=478.80
2026-01-27 14:40:40,047 [INFO]     Scanning NSE:NYKAA-EQ (5min) | Range 13:00-14:00 | Price=234.25 > VAH=234.30? | CVD=327455 > Ref=106592? | POC=234.00 | VAL=233.85
2026-01-27 14:40:40,196 [INFO]     Scanning NSE:IEX-EQ (5min) | Range 13:00-14:00 | Price=127.23 > VAH=126.75? | CVD=503344 > Ref=0? | POC=126.30 | VAL=126.15
2026-01-27 14:40:40,295 [INFO]     Scanning NSE:NBCC-EQ (5min) | Range 13:00-14:00 | Price=95.62 > VAH=95.20? | CVD=512895 > Ref=195713? | POC=95.10 | VAL=94.90
2026-01-27 14:40:49,000 [INFO] 🔍 Scanning for alerts on 9 symbols (5min)...
2026-01-27 14:40:49,156 [INFO]     Scanning NSE:KPITTECH-EQ (5min) | Range 09:35-10:35 | Price=1102.90 > VAH=1112.25? | CVD=133573 > Ref=11686? | POC=1111.50 | VAL=1110.00
2026-01-27 14:40:49,287 [INFO]     Scanning NSE:LODHA-EQ (5min) | Range 09:35-10:35 | Price=903.70 > VAH=874.35? | CVD=677228 > Ref=44807? | POC=874.35 | VAL=868.55
2026-01-27 14:40:49,373 [INFO]     Scanning NSE:HDFCLIFE-EQ (5min) | Range 09:35-10:35 | Price=717.05 > VAH=714.50? | CVD=-75214 > Ref=17111? | POC=713.50 | VAL=712.50
2026-01-27 14:40:49,506 [INFO]     Scanning NSE:INDHOTEL-EQ (5min) | Range 09:35-10:35 | Price=646.05 > VAH=641.90? | CVD=-340425 > Ref=64541? | POC=641.20 | VAL=640.50
2026-01-27 14:40:49,636 [INFO]     Scanning NSE:ICICIPRULI-EQ (5min) | Range 09:35-10:35 | Price=641.90 > VAH=640.50? | CVD=6290 > Ref=24713? | POC=640.50 | VAL=634.90
2026-01-27 14:40:49,722 [INFO]     Scanning NSE:CONCOR-EQ (5min) | Range 09:35-10:35 | Price=482.15 > VAH=480.90? | CVD=180605 > Ref=15532? | POC=480.20 | VAL=474.60
2026-01-27 14:40:49,816 [INFO]     Scanning NSE:NYKAA-EQ (5min) | Range 09:35-10:35 | Price=234.25 > VAH=236.50? | CVD=327455 > Ref=106592? | POC=235.25 | VAL=235.25
2026-01-27 14:40:49,942 [INFO]     Scanning NSE:INOXWIND-EQ (5min) | Range 09:35-10:35 | Price=104.12 > VAH=103.50? | CVD=65672 > Ref=42362? | POC=103.40 | VAL=102.90
2026-01-27 14:40:50,069 [INFO]     Scanning NSE:NBCC-EQ (5min) | Range 09:35-10:35 | Price=95.62 > VAH=95.75? | CVD=512895 > Ref=195713? | POC=95.70 | VAL=95.40
2026-01-27 14:41:40,297 [INFO] 🔍 Scanning for alerts on 6 symbols (5min)...
2026-01-27 14:41:40,431 [INFO]     Scanning NSE:KPITTECH-EQ (5min) | Range 13:00-14:00 | Price=1103.30 > VAH=1100.00? | CVD=135358 > Ref=11686? | POC=1098.90 | VAL=1093.40
2026-01-27 14:41:40,561 [INFO]     Scanning NSE:LODHA-EQ (5min) | Range 13:00-14:00 | Price=905.20 > VAH=890.40? | CVD=688397 > Ref=44807? | POC=889.20 | VAL=886.80
2026-01-27 14:41:40,699 [INFO]     Scanning NSE:CONCOR-EQ (5min) | Range 13:00-14:00 | Price=482.65 > VAH=480.00? | CVD=184514 > Ref=15532? | POC=479.70 | VAL=478.80
2026-01-27 14:41:42,218 [INFO]     Scanning NSE:NYKAA-EQ (5min) | Range 13:00-14:00 | Price=234.80 > VAH=234.30? | CVD=346379 > Ref=106592? | POC=234.00 | VAL=233.85
2026-01-27 14:41:42,309 [INFO]     Scanning NSE:IEX-EQ (5min) | Range 13:00-14:00 | Price=127.32 > VAH=126.75? | CVD=556788 > Ref=0? | POC=126.30 | VAL=126.15
2026-01-27 14:41:42,444 [INFO]     Scanning NSE:NBCC-EQ (5min) | Range 13:00-14:00 | Price=95.77 > VAH=95.20? | CVD=537967 > Ref=195713? | POC=95.10 | VAL=94.90
2026-01-27 14:41:50,070 [INFO] 🔍 Scanning for alerts on 9 symbols (5min)...
2026-01-27 14:41:50,211 [INFO]     Scanning NSE:KPITTECH-EQ (5min) | Range 09:35-10:35 | Price=1103.30 > VAH=1112.25? | CVD=135358 > Ref=11686? | POC=1111.50 | VAL=1110.00
2026-01-27 14:41:50,299 [INFO]     Scanning NSE:LODHA-EQ (5min) | Range 09:35-10:35 | Price=905.20 > VAH=874.35? | CVD=688397 > Ref=44807? | POC=874.35 | VAL=868.55
2026-01-27 14:41:50,391 [INFO]     Scanning NSE:HDFCLIFE-EQ (5min) | Range 09:35-10:35 | Price=716.95 > VAH=714.50? | CVD=-84306 > Ref=17111? | POC=713.50 | VAL=712.50
2026-01-27 14:41:50,522 [INFO]     Scanning NSE:INDHOTEL-EQ (5min) | Range 09:35-10:35 | Price=646.55 > VAH=641.90? | CVD=-318359 > Ref=64541? | POC=641.20 | VAL=640.50
2026-01-27 14:41:50,654 [INFO]     Scanning NSE:ICICIPRULI-EQ (5min) | Range 09:35-10:35 | Price=641.90 > VAH=640.50? | CVD=9912 > Ref=24713? | POC=640.50 | VAL=634.90
2026-01-27 14:41:50,781 [INFO]     Scanning NSE:CONCOR-EQ (5min) | Range 09:35-10:35 | Price=482.65 > VAH=480.90? | CVD=184514 > Ref=15532? | POC=480.20 | VAL=474.60
2026-01-27 14:41:50,904 [INFO]     Scanning NSE:NYKAA-EQ (5min) | Range 09:35-10:35 | Price=234.80 > VAH=236.50? | CVD=346379 > Ref=106592? | POC=235.25 | VAL=235.25
2026-01-27 14:41:51,033 [INFO]     Scanning NSE:INOXWIND-EQ (5min) | Range 09:35-10:35 | Price=104.17 > VAH=103.50? | CVD=85009 > Ref=42362? | POC=103.40 | VAL=102.90
2026-01-27 14:41:51,164 [INFO]     Scanning NSE:NBCC-EQ (5min) | Range 09:35-10:35 | Price=95.77 > VAH=95.75? | CVD=537967 > Ref=195713? | POC=95.70 | VAL=95.40
2026-01-27 14:42:42,444 [INFO] 🔍 Scanning for alerts on 6 symbols (5min)...
2026-01-27 14:42:42,608 [INFO]     Scanning NSE:KPITTECH-EQ (5min) | Range 13:00-14:00 | Price=1103.50 > VAH=1100.00? | CVD=137603 > Ref=11686? | POC=1098.90 | VAL=1093.40
2026-01-27 14:42:42,748 [INFO]     Scanning NSE:LODHA-EQ (5min) | Range 13:00-14:00 | Price=905.60 > VAH=890.40? | CVD=698191 > Ref=44807? | POC=889.20 | VAL=886.80
2026-01-27 14:42:42,884 [INFO]     Scanning NSE:CONCOR-EQ (5min) | Range 13:00-14:00 | Price=483.10 > VAH=480.00? | CVD=189459 > Ref=15532? | POC=479.70 | VAL=478.80
2026-01-27 14:42:43,027 [INFO]     Scanning NSE:NYKAA-EQ (5min) | Range 13:00-14:00 | Price=234.70 > VAH=234.30? | CVD=330110 > Ref=106592? | POC=234.00 | VAL=233.85
2026-01-27 14:42:43,128 [INFO]     Scanning NSE:IEX-EQ (5min) | Range 13:00-14:00 | Price=127.38 > VAH=126.75? | CVD=578607 > Ref=0? | POC=126.30 | VAL=126.15
2026-01-27 14:42:43,270 [INFO]     Scanning NSE:NBCC-EQ (5min) | Range 13:00-14:00 | Price=95.86 > VAH=95.20? | CVD=595134 > Ref=195713? | POC=95.10 | VAL=94.90
2026-01-27 14:42:51,165 [INFO] 🔍 Scanning for alerts on 9 symbols (5min)...
2026-01-27 14:42:51,314 [INFO]     Scanning NSE:KPITTECH-EQ (5min) | Range 09:35-10:35 | Price=1103.50 > VAH=1112.25? | CVD=137603 > Ref=11686? | POC=1111.50 | VAL=1110.00
2026-01-27 14:42:51,417 [INFO]     Scanning NSE:LODHA-EQ (5min) | Range 09:35-10:35 | Price=905.60 > VAH=874.35? | CVD=698191 > Ref=44807? | POC=874.35 | VAL=868.55
2026-01-27 14:42:51,549 [INFO]     Scanning NSE:HDFCLIFE-EQ (5min) | Range 09:35-10:35 | Price=716.95 > VAH=714.50? | CVD=-74375 > Ref=17111? | POC=713.50 | VAL=712.50
2026-01-27 14:42:51,632 [INFO]     Scanning NSE:INDHOTEL-EQ (5min) | Range 09:35-10:35 | Price=646.80 > VAH=641.90? | CVD=-314757 > Ref=64541? | POC=641.20 | VAL=640.50
2026-01-27 14:42:51,724 [INFO]     Scanning NSE:ICICIPRULI-EQ (5min) | Range 09:35-10:35 | Price=641.60 > VAH=640.50? | CVD=-8625 > Ref=24713? | POC=640.50 | VAL=634.90
2026-01-27 14:42:51,856 [INFO]     Scanning NSE:CONCOR-EQ (5min) | Range 09:35-10:35 | Price=483.10 > VAH=480.90? | CVD=189459 > Ref=15532? | POC=480.20 | VAL=474.60
2026-01-27 14:42:51,987 [INFO]     Scanning NSE:NYKAA-EQ (5min) | Range 09:35-10:35 | Price=234.70 > VAH=236.50? | CVD=330110 > Ref=106592? | POC=235.25 | VAL=235.25
2026-01-27 14:42:52,080 [INFO]     Scanning NSE:INOXWIND-EQ (5min) | Range 09:35-10:35 | Price=104.19 > VAH=103.50? | CVD=70406 > Ref=42362? | POC=103.40 | VAL=102.90
2026-01-27 14:42:52,207 [INFO]     Scanning NSE:NBCC-EQ (5min) | Range 09:35-10:35 | Price=95.86 > VAH=95.75? | CVD=595134 > Ref=195713? | POC=95.70 | VAL=95.40
2026-01-27 14:43:43,271 [INFO] 🔍 Scanning for alerts on 6 symbols (5min)...
2026-01-27 14:43:43,444 [INFO]     Scanning NSE:KPITTECH-EQ (5min) | Range 13:00-14:00 | Price=1103.60 > VAH=1100.00? | CVD=138650 > Ref=11686? | POC=1098.90 | VAL=1093.40
2026-01-27 14:43:43,582 [INFO]     Scanning NSE:LODHA-EQ (5min) | Range 13:00-14:00 | Price=906.40 > VAH=890.40? | CVD=708813 > Ref=44807? | POC=889.20 | VAL=886.80
2026-01-27 14:43:43,678 [INFO]     Scanning NSE:CONCOR-EQ (5min) | Range 13:00-14:00 | Price=483.90 > VAH=480.00? | CVD=202549 > Ref=15532? | POC=479.70 | VAL=478.80
2026-01-27 14:43:43,802 [INFO]     Scanning NSE:NYKAA-EQ (5min) | Range 13:00-14:00 | Price=234.95 > VAH=234.30? | CVD=341512 > Ref=106592? | POC=234.00 | VAL=233.85
2026-01-27 14:43:43,932 [INFO]     Scanning NSE:IEX-EQ (5min) | Range 13:00-14:00 | Price=127.47 > VAH=126.75? | CVD=622584 > Ref=0? | POC=126.30 | VAL=126.15
2026-01-27 14:43:44,023 [INFO]     Scanning NSE:NBCC-EQ (5min) | Range 13:00-14:00 | Price=96.03 > VAH=95.20? | CVD=674815 > Ref=195713? | POC=95.10 | VAL=94.90
2026-01-27 14:43:52,209 [INFO] 🔍 Scanning for alerts on 9 symbols (5min)...
2026-01-27 14:43:52,341 [INFO]     Scanning NSE:KPITTECH-EQ (5min) | Range 09:35-10:35 | Price=1103.60 > VAH=1112.25? | CVD=138650 > Ref=11686? | POC=1111.50 | VAL=1110.00
2026-01-27 14:43:52,425 [INFO]     Scanning NSE:LODHA-EQ (5min) | Range 09:35-10:35 | Price=906.40 > VAH=874.35? | CVD=708813 > Ref=44807? | POC=874.35 | VAL=868.55
2026-01-27 14:43:52,556 [INFO]     Scanning NSE:HDFCLIFE-EQ (5min) | Range 09:35-10:35 | Price=717.45 > VAH=714.50? | CVD=-69854 > Ref=17111? | POC=713.50 | VAL=712.50
2026-01-27 14:43:52,688 [INFO]     Scanning NSE:INDHOTEL-EQ (5min) | Range 09:35-10:35 | Price=646.70 > VAH=641.90? | CVD=-322615 > Ref=64541? | POC=641.20 | VAL=640.50
2026-01-27 14:43:52,828 [INFO]     Scanning NSE:ICICIPRULI-EQ (5min) | Range 09:35-10:35 | Price=641.95 > VAH=640.50? | CVD=-4154 > Ref=24713? | POC=640.50 | VAL=634.90
2026-01-27 14:43:52,964 [INFO]     Scanning NSE:CONCOR-EQ (5min) | Range 09:35-10:35 | Price=483.90 > VAH=480.90? | CVD=202549 > Ref=15532? | POC=480.20 | VAL=474.60
2026-01-27 14:43:53,093 [INFO]     Scanning NSE:NYKAA-EQ (5min) | Range 09:35-10:35 | Price=234.95 > VAH=236.50? | CVD=341512 > Ref=106592? | POC=235.25 | VAL=235.25
2026-01-27 14:43:53,225 [INFO]     Scanning NSE:INOXWIND-EQ (5min) | Range 09:35-10:35 | Price=104.30 > VAH=103.50? | CVD=89993 > Ref=42362? | POC=103.40 | VAL=102.90
2026-01-27 14:43:53,360 [INFO]     Scanning NSE:NBCC-EQ (5min) | Range 09:35-10:35 | Price=96.03 > VAH=95.75? | CVD=674815 > Ref=195713? | POC=95.70 | VAL=95.40
2026-01-27 14:44:44,025 [INFO] 🔍 Scanning for alerts on 6 symbols (5min)...
2026-01-27 14:44:44,166 [INFO]     Scanning NSE:KPITTECH-EQ (5min) | Range 13:00-14:00 | Price=1102.80 > VAH=1100.00? | CVD=136712 > Ref=11686? | POC=1098.90 | VAL=1093.40
2026-01-27 14:44:44,323 [INFO]     Scanning NSE:LODHA-EQ (5min) | Range 13:00-14:00 | Price=905.10 > VAH=890.40? | CVD=689713 > Ref=44807? | POC=889.20 | VAL=886.80
2026-01-27 14:44:44,459 [INFO]     Scanning NSE:CONCOR-EQ (5min) | Range 13:00-14:00 | Price=483.20 > VAH=480.00? | CVD=199367 > Ref=15532? | POC=479.70 | VAL=478.80
2026-01-27 14:44:44,564 [INFO]     Scanning NSE:NYKAA-EQ (5min) | Range 13:00-14:00 | Price=235.00 > VAH=234.30? | CVD=356405 > Ref=106592? | POC=234.00 | VAL=233.85
2026-01-27 14:44:44,675 [INFO]     Scanning NSE:IEX-EQ (5min) | Range 13:00-14:00 | Price=127.49 > VAH=126.75? | CVD=604524 > Ref=0? | POC=126.30 | VAL=126.15
2026-01-27 14:44:44,809 [INFO]     Scanning NSE:NBCC-EQ (5min) | Range 13:00-14:00 | Price=96.16 > VAH=95.20? | CVD=722391 > Ref=195713? | POC=95.10 | VAL=94.90
2026-01-27 14:44:53,361 [INFO] 🔍 Scanning for alerts on 9 symbols (5min)...
2026-01-27 14:44:53,506 [INFO]     Scanning NSE:KPITTECH-EQ (5min) | Range 09:35-10:35 | Price=1102.80 > VAH=1112.25? | CVD=136712 > Ref=11686? | POC=1111.50 | VAL=1110.00
2026-01-27 14:44:53,595 [INFO]     Scanning NSE:LODHA-EQ (5min) | Range 09:35-10:35 | Price=905.10 > VAH=874.35? | CVD=689713 > Ref=44807? | POC=874.35 | VAL=868.55
2026-01-27 14:44:53,727 [INFO]     Scanning NSE:HDFCLIFE-EQ (5min) | Range 09:35-10:35 | Price=716.95 > VAH=714.50? | CVD=-72904 > Ref=17111? | POC=713.50 | VAL=712.50
2026-01-27 14:44:53,816 [INFO]     Scanning NSE:INDHOTEL-EQ (5min) | Range 09:35-10:35 | Price=646.95 > VAH=641.90? | CVD=-314398 > Ref=64541? | POC=641.20 | VAL=640.50
2026-01-27 14:44:53,950 [INFO]     Scanning NSE:ICICIPRULI-EQ (5min) | Range 09:35-10:35 | Price=641.30 > VAH=640.50? | CVD=-11096 > Ref=24713? | POC=640.50 | VAL=634.90
2026-01-27 14:44:54,080 [INFO]     Scanning NSE:CONCOR-EQ (5min) | Range 09:35-10:35 | Price=483.20 > VAH=480.90? | CVD=199367 > Ref=15532? | POC=480.20 | VAL=474.60
2026-01-27 14:44:54,170 [INFO]     Scanning NSE:NYKAA-EQ (5min) | Range 09:35-10:35 | Price=235.00 > VAH=236.50? | CVD=356405 > Ref=106592? | POC=235.25 | VAL=235.25
2026-01-27 14:44:54,303 [INFO]     Scanning NSE:INOXWIND-EQ (5min) | Range 09:35-10:35 | Price=104.41 > VAH=103.50? | CVD=108957 > Ref=42362? | POC=103.40 | VAL=102.90
2026-01-27 14:44:54,437 [INFO]     Scanning NSE:NBCC-EQ (5min) | Range 09:35-10:35 | Price=96.16 > VAH=95.75? | CVD=722391 > Ref=195713? | POC=95.70 | VAL=95.40
2026-01-27 14:45:44,811 [INFO] 🔍 Scanning for alerts on 6 symbols (5min)...
2026-01-27 14:45:44,974 [INFO]     Scanning NSE:KPITTECH-EQ (5min) | Range 13:00-14:00 | Price=1102.70 > VAH=1100.00? | CVD=135253 > Ref=11686? | POC=1098.90 | VAL=1093.40
2026-01-27 14:45:45,110 [INFO]     Scanning NSE:LODHA-EQ (5min) | Range 13:00-14:00 | Price=904.60 > VAH=890.40? | CVD=682599 > Ref=44807? | POC=889.20 | VAL=886.80
2026-01-27 14:45:45,201 [INFO]     Scanning NSE:CONCOR-EQ (5min) | Range 13:00-14:00 | Price=483.60 > VAH=480.00? | CVD=206568 > Ref=15532? | POC=479.70 | VAL=478.80
2026-01-27 14:45:45,336 [INFO]     Scanning NSE:NYKAA-EQ (5min) | Range 13:00-14:00 | Price=235.10 > VAH=234.30? | CVD=363766 > Ref=106592? | POC=234.00 | VAL=233.85
2026-01-27 14:45:45,423 [INFO]     Scanning NSE:IEX-EQ (5min) | Range 13:00-14:00 | Price=127.49 > VAH=126.75? | CVD=568589 > Ref=0? | POC=126.30 | VAL=126.15
2026-01-27 14:45:45,559 [INFO]     Scanning NSE:NBCC-EQ (5min) | Range 13:00-14:00 | Price=96.28 > VAH=95.20? | CVD=816165 > Ref=195713? | POC=95.10 | VAL=94.90
2026-01-27 14:45:54,439 [INFO] 🔍 Scanning for alerts on 9 symbols (5min)...
2026-01-27 14:45:54,571 [INFO]     Scanning NSE:KPITTECH-EQ (5min) | Range 09:35-10:35 | Price=1102.70 > VAH=1112.25? | CVD=135253 > Ref=11686? | POC=1111.50 | VAL=1110.00
2026-01-27 14:45:54,670 [INFO]     Scanning NSE:LODHA-EQ (5min) | Range 09:35-10:35 | Price=904.60 > VAH=874.35? | CVD=682599 > Ref=44807? | POC=874.35 | VAL=868.55
2026-01-27 14:45:54,760 [INFO]     Scanning NSE:HDFCLIFE-EQ (5min) | Range 09:35-10:35 | Price=716.70 > VAH=714.50? | CVD=-77825 > Ref=17111? | POC=713.50 | VAL=712.50
2026-01-27 14:45:54,856 [INFO]     Scanning NSE:INDHOTEL-EQ (5min) | Range 09:35-10:35 | Price=646.75 > VAH=641.90? | CVD=-315997 > Ref=64541? | POC=641.20 | VAL=640.50
2026-01-27 14:45:54,991 [INFO]     Scanning NSE:ICICIPRULI-EQ (5min) | Range 09:35-10:35 | Price=641.10 > VAH=640.50? | CVD=-14785 > Ref=24713? | POC=640.50 | VAL=634.90
2026-01-27 14:45:55,082 [INFO]     Scanning NSE:CONCOR-EQ (5min) | Range 09:35-10:35 | Price=483.60 > VAH=480.90? | CVD=206568 > Ref=15532? | POC=480.20 | VAL=474.60
2026-01-27 14:45:55,182 [INFO]     Scanning NSE:NYKAA-EQ (5min) | Range 09:35-10:35 | Price=235.10 > VAH=236.50? | CVD=363766 > Ref=106592? | POC=235.25 | VAL=235.25
2026-01-27 14:45:55,335 [INFO]     Scanning NSE:INOXWIND-EQ (5min) | Range 09:35-10:35 | Price=104.42 > VAH=103.50? | CVD=143673 > Ref=42362? | POC=103.40 | VAL=102.90
2026-01-27 14:45:55,459 [INFO]     Scanning NSE:NBCC-EQ (5min) | Range 09:35-10:35 | Price=96.28 > VAH=95.75? | CVD=816165 > Ref=195713? | POC=95.70 | VAL=95.40
2026-01-27 14:46:45,561 [INFO] 🔍 Scanning for alerts on 6 symbols (5min)...
2026-01-27 14:46:45,827 [INFO]     Scanning NSE:KPITTECH-EQ (5min) | Range 13:00-14:00 | Price=1102.60 > VAH=1100.00? | CVD=133062 > Ref=11686? | POC=1098.90 | VAL=1093.40
2026-01-27 14:46:45,935 [INFO]     Scanning NSE:LODHA-EQ (5min) | Range 13:00-14:00 | Price=904.10 > VAH=890.40? | CVD=677117 > Ref=44807? | POC=889.20 | VAL=886.80
2026-01-27 14:46:46,070 [INFO]     Scanning NSE:CONCOR-EQ (5min) | Range 13:00-14:00 | Price=484.00 > VAH=480.00? | CVD=207464 > Ref=15532? | POC=479.70 | VAL=478.80
2026-01-27 14:46:46,188 [INFO]     Scanning NSE:NYKAA-EQ (5min) | Range 13:00-14:00 | Price=235.30 > VAH=234.30? | CVD=375855 > Ref=106592? | POC=234.00 | VAL=233.85
2026-01-27 14:46:46,291 [INFO]     Scanning NSE:IEX-EQ (5min) | Range 13:00-14:00 | Price=127.44 > VAH=126.75? | CVD=541104 > Ref=0? | POC=126.30 | VAL=126.15
2026-01-27 14:46:46,378 [INFO]     Scanning NSE:NBCC-EQ (5min) | Range 13:00-14:00 | Price=96.33 > VAH=95.20? | CVD=856915 > Ref=195713? | POC=95.10 | VAL=94.90
2026-01-27 14:46:55,460 [INFO] 🔍 Scanning for alerts on 9 symbols (5min)...
2026-01-27 14:46:55,591 [INFO]     Scanning NSE:KPITTECH-EQ (5min) | Range 09:35-10:35 | Price=1102.60 > VAH=1112.25? | CVD=133062 > Ref=11686? | POC=1111.50 | VAL=1110.00
2026-01-27 14:46:55,690 [INFO]     Scanning NSE:LODHA-EQ (5min) | Range 09:35-10:35 | Price=904.10 > VAH=874.35? | CVD=677117 > Ref=44807? | POC=874.35 | VAL=868.55
2026-01-27 14:46:55,778 [INFO]     Scanning NSE:HDFCLIFE-EQ (5min) | Range 09:35-10:35 | Price=716.35 > VAH=714.50? | CVD=-82478 > Ref=17111? | POC=713.50 | VAL=712.50
2026-01-27 14:46:55,871 [INFO]     Scanning NSE:INDHOTEL-EQ (5min) | Range 09:35-10:35 | Price=647.15 > VAH=641.90? | CVD=-306903 > Ref=64541? | POC=641.20 | VAL=640.50
2026-01-27 14:46:55,968 [INFO]     Scanning NSE:ICICIPRULI-EQ (5min) | Range 09:35-10:35 | Price=641.35 > VAH=640.50? | CVD=-12380 > Ref=24713? | POC=640.50 | VAL=634.90
2026-01-27 14:46:56,095 [INFO]     Scanning NSE:CONCOR-EQ (5min) | Range 09:35-10:35 | Price=484.00 > VAH=480.90? | CVD=207464 > Ref=15532? | POC=480.20 | VAL=474.60
2026-01-27 14:46:56,264 [INFO]     Scanning NSE:NYKAA-EQ (5min) | Range 09:35-10:35 | Price=235.30 > VAH=236.50? | CVD=375855 > Ref=106592? | POC=235.25 | VAL=235.25
2026-01-27 14:46:56,396 [INFO]     Scanning NSE:INOXWIND-EQ (5min) | Range 09:35-10:35 | Price=104.49 > VAH=103.50? | CVD=192433 > Ref=42362? | POC=103.40 | VAL=102.90
2026-01-27 14:46:56,521 [INFO]     Scanning NSE:NBCC-EQ (5min) | Range 09:35-10:35 | Price=96.33 > VAH=95.75? | CVD=856915 > Ref=195713? | POC=95.70 | VAL=95.40
2026-01-27 14:47:46,380 [INFO] 🔍 Scanning for alerts on 6 symbols (5min)...
2026-01-27 14:47:46,515 [INFO]     Scanning NSE:KPITTECH-EQ (5min) | Range 13:00-14:00 | Price=1102.90 > VAH=1100.00? | CVD=137863 > Ref=11686? | POC=1098.90 | VAL=1093.40
2026-01-27 14:47:46,647 [INFO]     Scanning NSE:LODHA-EQ (5min) | Range 13:00-14:00 | Price=903.30 > VAH=890.40? | CVD=661992 > Ref=44807? | POC=889.20 | VAL=886.80
2026-01-27 14:47:46,801 [INFO]     Scanning NSE:CONCOR-EQ (5min) | Range 13:00-14:00 | Price=484.00 > VAH=480.00? | CVD=208903 > Ref=15532? | POC=479.70 | VAL=478.80
2026-01-27 14:47:46,937 [INFO]     Scanning NSE:NYKAA-EQ (5min) | Range 13:00-14:00 | Price=235.50 > VAH=234.30? | CVD=384268 > Ref=106592? | POC=234.00 | VAL=233.85
2026-01-27 14:47:47,071 [INFO]     Scanning NSE:IEX-EQ (5min) | Range 13:00-14:00 | Price=127.35 > VAH=126.75? | CVD=506093 > Ref=0? | POC=126.30 | VAL=126.15
2026-01-27 14:47:47,157 [INFO]     Scanning NSE:NBCC-EQ (5min) | Range 13:00-14:00 | Price=96.45 > VAH=95.20? | CVD=942151 > Ref=195713? | POC=95.10 | VAL=94.90
2026-01-27 14:47:56,523 [INFO] 🔍 Scanning for alerts on 9 symbols (5min)...
2026-01-27 14:47:56,657 [INFO]     Scanning NSE:KPITTECH-EQ (5min) | Range 09:35-10:35 | Price=1102.90 > VAH=1112.25? | CVD=137863 > Ref=11686? | POC=1111.50 | VAL=1110.00
2026-01-27 14:47:56,787 [INFO]     Scanning NSE:LODHA-EQ (5min) | Range 09:35-10:35 | Price=903.30 > VAH=874.35? | CVD=661992 > Ref=44807? | POC=874.35 | VAL=868.55
2026-01-27 14:47:56,944 [INFO]     Scanning NSE:HDFCLIFE-EQ (5min) | Range 09:35-10:35 | Price=716.90 > VAH=714.50? | CVD=-75517 > Ref=17111? | POC=713.50 | VAL=712.50
2026-01-27 14:47:57,075 [INFO]     Scanning NSE:INDHOTEL-EQ (5min) | Range 09:35-10:35 | Price=647.05 > VAH=641.90? | CVD=-303692 > Ref=64541? | POC=641.20 | VAL=640.50
2026-01-27 14:47:57,162 [INFO]     Scanning NSE:ICICIPRULI-EQ (5min) | Range 09:35-10:35 | Price=641.10 > VAH=640.50? | CVD=-18933 > Ref=24713? | POC=640.50 | VAL=634.90
2026-01-27 14:47:57,253 [INFO]     Scanning NSE:CONCOR-EQ (5min) | Range 09:35-10:35 | Price=484.00 > VAH=480.90? | CVD=208903 > Ref=15532? | POC=480.20 | VAL=474.60
2026-01-27 14:47:57,342 [INFO]     Scanning NSE:NYKAA-EQ (5min) | Range 09:35-10:35 | Price=235.50 > VAH=236.50? | CVD=384268 > Ref=106592? | POC=235.25 | VAL=235.25
2026-01-27 14:47:57,475 [INFO]     Scanning NSE:INOXWIND-EQ (5min) | Range 09:35-10:35 | Price=104.51 > VAH=103.50? | CVD=213242 > Ref=42362? | POC=103.40 | VAL=102.90
2026-01-27 14:47:57,605 [INFO]     Scanning NSE:NBCC-EQ (5min) | Range 09:35-10:35 | Price=96.45 > VAH=95.75? | CVD=942151 > Ref=195713? | POC=95.70 | VAL=95.40
2026-01-27 14:48:47,159 [INFO] 🔍 Scanning for alerts on 6 symbols (5min)...
2026-01-27 14:48:47,297 [INFO]     Scanning NSE:KPITTECH-EQ (5min) | Range 13:00-14:00 | Price=1102.20 > VAH=1100.00? | CVD=136758 > Ref=11686? | POC=1098.90 | VAL=1093.40
2026-01-27 14:48:47,447 [INFO]     Scanning NSE:LODHA-EQ (5min) | Range 13:00-14:00 | Price=903.50 > VAH=890.40? | CVD=674358 > Ref=44807? | POC=889.20 | VAL=886.80
2026-01-27 14:48:47,564 [INFO]     Scanning NSE:CONCOR-EQ (5min) | Range 13:00-14:00 | Price=483.65 > VAH=480.00? | CVD=203286 > Ref=15532? | POC=479.70 | VAL=478.80
2026-01-27 14:48:47,708 [INFO]     Scanning NSE:NYKAA-EQ (5min) | Range 13:00-14:00 | Price=235.45 > VAH=234.30? | CVD=368895 > Ref=106592? | POC=234.00 | VAL=233.85
2026-01-27 14:48:47,860 [INFO]     Scanning NSE:IEX-EQ (5min) | Range 13:00-14:00 | Price=127.32 > VAH=126.75? | CVD=452864 > Ref=0? | POC=126.30 | VAL=126.15
2026-01-27 14:48:49,732 [INFO]     Scanning NSE:NBCC-EQ (5min) | Range 13:00-14:00 | Price=96.26 > VAH=95.20? | CVD=900096 > Ref=195713? | POC=95.10 | VAL=94.90
2026-01-27 14:48:57,608 [INFO] 🔍 Scanning for alerts on 9 symbols (5min)...
2026-01-27 14:48:57,749 [INFO]     Scanning NSE:KPITTECH-EQ (5min) | Range 09:35-10:35 | Price=1102.20 > VAH=1112.25? | CVD=136758 > Ref=11686? | POC=1111.50 | VAL=1110.00
2026-01-27 14:48:57,885 [INFO]     Scanning NSE:LODHA-EQ (5min) | Range 09:35-10:35 | Price=903.50 > VAH=874.35? | CVD=674358 > Ref=44807? | POC=874.35 | VAL=868.55
2026-01-27 14:48:58,027 [INFO]     Scanning NSE:HDFCLIFE-EQ (5min) | Range 09:35-10:35 | Price=716.60 > VAH=714.50? | CVD=-86169 > Ref=17111? | POC=713.50 | VAL=712.50
2026-01-27 14:48:58,159 [INFO]     Scanning NSE:INDHOTEL-EQ (5min) | Range 09:35-10:35 | Price=646.35 > VAH=641.90? | CVD=-338223 > Ref=64541? | POC=641.20 | VAL=640.50
2026-01-27 14:48:58,296 [INFO]     Scanning NSE:ICICIPRULI-EQ (5min) | Range 09:35-10:35 | Price=640.05 > VAH=640.50? | CVD=-24206 > Ref=24713? | POC=640.50 | VAL=634.90
2026-01-27 14:48:58,425 [INFO]     Scanning NSE:CONCOR-EQ (5min) | Range 09:35-10:35 | Price=483.65 > VAH=480.90? | CVD=203286 > Ref=15532? | POC=480.20 | VAL=474.60
2026-01-27 14:48:58,522 [INFO]     Scanning NSE:NYKAA-EQ (5min) | Range 09:35-10:35 | Price=235.45 > VAH=236.50? | CVD=368895 > Ref=106592? | POC=235.25 | VAL=235.25
2026-01-27 14:48:58,636 [INFO]     Scanning NSE:INOXWIND-EQ (5min) | Range 09:35-10:35 | Price=104.44 > VAH=103.50? | CVD=193750 > Ref=42362? | POC=103.40 | VAL=102.90
2026-01-27 14:48:58,784 [INFO]     Scanning NSE:NBCC-EQ (5min) | Range 09:35-10:35 | Price=96.26 > VAH=95.75? | CVD=900096 > Ref=195713? | POC=95.70 | VAL=95.40
2026-01-27 14:49:49,735 [INFO] 🔍 Scanning for alerts on 6 symbols (5min)...
2026-01-27 14:49:49,867 [INFO]     Scanning NSE:KPITTECH-EQ (5min) | Range 13:00-14:00 | Price=1102.30 > VAH=1100.00? | CVD=138157 > Ref=11686? | POC=1098.90 | VAL=1093.40
2026-01-27 14:49:49,963 [INFO]     Scanning NSE:LODHA-EQ (5min) | Range 13:00-14:00 | Price=905.10 > VAH=890.40? | CVD=689214 > Ref=44807? | POC=889.20 | VAL=886.80
2026-01-27 14:49:50,097 [INFO]     Scanning NSE:CONCOR-EQ (5min) | Range 13:00-14:00 | Price=483.85 > VAH=480.00? | CVD=207583 > Ref=15532? | POC=479.70 | VAL=478.80
2026-01-27 14:49:50,182 [INFO]     Scanning NSE:NYKAA-EQ (5min) | Range 13:00-14:00 | Price=235.40 > VAH=234.30? | CVD=350925 > Ref=106592? | POC=234.00 | VAL=233.85
2026-01-27 14:49:50,272 [INFO]     Scanning NSE:IEX-EQ (5min) | Range 13:00-14:00 | Price=127.36 > VAH=126.75? | CVD=414114 > Ref=0? | POC=126.30 | VAL=126.15
2026-01-27 14:49:50,393 [INFO]     Scanning NSE:NBCC-EQ (5min) | Range 13:00-14:00 | Price=96.25 > VAH=95.20? | CVD=879450 > Ref=195713? | POC=95.10 | VAL=94.90
2026-01-27 14:49:58,786 [INFO] 🔍 Scanning for alerts on 9 symbols (5min)...
2026-01-27 14:49:58,932 [INFO]     Scanning NSE:KPITTECH-EQ (5min) | Range 09:35-10:35 | Price=1102.30 > VAH=1112.25? | CVD=138157 > Ref=11686? | POC=1111.50 | VAL=1110.00
2026-01-27 14:49:59,063 [INFO]     Scanning NSE:LODHA-EQ (5min) | Range 09:35-10:35 | Price=905.10 > VAH=874.35? | CVD=689214 > Ref=44807? | POC=874.35 | VAL=868.55
2026-01-27 14:49:59,212 [INFO]     Scanning NSE:HDFCLIFE-EQ (5min) | Range 09:35-10:35 | Price=717.00 > VAH=714.50? | CVD=-81934 > Ref=17111? | POC=713.50 | VAL=712.50
2026-01-27 14:49:59,344 [INFO]     Scanning NSE:INDHOTEL-EQ (5min) | Range 09:35-10:35 | Price=646.65 > VAH=641.90? | CVD=-317668 > Ref=64541? | POC=641.20 | VAL=640.50
2026-01-27 14:49:59,475 [INFO]     Scanning NSE:ICICIPRULI-EQ (5min) | Range 09:35-10:35 | Price=640.50 > VAH=640.50? | CVD=-21130 > Ref=24713? | POC=640.50 | VAL=634.90
2026-01-27 14:49:59,560 [INFO]     Scanning NSE:CONCOR-EQ (5min) | Range 09:35-10:35 | Price=483.85 > VAH=480.90? | CVD=207583 > Ref=15532? | POC=480.20 | VAL=474.60
2026-01-27 14:49:59,648 [INFO]     Scanning NSE:NYKAA-EQ (5min) | Range 09:35-10:35 | Price=235.40 > VAH=236.50? | CVD=350925 > Ref=106592? | POC=235.25 | VAL=235.25
2026-01-27 14:49:59,780 [INFO]     Scanning NSE:INOXWIND-EQ (5min) | Range 09:35-10:35 | Price=104.54 > VAH=103.50? | CVD=202219 > Ref=42362? | POC=103.40 | VAL=102.90
2026-01-27 14:49:59,914 [INFO]     Scanning NSE:NBCC-EQ (5min) | Range 09:35-10:35 | Price=96.25 > VAH=95.75? | CVD=879450 > Ref=195713? | POC=95.70 | VAL=95.40
2026-01-27 14:50:50,395 [INFO] 🔍 Scanning for alerts on 6 symbols (5min)...
2026-01-27 14:50:50,526 [INFO]     Scanning NSE:KPITTECH-EQ (5min) | Range 13:00-14:00 | Price=1102.80 > VAH=1100.00? | CVD=138520 > Ref=11686? | POC=1098.90 | VAL=1093.40
2026-01-27 14:50:50,662 [INFO]     Scanning NSE:LODHA-EQ (5min) | Range 13:00-14:00 | Price=910.00 > VAH=890.40? | CVD=742653 > Ref=44807? | POC=889.20 | VAL=886.80
2026-01-27 14:50:50,751 [INFO]     Scanning NSE:CONCOR-EQ (5min) | Range 13:00-14:00 | Price=484.00 > VAH=480.00? | CVD=209611 > Ref=15532? | POC=479.70 | VAL=478.80
2026-01-27 14:50:50,891 [INFO]     Scanning NSE:NYKAA-EQ (5min) | Range 13:00-14:00 | Price=235.55 > VAH=234.30? | CVD=382117 > Ref=106592? | POC=234.00 | VAL=233.85
2026-01-27 14:50:51,036 [INFO]     Scanning NSE:IEX-EQ (5min) | Range 13:00-14:00 | Price=127.39 > VAH=126.75? | CVD=437587 > Ref=0? | POC=126.30 | VAL=126.15
2026-01-27 14:50:52,853 [INFO]     Scanning NSE:NBCC-EQ (5min) | Range 13:00-14:00 | Price=96.27 > VAH=95.20? | CVD=898548 > Ref=195713? | POC=95.10 | VAL=94.90
2026-01-27 14:50:59,916 [INFO] 🔍 Scanning for alerts on 9 symbols (5min)...
2026-01-27 14:51:00,065 [INFO]     Scanning NSE:KPITTECH-EQ (5min) | Range 09:35-10:35 | Price=1102.80 > VAH=1112.25? | CVD=138520 > Ref=11686? | POC=1111.50 | VAL=1110.00
2026-01-27 14:51:00,201 [INFO]     Scanning NSE:LODHA-EQ (5min) | Range 09:35-10:35 | Price=910.00 > VAH=874.35? | CVD=742653 > Ref=44807? | POC=874.35 | VAL=868.55
2026-01-27 14:51:00,305 [INFO]     Scanning NSE:HDFCLIFE-EQ (5min) | Range 09:35-10:35 | Price=717.30 > VAH=714.50? | CVD=-76378 > Ref=17111? | POC=713.50 | VAL=712.50
2026-01-27 14:51:00,438 [INFO]     Scanning NSE:INDHOTEL-EQ (5min) | Range 09:35-10:35 | Price=646.70 > VAH=641.90? | CVD=-325246 > Ref=64541? | POC=641.20 | VAL=640.50
2026-01-27 14:51:00,567 [INFO]     Scanning NSE:ICICIPRULI-EQ (5min) | Range 09:35-10:35 | Price=640.20 > VAH=640.50? | CVD=-43468 > Ref=24713? | POC=640.50 | VAL=634.90
2026-01-27 14:51:00,701 [INFO]     Scanning NSE:CONCOR-EQ (5min) | Range 09:35-10:35 | Price=484.00 > VAH=480.90? | CVD=209611 > Ref=15532? | POC=480.20 | VAL=474.60
2026-01-27 14:51:00,857 [INFO]     Scanning NSE:NYKAA-EQ (5min) | Range 09:35-10:35 | Price=235.55 > VAH=236.50? | CVD=382117 > Ref=106592? | POC=235.25 | VAL=235.25
2026-01-27 14:51:01,019 [INFO]     Scanning NSE:INOXWIND-EQ (5min) | Range 09:35-10:35 | Price=104.46 > VAH=103.50? | CVD=187374 > Ref=42362? | POC=103.40 | VAL=102.90
2026-01-27 14:51:01,170 [INFO]     Scanning NSE:NBCC-EQ (5min) | Range 09:35-10:35 | Price=96.27 > VAH=95.75? | CVD=898548 > Ref=195713? | POC=95.70 | VAL=95.40
2026-01-27 14:51:52,856 [INFO] 🔍 Scanning for alerts on 6 symbols (5min)...
2026-01-27 14:51:53,009 [INFO]     Scanning NSE:KPITTECH-EQ (5min) | Range 13:00-14:00 | Price=1101.90 > VAH=1100.00? | CVD=137211 > Ref=11686? | POC=1098.90 | VAL=1093.40
2026-01-27 14:51:53,118 [INFO]     Scanning NSE:LODHA-EQ (5min) | Range 13:00-14:00 | Price=906.20 > VAH=890.40? | CVD=708843 > Ref=44807? | POC=889.20 | VAL=886.80
2026-01-27 14:51:53,253 [INFO]     Scanning NSE:CONCOR-EQ (5min) | Range 13:00-14:00 | Price=483.95 > VAH=480.00? | CVD=208874 > Ref=15532? | POC=479.70 | VAL=478.80
2026-01-27 14:51:53,341 [INFO]     Scanning NSE:NYKAA-EQ (5min) | Range 13:00-14:00 | Price=235.50 > VAH=234.30? | CVD=354040 > Ref=106592? | POC=234.00 | VAL=233.85
2026-01-27 14:51:53,439 [INFO]     Scanning NSE:IEX-EQ (5min) | Range 13:00-14:00 | Price=127.31 > VAH=126.75? | CVD=406804 > Ref=0? | POC=126.30 | VAL=126.15
2026-01-27 14:51:53,541 [INFO]     Scanning NSE:NBCC-EQ (5min) | Range 13:00-14:00 | Price=96.07 > VAH=95.20? | CVD=840907 > Ref=195713? | POC=95.10 | VAL=94.90
2026-01-27 14:52:01,172 [INFO] 🔍 Scanning for alerts on 9 symbols (5min)...
2026-01-27 14:52:01,358 [INFO]     Scanning NSE:KPITTECH-EQ (5min) | Range 09:35-10:35 | Price=1101.90 > VAH=1112.25? | CVD=137211 > Ref=11686? | POC=1111.50 | VAL=1110.00
2026-01-27 14:52:01,529 [INFO]     Scanning NSE:LODHA-EQ (5min) | Range 09:35-10:35 | Price=908.40 > VAH=874.35? | CVD=723616 > Ref=44807? | POC=874.35 | VAL=868.55
2026-01-27 14:52:01,696 [INFO]     Scanning NSE:HDFCLIFE-EQ (5min) | Range 09:35-10:35 | Price=717.80 > VAH=714.50? | CVD=-58811 > Ref=17111? | POC=713.50 | VAL=712.50
2026-01-27 14:52:01,856 [INFO]     Scanning NSE:INDHOTEL-EQ (5min) | Range 09:35-10:35 | Price=648.00 > VAH=641.90? | CVD=-281342 > Ref=64541? | POC=641.20 | VAL=640.50
2026-01-27 14:52:02,020 [INFO]     Scanning NSE:ICICIPRULI-EQ (5min) | Range 09:35-10:35 | Price=640.80 > VAH=640.50? | CVD=-31961 > Ref=24713? | POC=640.50 | VAL=634.90
2026-01-27 14:52:02,188 [INFO]     Scanning NSE:CONCOR-EQ (5min) | Range 09:35-10:35 | Price=483.95 > VAH=480.90? | CVD=208874 > Ref=15532? | POC=480.20 | VAL=474.60
2026-01-27 14:52:02,361 [INFO]     Scanning NSE:NYKAA-EQ (5min) | Range 09:35-10:35 | Price=235.30 > VAH=236.50? | CVD=57279 > Ref=106592? | POC=235.25 | VAL=235.25
2026-01-27 14:52:02,617 [INFO]     Scanning NSE:INOXWIND-EQ (5min) | Range 09:35-10:35 | Price=104.34 > VAH=103.50? | CVD=146288 > Ref=42362? | POC=103.40 | VAL=102.90
2026-01-27 14:52:02,734 [INFO]     Scanning NSE:NBCC-EQ (5min) | Range 09:35-10:35 | Price=96.07 > VAH=95.75? | CVD=840907 > Ref=195713? | POC=95.70 | VAL=95.40
2026-01-27 14:52:53,542 [INFO] 🔍 Scanning for alerts on 6 symbols (5min)...
2026-01-27 14:52:53,693 [INFO]     Scanning NSE:KPITTECH-EQ (5min) | Range 13:00-14:00 | Price=1102.70 > VAH=1100.00? | CVD=139711 > Ref=11686? | POC=1098.90 | VAL=1093.40
2026-01-27 14:52:53,831 [INFO]     Scanning NSE:LODHA-EQ (5min) | Range 13:00-14:00 | Price=908.40 > VAH=890.40? | CVD=723616 > Ref=44807? | POC=889.20 | VAL=886.80
2026-01-27 14:52:53,950 [INFO]     Scanning NSE:CONCOR-EQ (5min) | Range 13:00-14:00 | Price=484.00 > VAH=480.00? | CVD=211053 > Ref=15532? | POC=479.70 | VAL=478.80
2026-01-27 14:52:54,087 [INFO]     Scanning NSE:NYKAA-EQ (5min) | Range 13:00-14:00 | Price=235.30 > VAH=234.30? | CVD=57279 > Ref=106592? | POC=234.00 | VAL=233.85
2026-01-27 14:52:54,174 [INFO]     Scanning NSE:IEX-EQ (5min) | Range 13:00-14:00 | Price=127.40 > VAH=126.75? | CVD=432610 > Ref=0? | POC=126.30 | VAL=126.15
2026-01-27 14:52:54,269 [INFO]     Scanning NSE:NBCC-EQ (5min) | Range 13:00-14:00 | Price=96.10 > VAH=95.20? | CVD=856135 > Ref=195713? | POC=95.10 | VAL=94.90
2026-01-27 14:53:02,736 [INFO] 🔍 Scanning for alerts on 9 symbols (5min)...
2026-01-27 14:53:02,906 [INFO]     Scanning NSE:KPITTECH-EQ (5min) | Range 09:35-10:35 | Price=1102.80 > VAH=1112.25? | CVD=141429 > Ref=11686? | POC=1111.50 | VAL=1110.00
2026-01-27 14:53:03,072 [INFO]     Scanning NSE:LODHA-EQ (5min) | Range 09:35-10:35 | Price=905.60 > VAH=874.35? | CVD=712661 > Ref=44807? | POC=874.35 | VAL=868.55
2026-01-27 14:53:03,202 [INFO]     Scanning NSE:HDFCLIFE-EQ (5min) | Range 09:35-10:35 | Price=718.35 > VAH=714.50? | CVD=-40513 > Ref=17111? | POC=713.50 | VAL=712.50
2026-01-27 14:53:03,337 [INFO]     Scanning NSE:INDHOTEL-EQ (5min) | Range 09:35-10:35 | Price=648.05 > VAH=641.90? | CVD=-274848 > Ref=64541? | POC=641.20 | VAL=640.50
2026-01-27 14:53:03,477 [INFO]     Scanning NSE:ICICIPRULI-EQ (5min) | Range 09:35-10:35 | Price=640.75 > VAH=640.50? | CVD=-35311 > Ref=24713? | POC=640.50 | VAL=634.90
2026-01-27 14:53:03,570 [INFO]     Scanning NSE:CONCOR-EQ (5min) | Range 09:35-10:35 | Price=484.10 > VAH=480.90? | CVD=216144 > Ref=15532? | POC=480.20 | VAL=474.60
2026-01-27 14:53:03,660 [INFO] 🚀 [STRATEGY ALERT] NSE:NYKAA-EQ (5min) triggered at 14:50!
2026-01-27 14:53:03,661 [INFO]     ✅ Price: 234.90 < FRVP VAL: 235.25
2026-01-27 14:53:03,662 [INFO]     ✅ CVD:   -56695 < CVD Ref:  106592
2026-01-27 14:53:03,662 [INFO]     ℹ️  FRVP Info: POC=235.25, VAL=235.25
2026-01-27 14:53:03,663 [INFO]     Scanning NSE:NYKAA-EQ (5min) | Range 09:35-10:35 | Price=234.90 > VAH=236.50? | CVD=-56695 > Ref=106592? | POC=235.25 | VAL=235.25
2026-01-27 14:53:03,802 [INFO]     Scanning NSE:INOXWIND-EQ (5min) | Range 09:35-10:35 | Price=104.40 > VAH=103.50? | CVD=165218 > Ref=42362? | POC=103.40 | VAL=102.90
2026-01-27 14:53:03,925 [INFO]     Scanning NSE:NBCC-EQ (5min) | Range 09:35-10:35 | Price=96.01 > VAH=95.75? | CVD=847178 > Ref=195713? | POC=95.70 | VAL=95.40
2026-01-27 14:53:54,271 [INFO] 🔍 Scanning for alerts on 6 symbols (5min)...
2026-01-27 14:53:54,407 [INFO]     Scanning NSE:KPITTECH-EQ (5min) | Range 13:00-14:00 | Price=1102.80 > VAH=1100.00? | CVD=141429 > Ref=11686? | POC=1098.90 | VAL=1093.40
2026-01-27 14:53:54,557 [INFO]     Scanning NSE:LODHA-EQ (5min) | Range 13:00-14:00 | Price=905.60 > VAH=890.40? | CVD=712661 > Ref=44807? | POC=889.20 | VAL=886.80
2026-01-27 14:53:54,692 [INFO]     Scanning NSE:CONCOR-EQ (5min) | Range 13:00-14:00 | Price=484.10 > VAH=480.00? | CVD=216144 > Ref=15532? | POC=479.70 | VAL=478.80
2026-01-27 14:53:54,779 [INFO]     Scanning NSE:NYKAA-EQ (5min) | Range 13:00-14:00 | Price=234.90 > VAH=234.30? | CVD=-56695 > Ref=106592? | POC=234.00 | VAL=233.85
2026-01-27 14:53:54,869 [INFO]     Scanning NSE:IEX-EQ (5min) | Range 13:00-14:00 | Price=127.44 > VAH=126.75? | CVD=464021 > Ref=0? | POC=126.30 | VAL=126.15
2026-01-27 14:53:56,809 [INFO]     Scanning NSE:NBCC-EQ (5min) | Range 13:00-14:00 | Price=96.01 > VAH=95.20? | CVD=847178 > Ref=195713? | POC=95.10 | VAL=94.90
2026-01-27 14:54:03,926 [INFO] 🔍 Scanning for alerts on 8 symbols (5min)...
2026-01-27 14:54:04,061 [INFO]     Scanning NSE:KPITTECH-EQ (5min) | Range 09:35-10:35 | Price=1104.50 > VAH=1112.25? | CVD=142340 > Ref=11686? | POC=1111.50 | VAL=1110.00
2026-01-27 14:54:04,193 [INFO]     Scanning NSE:LODHA-EQ (5min) | Range 09:35-10:35 | Price=907.80 > VAH=874.35? | CVD=726157 > Ref=44807? | POC=874.35 | VAL=868.55
2026-01-27 14:54:04,356 [INFO]     Scanning NSE:HDFCLIFE-EQ (5min) | Range 09:35-10:35 | Price=718.45 > VAH=714.50? | CVD=-37559 > Ref=17111? | POC=713.50 | VAL=712.50
2026-01-27 14:54:04,508 [INFO]     Scanning NSE:INDHOTEL-EQ (5min) | Range 09:35-10:35 | Price=649.00 > VAH=641.90? | CVD=-263642 > Ref=64541? | POC=641.20 | VAL=640.50
2026-01-27 14:54:04,623 [INFO]     Scanning NSE:ICICIPRULI-EQ (5min) | Range 09:35-10:35 | Price=641.95 > VAH=640.50? | CVD=-31608 > Ref=24713? | POC=640.50 | VAL=634.90
2026-01-27 14:54:04,751 [INFO]     Scanning NSE:CONCOR-EQ (5min) | Range 09:35-10:35 | Price=484.45 > VAH=480.90? | CVD=217219 > Ref=15532? | POC=480.20 | VAL=474.60
2026-01-27 14:54:04,891 [INFO]     Scanning NSE:INOXWIND-EQ (5min) | Range 09:35-10:35 | Price=104.59 > VAH=103.50? | CVD=180428 > Ref=42362? | POC=103.40 | VAL=102.90
2026-01-27 14:54:04,997 [INFO]     Scanning NSE:NBCC-EQ (5min) | Range 09:35-10:35 | Price=96.31 > VAH=95.75? | CVD=896125 > Ref=195713? | POC=95.70 | VAL=95.40
2026-01-27 14:54:56,810 [INFO] 🔍 Scanning for alerts on 6 symbols (5min)...
2026-01-27 14:54:56,941 [INFO]     Scanning NSE:KPITTECH-EQ (5min) | Range 13:00-14:00 | Price=1104.50 > VAH=1100.00? | CVD=142340 > Ref=11686? | POC=1098.90 | VAL=1093.40
2026-01-27 14:54:57,083 [INFO]     Scanning NSE:LODHA-EQ (5min) | Range 13:00-14:00 | Price=907.80 > VAH=890.40? | CVD=726157 > Ref=44807? | POC=889.20 | VAL=886.80
2026-01-27 14:54:57,205 [INFO]     Scanning NSE:CONCOR-EQ (5min) | Range 13:00-14:00 | Price=484.45 > VAH=480.00? | CVD=217219 > Ref=15532? | POC=479.70 | VAL=478.80
2026-01-27 14:54:57,363 [INFO]     Scanning NSE:NYKAA-EQ (5min) | Range 13:00-14:00 | Price=235.30 > VAH=234.30? | CVD=180217 > Ref=106592? | POC=234.00 | VAL=233.85
2026-01-27 14:54:57,495 [INFO]     Scanning NSE:IEX-EQ (5min) | Range 13:00-14:00 | Price=127.44 > VAH=126.75? | CVD=362533 > Ref=0? | POC=126.30 | VAL=126.15
2026-01-27 14:54:57,585 [INFO]     Scanning NSE:NBCC-EQ (5min) | Range 13:00-14:00 | Price=96.31 > VAH=95.20? | CVD=896125 > Ref=195713? | POC=95.10 | VAL=94.90
2026-01-27 14:55:04,998 [INFO] 🔍 Scanning for alerts on 8 symbols (5min)...
2026-01-27 14:55:05,129 [INFO]     Scanning NSE:KPITTECH-EQ (5min) | Range 09:35-10:35 | Price=1107.40 > VAH=1112.25? | CVD=152119 > Ref=11686? | POC=1111.50 | VAL=1110.00
2026-01-27 14:55:05,271 [INFO]     Scanning NSE:LODHA-EQ (5min) | Range 09:35-10:35 | Price=907.40 > VAH=874.35? | CVD=730566 > Ref=44807? | POC=874.35 | VAL=868.55
2026-01-27 14:55:05,405 [INFO]     Scanning NSE:HDFCLIFE-EQ (5min) | Range 09:35-10:35 | Price=718.85 > VAH=714.50? | CVD=-35029 > Ref=17111? | POC=713.50 | VAL=712.50
2026-01-27 14:55:05,498 [INFO]     Scanning NSE:INDHOTEL-EQ (5min) | Range 09:35-10:35 | Price=649.40 > VAH=641.90? | CVD=-254962 > Ref=64541? | POC=641.20 | VAL=640.50
2026-01-27 14:55:05,638 [INFO]     Scanning NSE:ICICIPRULI-EQ (5min) | Range 09:35-10:35 | Price=642.35 > VAH=640.50? | CVD=-26779 > Ref=24713? | POC=640.50 | VAL=634.90
2026-01-27 14:55:05,772 [INFO]     Scanning NSE:CONCOR-EQ (5min) | Range 09:35-10:35 | Price=484.90 > VAH=480.90? | CVD=221480 > Ref=15532? | POC=480.20 | VAL=474.60
2026-01-27 14:55:05,912 [INFO]     Scanning NSE:INOXWIND-EQ (5min) | Range 09:35-10:35 | Price=104.69 > VAH=103.50? | CVD=214759 > Ref=42362? | POC=103.40 | VAL=102.90
2026-01-27 14:55:06,045 [INFO]     Scanning NSE:NBCC-EQ (5min) | Range 09:35-10:35 | Price=96.30 > VAH=95.75? | CVD=879515 > Ref=195713? | POC=95.70 | VAL=95.40
2026-01-27 14:55:57,587 [INFO] 🔍 Scanning for alerts on 6 symbols (5min)...
2026-01-27 14:55:57,740 [INFO]     Scanning NSE:KPITTECH-EQ (5min) | Range 13:00-14:00 | Price=1107.40 > VAH=1100.00? | CVD=152119 > Ref=11686? | POC=1098.90 | VAL=1093.40
2026-01-27 14:55:57,882 [INFO]     Scanning NSE:LODHA-EQ (5min) | Range 13:00-14:00 | Price=907.40 > VAH=890.40? | CVD=730566 > Ref=44807? | POC=889.20 | VAL=886.80
2026-01-27 14:55:58,027 [INFO]     Scanning NSE:CONCOR-EQ (5min) | Range 13:00-14:00 | Price=484.90 > VAH=480.00? | CVD=221480 > Ref=15532? | POC=479.70 | VAL=478.80
2026-01-27 14:55:58,162 [INFO]     Scanning NSE:NYKAA-EQ (5min) | Range 13:00-14:00 | Price=235.35 > VAH=234.30? | CVD=466900 > Ref=106592? | POC=234.00 | VAL=233.85
2026-01-27 14:55:58,294 [INFO]     Scanning NSE:IEX-EQ (5min) | Range 13:00-14:00 | Price=127.67 > VAH=126.75? | CVD=418986 > Ref=0? | POC=126.30 | VAL=126.15
2026-01-27 14:55:58,429 [INFO]     Scanning NSE:NBCC-EQ (5min) | Range 13:00-14:00 | Price=96.30 > VAH=95.20? | CVD=879515 > Ref=195713? | POC=95.10 | VAL=94.90
2026-01-27 14:56:06,046 [INFO] 🔍 Scanning for alerts on 8 symbols (5min)...
2026-01-27 14:56:06,180 [INFO]     Scanning NSE:KPITTECH-EQ (5min) | Range 09:35-10:35 | Price=1108.10 > VAH=1112.25? | CVD=154666 > Ref=11686? | POC=1111.50 | VAL=1110.00
2026-01-27 14:56:06,349 [INFO]     Scanning NSE:LODHA-EQ (5min) | Range 09:35-10:35 | Price=906.40 > VAH=874.35? | CVD=723259 > Ref=44807? | POC=874.35 | VAL=868.55
2026-01-27 14:56:06,485 [INFO]     Scanning NSE:HDFCLIFE-EQ (5min) | Range 09:35-10:35 | Price=718.95 > VAH=714.50? | CVD=-29613 > Ref=17111? | POC=713.50 | VAL=712.50
2026-01-27 14:56:06,631 [INFO]     Scanning NSE:INDHOTEL-EQ (5min) | Range 09:35-10:35 | Price=649.75 > VAH=641.90? | CVD=-247000 > Ref=64541? | POC=641.20 | VAL=640.50
2026-01-27 14:56:06,766 [INFO]     Scanning NSE:ICICIPRULI-EQ (5min) | Range 09:35-10:35 | Price=642.50 > VAH=640.50? | CVD=-6669 > Ref=24713? | POC=640.50 | VAL=634.90
2026-01-27 14:56:06,904 [INFO]     Scanning NSE:CONCOR-EQ (5min) | Range 09:35-10:35 | Price=484.95 > VAH=480.90? | CVD=230206 > Ref=15532? | POC=480.20 | VAL=474.60
2026-01-27 14:56:07,066 [INFO]     Scanning NSE:INOXWIND-EQ (5min) | Range 09:35-10:35 | Price=104.72 > VAH=103.50? | CVD=226601 > Ref=42362? | POC=103.40 | VAL=102.90
2026-01-27 14:56:07,200 [INFO]     Scanning NSE:NBCC-EQ (5min) | Range 09:35-10:35 | Price=96.35 > VAH=95.75? | CVD=904788 > Ref=195713? | POC=95.70 | VAL=95.40
2026-01-27 14:57:00,253 [INFO] 🔍 Scanning for alerts on 6 symbols (5min)...
2026-01-27 14:57:00,385 [INFO]     Scanning NSE:KPITTECH-EQ (5min) | Range 13:00-14:00 | Price=1108.10 > VAH=1100.00? | CVD=154666 > Ref=11686? | POC=1098.90 | VAL=1093.40
2026-01-27 14:57:02,301 [INFO]     Scanning NSE:LODHA-EQ (5min) | Range 13:00-14:00 | Price=906.40 > VAH=890.40? | CVD=723259 > Ref=44807? | POC=889.20 | VAL=886.80
2026-01-27 14:57:02,433 [INFO]     Scanning NSE:CONCOR-EQ (5min) | Range 13:00-14:00 | Price=484.95 > VAH=480.00? | CVD=230206 > Ref=15532? | POC=479.70 | VAL=478.80
2026-01-27 14:57:02,610 [INFO]     Scanning NSE:NYKAA-EQ (5min) | Range 13:00-14:00 | Price=235.75 > VAH=234.30? | CVD=505625 > Ref=106592? | POC=234.00 | VAL=233.85
2026-01-27 14:57:02,795 [INFO]     Scanning NSE:IEX-EQ (5min) | Range 13:00-14:00 | Price=127.72 > VAH=126.75? | CVD=448696 > Ref=0? | POC=126.30 | VAL=126.15
2026-01-27 14:57:02,972 [INFO]     Scanning NSE:NBCC-EQ (5min) | Range 13:00-14:00 | Price=96.35 > VAH=95.20? | CVD=904788 > Ref=195713? | POC=95.10 | VAL=94.90
2026-01-27 14:57:07,202 [INFO] 🔍 Scanning for alerts on 8 symbols (5min)...
2026-01-27 14:57:07,333 [INFO]     Scanning NSE:KPITTECH-EQ (5min) | Range 09:35-10:35 | Price=1108.00 > VAH=1112.25? | CVD=152429 > Ref=11686? | POC=1111.50 | VAL=1110.00
2026-01-27 14:57:07,470 [INFO]     Scanning NSE:LODHA-EQ (5min) | Range 09:35-10:35 | Price=905.60 > VAH=874.35? | CVD=718064 > Ref=44807? | POC=874.35 | VAL=868.55
2026-01-27 14:57:07,609 [INFO]     Scanning NSE:HDFCLIFE-EQ (5min) | Range 09:35-10:35 | Price=718.65 > VAH=714.50? | CVD=-36899 > Ref=17111? | POC=713.50 | VAL=712.50
2026-01-27 14:57:07,696 [INFO]     Scanning NSE:INDHOTEL-EQ (5min) | Range 09:35-10:35 | Price=650.45 > VAH=641.90? | CVD=-227444 > Ref=64541? | POC=641.20 | VAL=640.50
2026-01-27 14:57:07,828 [INFO]     Scanning NSE:ICICIPRULI-EQ (5min) | Range 09:35-10:35 | Price=642.65 > VAH=640.50? | CVD=7485 > Ref=24713? | POC=640.50 | VAL=634.90
2026-01-27 14:57:07,971 [INFO]     Scanning NSE:CONCOR-EQ (5min) | Range 09:35-10:35 | Price=485.00 > VAH=480.90? | CVD=231996 > Ref=15532? | POC=480.20 | VAL=474.60
2026-01-27 14:57:08,099 [INFO]     Scanning NSE:INOXWIND-EQ (5min) | Range 09:35-10:35 | Price=104.62 > VAH=103.50? | CVD=205963 > Ref=42362? | POC=103.40 | VAL=102.90
2026-01-27 14:57:08,209 [INFO]     Scanning NSE:NBCC-EQ (5min) | Range 09:35-10:35 | Price=96.25 > VAH=95.75? | CVD=874317 > Ref=195713? | POC=95.70 | VAL=95.40
2026-01-27 14:58:02,974 [INFO] 🔍 Scanning for alerts on 6 symbols (5min)...
2026-01-27 14:58:03,095 [INFO]     Scanning NSE:KPITTECH-EQ (5min) | Range 13:00-14:00 | Price=1108.60 > VAH=1100.00? | CVD=158146 > Ref=11686? | POC=1098.90 | VAL=1093.40
2026-01-27 14:58:03,236 [INFO]     Scanning NSE:LODHA-EQ (5min) | Range 13:00-14:00 | Price=905.30 > VAH=890.40? | CVD=712339 > Ref=44807? | POC=889.20 | VAL=886.80
2026-01-27 14:58:03,352 [INFO]     Scanning NSE:CONCOR-EQ (5min) | Range 13:00-14:00 | Price=485.00 > VAH=480.00? | CVD=231996 > Ref=15532? | POC=479.70 | VAL=478.80
2026-01-27 14:58:03,525 [INFO]     Scanning NSE:NYKAA-EQ (5min) | Range 13:00-14:00 | Price=234.80 > VAH=234.30? | CVD=408823 > Ref=106592? | POC=234.00 | VAL=233.85
2026-01-27 14:58:03,700 [INFO]     Scanning NSE:IEX-EQ (5min) | Range 13:00-14:00 | Price=127.65 > VAH=126.75? | CVD=410937 > Ref=0? | POC=126.30 | VAL=126.15
2026-01-27 14:58:03,880 [INFO]     Scanning NSE:NBCC-EQ (5min) | Range 13:00-14:00 | Price=96.25 > VAH=95.20? | CVD=874317 > Ref=195713? | POC=95.10 | VAL=94.90
2026-01-27 14:58:08,211 [INFO] 🔍 Scanning for alerts on 8 symbols (5min)...
2026-01-27 14:58:08,345 [INFO]     Scanning NSE:KPITTECH-EQ (5min) | Range 09:35-10:35 | Price=1108.60 > VAH=1112.25? | CVD=158146 > Ref=11686? | POC=1111.50 | VAL=1110.00
2026-01-27 14:58:08,448 [INFO]     Scanning NSE:LODHA-EQ (5min) | Range 09:35-10:35 | Price=905.30 > VAH=874.35? | CVD=712339 > Ref=44807? | POC=874.35 | VAL=868.55
2026-01-27 14:58:08,582 [INFO]     Scanning NSE:HDFCLIFE-EQ (5min) | Range 09:35-10:35 | Price=718.90 > VAH=714.50? | CVD=-28676 > Ref=17111? | POC=713.50 | VAL=712.50
2026-01-27 14:58:08,716 [INFO]     Scanning NSE:INDHOTEL-EQ (5min) | Range 09:35-10:35 | Price=650.60 > VAH=641.90? | CVD=-217413 > Ref=64541? | POC=641.20 | VAL=640.50
2026-01-27 14:58:08,833 [INFO]     Scanning NSE:ICICIPRULI-EQ (5min) | Range 09:35-10:35 | Price=642.60 > VAH=640.50? | CVD=3189 > Ref=24713? | POC=640.50 | VAL=634.90
2026-01-27 14:58:08,970 [INFO]     Scanning NSE:CONCOR-EQ (5min) | Range 09:35-10:35 | Price=484.90 > VAH=480.90? | CVD=225146 > Ref=15532? | POC=480.20 | VAL=474.60
2026-01-27 14:58:09,104 [INFO]     Scanning NSE:INOXWIND-EQ (5min) | Range 09:35-10:35 | Price=104.75 > VAH=103.50? | CVD=208064 > Ref=42362? | POC=103.40 | VAL=102.90
2026-01-27 14:58:09,259 [INFO]     Scanning NSE:NBCC-EQ (5min) | Range 09:35-10:35 | Price=96.30 > VAH=95.75? | CVD=895121 > Ref=195713? | POC=95.70 | VAL=95.40
2026-01-27 14:59:03,882 [INFO] 🔍 Scanning for alerts on 6 symbols (5min)...
2026-01-27 14:59:04,067 [INFO]     Scanning NSE:KPITTECH-EQ (5min) | Range 13:00-14:00 | Price=1107.10 > VAH=1100.00? | CVD=157131 > Ref=11686? | POC=1098.90 | VAL=1093.40
2026-01-27 14:59:04,251 [INFO]     Scanning NSE:LODHA-EQ (5min) | Range 13:00-14:00 | Price=906.40 > VAH=890.40? | CVD=723374 > Ref=44807? | POC=889.20 | VAL=886.80
2026-01-27 14:59:04,428 [INFO]     Scanning NSE:CONCOR-EQ (5min) | Range 13:00-14:00 | Price=484.75 > VAH=480.00? | CVD=222942 > Ref=15532? | POC=479.70 | VAL=478.80
2026-01-27 14:59:04,593 [INFO]     Scanning NSE:NYKAA-EQ (5min) | Range 13:00-14:00 | Price=234.90 > VAH=234.30? | CVD=298297 > Ref=106592? | POC=234.00 | VAL=233.85
2026-01-27 14:59:04,855 [INFO]     Scanning NSE:IEX-EQ (5min) | Range 13:00-14:00 | Price=127.40 > VAH=126.75? | CVD=376165 > Ref=0? | POC=126.30 | VAL=126.15
2026-01-27 14:59:04,978 [INFO]     Scanning NSE:NBCC-EQ (5min) | Range 13:00-14:00 | Price=96.25 > VAH=95.20? | CVD=884821 > Ref=195713? | POC=95.10 | VAL=94.90
2026-01-27 14:59:09,260 [INFO] 🔍 Scanning for alerts on 8 symbols (5min)...
2026-01-27 14:59:09,394 [INFO]     Scanning NSE:KPITTECH-EQ (5min) | Range 09:35-10:35 | Price=1107.10 > VAH=1112.25? | CVD=157131 > Ref=11686? | POC=1111.50 | VAL=1110.00
2026-01-27 14:59:09,513 [INFO]     Scanning NSE:LODHA-EQ (5min) | Range 09:35-10:35 | Price=906.40 > VAH=874.35? | CVD=723374 > Ref=44807? | POC=874.35 | VAL=868.55
2026-01-27 14:59:09,626 [INFO]     Scanning NSE:HDFCLIFE-EQ (5min) | Range 09:35-10:35 | Price=719.85 > VAH=714.50? | CVD=-20420 > Ref=17111? | POC=713.50 | VAL=712.50
2026-01-27 14:59:09,720 [INFO]     Scanning NSE:INDHOTEL-EQ (5min) | Range 09:35-10:35 | Price=650.50 > VAH=641.90? | CVD=-223261 > Ref=64541? | POC=641.20 | VAL=640.50
2026-01-27 14:59:09,856 [INFO]     Scanning NSE:ICICIPRULI-EQ (5min) | Range 09:35-10:35 | Price=642.65 > VAH=640.50? | CVD=7698 > Ref=24713? | POC=640.50 | VAL=634.90
2026-01-27 14:59:09,990 [INFO]     Scanning NSE:CONCOR-EQ (5min) | Range 09:35-10:35 | Price=484.75 > VAH=480.90? | CVD=222942 > Ref=15532? | POC=480.20 | VAL=474.60
2026-01-27 14:59:10,152 [INFO]     Scanning NSE:INOXWIND-EQ (5min) | Range 09:35-10:35 | Price=104.63 > VAH=103.50? | CVD=204729 > Ref=42362? | POC=103.40 | VAL=102.90
2026-01-27 14:59:10,289 [INFO]     Scanning NSE:NBCC-EQ (5min) | Range 09:35-10:35 | Price=96.25 > VAH=95.75? | CVD=884821 > Ref=195713? | POC=95.70 | VAL=95.40
2026-01-27 15:00:04,979 [INFO] 🔍 Scanning for alerts on 6 symbols (5min)...
2026-01-27 15:00:05,127 [INFO]     Scanning NSE:KPITTECH-EQ (5min) | Range 13:00-14:00 | Price=1107.50 > VAH=1100.00? | CVD=157753 > Ref=11686? | POC=1098.90 | VAL=1093.40
2026-01-27 15:00:05,266 [INFO]     Scanning NSE:LODHA-EQ (5min) | Range 13:00-14:00 | Price=906.00 > VAH=890.40? | CVD=710606 > Ref=44807? | POC=889.20 | VAL=886.80
2026-01-27 15:00:05,369 [INFO]     Scanning NSE:CONCOR-EQ (5min) | Range 13:00-14:00 | Price=484.90 > VAH=480.00? | CVD=225750 > Ref=15532? | POC=479.70 | VAL=478.80
2026-01-27 15:00:05,505 [INFO]     Scanning NSE:NYKAA-EQ (5min) | Range 13:00-14:00 | Price=235.25 > VAH=234.30? | CVD=387889 > Ref=106592? | POC=234.00 | VAL=233.85
2026-01-27 15:00:05,641 [INFO]     Scanning NSE:IEX-EQ (5min) | Range 13:00-14:00 | Price=127.50 > VAH=126.75? | CVD=418107 > Ref=0? | POC=126.30 | VAL=126.15
2026-01-27 15:00:05,729 [INFO]     Scanning NSE:NBCC-EQ (5min) | Range 13:00-14:00 | Price=96.29 > VAH=95.20? | CVD=916914 > Ref=195713? | POC=95.10 | VAL=94.90
2026-01-27 15:00:10,291 [INFO] 🔍 Scanning for alerts on 8 symbols (5min)...
2026-01-27 15:00:10,465 [INFO]     Scanning NSE:KPITTECH-EQ (5min) | Range 09:35-10:35 | Price=1107.50 > VAH=1112.25? | CVD=157753 > Ref=11686? | POC=1111.50 | VAL=1110.00
2026-01-27 15:00:10,607 [INFO]     Scanning NSE:LODHA-EQ (5min) | Range 09:35-10:35 | Price=906.00 > VAH=874.35? | CVD=710606 > Ref=44807? | POC=874.35 | VAL=868.55
2026-01-27 15:00:10,767 [INFO]     Scanning NSE:HDFCLIFE-EQ (5min) | Range 09:35-10:35 | Price=720.00 > VAH=714.50? | CVD=-9484 > Ref=17111? | POC=713.50 | VAL=712.50
2026-01-27 15:00:10,901 [INFO]     Scanning NSE:INDHOTEL-EQ (5min) | Range 09:35-10:35 | Price=650.85 > VAH=641.90? | CVD=-211123 > Ref=64541? | POC=641.20 | VAL=640.50
2026-01-27 15:00:10,988 [INFO]     Scanning NSE:ICICIPRULI-EQ (5min) | Range 09:35-10:35 | Price=642.60 > VAH=640.50? | CVD=-118 > Ref=24713? | POC=640.50 | VAL=634.90
2026-01-27 15:00:11,119 [INFO]     Scanning NSE:CONCOR-EQ (5min) | Range 09:35-10:35 | Price=484.90 > VAH=480.90? | CVD=225750 > Ref=15532? | POC=480.20 | VAL=474.60
2026-01-27 15:00:11,255 [INFO]     Scanning NSE:INOXWIND-EQ (5min) | Range 09:35-10:35 | Price=104.65 > VAH=103.50? | CVD=226483 > Ref=42362? | POC=103.40 | VAL=102.90
2026-01-27 15:00:11,375 [INFO]     Scanning NSE:NBCC-EQ (5min) | Range 09:35-10:35 | Price=96.29 > VAH=95.75? | CVD=916914 > Ref=195713? | POC=95.70 | VAL=95.40
2026-01-27 15:01:05,731 [INFO] 🔍 Scanning for alerts on 6 symbols (5min)...
2026-01-27 15:01:05,865 [INFO]     Scanning NSE:KPITTECH-EQ (5min) | Range 13:00-14:00 | Price=1102.60 > VAH=1100.00? | CVD=150423 > Ref=11686? | POC=1098.90 | VAL=1093.40
2026-01-27 15:01:06,020 [INFO]     Scanning NSE:LODHA-EQ (5min) | Range 13:00-14:00 | Price=904.70 > VAH=890.40? | CVD=671552 > Ref=44807? | POC=889.20 | VAL=886.80
2026-01-27 15:01:06,193 [INFO]     Scanning NSE:CONCOR-EQ (5min) | Range 13:00-14:00 | Price=484.90 > VAH=480.00? | CVD=225750 > Ref=15532? | POC=479.70 | VAL=478.80
2026-01-27 15:01:06,367 [INFO]     Scanning NSE:NYKAA-EQ (5min) | Range 13:00-14:00 | Price=234.55 > VAH=234.30? | CVD=113925 > Ref=106592? | POC=234.00 | VAL=233.85
2026-01-27 15:01:06,507 [INFO]     Scanning NSE:IEX-EQ (5min) | Range 13:00-14:00 | Price=127.13 > VAH=126.75? | CVD=374475 > Ref=0? | POC=126.30 | VAL=126.15
2026-01-27 15:01:06,662 [INFO]     Scanning NSE:NBCC-EQ (5min) | Range 13:00-14:00 | Price=96.04 > VAH=95.20? | CVD=858343 > Ref=195713? | POC=95.10 | VAL=94.90
2026-01-27 15:01:11,376 [INFO] 🔍 Scanning for alerts on 8 symbols (5min)...
2026-01-27 15:01:11,521 [INFO]     Scanning NSE:KPITTECH-EQ (5min) | Range 09:35-10:35 | Price=1102.60 > VAH=1112.25? | CVD=150423 > Ref=11686? | POC=1111.50 | VAL=1110.00
2026-01-27 15:01:11,654 [INFO]     Scanning NSE:LODHA-EQ (5min) | Range 09:35-10:35 | Price=904.70 > VAH=874.35? | CVD=671552 > Ref=44807? | POC=874.35 | VAL=868.55
2026-01-27 15:01:11,740 [INFO]     Scanning NSE:HDFCLIFE-EQ (5min) | Range 09:35-10:35 | Price=719.40 > VAH=714.50? | CVD=-36016 > Ref=17111? | POC=713.50 | VAL=712.50
2026-01-27 15:01:11,872 [INFO]     Scanning NSE:INDHOTEL-EQ (5min) | Range 09:35-10:35 | Price=649.55 > VAH=641.90? | CVD=-262026 > Ref=64541? | POC=641.20 | VAL=640.50
2026-01-27 15:01:12,014 [INFO]     Scanning NSE:ICICIPRULI-EQ (5min) | Range 09:35-10:35 | Price=641.65 > VAH=640.50? | CVD=-11737 > Ref=24713? | POC=640.50 | VAL=634.90
2026-01-27 15:01:12,146 [INFO]     Scanning NSE:CONCOR-EQ (5min) | Range 09:35-10:35 | Price=484.30 > VAH=480.90? | CVD=218156 > Ref=15532? | POC=480.20 | VAL=474.60
2026-01-27 15:01:12,281 [INFO]     Scanning NSE:INOXWIND-EQ (5min) | Range 09:35-10:35 | Price=104.36 > VAH=103.50? | CVD=196063 > Ref=42362? | POC=103.40 | VAL=102.90
2026-01-27 15:01:12,442 [INFO]     Scanning NSE:NBCC-EQ (5min) | Range 09:35-10:35 | Price=96.04 > VAH=95.75? | CVD=858343 > Ref=195713? | POC=95.70 | VAL=95.40
2026-01-27 15:02:06,664 [INFO] 🔍 Scanning for alerts on 6 symbols (5min)...
2026-01-27 15:02:06,825 [INFO]     Scanning NSE:KPITTECH-EQ (5min) | Range 13:00-14:00 | Price=1103.30 > VAH=1100.00? | CVD=154316 > Ref=11686? | POC=1098.90 | VAL=1093.40
2026-01-27 15:02:06,961 [INFO]     Scanning NSE:LODHA-EQ (5min) | Range 13:00-14:00 | Price=903.90 > VAH=890.40? | CVD=640811 > Ref=44807? | POC=889.20 | VAL=886.80
2026-01-27 15:02:07,054 [INFO]     Scanning NSE:CONCOR-EQ (5min) | Range 13:00-14:00 | Price=484.05 > VAH=480.00? | CVD=211266 > Ref=15532? | POC=479.70 | VAL=478.80
2026-01-27 15:02:07,149 [INFO]     Scanning NSE:NYKAA-EQ (5min) | Range 13:00-14:00 | Price=234.95 > VAH=234.30? | CVD=177536 > Ref=106592? | POC=234.00 | VAL=233.85
2026-01-27 15:02:07,244 [INFO]     Scanning NSE:IEX-EQ (5min) | Range 13:00-14:00 | Price=127.22 > VAH=126.75? | CVD=415718 > Ref=0? | POC=126.30 | VAL=126.15
2026-01-27 15:02:07,341 [INFO]     Scanning NSE:NBCC-EQ (5min) | Range 13:00-14:00 | Price=96.06 > VAH=95.20? | CVD=809564 > Ref=195713? | POC=95.10 | VAL=94.90
2026-01-27 15:02:12,443 [INFO] 🔍 Scanning for alerts on 8 symbols (5min)...
2026-01-27 15:02:12,580 [INFO]     Scanning NSE:KPITTECH-EQ (5min) | Range 09:35-10:35 | Price=1103.30 > VAH=1112.25? | CVD=154316 > Ref=11686? | POC=1111.50 | VAL=1110.00
2026-01-27 15:02:12,714 [INFO]     Scanning NSE:LODHA-EQ (5min) | Range 09:35-10:35 | Price=903.90 > VAH=874.35? | CVD=640811 > Ref=44807? | POC=874.35 | VAL=868.55
2026-01-27 15:02:12,874 [INFO]     Scanning NSE:HDFCLIFE-EQ (5min) | Range 09:35-10:35 | Price=719.35 > VAH=714.50? | CVD=-11891 > Ref=17111? | POC=713.50 | VAL=712.50
2026-01-27 15:02:13,010 [INFO]     Scanning NSE:INDHOTEL-EQ (5min) | Range 09:35-10:35 | Price=650.00 > VAH=641.90? | CVD=-232927 > Ref=64541? | POC=641.20 | VAL=640.50
2026-01-27 15:02:13,098 [INFO]     Scanning NSE:ICICIPRULI-EQ (5min) | Range 09:35-10:35 | Price=641.80 > VAH=640.50? | CVD=1435 > Ref=24713? | POC=640.50 | VAL=634.90
2026-01-27 15:02:13,190 [INFO]     Scanning NSE:CONCOR-EQ (5min) | Range 09:35-10:35 | Price=484.05 > VAH=480.90? | CVD=211266 > Ref=15532? | POC=480.20 | VAL=474.60
2026-01-27 15:02:13,284 [INFO]     Scanning NSE:INOXWIND-EQ (5min) | Range 09:35-10:35 | Price=104.44 > VAH=103.50? | CVD=248453 > Ref=42362? | POC=103.40 | VAL=102.90
2026-01-27 15:02:13,427 [INFO]     Scanning NSE:NBCC-EQ (5min) | Range 09:35-10:35 | Price=96.06 > VAH=95.75? | CVD=809564 > Ref=195713? | POC=95.70 | VAL=95.40
2026-01-27 15:03:07,343 [INFO] 🔍 Scanning for alerts on 6 symbols (5min)...
2026-01-27 15:03:07,478 [INFO]     Scanning NSE:KPITTECH-EQ (5min) | Range 13:00-14:00 | Price=1103.70 > VAH=1100.00? | CVD=156831 > Ref=11686? | POC=1098.90 | VAL=1093.40
2026-01-27 15:03:07,638 [INFO]     Scanning NSE:LODHA-EQ (5min) | Range 13:00-14:00 | Price=902.40 > VAH=890.40? | CVD=622792 > Ref=44807? | POC=889.20 | VAL=886.80
2026-01-27 15:03:07,730 [INFO]     Scanning NSE:CONCOR-EQ (5min) | Range 13:00-14:00 | Price=484.50 > VAH=480.00? | CVD=214819 > Ref=15532? | POC=479.70 | VAL=478.80
2026-01-27 15:03:07,868 [INFO]     Scanning NSE:NYKAA-EQ (5min) | Range 13:00-14:00 | Price=235.20 > VAH=234.30? | CVD=329099 > Ref=106592? | POC=234.00 | VAL=233.85
2026-01-27 15:03:07,958 [INFO]     Scanning NSE:IEX-EQ (5min) | Range 13:00-14:00 | Price=127.21 > VAH=126.75? | CVD=469525 > Ref=0? | POC=126.30 | VAL=126.15
2026-01-27 15:03:08,102 [INFO]     Scanning NSE:NBCC-EQ (5min) | Range 13:00-14:00 | Price=96.06 > VAH=95.20? | CVD=852584 > Ref=195713? | POC=95.10 | VAL=94.90
2026-01-27 15:03:13,429 [INFO] 🔍 Scanning for alerts on 8 symbols (5min)...
2026-01-27 15:03:13,570 [INFO]     Scanning NSE:KPITTECH-EQ (5min) | Range 09:35-10:35 | Price=1103.70 > VAH=1112.25? | CVD=156831 > Ref=11686? | POC=1111.50 | VAL=1110.00
2026-01-27 15:03:13,705 [INFO]     Scanning NSE:LODHA-EQ (5min) | Range 09:35-10:35 | Price=902.40 > VAH=874.35? | CVD=622792 > Ref=44807? | POC=874.35 | VAL=868.55
2026-01-27 15:03:13,793 [INFO]     Scanning NSE:HDFCLIFE-EQ (5min) | Range 09:35-10:35 | Price=719.80 > VAH=714.50? | CVD=3797 > Ref=17111? | POC=713.50 | VAL=712.50
2026-01-27 15:03:13,928 [INFO]     Scanning NSE:INDHOTEL-EQ (5min) | Range 09:35-10:35 | Price=649.95 > VAH=641.90? | CVD=-247045 > Ref=64541? | POC=641.20 | VAL=640.50
2026-01-27 15:03:14,062 [INFO]     Scanning NSE:ICICIPRULI-EQ (5min) | Range 09:35-10:35 | Price=641.20 > VAH=640.50? | CVD=-6536 > Ref=24713? | POC=640.50 | VAL=634.90
2026-01-27 15:03:14,196 [INFO]     Scanning NSE:CONCOR-EQ (5min) | Range 09:35-10:35 | Price=484.50 > VAH=480.90? | CVD=214819 > Ref=15532? | POC=480.20 | VAL=474.60
2026-01-27 15:03:14,317 [INFO]     Scanning NSE:INOXWIND-EQ (5min) | Range 09:35-10:35 | Price=104.44 > VAH=103.50? | CVD=258911 > Ref=42362? | POC=103.40 | VAL=102.90
2026-01-27 15:03:14,408 [INFO]     Scanning NSE:NBCC-EQ (5min) | Range 09:35-10:35 | Price=96.06 > VAH=95.75? | CVD=852584 > Ref=195713? | POC=95.70 | VAL=95.40
2026-01-27 15:04:08,103 [INFO] 🔍 Scanning for alerts on 6 symbols (5min)...
2026-01-27 15:04:08,238 [INFO]     Scanning NSE:KPITTECH-EQ (5min) | Range 13:00-14:00 | Price=1104.70 > VAH=1100.00? | CVD=158285 > Ref=11686? | POC=1098.90 | VAL=1093.40
2026-01-27 15:04:08,376 [INFO]     Scanning NSE:LODHA-EQ (5min) | Range 13:00-14:00 | Price=904.90 > VAH=890.40? | CVD=640860 > Ref=44807? | POC=889.20 | VAL=886.80
2026-01-27 15:04:08,464 [INFO]     Scanning NSE:CONCOR-EQ (5min) | Range 13:00-14:00 | Price=484.50 > VAH=480.00? | CVD=220930 > Ref=15532? | POC=479.70 | VAL=478.80
2026-01-27 15:04:08,558 [INFO]     Scanning NSE:NYKAA-EQ (5min) | Range 13:00-14:00 | Price=235.30 > VAH=234.30? | CVD=440295 > Ref=106592? | POC=234.00 | VAL=233.85
2026-01-27 15:04:08,692 [INFO]     Scanning NSE:IEX-EQ (5min) | Range 13:00-14:00 | Price=127.19 > VAH=126.75? | CVD=440863 > Ref=0? | POC=126.30 | VAL=126.15
2026-01-27 15:04:08,823 [INFO]     Scanning NSE:NBCC-EQ (5min) | Range 13:00-14:00 | Price=96.02 > VAH=95.20? | CVD=782950 > Ref=195713? | POC=95.10 | VAL=94.90
2026-01-27 15:04:14,411 [INFO] 🔍 Scanning for alerts on 8 symbols (5min)...
2026-01-27 15:04:14,548 [INFO]     Scanning NSE:KPITTECH-EQ (5min) | Range 09:35-10:35 | Price=1104.70 > VAH=1112.25? | CVD=158285 > Ref=11686? | POC=1111.50 | VAL=1110.00
2026-01-27 15:04:14,636 [INFO]     Scanning NSE:LODHA-EQ (5min) | Range 09:35-10:35 | Price=904.90 > VAH=874.35? | CVD=640860 > Ref=44807? | POC=874.35 | VAL=868.55
2026-01-27 15:04:14,745 [INFO]     Scanning NSE:HDFCLIFE-EQ (5min) | Range 09:35-10:35 | Price=719.65 > VAH=714.50? | CVD=-12502 > Ref=17111? | POC=713.50 | VAL=712.50
2026-01-27 15:04:14,879 [INFO]     Scanning NSE:INDHOTEL-EQ (5min) | Range 09:35-10:35 | Price=650.30 > VAH=641.90? | CVD=-228243 > Ref=64541? | POC=641.20 | VAL=640.50
2026-01-27 15:04:14,967 [INFO]     Scanning NSE:ICICIPRULI-EQ (5min) | Range 09:35-10:35 | Price=641.55 > VAH=640.50? | CVD=-127 > Ref=24713? | POC=640.50 | VAL=634.90
2026-01-27 15:04:15,058 [INFO]     Scanning NSE:CONCOR-EQ (5min) | Range 09:35-10:35 | Price=484.50 > VAH=480.90? | CVD=220930 > Ref=15532? | POC=480.20 | VAL=474.60
2026-01-27 15:04:15,151 [INFO]     Scanning NSE:INOXWIND-EQ (5min) | Range 09:35-10:35 | Price=104.39 > VAH=103.50? | CVD=246674 > Ref=42362? | POC=103.40 | VAL=102.90
2026-01-27 15:04:15,242 [INFO]     Scanning NSE:NBCC-EQ (5min) | Range 09:35-10:35 | Price=96.02 > VAH=95.75? | CVD=782950 > Ref=195713? | POC=95.70 | VAL=95.40
2026-01-27 15:05:08,825 [INFO] 🔍 Scanning for alerts on 6 symbols (5min)...
2026-01-27 15:05:08,984 [INFO]     Scanning NSE:KPITTECH-EQ (5min) | Range 13:00-14:00 | Price=1102.70 > VAH=1100.00? | CVD=135304 > Ref=11686? | POC=1098.90 | VAL=1093.40
2026-01-27 15:05:09,124 [INFO]     Scanning NSE:LODHA-EQ (5min) | Range 13:00-14:00 | Price=902.90 > VAH=890.40? | CVD=627280 > Ref=44807? | POC=889.20 | VAL=886.80
2026-01-27 15:05:09,254 [INFO]     Scanning NSE:CONCOR-EQ (5min) | Range 13:00-14:00 | Price=484.25 > VAH=480.00? | CVD=218313 > Ref=15532? | POC=479.70 | VAL=478.80
2026-01-27 15:05:09,393 [INFO]     Scanning NSE:NYKAA-EQ (5min) | Range 13:00-14:00 | Price=235.15 > VAH=234.30? | CVD=362917 > Ref=106592? | POC=234.00 | VAL=233.85
2026-01-27 15:05:09,537 [INFO]     Scanning NSE:IEX-EQ (5min) | Range 13:00-14:00 | Price=127.11 > VAH=126.75? | CVD=405265 > Ref=0? | POC=126.30 | VAL=126.15
2026-01-27 15:05:09,674 [INFO]     Scanning NSE:NBCC-EQ (5min) | Range 13:00-14:00 | Price=95.95 > VAH=95.20? | CVD=755244 > Ref=195713? | POC=95.10 | VAL=94.90
2026-01-27 15:05:15,243 [INFO] 🔍 Scanning for alerts on 8 symbols (5min)...
2026-01-27 15:05:15,493 [INFO]     Scanning NSE:KPITTECH-EQ (5min) | Range 09:35-10:35 | Price=1102.70 > VAH=1112.25? | CVD=135304 > Ref=11686? | POC=1111.50 | VAL=1110.00
2026-01-27 15:05:15,611 [INFO]     Scanning NSE:LODHA-EQ (5min) | Range 09:35-10:35 | Price=902.90 > VAH=874.35? | CVD=627280 > Ref=44807? | POC=874.35 | VAL=868.55
2026-01-27 15:05:15,739 [INFO]     Scanning NSE:HDFCLIFE-EQ (5min) | Range 09:35-10:35 | Price=719.10 > VAH=714.50? | CVD=-27051 > Ref=17111? | POC=713.50 | VAL=712.50
2026-01-27 15:05:15,875 [INFO]     Scanning NSE:INDHOTEL-EQ (5min) | Range 09:35-10:35 | Price=650.25 > VAH=641.90? | CVD=-289845 > Ref=64541? | POC=641.20 | VAL=640.50
2026-01-27 15:05:15,982 [INFO]     Scanning NSE:ICICIPRULI-EQ (5min) | Range 09:35-10:35 | Price=641.40 > VAH=640.50? | CVD=-5605 > Ref=24713? | POC=640.50 | VAL=634.90
2026-01-27 15:05:16,123 [INFO]     Scanning NSE:CONCOR-EQ (5min) | Range 09:35-10:35 | Price=484.25 > VAH=480.90? | CVD=218313 > Ref=15532? | POC=480.20 | VAL=474.60
2026-01-27 15:05:16,283 [INFO]     Scanning NSE:INOXWIND-EQ (5min) | Range 09:35-10:35 | Price=104.35 > VAH=103.50? | CVD=243082 > Ref=42362? | POC=103.40 | VAL=102.90
2026-01-27 15:05:16,433 [INFO]     Scanning NSE:NBCC-EQ (5min) | Range 09:35-10:35 | Price=95.95 > VAH=95.75? | CVD=755244 > Ref=195713? | POC=95.70 | VAL=95.40
2026-01-27 15:06:09,676 [INFO] 🔍 Scanning for alerts on 6 symbols (5min)...
2026-01-27 15:06:09,835 [INFO]     Scanning NSE:KPITTECH-EQ (5min) | Range 13:00-14:00 | Price=1102.50 > VAH=1100.00? | CVD=126604 > Ref=11686? | POC=1098.90 | VAL=1093.40
2026-01-27 15:06:09,982 [INFO]     Scanning NSE:LODHA-EQ (5min) | Range 13:00-14:00 | Price=903.50 > VAH=890.40? | CVD=643086 > Ref=44807? | POC=889.20 | VAL=886.80
2026-01-27 15:06:10,073 [INFO]     Scanning NSE:CONCOR-EQ (5min) | Range 13:00-14:00 | Price=484.25 > VAH=480.00? | CVD=214498 > Ref=15532? | POC=479.70 | VAL=478.80
2026-01-27 15:06:10,223 [INFO]     Scanning NSE:NYKAA-EQ (5min) | Range 13:00-14:00 | Price=236.25 > VAH=234.30? | CVD=603950 > Ref=106592? | POC=234.00 | VAL=233.85
2026-01-27 15:06:10,359 [INFO]     Scanning NSE:IEX-EQ (5min) | Range 13:00-14:00 | Price=127.09 > VAH=126.75? | CVD=425315 > Ref=0? | POC=126.30 | VAL=126.15
2026-01-27 15:06:10,452 [INFO]     Scanning NSE:NBCC-EQ (5min) | Range 13:00-14:00 | Price=95.99 > VAH=95.20? | CVD=776690 > Ref=195713? | POC=95.10 | VAL=94.90
2026-01-27 15:06:16,435 [INFO] 🔍 Scanning for alerts on 8 symbols (5min)...
2026-01-27 15:06:16,571 [INFO]     Scanning NSE:KPITTECH-EQ (5min) | Range 09:35-10:35 | Price=1102.50 > VAH=1112.25? | CVD=126604 > Ref=11686? | POC=1111.50 | VAL=1110.00
2026-01-27 15:06:16,724 [INFO]     Scanning NSE:LODHA-EQ (5min) | Range 09:35-10:35 | Price=903.50 > VAH=874.35? | CVD=643086 > Ref=44807? | POC=874.35 | VAL=868.55
2026-01-27 15:06:16,883 [INFO]     Scanning NSE:HDFCLIFE-EQ (5min) | Range 09:35-10:35 | Price=719.25 > VAH=714.50? | CVD=-13407 > Ref=17111? | POC=713.50 | VAL=712.50
2026-01-27 15:06:17,018 [INFO]     Scanning NSE:INDHOTEL-EQ (5min) | Range 09:35-10:35 | Price=650.80 > VAH=641.90? | CVD=-272837 > Ref=64541? | POC=641.20 | VAL=640.50
2026-01-27 15:06:17,150 [INFO]     Scanning NSE:ICICIPRULI-EQ (5min) | Range 09:35-10:35 | Price=641.45 > VAH=640.50? | CVD=-19 > Ref=24713? | POC=640.50 | VAL=634.90
2026-01-27 15:06:17,284 [INFO]     Scanning NSE:CONCOR-EQ (5min) | Range 09:35-10:35 | Price=484.25 > VAH=480.90? | CVD=214498 > Ref=15532? | POC=480.20 | VAL=474.60
2026-01-27 15:06:17,419 [INFO]     Scanning NSE:INOXWIND-EQ (5min) | Range 09:35-10:35 | Price=104.23 > VAH=103.50? | CVD=188554 > Ref=42362? | POC=103.40 | VAL=102.90
2026-01-27 15:06:17,518 [INFO]     Scanning NSE:NBCC-EQ (5min) | Range 09:35-10:35 | Price=95.99 > VAH=95.75? | CVD=776690 > Ref=195713? | POC=95.70 | VAL=95.40
2026-01-27 15:07:10,453 [INFO] 🔍 Scanning for alerts on 6 symbols (5min)...
2026-01-27 15:07:10,588 [INFO]     Scanning NSE:KPITTECH-EQ (5min) | Range 13:00-14:00 | Price=1102.60 > VAH=1100.00? | CVD=133218 > Ref=11686? | POC=1098.90 | VAL=1093.40
2026-01-27 15:07:10,685 [INFO]     Scanning NSE:LODHA-EQ (5min) | Range 13:00-14:00 | Price=905.10 > VAH=890.40? | CVD=671155 > Ref=44807? | POC=889.20 | VAL=886.80
2026-01-27 15:07:10,824 [INFO]     Scanning NSE:CONCOR-EQ (5min) | Range 13:00-14:00 | Price=484.75 > VAH=480.00? | CVD=218710 > Ref=15532? | POC=479.70 | VAL=478.80
2026-01-27 15:07:10,918 [INFO]     Scanning NSE:NYKAA-EQ (5min) | Range 13:00-14:00 | Price=236.25 > VAH=234.30? | CVD=646498 > Ref=106592? | POC=234.00 | VAL=233.85
2026-01-27 15:07:11,015 [INFO]     Scanning NSE:IEX-EQ (5min) | Range 13:00-14:00 | Price=127.31 > VAH=126.75? | CVD=495024 > Ref=0? | POC=126.30 | VAL=126.15
2026-01-27 15:07:11,112 [INFO]     Scanning NSE:NBCC-EQ (5min) | Range 13:00-14:00 | Price=96.22 > VAH=95.20? | CVD=825628 > Ref=195713? | POC=95.10 | VAL=94.90
2026-01-27 15:07:17,519 [INFO] 🔍 Scanning for alerts on 8 symbols (5min)...
2026-01-27 15:07:17,662 [INFO]     Scanning NSE:KPITTECH-EQ (5min) | Range 09:35-10:35 | Price=1102.60 > VAH=1112.25? | CVD=133218 > Ref=11686? | POC=1111.50 | VAL=1110.00
2026-01-27 15:07:17,804 [INFO]     Scanning NSE:LODHA-EQ (5min) | Range 09:35-10:35 | Price=905.10 > VAH=874.35? | CVD=671155 > Ref=44807? | POC=874.35 | VAL=868.55
2026-01-27 15:07:17,939 [INFO]     Scanning NSE:HDFCLIFE-EQ (5min) | Range 09:35-10:35 | Price=719.85 > VAH=714.50? | CVD=3430 > Ref=17111? | POC=713.50 | VAL=712.50
2026-01-27 15:07:18,075 [INFO]     Scanning NSE:INDHOTEL-EQ (5min) | Range 09:35-10:35 | Price=651.30 > VAH=641.90? | CVD=-256062 > Ref=64541? | POC=641.20 | VAL=640.50
2026-01-27 15:07:18,209 [INFO]     Scanning NSE:ICICIPRULI-EQ (5min) | Range 09:35-10:35 | Price=641.45 > VAH=640.50? | CVD=7990 > Ref=24713? | POC=640.50 | VAL=634.90
2026-01-27 15:07:18,348 [INFO]     Scanning NSE:CONCOR-EQ (5min) | Range 09:35-10:35 | Price=484.75 > VAH=480.90? | CVD=218710 > Ref=15532? | POC=480.20 | VAL=474.60
2026-01-27 15:07:18,474 [INFO]     Scanning NSE:INOXWIND-EQ (5min) | Range 09:35-10:35 | Price=104.37 > VAH=103.50? | CVD=267011 > Ref=42362? | POC=103.40 | VAL=102.90
2026-01-27 15:07:18,628 [INFO]     Scanning NSE:NBCC-EQ (5min) | Range 09:35-10:35 | Price=96.22 > VAH=95.75? | CVD=825628 > Ref=195713? | POC=95.70 | VAL=95.40
2026-01-27 15:09:49,969 [INFO] 🔍 Scanning for alerts on 6 symbols (5min)...
2026-01-27 15:09:50,240 [INFO]     Scanning NSE:KPITTECH-EQ (5min) | Range 13:00-14:00 | Price=1104.00 > VAH=1100.00? | CVD=134632 > Ref=11686? | POC=1098.90 | VAL=1093.40
2026-01-27 15:09:50,390 [INFO]     Scanning NSE:LODHA-EQ (5min) | Range 13:00-14:00 | Price=904.90 > VAH=890.40? | CVD=687048 > Ref=44807? | POC=889.20 | VAL=886.80
2026-01-27 15:09:50,610 [INFO]     Scanning NSE:CONCOR-EQ (5min) | Range 13:00-14:00 | Price=484.60 > VAH=480.00? | CVD=212071 > Ref=15532? | POC=479.70 | VAL=478.80
2026-01-27 15:09:50,746 [INFO]     Scanning NSE:NYKAA-EQ (5min) | Range 13:00-14:00 | Price=236.55 > VAH=234.30? | CVD=723867 > Ref=106592? | POC=234.00 | VAL=233.85
2026-01-27 15:09:50,947 [INFO]     Scanning NSE:IEX-EQ (5min) | Range 13:00-14:00 | Price=127.33 > VAH=126.75? | CVD=515983 > Ref=0? | POC=126.30 | VAL=126.15
2026-01-27 15:09:51,070 [INFO]     Scanning NSE:NBCC-EQ (5min) | Range 13:00-14:00 | Price=96.30 > VAH=95.20? | CVD=872053 > Ref=195713? | POC=95.10 | VAL=94.90
2026-01-27 15:09:57,485 [INFO] 🔍 Scanning for alerts on 8 symbols (5min)...
2026-01-27 15:09:57,611 [INFO]     Scanning NSE:KPITTECH-EQ (5min) | Range 09:35-10:35 | Price=1104.00 > VAH=1112.25? | CVD=134632 > Ref=11686? | POC=1111.50 | VAL=1110.00
2026-01-27 15:09:57,744 [INFO]     Scanning NSE:LODHA-EQ (5min) | Range 09:35-10:35 | Price=905.10 > VAH=874.35? | CVD=696869 > Ref=44807? | POC=874.35 | VAL=868.55
2026-01-27 15:09:57,879 [INFO]     Scanning NSE:HDFCLIFE-EQ (5min) | Range 09:35-10:35 | Price=719.50 > VAH=714.50? | CVD=-8326 > Ref=17111? | POC=713.50 | VAL=712.50
2026-01-27 15:09:57,999 [INFO]     Scanning NSE:INDHOTEL-EQ (5min) | Range 09:35-10:35 | Price=651.25 > VAH=641.90? | CVD=-271019 > Ref=64541? | POC=641.20 | VAL=640.50
2026-01-27 15:09:58,136 [INFO]     Scanning NSE:ICICIPRULI-EQ (5min) | Range 09:35-10:35 | Price=641.50 > VAH=640.50? | CVD=3679 > Ref=24713? | POC=640.50 | VAL=634.90
2026-01-27 15:09:58,277 [INFO]     Scanning NSE:CONCOR-EQ (5min) | Range 09:35-10:35 | Price=484.60 > VAH=480.90? | CVD=212071 > Ref=15532? | POC=480.20 | VAL=474.60
2026-01-27 15:09:58,400 [INFO]     Scanning NSE:INOXWIND-EQ (5min) | Range 09:35-10:35 | Price=104.62 > VAH=103.50? | CVD=316622 > Ref=42362? | POC=103.40 | VAL=102.90
2026-01-27 15:09:58,530 [INFO]     Scanning NSE:NBCC-EQ (5min) | Range 09:35-10:35 | Price=96.30 > VAH=95.75? | CVD=872053 > Ref=195713? | POC=95.70 | VAL=95.40
2026-01-27 15:10:51,072 [INFO] 🔍 Scanning for alerts on 6 symbols (5min)...
2026-01-27 15:10:51,208 [INFO]     Scanning NSE:KPITTECH-EQ (5min) | Range 13:00-14:00 | Price=1103.00 > VAH=1100.00? | CVD=136863 > Ref=11686? | POC=1098.90 | VAL=1093.40
2026-01-27 15:10:51,321 [INFO]     Scanning NSE:LODHA-EQ (5min) | Range 13:00-14:00 | Price=905.70 > VAH=890.40? | CVD=705328 > Ref=44807? | POC=889.20 | VAL=886.80
2026-01-27 15:10:51,423 [INFO]     Scanning NSE:CONCOR-EQ (5min) | Range 13:00-14:00 | Price=484.80 > VAH=480.00? | CVD=219596 > Ref=15532? | POC=479.70 | VAL=478.80
2026-01-27 15:10:51,589 [INFO]     Scanning NSE:NYKAA-EQ (5min) | Range 13:00-14:00 | Price=236.80 > VAH=234.30? | CVD=835937 > Ref=106592? | POC=234.00 | VAL=233.85
2026-01-27 15:10:51,701 [INFO]     Scanning NSE:IEX-EQ (5min) | Range 13:00-14:00 | Price=127.38 > VAH=126.75? | CVD=533355 > Ref=0? | POC=126.30 | VAL=126.15
2026-01-27 15:10:51,832 [INFO]     Scanning NSE:NBCC-EQ (5min) | Range 13:00-14:00 | Price=96.53 > VAH=95.20? | CVD=953932 > Ref=195713? | POC=95.10 | VAL=94.90
2026-01-27 15:10:58,532 [INFO] 🔍 Scanning for alerts on 8 symbols (5min)...
2026-01-27 15:10:58,673 [INFO]     Scanning NSE:KPITTECH-EQ (5min) | Range 09:35-10:35 | Price=1103.00 > VAH=1112.25? | CVD=136863 > Ref=11686? | POC=1111.50 | VAL=1110.00
2026-01-27 15:10:58,834 [INFO]     Scanning NSE:LODHA-EQ (5min) | Range 09:35-10:35 | Price=905.70 > VAH=874.35? | CVD=705328 > Ref=44807? | POC=874.35 | VAL=868.55
2026-01-27 15:10:58,996 [INFO]     Scanning NSE:HDFCLIFE-EQ (5min) | Range 09:35-10:35 | Price=719.60 > VAH=714.50? | CVD=17557 > Ref=17111? | POC=713.50 | VAL=712.50
2026-01-27 15:10:59,159 [INFO]     Scanning NSE:INDHOTEL-EQ (5min) | Range 09:35-10:35 | Price=652.40 > VAH=641.90? | CVD=-214565 > Ref=64541? | POC=641.20 | VAL=640.50
2026-01-27 15:10:59,305 [INFO]     Scanning NSE:ICICIPRULI-EQ (5min) | Range 09:35-10:35 | Price=641.80 > VAH=640.50? | CVD=9328 > Ref=24713? | POC=640.50 | VAL=634.90
2026-01-27 15:10:59,435 [INFO]     Scanning NSE:CONCOR-EQ (5min) | Range 09:35-10:35 | Price=484.80 > VAH=480.90? | CVD=219596 > Ref=15532? | POC=480.20 | VAL=474.60
2026-01-27 15:10:59,595 [INFO]     Scanning NSE:INOXWIND-EQ (5min) | Range 09:35-10:35 | Price=104.69 > VAH=103.50? | CVD=326255 > Ref=42362? | POC=103.40 | VAL=102.90
2026-01-27 15:10:59,849 [INFO]     Scanning NSE:NBCC-EQ (5min) | Range 09:35-10:35 | Price=96.53 > VAH=95.75? | CVD=953932 > Ref=195713? | POC=95.70 | VAL=95.40
2026-01-27 15:11:51,834 [INFO] 🔍 Scanning for alerts on 6 symbols (5min)...
2026-01-27 15:11:51,971 [INFO]     Scanning NSE:KPITTECH-EQ (5min) | Range 13:00-14:00 | Price=1103.30 > VAH=1100.00? | CVD=145947 > Ref=11686? | POC=1098.90 | VAL=1093.40
2026-01-27 15:11:52,138 [INFO]     Scanning NSE:LODHA-EQ (5min) | Range 13:00-14:00 | Price=903.60 > VAH=890.40? | CVD=682878 > Ref=44807? | POC=889.20 | VAL=886.80
2026-01-27 15:11:52,274 [INFO]     Scanning NSE:CONCOR-EQ (5min) | Range 13:00-14:00 | Price=484.25 > VAH=480.00? | CVD=207107 > Ref=15532? | POC=479.70 | VAL=478.80
2026-01-27 15:11:52,413 [INFO]     Scanning NSE:NYKAA-EQ (5min) | Range 13:00-14:00 | Price=237.10 > VAH=234.30? | CVD=921341 > Ref=106592? | POC=234.00 | VAL=233.85
2026-01-27 15:11:54,308 [INFO]     Scanning NSE:IEX-EQ (5min) | Range 13:00-14:00 | Price=127.42 > VAH=126.75? | CVD=579803 > Ref=0? | POC=126.30 | VAL=126.15
2026-01-27 15:11:54,457 [INFO]     Scanning NSE:NBCC-EQ (5min) | Range 13:00-14:00 | Price=96.59 > VAH=95.20? | CVD=1056496 > Ref=195713? | POC=95.10 | VAL=94.90
2026-01-27 15:11:59,851 [INFO] 🔍 Scanning for alerts on 8 symbols (5min)...
2026-01-27 15:12:00,040 [INFO]     Scanning NSE:KPITTECH-EQ (5min) | Range 09:35-10:35 | Price=1103.30 > VAH=1112.25? | CVD=145947 > Ref=11686? | POC=1111.50 | VAL=1110.00
2026-01-27 15:12:00,297 [INFO]     Scanning NSE:LODHA-EQ (5min) | Range 09:35-10:35 | Price=904.10 > VAH=874.35? | CVD=704119 > Ref=44807? | POC=874.35 | VAL=868.55
2026-01-27 15:12:00,418 [INFO]     Scanning NSE:HDFCLIFE-EQ (5min) | Range 09:35-10:35 | Price=719.25 > VAH=714.50? | CVD=-4664 > Ref=17111? | POC=713.50 | VAL=712.50
2026-01-27 15:12:00,550 [INFO]     Scanning NSE:INDHOTEL-EQ (5min) | Range 09:35-10:35 | Price=652.85 > VAH=641.90? | CVD=-157355 > Ref=64541? | POC=641.20 | VAL=640.50
2026-01-27 15:12:00,702 [INFO]     Scanning NSE:ICICIPRULI-EQ (5min) | Range 09:35-10:35 | Price=642.25 > VAH=640.50? | CVD=13313 > Ref=24713? | POC=640.50 | VAL=634.90
2026-01-27 15:12:00,894 [INFO]     Scanning NSE:CONCOR-EQ (5min) | Range 09:35-10:35 | Price=484.25 > VAH=480.90? | CVD=207107 > Ref=15532? | POC=480.20 | VAL=474.60
2026-01-27 15:12:01,051 [INFO]     Scanning NSE:INOXWIND-EQ (5min) | Range 09:35-10:35 | Price=104.53 > VAH=103.50? | CVD=294122 > Ref=42362? | POC=103.40 | VAL=102.90
2026-01-27 15:12:01,216 [INFO]     Scanning NSE:NBCC-EQ (5min) | Range 09:35-10:35 | Price=96.59 > VAH=95.75? | CVD=1056496 > Ref=195713? | POC=95.70 | VAL=95.40
2026-01-27 15:12:54,459 [INFO] 🔍 Scanning for alerts on 6 symbols (5min)...
2026-01-27 15:12:54,605 [INFO]     Scanning NSE:KPITTECH-EQ (5min) | Range 13:00-14:00 | Price=1101.00 > VAH=1100.00? | CVD=135110 > Ref=11686? | POC=1098.90 | VAL=1093.40
2026-01-27 15:12:54,754 [INFO]     Scanning NSE:LODHA-EQ (5min) | Range 13:00-14:00 | Price=904.10 > VAH=890.40? | CVD=704119 > Ref=44807? | POC=889.20 | VAL=886.80
2026-01-27 15:12:54,843 [INFO]     Scanning NSE:CONCOR-EQ (5min) | Range 13:00-14:00 | Price=484.10 > VAH=480.00? | CVD=204426 > Ref=15532? | POC=479.70 | VAL=478.80
2026-01-27 15:12:54,976 [INFO]     Scanning NSE:NYKAA-EQ (5min) | Range 13:00-14:00 | Price=236.90 > VAH=234.30? | CVD=874947 > Ref=106592? | POC=234.00 | VAL=233.85
2026-01-27 15:12:55,110 [INFO]     Scanning NSE:IEX-EQ (5min) | Range 13:00-14:00 | Price=127.36 > VAH=126.75? | CVD=543357 > Ref=0? | POC=126.30 | VAL=126.15
2026-01-27 15:12:55,283 [INFO]     Scanning NSE:NBCC-EQ (5min) | Range 13:00-14:00 | Price=96.63 > VAH=95.20? | CVD=1094715 > Ref=195713? | POC=95.10 | VAL=94.90
2026-01-27 15:13:01,218 [INFO] 🔍 Scanning for alerts on 8 symbols (5min)...
2026-01-27 15:13:01,394 [INFO]     Scanning NSE:KPITTECH-EQ (5min) | Range 09:35-10:35 | Price=1101.00 > VAH=1112.25? | CVD=135110 > Ref=11686? | POC=1111.50 | VAL=1110.00
2026-01-27 15:13:01,561 [INFO]     Scanning NSE:LODHA-EQ (5min) | Range 09:35-10:35 | Price=909.80 > VAH=874.35? | CVD=754984 > Ref=44807? | POC=874.35 | VAL=868.55
2026-01-27 15:13:01,676 [INFO]     Scanning NSE:HDFCLIFE-EQ (5min) | Range 09:35-10:35 | Price=719.50 > VAH=714.50? | CVD=15232 > Ref=17111? | POC=713.50 | VAL=712.50
2026-01-27 15:13:01,776 [INFO]     Scanning NSE:INDHOTEL-EQ (5min) | Range 09:35-10:35 | Price=652.85 > VAH=641.90? | CVD=-157355 > Ref=64541? | POC=641.20 | VAL=640.50
2026-01-27 15:13:01,869 [INFO]     Scanning NSE:ICICIPRULI-EQ (5min) | Range 09:35-10:35 | Price=642.25 > VAH=640.50? | CVD=13313 > Ref=24713? | POC=640.50 | VAL=634.90
2026-01-27 15:13:02,008 [INFO]     Scanning NSE:CONCOR-EQ (5min) | Range 09:35-10:35 | Price=484.10 > VAH=480.90? | CVD=204426 > Ref=15532? | POC=480.20 | VAL=474.60
2026-01-27 15:13:02,188 [INFO]     Scanning NSE:INOXWIND-EQ (5min) | Range 09:35-10:35 | Price=104.48 > VAH=103.50? | CVD=275394 > Ref=42362? | POC=103.40 | VAL=102.90
2026-01-27 15:13:02,343 [INFO]     Scanning NSE:NBCC-EQ (5min) | Range 09:35-10:35 | Price=96.67 > VAH=95.75? | CVD=935503 > Ref=195713? | POC=95.70 | VAL=95.40
2026-01-27 15:13:55,285 [INFO] 🔍 Scanning for alerts on 6 symbols (5min)...
2026-01-27 15:13:55,425 [INFO]     Scanning NSE:KPITTECH-EQ (5min) | Range 13:00-14:00 | Price=1103.20 > VAH=1100.00? | CVD=142194 > Ref=11686? | POC=1098.90 | VAL=1093.40
2026-01-27 15:13:55,524 [INFO]     Scanning NSE:LODHA-EQ (5min) | Range 13:00-14:00 | Price=909.80 > VAH=890.40? | CVD=754984 > Ref=44807? | POC=889.20 | VAL=886.80
2026-01-27 15:13:55,664 [INFO]     Scanning NSE:CONCOR-EQ (5min) | Range 13:00-14:00 | Price=484.65 > VAH=480.00? | CVD=209385 > Ref=15532? | POC=479.70 | VAL=478.80
2026-01-27 15:13:55,835 [INFO]     Scanning NSE:NYKAA-EQ (5min) | Range 13:00-14:00 | Price=237.55 > VAH=234.30? | CVD=1144704 > Ref=106592? | POC=234.00 | VAL=233.85
2026-01-27 15:13:55,977 [INFO]     Scanning NSE:IEX-EQ (5min) | Range 13:00-14:00 | Price=127.53 > VAH=126.75? | CVD=596424 > Ref=0? | POC=126.30 | VAL=126.15
2026-01-27 15:13:57,946 [INFO]     Scanning NSE:NBCC-EQ (5min) | Range 13:00-14:00 | Price=96.67 > VAH=95.20? | CVD=935503 > Ref=195713? | POC=95.10 | VAL=94.90
2026-01-27 15:14:02,344 [INFO] 🔍 Scanning for alerts on 8 symbols (5min)...
2026-01-27 15:14:02,488 [INFO]     Scanning NSE:KPITTECH-EQ (5min) | Range 09:35-10:35 | Price=1104.40 > VAH=1112.25? | CVD=143955 > Ref=11686? | POC=1111.50 | VAL=1110.00
2026-01-27 15:14:02,577 [INFO]     Scanning NSE:LODHA-EQ (5min) | Range 09:35-10:35 | Price=910.00 > VAH=874.35? | CVD=773347 > Ref=44807? | POC=874.35 | VAL=868.55
2026-01-27 15:14:02,687 [INFO]     Scanning NSE:HDFCLIFE-EQ (5min) | Range 09:35-10:35 | Price=719.75 > VAH=714.50? | CVD=27694 > Ref=17111? | POC=713.50 | VAL=712.50
2026-01-27 15:14:02,827 [INFO]     Scanning NSE:INDHOTEL-EQ (5min) | Range 09:35-10:35 | Price=653.95 > VAH=641.90? | CVD=-107031 > Ref=64541? | POC=641.20 | VAL=640.50
2026-01-27 15:14:02,921 [INFO]     Scanning NSE:ICICIPRULI-EQ (5min) | Range 09:35-10:35 | Price=643.85 > VAH=640.50? | CVD=21579 > Ref=24713? | POC=640.50 | VAL=634.90
2026-01-27 15:14:03,014 [INFO]     Scanning NSE:CONCOR-EQ (5min) | Range 09:35-10:35 | Price=484.80 > VAH=480.90? | CVD=211722 > Ref=15532? | POC=480.20 | VAL=474.60
2026-01-27 15:14:03,156 [INFO]     Scanning NSE:INOXWIND-EQ (5min) | Range 09:35-10:35 | Price=104.55 > VAH=103.50? | CVD=241434 > Ref=42362? | POC=103.40 | VAL=102.90
2026-01-27 15:14:03,294 [INFO]     Scanning NSE:NBCC-EQ (5min) | Range 09:35-10:35 | Price=96.79 > VAH=95.75? | CVD=989337 > Ref=195713? | POC=95.70 | VAL=95.40
2026-01-27 15:14:57,947 [INFO] 🔍 Scanning for alerts on 6 symbols (5min)...
2026-01-27 15:14:58,102 [INFO]     Scanning NSE:KPITTECH-EQ (5min) | Range 13:00-14:00 | Price=1104.40 > VAH=1100.00? | CVD=143955 > Ref=11686? | POC=1098.90 | VAL=1093.40
2026-01-27 15:14:58,196 [INFO]     Scanning NSE:LODHA-EQ (5min) | Range 13:00-14:00 | Price=910.00 > VAH=890.40? | CVD=773347 > Ref=44807? | POC=889.20 | VAL=886.80
2026-01-27 15:14:58,336 [INFO]     Scanning NSE:CONCOR-EQ (5min) | Range 13:00-14:00 | Price=484.80 > VAH=480.00? | CVD=211722 > Ref=15532? | POC=479.70 | VAL=478.80
2026-01-27 15:14:58,484 [INFO]     Scanning NSE:NYKAA-EQ (5min) | Range 13:00-14:00 | Price=237.30 > VAH=234.30? | CVD=1083378 > Ref=106592? | POC=234.00 | VAL=233.85
2026-01-27 15:14:58,648 [INFO]     Scanning NSE:IEX-EQ (5min) | Range 13:00-14:00 | Price=127.61 > VAH=126.75? | CVD=639163 > Ref=0? | POC=126.30 | VAL=126.15
2026-01-27 15:14:58,820 [INFO]     Scanning NSE:NBCC-EQ (5min) | Range 13:00-14:00 | Price=96.79 > VAH=95.20? | CVD=989337 > Ref=195713? | POC=95.10 | VAL=94.90
2026-01-27 15:15:03,297 [INFO] 🔍 Scanning for alerts on 8 symbols (5min)...
2026-01-27 15:15:03,440 [INFO]     Scanning NSE:KPITTECH-EQ (5min) | Range 09:35-10:35 | Price=1105.80 > VAH=1112.25? | CVD=148748 > Ref=11686? | POC=1111.50 | VAL=1110.00
2026-01-27 15:15:03,590 [INFO]     Scanning NSE:LODHA-EQ (5min) | Range 09:35-10:35 | Price=910.00 > VAH=874.35? | CVD=804531 > Ref=44807? | POC=874.35 | VAL=868.55
2026-01-27 15:15:03,716 [INFO]     Scanning NSE:HDFCLIFE-EQ (5min) | Range 09:35-10:35 | Price=720.30 > VAH=714.50? | CVD=48685 > Ref=17111? | POC=713.50 | VAL=712.50
2026-01-27 15:15:03,876 [INFO]     Scanning NSE:INDHOTEL-EQ (5min) | Range 09:35-10:35 | Price=653.85 > VAH=641.90? | CVD=-82674 > Ref=64541? | POC=641.20 | VAL=640.50
2026-01-27 15:15:04,031 [INFO]     Scanning NSE:ICICIPRULI-EQ (5min) | Range 09:35-10:35 | Price=643.60 > VAH=640.50? | CVD=9770 > Ref=24713? | POC=640.50 | VAL=634.90
2026-01-27 15:15:04,181 [INFO]     Scanning NSE:CONCOR-EQ (5min) | Range 09:35-10:35 | Price=484.90 > VAH=480.90? | CVD=213982 > Ref=15532? | POC=480.20 | VAL=474.60
2026-01-27 15:15:04,298 [INFO]     Scanning NSE:INOXWIND-EQ (5min) | Range 09:35-10:35 | Price=104.62 > VAH=103.50? | CVD=273888 > Ref=42362? | POC=103.40 | VAL=102.90
2026-01-27 15:15:04,459 [INFO]     Scanning NSE:NBCC-EQ (5min) | Range 09:35-10:35 | Price=96.77 > VAH=95.75? | CVD=852914 > Ref=195713? | POC=95.70 | VAL=95.40
2026-01-27 15:15:58,822 [INFO] 🔍 Scanning for alerts on 6 symbols (5min)...
2026-01-27 15:15:58,983 [INFO]     Scanning NSE:KPITTECH-EQ (5min) | Range 13:00-14:00 | Price=1105.80 > VAH=1100.00? | CVD=148748 > Ref=11686? | POC=1098.90 | VAL=1093.40
2026-01-27 15:15:59,113 [INFO]     Scanning NSE:LODHA-EQ (5min) | Range 13:00-14:00 | Price=910.00 > VAH=890.40? | CVD=804531 > Ref=44807? | POC=889.20 | VAL=886.80
2026-01-27 15:15:59,262 [INFO]     Scanning NSE:CONCOR-EQ (5min) | Range 13:00-14:00 | Price=484.90 > VAH=480.00? | CVD=213982 > Ref=15532? | POC=479.70 | VAL=478.80
2026-01-27 15:15:59,357 [INFO]     Scanning NSE:NYKAA-EQ (5min) | Range 13:00-14:00 | Price=237.35 > VAH=234.30? | CVD=1131948 > Ref=106592? | POC=234.00 | VAL=233.85
2026-01-27 15:15:59,474 [INFO]     Scanning NSE:IEX-EQ (5min) | Range 13:00-14:00 | Price=127.58 > VAH=126.75? | CVD=618290 > Ref=0? | POC=126.30 | VAL=126.15
2026-01-27 15:16:01,410 [INFO]     Scanning NSE:NBCC-EQ (5min) | Range 13:00-14:00 | Price=96.77 > VAH=95.20? | CVD=852914 > Ref=195713? | POC=95.10 | VAL=94.90
2026-01-27 15:16:04,460 [INFO] 🔍 Scanning for alerts on 8 symbols (5min)...
2026-01-27 15:16:04,624 [INFO]     Scanning NSE:KPITTECH-EQ (5min) | Range 09:35-10:35 | Price=1103.70 > VAH=1112.25? | CVD=143977 > Ref=11686? | POC=1111.50 | VAL=1110.00
2026-01-27 15:16:04,761 [INFO]     Scanning NSE:LODHA-EQ (5min) | Range 09:35-10:35 | Price=906.40 > VAH=874.35? | CVD=766297 > Ref=44807? | POC=874.35 | VAL=868.55
2026-01-27 15:16:04,911 [INFO]     Scanning NSE:HDFCLIFE-EQ (5min) | Range 09:35-10:35 | Price=720.45 > VAH=714.50? | CVD=63894 > Ref=17111? | POC=713.50 | VAL=712.50
2026-01-27 15:16:05,049 [INFO]     Scanning NSE:INDHOTEL-EQ (5min) | Range 09:35-10:35 | Price=653.60 > VAH=641.90? | CVD=-104989 > Ref=64541? | POC=641.20 | VAL=640.50
2026-01-27 15:16:05,184 [INFO]     Scanning NSE:ICICIPRULI-EQ (5min) | Range 09:35-10:35 | Price=643.80 > VAH=640.50? | CVD=16806 > Ref=24713? | POC=640.50 | VAL=634.90
2026-01-27 15:16:05,337 [INFO]     Scanning NSE:CONCOR-EQ (5min) | Range 09:35-10:35 | Price=484.55 > VAH=480.90? | CVD=205419 > Ref=15532? | POC=480.20 | VAL=474.60
2026-01-27 15:16:05,506 [INFO]     Scanning NSE:INOXWIND-EQ (5min) | Range 09:35-10:35 | Price=104.65 > VAH=103.50? | CVD=228247 > Ref=42362? | POC=103.40 | VAL=102.90
2026-01-27 15:16:05,632 [INFO]     Scanning NSE:NBCC-EQ (5min) | Range 09:35-10:35 | Price=96.80 > VAH=95.75? | CVD=944668 > Ref=195713? | POC=95.70 | VAL=95.40
2026-01-27 15:17:01,411 [INFO] 🔍 Scanning for alerts on 6 symbols (5min)...
2026-01-27 15:17:01,597 [INFO]     Scanning NSE:KPITTECH-EQ (5min) | Range 13:00-14:00 | Price=1104.80 > VAH=1100.00? | CVD=146686 > Ref=11686? | POC=1098.90 | VAL=1093.40
2026-01-27 15:17:01,759 [INFO]     Scanning NSE:LODHA-EQ (5min) | Range 13:00-14:00 | Price=906.70 > VAH=890.40? | CVD=794970 > Ref=44807? | POC=889.20 | VAL=886.80
2026-01-27 15:17:01,920 [INFO]     Scanning NSE:CONCOR-EQ (5min) | Range 13:00-14:00 | Price=484.95 > VAH=480.00? | CVD=210338 > Ref=15532? | POC=479.70 | VAL=478.80
2026-01-27 15:17:02,088 [INFO]     Scanning NSE:NYKAA-EQ (5min) | Range 13:00-14:00 | Price=237.80 > VAH=234.30? | CVD=1134866 > Ref=106592? | POC=234.00 | VAL=233.85
2026-01-27 15:17:02,276 [INFO]     Scanning NSE:IEX-EQ (5min) | Range 13:00-14:00 | Price=127.66 > VAH=126.75? | CVD=652994 > Ref=0? | POC=126.30 | VAL=126.15
2026-01-27 15:17:02,418 [INFO]     Scanning NSE:NBCC-EQ (5min) | Range 13:00-14:00 | Price=96.94 > VAH=95.20? | CVD=1044088 > Ref=195713? | POC=95.10 | VAL=94.90
2026-01-27 15:17:05,634 [INFO] 🔍 Scanning for alerts on 8 symbols (5min)...
2026-01-27 15:17:05,772 [INFO]     Scanning NSE:KPITTECH-EQ (5min) | Range 09:35-10:35 | Price=1104.80 > VAH=1112.25? | CVD=146686 > Ref=11686? | POC=1111.50 | VAL=1110.00
2026-01-27 15:17:05,943 [INFO]     Scanning NSE:LODHA-EQ (5min) | Range 09:35-10:35 | Price=906.70 > VAH=874.35? | CVD=794970 > Ref=44807? | POC=874.35 | VAL=868.55
2026-01-27 15:17:06,082 [INFO]     Scanning NSE:HDFCLIFE-EQ (5min) | Range 09:35-10:35 | Price=720.50 > VAH=714.50? | CVD=80599 > Ref=17111? | POC=713.50 | VAL=712.50
2026-01-27 15:17:06,212 [INFO]     Scanning NSE:INDHOTEL-EQ (5min) | Range 09:35-10:35 | Price=653.45 > VAH=641.90? | CVD=-121263 > Ref=64541? | POC=641.20 | VAL=640.50
2026-01-27 15:17:06,353 [INFO]     Scanning NSE:ICICIPRULI-EQ (5min) | Range 09:35-10:35 | Price=644.35 > VAH=640.50? | CVD=26148 > Ref=24713? | POC=640.50 | VAL=634.90
2026-01-27 15:17:06,501 [INFO]     Scanning NSE:CONCOR-EQ (5min) | Range 09:35-10:35 | Price=484.95 > VAH=480.90? | CVD=210338 > Ref=15532? | POC=480.20 | VAL=474.60
2026-01-27 15:17:06,619 [INFO]     Scanning NSE:INOXWIND-EQ (5min) | Range 09:35-10:35 | Price=104.78 > VAH=103.50? | CVD=241159 > Ref=42362? | POC=103.40 | VAL=102.90
2026-01-27 15:17:06,785 [INFO]     Scanning NSE:NBCC-EQ (5min) | Range 09:35-10:35 | Price=96.94 > VAH=95.75? | CVD=1044088 > Ref=195713? | POC=95.70 | VAL=95.40
2026-01-27 15:18:02,426 [INFO] 🔍 Scanning for alerts on 6 symbols (5min)...
2026-01-27 15:18:02,701 [INFO]     Scanning NSE:KPITTECH-EQ (5min) | Range 13:00-14:00 | Price=1105.70 > VAH=1100.00? | CVD=149060 > Ref=11686? | POC=1098.90 | VAL=1093.40
2026-01-27 15:18:02,892 [INFO]     Scanning NSE:LODHA-EQ (5min) | Range 13:00-14:00 | Price=906.70 > VAH=890.40? | CVD=825038 > Ref=44807? | POC=889.20 | VAL=886.80
2026-01-27 15:18:03,050 [INFO]     Scanning NSE:CONCOR-EQ (5min) | Range 13:00-14:00 | Price=485.10 > VAH=480.00? | CVD=211864 > Ref=15532? | POC=479.70 | VAL=478.80
2026-01-27 15:18:03,197 [INFO]     Scanning NSE:NYKAA-EQ (5min) | Range 13:00-14:00 | Price=238.05 > VAH=234.30? | CVD=1230519 > Ref=106592? | POC=234.00 | VAL=233.85
2026-01-27 15:18:03,351 [INFO]     Scanning NSE:IEX-EQ (5min) | Range 13:00-14:00 | Price=127.60 > VAH=126.75? | CVD=654574 > Ref=0? | POC=126.30 | VAL=126.15
2026-01-27 15:18:03,463 [INFO]     Scanning NSE:NBCC-EQ (5min) | Range 13:00-14:00 | Price=97.10 > VAH=95.20? | CVD=1189461 > Ref=195713? | POC=95.10 | VAL=94.90
2026-01-27 15:18:06,786 [INFO] 🔍 Scanning for alerts on 8 symbols (5min)...
2026-01-27 15:18:06,932 [INFO]     Scanning NSE:KPITTECH-EQ (5min) | Range 09:35-10:35 | Price=1105.70 > VAH=1112.25? | CVD=149060 > Ref=11686? | POC=1111.50 | VAL=1110.00
2026-01-27 15:18:07,052 [INFO]     Scanning NSE:LODHA-EQ (5min) | Range 09:35-10:35 | Price=906.70 > VAH=874.35? | CVD=825038 > Ref=44807? | POC=874.35 | VAL=868.55
2026-01-27 15:18:07,218 [INFO]     Scanning NSE:HDFCLIFE-EQ (5min) | Range 09:35-10:35 | Price=720.20 > VAH=714.50? | CVD=63495 > Ref=17111? | POC=713.50 | VAL=712.50
2026-01-27 15:18:07,368 [INFO]     Scanning NSE:INDHOTEL-EQ (5min) | Range 09:35-10:35 | Price=653.20 > VAH=641.90? | CVD=-153659 > Ref=64541? | POC=641.20 | VAL=640.50
2026-01-27 15:18:07,511 [INFO]     Scanning NSE:ICICIPRULI-EQ (5min) | Range 09:35-10:35 | Price=644.45 > VAH=640.50? | CVD=16236 > Ref=24713? | POC=640.50 | VAL=634.90
2026-01-27 15:18:07,642 [INFO]     Scanning NSE:CONCOR-EQ (5min) | Range 09:35-10:35 | Price=485.10 > VAH=480.90? | CVD=211864 > Ref=15532? | POC=480.20 | VAL=474.60
2026-01-27 15:18:07,795 [INFO]     Scanning NSE:INOXWIND-EQ (5min) | Range 09:35-10:35 | Price=104.68 > VAH=103.50? | CVD=196834 > Ref=42362? | POC=103.40 | VAL=102.90
2026-01-27 15:18:07,919 [INFO]     Scanning NSE:NBCC-EQ (5min) | Range 09:35-10:35 | Price=97.10 > VAH=95.75? | CVD=1189461 > Ref=195713? | POC=95.70 | VAL=95.40
2026-01-27 15:19:03,464 [INFO] 🔍 Scanning for alerts on 6 symbols (5min)...
2026-01-27 15:19:03,640 [INFO]     Scanning NSE:KPITTECH-EQ (5min) | Range 13:00-14:00 | Price=1104.20 > VAH=1100.00? | CVD=134470 > Ref=11686? | POC=1098.90 | VAL=1093.40
2026-01-27 15:19:03,777 [INFO]     Scanning NSE:LODHA-EQ (5min) | Range 13:00-14:00 | Price=906.80 > VAH=890.40? | CVD=803233 > Ref=44807? | POC=889.20 | VAL=886.80
2026-01-27 15:19:03,918 [INFO]     Scanning NSE:CONCOR-EQ (5min) | Range 13:00-14:00 | Price=485.05 > VAH=480.00? | CVD=213819 > Ref=15532? | POC=479.70 | VAL=478.80
2026-01-27 15:19:04,074 [INFO]     Scanning NSE:NYKAA-EQ (5min) | Range 13:00-14:00 | Price=237.75 > VAH=234.30? | CVD=1137375 > Ref=106592? | POC=234.00 | VAL=233.85
2026-01-27 15:19:04,283 [INFO]     Scanning NSE:IEX-EQ (5min) | Range 13:00-14:00 | Price=127.50 > VAH=126.75? | CVD=33688 > Ref=0? | POC=126.30 | VAL=126.15
2026-01-27 15:19:04,475 [INFO]     Scanning NSE:NBCC-EQ (5min) | Range 13:00-14:00 | Price=97.15 > VAH=95.20? | CVD=1231724 > Ref=195713? | POC=95.10 | VAL=94.90
2026-01-27 15:19:07,921 [INFO] 🔍 Scanning for alerts on 8 symbols (5min)...
2026-01-27 15:19:08,082 [INFO]     Scanning NSE:KPITTECH-EQ (5min) | Range 09:35-10:35 | Price=1104.20 > VAH=1112.25? | CVD=134470 > Ref=11686? | POC=1111.50 | VAL=1110.00
2026-01-27 15:19:08,203 [INFO]     Scanning NSE:LODHA-EQ (5min) | Range 09:35-10:35 | Price=906.80 > VAH=874.35? | CVD=803233 > Ref=44807? | POC=874.35 | VAL=868.55
2026-01-27 15:19:08,398 [INFO]     Scanning NSE:HDFCLIFE-EQ (5min) | Range 09:35-10:35 | Price=720.75 > VAH=714.50? | CVD=90780 > Ref=17111? | POC=713.50 | VAL=712.50
2026-01-27 15:19:08,567 [INFO]     Scanning NSE:INDHOTEL-EQ (5min) | Range 09:35-10:35 | Price=652.90 > VAH=641.90? | CVD=-177828 > Ref=64541? | POC=641.20 | VAL=640.50
2026-01-27 15:19:08,874 [INFO]     Scanning NSE:ICICIPRULI-EQ (5min) | Range 09:35-10:35 | Price=645.45 > VAH=640.50? | CVD=54985 > Ref=24713? | POC=640.50 | VAL=634.90
2026-01-27 15:19:09,381 [INFO]     Scanning NSE:CONCOR-EQ (5min) | Range 09:35-10:35 | Price=485.05 > VAH=480.90? | CVD=213819 > Ref=15532? | POC=480.20 | VAL=474.60
2026-01-27 15:19:09,617 [INFO]     Scanning NSE:INOXWIND-EQ (5min) | Range 09:35-10:35 | Price=104.76 > VAH=103.50? | CVD=213352 > Ref=42362? | POC=103.40 | VAL=102.90
2026-01-27 15:19:09,862 [INFO]     Scanning NSE:NBCC-EQ (5min) | Range 09:35-10:35 | Price=97.15 > VAH=95.75? | CVD=1231724 > Ref=195713? | POC=95.70 | VAL=95.40
2026-01-27 15:20:04,477 [INFO] 🔍 Scanning for alerts on 6 symbols (5min)...
2026-01-27 15:20:04,681 [INFO]     Scanning NSE:KPITTECH-EQ (5min) | Range 13:00-14:00 | Price=1105.10 > VAH=1100.00? | CVD=137224 > Ref=11686? | POC=1098.90 | VAL=1093.40
2026-01-27 15:20:04,836 [INFO]     Scanning NSE:LODHA-EQ (5min) | Range 13:00-14:00 | Price=910.10 > VAH=890.40? | CVD=841205 > Ref=44807? | POC=889.20 | VAL=886.80
2026-01-27 15:20:05,027 [INFO]     Scanning NSE:CONCOR-EQ (5min) | Range 13:00-14:00 | Price=485.20 > VAH=480.00? | CVD=217593 > Ref=15532? | POC=479.70 | VAL=478.80
2026-01-27 15:20:05,216 [INFO]     Scanning NSE:NYKAA-EQ (5min) | Range 13:00-14:00 | Price=237.75 > VAH=234.30? | CVD=1091980 > Ref=106592? | POC=234.00 | VAL=233.85
2026-01-27 15:20:05,424 [INFO]     Scanning NSE:IEX-EQ (5min) | Range 13:00-14:00 | Price=127.50 > VAH=126.75? | CVD=-235285 > Ref=0? | POC=126.30 | VAL=126.15
2026-01-27 15:20:05,665 [INFO]     Scanning NSE:NBCC-EQ (5min) | Range 13:00-14:00 | Price=97.17 > VAH=95.20? | CVD=1261709 > Ref=195713? | POC=95.10 | VAL=94.90
2026-01-27 15:20:09,863 [INFO] 🔍 Scanning for alerts on 8 symbols (5min)...
2026-01-27 15:20:10,001 [INFO]     Scanning NSE:KPITTECH-EQ (5min) | Range 09:35-10:35 | Price=1105.10 > VAH=1112.25? | CVD=137224 > Ref=11686? | POC=1111.50 | VAL=1110.00
2026-01-27 15:20:10,169 [INFO]     Scanning NSE:LODHA-EQ (5min) | Range 09:35-10:35 | Price=910.10 > VAH=874.35? | CVD=841205 > Ref=44807? | POC=874.35 | VAL=868.55
2026-01-27 15:20:10,306 [INFO]     Scanning NSE:HDFCLIFE-EQ (5min) | Range 09:35-10:35 | Price=721.30 > VAH=714.50? | CVD=106483 > Ref=17111? | POC=713.50 | VAL=712.50
2026-01-27 15:20:10,453 [INFO]     Scanning NSE:INDHOTEL-EQ (5min) | Range 09:35-10:35 | Price=653.60 > VAH=641.90? | CVD=-144342 > Ref=64541? | POC=641.20 | VAL=640.50
2026-01-27 15:20:10,569 [INFO]     Scanning NSE:ICICIPRULI-EQ (5min) | Range 09:35-10:35 | Price=645.45 > VAH=640.50? | CVD=66805 > Ref=24713? | POC=640.50 | VAL=634.90
2026-01-27 15:20:10,708 [INFO]     Scanning NSE:CONCOR-EQ (5min) | Range 09:35-10:35 | Price=485.20 > VAH=480.90? | CVD=217593 > Ref=15532? | POC=480.20 | VAL=474.60
2026-01-27 15:20:10,858 [INFO]     Scanning NSE:INOXWIND-EQ (5min) | Range 09:35-10:35 | Price=104.87 > VAH=103.50? | CVD=236121 > Ref=42362? | POC=103.40 | VAL=102.90
2026-01-27 15:20:11,003 [INFO]     Scanning NSE:NBCC-EQ (5min) | Range 09:35-10:35 | Price=97.17 > VAH=95.75? | CVD=1261709 > Ref=195713? | POC=95.70 | VAL=95.40
2026-01-27 15:21:05,669 [INFO] 🔍 Scanning for alerts on 6 symbols (5min)...
2026-01-27 15:21:05,883 [INFO]     Scanning NSE:KPITTECH-EQ (5min) | Range 13:00-14:00 | Price=1106.10 > VAH=1100.00? | CVD=142181 > Ref=11686? | POC=1098.90 | VAL=1093.40
2026-01-27 15:21:06,094 [INFO]     Scanning NSE:LODHA-EQ (5min) | Range 13:00-14:00 | Price=908.80 > VAH=890.40? | CVD=800740 > Ref=44807? | POC=889.20 | VAL=886.80
2026-01-27 15:21:06,305 [INFO]     Scanning NSE:CONCOR-EQ (5min) | Range 13:00-14:00 | Price=485.45 > VAH=480.00? | CVD=221173 > Ref=15532? | POC=479.70 | VAL=478.80
2026-01-27 15:21:06,467 [INFO]     Scanning NSE:NYKAA-EQ (5min) | Range 13:00-14:00 | Price=236.80 > VAH=234.30? | CVD=829234 > Ref=106592? | POC=234.00 | VAL=233.85
2026-01-27 15:21:06,626 [INFO]     Scanning NSE:IEX-EQ (5min) | Range 13:00-14:00 | Price=127.51 > VAH=126.75? | CVD=133184 > Ref=0? | POC=126.30 | VAL=126.15
2026-01-27 15:21:06,827 [INFO]     Scanning NSE:NBCC-EQ (5min) | Range 13:00-14:00 | Price=97.13 > VAH=95.20? | CVD=1306033 > Ref=195713? | POC=95.10 | VAL=94.90
2026-01-27 15:21:11,004 [INFO] 🔍 Scanning for alerts on 8 symbols (5min)...
2026-01-27 15:21:11,176 [INFO]     Scanning NSE:KPITTECH-EQ (5min) | Range 09:35-10:35 | Price=1106.10 > VAH=1112.25? | CVD=142181 > Ref=11686? | POC=1111.50 | VAL=1110.00
2026-01-27 15:21:11,357 [INFO]     Scanning NSE:LODHA-EQ (5min) | Range 09:35-10:35 | Price=908.80 > VAH=874.35? | CVD=800740 > Ref=44807? | POC=874.35 | VAL=868.55
2026-01-27 15:21:11,504 [INFO]     Scanning NSE:HDFCLIFE-EQ (5min) | Range 09:35-10:35 | Price=720.60 > VAH=714.50? | CVD=87000 > Ref=17111? | POC=713.50 | VAL=712.50
2026-01-27 15:21:11,644 [INFO]     Scanning NSE:INDHOTEL-EQ (5min) | Range 09:35-10:35 | Price=653.05 > VAH=641.90? | CVD=-157906 > Ref=64541? | POC=641.20 | VAL=640.50
2026-01-27 15:21:11,806 [INFO]     Scanning NSE:ICICIPRULI-EQ (5min) | Range 09:35-10:35 | Price=645.65 > VAH=640.50? | CVD=74878 > Ref=24713? | POC=640.50 | VAL=634.90
2026-01-27 15:21:11,951 [INFO]     Scanning NSE:CONCOR-EQ (5min) | Range 09:35-10:35 | Price=485.45 > VAH=480.90? | CVD=221173 > Ref=15532? | POC=480.20 | VAL=474.60
2026-01-27 15:21:12,096 [INFO]     Scanning NSE:INOXWIND-EQ (5min) | Range 09:35-10:35 | Price=104.79 > VAH=103.50? | CVD=193162 > Ref=42362? | POC=103.40 | VAL=102.90
2026-01-27 15:21:12,247 [INFO]     Scanning NSE:NBCC-EQ (5min) | Range 09:35-10:35 | Price=97.13 > VAH=95.75? | CVD=1306033 > Ref=195713? | POC=95.70 | VAL=95.40
2026-01-27 15:22:06,828 [INFO] 🔍 Scanning for alerts on 6 symbols (5min)...
2026-01-27 15:22:06,989 [INFO]     Scanning NSE:KPITTECH-EQ (5min) | Range 13:00-14:00 | Price=1106.30 > VAH=1100.00? | CVD=146735 > Ref=11686? | POC=1098.90 | VAL=1093.40
2026-01-27 15:22:07,130 [INFO]     Scanning NSE:LODHA-EQ (5min) | Range 13:00-14:00 | Price=909.30 > VAH=890.40? | CVD=827268 > Ref=44807? | POC=889.20 | VAL=886.80
2026-01-27 15:22:07,278 [INFO]     Scanning NSE:CONCOR-EQ (5min) | Range 13:00-14:00 | Price=486.50 > VAH=480.00? | CVD=232245 > Ref=15532? | POC=479.70 | VAL=478.80
2026-01-27 15:22:07,386 [INFO]     Scanning NSE:NYKAA-EQ (5min) | Range 13:00-14:00 | Price=237.50 > VAH=234.30? | CVD=853726 > Ref=106592? | POC=234.00 | VAL=233.85
2026-01-27 15:22:07,547 [INFO]     Scanning NSE:IEX-EQ (5min) | Range 13:00-14:00 | Price=127.76 > VAH=126.75? | CVD=158945 > Ref=0? | POC=126.30 | VAL=126.15
2026-01-27 15:22:07,708 [INFO]     Scanning NSE:NBCC-EQ (5min) | Range 13:00-14:00 | Price=97.17 > VAH=95.20? | CVD=1348624 > Ref=195713? | POC=95.10 | VAL=94.90
2026-01-27 15:22:12,248 [INFO] 🔍 Scanning for alerts on 8 symbols (5min)...
2026-01-27 15:22:12,388 [INFO]     Scanning NSE:KPITTECH-EQ (5min) | Range 09:35-10:35 | Price=1106.30 > VAH=1112.25? | CVD=146735 > Ref=11686? | POC=1111.50 | VAL=1110.00
2026-01-27 15:22:12,557 [INFO]     Scanning NSE:LODHA-EQ (5min) | Range 09:35-10:35 | Price=909.30 > VAH=874.35? | CVD=827268 > Ref=44807? | POC=874.35 | VAL=868.55
2026-01-27 15:22:12,688 [INFO]     Scanning NSE:HDFCLIFE-EQ (5min) | Range 09:35-10:35 | Price=720.60 > VAH=714.50? | CVD=66085 > Ref=17111? | POC=713.50 | VAL=712.50
2026-01-27 15:22:12,836 [INFO]     Scanning NSE:INDHOTEL-EQ (5min) | Range 09:35-10:35 | Price=652.55 > VAH=641.90? | CVD=-172514 > Ref=64541? | POC=641.20 | VAL=640.50
2026-01-27 15:22:12,954 [INFO]     Scanning NSE:ICICIPRULI-EQ (5min) | Range 09:35-10:35 | Price=645.25 > VAH=640.50? | CVD=67918 > Ref=24713? | POC=640.50 | VAL=634.90
2026-01-27 15:22:13,092 [INFO]     Scanning NSE:CONCOR-EQ (5min) | Range 09:35-10:35 | Price=486.50 > VAH=480.90? | CVD=232245 > Ref=15532? | POC=480.20 | VAL=474.60
2026-01-27 15:22:13,240 [INFO]     Scanning NSE:INOXWIND-EQ (5min) | Range 09:35-10:35 | Price=105.08 > VAH=103.50? | CVD=259949 > Ref=42362? | POC=103.40 | VAL=102.90
2026-01-27 15:22:13,377 [INFO]     Scanning NSE:NBCC-EQ (5min) | Range 09:35-10:35 | Price=97.17 > VAH=95.75? | CVD=1348624 > Ref=195713? | POC=95.70 | VAL=95.40
2026-01-27 15:23:07,709 [INFO] 🔍 Scanning for alerts on 6 symbols (5min)...
2026-01-27 15:23:07,851 [INFO]     Scanning NSE:KPITTECH-EQ (5min) | Range 13:00-14:00 | Price=1106.00 > VAH=1100.00? | CVD=145287 > Ref=11686? | POC=1098.90 | VAL=1093.40
2026-01-27 15:23:07,963 [INFO]     Scanning NSE:LODHA-EQ (5min) | Range 13:00-14:00 | Price=909.90 > VAH=890.40? | CVD=853226 > Ref=44807? | POC=889.20 | VAL=886.80
2026-01-27 15:23:08,071 [INFO]     Scanning NSE:CONCOR-EQ (5min) | Range 13:00-14:00 | Price=486.75 > VAH=480.00? | CVD=236349 > Ref=15532? | POC=479.70 | VAL=478.80
2026-01-27 15:23:08,186 [INFO]     Scanning NSE:NYKAA-EQ (5min) | Range 13:00-14:00 | Price=237.70 > VAH=234.30? | CVD=878475 > Ref=106592? | POC=234.00 | VAL=233.85
2026-01-27 15:23:08,326 [INFO]     Scanning NSE:IEX-EQ (5min) | Range 13:00-14:00 | Price=127.68 > VAH=126.75? | CVD=118809 > Ref=0? | POC=126.30 | VAL=126.15
2026-01-27 15:23:08,481 [INFO]     Scanning NSE:NBCC-EQ (5min) | Range 13:00-14:00 | Price=97.21 > VAH=95.20? | CVD=1442687 > Ref=195713? | POC=95.10 | VAL=94.90
2026-01-27 15:23:13,379 [INFO] 🔍 Scanning for alerts on 8 symbols (5min)...
2026-01-27 15:23:13,536 [INFO]     Scanning NSE:KPITTECH-EQ (5min) | Range 09:35-10:35 | Price=1106.00 > VAH=1112.25? | CVD=145287 > Ref=11686? | POC=1111.50 | VAL=1110.00
2026-01-27 15:23:13,691 [INFO]     Scanning NSE:LODHA-EQ (5min) | Range 09:35-10:35 | Price=909.90 > VAH=874.35? | CVD=853226 > Ref=44807? | POC=874.35 | VAL=868.55
2026-01-27 15:23:13,855 [INFO]     Scanning NSE:HDFCLIFE-EQ (5min) | Range 09:35-10:35 | Price=721.00 > VAH=714.50? | CVD=94443 > Ref=17111? | POC=713.50 | VAL=712.50
2026-01-27 15:23:13,967 [INFO]     Scanning NSE:INDHOTEL-EQ (5min) | Range 09:35-10:35 | Price=652.25 > VAH=641.90? | CVD=-193665 > Ref=64541? | POC=641.20 | VAL=640.50
2026-01-27 15:23:14,086 [INFO]     Scanning NSE:ICICIPRULI-EQ (5min) | Range 09:35-10:35 | Price=645.15 > VAH=640.50? | CVD=42343 > Ref=24713? | POC=640.50 | VAL=634.90
2026-01-27 15:23:14,228 [INFO]     Scanning NSE:CONCOR-EQ (5min) | Range 09:35-10:35 | Price=486.75 > VAH=480.90? | CVD=236349 > Ref=15532? | POC=480.20 | VAL=474.60
2026-01-27 15:23:14,372 [INFO]     Scanning NSE:INOXWIND-EQ (5min) | Range 09:35-10:35 | Price=104.90 > VAH=103.50? | CVD=222956 > Ref=42362? | POC=103.40 | VAL=102.90
2026-01-27 15:23:14,538 [INFO]     Scanning NSE:NBCC-EQ (5min) | Range 09:35-10:35 | Price=97.21 > VAH=95.75? | CVD=1442687 > Ref=195713? | POC=95.70 | VAL=95.40
2026-01-27 15:24:08,484 [INFO] 🔍 Scanning for alerts on 6 symbols (5min)...
2026-01-27 15:24:08,621 [INFO]     Scanning NSE:KPITTECH-EQ (5min) | Range 13:00-14:00 | Price=1106.30 > VAH=1100.00? | CVD=143501 > Ref=11686? | POC=1098.90 | VAL=1093.40
2026-01-27 15:24:08,775 [INFO]     Scanning NSE:LODHA-EQ (5min) | Range 13:00-14:00 | Price=909.50 > VAH=890.40? | CVD=841700 > Ref=44807? | POC=889.20 | VAL=886.80
2026-01-27 15:24:08,914 [INFO]     Scanning NSE:CONCOR-EQ (5min) | Range 13:00-14:00 | Price=487.25 > VAH=480.00? | CVD=239879 > Ref=15532? | POC=479.70 | VAL=478.80
2026-01-27 15:24:09,055 [INFO]     Scanning NSE:NYKAA-EQ (5min) | Range 13:00-14:00 | Price=238.10 > VAH=234.30? | CVD=898440 > Ref=106592? | POC=234.00 | VAL=233.85
2026-01-27 15:24:09,202 [INFO]     Scanning NSE:IEX-EQ (5min) | Range 13:00-14:00 | Price=127.63 > VAH=126.75? | CVD=170869 > Ref=0? | POC=126.30 | VAL=126.15
2026-01-27 15:24:09,313 [INFO]     Scanning NSE:NBCC-EQ (5min) | Range 13:00-14:00 | Price=97.25 > VAH=95.20? | CVD=1506477 > Ref=195713? | POC=95.10 | VAL=94.90
2026-01-27 15:24:14,540 [INFO] 🔍 Scanning for alerts on 8 symbols (5min)...
2026-01-27 15:24:14,682 [INFO]     Scanning NSE:KPITTECH-EQ (5min) | Range 09:35-10:35 | Price=1106.30 > VAH=1112.25? | CVD=143501 > Ref=11686? | POC=1111.50 | VAL=1110.00
2026-01-27 15:24:14,823 [INFO]     Scanning NSE:LODHA-EQ (5min) | Range 09:35-10:35 | Price=909.50 > VAH=874.35? | CVD=841700 > Ref=44807? | POC=874.35 | VAL=868.55
2026-01-27 15:24:14,963 [INFO]     Scanning NSE:HDFCLIFE-EQ (5min) | Range 09:35-10:35 | Price=721.15 > VAH=714.50? | CVD=116770 > Ref=17111? | POC=713.50 | VAL=712.50
2026-01-27 15:24:15,107 [INFO]     Scanning NSE:INDHOTEL-EQ (5min) | Range 09:35-10:35 | Price=652.25 > VAH=641.90? | CVD=-170894 > Ref=64541? | POC=641.20 | VAL=640.50
2026-01-27 15:24:15,261 [INFO]     Scanning NSE:ICICIPRULI-EQ (5min) | Range 09:35-10:35 | Price=644.35 > VAH=640.50? | CVD=13483 > Ref=24713? | POC=640.50 | VAL=634.90
2026-01-27 15:24:15,397 [INFO]     Scanning NSE:CONCOR-EQ (5min) | Range 09:35-10:35 | Price=487.25 > VAH=480.90? | CVD=239879 > Ref=15532? | POC=480.20 | VAL=474.60
2026-01-27 15:24:15,540 [INFO]     Scanning NSE:INOXWIND-EQ (5min) | Range 09:35-10:35 | Price=105.11 > VAH=103.50? | CVD=247688 > Ref=42362? | POC=103.40 | VAL=102.90
2026-01-27 15:24:15,682 [INFO]     Scanning NSE:NBCC-EQ (5min) | Range 09:35-10:35 | Price=97.25 > VAH=95.75? | CVD=1506477 > Ref=195713? | POC=95.70 | VAL=95.40
2026-01-27 15:25:09,315 [INFO] 🔍 Scanning for alerts on 6 symbols (5min)...
2026-01-27 15:25:09,454 [INFO]     Scanning NSE:KPITTECH-EQ (5min) | Range 13:00-14:00 | Price=1106.70 > VAH=1100.00? | CVD=146540 > Ref=11686? | POC=1098.90 | VAL=1093.40
2026-01-27 15:25:09,602 [INFO]     Scanning NSE:LODHA-EQ (5min) | Range 13:00-14:00 | Price=911.10 > VAH=890.40? | CVD=868157 > Ref=44807? | POC=889.20 | VAL=886.80
2026-01-27 15:25:09,745 [INFO]     Scanning NSE:CONCOR-EQ (5min) | Range 13:00-14:00 | Price=487.60 > VAH=480.00? | CVD=248361 > Ref=15532? | POC=479.70 | VAL=478.80
2026-01-27 15:25:09,843 [INFO]     Scanning NSE:NYKAA-EQ (5min) | Range 13:00-14:00 | Price=237.85 > VAH=234.30? | CVD=880296 > Ref=106592? | POC=234.00 | VAL=233.85
2026-01-27 15:25:09,985 [INFO]     Scanning NSE:IEX-EQ (5min) | Range 13:00-14:00 | Price=127.68 > VAH=126.75? | CVD=256104 > Ref=0? | POC=126.30 | VAL=126.15
2026-01-27 15:25:10,130 [INFO]     Scanning NSE:NBCC-EQ (5min) | Range 13:00-14:00 | Price=97.35 > VAH=95.20? | CVD=1709614 > Ref=195713? | POC=95.10 | VAL=94.90
2026-01-27 15:25:15,685 [INFO] 🔍 Scanning for alerts on 8 symbols (5min)...
2026-01-27 15:25:15,822 [INFO]     Scanning NSE:KPITTECH-EQ (5min) | Range 09:35-10:35 | Price=1106.70 > VAH=1112.25? | CVD=146540 > Ref=11686? | POC=1111.50 | VAL=1110.00
2026-01-27 15:25:15,915 [INFO]     Scanning NSE:LODHA-EQ (5min) | Range 09:35-10:35 | Price=911.10 > VAH=874.35? | CVD=868157 > Ref=44807? | POC=874.35 | VAL=868.55
2026-01-27 15:25:16,058 [INFO]     Scanning NSE:HDFCLIFE-EQ (5min) | Range 09:35-10:35 | Price=720.40 > VAH=714.50? | CVD=58804 > Ref=17111? | POC=713.50 | VAL=712.50
2026-01-27 15:25:16,230 [INFO]     Scanning NSE:INDHOTEL-EQ (5min) | Range 09:35-10:35 | Price=653.15 > VAH=641.90? | CVD=-153337 > Ref=64541? | POC=641.20 | VAL=640.50
2026-01-27 15:25:16,378 [INFO]     Scanning NSE:ICICIPRULI-EQ (5min) | Range 09:35-10:35 | Price=644.50 > VAH=640.50? | CVD=27045 > Ref=24713? | POC=640.50 | VAL=634.90
2026-01-27 15:25:16,483 [INFO]     Scanning NSE:CONCOR-EQ (5min) | Range 09:35-10:35 | Price=487.60 > VAH=480.90? | CVD=248361 > Ref=15532? | POC=480.20 | VAL=474.60
2026-01-27 15:25:16,580 [INFO]     Scanning NSE:INOXWIND-EQ (5min) | Range 09:35-10:35 | Price=105.13 > VAH=103.50? | CVD=264113 > Ref=42362? | POC=103.40 | VAL=102.90
2026-01-27 15:25:16,755 [INFO]     Scanning NSE:NBCC-EQ (5min) | Range 09:35-10:35 | Price=97.35 > VAH=95.75? | CVD=1709614 > Ref=195713? | POC=95.70 | VAL=95.40
2026-01-27 15:26:10,131 [INFO] 🔍 Scanning for alerts on 6 symbols (5min)...
2026-01-27 15:26:10,291 [INFO]     Scanning NSE:KPITTECH-EQ (5min) | Range 13:00-14:00 | Price=1105.80 > VAH=1100.00? | CVD=141459 > Ref=11686? | POC=1098.90 | VAL=1093.40
2026-01-27 15:26:10,440 [INFO]     Scanning NSE:LODHA-EQ (5min) | Range 13:00-14:00 | Price=910.40 > VAH=890.40? | CVD=849003 > Ref=44807? | POC=889.20 | VAL=886.80
2026-01-27 15:26:10,610 [INFO]     Scanning NSE:CONCOR-EQ (5min) | Range 13:00-14:00 | Price=486.55 > VAH=480.00? | CVD=231514 > Ref=15532? | POC=479.70 | VAL=478.80
2026-01-27 15:26:10,773 [INFO]     Scanning NSE:NYKAA-EQ (5min) | Range 13:00-14:00 | Price=236.95 > VAH=234.30? | CVD=611157 > Ref=106592? | POC=234.00 | VAL=233.85
2026-01-27 15:26:10,930 [INFO]     Scanning NSE:IEX-EQ (5min) | Range 13:00-14:00 | Price=127.74 > VAH=126.75? | CVD=333154 > Ref=0? | POC=126.30 | VAL=126.15
2026-01-27 15:26:11,134 [INFO]     Scanning NSE:NBCC-EQ (5min) | Range 13:00-14:00 | Price=97.42 > VAH=95.20? | CVD=1805200 > Ref=195713? | POC=95.10 | VAL=94.90
2026-01-27 15:26:16,756 [INFO] 🔍 Scanning for alerts on 8 symbols (5min)...
2026-01-27 15:26:16,896 [INFO]     Scanning NSE:KPITTECH-EQ (5min) | Range 09:35-10:35 | Price=1105.80 > VAH=1112.25? | CVD=141459 > Ref=11686? | POC=1111.50 | VAL=1110.00
2026-01-27 15:26:17,064 [INFO]     Scanning NSE:LODHA-EQ (5min) | Range 09:35-10:35 | Price=910.40 > VAH=874.35? | CVD=849003 > Ref=44807? | POC=874.35 | VAL=868.55
2026-01-27 15:26:17,225 [INFO]     Scanning NSE:HDFCLIFE-EQ (5min) | Range 09:35-10:35 | Price=720.90 > VAH=714.50? | CVD=88764 > Ref=17111? | POC=713.50 | VAL=712.50
2026-01-27 15:26:17,397 [INFO]     Scanning NSE:INDHOTEL-EQ (5min) | Range 09:35-10:35 | Price=650.70 > VAH=641.90? | CVD=-389225 > Ref=64541? | POC=641.20 | VAL=640.50
2026-01-27 15:26:17,558 [INFO]     Scanning NSE:ICICIPRULI-EQ (5min) | Range 09:35-10:35 | Price=645.00 > VAH=640.50? | CVD=46081 > Ref=24713? | POC=640.50 | VAL=634.90
2026-01-27 15:26:17,711 [INFO]     Scanning NSE:CONCOR-EQ (5min) | Range 09:35-10:35 | Price=486.55 > VAH=480.90? | CVD=231514 > Ref=15532? | POC=480.20 | VAL=474.60
2026-01-27 15:26:17,880 [INFO]     Scanning NSE:INOXWIND-EQ (5min) | Range 09:35-10:35 | Price=105.21 > VAH=103.50? | CVD=299389 > Ref=42362? | POC=103.40 | VAL=102.90
2026-01-27 15:26:18,037 [INFO]     Scanning NSE:NBCC-EQ (5min) | Range 09:35-10:35 | Price=97.42 > VAH=95.75? | CVD=1805200 > Ref=195713? | POC=95.70 | VAL=95.40
2026-01-27 15:27:11,137 [INFO] 🔍 Scanning for alerts on 6 symbols (5min)...
2026-01-27 15:27:11,299 [INFO]     Scanning NSE:KPITTECH-EQ (5min) | Range 13:00-14:00 | Price=1107.00 > VAH=1100.00? | CVD=145922 > Ref=11686? | POC=1098.90 | VAL=1093.40
2026-01-27 15:27:11,429 [INFO]     Scanning NSE:LODHA-EQ (5min) | Range 13:00-14:00 | Price=910.60 > VAH=890.40? | CVD=828232 > Ref=44807? | POC=889.20 | VAL=886.80
2026-01-27 15:27:11,548 [INFO]     Scanning NSE:CONCOR-EQ (5min) | Range 13:00-14:00 | Price=486.30 > VAH=480.00? | CVD=223984 > Ref=15532? | POC=479.70 | VAL=478.80
2026-01-27 15:27:11,693 [INFO]     Scanning NSE:NYKAA-EQ (5min) | Range 13:00-14:00 | Price=236.80 > VAH=234.30? | CVD=480352 > Ref=106592? | POC=234.00 | VAL=233.85
2026-01-27 15:27:11,838 [INFO]     Scanning NSE:IEX-EQ (5min) | Range 13:00-14:00 | Price=127.70 > VAH=126.75? | CVD=211849 > Ref=0? | POC=126.30 | VAL=126.15
2026-01-27 15:27:11,968 [INFO]     Scanning NSE:NBCC-EQ (5min) | Range 13:00-14:00 | Price=97.36 > VAH=95.20? | CVD=1760774 > Ref=195713? | POC=95.10 | VAL=94.90
2026-01-27 15:27:18,039 [INFO] 🔍 Scanning for alerts on 8 symbols (5min)...
2026-01-27 15:27:18,177 [INFO]     Scanning NSE:KPITTECH-EQ (5min) | Range 09:35-10:35 | Price=1107.00 > VAH=1112.25? | CVD=145922 > Ref=11686? | POC=1111.50 | VAL=1110.00
2026-01-27 15:27:18,328 [INFO]     Scanning NSE:LODHA-EQ (5min) | Range 09:35-10:35 | Price=910.60 > VAH=874.35? | CVD=828232 > Ref=44807? | POC=874.35 | VAL=868.55
2026-01-27 15:27:18,440 [INFO]     Scanning NSE:HDFCLIFE-EQ (5min) | Range 09:35-10:35 | Price=720.50 > VAH=714.50? | CVD=64030 > Ref=17111? | POC=713.50 | VAL=712.50
2026-01-27 15:27:18,594 [INFO]     Scanning NSE:INDHOTEL-EQ (5min) | Range 09:35-10:35 | Price=650.00 > VAH=641.90? | CVD=-520205 > Ref=64541? | POC=641.20 | VAL=640.50
2026-01-27 15:27:18,762 [INFO]     Scanning NSE:ICICIPRULI-EQ (5min) | Range 09:35-10:35 | Price=644.40 > VAH=640.50? | CVD=33352 > Ref=24713? | POC=640.50 | VAL=634.90
2026-01-27 15:27:18,882 [INFO]     Scanning NSE:CONCOR-EQ (5min) | Range 09:35-10:35 | Price=486.30 > VAH=480.90? | CVD=223984 > Ref=15532? | POC=480.20 | VAL=474.60
2026-01-27 15:27:19,035 [INFO]     Scanning NSE:INOXWIND-EQ (5min) | Range 09:35-10:35 | Price=105.10 > VAH=103.50? | CVD=230462 > Ref=42362? | POC=103.40 | VAL=102.90
2026-01-27 15:27:19,179 [INFO]     Scanning NSE:NBCC-EQ (5min) | Range 09:35-10:35 | Price=97.36 > VAH=95.75? | CVD=1760774 > Ref=195713? | POC=95.70 | VAL=95.40
2026-01-27 15:28:11,971 [INFO] 🔍 Scanning for alerts on 6 symbols (5min)...
2026-01-27 15:28:12,115 [INFO]     Scanning NSE:KPITTECH-EQ (5min) | Range 13:00-14:00 | Price=1106.00 > VAH=1100.00? | CVD=142780 > Ref=11686? | POC=1098.90 | VAL=1093.40
2026-01-27 15:28:12,213 [INFO]     Scanning NSE:LODHA-EQ (5min) | Range 13:00-14:00 | Price=909.50 > VAH=890.40? | CVD=817341 > Ref=44807? | POC=889.20 | VAL=886.80
2026-01-27 15:28:12,326 [INFO]     Scanning NSE:CONCOR-EQ (5min) | Range 13:00-14:00 | Price=485.45 > VAH=480.00? | CVD=214024 > Ref=15532? | POC=479.70 | VAL=478.80
2026-01-27 15:28:12,467 [INFO]     Scanning NSE:NYKAA-EQ (5min) | Range 13:00-14:00 | Price=236.90 > VAH=234.30? | CVD=558842 > Ref=106592? | POC=234.00 | VAL=233.85
2026-01-27 15:28:12,572 [INFO]     Scanning NSE:IEX-EQ (5min) | Range 13:00-14:00 | Price=127.70 > VAH=126.75? | CVD=94737 > Ref=0? | POC=126.30 | VAL=126.15
2026-01-27 15:28:12,737 [INFO]     Scanning NSE:NBCC-EQ (5min) | Range 13:00-14:00 | Price=97.49 > VAH=95.20? | CVD=1811054 > Ref=195713? | POC=95.10 | VAL=94.90
2026-01-27 15:28:19,181 [INFO] 🔍 Scanning for alerts on 8 symbols (5min)...
2026-01-27 15:28:19,316 [INFO]     Scanning NSE:KPITTECH-EQ (5min) | Range 09:35-10:35 | Price=1106.00 > VAH=1112.25? | CVD=142780 > Ref=11686? | POC=1111.50 | VAL=1110.00
2026-01-27 15:28:19,412 [INFO]     Scanning NSE:LODHA-EQ (5min) | Range 09:35-10:35 | Price=909.50 > VAH=874.35? | CVD=817341 > Ref=44807? | POC=874.35 | VAL=868.55
2026-01-27 15:28:19,553 [INFO]     Scanning NSE:HDFCLIFE-EQ (5min) | Range 09:35-10:35 | Price=720.45 > VAH=714.50? | CVD=93303 > Ref=17111? | POC=713.50 | VAL=712.50
2026-01-27 15:28:19,698 [INFO]     Scanning NSE:INDHOTEL-EQ (5min) | Range 09:35-10:35 | Price=649.30 > VAH=641.90? | CVD=-611296 > Ref=64541? | POC=641.20 | VAL=640.50
2026-01-27 15:28:19,838 [INFO]     Scanning NSE:ICICIPRULI-EQ (5min) | Range 09:35-10:35 | Price=644.00 > VAH=640.50? | CVD=23454 > Ref=24713? | POC=640.50 | VAL=634.90
2026-01-27 15:28:19,934 [INFO]     Scanning NSE:CONCOR-EQ (5min) | Range 09:35-10:35 | Price=485.45 > VAH=480.90? | CVD=214024 > Ref=15532? | POC=480.20 | VAL=474.60
2026-01-27 15:28:20,077 [INFO]     Scanning NSE:INOXWIND-EQ (5min) | Range 09:35-10:35 | Price=105.14 > VAH=103.50? | CVD=273640 > Ref=42362? | POC=103.40 | VAL=102.90
2026-01-27 15:28:20,265 [INFO]     Scanning NSE:NBCC-EQ (5min) | Range 09:35-10:35 | Price=97.49 > VAH=95.75? | CVD=1811054 > Ref=195713? | POC=95.70 | VAL=95.40
2026-01-27 15:29:12,738 [INFO] 🔍 Scanning for alerts on 6 symbols (5min)...
2026-01-27 15:29:12,882 [INFO]     Scanning NSE:KPITTECH-EQ (5min) | Range 13:00-14:00 | Price=1105.00 > VAH=1100.00? | CVD=139613 > Ref=11686? | POC=1098.90 | VAL=1093.40
2026-01-27 15:29:13,019 [INFO]     Scanning NSE:LODHA-EQ (5min) | Range 13:00-14:00 | Price=907.80 > VAH=890.40? | CVD=806320 > Ref=44807? | POC=889.20 | VAL=886.80
2026-01-27 15:29:13,129 [INFO]     Scanning NSE:CONCOR-EQ (5min) | Range 13:00-14:00 | Price=485.45 > VAH=480.00? | CVD=200346 > Ref=15532? | POC=479.70 | VAL=478.80
2026-01-27 15:29:13,276 [INFO]     Scanning NSE:NYKAA-EQ (5min) | Range 13:00-14:00 | Price=236.60 > VAH=234.30? | CVD=516175 > Ref=106592? | POC=234.00 | VAL=233.85
2026-01-27 15:29:13,417 [INFO]     Scanning NSE:IEX-EQ (5min) | Range 13:00-14:00 | Price=127.75 > VAH=126.75? | CVD=377617 > Ref=0? | POC=126.30 | VAL=126.15
2026-01-27 15:29:13,525 [INFO]     Scanning NSE:NBCC-EQ (5min) | Range 13:00-14:00 | Price=97.33 > VAH=95.20? | CVD=1751640 > Ref=195713? | POC=95.10 | VAL=94.90
2026-01-27 15:29:20,266 [INFO] 🔍 Scanning for alerts on 8 symbols (5min)...
2026-01-27 15:29:20,406 [INFO]     Scanning NSE:KPITTECH-EQ (5min) | Range 09:35-10:35 | Price=1105.00 > VAH=1112.25? | CVD=139613 > Ref=11686? | POC=1111.50 | VAL=1110.00
2026-01-27 15:29:20,547 [INFO]     Scanning NSE:LODHA-EQ (5min) | Range 09:35-10:35 | Price=907.80 > VAH=874.35? | CVD=806320 > Ref=44807? | POC=874.35 | VAL=868.55
2026-01-27 15:29:20,644 [INFO]     Scanning NSE:HDFCLIFE-EQ (5min) | Range 09:35-10:35 | Price=721.45 > VAH=714.50? | CVD=126955 > Ref=17111? | POC=713.50 | VAL=712.50
2026-01-27 15:29:20,757 [INFO]     Scanning NSE:INDHOTEL-EQ (5min) | Range 09:35-10:35 | Price=649.80 > VAH=641.90? | CVD=-628911 > Ref=64541? | POC=641.20 | VAL=640.50
2026-01-27 15:29:20,868 [INFO]     Scanning NSE:ICICIPRULI-EQ (5min) | Range 09:35-10:35 | Price=643.50 > VAH=640.50? | CVD=16702 > Ref=24713? | POC=640.50 | VAL=634.90
2026-01-27 15:29:21,009 [INFO]     Scanning NSE:CONCOR-EQ (5min) | Range 09:35-10:35 | Price=485.45 > VAH=480.90? | CVD=200346 > Ref=15532? | POC=480.20 | VAL=474.60
2026-01-27 15:29:21,171 [INFO]     Scanning NSE:INOXWIND-EQ (5min) | Range 09:35-10:35 | Price=105.19 > VAH=103.50? | CVD=362661 > Ref=42362? | POC=103.40 | VAL=102.90
2026-01-27 15:29:21,315 [INFO]     Scanning NSE:NBCC-EQ (5min) | Range 09:35-10:35 | Price=97.33 > VAH=95.75? | CVD=1751640 > Ref=195713? | POC=95.70 | VAL=95.40
2026-01-27 15:30:13,527 [INFO] 🔍 Scanning for alerts on 6 symbols (5min)...
2026-01-27 15:30:13,670 [INFO]     Scanning NSE:KPITTECH-EQ (5min) | Range 13:00-14:00 | Price=1111.00 > VAH=1100.00? | CVD=142907 > Ref=11686? | POC=1098.90 | VAL=1093.40
2026-01-27 15:30:13,768 [INFO]     Scanning NSE:LODHA-EQ (5min) | Range 13:00-14:00 | Price=911.50 > VAH=890.40? | CVD=811013 > Ref=44807? | POC=889.20 | VAL=886.80
2026-01-27 15:30:13,909 [INFO]     Scanning NSE:CONCOR-EQ (5min) | Range 13:00-14:00 | Price=485.45 > VAH=480.00? | CVD=200346 > Ref=15532? | POC=479.70 | VAL=478.80
2026-01-27 15:30:14,054 [INFO]     Scanning NSE:NYKAA-EQ (5min) | Range 13:00-14:00 | Price=236.95 > VAH=234.30? | CVD=454392 > Ref=106592? | POC=234.00 | VAL=233.85
2026-01-27 15:30:14,150 [INFO]     Scanning NSE:IEX-EQ (5min) | Range 13:00-14:00 | Price=127.75 > VAH=126.75? | CVD=587557 > Ref=0? | POC=126.30 | VAL=126.15
2026-01-27 15:30:14,295 [INFO]     Scanning NSE:NBCC-EQ (5min) | Range 13:00-14:00 | Price=97.33 > VAH=95.20? | CVD=1751640 > Ref=195713? | POC=95.10 | VAL=94.90
2026-01-27 15:30:21,317 [INFO] 🔍 Scanning for alerts on 8 symbols (5min)...
2026-01-27 15:30:21,457 [INFO]     Scanning NSE:KPITTECH-EQ (5min) | Range 09:35-10:35 | Price=1111.00 > VAH=1112.25? | CVD=142907 > Ref=11686? | POC=1111.50 | VAL=1110.00
2026-01-27 15:30:21,552 [INFO]     Scanning NSE:LODHA-EQ (5min) | Range 09:35-10:35 | Price=911.50 > VAH=874.35? | CVD=811013 > Ref=44807? | POC=874.35 | VAL=868.55
2026-01-27 15:30:21,694 [INFO]     Scanning NSE:HDFCLIFE-EQ (5min) | Range 09:35-10:35 | Price=725.00 > VAH=714.50? | CVD=144690 > Ref=17111? | POC=713.50 | VAL=712.50
2026-01-27 15:30:21,835 [INFO]     Scanning NSE:INDHOTEL-EQ (5min) | Range 09:35-10:35 | Price=649.75 > VAH=641.90? | CVD=-638051 > Ref=64541? | POC=641.20 | VAL=640.50
2026-01-27 15:30:21,976 [INFO]     Scanning NSE:ICICIPRULI-EQ (5min) | Range 09:35-10:35 | Price=638.00 > VAH=640.50? | CVD=8282 > Ref=24713? | POC=640.50 | VAL=634.90
2026-01-27 15:30:22,116 [INFO]     Scanning NSE:CONCOR-EQ (5min) | Range 09:35-10:35 | Price=484.85 > VAH=480.90? | CVD=196826 > Ref=15532? | POC=480.20 | VAL=474.60
2026-01-27 15:30:22,258 [INFO]     Scanning NSE:INOXWIND-EQ (5min) | Range 09:35-10:35 | Price=104.90 > VAH=103.50? | CVD=317156 > Ref=42362? | POC=103.40 | VAL=102.90
2026-01-27 15:30:22,368 [INFO]     Scanning NSE:NBCC-EQ (5min) | Range 09:35-10:35 | Price=97.33 > VAH=95.75? | CVD=1751640 > Ref=195713? | POC=95.70 | VAL=95.40
2026-01-27 15:31:14,296 [INFO] 🔍 Scanning for alerts on 6 symbols (5min)...
2026-01-27 15:31:14,464 [INFO]     Scanning NSE:KPITTECH-EQ (5min) | Range 13:00-14:00 | Price=1111.00 > VAH=1100.00? | CVD=143007 > Ref=11686? | POC=1098.90 | VAL=1093.40
2026-01-27 15:31:14,601 [INFO]     Scanning NSE:LODHA-EQ (5min) | Range 13:00-14:00 | Price=911.50 > VAH=890.40? | CVD=811014 > Ref=44807? | POC=889.20 | VAL=886.80
2026-01-27 15:31:14,752 [INFO]     Scanning NSE:CONCOR-EQ (5min) | Range 13:00-14:00 | Price=484.85 > VAH=480.00? | CVD=196826 > Ref=15532? | POC=479.70 | VAL=478.80
2026-01-27 15:31:14,850 [INFO]     Scanning NSE:NYKAA-EQ (5min) | Range 13:00-14:00 | Price=236.95 > VAH=234.30? | CVD=454392 > Ref=106592? | POC=234.00 | VAL=233.85
2026-01-27 15:31:14,990 [INFO]     Scanning NSE:IEX-EQ (5min) | Range 13:00-14:00 | Price=127.75 > VAH=126.75? | CVD=588211 > Ref=0? | POC=126.30 | VAL=126.15
2026-01-27 15:31:15,107 [INFO]     Scanning NSE:NBCC-EQ (5min) | Range 13:00-14:00 | Price=97.45 > VAH=95.20? | CVD=1811104 > Ref=195713? | POC=95.10 | VAL=94.90
2026-01-27 15:31:22,370 [INFO] 🔍 Scanning for alerts on 8 symbols (5min)...
2026-01-27 15:31:22,518 [INFO]     Scanning NSE:KPITTECH-EQ (5min) | Range 09:35-10:35 | Price=1111.00 > VAH=1112.25? | CVD=143007 > Ref=11686? | POC=1111.50 | VAL=1110.00
2026-01-27 15:31:22,621 [INFO]     Scanning NSE:LODHA-EQ (5min) | Range 09:35-10:35 | Price=911.50 > VAH=874.35? | CVD=811014 > Ref=44807? | POC=874.35 | VAL=868.55
2026-01-27 15:31:22,718 [INFO]     Scanning NSE:HDFCLIFE-EQ (5min) | Range 09:35-10:35 | Price=725.00 > VAH=714.50? | CVD=144690 > Ref=17111? | POC=713.50 | VAL=712.50
2026-01-27 15:31:22,822 [INFO]     Scanning NSE:INDHOTEL-EQ (5min) | Range 09:35-10:35 | Price=649.75 > VAH=641.90? | CVD=-638255 > Ref=64541? | POC=641.20 | VAL=640.50
2026-01-27 15:31:22,926 [INFO]     Scanning NSE:ICICIPRULI-EQ (5min) | Range 09:35-10:35 | Price=638.00 > VAH=640.50? | CVD=7909 > Ref=24713? | POC=640.50 | VAL=634.90
2026-01-27 15:31:23,077 [INFO]     Scanning NSE:CONCOR-EQ (5min) | Range 09:35-10:35 | Price=484.85 > VAH=480.90? | CVD=196826 > Ref=15532? | POC=480.20 | VAL=474.60
2026-01-27 15:31:23,217 [INFO]     Scanning NSE:INOXWIND-EQ (5min) | Range 09:35-10:35 | Price=104.90 > VAH=103.50? | CVD=316640 > Ref=42362? | POC=103.40 | VAL=102.90
2026-01-27 15:31:23,339 [INFO]     Scanning NSE:NBCC-EQ (5min) | Range 09:35-10:35 | Price=97.45 > VAH=95.75? | CVD=1811104 > Ref=195713? | POC=95.70 | VAL=95.40
2026-01-27 15:32:15,110 [INFO] 🔍 Scanning for alerts on 6 symbols (5min)...
2026-01-27 15:32:15,280 [INFO]     Scanning NSE:KPITTECH-EQ (5min) | Range 13:00-14:00 | Price=1111.00 > VAH=1100.00? | CVD=143007 > Ref=11686? | POC=1098.90 | VAL=1093.40
2026-01-27 15:32:15,422 [INFO]     Scanning NSE:LODHA-EQ (5min) | Range 13:00-14:00 | Price=911.50 > VAH=890.40? | CVD=811014 > Ref=44807? | POC=889.20 | VAL=886.80
2026-01-27 15:32:15,566 [INFO]     Scanning NSE:CONCOR-EQ (5min) | Range 13:00-14:00 | Price=484.85 > VAH=480.00? | CVD=196826 > Ref=15532? | POC=479.70 | VAL=478.80
2026-01-27 15:32:15,715 [INFO]     Scanning NSE:NYKAA-EQ (5min) | Range 13:00-14:00 | Price=236.95 > VAH=234.30? | CVD=454392 > Ref=106592? | POC=234.00 | VAL=233.85
2026-01-27 15:32:15,809 [INFO]     Scanning NSE:IEX-EQ (5min) | Range 13:00-14:00 | Price=127.75 > VAH=126.75? | CVD=588211 > Ref=0? | POC=126.30 | VAL=126.15
2026-01-27 15:32:15,926 [INFO]     Scanning NSE:NBCC-EQ (5min) | Range 13:00-14:00 | Price=97.45 > VAH=95.20? | CVD=1811104 > Ref=195713? | POC=95.10 | VAL=94.90
2026-01-27 15:32:23,341 [INFO] 🔍 Scanning for alerts on 8 symbols (5min)...
2026-01-27 15:32:23,490 [INFO]     Scanning NSE:KPITTECH-EQ (5min) | Range 09:35-10:35 | Price=1111.00 > VAH=1112.25? | CVD=143007 > Ref=11686? | POC=1111.50 | VAL=1110.00
2026-01-27 15:32:23,657 [INFO]     Scanning NSE:LODHA-EQ (5min) | Range 09:35-10:35 | Price=911.50 > VAH=874.35? | CVD=811014 > Ref=44807? | POC=874.35 | VAL=868.55
2026-01-27 15:32:23,798 [INFO]     Scanning NSE:HDFCLIFE-EQ (5min) | Range 09:35-10:35 | Price=725.00 > VAH=714.50? | CVD=144690 > Ref=17111? | POC=713.50 | VAL=712.50
2026-01-27 15:32:23,893 [INFO]     Scanning NSE:INDHOTEL-EQ (5min) | Range 09:35-10:35 | Price=649.75 > VAH=641.90? | CVD=-638255 > Ref=64541? | POC=641.20 | VAL=640.50
2026-01-27 15:32:24,022 [INFO]     Scanning NSE:ICICIPRULI-EQ (5min) | Range 09:35-10:35 | Price=638.00 > VAH=640.50? | CVD=7909 > Ref=24713? | POC=640.50 | VAL=634.90
2026-01-27 15:32:24,132 [INFO]     Scanning NSE:CONCOR-EQ (5min) | Range 09:35-10:35 | Price=484.85 > VAH=480.90? | CVD=196826 > Ref=15532? | POC=480.20 | VAL=474.60
2026-01-27 15:32:24,230 [INFO]     Scanning NSE:INOXWIND-EQ (5min) | Range 09:35-10:35 | Price=104.90 > VAH=103.50? | CVD=316640 > Ref=42362? | POC=103.40 | VAL=102.90
2026-01-27 15:32:24,336 [INFO]     Scanning NSE:NBCC-EQ (5min) | Range 09:35-10:35 | Price=97.45 > VAH=95.75? | CVD=1811104 > Ref=195713? | POC=95.70 | VAL=95.40
2026-01-27 15:33:17,731 [INFO] 🔍 Scanning for alerts on 6 symbols (5min)...
2026-01-27 15:33:19,290 [INFO]     Scanning NSE:KPITTECH-EQ (5min) | Range 13:00-14:00 | Price=1111.00 > VAH=1100.00? | CVD=143007 > Ref=11686? | POC=1098.90 | VAL=1093.40
2026-01-27 15:33:19,479 [INFO]     Scanning NSE:LODHA-EQ (5min) | Range 13:00-14:00 | Price=907.20 > VAH=890.40? | CVD=811014 > Ref=44807? | POC=889.20 | VAL=886.80
2026-01-27 15:33:19,654 [INFO]     Scanning NSE:CONCOR-EQ (5min) | Range 13:00-14:00 | Price=484.85 > VAH=480.00? | CVD=196826 > Ref=15532? | POC=479.70 | VAL=478.80
2026-01-27 15:33:19,806 [INFO]     Scanning NSE:NYKAA-EQ (5min) | Range 13:00-14:00 | Price=236.95 > VAH=234.30? | CVD=454392 > Ref=106592? | POC=234.00 | VAL=233.85
2026-01-27 15:33:19,954 [INFO]     Scanning NSE:IEX-EQ (5min) | Range 13:00-14:00 | Price=127.75 > VAH=126.75? | CVD=588211 > Ref=0? | POC=126.30 | VAL=126.15
2026-01-27 15:33:20,108 [INFO]     Scanning NSE:NBCC-EQ (5min) | Range 13:00-14:00 | Price=97.45 > VAH=95.20? | CVD=1811104 > Ref=195713? | POC=95.10 | VAL=94.90
2026-01-27 15:33:24,338 [INFO] 🔍 Scanning for alerts on 8 symbols (5min)...
2026-01-27 15:33:24,505 [INFO]     Scanning NSE:KPITTECH-EQ (5min) | Range 09:35-10:35 | Price=1104.40 > VAH=1112.25? | CVD=143007 > Ref=11686? | POC=1111.50 | VAL=1110.00
2026-01-27 15:33:24,646 [INFO]     Scanning NSE:LODHA-EQ (5min) | Range 09:35-10:35 | Price=907.20 > VAH=874.35? | CVD=811014 > Ref=44807? | POC=874.35 | VAL=868.55
2026-01-27 15:33:24,738 [INFO]     Scanning NSE:HDFCLIFE-EQ (5min) | Range 09:35-10:35 | Price=720.05 > VAH=714.50? | CVD=144690 > Ref=17111? | POC=713.50 | VAL=712.50
2026-01-27 15:33:24,840 [INFO]     Scanning NSE:INDHOTEL-EQ (5min) | Range 09:35-10:35 | Price=649.75 > VAH=641.90? | CVD=-638255 > Ref=64541? | POC=641.20 | VAL=640.50
2026-01-27 15:33:24,943 [INFO]     Scanning NSE:ICICIPRULI-EQ (5min) | Range 09:35-10:35 | Price=638.00 > VAH=640.50? | CVD=7909 > Ref=24713? | POC=640.50 | VAL=634.90
2026-01-27 15:33:25,046 [INFO]     Scanning NSE:CONCOR-EQ (5min) | Range 09:35-10:35 | Price=485.35 > VAH=480.90? | CVD=196826 > Ref=15532? | POC=480.20 | VAL=474.60
2026-01-27 15:33:25,160 [INFO]     Scanning NSE:INOXWIND-EQ (5min) | Range 09:35-10:35 | Price=104.90 > VAH=103.50? | CVD=316640 > Ref=42362? | POC=103.40 | VAL=102.90
2026-01-27 15:33:25,266 [INFO]     Scanning NSE:NBCC-EQ (5min) | Range 09:35-10:35 | Price=97.45 > VAH=95.75? | CVD=1811104 > Ref=195713? | POC=95.70 | VAL=95.40
2026-01-27 15:34:20,110 [INFO] 🔍 Scanning for alerts on 6 symbols (5min)...
2026-01-27 15:34:21,049 [INFO]     Scanning NSE:KPITTECH-EQ (5min) | Range 13:00-14:00 | Price=1104.40 > VAH=1100.00? | CVD=143007 > Ref=11686? | POC=1098.90 | VAL=1093.40
2026-01-27 15:34:23,203 [INFO]     Scanning NSE:LODHA-EQ (5min) | Range 13:00-14:00 | Price=907.20 > VAH=890.40? | CVD=811014 > Ref=44807? | POC=889.20 | VAL=886.80
2026-01-27 15:34:24,143 [INFO]     Scanning NSE:CONCOR-EQ (5min) | Range 13:00-14:00 | Price=485.35 > VAH=480.00? | CVD=196826 > Ref=15532? | POC=479.70 | VAL=478.80
2026-01-27 15:34:25,084 [INFO]     Scanning NSE:NYKAA-EQ (5min) | Range 13:00-14:00 | Price=236.50 > VAH=234.30? | CVD=454392 > Ref=106592? | POC=234.00 | VAL=233.85
2026-01-27 15:34:25,267 [INFO] 🔍 Scanning for alerts on 8 symbols (5min)...
2026-01-27 15:34:26,067 [INFO]     Scanning NSE:IEX-EQ (5min) | Range 13:00-14:00 | Price=127.55 > VAH=126.75? | CVD=588211 > Ref=0? | POC=126.30 | VAL=126.15
2026-01-27 15:34:26,211 [INFO]     Scanning NSE:KPITTECH-EQ (5min) | Range 09:35-10:35 | Price=1104.40 > VAH=1112.25? | CVD=143007 > Ref=11686? | POC=1111.50 | VAL=1110.00
2026-01-27 15:34:26,980 [INFO]     Scanning NSE:NBCC-EQ (5min) | Range 13:00-14:00 | Price=97.45 > VAH=95.20? | CVD=1811104 > Ref=195713? | POC=95.10 | VAL=94.90
2026-01-27 15:34:27,157 [INFO]     Scanning NSE:LODHA-EQ (5min) | Range 09:35-10:35 | Price=907.20 > VAH=874.35? | CVD=811014 > Ref=44807? | POC=874.35 | VAL=868.55
2026-01-27 15:34:28,092 [INFO]     Scanning NSE:HDFCLIFE-EQ (5min) | Range 09:35-10:35 | Price=720.05 > VAH=714.50? | CVD=144690 > Ref=17111? | POC=713.50 | VAL=712.50
2026-01-27 15:34:28,955 [INFO]     Scanning NSE:INDHOTEL-EQ (5min) | Range 09:35-10:35 | Price=651.35 > VAH=641.90? | CVD=-638255 > Ref=64541? | POC=641.20 | VAL=640.50
2026-01-27 15:34:29,840 [INFO]     Scanning NSE:ICICIPRULI-EQ (5min) | Range 09:35-10:35 | Price=643.85 > VAH=640.50? | CVD=7909 > Ref=24713? | POC=640.50 | VAL=634.90
2026-01-27 15:34:30,669 [INFO]     Scanning NSE:CONCOR-EQ (5min) | Range 09:35-10:35 | Price=485.35 > VAH=480.90? | CVD=196826 > Ref=15532? | POC=480.20 | VAL=474.60
2026-01-27 15:34:31,484 [INFO]     Scanning NSE:INOXWIND-EQ (5min) | Range 09:35-10:35 | Price=104.72 > VAH=103.50? | CVD=316640 > Ref=42362? | POC=103.40 | VAL=102.90
2026-01-27 15:34:32,370 [INFO]     Scanning NSE:NBCC-EQ (5min) | Range 09:35-10:35 | Price=97.45 > VAH=95.75? | CVD=1811104 > Ref=195713? | POC=95.70 | VAL=95.40
2026-01-27 15:35:26,985 [INFO] 🔍 Scanning for alerts on 6 symbols (5min)...
2026-01-27 15:35:27,156 [INFO]     Scanning NSE:KPITTECH-EQ (5min) | Range 13:00-14:00 | Price=1104.40 > VAH=1100.00? | CVD=143007 > Ref=11686? | POC=1098.90 | VAL=1093.40
2026-01-27 15:35:27,298 [INFO]     Scanning NSE:LODHA-EQ (5min) | Range 13:00-14:00 | Price=907.20 > VAH=890.40? | CVD=811014 > Ref=44807? | POC=889.20 | VAL=886.80
2026-01-27 15:35:27,603 [INFO]     Scanning NSE:CONCOR-EQ (5min) | Range 13:00-14:00 | Price=485.35 > VAH=480.00? | CVD=196826 > Ref=15532? | POC=479.70 | VAL=478.80
2026-01-27 15:35:27,786 [INFO]     Scanning NSE:NYKAA-EQ (5min) | Range 13:00-14:00 | Price=236.50 > VAH=234.30? | CVD=454392 > Ref=106592? | POC=234.00 | VAL=233.85
2026-01-27 15:35:29,820 [INFO]     Scanning NSE:IEX-EQ (5min) | Range 13:00-14:00 | Price=127.55 > VAH=126.75? | CVD=588211 > Ref=0? | POC=126.30 | VAL=126.15
2026-01-27 15:35:30,012 [INFO]     Scanning NSE:NBCC-EQ (5min) | Range 13:00-14:00 | Price=97.45 > VAH=95.20? | CVD=1811104 > Ref=195713? | POC=95.10 | VAL=94.90
2026-01-27 15:35:32,374 [INFO] 🔍 Scanning for alerts on 8 symbols (5min)...
2026-01-27 15:35:32,588 [INFO]     Scanning NSE:KPITTECH-EQ (5min) | Range 09:35-10:35 | Price=1104.40 > VAH=1112.25? | CVD=143007 > Ref=11686? | POC=1111.50 | VAL=1110.00
2026-01-27 15:35:32,801 [INFO]     Scanning NSE:LODHA-EQ (5min) | Range 09:35-10:35 | Price=907.20 > VAH=874.35? | CVD=811014 > Ref=44807? | POC=874.35 | VAL=868.55
2026-01-27 15:35:32,986 [INFO]     Scanning NSE:HDFCLIFE-EQ (5min) | Range 09:35-10:35 | Price=720.05 > VAH=714.50? | CVD=144690 > Ref=17111? | POC=713.50 | VAL=712.50
2026-01-27 15:35:33,174 [INFO]     Scanning NSE:INDHOTEL-EQ (5min) | Range 09:35-10:35 | Price=651.35 > VAH=641.90? | CVD=-638255 > Ref=64541? | POC=641.20 | VAL=640.50
2026-01-27 15:35:33,366 [INFO]     Scanning NSE:ICICIPRULI-EQ (5min) | Range 09:35-10:35 | Price=643.85 > VAH=640.50? | CVD=7909 > Ref=24713? | POC=640.50 | VAL=634.90
2026-01-27 15:35:33,551 [INFO]     Scanning NSE:CONCOR-EQ (5min) | Range 09:35-10:35 | Price=485.35 > VAH=480.90? | CVD=196826 > Ref=15532? | POC=480.20 | VAL=474.60
2026-01-27 15:35:33,738 [INFO]     Scanning NSE:INOXWIND-EQ (5min) | Range 09:35-10:35 | Price=104.72 > VAH=103.50? | CVD=316640 > Ref=42362? | POC=103.40 | VAL=102.90
2026-01-27 15:35:33,938 [INFO]     Scanning NSE:NBCC-EQ (5min) | Range 09:35-10:35 | Price=97.45 > VAH=95.75? | CVD=1811104 > Ref=195713? | POC=95.70 | VAL=95.40
2026-01-27 15:36:30,015 [INFO] 🔍 Scanning for alerts on 6 symbols (5min)...
2026-01-27 15:36:30,212 [INFO]     Scanning NSE:KPITTECH-EQ (5min) | Range 13:00-14:00 | Price=1104.40 > VAH=1100.00? | CVD=143007 > Ref=11686? | POC=1098.90 | VAL=1093.40
2026-01-27 15:36:30,393 [INFO]     Scanning NSE:LODHA-EQ (5min) | Range 13:00-14:00 | Price=907.20 > VAH=890.40? | CVD=811014 > Ref=44807? | POC=889.20 | VAL=886.80
2026-01-27 15:36:30,585 [INFO]     Scanning NSE:CONCOR-EQ (5min) | Range 13:00-14:00 | Price=485.35 > VAH=480.00? | CVD=196826 > Ref=15532? | POC=479.70 | VAL=478.80
2026-01-27 15:36:30,777 [INFO]     Scanning NSE:NYKAA-EQ (5min) | Range 13:00-14:00 | Price=236.50 > VAH=234.30? | CVD=454392 > Ref=106592? | POC=234.00 | VAL=233.85
2026-01-27 15:36:30,970 [INFO]     Scanning NSE:IEX-EQ (5min) | Range 13:00-14:00 | Price=127.55 > VAH=126.75? | CVD=588211 > Ref=0? | POC=126.30 | VAL=126.15
2026-01-27 15:36:31,160 [INFO]     Scanning NSE:NBCC-EQ (5min) | Range 13:00-14:00 | Price=97.45 > VAH=95.20? | CVD=1811104 > Ref=195713? | POC=95.10 | VAL=94.90
2026-01-27 15:36:33,941 [INFO] 🔍 Scanning for alerts on 8 symbols (5min)...
2026-01-27 15:36:34,250 [INFO]     Scanning NSE:KPITTECH-EQ (5min) | Range 09:35-10:35 | Price=1104.40 > VAH=1112.25? | CVD=143007 > Ref=11686? | POC=1111.50 | VAL=1110.00
2026-01-27 15:36:34,556 [INFO]     Scanning NSE:LODHA-EQ (5min) | Range 09:35-10:35 | Price=907.20 > VAH=874.35? | CVD=811014 > Ref=44807? | POC=874.35 | VAL=868.55
2026-01-27 15:36:34,784 [INFO]     Scanning NSE:HDFCLIFE-EQ (5min) | Range 09:35-10:35 | Price=720.05 > VAH=714.50? | CVD=144690 > Ref=17111? | POC=713.50 | VAL=712.50
2026-01-27 15:36:34,983 [INFO]     Scanning NSE:INDHOTEL-EQ (5min) | Range 09:35-10:35 | Price=651.35 > VAH=641.90? | CVD=-638255 > Ref=64541? | POC=641.20 | VAL=640.50
2026-01-27 15:36:35,162 [INFO]     Scanning NSE:ICICIPRULI-EQ (5min) | Range 09:35-10:35 | Price=643.85 > VAH=640.50? | CVD=7909 > Ref=24713? | POC=640.50 | VAL=634.90
2026-01-27 15:36:35,342 [INFO]     Scanning NSE:CONCOR-EQ (5min) | Range 09:35-10:35 | Price=485.35 > VAH=480.90? | CVD=196826 > Ref=15532? | POC=480.20 | VAL=474.60
2026-01-27 15:36:35,527 [INFO]     Scanning NSE:INOXWIND-EQ (5min) | Range 09:35-10:35 | Price=104.72 > VAH=103.50? | CVD=316640 > Ref=42362? | POC=103.40 | VAL=102.90
2026-01-27 15:36:35,713 [INFO]     Scanning NSE:NBCC-EQ (5min) | Range 09:35-10:35 | Price=97.45 > VAH=95.75? | CVD=1811104 > Ref=195713? | POC=95.70 | VAL=95.40
2026-01-27 15:37:31,162 [INFO] 🔍 Scanning for alerts on 6 symbols (5min)...
2026-01-27 15:37:31,304 [INFO]     Scanning NSE:KPITTECH-EQ (5min) | Range 13:00-14:00 | Price=1104.40 > VAH=1100.00? | CVD=143007 > Ref=11686? | POC=1098.90 | VAL=1093.40
2026-01-27 15:37:31,449 [INFO]     Scanning NSE:LODHA-EQ (5min) | Range 13:00-14:00 | Price=907.20 > VAH=890.40? | CVD=811014 > Ref=44807? | POC=889.20 | VAL=886.80
2026-01-27 15:37:31,542 [INFO]     Scanning NSE:CONCOR-EQ (5min) | Range 13:00-14:00 | Price=485.35 > VAH=480.00? | CVD=196826 > Ref=15532? | POC=479.70 | VAL=478.80
2026-01-27 15:37:31,687 [INFO]     Scanning NSE:NYKAA-EQ (5min) | Range 13:00-14:00 | Price=236.50 > VAH=234.30? | CVD=454392 > Ref=106592? | POC=234.00 | VAL=233.85
2026-01-27 15:37:31,851 [INFO]     Scanning NSE:IEX-EQ (5min) | Range 13:00-14:00 | Price=127.55 > VAH=126.75? | CVD=588211 > Ref=0? | POC=126.30 | VAL=126.15
2026-01-27 15:37:32,021 [INFO]     Scanning NSE:NBCC-EQ (5min) | Range 13:00-14:00 | Price=97.45 > VAH=95.20? | CVD=1811104 > Ref=195713? | POC=95.10 | VAL=94.90
2026-01-27 15:37:35,714 [INFO] 🔍 Scanning for alerts on 8 symbols (5min)...
2026-01-27 15:37:36,084 [INFO]     Scanning NSE:KPITTECH-EQ (5min) | Range 09:35-10:35 | Price=1104.40 > VAH=1112.25? | CVD=143007 > Ref=11686? | POC=1111.50 | VAL=1110.00
2026-01-27 15:37:36,570 [INFO]     Scanning NSE:LODHA-EQ (5min) | Range 09:35-10:35 | Price=907.20 > VAH=874.35? | CVD=811014 > Ref=44807? | POC=874.35 | VAL=868.55
2026-01-27 15:37:36,783 [INFO]     Scanning NSE:HDFCLIFE-EQ (5min) | Range 09:35-10:35 | Price=720.05 > VAH=714.50? | CVD=144690 > Ref=17111? | POC=713.50 | VAL=712.50
2026-01-27 15:37:37,005 [INFO]     Scanning NSE:INDHOTEL-EQ (5min) | Range 09:35-10:35 | Price=651.35 > VAH=641.90? | CVD=-638255 > Ref=64541? | POC=641.20 | VAL=640.50
2026-01-27 15:37:37,410 [INFO]     Scanning NSE:ICICIPRULI-EQ (5min) | Range 09:35-10:35 | Price=643.85 > VAH=640.50? | CVD=7909 > Ref=24713? | POC=640.50 | VAL=634.90
2026-01-27 15:37:37,702 [INFO]     Scanning NSE:CONCOR-EQ (5min) | Range 09:35-10:35 | Price=485.35 > VAH=480.90? | CVD=196826 > Ref=15532? | POC=480.20 | VAL=474.60
2026-01-27 15:37:37,946 [INFO]     Scanning NSE:INOXWIND-EQ (5min) | Range 09:35-10:35 | Price=104.72 > VAH=103.50? | CVD=316640 > Ref=42362? | POC=103.40 | VAL=102.90
2026-01-27 15:37:38,237 [INFO]     Scanning NSE:NBCC-EQ (5min) | Range 09:35-10:35 | Price=97.45 > VAH=95.75? | CVD=1811104 > Ref=195713? | POC=95.70 | VAL=95.40
2026-01-27 15:37:52,851 [INFO] 👋 Monitoring stopped by user.
2026-01-27 15:38:32,022 [INFO] 🔍 Scanning for alerts on 6 symbols (5min)...
2026-01-27 15:38:32,205 [INFO]     Scanning NSE:KPITTECH-EQ (5min) | Range 13:00-14:00 | Price=1104.40 > VAH=1100.00? | CVD=143007 > Ref=11686? | POC=1098.90 | VAL=1093.40
2026-01-27 15:38:32,349 [INFO]     Scanning NSE:LODHA-EQ (5min) | Range 13:00-14:00 | Price=907.20 > VAH=890.40? | CVD=811014 > Ref=44807? | POC=889.20 | VAL=886.80
2026-01-27 15:38:32,697 [INFO]     Scanning NSE:CONCOR-EQ (5min) | Range 13:00-14:00 | Price=485.35 > VAH=480.00? | CVD=196826 > Ref=15532? | POC=479.70 | VAL=478.80
2026-01-27 15:38:32,932 [INFO]     Scanning NSE:NYKAA-EQ (5min) | Range 13:00-14:00 | Price=236.50 > VAH=234.30? | CVD=454392 > Ref=106592? | POC=234.00 | VAL=233.85
2026-01-27 15:38:33,133 [INFO]     Scanning NSE:IEX-EQ (5min) | Range 13:00-14:00 | Price=127.55 > VAH=126.75? | CVD=588211 > Ref=0? | POC=126.30 | VAL=126.15
2026-01-27 15:38:33,335 [INFO]     Scanning NSE:NBCC-EQ (5min) | Range 13:00-14:00 | Price=97.45 > VAH=95.20? | CVD=1811104 > Ref=195713? | POC=95.10 | VAL=94.90
2026-01-27 15:38:34,700 [INFO] 👋 Monitoring stopped by user.
2026-01-27 20:13:19,686 [INFO] ============================================================
2026-01-27 20:13:19,687 [INFO] 🚀 INITIALIZING STRATEGY ALERTS (5min)
2026-01-27 20:13:19,687 [INFO] ============================================================
2026-01-27 20:13:19,688 [INFO] 📅 FRVP Configuration:
2026-01-27 20:13:19,688 [INFO]    • Visible: ✅ Yes
2026-01-27 20:13:19,689 [INFO]    • Time Range: 10:00 - 11:00 IST
2026-01-27 20:13:19,689 [INFO]    • Rows: 10
2026-01-27 20:13:19,690 [INFO]    • Value Area: 70%
2026-01-27 20:13:19,690 [INFO] 
🌊 CVD Configuration:
2026-01-27 20:13:19,691 [INFO]    • Visible: ✅ Yes
2026-01-27 20:13:19,691 [INFO]    • Anchor: D (Daily)
2026-01-27 20:13:19,692 [INFO]    • Reference Candles: 20 (First 20 candles of day)
2026-01-27 20:13:19,692 [INFO]    • Reference Type: LOW (Use minimum CVD)
2026-01-27 20:13:19,693 [INFO] ------------------------------------------------------------
2026-01-27 20:13:19,693 [INFO] ⏳ Calculating reference levels for all symbols...
2026-01-27 20:13:19,694 [INFO] ------------------------------------------------------------
2026-01-27 20:13:19,866 [INFO] ✅ NSE:PAGEIND-EQ       | CVD High:    175 | CVD Low: [-5517] | FRVP VAH: 32535.00 VAL: 32373.00
2026-01-27 20:13:20,019 [INFO] ✅ NSE:AMBER-EQ         | CVD High:      0 | CVD Low: [-72919] | FRVP VAH:  5462.10 VAL:  5424.30
2026-01-27 20:13:20,192 [INFO] ✅ NSE:DMART-EQ         | CVD High:   1814 | CVD Low: [-17393] | FRVP VAH:  3673.65 VAL:  3653.70
2026-01-27 20:13:20,347 [INFO] ✅ NSE:KAYNES-EQ        | CVD High:   7461 | CVD Low: [-99761] | FRVP VAH:  3352.80 VAL:  3293.40
2026-01-27 20:13:20,518 [INFO] ✅ NSE:TIINDIA-EQ       | CVD High:   3981 | CVD Low: [-12820] | FRVP VAH:  2202.50 VAL:  2182.50
2026-01-27 20:13:20,714 [INFO] ✅ NSE:MANKIND-EQ       | CVD High:   7915 | CVD Low: [-6643] | FRVP VAH:  2089.30 VAL:  2079.10
2026-01-27 20:13:20,854 [INFO] ✅ NSE:PHOENIXLTD-EQ    | CVD High:  15962 | CVD Low: [-34531] | FRVP VAH:  1719.30 VAL:  1714.35
2026-01-27 20:13:21,033 [INFO] ✅ NSE:BLUESTARCO-EQ    | CVD High:  62364 | CVD Low:  [-376] | FRVP VAH:  1694.00 VAL:  1669.25
2026-01-27 20:13:21,201 [INFO] ✅ NSE:MFSL-EQ          | CVD High:  44871 | CVD Low: [-18961] | FRVP VAH:  1590.30 VAL:  1586.50
2026-01-27 20:13:21,353 [INFO] ✅ NSE:GODREJPROP-EQ    | CVD High:  51733 | CVD Low: [-135620] | FRVP VAH:  1510.60 VAL:  1505.40
2026-01-27 20:13:21,514 [INFO] ✅ NSE:RELIANCE-EQ      | CVD High:  55368 | CVD Low: [-641011] | FRVP VAH:  1389.15 VAL:  1379.70
2026-01-27 20:13:21,659 [INFO] ✅ NSE:CDSL-EQ          | CVD High:   5912 | CVD Low: [-118146] | FRVP VAH:  1339.80 VAL:  1325.10
2026-01-27 20:13:21,851 [INFO] ✅ NSE:NAUKRI-EQ        | CVD High:  95781 | CVD Low: [-13722] | FRVP VAH:  1296.00 VAL:  1288.80
2026-01-27 20:13:21,996 [INFO] ✅ NSE:NUVAMA-EQ        | CVD High:  62008 | CVD Low: [-99447] | FRVP VAH:  1286.50 VAL:  1264.80
2026-01-27 20:13:22,170 [INFO] ✅ NSE:PAYTM-EQ         | CVD High: 135561 | CVD Low: [-376853] | FRVP VAH:  1152.20 VAL:  1141.00
2026-01-27 20:13:22,299 [INFO] ✅ NSE:KPITTECH-EQ      | CVD High:  23102 | CVD Low: [-5012] | FRVP VAH:  1112.15 VAL:  1100.55
2026-01-27 20:13:22,478 [INFO] ✅ NSE:LODHA-EQ         | CVD High: 655421 | CVD Low: [-321851] | FRVP VAH:   883.50 VAL:   872.65
2026-01-27 20:13:22,623 [INFO] ✅ NSE:HDFCLIFE-EQ      | CVD High:  17921 | CVD Low: [-254395] | FRVP VAH:   713.65 VAL:   712.25
2026-01-27 20:13:22,785 [INFO] ✅ NSE:TATATECH-EQ      | CVD High:   9276 | CVD Low: [-102300] | FRVP VAH:   655.20 VAL:   648.90
2026-01-27 20:13:22,949 [INFO] ✅ NSE:INDHOTEL-EQ      | CVD High:  98877 | CVD Low: [-151910] | FRVP VAH:   642.00 VAL:   638.00
2026-01-27 20:13:23,102 [INFO] ✅ NSE:ICICIPRULI-EQ    | CVD High:  91271 | CVD Low: [-32300] | FRVP VAH:   642.40 VAL:   636.00
2026-01-27 20:13:23,239 [INFO] ✅ NSE:IRCTC-EQ         | CVD High:   7628 | CVD Low: [-119175] | FRVP VAH:   613.90 VAL:   609.00
2026-01-27 20:13:23,429 [INFO] ✅ NSE:CGPOWER-EQ       | CVD High: 516387 | CVD Low: [-59425] | FRVP VAH:   546.40 VAL:   544.80
2026-01-27 20:13:23,599 [INFO] ✅ NSE:LICHSGFIN-EQ     | CVD High:  74722 | CVD Low: [-6912] | FRVP VAH:   506.40 VAL:   503.60
2026-01-27 20:13:23,782 [INFO] ✅ NSE:CONCOR-EQ        | CVD High:  15532 | CVD Low: [-60165] | FRVP VAH:   480.90 VAL:   478.50
2026-01-27 20:13:23,995 [INFO] ✅ NSE:EXIDEIND-EQ      | CVD High:      0 | CVD Low: [-124832] | FRVP VAH:   324.80 VAL:   321.60
2026-01-27 20:13:24,210 [INFO] ✅ NSE:LTF-EQ           | CVD High:   2752 | CVD Low: [-412578] | FRVP VAH:   287.55 VAL:   283.95
2026-01-27 20:13:24,408 [INFO] ✅ NSE:NYKAA-EQ         | CVD High: 361774 | CVD Low: [-161956] | FRVP VAH:   236.40 VAL:   234.80
2026-01-27 20:13:24,547 [INFO] ✅ NSE:WIPRO-EQ         | CVD High:   6314 | CVD Low: [-1053132] | FRVP VAH:   233.80 VAL:   232.20
2026-01-27 20:13:24,751 [INFO] ✅ NSE:HUDCO-EQ         | CVD High:  29578 | CVD Low: [-246890] | FRVP VAH:   197.00 VAL:   195.60
2026-01-27 20:13:24,949 [INFO] ✅ NSE:ASHOKLEY-EQ      | CVD High: 312825 | CVD Low: [-793687] | FRVP VAH:   191.25 VAL:   189.50
2026-01-27 20:13:25,128 [INFO] ✅ NSE:GAIL-EQ          | CVD High: 152319 | CVD Low: [-6018435] | FRVP VAH:   159.80 VAL:   159.40
2026-01-27 20:13:25,336 [INFO] ✅ NSE:IEX-EQ           | CVD High:      0 | CVD Low: [-578058] | FRVP VAH:   126.30 VAL:   125.55
2026-01-27 20:13:25,492 [INFO] ✅ NSE:INOXWIND-EQ      | CVD High: 582030 | CVD Low: [-361103] | FRVP VAH:   103.50 VAL:   102.45
2026-01-27 20:13:25,650 [INFO] ✅ NSE:NBCC-EQ          | CVD High: 355262 | CVD Low: [-131276] | FRVP VAH:    95.70 VAL:    95.10
2026-01-27 20:13:25,651 [INFO] ============================================================

2026-01-27 20:13:25,651 [INFO] 🚀 Strategy Alert Monitoring Started...
2026-01-27 20:13:25,652 [INFO] 🔍 Scanning for alerts on 35 symbols (5min)...
2026-01-27 20:13:25,801 [INFO]     Scanning NSE:PAGEIND-EQ (5min) | Range 10:00-11:00 | Price=32520.00 > VAH=32535.00? | CVD=-10185 > Ref=-5517? | POC=32400.00 | VAL=32373.00
2026-01-27 20:13:25,945 [INFO]     Scanning NSE:AMBER-EQ (5min) | Range 10:00-11:00 | Price=5510.00 > VAH=5462.10? | CVD=15769 > Ref=-72919? | POC=5455.80 | VAL=5424.30
2026-01-27 20:13:26,088 [INFO]     Scanning NSE:DMART-EQ (5min) | Range 10:00-11:00 | Price=3670.60 > VAH=3673.65? | CVD=-41179 > Ref=-17393? | POC=3673.65 | VAL=3653.70
2026-01-27 20:13:26,249 [INFO]     Scanning NSE:KAYNES-EQ (5min) | Range 10:00-11:00 | Price=3365.00 > VAH=3352.80? | CVD=-49225 > Ref=-99761? | POC=3300.00 | VAL=3293.40
2026-01-27 20:13:26,400 [INFO]     Scanning NSE:TIINDIA-EQ (5min) | Range 10:00-11:00 | Price=2189.30 > VAH=2202.50? | CVD=26527 > Ref=-12820? | POC=2182.50 | VAL=2182.50
2026-01-27 20:13:26,563 [INFO]     Scanning NSE:MANKIND-EQ (5min) | Range 10:00-11:00 | Price=2094.20 > VAH=2089.30? | CVD=-541 > Ref=-6643? | POC=2084.20 | VAL=2079.10
2026-01-27 20:13:26,758 [INFO]     Scanning NSE:PHOENIXLTD-EQ (5min) | Range 10:00-11:00 | Price=1728.30 > VAH=1719.30? | CVD=-80030 > Ref=-34531? | POC=1717.65 | VAL=1714.35
2026-01-27 20:13:26,923 [INFO]     Scanning NSE:BLUESTARCO-EQ (5min) | Range 10:00-11:00 | Price=1667.50 > VAH=1694.00? | CVD=20190 > Ref=-376? | POC=1694.00 | VAL=1669.25
2026-01-27 20:13:27,076 [INFO] 🚀 [STRATEGY ALERT] NSE:MFSL-EQ (5min) triggered at 15:30!
2026-01-27 20:13:27,077 [INFO]     ✅ Price: 1576.60 < FRVP VAL: 1586.50
2026-01-27 20:13:27,078 [INFO]     ✅ CVD:   -304387 < CVD Ref (LOW):  -18961
2026-01-27 20:13:27,078 [INFO]     ℹ️  FRVP Info: POC=1587.45, VAL=1586.50
2026-01-27 20:13:27,079 [INFO]     Scanning NSE:MFSL-EQ (5min) | Range 10:00-11:00 | Price=1576.60 > VAH=1590.30? | CVD=-304387 > Ref=-18961? | POC=1587.45 | VAL=1586.50
2026-01-27 20:13:27,222 [INFO]     Scanning NSE:GODREJPROP-EQ (5min) | Range 10:00-11:00 | Price=1523.00 > VAH=1510.60? | CVD=31991 > Ref=-135620? | POC=1509.30 | VAL=1505.40
2026-01-27 20:13:27,391 [INFO]     Scanning NSE:RELIANCE-EQ (5min) | Range 10:00-11:00 | Price=1380.50 > VAH=1389.15? | CVD=-2579601 > Ref=-641011? | POC=1382.40 | VAL=1379.70
2026-01-27 20:13:27,568 [INFO]     Scanning NSE:CDSL-EQ (5min) | Range 10:00-11:00 | Price=1322.10 > VAH=1339.80? | CVD=17374 > Ref=-118146? | POC=1335.60 | VAL=1325.10
2026-01-27 20:13:27,727 [INFO] 🚀 [STRATEGY ALERT] NSE:NAUKRI-EQ (5min) triggered at 15:30!
2026-01-27 20:13:27,728 [INFO]     ✅ Price: 1279.00 < FRVP VAL: 1288.80
2026-01-27 20:13:27,728 [INFO]     ✅ CVD:   -25616 < CVD Ref (LOW):  -13722
2026-01-27 20:13:27,729 [INFO]     ℹ️  FRVP Info: POC=1288.80, VAL=1288.80
2026-01-27 20:13:27,729 [INFO]     Scanning NSE:NAUKRI-EQ (5min) | Range 10:00-11:00 | Price=1279.00 > VAH=1296.00? | CVD=-25616 > Ref=-13722? | POC=1288.80 | VAL=1288.80
2026-01-27 20:13:28,097 [INFO]     Scanning NSE:NUVAMA-EQ (5min) | Range 10:00-11:00 | Price=1265.20 > VAH=1286.50? | CVD=-47431 > Ref=-99447? | POC=1283.40 | VAL=1264.80
2026-01-27 20:13:28,362 [INFO]     Scanning NSE:PAYTM-EQ (5min) | Range 10:00-11:00 | Price=1144.80 > VAH=1152.20? | CVD=-147857 > Ref=-376853? | POC=1150.80 | VAL=1141.00
2026-01-27 20:13:28,547 [INFO]     Scanning NSE:KPITTECH-EQ (5min) | Range 10:00-11:00 | Price=1104.40 > VAH=1112.15? | CVD=143007 > Ref=-5012? | POC=1110.70 | VAL=1100.55
2026-01-27 20:13:28,709 [INFO]     Scanning NSE:LODHA-EQ (5min) | Range 10:00-11:00 | Price=907.20 > VAH=883.50? | CVD=811014 > Ref=-321851? | POC=872.65 | VAL=872.65
2026-01-27 20:13:28,876 [INFO]     Scanning NSE:HDFCLIFE-EQ (5min) | Range 10:00-11:00 | Price=720.05 > VAH=713.65? | CVD=144690 > Ref=-254395? | POC=712.95 | VAL=712.25
2026-01-27 20:13:29,024 [INFO]     Scanning NSE:TATATECH-EQ (5min) | Range 10:00-11:00 | Price=651.40 > VAH=655.20? | CVD=-131152 > Ref=-102300? | POC=648.90 | VAL=648.90
2026-01-27 20:13:29,182 [INFO]     Scanning NSE:INDHOTEL-EQ (5min) | Range 10:00-11:00 | Price=651.35 > VAH=642.00? | CVD=-638255 > Ref=-151910? | POC=641.00 | VAL=638.00
2026-01-27 20:13:29,364 [INFO]     Scanning NSE:ICICIPRULI-EQ (5min) | Range 10:00-11:00 | Price=643.85 > VAH=642.40? | CVD=7909 > Ref=-32300? | POC=640.00 | VAL=636.00
2026-01-27 20:13:29,537 [INFO]     Scanning NSE:IRCTC-EQ (5min) | Range 10:00-11:00 | Price=607.50 > VAH=613.90? | CVD=82049 > Ref=-119175? | POC=613.20 | VAL=609.00
2026-01-27 20:13:29,672 [INFO]     Scanning NSE:CGPOWER-EQ (5min) | Range 10:00-11:00 | Price=530.65 > VAH=546.40? | CVD=1311740 > Ref=-59425? | POC=546.00 | VAL=544.80
2026-01-27 20:13:29,824 [INFO]     Scanning NSE:LICHSGFIN-EQ (5min) | Range 10:00-11:00 | Price=510.05 > VAH=506.40? | CVD=244498 > Ref=-6912? | POC=506.00 | VAL=503.60
2026-01-27 20:13:29,970 [INFO]     Scanning NSE:CONCOR-EQ (5min) | Range 10:00-11:00 | Price=485.35 > VAH=480.90? | CVD=196826 > Ref=-60165? | POC=480.30 | VAL=478.50
2026-01-27 20:13:30,134 [INFO]     Scanning NSE:EXIDEIND-EQ (5min) | Range 10:00-11:00 | Price=323.25 > VAH=324.80? | CVD=-95970 > Ref=-124832? | POC=324.40 | VAL=321.60
2026-01-27 20:13:30,281 [INFO]     Scanning NSE:LTF-EQ (5min) | Range 10:00-11:00 | Price=285.25 > VAH=287.55? | CVD=98754 > Ref=-412578? | POC=285.30 | VAL=283.95
2026-01-27 20:13:30,435 [INFO]     Scanning NSE:NYKAA-EQ (5min) | Range 10:00-11:00 | Price=236.50 > VAH=236.40? | CVD=454392 > Ref=-161956? | POC=236.20 | VAL=234.80
2026-01-27 20:13:30,616 [INFO]     Scanning NSE:WIPRO-EQ (5min) | Range 10:00-11:00 | Price=234.80 > VAH=233.80? | CVD=1658999 > Ref=-1053132? | POC=233.40 | VAL=232.20
2026-01-27 20:13:30,772 [INFO]     Scanning NSE:HUDCO-EQ (5min) | Range 10:00-11:00 | Price=198.13 > VAH=197.00? | CVD=417572 > Ref=-246890? | POC=196.80 | VAL=195.60
2026-01-27 20:13:31,018 [INFO]     Scanning NSE:ASHOKLEY-EQ (5min) | Range 10:00-11:00 | Price=193.00 > VAH=191.25? | CVD=1255126 > Ref=-793687? | POC=191.00 | VAL=189.50
2026-01-27 20:13:31,184 [INFO]     Scanning NSE:GAIL-EQ (5min) | Range 10:00-11:00 | Price=159.98 > VAH=159.80? | CVD=-5330138 > Ref=-6018435? | POC=159.40 | VAL=159.40
2026-01-27 20:13:31,331 [INFO]     Scanning NSE:IEX-EQ (5min) | Range 10:00-11:00 | Price=127.55 > VAH=126.30? | CVD=588211 > Ref=-578058? | POC=126.00 | VAL=125.55
2026-01-27 20:13:31,481 [INFO]     Scanning NSE:INOXWIND-EQ (5min) | Range 10:00-11:00 | Price=104.72 > VAH=103.50? | CVD=316640 > Ref=-361103? | POC=102.45 | VAL=102.45
2026-01-27 20:13:31,631 [INFO]     Scanning NSE:NBCC-EQ (5min) | Range 10:00-11:00 | Price=97.45 > VAH=95.70? | CVD=1811104 > Ref=-131276? | POC=95.60 | VAL=95.10
2026-01-27 20:14:31,633 [INFO] 🔍 Scanning for alerts on 33 symbols (5min)...
2026-01-27 20:14:31,802 [INFO]     Scanning NSE:PAGEIND-EQ (5min) | Range 10:00-11:00 | Price=32520.00 > VAH=32535.00? | CVD=-10185 > Ref=-5517? | POC=32400.00 | VAL=32373.00
2026-01-27 20:14:31,967 [INFO]     Scanning NSE:AMBER-EQ (5min) | Range 10:00-11:00 | Price=5510.00 > VAH=5462.10? | CVD=15769 > Ref=-72919? | POC=5455.80 | VAL=5424.30
2026-01-27 20:14:32,087 [INFO]     Scanning NSE:DMART-EQ (5min) | Range 10:00-11:00 | Price=3670.60 > VAH=3673.65? | CVD=-41179 > Ref=-17393? | POC=3673.65 | VAL=3653.70
2026-01-27 20:14:32,255 [INFO]     Scanning NSE:KAYNES-EQ (5min) | Range 10:00-11:00 | Price=3365.00 > VAH=3352.80? | CVD=-49225 > Ref=-99761? | POC=3300.00 | VAL=3293.40
2026-01-27 20:14:32,415 [INFO]     Scanning NSE:TIINDIA-EQ (5min) | Range 10:00-11:00 | Price=2189.30 > VAH=2202.50? | CVD=26527 > Ref=-12820? | POC=2182.50 | VAL=2182.50
2026-01-27 20:14:32,545 [INFO]     Scanning NSE:MANKIND-EQ (5min) | Range 10:00-11:00 | Price=2094.20 > VAH=2089.30? | CVD=-541 > Ref=-6643? | POC=2084.20 | VAL=2079.10
2026-01-27 20:14:32,729 [INFO]     Scanning NSE:PHOENIXLTD-EQ (5min) | Range 10:00-11:00 | Price=1728.30 > VAH=1719.30? | CVD=-80030 > Ref=-34531? | POC=1717.65 | VAL=1714.35
2026-01-27 20:14:32,896 [INFO]     Scanning NSE:BLUESTARCO-EQ (5min) | Range 10:00-11:00 | Price=1667.50 > VAH=1694.00? | CVD=20190 > Ref=-376? | POC=1694.00 | VAL=1669.25
2026-01-27 20:14:33,045 [INFO]     Scanning NSE:GODREJPROP-EQ (5min) | Range 10:00-11:00 | Price=1523.00 > VAH=1510.60? | CVD=31991 > Ref=-135620? | POC=1509.30 | VAL=1505.40
2026-01-27 20:14:33,183 [INFO]     Scanning NSE:RELIANCE-EQ (5min) | Range 10:00-11:00 | Price=1380.50 > VAH=1389.15? | CVD=-2579601 > Ref=-641011? | POC=1382.40 | VAL=1379.70
2026-01-27 20:14:33,351 [INFO]     Scanning NSE:CDSL-EQ (5min) | Range 10:00-11:00 | Price=1322.10 > VAH=1339.80? | CVD=17374 > Ref=-118146? | POC=1335.60 | VAL=1325.10
2026-01-27 20:14:33,518 [INFO]     Scanning NSE:NUVAMA-EQ (5min) | Range 10:00-11:00 | Price=1265.20 > VAH=1286.50? | CVD=-47431 > Ref=-99447? | POC=1283.40 | VAL=1264.80
2026-01-27 20:14:33,644 [INFO]     Scanning NSE:PAYTM-EQ (5min) | Range 10:00-11:00 | Price=1144.80 > VAH=1152.20? | CVD=-147857 > Ref=-376853? | POC=1150.80 | VAL=1141.00
2026-01-27 20:14:33,788 [INFO]     Scanning NSE:KPITTECH-EQ (5min) | Range 10:00-11:00 | Price=1104.40 > VAH=1112.15? | CVD=143007 > Ref=-5012? | POC=1110.70 | VAL=1100.55
2026-01-27 20:14:33,969 [INFO]     Scanning NSE:LODHA-EQ (5min) | Range 10:00-11:00 | Price=907.20 > VAH=883.50? | CVD=811014 > Ref=-321851? | POC=872.65 | VAL=872.65
2026-01-27 20:14:34,113 [INFO]     Scanning NSE:HDFCLIFE-EQ (5min) | Range 10:00-11:00 | Price=720.05 > VAH=713.65? | CVD=144690 > Ref=-254395? | POC=712.95 | VAL=712.25
2026-01-27 20:14:34,286 [INFO]     Scanning NSE:TATATECH-EQ (5min) | Range 10:00-11:00 | Price=651.40 > VAH=655.20? | CVD=-131152 > Ref=-102300? | POC=648.90 | VAL=648.90
2026-01-27 20:14:34,444 [INFO]     Scanning NSE:INDHOTEL-EQ (5min) | Range 10:00-11:00 | Price=651.35 > VAH=642.00? | CVD=-638255 > Ref=-151910? | POC=641.00 | VAL=638.00
2026-01-27 20:14:34,570 [INFO]     Scanning NSE:ICICIPRULI-EQ (5min) | Range 10:00-11:00 | Price=643.85 > VAH=642.40? | CVD=7909 > Ref=-32300? | POC=640.00 | VAL=636.00
2026-01-27 20:14:34,721 [INFO]     Scanning NSE:IRCTC-EQ (5min) | Range 10:00-11:00 | Price=607.50 > VAH=613.90? | CVD=82049 > Ref=-119175? | POC=613.20 | VAL=609.00
2026-01-27 20:14:34,888 [INFO]     Scanning NSE:CGPOWER-EQ (5min) | Range 10:00-11:00 | Price=530.65 > VAH=546.40? | CVD=1311740 > Ref=-59425? | POC=546.00 | VAL=544.80
2026-01-27 20:14:35,048 [INFO]     Scanning NSE:LICHSGFIN-EQ (5min) | Range 10:00-11:00 | Price=510.05 > VAH=506.40? | CVD=244498 > Ref=-6912? | POC=506.00 | VAL=503.60
2026-01-27 20:14:35,193 [INFO]     Scanning NSE:CONCOR-EQ (5min) | Range 10:00-11:00 | Price=485.35 > VAH=480.90? | CVD=196826 > Ref=-60165? | POC=480.30 | VAL=478.50
2026-01-27 20:14:35,327 [INFO]     Scanning NSE:EXIDEIND-EQ (5min) | Range 10:00-11:00 | Price=323.25 > VAH=324.80? | CVD=-95970 > Ref=-124832? | POC=324.40 | VAL=321.60
2026-01-27 20:14:35,541 [INFO]     Scanning NSE:LTF-EQ (5min) | Range 10:00-11:00 | Price=285.25 > VAH=287.55? | CVD=98754 > Ref=-412578? | POC=285.30 | VAL=283.95
2026-01-27 20:14:35,718 [INFO]     Scanning NSE:NYKAA-EQ (5min) | Range 10:00-11:00 | Price=236.50 > VAH=236.40? | CVD=454392 > Ref=-161956? | POC=236.20 | VAL=234.80
2026-01-27 20:14:35,896 [INFO]     Scanning NSE:WIPRO-EQ (5min) | Range 10:00-11:00 | Price=234.80 > VAH=233.80? | CVD=1658999 > Ref=-1053132? | POC=233.40 | VAL=232.20
2026-01-27 20:14:36,060 [INFO]     Scanning NSE:HUDCO-EQ (5min) | Range 10:00-11:00 | Price=198.13 > VAH=197.00? | CVD=417572 > Ref=-246890? | POC=196.80 | VAL=195.60
2026-01-27 20:14:36,262 [INFO]     Scanning NSE:ASHOKLEY-EQ (5min) | Range 10:00-11:00 | Price=193.00 > VAH=191.25? | CVD=1255126 > Ref=-793687? | POC=191.00 | VAL=189.50
2026-01-27 20:14:36,459 [INFO]     Scanning NSE:GAIL-EQ (5min) | Range 10:00-11:00 | Price=159.98 > VAH=159.80? | CVD=-5330138 > Ref=-6018435? | POC=159.40 | VAL=159.40
2026-01-27 20:14:36,637 [INFO]     Scanning NSE:IEX-EQ (5min) | Range 10:00-11:00 | Price=127.55 > VAH=126.30? | CVD=588211 > Ref=-578058? | POC=126.00 | VAL=125.55
2026-01-27 20:14:36,834 [INFO]     Scanning NSE:INOXWIND-EQ (5min) | Range 10:00-11:00 | Price=104.72 > VAH=103.50? | CVD=316640 > Ref=-361103? | POC=102.45 | VAL=102.45
2026-01-27 20:14:37,020 [INFO]     Scanning NSE:NBCC-EQ (5min) | Range 10:00-11:00 | Price=97.45 > VAH=95.70? | CVD=1811104 > Ref=-131276? | POC=95.60 | VAL=95.10
2026-01-27 20:15:37,022 [INFO] 🔍 Scanning for alerts on 33 symbols (5min)...
2026-01-27 20:15:37,185 [INFO]     Scanning NSE:PAGEIND-EQ (5min) | Range 10:00-11:00 | Price=32520.00 > VAH=32535.00? | CVD=-10185 > Ref=-5517? | POC=32400.00 | VAL=32373.00
2026-01-27 20:15:37,325 [INFO]     Scanning NSE:AMBER-EQ (5min) | Range 10:00-11:00 | Price=5510.00 > VAH=5462.10? | CVD=15769 > Ref=-72919? | POC=5455.80 | VAL=5424.30
2026-01-27 20:15:37,479 [INFO]     Scanning NSE:DMART-EQ (5min) | Range 10:00-11:00 | Price=3670.60 > VAH=3673.65? | CVD=-41179 > Ref=-17393? | POC=3673.65 | VAL=3653.70
2026-01-27 20:15:37,624 [INFO]     Scanning NSE:KAYNES-EQ (5min) | Range 10:00-11:00 | Price=3365.00 > VAH=3352.80? | CVD=-49225 > Ref=-99761? | POC=3300.00 | VAL=3293.40
2026-01-27 20:15:37,767 [INFO]     Scanning NSE:TIINDIA-EQ (5min) | Range 10:00-11:00 | Price=2189.30 > VAH=2202.50? | CVD=26527 > Ref=-12820? | POC=2182.50 | VAL=2182.50
2026-01-27 20:15:37,913 [INFO]     Scanning NSE:MANKIND-EQ (5min) | Range 10:00-11:00 | Price=2094.20 > VAH=2089.30? | CVD=-541 > Ref=-6643? | POC=2084.20 | VAL=2079.10
2026-01-27 20:15:38,065 [INFO]     Scanning NSE:PHOENIXLTD-EQ (5min) | Range 10:00-11:00 | Price=1728.30 > VAH=1719.30? | CVD=-80030 > Ref=-34531? | POC=1717.65 | VAL=1714.35
2026-01-27 20:15:38,176 [INFO]     Scanning NSE:BLUESTARCO-EQ (5min) | Range 10:00-11:00 | Price=1667.50 > VAH=1694.00? | CVD=20190 > Ref=-376? | POC=1694.00 | VAL=1669.25
2026-01-27 20:15:38,320 [INFO]     Scanning NSE:GODREJPROP-EQ (5min) | Range 10:00-11:00 | Price=1523.00 > VAH=1510.60? | CVD=31991 > Ref=-135620? | POC=1509.30 | VAL=1505.40
2026-01-27 20:15:38,465 [INFO]     Scanning NSE:RELIANCE-EQ (5min) | Range 10:00-11:00 | Price=1380.50 > VAH=1389.15? | CVD=-2579601 > Ref=-641011? | POC=1382.40 | VAL=1379.70
2026-01-27 20:15:38,613 [INFO]     Scanning NSE:CDSL-EQ (5min) | Range 10:00-11:00 | Price=1322.10 > VAH=1339.80? | CVD=17374 > Ref=-118146? | POC=1335.60 | VAL=1325.10
2026-01-27 20:15:38,738 [INFO]     Scanning NSE:NUVAMA-EQ (5min) | Range 10:00-11:00 | Price=1265.20 > VAH=1286.50? | CVD=-47431 > Ref=-99447? | POC=1283.40 | VAL=1264.80
2026-01-27 20:15:38,882 [INFO]     Scanning NSE:PAYTM-EQ (5min) | Range 10:00-11:00 | Price=1144.80 > VAH=1152.20? | CVD=-147857 > Ref=-376853? | POC=1150.80 | VAL=1141.00
2026-01-27 20:15:39,033 [INFO]     Scanning NSE:KPITTECH-EQ (5min) | Range 10:00-11:00 | Price=1104.40 > VAH=1112.15? | CVD=143007 > Ref=-5012? | POC=1110.70 | VAL=1100.55
2026-01-27 20:15:39,160 [INFO]     Scanning NSE:LODHA-EQ (5min) | Range 10:00-11:00 | Price=907.20 > VAH=883.50? | CVD=811014 > Ref=-321851? | POC=872.65 | VAL=872.65
2026-01-27 20:15:39,324 [INFO]     Scanning NSE:HDFCLIFE-EQ (5min) | Range 10:00-11:00 | Price=720.05 > VAH=713.65? | CVD=144690 > Ref=-254395? | POC=712.95 | VAL=712.25
2026-01-27 20:15:39,485 [INFO]     Scanning NSE:TATATECH-EQ (5min) | Range 10:00-11:00 | Price=651.40 > VAH=655.20? | CVD=-131152 > Ref=-102300? | POC=648.90 | VAL=648.90
2026-01-27 20:15:39,626 [INFO]     Scanning NSE:INDHOTEL-EQ (5min) | Range 10:00-11:00 | Price=651.35 > VAH=642.00? | CVD=-638255 > Ref=-151910? | POC=641.00 | VAL=638.00
2026-01-27 20:15:39,748 [INFO]     Scanning NSE:ICICIPRULI-EQ (5min) | Range 10:00-11:00 | Price=643.85 > VAH=642.40? | CVD=7909 > Ref=-32300? | POC=640.00 | VAL=636.00
2026-01-27 20:15:39,907 [INFO]     Scanning NSE:IRCTC-EQ (5min) | Range 10:00-11:00 | Price=607.50 > VAH=613.90? | CVD=82049 > Ref=-119175? | POC=613.20 | VAL=609.00
2026-01-27 20:15:40,048 [INFO]     Scanning NSE:CGPOWER-EQ (5min) | Range 10:00-11:00 | Price=530.65 > VAH=546.40? | CVD=1311740 > Ref=-59425? | POC=546.00 | VAL=544.80
2026-01-27 20:15:40,207 [INFO]     Scanning NSE:LICHSGFIN-EQ (5min) | Range 10:00-11:00 | Price=510.05 > VAH=506.40? | CVD=244498 > Ref=-6912? | POC=506.00 | VAL=503.60
2026-01-27 20:15:40,376 [INFO]     Scanning NSE:CONCOR-EQ (5min) | Range 10:00-11:00 | Price=485.35 > VAH=480.90? | CVD=196826 > Ref=-60165? | POC=480.30 | VAL=478.50
2026-01-27 20:15:40,528 [INFO]     Scanning NSE:EXIDEIND-EQ (5min) | Range 10:00-11:00 | Price=323.25 > VAH=324.80? | CVD=-95970 > Ref=-124832? | POC=324.40 | VAL=321.60
2026-01-27 20:15:40,657 [INFO]     Scanning NSE:LTF-EQ (5min) | Range 10:00-11:00 | Price=285.25 > VAH=287.55? | CVD=98754 > Ref=-412578? | POC=285.30 | VAL=283.95
2026-01-27 20:15:40,798 [INFO]     Scanning NSE:NYKAA-EQ (5min) | Range 10:00-11:00 | Price=236.50 > VAH=236.40? | CVD=454392 > Ref=-161956? | POC=236.20 | VAL=234.80
2026-01-27 20:15:40,944 [INFO]     Scanning NSE:WIPRO-EQ (5min) | Range 10:00-11:00 | Price=234.80 > VAH=233.80? | CVD=1658999 > Ref=-1053132? | POC=233.40 | VAL=232.20
2026-01-27 20:15:41,072 [INFO]     Scanning NSE:HUDCO-EQ (5min) | Range 10:00-11:00 | Price=198.13 > VAH=197.00? | CVD=417572 > Ref=-246890? | POC=196.80 | VAL=195.60
2026-01-27 20:15:41,258 [INFO]     Scanning NSE:ASHOKLEY-EQ (5min) | Range 10:00-11:00 | Price=193.00 > VAH=191.25? | CVD=1255126 > Ref=-793687? | POC=191.00 | VAL=189.50
2026-01-27 20:15:41,399 [INFO]     Scanning NSE:GAIL-EQ (5min) | Range 10:00-11:00 | Price=159.98 > VAH=159.80? | CVD=-5330138 > Ref=-6018435? | POC=159.40 | VAL=159.40
2026-01-27 20:15:41,565 [INFO]     Scanning NSE:IEX-EQ (5min) | Range 10:00-11:00 | Price=127.55 > VAH=126.30? | CVD=588211 > Ref=-578058? | POC=126.00 | VAL=125.55
2026-01-27 20:15:41,804 [INFO]     Scanning NSE:INOXWIND-EQ (5min) | Range 10:00-11:00 | Price=104.72 > VAH=103.50? | CVD=316640 > Ref=-361103? | POC=102.45 | VAL=102.45
2026-01-27 20:15:41,950 [INFO]     Scanning NSE:NBCC-EQ (5min) | Range 10:00-11:00 | Price=97.45 > VAH=95.70? | CVD=1811104 > Ref=-131276? | POC=95.60 | VAL=95.10
2026-01-27 20:16:41,951 [INFO] 🔍 Scanning for alerts on 33 symbols (5min)...
2026-01-27 20:16:42,106 [INFO]     Scanning NSE:PAGEIND-EQ (5min) | Range 10:00-11:00 | Price=32520.00 > VAH=32535.00? | CVD=-10185 > Ref=-5517? | POC=32400.00 | VAL=32373.00
2026-01-27 20:16:42,222 [INFO]     Scanning NSE:AMBER-EQ (5min) | Range 10:00-11:00 | Price=5510.00 > VAH=5462.10? | CVD=15769 > Ref=-72919? | POC=5455.80 | VAL=5424.30
2026-01-27 20:16:42,320 [INFO]     Scanning NSE:DMART-EQ (5min) | Range 10:00-11:00 | Price=3670.60 > VAH=3673.65? | CVD=-41179 > Ref=-17393? | POC=3673.65 | VAL=3653.70
2026-01-27 20:16:42,487 [INFO]     Scanning NSE:KAYNES-EQ (5min) | Range 10:00-11:00 | Price=3365.00 > VAH=3352.80? | CVD=-49225 > Ref=-99761? | POC=3300.00 | VAL=3293.40
2026-01-27 20:16:42,630 [INFO]     Scanning NSE:TIINDIA-EQ (5min) | Range 10:00-11:00 | Price=2189.30 > VAH=2202.50? | CVD=26527 > Ref=-12820? | POC=2182.50 | VAL=2182.50
2026-01-27 20:16:42,775 [INFO]     Scanning NSE:MANKIND-EQ (5min) | Range 10:00-11:00 | Price=2094.20 > VAH=2089.30? | CVD=-541 > Ref=-6643? | POC=2084.20 | VAL=2079.10
2026-01-27 20:16:42,914 [INFO]     Scanning NSE:PHOENIXLTD-EQ (5min) | Range 10:00-11:00 | Price=1728.30 > VAH=1719.30? | CVD=-80030 > Ref=-34531? | POC=1717.65 | VAL=1714.35
2026-01-27 20:16:43,038 [INFO]     Scanning NSE:BLUESTARCO-EQ (5min) | Range 10:00-11:00 | Price=1667.50 > VAH=1694.00? | CVD=20190 > Ref=-376? | POC=1694.00 | VAL=1669.25
2026-01-27 20:16:43,166 [INFO]     Scanning NSE:GODREJPROP-EQ (5min) | Range 10:00-11:00 | Price=1523.00 > VAH=1510.60? | CVD=31991 > Ref=-135620? | POC=1509.30 | VAL=1505.40
2026-01-27 20:16:43,298 [INFO]     Scanning NSE:RELIANCE-EQ (5min) | Range 10:00-11:00 | Price=1380.50 > VAH=1389.15? | CVD=-2579601 > Ref=-641011? | POC=1382.40 | VAL=1379.70
2026-01-27 20:16:43,443 [INFO]     Scanning NSE:CDSL-EQ (5min) | Range 10:00-11:00 | Price=1322.10 > VAH=1339.80? | CVD=17374 > Ref=-118146? | POC=1335.60 | VAL=1325.10
2026-01-27 20:16:43,575 [INFO]     Scanning NSE:NUVAMA-EQ (5min) | Range 10:00-11:00 | Price=1265.20 > VAH=1286.50? | CVD=-47431 > Ref=-99447? | POC=1283.40 | VAL=1264.80
2026-01-27 20:16:43,717 [INFO]     Scanning NSE:PAYTM-EQ (5min) | Range 10:00-11:00 | Price=1144.80 > VAH=1152.20? | CVD=-147857 > Ref=-376853? | POC=1150.80 | VAL=1141.00
2026-01-27 20:16:43,862 [INFO]     Scanning NSE:KPITTECH-EQ (5min) | Range 10:00-11:00 | Price=1104.40 > VAH=1112.15? | CVD=143007 > Ref=-5012? | POC=1110.70 | VAL=1100.55
2026-01-27 20:16:43,980 [INFO]     Scanning NSE:LODHA-EQ (5min) | Range 10:00-11:00 | Price=907.20 > VAH=883.50? | CVD=811014 > Ref=-321851? | POC=872.65 | VAL=872.65
2026-01-27 20:16:44,110 [INFO]     Scanning NSE:HDFCLIFE-EQ (5min) | Range 10:00-11:00 | Price=720.05 > VAH=713.65? | CVD=144690 > Ref=-254395? | POC=712.95 | VAL=712.25
2026-01-27 20:16:44,255 [INFO]     Scanning NSE:TATATECH-EQ (5min) | Range 10:00-11:00 | Price=651.40 > VAH=655.20? | CVD=-131152 > Ref=-102300? | POC=648.90 | VAL=648.90
2026-01-27 20:16:44,416 [INFO]     Scanning NSE:INDHOTEL-EQ (5min) | Range 10:00-11:00 | Price=651.35 > VAH=642.00? | CVD=-638255 > Ref=-151910? | POC=641.00 | VAL=638.00
2026-01-27 20:16:44,558 [INFO]     Scanning NSE:ICICIPRULI-EQ (5min) | Range 10:00-11:00 | Price=643.85 > VAH=642.40? | CVD=7909 > Ref=-32300? | POC=640.00 | VAL=636.00
2026-01-27 20:16:44,722 [INFO]     Scanning NSE:IRCTC-EQ (5min) | Range 10:00-11:00 | Price=607.50 > VAH=613.90? | CVD=82049 > Ref=-119175? | POC=613.20 | VAL=609.00
2026-01-27 20:16:44,864 [INFO]     Scanning NSE:CGPOWER-EQ (5min) | Range 10:00-11:00 | Price=530.65 > VAH=546.40? | CVD=1311740 > Ref=-59425? | POC=546.00 | VAL=544.80
2026-01-27 20:16:45,031 [INFO]     Scanning NSE:LICHSGFIN-EQ (5min) | Range 10:00-11:00 | Price=510.05 > VAH=506.40? | CVD=244498 > Ref=-6912? | POC=506.00 | VAL=503.60
2026-01-27 20:16:45,193 [INFO]     Scanning NSE:CONCOR-EQ (5min) | Range 10:00-11:00 | Price=485.35 > VAH=480.90? | CVD=196826 > Ref=-60165? | POC=480.30 | VAL=478.50
2026-01-27 20:16:45,329 [INFO]     Scanning NSE:EXIDEIND-EQ (5min) | Range 10:00-11:00 | Price=323.25 > VAH=324.80? | CVD=-95970 > Ref=-124832? | POC=324.40 | VAL=321.60
2026-01-27 20:16:45,474 [INFO]     Scanning NSE:LTF-EQ (5min) | Range 10:00-11:00 | Price=285.25 > VAH=287.55? | CVD=98754 > Ref=-412578? | POC=285.30 | VAL=283.95
2026-01-27 20:16:45,618 [INFO]     Scanning NSE:NYKAA-EQ (5min) | Range 10:00-11:00 | Price=236.50 > VAH=236.40? | CVD=454392 > Ref=-161956? | POC=236.20 | VAL=234.80
2026-01-27 20:16:45,760 [INFO]     Scanning NSE:WIPRO-EQ (5min) | Range 10:00-11:00 | Price=234.80 > VAH=233.80? | CVD=1658999 > Ref=-1053132? | POC=233.40 | VAL=232.20
2026-01-27 20:16:45,900 [INFO]     Scanning NSE:HUDCO-EQ (5min) | Range 10:00-11:00 | Price=198.13 > VAH=197.00? | CVD=417572 > Ref=-246890? | POC=196.80 | VAL=195.60
2026-01-27 20:16:46,097 [INFO]     Scanning NSE:ASHOKLEY-EQ (5min) | Range 10:00-11:00 | Price=193.00 > VAH=191.25? | CVD=1255126 > Ref=-793687? | POC=191.00 | VAL=189.50
2026-01-27 20:16:46,229 [INFO]     Scanning NSE:GAIL-EQ (5min) | Range 10:00-11:00 | Price=159.98 > VAH=159.80? | CVD=-5330138 > Ref=-6018435? | POC=159.40 | VAL=159.40
2026-01-27 20:16:46,357 [INFO]     Scanning NSE:IEX-EQ (5min) | Range 10:00-11:00 | Price=127.55 > VAH=126.30? | CVD=588211 > Ref=-578058? | POC=126.00 | VAL=125.55
2026-01-27 20:16:46,502 [INFO]     Scanning NSE:INOXWIND-EQ (5min) | Range 10:00-11:00 | Price=104.72 > VAH=103.50? | CVD=316640 > Ref=-361103? | POC=102.45 | VAL=102.45
2026-01-27 20:16:46,648 [INFO]     Scanning NSE:NBCC-EQ (5min) | Range 10:00-11:00 | Price=97.45 > VAH=95.70? | CVD=1811104 > Ref=-131276? | POC=95.60 | VAL=95.10
2026-01-27 20:17:46,651 [INFO] 🔍 Scanning for alerts on 33 symbols (5min)...
2026-01-27 20:17:46,796 [INFO]     Scanning NSE:PAGEIND-EQ (5min) | Range 10:00-11:00 | Price=32520.00 > VAH=32535.00? | CVD=-10185 > Ref=-5517? | POC=32400.00 | VAL=32373.00
2026-01-27 20:17:46,894 [INFO]     Scanning NSE:AMBER-EQ (5min) | Range 10:00-11:00 | Price=5510.00 > VAH=5462.10? | CVD=15769 > Ref=-72919? | POC=5455.80 | VAL=5424.30
2026-01-27 20:17:47,003 [INFO]     Scanning NSE:DMART-EQ (5min) | Range 10:00-11:00 | Price=3670.60 > VAH=3673.65? | CVD=-41179 > Ref=-17393? | POC=3673.65 | VAL=3653.70
2026-01-27 20:17:47,108 [INFO]     Scanning NSE:KAYNES-EQ (5min) | Range 10:00-11:00 | Price=3365.00 > VAH=3352.80? | CVD=-49225 > Ref=-99761? | POC=3300.00 | VAL=3293.40
2026-01-27 20:17:47,252 [INFO]     Scanning NSE:TIINDIA-EQ (5min) | Range 10:00-11:00 | Price=2189.30 > VAH=2202.50? | CVD=26527 > Ref=-12820? | POC=2182.50 | VAL=2182.50
2026-01-27 20:17:47,395 [INFO]     Scanning NSE:MANKIND-EQ (5min) | Range 10:00-11:00 | Price=2094.20 > VAH=2089.30? | CVD=-541 > Ref=-6643? | POC=2084.20 | VAL=2079.10
2026-01-27 20:17:47,526 [INFO]     Scanning NSE:PHOENIXLTD-EQ (5min) | Range 10:00-11:00 | Price=1728.30 > VAH=1719.30? | CVD=-80030 > Ref=-34531? | POC=1717.65 | VAL=1714.35
2026-01-27 20:17:49,446 [INFO]     Scanning NSE:BLUESTARCO-EQ (5min) | Range 10:00-11:00 | Price=1667.50 > VAH=1694.00? | CVD=20190 > Ref=-376? | POC=1694.00 | VAL=1669.25
2026-01-27 20:17:49,551 [INFO]     Scanning NSE:GODREJPROP-EQ (5min) | Range 10:00-11:00 | Price=1523.00 > VAH=1510.60? | CVD=31991 > Ref=-135620? | POC=1509.30 | VAL=1505.40
2026-01-27 20:17:49,704 [INFO]     Scanning NSE:RELIANCE-EQ (5min) | Range 10:00-11:00 | Price=1380.50 > VAH=1389.15? | CVD=-2579601 > Ref=-641011? | POC=1382.40 | VAL=1379.70
2026-01-27 20:17:49,842 [INFO]     Scanning NSE:CDSL-EQ (5min) | Range 10:00-11:00 | Price=1322.10 > VAH=1339.80? | CVD=17374 > Ref=-118146? | POC=1335.60 | VAL=1325.10
2026-01-27 20:17:49,984 [INFO]     Scanning NSE:NUVAMA-EQ (5min) | Range 10:00-11:00 | Price=1265.20 > VAH=1286.50? | CVD=-47431 > Ref=-99447? | POC=1283.40 | VAL=1264.80
2026-01-27 20:17:50,092 [INFO]     Scanning NSE:PAYTM-EQ (5min) | Range 10:00-11:00 | Price=1144.80 > VAH=1152.20? | CVD=-147857 > Ref=-376853? | POC=1150.80 | VAL=1141.00
2026-01-27 20:17:50,235 [INFO]     Scanning NSE:KPITTECH-EQ (5min) | Range 10:00-11:00 | Price=1104.40 > VAH=1112.15? | CVD=143007 > Ref=-5012? | POC=1110.70 | VAL=1100.55
2026-01-27 20:17:50,352 [INFO]     Scanning NSE:LODHA-EQ (5min) | Range 10:00-11:00 | Price=907.20 > VAH=883.50? | CVD=811014 > Ref=-321851? | POC=872.65 | VAL=872.65
2026-01-27 20:17:50,466 [INFO]     Scanning NSE:HDFCLIFE-EQ (5min) | Range 10:00-11:00 | Price=720.05 > VAH=713.65? | CVD=144690 > Ref=-254395? | POC=712.95 | VAL=712.25
2026-01-27 20:17:50,581 [INFO]     Scanning NSE:TATATECH-EQ (5min) | Range 10:00-11:00 | Price=651.40 > VAH=655.20? | CVD=-131152 > Ref=-102300? | POC=648.90 | VAL=648.90
2026-01-27 20:17:50,696 [INFO]     Scanning NSE:INDHOTEL-EQ (5min) | Range 10:00-11:00 | Price=651.35 > VAH=642.00? | CVD=-638255 > Ref=-151910? | POC=641.00 | VAL=638.00
2026-01-27 20:17:50,834 [INFO]     Scanning NSE:ICICIPRULI-EQ (5min) | Range 10:00-11:00 | Price=643.85 > VAH=642.40? | CVD=7909 > Ref=-32300? | POC=640.00 | VAL=636.00
2026-01-27 20:17:50,979 [INFO]     Scanning NSE:IRCTC-EQ (5min) | Range 10:00-11:00 | Price=607.50 > VAH=613.90? | CVD=82049 > Ref=-119175? | POC=613.20 | VAL=609.00
2026-01-27 20:17:51,123 [INFO]     Scanning NSE:CGPOWER-EQ (5min) | Range 10:00-11:00 | Price=530.65 > VAH=546.40? | CVD=1311740 > Ref=-59425? | POC=546.00 | VAL=544.80
2026-01-27 20:17:51,246 [INFO]     Scanning NSE:LICHSGFIN-EQ (5min) | Range 10:00-11:00 | Price=510.05 > VAH=506.40? | CVD=244498 > Ref=-6912? | POC=506.00 | VAL=503.60
2026-01-27 20:17:51,391 [INFO]     Scanning NSE:CONCOR-EQ (5min) | Range 10:00-11:00 | Price=485.35 > VAH=480.90? | CVD=196826 > Ref=-60165? | POC=480.30 | VAL=478.50
2026-01-27 20:17:51,488 [INFO]     Scanning NSE:EXIDEIND-EQ (5min) | Range 10:00-11:00 | Price=323.25 > VAH=324.80? | CVD=-95970 > Ref=-124832? | POC=324.40 | VAL=321.60
2026-01-27 20:17:51,602 [INFO]     Scanning NSE:LTF-EQ (5min) | Range 10:00-11:00 | Price=285.25 > VAH=287.55? | CVD=98754 > Ref=-412578? | POC=285.30 | VAL=283.95
2026-01-27 20:17:51,743 [INFO]     Scanning NSE:NYKAA-EQ (5min) | Range 10:00-11:00 | Price=236.50 > VAH=236.40? | CVD=454392 > Ref=-161956? | POC=236.20 | VAL=234.80
2026-01-27 20:17:51,871 [INFO]     Scanning NSE:WIPRO-EQ (5min) | Range 10:00-11:00 | Price=234.80 > VAH=233.80? | CVD=1658999 > Ref=-1053132? | POC=233.40 | VAL=232.20
2026-01-27 20:17:52,004 [INFO]     Scanning NSE:HUDCO-EQ (5min) | Range 10:00-11:00 | Price=198.13 > VAH=197.00? | CVD=417572 > Ref=-246890? | POC=196.80 | VAL=195.60
2026-01-27 20:17:52,191 [INFO]     Scanning NSE:ASHOKLEY-EQ (5min) | Range 10:00-11:00 | Price=193.00 > VAH=191.25? | CVD=1255126 > Ref=-793687? | POC=191.00 | VAL=189.50
2026-01-27 20:17:52,304 [INFO]     Scanning NSE:GAIL-EQ (5min) | Range 10:00-11:00 | Price=159.98 > VAH=159.80? | CVD=-5330138 > Ref=-6018435? | POC=159.40 | VAL=159.40
2026-01-27 20:17:52,451 [INFO]     Scanning NSE:IEX-EQ (5min) | Range 10:00-11:00 | Price=127.55 > VAH=126.30? | CVD=588211 > Ref=-578058? | POC=126.00 | VAL=125.55
2026-01-27 20:17:52,552 [INFO]     Scanning NSE:INOXWIND-EQ (5min) | Range 10:00-11:00 | Price=104.72 > VAH=103.50? | CVD=316640 > Ref=-361103? | POC=102.45 | VAL=102.45
2026-01-27 20:17:52,693 [INFO]     Scanning NSE:NBCC-EQ (5min) | Range 10:00-11:00 | Price=97.45 > VAH=95.70? | CVD=1811104 > Ref=-131276? | POC=95.60 | VAL=95.10
2026-01-27 20:18:52,694 [INFO] 🔍 Scanning for alerts on 33 symbols (5min)...
2026-01-27 20:18:52,842 [INFO]     Scanning NSE:PAGEIND-EQ (5min) | Range 10:00-11:00 | Price=32520.00 > VAH=32535.00? | CVD=-10185 > Ref=-5517? | POC=32400.00 | VAL=32373.00
2026-01-27 20:18:53,010 [INFO]     Scanning NSE:AMBER-EQ (5min) | Range 10:00-11:00 | Price=5510.00 > VAH=5462.10? | CVD=15769 > Ref=-72919? | POC=5455.80 | VAL=5424.30
2026-01-27 20:18:53,133 [INFO]     Scanning NSE:DMART-EQ (5min) | Range 10:00-11:00 | Price=3670.60 > VAH=3673.65? | CVD=-41179 > Ref=-17393? | POC=3673.65 | VAL=3653.70
2026-01-27 20:18:53,263 [INFO]     Scanning NSE:KAYNES-EQ (5min) | Range 10:00-11:00 | Price=3365.00 > VAH=3352.80? | CVD=-49225 > Ref=-99761? | POC=3300.00 | VAL=3293.40
2026-01-27 20:18:53,395 [INFO]     Scanning NSE:TIINDIA-EQ (5min) | Range 10:00-11:00 | Price=2189.30 > VAH=2202.50? | CVD=26527 > Ref=-12820? | POC=2182.50 | VAL=2182.50
2026-01-27 20:18:53,559 [INFO]     Scanning NSE:MANKIND-EQ (5min) | Range 10:00-11:00 | Price=2094.20 > VAH=2089.30? | CVD=-541 > Ref=-6643? | POC=2084.20 | VAL=2079.10
2026-01-27 20:18:55,138 [INFO]     Scanning NSE:PHOENIXLTD-EQ (5min) | Range 10:00-11:00 | Price=1728.30 > VAH=1719.30? | CVD=-80030 > Ref=-34531? | POC=1717.65 | VAL=1714.35
2026-01-27 20:18:55,281 [INFO]     Scanning NSE:BLUESTARCO-EQ (5min) | Range 10:00-11:00 | Price=1667.50 > VAH=1694.00? | CVD=20190 > Ref=-376? | POC=1694.00 | VAL=1669.25
2026-01-27 20:18:55,528 [INFO]     Scanning NSE:GODREJPROP-EQ (5min) | Range 10:00-11:00 | Price=1523.00 > VAH=1510.60? | CVD=31991 > Ref=-135620? | POC=1509.30 | VAL=1505.40
2026-01-27 20:18:55,771 [INFO]     Scanning NSE:RELIANCE-EQ (5min) | Range 10:00-11:00 | Price=1380.50 > VAH=1389.15? | CVD=-2579601 > Ref=-641011? | POC=1382.40 | VAL=1379.70
2026-01-27 20:18:55,921 [INFO]     Scanning NSE:CDSL-EQ (5min) | Range 10:00-11:00 | Price=1322.10 > VAH=1339.80? | CVD=17374 > Ref=-118146? | POC=1335.60 | VAL=1325.10
2026-01-27 20:18:56,071 [INFO]     Scanning NSE:NUVAMA-EQ (5min) | Range 10:00-11:00 | Price=1265.20 > VAH=1286.50? | CVD=-47431 > Ref=-99447? | POC=1283.40 | VAL=1264.80
2026-01-27 20:18:56,241 [INFO]     Scanning NSE:PAYTM-EQ (5min) | Range 10:00-11:00 | Price=1144.80 > VAH=1152.20? | CVD=-147857 > Ref=-376853? | POC=1150.80 | VAL=1141.00
2026-01-27 20:18:56,415 [INFO]     Scanning NSE:KPITTECH-EQ (5min) | Range 10:00-11:00 | Price=1104.40 > VAH=1112.15? | CVD=143007 > Ref=-5012? | POC=1110.70 | VAL=1100.55
2026-01-27 20:18:56,551 [INFO]     Scanning NSE:LODHA-EQ (5min) | Range 10:00-11:00 | Price=907.20 > VAH=883.50? | CVD=811014 > Ref=-321851? | POC=872.65 | VAL=872.65
2026-01-27 20:18:56,661 [INFO]     Scanning NSE:HDFCLIFE-EQ (5min) | Range 10:00-11:00 | Price=720.05 > VAH=713.65? | CVD=144690 > Ref=-254395? | POC=712.95 | VAL=712.25
2026-01-27 20:18:56,829 [INFO]     Scanning NSE:TATATECH-EQ (5min) | Range 10:00-11:00 | Price=651.40 > VAH=655.20? | CVD=-131152 > Ref=-102300? | POC=648.90 | VAL=648.90
2026-01-27 20:18:56,999 [INFO]     Scanning NSE:INDHOTEL-EQ (5min) | Range 10:00-11:00 | Price=651.35 > VAH=642.00? | CVD=-638255 > Ref=-151910? | POC=641.00 | VAL=638.00
2026-01-27 20:18:57,144 [INFO]     Scanning NSE:ICICIPRULI-EQ (5min) | Range 10:00-11:00 | Price=643.85 > VAH=642.40? | CVD=7909 > Ref=-32300? | POC=640.00 | VAL=636.00
2026-01-27 20:18:57,304 [INFO]     Scanning NSE:IRCTC-EQ (5min) | Range 10:00-11:00 | Price=607.50 > VAH=613.90? | CVD=82049 > Ref=-119175? | POC=613.20 | VAL=609.00
2026-01-27 20:18:57,507 [INFO]     Scanning NSE:CGPOWER-EQ (5min) | Range 10:00-11:00 | Price=530.65 > VAH=546.40? | CVD=1311740 > Ref=-59425? | POC=546.00 | VAL=544.80
2026-01-27 20:18:57,641 [INFO]     Scanning NSE:LICHSGFIN-EQ (5min) | Range 10:00-11:00 | Price=510.05 > VAH=506.40? | CVD=244498 > Ref=-6912? | POC=506.00 | VAL=503.60
2026-01-27 20:18:57,803 [INFO]     Scanning NSE:CONCOR-EQ (5min) | Range 10:00-11:00 | Price=485.35 > VAH=480.90? | CVD=196826 > Ref=-60165? | POC=480.30 | VAL=478.50
2026-01-27 20:18:57,951 [INFO]     Scanning NSE:EXIDEIND-EQ (5min) | Range 10:00-11:00 | Price=323.25 > VAH=324.80? | CVD=-95970 > Ref=-124832? | POC=324.40 | VAL=321.60
2026-01-27 20:18:58,119 [INFO]     Scanning NSE:LTF-EQ (5min) | Range 10:00-11:00 | Price=285.25 > VAH=287.55? | CVD=98754 > Ref=-412578? | POC=285.30 | VAL=283.95
2026-01-27 20:18:58,281 [INFO]     Scanning NSE:NYKAA-EQ (5min) | Range 10:00-11:00 | Price=236.50 > VAH=236.40? | CVD=454392 > Ref=-161956? | POC=236.20 | VAL=234.80
2026-01-27 20:18:58,418 [INFO]     Scanning NSE:WIPRO-EQ (5min) | Range 10:00-11:00 | Price=234.80 > VAH=233.80? | CVD=1658999 > Ref=-1053132? | POC=233.40 | VAL=232.20
2026-01-27 20:18:58,522 [INFO]     Scanning NSE:HUDCO-EQ (5min) | Range 10:00-11:00 | Price=198.13 > VAH=197.00? | CVD=417572 > Ref=-246890? | POC=196.80 | VAL=195.60
2026-01-27 20:18:58,726 [INFO]     Scanning NSE:ASHOKLEY-EQ (5min) | Range 10:00-11:00 | Price=193.00 > VAH=191.25? | CVD=1255126 > Ref=-793687? | POC=191.00 | VAL=189.50
2026-01-27 20:18:58,836 [INFO]     Scanning NSE:GAIL-EQ (5min) | Range 10:00-11:00 | Price=159.98 > VAH=159.80? | CVD=-5330138 > Ref=-6018435? | POC=159.40 | VAL=159.40
2026-01-27 20:18:58,992 [INFO]     Scanning NSE:IEX-EQ (5min) | Range 10:00-11:00 | Price=127.55 > VAH=126.30? | CVD=588211 > Ref=-578058? | POC=126.00 | VAL=125.55
2026-01-27 20:18:59,150 [INFO]     Scanning NSE:INOXWIND-EQ (5min) | Range 10:00-11:00 | Price=104.72 > VAH=103.50? | CVD=316640 > Ref=-361103? | POC=102.45 | VAL=102.45
2026-01-27 20:18:59,253 [INFO]     Scanning NSE:NBCC-EQ (5min) | Range 10:00-11:00 | Price=97.45 > VAH=95.70? | CVD=1811104 > Ref=-131276? | POC=95.60 | VAL=95.10
2026-01-27 20:19:59,254 [INFO] 🔍 Scanning for alerts on 33 symbols (5min)...
2026-01-27 20:19:59,395 [INFO]     Scanning NSE:PAGEIND-EQ (5min) | Range 10:00-11:00 | Price=32520.00 > VAH=32535.00? | CVD=-10185 > Ref=-5517? | POC=32400.00 | VAL=32373.00
2026-01-27 20:19:59,540 [INFO]     Scanning NSE:AMBER-EQ (5min) | Range 10:00-11:00 | Price=5510.00 > VAH=5462.10? | CVD=15769 > Ref=-72919? | POC=5455.80 | VAL=5424.30
2026-01-27 20:19:59,712 [INFO]     Scanning NSE:DMART-EQ (5min) | Range 10:00-11:00 | Price=3670.60 > VAH=3673.65? | CVD=-41179 > Ref=-17393? | POC=3673.65 | VAL=3653.70
2026-01-27 20:19:59,854 [INFO]     Scanning NSE:KAYNES-EQ (5min) | Range 10:00-11:00 | Price=3365.00 > VAH=3352.80? | CVD=-49225 > Ref=-99761? | POC=3300.00 | VAL=3293.40
2026-01-27 20:20:00,029 [INFO]     Scanning NSE:TIINDIA-EQ (5min) | Range 10:00-11:00 | Price=2189.30 > VAH=2202.50? | CVD=26527 > Ref=-12820? | POC=2182.50 | VAL=2182.50
2026-01-27 20:20:00,148 [INFO]     Scanning NSE:MANKIND-EQ (5min) | Range 10:00-11:00 | Price=2094.20 > VAH=2089.30? | CVD=-541 > Ref=-6643? | POC=2084.20 | VAL=2079.10
2026-01-27 20:20:00,295 [INFO]     Scanning NSE:PHOENIXLTD-EQ (5min) | Range 10:00-11:00 | Price=1728.30 > VAH=1719.30? | CVD=-80030 > Ref=-34531? | POC=1717.65 | VAL=1714.35
2026-01-27 20:20:00,474 [INFO]     Scanning NSE:BLUESTARCO-EQ (5min) | Range 10:00-11:00 | Price=1667.50 > VAH=1694.00? | CVD=20190 > Ref=-376? | POC=1694.00 | VAL=1669.25
2026-01-27 20:20:02,481 [INFO]     Scanning NSE:GODREJPROP-EQ (5min) | Range 10:00-11:00 | Price=1523.00 > VAH=1510.60? | CVD=31991 > Ref=-135620? | POC=1509.30 | VAL=1505.40
2026-01-27 20:20:02,670 [INFO]     Scanning NSE:RELIANCE-EQ (5min) | Range 10:00-11:00 | Price=1380.50 > VAH=1389.15? | CVD=-2579601 > Ref=-641011? | POC=1382.40 | VAL=1379.70
2026-01-27 20:20:02,835 [INFO]     Scanning NSE:CDSL-EQ (5min) | Range 10:00-11:00 | Price=1322.10 > VAH=1339.80? | CVD=17374 > Ref=-118146? | POC=1335.60 | VAL=1325.10
2026-01-27 20:20:02,949 [INFO]     Scanning NSE:NUVAMA-EQ (5min) | Range 10:00-11:00 | Price=1265.20 > VAH=1286.50? | CVD=-47431 > Ref=-99447? | POC=1283.40 | VAL=1264.80
2026-01-27 20:20:03,088 [INFO]     Scanning NSE:PAYTM-EQ (5min) | Range 10:00-11:00 | Price=1144.80 > VAH=1152.20? | CVD=-147857 > Ref=-376853? | POC=1150.80 | VAL=1141.00
2026-01-27 20:20:03,230 [INFO]     Scanning NSE:KPITTECH-EQ (5min) | Range 10:00-11:00 | Price=1104.40 > VAH=1112.15? | CVD=143007 > Ref=-5012? | POC=1110.70 | VAL=1100.55
2026-01-27 20:20:03,361 [INFO]     Scanning NSE:LODHA-EQ (5min) | Range 10:00-11:00 | Price=907.20 > VAH=883.50? | CVD=811014 > Ref=-321851? | POC=872.65 | VAL=872.65
2026-01-27 20:20:03,467 [INFO]     Scanning NSE:HDFCLIFE-EQ (5min) | Range 10:00-11:00 | Price=720.05 > VAH=713.65? | CVD=144690 > Ref=-254395? | POC=712.95 | VAL=712.25
2026-01-27 20:20:03,600 [INFO]     Scanning NSE:TATATECH-EQ (5min) | Range 10:00-11:00 | Price=651.40 > VAH=655.20? | CVD=-131152 > Ref=-102300? | POC=648.90 | VAL=648.90
2026-01-27 20:20:03,736 [INFO]     Scanning NSE:INDHOTEL-EQ (5min) | Range 10:00-11:00 | Price=651.35 > VAH=642.00? | CVD=-638255 > Ref=-151910? | POC=641.00 | VAL=638.00
2026-01-27 20:20:03,894 [INFO]     Scanning NSE:ICICIPRULI-EQ (5min) | Range 10:00-11:00 | Price=643.85 > VAH=642.40? | CVD=7909 > Ref=-32300? | POC=640.00 | VAL=636.00
2026-01-27 20:20:04,075 [INFO]     Scanning NSE:IRCTC-EQ (5min) | Range 10:00-11:00 | Price=607.50 > VAH=613.90? | CVD=82049 > Ref=-119175? | POC=613.20 | VAL=609.00
2026-01-27 20:20:04,236 [INFO]     Scanning NSE:CGPOWER-EQ (5min) | Range 10:00-11:00 | Price=530.65 > VAH=546.40? | CVD=1311740 > Ref=-59425? | POC=546.00 | VAL=544.80
2026-01-27 20:20:04,399 [INFO]     Scanning NSE:LICHSGFIN-EQ (5min) | Range 10:00-11:00 | Price=510.05 > VAH=506.40? | CVD=244498 > Ref=-6912? | POC=506.00 | VAL=503.60
2026-01-27 20:20:04,542 [INFO]     Scanning NSE:CONCOR-EQ (5min) | Range 10:00-11:00 | Price=485.35 > VAH=480.90? | CVD=196826 > Ref=-60165? | POC=480.30 | VAL=478.50
2026-01-27 20:20:04,698 [INFO]     Scanning NSE:EXIDEIND-EQ (5min) | Range 10:00-11:00 | Price=323.25 > VAH=324.80? | CVD=-95970 > Ref=-124832? | POC=324.40 | VAL=321.60
2026-01-27 20:20:04,844 [INFO]     Scanning NSE:LTF-EQ (5min) | Range 10:00-11:00 | Price=285.25 > VAH=287.55? | CVD=98754 > Ref=-412578? | POC=285.30 | VAL=283.95
2026-01-27 20:20:05,013 [INFO]     Scanning NSE:NYKAA-EQ (5min) | Range 10:00-11:00 | Price=236.50 > VAH=236.40? | CVD=454392 > Ref=-161956? | POC=236.20 | VAL=234.80
2026-01-27 20:20:05,158 [INFO]     Scanning NSE:WIPRO-EQ (5min) | Range 10:00-11:00 | Price=234.80 > VAH=233.80? | CVD=1658999 > Ref=-1053132? | POC=233.40 | VAL=232.20
2026-01-27 20:20:05,319 [INFO]     Scanning NSE:HUDCO-EQ (5min) | Range 10:00-11:00 | Price=198.13 > VAH=197.00? | CVD=417572 > Ref=-246890? | POC=196.80 | VAL=195.60
2026-01-27 20:20:05,591 [INFO]     Scanning NSE:ASHOKLEY-EQ (5min) | Range 10:00-11:00 | Price=193.00 > VAH=191.25? | CVD=1255126 > Ref=-793687? | POC=191.00 | VAL=189.50
2026-01-27 20:20:05,735 [INFO]     Scanning NSE:GAIL-EQ (5min) | Range 10:00-11:00 | Price=159.98 > VAH=159.80? | CVD=-5330138 > Ref=-6018435? | POC=159.40 | VAL=159.40
2026-01-27 20:20:05,886 [INFO]     Scanning NSE:IEX-EQ (5min) | Range 10:00-11:00 | Price=127.55 > VAH=126.30? | CVD=588211 > Ref=-578058? | POC=126.00 | VAL=125.55
2026-01-27 20:20:06,004 [INFO]     Scanning NSE:INOXWIND-EQ (5min) | Range 10:00-11:00 | Price=104.72 > VAH=103.50? | CVD=316640 > Ref=-361103? | POC=102.45 | VAL=102.45
2026-01-27 20:20:06,170 [INFO]     Scanning NSE:NBCC-EQ (5min) | Range 10:00-11:00 | Price=97.45 > VAH=95.70? | CVD=1811104 > Ref=-131276? | POC=95.60 | VAL=95.10
2026-01-27 20:20:51,022 [INFO] 👋 Monitoring stopped by user.
